country,date,sudden-onset environmental disasterNorm,environmental cooperationNorm,environmental government initiativesNorm,environmental securityNorm,environmental -999Norm,environmental arrestNorm,human-induced disasterNorm,displacementNorm,-999Norm,environmental legal actionNorm,environmental opinionNorm,slow-onset environmental disasterNorm,environmental corruptionNorm,environmental crimeNorm,environmental legal changeNorm,environmental activismNorm,environmental corporate initiativesNorm,lethal environmental violenceNorm,environmental protestsNorm,nonlethal environmental violenceNorm
Ethiopia,2012-01-01,0,0,0,0,0,0,0,1,0,0,0,0,0,0,0,0,0,0,0,0
Ethiopia,2012-02-01,0,0,0,0,0,0,0,0,1,0,0,0,0,0,1,0,0,0,0,0
Ethiopia,2012-03-01,0,0,0,0,0,0,0,0,0,0,0,0,0,0,0,0,0,0,0,0
Ethiopia,2012-04-01,0,0,0,0,0,0,0,0,0,0,0,0,0,0,0,0,0,0,0,0
Ethiopia,2012-05-01,0,0,0,0,0,0,0,0,0,0,0,0,0,0,0,0,0,0,0,0
Ethiopia,2012-06-01,0,0,0,0,0,0,0,0,0,0,0,0,0,0,0,0,0,0,0,0
Ethiopia,2012-07-01,0,0,0,0,0,0,0,0,0,0,0,0,0,0,0,0,0,0,0,0
Ethiopia,2012-08-01,0,0,0,0,0,0,0,1,0,0,0,0,0,0,0,0,0,0,0,0
Ethiopia,2012-09-01,0,0,1,0,0,0,1,0,0,0,1,0,0,0,0,0,0,0,0,0
Ethiopia,2012-10-01,0,0,0,0,0,0,0,0,0,0,0,0,0,0,0,0,0,0,0,0
Ethiopia,2012-11-01,0,0,0,0,0,0,0,0,0,0,0,1,0,0,0,0,0,0,0,0
Ethiopia,2012-12-01,0,0,0,0,0,0,0,0,0,0,0,0,0,0,0,0,0,0,0,0
Ethiopia,2013-01-01,0,0,0,0,0,0,0,0,0,0,0,0,0,0,0,0,0,0,0,0
Ethiopia,2013-02-01,0,0,0,0,0,0,0,0,0,0,0,0,0,0,0,0,0,0,0,0
Ethiopia,2013-03-01,0,0,0,0,0,0,0,0,0,0,0,0,0,0,0,0,0,0,0,0
Ethiopia,2013-04-01,0,0,0,0,0,0,0,0,0,0,0,0,0,0,0,0,0,0,0,0
Ethiopia,2013-05-01,0,0,0,0,0,0,0,0,0,0,0,0,0,0,0,0,0,0,0,0
Ethiopia,2013-06-01,0,0,0,0,0,0,0,0,0,0,0,0,0,0,0,0,0,0,0,1
Ethiopia,2013-07-01,0,0,0,0,0,0,0,0,0,1,0,0,0,0,1,0,0,0,0,0
Ethiopia,2013-08-01,0,0,1,0,0,0,0,0,0,0,0,1,0,0,0,0,1,0,0,0
Ethiopia,2013-09-01,0,0,0,0,0,0,0,0,0,0,0,0,0,0,0,0,0,0,0,0
Ethiopia,2013-10-01,0,0,0,0,1,0,0,0,0,1,0,0,0,0,0,0,0,0,0,0
Ethiopia,2013-11-01,0,1,0,0,0,0,0,0,0,0,0,0,0,0,0,0,0,0,0,0
Ethiopia,2013-12-01,0,0,0,0,0,0,0,0,0,0,0,0,0,0,0,0,0,0,0,0
Ethiopia,2014-01-01,0,0,0,0,0,0,1,0,0,0,0,0,0,0,0,0,0,0,0,0
Ethiopia,2014-02-01,0,0,0,0,0,0,0,0,0,0,0,0,0,0,0,0,0,0,0,0
Ethiopia,2014-03-01,0,0,0,0,0,0,0,1,0,0,1,0,0,0,0,0,0,0,0,0
Ethiopia,2014-04-01,0,0,0,0,0,0,0,0,0,0,0,0,0,0,0,0,0,0,0,0
Ethiopia,2014-05-01,0,0,0,0,0,0,1,0,0,0,0,0,0,0,0,0,0,0,0,0
Ethiopia,2014-06-01,0,0,0,0,0,0,0,0,0,0,0,0,0,0,0,0,0,0,0,0
Ethiopia,2014-07-01,0,0,0,0,0,0,0,0,0,0,0,0,0,0,0,0,0,0,0,0
Ethiopia,2014-08-01,0,0,1,0,0,0,0,0,0,0,0,0,0,0,0,0,0,0,0,0
Ethiopia,2014-09-01,0,1,0,0,0,0,0,0,0,0,0,0,0,0,0,0,0,0,1,0
Ethiopia,2014-10-01,0,0,0,0,0,0,0,0,1,0,0,0,0,0,0,0,0,0,0,0
Ethiopia,2014-11-01,0,0,0,0,0,0,0,0,0,0,0,0,0,1,0,0,0,0,0,0
Ethiopia,2014-12-01,0,0,0,0,0,0,0,0,0,0,0,0,0,0,0,0,1,0,0,0
Ethiopia,2015-01-01,0,0,0,0,0,0,0,0,0,0,0,0,0,0,0,1,0,0,1,0
Ethiopia,2015-02-01,0,0,0,0,0,0,0,0,0,0,0,0,1,0,0,0,0,0,0,0
Ethiopia,2015-03-01,0,1,0,0,0,0,1,0,0,0,0,0,0,1,0,0,0,0,0,0
Ethiopia,2015-04-01,0,0,0,0,0,0,0,0,0,0,0,0,0,0,0,0,0,0,0,0
Ethiopia,2015-05-01,0,0,1,0,1,0,0,0,0,0,0,0,1,0,0,0,0,0,0,0
Ethiopia,2015-06-01,0,0,0,0,0,0,0,0,0,0,0,0,0,0,0,0,0,0,0,0
Ethiopia,2015-07-01,0,0,0,0,0,0,0,0,0,0,0,0,0,0,0,0,0,0,0,0
Ethiopia,2015-08-01,1,0,0,0,0,0,0,0,0,0,0,0,0,0,0,0,0,0,0,0
Ethiopia,2015-09-01,1,0,0,0,0,0,0,0,0,0,1,0,0,0,0,0,0,0,0,0
Ethiopia,2015-10-01,0,0,0,0,0,0,0,1,0,0,0,1,0,0,0,0,0,0,0,0
Ethiopia,2015-11-01,0,0,0,0,0,0,0,1,1,0,0,1,0,0,0,0,1,0,0,0
Ethiopia,2015-12-01,0,0,0,0,0,0,1,0,1,0,0,0,0,0,0,0,0,0,1,0
Ethiopia,2016-01-01,0,0,0,0,0,0,0,0,0,0,0,0,0,0,0,0,0,0,0,0
Ethiopia,2016-02-01,0,0,1,0,0,0,0,0,1,0,0,0,0,0,0,0,1,0,1,0
Ethiopia,2016-03-01,0,1,0,1,0,0,0,0,0,0,0,1,0,0,0,1,0,0,0,0
Ethiopia,2016-04-01,0,0,0,0,0,0,0,0,0,0,0,0,0,0,0,0,0,0,0,0
Ethiopia,2016-05-01,0,0,0,0,0,0,0,1,0,0,0,0,0,0,0,0,0,0,0,0
Ethiopia,2016-06-01,0,0,0,0,0,0,0,0,0,0,0,0,0,0,0,0,0,0,0,0
Ethiopia,2016-07-01,0,0,0,0,0,0,0,1,0,0,0,0,1,0,1,0,0,0,0,0
Ethiopia,2016-08-01,0,0,0,0,0,0,0,0,0,0,0,0,0,0,0,0,0,0,0,0
Ethiopia,2016-09-01,0,0,0,0,0,0,0,0,0,0,0,0,0,0,0,0,0,0,0,0
Ethiopia,2016-10-01,0,0,0,0,0,0,0,0,0,0,0,0,0,0,0,0,0,0,0,0
Ethiopia,2016-11-01,0,0,0,0,0,0,0,0,0,1,0,0,0,0,0,0,1,0,0,0
Ethiopia,2016-12-01,0,0,0,0,0,0,0,0,0,0,0,0,0,1,0,0,0,0,0,0
Ethiopia,2017-01-01,0,0,0,0,0,0,0,0,0,0,0,0,0,0,0,0,0,0,0,0
Ethiopia,2017-02-01,0,0,0,0,0,0,0,0,0,0,1,0,0,0,0,0,0,0,1,0
Ethiopia,2017-03-01,1,0,0,0,0,0,1,0,0,1,0,0,1,0,0,0,0,0,0,0
Ethiopia,2017-04-01,0,0,0,0,0,0,0,0,0,0,0,0,0,0,0,0,0,0,0,0
Ethiopia,2017-05-01,0,0,0,0,0,0,0,0,0,0,0,0,0,0,1,0,0,0,0,0
Ethiopia,2017-06-01,0,0,0,0,0,0,0,0,0,0,0,1,0,1,0,0,1,0,0,0
Ethiopia,2017-07-01,0,0,0,0,0,0,0,0,0,0,0,0,0,0,0,0,0,0,0,0
Ethiopia,2017-08-01,0,0,0,0,0,0,0,0,0,0,0,1,0,0,1,0,0,1,0,0
Ethiopia,2017-09-01,0,0,0,0,1,1,0,0,0,0,0,0,1,0,0,0,0,0,0,0
Ethiopia,2017-10-01,0,0,0,0,0,0,0,1,0,0,0,0,0,0,0,0,0,0,0,0
Ethiopia,2017-11-01,0,0,0,0,0,0,0,0,0,0,0,0,0,0,1,0,0,0,0,0
Ethiopia,2017-12-01,0,0,0,0,0,0,0,0,0,0,0,0,0,0,0,0,1,0,0,0
Ethiopia,2018-01-01,0,0,0,0,0,0,0,0,0,0,0,0,0,0,0,0,0,0,0,1
Ethiopia,2018-02-01,0,0,0,0,0,0,0,0,0,0,0,0,0,0,0,0,0,0,0,0
Ethiopia,2018-03-01,0,1,0,0,0,0,0,0,0,0,0,0,0,0,0,1,0,0,0,0
Ethiopia,2018-04-01,0,0,0,0,0,0,0,0,0,0,0,0,0,0,0,0,0,0,0,0
Ethiopia,2018-05-01,0,0,0,0,0,0,1,0,0,1,0,0,0,0,0,0,0,0,1,0
Ethiopia,2018-06-01,0,0,0,0,0,0,0,0,0,0,0,0,0,0,0,0,0,0,0,0
Ethiopia,2018-07-01,0,0,0,0,0,0,1,0,0,0,0,0,0,0,0,1,0,0,0,0
Ethiopia,2018-08-01,1,0,0,0,0,0,0,0,1,0,0,0,0,0,0,0,0,0,0,0
Ethiopia,2018-09-01,0,0,0,0,0,0,0,0,0,0,0,0,0,0,0,0,0,1,0,1
Ethiopia,2018-10-01,0,0,1,0,0,1,0,0,0,0,0,0,0,0,0,0,0,0,0,0
Ethiopia,2018-11-01,0,0,0,0,0,0,0,0,0,0,0,0,0,0,0,0,0,0,0,0
Ethiopia,2018-12-01,0,0,0,0,0,0,0,0,0,0,0,0,0,0,0,0,0,0,0,0
Ethiopia,2019-01-01,0,0,0,0,0,1,0,0,0,0,0,0,1,0,0,0,0,0,0,0
Ethiopia,2019-02-01,0,0,1,0,0,0,0,0,0,0,1,0,0,0,0,0,0,0,0,0
Ethiopia,2019-03-01,0,0,0,0,0,0,0,0,0,0,0,0,0,0,0,0,0,0,0,0
Ethiopia,2019-04-01,0,0,1,0,0,0,0,0,0,0,0,0,0,0,0,0,0,1,0,0
Ethiopia,2019-05-01,0,0,0,0,0,0,0,1,0,1,0,0,1,0,0,0,0,0,0,1
Ethiopia,2019-06-01,0,0,0,0,0,0,0,0,0,1,0,0,0,1,0,0,0,0,0,0
Ethiopia,2019-07-01,0,0,0,0,1,0,0,0,0,0,0,0,0,0,1,0,0,0,0,0
Ethiopia,2019-08-01,0,1,0,0,1,0,0,0,0,0,0,0,0,0,1,0,0,0,0,0
Ethiopia,2019-09-01,0,1,0,0,0,0,0,0,0,0,0,0,0,0,0,0,0,0,0,0
Ethiopia,2019-10-01,0,0,0,0,0,0,0,0,0,0,0,1,1,0,0,0,0,0,0,0
Ethiopia,2019-11-01,0,0,0,0,0,0,0,0,0,0,0,0,0,0,0,0,1,0,0,0
Ethiopia,2019-12-01,0,0,0,0,0,0,0,0,0,0,0,0,0,0,0,0,1,0,0,0
Ethiopia,2020-01-01,0,0,0,1,0,0,0,0,0,0,0,0,0,0,0,1,0,0,0,0
Ethiopia,2020-02-01,0,1,0,1,0,0,0,0,1,0,0,0,0,0,0,0,0,1,0,0
Ethiopia,2020-03-01,0,0,0,0,0,0,0,0,0,0,0,0,0,0,0,0,0,0,0,0
Ethiopia,2020-04-01,0,0,0,0,0,0,0,0,0,0,0,0,0,0,0,0,0,0,0,0
Ethiopia,2020-05-01,0,0,0,0,0,0,0,0,0,0,0,0,0,0,0,0,0,0,0,0
Ethiopia,2020-06-01,0,0,1,0,0,0,0,0,0,0,0,0,0,1,0,0,0,1,1,0
Ethiopia,2020-07-01,0,0,0,0,0,0,1,0,0,0,0,0,0,0,0,0,0,0,0,0
Ethiopia,2020-08-01,0,0,0,0,0,0,0,0,0,1,0,1,0,0,0,0,0,0,0,0
Ethiopia,2020-09-01,1,0,0,0,0,1,0,0,0,1,0,0,1,0,0,0,0,0,0,0
Ethiopia,2020-10-01,0,0,0,0,0,0,0,0,0,0,0,0,0,0,0,0,0,0,0,0
Ethiopia,2020-11-01,0,0,0,0,0,0,0,0,0,0,0,0,0,0,0,0,0,0,0,0
Ethiopia,2020-12-01,0,0,0,0,0,0,0,0,0,0,0,0,1,0,0,0,1,0,0,0
Ethiopia,2021-01-01,0,0,0,0,0,0,0,0,0,0,0,0,0,0,1,0,0,0,0,0
Ethiopia,2021-02-01,0,0,0,0,0,0,0,0,0,0,0,0,0,1,0,0,0,0,0,1
Ethiopia,2021-03-01,0,0,0,0,0,0,0,0,0,0,0,0,0,0,0,0,0,0,0,1
Ethiopia,2021-04-01,0,0,0,1,0,0,0,0,0,0,0,0,0,0,0,0,0,0,0,0
Ethiopia,2021-05-01,0,0,0,0,0,0,0,1,0,1,0,0,0,0,0,0,0,0,1,1
Ethiopia,2021-06-01,0,0,0,0,0,0,0,0,0,0,0,0,0,0,0,0,0,0,0,0
Ethiopia,2021-07-01,0,0,0,0,0,0,0,0,0,0,0,0,0,0,0,0,0,0,1,0
Ethiopia,2021-08-01,0,0,0,0,0,0,0,0,0,0,0,0,0,0,0,1,0,0,0,0
Ethiopia,2021-09-01,0,0,0,0,1,0,0,0,0,1,1,0,0,0,0,0,0,1,0,0
Ethiopia,2021-10-01,0,0,0,0,0,0,0,0,0,0,0,0,0,0,0,0,0,0,1,0
Ethiopia,2021-11-01,0,0,0,0,0,0,0,0,0,0,0,0,0,0,0,0,0,0,0,0
Ethiopia,2021-12-01,0,0,0,0,0,1,0,0,0,0,0,0,0,0,0,0,0,0,0,0
Ethiopia,2022-01-01,0,0,1,0,0,0,0,0,0,0,0,0,1,0,1,0,0,0,0,0
Ethiopia,2022-02-01,0,0,0,0,0,0,0,0,0,0,0,1,1,0,0,0,0,0,0,0
Ethiopia,2022-03-01,0,0,1,0,0,0,0,0,0,0,0,0,0,1,0,0,0,0,0,0
Ethiopia,2022-04-01,0,0,0,1,0,0,0,0,1,1,0,0,0,0,0,0,0,0,0,0
Ethiopia,2022-05-01,0,0,0,0,0,0,0,1,0,0,0,1,0,0,0,0,0,0,0,0
Ethiopia,2022-06-01,0,1,0,0,0,0,0,0,0,0,0,0,0,0,0,0,0,0,1,0
Ethiopia,2022-07-01,0,0,0,1,0,0,0,0,0,0,0,0,0,0,0,0,0,0,0,0
Ethiopia,2022-08-01,0,0,0,0,0,0,0,1,0,0,0,0,0,0,0,0,0,0,0,1
Ethiopia,2022-09-01,0,0,0,0,0,0,0,0,0,0,1,0,0,0,0,0,0,0,0,1
Ethiopia,2022-10-01,0,0,0,0,0,0,0,0,0,0,0,0,0,0,0,0,0,0,0,0
Ethiopia,2022-11-01,0,0,0,0,0,0,0,0,0,0,0,0,0,0,0,0,0,0,0,0
Ethiopia,2022-12-01,0,0,0,0,0,0,0,0,0,1,0,0,0,0,0,0,0,0,0,0
Ethiopia,2023-01-01,0,0,0,0,0,0,1,0,0,0,0,0,0,0,0,0,0,0,0,0
Ethiopia,2023-02-01,0,0,0,0,0,0,0,0,1,1,0,0,0,0,0,0,0,0,0,0
Ethiopia,2023-03-01,0,0,0,0,0,0,0,0,0,0,0,1,1,0,0,0,0,1,0,0
Ethiopia,2023-04-01,0,0,1,0,0,0,0,0,0,0,0,0,0,0,0,0,0,0,0,0
Ethiopia,2023-05-01,1,0,0,0,0,0,0,1,0,0,0,0,0,0,1,0,0,0,0,0
Ethiopia,2023-06-01,0,0,0,0,0,0,0,0,0,0,0,0,0,0,0,0,0,0,1,0
Ethiopia,2023-07-01,0,0,0,0,0,0,0,0,0,0,0,0,0,0,0,1,0,0,0,0
Ethiopia,2023-08-01,0,0,0,0,0,0,0,0,0,0,0,0,0,0,0,0,0,0,0,1
Ethiopia,2023-09-01,0,0,0,0,0,0,0,0,0,0,0,0,0,0,0,0,0,0,1,0
Ethiopia,2023-10-01,0,0,0,0,0,1,0,0,0,0,0,0,0,0,0,0,0,0,0,0
Ethiopia,2023-11-01,0,0,0,0,0,0,0,1,0,0,0,0,0,0,0,0,0,0,0,0
Ethiopia,2023-12-01,0,0,0,0,0,0,0,0,0,0,0,0,0,0,0,0,0,0,0,0
Ethiopia,2024-01-01,0,0,0,0,0,0,0,0,0,0,0,0,0,0,0,0,0,0,0,0
Ethiopia,2024-02-01,0,0,0,0,0,0,0,0,0,0,0,0,0,0,0,0,0,0,1,1
Ethiopia,2024-03-01,0,0,0,0,0,0,0,0,0,0,0,0,0,0,0,0,0,0,0,1
Ethiopia,2024-04-01,0,0,0,0,0,0,0,0,0,0,0,0,0,0,0,0,0,0,0,0
Ethiopia,2024-05-01,0,0,0,1,0,0,1,0,0,0,0,0,0,0,0,0,0,0,0,0
Ethiopia,2024-06-01,0,1,1,0,0,0,0,0,1,0,0,0,0,0,0,0,0,0,0,0
Ethiopia,2024-07-01,1,0,0,0,0,0,0,0,0,0,1,0,0,0,0,0,0,0,0,0
Ethiopia,2024-08-01,0,0,0,0,0,0,0,0,0,0,0,0,0,0,0,0,0,0,0,0
Ethiopia,2024-09-01,0,0,0,0,0,0,0,0,0,0,0,0,0,0,0,0,0,0,0,0
Ethiopia,2024-10-01,0,0,0,0,0,0,0,0,0,0,0,0,0,0,0,1,0,0,0,0
Ethiopia,2024-11-01,0,0,0,0,0,0,0,0,0,0,1,0,0,0,0,0,0,0,0,0
Ethiopia,2024-12-01,0,0,0,0,0,0,0,0,0,0,0,1,0,1,1,0,0,1,0,1
Ethiopia,2025-01-01,0,0,0,1,0,0,0,1,0,0,0,0,0,1,0,0,0,0,1,0
Ethiopia,2025-02-01,0,0,0,0,0,0,0,0,0,0,0,0,1,0,0,0,0,0,0,0
Ethiopia,2025-03-01,0,0,0,0,0,1,1,0,0,1,0,0,0,0,0,1,0,0,0,0
Ethiopia,2025-04-01,0,0,1,0,0,0,0,0,0,1,0,0,0,0,0,0,0,0,0,0
Ethiopia,2025-05-01,0,0,0,0,0,0,0,0,0,0,0,0,0,0,0,0,1,0,0,0
Ethiopia,2025-06-01,0,0,0,0,0,1,0,0,0,1,0,0,0,0,1,0,0,0,0,0
Ethiopia,2025-07-01,0,0,0,0,0,0,0,0,0,0,0,0,0,0,0,0,1,0,0,0
Ethiopia,2025-08-01,0,0,0,0,0,0,1,0,0,0,0,0,0,0,1,0,0,0,0,0
Ethiopia,2025-09-01,0,1,0,0,1,0,0,0,0,0,0,1,0,0,0,0,0,0,0,0
Ethiopia,2025-10-01,0,0,0,0,1,1,0,0,0,1,1,0,0,0,0,0,0,0,0,0
Ethiopia,2025-11-01,0,0,0,0,0,1,0,0,1,0,0,1,0,0,0,0,0,0,0,0
Ethiopia,2025-12-01,0,0,0,0,0,0,0,0,0,0,0,0,0,0,0,0,0,0,0,0
Ethiopia,2026-01-01,0,0,0,0,0,0,0,0,0,0,0,0,0,0,0,0,0,0,0,0
Georgia,2012-01-01,0,0,0,0,0,0,0,0,0,0,0,0,0,0,0,0,0,0,0,0
Georgia,2012-02-01,0,0,0,0,0,0,1,0,1,0,0,0,0,0,0,0,0,0,0,0
Georgia,2012-03-01,0,0,0,0,1,0,0,0,0,0,0,1,0,1,0,0,0,0,0,0
Georgia,2012-04-01,0,0,0,0,1,0,0,0,0,0,0,0,0,0,0,0,0,0,0,0
Georgia,2012-05-01,1,0,0,0,0,0,0,0,0,0,0,0,0,0,0,0,0,0,0,0
Georgia,2012-06-01,0,0,0,0,0,0,0,0,0,0,0,0,0,0,0,0,0,0,0,0
Georgia,2012-07-01,1,0,0,0,0,0,0,0,0,0,0,0,0,0,0,0,0,0,0,0
Georgia,2012-08-01,0,0,0,0,0,0,0,0,0,0,0,0,0,0,0,0,0,0,0,0
Georgia,2012-09-01,0,0,0,0,0,0,0,0,0,0,0,0,0,0,0,0,0,0,0,0
Georgia,2012-10-01,0,0,0,0,0,0,0,0,0,0,0,0,0,0,0,0,0,0,0,0
Georgia,2012-11-01,0,0,0,0,0,0,0,0,0,0,0,0,0,0,0,0,0,0,0,1
Georgia,2012-12-01,0,0,0,1,0,0,0,0,0,0,0,0,0,0,0,0,0,0,0,0
Georgia,2013-01-01,0,0,0,0,0,0,0,0,0,0,0,0,0,0,0,0,0,0,1,0
Georgia,2013-02-01,0,0,0,0,0,0,0,0,0,0,0,0,1,0,0,0,0,0,0,0
Georgia,2013-03-01,0,0,0,0,0,0,0,0,0,0,0,0,0,0,0,0,0,0,0,0
Georgia,2013-04-01,0,0,0,0,0,0,0,0,0,0,0,0,0,1,0,0,0,0,0,0
Georgia,2013-05-01,0,0,0,0,0,1,1,0,0,0,0,0,0,0,0,0,0,0,0,0
Georgia,2013-06-01,0,0,1,0,0,0,0,0,0,0,0,0,0,0,0,0,0,0,0,0
Georgia,2013-07-01,0,0,0,0,0,0,0,1,0,0,0,0,0,0,0,0,0,0,0,0
Georgia,2013-08-01,0,0,0,0,0,0,0,0,0,1,1,0,0,0,0,0,1,0,0,0
Georgia,2013-09-01,0,0,0,0,0,0,0,0,0,0,1,0,0,0,0,0,0,0,0,0
Georgia,2013-10-01,0,0,0,0,0,0,0,0,0,0,0,0,0,0,0,0,0,0,0,0
Georgia,2013-11-01,0,0,0,0,0,0,0,0,1,0,0,0,0,0,0,0,0,0,0,0
Georgia,2013-12-01,0,0,0,0,1,0,0,0,0,0,0,0,0,0,0,0,0,0,0,0
Georgia,2014-01-01,0,0,0,0,0,0,0,0,0,0,1,1,0,0,0,0,0,0,0,0
Georgia,2014-02-01,1,0,0,0,0,0,0,1,0,0,0,1,0,0,0,0,0,0,1,0
Georgia,2014-03-01,0,0,0,0,0,0,0,0,0,0,0,0,0,0,0,0,0,0,1,0
Georgia,2014-04-01,0,0,0,0,1,0,0,0,0,0,0,0,0,1,0,0,0,0,0,1
Georgia,2014-05-01,0,0,0,0,0,0,0,0,0,0,0,0,0,0,0,0,0,0,0,0
Georgia,2014-06-01,0,0,0,0,0,0,0,0,0,0,0,0,0,0,0,0,0,0,0,1
Georgia,2014-07-01,0,0,0,0,0,0,0,0,0,0,0,0,0,0,0,0,0,0,0,0
Georgia,2014-08-01,0,0,0,0,0,0,0,0,0,0,0,0,0,0,0,0,0,0,0,0
Georgia,2014-09-01,0,0,0,0,0,0,0,0,0,0,0,0,0,0,0,0,0,0,0,0
Georgia,2014-10-01,0,0,0,0,0,0,0,0,0,0,0,0,0,0,0,0,0,0,0,0
Georgia,2014-11-01,0,0,0,0,0,0,0,0,0,0,0,0,0,0,0,0,0,0,0,0
Georgia,2014-12-01,0,0,0,0,0,0,0,0,0,0,0,0,0,0,0,0,0,0,0,0
Georgia,2015-01-01,0,0,0,0,0,0,0,0,0,1,0,0,0,0,0,0,0,0,0,0
Georgia,2015-02-01,0,0,0,0,0,0,0,0,0,1,0,0,0,0,0,0,0,0,0,0
Georgia,2015-03-01,0,0,0,0,0,0,0,0,0,0,0,0,0,0,0,0,1,0,0,0
Georgia,2015-04-01,0,0,0,0,0,0,0,0,0,0,0,0,0,0,0,0,0,0,0,1
Georgia,2015-05-01,0,0,0,0,0,0,0,0,0,0,0,0,0,0,0,0,0,0,0,0
Georgia,2015-06-01,1,0,0,0,1,0,0,1,1,0,1,0,0,0,0,1,0,0,1,0
Georgia,2015-07-01,0,0,1,0,0,0,1,0,0,0,1,0,0,0,0,0,0,0,0,0
Georgia,2015-08-01,0,0,0,0,0,0,1,0,0,0,0,0,0,0,1,0,0,0,0,0
Georgia,2015-09-01,0,0,0,1,0,0,0,0,0,0,0,0,0,0,0,0,0,0,0,1
Georgia,2015-10-01,0,0,0,0,0,0,0,1,0,0,0,0,0,0,0,0,1,0,1,0
Georgia,2015-11-01,0,0,0,0,0,0,0,0,0,1,0,0,0,1,0,0,0,0,0,0
Georgia,2015-12-01,0,0,0,0,0,0,0,1,0,0,0,0,0,0,0,0,0,0,0,0
Georgia,2016-01-01,0,0,0,0,0,0,0,0,0,0,0,0,1,0,0,0,0,0,0,0
Georgia,2016-02-01,0,0,0,0,0,0,0,0,0,1,0,0,1,0,0,0,0,0,0,0
Georgia,2016-03-01,0,0,0,0,0,0,0,0,0,0,0,0,0,0,0,0,0,0,0,0
Georgia,2016-04-01,0,0,0,0,1,1,0,0,0,0,0,0,0,0,0,0,1,0,0,0
Georgia,2016-05-01,0,0,0,0,0,0,0,0,0,0,0,0,0,0,0,0,0,0,1,0
Georgia,2016-06-01,0,0,0,0,0,0,0,0,0,0,0,0,1,0,0,0,0,0,0,0
Georgia,2016-07-01,0,0,1,0,0,0,0,0,0,0,0,0,0,0,0,0,0,0,0,0
Georgia,2016-08-01,0,0,0,0,0,0,0,0,0,0,0,0,0,0,0,0,0,0,1,0
Georgia,2016-09-01,0,1,0,0,0,0,0,0,0,0,0,0,0,0,0,0,0,0,0,0
Georgia,2016-10-01,0,0,0,0,0,0,0,1,0,0,0,0,0,0,0,0,0,0,0,0
Georgia,2016-11-01,0,0,0,0,0,0,0,0,0,0,0,0,1,0,0,0,0,0,0,0
Georgia,2016-12-01,0,0,0,0,0,0,0,0,0,0,0,0,0,0,0,0,1,0,0,0
Georgia,2017-01-01,0,0,0,0,0,0,0,0,0,0,0,0,0,0,1,0,0,0,0,0
Georgia,2017-02-01,0,0,0,0,0,1,0,0,0,0,0,0,0,0,0,0,0,0,0,1
Georgia,2017-03-01,0,0,0,0,0,0,0,0,0,0,0,0,0,0,1,0,0,0,0,0
Georgia,2017-04-01,0,0,0,0,0,0,0,0,0,1,0,0,0,1,0,0,0,0,0,0
Georgia,2017-05-01,0,0,0,0,0,0,0,0,0,0,0,0,0,0,0,0,0,0,0,0
Georgia,2017-06-01,0,0,0,0,0,0,0,0,1,0,0,0,0,0,0,0,0,0,0,0
Georgia,2017-07-01,0,0,0,0,0,0,0,0,0,0,0,0,0,0,0,0,0,0,0,0
Georgia,2017-08-01,0,0,1,1,0,0,0,0,0,0,0,0,0,1,0,1,0,0,0,0
Georgia,2017-09-01,1,0,0,1,0,0,0,0,1,0,1,0,0,0,0,0,0,0,0,0
Georgia,2017-10-01,0,0,0,0,0,0,0,0,0,0,0,0,0,0,0,0,0,0,0,0
Georgia,2017-11-01,0,0,1,0,0,1,0,0,0,0,0,0,0,0,0,0,0,0,0,0
Georgia,2017-12-01,0,0,0,0,0,0,0,0,0,0,0,0,0,0,0,0,0,0,0,0
Georgia,2018-01-01,0,0,0,0,0,0,0,0,0,0,0,0,0,0,0,0,0,0,0,0
Georgia,2018-02-01,0,0,0,1,0,0,0,0,0,0,0,0,0,0,1,0,0,0,0,0
Georgia,2018-03-01,0,0,0,0,0,0,0,0,0,0,0,1,0,0,0,0,0,0,0,0
Georgia,2018-04-01,0,0,1,0,0,0,0,0,1,0,0,0,0,0,1,0,1,0,0,0
Georgia,2018-05-01,0,1,0,0,0,0,0,0,0,0,0,0,0,0,0,0,0,0,0,0
Georgia,2018-06-01,0,0,0,0,0,0,0,0,0,0,0,0,1,0,0,0,0,0,0,0
Georgia,2018-07-01,0,0,0,0,1,0,1,0,0,0,0,0,1,0,0,0,0,0,0,0
Georgia,2018-08-01,0,0,0,1,0,0,0,0,0,0,0,0,0,0,0,0,0,0,0,0
Georgia,2018-09-01,0,0,0,0,0,0,0,0,0,0,0,0,0,0,0,0,0,0,0,0
Georgia,2018-10-01,0,0,0,0,0,0,0,0,0,0,0,0,0,0,0,0,1,0,0,0
Georgia,2018-11-01,0,0,0,0,0,0,0,0,0,0,0,0,0,0,0,0,0,0,0,0
Georgia,2018-12-01,1,0,0,0,0,0,0,0,0,0,0,0,0,0,0,0,0,0,0,0
Georgia,2019-01-01,0,0,0,0,0,0,0,0,0,0,0,0,0,0,0,0,0,0,0,0
Georgia,2019-02-01,0,0,0,0,0,0,0,0,0,0,0,0,0,1,0,1,0,0,0,0
Georgia,2019-03-01,0,0,0,0,0,0,0,0,0,0,0,0,0,0,0,0,0,0,0,1
Georgia,2019-04-01,0,0,0,0,0,0,0,0,0,0,0,0,0,0,0,0,0,0,1,0
Georgia,2019-05-01,0,1,1,0,0,0,0,0,0,0,0,0,0,0,0,1,1,0,0,0
Georgia,2019-06-01,0,0,0,0,1,0,0,0,0,0,0,0,0,0,0,0,0,0,0,0
Georgia,2019-07-01,0,0,0,0,0,0,0,1,0,0,0,0,0,0,0,0,0,0,0,0
Georgia,2019-08-01,0,0,0,0,0,0,0,0,0,0,1,0,0,0,0,0,0,0,0,0
Georgia,2019-09-01,0,0,0,0,0,0,0,0,0,0,0,0,0,0,0,0,0,0,0,0
Georgia,2019-10-01,0,0,0,0,0,0,0,0,0,1,0,0,0,0,0,1,0,0,0,0
Georgia,2019-11-01,0,0,0,0,0,0,0,0,0,0,0,0,0,0,0,0,0,0,0,0
Georgia,2019-12-01,0,0,0,0,0,0,0,0,0,0,0,0,0,0,0,0,0,0,0,0
Georgia,2020-01-01,0,0,0,0,0,0,0,0,0,0,1,1,0,0,0,0,0,0,0,0
Georgia,2020-02-01,0,0,0,0,0,0,1,0,0,0,0,0,0,0,1,0,0,0,1,0
Georgia,2020-03-01,0,0,0,0,0,0,0,0,0,0,0,0,0,0,0,0,0,0,0,0
Georgia,2020-04-01,0,0,0,0,0,0,0,0,0,0,0,0,0,0,0,0,0,0,0,0
Georgia,2020-05-01,0,0,0,0,0,0,0,0,0,0,0,0,0,0,1,0,0,0,0,0
Georgia,2020-06-01,0,0,0,0,0,0,0,0,0,0,0,0,0,0,1,0,0,0,0,0
Georgia,2020-07-01,0,0,1,0,0,0,0,1,0,0,0,0,0,0,0,0,0,0,0,0
Georgia,2020-08-01,0,0,0,0,0,0,0,0,0,0,0,0,0,0,0,0,0,0,0,0
Georgia,2020-09-01,0,0,0,0,0,0,0,0,0,0,0,0,0,1,0,0,0,0,0,0
Georgia,2020-10-01,0,0,0,0,0,0,0,1,0,0,0,0,0,0,0,0,0,0,0,1
Georgia,2020-11-01,0,0,0,0,0,0,0,0,0,0,0,0,0,0,0,0,0,1,0,0
Georgia,2020-12-01,0,0,0,0,0,0,0,0,0,0,0,0,0,0,0,0,0,0,0,0
Georgia,2021-01-01,0,0,0,0,0,0,0,0,0,0,0,0,0,0,0,0,0,0,0,0
Georgia,2021-02-01,0,0,0,0,0,0,0,0,0,0,0,0,0,0,0,0,1,0,0,0
Georgia,2021-03-01,0,0,0,0,0,0,0,0,0,0,0,0,0,0,0,0,0,0,0,0
Georgia,2021-04-01,0,1,0,0,0,0,0,0,0,0,0,0,0,0,0,0,0,0,1,0
Georgia,2021-05-01,0,0,0,0,0,0,0,0,0,0,0,0,0,0,0,0,0,0,0,0
Georgia,2021-06-01,0,0,0,0,1,0,0,0,0,0,0,0,0,0,0,0,1,0,0,0
Georgia,2021-07-01,0,0,0,0,0,1,0,0,0,0,0,0,0,1,0,0,0,0,0,0
Georgia,2021-08-01,1,0,1,0,0,0,0,0,0,0,0,0,0,0,1,1,0,0,0,0
Georgia,2021-09-01,0,0,0,0,0,0,0,0,0,0,0,0,0,0,0,0,0,0,0,0
Georgia,2021-10-01,0,0,0,0,0,0,1,0,0,0,0,0,0,0,0,0,0,0,0,0
Georgia,2021-11-01,0,0,0,0,0,0,0,0,0,0,0,1,0,0,0,0,0,0,0,0
Georgia,2021-12-01,0,0,0,0,0,0,0,0,0,0,0,0,0,0,0,0,0,0,0,0
Georgia,2022-01-01,0,0,0,0,0,0,0,0,1,0,0,1,0,0,0,0,0,0,0,0
Georgia,2022-02-01,0,0,0,0,0,0,0,0,0,0,0,0,0,0,0,0,0,0,0,0
Georgia,2022-03-01,0,0,0,1,0,0,0,1,0,0,0,0,0,0,0,0,0,0,1,0
Georgia,2022-04-01,0,0,0,0,0,0,0,0,0,0,0,0,0,0,0,0,0,1,0,0
Georgia,2022-05-01,0,0,1,0,0,0,0,0,0,0,0,0,0,0,0,0,1,0,0,0
Georgia,2022-06-01,0,0,0,0,0,0,0,0,0,1,0,0,0,0,0,0,0,0,0,0
Georgia,2022-07-01,0,0,1,0,0,0,0,0,0,1,0,0,0,0,0,0,0,0,0,0
Georgia,2022-08-01,0,0,0,0,0,0,0,0,0,0,0,1,0,0,0,0,0,0,0,0
Georgia,2022-09-01,0,0,0,0,0,0,0,0,0,0,0,0,0,0,0,0,0,0,0,0
Georgia,2022-10-01,0,0,0,0,0,0,0,0,0,0,0,0,1,0,0,0,0,0,0,0
Georgia,2022-11-01,0,0,0,0,0,0,0,0,0,0,0,0,0,0,0,0,0,0,0,0
Georgia,2022-12-01,0,0,0,0,0,0,0,0,0,0,0,0,0,1,0,0,0,1,0,0
Georgia,2023-01-01,0,0,0,0,0,0,0,0,0,0,0,0,0,0,1,0,0,0,0,0
Georgia,2023-02-01,0,1,0,1,0,0,0,0,0,0,0,0,1,0,0,0,0,0,0,0
Georgia,2023-03-01,0,0,0,0,0,0,0,0,0,0,0,0,0,0,0,0,0,0,0,0
Georgia,2023-04-01,0,0,0,0,0,0,0,0,0,0,0,0,0,1,0,0,0,0,0,0
Georgia,2023-05-01,0,0,0,0,0,0,0,0,0,0,0,0,0,0,0,1,0,0,0,0
Georgia,2023-06-01,0,0,0,0,1,0,0,0,0,0,0,0,0,0,0,0,0,0,0,0
Georgia,2023-07-01,0,0,0,0,0,0,0,0,0,0,0,0,0,0,0,0,1,0,0,1
Georgia,2023-08-01,1,0,0,0,0,0,1,0,1,0,0,0,0,0,0,0,0,0,0,0
Georgia,2023-09-01,0,0,0,0,0,0,0,1,0,0,0,0,0,0,0,0,0,0,0,0
Georgia,2023-10-01,0,1,0,0,0,0,0,0,0,0,0,0,0,0,0,0,0,0,0,0
Georgia,2023-11-01,0,0,0,0,0,1,0,0,0,0,0,0,0,0,0,0,0,0,0,1
Georgia,2023-12-01,0,0,1,0,1,0,0,0,0,0,0,1,1,0,0,0,0,0,0,0
Georgia,2024-01-01,0,0,0,0,0,0,0,0,0,0,0,0,0,0,0,0,0,0,1,0
Georgia,2024-02-01,0,0,0,0,0,0,1,1,0,1,0,0,0,0,1,0,0,0,1,0
Georgia,2024-03-01,0,0,1,0,0,0,0,0,0,0,0,0,0,0,1,0,1,0,0,0
Georgia,2024-04-01,0,0,0,0,0,0,0,0,0,0,0,0,0,0,0,0,0,0,0,0
Georgia,2024-05-01,0,0,0,0,0,0,0,0,0,0,0,0,0,0,0,0,0,0,0,0
Georgia,2024-06-01,0,0,0,0,0,0,0,0,0,0,0,0,0,0,0,0,0,0,0,0
Georgia,2024-07-01,0,0,0,0,0,0,0,0,0,0,1,0,0,0,0,0,0,0,1,0
Georgia,2024-08-01,0,0,0,0,0,0,0,0,0,0,0,1,0,0,0,0,0,0,0,0
Georgia,2024-09-01,1,0,0,0,0,0,0,0,0,0,1,0,0,0,0,0,0,0,0,0
Georgia,2024-10-01,0,0,0,0,0,0,0,0,0,0,0,0,0,0,0,0,0,0,0,0
Georgia,2024-11-01,0,0,0,0,0,0,0,0,0,0,1,0,0,0,0,0,0,0,0,0
Georgia,2024-12-01,0,0,0,0,0,0,0,0,0,0,0,0,0,1,0,0,0,0,0,0
Georgia,2025-01-01,0,1,0,0,0,0,0,0,0,0,0,0,0,0,0,0,0,0,0,0
Georgia,2025-02-01,0,0,0,0,0,0,0,0,0,0,0,0,0,1,0,0,0,0,0,0
Georgia,2025-03-01,0,0,0,0,0,0,0,0,0,0,0,0,0,0,0,1,0,0,0,0
Georgia,2025-04-01,0,0,0,0,0,0,0,0,1,0,0,0,0,0,0,0,0,0,0,0
Georgia,2025-05-01,0,0,0,0,0,0,0,0,0,0,0,0,0,0,0,0,0,0,0,0
Georgia,2025-06-01,0,0,1,0,0,0,0,0,0,0,0,0,0,0,1,0,0,0,0,0
Georgia,2025-07-01,0,0,0,0,0,0,1,0,1,0,0,0,0,0,0,0,0,0,0,0
Georgia,2025-08-01,0,0,0,0,0,0,0,0,0,0,0,0,0,0,0,0,0,0,0,0
Georgia,2025-09-01,0,0,0,0,0,0,0,0,0,0,0,0,0,0,0,0,0,0,0,0
Georgia,2025-10-01,0,0,0,0,0,0,0,0,0,0,0,0,0,0,0,0,0,0,0,0
Georgia,2025-11-01,0,0,0,0,0,0,0,0,0,0,0,0,0,0,0,0,0,0,0,0
Georgia,2025-12-01,0,0,0,0,0,0,0,0,0,0,0,0,0,0,0,0,0,0,0,0
Georgia,2026-01-01,0,0,0,0,0,0,0,0,0,0,0,0,0,0,0,0,0,0,0,0
Philippines,2012-01-01,0,0,1,0,0,1,0,0,0,0,0,0,0,0,0,0,0,0,0,0
Philippines,2012-02-01,0,1,0,0,0,0,0,0,0,0,0,0,1,0,0,0,1,0,0,0
Philippines,2012-03-01,0,0,0,0,0,0,0,0,0,1,0,0,0,0,0,1,0,0,0,0
Philippines,2012-04-01,0,0,0,0,1,1,0,0,0,0,1,1,0,0,0,0,0,0,0,0
Philippines,2012-05-01,0,0,0,0,0,0,0,0,0,0,0,0,0,0,0,0,0,0,0,0
Philippines,2012-06-01,0,0,0,0,1,0,0,0,0,0,0,0,1,0,1,0,0,1,0,0
Philippines,2012-07-01,0,0,0,1,0,0,0,0,0,1,0,0,0,1,1,0,0,0,0,0
Philippines,2012-08-01,1,0,1,0,0,0,0,1,1,0,0,1,0,0,0,0,0,0,0,0
Philippines,2012-09-01,0,0,0,0,0,0,0,0,0,0,0,0,1,0,0,1,1,0,0,0
Philippines,2012-10-01,0,0,0,0,0,0,0,0,0,0,0,0,0,0,0,0,0,0,0,0
Philippines,2012-11-01,0,0,0,0,0,0,0,0,0,1,0,0,0,0,0,0,0,0,1,0
Philippines,2012-12-01,0,0,0,0,0,0,0,0,0,0,0,0,0,1,0,0,0,0,0,1
Philippines,2013-01-01,0,0,0,0,0,0,0,0,0,0,0,0,0,0,0,0,0,0,0,0
Philippines,2013-02-01,0,0,0,0,0,0,0,0,0,0,0,0,0,0,0,0,0,0,0,0
Philippines,2013-03-01,0,0,0,0,0,0,0,0,0,0,0,0,0,0,0,0,0,0,0,0
Philippines,2013-04-01,0,0,0,0,0,0,0,0,0,0,0,0,0,0,0,0,0,0,0,0
Philippines,2013-05-01,0,0,0,0,0,0,0,0,0,0,0,0,0,0,0,0,0,0,0,0
Philippines,2013-06-01,0,0,0,1,0,0,0,0,0,0,0,0,0,0,1,0,0,0,0,1
Philippines,2013-07-01,0,1,0,0,1,0,0,0,0,0,0,0,0,0,0,0,0,1,0,0
Philippines,2013-08-01,0,0,0,0,0,0,1,0,0,0,0,0,0,0,0,0,0,0,0,0
Philippines,2013-09-01,0,1,0,0,0,0,0,0,0,0,0,0,0,0,0,0,1,0,0,0
Philippines,2013-10-01,0,0,0,0,0,0,0,1,0,0,0,0,0,0,0,0,0,0,0,0
Philippines,2013-11-01,1,0,0,0,0,0,0,1,1,0,1,0,0,0,0,1,0,0,0,0
Philippines,2013-12-01,0,0,0,0,0,0,0,0,0,0,0,0,0,0,1,0,0,0,0,0
Philippines,2014-01-01,0,0,0,0,0,0,0,0,0,0,0,0,0,0,0,0,0,0,0,0
Philippines,2014-02-01,0,0,0,0,0,0,0,0,0,0,0,0,0,0,0,0,0,0,0,0
Philippines,2014-03-01,0,0,0,0,0,0,0,0,0,0,0,0,1,0,0,0,0,0,0,0
Philippines,2014-04-01,0,0,0,1,0,0,0,0,0,0,0,0,0,0,0,0,0,0,0,0
Philippines,2014-05-01,0,1,0,0,0,1,0,0,0,1,0,1,1,1,0,0,0,0,0,0
Philippines,2014-06-01,0,0,0,1,0,0,0,0,0,0,0,0,1,0,0,0,0,0,1,0
Philippines,2014-07-01,0,0,0,0,0,0,0,0,0,0,0,0,0,0,0,0,0,0,0,0
Philippines,2014-08-01,0,1,0,0,0,1,0,0,0,1,0,0,0,0,0,0,0,0,0,0
Philippines,2014-09-01,0,0,0,0,0,0,0,0,0,0,0,0,0,0,0,0,0,0,0,0
Philippines,2014-10-01,0,0,0,0,0,0,0,0,0,0,0,0,0,0,0,0,1,0,0,0
Philippines,2014-11-01,0,0,0,0,0,0,0,0,0,0,0,0,0,0,0,0,0,0,0,0
Philippines,2014-12-01,1,0,0,0,0,0,0,1,0,0,0,0,0,0,0,0,0,0,0,0
Philippines,2015-01-01,0,0,0,0,0,0,0,0,0,0,0,0,0,0,0,0,0,0,0,0
Philippines,2015-02-01,0,0,0,0,0,0,0,0,0,0,0,0,0,0,0,0,0,0,0,0
Philippines,2015-03-01,0,0,0,0,0,0,0,0,0,0,0,0,0,0,0,0,1,0,0,0
Philippines,2015-04-01,0,0,0,0,0,0,0,0,0,0,0,0,0,0,0,0,0,0,0,0
Philippines,2015-05-01,0,0,1,0,0,0,0,0,0,0,0,0,0,0,0,0,0,1,0,0
Philippines,2015-06-01,0,0,0,0,1,0,0,0,0,0,0,0,0,0,0,1,0,0,1,0
Philippines,2015-07-01,0,0,0,0,0,0,1,0,0,0,0,0,0,0,0,0,0,0,0,1
Philippines,2015-08-01,0,0,0,0,0,1,0,0,0,0,0,0,0,0,0,0,0,0,0,0
Philippines,2015-09-01,0,0,0,0,0,0,0,0,0,0,0,0,0,0,0,0,0,0,0,0
Philippines,2015-10-01,1,0,0,0,0,0,0,0,0,0,0,0,0,0,0,0,0,0,0,0
Philippines,2015-11-01,0,1,0,0,0,0,0,0,0,0,1,0,0,0,0,1,0,0,0,0
Philippines,2015-12-01,0,1,1,0,0,0,0,0,0,0,1,0,0,0,0,0,0,0,0,1
Philippines,2016-01-01,0,0,0,0,0,0,0,0,0,0,0,0,0,0,0,0,0,0,0,0
Philippines,2016-02-01,0,0,0,0,0,0,0,0,0,0,0,0,0,0,1,0,0,0,0,0
Philippines,2016-03-01,0,0,0,0,0,0,0,0,0,0,1,0,0,0,0,0,0,0,0,0
Philippines,2016-04-01,0,0,0,0,0,0,0,0,0,0,0,1,0,0,0,0,0,0,0,0
Philippines,2016-05-01,0,0,0,0,0,1,0,0,0,0,0,0,0,0,0,0,0,0,0,0
Philippines,2016-06-01,0,0,0,0,1,0,0,0,0,1,0,0,0,0,0,0,0,1,0,0
Philippines,2016-07-01,0,0,0,0,0,0,0,0,0,0,0,0,0,0,0,0,0,0,0,0
Philippines,2016-08-01,0,0,0,1,0,0,0,0,0,0,0,0,0,0,0,0,0,0,0,0
Philippines,2016-09-01,0,0,0,0,0,0,0,0,0,0,0,0,0,0,0,0,0,0,0,0
Philippines,2016-10-01,1,0,0,0,0,0,0,0,0,0,0,0,0,0,0,0,0,0,0,0
Philippines,2016-11-01,0,0,0,0,0,0,0,0,0,0,0,0,0,0,0,0,0,0,0,0
Philippines,2016-12-01,0,0,0,0,0,0,0,1,0,0,0,0,0,0,0,0,0,0,0,0
Philippines,2017-01-01,0,1,0,0,0,0,1,0,0,0,0,0,0,0,0,0,0,0,0,0
Philippines,2017-02-01,0,0,0,1,0,0,0,0,0,0,0,0,0,1,0,0,0,0,1,0
Philippines,2017-03-01,0,1,0,0,0,1,0,0,0,0,0,0,0,0,0,0,0,0,0,0
Philippines,2017-04-01,0,0,0,0,0,0,0,0,0,0,0,0,0,0,0,0,0,0,0,0
Philippines,2017-05-01,0,0,1,0,1,0,0,0,0,0,0,0,1,0,0,0,0,0,0,1
Philippines,2017-06-01,0,0,0,0,0,0,0,0,0,0,0,0,0,0,0,0,0,0,0,0
Philippines,2017-07-01,0,0,0,0,0,0,0,0,0,0,0,0,0,0,0,0,0,1,0,1
Philippines,2017-08-01,0,0,0,0,0,0,0,0,0,0,0,0,0,0,0,0,0,0,0,0
Philippines,2017-09-01,0,1,0,0,0,0,0,0,0,0,0,0,0,0,0,0,1,0,0,0
Philippines,2017-10-01,0,0,0,0,0,0,0,0,0,0,0,0,0,0,0,0,0,0,1,0
Philippines,2017-11-01,0,0,0,0,0,0,0,0,0,0,0,0,0,0,0,0,0,0,0,0
Philippines,2017-12-01,1,0,0,0,0,0,0,0,0,0,0,0,0,0,0,0,0,0,0,0
Philippines,2018-01-01,0,0,0,0,0,0,0,1,0,0,0,0,0,0,0,0,0,0,0,0
Philippines,2018-02-01,0,0,0,0,0,0,0,0,0,0,0,0,0,0,0,0,0,0,0,0
Philippines,2018-03-01,0,0,0,0,0,0,0,0,0,0,0,0,0,0,0,0,0,0,0,0
Philippines,2018-04-01,0,0,0,0,0,0,0,0,0,0,0,0,0,0,0,0,0,0,0,0
Philippines,2018-05-01,0,0,0,0,0,0,0,0,0,0,0,0,0,0,0,0,0,0,0,0
Philippines,2018-06-01,0,1,0,0,0,0,0,0,0,0,0,0,0,0,0,0,0,0,0,0
Philippines,2018-07-01,0,0,0,0,0,0,0,0,0,0,0,0,1,0,0,0,0,0,0,0
Philippines,2018-08-01,0,0,0,0,0,0,0,0,0,0,0,0,0,0,0,0,0,0,0,0
Philippines,2018-09-01,1,0,0,0,0,0,0,1,1,0,0,0,0,0,1,0,0,0,0,0
Philippines,2018-10-01,0,0,0,0,0,0,0,0,0,0,0,0,0,0,0,0,0,0,0,0
Philippines,2018-11-01,0,0,0,0,0,0,0,0,0,0,0,0,0,0,0,0,0,0,0,0
Philippines,2018-12-01,0,0,0,0,0,0,0,0,0,0,0,0,0,0,0,0,0,0,0,0
Philippines,2019-01-01,0,0,0,0,0,0,0,0,0,1,0,0,0,0,0,0,0,0,0,0
Philippines,2019-02-01,0,0,0,0,0,0,0,0,0,0,0,0,0,0,0,0,1,0,0,0
Philippines,2019-03-01,0,0,1,0,0,0,1,0,0,0,1,1,0,0,0,0,0,0,0,0
Philippines,2019-04-01,0,0,0,0,0,0,0,0,0,0,0,1,0,1,0,0,0,0,1,0
Philippines,2019-05-01,0,0,0,0,0,0,0,0,0,0,0,0,0,0,0,0,0,0,0,0
Philippines,2019-06-01,0,0,0,0,0,0,0,0,0,0,1,0,0,1,0,0,0,0,0,0
Philippines,2019-07-01,0,1,1,0,0,0,0,0,0,0,0,0,0,0,1,0,0,1,0,0
Philippines,2019-08-01,0,0,0,0,0,0,0,0,0,0,0,0,0,0,0,0,0,0,0,0
Philippines,2019-09-01,0,0,0,1,0,0,0,0,0,0,0,0,0,0,0,0,0,1,1,1
Philippines,2019-10-01,0,0,0,0,0,0,0,0,0,0,0,0,0,0,0,0,0,0,0,0
Philippines,2019-11-01,0,0,0,0,0,1,0,1,0,0,0,0,0,0,0,0,0,0,0,0
Philippines,2019-12-01,1,0,0,0,0,0,0,1,0,0,0,0,0,0,0,1,0,0,0,0
Philippines,2020-01-01,1,0,0,0,0,0,1,1,1,0,0,0,0,0,0,0,0,0,0,0
Philippines,2020-02-01,0,0,0,0,0,0,0,0,0,0,0,0,0,0,0,0,0,0,0,0
Philippines,2020-03-01,0,0,0,0,0,0,0,0,0,0,0,0,0,0,0,0,0,0,0,0
Philippines,2020-04-01,0,0,0,0,0,0,0,0,0,0,0,0,0,0,0,0,0,0,0,0
Philippines,2020-05-01,0,0,0,0,0,0,0,0,0,0,0,1,0,0,0,0,0,0,0,0
Philippines,2020-06-01,0,0,0,0,0,0,0,0,0,0,0,0,0,0,0,0,0,0,0,0
Philippines,2020-07-01,0,0,0,0,0,0,0,0,0,0,0,0,0,0,0,0,0,1,0,0
Philippines,2020-08-01,0,0,0,0,0,0,0,0,0,0,0,0,0,0,0,0,0,0,0,0
Philippines,2020-09-01,0,0,0,0,1,0,0,0,0,0,0,0,0,0,0,0,0,0,1,0
Philippines,2020-10-01,0,0,0,0,0,0,0,0,0,0,0,0,0,0,0,0,0,0,0,0
Philippines,2020-11-01,1,1,0,1,0,0,1,1,1,1,0,0,0,0,0,0,0,0,1,0
Philippines,2020-12-01,0,0,0,0,0,0,0,0,0,0,0,0,0,0,0,0,0,0,0,0
Philippines,2021-01-01,0,0,0,0,0,0,0,0,0,0,0,0,0,0,0,0,0,0,0,1
Philippines,2021-02-01,0,0,0,0,0,0,0,0,0,0,0,0,0,0,0,0,0,0,0,0
Philippines,2021-03-01,0,0,0,0,0,0,0,0,0,0,0,0,0,0,0,0,0,0,0,0
Philippines,2021-04-01,0,0,0,0,0,0,0,0,0,0,0,0,0,0,0,1,0,0,0,0
Philippines,2021-05-01,0,0,0,0,0,0,0,0,0,0,0,1,0,0,0,0,0,0,0,0
Philippines,2021-06-01,0,0,0,0,0,0,0,0,0,0,0,0,1,0,0,0,1,0,0,0
Philippines,2021-07-01,0,0,0,0,0,0,1,1,0,0,0,0,0,0,0,0,0,0,0,1
Philippines,2021-08-01,0,0,0,0,0,0,0,0,0,0,0,0,0,0,0,0,0,0,0,0
Philippines,2021-09-01,0,0,0,0,0,1,0,0,0,0,0,0,0,1,0,0,0,1,0,0
Philippines,2021-10-01,0,0,0,0,0,0,0,0,0,0,0,0,0,1,0,0,0,0,0,0
Philippines,2021-11-01,0,0,0,0,0,0,0,0,0,0,0,0,0,0,0,0,0,0,0,0
Philippines,2021-12-01,1,0,0,0,0,0,0,0,1,0,0,0,0,0,0,0,0,0,0,0
Philippines,2022-01-01,0,0,0,0,0,0,0,0,0,0,0,0,0,0,0,0,0,0,0,0
Philippines,2022-02-01,0,1,0,0,0,0,0,0,0,0,0,0,0,0,0,0,0,0,0,0
Philippines,2022-03-01,0,0,0,0,0,0,0,0,0,0,0,0,0,0,0,0,0,0,0,0
Philippines,2022-04-01,0,0,0,0,0,0,0,0,0,0,0,0,0,0,0,0,0,0,0,0
Philippines,2022-05-01,0,0,0,0,0,0,0,0,0,1,0,0,0,0,0,0,0,0,1,0
Philippines,2022-06-01,0,0,0,0,0,0,0,0,0,0,0,0,0,0,0,0,0,0,0,0
Philippines,2022-07-01,0,0,0,1,0,0,0,0,0,0,0,0,0,0,1,0,0,0,0,0
Philippines,2022-08-01,0,0,0,0,0,0,0,0,0,0,0,0,0,0,0,0,0,0,0,0
Philippines,2022-09-01,0,0,0,0,0,0,0,0,0,0,0,0,0,0,0,0,0,0,1,0
Philippines,2022-10-01,0,0,0,0,0,0,0,0,0,0,0,0,0,0,0,0,0,0,0,0
Philippines,2022-11-01,0,0,0,0,0,0,0,0,0,0,1,0,0,0,1,0,0,0,0,0
Philippines,2022-12-01,0,0,0,0,0,0,0,0,0,0,0,0,0,0,0,0,0,0,0,0
Philippines,2023-01-01,0,0,0,0,0,0,0,1,0,0,0,0,0,0,0,0,0,0,0,0
Philippines,2023-02-01,0,0,0,0,0,0,0,0,0,1,0,0,0,1,0,0,0,0,1,0
Philippines,2023-03-01,0,0,0,0,0,0,1,0,0,0,0,0,0,0,0,0,0,0,0,0
Philippines,2023-04-01,0,0,0,0,0,0,1,0,0,0,0,0,0,0,0,0,0,0,0,0
Philippines,2023-05-01,0,0,0,0,0,0,0,0,0,0,0,0,0,0,0,0,0,0,0,0
Philippines,2023-06-01,0,0,1,0,0,0,0,0,0,0,0,0,1,0,0,0,0,0,0,0
Philippines,2023-07-01,1,0,1,0,0,0,0,0,1,0,0,0,0,0,0,0,0,0,0,0
Philippines,2023-08-01,0,0,0,0,0,0,0,0,0,1,0,0,0,0,0,0,0,0,0,0
Philippines,2023-09-01,0,0,0,0,0,0,0,0,0,0,0,0,1,0,0,0,0,1,0,1
Philippines,2023-10-01,0,1,0,0,0,0,0,0,0,0,0,0,0,0,0,1,0,0,0,0
Philippines,2023-11-01,0,0,0,0,0,0,0,0,0,0,1,0,0,0,0,0,1,0,0,0
Philippines,2023-12-01,0,0,0,0,1,0,0,0,0,0,1,0,0,0,0,1,0,0,0,0
Philippines,2024-01-01,0,0,0,0,0,0,0,0,0,0,0,0,0,0,0,0,0,0,0,0
Philippines,2024-02-01,0,0,0,0,0,0,0,0,0,1,0,0,0,1,0,0,0,0,0,0
Philippines,2024-03-01,0,0,0,1,0,0,0,0,0,0,0,0,0,0,0,0,1,0,0,0
Philippines,2024-04-01,0,1,1,0,0,0,0,0,0,0,1,1,0,0,0,0,0,0,0,0
Philippines,2024-05-01,0,0,0,0,0,0,0,0,0,0,0,0,0,0,0,0,0,0,0,0
Philippines,2024-06-01,0,0,0,0,0,0,0,0,0,0,0,0,0,0,0,0,0,0,0,0
Philippines,2024-07-01,0,0,0,0,0,0,1,0,0,0,0,0,0,0,0,0,0,0,0,0
Philippines,2024-08-01,0,0,1,0,0,0,0,0,0,0,0,0,0,0,0,0,0,1,0,0
Philippines,2024-09-01,0,0,0,0,0,0,0,0,0,0,0,0,0,0,0,0,1,0,0,0
Philippines,2024-10-01,0,0,0,0,0,1,0,0,0,0,0,0,0,0,0,0,0,1,0,0
Philippines,2024-11-01,0,0,0,0,0,0,0,1,0,0,0,0,0,0,0,0,0,0,0,0
Philippines,2024-12-01,0,0,0,0,0,1,0,0,0,0,0,0,0,0,0,0,0,0,1,0
Philippines,2025-01-01,0,0,0,0,0,0,0,0,0,0,0,0,0,0,1,0,0,0,0,0
Philippines,2025-02-01,0,0,0,1,0,0,0,0,0,0,0,0,0,1,0,0,0,0,0,0
Philippines,2025-03-01,0,0,0,0,0,0,0,0,0,0,0,1,0,0,0,0,0,0,0,0
Philippines,2025-04-01,0,0,0,0,1,0,0,0,0,0,0,1,0,0,0,0,0,0,0,1
Philippines,2025-05-01,0,1,0,0,0,0,0,0,0,0,0,1,0,0,0,1,0,0,0,1
Philippines,2025-06-01,0,1,0,0,0,0,1,0,0,1,0,0,0,0,0,0,0,0,0,0
Philippines,2025-07-01,1,0,0,1,0,0,0,1,0,0,0,0,1,0,1,0,0,0,0,0
Philippines,2025-08-01,0,0,1,0,0,0,0,0,1,1,0,0,1,1,0,0,0,0,0,0
Philippines,2025-09-01,1,0,0,0,0,0,0,0,1,0,0,0,0,0,0,0,0,0,0,0
Philippines,2025-10-01,1,0,0,0,1,0,0,0,0,0,0,0,0,0,0,0,0,0,0,0
Philippines,2025-11-01,1,0,0,0,0,0,0,0,0,0,0,0,0,0,0,0,0,0,0,0
Philippines,2025-12-01,0,0,0,0,0,0,0,0,0,0,0,0,0,0,0,0,0,0,0,0
Philippines,2026-01-01,0,0,0,0,0,0,0,0,0,0,0,0,0,0,0,0,0,0,0,0
Albania,2012-01-01,0,0,0,0,1,0,0,0,0,0,0,0,0,0,1,0,0,0,0,0
Albania,2012-02-01,0,0,0,0,0,0,0,1,1,1,0,0,0,0,0,0,0,0,0,0
Albania,2012-03-01,0,0,0,0,0,0,0,0,0,0,0,0,1,1,0,0,0,0,0,0
Albania,2012-04-01,0,0,0,0,0,1,1,0,0,0,0,0,1,0,0,0,0,0,0,0
Albania,2012-05-01,0,0,0,0,0,0,0,0,0,0,0,0,0,0,0,0,0,0,0,0
Albania,2012-06-01,0,0,0,0,1,0,0,0,0,0,0,0,0,0,1,1,0,0,1,0
Albania,2012-07-01,0,0,0,0,1,0,0,0,0,0,0,0,0,0,0,0,0,1,0,0
Albania,2012-08-01,0,0,0,0,0,0,1,0,0,0,0,0,1,0,0,0,0,0,0,0
Albania,2012-09-01,0,1,0,0,0,0,0,0,0,0,0,0,0,0,0,0,0,0,0,0
Albania,2012-10-01,0,0,1,0,0,0,0,0,0,0,1,0,0,0,0,0,0,0,0,0
Albania,2012-11-01,0,0,0,0,0,0,0,1,0,0,0,0,0,0,0,0,0,0,0,0
Albania,2012-12-01,0,0,0,1,0,0,0,0,0,0,0,0,0,0,0,0,0,0,0,0
Albania,2013-01-01,0,0,0,0,0,0,0,1,0,0,0,0,0,0,0,1,0,0,0,0
Albania,2013-02-01,0,0,0,0,0,0,0,0,0,0,0,0,0,0,0,0,0,0,0,0
Albania,2013-03-01,1,0,0,0,0,0,0,0,1,0,0,0,0,0,1,0,0,0,0,0
Albania,2013-04-01,0,0,0,0,0,0,0,0,0,0,0,1,0,0,0,0,0,0,1,0
Albania,2013-05-01,0,0,0,0,0,1,0,0,0,0,0,0,0,0,0,0,0,1,0,0
Albania,2013-06-01,0,0,0,0,0,0,0,0,0,0,0,0,0,0,0,0,0,0,0,0
Albania,2013-07-01,0,0,0,0,0,0,0,0,0,0,0,1,0,0,0,0,0,0,0,1
Albania,2013-08-01,0,0,0,0,0,0,0,0,0,1,0,0,0,0,0,0,0,1,0,0
Albania,2013-09-01,0,0,0,0,0,0,0,0,0,0,0,0,0,1,0,0,1,0,0,0
Albania,2013-10-01,0,1,0,0,0,0,0,0,0,0,0,0,0,0,0,0,0,0,0,0
Albania,2013-11-01,0,0,0,0,0,0,1,0,0,0,0,0,0,0,0,0,0,0,0,0
Albania,2013-12-01,0,0,0,0,0,0,0,0,0,0,0,0,0,0,0,0,0,0,0,0
Albania,2014-01-01,1,0,0,0,1,0,1,0,1,0,0,0,0,0,0,0,0,0,0,0
Albania,2014-02-01,0,0,0,0,0,0,0,0,0,0,0,0,0,0,0,0,1,0,0,0
Albania,2014-03-01,0,0,0,0,0,0,0,0,0,0,0,0,0,0,0,0,0,0,0,0
Albania,2014-04-01,0,0,0,0,0,0,0,0,0,0,1,0,0,0,1,0,0,0,0,0
Albania,2014-05-01,0,0,0,0,0,0,0,0,0,0,1,0,0,0,0,0,0,0,0,0
Albania,2014-06-01,0,0,0,0,0,0,0,0,0,0,0,0,0,0,0,0,0,1,1,0
Albania,2014-07-01,0,0,0,0,0,1,0,0,0,0,0,0,0,0,0,0,0,0,0,0
Albania,2014-08-01,0,0,0,0,0,0,0,0,0,0,0,0,1,0,0,0,0,0,0,0
Albania,2014-09-01,0,1,0,0,0,0,0,0,0,0,0,0,0,0,0,0,0,0,0,0
Albania,2014-10-01,0,0,1,0,0,0,0,0,0,0,0,0,0,0,0,0,0,0,0,0
Albania,2014-11-01,0,0,0,0,0,0,0,0,0,0,0,0,0,0,0,0,0,0,0,0
Albania,2014-12-01,0,0,0,0,0,0,0,0,0,1,0,0,1,0,0,0,0,0,0,0
Albania,2015-01-01,0,0,0,0,0,0,0,0,0,0,0,0,0,0,0,1,0,0,0,0
Albania,2015-02-01,1,1,0,0,0,0,0,1,1,0,0,0,0,0,0,0,1,0,0,0
Albania,2015-03-01,0,0,0,0,0,0,0,0,0,0,0,0,0,0,0,0,0,0,0,0
Albania,2015-04-01,0,0,0,0,0,0,0,0,0,0,0,0,0,0,0,0,0,0,1,0
Albania,2015-05-01,0,0,0,0,1,0,0,0,0,0,0,0,0,0,0,0,0,0,0,0
Albania,2015-06-01,0,0,0,0,0,0,0,0,0,0,0,0,0,0,0,0,0,0,0,0
Albania,2015-07-01,0,0,0,1,0,0,0,0,0,0,0,1,0,0,1,0,0,1,0,1
Albania,2015-08-01,0,0,0,1,0,1,0,0,0,0,0,0,0,0,0,0,0,0,0,0
Albania,2015-09-01,0,0,0,0,0,0,0,0,0,0,0,1,0,0,0,0,0,0,0,0
Albania,2015-10-01,0,0,0,0,0,0,0,0,0,0,0,0,0,0,0,0,0,0,0,0
Albania,2015-11-01,0,0,0,0,0,0,0,0,0,0,1,0,0,0,0,0,0,0,0,0
Albania,2015-12-01,0,0,0,0,0,1,0,0,0,0,0,0,0,0,0,0,0,0,0,0
Albania,2016-01-01,0,0,0,0,0,0,0,0,0,0,0,0,1,0,0,0,0,0,0,0
Albania,2016-02-01,0,0,0,0,0,0,0,0,0,0,0,0,0,0,1,0,0,0,0,0
Albania,2016-03-01,0,0,0,0,0,0,0,0,0,0,0,0,0,0,0,0,0,0,0,0
Albania,2016-04-01,0,0,0,0,0,0,0,0,0,0,0,0,0,0,0,0,0,0,0,0
Albania,2016-05-01,0,0,0,0,0,0,0,0,0,0,0,0,1,0,0,0,0,0,0,0
Albania,2016-06-01,0,0,0,0,0,0,0,0,0,0,0,0,0,0,0,0,1,1,0,0
Albania,2016-07-01,0,0,0,0,0,0,0,0,0,0,0,0,0,0,0,1,0,0,0,0
Albania,2016-08-01,0,0,1,0,0,0,0,0,0,0,0,0,0,0,0,0,0,0,0,0
Albania,2016-09-01,0,0,0,0,0,0,0,0,0,0,0,0,0,0,0,1,0,0,0,0
Albania,2016-10-01,0,0,0,0,0,0,0,1,0,0,0,0,0,1,1,0,0,0,1,0
Albania,2016-11-01,1,0,0,0,1,0,0,0,1,0,0,0,0,0,0,0,0,0,1,0
Albania,2016-12-01,0,0,0,0,0,0,0,0,0,0,0,0,0,0,0,0,0,0,0,0
Albania,2017-01-01,0,0,0,1,0,0,0,0,0,0,0,0,0,0,0,0,0,0,0,0
Albania,2017-02-01,0,0,0,0,0,0,0,0,0,0,0,0,0,0,0,0,0,0,0,0
Albania,2017-03-01,0,0,0,0,0,0,0,0,0,0,0,0,0,0,0,0,0,0,0,0
Albania,2017-04-01,0,0,0,0,0,0,0,0,0,0,0,0,0,0,0,0,0,0,0,0
Albania,2017-05-01,0,0,0,0,0,0,0,0,0,0,0,0,0,0,0,0,0,0,0,0
Albania,2017-06-01,0,0,0,0,0,0,0,0,0,0,0,0,0,0,0,0,0,0,0,0
Albania,2017-07-01,0,0,0,1,0,0,1,0,0,0,0,0,0,1,0,0,0,0,0,0
Albania,2017-08-01,0,0,0,0,0,0,0,0,0,0,1,1,0,0,0,0,0,0,0,0
Albania,2017-09-01,0,0,0,0,0,0,0,0,0,0,0,0,0,0,1,0,0,0,0,0
Albania,2017-10-01,0,0,0,0,0,0,0,0,0,0,0,0,0,0,0,0,0,0,0,1
Albania,2017-11-01,0,0,0,1,0,0,0,0,0,0,0,0,0,0,0,0,0,0,0,0
Albania,2017-12-01,1,0,1,0,0,0,0,1,1,0,0,1,0,0,0,0,0,0,0,0
Albania,2018-01-01,0,0,0,0,0,0,0,0,0,0,0,0,0,0,0,0,1,0,0,0
Albania,2018-02-01,0,0,0,1,0,0,0,0,0,0,0,0,1,1,0,1,0,0,0,0
Albania,2018-03-01,0,1,0,0,0,0,0,1,0,0,0,0,0,0,0,0,0,0,0,0
Albania,2018-04-01,0,1,0,0,0,0,0,0,0,0,0,0,0,0,0,0,0,0,0,0
Albania,2018-05-01,0,0,0,0,0,0,0,0,0,0,0,0,0,0,0,0,0,1,0,0
Albania,2018-06-01,0,0,0,0,0,0,0,0,0,0,0,0,0,0,0,0,0,0,0,0
Albania,2018-07-01,1,0,0,0,0,0,0,0,1,1,0,0,0,0,0,0,0,0,0,0
Albania,2018-08-01,0,0,0,0,0,0,0,0,0,0,0,0,0,0,0,0,0,0,0,1
Albania,2018-09-01,0,0,0,0,0,0,0,0,0,0,0,0,0,0,0,0,0,0,0,0
Albania,2018-10-01,0,0,0,0,0,1,0,0,0,0,0,0,0,0,0,0,0,0,0,0
Albania,2018-11-01,0,0,0,1,0,0,0,0,0,0,0,0,1,1,0,0,0,0,0,0
Albania,2018-12-01,0,0,0,0,0,0,0,0,0,1,0,0,0,0,0,0,0,1,0,0
Albania,2019-01-01,0,0,1,0,0,0,0,0,0,0,0,0,0,0,0,0,0,0,0,0
Albania,2019-02-01,0,0,0,0,0,0,0,0,0,0,0,0,0,0,1,0,0,0,1,0
Albania,2019-03-01,0,1,0,0,0,0,0,0,0,0,0,0,0,0,1,1,0,0,0,0
Albania,2019-04-01,0,0,0,0,0,0,0,0,0,0,0,0,0,0,1,0,1,0,0,1
Albania,2019-05-01,0,0,0,0,0,0,0,0,0,0,0,0,0,0,0,0,0,0,0,0
Albania,2019-06-01,0,0,0,0,0,0,0,0,0,0,0,0,0,0,0,0,0,1,0,0
Albania,2019-07-01,0,0,0,0,0,0,0,0,0,0,0,1,0,0,0,0,0,0,0,0
Albania,2019-08-01,0,0,0,1,0,0,0,0,0,1,0,0,0,0,0,0,0,0,0,0
Albania,2019-09-01,1,0,0,0,0,0,0,0,1,0,1,0,0,0,0,1,0,0,0,0
Albania,2019-10-01,0,0,0,0,0,0,0,0,0,0,0,0,0,0,0,0,0,0,0,1
Albania,2019-11-01,1,0,0,0,0,0,0,1,1,0,1,0,0,0,0,0,1,0,0,0
Albania,2019-12-01,1,0,0,1,1,1,1,1,1,0,1,0,1,0,0,0,0,0,0,0
Albania,2020-01-01,0,0,0,0,0,0,0,1,0,0,0,0,1,0,0,0,0,0,0,0
Albania,2020-02-01,0,0,0,0,0,0,0,0,0,0,0,0,0,1,0,0,0,0,0,0
Albania,2020-03-01,0,0,0,0,0,0,0,0,0,0,0,0,0,0,0,0,0,0,0,0
Albania,2020-04-01,0,0,0,0,0,0,0,0,0,0,0,0,0,0,0,0,0,0,0,0
Albania,2020-05-01,0,0,0,0,0,0,0,0,0,0,0,0,0,0,0,0,0,0,0,0
Albania,2020-06-01,0,1,0,0,0,0,0,0,0,0,0,0,0,0,0,0,0,0,1,0
Albania,2020-07-01,0,0,0,0,0,0,0,0,0,0,0,0,0,0,0,0,0,0,0,0
Albania,2020-08-01,0,0,0,0,0,0,0,0,0,0,0,0,0,0,0,0,0,0,0,0
Albania,2020-09-01,0,0,1,0,0,0,0,0,0,0,0,0,0,0,0,0,0,0,0,0
Albania,2020-10-01,0,0,0,0,0,0,0,0,0,0,0,0,0,0,0,0,0,0,0,0
Albania,2020-11-01,0,0,0,0,0,0,0,0,0,1,0,0,0,0,0,0,0,0,0,0
Albania,2020-12-01,0,0,0,0,0,0,0,0,0,0,0,0,0,0,0,0,1,1,0,0
Albania,2021-01-01,1,0,0,0,0,0,0,0,0,0,0,0,0,0,0,0,0,0,0,0
Albania,2021-02-01,0,0,0,0,0,0,0,1,0,0,0,0,0,0,1,1,0,0,0,0
Albania,2021-03-01,0,0,0,0,0,0,0,0,0,0,0,0,0,0,0,0,0,0,0,0
Albania,2021-04-01,0,0,0,0,0,0,0,0,0,0,0,0,0,0,0,0,0,0,0,0
Albania,2021-05-01,0,0,0,0,0,0,0,0,0,0,0,0,0,0,0,0,0,0,0,1
Albania,2021-06-01,0,0,0,0,0,0,0,0,0,0,0,0,0,0,0,0,0,1,0,0
Albania,2021-07-01,0,0,0,0,0,0,1,0,0,0,0,0,0,0,0,0,0,0,0,1
Albania,2021-08-01,0,0,0,0,0,1,1,0,0,0,0,0,0,1,0,0,0,0,0,0
Albania,2021-09-01,0,0,0,0,0,0,0,0,0,0,0,0,0,0,0,0,0,0,0,1
Albania,2021-10-01,0,1,0,0,0,0,0,0,0,0,1,0,0,0,0,0,0,0,0,0
Albania,2021-11-01,0,0,1,1,0,0,0,0,0,0,0,0,0,0,0,0,0,0,0,0
Albania,2021-12-01,0,0,0,0,0,1,0,0,0,1,0,0,0,0,0,0,0,0,1,0
Albania,2022-01-01,0,0,0,0,0,0,0,0,0,0,0,0,0,0,0,0,0,0,0,0
Albania,2022-02-01,0,0,0,0,0,0,0,0,0,0,0,0,0,0,0,0,0,0,0,0
Albania,2022-03-01,0,0,0,0,1,1,0,0,0,0,0,0,0,0,0,0,1,0,0,0
Albania,2022-04-01,0,0,0,0,0,0,0,0,0,0,0,0,0,0,0,0,0,0,0,0
Albania,2022-05-01,0,0,0,0,0,0,0,0,0,0,0,0,0,0,0,0,0,0,0,0
Albania,2022-06-01,0,0,0,0,0,0,0,0,0,0,0,0,0,0,1,0,0,0,0,1
Albania,2022-07-01,0,1,0,0,0,0,1,0,0,0,0,0,0,0,0,1,0,0,0,0
Albania,2022-08-01,0,0,0,0,0,0,0,0,0,0,0,0,0,0,0,0,0,0,0,0
Albania,2022-09-01,0,0,0,0,0,0,0,0,0,0,0,0,1,0,0,0,0,0,0,0
Albania,2022-10-01,0,0,0,0,0,0,0,0,0,0,0,0,0,0,0,0,0,0,0,0
Albania,2022-11-01,0,0,0,0,0,0,0,1,1,0,0,0,0,0,0,0,0,1,0,0
Albania,2022-12-01,0,0,0,0,0,0,0,0,0,0,0,0,1,0,0,0,0,0,0,0
Albania,2023-01-01,1,0,0,0,0,0,0,1,0,0,0,0,0,0,0,0,0,0,0,0
Albania,2023-02-01,0,0,0,0,0,0,0,0,0,0,0,0,0,0,0,0,0,0,0,0
Albania,2023-03-01,0,0,0,0,0,0,0,0,0,1,0,0,0,1,0,1,0,0,0,0
Albania,2023-04-01,0,0,0,0,0,0,0,0,0,0,0,0,0,0,0,0,0,0,0,0
Albania,2023-05-01,0,0,0,0,0,0,0,0,0,0,0,1,0,0,0,0,0,0,0,0
Albania,2023-06-01,0,0,0,0,0,0,0,0,0,0,0,0,0,0,0,0,0,0,0,0
Albania,2023-07-01,0,0,0,0,1,1,0,0,0,0,1,0,0,0,0,0,0,0,0,0
Albania,2023-08-01,0,0,0,1,0,0,0,0,0,0,0,0,0,1,0,0,0,0,0,1
Albania,2023-09-01,0,0,0,1,0,1,0,0,0,1,0,0,1,0,0,0,0,0,1,0
Albania,2023-10-01,0,0,0,0,0,0,0,0,0,0,0,0,0,0,0,0,1,1,0,0
Albania,2023-11-01,1,0,0,0,0,0,0,0,1,0,0,0,0,0,0,0,0,0,1,1
Albania,2023-12-01,0,0,0,0,0,0,0,1,0,0,0,0,0,0,0,0,0,0,0,0
Albania,2024-01-01,0,1,0,0,1,0,0,1,0,0,0,0,0,0,0,0,0,0,0,0
Albania,2024-02-01,0,1,0,0,0,0,0,0,0,0,0,0,0,0,0,0,0,0,1,0
Albania,2024-03-01,0,0,1,0,0,0,0,0,0,0,0,0,0,0,0,1,0,0,0,0
Albania,2024-04-01,0,0,0,0,0,0,0,0,0,0,0,0,0,0,0,0,0,0,0,0
Albania,2024-05-01,0,0,0,0,0,0,0,0,0,0,0,0,0,0,1,0,0,0,0,0
Albania,2024-06-01,0,0,0,0,1,0,0,0,0,0,0,0,0,0,0,0,0,0,0,0
Albania,2024-07-01,0,0,0,0,0,0,0,0,0,0,1,1,0,0,0,0,0,1,0,0
Albania,2024-08-01,1,0,0,0,0,0,1,0,1,1,0,0,1,1,0,0,0,0,0,0
Albania,2024-09-01,0,0,0,0,0,0,0,0,0,0,0,0,0,0,0,0,0,0,0,0
Albania,2024-10-01,0,0,0,0,0,0,0,0,0,0,0,0,0,0,0,0,0,0,1,0
Albania,2024-11-01,0,0,0,0,0,0,0,0,0,0,0,0,0,0,0,0,1,0,0,0
Albania,2024-12-01,0,0,0,0,0,0,0,0,0,0,0,0,0,0,0,0,0,0,0,0
Albania,2025-01-01,0,1,0,0,0,0,0,0,0,0,0,0,0,0,0,0,0,0,0,0
Albania,2025-02-01,0,0,0,0,0,0,0,1,0,0,0,0,0,0,0,0,0,0,0,0
Albania,2025-03-01,0,0,0,0,0,0,0,0,0,0,0,0,0,0,0,0,0,0,0,0
Albania,2025-04-01,0,0,0,0,0,0,0,0,0,0,0,0,0,0,0,0,0,0,0,0
Albania,2025-05-01,0,0,0,0,0,0,0,0,0,0,0,0,0,0,0,0,0,0,0,0
Albania,2025-06-01,0,0,0,0,0,0,0,0,0,0,0,0,0,0,0,0,0,0,0,0
Albania,2025-07-01,0,0,1,0,0,0,0,0,0,0,0,0,0,0,0,0,0,0,0,0
Albania,2025-08-01,0,0,0,0,0,0,0,1,0,0,0,0,0,0,0,0,0,0,0,0
Albania,2025-09-01,0,0,0,0,0,0,0,0,0,0,0,0,0,1,1,0,0,0,0,0
Albania,2025-10-01,0,0,0,0,0,0,0,0,0,0,0,0,0,1,0,0,0,0,0,0
Albania,2025-11-01,0,0,0,0,0,0,0,0,0,0,0,0,0,0,0,0,0,0,0,0
Albania,2025-12-01,0,0,0,0,0,0,0,0,0,0,0,0,0,0,0,0,0,0,0,0
Albania,2026-01-01,0,0,0,0,0,0,0,0,0,0,0,0,0,0,0,0,0,0,0,0
Peru,2012-01-01,1,0,0,0,1,0,0,0,0,0,0,0,0,0,0,1,1,0,0,0
Peru,2012-02-01,1,0,0,0,0,0,0,0,1,1,0,0,0,0,0,0,0,0,1,0
Peru,2012-03-01,0,1,0,1,0,0,0,0,0,0,1,1,1,1,0,0,0,1,1,0
Peru,2012-04-01,0,0,0,0,0,1,1,1,0,0,0,0,1,0,1,0,0,1,0,1
Peru,2012-05-01,0,0,0,1,1,0,0,0,0,1,0,0,0,1,0,0,0,0,0,0
Peru,2012-06-01,0,0,0,0,0,0,1,0,1,0,1,0,0,0,0,1,0,0,1,0
Peru,2012-07-01,0,1,0,0,0,0,0,0,0,0,0,0,0,0,1,1,0,0,0,0
Peru,2012-08-01,0,0,1,0,0,0,0,0,0,0,0,0,0,0,0,0,0,0,0,0
Peru,2012-09-01,0,0,0,0,0,0,0,0,0,0,0,0,0,0,0,0,0,0,0,0
Peru,2012-10-01,0,1,0,0,0,0,0,0,0,0,0,0,0,0,0,0,0,0,0,0
Peru,2012-11-01,0,0,0,0,0,0,0,0,0,1,0,1,0,0,0,0,1,0,0,0
Peru,2012-12-01,0,0,0,0,0,0,0,0,0,0,0,0,0,1,0,0,0,0,0,0
Peru,2013-01-01,0,0,0,0,0,0,0,0,0,0,0,0,0,0,0,0,0,0,0,0
Peru,2013-02-01,0,0,0,0,0,0,0,0,0,0,0,0,0,0,0,0,0,0,0,0
Peru,2013-03-01,0,0,0,0,0,0,0,0,0,0,0,0,0,0,0,0,0,0,0,0
Peru,2013-04-01,0,0,0,0,0,0,0,0,0,0,0,0,0,0,0,0,0,0,0,0
Peru,2013-05-01,0,0,0,0,0,0,0,0,0,0,0,0,1,0,0,0,0,0,0,0
Peru,2013-06-01,0,0,0,0,0,0,0,0,0,0,0,0,0,0,0,0,0,0,0,0
Peru,2013-07-01,0,0,0,0,0,1,0,0,0,0,0,0,0,0,0,0,0,0,0,0
Peru,2013-08-01,0,0,0,0,0,0,0,0,0,0,0,0,0,0,0,0,0,0,0,0
Peru,2013-09-01,0,0,0,0,0,1,0,0,1,0,0,0,1,0,0,0,0,0,0,0
Peru,2013-10-01,0,0,0,1,0,1,0,0,0,0,0,0,0,0,1,0,0,0,0,0
Peru,2013-11-01,0,0,0,1,0,0,0,0,0,0,0,0,0,0,0,0,0,0,0,0
Peru,2013-12-01,0,0,0,0,0,0,0,0,0,0,0,0,0,0,0,0,0,0,0,0
Peru,2014-01-01,0,0,0,0,0,0,0,0,0,0,0,0,0,0,0,0,0,0,0,0
Peru,2014-02-01,0,0,0,0,0,0,0,0,0,1,0,1,0,0,0,0,0,0,0,0
Peru,2014-03-01,0,0,0,0,0,0,0,1,0,0,0,0,0,0,0,0,0,0,0,0
Peru,2014-04-01,1,0,0,0,0,0,0,0,1,0,0,0,0,0,0,0,0,0,0,0
Peru,2014-05-01,0,0,0,0,0,0,0,0,0,0,0,0,0,0,0,0,0,0,0,0
Peru,2014-06-01,0,0,1,0,0,0,0,0,0,0,0,0,0,0,0,0,0,0,0,0
Peru,2014-07-01,0,0,0,0,0,0,0,0,0,0,0,0,0,0,0,0,0,0,0,0
Peru,2014-08-01,0,0,0,0,0,0,0,0,0,0,0,0,0,0,0,0,0,0,0,0
Peru,2014-09-01,0,0,0,0,0,1,0,0,0,0,0,0,0,0,0,0,0,1,0,0
Peru,2014-10-01,0,0,0,0,0,0,0,0,0,0,0,0,0,0,0,0,0,0,0,0
Peru,2014-11-01,0,0,0,0,0,0,0,0,0,0,0,0,0,0,0,0,0,0,0,0
Peru,2014-12-01,0,1,1,0,1,0,0,0,0,0,1,1,0,0,1,0,1,0,0,0
Peru,2015-01-01,0,0,0,0,0,0,0,0,0,0,0,0,0,0,0,0,0,0,0,0
Peru,2015-02-01,0,0,0,0,0,0,0,1,0,0,0,0,0,0,0,0,0,0,1,1
Peru,2015-03-01,0,0,0,0,0,0,0,0,0,0,0,0,0,0,0,0,0,0,0,0
Peru,2015-04-01,0,0,0,0,0,0,0,0,0,0,0,0,0,0,0,0,0,0,0,0
Peru,2015-05-01,0,0,0,0,0,0,0,0,0,0,0,0,0,0,0,0,0,1,1,1
Peru,2015-06-01,0,0,0,0,0,0,0,0,0,0,0,0,0,0,0,0,0,0,0,0
Peru,2015-07-01,0,0,0,0,0,0,0,0,0,0,0,0,0,0,0,0,0,0,0,0
Peru,2015-08-01,0,0,0,0,0,0,0,0,0,0,0,0,0,0,0,0,0,0,0,0
Peru,2015-09-01,0,0,0,0,0,0,0,0,0,0,0,0,1,0,0,0,0,0,1,0
Peru,2015-10-01,0,0,0,0,0,0,0,0,0,0,0,0,0,0,0,0,0,0,0,0
Peru,2015-11-01,0,0,0,0,0,0,0,0,0,0,0,0,0,0,0,0,0,0,0,0
Peru,2015-12-01,0,0,0,0,0,0,0,1,0,0,0,0,0,1,0,0,0,0,0,0
Peru,2016-01-01,0,0,0,1,0,0,0,0,0,0,0,0,0,1,0,0,0,0,0,0
Peru,2016-02-01,0,0,0,0,0,0,1,0,0,0,0,0,0,0,0,0,0,0,0,0
Peru,2016-03-01,0,0,0,0,0,0,0,0,0,0,0,0,0,0,0,0,0,1,0,0
Peru,2016-04-01,0,0,0,0,0,0,0,0,0,0,0,0,0,0,0,0,0,0,0,0
Peru,2016-05-01,0,0,0,0,0,1,0,0,0,0,0,0,1,0,0,0,0,0,0,0
Peru,2016-06-01,0,0,0,0,0,0,0,0,0,0,0,0,0,0,0,0,0,0,0,0
Peru,2016-07-01,0,0,0,0,0,0,0,0,0,0,0,0,0,0,0,0,0,0,0,0
Peru,2016-08-01,0,0,0,0,0,0,0,0,0,0,0,0,0,0,0,0,0,0,0,0
Peru,2016-09-01,0,0,1,0,0,0,0,0,0,0,0,0,0,0,0,0,0,0,0,0
Peru,2016-10-01,0,0,0,0,0,0,0,0,0,0,0,0,0,0,0,0,0,0,1,0
Peru,2016-11-01,0,1,0,0,0,0,0,0,0,0,0,0,0,0,0,0,0,0,0,0
Peru,2016-12-01,0,0,0,0,0,0,0,0,0,0,0,0,0,0,0,1,1,0,0,0
Peru,2017-01-01,0,0,0,0,0,0,0,0,0,0,0,0,1,0,0,0,0,0,0,1
Peru,2017-02-01,0,0,0,0,0,0,0,0,0,0,0,0,0,0,0,0,0,0,0,0
Peru,2017-03-01,1,0,0,0,0,0,0,1,0,0,1,1,0,0,0,0,0,0,0,0
Peru,2017-04-01,0,0,0,0,0,0,0,0,0,0,0,0,0,0,0,0,0,0,0,0
Peru,2017-05-01,0,0,0,0,0,0,0,0,0,0,0,0,0,0,0,0,0,0,0,0
Peru,2017-06-01,0,0,0,0,0,1,0,0,0,0,0,0,0,0,0,0,0,0,0,0
Peru,2017-07-01,0,0,0,0,0,0,0,0,0,0,0,0,0,0,0,0,0,0,1,0
Peru,2017-08-01,0,0,0,1,0,0,0,0,0,0,0,0,0,0,0,0,0,0,0,0
Peru,2017-09-01,1,0,0,0,0,0,0,1,1,1,1,0,0,1,1,0,0,1,0,0
Peru,2017-10-01,0,0,0,0,0,0,0,0,0,0,0,0,0,0,0,0,0,0,0,0
Peru,2017-11-01,0,0,0,0,0,0,0,0,0,0,0,0,0,0,0,0,0,0,0,0
Peru,2017-12-01,0,0,0,0,0,0,0,0,0,0,0,0,0,0,0,0,0,0,0,0
Peru,2018-01-01,0,0,0,0,0,0,0,0,0,0,0,0,0,0,0,0,0,0,0,0
Peru,2018-02-01,0,0,0,0,0,0,0,0,0,0,0,0,1,0,0,0,0,0,0,0
Peru,2018-03-01,0,0,0,0,0,0,0,0,0,0,0,0,0,0,0,0,0,0,0,0
Peru,2018-04-01,0,0,0,0,0,0,0,0,0,0,0,0,0,0,0,0,0,0,0,0
Peru,2018-05-01,0,0,0,0,0,0,0,0,0,0,0,0,0,0,0,0,0,0,0,0
Peru,2018-06-01,0,0,0,0,0,1,0,0,0,0,0,0,0,0,0,0,0,0,0,0
Peru,2018-07-01,0,0,0,0,0,1,0,0,0,0,0,0,0,0,0,0,0,0,0,0
Peru,2018-08-01,0,0,0,0,0,0,0,0,0,0,0,0,0,0,0,0,0,0,0,0
Peru,2018-09-01,0,1,0,0,0,0,0,0,0,0,0,0,1,0,1,0,0,0,0,0
Peru,2018-10-01,0,0,0,0,0,0,0,0,0,0,0,0,0,0,0,0,0,0,0,0
Peru,2018-11-01,0,1,0,0,0,0,0,0,0,0,0,0,0,0,0,0,0,0,0,0
Peru,2018-12-01,0,0,1,0,0,0,0,0,0,0,1,0,0,0,1,0,0,0,0,0
Peru,2019-01-01,0,0,0,0,0,0,0,0,0,0,0,0,0,0,0,0,0,0,0,0
Peru,2019-02-01,1,0,0,0,0,0,0,0,0,1,0,0,0,1,0,0,0,0,0,0
Peru,2019-03-01,0,0,0,0,0,0,0,0,0,0,0,0,0,1,0,0,0,0,1,1
Peru,2019-04-01,0,0,0,0,0,0,0,0,0,0,0,0,0,0,0,1,0,1,0,0
Peru,2019-05-01,1,0,0,1,0,0,0,0,0,0,0,0,0,0,0,0,1,0,0,0
Peru,2019-06-01,0,0,0,0,0,0,1,0,0,0,0,0,0,0,0,0,0,0,0,0
Peru,2019-07-01,0,0,0,0,0,0,0,1,0,0,0,0,0,0,0,0,0,0,1,0
Peru,2019-08-01,0,0,0,0,0,0,1,0,0,0,1,0,0,0,0,0,1,0,0,0
Peru,2019-09-01,0,1,0,0,0,0,0,0,1,0,0,0,0,0,0,0,0,0,0,1
Peru,2019-10-01,0,0,0,0,0,0,0,0,0,0,0,1,0,0,0,0,0,0,0,1
Peru,2019-11-01,0,0,0,0,0,0,0,0,0,0,0,0,0,0,0,0,0,0,0,0
Peru,2019-12-01,0,0,0,0,0,0,0,0,0,0,0,1,0,0,0,0,0,0,0,0
Peru,2020-01-01,0,0,1,0,0,1,0,1,0,0,0,0,0,0,1,0,0,0,0,0
Peru,2020-02-01,0,0,0,0,0,0,0,0,0,0,0,0,1,0,0,0,0,0,0,0
Peru,2020-03-01,0,0,0,0,0,0,0,0,0,0,0,0,0,0,0,0,0,0,0,0
Peru,2020-04-01,0,0,0,0,0,0,0,0,0,0,0,0,0,0,0,0,0,0,0,0
Peru,2020-05-01,0,0,0,0,0,0,0,0,0,0,0,0,0,0,0,0,0,0,0,0
Peru,2020-06-01,0,0,0,0,0,0,0,0,0,0,0,0,0,0,0,0,0,0,0,0
Peru,2020-07-01,0,0,0,0,0,0,0,0,0,0,0,0,0,0,0,0,0,0,0,0
Peru,2020-08-01,0,0,0,0,0,0,0,0,0,0,0,0,0,0,0,0,0,0,0,0
Peru,2020-09-01,0,0,0,1,0,0,0,0,0,0,0,0,0,0,0,0,0,1,0,0
Peru,2020-10-01,0,1,1,0,0,0,0,0,1,0,0,0,0,1,0,1,0,0,0,0
Peru,2020-11-01,0,0,0,0,0,0,0,0,0,0,0,0,0,0,0,0,0,0,0,0
Peru,2020-12-01,0,0,0,0,0,0,0,0,0,0,0,0,0,0,0,0,0,0,1,0
Peru,2021-01-01,0,0,0,0,0,0,0,0,0,0,0,0,0,0,0,0,0,0,0,0
Peru,2021-02-01,0,0,0,0,0,0,0,0,0,0,0,1,0,0,0,0,0,0,0,0
Peru,2021-03-01,0,0,0,0,0,0,0,0,0,0,0,0,0,0,0,0,0,0,0,0
Peru,2021-04-01,0,0,0,0,0,1,0,0,0,0,0,0,0,0,0,0,0,0,0,0
Peru,2021-05-01,0,0,0,0,0,0,0,0,0,0,0,0,0,0,0,0,0,0,0,0
Peru,2021-06-01,0,0,0,0,0,0,0,0,0,0,0,0,0,0,0,0,0,0,0,0
Peru,2021-07-01,0,0,0,0,0,0,0,0,0,0,0,0,0,0,1,0,0,0,0,0
Peru,2021-08-01,1,0,0,0,0,0,0,0,0,0,0,0,0,0,0,0,0,0,0,0
Peru,2021-09-01,0,0,0,0,0,0,0,0,0,0,0,0,0,0,0,0,0,0,0,0
Peru,2021-10-01,0,0,0,0,1,0,0,0,0,0,0,0,0,0,0,0,0,0,0,0
Peru,2021-11-01,0,1,0,0,0,0,0,0,1,0,1,0,1,1,0,0,0,0,1,0
Peru,2021-12-01,0,0,0,0,0,0,0,0,0,0,0,0,1,0,0,0,0,0,0,1
Peru,2022-01-01,1,0,0,0,0,0,1,1,0,1,0,0,1,0,0,0,0,0,0,0
Peru,2022-02-01,0,0,0,0,0,0,1,0,0,0,0,0,0,0,0,0,0,0,0,0
Peru,2022-03-01,0,0,0,0,0,0,0,0,0,0,0,0,0,0,0,1,0,1,0,0
Peru,2022-04-01,0,0,0,0,0,0,0,0,0,0,0,0,0,0,0,0,0,0,1,0
Peru,2022-05-01,0,0,0,0,0,0,0,0,0,0,1,0,0,0,0,0,0,0,0,0
Peru,2022-06-01,0,0,0,0,0,1,0,0,0,0,0,0,1,0,0,0,0,0,0,1
Peru,2022-07-01,0,0,0,0,0,0,0,0,0,0,0,0,0,0,0,0,0,0,0,0
Peru,2022-08-01,0,0,0,0,0,0,0,0,0,0,0,0,0,0,1,0,0,0,0,0
Peru,2022-09-01,0,0,0,0,0,0,0,0,0,0,0,0,0,0,0,0,0,0,0,0
Peru,2022-10-01,0,0,1,0,0,0,0,0,0,0,0,0,0,0,0,0,0,0,0,0
Peru,2022-11-01,0,1,0,0,0,0,0,0,0,0,0,0,0,0,0,0,0,0,0,0
Peru,2022-12-01,0,0,0,0,0,0,0,0,0,0,0,0,0,0,0,0,0,0,0,0
Peru,2023-01-01,0,0,0,0,0,0,0,0,0,0,0,0,0,0,0,0,0,0,1,0
Peru,2023-02-01,0,0,0,0,0,1,0,0,0,0,0,0,0,0,0,0,0,0,0,0
Peru,2023-03-01,1,0,0,0,0,0,0,0,1,0,0,1,0,0,0,0,0,0,0,0
Peru,2023-04-01,0,0,0,0,0,0,0,0,0,0,0,0,0,0,0,0,0,0,0,0
Peru,2023-05-01,0,0,0,0,0,0,0,0,0,0,0,0,0,0,0,0,0,0,0,0
Peru,2023-06-01,0,0,0,0,0,0,0,0,0,0,0,0,0,0,0,0,0,0,0,0
Peru,2023-07-01,0,0,0,0,0,0,0,0,0,0,0,0,0,0,0,0,0,0,0,0
Peru,2023-08-01,0,1,0,0,0,0,0,0,0,0,1,0,0,0,0,0,0,0,0,0
Peru,2023-09-01,0,0,0,0,0,0,0,0,0,0,0,0,0,1,0,0,1,0,0,0
Peru,2023-10-01,0,0,0,0,0,0,0,0,0,0,0,0,0,0,0,0,1,0,0,0
Peru,2023-11-01,0,0,0,0,0,0,1,0,0,0,0,0,0,0,0,0,0,0,0,0
Peru,2023-12-01,0,1,0,1,1,1,0,0,0,0,0,0,1,0,0,0,0,1,0,1
Peru,2024-01-01,0,0,1,0,0,0,0,0,0,0,0,0,0,0,1,0,0,0,0,0
Peru,2024-02-01,0,0,0,0,0,0,0,1,1,0,0,1,0,0,0,0,0,0,0,0
Peru,2024-03-01,0,0,0,0,0,0,0,0,0,1,0,0,0,0,0,0,0,0,0,0
Peru,2024-04-01,0,0,0,0,0,1,0,1,0,1,0,0,0,0,0,0,0,0,0,0
Peru,2024-05-01,0,0,0,0,0,0,0,0,0,0,0,0,0,0,0,0,0,0,0,0
Peru,2024-06-01,0,0,0,0,0,0,0,0,0,0,0,0,0,0,0,0,0,0,0,0
Peru,2024-07-01,0,0,0,0,0,0,0,0,0,0,0,0,0,0,0,0,0,0,0,0
Peru,2024-08-01,0,0,0,0,0,0,0,0,0,0,0,0,0,0,0,0,0,0,0,0
Peru,2024-09-01,0,0,0,0,0,0,0,0,0,0,0,0,0,0,0,0,0,0,0,0
Peru,2024-10-01,0,0,0,0,0,0,0,0,0,0,0,0,0,0,0,0,0,0,0,0
Peru,2024-11-01,0,0,0,0,0,0,0,0,0,0,0,0,0,0,0,0,0,0,0,0
Peru,2024-12-01,0,0,0,0,0,0,1,0,0,0,0,0,0,0,0,0,0,0,0,0
Peru,2025-01-01,0,0,1,0,0,0,0,0,0,1,0,0,0,1,0,0,0,0,0,0
Peru,2025-02-01,1,1,1,0,1,0,0,0,0,0,1,0,0,0,0,1,0,0,0,0
Peru,2025-03-01,0,1,0,0,1,1,0,0,0,0,1,0,1,0,0,1,1,1,1,0
Peru,2025-04-01,0,1,0,1,0,0,0,0,0,0,0,0,0,0,1,0,0,0,0,0
Peru,2025-05-01,0,1,1,1,1,0,0,0,1,1,1,0,1,1,0,0,1,1,0,1
Peru,2025-06-01,1,0,0,0,0,0,0,0,0,0,0,1,0,0,1,0,0,0,0,0
Peru,2025-07-01,1,0,0,0,0,0,0,0,0,0,0,0,0,1,0,0,1,0,1,1
Peru,2025-08-01,0,0,0,0,1,0,1,0,0,0,0,1,0,0,0,0,0,0,0,1
Peru,2025-09-01,0,0,0,0,0,0,0,0,0,0,0,0,0,0,0,0,0,0,0,0
Peru,2025-10-01,0,0,0,0,0,0,0,0,0,0,0,0,0,0,0,0,0,0,0,0
Peru,2025-11-01,0,0,0,0,0,0,0,0,0,0,0,0,0,0,0,0,0,0,0,0
Peru,2025-12-01,0,0,0,0,0,0,0,0,0,0,0,0,0,0,0,0,0,0,0,0
Peru,2026-01-01,0,0,0,0,0,0,0,0,0,0,0,0,0,0,0,0,0,0,0,0
India,2012-01-01,0,0,0,0,0,0,0,0,0,0,0,0,0,0,0,0,0,0,0,0
India,2012-02-01,0,0,0,0,1,0,0,0,0,0,0,0,1,0,0,0,0,0,0,0
India,2012-03-01,0,0,0,0,0,1,0,0,0,0,0,0,1,0,0,0,0,0,1,1
India,2012-04-01,0,0,1,0,1,0,0,0,0,1,0,0,0,1,1,0,0,0,0,0
India,2012-05-01,0,1,0,1,0,0,0,0,0,0,0,0,0,0,0,0,0,1,0,1
India,2012-06-01,0,0,0,1,1,0,0,0,0,0,1,0,0,0,0,0,0,0,0,0
India,2012-07-01,0,0,0,0,0,0,1,0,1,0,0,1,0,0,0,0,0,0,1,0
India,2012-08-01,0,0,0,0,0,0,0,0,0,0,0,0,0,0,0,0,0,0,0,0
India,2012-09-01,0,0,0,0,0,0,0,0,0,0,0,0,1,0,0,0,0,0,0,0
India,2012-10-01,0,0,0,0,0,0,0,0,0,0,0,0,0,0,0,0,0,1,0,0
India,2012-11-01,0,0,0,0,0,0,0,0,0,0,0,0,0,0,0,0,0,0,0,0
India,2012-12-01,0,0,0,0,0,0,0,0,0,0,0,0,0,0,0,0,0,0,0,0
India,2013-01-01,0,0,0,0,0,0,0,0,0,0,0,0,0,0,0,0,0,0,0,0
India,2013-02-01,0,0,0,0,0,0,0,0,0,0,0,0,0,0,0,0,0,0,0,0
India,2013-03-01,0,0,0,0,0,0,0,0,0,0,0,0,0,0,0,1,0,0,0,0
India,2013-04-01,0,0,0,0,0,0,0,0,0,0,0,0,0,0,0,0,0,0,0,0
India,2013-05-01,0,0,0,0,0,0,0,0,0,0,0,0,0,0,0,0,0,0,0,0
India,2013-06-01,1,0,0,1,0,0,0,1,1,0,1,0,0,0,0,0,0,0,0,0
India,2013-07-01,0,0,0,0,0,0,0,0,0,0,0,0,0,0,0,0,0,0,0,0
India,2013-08-01,0,0,0,0,0,0,0,0,0,1,0,0,0,1,0,0,0,0,0,0
India,2013-09-01,0,0,0,0,0,1,0,0,0,0,0,0,0,0,0,0,0,0,0,0
India,2013-10-01,0,0,0,0,0,1,0,1,0,0,0,0,1,0,0,0,0,0,0,0
India,2013-11-01,0,1,0,0,0,0,0,0,0,0,0,0,0,0,0,0,0,0,0,0
India,2013-12-01,0,0,0,0,0,0,0,0,0,0,0,0,0,0,0,0,0,0,0,0
India,2014-01-01,0,0,0,0,0,0,0,0,0,0,0,0,0,0,0,0,1,0,0,0
India,2014-02-01,0,0,0,0,0,0,0,0,0,0,0,0,0,0,0,0,0,0,0,0
India,2014-03-01,0,0,0,0,0,0,0,0,0,0,0,0,0,0,0,0,0,0,0,0
India,2014-04-01,0,0,0,0,0,0,0,0,0,0,0,0,0,0,0,0,0,0,0,0
India,2014-05-01,0,0,0,0,0,0,0,0,0,0,0,0,0,0,0,0,0,0,0,0
India,2014-06-01,0,0,0,0,0,0,0,0,0,0,0,1,0,0,0,0,0,0,0,0
India,2014-07-01,0,0,0,0,0,0,0,0,0,0,0,1,0,0,0,0,0,0,0,0
India,2014-08-01,0,0,0,0,0,0,0,0,0,0,0,0,0,0,0,0,0,0,0,0
India,2014-09-01,1,0,0,1,0,0,0,1,0,0,0,0,0,0,0,0,0,0,0,0
India,2014-10-01,0,0,0,0,0,0,0,1,0,0,0,0,0,0,0,0,0,0,0,1
India,2014-11-01,0,0,0,1,0,0,0,0,0,0,0,0,0,0,0,0,0,0,0,0
India,2014-12-01,0,0,0,0,0,0,0,0,0,0,0,0,0,0,0,0,0,0,0,0
India,2015-01-01,0,0,0,0,0,0,0,0,0,0,0,0,0,0,0,0,0,0,0,0
India,2015-02-01,0,0,0,0,0,0,0,0,0,0,0,0,1,0,0,0,0,0,0,0
India,2015-03-01,0,0,1,0,0,0,0,0,0,0,0,0,0,0,0,0,0,0,0,0
India,2015-04-01,1,0,0,0,0,0,0,0,1,0,0,0,0,0,1,0,0,1,0,0
India,2015-05-01,0,0,0,0,0,0,0,0,0,0,0,0,0,0,0,0,0,0,0,0
India,2015-06-01,0,0,0,0,0,1,0,0,1,0,0,0,0,0,0,0,1,0,0,1
India,2015-07-01,0,0,0,0,0,1,0,0,0,0,0,0,0,0,0,0,0,0,0,0
India,2015-08-01,0,0,0,0,0,0,0,0,0,0,0,0,0,1,0,0,0,0,0,0
India,2015-09-01,0,0,0,0,0,0,0,0,0,0,0,0,1,0,0,0,0,0,1,0
India,2015-10-01,0,0,1,0,0,1,0,0,0,0,0,0,0,0,0,0,0,0,0,0
India,2015-11-01,0,1,0,0,0,0,0,0,0,0,0,0,0,0,0,0,0,0,0,0
India,2015-12-01,0,0,0,0,0,0,0,1,1,1,1,0,0,0,0,0,0,0,0,0
India,2016-01-01,0,0,0,0,0,0,0,0,0,0,0,0,0,0,0,0,0,0,0,0
India,2016-02-01,0,0,0,0,0,0,0,0,0,0,0,0,0,0,0,0,0,0,0,0
India,2016-03-01,0,0,0,0,0,0,0,0,0,0,0,0,0,0,0,0,0,0,0,0
India,2016-04-01,0,0,0,0,0,0,0,0,0,0,0,1,0,0,0,0,0,0,0,0
India,2016-05-01,0,0,0,0,0,0,1,0,0,0,0,1,0,0,0,0,0,0,0,0
India,2016-06-01,0,0,0,0,1,0,0,0,1,0,0,0,0,0,0,1,0,1,0,0
India,2016-07-01,1,0,0,0,0,0,0,0,1,0,0,0,1,0,0,0,0,0,0,0
India,2016-08-01,0,0,0,0,0,0,0,1,0,0,0,0,0,0,0,0,0,0,0,0
India,2016-09-01,0,0,0,0,0,0,0,0,0,0,0,0,0,0,0,0,0,0,1,1
India,2016-10-01,0,1,0,0,0,0,0,0,0,0,0,0,0,0,0,0,0,0,0,0
India,2016-11-01,0,0,1,0,0,0,1,0,0,0,0,0,0,0,0,0,0,0,0,0
India,2016-12-01,0,0,0,0,0,1,0,0,0,0,0,0,0,0,0,0,0,0,0,0
India,2017-01-01,0,0,0,0,0,1,0,0,0,0,0,0,0,0,0,0,0,0,0,0
India,2017-02-01,0,0,0,0,0,0,0,0,0,0,0,0,0,0,0,1,0,1,0,0
India,2017-03-01,0,0,0,0,0,0,0,0,0,0,0,0,0,0,0,0,0,0,0,0
India,2017-04-01,0,0,0,0,0,0,0,0,0,0,0,0,0,1,0,0,1,1,0,0
India,2017-05-01,0,0,0,0,0,0,0,0,0,0,0,0,0,0,0,0,0,0,0,0
India,2017-06-01,0,0,0,0,0,0,0,0,0,0,1,0,0,0,0,0,0,0,0,0
India,2017-07-01,0,0,0,0,0,0,0,0,0,0,0,0,0,0,0,0,0,0,0,0
India,2017-08-01,0,0,0,0,0,0,0,0,0,0,0,0,0,0,0,0,0,1,0,0
India,2017-09-01,0,0,0,0,0,0,0,0,0,0,0,0,0,0,0,0,0,0,0,0
India,2017-10-01,0,0,0,0,0,0,0,0,0,0,0,0,0,0,0,0,0,0,0,0
India,2017-11-01,0,1,0,0,0,0,1,0,0,1,0,0,0,0,0,0,0,0,0,0
India,2017-12-01,0,0,0,0,0,0,0,0,0,0,0,0,0,0,0,0,0,0,0,0
India,2018-01-01,0,0,0,0,0,0,0,0,0,0,0,0,0,0,0,0,0,0,0,0
India,2018-02-01,0,0,0,0,0,0,0,0,0,0,0,0,0,0,0,0,0,0,0,0
India,2018-03-01,0,0,0,0,0,0,0,0,0,0,0,0,0,0,0,0,0,0,0,1
India,2018-04-01,0,0,0,0,0,1,0,0,0,0,0,0,0,0,0,0,0,0,0,0
India,2018-05-01,0,0,0,1,0,0,0,0,0,0,0,0,0,0,0,0,0,1,1,0
India,2018-06-01,0,0,0,0,1,0,0,0,1,1,1,0,0,0,1,0,1,0,1,1
India,2018-07-01,0,0,0,0,0,0,0,0,0,0,0,0,0,0,0,0,0,0,0,0
India,2018-08-01,1,0,0,0,0,0,0,1,1,0,0,0,0,0,0,0,0,0,0,0
India,2018-09-01,0,0,0,0,0,0,0,0,0,0,0,0,0,0,0,0,0,0,0,0
India,2018-10-01,0,1,0,0,0,0,0,0,0,0,0,0,0,0,0,0,0,0,0,0
India,2018-11-01,0,0,0,0,0,0,0,0,0,0,0,0,0,0,0,0,0,0,0,0
India,2018-12-01,0,0,0,0,0,0,0,0,0,0,0,0,0,0,0,0,0,0,0,0
India,2019-01-01,0,0,0,0,0,0,0,0,0,0,0,0,1,0,0,0,0,0,0,0
India,2019-02-01,0,0,0,0,0,0,0,0,0,0,0,0,0,0,0,0,0,0,0,0
India,2019-03-01,0,0,0,0,0,0,0,0,0,0,0,0,0,0,0,0,0,0,0,0
India,2019-04-01,0,0,0,0,0,0,0,0,0,0,0,0,0,0,0,0,0,0,0,0
India,2019-05-01,0,0,0,0,0,0,0,0,0,0,0,0,0,0,0,0,0,0,0,0
India,2019-06-01,0,0,0,0,0,0,0,0,0,0,0,1,0,0,0,0,0,0,0,0
India,2019-07-01,0,0,1,1,0,0,0,0,0,1,0,1,0,0,0,0,0,1,0,1
India,2019-08-01,1,0,1,0,0,0,0,1,1,0,0,1,0,1,0,0,1,0,0,0
India,2019-09-01,0,0,0,0,0,0,0,0,0,1,0,0,0,0,1,1,1,0,1,0
India,2019-10-01,0,0,0,0,0,0,0,0,1,0,0,0,0,0,1,0,0,0,1,0
India,2019-11-01,0,1,0,0,1,0,1,0,0,1,1,0,0,0,0,0,0,0,0,0
India,2019-12-01,0,0,0,0,0,0,0,0,0,0,0,0,0,0,0,0,0,0,0,0
India,2020-01-01,0,0,0,0,0,0,0,0,0,0,0,0,0,0,0,0,0,0,0,0
India,2020-02-01,0,1,0,0,0,0,0,0,0,0,0,0,0,0,0,0,0,0,0,0
India,2020-03-01,0,0,0,0,0,0,0,0,0,0,0,0,0,0,0,0,0,0,0,0
India,2020-04-01,0,0,0,0,0,0,0,0,0,0,0,0,0,0,0,0,0,0,0,0
India,2020-05-01,0,0,0,0,0,0,0,0,0,0,0,0,0,0,0,0,0,0,0,0
India,2020-06-01,0,0,0,0,0,0,0,0,0,0,0,0,0,1,0,0,0,0,0,1
India,2020-07-01,0,0,0,0,0,0,0,0,0,0,0,0,0,0,0,0,0,0,0,0
India,2020-08-01,0,0,0,0,0,0,0,0,0,0,0,0,0,0,0,0,0,0,0,0
India,2020-09-01,0,0,0,0,0,0,0,0,0,0,0,0,0,0,0,0,0,0,0,0
India,2020-10-01,0,0,0,0,0,0,0,0,0,0,0,0,0,0,0,0,0,0,0,0
India,2020-11-01,0,0,0,0,0,0,1,0,0,0,0,0,0,0,0,0,0,0,0,0
India,2020-12-01,0,0,0,0,0,0,0,0,0,0,0,0,0,0,0,0,1,0,0,0
India,2021-01-01,0,0,0,0,0,0,0,0,0,0,0,0,0,1,0,0,0,0,0,0
India,2021-02-01,0,0,0,0,0,1,0,0,0,0,0,0,0,0,0,0,0,0,1,0
India,2021-03-01,0,0,0,0,0,0,0,0,0,0,0,0,0,0,0,0,0,0,0,0
India,2021-04-01,0,0,0,0,0,0,0,0,0,0,0,0,0,0,0,0,0,0,0,0
India,2021-05-01,1,0,0,0,0,0,0,1,0,0,0,0,0,0,0,0,0,0,0,0
India,2021-06-01,0,0,0,0,0,0,0,0,0,0,0,0,0,0,0,0,0,0,0,1
India,2021-07-01,0,0,0,0,0,0,0,0,0,0,0,0,0,0,0,0,0,0,1,0
India,2021-08-01,0,0,0,0,0,0,0,0,0,0,0,0,0,0,0,0,0,0,0,0
India,2021-09-01,0,1,0,0,0,0,0,0,0,0,0,0,0,0,0,0,0,0,0,0
India,2021-10-01,0,0,0,0,0,0,0,0,0,0,0,0,0,0,0,0,0,0,0,0
India,2021-11-01,0,1,0,1,1,0,1,0,0,1,1,0,0,0,0,0,0,0,0,0
India,2021-12-01,0,0,0,0,0,0,0,0,0,0,0,0,0,0,0,0,0,0,0,0
India,2022-01-01,0,0,0,0,0,0,0,0,0,0,0,0,0,0,0,0,0,0,0,0
India,2022-02-01,0,0,0,0,0,1,0,0,0,0,0,0,0,0,0,0,0,0,0,0
India,2022-03-01,0,0,1,0,0,0,0,0,0,0,0,0,0,0,0,0,0,0,0,0
India,2022-04-01,0,0,0,0,0,0,0,0,0,0,0,1,0,0,0,0,1,0,0,0
India,2022-05-01,0,0,0,0,0,0,0,0,0,0,0,1,0,0,0,0,0,1,0,0
India,2022-06-01,0,0,0,0,0,0,0,0,0,0,0,0,0,0,1,0,0,0,0,0
India,2022-07-01,0,0,0,0,0,0,0,0,0,0,0,0,0,0,1,0,0,0,0,0
India,2022-08-01,0,0,0,0,0,0,0,0,0,0,0,0,0,0,0,0,0,0,0,0
India,2022-09-01,0,0,0,0,0,0,0,0,0,0,0,0,0,0,0,0,0,0,0,0
India,2022-10-01,0,0,0,0,0,0,0,0,0,0,0,0,0,0,0,0,0,0,0,0
India,2022-11-01,0,0,0,0,0,0,0,0,0,0,0,0,0,0,0,0,0,0,0,0
India,2022-12-01,0,0,0,0,0,0,0,0,0,0,0,0,0,0,0,0,0,0,0,0
India,2023-01-01,0,0,0,0,0,0,0,0,0,0,0,0,0,0,0,0,0,0,0,0
India,2023-02-01,0,0,0,0,0,0,0,0,0,0,0,0,0,0,0,0,0,0,0,0
India,2023-03-01,0,0,0,0,0,0,0,0,0,0,0,0,0,0,0,0,0,0,0,0
India,2023-04-01,0,0,0,0,0,0,0,0,0,0,0,0,0,0,0,0,0,0,0,0
India,2023-05-01,0,0,1,0,0,1,0,0,0,1,0,0,0,0,0,0,1,0,0,0
India,2023-06-01,1,0,0,0,1,0,0,1,1,0,0,0,0,1,0,1,1,1,0,0
India,2023-07-01,1,1,0,0,0,0,0,1,1,0,0,1,0,0,1,0,0,0,0,0
India,2023-08-01,0,0,0,0,0,0,0,0,0,0,0,0,0,0,1,0,1,1,0,0
India,2023-09-01,0,0,0,0,0,0,0,0,0,0,0,0,0,0,0,0,0,0,1,0
India,2023-10-01,0,0,0,1,0,0,0,0,0,0,0,0,0,0,0,0,0,0,0,0
India,2023-11-01,0,1,1,0,1,0,1,0,0,0,1,0,0,0,0,0,0,0,0,0
India,2023-12-01,0,0,0,0,0,0,0,0,0,0,0,0,0,0,0,0,1,0,0,0
India,2024-01-01,0,0,0,0,0,0,0,0,0,0,0,0,0,0,0,0,0,0,0,0
India,2024-02-01,0,0,0,0,0,0,0,0,0,0,0,0,0,0,0,0,0,0,0,0
India,2024-03-01,0,0,0,0,0,1,0,0,0,0,0,0,0,0,0,0,0,0,0,0
India,2024-04-01,0,0,0,0,0,0,0,0,0,0,0,1,0,0,0,0,0,0,0,0
India,2024-05-01,0,0,0,0,0,0,0,0,0,0,0,1,0,0,0,1,0,0,0,0
India,2024-06-01,0,0,0,0,0,1,0,0,0,0,0,1,0,0,0,1,0,0,0,0
India,2024-07-01,1,0,0,0,0,0,0,0,0,0,0,0,1,0,0,0,0,0,0,0
India,2024-08-01,1,0,0,0,0,0,0,0,0,0,0,0,1,0,0,0,0,0,0,0
India,2024-09-01,0,0,0,0,0,0,0,1,0,0,0,0,0,0,0,0,1,0,0,0
India,2024-10-01,0,0,0,1,0,0,0,1,0,0,0,0,0,0,0,0,0,0,0,0
India,2024-11-01,0,0,0,1,1,0,1,0,0,1,1,0,0,0,0,0,0,0,0,0
India,2024-12-01,0,0,0,0,0,0,0,0,0,0,0,0,0,0,1,0,0,0,0,0
India,2025-01-01,0,0,0,0,0,0,0,0,0,0,0,0,0,0,0,0,0,1,0,1
India,2025-02-01,0,0,0,0,0,0,0,0,0,0,0,0,0,0,0,0,0,0,0,1
India,2025-03-01,0,1,1,0,0,0,0,0,0,0,0,0,0,1,0,0,0,0,1,0
India,2025-04-01,0,0,0,0,0,0,0,0,0,1,0,0,0,0,0,0,0,0,1,0
India,2025-05-01,0,0,0,0,0,0,0,0,1,0,0,0,0,0,0,0,0,1,0,0
India,2025-06-01,0,0,0,0,1,0,0,0,1,0,0,0,0,0,0,1,0,0,0,0
India,2025-07-01,0,0,0,0,0,0,0,0,0,1,0,0,0,0,0,0,0,0,0,0
India,2025-08-01,1,0,0,0,0,0,0,1,0,0,0,0,0,0,0,0,0,0,0,0
India,2025-09-01,1,0,0,0,0,1,0,1,1,0,0,0,1,0,0,0,0,0,0,0
India,2025-10-01,0,0,0,0,0,0,0,0,0,0,0,0,0,0,0,0,0,0,0,1
India,2025-11-01,0,0,0,0,0,0,1,0,0,0,0,0,0,1,0,0,0,0,1,0
India,2025-12-01,0,0,0,0,0,0,0,0,0,0,0,0,0,0,0,0,0,0,0,0
India,2026-01-01,0,0,0,0,0,0,0,0,0,0,0,0,0,0,0,0,0,0,0,0
DR Congo,2012-01-01,0,0,0,1,0,0,0,0,0,1,0,0,0,0,0,1,0,0,0,0
DR Congo,2012-02-01,0,0,1,0,0,0,0,0,0,0,1,0,0,0,0,0,0,0,0,0
DR Congo,2012-03-01,1,0,0,1,0,1,1,0,0,0,0,0,0,0,0,0,0,0,1,0
DR Congo,2012-04-01,0,0,0,0,0,1,0,0,0,1,0,0,1,1,0,0,1,0,0,0
DR Congo,2012-05-01,0,0,0,0,0,0,0,0,1,0,0,0,0,0,0,0,0,0,0,0
DR Congo,2012-06-01,0,0,0,0,1,0,0,0,0,0,0,0,0,0,0,0,0,0,0,0
DR Congo,2012-07-01,0,0,0,0,0,1,0,0,0,0,0,0,0,0,1,0,0,0,0,0
DR Congo,2012-08-01,0,0,0,0,0,0,0,0,0,0,0,0,0,0,0,0,0,0,0,0
DR Congo,2012-09-01,0,1,0,0,0,0,0,0,0,0,0,0,0,0,0,0,1,0,0,1
DR Congo,2012-10-01,0,0,0,0,0,0,0,0,0,0,0,0,0,0,0,0,1,0,0,0
DR Congo,2012-11-01,0,0,0,0,0,0,0,0,0,0,0,0,0,0,1,0,0,0,0,0
DR Congo,2012-12-01,1,0,0,0,0,0,0,0,0,0,1,0,1,0,0,1,0,0,1,0
DR Congo,2013-01-01,0,0,0,0,0,0,0,0,0,0,0,1,0,0,0,0,0,0,0,0
DR Congo,2013-02-01,0,0,0,0,0,0,1,1,1,0,0,0,0,0,0,0,0,0,0,0
DR Congo,2013-03-01,0,0,0,0,0,0,0,0,0,0,0,0,0,1,0,0,0,1,0,1
DR Congo,2013-04-01,0,0,0,0,0,0,0,0,0,0,0,0,0,0,0,0,0,0,0,0
DR Congo,2013-05-01,0,0,1,0,0,0,0,0,0,0,0,0,0,0,0,0,1,0,0,0
DR Congo,2013-06-01,0,0,0,0,0,0,0,0,0,0,0,0,0,0,0,0,0,0,0,0
DR Congo,2013-07-01,0,0,0,0,0,0,1,0,0,0,0,0,0,0,0,0,0,0,0,0
DR Congo,2013-08-01,0,0,0,0,0,0,0,0,0,0,0,0,0,0,0,0,0,0,0,0
DR Congo,2013-09-01,0,0,0,0,0,0,0,0,0,0,0,0,0,0,0,0,0,0,0,0
DR Congo,2013-10-01,0,0,0,0,0,0,0,0,0,0,0,0,0,0,0,0,0,0,0,0
DR Congo,2013-11-01,0,0,0,0,0,0,0,0,0,0,0,0,0,0,0,0,0,0,0,0
DR Congo,2013-12-01,0,0,0,0,0,0,0,0,0,0,0,0,0,0,0,0,0,0,0,0
DR Congo,2014-01-01,0,0,0,1,0,0,0,0,0,0,0,0,1,0,0,1,0,0,0,0
DR Congo,2014-02-01,0,0,0,0,0,1,0,0,0,1,0,0,0,0,0,0,0,0,0,0
DR Congo,2014-03-01,0,0,0,0,0,0,0,0,1,0,1,1,0,0,0,0,0,0,0,0
DR Congo,2014-04-01,1,0,0,0,0,0,0,0,0,0,0,0,0,0,0,0,0,0,0,1
DR Congo,2014-05-01,0,1,0,0,0,0,0,0,0,0,1,0,0,0,0,1,0,0,0,0
DR Congo,2014-06-01,0,0,0,0,0,0,1,0,0,0,0,0,1,0,0,0,1,1,0,0
DR Congo,2014-07-01,0,0,1,0,0,0,0,0,0,0,0,0,0,0,0,0,0,0,0,0
DR Congo,2014-08-01,0,0,0,0,0,1,0,0,0,0,0,1,0,0,0,0,0,0,0,0
DR Congo,2014-09-01,0,0,0,0,0,0,0,0,0,0,0,0,0,0,0,0,0,0,0,0
DR Congo,2014-10-01,0,0,0,0,1,0,0,0,1,0,0,0,0,0,0,0,0,0,0,0
DR Congo,2014-11-01,0,0,0,0,0,0,0,0,0,0,0,1,0,0,0,0,0,0,0,0
DR Congo,2014-12-01,0,0,0,0,0,0,0,0,0,0,0,0,0,0,1,0,0,0,0,0
DR Congo,2015-01-01,0,0,0,0,0,0,0,0,0,0,0,0,0,0,0,0,0,0,0,0
DR Congo,2015-02-01,0,0,0,0,0,0,0,0,0,0,0,0,0,0,0,0,0,0,0,0
DR Congo,2015-03-01,0,0,0,0,0,0,0,0,0,0,0,0,0,0,0,0,0,0,0,0
DR Congo,2015-04-01,0,0,0,0,0,0,0,1,0,0,0,0,0,1,1,0,0,0,0,1
DR Congo,2015-05-01,0,0,0,0,0,0,0,0,0,0,0,0,0,0,0,0,0,0,1,0
DR Congo,2015-06-01,0,0,0,0,0,0,0,0,0,0,1,0,1,0,0,0,0,0,0,0
DR Congo,2015-07-01,0,0,0,0,0,0,0,0,0,0,0,0,0,0,0,0,0,0,0,0
DR Congo,2015-08-01,1,0,0,0,0,0,1,1,0,0,0,0,0,0,0,0,0,0,0,0
DR Congo,2015-09-01,0,0,0,1,0,0,0,0,0,0,0,0,0,0,0,0,0,0,0,0
DR Congo,2015-10-01,0,0,0,0,0,1,0,0,0,0,0,0,0,0,0,0,0,1,0,0
DR Congo,2015-11-01,0,0,0,0,1,0,0,0,0,0,0,0,0,0,0,0,0,0,0,0
DR Congo,2015-12-01,1,0,0,0,0,0,0,0,0,0,0,0,0,0,0,0,0,0,0,0
DR Congo,2016-01-01,0,0,0,0,0,0,0,0,0,0,0,0,0,0,0,0,0,0,0,0
DR Congo,2016-02-01,0,0,0,0,0,0,0,0,1,0,0,1,0,0,0,0,0,0,0,0
DR Congo,2016-03-01,0,0,0,1,0,0,0,0,0,0,0,1,0,1,0,0,0,0,0,0
DR Congo,2016-04-01,0,0,1,0,1,0,0,0,0,1,1,0,0,0,0,0,1,0,0,0
DR Congo,2016-05-01,0,1,0,0,0,0,0,0,0,0,0,0,0,0,0,0,0,0,0,0
DR Congo,2016-06-01,0,0,0,1,0,0,0,0,0,0,0,0,0,0,0,0,0,0,0,0
DR Congo,2016-07-01,0,0,0,0,0,0,0,0,0,0,0,0,1,0,0,0,0,0,1,0
DR Congo,2016-08-01,0,0,0,0,0,0,0,0,0,0,0,0,0,0,0,0,0,0,0,0
DR Congo,2016-09-01,0,0,0,0,0,0,1,0,0,0,0,1,0,0,0,0,0,0,0,0
DR Congo,2016-10-01,0,0,0,0,0,0,0,0,0,0,0,0,0,0,0,1,0,1,0,0
DR Congo,2016-11-01,0,1,0,0,0,0,0,0,0,0,0,0,0,0,0,0,0,0,0,0
DR Congo,2016-12-01,0,0,0,0,0,0,0,0,0,0,0,0,0,0,0,0,0,0,0,0
DR Congo,2017-01-01,0,0,0,0,0,0,0,0,0,0,0,0,0,0,0,0,0,0,0,0
DR Congo,2017-02-01,0,0,0,0,0,0,0,0,0,0,0,0,0,0,1,0,0,0,0,0
DR Congo,2017-03-01,0,0,1,0,0,0,0,0,0,0,0,0,0,0,0,0,0,0,0,0
DR Congo,2017-04-01,0,0,0,0,0,0,0,0,0,0,0,0,0,0,0,0,0,0,0,0
DR Congo,2017-05-01,0,0,0,0,0,1,0,0,0,0,0,0,0,0,0,0,0,0,0,0
DR Congo,2017-06-01,0,0,0,0,0,0,0,0,0,0,0,0,0,0,0,0,0,0,0,0
DR Congo,2017-07-01,0,0,0,0,0,0,0,0,0,1,0,0,0,0,0,0,0,0,0,0
DR Congo,2017-08-01,1,0,0,0,0,0,0,1,0,0,0,1,0,0,0,0,0,0,0,0
DR Congo,2017-09-01,0,0,0,0,0,0,0,0,0,0,0,0,0,0,0,0,0,0,0,0
DR Congo,2017-10-01,0,0,0,0,0,0,0,1,0,0,0,0,0,0,0,0,0,0,0,0
DR Congo,2017-11-01,0,0,0,0,0,0,0,0,0,0,0,0,0,0,0,0,0,0,0,0
DR Congo,2017-12-01,0,0,0,0,0,0,0,0,0,0,0,0,0,0,0,0,0,0,0,0
DR Congo,2018-01-01,1,0,0,0,0,0,0,0,1,0,0,0,0,0,0,0,0,0,0,0
DR Congo,2018-02-01,0,0,0,0,0,0,0,0,0,0,0,0,1,0,0,1,0,0,1,0
DR Congo,2018-03-01,0,0,0,0,0,0,0,0,0,0,1,0,1,0,1,0,0,0,1,0
DR Congo,2018-04-01,0,1,0,0,0,0,0,0,1,0,0,0,0,0,0,0,0,1,0,1
DR Congo,2018-05-01,0,0,0,0,0,0,1,0,0,1,0,0,0,0,0,0,0,0,0,0
DR Congo,2018-06-01,0,0,0,1,1,1,1,1,0,0,1,0,0,1,1,0,1,0,0,0
DR Congo,2018-07-01,0,0,0,0,0,0,0,0,0,0,0,0,0,0,0,1,0,0,0,0
DR Congo,2018-08-01,0,0,0,0,0,1,0,0,0,0,0,0,0,0,0,0,0,0,0,0
DR Congo,2018-09-01,0,0,0,0,0,0,0,0,0,0,0,0,0,0,0,0,0,0,0,0
DR Congo,2018-10-01,0,0,0,0,0,0,0,0,0,0,0,0,0,0,0,0,0,0,0,0
DR Congo,2018-11-01,0,0,0,0,0,0,0,0,0,0,0,0,0,0,0,0,1,0,0,0
DR Congo,2018-12-01,0,0,0,0,0,0,0,0,0,0,0,0,0,0,0,0,0,0,0,0
DR Congo,2019-01-01,0,0,0,0,0,0,0,0,0,0,0,0,0,0,0,0,0,0,0,0
DR Congo,2019-02-01,0,0,0,0,0,0,0,0,0,0,0,1,0,0,0,0,0,0,0,0
DR Congo,2019-03-01,0,0,0,0,0,0,0,0,0,0,0,0,0,0,0,0,0,0,0,0
DR Congo,2019-04-01,0,0,0,0,0,0,0,0,0,0,0,0,0,0,0,0,0,0,1,1
DR Congo,2019-05-01,0,0,0,0,0,0,0,1,0,0,0,0,0,0,0,0,0,0,0,0
DR Congo,2019-06-01,0,0,0,1,0,0,0,0,0,0,0,0,0,0,0,0,0,0,0,0
DR Congo,2019-07-01,0,0,0,1,0,0,0,0,0,0,0,0,0,1,0,0,0,0,0,0
DR Congo,2019-08-01,0,0,0,0,0,0,1,0,0,0,0,0,0,1,0,0,0,0,0,0
DR Congo,2019-09-01,0,0,1,0,0,0,0,0,0,1,1,0,0,0,0,0,0,0,0,0
DR Congo,2019-10-01,0,0,0,0,0,0,0,1,0,0,0,0,0,0,0,0,0,0,0,0
DR Congo,2019-11-01,1,0,1,0,0,0,0,0,0,0,0,0,0,0,0,0,0,0,0,0
DR Congo,2019-12-01,0,1,0,0,1,0,1,0,1,0,0,0,1,0,0,0,0,0,1,0
DR Congo,2020-01-01,0,0,0,0,0,0,0,0,0,0,0,1,0,0,0,0,0,0,0,0
DR Congo,2020-02-01,0,1,0,0,1,0,0,0,0,0,0,0,0,0,1,0,0,0,0,0
DR Congo,2020-03-01,0,0,0,0,0,0,0,0,0,0,0,0,0,0,0,0,0,0,0,0
DR Congo,2020-04-01,1,0,0,0,0,0,0,0,0,0,0,0,0,0,0,0,0,1,0,1
DR Congo,2020-05-01,0,0,0,0,0,0,0,0,0,0,0,0,0,0,0,0,0,0,0,0
DR Congo,2020-06-01,0,0,0,0,0,0,0,0,0,0,0,0,0,0,0,0,0,0,0,0
DR Congo,2020-07-01,0,0,0,0,0,0,0,0,0,0,0,0,0,0,0,0,0,0,0,0
DR Congo,2020-08-01,0,0,0,0,0,0,0,0,0,0,0,0,0,1,0,0,0,0,0,0
DR Congo,2020-09-01,0,0,0,0,0,0,0,0,0,0,0,0,0,0,0,0,0,0,0,1
DR Congo,2020-10-01,0,0,0,0,0,0,0,0,0,0,0,0,0,0,0,0,0,0,0,0
DR Congo,2020-11-01,0,0,0,0,0,0,0,0,0,0,0,0,0,0,0,0,0,0,0,0
DR Congo,2020-12-01,0,0,0,0,0,0,0,0,0,0,0,0,0,0,0,0,0,0,0,0
DR Congo,2021-01-01,0,0,0,0,0,0,0,0,0,0,0,0,0,0,0,0,0,1,0,0
DR Congo,2021-02-01,0,0,0,0,0,0,0,0,0,0,0,0,0,0,0,0,0,0,1,0
DR Congo,2021-03-01,0,0,0,0,0,0,0,0,0,0,0,0,0,0,0,0,0,0,0,0
DR Congo,2021-04-01,0,0,0,1,0,0,0,0,0,0,0,0,0,0,1,0,0,0,0,0
DR Congo,2021-05-01,1,0,0,0,0,0,0,1,1,0,0,0,0,0,0,0,0,0,0,0
DR Congo,2021-06-01,0,0,0,0,1,1,0,1,0,0,0,0,0,0,0,0,0,0,0,0
DR Congo,2021-07-01,0,0,0,0,0,0,0,0,0,0,0,0,0,0,0,0,0,0,0,0
DR Congo,2021-08-01,0,0,0,1,0,0,1,0,0,1,0,0,0,0,0,0,0,0,0,0
DR Congo,2021-09-01,0,0,0,0,0,0,1,0,0,1,0,0,1,1,0,0,0,0,0,0
DR Congo,2021-10-01,0,0,0,0,0,0,0,0,0,1,0,1,0,0,0,0,0,0,0,0
DR Congo,2021-11-01,0,0,0,0,0,1,0,0,0,0,0,0,0,0,0,0,0,0,0,0
DR Congo,2021-12-01,0,0,0,0,0,0,0,0,0,0,0,0,0,0,0,0,0,0,0,0
DR Congo,2022-01-01,0,0,0,0,0,0,0,0,0,0,0,0,0,0,0,0,0,0,0,0
DR Congo,2022-02-01,0,0,0,0,0,0,0,0,0,0,0,0,0,0,0,0,1,0,0,0
DR Congo,2022-03-01,0,0,0,0,0,0,0,0,0,0,1,0,0,0,0,0,1,0,0,0
DR Congo,2022-04-01,0,0,1,0,0,0,0,0,0,0,0,0,0,0,0,0,0,0,0,0
DR Congo,2022-05-01,0,0,0,0,0,0,0,0,0,0,0,0,0,0,0,0,0,0,0,0
DR Congo,2022-06-01,0,0,0,0,0,0,0,0,0,0,0,0,0,0,0,0,0,0,0,0
DR Congo,2022-07-01,0,0,0,0,0,0,0,0,0,0,0,0,0,0,0,0,0,0,1,0
DR Congo,2022-08-01,0,0,0,0,0,0,0,0,0,0,0,0,0,0,0,0,0,0,0,0
DR Congo,2022-09-01,0,0,0,0,0,0,0,0,0,0,0,0,0,0,0,0,0,0,0,0
DR Congo,2022-10-01,0,1,0,1,1,0,0,0,0,0,1,1,0,0,0,1,0,0,0,0
DR Congo,2022-11-01,0,1,1,0,0,0,0,1,0,0,0,0,0,0,0,0,0,0,0,0
DR Congo,2022-12-01,1,0,0,0,0,0,0,0,0,0,0,0,0,0,0,0,0,0,0,0
DR Congo,2023-01-01,0,0,0,0,0,0,0,0,0,0,0,0,0,0,0,0,0,0,0,0
DR Congo,2023-02-01,0,0,0,0,0,0,0,0,0,0,0,0,0,0,0,0,0,0,0,0
DR Congo,2023-03-01,0,0,0,0,0,0,0,0,0,0,0,0,0,0,0,0,0,0,0,0
DR Congo,2023-04-01,0,0,0,0,0,0,0,0,0,0,0,0,0,0,0,0,0,0,0,0
DR Congo,2023-05-01,1,0,0,1,0,1,0,0,1,0,0,0,0,0,0,0,1,1,1,0
DR Congo,2023-06-01,0,0,0,0,0,0,0,0,0,0,0,0,0,1,0,0,0,0,0,0
DR Congo,2023-07-01,0,0,0,0,0,0,0,0,0,0,0,0,0,0,0,0,0,0,0,0
DR Congo,2023-08-01,0,1,0,0,0,0,0,0,0,0,0,0,0,0,0,0,0,0,0,0
DR Congo,2023-09-01,0,0,0,0,0,0,0,0,0,0,0,0,0,0,0,0,0,0,0,0
DR Congo,2023-10-01,0,0,0,0,0,0,0,1,0,0,0,0,0,0,1,0,0,0,0,0
DR Congo,2023-11-01,0,0,0,0,0,1,0,0,0,0,0,0,0,0,0,0,0,0,0,0
DR Congo,2023-12-01,0,0,0,0,0,0,0,0,0,0,0,0,0,0,0,0,0,0,0,0
DR Congo,2024-01-01,1,0,0,0,0,0,0,0,0,0,0,0,0,0,0,0,0,0,0,0
DR Congo,2024-02-01,0,0,0,0,0,0,0,0,0,0,0,0,0,0,0,0,0,0,0,0
DR Congo,2024-03-01,0,0,0,0,0,0,0,0,0,0,0,1,0,0,0,0,0,0,0,0
DR Congo,2024-04-01,0,0,0,0,0,0,0,0,0,0,0,0,0,0,0,0,0,0,0,0
DR Congo,2024-05-01,0,0,0,0,0,0,0,0,0,0,0,0,0,0,0,0,0,0,0,1
DR Congo,2024-06-01,0,0,0,1,1,0,1,0,0,0,0,0,0,0,0,0,0,0,0,0
DR Congo,2024-07-01,0,0,0,0,0,0,0,0,0,0,0,0,0,0,0,0,1,0,0,0
DR Congo,2024-08-01,0,0,0,1,0,0,0,0,0,0,0,0,0,0,0,0,0,0,0,0
DR Congo,2024-09-01,0,0,0,0,0,0,0,0,0,0,0,0,0,0,0,0,0,0,0,0
DR Congo,2024-10-01,0,0,0,0,0,0,0,0,0,0,0,0,0,0,0,0,0,0,0,0
DR Congo,2024-11-01,0,0,1,0,0,0,0,0,0,0,1,0,0,0,0,0,0,0,0,0
DR Congo,2024-12-01,0,1,0,0,0,1,0,0,0,0,0,0,0,0,1,0,0,0,0,0
DR Congo,2025-01-01,0,0,0,0,0,1,0,1,0,1,0,0,1,1,0,0,0,0,1,0
DR Congo,2025-02-01,0,0,0,0,0,0,0,0,0,0,0,1,0,0,0,0,0,1,0,0
DR Congo,2025-03-01,0,0,0,0,0,0,0,0,0,0,0,0,0,0,0,0,0,0,0,0
DR Congo,2025-04-01,1,0,0,0,0,0,0,0,1,0,0,0,0,0,0,0,0,1,0,1
DR Congo,2025-05-01,0,0,0,0,0,0,0,0,0,0,0,0,0,0,0,0,0,0,0,0
DR Congo,2025-06-01,0,0,0,0,0,0,0,1,1,0,0,0,0,0,0,1,0,0,1,0
DR Congo,2025-07-01,0,0,0,0,0,0,1,0,0,0,0,0,0,0,0,0,0,0,0,0
DR Congo,2025-08-01,0,0,0,0,0,0,1,0,0,1,0,0,1,0,0,0,0,0,0,0
DR Congo,2025-09-01,0,1,0,0,0,0,0,0,0,0,0,0,0,0,0,0,1,0,0,0
DR Congo,2025-10-01,0,0,0,0,0,0,0,0,0,0,0,0,0,0,0,0,0,0,0,0
DR Congo,2025-11-01,0,0,0,0,0,0,0,0,0,0,0,0,0,0,0,0,0,0,0,0
DR Congo,2025-12-01,0,0,0,0,0,0,0,0,0,0,0,0,0,0,0,0,0,0,0,0
DR Congo,2026-01-01,0,0,0,0,0,0,0,0,0,0,0,0,0,0,0,0,0,0,0,0
Belarus,2012-01-01,0,0,0,0,0,0,0,0,0,1,0,0,0,0,0,0,0,0,0,0
Belarus,2012-02-01,0,0,0,0,0,0,0,0,0,0,0,0,0,0,0,0,0,0,0,0
Belarus,2012-03-01,0,0,0,0,0,0,0,0,0,0,0,0,0,0,1,0,1,0,0,0
Belarus,2012-04-01,0,0,0,0,0,0,0,0,0,0,0,0,0,0,0,1,0,0,0,0
Belarus,2012-05-01,0,0,0,0,0,0,0,0,0,0,0,0,0,1,0,0,0,0,0,0
Belarus,2012-06-01,0,0,0,0,0,0,0,0,0,0,0,0,0,0,0,0,0,0,0,0
Belarus,2012-07-01,1,0,0,0,0,0,0,0,0,0,0,0,0,0,0,0,0,0,0,0
Belarus,2012-08-01,0,0,0,0,0,0,0,0,0,0,1,0,0,0,0,0,0,0,0,0
Belarus,2012-09-01,0,0,0,0,0,0,1,0,0,0,0,0,0,0,0,0,0,0,0,1
Belarus,2012-10-01,0,0,0,0,0,0,0,0,0,0,0,0,0,0,0,1,0,0,0,0
Belarus,2012-11-01,0,1,0,0,0,0,0,0,0,0,0,0,1,0,0,0,0,0,0,0
Belarus,2012-12-01,0,0,0,0,0,0,0,0,0,0,0,0,0,0,0,0,0,0,0,0
Belarus,2013-01-01,0,0,1,1,0,0,0,0,0,0,0,0,0,0,0,0,1,0,0,0
Belarus,2013-02-01,0,0,0,1,0,0,0,0,0,0,0,0,1,0,0,0,0,0,0,0
Belarus,2013-03-01,0,0,0,0,0,0,0,0,0,0,0,0,0,0,0,0,0,0,0,0
Belarus,2013-04-01,1,0,0,0,0,0,0,0,1,0,0,1,0,0,0,0,0,0,0,0
Belarus,2013-05-01,0,0,0,0,0,1,0,0,1,0,0,0,0,0,0,0,0,0,0,1
Belarus,2013-06-01,0,1,0,0,1,0,0,0,0,0,0,0,0,1,0,0,0,0,0,0
Belarus,2013-07-01,0,0,0,0,0,0,0,1,0,0,0,0,0,0,0,0,0,0,1,0
Belarus,2013-08-01,0,0,0,0,0,1,1,0,0,0,0,0,0,0,0,0,0,0,1,0
Belarus,2013-09-01,0,0,0,0,0,0,0,0,0,0,0,0,0,0,0,0,0,0,0,0
Belarus,2013-10-01,0,0,1,0,0,0,0,0,0,1,0,0,0,0,0,0,0,0,0,0
Belarus,2013-11-01,0,0,0,0,0,0,0,0,0,0,0,0,0,0,0,0,1,0,0,0
Belarus,2013-12-01,0,0,0,0,0,0,0,1,0,0,0,0,0,0,0,0,0,1,0,0
Belarus,2014-01-01,0,0,0,0,0,0,0,0,0,0,0,0,0,0,0,0,0,0,0,0
Belarus,2014-02-01,0,0,0,0,0,0,0,0,0,0,0,0,0,0,0,0,0,0,0,0
Belarus,2014-03-01,0,0,0,1,0,0,0,0,0,0,0,0,0,0,0,0,0,0,0,0
Belarus,2014-04-01,0,0,0,0,0,0,0,0,0,0,0,0,1,0,0,0,0,0,0,0
Belarus,2014-05-01,0,0,0,0,0,0,0,0,0,0,0,0,0,0,0,0,0,0,0,0
Belarus,2014-06-01,0,0,0,0,0,1,0,0,0,1,0,0,0,0,0,0,0,0,0,0
Belarus,2014-07-01,0,0,0,0,0,0,0,0,0,0,0,0,0,0,0,1,1,0,0,0
Belarus,2014-08-01,1,0,0,0,0,0,0,0,1,0,0,0,0,0,1,0,0,0,0,0
Belarus,2014-09-01,0,0,0,0,0,0,0,0,0,0,0,0,0,0,0,0,0,0,0,0
Belarus,2014-10-01,0,0,0,0,0,0,0,0,0,0,0,0,0,0,0,0,0,0,0,0
Belarus,2014-11-01,0,0,0,0,0,0,0,0,0,0,0,0,1,0,0,0,0,0,1,0
Belarus,2014-12-01,0,0,0,0,0,0,0,0,0,0,0,0,0,0,0,0,0,0,1,0
Belarus,2015-01-01,0,0,0,0,0,0,0,0,0,0,0,0,0,0,0,0,0,0,0,0
Belarus,2015-02-01,0,0,0,0,0,0,0,0,0,0,0,0,0,0,0,0,0,0,0,0
Belarus,2015-03-01,0,0,0,0,0,0,0,0,0,0,0,0,0,0,0,0,0,0,0,0
Belarus,2015-04-01,0,0,0,0,0,0,0,0,0,0,0,0,0,0,0,0,0,1,0,1
Belarus,2015-05-01,0,0,1,0,0,0,0,0,0,0,0,0,0,0,0,0,0,0,0,1
Belarus,2015-06-01,0,1,0,0,0,0,0,0,0,0,0,0,0,1,0,0,0,0,0,0
Belarus,2015-07-01,0,0,0,0,0,0,1,0,0,0,0,0,0,0,0,0,0,0,0,0
Belarus,2015-08-01,0,0,0,0,0,0,1,0,0,0,0,1,0,0,0,0,0,0,0,0
Belarus,2015-09-01,0,0,0,0,0,0,0,0,0,0,0,0,0,0,0,0,0,0,0,0
Belarus,2015-10-01,0,0,0,0,0,1,0,0,0,0,0,0,0,0,0,0,0,0,0,0
Belarus,2015-11-01,0,0,0,0,0,0,0,1,0,0,0,0,0,0,0,0,0,0,0,0
Belarus,2015-12-01,0,1,0,0,0,0,0,0,0,0,0,0,0,1,0,0,0,0,0,0
Belarus,2016-01-01,0,0,0,0,0,0,0,0,0,0,0,0,1,0,0,0,0,1,0,0
Belarus,2016-02-01,0,0,0,0,0,0,0,0,0,0,0,0,0,0,0,0,0,0,0,0
Belarus,2016-03-01,0,0,0,0,0,0,0,0,0,0,0,0,0,0,0,0,0,0,1,0
Belarus,2016-04-01,0,0,0,0,0,0,1,0,0,0,0,0,0,0,0,0,0,0,0,0
Belarus,2016-05-01,0,0,0,0,0,0,0,0,0,0,0,0,0,0,0,0,0,0,0,0
Belarus,2016-06-01,0,0,1,0,1,0,0,0,0,0,0,0,0,0,1,0,0,0,0,0
Belarus,2016-07-01,1,0,0,0,0,0,0,0,1,0,1,0,0,0,0,0,0,0,0,0
Belarus,2016-08-01,0,0,0,0,0,1,0,0,0,0,0,0,0,0,0,0,0,0,0,0
Belarus,2016-09-01,0,0,0,0,0,0,0,0,0,0,0,0,0,0,0,0,0,0,0,0
Belarus,2016-10-01,0,0,0,0,0,0,0,0,0,0,0,0,0,0,0,1,0,0,0,0
Belarus,2016-11-01,0,0,0,0,0,0,0,0,0,0,0,0,0,0,0,0,0,0,0,0
Belarus,2016-12-01,0,0,0,0,0,0,0,0,0,0,0,0,0,0,0,0,0,0,0,0
Belarus,2017-01-01,0,0,0,0,0,0,0,0,0,0,0,0,0,0,0,0,0,0,0,0
Belarus,2017-02-01,0,0,0,0,0,0,0,1,0,0,0,0,0,1,0,0,0,0,0,0
Belarus,2017-03-01,0,0,0,0,0,0,0,0,0,0,0,0,1,0,0,0,0,0,0,1
Belarus,2017-04-01,0,0,0,0,0,0,0,0,0,0,0,1,0,0,0,0,0,0,0,0
Belarus,2017-05-01,0,0,0,0,0,0,0,0,0,0,0,0,0,0,0,0,0,0,1,0
Belarus,2017-06-01,0,0,0,0,0,0,0,0,0,0,0,0,0,0,0,0,0,0,0,0
Belarus,2017-07-01,0,0,0,0,0,0,0,0,0,1,1,0,0,0,0,0,0,0,0,0
Belarus,2017-08-01,0,0,0,0,0,0,1,0,0,0,0,0,0,0,0,0,0,0,0,0
Belarus,2017-09-01,1,0,0,0,0,0,0,0,0,0,0,0,0,0,0,0,0,0,0,0
Belarus,2017-10-01,0,0,0,0,0,0,0,0,0,0,0,0,1,0,0,1,1,0,0,1
Belarus,2017-11-01,0,0,0,0,0,1,0,0,0,0,0,0,0,0,0,0,0,1,0,0
Belarus,2017-12-01,0,0,0,0,0,1,0,0,0,0,0,0,0,0,0,0,0,0,0,0
Belarus,2018-01-01,0,0,0,0,0,0,0,0,0,0,0,0,1,0,0,0,0,0,0,0
Belarus,2018-02-01,0,0,0,1,0,0,0,0,0,0,0,0,0,0,0,0,0,0,0,0
Belarus,2018-03-01,0,0,0,1,0,0,0,0,0,0,0,0,0,0,0,0,0,0,0,0
Belarus,2018-04-01,0,0,1,0,1,0,0,0,0,0,0,0,0,0,0,0,1,0,0,0
Belarus,2018-05-01,0,0,0,0,0,1,0,0,0,0,0,0,0,0,0,0,0,0,0,0
Belarus,2018-06-01,0,0,0,0,0,0,0,0,0,0,0,1,0,1,0,0,0,0,0,0
Belarus,2018-07-01,0,0,0,0,0,0,0,0,0,0,0,0,0,0,0,0,0,0,1,0
Belarus,2018-08-01,0,0,0,0,0,0,0,0,0,0,1,0,0,0,0,0,0,0,0,0
Belarus,2018-09-01,0,0,0,0,0,0,0,0,0,0,0,0,0,0,0,0,0,0,0,1
Belarus,2018-10-01,0,0,0,0,0,0,0,0,0,0,0,0,0,0,0,1,0,0,0,0
Belarus,2018-11-01,0,0,0,0,0,0,0,0,0,0,0,0,0,0,0,0,0,0,0,0
Belarus,2018-12-01,0,0,0,1,0,0,0,0,0,0,0,0,0,0,0,0,0,0,0,0
Belarus,2019-01-01,0,0,0,0,0,0,0,1,0,0,0,0,0,0,0,0,0,0,0,0
Belarus,2019-02-01,0,0,0,0,0,0,0,0,0,0,0,1,0,0,0,0,0,0,0,0
Belarus,2019-03-01,0,0,0,0,0,0,0,0,0,0,0,0,0,0,0,0,0,0,0,0
Belarus,2019-04-01,0,0,0,0,0,0,1,0,0,0,0,0,0,0,0,0,0,0,0,0
Belarus,2019-05-01,0,0,0,0,0,0,1,0,0,1,0,0,1,0,0,0,0,0,0,0
Belarus,2019-06-01,0,0,0,0,1,0,0,0,0,0,1,1,0,0,1,0,0,0,0,1
Belarus,2019-07-01,0,0,0,0,0,0,0,0,0,0,0,0,0,0,0,0,0,0,0,0
Belarus,2019-08-01,0,0,1,1,0,0,0,0,0,0,0,0,0,0,0,0,0,0,0,0
Belarus,2019-09-01,0,0,0,0,0,0,0,0,0,0,0,0,0,0,0,0,0,0,0,0
Belarus,2019-10-01,0,0,0,0,0,1,0,0,0,0,0,0,0,0,0,0,0,0,0,0
Belarus,2019-11-01,0,1,0,0,0,1,0,0,0,0,0,0,0,0,0,0,0,0,0,0
Belarus,2019-12-01,0,0,0,0,0,0,0,0,0,0,0,0,0,0,0,0,1,0,0,0
Belarus,2020-01-01,0,0,1,0,0,0,0,0,0,0,0,0,0,0,0,0,0,0,0,0
Belarus,2020-02-01,0,0,0,0,0,0,0,0,1,0,0,0,0,0,0,0,0,0,0,0
Belarus,2020-03-01,0,0,0,0,0,0,0,0,0,0,1,0,0,0,0,0,0,0,0,0
Belarus,2020-04-01,0,0,0,0,0,0,0,0,0,0,0,0,1,0,1,1,0,0,0,0
Belarus,2020-05-01,0,0,0,0,0,0,0,0,0,0,0,0,0,0,0,0,0,0,0,0
Belarus,2020-06-01,1,0,0,0,0,0,0,0,0,0,0,0,0,0,0,0,0,0,0,0
Belarus,2020-07-01,0,0,0,0,0,0,0,0,0,0,0,0,0,0,0,0,0,0,0,0
Belarus,2020-08-01,0,0,0,0,0,0,0,0,0,0,0,0,0,0,0,0,0,0,0,0
Belarus,2020-09-01,0,0,0,0,0,0,0,0,0,0,0,0,0,0,0,0,0,0,0,1
Belarus,2020-10-01,0,0,0,0,0,0,0,0,0,0,0,0,0,0,0,1,0,0,0,0
Belarus,2020-11-01,0,0,0,0,0,0,0,0,0,0,0,0,0,0,0,0,0,0,0,1
Belarus,2020-12-01,0,0,0,0,0,0,0,0,0,0,0,0,0,0,0,0,0,0,0,0
Belarus,2021-01-01,0,0,0,0,0,0,0,0,0,0,0,0,0,0,0,0,0,1,0,0
Belarus,2021-02-01,0,0,0,0,0,0,0,0,0,0,0,0,0,0,0,0,0,0,1,0
Belarus,2021-03-01,0,0,0,0,0,0,0,0,0,0,0,0,0,0,0,0,0,0,0,0
Belarus,2021-04-01,0,0,1,1,1,0,1,0,0,0,0,0,0,0,0,1,0,1,0,0
Belarus,2021-05-01,0,0,0,0,0,0,0,0,0,0,0,0,0,0,0,0,0,0,0,0
Belarus,2021-06-01,0,0,0,0,0,0,0,0,0,0,1,0,0,1,0,0,0,0,0,0
Belarus,2021-07-01,0,0,0,0,0,0,0,0,0,1,0,1,0,0,0,0,0,0,0,0
Belarus,2021-08-01,1,0,0,0,0,0,0,0,0,0,0,0,0,0,0,0,0,0,0,0
Belarus,2021-09-01,0,0,0,0,0,1,0,0,0,0,0,0,0,0,0,0,0,0,0,0
Belarus,2021-10-01,0,0,1,0,0,0,0,1,0,0,0,0,0,0,0,0,0,0,0,0
Belarus,2021-11-01,0,0,0,0,0,0,0,0,0,0,0,0,0,0,0,0,0,0,0,0
Belarus,2021-12-01,0,0,0,0,0,0,0,0,0,0,0,0,0,0,0,0,0,0,0,0
Belarus,2022-01-01,0,0,0,0,0,0,0,0,0,0,0,0,0,0,0,0,0,0,0,0
Belarus,2022-02-01,0,0,0,0,0,0,0,0,0,0,0,0,0,0,0,0,0,0,1,0
Belarus,2022-03-01,0,0,0,0,0,0,1,0,0,0,0,0,0,0,0,0,0,0,0,0
Belarus,2022-04-01,0,0,0,0,0,0,0,0,0,0,0,0,0,0,0,0,0,0,0,0
Belarus,2022-05-01,0,0,0,0,0,0,0,0,0,0,0,0,0,0,0,0,0,0,0,0
Belarus,2022-06-01,0,1,0,0,0,0,0,0,0,0,0,0,0,0,0,0,0,1,0,0
Belarus,2022-07-01,0,0,0,0,0,0,0,0,0,0,0,0,0,0,0,0,0,0,0,0
Belarus,2022-08-01,0,0,0,0,0,0,0,0,0,0,0,0,0,0,0,0,0,1,0,0
Belarus,2022-09-01,0,0,0,0,0,0,0,0,0,0,0,0,0,0,0,0,0,0,0,0
Belarus,2022-10-01,0,0,0,0,0,0,0,0,0,0,0,0,0,0,0,1,0,1,0,0
Belarus,2022-11-01,0,0,0,0,0,0,0,0,0,0,0,0,0,0,0,1,0,0,1,0
Belarus,2022-12-01,0,0,0,0,0,0,0,0,0,0,0,0,1,0,0,0,0,0,0,0
Belarus,2023-01-01,0,0,0,0,0,0,0,0,0,0,0,0,1,0,0,0,0,0,0,0
Belarus,2023-02-01,1,0,1,0,0,0,1,0,1,0,0,0,0,0,0,0,1,1,0,0
Belarus,2023-03-01,0,0,0,0,0,0,0,0,0,0,0,0,0,0,0,0,0,0,0,1
Belarus,2023-04-01,0,0,0,0,0,0,0,1,0,0,1,0,0,0,0,0,0,0,1,0
Belarus,2023-05-01,0,0,0,0,0,0,0,0,0,1,0,0,0,0,1,0,0,0,0,0
Belarus,2023-06-01,0,0,0,1,0,0,0,0,0,0,0,1,0,1,0,0,0,0,0,0
Belarus,2023-07-01,0,0,0,0,0,0,0,0,0,0,0,0,0,0,1,0,0,0,0,0
Belarus,2023-08-01,0,0,0,0,0,0,0,0,0,0,0,0,0,0,0,0,0,0,0,0
Belarus,2023-09-01,0,0,0,0,0,0,0,0,0,0,0,0,0,0,0,0,0,0,0,0
Belarus,2023-10-01,0,0,0,0,1,0,0,0,0,0,0,0,0,0,0,0,1,0,0,1
Belarus,2023-11-01,0,0,0,0,0,0,0,0,0,0,0,0,1,0,0,0,0,0,0,0
Belarus,2023-12-01,0,0,0,0,0,0,0,0,0,0,1,0,0,0,0,0,0,0,0,0
Belarus,2024-01-01,0,0,0,0,0,0,0,0,0,0,0,0,0,0,0,0,0,0,0,0
Belarus,2024-02-01,0,0,0,0,0,0,0,0,0,0,0,0,0,0,0,0,0,0,0,0
Belarus,2024-03-01,0,0,0,0,0,1,0,0,0,0,0,1,0,0,0,0,0,0,0,0
Belarus,2024-04-01,0,0,1,0,0,0,0,0,0,0,0,0,0,0,0,0,0,0,0,0
Belarus,2024-05-01,0,0,0,0,0,0,0,0,0,0,0,0,0,1,0,0,0,0,0,0
Belarus,2024-06-01,0,1,0,0,0,0,0,0,0,0,0,0,0,0,0,0,0,0,1,0
Belarus,2024-07-01,1,0,0,0,0,0,0,0,0,0,0,0,0,0,0,0,0,0,0,0
Belarus,2024-08-01,1,1,0,0,0,0,0,0,0,1,0,0,0,0,1,0,0,0,1,0
Belarus,2024-09-01,0,0,0,0,0,0,1,0,0,0,0,0,0,0,0,0,0,0,0,1
Belarus,2024-10-01,0,0,0,0,0,0,0,0,0,0,0,0,0,0,0,1,0,0,0,0
Belarus,2024-11-01,0,1,0,0,0,0,0,0,0,0,1,0,0,1,0,0,0,0,0,0
Belarus,2024-12-01,0,0,0,0,0,0,0,0,0,0,0,0,0,0,0,0,0,0,0,0
Belarus,2025-01-01,0,0,0,1,0,0,0,0,0,0,0,0,0,0,0,0,0,0,0,0
Belarus,2025-02-01,0,0,1,0,1,0,0,0,0,0,0,0,0,0,0,0,1,0,0,0
Belarus,2025-03-01,0,0,1,0,1,0,1,0,1,0,0,1,1,0,0,1,0,0,0,0
Belarus,2025-04-01,0,0,0,0,0,0,0,0,1,0,0,0,0,0,0,0,0,0,0,0
Belarus,2025-05-01,0,0,0,0,0,0,0,0,0,0,0,0,0,0,0,0,0,0,0,0
Belarus,2025-06-01,0,0,0,0,0,0,0,0,0,0,0,0,1,0,0,0,0,0,0,0
Belarus,2025-07-01,1,0,0,1,0,0,1,0,0,1,1,0,0,0,1,0,1,0,0,0
Belarus,2025-08-01,0,0,0,0,0,0,0,0,0,0,0,1,0,1,1,0,0,0,0,1
Belarus,2025-09-01,0,0,0,0,0,0,0,0,0,0,0,0,0,0,0,0,0,0,0,0
Belarus,2025-10-01,0,0,0,0,0,0,0,0,0,0,0,0,0,0,0,0,0,0,0,0
Belarus,2025-11-01,0,0,0,0,0,0,0,0,0,0,0,0,0,0,0,0,0,0,0,0
Belarus,2025-12-01,0,0,0,0,0,0,0,0,0,0,0,0,0,0,0,0,0,0,0,0
Belarus,2026-01-01,0,0,0,0,0,0,0,0,0,0,0,0,0,0,0,0,0,0,0,0
Zimbabwe,2012-01-01,0,0,0,0,0,1,0,0,0,1,0,0,0,0,0,0,0,1,0,0
Zimbabwe,2012-02-01,0,0,1,0,1,0,0,0,0,0,1,0,0,0,0,0,0,0,0,0
Zimbabwe,2012-03-01,0,0,0,0,0,0,0,1,0,0,0,0,0,0,0,0,0,0,0,0
Zimbabwe,2012-04-01,0,0,0,1,0,0,0,0,0,0,0,0,0,0,0,1,0,0,0,0
Zimbabwe,2012-05-01,0,0,0,0,0,1,0,0,0,0,0,0,1,1,0,0,0,0,0,1
Zimbabwe,2012-06-01,0,0,0,0,0,0,0,0,0,0,0,0,0,0,0,0,0,0,0,0
Zimbabwe,2012-07-01,0,0,0,0,0,0,0,0,0,0,0,0,0,0,1,0,0,0,0,0
Zimbabwe,2012-08-01,0,0,0,0,0,0,0,0,0,0,0,0,0,0,0,0,0,0,0,0
Zimbabwe,2012-09-01,0,0,0,0,0,0,0,0,0,0,0,0,0,0,1,0,0,0,0,0
Zimbabwe,2012-10-01,0,1,0,0,0,0,0,0,0,0,0,0,0,0,0,1,0,0,0,0
Zimbabwe,2012-11-01,0,0,0,0,0,0,0,0,0,0,0,0,0,0,0,0,0,0,0,0
Zimbabwe,2012-12-01,0,0,0,0,1,0,0,0,0,0,0,0,0,0,0,0,0,0,0,0
Zimbabwe,2013-01-01,1,0,0,1,0,0,0,0,1,0,0,1,0,0,1,0,0,1,1,0
Zimbabwe,2013-02-01,0,0,1,0,0,0,0,0,0,0,0,0,0,0,0,0,1,0,0,0
Zimbabwe,2013-03-01,0,0,0,0,0,0,0,0,0,0,0,0,0,0,0,0,0,0,0,0
Zimbabwe,2013-04-01,0,0,0,0,0,0,0,0,0,0,0,0,0,0,0,0,0,0,0,0
Zimbabwe,2013-05-01,0,0,0,0,0,0,0,0,0,0,1,0,0,0,0,0,0,0,0,0
Zimbabwe,2013-06-01,0,0,0,0,0,0,0,0,0,0,0,0,0,0,0,0,0,0,0,0
Zimbabwe,2013-07-01,0,0,0,0,0,0,0,0,0,0,0,0,0,0,0,0,0,0,0,0
Zimbabwe,2013-08-01,0,0,0,0,0,0,0,0,0,0,0,0,0,0,0,0,0,0,0,0
Zimbabwe,2013-09-01,0,0,0,1,1,1,1,0,0,0,0,0,0,1,0,0,0,0,1,1
Zimbabwe,2013-10-01,0,0,1,0,0,1,0,0,0,1,0,0,1,1,0,0,0,0,0,0
Zimbabwe,2013-11-01,0,0,0,0,0,1,0,0,0,0,0,0,0,1,0,0,0,0,0,0
Zimbabwe,2013-12-01,0,0,0,0,0,0,0,0,0,0,0,0,0,0,0,0,0,1,0,0
Zimbabwe,2014-01-01,0,0,0,0,0,0,0,0,0,0,0,0,0,0,0,0,0,0,0,0
Zimbabwe,2014-02-01,1,0,0,0,0,0,0,1,0,0,0,0,0,0,0,0,0,0,0,0
Zimbabwe,2014-03-01,0,1,0,0,0,0,0,0,0,0,0,0,0,0,0,0,0,0,0,0
Zimbabwe,2014-04-01,0,0,0,0,0,0,0,0,0,0,0,0,0,0,0,1,0,0,0,0
Zimbabwe,2014-05-01,0,0,0,1,0,0,0,0,0,0,0,0,0,0,0,1,0,0,0,0
Zimbabwe,2014-06-01,0,0,0,0,0,0,0,0,0,1,0,0,0,0,0,0,1,0,0,0
Zimbabwe,2014-07-01,0,0,0,0,0,0,1,0,0,0,0,0,0,0,0,0,0,0,0,0
Zimbabwe,2014-08-01,0,0,0,0,0,0,0,1,0,0,0,0,0,0,0,0,0,0,0,0
Zimbabwe,2014-09-01,0,0,0,0,0,0,0,0,0,0,0,0,0,0,0,1,0,0,1,0
Zimbabwe,2014-10-01,0,0,0,0,0,0,0,0,0,0,0,0,0,0,0,0,0,0,0,0
Zimbabwe,2014-11-01,0,0,0,0,0,0,0,0,0,0,0,0,0,0,0,0,0,0,0,0
Zimbabwe,2014-12-01,0,0,0,0,0,0,0,0,0,0,0,0,0,0,0,0,0,0,0,0
Zimbabwe,2015-01-01,1,0,0,0,0,0,0,0,0,0,0,0,0,0,0,0,0,0,0,0
Zimbabwe,2015-02-01,0,0,0,0,0,0,0,0,0,0,0,0,0,0,0,1,0,0,0,0
Zimbabwe,2015-03-01,0,0,0,0,0,0,0,0,0,0,0,0,0,0,0,0,0,0,0,0
Zimbabwe,2015-04-01,0,0,0,0,0,0,0,0,0,0,0,0,0,0,0,0,0,1,0,0
Zimbabwe,2015-05-01,0,0,0,0,0,0,0,0,0,0,0,0,0,0,1,0,0,0,0,0
Zimbabwe,2015-06-01,0,0,0,1,0,0,0,0,0,0,0,0,0,0,0,0,0,0,0,0
Zimbabwe,2015-07-01,0,0,0,0,1,0,1,0,0,0,0,0,0,1,0,0,0,0,0,0
Zimbabwe,2015-08-01,0,0,0,1,0,0,0,0,0,0,0,0,0,1,0,0,0,0,0,0
Zimbabwe,2015-09-01,0,1,0,0,0,0,0,1,0,1,0,0,0,0,1,0,0,0,0,0
Zimbabwe,2015-10-01,0,0,0,0,0,1,0,0,0,0,1,0,0,0,0,0,0,0,0,0
Zimbabwe,2015-11-01,0,0,0,0,0,1,0,0,0,0,0,0,0,0,0,0,1,0,0,1
Zimbabwe,2015-12-01,0,0,0,0,0,0,0,0,0,0,0,0,0,0,0,0,0,0,0,0
Zimbabwe,2016-01-01,0,1,0,0,0,0,0,0,0,0,0,1,1,0,0,0,0,0,0,0
Zimbabwe,2016-02-01,0,0,0,0,0,0,0,0,0,0,0,1,0,0,0,0,0,0,0,0
Zimbabwe,2016-03-01,0,0,0,0,0,0,0,0,0,0,0,0,0,0,0,0,0,0,0,0
Zimbabwe,2016-04-01,0,0,0,0,0,0,0,0,0,0,0,0,0,0,0,0,0,0,0,0
Zimbabwe,2016-05-01,0,0,0,0,0,1,0,0,0,0,0,0,0,0,0,0,0,0,0,0
Zimbabwe,2016-06-01,0,0,0,0,0,0,0,0,0,0,0,0,0,0,0,0,0,0,0,0
Zimbabwe,2016-07-01,0,0,0,0,0,0,0,0,0,0,0,0,0,0,0,0,0,0,0,0
Zimbabwe,2016-08-01,0,0,0,1,0,0,0,0,0,0,0,0,0,0,0,0,0,0,0,0
Zimbabwe,2016-09-01,0,0,0,0,0,0,1,0,0,0,0,0,0,0,1,0,0,0,0,0
Zimbabwe,2016-10-01,0,0,0,0,0,0,0,0,0,0,0,0,1,0,0,0,0,0,1,1
Zimbabwe,2016-11-01,0,1,0,0,0,0,0,0,0,0,0,0,0,0,0,0,0,0,1,0
Zimbabwe,2016-12-01,0,0,0,0,0,0,0,0,0,0,0,0,0,0,0,0,0,0,0,0
Zimbabwe,2017-01-01,1,0,0,1,0,1,1,0,0,0,0,0,0,0,0,0,0,1,0,0
Zimbabwe,2017-02-01,1,0,0,0,0,0,0,0,0,0,0,0,0,0,0,0,0,0,0,0
Zimbabwe,2017-03-01,1,0,0,0,0,0,0,1,1,0,0,0,0,0,0,0,0,0,0,0
Zimbabwe,2017-04-01,0,0,0,0,0,0,0,1,0,0,0,0,0,0,0,0,0,0,0,0
Zimbabwe,2017-05-01,0,0,0,0,0,0,0,0,0,0,1,0,1,0,0,0,0,0,0,0
Zimbabwe,2017-06-01,0,0,1,0,0,0,0,0,0,0,0,0,0,0,0,0,1,0,0,0
Zimbabwe,2017-07-01,0,0,0,0,1,0,0,0,0,0,0,0,0,0,0,0,0,1,0,0
Zimbabwe,2017-08-01,0,0,0,0,0,0,0,0,0,0,0,0,0,0,0,0,0,0,0,1
Zimbabwe,2017-09-01,0,0,0,0,0,0,0,0,0,0,0,0,0,0,1,0,0,0,0,0
Zimbabwe,2017-10-01,0,0,0,0,0,0,0,0,0,0,0,0,0,0,0,0,1,0,0,0
Zimbabwe,2017-11-01,0,0,0,0,0,0,0,0,0,1,0,0,0,0,0,0,0,0,0,0
Zimbabwe,2017-12-01,0,0,0,0,0,0,0,0,0,0,0,0,0,0,0,0,0,0,0,0
Zimbabwe,2018-01-01,0,0,0,0,0,0,0,0,0,0,0,0,0,0,0,0,0,0,0,0
Zimbabwe,2018-02-01,0,0,0,0,0,1,0,0,0,0,0,0,0,0,0,1,0,0,0,0
Zimbabwe,2018-03-01,0,0,0,0,0,0,0,0,0,0,0,0,0,0,0,0,0,0,0,0
Zimbabwe,2018-04-01,0,1,0,0,0,0,0,0,0,0,0,0,0,0,0,0,0,0,0,0
Zimbabwe,2018-05-01,0,0,0,0,0,0,0,0,0,0,0,0,0,0,0,0,0,0,0,0
Zimbabwe,2018-06-01,0,0,0,0,0,0,0,0,0,0,0,0,0,0,1,0,0,0,0,0
Zimbabwe,2018-07-01,0,0,0,0,0,0,0,0,0,0,0,0,0,0,0,0,0,0,0,0
Zimbabwe,2018-08-01,0,0,0,0,0,0,0,0,0,0,0,0,0,0,0,0,0,0,0,0
Zimbabwe,2018-09-01,0,0,0,0,0,0,1,0,0,0,0,0,0,0,0,1,0,1,0,0
Zimbabwe,2018-10-01,0,0,0,0,0,0,0,0,0,0,0,0,0,0,0,0,0,0,0,0
Zimbabwe,2018-11-01,0,0,0,0,0,0,0,0,0,0,0,0,0,0,0,0,0,0,0,0
Zimbabwe,2018-12-01,0,0,0,0,0,0,0,0,0,1,0,0,0,0,0,0,0,0,0,0
Zimbabwe,2019-01-01,0,1,0,0,0,0,0,0,0,0,0,0,0,0,0,0,0,0,1,0
Zimbabwe,2019-02-01,0,0,0,0,0,0,1,0,0,0,0,0,0,1,0,0,0,0,0,0
Zimbabwe,2019-03-01,1,0,0,0,0,0,0,1,1,0,1,0,0,0,0,0,0,0,0,0
Zimbabwe,2019-04-01,1,0,0,0,0,0,0,1,1,0,0,0,0,0,0,0,0,0,0,0
Zimbabwe,2019-05-01,0,0,0,0,0,0,0,0,0,0,0,0,0,0,0,0,0,1,0,0
Zimbabwe,2019-06-01,0,0,0,1,1,0,0,0,0,0,0,0,0,0,0,0,0,0,0,0
Zimbabwe,2019-07-01,0,0,1,0,0,0,0,0,0,0,0,0,0,0,0,0,1,0,0,0
Zimbabwe,2019-08-01,0,0,0,0,0,0,0,0,0,0,0,0,0,0,1,0,0,0,0,0
Zimbabwe,2019-09-01,0,1,0,0,0,0,0,0,0,0,0,0,0,0,0,0,0,0,0,0
Zimbabwe,2019-10-01,0,0,0,0,0,0,0,0,0,0,0,1,0,0,1,0,0,0,0,0
Zimbabwe,2019-11-01,0,0,0,0,1,0,0,1,0,0,0,1,0,0,0,1,0,0,0,0
Zimbabwe,2019-12-01,0,0,0,0,0,0,0,0,0,0,0,0,1,0,0,0,1,0,0,0
Zimbabwe,2020-01-01,0,0,0,0,1,1,0,0,0,0,0,1,0,0,0,0,1,1,0,1
Zimbabwe,2020-02-01,0,0,0,0,0,1,0,0,0,0,0,0,0,0,0,0,0,0,0,0
Zimbabwe,2020-03-01,0,0,0,0,0,0,0,0,0,0,0,0,0,0,0,0,0,0,0,0
Zimbabwe,2020-04-01,0,0,0,0,0,0,0,0,0,0,0,0,0,0,0,0,0,0,0,0
Zimbabwe,2020-05-01,0,0,0,0,0,0,0,0,0,0,0,0,0,0,0,0,0,0,0,0
Zimbabwe,2020-06-01,0,0,0,0,0,0,0,0,0,0,0,0,0,0,0,0,0,1,0,0
Zimbabwe,2020-07-01,0,0,0,0,0,0,0,0,0,0,0,0,0,0,0,0,0,1,0,0
Zimbabwe,2020-08-01,0,0,0,0,0,0,0,0,0,0,0,0,0,0,0,0,0,0,0,0
Zimbabwe,2020-09-01,0,0,0,0,1,0,0,0,1,1,0,0,0,1,1,0,0,0,0,0
Zimbabwe,2020-10-01,0,0,0,0,0,0,0,0,0,0,0,0,0,0,0,0,0,0,0,0
Zimbabwe,2020-11-01,0,1,0,0,0,0,0,0,0,0,0,0,1,0,0,0,0,0,0,0
Zimbabwe,2020-12-01,0,0,0,0,0,0,1,0,0,0,0,0,0,0,0,0,0,0,0,0
Zimbabwe,2021-01-01,1,0,0,0,0,0,0,1,0,0,0,0,0,0,0,0,0,0,0,0
Zimbabwe,2021-02-01,1,0,0,0,0,0,0,0,0,1,0,0,0,0,0,0,0,0,0,0
Zimbabwe,2021-03-01,0,0,0,0,0,0,0,0,0,0,0,0,0,0,0,0,0,0,0,0
Zimbabwe,2021-04-01,0,0,0,0,0,0,0,0,0,0,0,0,0,0,0,0,1,0,0,0
Zimbabwe,2021-05-01,0,0,0,0,0,0,0,0,0,0,0,0,0,0,0,1,0,0,0,0
Zimbabwe,2021-06-01,0,0,0,0,0,0,0,0,0,0,0,0,0,0,0,0,0,0,1,0
Zimbabwe,2021-07-01,0,0,0,0,0,1,0,0,0,0,0,0,0,0,0,0,0,0,0,0
Zimbabwe,2021-08-01,0,1,0,1,0,0,0,0,0,0,0,0,0,0,0,0,0,0,0,0
Zimbabwe,2021-09-01,0,0,0,0,0,0,0,0,0,0,0,0,0,0,0,0,1,0,0,0
Zimbabwe,2021-10-01,0,0,0,0,0,0,0,0,0,0,0,0,0,0,0,0,0,1,0,0
Zimbabwe,2021-11-01,0,1,0,0,1,0,0,0,1,0,1,0,0,0,0,0,0,0,0,0
Zimbabwe,2021-12-01,0,0,0,0,0,0,0,0,0,0,0,0,0,0,0,0,0,0,0,0
Zimbabwe,2022-01-01,1,0,1,0,0,0,0,0,0,0,0,0,0,0,0,0,0,0,0,1
Zimbabwe,2022-02-01,0,0,0,0,0,0,0,0,0,0,0,0,1,0,0,0,0,0,0,0
Zimbabwe,2022-03-01,0,0,0,0,0,0,0,0,0,0,1,0,0,0,0,0,0,0,0,0
Zimbabwe,2022-04-01,0,0,0,0,0,0,0,0,0,0,0,0,0,0,0,0,0,0,0,0
Zimbabwe,2022-05-01,0,0,0,0,0,1,0,0,0,1,0,0,0,0,0,0,0,1,0,0
Zimbabwe,2022-06-01,0,0,0,0,0,0,0,0,0,0,0,0,0,0,0,0,0,0,0,0
Zimbabwe,2022-07-01,0,0,0,0,0,0,0,0,0,1,0,0,0,0,0,0,1,0,0,0
Zimbabwe,2022-08-01,0,1,0,0,0,0,0,0,0,0,0,0,0,0,0,1,0,0,0,0
Zimbabwe,2022-09-01,0,0,0,0,0,0,0,1,0,1,0,1,0,0,0,0,0,0,0,0
Zimbabwe,2022-10-01,0,0,0,0,0,0,0,0,0,0,0,0,0,0,0,0,0,0,0,0
Zimbabwe,2022-11-01,0,0,0,0,0,0,0,0,0,0,0,0,0,0,0,0,0,1,0,0
Zimbabwe,2022-12-01,0,0,1,0,1,0,0,0,0,0,0,0,0,1,0,0,0,0,0,0
Zimbabwe,2023-01-01,0,0,0,0,0,1,0,0,0,0,0,0,0,0,0,0,0,0,0,0
Zimbabwe,2023-02-01,1,0,0,0,0,0,0,0,0,0,0,0,0,0,1,0,0,0,1,0
Zimbabwe,2023-03-01,0,0,0,1,0,0,0,0,0,0,0,0,1,0,0,0,0,0,0,0
Zimbabwe,2023-04-01,0,0,0,0,0,0,1,0,0,0,0,0,0,0,0,0,0,0,0,0
Zimbabwe,2023-05-01,0,0,0,0,0,0,0,0,0,0,0,0,0,0,0,0,0,0,0,0
Zimbabwe,2023-06-01,0,1,0,0,0,0,0,0,0,0,0,0,0,0,1,0,0,0,0,0
Zimbabwe,2023-07-01,0,0,0,0,0,0,0,0,0,0,0,0,0,0,0,0,0,0,1,0
Zimbabwe,2023-08-01,0,0,0,0,0,0,0,0,0,0,0,0,0,0,0,0,0,0,0,0
Zimbabwe,2023-09-01,0,0,0,0,0,0,0,1,0,0,0,0,0,0,0,0,0,0,0,0
Zimbabwe,2023-10-01,0,0,0,0,0,0,0,0,0,0,0,0,0,0,0,0,0,0,0,0
Zimbabwe,2023-11-01,0,0,0,0,0,0,0,0,0,0,0,0,1,0,0,0,0,0,0,0
Zimbabwe,2023-12-01,0,0,0,0,0,0,0,0,0,0,0,1,0,0,0,0,0,0,0,0
Zimbabwe,2024-01-01,0,0,0,0,0,0,1,0,0,0,0,0,0,0,0,0,0,0,0,1
Zimbabwe,2024-02-01,0,0,0,1,0,1,0,0,0,0,0,0,0,0,0,1,0,0,0,0
Zimbabwe,2024-03-01,0,0,0,0,0,0,0,0,0,0,0,1,0,0,0,0,0,1,0,0
Zimbabwe,2024-04-01,0,0,0,0,0,0,0,0,0,1,0,1,0,0,0,0,0,0,0,0
Zimbabwe,2024-05-01,0,0,0,0,0,0,0,0,0,0,0,0,0,0,0,0,0,0,0,0
Zimbabwe,2024-06-01,0,0,0,0,0,0,1,0,0,0,0,0,0,0,0,0,0,0,0,0
Zimbabwe,2024-07-01,0,0,0,0,0,0,0,0,0,0,0,0,0,0,1,0,0,0,0,0
Zimbabwe,2024-08-01,0,0,0,0,0,0,0,0,0,1,0,0,0,0,0,0,0,0,0,0
Zimbabwe,2024-09-01,0,0,0,0,0,0,0,0,0,0,0,0,0,0,0,0,0,0,0,0
Zimbabwe,2024-10-01,0,0,0,0,0,1,0,0,0,0,0,0,0,0,0,0,0,1,0,0
Zimbabwe,2024-11-01,0,1,0,0,0,0,0,1,0,0,0,0,0,0,0,0,1,0,0,0
Zimbabwe,2024-12-01,0,0,0,1,0,0,0,0,0,0,0,0,0,0,1,0,0,0,0,0
Zimbabwe,2025-01-01,1,0,1,0,0,0,0,0,1,0,0,0,0,1,0,0,0,0,0,1
Zimbabwe,2025-02-01,0,0,0,0,0,0,0,0,0,0,0,0,0,0,1,0,1,0,0,0
Zimbabwe,2025-03-01,0,0,0,0,0,0,0,0,0,0,0,0,0,0,0,0,0,0,1,0
Zimbabwe,2025-04-01,0,1,0,0,1,0,0,0,0,0,0,0,0,0,0,1,1,0,0,0
Zimbabwe,2025-05-01,0,1,1,0,1,0,0,0,0,0,0,0,0,0,0,1,0,0,0,0
Zimbabwe,2025-06-01,0,0,0,0,0,0,0,0,0,0,0,0,0,0,0,0,0,0,0,0
Zimbabwe,2025-07-01,0,0,0,0,0,0,0,1,0,1,0,0,0,0,0,0,0,0,0,0
Zimbabwe,2025-08-01,0,0,0,0,0,0,0,0,0,0,0,0,1,0,0,0,0,0,0,0
Zimbabwe,2025-09-01,0,0,0,0,0,0,0,0,0,0,0,0,1,0,0,0,0,0,0,0
Zimbabwe,2025-10-01,0,0,0,0,1,0,0,0,0,0,1,0,0,0,0,0,0,0,0,0
Zimbabwe,2025-11-01,0,0,0,0,0,0,0,0,0,0,0,0,0,0,0,0,0,0,0,0
Zimbabwe,2025-12-01,0,0,0,0,0,0,0,0,0,0,0,0,0,0,0,0,0,0,0,0
Zimbabwe,2026-01-01,0,0,0,0,0,0,0,0,0,0,0,0,0,0,0,0,0,0,0,0
Indonesia,2012-01-01,0,0,0,0,0,1,0,0,0,0,0,0,0,0,0,1,0,0,0,0
Indonesia,2012-02-01,0,0,0,0,0,0,0,0,0,0,0,0,1,1,0,0,0,0,0,0
Indonesia,2012-03-01,0,0,0,0,0,0,0,0,0,0,0,0,1,0,1,0,0,0,1,0
Indonesia,2012-04-01,1,0,0,1,1,0,0,0,1,0,0,0,0,0,1,0,0,0,0,0
Indonesia,2012-05-01,0,0,0,0,0,0,0,0,0,0,0,0,1,0,0,0,0,0,0,0
Indonesia,2012-06-01,0,1,0,0,0,0,0,0,0,0,0,0,0,1,0,0,0,0,0,0
Indonesia,2012-07-01,0,0,0,0,0,0,0,0,0,0,0,0,0,0,0,0,0,0,0,1
Indonesia,2012-08-01,0,0,0,0,0,0,0,0,0,0,0,0,0,0,0,0,0,0,0,1
Indonesia,2012-09-01,0,0,0,0,0,0,0,0,0,0,0,1,0,0,0,0,0,0,0,0
Indonesia,2012-10-01,0,1,0,0,0,0,0,0,0,1,0,0,0,0,0,0,0,0,0,0
Indonesia,2012-11-01,0,0,0,0,0,0,0,0,0,0,0,0,0,0,0,0,0,0,1,0
Indonesia,2012-12-01,0,0,0,0,0,0,0,0,0,0,0,0,0,0,0,0,0,0,0,0
Indonesia,2013-01-01,1,0,0,0,1,0,0,1,1,0,0,0,0,0,0,0,0,0,0,0
Indonesia,2013-02-01,0,0,0,0,0,0,0,0,0,0,0,0,0,0,0,1,1,0,0,0
Indonesia,2013-03-01,0,0,1,1,0,0,0,0,0,0,0,0,0,0,0,0,0,0,0,0
Indonesia,2013-04-01,0,0,0,0,0,0,0,0,0,0,0,0,0,0,0,0,0,0,0,0
Indonesia,2013-05-01,0,0,0,0,0,0,0,0,0,1,0,0,0,0,1,0,0,0,0,0
Indonesia,2013-06-01,0,0,0,1,0,1,1,0,0,0,0,0,0,1,0,0,0,1,0,0
Indonesia,2013-07-01,0,0,0,0,0,0,0,0,0,0,0,0,1,0,0,0,0,0,0,0
Indonesia,2013-08-01,0,0,0,0,0,0,0,0,0,0,0,0,0,0,0,0,0,0,0,0
Indonesia,2013-09-01,0,0,1,0,0,0,0,0,0,0,0,0,0,0,0,0,0,1,0,1
Indonesia,2013-10-01,0,1,1,0,0,0,0,0,0,0,0,0,0,0,0,0,0,0,0,0
Indonesia,2013-11-01,0,0,0,0,1,0,0,0,0,0,0,0,0,0,0,0,0,1,0,0
Indonesia,2013-12-01,0,0,0,0,0,0,0,0,0,0,0,0,0,0,0,0,0,0,0,0
Indonesia,2014-01-01,1,0,0,0,0,0,0,1,1,0,0,0,0,0,0,0,0,0,0,0
Indonesia,2014-02-01,1,1,0,0,0,0,0,1,1,0,1,0,0,0,0,0,0,0,0,0
Indonesia,2014-03-01,0,0,0,0,0,1,0,0,0,0,0,0,1,0,0,0,1,0,0,0
Indonesia,2014-04-01,0,0,0,0,0,0,0,0,0,0,0,0,0,0,0,1,0,0,0,1
Indonesia,2014-05-01,0,0,0,0,0,0,0,0,0,0,0,0,0,0,0,0,0,0,0,0
Indonesia,2014-06-01,0,0,0,0,0,0,0,0,0,0,0,0,0,0,1,0,0,0,0,0
Indonesia,2014-07-01,0,0,0,0,0,0,0,0,0,1,0,0,0,0,0,0,0,0,0,0
Indonesia,2014-08-01,0,0,0,0,0,0,0,0,0,0,0,0,0,0,0,0,0,0,0,0
Indonesia,2014-09-01,0,0,0,1,0,0,0,0,0,0,0,0,0,0,0,0,0,1,0,0
Indonesia,2014-10-01,0,0,0,0,0,0,0,0,0,0,0,0,0,0,0,0,0,0,0,0
Indonesia,2014-11-01,0,1,0,0,0,0,0,0,0,0,0,0,0,1,0,0,0,1,0,0
Indonesia,2014-12-01,0,0,0,0,0,0,0,0,0,0,0,0,0,0,0,0,0,1,0,0
Indonesia,2015-01-01,0,0,0,0,0,0,0,0,0,0,0,0,0,0,0,0,0,0,0,0
Indonesia,2015-02-01,0,0,0,0,0,1,0,1,0,0,0,0,0,0,0,0,0,0,0,0
Indonesia,2015-03-01,0,0,0,0,0,0,0,0,0,0,0,0,0,0,0,0,0,0,0,0
Indonesia,2015-04-01,0,0,0,0,0,0,0,0,0,0,0,0,0,0,0,0,0,0,0,0
Indonesia,2015-05-01,0,0,0,0,0,0,0,0,0,1,0,0,0,0,0,0,0,0,0,0
Indonesia,2015-06-01,0,0,0,0,0,0,0,0,0,0,0,0,0,0,0,1,0,0,0,0
Indonesia,2015-07-01,0,0,0,0,0,0,0,0,0,0,0,0,0,0,0,0,0,0,0,1
Indonesia,2015-08-01,0,0,0,0,0,0,0,0,0,0,0,1,0,0,0,0,0,0,0,0
Indonesia,2015-09-01,0,0,0,1,0,0,1,0,0,0,1,0,1,0,1,0,1,0,0,0
Indonesia,2015-10-01,0,0,0,0,1,0,1,0,0,0,0,0,1,1,1,0,0,1,0,1
Indonesia,2015-11-01,1,0,0,0,0,0,0,0,1,0,0,0,0,0,0,0,0,0,0,0
Indonesia,2015-12-01,0,0,0,0,0,0,0,0,0,0,0,0,0,0,0,0,1,0,0,0
Indonesia,2016-01-01,0,0,0,0,0,0,0,0,0,0,0,0,0,0,0,0,0,0,0,0
Indonesia,2016-02-01,0,0,0,0,0,0,0,0,0,0,0,0,0,0,0,0,0,0,0,0
Indonesia,2016-03-01,0,0,0,0,0,0,0,0,0,0,0,0,0,1,0,0,0,0,0,0
Indonesia,2016-04-01,0,0,0,0,0,0,0,0,0,0,0,0,0,0,0,0,0,0,0,0
Indonesia,2016-05-01,0,0,0,0,0,0,0,0,0,0,0,0,0,0,0,0,0,0,0,0
Indonesia,2016-06-01,0,0,0,0,0,0,0,0,0,0,0,0,0,0,0,0,0,0,0,0
Indonesia,2016-07-01,0,0,0,1,0,0,0,0,0,0,0,0,0,0,0,0,0,0,0,0
Indonesia,2016-08-01,0,1,0,0,0,0,0,0,0,1,0,0,0,0,0,0,0,0,0,0
Indonesia,2016-09-01,0,0,0,0,0,0,0,0,0,0,0,0,1,1,0,1,0,1,1,1
Indonesia,2016-10-01,0,0,0,0,0,1,0,0,0,0,1,0,0,0,0,0,0,0,0,0
Indonesia,2016-11-01,0,0,0,0,0,0,0,0,0,0,1,0,0,0,0,0,0,0,0,0
Indonesia,2016-12-01,1,0,0,0,0,0,0,1,1,0,0,0,0,0,0,1,0,0,0,0
Indonesia,2017-01-01,0,0,0,0,0,0,0,0,0,0,0,0,0,0,0,0,0,0,0,0
Indonesia,2017-02-01,0,0,1,0,0,0,0,1,0,0,0,0,0,0,0,0,0,0,0,0
Indonesia,2017-03-01,0,0,1,0,0,0,0,0,0,0,0,0,0,0,0,0,0,0,0,0
Indonesia,2017-04-01,0,0,0,0,0,0,0,0,0,0,0,0,0,0,0,0,0,0,0,0
Indonesia,2017-05-01,0,0,0,0,0,0,0,0,0,0,0,0,0,0,0,0,0,0,0,0
Indonesia,2017-06-01,0,0,0,0,0,0,0,0,0,0,0,0,0,0,0,0,0,1,0,0
Indonesia,2017-07-01,0,0,0,0,0,0,0,0,0,0,0,0,0,0,0,0,0,0,0,0
Indonesia,2017-08-01,0,0,0,0,0,0,0,0,0,0,0,0,0,0,0,0,0,0,0,0
Indonesia,2017-09-01,0,0,0,0,0,0,0,1,0,0,0,1,0,0,0,0,1,0,0,0
Indonesia,2017-10-01,0,0,0,0,0,0,0,0,0,0,0,0,0,0,0,0,0,0,0,0
Indonesia,2017-11-01,0,0,0,0,0,0,0,0,0,0,1,0,0,0,0,0,0,0,0,0
Indonesia,2017-12-01,0,0,0,0,0,0,0,0,0,0,0,0,0,0,0,0,0,0,0,0
Indonesia,2018-01-01,0,0,0,0,0,0,0,0,0,0,0,0,0,0,0,0,0,0,0,0
Indonesia,2018-02-01,0,0,0,0,0,0,0,0,0,0,0,0,0,0,0,0,0,0,0,0
Indonesia,2018-03-01,0,0,0,0,0,0,0,0,0,0,0,0,0,0,1,0,0,0,0,0
Indonesia,2018-04-01,0,0,0,0,0,1,1,0,0,0,0,0,0,0,0,0,0,0,0,0
Indonesia,2018-05-01,0,0,0,0,0,0,0,0,0,0,0,0,0,0,0,0,0,0,0,0
Indonesia,2018-06-01,0,0,0,0,0,0,0,0,0,0,0,0,0,0,0,0,0,0,0,0
Indonesia,2018-07-01,0,0,0,0,0,0,0,0,0,0,0,0,0,0,0,0,0,1,0,1
Indonesia,2018-08-01,1,0,0,0,0,0,0,0,1,0,0,0,0,0,0,0,0,0,0,0
Indonesia,2018-09-01,0,0,0,0,0,0,0,0,0,0,0,0,0,0,0,0,0,0,1,0
Indonesia,2018-10-01,1,0,0,0,0,0,0,0,1,0,0,0,1,0,0,0,1,0,0,0
Indonesia,2018-11-01,0,0,0,0,0,0,0,0,0,0,0,0,0,0,0,0,1,0,0,0
Indonesia,2018-12-01,1,0,0,0,0,0,0,1,1,0,0,0,0,0,0,0,0,0,0,0
Indonesia,2019-01-01,0,0,0,0,0,0,0,0,0,0,0,0,0,0,0,0,0,0,0,0
Indonesia,2019-02-01,0,0,0,0,0,0,0,0,0,0,0,0,0,0,0,0,0,0,0,0
Indonesia,2019-03-01,0,0,0,0,0,0,0,0,0,0,0,0,0,0,0,0,0,0,0,0
Indonesia,2019-04-01,0,0,0,0,0,0,0,0,0,0,0,0,0,0,0,0,0,0,0,0
Indonesia,2019-05-01,0,0,0,0,0,0,0,0,0,0,0,0,0,0,0,0,0,0,0,0
Indonesia,2019-06-01,0,1,0,0,0,0,0,0,0,0,0,0,0,0,0,0,0,0,0,0
Indonesia,2019-07-01,0,0,1,0,0,0,1,0,0,0,0,1,0,0,0,0,0,0,0,0
Indonesia,2019-08-01,0,0,1,0,1,0,1,0,0,0,0,1,0,0,0,1,1,0,0,0
Indonesia,2019-09-01,0,0,0,1,0,1,1,0,0,0,1,0,0,1,0,1,0,0,0,1
Indonesia,2019-10-01,0,0,0,0,0,0,0,0,0,0,0,1,0,0,0,0,0,0,0,0
Indonesia,2019-11-01,0,0,0,0,0,0,0,0,0,0,0,0,0,0,0,0,1,1,0,0
Indonesia,2019-12-01,0,0,0,0,0,0,0,0,0,0,0,0,0,0,0,0,0,1,0,0
Indonesia,2020-01-01,1,0,0,1,0,1,0,1,1,0,1,0,0,0,0,0,0,0,1,0
Indonesia,2020-02-01,0,0,0,0,0,0,0,0,0,0,0,0,0,1,1,0,0,0,0,0
Indonesia,2020-03-01,0,0,0,0,0,0,0,0,0,0,0,0,0,0,0,0,0,0,0,0
Indonesia,2020-04-01,0,0,0,0,0,0,0,0,0,0,0,0,0,0,0,0,0,1,0,0
Indonesia,2020-05-01,0,0,0,0,0,0,0,0,0,0,0,0,0,0,0,0,0,0,0,0
Indonesia,2020-06-01,0,0,0,0,0,0,0,0,0,0,0,0,0,0,0,0,0,0,0,0
Indonesia,2020-07-01,0,0,0,0,0,0,0,0,0,0,0,0,0,0,0,0,0,0,0,0
Indonesia,2020-08-01,0,0,0,0,0,0,0,0,0,0,0,0,0,0,0,0,0,0,0,0
Indonesia,2020-09-01,0,0,0,0,0,0,0,0,0,0,0,0,0,0,0,0,0,0,0,0
Indonesia,2020-10-01,0,0,0,0,0,0,0,0,0,0,0,0,0,0,1,0,0,0,1,0
Indonesia,2020-11-01,0,0,0,0,0,0,0,0,0,0,0,0,0,0,0,0,0,0,0,0
Indonesia,2020-12-01,0,0,0,0,0,0,0,0,0,0,0,0,0,0,0,0,0,0,0,0
Indonesia,2021-01-01,1,0,0,0,0,0,0,1,1,0,0,0,0,0,0,0,0,0,0,0
Indonesia,2021-02-01,1,0,0,0,0,0,0,1,1,0,0,0,0,0,0,0,0,0,0,0
Indonesia,2021-03-01,0,0,0,0,0,0,1,0,0,0,0,0,0,0,0,1,0,0,0,0
Indonesia,2021-04-01,0,0,0,0,0,0,0,0,0,0,0,0,0,0,0,0,0,0,0,0
Indonesia,2021-05-01,0,0,0,0,0,0,0,0,0,0,0,0,0,0,0,0,0,0,0,0
Indonesia,2021-06-01,0,0,0,0,0,0,0,0,0,0,0,0,0,0,0,0,0,0,0,0
Indonesia,2021-07-01,0,0,0,0,0,0,0,0,0,0,0,0,0,0,0,0,0,0,0,0
Indonesia,2021-08-01,0,0,0,0,0,0,0,0,0,0,0,0,0,0,0,0,0,1,0,0
Indonesia,2021-09-01,0,0,0,0,0,0,0,0,0,1,0,1,1,0,0,0,0,0,0,0
Indonesia,2021-10-01,0,0,0,1,1,0,0,0,0,0,1,0,0,0,0,0,1,0,0,0
Indonesia,2021-11-01,0,1,1,0,1,0,0,0,0,0,1,0,0,0,0,0,0,0,1,0
Indonesia,2021-12-01,0,0,0,0,0,0,0,0,0,0,0,0,0,0,0,0,0,0,0,0
Indonesia,2022-01-01,0,0,0,0,0,0,0,0,0,0,0,0,0,0,1,0,0,0,0,0
Indonesia,2022-02-01,0,0,0,0,0,0,0,0,0,0,0,0,0,1,0,0,0,0,1,0
Indonesia,2022-03-01,0,0,0,0,0,0,0,0,0,1,0,0,0,0,0,0,0,0,0,0
Indonesia,2022-04-01,0,0,0,0,0,0,0,0,0,0,0,0,0,0,0,0,0,0,0,0
Indonesia,2022-05-01,0,0,0,0,0,0,0,0,0,0,0,0,0,0,0,0,0,0,0,0
Indonesia,2022-06-01,0,0,0,0,0,0,0,0,0,0,0,0,0,0,0,0,0,0,0,0
Indonesia,2022-07-01,0,0,0,0,0,0,0,0,0,0,0,0,0,0,0,0,0,0,0,0
Indonesia,2022-08-01,0,0,0,0,0,1,0,0,0,0,0,0,0,0,0,0,0,0,0,0
Indonesia,2022-09-01,0,0,0,0,0,0,0,0,0,0,0,0,0,0,0,0,0,0,0,0
Indonesia,2022-10-01,0,0,0,0,0,0,0,0,0,0,0,0,0,0,0,0,0,0,0,0
Indonesia,2022-11-01,1,1,0,0,0,0,0,1,1,0,0,0,0,0,0,0,0,0,0,0
Indonesia,2022-12-01,1,0,0,0,0,0,0,0,0,0,0,0,0,0,0,0,0,0,0,0
Indonesia,2023-01-01,0,0,0,0,0,0,0,0,0,0,0,0,1,0,0,0,0,0,0,0
Indonesia,2023-02-01,0,0,0,0,0,0,0,1,0,0,0,0,0,0,0,0,0,0,0,1
Indonesia,2023-03-01,0,0,0,0,0,0,0,0,0,0,0,0,0,0,0,0,0,0,0,0
Indonesia,2023-04-01,0,0,0,0,0,0,0,0,0,0,0,0,0,0,0,0,0,0,0,0
Indonesia,2023-05-01,0,0,0,0,0,0,0,0,0,0,0,0,0,0,0,0,0,0,0,0
Indonesia,2023-06-01,0,0,0,0,0,0,0,0,0,0,0,1,0,0,0,1,0,1,1,0
Indonesia,2023-07-01,0,0,0,0,0,0,0,0,0,0,0,0,0,1,0,0,0,0,0,1
Indonesia,2023-08-01,0,0,1,1,1,0,1,0,0,1,1,1,0,1,0,0,1,0,0,0
Indonesia,2023-09-01,0,0,0,0,1,0,1,0,0,1,1,1,0,0,1,0,0,1,0,0
Indonesia,2023-10-01,0,0,1,0,0,0,0,0,0,0,0,1,0,0,0,0,0,1,0,0
Indonesia,2023-11-01,0,0,0,0,0,0,0,0,0,0,0,0,0,0,0,0,0,0,1,0
Indonesia,2023-12-01,0,0,0,0,0,0,0,0,0,0,0,0,0,0,0,0,0,0,0,0
Indonesia,2024-01-01,0,0,0,0,0,0,0,0,0,0,0,0,0,0,0,0,0,0,0,1
Indonesia,2024-02-01,0,0,0,0,0,0,0,0,0,0,0,0,0,0,0,0,0,0,0,0
Indonesia,2024-03-01,1,0,0,0,0,0,0,1,0,0,0,0,0,0,0,0,0,0,0,0
Indonesia,2024-04-01,0,0,0,0,0,1,0,0,0,0,0,0,0,0,0,0,0,0,0,0
Indonesia,2024-05-01,0,0,0,0,0,0,0,0,0,0,0,0,0,0,0,0,0,0,0,0
Indonesia,2024-06-01,0,0,0,0,0,0,0,0,0,0,0,0,0,0,0,0,0,0,0,0
Indonesia,2024-07-01,0,0,0,0,0,0,0,0,0,0,0,0,0,0,0,0,0,0,0,0
Indonesia,2024-08-01,0,0,0,0,0,0,0,0,0,0,0,0,0,0,0,0,0,0,0,0
Indonesia,2024-09-01,0,1,0,0,0,0,0,0,0,0,0,0,0,1,0,0,1,0,0,0
Indonesia,2024-10-01,0,0,0,0,0,0,0,0,0,0,0,0,0,0,1,0,1,0,0,0
Indonesia,2024-11-01,0,0,0,0,1,0,0,0,0,0,1,0,0,0,0,0,0,0,0,0
Indonesia,2024-12-01,0,0,0,0,0,0,0,0,0,1,0,0,0,0,0,0,0,0,0,0
Indonesia,2025-01-01,0,0,0,0,0,0,0,1,0,1,0,0,0,0,0,0,0,0,0,0
Indonesia,2025-02-01,0,0,0,1,0,0,0,0,0,0,0,0,1,1,0,0,0,0,0,0
Indonesia,2025-03-01,1,0,1,0,0,0,0,1,1,0,0,0,0,0,0,0,0,0,1,0
Indonesia,2025-04-01,0,0,0,0,0,0,0,0,0,0,0,0,0,0,0,0,0,0,0,0
Indonesia,2025-05-01,0,0,0,0,0,1,0,0,0,0,0,0,0,0,1,0,0,0,0,0
Indonesia,2025-06-01,0,0,0,0,0,0,0,0,0,0,0,0,0,0,0,0,0,0,1,0
Indonesia,2025-07-01,0,0,0,0,0,0,0,0,0,0,0,0,0,0,0,0,0,0,0,0
Indonesia,2025-08-01,0,0,0,0,0,0,0,0,0,0,0,0,0,0,0,0,0,1,0,0
Indonesia,2025-09-01,0,0,0,0,0,0,0,0,0,0,0,0,0,0,0,0,0,0,0,1
Indonesia,2025-10-01,0,0,0,0,0,0,1,0,0,0,0,0,0,1,0,0,0,0,0,0
Indonesia,2025-11-01,0,1,0,1,0,0,0,0,1,0,0,0,0,1,0,0,0,0,0,0
Indonesia,2025-12-01,0,0,0,0,0,0,0,0,0,0,0,0,0,0,0,0,0,0,0,0
Indonesia,2026-01-01,0,0,0,0,0,0,0,0,0,0,0,0,0,0,0,0,0,0,0,0
Mexico,2012-01-01,0,0,0,0,0,0,0,0,0,0,1,1,0,0,0,0,0,0,0,0
Mexico,2012-02-01,0,0,0,0,0,0,0,0,0,1,1,0,0,0,0,0,0,0,1,0
Mexico,2012-03-01,1,0,0,0,0,0,0,0,1,0,0,0,0,0,0,0,0,0,0,0
Mexico,2012-04-01,1,0,0,0,0,1,0,1,0,0,0,0,1,0,0,0,0,1,0,0
Mexico,2012-05-01,1,0,0,0,0,0,0,0,0,0,0,0,0,0,0,1,0,0,0,0
Mexico,2012-06-01,0,0,0,0,0,0,0,0,0,0,0,0,0,0,0,0,0,0,0,0
Mexico,2012-07-01,0,0,0,0,0,0,0,0,0,0,0,0,0,0,0,0,0,0,0,0
Mexico,2012-08-01,0,0,0,0,0,0,0,0,0,0,0,0,0,0,0,1,0,1,0,0
Mexico,2012-09-01,0,0,0,0,0,0,0,0,0,0,0,0,0,0,0,0,0,0,1,0
Mexico,2012-10-01,0,0,0,0,0,1,0,0,0,0,0,0,0,0,0,0,0,0,0,0
Mexico,2012-11-01,0,0,0,0,0,0,0,0,0,1,0,0,0,0,0,0,0,0,0,0
Mexico,2012-12-01,0,1,0,0,0,0,0,0,0,0,0,0,0,0,0,0,0,0,0,0
Mexico,2013-01-01,0,0,0,0,0,0,0,0,0,0,0,0,0,0,0,0,0,0,0,0
Mexico,2013-02-01,0,0,0,0,0,0,0,0,0,0,0,0,0,0,0,0,0,0,0,0
Mexico,2013-03-01,0,0,0,0,0,0,0,0,0,0,0,1,0,0,0,0,0,0,0,0
Mexico,2013-04-01,0,0,0,1,0,0,0,0,0,0,0,0,0,0,0,0,0,0,0,1
Mexico,2013-05-01,0,0,1,0,0,0,1,0,0,0,0,0,0,0,0,0,0,0,0,0
Mexico,2013-06-01,0,0,0,0,1,0,0,0,0,0,0,0,0,0,0,0,0,0,1,1
Mexico,2013-07-01,0,0,0,0,0,0,0,0,0,0,0,0,0,0,0,0,0,0,0,0
Mexico,2013-08-01,0,0,1,0,0,0,0,0,0,0,0,0,0,0,0,0,0,0,0,0
Mexico,2013-09-01,1,0,0,0,0,0,0,0,1,0,1,0,1,0,0,0,0,0,0,0
Mexico,2013-10-01,0,0,0,0,0,0,0,1,0,0,0,0,0,0,0,0,0,0,0,0
Mexico,2013-11-01,0,0,0,0,0,0,0,0,0,0,0,0,0,0,0,0,0,0,0,0
Mexico,2013-12-01,0,0,0,0,0,0,0,0,0,0,0,0,0,0,0,0,0,0,0,0
Mexico,2014-01-01,0,0,0,0,0,0,0,0,0,0,0,0,0,0,0,0,0,0,0,0
Mexico,2014-02-01,0,0,0,0,0,0,0,0,0,0,0,0,0,0,0,0,0,1,0,0
Mexico,2014-03-01,0,0,0,0,0,0,0,0,0,0,0,0,0,0,0,0,0,0,0,0
Mexico,2014-04-01,0,0,0,0,0,0,0,0,0,0,0,0,1,0,0,0,0,0,0,0
Mexico,2014-05-01,0,0,0,0,0,0,0,0,0,0,0,0,0,0,0,0,0,0,0,0
Mexico,2014-06-01,0,0,0,1,0,1,0,1,0,0,0,0,0,0,0,0,0,0,0,0
Mexico,2014-07-01,0,1,0,0,0,0,0,0,0,0,0,0,0,1,1,0,0,0,0,0
Mexico,2014-08-01,0,0,0,0,1,1,1,0,0,1,0,0,0,0,0,0,0,0,1,1
Mexico,2014-09-01,0,0,0,0,1,0,1,0,1,0,1,0,0,0,1,1,0,0,0,0
Mexico,2014-10-01,0,0,0,0,0,0,0,0,0,0,0,0,0,0,0,0,0,0,0,0
Mexico,2014-11-01,0,0,0,0,0,0,0,0,0,0,0,0,0,0,0,0,0,0,0,0
Mexico,2014-12-01,0,1,0,0,0,0,0,0,0,0,0,0,0,0,0,0,0,0,0,0
Mexico,2015-01-01,0,0,0,0,0,0,0,0,0,0,0,0,0,0,0,0,0,0,0,0
Mexico,2015-02-01,0,0,0,0,0,0,0,0,0,0,0,0,0,0,0,0,0,0,0,0
Mexico,2015-03-01,0,0,1,0,0,0,0,0,0,0,0,0,0,0,0,0,0,0,0,1
Mexico,2015-04-01,0,0,0,0,0,0,0,0,0,0,0,0,1,0,0,0,0,1,0,0
Mexico,2015-05-01,0,0,0,0,0,0,0,0,0,0,0,0,0,0,0,0,0,0,0,0
Mexico,2015-06-01,0,0,0,0,0,0,0,0,0,0,0,0,0,0,0,0,0,0,0,0
Mexico,2015-07-01,0,0,0,0,0,0,0,1,0,0,0,0,0,0,0,0,0,0,0,0
Mexico,2015-08-01,0,0,0,0,0,0,0,0,0,0,0,0,0,0,0,0,0,0,0,0
Mexico,2015-09-01,0,0,0,1,0,0,0,0,0,0,0,0,0,0,0,0,0,0,0,0
Mexico,2015-10-01,1,0,0,0,0,0,0,0,1,0,1,0,0,0,0,0,0,0,0,0
Mexico,2015-11-01,0,0,0,0,0,0,0,0,0,0,0,0,0,0,0,0,0,0,0,0
Mexico,2015-12-01,0,0,0,0,0,0,0,1,0,0,0,0,0,0,1,0,0,0,0,0
Mexico,2016-01-01,0,0,0,0,0,0,0,0,0,0,0,0,0,0,0,0,0,0,0,0
Mexico,2016-02-01,0,1,0,0,0,0,0,0,0,0,0,0,1,0,0,0,0,0,0,0
Mexico,2016-03-01,0,0,0,0,0,0,1,0,0,0,1,0,0,0,0,1,0,1,0,0
Mexico,2016-04-01,0,0,0,0,0,0,1,0,0,0,0,0,1,0,0,0,0,0,0,0
Mexico,2016-05-01,0,0,1,0,1,0,1,0,0,0,0,0,0,0,1,0,0,0,0,0
Mexico,2016-06-01,0,1,0,0,0,0,0,0,0,0,0,0,0,0,0,0,0,0,0,0
Mexico,2016-07-01,0,1,0,0,0,0,0,0,0,0,0,0,0,0,0,0,0,1,0,0
Mexico,2016-08-01,1,0,0,0,0,1,0,0,0,0,0,0,0,0,0,0,0,0,0,0
Mexico,2016-09-01,0,0,0,0,0,0,0,0,0,0,0,0,0,1,0,0,0,0,0,0
Mexico,2016-10-01,0,0,0,0,0,0,0,1,0,0,0,0,0,0,0,0,0,0,0,0
Mexico,2016-11-01,0,0,0,0,0,0,0,0,0,0,0,0,0,0,0,0,0,0,0,1
Mexico,2016-12-01,0,0,1,0,0,0,0,0,0,0,0,0,0,0,0,0,0,0,0,0
Mexico,2017-01-01,0,0,0,0,0,1,0,0,0,0,0,0,0,0,0,0,0,0,1,0
Mexico,2017-02-01,0,0,0,0,0,0,0,0,0,0,0,0,0,0,0,0,0,0,0,0
Mexico,2017-03-01,0,0,0,0,0,0,0,0,0,0,0,0,0,0,0,0,0,0,0,0
Mexico,2017-04-01,0,0,0,0,0,0,0,0,0,0,0,0,0,0,0,0,0,0,0,0
Mexico,2017-05-01,0,0,0,1,0,0,0,0,0,0,0,0,0,0,0,0,0,0,0,0
Mexico,2017-06-01,0,0,0,0,1,0,0,0,0,0,0,0,0,0,0,0,1,0,0,0
Mexico,2017-07-01,0,0,0,0,0,0,0,0,0,1,0,0,0,0,0,0,0,0,0,0
Mexico,2017-08-01,0,1,0,0,0,0,0,0,0,0,0,0,0,0,0,0,0,0,0,0
Mexico,2017-09-01,1,0,0,0,0,0,0,0,1,0,1,0,1,0,0,0,0,0,0,0
Mexico,2017-10-01,0,0,0,0,0,0,0,0,1,0,0,0,1,0,0,0,0,0,0,0
Mexico,2017-11-01,0,0,0,0,0,0,0,0,0,0,0,0,0,0,1,0,0,0,0,0
Mexico,2017-12-01,0,0,0,0,0,0,0,0,0,0,0,0,0,0,0,0,0,0,0,0
Mexico,2018-01-01,0,0,0,0,0,0,0,0,0,0,0,0,0,0,0,0,0,0,0,0
Mexico,2018-02-01,0,0,0,0,0,0,0,0,0,0,0,0,0,0,0,0,0,0,0,0
Mexico,2018-03-01,0,0,0,0,0,0,0,0,0,0,0,0,0,0,0,0,0,0,0,0
Mexico,2018-04-01,0,0,0,0,0,0,0,0,0,0,0,0,0,0,0,0,0,0,0,0
Mexico,2018-05-01,0,0,0,0,0,0,0,0,0,0,0,0,0,0,0,0,0,0,0,0
Mexico,2018-06-01,0,0,0,0,0,0,0,0,0,0,0,0,0,0,0,0,0,0,0,0
Mexico,2018-07-01,0,0,0,0,0,0,0,0,0,0,0,0,0,0,0,0,0,1,0,0
Mexico,2018-08-01,0,0,0,0,0,0,0,0,0,0,0,0,0,0,0,0,0,0,1,0
Mexico,2018-09-01,0,1,0,0,0,1,0,1,0,0,0,0,0,0,0,0,0,0,0,0
Mexico,2018-10-01,0,0,0,0,0,0,0,0,0,0,0,0,0,0,0,0,1,0,0,0
Mexico,2018-11-01,0,0,0,0,0,0,0,1,0,0,0,0,0,0,0,0,0,0,0,0
Mexico,2018-12-01,0,0,0,0,0,0,0,0,0,0,0,0,0,0,0,0,0,0,0,0
Mexico,2019-01-01,0,0,0,0,0,0,1,0,0,0,0,0,0,0,0,0,0,0,0,0
Mexico,2019-02-01,0,0,0,0,0,0,0,0,0,0,0,1,0,0,0,0,0,0,0,0
Mexico,2019-03-01,0,0,0,0,0,0,0,0,0,0,0,0,0,0,0,0,0,0,0,1
Mexico,2019-04-01,0,0,1,1,0,0,0,0,0,0,0,0,0,0,0,0,0,0,0,0
Mexico,2019-05-01,0,0,1,1,1,0,1,0,0,1,1,1,1,0,1,1,0,0,0,0
Mexico,2019-06-01,0,0,0,0,0,0,0,0,0,0,0,0,0,0,0,0,0,0,0,0
Mexico,2019-07-01,0,0,0,0,0,0,0,0,0,0,0,0,0,0,0,0,0,0,0,0
Mexico,2019-08-01,0,0,0,0,0,0,0,0,0,0,0,0,0,0,0,0,0,0,0,0
Mexico,2019-09-01,0,0,0,0,0,0,0,0,0,0,0,0,0,0,0,0,0,0,0,0
Mexico,2019-10-01,0,0,0,0,0,0,0,0,0,0,0,0,0,0,0,0,0,0,1,0
Mexico,2019-11-01,0,0,0,0,0,0,0,0,0,0,0,0,0,0,0,0,0,0,0,0
Mexico,2019-12-01,0,1,0,0,0,0,0,0,0,0,0,0,0,0,0,0,0,0,0,0
Mexico,2020-01-01,0,0,0,0,0,0,0,0,0,0,0,0,0,0,1,1,1,0,0,0
Mexico,2020-02-01,0,0,0,0,0,0,0,0,0,0,0,0,0,0,0,0,0,1,0,0
Mexico,2020-03-01,0,0,0,0,0,0,0,0,0,0,0,0,0,0,0,0,0,1,0,0
Mexico,2020-04-01,0,0,0,0,0,0,0,0,0,0,0,0,0,0,0,0,0,0,0,0
Mexico,2020-05-01,0,0,0,0,0,0,0,0,0,0,0,0,0,0,0,0,0,0,0,0
Mexico,2020-06-01,1,1,0,0,0,0,0,0,1,0,0,0,0,1,0,0,0,0,0,0
Mexico,2020-07-01,0,0,0,0,0,0,0,0,0,0,0,0,0,0,0,0,0,0,0,0
Mexico,2020-08-01,0,0,0,0,0,0,0,0,0,0,0,0,0,0,0,0,0,0,0,0
Mexico,2020-09-01,0,0,0,0,0,0,0,0,0,0,0,0,0,0,0,0,0,0,0,1
Mexico,2020-10-01,0,0,0,0,0,0,0,1,0,0,0,1,0,0,0,0,0,0,0,0
Mexico,2020-11-01,0,0,0,0,0,0,0,1,0,0,0,1,0,0,0,0,0,0,0,0
Mexico,2020-12-01,0,0,0,0,0,0,0,0,0,0,0,0,0,0,0,0,0,0,0,0
Mexico,2021-01-01,0,0,0,0,0,0,0,0,0,0,0,0,0,0,0,0,0,0,0,0
Mexico,2021-02-01,0,0,0,0,0,0,0,0,0,0,0,0,0,0,0,0,0,0,0,0
Mexico,2021-03-01,0,0,0,0,0,0,0,0,0,0,0,0,0,0,0,0,0,0,0,0
Mexico,2021-04-01,0,0,0,1,0,0,0,0,0,0,0,1,0,0,1,0,0,0,0,0
Mexico,2021-05-01,0,0,0,0,0,1,0,0,0,0,0,0,0,0,0,0,0,0,0,0
Mexico,2021-06-01,0,0,0,0,0,0,0,0,0,0,0,0,0,0,0,0,0,0,0,0
Mexico,2021-07-01,0,0,0,0,0,0,0,0,0,0,0,0,0,0,0,0,1,0,0,0
Mexico,2021-08-01,0,0,0,0,0,0,0,0,0,0,0,0,0,0,0,0,0,0,0,0
Mexico,2021-09-01,1,0,0,0,0,0,0,1,1,0,0,0,0,0,0,0,0,1,0,0
Mexico,2021-10-01,0,0,0,0,0,0,0,0,0,0,0,0,0,0,0,0,0,0,0,0
Mexico,2021-11-01,0,1,1,0,0,0,0,0,0,0,1,0,0,0,0,0,0,0,0,0
Mexico,2021-12-01,0,0,0,0,0,0,0,0,0,0,0,0,0,0,0,0,0,0,0,0
Mexico,2022-01-01,0,0,0,0,0,0,0,0,0,0,0,0,0,0,0,0,0,0,0,0
Mexico,2022-02-01,0,1,0,0,0,0,0,0,0,0,0,0,0,0,0,0,0,0,0,0
Mexico,2022-03-01,0,0,1,0,0,0,0,0,0,0,0,0,0,0,0,1,0,0,0,0
Mexico,2022-04-01,0,0,0,0,0,0,0,0,0,0,0,0,0,0,1,1,0,0,0,0
Mexico,2022-05-01,0,0,0,1,0,0,0,0,0,0,0,0,1,0,0,0,0,0,0,0
Mexico,2022-06-01,0,0,0,0,0,0,0,0,0,0,0,0,0,0,0,0,0,0,0,0
Mexico,2022-07-01,0,0,0,0,0,0,0,0,0,0,0,1,0,0,0,0,0,0,0,0
Mexico,2022-08-01,0,0,0,0,0,0,1,0,0,1,0,0,0,1,0,0,0,0,1,1
Mexico,2022-09-01,1,0,0,0,0,0,0,0,1,0,0,0,0,0,0,0,0,1,0,0
Mexico,2022-10-01,0,0,0,0,0,0,0,0,0,0,0,0,0,0,0,0,0,0,0,0
Mexico,2022-11-01,0,0,0,0,0,0,0,0,0,0,0,0,0,0,0,0,0,0,0,0
Mexico,2022-12-01,0,0,0,0,0,0,0,0,0,0,0,0,0,0,0,0,0,0,0,0
Mexico,2023-01-01,0,0,0,1,0,0,0,0,0,0,0,0,0,0,0,0,0,1,0,0
Mexico,2023-02-01,0,0,0,1,0,0,0,0,0,0,0,0,1,0,0,0,0,0,0,0
Mexico,2023-03-01,0,0,0,0,1,1,0,0,0,0,0,0,0,0,0,0,0,0,0,0
Mexico,2023-04-01,0,0,0,0,0,0,0,0,0,0,0,0,0,0,0,0,0,0,0,0
Mexico,2023-05-01,0,0,0,0,0,1,0,0,0,0,0,0,0,0,0,0,0,0,0,0
Mexico,2023-06-01,0,0,0,0,1,0,0,0,0,0,1,1,0,0,0,0,0,0,0,0
Mexico,2023-07-01,0,0,0,0,0,0,0,0,0,0,0,1,0,1,0,0,0,0,0,0
Mexico,2023-08-01,0,1,0,0,0,0,0,0,0,0,0,0,0,0,1,0,0,0,0,0
Mexico,2023-09-01,0,0,0,0,0,0,0,0,0,0,0,0,0,0,0,0,0,1,0,0
Mexico,2023-10-01,1,0,0,0,0,0,0,0,0,0,0,0,0,0,0,0,0,0,0,0
Mexico,2023-11-01,0,0,0,0,0,0,0,0,0,0,0,0,0,0,0,0,0,0,0,0
Mexico,2023-12-01,0,0,0,0,0,0,0,0,0,0,0,0,0,0,0,0,0,0,0,0
Mexico,2024-01-01,0,0,0,0,0,0,0,1,0,0,0,0,0,0,0,0,0,0,0,0
Mexico,2024-02-01,0,0,1,0,0,0,0,0,0,1,0,0,0,0,1,0,0,0,0,0
Mexico,2024-03-01,0,0,0,0,0,0,0,0,0,0,0,0,0,0,0,0,0,0,0,0
Mexico,2024-04-01,0,0,0,0,0,0,1,0,0,0,0,0,0,0,0,0,0,0,1,1
Mexico,2024-05-01,0,0,0,0,1,0,0,0,0,0,1,1,1,0,0,0,0,0,0,0
Mexico,2024-06-01,1,0,0,0,0,0,0,0,0,0,0,0,0,0,0,0,0,0,0,0
Mexico,2024-07-01,0,0,0,0,0,0,0,0,0,0,0,0,0,0,0,0,0,0,0,1
Mexico,2024-08-01,0,0,0,0,0,0,0,0,0,0,0,0,0,0,0,0,0,0,0,0
Mexico,2024-09-01,0,1,0,0,0,0,0,0,0,0,0,0,0,0,0,0,1,0,0,0
Mexico,2024-10-01,0,0,0,0,0,0,0,0,0,0,0,0,0,0,0,0,0,0,0,0
Mexico,2024-11-01,0,0,0,0,0,0,0,0,0,0,0,0,0,0,0,1,0,0,0,0
Mexico,2024-12-01,0,0,0,0,0,0,0,0,0,0,0,0,0,0,0,0,0,0,0,0
Mexico,2025-01-01,0,0,0,0,0,0,0,0,0,0,0,0,0,0,0,0,0,0,0,0
Mexico,2025-02-01,0,0,0,1,0,1,0,0,0,0,0,0,0,1,1,0,1,0,0,0
Mexico,2025-03-01,0,0,0,0,0,0,0,0,0,1,0,0,0,0,0,0,0,0,1,0
Mexico,2025-04-01,0,1,0,1,0,0,0,0,0,0,0,0,0,0,0,0,0,1,0,0
Mexico,2025-05-01,0,0,0,0,0,0,0,0,0,0,0,0,0,0,0,0,0,0,0,0
Mexico,2025-06-01,1,0,1,0,0,0,1,1,1,0,0,0,0,1,0,0,0,0,0,0
Mexico,2025-07-01,0,0,0,0,0,0,0,1,0,0,0,0,1,0,0,0,0,0,0,0
Mexico,2025-08-01,0,0,0,0,0,0,0,0,0,0,0,0,0,0,0,0,0,0,0,0
Mexico,2025-09-01,1,0,0,0,0,0,0,0,0,0,0,0,0,0,0,0,0,0,0,0
Mexico,2025-10-01,1,0,0,0,0,0,1,0,0,0,0,0,0,0,0,0,0,0,0,0
Mexico,2025-11-01,0,0,0,0,0,0,0,0,0,0,0,0,0,0,0,0,0,0,0,0
Mexico,2025-12-01,0,0,0,0,0,0,0,0,0,0,0,0,0,0,0,0,0,0,0,0
Mexico,2026-01-01,0,0,0,0,0,0,0,0,0,0,0,0,0,0,0,0,0,0,0,0
Morocco,2012-01-01,0,0,0,0,0,0,0,0,0,0,0,0,1,0,0,0,0,0,0,0
Morocco,2012-02-01,0,0,0,0,0,0,0,1,0,0,0,0,0,0,0,1,0,0,0,0
Morocco,2012-03-01,0,0,0,0,0,0,0,0,0,0,0,1,0,1,0,0,0,0,0,0
Morocco,2012-04-01,0,0,0,0,1,0,1,0,0,1,0,0,0,0,1,0,0,0,1,0
Morocco,2012-05-01,0,0,0,0,0,0,0,0,0,1,0,0,0,0,1,0,0,0,0,0
Morocco,2012-06-01,0,0,0,0,0,0,0,0,0,0,0,0,0,0,0,0,0,0,0,0
Morocco,2012-07-01,0,0,0,0,0,0,0,0,0,0,0,0,0,0,0,0,0,0,0,0
Morocco,2012-08-01,1,0,0,0,0,0,0,0,0,0,0,1,0,0,0,0,0,0,0,0
Morocco,2012-09-01,0,0,0,0,0,0,0,0,0,0,0,0,0,0,0,0,0,0,0,0
Morocco,2012-10-01,0,0,0,0,0,0,0,0,0,0,0,0,0,0,1,0,0,0,0,0
Morocco,2012-11-01,0,0,1,0,1,0,1,0,0,0,0,0,0,0,0,0,0,0,0,0
Morocco,2012-12-01,0,0,0,0,0,0,0,0,0,0,0,0,0,0,0,0,0,0,0,0
Morocco,2013-01-01,0,0,0,0,0,0,0,0,0,1,0,0,1,0,0,0,0,0,0,0
Morocco,2013-02-01,0,0,0,0,0,0,0,0,0,0,0,0,0,0,0,0,0,0,0,0
Morocco,2013-03-01,0,1,0,0,0,0,0,0,1,0,0,0,0,0,0,1,0,0,0,0
Morocco,2013-04-01,0,0,0,0,0,0,0,0,0,0,0,0,0,0,0,0,0,0,0,1
Morocco,2013-05-01,0,0,0,0,0,0,0,0,0,0,0,0,0,0,0,0,0,0,0,0
Morocco,2013-06-01,0,1,0,0,0,0,0,1,0,0,0,0,0,0,0,0,0,0,0,0
Morocco,2013-07-01,0,0,0,0,0,0,0,0,0,0,0,0,0,0,0,0,0,0,0,0
Morocco,2013-08-01,0,0,0,0,0,0,0,0,0,0,0,0,0,0,0,0,0,0,0,0
Morocco,2013-09-01,0,0,0,0,0,0,0,0,0,0,0,0,0,1,0,0,0,0,0,0
Morocco,2013-10-01,0,0,0,0,0,0,0,0,0,0,0,0,0,0,0,0,0,0,0,0
Morocco,2013-11-01,0,0,0,0,1,0,0,0,0,0,0,0,0,0,0,0,0,0,0,0
Morocco,2013-12-01,0,0,1,1,0,0,0,0,0,1,0,0,0,0,0,0,0,0,0,0
Morocco,2014-01-01,0,0,0,1,0,0,0,0,0,0,1,0,0,0,1,0,0,0,0,0
Morocco,2014-02-01,0,0,0,0,0,0,0,0,0,0,0,0,0,0,0,0,0,0,0,0
Morocco,2014-03-01,0,0,0,0,1,0,0,0,1,0,0,1,1,0,0,0,0,0,0,0
Morocco,2014-04-01,0,0,0,0,0,0,0,0,0,1,0,0,0,0,0,0,0,0,1,0
Morocco,2014-05-01,0,0,0,0,0,0,0,0,0,0,0,0,0,0,0,0,0,0,0,0
Morocco,2014-06-01,0,0,0,0,0,0,0,0,0,0,0,0,0,0,0,0,0,0,0,0
Morocco,2014-07-01,0,0,0,0,0,0,0,0,0,0,0,0,0,1,0,0,0,0,0,0
Morocco,2014-08-01,0,0,0,0,0,0,0,1,0,0,0,0,0,0,0,0,0,0,0,0
Morocco,2014-09-01,0,0,0,0,0,0,0,0,0,0,0,0,0,0,0,0,0,0,0,0
Morocco,2014-10-01,0,0,0,0,0,0,0,0,0,0,0,0,0,0,0,0,1,0,0,1
Morocco,2014-11-01,1,1,0,0,0,0,0,0,0,0,0,0,0,0,0,0,0,0,1,0
Morocco,2014-12-01,1,0,0,0,0,0,1,1,1,0,0,0,0,0,0,0,0,0,0,0
Morocco,2015-01-01,0,0,0,0,0,0,0,0,0,0,0,0,0,0,0,0,0,0,0,0
Morocco,2015-02-01,0,0,0,0,0,0,0,1,0,0,0,0,0,0,0,0,0,0,0,0
Morocco,2015-03-01,0,0,0,0,0,0,0,0,0,0,0,0,0,0,0,0,0,0,0,1
Morocco,2015-04-01,0,0,0,0,0,0,0,0,0,0,0,0,0,0,0,0,0,0,0,0
Morocco,2015-05-01,0,0,0,0,0,0,0,0,0,1,0,0,0,0,1,0,0,0,0,0
Morocco,2015-06-01,0,0,0,0,0,0,0,0,0,1,0,0,0,0,0,0,0,0,0,0
Morocco,2015-07-01,0,0,0,0,0,0,0,0,0,0,0,0,0,0,0,0,0,0,0,0
Morocco,2015-08-01,0,0,0,0,0,0,0,0,0,1,0,1,0,0,0,0,0,0,0,0
Morocco,2015-09-01,0,0,0,0,0,0,0,0,0,0,0,0,0,0,0,0,0,0,0,0
Morocco,2015-10-01,0,0,0,0,0,0,0,0,0,0,0,0,0,0,0,0,0,0,1,0
Morocco,2015-11-01,0,0,0,0,0,0,0,0,0,0,0,0,0,0,0,0,0,0,0,0
Morocco,2015-12-01,0,0,0,0,0,0,0,0,0,0,0,0,0,0,0,0,0,0,0,0
Morocco,2016-01-01,0,0,0,0,0,1,0,0,0,0,0,0,0,0,0,0,0,0,0,0
Morocco,2016-02-01,0,0,0,0,0,0,0,0,0,0,0,0,1,0,0,0,0,0,0,0
Morocco,2016-03-01,0,0,0,0,0,0,0,0,0,0,0,0,0,0,0,0,0,0,0,0
Morocco,2016-04-01,0,0,0,0,0,0,0,0,0,0,0,0,0,0,0,0,0,0,0,0
Morocco,2016-05-01,0,0,0,1,0,0,0,0,0,0,0,0,0,0,0,0,0,0,0,0
Morocco,2016-06-01,0,0,0,0,0,0,0,0,0,0,0,0,0,0,0,0,0,0,0,0
Morocco,2016-07-01,0,0,0,0,0,0,1,0,0,0,0,0,1,1,1,0,0,0,0,0
Morocco,2016-08-01,1,0,0,0,0,0,1,0,0,0,0,0,0,0,0,0,0,0,0,1
Morocco,2016-09-01,0,0,0,0,0,0,0,0,0,0,0,0,0,0,0,0,0,0,0,0
Morocco,2016-10-01,0,0,0,0,1,0,0,0,0,0,1,0,0,0,1,0,0,0,0,0
Morocco,2016-11-01,0,1,1,0,1,0,0,1,1,0,1,1,0,0,0,1,1,0,0,0
Morocco,2016-12-01,0,0,0,0,0,0,0,0,0,0,0,0,0,0,0,0,0,0,0,0
Morocco,2017-01-01,0,0,0,0,0,0,0,0,0,0,0,0,0,0,0,0,0,0,0,0
Morocco,2017-02-01,1,0,0,1,0,0,1,0,1,0,0,0,0,0,0,0,0,0,0,0
Morocco,2017-03-01,0,0,0,0,0,0,0,0,0,0,0,0,0,0,0,0,0,0,0,0
Morocco,2017-04-01,0,0,0,0,0,0,0,0,0,0,0,0,0,0,0,0,0,0,0,0
Morocco,2017-05-01,0,0,0,0,0,0,0,0,0,0,0,0,0,0,0,0,0,0,0,0
Morocco,2017-06-01,0,0,0,0,0,0,0,0,0,0,0,0,0,0,0,0,0,1,0,0
Morocco,2017-07-01,0,0,0,0,0,0,0,0,0,1,0,1,0,0,0,0,0,1,0,0
Morocco,2017-08-01,0,0,0,0,0,0,0,0,0,0,0,0,0,0,0,0,0,0,0,0
Morocco,2017-09-01,0,1,1,1,1,0,0,0,0,0,0,0,1,0,0,0,0,0,0,1
Morocco,2017-10-01,0,0,0,0,0,0,0,0,0,0,0,0,0,0,0,0,0,0,0,0
Morocco,2017-11-01,0,0,0,0,0,0,0,0,0,0,0,0,0,0,0,0,0,1,0,0
Morocco,2017-12-01,0,0,0,0,0,0,0,1,0,0,0,0,0,0,0,0,0,0,1,0
Morocco,2018-01-01,0,0,0,0,0,0,0,0,0,0,0,0,0,0,0,0,0,0,0,1
Morocco,2018-02-01,0,0,0,0,0,0,0,0,0,0,0,0,0,1,0,0,0,0,0,0
Morocco,2018-03-01,0,0,0,0,0,0,0,0,0,0,0,0,0,0,0,0,0,0,1,0
Morocco,2018-04-01,0,0,0,0,0,0,0,0,0,0,0,0,0,0,0,0,0,0,0,1
Morocco,2018-05-01,0,0,0,0,0,0,0,0,0,0,0,0,0,0,0,0,0,0,0,0
Morocco,2018-06-01,0,0,0,0,0,0,0,0,0,0,0,0,1,0,1,0,0,0,0,0
Morocco,2018-07-01,0,0,0,0,0,0,0,0,1,0,0,0,0,0,0,0,0,1,0,0
Morocco,2018-08-01,0,0,0,0,0,0,0,0,0,1,0,0,0,0,0,0,0,0,0,0
Morocco,2018-09-01,0,0,0,0,0,0,1,0,0,0,0,0,0,1,0,0,0,0,0,0
Morocco,2018-10-01,1,0,0,0,0,0,0,0,0,0,0,0,0,0,0,0,0,0,0,0
Morocco,2018-11-01,0,0,0,0,0,0,0,0,0,1,0,0,0,0,0,0,0,0,0,0
Morocco,2018-12-01,0,0,0,0,0,0,0,0,0,0,0,0,0,0,0,0,0,0,0,0
Morocco,2019-01-01,0,0,0,0,0,0,0,0,0,0,0,0,0,0,0,0,0,0,0,0
Morocco,2019-02-01,0,0,1,0,0,0,0,0,0,0,0,0,0,0,0,0,0,0,0,0
Morocco,2019-03-01,0,0,0,0,0,0,0,0,0,0,0,0,0,0,0,0,0,0,0,1
Morocco,2019-04-01,0,1,0,0,1,0,0,0,0,0,0,0,0,0,0,0,0,0,0,0
Morocco,2019-05-01,0,0,0,0,0,0,0,0,0,0,0,0,0,0,0,0,0,0,0,1
Morocco,2019-06-01,0,0,0,0,0,0,0,0,0,0,0,0,0,1,0,0,0,0,0,0
Morocco,2019-07-01,0,0,1,0,0,0,0,0,0,0,0,0,0,0,0,0,0,0,0,0
Morocco,2019-08-01,1,0,0,0,0,0,0,0,1,0,0,1,0,1,0,0,0,0,0,0
Morocco,2019-09-01,0,0,0,0,0,0,1,0,1,0,0,0,1,0,0,1,1,0,1,0
Morocco,2019-10-01,0,0,0,0,0,0,0,0,0,0,0,0,0,0,0,0,0,0,0,0
Morocco,2019-11-01,0,0,0,1,0,0,0,0,0,0,0,0,0,0,0,0,0,0,0,0
Morocco,2019-12-01,0,0,0,0,1,0,0,1,0,1,0,0,0,0,0,0,0,0,0,0
Morocco,2020-01-01,0,0,1,0,0,0,0,0,0,0,0,0,0,0,0,0,0,0,0,0
Morocco,2020-02-01,0,0,0,0,0,0,0,1,0,0,0,0,0,0,0,0,0,0,0,0
Morocco,2020-03-01,0,0,0,0,0,0,0,0,0,0,0,0,0,0,0,0,0,0,0,0
Morocco,2020-04-01,0,0,0,0,0,0,0,0,0,0,0,0,0,0,0,0,0,0,0,0
Morocco,2020-05-01,0,0,0,0,0,0,0,0,0,0,0,0,0,0,0,0,0,0,0,0
Morocco,2020-06-01,0,0,0,0,0,0,0,0,0,0,0,0,0,0,0,0,0,0,0,1
Morocco,2020-07-01,0,0,0,0,0,0,0,0,0,0,0,0,1,0,0,0,1,0,0,0
Morocco,2020-08-01,0,0,0,0,0,0,1,0,0,0,0,0,0,0,0,0,0,0,0,0
Morocco,2020-09-01,0,0,0,0,0,0,0,0,0,0,0,0,0,0,0,0,0,0,0,0
Morocco,2020-10-01,0,0,0,0,0,0,0,0,0,0,0,0,0,0,0,0,0,0,0,0
Morocco,2020-11-01,0,0,0,0,0,0,0,0,0,0,0,0,0,0,0,0,0,0,0,1
Morocco,2020-12-01,0,0,0,0,0,0,0,0,0,0,0,0,0,0,0,0,0,0,0,0
Morocco,2021-01-01,1,0,0,0,0,0,0,0,0,0,0,0,0,0,1,0,0,0,0,0
Morocco,2021-02-01,0,1,1,0,0,0,1,0,0,1,0,0,1,0,0,1,0,0,0,0
Morocco,2021-03-01,0,0,0,0,0,0,0,0,0,0,0,0,0,1,0,0,0,0,1,0
Morocco,2021-04-01,0,0,0,0,0,0,0,0,0,0,0,0,0,0,1,0,0,0,0,0
Morocco,2021-05-01,0,0,0,0,0,0,0,1,0,0,0,0,1,1,0,0,0,0,0,0
Morocco,2021-06-01,0,0,0,0,0,0,0,0,0,0,0,0,0,0,0,0,0,0,0,0
Morocco,2021-07-01,0,0,0,0,0,0,0,0,0,0,0,0,0,0,0,0,0,0,0,0
Morocco,2021-08-01,0,0,0,0,0,0,0,0,0,0,0,0,0,0,0,0,0,0,0,1
Morocco,2021-09-01,0,0,0,0,0,0,0,1,0,0,0,0,0,0,0,0,0,0,0,0
Morocco,2021-10-01,0,0,0,0,1,0,0,0,0,0,0,0,0,0,0,0,0,0,0,0
Morocco,2021-11-01,0,0,0,0,1,0,0,0,0,0,0,0,0,0,0,0,0,0,0,0
Morocco,2021-12-01,0,0,0,0,0,0,0,0,0,0,0,0,0,0,0,0,0,0,0,0
Morocco,2022-01-01,0,0,0,0,0,0,0,0,0,0,0,0,0,0,0,0,0,0,0,0
Morocco,2022-02-01,0,0,0,0,0,0,0,1,1,0,0,1,0,0,0,0,0,0,0,0
Morocco,2022-03-01,0,0,0,0,0,0,0,0,0,0,0,0,0,0,0,0,0,0,0,0
Morocco,2022-04-01,0,0,0,0,0,0,0,0,0,0,0,0,0,0,0,0,0,0,0,0
Morocco,2022-05-01,0,1,0,0,0,0,0,0,0,0,0,0,0,0,1,0,0,0,0,0
Morocco,2022-06-01,0,0,0,0,0,0,0,0,0,0,0,0,0,0,0,0,0,0,0,0
Morocco,2022-07-01,1,0,0,0,0,0,1,0,0,1,0,0,0,0,0,0,0,0,0,0
Morocco,2022-08-01,0,0,1,1,0,1,0,0,0,0,0,0,1,0,0,0,0,0,0,0
Morocco,2022-09-01,0,0,0,0,0,0,0,0,0,0,0,0,0,0,0,0,0,0,0,0
Morocco,2022-10-01,0,0,0,0,1,0,0,0,0,0,0,0,0,0,0,0,1,0,0,0
Morocco,2022-11-01,0,0,0,1,0,0,0,0,0,0,0,0,0,0,0,0,0,0,0,0
Morocco,2022-12-01,0,0,0,0,0,0,0,0,0,0,0,0,0,0,0,0,0,0,1,0
Morocco,2023-01-01,0,0,0,0,0,0,0,0,0,0,0,0,0,0,0,0,0,0,0,1
Morocco,2023-02-01,0,0,0,0,0,0,0,0,0,0,0,0,0,0,0,0,0,0,1,1
Morocco,2023-03-01,0,0,0,0,0,0,0,0,0,0,0,0,0,0,0,0,0,0,0,0
Morocco,2023-04-01,0,0,0,1,0,0,0,0,0,0,0,0,0,0,0,0,0,0,0,0
Morocco,2023-05-01,0,0,0,0,0,0,0,0,0,0,0,0,0,0,0,0,0,0,0,0
Morocco,2023-06-01,0,0,0,0,0,0,0,0,0,0,0,0,0,0,0,1,1,0,0,0
Morocco,2023-07-01,0,0,0,0,0,0,0,0,0,0,0,0,0,0,1,1,0,0,0,0
Morocco,2023-08-01,0,0,0,0,0,0,0,0,0,0,0,0,0,0,0,0,0,0,0,0
Morocco,2023-09-01,1,0,0,0,0,0,0,1,1,0,1,0,1,0,0,0,0,0,0,0
Morocco,2023-10-01,1,0,0,1,0,0,0,0,1,0,0,0,0,0,0,0,0,0,0,0
Morocco,2023-11-01,0,0,0,0,0,0,0,0,0,0,1,0,0,0,1,0,0,0,0,0
Morocco,2023-12-01,0,1,0,0,0,0,0,0,0,0,0,0,0,0,0,0,0,0,0,0
Morocco,2024-01-01,0,0,1,0,0,0,1,0,0,0,0,1,0,0,0,0,0,0,0,0
Morocco,2024-02-01,0,0,0,1,0,0,1,0,0,1,0,0,0,0,0,0,0,0,0,0
Morocco,2024-03-01,0,0,0,0,0,0,0,0,0,0,0,1,0,0,0,0,0,0,0,0
Morocco,2024-04-01,0,0,0,0,0,0,0,0,0,0,0,1,0,1,0,0,0,0,0,0
Morocco,2024-05-01,0,0,0,0,1,0,0,0,0,0,0,0,0,0,0,0,0,0,0,0
Morocco,2024-06-01,0,0,0,0,0,0,0,0,0,0,0,0,0,0,0,0,0,0,0,0
Morocco,2024-07-01,0,0,0,0,0,0,0,0,0,0,0,0,0,0,0,0,0,0,0,0
Morocco,2024-08-01,0,0,0,0,0,0,0,0,0,0,0,0,0,0,0,0,0,0,0,0
Morocco,2024-09-01,0,0,0,0,0,0,0,0,1,0,0,0,0,0,0,0,0,0,0,0
Morocco,2024-10-01,0,0,0,0,0,0,0,0,0,0,0,0,0,0,0,0,0,0,0,0
Morocco,2024-11-01,0,0,0,0,0,0,0,0,0,0,0,0,0,0,0,0,1,0,0,0
Morocco,2024-12-01,0,0,0,0,0,0,0,0,0,0,0,0,0,0,0,0,0,0,0,0
Morocco,2025-01-01,0,0,0,0,0,1,0,0,0,0,0,0,0,0,0,0,0,0,0,0
Morocco,2025-02-01,0,0,0,0,0,0,0,0,0,0,0,0,0,0,0,0,0,0,0,0
Morocco,2025-03-01,0,0,0,0,0,0,0,0,0,0,0,0,0,0,0,0,0,0,0,0
Morocco,2025-04-01,0,0,0,0,0,0,0,0,0,0,0,0,0,0,0,0,0,0,0,0
Morocco,2025-05-01,0,0,0,0,0,0,0,0,0,0,0,0,0,0,0,0,0,0,0,0
Morocco,2025-06-01,0,0,0,0,0,0,0,0,0,0,0,0,0,0,0,0,0,0,0,0
Morocco,2025-07-01,0,0,0,0,0,0,0,0,0,0,0,0,0,0,0,0,0,0,1,0
Morocco,2025-08-01,0,0,0,0,0,0,0,0,0,0,0,0,0,0,0,0,0,0,0,0
Morocco,2025-09-01,0,0,0,0,0,0,0,0,0,0,0,0,0,0,0,0,0,0,0,0
Morocco,2025-10-01,0,0,0,0,0,0,0,0,0,0,0,0,0,0,0,0,0,0,0,0
Morocco,2025-11-01,0,0,0,0,0,0,0,0,0,0,0,0,0,0,0,0,0,0,0,0
Morocco,2025-12-01,0,0,0,0,0,0,0,0,0,0,0,0,0,0,0,0,0,0,0,0
Morocco,2026-01-01,0,0,0,0,0,0,0,0,0,0,0,0,0,0,0,0,0,0,0,0
Uzbekistan,2012-01-01,0,0,0,0,0,0,0,0,0,0,0,0,0,0,0,0,1,0,0,0
Uzbekistan,2012-02-01,0,0,1,0,1,0,0,0,1,0,1,0,0,0,0,0,0,0,0,0
Uzbekistan,2012-03-01,1,0,0,0,0,0,0,0,0,0,0,0,0,0,0,0,0,0,0,0
Uzbekistan,2012-04-01,0,1,0,0,0,0,0,0,0,0,1,0,0,0,0,0,0,0,0,0
Uzbekistan,2012-05-01,0,0,0,0,1,0,0,0,0,0,0,0,0,1,0,0,0,0,0,0
Uzbekistan,2012-06-01,0,0,0,0,0,0,1,0,0,0,1,0,0,0,0,0,0,0,0,0
Uzbekistan,2012-07-01,0,0,0,0,0,0,1,0,0,0,0,0,0,0,0,0,0,0,0,0
Uzbekistan,2012-08-01,0,0,0,0,0,0,0,0,0,0,0,0,0,0,0,1,0,0,1,0
Uzbekistan,2012-09-01,0,0,0,0,0,0,0,0,0,0,0,0,0,0,0,0,1,0,0,0
Uzbekistan,2012-10-01,0,0,0,0,0,0,0,0,0,0,0,0,0,0,0,0,0,0,0,0
Uzbekistan,2012-11-01,0,0,0,0,0,0,0,0,0,0,0,0,0,0,0,0,0,0,0,0
Uzbekistan,2012-12-01,0,0,1,0,0,0,0,0,0,0,0,0,0,0,1,0,0,0,0,0
Uzbekistan,2013-01-01,0,0,0,0,0,0,0,0,0,0,0,1,0,0,0,0,0,0,0,0
Uzbekistan,2013-02-01,0,0,0,0,0,0,0,0,0,0,0,0,1,0,0,0,0,0,0,0
Uzbekistan,2013-03-01,0,0,0,0,0,0,0,0,0,0,0,1,0,0,0,0,0,0,0,0
Uzbekistan,2013-04-01,0,0,0,0,0,0,0,0,0,0,0,1,0,0,0,0,0,0,0,0
Uzbekistan,2013-05-01,1,0,0,0,0,0,0,0,0,0,0,0,0,0,0,0,0,0,0,0
Uzbekistan,2013-06-01,0,0,1,0,0,0,0,0,0,0,0,0,0,0,0,0,0,0,0,0
Uzbekistan,2013-07-01,0,0,0,0,0,0,0,0,1,0,0,0,0,0,1,1,0,0,0,0
Uzbekistan,2013-08-01,0,0,0,0,0,0,0,0,0,0,0,0,0,1,0,1,1,0,0,0
Uzbekistan,2013-09-01,0,0,0,0,0,0,0,0,0,0,0,0,0,0,0,0,0,0,0,0
Uzbekistan,2013-10-01,0,0,0,0,0,0,0,0,0,0,0,0,0,0,0,0,0,0,0,0
Uzbekistan,2013-11-01,0,0,0,0,0,0,0,0,0,0,0,0,0,0,1,0,1,0,0,0
Uzbekistan,2013-12-01,0,0,0,0,0,0,0,0,0,0,0,0,0,0,0,0,0,0,0,0
Uzbekistan,2014-01-01,0,0,0,0,0,0,0,0,0,0,0,0,0,0,0,0,0,0,0,0
Uzbekistan,2014-02-01,0,0,0,0,0,0,0,0,0,1,1,0,0,0,0,0,0,0,0,0
Uzbekistan,2014-03-01,0,0,0,0,0,0,1,0,0,0,0,0,0,0,0,0,0,0,0,0
Uzbekistan,2014-04-01,0,0,0,0,0,0,0,0,0,0,0,0,0,0,0,1,0,0,0,0
Uzbekistan,2014-05-01,0,1,0,0,1,0,0,0,0,0,0,0,0,0,0,1,0,0,0,0
Uzbekistan,2014-06-01,0,0,0,1,1,0,0,0,0,0,0,0,0,0,0,0,0,0,0,0
Uzbekistan,2014-07-01,0,0,0,0,0,0,0,0,0,0,0,0,1,0,0,0,0,0,0,0
Uzbekistan,2014-08-01,0,0,0,0,0,0,0,0,0,0,0,0,0,0,0,0,0,0,0,0
Uzbekistan,2014-09-01,0,1,0,0,0,0,0,1,0,0,0,0,0,0,0,0,0,0,0,0
Uzbekistan,2014-10-01,0,0,0,0,0,0,0,0,0,0,0,0,0,0,0,0,0,0,0,0
Uzbekistan,2014-11-01,0,0,0,0,0,0,0,0,0,0,0,0,0,1,0,0,1,0,0,0
Uzbekistan,2014-12-01,0,0,0,0,0,0,0,0,0,0,0,0,0,0,0,0,0,0,0,0
Uzbekistan,2015-01-01,0,0,0,0,0,0,0,0,0,0,0,0,0,0,0,0,0,0,0,0
Uzbekistan,2015-02-01,0,0,0,0,0,0,0,0,0,0,0,1,0,0,0,0,0,0,0,0
Uzbekistan,2015-03-01,0,1,1,0,0,0,0,0,0,0,0,0,0,0,0,0,0,0,0,0
Uzbekistan,2015-04-01,0,0,0,0,0,0,0,0,1,0,1,0,0,0,0,0,0,0,0,0
Uzbekistan,2015-05-01,0,0,0,0,0,0,0,1,0,0,0,0,0,0,0,0,0,0,0,0
Uzbekistan,2015-06-01,0,0,0,0,0,0,0,0,0,0,0,0,0,0,0,1,0,0,0,1
Uzbekistan,2015-07-01,0,0,0,0,0,0,0,0,0,0,0,0,0,0,0,0,1,0,0,0
Uzbekistan,2015-08-01,0,0,0,0,0,0,0,0,0,0,0,0,0,0,1,1,0,0,0,0
Uzbekistan,2015-09-01,0,0,0,0,0,0,0,0,0,1,0,0,0,0,0,0,0,0,0,0
Uzbekistan,2015-10-01,0,0,0,0,0,0,0,1,0,0,0,0,0,0,1,0,0,0,0,0
Uzbekistan,2015-11-01,0,0,0,0,0,0,0,0,0,0,0,0,0,0,0,0,0,0,0,0
Uzbekistan,2015-12-01,0,0,0,0,0,0,0,0,0,0,0,0,0,0,0,0,1,0,0,0
Uzbekistan,2016-01-01,1,0,0,0,0,0,0,0,0,0,0,0,0,0,0,0,0,0,0,0
Uzbekistan,2016-02-01,0,0,0,0,0,0,0,0,0,0,0,1,0,0,0,0,0,0,1,0
Uzbekistan,2016-03-01,0,0,0,0,0,0,0,0,0,0,0,1,0,0,0,0,0,0,0,0
Uzbekistan,2016-04-01,0,0,0,0,0,0,0,0,1,0,0,0,0,0,0,0,0,0,0,0
Uzbekistan,2016-05-01,0,0,0,0,0,0,0,0,1,0,1,0,0,0,0,0,0,0,0,0
Uzbekistan,2016-06-01,0,0,0,0,1,0,0,0,0,1,0,0,0,0,0,0,0,0,0,0
Uzbekistan,2016-07-01,0,0,0,0,0,0,0,1,0,0,0,0,0,0,0,1,0,0,0,0
Uzbekistan,2016-08-01,0,0,0,1,0,0,0,0,0,0,0,0,0,0,0,0,0,0,0,0
Uzbekistan,2016-09-01,0,0,0,1,0,0,0,0,0,0,0,0,1,0,0,0,0,0,0,0
Uzbekistan,2016-10-01,0,0,0,0,0,0,0,0,0,0,0,0,0,0,1,0,0,0,0,0
Uzbekistan,2016-11-01,0,0,0,0,0,0,0,0,0,0,0,0,0,0,0,0,0,0,0,0
Uzbekistan,2016-12-01,0,0,0,0,0,0,0,0,0,0,0,0,0,0,0,0,0,0,0,0
Uzbekistan,2017-01-01,0,0,0,0,0,0,0,0,0,0,0,0,0,0,0,0,0,0,0,0
Uzbekistan,2017-02-01,0,1,0,0,0,0,0,0,0,0,0,0,0,0,0,0,0,0,0,0
Uzbekistan,2017-03-01,0,0,0,0,0,0,0,0,0,0,0,0,0,1,0,0,0,0,0,0
Uzbekistan,2017-04-01,0,0,1,0,1,0,0,0,0,0,0,1,0,0,0,0,0,0,0,0
Uzbekistan,2017-05-01,1,0,0,0,0,0,0,0,0,0,0,0,0,0,0,0,0,0,0,0
Uzbekistan,2017-06-01,0,1,0,0,0,0,0,1,0,0,0,0,0,0,0,0,0,0,0,1
Uzbekistan,2017-07-01,0,0,0,0,0,0,0,0,0,0,0,0,0,0,0,0,0,0,0,0
Uzbekistan,2017-08-01,0,1,0,0,0,0,0,0,0,0,0,0,0,0,0,0,0,0,0,0
Uzbekistan,2017-09-01,0,0,0,1,0,0,0,0,0,0,0,0,0,1,0,1,0,0,0,0
Uzbekistan,2017-10-01,0,0,0,0,0,0,0,0,0,0,0,0,0,0,0,0,0,0,0,0
Uzbekistan,2017-11-01,0,0,0,0,0,0,1,0,0,0,0,0,0,0,0,0,0,0,0,0
Uzbekistan,2017-12-01,0,0,0,0,0,0,0,0,0,0,0,0,0,0,0,0,0,0,0,0
Uzbekistan,2018-01-01,0,0,0,0,0,0,0,0,0,0,0,0,0,0,0,0,0,0,1,1
Uzbekistan,2018-02-01,0,0,1,0,0,0,0,0,0,0,0,0,0,0,0,0,0,0,0,0
Uzbekistan,2018-03-01,0,0,0,0,0,0,0,1,0,0,0,0,0,0,0,1,0,0,0,0
Uzbekistan,2018-04-01,0,0,0,0,0,1,0,0,0,0,0,0,0,0,0,0,0,0,0,0
Uzbekistan,2018-05-01,1,0,1,1,0,0,0,0,1,0,0,0,0,0,0,0,0,0,0,0
Uzbekistan,2018-06-01,0,0,0,0,0,0,0,0,0,0,0,0,0,0,0,0,0,0,1,0
Uzbekistan,2018-07-01,0,0,0,0,0,0,0,0,0,1,0,0,0,0,0,0,0,0,0,0
Uzbekistan,2018-08-01,0,0,0,0,0,0,0,0,0,0,0,0,0,0,0,0,0,0,0,0
Uzbekistan,2018-09-01,0,0,0,1,0,0,0,0,0,0,0,0,0,0,0,0,0,0,0,0
Uzbekistan,2018-10-01,0,0,0,0,0,0,0,0,0,0,0,0,0,0,0,0,1,0,0,0
Uzbekistan,2018-11-01,0,0,0,0,0,0,0,0,0,0,0,0,0,0,0,0,0,0,0,0
Uzbekistan,2018-12-01,0,0,0,0,0,0,0,0,0,0,0,0,0,0,0,0,0,0,0,0
Uzbekistan,2019-01-01,0,1,0,0,0,0,0,0,0,0,0,0,1,1,0,0,0,0,1,0
Uzbekistan,2019-02-01,0,0,0,0,0,0,0,0,0,0,0,0,0,0,0,0,0,0,0,0
Uzbekistan,2019-03-01,0,0,0,0,0,0,0,0,0,0,0,0,0,0,0,1,0,0,0,0
Uzbekistan,2019-04-01,0,0,0,0,0,0,0,0,0,0,0,0,0,0,0,0,0,0,0,0
Uzbekistan,2019-05-01,0,0,0,0,0,0,0,0,0,0,0,0,0,0,1,0,0,0,0,0
Uzbekistan,2019-06-01,0,0,0,0,0,1,0,0,0,0,0,1,0,0,0,0,0,0,0,0
Uzbekistan,2019-07-01,0,0,0,0,0,0,0,0,0,0,0,0,0,0,0,0,0,0,0,0
Uzbekistan,2019-08-01,0,0,0,0,0,1,0,0,0,0,0,1,0,0,0,0,0,1,0,0
Uzbekistan,2019-09-01,0,0,1,0,1,0,0,0,0,0,1,0,0,0,1,0,0,0,0,1
Uzbekistan,2019-10-01,0,0,1,0,0,0,0,0,0,0,0,0,0,0,1,0,0,0,0,0
Uzbekistan,2019-11-01,0,0,0,1,0,0,0,0,0,0,1,0,0,0,0,0,0,0,0,0
Uzbekistan,2019-12-01,0,0,0,1,0,0,0,0,0,0,0,0,0,0,0,0,0,0,0,0
Uzbekistan,2020-01-01,0,0,0,0,0,0,0,0,0,0,0,0,0,0,0,0,0,0,0,0
Uzbekistan,2020-02-01,0,1,0,0,0,0,0,0,0,1,0,0,1,0,0,0,0,0,0,0
Uzbekistan,2020-03-01,0,0,0,0,0,0,0,0,0,0,0,0,0,0,0,0,0,0,0,0
Uzbekistan,2020-04-01,0,0,0,0,0,0,0,1,0,0,0,0,0,0,0,0,0,0,0,0
Uzbekistan,2020-05-01,1,0,0,0,0,0,0,1,1,0,0,0,0,0,0,0,0,0,0,0
Uzbekistan,2020-06-01,1,0,0,0,0,0,0,0,0,0,0,0,0,0,0,0,1,0,0,0
Uzbekistan,2020-07-01,0,0,0,0,0,0,0,0,0,0,0,0,0,0,0,1,0,0,1,0
Uzbekistan,2020-08-01,0,0,0,0,0,0,0,0,0,0,0,0,0,0,0,0,0,0,0,0
Uzbekistan,2020-09-01,0,0,0,0,0,0,0,0,0,0,0,0,0,0,0,0,0,0,0,0
Uzbekistan,2020-10-01,0,0,0,0,0,0,0,0,0,0,0,0,0,0,0,0,0,0,0,0
Uzbekistan,2020-11-01,0,0,0,0,0,0,0,0,0,0,0,0,1,0,0,0,0,0,0,0
Uzbekistan,2020-12-01,0,0,0,0,0,0,0,0,0,1,0,0,0,1,0,0,0,0,0,0
Uzbekistan,2021-01-01,0,0,0,1,0,0,0,0,0,0,0,0,0,0,0,0,0,0,0,0
Uzbekistan,2021-02-01,0,0,0,0,0,0,0,0,0,0,0,0,0,0,0,0,0,0,0,0
Uzbekistan,2021-03-01,0,0,0,0,0,0,0,0,0,0,0,0,0,0,0,0,0,0,0,0
Uzbekistan,2021-04-01,0,0,0,0,0,0,0,0,0,0,0,0,0,0,0,0,0,0,0,0
Uzbekistan,2021-05-01,0,0,0,0,0,0,0,0,0,0,0,0,0,0,0,0,0,0,0,0
Uzbekistan,2021-06-01,0,1,0,0,0,0,0,0,0,0,0,1,0,0,0,0,0,0,0,0
Uzbekistan,2021-07-01,0,0,0,0,0,0,0,0,0,0,1,0,0,0,0,0,0,0,0,1
Uzbekistan,2021-08-01,0,0,0,0,0,0,0,0,0,0,0,0,0,0,0,0,0,0,0,0
Uzbekistan,2021-09-01,0,0,0,0,0,0,0,0,0,0,1,0,0,0,0,1,0,0,0,0
Uzbekistan,2021-10-01,0,0,0,0,0,0,0,0,0,0,0,0,0,0,0,0,0,0,0,0
Uzbekistan,2021-11-01,0,0,0,0,0,0,0,0,0,0,0,0,0,0,0,0,0,0,1,0
Uzbekistan,2021-12-01,0,0,0,0,0,0,0,0,0,0,0,0,0,0,0,1,1,0,0,0
Uzbekistan,2022-01-01,0,0,0,0,0,0,0,0,0,1,0,0,0,0,1,0,0,0,0,0
Uzbekistan,2022-02-01,0,0,0,1,0,1,0,0,0,0,0,0,0,1,0,0,0,1,0,0
Uzbekistan,2022-03-01,0,0,0,0,0,1,0,1,0,0,0,0,0,0,0,0,0,0,0,0
Uzbekistan,2022-04-01,0,0,0,0,0,0,0,0,0,0,0,0,0,0,0,0,0,0,0,0
Uzbekistan,2022-05-01,0,0,0,0,0,1,0,0,1,0,0,0,0,0,0,0,0,0,0,0
Uzbekistan,2022-06-01,0,0,0,0,0,1,0,0,1,0,0,0,0,0,0,0,0,0,0,0
Uzbekistan,2022-07-01,0,0,0,0,0,0,0,0,0,0,0,0,0,0,0,0,0,0,0,0
Uzbekistan,2022-08-01,0,0,0,1,0,0,0,0,0,1,0,0,0,0,0,0,0,0,0,0
Uzbekistan,2022-09-01,0,0,1,0,0,0,0,0,0,0,0,0,0,0,0,0,0,0,0,0
Uzbekistan,2022-10-01,0,0,0,0,0,0,0,0,0,0,0,0,0,0,0,0,0,0,0,0
Uzbekistan,2022-11-01,0,0,0,0,0,0,0,0,0,0,0,0,0,0,0,0,0,0,0,0
Uzbekistan,2022-12-01,0,0,0,0,0,0,0,0,0,0,0,0,0,0,0,0,0,0,0,0
Uzbekistan,2023-01-01,0,0,0,0,0,0,0,0,0,0,0,0,0,0,0,0,0,1,0,1
Uzbekistan,2023-02-01,1,0,0,0,0,0,0,0,1,0,0,0,0,0,0,0,1,0,0,0
Uzbekistan,2023-03-01,1,0,0,0,0,0,0,0,0,0,0,0,0,0,0,1,1,0,0,0
Uzbekistan,2023-04-01,0,0,0,1,0,0,0,0,0,0,0,0,0,0,0,0,0,0,0,0
Uzbekistan,2023-05-01,0,0,0,0,0,0,0,0,0,0,0,0,0,0,0,0,0,0,0,0
Uzbekistan,2023-06-01,0,0,0,0,0,0,0,0,0,0,0,0,0,0,0,0,0,0,0,0
Uzbekistan,2023-07-01,0,0,0,0,0,0,0,0,0,0,0,0,0,0,0,0,0,0,0,1
Uzbekistan,2023-08-01,0,0,0,0,0,0,0,0,0,0,0,0,0,0,0,0,0,0,0,1
Uzbekistan,2023-09-01,0,0,0,0,0,0,0,0,0,0,0,0,0,0,0,0,0,0,0,0
Uzbekistan,2023-10-01,0,0,0,0,0,0,0,1,0,1,0,0,0,1,0,0,0,0,0,0
Uzbekistan,2023-11-01,0,1,0,0,1,0,0,0,1,0,0,0,1,0,0,0,0,0,0,0
Uzbekistan,2023-12-01,0,0,0,0,0,1,0,0,0,0,1,1,0,1,1,0,0,0,0,0
Uzbekistan,2024-01-01,0,0,0,0,0,0,1,0,0,1,1,0,1,0,1,1,0,0,0,0
Uzbekistan,2024-02-01,0,1,1,0,1,0,1,1,0,1,0,0,0,1,1,0,0,1,0,0
Uzbekistan,2024-03-01,0,0,0,0,0,0,0,0,0,0,0,0,0,0,0,0,0,0,0,0
Uzbekistan,2024-04-01,0,0,0,1,0,0,0,0,0,0,0,0,0,0,0,0,0,0,0,0
Uzbekistan,2024-05-01,0,0,0,0,0,0,0,0,0,0,0,0,0,0,0,0,0,0,0,1
Uzbekistan,2024-06-01,0,0,0,0,0,0,0,0,0,0,0,0,0,0,0,0,0,0,0,0
Uzbekistan,2024-07-01,0,0,0,0,0,0,0,0,0,0,0,0,0,0,0,0,0,0,0,0
Uzbekistan,2024-08-01,0,0,0,0,0,0,0,0,0,0,0,0,0,0,0,0,0,0,0,0
Uzbekistan,2024-09-01,0,0,0,0,0,0,0,0,0,0,0,0,0,0,0,0,0,0,0,0
Uzbekistan,2024-10-01,0,0,0,0,0,0,0,0,0,0,0,0,0,0,0,0,0,0,0,0
Uzbekistan,2024-11-01,0,0,0,0,0,0,1,0,1,0,0,0,0,0,0,0,1,0,0,0
Uzbekistan,2024-12-01,0,0,0,0,0,0,0,0,0,0,0,0,0,0,0,0,0,0,0,0
Uzbekistan,2025-01-01,0,0,0,0,0,0,0,1,0,0,0,0,0,0,0,0,0,0,0,0
Uzbekistan,2025-02-01,0,0,0,1,0,1,0,0,0,0,0,0,0,0,0,0,0,0,0,0
Uzbekistan,2025-03-01,0,0,0,0,0,0,0,0,0,0,0,0,0,0,0,0,0,0,0,0
Uzbekistan,2025-04-01,1,0,0,0,0,0,0,0,0,0,0,0,0,0,0,1,0,0,0,0
Uzbekistan,2025-05-01,0,0,0,0,0,0,0,0,0,0,0,0,0,0,0,0,0,0,0,0
Uzbekistan,2025-06-01,0,0,0,0,0,0,0,0,0,0,0,0,0,0,0,0,0,0,1,0
Uzbekistan,2025-07-01,0,0,0,0,0,0,0,0,0,0,0,0,0,0,0,0,0,0,0,0
Uzbekistan,2025-08-01,0,0,0,0,0,0,0,0,0,0,0,0,0,0,0,0,0,0,0,0
Uzbekistan,2025-09-01,0,0,0,0,0,0,0,0,0,0,0,0,0,0,0,0,0,0,0,0
Uzbekistan,2025-10-01,0,0,0,0,0,0,0,0,0,0,0,0,0,0,0,0,0,0,0,0
Uzbekistan,2025-11-01,0,0,0,0,0,0,0,0,0,0,0,0,0,0,0,0,0,0,0,0
Uzbekistan,2025-12-01,0,0,0,0,0,0,0,0,0,0,0,0,0,0,0,0,0,0,0,0
Uzbekistan,2026-01-01,0,0,0,0,0,0,0,0,0,0,0,0,0,0,0,0,0,0,0,0
Malawi,2012-01-01,0,1,0,0,1,1,0,0,1,0,0,0,0,0,0,1,0,0,0,0
Malawi,2012-02-01,0,0,0,0,0,0,0,0,1,0,0,0,1,0,0,0,0,0,0,0
Malawi,2012-03-01,0,0,0,0,0,0,0,0,0,0,1,0,0,0,0,0,0,0,0,0
Malawi,2012-04-01,0,0,0,0,0,0,0,0,0,0,0,0,0,0,0,0,0,0,0,0
Malawi,2012-05-01,0,0,0,0,0,0,0,0,0,1,0,0,0,0,0,0,0,0,0,0
Malawi,2012-06-01,0,0,0,0,0,0,0,0,0,1,0,0,0,0,0,0,1,0,0,0
Malawi,2012-07-01,0,0,0,0,0,0,0,0,0,0,0,0,0,0,0,0,0,0,0,0
Malawi,2012-08-01,0,0,0,0,0,0,0,0,0,0,0,0,1,0,0,0,0,0,0,0
Malawi,2012-09-01,0,0,0,0,0,0,0,0,0,0,0,0,0,0,0,0,0,0,0,0
Malawi,2012-10-01,0,0,0,1,0,0,0,0,0,0,0,0,0,1,0,0,0,0,0,0
Malawi,2012-11-01,0,0,0,0,0,0,1,0,0,0,1,1,0,0,0,0,0,0,0,0
Malawi,2012-12-01,0,0,1,0,0,0,0,0,0,0,0,0,0,0,0,0,1,0,0,1
Malawi,2013-01-01,1,0,0,0,0,0,0,1,0,0,0,0,0,0,0,1,0,0,0,1
Malawi,2013-02-01,1,0,0,1,0,0,0,0,0,0,0,0,0,0,0,0,0,0,0,0
Malawi,2013-03-01,0,0,1,0,1,0,0,1,0,0,0,0,0,0,1,1,0,0,0,0
Malawi,2013-04-01,1,0,0,0,0,0,0,0,0,0,0,0,0,0,0,0,0,0,0,0
Malawi,2013-05-01,0,0,0,0,0,0,0,0,0,0,0,0,0,0,0,0,0,0,0,0
Malawi,2013-06-01,0,0,0,0,0,1,0,0,0,0,0,0,0,0,0,0,0,0,0,0
Malawi,2013-07-01,0,0,0,0,0,0,0,0,0,0,0,0,0,0,0,0,0,0,1,0
Malawi,2013-08-01,0,0,0,0,0,0,0,0,0,0,0,0,0,0,0,0,0,0,0,0
Malawi,2013-09-01,0,0,0,0,0,0,0,0,0,0,0,0,0,0,0,0,0,0,0,0
Malawi,2013-10-01,0,1,0,0,0,0,0,0,0,0,0,0,0,0,0,0,0,0,0,0
Malawi,2013-11-01,0,0,0,0,0,0,0,0,0,0,0,0,0,0,0,0,0,0,0,0
Malawi,2013-12-01,0,0,0,0,0,0,0,0,0,0,0,0,0,0,0,0,0,0,0,0
Malawi,2014-01-01,0,0,0,0,0,0,0,0,0,0,0,0,0,0,0,0,0,0,1,0
Malawi,2014-02-01,0,0,1,1,0,0,0,0,0,0,0,0,0,0,0,0,0,0,0,0
Malawi,2014-03-01,0,0,0,0,0,0,0,0,0,0,0,0,0,0,0,0,0,0,0,0
Malawi,2014-04-01,0,0,0,0,0,0,0,0,0,0,0,0,0,0,0,0,0,0,0,0
Malawi,2014-05-01,0,0,0,0,0,0,0,0,0,0,0,0,0,0,0,0,0,0,0,0
Malawi,2014-06-01,0,0,0,0,0,0,0,0,0,0,0,0,0,0,0,0,0,0,0,0
Malawi,2014-07-01,0,0,0,0,0,0,0,0,0,0,0,0,0,0,0,0,0,0,0,0
Malawi,2014-08-01,0,0,0,0,0,0,0,0,0,0,0,0,0,0,1,0,0,0,0,0
Malawi,2014-09-01,0,0,0,0,0,0,0,0,0,0,0,0,0,0,0,0,0,0,0,0
Malawi,2014-10-01,0,1,0,0,0,0,0,0,0,0,0,0,0,0,0,0,0,0,0,0
Malawi,2014-11-01,0,0,0,0,0,0,0,0,0,0,0,0,0,0,0,0,1,0,0,0
Malawi,2014-12-01,0,0,0,0,0,0,0,0,0,0,0,0,0,0,0,0,0,1,0,0
Malawi,2015-01-01,1,0,0,0,1,0,1,1,1,1,0,1,1,0,0,0,0,0,1,0
Malawi,2015-02-01,1,0,0,0,0,0,0,1,1,0,0,0,0,0,0,1,0,1,0,0
Malawi,2015-03-01,0,0,0,0,0,0,0,0,1,1,0,0,0,0,0,0,1,0,0,0
Malawi,2015-04-01,0,0,0,1,0,0,0,0,0,0,0,0,0,1,0,1,0,0,0,1
Malawi,2015-05-01,0,0,0,0,0,0,0,0,0,0,0,0,1,0,0,0,0,0,0,1
Malawi,2015-06-01,0,0,0,0,0,0,0,0,0,0,1,0,0,0,0,0,0,0,0,0
Malawi,2015-07-01,0,1,0,0,0,0,0,0,0,0,0,0,0,0,1,0,0,0,0,0
Malawi,2015-08-01,0,0,0,0,0,0,0,0,0,0,0,0,0,0,0,0,0,0,0,0
Malawi,2015-09-01,0,0,0,0,0,0,0,0,0,0,0,0,0,0,0,0,0,0,0,0
Malawi,2015-10-01,0,0,0,0,0,0,0,0,0,0,0,0,0,0,0,0,0,0,0,0
Malawi,2015-11-01,0,0,1,0,0,0,0,0,0,0,0,0,0,0,0,0,0,0,0,0
Malawi,2015-12-01,0,0,0,0,0,0,0,0,0,0,0,0,0,0,0,0,0,0,0,0
Malawi,2016-01-01,0,0,0,0,0,0,0,0,0,0,1,1,0,0,0,0,0,0,0,0
Malawi,2016-02-01,0,0,0,0,0,0,0,0,0,0,0,0,0,0,0,0,0,0,0,0
Malawi,2016-03-01,0,0,0,0,1,0,0,0,0,0,0,0,0,0,0,0,0,0,0,0
Malawi,2016-04-01,1,0,0,0,0,0,0,0,0,0,0,0,0,0,0,0,0,0,0,0
Malawi,2016-05-01,0,0,0,0,0,0,0,0,0,0,0,0,0,0,0,0,0,1,0,0
Malawi,2016-06-01,0,0,0,1,0,0,0,0,0,0,0,0,0,0,0,0,0,0,0,0
Malawi,2016-07-01,0,0,0,0,0,0,0,0,0,0,0,0,0,0,0,0,0,0,0,0
Malawi,2016-08-01,0,0,0,0,0,0,0,0,0,0,0,0,0,0,0,0,0,0,1,0
Malawi,2016-09-01,0,1,0,0,0,1,0,0,0,0,0,0,0,0,0,0,0,0,0,0
Malawi,2016-10-01,0,0,0,0,0,0,0,0,0,0,0,0,1,0,0,1,0,0,0,0
Malawi,2016-11-01,0,0,0,0,0,0,0,0,0,0,0,0,0,0,0,0,0,0,0,0
Malawi,2016-12-01,0,1,0,0,0,0,0,0,0,0,0,0,0,0,1,0,0,0,0,1
Malawi,2017-01-01,0,0,0,0,0,0,0,0,0,0,0,0,0,1,1,0,0,0,0,0
Malawi,2017-02-01,1,0,0,0,1,0,0,0,1,0,0,0,0,0,1,0,0,0,0,1
Malawi,2017-03-01,0,0,0,0,0,0,0,0,0,0,0,0,0,0,0,0,0,0,0,0
Malawi,2017-04-01,0,0,0,0,0,0,0,0,0,0,0,0,0,0,0,0,0,1,0,0
Malawi,2017-05-01,0,0,0,0,0,0,0,0,0,0,0,0,0,0,0,0,0,0,0,0
Malawi,2017-06-01,0,0,0,0,0,0,0,0,0,0,0,0,1,0,0,0,0,0,0,0
Malawi,2017-07-01,0,0,0,0,0,0,0,0,0,0,0,0,0,0,0,0,0,0,0,0
Malawi,2017-08-01,0,0,0,1,0,0,0,1,0,1,0,0,0,0,0,0,0,0,1,0
Malawi,2017-09-01,0,0,0,0,0,0,0,0,0,0,0,0,0,0,0,0,0,0,0,0
Malawi,2017-10-01,0,0,0,0,0,0,1,0,0,0,0,0,0,0,0,0,0,0,0,0
Malawi,2017-11-01,0,0,0,0,0,0,0,0,0,0,1,0,0,0,0,0,0,0,0,0
Malawi,2017-12-01,0,0,0,0,0,0,0,0,0,0,0,0,0,0,0,0,0,0,0,0
Malawi,2018-01-01,0,0,1,0,0,0,0,0,1,0,0,0,0,0,0,0,1,0,0,0
Malawi,2018-02-01,0,0,0,0,0,0,0,1,0,0,1,0,1,0,0,1,1,0,0,0
Malawi,2018-03-01,0,0,0,0,0,0,0,0,0,0,0,0,0,0,0,0,0,0,0,0
Malawi,2018-04-01,0,0,0,0,0,0,0,0,0,0,0,0,0,0,0,0,0,1,0,0
Malawi,2018-05-01,0,0,0,0,0,0,0,0,0,0,0,0,0,0,0,0,0,0,0,0
Malawi,2018-06-01,0,0,0,0,0,0,0,0,0,0,0,0,0,0,0,0,0,0,0,0
Malawi,2018-07-01,0,0,0,0,0,0,0,0,0,0,0,0,0,0,0,0,0,0,0,0
Malawi,2018-08-01,0,0,0,0,0,0,0,0,0,0,0,0,0,0,0,0,0,0,0,0
Malawi,2018-09-01,0,0,0,0,0,1,0,0,0,0,0,1,0,0,0,0,0,0,0,0
Malawi,2018-10-01,0,0,0,0,0,0,0,0,0,0,0,0,0,0,0,0,0,0,1,0
Malawi,2018-11-01,0,0,0,1,0,0,0,0,0,0,0,0,0,1,0,0,0,0,0,1
Malawi,2018-12-01,0,0,0,0,0,0,0,0,0,0,0,0,0,0,0,0,0,0,0,0
Malawi,2019-01-01,0,0,0,0,0,0,0,0,0,0,0,0,0,0,0,0,0,0,0,0
Malawi,2019-02-01,0,0,0,0,0,0,0,0,0,0,0,0,0,0,0,0,0,0,0,0
Malawi,2019-03-01,1,0,0,0,0,0,0,1,1,0,1,0,0,0,0,1,1,0,0,0
Malawi,2019-04-01,0,0,1,0,0,0,0,1,1,0,0,0,0,0,0,0,0,0,0,0
Malawi,2019-05-01,0,0,0,0,0,0,0,0,0,0,0,0,0,0,0,0,0,1,0,1
Malawi,2019-06-01,0,1,0,0,0,0,0,1,0,0,0,0,0,0,0,0,0,0,0,0
Malawi,2019-07-01,0,0,0,0,0,0,0,0,0,0,0,0,0,0,0,0,0,1,0,0
Malawi,2019-08-01,0,0,0,0,0,0,0,0,0,0,0,0,0,0,0,0,0,0,0,0
Malawi,2019-09-01,0,0,0,1,0,0,1,0,0,1,0,0,0,1,0,0,0,0,0,0
Malawi,2019-10-01,0,0,0,0,0,0,0,0,0,0,0,1,0,0,0,0,0,0,0,0
Malawi,2019-11-01,0,0,0,0,1,0,0,0,0,0,0,0,1,0,1,0,0,0,0,0
Malawi,2019-12-01,0,0,1,0,0,1,0,0,0,0,1,0,1,0,0,1,0,0,0,0
Malawi,2020-01-01,0,0,0,0,0,0,0,0,0,1,0,0,0,0,0,0,0,0,1,0
Malawi,2020-02-01,0,0,0,0,0,0,0,0,0,0,0,0,0,0,0,0,0,0,0,0
Malawi,2020-03-01,0,0,0,0,0,0,0,0,0,0,0,0,0,0,0,0,0,0,0,0
Malawi,2020-04-01,0,0,0,0,0,0,0,0,0,0,0,0,0,0,0,0,0,0,0,0
Malawi,2020-05-01,0,0,0,0,0,0,0,0,0,0,0,0,0,0,0,0,0,0,0,0
Malawi,2020-06-01,0,0,0,0,0,0,0,0,0,0,0,0,0,0,1,0,0,0,0,0
Malawi,2020-07-01,0,0,0,0,0,0,0,0,0,0,0,0,0,0,0,0,0,0,0,0
Malawi,2020-08-01,0,0,0,0,0,0,0,0,0,0,0,0,0,0,0,0,0,0,0,0
Malawi,2020-09-01,0,0,1,0,0,0,0,0,0,0,0,0,0,0,0,0,0,0,0,0
Malawi,2020-10-01,0,0,0,0,0,0,1,0,0,0,0,0,1,0,0,0,0,0,0,0
Malawi,2020-11-01,0,0,0,0,0,0,0,0,0,0,0,0,0,0,0,0,0,0,0,0
Malawi,2020-12-01,1,0,0,0,0,0,0,0,0,0,0,0,0,0,0,0,0,0,1,0
Malawi,2021-01-01,1,0,0,0,0,0,0,0,0,0,0,0,0,0,0,0,0,0,0,0
Malawi,2021-02-01,0,1,0,0,0,1,0,0,0,0,0,0,0,0,0,0,0,0,0,0
Malawi,2021-03-01,0,1,0,0,0,0,0,0,0,0,0,0,0,0,0,0,0,1,0,0
Malawi,2021-04-01,0,0,0,1,0,0,0,0,0,0,0,0,0,0,0,0,0,0,0,0
Malawi,2021-05-01,0,0,0,0,0,0,0,0,0,0,0,0,0,1,1,0,0,0,1,0
Malawi,2021-06-01,0,0,0,0,0,0,0,0,0,0,0,0,0,0,0,0,0,0,0,0
Malawi,2021-07-01,0,0,0,0,0,0,0,0,0,0,0,0,0,0,0,0,0,0,0,0
Malawi,2021-08-01,0,1,0,0,0,0,0,0,0,0,1,1,0,0,0,0,0,0,0,0
Malawi,2021-09-01,0,0,0,0,0,0,0,0,0,0,0,0,0,0,0,0,0,0,0,0
Malawi,2021-10-01,0,0,0,0,0,0,0,0,0,0,1,0,0,1,0,0,0,0,1,0
Malawi,2021-11-01,0,0,0,0,0,0,0,0,0,0,1,0,0,0,0,0,0,0,0,0
Malawi,2021-12-01,0,0,0,0,0,0,0,0,0,0,0,0,0,0,0,0,0,0,0,0
Malawi,2022-01-01,1,0,0,0,0,0,0,0,0,0,0,0,1,0,0,0,0,0,0,0
Malawi,2022-02-01,1,0,1,0,0,0,1,0,1,0,0,0,1,0,0,1,1,0,0,0
Malawi,2022-03-01,0,0,0,0,0,1,0,0,0,1,0,0,0,0,0,1,0,0,0,0
Malawi,2022-04-01,0,0,0,0,0,0,0,1,0,0,0,0,0,0,0,0,0,0,0,0
Malawi,2022-05-01,0,0,0,0,0,0,0,0,0,0,0,0,0,0,0,0,0,0,0,0
Malawi,2022-06-01,0,0,0,0,0,0,0,0,0,0,0,0,0,0,0,0,0,0,0,0
Malawi,2022-07-01,0,0,0,0,0,0,0,1,0,0,0,0,0,0,1,0,0,0,0,1
Malawi,2022-08-01,0,0,0,0,0,0,0,0,0,0,0,0,0,0,0,0,0,0,0,0
Malawi,2022-09-01,0,0,0,0,0,0,0,0,0,0,0,0,0,0,0,0,0,0,0,0
Malawi,2022-10-01,0,0,0,0,0,0,0,0,0,0,0,0,0,0,0,0,0,1,0,0
Malawi,2022-11-01,0,1,0,0,0,0,0,0,0,0,0,0,0,0,0,0,0,0,0,0
Malawi,2022-12-01,0,0,0,0,0,0,0,0,0,1,0,0,0,0,0,0,0,0,0,0
Malawi,2023-01-01,0,0,0,0,0,0,1,0,0,0,0,0,0,0,0,0,0,0,0,0
Malawi,2023-02-01,0,0,0,0,0,0,0,0,0,0,0,0,0,0,0,0,0,0,1,0
Malawi,2023-03-01,1,0,0,0,0,1,0,1,1,0,0,0,0,0,0,0,0,0,0,0
Malawi,2023-04-01,0,0,0,0,0,0,0,0,1,0,1,1,0,0,1,0,0,0,0,0
Malawi,2023-05-01,0,0,0,0,0,0,0,0,0,0,0,0,0,0,0,0,0,0,0,0
Malawi,2023-06-01,0,0,0,0,0,0,0,0,0,0,0,0,1,1,0,0,0,0,0,0
Malawi,2023-07-01,0,0,0,0,0,0,0,0,0,0,0,0,0,0,0,0,0,0,0,0
Malawi,2023-08-01,0,0,0,1,0,0,0,0,0,0,0,0,1,0,0,0,0,0,0,0
Malawi,2023-09-01,0,0,0,0,0,1,0,0,0,0,1,0,0,0,0,0,0,0,0,0
Malawi,2023-10-01,0,0,0,0,0,0,0,0,0,0,0,0,0,0,0,0,0,0,0,0
Malawi,2023-11-01,0,0,0,0,0,0,0,0,0,0,0,0,0,0,0,0,0,0,0,0
Malawi,2023-12-01,0,0,0,0,0,1,0,0,0,0,0,0,0,0,0,0,0,0,0,0
Malawi,2024-01-01,0,0,0,0,0,0,0,0,0,0,0,0,0,0,0,0,0,0,0,0
Malawi,2024-02-01,0,0,0,0,0,0,0,0,0,0,0,0,0,0,0,0,1,0,0,1
Malawi,2024-03-01,0,0,0,0,0,0,0,1,0,1,0,0,0,0,0,0,0,0,0,0
Malawi,2024-04-01,0,0,0,0,0,0,0,0,0,0,0,1,0,0,0,0,0,0,0,0
Malawi,2024-05-01,0,0,0,0,0,0,0,0,0,0,0,0,0,0,0,0,0,0,0,0
Malawi,2024-06-01,0,0,0,0,0,0,0,0,0,0,0,0,0,0,0,0,0,0,0,0
Malawi,2024-07-01,0,0,0,0,0,0,0,0,0,1,0,0,0,0,0,0,0,0,1,0
Malawi,2024-08-01,0,1,1,0,0,0,0,0,0,0,0,0,0,1,0,0,0,0,1,0
Malawi,2024-09-01,0,0,0,0,0,0,0,0,0,0,1,0,0,0,0,0,0,0,0,0
Malawi,2024-10-01,0,0,0,0,0,0,0,0,0,0,0,0,0,0,0,0,0,0,0,0
Malawi,2024-11-01,0,1,0,0,1,0,0,0,0,0,1,0,1,0,0,0,0,0,0,0
Malawi,2024-12-01,1,1,0,1,0,0,0,0,0,0,0,0,0,0,0,1,0,0,0,0
Malawi,2025-01-01,0,0,0,0,0,0,0,0,0,0,0,0,0,0,0,0,1,0,0,0
Malawi,2025-02-01,0,0,1,0,1,0,1,0,0,0,0,0,0,0,1,1,0,1,0,1
Malawi,2025-03-01,1,0,1,0,1,1,0,0,1,0,0,0,0,0,0,0,1,0,0,0
Malawi,2025-04-01,0,0,0,0,0,0,0,1,0,0,0,0,0,0,0,0,0,0,0,0
Malawi,2025-05-01,0,0,0,0,0,0,0,0,0,0,0,0,0,0,0,0,1,0,0,0
Malawi,2025-06-01,0,0,0,0,0,1,0,0,0,0,0,0,0,0,0,0,0,0,0,0
Malawi,2025-07-01,0,0,0,0,0,0,0,0,0,0,0,0,0,0,0,0,0,0,0,0
Malawi,2025-08-01,0,0,0,1,0,0,0,0,0,0,0,0,0,0,0,0,0,0,0,0
Malawi,2025-09-01,0,0,0,0,0,0,0,0,0,0,0,0,0,0,0,0,0,0,0,1
Malawi,2025-10-01,0,0,0,1,0,0,0,0,0,0,0,0,0,0,0,0,0,0,0,0
Malawi,2025-11-01,0,0,0,0,0,0,0,0,0,0,0,0,1,0,0,0,0,0,1,0
Malawi,2025-12-01,0,0,0,0,1,0,0,0,1,0,0,0,0,0,0,0,0,0,0,0
Malawi,2026-01-01,0,0,0,0,0,0,0,0,0,0,0,0,0,0,0,0,0,0,0,0
Niger,2012-01-01,0,0,0,0,0,0,0,0,0,0,0,1,0,0,0,0,0,0,0,0
Niger,2012-02-01,0,0,0,0,0,0,0,1,0,0,0,0,0,0,0,0,0,0,0,0
Niger,2012-03-01,0,0,0,0,0,0,0,1,1,1,0,0,0,0,0,0,0,0,0,0
Niger,2012-04-01,0,0,0,0,0,0,1,1,0,0,0,0,0,0,0,0,0,0,0,0
Niger,2012-05-01,0,0,0,0,0,0,1,0,0,0,0,0,0,0,0,0,0,0,0,1
Niger,2012-06-01,0,0,0,0,0,0,0,0,0,0,0,0,0,0,0,0,0,0,0,0
Niger,2012-07-01,0,0,0,0,0,0,0,0,0,0,0,1,0,0,0,0,0,0,0,0
Niger,2012-08-01,1,0,0,0,0,0,1,0,0,0,0,0,0,0,0,0,0,0,0,0
Niger,2012-09-01,0,0,0,0,1,0,0,0,0,0,0,0,0,0,0,0,0,0,0,0
Niger,2012-10-01,0,0,0,0,0,0,0,0,1,1,0,0,0,0,0,0,0,0,0,0
Niger,2012-11-01,1,0,0,0,0,0,0,0,0,0,0,0,0,0,0,0,0,0,0,0
Niger,2012-12-01,0,0,0,0,0,0,0,0,0,0,0,0,0,0,0,0,0,0,0,0
Niger,2013-01-01,0,0,0,1,0,0,0,0,0,1,0,0,0,0,0,0,0,0,0,0
Niger,2013-02-01,0,0,0,0,0,0,0,0,0,0,0,0,0,0,0,0,0,0,0,0
Niger,2013-03-01,0,0,0,0,0,0,0,0,0,0,0,0,0,0,0,0,0,0,0,0
Niger,2013-04-01,0,0,0,0,0,0,0,0,0,0,0,0,0,0,0,0,0,0,0,0
Niger,2013-05-01,0,0,0,0,0,0,0,0,0,0,0,0,0,0,0,0,0,0,0,0
Niger,2013-06-01,0,0,0,0,0,0,0,0,0,0,0,0,0,0,0,0,0,0,0,0
Niger,2013-07-01,0,0,0,0,0,0,0,0,0,0,0,0,0,0,0,0,0,0,0,0
Niger,2013-08-01,1,0,0,0,0,0,0,0,1,0,0,0,0,0,0,0,0,0,0,0
Niger,2013-09-01,0,0,0,0,0,0,0,0,0,0,0,0,0,0,0,0,0,0,0,0
Niger,2013-10-01,0,0,0,0,0,0,0,0,0,0,0,1,0,0,0,0,0,0,1,0
Niger,2013-11-01,0,0,0,0,0,0,0,0,0,0,0,0,0,0,0,0,0,0,0,0
Niger,2013-12-01,0,1,0,1,0,0,0,0,0,0,0,0,0,0,0,0,0,0,0,0
Niger,2014-01-01,0,0,0,0,0,0,0,0,0,0,0,0,0,0,0,0,0,0,0,0
Niger,2014-02-01,0,0,0,0,0,0,0,0,0,0,0,0,0,0,0,0,0,0,0,0
Niger,2014-03-01,0,0,0,0,0,0,0,0,0,0,0,0,0,0,0,0,0,1,0,0
Niger,2014-04-01,0,0,0,0,0,0,0,0,0,0,0,0,0,0,0,0,0,0,0,0
Niger,2014-05-01,0,0,0,0,0,0,0,0,0,0,0,0,0,0,0,0,0,0,0,0
Niger,2014-06-01,0,0,0,0,0,0,1,0,0,0,0,0,0,1,0,0,0,0,0,0
Niger,2014-07-01,0,0,0,0,0,0,0,1,0,0,0,0,0,0,1,0,0,0,0,0
Niger,2014-08-01,1,0,0,0,0,0,0,0,0,0,0,0,0,0,0,0,0,0,1,0
Niger,2014-09-01,0,0,0,0,0,0,0,0,1,0,0,0,0,0,0,0,0,0,0,0
Niger,2014-10-01,0,0,0,0,0,0,0,0,0,0,0,0,0,0,0,0,0,0,0,0
Niger,2014-11-01,0,0,0,0,0,0,0,0,0,0,0,0,0,0,0,0,0,0,0,0
Niger,2014-12-01,0,0,0,0,0,0,0,0,0,0,0,0,0,0,0,0,0,0,0,0
Niger,2015-01-01,0,0,0,0,0,0,0,0,0,0,0,0,0,0,0,0,0,0,0,0
Niger,2015-02-01,0,0,0,0,0,0,0,0,0,0,0,0,0,0,0,0,0,0,0,0
Niger,2015-03-01,0,0,0,0,0,0,0,0,0,0,0,0,0,0,0,0,0,0,0,0
Niger,2015-04-01,0,0,0,0,0,0,0,0,0,0,0,0,0,0,0,0,0,0,0,0
Niger,2015-05-01,0,0,0,0,0,0,0,1,0,0,0,0,0,0,1,0,0,0,0,0
Niger,2015-06-01,0,0,0,0,0,0,0,0,0,0,0,0,0,0,0,0,0,0,0,0
Niger,2015-07-01,0,0,0,0,0,0,0,0,0,0,0,0,0,0,0,0,0,0,0,0
Niger,2015-08-01,0,0,0,0,0,0,0,0,1,0,0,0,0,0,0,0,0,0,0,0
Niger,2015-09-01,0,0,0,0,0,0,0,0,0,0,0,0,0,0,0,0,0,0,0,0
Niger,2015-10-01,0,0,0,0,0,0,0,0,0,0,0,0,0,0,0,0,0,0,0,1
Niger,2015-11-01,0,0,0,0,0,0,0,0,0,0,1,0,0,0,0,0,0,0,0,0
Niger,2015-12-01,0,0,0,0,1,0,0,0,0,1,0,0,0,0,0,0,0,1,0,0
Niger,2016-01-01,0,0,0,0,0,0,0,0,0,0,0,0,0,0,0,0,0,0,0,0
Niger,2016-02-01,0,0,0,0,0,0,0,0,0,0,0,0,0,0,0,0,0,0,0,0
Niger,2016-03-01,0,0,0,0,0,0,0,0,0,0,0,0,0,0,0,0,0,0,0,0
Niger,2016-04-01,0,0,0,0,0,0,0,0,0,0,0,1,0,0,0,0,0,0,0,0
Niger,2016-05-01,0,0,0,0,0,0,0,0,0,0,0,0,0,0,0,0,0,0,1,0
Niger,2016-06-01,0,0,0,1,0,0,0,1,0,0,0,1,0,0,0,0,0,0,0,0
Niger,2016-07-01,0,0,1,0,0,0,0,0,0,0,0,0,0,0,0,0,0,0,0,1
Niger,2016-08-01,1,0,0,0,0,0,0,0,0,0,0,0,0,0,0,0,0,0,1,0
Niger,2016-09-01,0,0,0,0,0,0,0,1,0,0,0,0,0,1,1,1,0,0,0,0
Niger,2016-10-01,0,0,0,0,0,0,0,0,0,0,0,0,0,0,0,0,0,0,0,0
Niger,2016-11-01,0,0,0,0,0,0,0,0,0,1,0,0,0,0,0,0,0,1,0,1
Niger,2016-12-01,0,0,0,0,0,0,0,0,0,0,0,0,0,0,0,0,0,0,0,0
Niger,2017-01-01,0,0,0,0,0,0,0,0,0,1,0,0,0,0,0,0,0,0,0,0
Niger,2017-02-01,0,1,0,0,0,0,1,0,0,0,0,0,0,0,0,1,0,0,0,0
Niger,2017-03-01,0,0,0,0,0,0,0,0,0,0,0,0,0,0,0,0,0,0,0,0
Niger,2017-04-01,0,0,0,0,0,0,0,0,0,0,0,0,0,0,0,0,0,0,0,0
Niger,2017-05-01,0,0,0,0,0,0,0,0,0,0,0,1,0,1,0,0,0,0,0,0
Niger,2017-06-01,0,1,0,0,0,0,0,0,1,0,1,0,0,0,1,0,0,0,0,0
Niger,2017-07-01,0,0,0,0,0,0,0,0,0,0,0,0,0,0,0,0,0,0,0,0
Niger,2017-08-01,0,0,1,0,0,0,0,1,0,0,1,0,0,0,0,0,0,1,1,0
Niger,2017-09-01,1,0,0,0,0,0,0,0,0,0,0,0,0,0,0,0,0,0,0,0
Niger,2017-10-01,0,0,0,0,0,0,0,0,0,0,0,0,1,0,0,0,0,0,0,0
Niger,2017-11-01,0,0,0,0,0,0,0,0,0,0,0,0,0,0,0,0,0,0,0,0
Niger,2017-12-01,0,0,0,0,1,0,0,0,0,0,0,0,0,0,0,0,0,0,1,0
Niger,2018-01-01,0,1,0,0,0,0,0,0,0,0,0,0,0,0,0,0,0,0,1,0
Niger,2018-02-01,0,0,0,0,0,0,0,0,0,0,0,1,0,0,0,0,0,0,0,0
Niger,2018-03-01,0,0,0,0,0,0,0,0,0,0,0,0,0,0,0,0,0,0,0,0
Niger,2018-04-01,0,0,0,0,0,0,0,0,0,1,0,0,0,0,0,0,0,1,0,0
Niger,2018-05-01,0,0,0,0,0,0,1,0,0,1,0,0,0,0,0,0,0,0,0,0
Niger,2018-06-01,0,0,0,0,0,0,0,0,0,0,0,0,0,0,1,0,0,0,0,0
Niger,2018-07-01,0,0,0,0,0,0,0,0,0,0,0,0,0,0,0,0,0,0,0,0
Niger,2018-08-01,1,0,0,0,0,0,0,0,0,0,0,0,0,0,0,0,0,0,0,0
Niger,2018-09-01,0,0,0,0,0,0,0,0,0,0,0,1,0,0,0,0,0,0,0,0
Niger,2018-10-01,0,0,0,0,0,0,0,0,0,0,0,0,0,0,0,0,0,0,0,0
Niger,2018-11-01,0,0,0,0,0,0,0,0,1,0,0,0,0,0,0,1,0,0,0,0
Niger,2018-12-01,0,0,0,0,0,0,0,0,0,0,0,0,0,0,1,0,0,0,0,0
Niger,2019-01-01,0,0,0,0,0,0,0,0,0,0,0,0,0,0,0,0,0,0,0,0
Niger,2019-02-01,0,0,0,0,1,0,0,0,0,0,1,0,0,0,0,0,1,0,0,0
Niger,2019-03-01,0,1,0,0,0,0,1,0,0,0,0,0,0,1,0,0,0,0,0,0
Niger,2019-04-01,0,0,0,0,0,0,0,0,0,1,0,0,0,0,0,0,0,0,0,1
Niger,2019-05-01,0,0,0,0,0,0,0,0,0,0,0,0,0,0,0,0,0,0,1,0
Niger,2019-06-01,0,1,0,0,0,0,0,0,0,0,0,0,1,0,0,0,0,0,0,0
Niger,2019-07-01,0,0,0,0,0,0,0,0,0,1,0,0,0,0,0,0,0,0,0,0
Niger,2019-08-01,0,0,1,1,0,0,0,0,0,0,0,0,0,0,0,0,0,0,0,0
Niger,2019-09-01,1,0,0,0,0,0,0,0,0,0,1,0,0,0,0,0,0,0,0,0
Niger,2019-10-01,0,0,0,0,0,0,0,1,0,0,0,0,1,0,1,0,0,0,0,0
Niger,2019-11-01,0,0,0,0,0,0,0,1,0,0,0,0,0,0,0,0,0,0,0,0
Niger,2019-12-01,0,0,0,0,0,0,0,0,0,0,0,1,0,0,0,0,0,0,0,0
Niger,2020-01-01,0,0,0,0,0,0,0,0,0,0,0,0,0,0,0,0,0,0,0,0
Niger,2020-02-01,0,1,0,0,0,0,0,0,0,0,0,0,0,0,0,0,0,0,0,0
Niger,2020-03-01,0,0,0,0,0,0,0,0,0,0,0,0,0,0,0,0,0,0,0,0
Niger,2020-04-01,0,0,0,0,0,0,0,0,0,0,0,0,0,0,0,0,0,0,0,0
Niger,2020-05-01,0,0,0,0,0,0,0,0,0,0,0,0,1,0,0,0,0,0,0,0
Niger,2020-06-01,0,0,0,0,0,0,0,0,0,0,0,0,0,0,0,0,0,0,0,0
Niger,2020-07-01,0,0,0,0,0,1,0,0,0,0,0,0,0,1,0,0,0,0,0,0
Niger,2020-08-01,0,0,0,0,0,0,0,1,1,0,0,0,0,0,0,1,0,1,0,1
Niger,2020-09-01,1,0,0,0,0,0,0,0,1,0,0,0,0,0,0,0,0,0,0,0
Niger,2020-10-01,0,0,0,0,0,0,0,0,0,0,0,0,0,0,1,0,1,0,0,0
Niger,2020-11-01,0,0,0,0,0,0,0,0,0,0,0,0,0,0,0,0,0,0,0,0
Niger,2020-12-01,0,0,0,0,0,0,0,0,0,0,0,0,0,0,0,0,0,0,0,0
Niger,2021-01-01,0,0,0,0,0,0,0,1,0,1,0,0,0,0,0,0,0,1,0,0
Niger,2021-02-01,0,0,0,0,0,0,0,0,0,1,0,0,0,0,0,0,0,0,0,0
Niger,2021-03-01,0,0,0,0,0,0,0,0,0,0,0,0,0,0,0,0,0,1,0,0
Niger,2021-04-01,0,0,0,0,0,0,0,0,0,0,0,0,0,1,0,0,0,0,0,0
Niger,2021-05-01,0,0,0,0,0,0,1,0,0,0,0,1,0,0,0,0,0,0,0,0
Niger,2021-06-01,0,0,0,0,1,0,0,0,0,0,0,0,0,0,0,0,0,0,0,0
Niger,2021-07-01,0,0,0,0,0,0,0,0,0,0,0,0,0,0,0,0,0,0,0,0
Niger,2021-08-01,0,0,0,0,0,0,0,0,0,0,0,0,0,0,0,0,0,0,0,0
Niger,2021-09-01,0,0,0,0,0,0,0,0,0,0,0,0,0,0,0,0,0,0,0,0
Niger,2021-10-01,0,0,1,0,0,0,0,0,0,0,0,0,0,0,0,0,0,0,0,0
Niger,2021-11-01,0,0,0,0,0,0,1,0,0,0,0,0,0,0,1,0,0,0,0,0
Niger,2021-12-01,0,0,0,0,0,0,0,0,0,0,0,0,0,0,0,1,0,0,0,0
Niger,2022-01-01,0,0,0,0,0,0,0,0,0,0,0,0,1,0,1,0,1,0,0,0
Niger,2022-02-01,0,1,0,0,0,0,0,0,0,0,0,0,0,0,0,1,0,1,0,0
Niger,2022-03-01,0,0,0,0,0,0,0,0,0,0,0,0,0,0,0,1,0,0,0,0
Niger,2022-04-01,0,1,0,0,0,0,0,0,0,0,0,0,1,0,0,0,0,0,0,0
Niger,2022-05-01,0,0,0,0,0,1,0,0,0,0,0,0,0,0,0,0,0,0,0,1
Niger,2022-06-01,0,0,0,0,0,0,0,0,0,0,1,1,0,0,0,0,0,0,0,0
Niger,2022-07-01,0,0,0,0,0,0,0,0,0,0,0,0,0,0,0,0,0,0,0,0
Niger,2022-08-01,1,0,0,0,0,0,0,0,0,0,0,0,0,1,0,0,0,0,0,1
Niger,2022-09-01,0,0,0,0,0,0,0,0,0,0,0,1,0,0,0,0,0,0,1,0
Niger,2022-10-01,1,0,0,0,0,0,0,0,0,0,0,0,0,1,0,0,1,0,0,0
Niger,2022-11-01,0,1,0,0,0,0,0,0,0,0,0,0,0,0,0,0,0,0,0,0
Niger,2022-12-01,0,0,0,0,0,0,0,0,0,0,0,0,0,0,0,0,0,0,0,0
Niger,2023-01-01,0,0,0,0,0,0,0,0,0,0,0,0,0,0,0,0,0,0,0,0
Niger,2023-02-01,0,0,0,0,0,0,0,0,0,1,0,0,0,0,0,0,0,0,0,0
Niger,2023-03-01,0,0,1,0,1,0,0,0,0,0,0,0,0,0,0,0,0,0,0,0
Niger,2023-04-01,0,0,0,0,0,0,0,0,0,0,0,0,0,0,0,0,0,0,0,0
Niger,2023-05-01,0,1,0,0,0,0,1,1,0,0,0,1,0,0,0,1,0,0,0,0
Niger,2023-06-01,0,0,0,0,0,0,0,0,0,1,0,0,0,0,1,0,0,0,0,0
Niger,2023-07-01,0,0,0,0,0,0,0,0,0,0,0,0,0,0,0,0,0,0,0,0
Niger,2023-08-01,0,0,0,0,0,0,0,0,0,0,0,0,0,0,0,0,0,0,0,0
Niger,2023-09-01,0,0,0,0,0,0,0,0,0,0,0,0,0,0,0,0,0,0,0,0
Niger,2023-10-01,0,0,0,0,0,0,0,0,0,0,0,0,0,0,0,0,0,0,0,0
Niger,2023-11-01,0,0,0,0,0,0,0,0,0,0,0,0,1,0,0,0,0,0,0,0
Niger,2023-12-01,0,0,0,0,0,0,0,0,0,0,0,0,0,0,0,0,0,0,0,0
Niger,2024-01-01,0,0,0,1,0,1,0,0,0,0,0,0,0,1,0,0,0,0,0,0
Niger,2024-02-01,0,0,0,0,0,0,0,0,0,0,0,0,0,0,0,0,0,0,0,0
Niger,2024-03-01,0,0,0,0,0,0,0,0,0,0,0,0,0,0,0,0,0,0,0,0
Niger,2024-04-01,0,0,0,0,0,0,0,1,0,0,0,0,0,0,0,0,0,0,0,0
Niger,2024-05-01,0,0,0,0,0,0,0,0,0,0,1,0,0,0,0,0,0,0,1,0
Niger,2024-06-01,0,0,0,0,0,0,0,0,1,0,0,0,1,0,0,0,0,0,0,1
Niger,2024-07-01,0,0,0,0,0,0,0,0,0,0,0,0,0,0,0,1,0,0,0,0
Niger,2024-08-01,1,0,1,0,1,0,1,0,1,0,0,1,0,0,1,1,0,0,0,0
Niger,2024-09-01,1,0,0,1,1,0,0,0,1,0,1,0,0,0,0,1,1,0,0,0
Niger,2024-10-01,0,1,0,0,1,0,0,0,1,0,1,0,0,0,1,0,0,0,0,0
Niger,2024-11-01,0,0,0,0,1,0,0,0,0,1,0,0,0,0,0,0,0,0,1,0
Niger,2024-12-01,0,0,0,0,0,0,0,0,0,0,0,0,0,0,0,0,0,0,0,0
Niger,2025-01-01,0,0,0,1,0,0,0,0,0,0,0,0,0,1,0,0,0,0,0,0
Niger,2025-02-01,0,0,0,0,0,0,0,0,0,0,0,0,0,0,0,0,0,0,0,0
Niger,2025-03-01,0,0,0,0,0,0,0,0,0,0,0,0,0,0,0,0,0,0,0,0
Niger,2025-04-01,0,0,0,0,0,0,0,0,0,0,0,0,0,0,0,0,0,0,0,0
Niger,2025-05-01,0,0,0,0,0,0,0,0,0,0,0,0,0,0,0,0,0,0,0,0
Niger,2025-06-01,0,0,0,0,0,0,0,0,0,0,0,0,0,0,0,0,0,0,0,0
Niger,2025-07-01,0,0,0,0,0,0,0,0,0,0,0,0,0,0,0,0,0,0,0,0
Niger,2025-08-01,0,0,0,0,0,0,0,1,0,0,0,0,0,0,0,0,0,0,0,0
Niger,2025-09-01,0,0,0,0,0,0,0,0,0,0,0,0,0,0,0,0,0,0,0,0
Niger,2025-10-01,0,0,0,0,0,0,0,0,0,0,0,0,0,0,0,0,0,0,0,0
Niger,2025-11-01,0,0,0,0,0,0,0,0,0,0,0,0,0,0,0,0,0,0,0,0
Niger,2025-12-01,0,0,0,0,0,0,0,0,0,0,0,0,0,0,0,0,0,0,0,0
Niger,2026-01-01,0,0,0,0,0,0,0,0,0,0,0,0,0,0,0,0,0,0,0,0
Dominican Republic,2012-01-01,0,0,0,0,0,0,0,0,0,1,0,0,0,0,0,0,0,0,0,1
Dominican Republic,2012-02-01,0,1,0,0,1,1,0,0,0,0,0,0,0,0,0,0,0,0,0,0
Dominican Republic,2012-03-01,0,0,0,0,0,0,0,0,0,0,0,0,0,0,0,0,0,0,0,0
Dominican Republic,2012-04-01,0,0,0,0,0,0,0,0,0,0,0,0,0,0,0,0,1,0,0,0
Dominican Republic,2012-05-01,0,0,0,0,0,0,0,0,0,0,1,1,0,0,0,0,0,0,0,0
Dominican Republic,2012-06-01,0,0,0,0,0,0,0,0,0,0,0,1,0,0,0,0,0,0,0,0
Dominican Republic,2012-07-01,0,0,0,0,0,0,0,0,0,0,0,0,0,1,0,0,0,0,0,0
Dominican Republic,2012-08-01,1,0,0,0,0,0,0,1,1,0,0,0,0,1,0,0,0,0,0,1
Dominican Republic,2012-09-01,0,0,0,0,0,0,0,0,0,0,0,0,0,0,0,1,0,0,0,0
Dominican Republic,2012-10-01,0,0,0,0,0,0,0,1,0,0,0,0,0,0,1,0,0,0,0,0
Dominican Republic,2012-11-01,0,0,0,0,0,0,0,0,0,0,0,0,1,0,0,0,0,0,0,0
Dominican Republic,2012-12-01,0,0,0,0,0,0,0,0,0,0,0,0,0,0,0,0,0,0,0,0
Dominican Republic,2013-01-01,0,0,0,0,1,0,0,0,0,1,0,0,0,0,0,0,0,0,0,0
Dominican Republic,2013-02-01,0,0,0,0,0,0,0,0,0,0,0,0,0,0,0,0,0,0,0,0
Dominican Republic,2013-03-01,0,0,1,1,0,1,0,0,0,0,0,1,0,0,0,0,0,0,0,0
Dominican Republic,2013-04-01,0,0,0,0,0,0,0,0,0,0,0,0,0,0,0,0,0,0,0,0
Dominican Republic,2013-05-01,0,0,0,0,0,0,0,0,0,0,0,0,0,0,0,0,0,0,0,0
Dominican Republic,2013-06-01,0,0,0,0,0,0,1,0,0,0,1,0,0,0,0,1,1,0,1,0
Dominican Republic,2013-07-01,1,0,0,0,0,1,0,0,0,0,0,0,1,0,1,0,0,0,0,0
Dominican Republic,2013-08-01,0,0,0,0,0,0,0,0,0,0,0,0,0,0,0,0,0,0,0,0
Dominican Republic,2013-09-01,0,0,0,0,0,0,1,0,0,0,0,0,0,0,0,0,0,1,0,0
Dominican Republic,2013-10-01,0,0,0,0,0,0,0,0,0,0,0,0,0,0,0,0,0,0,0,0
Dominican Republic,2013-11-01,0,0,0,0,0,0,0,0,0,0,0,0,0,0,0,0,0,0,0,0
Dominican Republic,2013-12-01,0,0,0,0,0,0,0,0,0,0,0,0,0,0,0,0,0,0,0,0
Dominican Republic,2014-01-01,0,0,0,0,0,0,0,0,0,0,0,0,0,0,0,0,0,0,0,0
Dominican Republic,2014-02-01,0,0,0,0,0,0,0,0,0,0,0,0,0,0,0,0,0,0,0,0
Dominican Republic,2014-03-01,0,0,0,0,0,0,0,0,0,0,0,0,0,0,0,0,0,0,0,0
Dominican Republic,2014-04-01,0,0,1,0,0,0,0,0,0,0,0,0,0,0,0,0,0,0,0,0
Dominican Republic,2014-05-01,0,0,0,0,0,0,0,0,0,0,0,0,0,0,0,0,0,0,0,0
Dominican Republic,2014-06-01,0,0,0,0,0,0,0,0,0,1,1,1,0,1,0,0,0,0,0,0
Dominican Republic,2014-07-01,0,0,0,0,0,0,0,0,0,0,0,1,0,0,0,0,0,0,0,0
Dominican Republic,2014-08-01,1,0,0,1,0,0,0,0,0,0,0,0,0,0,0,0,0,0,0,0
Dominican Republic,2014-09-01,0,0,0,0,1,0,0,0,0,0,0,0,0,0,0,0,0,0,0,1
Dominican Republic,2014-10-01,0,0,0,0,0,0,0,0,0,0,0,0,0,0,0,0,0,0,0,1
Dominican Republic,2014-11-01,0,0,0,0,0,0,0,0,0,0,0,0,0,0,0,0,0,0,0,0
Dominican Republic,2014-12-01,0,0,0,0,0,0,0,0,0,0,0,0,0,0,0,1,0,0,0,0
Dominican Republic,2015-01-01,0,0,0,0,0,0,0,0,0,0,0,0,0,0,0,1,0,0,0,0
Dominican Republic,2015-02-01,0,0,0,0,0,0,0,1,0,0,0,0,1,0,0,0,0,0,0,0
Dominican Republic,2015-03-01,0,0,0,0,0,0,0,0,0,0,0,0,0,0,0,0,0,0,0,0
Dominican Republic,2015-04-01,0,0,0,0,0,1,0,0,0,0,0,0,1,0,1,0,0,0,1,0
Dominican Republic,2015-05-01,0,0,0,0,1,1,0,0,0,0,0,1,0,0,0,0,1,0,0,0
Dominican Republic,2015-06-01,0,0,0,1,0,0,0,0,0,0,0,0,0,0,0,0,0,0,0,0
Dominican Republic,2015-07-01,0,0,0,0,0,0,0,0,0,0,0,0,1,0,0,0,0,0,0,0
Dominican Republic,2015-08-01,0,0,0,1,0,0,0,0,0,0,0,1,0,1,0,0,0,0,0,0
Dominican Republic,2015-09-01,0,0,0,0,0,0,1,0,1,0,0,0,0,0,0,0,0,0,0,0
Dominican Republic,2015-10-01,0,0,0,0,0,0,0,0,0,0,0,0,0,0,0,0,0,0,0,0
Dominican Republic,2015-11-01,0,0,0,0,0,0,0,0,0,0,0,0,0,0,0,0,0,0,0,0
Dominican Republic,2015-12-01,0,0,0,0,0,0,0,0,0,0,1,0,0,0,0,0,0,0,0,0
Dominican Republic,2016-01-01,0,0,0,0,0,0,0,0,0,0,0,0,0,0,0,0,0,0,0,0
Dominican Republic,2016-02-01,0,0,0,0,0,0,0,0,0,0,0,0,0,0,0,0,0,0,0,0
Dominican Republic,2016-03-01,0,0,0,0,0,0,0,0,0,0,0,0,0,0,0,0,0,0,0,0
Dominican Republic,2016-04-01,0,0,0,0,0,0,0,0,0,0,0,0,0,0,0,0,0,0,0,0
Dominican Republic,2016-05-01,0,0,0,0,0,0,0,1,0,0,0,0,0,0,0,0,0,0,0,0
Dominican Republic,2016-06-01,0,0,1,0,0,0,0,0,0,0,0,0,0,0,0,0,0,1,0,0
Dominican Republic,2016-07-01,0,0,0,0,0,0,0,0,0,0,0,0,0,0,0,0,0,0,0,0
Dominican Republic,2016-08-01,0,0,0,0,0,0,0,0,0,0,0,0,0,0,0,0,0,0,0,0
Dominican Republic,2016-09-01,0,0,0,1,0,0,0,0,0,0,0,0,0,0,0,0,0,0,0,0
Dominican Republic,2016-10-01,1,0,0,0,0,0,0,0,0,1,0,0,0,0,0,0,0,1,0,0
Dominican Republic,2016-11-01,0,0,0,1,0,0,0,1,0,0,0,0,0,0,0,0,0,0,0,1
Dominican Republic,2016-12-01,0,1,0,0,0,0,0,0,0,0,0,0,0,0,0,0,0,0,0,1
Dominican Republic,2017-01-01,0,0,0,0,1,0,0,0,0,0,0,1,0,1,0,1,0,0,0,0
Dominican Republic,2017-02-01,0,0,0,0,0,1,0,0,0,0,0,0,1,0,1,0,1,0,0,0
Dominican Republic,2017-03-01,0,0,0,0,0,0,0,0,0,0,0,0,0,0,0,0,0,0,0,0
Dominican Republic,2017-04-01,0,0,0,0,0,1,0,0,0,1,0,0,1,0,0,0,0,0,0,0
Dominican Republic,2017-05-01,0,0,0,0,0,0,0,0,0,0,0,1,0,0,0,0,0,0,0,0
Dominican Republic,2017-06-01,0,0,0,0,0,0,0,0,0,0,0,0,0,0,1,0,0,0,0,0
Dominican Republic,2017-07-01,0,0,0,0,0,0,0,0,0,0,0,0,0,0,0,0,1,0,1,0
Dominican Republic,2017-08-01,0,0,0,0,0,0,0,0,0,1,0,0,1,0,0,0,0,0,0,0
Dominican Republic,2017-09-01,1,0,0,0,0,0,0,1,1,0,1,0,0,0,0,0,0,0,0,0
Dominican Republic,2017-10-01,0,0,0,0,0,0,0,0,0,0,0,0,0,0,0,0,0,0,0,0
Dominican Republic,2017-11-01,0,0,0,0,0,0,0,0,0,0,0,0,0,0,0,0,0,1,0,1
Dominican Republic,2017-12-01,0,0,0,0,0,0,0,0,0,0,0,0,0,0,0,0,0,0,0,0
Dominican Republic,2018-01-01,0,0,0,0,0,0,0,0,0,0,0,0,0,0,0,0,0,0,0,0
Dominican Republic,2018-02-01,0,0,0,0,0,0,0,0,0,0,0,0,0,0,0,0,0,0,0,0
Dominican Republic,2018-03-01,0,0,0,0,0,0,0,0,0,0,0,0,0,0,0,0,0,0,0,0
Dominican Republic,2018-04-01,0,0,0,0,0,0,0,0,0,0,0,0,0,0,0,0,0,0,0,0
Dominican Republic,2018-05-01,0,0,0,0,0,0,0,0,0,0,0,0,0,0,0,0,0,0,0,0
Dominican Republic,2018-06-01,0,0,0,0,0,0,0,0,0,0,0,0,0,1,0,0,0,0,0,0
Dominican Republic,2018-07-01,0,0,0,0,0,0,1,0,0,0,0,0,0,0,1,0,0,0,0,0
Dominican Republic,2018-08-01,0,0,0,0,0,0,1,0,0,0,0,0,0,0,0,0,0,0,0,0
Dominican Republic,2018-09-01,0,0,0,0,0,0,0,0,0,1,0,0,0,0,1,1,0,0,1,0
Dominican Republic,2018-10-01,0,0,0,0,0,0,0,0,0,0,0,0,0,0,0,0,1,0,0,0
Dominican Republic,2018-11-01,0,0,0,0,0,0,0,0,0,0,0,0,0,0,0,0,0,0,0,0
Dominican Republic,2018-12-01,0,0,0,0,0,0,0,0,0,0,0,0,0,0,0,0,0,0,0,0
Dominican Republic,2019-01-01,0,0,0,1,0,0,0,0,0,0,0,0,0,0,0,0,1,0,0,0
Dominican Republic,2019-02-01,0,0,0,0,0,0,0,0,0,0,0,0,0,0,0,0,0,0,0,0
Dominican Republic,2019-03-01,0,0,0,0,0,0,0,0,0,0,0,1,0,0,0,0,0,0,0,1
Dominican Republic,2019-04-01,0,0,0,0,0,0,0,0,0,0,0,0,0,0,0,0,0,0,0,0
Dominican Republic,2019-05-01,0,0,0,0,1,1,0,0,0,0,0,0,1,0,0,0,0,0,0,0
Dominican Republic,2019-06-01,0,0,0,0,0,0,0,0,0,0,1,0,0,0,0,0,0,1,0,0
Dominican Republic,2019-07-01,0,0,0,0,0,0,0,0,0,0,0,0,0,0,0,0,0,0,0,0
Dominican Republic,2019-08-01,0,0,0,0,0,0,0,0,0,0,0,0,0,0,0,0,0,0,0,0
Dominican Republic,2019-09-01,0,0,0,0,0,0,0,0,0,0,1,1,0,0,0,0,0,0,0,0
Dominican Republic,2019-10-01,0,0,0,0,0,0,0,0,0,0,0,0,0,0,0,0,0,0,0,0
Dominican Republic,2019-11-01,0,0,0,0,0,0,0,0,0,0,0,0,0,0,0,0,0,0,0,0
Dominican Republic,2019-12-01,0,1,0,1,0,0,0,0,0,0,0,0,0,0,0,0,1,0,0,0
Dominican Republic,2020-01-01,0,0,0,0,0,0,0,0,0,0,0,0,0,0,0,0,0,0,0,1
Dominican Republic,2020-02-01,0,0,0,0,0,0,0,0,0,0,0,0,0,0,0,0,0,0,0,0
Dominican Republic,2020-03-01,0,0,0,0,0,0,0,0,0,0,0,0,0,0,0,0,0,0,0,0
Dominican Republic,2020-04-01,0,0,0,0,0,0,0,0,0,0,0,0,0,0,0,0,0,0,0,0
Dominican Republic,2020-05-01,0,0,0,0,0,0,1,0,0,0,0,0,0,0,0,0,0,0,0,0
Dominican Republic,2020-06-01,0,0,0,0,0,0,0,0,0,0,0,0,0,0,0,0,0,0,0,0
Dominican Republic,2020-07-01,0,0,0,0,0,0,0,0,0,0,0,0,0,0,1,0,0,0,0,0
Dominican Republic,2020-08-01,1,0,0,0,0,0,0,0,1,1,0,0,1,0,0,0,0,0,0,0
Dominican Republic,2020-09-01,0,0,0,0,0,0,0,0,0,0,0,0,1,0,1,0,0,0,0,0
Dominican Republic,2020-10-01,0,0,0,1,0,0,0,0,0,0,0,0,0,1,0,0,0,0,0,0
Dominican Republic,2020-11-01,0,0,0,0,0,0,0,1,0,0,0,0,0,0,0,0,0,0,0,0
Dominican Republic,2020-12-01,0,0,0,0,0,0,0,0,0,0,0,0,0,0,0,0,1,0,0,0
Dominican Republic,2021-01-01,0,0,0,0,0,1,0,0,0,0,0,0,0,0,0,0,0,0,0,0
Dominican Republic,2021-02-01,0,0,0,0,0,0,0,0,0,1,0,0,0,0,0,0,0,0,0,0
Dominican Republic,2021-03-01,0,0,0,0,0,0,0,0,0,0,0,0,0,1,0,0,0,0,0,0
Dominican Republic,2021-04-01,0,0,0,0,0,0,0,0,0,0,0,0,0,0,0,0,0,0,0,0
Dominican Republic,2021-05-01,0,1,0,0,0,0,0,0,0,0,0,0,0,0,0,0,0,0,0,0
Dominican Republic,2021-06-01,0,0,0,0,0,0,0,0,0,0,0,0,0,0,0,0,0,0,0,0
Dominican Republic,2021-07-01,0,0,0,0,0,0,0,0,0,0,0,0,0,0,0,0,0,0,0,0
Dominican Republic,2021-08-01,1,0,0,0,0,0,0,1,0,0,0,0,0,0,0,0,0,0,0,0
Dominican Republic,2021-09-01,0,1,0,0,0,0,0,0,0,0,0,0,0,0,0,1,0,0,0,0
Dominican Republic,2021-10-01,0,0,0,0,0,0,0,0,0,0,0,0,1,0,0,0,0,0,0,0
Dominican Republic,2021-11-01,0,0,0,1,0,0,0,0,0,0,0,0,0,0,0,0,0,0,0,0
Dominican Republic,2021-12-01,0,0,0,0,0,0,0,0,0,0,0,0,0,0,0,0,0,0,0,0
Dominican Republic,2022-01-01,0,0,0,0,0,0,0,0,0,0,0,0,1,1,0,0,0,0,0,1
Dominican Republic,2022-02-01,0,0,0,0,0,0,0,0,0,0,0,0,0,0,1,0,0,0,1,0
Dominican Republic,2022-03-01,0,0,0,0,0,0,0,0,0,0,0,0,0,0,0,1,0,0,0,0
Dominican Republic,2022-04-01,0,0,0,0,0,0,0,0,0,0,0,0,0,0,0,0,0,0,0,0
Dominican Republic,2022-05-01,0,0,0,0,0,0,0,0,0,1,0,0,0,0,0,0,0,0,0,0
Dominican Republic,2022-06-01,0,0,0,0,0,0,0,0,0,0,0,0,1,0,0,0,0,0,0,0
Dominican Republic,2022-07-01,0,0,0,0,1,0,0,0,0,0,0,0,0,1,0,1,0,0,0,0
Dominican Republic,2022-08-01,0,0,0,0,0,0,0,0,0,0,0,0,0,0,0,0,0,0,1,0
Dominican Republic,2022-09-01,1,0,0,0,0,0,0,1,1,0,0,0,0,0,0,0,0,0,0,0
Dominican Republic,2022-10-01,0,0,0,0,0,0,0,0,0,0,0,0,0,0,0,0,1,1,0,0
Dominican Republic,2022-11-01,0,0,0,0,0,0,0,0,0,0,0,0,0,0,0,0,0,1,0,0
Dominican Republic,2022-12-01,0,0,0,0,0,0,0,0,0,0,0,0,0,0,0,0,0,0,0,0
Dominican Republic,2023-01-01,0,0,0,0,0,0,0,0,0,0,0,0,0,0,0,0,0,0,0,0
Dominican Republic,2023-02-01,0,0,0,0,0,0,0,0,0,1,0,0,0,0,0,0,0,0,0,0
Dominican Republic,2023-03-01,0,0,0,0,0,1,0,0,0,0,0,1,0,0,0,0,0,0,0,0
Dominican Republic,2023-04-01,0,0,1,0,1,1,0,0,0,0,1,0,0,0,0,0,0,0,1,0
Dominican Republic,2023-05-01,0,0,0,1,0,0,0,0,0,0,0,0,0,0,0,1,0,0,0,1
Dominican Republic,2023-06-01,0,0,1,0,0,0,0,0,0,0,0,0,0,0,0,0,0,0,0,1
Dominican Republic,2023-07-01,0,0,0,0,0,0,0,0,0,0,0,0,0,0,1,0,0,0,0,0
Dominican Republic,2023-08-01,0,0,0,0,0,0,0,0,0,0,0,0,0,0,0,0,0,0,0,0
Dominican Republic,2023-09-01,0,0,0,0,0,0,0,0,0,0,0,0,0,0,0,0,0,0,0,0
Dominican Republic,2023-10-01,0,1,1,1,0,0,0,0,0,0,0,0,0,0,0,0,0,0,0,0
Dominican Republic,2023-11-01,1,0,0,0,0,0,0,1,1,0,0,0,0,0,0,0,0,0,0,0
Dominican Republic,2023-12-01,0,0,0,0,0,0,0,0,0,0,0,0,0,0,0,0,0,0,0,0
Dominican Republic,2024-01-01,0,0,0,0,0,0,0,0,0,0,0,0,0,0,0,0,0,0,0,0
Dominican Republic,2024-02-01,0,0,0,0,0,0,0,0,0,0,0,0,0,0,0,0,0,0,0,0
Dominican Republic,2024-03-01,0,0,0,0,0,0,0,0,0,0,0,0,0,0,0,0,0,0,0,0
Dominican Republic,2024-04-01,0,0,0,0,0,0,0,0,0,1,0,0,0,0,0,1,0,1,0,0
Dominican Republic,2024-05-01,0,0,0,0,0,0,1,0,0,0,0,1,0,0,0,0,0,0,0,0
Dominican Republic,2024-06-01,0,0,1,0,1,0,0,0,0,0,0,0,0,1,0,0,1,0,0,0
Dominican Republic,2024-07-01,1,0,0,0,0,0,0,0,0,0,1,0,0,0,0,0,0,0,0,0
Dominican Republic,2024-08-01,0,0,0,0,0,0,0,0,0,0,0,0,0,0,0,0,0,0,0,0
Dominican Republic,2024-09-01,0,0,0,0,0,1,0,0,0,0,0,0,0,0,0,1,0,0,1,0
Dominican Republic,2024-10-01,0,0,0,0,0,0,0,0,0,0,0,0,0,0,0,0,0,0,0,0
Dominican Republic,2024-11-01,0,1,0,0,0,0,0,1,0,0,0,0,0,0,0,0,0,0,0,0
Dominican Republic,2024-12-01,0,0,0,0,0,0,0,1,0,0,0,0,0,0,0,0,0,0,0,0
Dominican Republic,2025-01-01,0,0,0,0,0,0,0,0,0,0,0,0,1,0,1,0,0,0,0,1
Dominican Republic,2025-02-01,0,0,0,0,0,0,1,0,1,0,0,0,0,0,0,0,0,0,0,0
Dominican Republic,2025-03-01,0,0,0,0,0,0,0,0,0,0,0,0,0,0,0,1,0,0,0,0
Dominican Republic,2025-04-01,0,0,0,0,0,0,0,0,0,0,0,0,0,0,0,0,0,0,0,0
Dominican Republic,2025-05-01,0,0,0,0,0,0,0,0,0,0,0,1,0,0,0,0,0,0,1,0
Dominican Republic,2025-06-01,0,0,0,0,0,0,0,0,0,0,0,0,0,0,1,0,0,0,0,0
Dominican Republic,2025-07-01,0,0,0,1,0,0,0,0,0,0,0,0,0,0,1,0,0,0,0,0
Dominican Republic,2025-08-01,1,0,0,1,0,0,0,0,0,0,0,0,0,0,0,0,0,0,0,0
Dominican Republic,2025-09-01,1,0,0,0,0,0,0,0,1,0,0,0,0,0,0,0,0,0,0,0
Dominican Republic,2025-10-01,1,0,0,0,1,0,0,0,0,0,0,0,0,0,0,0,0,0,0,0
Dominican Republic,2025-11-01,0,0,0,0,0,0,0,0,0,0,0,0,0,0,0,0,0,0,0,0
Dominican Republic,2025-12-01,0,0,0,0,0,0,0,0,0,0,0,0,0,0,0,0,0,0,0,0
Dominican Republic,2026-01-01,0,0,0,0,0,0,0,0,0,0,0,0,0,0,0,0,0,0,0,0
Azerbaijan,2012-01-01,0,0,0,0,0,0,0,0,0,0,0,0,0,0,0,0,0,0,0,0
Azerbaijan,2012-02-01,0,0,0,0,0,0,1,0,0,0,1,0,0,1,0,0,0,0,0,0
Azerbaijan,2012-03-01,0,0,0,1,0,0,0,0,0,0,0,0,0,0,0,0,0,0,0,0
Azerbaijan,2012-04-01,0,0,0,0,0,0,1,0,0,1,0,0,0,0,0,0,0,0,0,0
Azerbaijan,2012-05-01,1,0,0,0,0,0,0,0,0,0,0,0,0,0,0,0,0,0,0,0
Azerbaijan,2012-06-01,0,0,0,0,0,0,0,0,0,0,0,0,0,0,0,0,0,0,0,0
Azerbaijan,2012-07-01,0,0,0,0,0,0,0,0,0,0,0,0,0,0,0,0,0,0,0,0
Azerbaijan,2012-08-01,1,0,0,0,0,0,0,0,1,0,0,0,0,0,1,0,0,0,0,0
Azerbaijan,2012-09-01,0,0,0,0,0,0,0,0,0,0,0,0,0,1,0,0,0,0,0,0
Azerbaijan,2012-10-01,0,0,1,0,0,0,0,0,0,0,0,0,1,0,1,0,0,0,0,0
Azerbaijan,2012-11-01,0,0,0,0,1,0,0,0,0,1,0,0,0,0,0,1,0,0,0,0
Azerbaijan,2012-12-01,0,0,0,0,0,0,0,0,0,0,0,1,0,0,0,0,0,0,0,0
Azerbaijan,2013-01-01,0,0,0,0,0,0,0,0,0,0,0,0,0,0,0,0,0,0,0,0
Azerbaijan,2013-02-01,0,0,1,0,0,0,0,0,0,0,0,0,0,0,0,0,0,0,0,0
Azerbaijan,2013-03-01,0,0,0,1,0,0,0,0,0,0,0,0,1,0,0,0,1,0,0,0
Azerbaijan,2013-04-01,0,1,0,0,0,0,0,0,0,0,0,0,0,0,0,0,0,0,0,0
Azerbaijan,2013-05-01,0,0,0,0,0,0,0,0,0,0,0,0,0,0,0,0,0,0,0,0
Azerbaijan,2013-06-01,0,0,0,0,0,0,0,0,0,0,0,0,0,0,0,0,0,0,0,0
Azerbaijan,2013-07-01,0,0,0,0,0,0,0,0,0,0,1,0,0,0,0,0,1,0,0,0
Azerbaijan,2013-08-01,0,0,0,0,0,0,0,0,0,0,0,0,0,0,0,0,0,0,0,0
Azerbaijan,2013-09-01,0,0,0,0,0,0,0,0,0,0,0,0,0,0,0,0,0,0,0,0
Azerbaijan,2013-10-01,0,0,0,0,0,0,0,0,0,0,0,0,0,0,0,0,0,0,0,0
Azerbaijan,2013-11-01,0,0,0,0,1,0,0,0,0,0,0,0,0,0,0,0,0,0,0,0
Azerbaijan,2013-12-01,0,0,0,0,0,0,1,0,0,0,0,0,0,0,0,1,0,0,0,0
Azerbaijan,2014-01-01,0,0,0,0,0,0,0,0,0,0,0,0,0,0,1,0,0,0,0,0
Azerbaijan,2014-02-01,0,0,0,0,0,0,0,0,0,0,0,0,0,0,0,0,0,0,0,0
Azerbaijan,2014-03-01,0,0,1,0,0,0,0,0,0,0,0,0,1,0,0,0,0,0,1,0
Azerbaijan,2014-04-01,0,0,0,0,0,0,0,0,0,0,0,0,0,0,0,0,0,0,1,0
Azerbaijan,2014-05-01,0,0,0,0,0,0,0,0,1,0,0,0,1,0,0,0,0,0,0,0
Azerbaijan,2014-06-01,1,0,0,0,0,0,0,0,0,0,0,0,0,0,0,0,0,0,0,1
Azerbaijan,2014-07-01,0,0,0,0,0,0,0,0,0,0,0,1,0,0,0,0,0,0,0,0
Azerbaijan,2014-08-01,0,0,0,0,0,0,0,1,0,0,0,0,0,0,0,0,0,0,0,0
Azerbaijan,2014-09-01,0,0,0,0,0,0,0,0,0,0,0,0,0,1,0,0,0,0,0,0
Azerbaijan,2014-10-01,0,0,0,0,0,1,0,0,0,0,0,0,0,0,0,0,0,1,0,0
Azerbaijan,2014-11-01,0,0,1,1,1,0,0,0,0,0,0,0,0,0,0,0,0,0,0,0
Azerbaijan,2014-12-01,0,0,0,0,0,1,0,0,0,0,0,0,0,0,0,0,0,0,0,0
Azerbaijan,2015-01-01,0,0,0,0,0,0,1,1,0,0,0,0,0,0,0,0,0,0,0,0
Azerbaijan,2015-02-01,0,0,0,0,1,0,0,0,0,0,0,0,0,0,0,0,0,0,0,0
Azerbaijan,2015-03-01,0,0,0,0,0,0,0,0,0,0,0,0,1,0,1,0,0,0,0,0
Azerbaijan,2015-04-01,0,0,0,0,0,0,0,0,0,0,0,0,0,0,0,0,0,0,0,0
Azerbaijan,2015-05-01,0,0,0,0,0,0,0,0,0,0,1,0,0,0,0,0,0,0,1,1
Azerbaijan,2015-06-01,0,0,0,0,0,0,0,1,0,0,0,0,0,0,0,0,0,0,0,0
Azerbaijan,2015-07-01,0,0,0,0,0,0,0,0,1,0,0,1,0,0,0,0,0,0,0,0
Azerbaijan,2015-08-01,0,0,0,0,0,0,0,0,0,1,0,1,0,0,0,0,0,0,0,0
Azerbaijan,2015-09-01,1,0,0,0,0,0,0,0,0,0,0,0,0,0,0,0,0,0,0,0
Azerbaijan,2015-10-01,0,0,0,0,0,0,0,0,0,0,0,0,0,0,0,0,0,0,0,0
Azerbaijan,2015-11-01,0,0,0,0,0,0,0,0,0,0,0,0,0,0,0,0,0,0,0,0
Azerbaijan,2015-12-01,0,0,0,0,0,0,1,0,0,0,0,0,0,0,0,0,0,0,0,0
Azerbaijan,2016-01-01,0,0,0,0,0,0,0,0,0,0,0,0,0,0,0,0,0,0,1,0
Azerbaijan,2016-02-01,0,0,0,1,0,0,0,0,0,0,0,0,0,0,0,0,0,0,0,0
Azerbaijan,2016-03-01,0,0,0,0,0,0,0,0,0,0,0,0,0,0,1,0,0,0,0,0
Azerbaijan,2016-04-01,0,0,0,0,0,0,0,0,0,0,0,0,0,0,0,0,0,0,0,0
Azerbaijan,2016-05-01,0,0,0,0,1,0,0,0,0,0,0,0,0,0,0,0,0,0,0,0
Azerbaijan,2016-06-01,0,0,0,0,0,0,0,0,0,0,0,0,0,0,0,0,1,0,1,0
Azerbaijan,2016-07-01,0,0,0,0,0,0,0,0,1,1,0,0,0,0,0,1,0,0,0,0
Azerbaijan,2016-08-01,0,1,0,0,0,0,0,0,0,0,0,0,0,0,0,0,0,0,0,0
Azerbaijan,2016-09-01,1,0,0,0,0,0,0,1,0,0,0,0,0,0,0,0,0,0,0,0
Azerbaijan,2016-10-01,0,0,0,1,0,0,0,1,0,0,0,0,0,0,1,0,0,1,0,0
Azerbaijan,2016-11-01,0,0,0,0,0,0,0,0,0,0,0,0,0,0,0,0,0,0,0,0
Azerbaijan,2016-12-01,0,0,0,0,0,0,0,0,0,0,0,0,0,0,0,0,1,0,0,0
Azerbaijan,2017-01-01,0,0,1,0,0,1,0,0,0,0,1,0,1,0,0,0,0,0,0,0
Azerbaijan,2017-02-01,0,0,0,0,0,0,0,0,0,0,0,0,0,0,1,0,0,0,0,0
Azerbaijan,2017-03-01,0,0,0,1,0,0,0,0,0,0,0,0,0,0,0,0,0,0,0,0
Azerbaijan,2017-04-01,0,0,0,0,0,0,0,0,0,0,0,0,0,1,0,1,0,0,0,1
Azerbaijan,2017-05-01,0,0,0,0,1,0,0,0,0,0,0,1,0,0,0,0,0,0,0,0
Azerbaijan,2017-06-01,0,0,0,0,0,0,0,0,0,0,0,0,1,0,0,0,0,0,0,0
Azerbaijan,2017-07-01,0,0,0,0,0,0,0,0,0,1,0,0,1,1,0,0,0,0,1,0
Azerbaijan,2017-08-01,0,0,0,0,0,0,0,0,0,0,0,1,0,0,0,0,0,0,0,0
Azerbaijan,2017-09-01,0,0,0,0,0,0,0,0,0,0,0,0,0,0,0,0,0,0,0,0
Azerbaijan,2017-10-01,0,0,0,0,0,0,0,0,0,0,0,0,0,0,0,0,0,0,0,0
Azerbaijan,2017-11-01,0,0,0,0,0,0,0,0,0,0,0,0,0,0,0,0,0,0,0,0
Azerbaijan,2017-12-01,0,0,0,1,0,0,0,0,0,0,0,0,0,0,0,0,0,0,0,0
Azerbaijan,2018-01-01,0,0,0,0,0,0,0,0,0,0,0,0,0,0,0,0,0,0,0,0
Azerbaijan,2018-02-01,0,0,0,0,0,0,0,1,0,0,0,0,0,0,0,0,0,0,0,0
Azerbaijan,2018-03-01,0,0,0,0,0,0,0,0,0,0,0,0,0,0,0,0,0,0,0,0
Azerbaijan,2018-04-01,0,0,0,0,0,0,0,0,0,0,0,0,0,0,0,0,0,0,0,0
Azerbaijan,2018-05-01,0,1,0,0,0,0,0,0,0,0,0,0,0,0,0,1,0,0,0,0
Azerbaijan,2018-06-01,1,0,0,0,0,0,0,0,0,0,0,0,0,1,0,0,0,0,0,0
Azerbaijan,2018-07-01,0,0,0,0,0,0,0,0,0,0,1,0,0,0,0,0,0,0,0,0
Azerbaijan,2018-08-01,0,0,0,1,0,0,1,0,1,1,1,1,0,0,0,0,0,0,0,0
Azerbaijan,2018-09-01,0,0,0,0,0,0,0,0,0,0,0,0,0,0,1,0,0,0,0,0
Azerbaijan,2018-10-01,0,0,0,1,0,0,0,0,0,0,0,0,0,0,0,1,0,0,0,0
Azerbaijan,2018-11-01,0,0,0,0,0,1,0,0,0,0,0,0,0,0,0,0,0,1,0,0
Azerbaijan,2018-12-01,0,1,0,0,0,1,0,1,0,1,0,0,0,1,1,0,0,0,0,1
Azerbaijan,2019-01-01,0,0,0,0,0,0,1,0,0,0,0,0,0,0,0,0,0,0,0,0
Azerbaijan,2019-02-01,1,0,1,0,0,0,0,0,0,0,0,0,0,0,0,0,0,0,0,0
Azerbaijan,2019-03-01,0,0,0,0,0,0,0,1,0,0,0,1,0,0,0,0,0,0,0,0
Azerbaijan,2019-04-01,0,0,0,0,0,0,0,0,0,0,0,0,0,0,0,0,0,0,0,0
Azerbaijan,2019-05-01,0,0,0,0,0,0,0,0,0,0,0,0,1,0,0,0,0,0,0,0
Azerbaijan,2019-06-01,0,0,0,0,0,0,0,0,0,0,0,0,0,0,0,1,0,0,0,0
Azerbaijan,2019-07-01,0,0,0,0,1,0,0,0,0,0,0,0,0,0,0,0,0,0,0,0
Azerbaijan,2019-08-01,1,0,0,0,0,0,0,0,1,0,0,0,0,0,0,0,0,0,1,0
Azerbaijan,2019-09-01,0,0,1,1,0,0,0,0,0,0,0,0,0,0,0,0,0,0,0,0
Azerbaijan,2019-10-01,0,0,0,0,0,0,0,0,0,0,0,0,0,0,0,0,0,0,0,0
Azerbaijan,2019-11-01,0,0,0,0,1,0,0,0,0,0,0,0,0,0,0,0,0,0,0,0
Azerbaijan,2019-12-01,0,0,0,0,0,0,0,0,0,0,0,0,0,0,0,0,0,0,1,0
Azerbaijan,2020-01-01,0,0,0,0,0,1,0,0,0,0,0,0,0,0,0,0,0,0,0,0
Azerbaijan,2020-02-01,0,0,0,0,0,0,0,0,0,0,0,0,0,0,1,0,0,0,0,0
Azerbaijan,2020-03-01,0,0,0,0,0,0,0,0,0,0,0,0,0,0,0,0,0,0,0,0
Azerbaijan,2020-04-01,0,0,0,0,0,0,0,0,0,0,0,0,0,0,0,0,0,0,0,0
Azerbaijan,2020-05-01,0,0,0,1,0,0,0,0,0,0,0,0,1,0,0,0,0,0,0,0
Azerbaijan,2020-06-01,0,0,0,0,0,0,0,0,0,0,0,0,0,0,0,0,0,0,0,0
Azerbaijan,2020-07-01,0,0,0,0,0,0,0,0,0,0,0,1,0,0,0,0,0,0,0,0
Azerbaijan,2020-08-01,0,0,0,0,0,0,0,0,0,0,0,0,0,0,0,0,0,0,0,0
Azerbaijan,2020-09-01,0,0,0,0,0,0,0,0,0,0,0,0,0,0,0,0,0,0,0,0
Azerbaijan,2020-10-01,0,0,0,0,0,0,0,1,0,0,0,0,0,0,0,0,0,0,0,1
Azerbaijan,2020-11-01,0,0,0,0,0,0,0,0,0,0,0,0,0,0,0,0,0,0,0,0
Azerbaijan,2020-12-01,0,0,0,0,0,0,0,0,0,0,0,0,0,0,0,0,0,0,0,0
Azerbaijan,2021-01-01,0,0,0,0,0,0,0,0,0,0,0,0,0,0,0,0,0,1,0,0
Azerbaijan,2021-02-01,0,1,0,0,1,1,0,0,0,0,0,0,0,0,0,0,0,0,0,0
Azerbaijan,2021-03-01,0,1,0,0,0,0,0,0,0,0,0,0,1,1,0,0,0,0,0,0
Azerbaijan,2021-04-01,0,0,0,0,0,0,0,0,0,0,0,0,0,0,0,0,0,0,0,0
Azerbaijan,2021-05-01,0,0,0,0,0,0,0,0,0,0,0,0,0,0,0,1,0,1,0,0
Azerbaijan,2021-06-01,0,0,0,0,0,0,0,0,1,0,0,0,0,0,0,0,0,0,0,0
Azerbaijan,2021-07-01,0,0,0,0,0,0,1,0,0,0,0,0,0,0,1,0,0,0,1,0
Azerbaijan,2021-08-01,1,0,0,0,0,0,1,0,0,1,1,0,0,0,0,0,0,0,0,1
Azerbaijan,2021-09-01,0,0,0,0,0,0,0,0,0,0,1,0,0,0,0,0,0,0,0,0
Azerbaijan,2021-10-01,0,0,0,0,0,0,0,0,0,0,0,0,0,0,0,1,1,0,0,0
Azerbaijan,2021-11-01,0,0,0,0,0,1,0,1,0,0,0,1,0,0,0,0,0,0,0,0
Azerbaijan,2021-12-01,0,0,0,0,0,0,0,0,0,0,0,0,0,0,0,0,0,0,0,0
Azerbaijan,2022-01-01,0,0,0,0,0,0,0,0,0,1,0,0,0,0,0,0,0,0,0,0
Azerbaijan,2022-02-01,0,0,0,0,0,0,0,0,0,0,0,0,0,0,0,0,0,0,0,0
Azerbaijan,2022-03-01,0,0,0,0,1,0,0,0,0,0,0,0,0,0,1,0,0,0,0,0
Azerbaijan,2022-04-01,0,0,0,0,0,0,0,0,0,0,0,0,0,0,0,0,0,0,0,0
Azerbaijan,2022-05-01,0,0,0,0,0,0,0,1,0,0,0,0,0,0,0,0,0,0,0,0
Azerbaijan,2022-06-01,0,0,1,1,1,0,0,0,0,0,0,0,0,0,0,0,0,0,0,0
Azerbaijan,2022-07-01,0,0,0,0,0,0,0,0,0,0,0,0,0,0,0,0,0,0,0,0
Azerbaijan,2022-08-01,0,0,0,0,0,0,0,0,0,0,0,0,0,0,0,0,0,0,0,1
Azerbaijan,2022-09-01,0,0,0,0,0,0,0,0,0,0,0,0,0,0,0,0,0,0,0,1
Azerbaijan,2022-10-01,0,0,0,0,0,0,0,0,0,0,0,0,0,0,0,0,0,0,0,0
Azerbaijan,2022-11-01,0,0,0,0,0,0,0,0,0,0,0,0,0,0,0,0,0,0,0,0
Azerbaijan,2022-12-01,0,1,0,0,0,0,0,0,0,1,0,0,0,0,0,1,0,0,1,0
Azerbaijan,2023-01-01,0,0,0,1,0,1,0,0,0,0,0,0,0,1,0,1,0,0,1,0
Azerbaijan,2023-02-01,1,1,0,0,0,0,0,0,1,0,1,0,0,0,0,1,1,0,0,0
Azerbaijan,2023-03-01,0,0,0,0,0,0,1,0,0,0,0,1,0,0,0,0,0,0,1,0
Azerbaijan,2023-04-01,0,0,0,0,0,0,0,0,0,0,0,0,0,0,0,0,0,0,0,0
Azerbaijan,2023-05-01,0,0,0,0,0,0,0,0,0,0,0,0,0,0,0,0,0,0,0,0
Azerbaijan,2023-06-01,0,0,0,0,0,0,0,0,0,0,0,0,0,0,0,0,0,0,0,0
Azerbaijan,2023-07-01,0,0,0,0,0,0,0,0,0,1,0,0,1,0,0,0,0,0,0,0
Azerbaijan,2023-08-01,0,0,0,0,0,0,0,0,0,0,0,0,0,0,0,0,0,0,0,0
Azerbaijan,2023-09-01,0,0,0,0,0,0,0,1,0,0,0,0,0,0,0,0,0,0,0,0
Azerbaijan,2023-10-01,0,0,0,0,0,0,0,0,0,0,0,0,0,0,0,0,0,0,0,0
Azerbaijan,2023-11-01,0,0,0,0,0,0,0,0,0,0,0,0,0,0,0,0,0,0,0,0
Azerbaijan,2023-12-01,0,0,0,0,0,0,0,0,1,0,0,1,0,0,0,0,0,0,0,0
Azerbaijan,2024-01-01,0,0,0,0,0,1,0,0,0,0,0,0,0,0,0,0,0,0,0,0
Azerbaijan,2024-02-01,0,0,0,0,0,0,0,0,0,0,0,0,0,0,0,0,0,0,0,0
Azerbaijan,2024-03-01,0,0,0,0,1,0,0,0,0,0,0,0,0,0,0,1,0,0,0,0
Azerbaijan,2024-04-01,0,0,0,0,0,0,0,0,0,0,0,0,0,0,0,0,0,0,0,0
Azerbaijan,2024-05-01,0,0,0,0,0,0,0,0,0,0,0,0,0,0,0,0,0,0,0,0
Azerbaijan,2024-06-01,0,0,0,0,1,0,0,0,0,0,1,0,0,0,0,0,0,0,0,0
Azerbaijan,2024-07-01,0,1,0,0,0,0,0,0,0,0,0,0,0,0,0,0,1,0,0,0
Azerbaijan,2024-08-01,0,0,0,0,0,0,0,0,0,0,0,0,0,0,0,0,0,0,0,0
Azerbaijan,2024-09-01,0,0,0,0,0,0,0,0,0,0,0,0,0,0,0,0,1,0,0,0
Azerbaijan,2024-10-01,0,0,0,0,0,0,0,0,0,0,0,0,0,0,0,0,0,0,0,0
Azerbaijan,2024-11-01,0,1,1,1,1,0,1,0,0,1,1,0,0,0,1,1,0,0,1,1
Azerbaijan,2024-12-01,1,0,0,0,0,1,0,0,0,0,0,0,0,0,0,0,0,0,0,0
Azerbaijan,2025-01-01,0,0,0,0,0,0,0,0,0,0,0,0,0,0,0,0,0,0,0,0
Azerbaijan,2025-02-01,1,0,0,0,0,0,0,0,1,1,0,0,1,1,0,0,0,0,0,1
Azerbaijan,2025-03-01,0,0,1,0,0,0,0,0,0,0,1,1,0,0,0,0,0,0,0,0
Azerbaijan,2025-04-01,1,0,0,0,0,0,0,1,0,0,0,0,0,1,0,0,0,0,0,0
Azerbaijan,2025-05-01,0,0,0,0,0,0,0,0,0,0,0,0,0,0,0,0,0,0,0,0
Azerbaijan,2025-06-01,0,0,0,0,0,0,0,0,0,0,0,1,0,0,0,0,0,0,0,0
Azerbaijan,2025-07-01,0,0,0,0,0,0,0,1,0,0,0,0,0,1,0,0,0,0,0,1
Azerbaijan,2025-08-01,0,0,0,0,0,0,0,0,0,0,0,0,0,1,0,0,0,0,0,0
Azerbaijan,2025-09-01,0,0,0,0,0,1,0,0,0,0,0,0,0,0,0,0,0,0,0,0
Azerbaijan,2025-10-01,0,0,0,0,0,0,0,0,0,0,0,0,0,0,0,0,0,0,0,0
Azerbaijan,2025-11-01,0,0,0,0,0,0,0,0,0,0,0,0,0,0,0,0,0,0,0,0
Azerbaijan,2025-12-01,0,0,0,0,0,0,0,0,0,0,0,0,0,0,0,0,0,0,0,0
Azerbaijan,2026-01-01,0,0,0,0,0,0,0,0,0,0,0,0,0,0,0,0,0,0,0,0
Sri Lanka,2012-01-01,0,0,0,0,0,0,0,1,0,0,0,0,0,0,0,0,1,0,0,0
Sri Lanka,2012-02-01,1,0,1,0,0,0,0,0,0,0,0,0,0,0,1,0,0,0,1,1
Sri Lanka,2012-03-01,0,0,0,0,0,1,0,0,0,0,0,0,0,0,0,0,0,1,0,0
Sri Lanka,2012-04-01,1,0,0,0,0,0,0,1,1,1,0,0,0,0,0,0,0,0,0,0
Sri Lanka,2012-05-01,0,0,1,1,0,1,0,0,0,0,0,0,1,0,0,1,1,0,0,0
Sri Lanka,2012-06-01,0,0,0,0,0,0,0,0,0,1,1,0,0,0,0,0,0,0,0,0
Sri Lanka,2012-07-01,0,0,0,0,0,0,0,0,0,0,1,0,0,0,0,0,0,0,0,0
Sri Lanka,2012-08-01,0,0,0,0,0,0,0,0,0,0,0,1,0,0,0,0,0,0,0,0
Sri Lanka,2012-09-01,0,0,0,0,0,0,0,0,0,1,0,0,0,0,0,0,0,0,0,0
Sri Lanka,2012-10-01,0,0,0,0,1,0,1,0,0,0,0,0,0,0,0,0,0,0,0,0
Sri Lanka,2012-11-01,0,0,0,0,0,0,0,0,0,0,0,0,0,0,0,0,0,0,0,0
Sri Lanka,2012-12-01,1,0,0,0,0,0,0,0,0,0,0,0,0,0,0,0,0,0,0,0
Sri Lanka,2013-01-01,0,0,0,0,0,0,0,0,0,0,0,0,0,0,0,1,0,0,1,0
Sri Lanka,2013-02-01,0,0,0,0,0,0,1,0,0,0,0,0,0,0,0,0,0,0,0,0
Sri Lanka,2013-03-01,0,0,0,0,0,0,0,0,0,0,0,0,0,0,0,0,0,0,0,0
Sri Lanka,2013-04-01,0,0,0,0,0,0,0,0,0,0,0,0,0,0,0,0,0,0,0,0
Sri Lanka,2013-05-01,0,0,0,0,0,0,0,1,0,0,0,0,0,0,1,0,0,0,0,0
Sri Lanka,2013-06-01,0,0,0,0,0,0,0,0,0,0,0,0,0,0,0,0,0,0,0,0
Sri Lanka,2013-07-01,0,0,0,0,0,0,0,0,0,0,0,0,0,0,0,0,0,1,0,0
Sri Lanka,2013-08-01,0,0,1,1,0,0,0,0,0,0,0,0,0,1,0,0,0,0,0,0
Sri Lanka,2013-09-01,0,0,0,0,0,0,0,0,0,1,0,0,0,0,0,0,0,0,0,0
Sri Lanka,2013-10-01,0,0,0,0,0,0,0,0,0,0,0,0,0,0,0,0,0,0,0,0
Sri Lanka,2013-11-01,0,0,0,0,0,0,0,0,0,0,0,0,0,0,0,0,0,0,0,0
Sri Lanka,2013-12-01,0,0,0,0,0,0,1,0,0,0,0,0,0,1,0,0,0,0,0,0
Sri Lanka,2014-01-01,0,0,0,0,0,0,0,0,0,1,0,0,0,0,0,0,0,0,0,0
Sri Lanka,2014-02-01,0,0,0,0,0,0,0,0,0,0,0,0,0,0,0,0,0,0,0,0
Sri Lanka,2014-03-01,0,0,0,0,0,0,0,0,0,0,0,0,0,0,1,1,0,0,0,1
Sri Lanka,2014-04-01,0,0,0,0,1,0,0,0,1,0,1,0,1,0,0,0,0,0,0,0
Sri Lanka,2014-05-01,0,0,1,0,1,0,0,0,0,0,0,0,0,0,0,0,0,0,0,0
Sri Lanka,2014-06-01,0,1,0,0,0,0,0,0,0,0,0,0,0,0,0,0,0,0,0,0
Sri Lanka,2014-07-01,0,0,0,0,0,0,0,0,0,0,0,0,1,0,0,0,0,0,0,0
Sri Lanka,2014-08-01,0,0,0,0,0,0,0,0,0,0,0,1,0,0,0,0,0,1,0,0
Sri Lanka,2014-09-01,0,0,0,0,0,0,0,0,0,0,0,0,0,0,0,0,0,0,0,0
Sri Lanka,2014-10-01,1,0,0,0,0,0,0,0,0,0,0,1,0,1,0,1,0,0,0,0
Sri Lanka,2014-11-01,0,0,0,0,0,1,0,0,0,0,1,0,0,0,0,0,0,0,0,0
Sri Lanka,2014-12-01,1,0,0,0,0,0,0,0,0,0,0,1,0,0,0,0,0,0,0,0
Sri Lanka,2015-01-01,0,0,0,0,0,0,0,0,0,0,0,0,0,0,0,0,0,0,0,0
Sri Lanka,2015-02-01,0,0,0,0,0,0,1,0,0,0,0,0,0,0,0,0,0,0,0,0
Sri Lanka,2015-03-01,0,0,0,0,0,0,0,0,0,0,0,0,0,0,0,0,0,1,1,0
Sri Lanka,2015-04-01,0,0,0,0,0,0,0,0,0,0,0,0,0,0,0,1,0,0,0,0
Sri Lanka,2015-05-01,0,1,0,0,0,0,0,0,0,0,0,0,0,0,0,1,0,0,0,0
Sri Lanka,2015-06-01,0,0,0,1,0,0,0,0,0,0,0,0,0,0,0,0,0,0,0,0
Sri Lanka,2015-07-01,0,0,1,0,0,0,0,0,0,0,0,0,0,0,0,0,0,0,0,0
Sri Lanka,2015-08-01,0,0,0,0,0,0,0,0,0,0,0,0,0,0,0,0,0,0,0,0
Sri Lanka,2015-09-01,0,0,0,0,0,0,0,0,0,0,0,0,0,0,0,0,0,0,0,0
Sri Lanka,2015-10-01,0,0,0,0,0,0,0,0,0,0,0,0,1,0,0,0,0,0,0,1
Sri Lanka,2015-11-01,0,0,0,0,0,0,0,0,0,0,0,0,0,1,0,0,1,0,0,0
Sri Lanka,2015-12-01,0,0,0,0,0,0,0,0,0,0,0,0,0,0,1,0,0,0,0,0
Sri Lanka,2016-01-01,0,0,0,0,0,0,0,0,0,0,0,0,0,1,0,0,1,0,0,0
Sri Lanka,2016-02-01,0,0,0,0,0,0,0,0,0,0,0,0,0,0,0,0,0,0,0,0
Sri Lanka,2016-03-01,0,0,0,0,0,0,0,0,0,0,1,0,0,0,0,0,0,0,0,0
Sri Lanka,2016-04-01,0,0,0,0,0,0,0,0,0,0,0,0,0,0,0,0,0,0,0,0
Sri Lanka,2016-05-01,1,0,0,0,0,0,0,1,1,0,0,1,0,0,0,0,0,0,0,0
Sri Lanka,2016-06-01,0,0,0,0,0,0,0,1,0,1,0,0,0,0,0,0,0,0,0,0
Sri Lanka,2016-07-01,0,0,0,0,0,0,0,0,0,0,0,0,1,0,0,0,0,0,0,0
Sri Lanka,2016-08-01,0,0,0,0,0,0,0,0,0,0,0,0,0,0,0,0,0,0,0,0
Sri Lanka,2016-09-01,0,0,0,0,0,0,0,0,0,0,0,0,0,0,1,0,0,0,0,0
Sri Lanka,2016-10-01,0,1,0,0,0,0,0,0,0,0,0,0,0,0,0,0,0,0,0,0
Sri Lanka,2016-11-01,0,0,0,1,0,0,0,0,0,0,0,0,0,0,0,0,0,0,0,0
Sri Lanka,2016-12-01,0,0,0,1,0,1,0,0,0,0,0,0,1,0,0,0,0,0,0,0
Sri Lanka,2017-01-01,0,0,0,0,0,0,0,0,0,0,0,1,0,0,0,0,0,1,0,0
Sri Lanka,2017-02-01,0,0,0,0,0,0,0,0,0,0,0,0,0,0,0,0,0,0,0,0
Sri Lanka,2017-03-01,0,0,0,0,0,1,0,0,0,0,0,0,0,0,0,0,0,1,0,0
Sri Lanka,2017-04-01,0,0,1,0,0,0,1,0,0,1,0,1,0,0,0,0,0,0,1,1
Sri Lanka,2017-05-01,1,0,0,0,0,0,1,1,0,0,0,0,1,0,0,0,0,0,0,0
Sri Lanka,2017-06-01,1,0,0,0,0,0,1,0,1,0,1,0,0,0,0,1,1,0,0,0
Sri Lanka,2017-07-01,0,0,0,0,1,0,0,0,0,0,1,0,0,0,0,0,0,0,0,0
Sri Lanka,2017-08-01,0,0,0,1,0,0,0,0,0,0,0,0,0,0,0,0,0,0,0,0
Sri Lanka,2017-09-01,0,0,0,0,0,0,0,0,0,0,0,0,0,0,0,0,0,0,0,1
Sri Lanka,2017-10-01,0,0,0,0,0,0,0,0,0,0,0,0,0,0,0,0,0,0,0,0
Sri Lanka,2017-11-01,0,0,0,0,0,0,0,0,0,0,0,0,0,0,0,0,0,0,0,0
Sri Lanka,2017-12-01,0,0,0,0,0,0,0,0,0,0,0,0,0,0,0,1,0,0,0,0
Sri Lanka,2018-01-01,0,0,0,0,0,0,0,0,0,0,0,0,0,0,0,0,0,0,0,0
Sri Lanka,2018-02-01,0,0,0,0,0,0,0,0,0,0,0,0,0,0,0,0,0,0,0,0
Sri Lanka,2018-03-01,0,0,0,0,0,0,0,0,0,0,0,0,0,0,0,0,0,0,0,0
Sri Lanka,2018-04-01,0,0,0,0,0,0,0,0,0,0,0,0,0,0,0,0,0,0,0,0
Sri Lanka,2018-05-01,0,0,0,0,0,0,1,0,0,0,0,0,0,0,0,0,0,0,0,0
Sri Lanka,2018-06-01,0,0,0,0,0,0,0,0,0,1,0,0,1,0,0,0,0,1,1,0
Sri Lanka,2018-07-01,0,0,0,1,0,0,0,0,0,0,0,0,0,0,0,1,0,0,1,0
Sri Lanka,2018-08-01,0,0,0,0,0,0,0,1,0,0,0,0,0,0,0,0,0,0,0,0
Sri Lanka,2018-09-01,0,0,1,0,0,0,1,0,1,0,0,0,0,0,0,0,0,0,0,0
Sri Lanka,2018-10-01,0,0,0,0,0,0,0,0,0,0,0,0,0,0,0,0,0,0,0,0
Sri Lanka,2018-11-01,0,0,0,0,0,0,0,0,0,0,0,0,0,0,0,0,0,0,0,0
Sri Lanka,2018-12-01,0,0,0,0,0,0,0,0,0,0,0,0,0,0,0,0,0,0,0,0
Sri Lanka,2019-01-01,0,0,0,0,0,1,0,0,0,0,0,0,0,0,1,0,0,0,0,1
Sri Lanka,2019-02-01,0,0,0,0,0,0,0,0,0,0,0,0,0,0,0,0,0,0,0,0
Sri Lanka,2019-03-01,0,1,0,0,0,1,0,0,0,0,0,1,0,0,0,1,0,0,0,1
Sri Lanka,2019-04-01,0,0,0,0,0,0,0,0,0,0,0,0,0,0,0,0,0,0,0,0
Sri Lanka,2019-05-01,0,0,0,0,0,0,0,0,0,0,0,0,0,1,0,0,0,0,0,0
Sri Lanka,2019-06-01,0,0,0,0,0,0,0,0,0,0,0,0,0,0,0,0,1,0,0,0
Sri Lanka,2019-07-01,0,0,0,0,0,0,1,0,0,1,0,0,1,1,0,0,0,0,0,0
Sri Lanka,2019-08-01,0,0,0,0,0,0,0,0,0,0,0,0,0,0,0,0,0,0,1,0
Sri Lanka,2019-09-01,0,0,0,0,0,0,0,0,0,0,0,0,0,0,0,0,0,0,1,0
Sri Lanka,2019-10-01,0,0,0,0,0,0,0,0,0,0,0,0,0,0,0,0,0,0,0,0
Sri Lanka,2019-11-01,0,0,0,1,0,0,0,0,0,0,0,0,0,0,0,0,0,0,0,0
Sri Lanka,2019-12-01,1,0,0,0,0,0,0,0,0,0,1,0,0,0,0,0,0,0,0,0
Sri Lanka,2020-01-01,0,0,0,0,0,0,0,0,1,0,0,0,0,0,0,0,0,0,0,0
Sri Lanka,2020-02-01,0,1,0,0,0,0,0,0,0,0,0,0,0,0,0,0,0,0,0,0
Sri Lanka,2020-03-01,0,0,0,0,0,0,0,0,0,0,0,0,0,0,0,0,0,0,0,0
Sri Lanka,2020-04-01,0,0,0,0,0,0,0,0,0,0,0,0,0,0,0,0,0,1,0,0
Sri Lanka,2020-05-01,1,0,0,0,0,0,0,0,0,0,0,0,0,0,0,0,0,0,0,0
Sri Lanka,2020-06-01,0,0,0,0,0,0,0,0,0,0,0,0,0,0,0,0,0,0,0,0
Sri Lanka,2020-07-01,0,0,0,0,0,0,0,0,0,0,0,0,0,0,0,0,0,0,0,0
Sri Lanka,2020-08-01,0,0,0,0,0,0,0,0,0,0,0,0,0,0,0,0,0,0,0,0
Sri Lanka,2020-09-01,0,0,0,0,0,0,1,0,0,0,0,0,0,1,0,0,0,0,0,0
Sri Lanka,2020-10-01,0,0,0,0,0,0,0,0,0,0,0,0,0,0,0,0,0,0,0,0
Sri Lanka,2020-11-01,0,0,1,0,1,0,0,0,0,0,0,0,1,0,0,0,0,0,0,1
Sri Lanka,2020-12-01,0,0,0,0,0,0,0,1,0,0,0,0,0,0,0,0,0,0,0,0
Sri Lanka,2021-01-01,0,0,0,0,0,0,0,0,0,0,0,0,1,1,0,0,0,0,0,0
Sri Lanka,2021-02-01,0,0,0,0,0,0,0,0,0,1,1,0,1,0,0,1,0,0,0,0
Sri Lanka,2021-03-01,0,1,1,1,0,1,0,0,0,0,1,0,0,0,1,0,0,0,1,1
Sri Lanka,2021-04-01,0,0,0,0,0,0,0,0,0,0,0,0,0,0,0,1,0,0,1,0
Sri Lanka,2021-05-01,1,0,0,1,0,0,1,0,0,0,0,0,0,0,0,0,0,0,0,0
Sri Lanka,2021-06-01,0,0,0,0,0,0,1,1,1,0,0,0,0,0,0,0,0,0,0,0
Sri Lanka,2021-07-01,0,0,0,0,0,0,0,0,0,1,0,0,0,0,0,0,0,0,0,0
Sri Lanka,2021-08-01,0,0,0,0,0,0,0,0,0,0,0,0,0,0,1,0,0,0,0,0
Sri Lanka,2021-09-01,0,0,0,0,0,0,0,0,0,0,0,0,0,0,0,0,0,1,0,0
Sri Lanka,2021-10-01,0,0,0,0,0,0,0,0,0,0,0,0,0,0,0,0,0,0,0,0
Sri Lanka,2021-11-01,0,0,0,0,0,0,0,0,0,0,0,0,0,0,0,0,0,0,0,0
Sri Lanka,2021-12-01,0,0,0,0,0,0,0,0,0,0,0,0,0,0,0,0,1,0,0,0
Sri Lanka,2022-01-01,0,0,0,0,0,0,0,0,0,0,0,0,0,0,0,0,0,0,0,0
Sri Lanka,2022-02-01,0,0,0,0,0,1,0,0,0,0,0,0,0,1,0,0,0,0,0,0
Sri Lanka,2022-03-01,0,0,0,0,0,0,0,0,0,0,0,0,0,0,0,0,0,0,0,0
Sri Lanka,2022-04-01,0,0,0,0,0,0,0,0,0,0,1,0,0,0,0,0,0,0,0,0
Sri Lanka,2022-05-01,0,0,0,0,0,0,0,0,0,0,0,0,0,0,0,0,0,0,0,0
Sri Lanka,2022-06-01,0,0,0,0,0,0,0,0,0,0,0,0,0,0,0,0,0,0,0,0
Sri Lanka,2022-07-01,0,0,0,0,0,0,0,0,0,0,0,0,0,0,0,0,0,0,0,0
Sri Lanka,2022-08-01,0,0,0,0,0,0,0,0,0,0,0,0,0,0,0,0,0,1,0,0
Sri Lanka,2022-09-01,0,0,0,0,0,0,0,1,0,0,0,0,1,0,0,0,0,0,0,0
Sri Lanka,2022-10-01,0,0,0,0,0,0,0,1,0,0,0,0,0,0,0,0,0,0,0,0
Sri Lanka,2022-11-01,0,0,0,0,0,0,0,0,0,0,0,0,0,1,0,1,0,1,0,0
Sri Lanka,2022-12-01,0,0,0,0,0,0,1,0,0,0,0,0,0,0,0,0,0,0,0,0
Sri Lanka,2023-01-01,0,0,0,0,0,0,0,0,0,0,0,0,0,0,0,0,0,0,0,0
Sri Lanka,2023-02-01,0,0,0,0,0,0,0,0,0,0,0,0,0,0,0,0,0,0,0,0
Sri Lanka,2023-03-01,0,0,0,0,0,0,0,0,0,0,0,0,0,0,0,0,0,0,0,0
Sri Lanka,2023-04-01,0,0,0,0,0,0,0,0,0,0,1,0,0,0,0,0,0,0,1,0
Sri Lanka,2023-05-01,0,0,0,0,0,0,0,0,0,0,0,0,0,0,0,0,0,0,0,1
Sri Lanka,2023-06-01,0,0,0,0,0,0,0,0,0,0,0,0,0,0,0,0,0,0,0,0
Sri Lanka,2023-07-01,0,0,0,0,0,0,0,0,0,0,0,0,0,0,0,0,0,0,0,1
Sri Lanka,2023-08-01,0,0,1,0,0,0,1,0,0,0,0,1,0,0,0,0,0,0,0,0
Sri Lanka,2023-09-01,0,0,0,0,0,0,0,0,0,0,0,0,0,0,1,0,0,0,0,0
Sri Lanka,2023-10-01,0,0,0,0,0,0,0,0,0,0,0,0,0,0,0,0,1,0,0,0
Sri Lanka,2023-11-01,0,0,0,0,0,0,0,0,0,0,0,0,0,0,0,0,0,1,0,0
Sri Lanka,2023-12-01,0,0,0,1,0,1,0,0,1,0,0,0,0,0,0,0,0,1,0,0
Sri Lanka,2024-01-01,0,0,0,0,0,0,0,1,0,0,0,0,0,1,0,0,0,0,0,0
Sri Lanka,2024-02-01,0,0,0,0,0,0,0,0,0,0,0,0,0,0,0,0,0,0,0,0
Sri Lanka,2024-03-01,0,0,0,0,1,0,0,0,0,0,0,1,0,1,0,0,0,0,0,0
Sri Lanka,2024-04-01,0,0,0,0,0,0,0,0,0,0,0,1,0,0,0,0,0,0,0,0
Sri Lanka,2024-05-01,0,1,0,0,0,0,0,0,0,1,0,0,0,0,1,0,0,0,0,0
Sri Lanka,2024-06-01,0,0,1,0,0,0,1,0,0,0,1,0,0,0,0,0,0,0,0,0
Sri Lanka,2024-07-01,0,0,0,0,0,0,0,0,0,0,0,0,0,0,0,0,0,0,0,0
Sri Lanka,2024-08-01,0,0,0,0,0,0,0,0,0,0,0,0,0,0,0,0,0,0,0,0
Sri Lanka,2024-09-01,0,0,0,0,0,0,0,0,0,0,0,0,0,0,0,0,0,0,0,0
Sri Lanka,2024-10-01,0,0,0,0,0,0,0,0,0,0,0,0,1,0,0,0,0,0,0,0
Sri Lanka,2024-11-01,1,1,0,0,0,0,0,0,1,0,0,0,1,0,0,1,0,0,0,1
Sri Lanka,2024-12-01,0,0,0,0,0,0,0,0,0,1,0,0,0,1,0,0,0,0,1,0
Sri Lanka,2025-01-01,0,0,0,0,0,0,0,0,0,1,0,0,0,0,0,0,0,0,0,0
Sri Lanka,2025-02-01,0,0,0,0,0,0,0,0,1,0,1,0,0,0,0,0,0,0,0,1
Sri Lanka,2025-03-01,0,0,1,0,1,0,0,0,0,0,0,0,0,0,0,0,0,0,0,0
Sri Lanka,2025-04-01,0,0,0,0,0,0,0,0,0,0,0,0,0,0,0,0,0,0,0,0
Sri Lanka,2025-05-01,0,0,0,0,0,0,0,0,0,0,0,0,0,0,0,0,0,0,0,0
Sri Lanka,2025-06-01,0,0,0,0,1,0,0,0,0,1,1,0,0,0,0,0,0,0,0,0
Sri Lanka,2025-07-01,0,0,1,1,0,1,0,0,0,0,0,0,1,1,1,0,0,0,0,0
Sri Lanka,2025-08-01,0,0,0,0,0,0,0,0,0,0,0,0,0,0,1,0,0,0,0,0
Sri Lanka,2025-09-01,0,0,0,0,0,0,0,0,0,0,0,0,0,0,0,0,1,0,0,1
Sri Lanka,2025-10-01,1,1,0,0,1,0,0,0,0,0,0,0,0,0,0,0,0,0,0,0
Sri Lanka,2025-11-01,0,0,0,0,0,0,0,0,0,0,0,0,0,0,0,0,0,0,0,0
Sri Lanka,2025-12-01,0,0,0,0,0,0,0,0,0,0,0,0,0,0,0,0,0,0,0,0
Sri Lanka,2026-01-01,0,0,0,0,0,0,0,0,0,0,0,0,0,0,0,0,0,0,0,0
Pakistan,2012-01-01,0,1,0,0,0,0,0,0,0,0,0,0,0,0,0,0,0,0,0,0
Pakistan,2012-02-01,0,1,0,1,0,0,0,0,0,0,0,0,1,0,0,0,0,0,1,0
Pakistan,2012-03-01,0,1,0,0,1,0,0,0,0,0,0,0,0,0,1,0,0,0,0,0
Pakistan,2012-04-01,0,0,1,0,0,0,0,0,0,0,0,0,0,0,0,0,0,1,0,0
Pakistan,2012-05-01,0,0,1,0,0,0,0,0,0,1,0,0,0,0,0,1,0,0,0,0
Pakistan,2012-06-01,0,1,0,0,1,0,0,0,0,1,1,0,0,0,0,0,1,0,1,0
Pakistan,2012-07-01,0,0,0,0,0,0,0,1,0,0,0,0,0,1,0,0,0,0,0,0
Pakistan,2012-08-01,0,0,1,0,0,0,1,0,0,0,0,0,0,0,0,0,0,1,0,0
Pakistan,2012-09-01,1,0,0,0,0,0,0,1,1,0,0,0,0,0,0,0,0,0,0,0
Pakistan,2012-10-01,0,0,0,1,0,0,0,0,0,0,0,0,0,0,0,0,0,0,0,0
Pakistan,2012-11-01,0,0,0,0,0,0,0,0,0,0,0,0,0,0,0,0,0,0,0,0
Pakistan,2012-12-01,0,0,0,0,0,0,0,0,0,0,0,0,0,0,0,0,0,0,0,0
Pakistan,2013-01-01,0,0,0,0,0,0,1,0,0,0,0,0,0,0,0,0,0,0,0,0
Pakistan,2013-02-01,0,0,0,0,0,0,0,0,0,0,0,0,0,0,0,0,0,0,0,0
Pakistan,2013-03-01,0,0,0,0,0,0,0,0,0,0,0,0,0,0,0,0,0,0,0,0
Pakistan,2013-04-01,0,0,0,0,0,0,0,0,0,0,0,0,0,0,0,0,0,0,0,0
Pakistan,2013-05-01,0,0,0,0,0,0,0,0,0,0,0,0,0,0,0,0,0,0,0,0
Pakistan,2013-06-01,0,0,0,0,1,0,0,0,0,0,0,0,0,0,1,0,1,0,0,0
Pakistan,2013-07-01,0,0,0,1,1,0,0,0,0,0,0,0,1,0,1,0,0,0,1,0
Pakistan,2013-08-01,1,0,0,0,0,0,0,0,1,0,0,0,0,0,0,1,0,0,0,0
Pakistan,2013-09-01,1,0,0,0,0,0,0,0,0,0,0,0,0,0,0,0,0,0,0,1
Pakistan,2013-10-01,0,0,0,1,0,0,0,0,0,0,0,0,0,0,0,0,0,0,0,0
Pakistan,2013-11-01,0,0,0,0,0,1,0,0,0,0,0,0,0,0,0,0,0,1,0,0
Pakistan,2013-12-01,0,0,0,0,0,1,0,0,0,0,0,0,0,1,0,0,0,0,0,0
Pakistan,2014-01-01,0,0,0,0,0,0,0,0,0,1,0,0,0,0,0,0,0,0,0,0
Pakistan,2014-02-01,0,0,0,0,0,0,0,0,0,0,0,0,0,0,0,0,0,0,0,0
Pakistan,2014-03-01,0,0,0,0,0,0,0,0,0,0,1,1,0,0,0,0,0,0,0,0
Pakistan,2014-04-01,0,0,0,0,0,0,0,0,0,0,0,0,0,0,0,0,0,0,0,0
Pakistan,2014-05-01,0,0,0,0,0,0,1,0,0,0,0,0,0,0,0,0,0,0,0,0
Pakistan,2014-06-01,0,1,0,0,0,0,0,0,0,0,0,0,0,0,0,0,0,1,0,0
Pakistan,2014-07-01,0,0,0,0,0,0,0,0,0,0,0,0,0,0,0,0,0,0,0,0
Pakistan,2014-08-01,0,0,0,0,0,0,0,0,0,0,0,0,0,0,0,0,0,0,0,1
Pakistan,2014-09-01,1,0,0,0,0,0,0,1,1,0,0,0,0,0,0,0,0,0,1,0
Pakistan,2014-10-01,0,0,0,0,0,0,0,0,0,0,0,0,0,0,0,1,0,0,0,0
Pakistan,2014-11-01,0,0,0,0,0,0,0,0,0,0,0,0,0,0,0,0,0,0,0,0
Pakistan,2014-12-01,0,0,0,0,0,0,0,0,0,0,0,0,0,0,0,0,0,0,0,0
Pakistan,2015-01-01,0,0,0,0,0,0,0,0,0,0,0,0,0,0,0,1,0,0,0,0
Pakistan,2015-02-01,0,0,0,1,0,1,0,0,0,0,0,0,0,0,0,0,0,0,0,0
Pakistan,2015-03-01,0,0,0,1,0,0,0,0,0,1,0,0,0,0,0,0,0,0,0,0
Pakistan,2015-04-01,0,0,0,0,0,1,0,0,0,0,0,0,0,0,0,0,0,0,0,0
Pakistan,2015-05-01,0,0,0,0,0,0,0,0,0,0,0,0,0,0,0,0,0,0,0,0
Pakistan,2015-06-01,0,0,0,0,0,0,1,0,1,0,1,1,1,0,0,0,0,0,0,0
Pakistan,2015-07-01,1,0,0,0,1,0,0,0,1,0,1,0,1,0,0,0,0,0,0,0
Pakistan,2015-08-01,0,0,0,0,0,0,0,1,0,0,0,0,0,0,1,0,0,0,0,0
Pakistan,2015-09-01,0,0,0,0,0,0,0,0,0,0,0,0,0,0,0,0,0,0,0,0
Pakistan,2015-10-01,1,0,0,0,0,0,0,0,0,0,0,0,0,0,1,0,0,0,0,0
Pakistan,2015-11-01,0,0,1,0,0,0,0,1,0,1,0,0,0,0,0,0,0,0,0,0
Pakistan,2015-12-01,0,0,0,0,0,0,0,0,0,0,0,0,0,0,0,0,1,0,0,0
Pakistan,2016-01-01,0,0,1,0,0,0,0,0,0,0,0,0,0,0,0,1,0,0,0,0
Pakistan,2016-02-01,0,0,0,0,0,0,0,0,0,0,0,0,0,0,0,0,0,0,0,0
Pakistan,2016-03-01,0,0,0,0,0,0,0,0,0,0,0,0,0,0,0,1,0,0,0,0
Pakistan,2016-04-01,0,0,0,0,0,0,0,0,0,0,0,0,0,0,0,0,0,0,0,0
Pakistan,2016-05-01,0,0,0,0,0,0,0,0,0,0,0,0,0,0,0,0,0,0,0,0
Pakistan,2016-06-01,0,0,0,0,0,0,0,0,0,0,0,0,0,0,0,0,0,0,0,0
Pakistan,2016-07-01,0,0,0,0,0,0,0,0,0,0,0,0,0,0,0,0,0,0,1,0
Pakistan,2016-08-01,0,0,0,0,0,0,0,0,0,0,0,0,0,0,0,0,0,0,0,0
Pakistan,2016-09-01,0,0,0,0,0,0,0,0,0,0,0,0,0,0,0,0,0,1,0,0
Pakistan,2016-10-01,0,1,0,0,0,0,0,0,0,0,0,0,0,0,0,0,0,0,0,0
Pakistan,2016-11-01,0,0,0,0,0,0,0,0,0,0,0,0,0,0,0,0,0,0,0,1
Pakistan,2016-12-01,0,0,0,0,0,0,0,0,0,0,0,0,0,0,0,0,0,0,0,1
Pakistan,2017-01-01,0,0,0,0,0,0,0,0,0,0,0,0,0,0,0,0,0,0,0,0
Pakistan,2017-02-01,0,0,0,0,0,0,0,0,0,0,0,0,0,0,0,1,0,0,0,0
Pakistan,2017-03-01,0,0,1,0,0,0,0,0,0,0,0,0,1,0,1,0,0,0,0,0
Pakistan,2017-04-01,0,0,0,0,0,0,0,0,0,0,0,1,0,0,0,0,0,0,0,0
Pakistan,2017-05-01,0,0,0,0,0,0,0,0,0,0,0,0,1,1,0,0,0,0,0,0
Pakistan,2017-06-01,1,0,0,0,1,0,0,0,1,0,0,0,0,0,0,0,0,0,0,0
Pakistan,2017-07-01,1,0,0,0,0,0,0,0,0,0,0,0,0,0,0,0,0,0,0,0
Pakistan,2017-08-01,0,0,0,0,0,0,0,0,0,0,0,0,0,0,0,0,0,0,0,0
Pakistan,2017-09-01,0,0,0,0,0,0,0,0,0,0,0,0,0,0,0,0,0,0,0,0
Pakistan,2017-10-01,0,0,0,0,0,0,0,0,0,0,0,0,0,0,0,0,0,0,0,0
Pakistan,2017-11-01,0,1,0,0,0,0,1,0,0,1,0,0,0,0,0,0,0,0,0,0
Pakistan,2017-12-01,0,0,0,0,0,0,0,0,0,0,0,0,0,0,0,0,0,1,0,0
Pakistan,2018-01-01,0,0,0,0,0,0,0,0,0,0,0,0,0,0,0,0,0,0,0,0
Pakistan,2018-02-01,0,0,0,1,0,1,0,0,0,0,0,0,0,0,0,0,0,0,0,0
Pakistan,2018-03-01,0,0,0,0,0,0,0,0,0,0,0,0,0,0,0,0,0,0,0,0
Pakistan,2018-04-01,0,0,0,0,0,0,0,0,0,0,0,0,0,0,0,0,0,0,0,0
Pakistan,2018-05-01,0,0,0,0,0,0,0,0,0,0,0,1,0,0,0,0,0,0,0,0
Pakistan,2018-06-01,0,0,0,0,0,0,0,0,0,0,1,1,1,0,0,0,0,0,1,0
Pakistan,2018-07-01,0,0,0,0,0,0,0,0,0,0,0,0,0,0,0,0,0,0,0,0
Pakistan,2018-08-01,0,0,0,0,0,0,0,0,0,0,0,0,0,0,0,0,0,0,0,0
Pakistan,2018-09-01,0,0,1,0,0,0,0,0,0,0,0,0,0,0,0,0,0,0,0,1
Pakistan,2018-10-01,0,0,0,0,1,0,0,0,0,1,0,0,1,0,0,1,0,0,0,0
Pakistan,2018-11-01,0,0,0,0,0,0,0,0,0,0,0,0,0,0,0,0,0,0,0,0
Pakistan,2018-12-01,0,0,0,0,0,0,0,0,0,0,0,0,0,0,0,0,0,0,0,0
Pakistan,2019-01-01,0,0,0,0,0,0,0,1,0,0,0,0,0,1,0,0,0,0,0,1
Pakistan,2019-02-01,0,0,0,1,0,0,0,0,0,0,0,0,0,0,0,0,0,0,0,0
Pakistan,2019-03-01,0,1,0,1,0,0,0,0,0,0,0,0,0,0,0,0,0,0,0,0
Pakistan,2019-04-01,0,0,0,0,0,0,0,0,0,0,0,0,0,0,0,0,0,0,0,0
Pakistan,2019-05-01,0,0,0,0,0,0,0,0,0,0,0,0,0,0,0,0,0,1,0,0
Pakistan,2019-06-01,0,0,0,0,0,0,0,0,0,0,0,1,0,0,0,0,0,0,0,1
Pakistan,2019-07-01,1,0,0,0,0,0,0,0,0,0,0,0,0,0,0,0,0,0,0,0
Pakistan,2019-08-01,0,1,0,0,0,0,0,1,1,0,0,0,0,0,1,0,1,0,0,0
Pakistan,2019-09-01,0,0,1,0,0,1,0,0,1,0,1,0,0,0,0,1,0,0,0,0
Pakistan,2019-10-01,0,0,0,0,0,0,0,0,0,0,0,0,0,0,1,0,0,0,0,0
Pakistan,2019-11-01,0,0,0,0,0,0,1,0,0,0,0,0,0,0,0,0,0,0,0,0
Pakistan,2019-12-01,0,0,0,0,0,0,0,0,0,0,1,0,0,0,0,0,0,0,0,0
Pakistan,2020-01-01,0,0,0,0,0,0,0,0,0,0,0,0,0,0,0,0,0,0,0,0
Pakistan,2020-02-01,0,0,0,0,1,0,0,0,0,0,0,0,0,0,0,0,1,0,0,0
Pakistan,2020-03-01,0,0,0,0,0,0,0,0,0,0,0,0,0,0,0,0,0,0,0,0
Pakistan,2020-04-01,0,0,0,0,0,0,0,0,0,0,0,0,0,0,0,0,0,0,0,0
Pakistan,2020-05-01,0,0,0,0,0,0,0,0,0,0,0,1,0,0,0,0,0,0,0,0
Pakistan,2020-06-01,0,0,0,0,0,0,0,0,0,0,0,0,0,0,0,0,0,0,0,1
Pakistan,2020-07-01,0,0,0,0,0,0,0,0,0,0,0,0,0,0,0,0,0,0,0,0
Pakistan,2020-08-01,1,0,0,0,0,0,0,1,1,0,0,0,0,0,1,0,0,1,0,0
Pakistan,2020-09-01,0,0,0,0,0,0,0,1,0,1,0,0,0,1,0,0,0,0,0,0
Pakistan,2020-10-01,0,0,0,0,0,0,0,0,0,0,0,0,0,0,0,0,0,0,0,0
Pakistan,2020-11-01,0,0,0,0,0,0,0,0,0,0,0,0,0,0,0,0,0,0,0,0
Pakistan,2020-12-01,0,0,0,0,0,0,0,0,0,0,0,0,0,0,0,0,0,0,0,0
Pakistan,2021-01-01,0,0,0,0,0,0,0,0,0,0,0,0,0,0,0,1,0,1,1,1
Pakistan,2021-02-01,0,0,0,1,0,0,0,0,0,0,0,0,0,0,0,0,0,0,0,0
Pakistan,2021-03-01,0,0,0,0,0,0,0,0,0,1,0,0,0,1,0,0,0,0,0,0
Pakistan,2021-04-01,0,0,0,0,0,0,0,0,0,0,0,0,0,0,0,0,0,0,0,0
Pakistan,2021-05-01,0,0,0,0,0,0,0,0,0,0,0,0,0,0,0,0,0,0,0,0
Pakistan,2021-06-01,0,0,0,0,1,0,0,0,0,0,1,0,0,0,0,0,0,0,0,0
Pakistan,2021-07-01,0,0,0,0,0,0,0,0,0,0,0,0,0,0,0,1,0,0,0,0
Pakistan,2021-08-01,0,0,0,0,0,0,0,0,0,0,0,0,0,0,0,0,0,0,0,0
Pakistan,2021-09-01,0,1,0,0,0,0,0,0,0,0,0,0,0,0,0,0,0,0,0,0
Pakistan,2021-10-01,0,0,0,0,0,0,0,0,0,0,0,0,0,0,0,0,0,0,0,0
Pakistan,2021-11-01,0,0,0,0,0,0,1,0,0,0,0,0,0,0,0,0,0,0,0,0
Pakistan,2021-12-01,0,0,0,0,0,0,1,0,0,1,0,0,0,0,0,0,0,0,0,0
Pakistan,2022-01-01,0,0,0,0,0,0,0,0,0,0,0,0,0,0,0,0,0,0,0,0
Pakistan,2022-02-01,0,0,0,0,0,1,0,0,0,0,0,0,0,1,0,0,0,0,0,1
Pakistan,2022-03-01,0,0,0,0,0,0,0,0,0,0,0,0,0,0,0,0,0,0,0,0
Pakistan,2022-04-01,0,0,0,0,0,0,0,0,0,0,0,0,0,0,0,0,0,0,0,0
Pakistan,2022-05-01,0,0,0,1,0,0,0,0,0,0,0,1,0,0,0,0,0,1,0,1
Pakistan,2022-06-01,0,0,1,0,0,0,0,0,0,0,0,0,0,0,1,0,0,0,0,0
Pakistan,2022-07-01,1,0,1,0,0,0,0,0,0,0,0,0,0,0,0,0,0,0,0,0
Pakistan,2022-08-01,1,0,0,0,0,0,0,1,1,0,0,0,0,0,0,0,0,0,0,0
Pakistan,2022-09-01,1,0,0,0,0,0,1,1,1,0,1,1,1,0,0,1,1,0,1,0
Pakistan,2022-10-01,0,0,0,0,0,0,0,0,0,0,0,0,0,0,0,0,0,0,0,0
Pakistan,2022-11-01,0,1,0,0,1,0,0,0,0,0,1,0,0,0,0,0,0,0,0,0
Pakistan,2022-12-01,0,0,0,0,0,0,0,0,0,0,0,0,1,0,1,0,0,0,0,0
Pakistan,2023-01-01,0,0,0,0,0,0,0,0,0,0,0,0,0,0,0,0,0,0,0,0
Pakistan,2023-02-01,0,0,0,0,0,0,0,0,0,0,0,0,0,0,0,0,0,1,0,0
Pakistan,2023-03-01,0,1,0,0,0,0,0,0,0,0,0,0,0,0,0,0,1,0,0,0
Pakistan,2023-04-01,0,0,0,0,0,0,0,0,0,0,0,0,0,0,0,0,0,0,0,0
Pakistan,2023-05-01,0,0,0,0,0,0,0,0,0,0,0,0,0,0,0,0,0,0,0,0
Pakistan,2023-06-01,0,0,0,0,0,0,0,0,0,0,0,0,0,0,0,0,0,0,0,0
Pakistan,2023-07-01,0,0,0,0,0,0,0,0,0,0,0,0,0,0,0,0,0,0,0,0
Pakistan,2023-08-01,0,0,0,0,0,0,0,0,0,0,0,0,0,0,0,0,0,0,0,0
Pakistan,2023-09-01,0,0,0,0,0,0,0,0,0,0,0,0,0,0,0,0,0,0,0,0
Pakistan,2023-10-01,0,0,0,0,0,0,0,0,0,0,0,0,0,1,0,0,0,0,0,0
Pakistan,2023-11-01,0,0,0,0,0,0,0,0,0,0,0,0,0,0,0,1,0,0,0,0
Pakistan,2023-12-01,0,0,0,0,0,0,0,0,0,0,0,0,0,0,0,0,0,0,0,0
Pakistan,2024-01-01,0,0,0,0,0,0,0,0,0,0,0,0,0,0,0,0,0,0,0,0
Pakistan,2024-02-01,0,0,0,0,0,0,0,0,0,0,0,0,0,0,0,0,0,0,0,0
Pakistan,2024-03-01,0,0,0,0,0,0,0,0,0,0,0,0,0,0,0,0,0,0,0,0
Pakistan,2024-04-01,0,0,0,1,0,0,0,0,0,0,0,0,0,0,0,0,0,0,0,0
Pakistan,2024-05-01,0,0,0,0,0,0,0,0,0,0,0,1,0,0,0,0,0,0,0,0
Pakistan,2024-06-01,0,0,0,0,0,0,0,0,0,0,0,0,0,0,1,0,0,0,0,0
Pakistan,2024-07-01,0,0,0,0,0,0,0,0,0,0,0,0,0,0,0,0,0,0,0,0
Pakistan,2024-08-01,0,0,0,0,0,1,0,0,0,0,0,0,0,0,0,0,0,0,0,0
Pakistan,2024-09-01,0,0,0,0,0,0,0,0,0,0,0,0,0,0,0,0,0,0,0,0
Pakistan,2024-10-01,0,0,0,0,0,1,0,0,0,0,0,0,0,0,0,0,0,1,0,0
Pakistan,2024-11-01,0,1,1,1,1,0,1,0,0,0,1,0,0,1,0,0,1,0,0,0
Pakistan,2024-12-01,0,0,0,0,0,0,0,0,0,0,0,0,0,0,0,0,0,0,0,0
Pakistan,2025-01-01,0,0,0,0,0,0,0,0,0,0,0,0,1,0,0,0,0,0,0,0
Pakistan,2025-02-01,0,0,0,0,0,0,0,0,0,0,0,0,0,0,0,0,0,0,0,0
Pakistan,2025-03-01,0,0,0,0,0,0,0,0,0,0,0,0,0,0,0,0,0,1,0,0
Pakistan,2025-04-01,0,0,0,0,1,0,1,0,1,0,1,1,0,0,0,1,0,0,0,0
Pakistan,2025-05-01,0,0,0,0,0,0,0,0,0,0,0,0,0,0,0,0,0,0,0,0
Pakistan,2025-06-01,1,0,0,0,0,0,0,1,0,0,1,0,0,0,0,0,0,0,0,0
Pakistan,2025-07-01,1,0,0,0,0,0,0,0,0,0,0,1,0,0,0,0,0,0,0,1
Pakistan,2025-08-01,1,0,0,0,0,0,0,1,1,0,0,0,0,0,0,0,0,0,1,0
Pakistan,2025-09-01,1,0,0,0,1,0,0,1,0,0,0,0,0,0,0,0,0,0,0,0
Pakistan,2025-10-01,0,0,0,0,0,0,0,0,1,0,0,0,0,0,0,0,0,0,0,0
Pakistan,2025-11-01,0,0,0,0,0,0,0,0,0,0,0,0,0,0,0,0,0,0,0,0
Pakistan,2025-12-01,0,0,0,0,0,0,0,0,0,0,0,0,0,0,0,0,0,0,0,0
Pakistan,2026-01-01,0,0,0,0,0,0,0,0,0,0,0,0,0,0,0,0,0,0,0,0
Mauritania,2012-01-01,0,0,1,0,0,0,0,0,0,0,0,1,0,0,0,0,0,1,0,0
Mauritania,2012-02-01,0,0,0,0,0,0,0,0,0,0,0,0,0,0,0,0,0,0,0,0
Mauritania,2012-03-01,0,0,0,0,0,0,0,1,0,0,0,1,0,0,0,0,0,0,0,0
Mauritania,2012-04-01,0,0,1,0,0,0,0,0,0,0,0,0,0,0,0,0,0,0,1,0
Mauritania,2012-05-01,0,0,0,0,0,0,0,0,0,0,0,0,0,0,0,0,0,0,0,0
Mauritania,2012-06-01,0,0,0,0,1,0,1,0,0,0,0,0,1,1,0,0,0,0,1,0
Mauritania,2012-07-01,1,0,0,0,0,0,0,0,0,0,0,1,0,0,0,0,0,0,0,0
Mauritania,2012-08-01,1,0,0,0,0,0,0,0,0,0,0,0,0,0,0,1,0,0,0,0
Mauritania,2012-09-01,0,0,0,0,0,0,0,0,0,0,0,0,0,0,0,0,0,0,0,0
Mauritania,2012-10-01,0,0,0,0,1,0,0,0,1,0,0,0,0,0,0,0,0,0,0,0
Mauritania,2012-11-01,0,0,0,0,0,0,0,0,0,0,0,0,0,1,0,0,0,0,0,0
Mauritania,2012-12-01,0,0,0,0,0,0,0,0,0,0,0,0,0,0,0,0,0,0,0,0
Mauritania,2013-01-01,0,0,0,0,0,0,0,0,0,0,0,0,0,0,1,0,0,0,0,0
Mauritania,2013-02-01,0,0,0,0,0,0,0,0,1,0,0,0,0,0,0,0,0,0,0,0
Mauritania,2013-03-01,0,0,0,0,0,0,0,0,0,0,0,0,0,0,0,0,0,0,0,0
Mauritania,2013-04-01,0,1,0,0,0,0,0,0,0,0,0,0,0,0,0,1,0,0,0,0
Mauritania,2013-05-01,0,0,0,0,0,0,0,1,0,0,0,0,0,0,0,0,0,0,0,0
Mauritania,2013-06-01,0,0,0,0,0,0,0,0,0,0,0,0,0,0,0,0,0,0,0,0
Mauritania,2013-07-01,0,0,0,0,0,0,0,0,0,0,0,1,0,0,0,0,0,0,0,0
Mauritania,2013-08-01,1,0,1,0,0,0,0,0,0,0,0,1,0,0,0,0,0,0,0,0
Mauritania,2013-09-01,1,0,0,0,0,0,1,0,0,0,1,0,0,1,0,0,0,0,0,0
Mauritania,2013-10-01,0,0,0,0,0,0,1,0,0,0,0,0,0,0,0,0,0,0,0,0
Mauritania,2013-11-01,0,0,0,0,0,0,0,0,0,0,0,0,0,0,0,0,0,0,0,0
Mauritania,2013-12-01,0,0,0,0,0,0,0,0,0,0,0,0,0,0,0,0,1,0,0,0
Mauritania,2014-01-01,0,0,0,0,0,0,0,0,0,0,0,0,0,0,0,0,0,0,0,0
Mauritania,2014-02-01,0,0,0,0,0,0,0,0,0,0,0,0,0,0,0,0,0,0,0,0
Mauritania,2014-03-01,0,0,0,0,1,0,0,0,0,0,0,0,0,0,0,0,0,0,0,0
Mauritania,2014-04-01,0,0,0,0,0,0,0,0,0,0,0,0,0,0,0,0,0,0,0,0
Mauritania,2014-05-01,0,0,0,0,0,0,0,0,0,0,0,0,0,0,0,0,0,0,0,0
Mauritania,2014-06-01,0,0,0,0,0,0,0,1,0,0,0,0,0,0,0,0,0,0,0,0
Mauritania,2014-07-01,0,0,0,0,0,0,0,0,0,0,0,1,0,0,0,0,0,0,0,0
Mauritania,2014-08-01,0,1,0,1,0,0,0,0,0,0,0,0,0,0,0,0,0,0,1,0
Mauritania,2014-09-01,0,0,0,0,0,0,0,0,0,1,0,0,0,0,0,0,0,0,0,0
Mauritania,2014-10-01,0,0,0,0,0,0,0,0,0,0,1,0,0,0,0,0,0,0,0,0
Mauritania,2014-11-01,0,0,1,0,0,0,0,0,0,0,0,0,0,0,0,0,1,0,0,0
Mauritania,2014-12-01,0,0,0,0,0,0,0,0,0,0,0,0,0,0,0,0,0,0,0,0
Mauritania,2015-01-01,0,0,0,0,0,0,0,0,1,0,0,0,0,0,0,0,0,0,0,0
Mauritania,2015-02-01,0,1,0,0,0,0,0,0,0,0,0,0,0,0,0,0,0,0,0,0
Mauritania,2015-03-01,0,0,0,0,0,0,0,0,0,0,0,0,0,1,0,0,0,0,0,0
Mauritania,2015-04-01,0,0,0,0,0,0,0,0,0,0,0,0,0,0,0,1,0,0,0,0
Mauritania,2015-05-01,0,0,0,0,0,0,1,0,0,1,0,0,0,0,0,0,0,0,0,0
Mauritania,2015-06-01,0,0,0,0,0,0,0,0,0,0,0,0,0,0,0,0,0,0,0,0
Mauritania,2015-07-01,0,0,0,0,0,0,0,0,0,0,0,0,0,1,0,0,0,0,0,0
Mauritania,2015-08-01,0,0,0,0,0,0,0,0,0,0,0,0,0,0,0,0,0,0,0,0
Mauritania,2015-09-01,1,0,0,0,0,0,0,0,0,0,0,0,0,0,0,0,0,0,0,0
Mauritania,2015-10-01,0,0,0,0,0,0,0,1,0,0,0,0,0,0,0,0,0,0,0,0
Mauritania,2015-11-01,0,0,0,0,0,1,0,0,0,1,0,0,0,0,1,0,0,0,0,0
Mauritania,2015-12-01,0,0,0,0,0,0,0,1,0,0,0,0,0,0,0,0,0,0,0,0
Mauritania,2016-01-01,0,0,0,0,1,0,1,0,0,0,0,0,0,0,0,0,1,0,0,0
Mauritania,2016-02-01,0,0,1,0,0,0,0,0,0,0,0,0,0,0,0,0,0,0,1,0
Mauritania,2016-03-01,0,0,1,1,0,0,0,0,0,0,0,0,0,1,0,0,0,0,1,0
Mauritania,2016-04-01,0,0,0,0,0,0,0,0,0,0,0,0,0,0,1,0,0,0,0,0
Mauritania,2016-05-01,0,0,0,0,0,0,0,0,0,0,0,0,0,0,0,0,0,0,0,0
Mauritania,2016-06-01,0,0,0,0,0,0,0,0,1,0,1,0,0,0,0,0,0,0,0,0
Mauritania,2016-07-01,0,0,0,0,0,0,0,0,0,0,1,1,0,0,0,0,0,0,0,0
Mauritania,2016-08-01,0,0,0,0,0,0,0,0,0,0,0,0,0,0,0,0,0,0,0,0
Mauritania,2016-09-01,0,0,0,0,0,0,0,0,0,0,0,0,0,0,0,0,0,0,0,0
Mauritania,2016-10-01,0,0,0,0,0,0,0,0,0,0,0,0,0,0,0,0,0,0,0,0
Mauritania,2016-11-01,0,0,0,0,0,0,1,0,0,0,0,0,0,0,0,0,0,0,0,0
Mauritania,2016-12-01,0,0,0,0,0,0,0,0,0,0,0,0,0,0,0,0,0,0,0,0
Mauritania,2017-01-01,0,1,0,0,1,0,0,0,0,0,0,0,0,0,0,0,0,0,0,0
Mauritania,2017-02-01,0,0,0,1,0,0,0,0,0,0,0,0,0,0,0,1,0,0,0,0
Mauritania,2017-03-01,0,0,0,0,0,0,0,1,0,0,0,0,0,0,0,1,1,0,0,0
Mauritania,2017-04-01,0,0,0,0,0,0,0,0,0,1,0,0,1,0,0,0,0,0,0,0
Mauritania,2017-05-01,0,0,0,0,0,0,0,0,0,0,0,0,0,0,0,1,0,0,0,0
Mauritania,2017-06-01,0,0,0,0,0,0,0,0,0,0,0,0,0,0,0,0,0,0,0,0
Mauritania,2017-07-01,0,0,0,0,0,0,0,0,0,0,0,0,0,0,0,0,0,0,0,0
Mauritania,2017-08-01,0,0,0,0,0,0,0,1,0,0,0,0,0,0,1,0,0,0,0,0
Mauritania,2017-09-01,1,0,0,0,0,0,0,0,0,0,0,0,0,0,0,0,0,0,1,0
Mauritania,2017-10-01,0,1,0,0,0,0,0,0,1,1,0,0,0,1,0,0,0,0,0,0
Mauritania,2017-11-01,0,0,0,0,0,0,0,0,0,0,0,0,0,0,0,0,1,0,0,0
Mauritania,2017-12-01,0,0,0,0,0,0,0,0,0,0,0,0,0,0,1,0,0,0,0,0
Mauritania,2018-01-01,0,0,0,0,0,0,0,0,0,0,0,0,0,0,0,0,1,0,1,0
Mauritania,2018-02-01,0,0,0,0,0,0,0,0,0,0,0,0,0,0,0,0,0,0,0,0
Mauritania,2018-03-01,0,0,0,0,0,0,0,0,0,0,0,0,0,0,0,0,0,0,1,0
Mauritania,2018-04-01,0,0,0,0,0,0,0,1,0,0,0,1,0,0,0,0,0,0,0,0
Mauritania,2018-05-01,0,0,0,0,0,0,0,1,0,0,1,0,0,0,0,0,0,0,0,0
Mauritania,2018-06-01,0,0,0,0,0,0,0,0,0,0,0,0,0,0,0,0,0,0,0,0
Mauritania,2018-07-01,0,0,0,0,0,0,0,0,0,0,0,0,0,0,0,0,0,0,0,0
Mauritania,2018-08-01,0,0,0,0,0,1,0,0,0,0,0,0,0,0,0,1,0,0,0,0
Mauritania,2018-09-01,0,0,0,0,0,0,0,0,0,0,0,0,0,0,0,0,0,0,0,0
Mauritania,2018-10-01,0,1,1,0,0,0,0,0,0,0,0,0,0,0,1,0,0,0,0,0
Mauritania,2018-11-01,0,0,0,0,0,0,0,0,0,0,0,0,0,1,0,0,0,0,0,0
Mauritania,2018-12-01,0,0,0,0,0,0,0,0,0,0,0,0,0,0,0,0,0,0,0,0
Mauritania,2019-01-01,0,0,0,0,0,0,0,0,0,0,0,0,0,0,0,0,0,0,0,0
Mauritania,2019-02-01,0,0,0,0,1,0,0,0,1,0,0,0,0,0,0,1,0,0,0,0
Mauritania,2019-03-01,0,0,0,0,0,0,0,0,0,0,0,0,0,0,0,0,0,0,0,0
Mauritania,2019-04-01,0,0,0,0,0,0,0,0,0,1,0,0,0,1,0,0,0,0,0,0
Mauritania,2019-05-01,0,0,0,0,0,0,0,0,0,0,0,0,0,0,0,0,0,0,0,0
Mauritania,2019-06-01,0,0,0,0,0,0,0,0,0,0,0,0,0,0,0,0,0,0,0,0
Mauritania,2019-07-01,0,0,0,0,0,0,0,0,0,0,0,0,0,0,0,0,1,0,0,0
Mauritania,2019-08-01,1,0,0,1,0,0,0,1,0,0,0,1,0,0,0,0,0,0,0,0
Mauritania,2019-09-01,1,0,0,1,0,0,0,1,0,0,0,0,0,0,0,0,0,0,1,1
Mauritania,2019-10-01,0,0,0,0,0,0,0,0,0,0,1,0,0,0,0,1,0,0,0,0
Mauritania,2019-11-01,0,0,0,0,0,0,0,0,0,0,0,0,0,0,0,0,0,0,0,0
Mauritania,2019-12-01,0,0,0,0,0,0,0,0,0,0,0,0,0,0,0,0,0,0,0,0
Mauritania,2020-01-01,0,1,0,0,0,0,0,0,0,0,0,0,0,0,0,0,0,0,0,0
Mauritania,2020-02-01,0,0,0,0,0,0,0,0,0,0,0,0,0,0,0,0,0,0,0,0
Mauritania,2020-03-01,0,0,0,0,0,0,0,0,0,0,0,0,1,0,0,0,0,0,0,0
Mauritania,2020-04-01,0,0,0,0,0,0,0,0,0,0,0,0,0,0,0,0,0,0,0,1
Mauritania,2020-05-01,0,0,0,0,0,0,0,0,0,0,0,0,0,0,0,0,0,0,0,0
Mauritania,2020-06-01,0,1,0,0,0,0,0,0,0,0,0,0,0,0,0,0,0,0,0,0
Mauritania,2020-07-01,0,0,0,0,0,0,0,0,0,0,0,0,0,0,0,0,0,0,0,0
Mauritania,2020-08-01,0,0,0,0,0,0,0,0,0,0,0,0,0,0,0,0,0,0,0,1
Mauritania,2020-09-01,1,0,0,1,0,0,0,1,0,0,0,0,0,0,0,0,0,0,0,0
Mauritania,2020-10-01,0,0,0,0,0,0,0,0,0,0,0,0,0,0,0,0,0,0,0,0
Mauritania,2020-11-01,0,0,0,0,0,0,0,0,0,1,0,0,0,0,0,0,0,0,0,0
Mauritania,2020-12-01,0,0,0,0,0,0,0,0,0,0,0,0,0,0,0,0,0,0,0,0
Mauritania,2021-01-01,0,0,0,0,0,0,0,0,0,0,0,0,0,0,1,0,0,0,0,0
Mauritania,2021-02-01,0,0,0,0,0,0,0,0,0,0,0,0,0,0,0,0,0,0,0,0
Mauritania,2021-03-01,0,0,0,0,0,0,0,0,0,0,0,0,0,1,0,1,0,0,1,0
Mauritania,2021-04-01,0,0,0,0,0,0,0,0,0,0,0,0,0,0,0,0,0,0,0,0
Mauritania,2021-05-01,0,0,0,0,0,0,0,0,0,0,0,0,0,0,0,0,0,0,0,0
Mauritania,2021-06-01,0,0,0,0,0,0,0,0,0,0,0,0,0,1,0,0,0,0,0,0
Mauritania,2021-07-01,0,0,0,0,0,0,0,0,0,0,1,0,0,0,0,0,0,0,0,0
Mauritania,2021-08-01,1,0,0,0,0,0,1,0,1,0,0,0,0,0,0,0,0,0,0,0
Mauritania,2021-09-01,0,1,0,1,0,0,0,0,0,0,0,0,0,0,1,0,0,0,0,0
Mauritania,2021-10-01,0,0,0,0,0,0,0,0,0,0,0,0,0,0,0,1,0,0,0,0
Mauritania,2021-11-01,0,0,0,0,0,0,0,0,0,0,0,0,0,0,0,0,0,0,0,0
Mauritania,2021-12-01,0,0,0,0,0,0,0,0,0,0,0,0,0,0,0,0,0,0,0,0
Mauritania,2022-01-01,0,0,0,0,0,0,0,0,0,0,0,0,0,0,0,0,0,0,0,0
Mauritania,2022-02-01,0,0,0,0,0,0,0,0,0,1,0,0,0,0,0,0,0,0,0,0
Mauritania,2022-03-01,0,0,0,1,0,0,0,0,0,0,0,0,0,0,0,0,0,0,0,0
Mauritania,2022-04-01,0,0,0,1,0,0,0,0,0,0,0,0,0,0,0,0,0,0,0,0
Mauritania,2022-05-01,0,0,0,0,0,0,0,0,0,0,0,1,0,0,0,0,1,1,0,1
Mauritania,2022-06-01,0,0,0,0,0,0,0,0,0,0,0,0,0,0,1,0,0,0,0,0
Mauritania,2022-07-01,0,0,0,0,0,0,0,0,0,0,0,0,0,0,0,0,0,0,0,0
Mauritania,2022-08-01,1,0,0,0,0,0,0,1,0,0,0,1,0,0,0,0,0,0,0,0
Mauritania,2022-09-01,1,0,0,0,1,0,0,0,1,0,0,0,0,0,0,0,0,0,0,0
Mauritania,2022-10-01,0,0,0,0,0,0,0,0,0,0,0,0,0,0,0,0,0,0,0,0
Mauritania,2022-11-01,0,0,1,0,1,0,0,0,0,0,1,0,0,0,0,1,0,0,0,0
Mauritania,2022-12-01,0,0,0,0,0,0,0,0,0,0,0,0,0,0,0,0,0,0,0,0
Mauritania,2023-01-01,0,0,0,0,0,0,0,0,0,0,0,0,0,1,0,0,0,0,0,0
Mauritania,2023-02-01,0,0,0,0,0,0,0,0,0,0,0,0,0,0,0,0,0,0,0,0
Mauritania,2023-03-01,0,0,0,0,0,0,1,0,0,0,0,0,1,0,0,0,0,0,0,0
Mauritania,2023-04-01,0,0,0,0,0,0,0,0,0,0,0,0,1,0,0,0,0,0,0,0
Mauritania,2023-05-01,0,0,0,0,0,0,0,0,0,0,0,0,0,0,0,0,0,0,0,0
Mauritania,2023-06-01,0,0,0,0,0,0,0,0,0,0,0,0,0,0,0,0,0,0,0,0
Mauritania,2023-07-01,0,0,0,0,0,0,0,0,0,0,0,0,0,0,0,0,0,0,0,0
Mauritania,2023-08-01,0,0,0,0,0,0,1,0,0,0,0,1,0,0,0,0,0,0,0,0
Mauritania,2023-09-01,1,0,1,1,0,0,0,0,1,0,0,0,0,0,0,0,0,0,0,0
Mauritania,2023-10-01,0,0,0,0,0,0,0,0,0,1,0,0,0,0,0,0,0,0,0,0
Mauritania,2023-11-01,0,0,0,0,0,0,0,0,0,0,0,0,0,0,0,0,1,0,0,0
Mauritania,2023-12-01,0,0,0,0,0,0,0,0,0,0,0,0,0,0,0,0,1,0,0,0
Mauritania,2024-01-01,0,0,0,0,0,0,0,0,0,0,0,0,0,0,0,0,0,0,0,0
Mauritania,2024-02-01,0,0,0,0,0,0,0,0,0,0,0,0,0,0,0,0,0,0,0,0
Mauritania,2024-03-01,0,0,0,0,0,0,0,0,0,0,0,0,0,0,0,0,0,0,0,0
Mauritania,2024-04-01,0,0,0,0,0,0,0,0,0,1,0,0,0,1,0,0,0,0,0,0
Mauritania,2024-05-01,0,0,0,0,0,0,0,0,0,0,0,0,0,0,0,0,0,0,0,0
Mauritania,2024-06-01,0,0,0,0,0,0,0,0,0,0,0,0,0,0,0,0,0,0,0,0
Mauritania,2024-07-01,0,0,0,0,0,0,0,0,0,0,0,0,0,0,1,0,0,0,0,0
Mauritania,2024-08-01,1,0,0,0,0,0,0,0,0,0,0,0,0,0,0,0,0,0,0,0
Mauritania,2024-09-01,0,0,0,0,0,0,0,0,0,0,1,0,0,0,1,0,0,0,0,0
Mauritania,2024-10-01,1,1,0,0,0,0,0,1,0,0,0,0,0,0,0,0,0,0,0,0
Mauritania,2024-11-01,0,0,0,0,0,0,1,0,0,0,1,0,0,0,0,0,0,0,0,0
Mauritania,2024-12-01,0,0,0,0,0,0,0,0,0,0,0,0,0,0,0,0,0,0,0,0
Mauritania,2025-01-01,0,1,0,0,0,0,0,0,0,0,0,0,0,0,0,0,0,0,0,0
Mauritania,2025-02-01,0,0,1,0,0,0,0,0,0,0,0,0,1,0,0,0,1,0,1,0
Mauritania,2025-03-01,0,0,0,1,0,0,0,0,0,0,0,0,0,0,0,0,0,0,1,0
Mauritania,2025-04-01,0,0,1,0,0,0,0,0,0,1,0,0,0,0,0,0,0,0,0,0
Mauritania,2025-05-01,0,0,0,0,0,0,0,0,0,0,0,0,0,0,0,1,0,0,0,0
Mauritania,2025-06-01,0,1,0,1,0,0,0,0,1,1,0,0,0,1,0,0,0,1,0,0
Mauritania,2025-07-01,0,0,0,0,0,1,0,0,0,0,1,0,1,0,0,0,0,0,0,0
Mauritania,2025-08-01,1,0,0,0,0,1,0,0,0,0,0,1,0,0,0,0,0,0,1,0
Mauritania,2025-09-01,0,0,0,0,0,0,0,0,0,0,0,0,0,0,0,0,1,0,0,0
Mauritania,2025-10-01,0,0,0,0,1,0,0,0,0,0,0,0,0,0,1,0,0,0,0,0
Mauritania,2025-11-01,0,0,0,0,0,0,0,0,0,1,0,0,0,1,0,0,0,0,0,0
Mauritania,2025-12-01,0,0,0,0,1,0,0,0,0,0,0,0,0,0,0,0,0,0,0,0
Mauritania,2026-01-01,0,0,0,0,0,0,0,0,0,0,0,0,0,0,0,0,0,0,0,0
Solomon Islands,2012-01-01,1,0,0,0,0,0,0,0,0,0,0,0,0,0,0,0,0,1,0,0
Solomon Islands,2012-02-01,0,0,0,0,0,0,0,0,0,0,0,0,0,0,0,0,0,0,0,0
Solomon Islands,2012-03-01,0,1,0,0,0,0,0,1,0,0,0,0,0,0,0,0,0,0,0,0
Solomon Islands,2012-04-01,0,0,0,0,0,0,0,0,0,0,1,0,0,0,0,0,0,0,0,0
Solomon Islands,2012-05-01,0,0,0,0,1,0,0,0,0,0,0,0,0,0,0,0,0,0,0,0
Solomon Islands,2012-06-01,0,1,0,0,0,0,0,0,0,0,1,1,0,0,0,0,0,0,0,0
Solomon Islands,2012-07-01,0,0,0,0,0,0,0,0,0,0,0,0,0,1,0,0,0,0,0,0
Solomon Islands,2012-08-01,0,0,0,0,0,0,0,0,0,0,0,0,0,0,0,0,0,0,0,0
Solomon Islands,2012-09-01,0,0,0,0,0,0,0,0,0,0,0,0,0,0,0,0,0,0,0,0
Solomon Islands,2012-10-01,0,0,0,0,0,0,0,0,0,0,0,0,0,0,0,0,1,0,0,0
Solomon Islands,2012-11-01,0,0,0,0,0,0,0,0,0,0,0,0,0,0,1,0,0,0,0,0
Solomon Islands,2012-12-01,0,0,0,0,0,0,0,0,0,0,0,0,0,0,0,0,0,0,0,0
Solomon Islands,2013-01-01,0,0,0,0,0,0,0,0,0,0,0,0,0,0,0,0,0,0,1,0
Solomon Islands,2013-02-01,1,0,0,0,0,0,0,0,0,0,0,0,0,0,0,0,0,0,0,0
Solomon Islands,2013-03-01,0,0,1,0,0,0,0,0,0,0,0,0,0,0,0,0,0,0,0,0
Solomon Islands,2013-04-01,0,0,0,0,0,0,0,0,0,0,0,0,0,0,0,0,0,0,0,0
Solomon Islands,2013-05-01,0,0,0,0,0,0,1,0,0,0,0,0,0,1,0,0,1,0,0,0
Solomon Islands,2013-06-01,0,0,0,0,0,0,0,0,0,0,0,0,0,0,0,0,0,0,0,0
Solomon Islands,2013-07-01,0,1,0,0,0,0,0,0,0,0,0,0,0,0,0,0,0,0,0,0
Solomon Islands,2013-08-01,0,0,0,0,0,0,0,0,0,0,0,0,0,0,0,0,0,0,0,0
Solomon Islands,2013-09-01,0,0,0,0,0,0,0,0,0,0,1,0,0,0,0,0,0,0,0,0
Solomon Islands,2013-10-01,0,0,0,0,0,0,0,1,0,0,0,0,0,0,0,0,0,0,0,0
Solomon Islands,2013-11-01,0,0,0,0,0,0,1,0,1,0,0,1,0,0,0,0,0,0,0,0
Solomon Islands,2013-12-01,0,0,0,0,0,0,0,0,0,0,0,0,0,0,0,0,0,0,0,0
Solomon Islands,2014-01-01,0,0,0,0,0,0,0,0,0,0,0,0,0,0,0,0,0,0,0,0
Solomon Islands,2014-02-01,0,0,0,0,0,0,0,0,0,0,0,0,0,0,0,0,0,0,0,0
Solomon Islands,2014-03-01,0,0,0,0,0,0,0,0,0,0,0,0,0,1,0,0,0,0,0,0
Solomon Islands,2014-04-01,1,0,0,0,0,0,0,0,0,0,0,0,0,0,0,0,0,0,1,0
Solomon Islands,2014-05-01,0,0,0,0,0,1,0,0,0,1,0,0,0,0,0,1,0,0,1,1
Solomon Islands,2014-06-01,0,0,1,0,0,0,0,0,0,1,0,0,0,0,0,1,1,0,0,0
Solomon Islands,2014-07-01,0,0,0,0,0,0,0,0,0,0,0,0,0,0,0,0,0,0,0,0
Solomon Islands,2014-08-01,0,0,0,0,0,0,0,0,0,0,0,0,1,0,0,1,0,0,0,1
Solomon Islands,2014-09-01,0,0,0,0,0,0,0,0,0,0,0,0,0,0,0,0,0,0,0,0
Solomon Islands,2014-10-01,0,0,1,0,0,0,0,0,0,0,0,0,0,0,0,1,0,0,0,0
Solomon Islands,2014-11-01,0,0,0,0,0,0,0,0,0,0,0,0,0,0,0,0,0,0,0,0
Solomon Islands,2014-12-01,0,0,0,0,0,0,0,0,0,0,0,0,0,0,1,0,0,0,0,0
Solomon Islands,2015-01-01,0,0,0,1,0,0,0,0,0,0,0,0,0,1,0,0,0,0,0,0
Solomon Islands,2015-02-01,0,0,0,0,0,0,0,0,0,1,0,0,0,0,0,0,0,0,0,0
Solomon Islands,2015-03-01,1,0,0,0,0,0,0,0,0,0,0,0,0,0,0,0,0,0,0,0
Solomon Islands,2015-04-01,0,0,0,0,0,0,0,0,0,0,0,0,0,0,0,0,0,0,0,0
Solomon Islands,2015-05-01,0,1,0,0,0,0,0,0,0,0,0,0,0,0,0,0,0,0,0,0
Solomon Islands,2015-06-01,0,0,0,0,0,0,0,0,0,0,0,0,0,0,1,0,0,0,0,0
Solomon Islands,2015-07-01,0,0,0,0,0,0,0,0,0,0,0,0,0,0,0,0,0,0,0,0
Solomon Islands,2015-08-01,0,0,0,0,0,0,0,0,0,0,0,0,0,0,0,0,0,0,0,0
Solomon Islands,2015-09-01,0,0,0,0,0,0,0,0,0,0,0,0,0,0,0,0,0,0,0,0
Solomon Islands,2015-10-01,0,0,0,0,0,0,0,0,0,0,0,0,0,0,0,0,0,0,1,0
Solomon Islands,2015-11-01,0,0,0,0,0,0,0,0,0,0,0,0,0,0,0,0,0,0,0,0
Solomon Islands,2015-12-01,0,0,0,0,1,0,0,1,1,0,1,1,0,0,0,0,0,0,0,0
Solomon Islands,2016-01-01,0,0,0,0,0,0,0,0,0,0,0,0,0,0,0,0,0,0,0,0
Solomon Islands,2016-02-01,0,0,0,0,0,0,0,0,0,0,0,0,0,0,0,0,0,0,0,0
Solomon Islands,2016-03-01,0,0,0,0,0,0,0,0,0,0,0,0,0,0,0,0,0,0,0,0
Solomon Islands,2016-04-01,0,0,0,0,0,0,0,0,0,0,0,0,0,1,0,0,0,0,0,0
Solomon Islands,2016-05-01,0,0,1,0,0,0,0,0,0,0,0,1,0,0,0,0,0,0,0,0
Solomon Islands,2016-06-01,0,0,0,1,0,0,0,0,0,0,0,0,0,0,0,0,0,0,0,0
Solomon Islands,2016-07-01,0,0,0,0,0,0,0,0,0,0,0,0,0,0,0,0,0,0,0,0
Solomon Islands,2016-08-01,0,0,0,0,0,1,0,0,0,0,0,0,0,0,0,0,0,0,0,0
Solomon Islands,2016-09-01,0,0,1,0,0,0,0,0,0,0,0,0,0,0,0,0,0,0,0,0
Solomon Islands,2016-10-01,0,0,0,0,0,0,0,0,0,0,0,0,0,0,0,0,0,0,0,0
Solomon Islands,2016-11-01,0,1,0,0,0,0,0,0,0,0,1,0,0,0,1,0,0,0,0,0
Solomon Islands,2016-12-01,1,0,0,0,0,0,0,0,0,0,0,0,0,0,0,0,0,0,0,0
Solomon Islands,2017-01-01,0,0,0,0,0,0,0,0,0,0,0,0,0,0,0,0,0,0,0,0
Solomon Islands,2017-02-01,0,0,0,0,0,0,0,0,1,0,0,0,0,0,0,0,0,0,0,0
Solomon Islands,2017-03-01,0,0,1,0,0,0,1,0,0,0,0,0,0,0,0,0,0,0,0,0
Solomon Islands,2017-04-01,0,0,0,0,0,0,0,0,0,0,0,0,0,0,0,1,0,0,0,0
Solomon Islands,2017-05-01,0,0,0,0,0,0,1,0,0,0,0,0,0,0,1,0,1,0,0,0
Solomon Islands,2017-06-01,0,0,0,0,0,0,0,0,0,1,0,1,0,0,0,0,0,0,0,0
Solomon Islands,2017-07-01,0,0,0,0,0,0,0,0,0,0,0,0,1,1,0,0,0,0,0,0
Solomon Islands,2017-08-01,0,0,0,0,0,0,0,0,0,0,0,0,0,0,0,0,0,0,0,0
Solomon Islands,2017-09-01,0,0,0,1,0,0,0,0,1,0,0,0,0,0,0,0,0,0,0,0
Solomon Islands,2017-10-01,0,0,0,0,0,0,0,0,0,0,0,0,0,0,0,0,0,0,0,0
Solomon Islands,2017-11-01,0,0,0,0,0,0,0,1,0,0,0,0,0,0,0,0,0,0,0,0
Solomon Islands,2017-12-01,0,0,0,0,1,0,0,0,0,0,1,0,0,0,0,0,0,0,0,0
Solomon Islands,2018-01-01,0,0,0,0,0,0,0,0,0,0,0,0,0,0,0,0,0,0,0,0
Solomon Islands,2018-02-01,1,0,0,0,0,1,0,0,0,0,0,0,0,1,0,0,0,0,0,0
Solomon Islands,2018-03-01,0,0,0,0,0,0,0,1,0,0,0,0,0,0,0,0,0,0,0,0
Solomon Islands,2018-04-01,0,1,0,0,0,0,0,0,0,0,0,0,0,0,0,1,0,0,0,0
Solomon Islands,2018-05-01,0,0,1,0,0,0,0,0,0,0,0,0,1,0,1,0,1,0,0,0
Solomon Islands,2018-06-01,0,0,0,0,0,0,0,0,0,0,0,0,0,0,0,0,0,0,0,0
Solomon Islands,2018-07-01,0,0,0,0,0,0,0,0,0,0,0,0,0,0,0,0,0,0,0,0
Solomon Islands,2018-08-01,1,0,0,0,0,0,0,0,0,0,0,0,1,0,0,0,0,0,0,0
Solomon Islands,2018-09-01,0,0,0,0,0,0,0,0,0,0,0,0,0,0,1,0,0,0,1,0
Solomon Islands,2018-10-01,0,0,0,0,0,0,0,0,0,0,0,1,0,0,0,0,0,0,0,0
Solomon Islands,2018-11-01,0,0,0,0,0,0,0,0,0,1,0,0,0,0,0,0,0,0,0,0
Solomon Islands,2018-12-01,0,0,1,0,0,0,0,0,1,1,1,0,1,0,0,0,0,0,0,0
Solomon Islands,2019-01-01,0,0,0,0,0,0,0,0,0,0,0,0,0,0,0,0,0,0,0,0
Solomon Islands,2019-02-01,0,0,0,0,0,0,0,0,0,0,0,0,0,0,0,0,0,0,0,0
Solomon Islands,2019-03-01,0,0,0,0,0,0,1,0,0,0,0,0,0,0,0,0,0,0,0,0
Solomon Islands,2019-04-01,0,0,0,0,0,0,0,0,0,0,0,0,0,0,0,0,0,0,0,0
Solomon Islands,2019-05-01,1,0,0,0,0,0,0,0,0,0,0,0,0,0,0,0,0,0,0,0
Solomon Islands,2019-06-01,0,0,0,0,0,0,0,0,0,0,0,0,0,0,0,0,0,0,0,0
Solomon Islands,2019-07-01,0,0,1,1,0,0,0,0,0,0,0,0,0,0,0,0,0,0,0,0
Solomon Islands,2019-08-01,0,1,0,0,0,0,0,0,0,0,1,0,0,0,0,0,0,0,0,0
Solomon Islands,2019-09-01,0,0,0,0,0,0,0,0,0,0,0,0,0,0,0,0,1,0,1,0
Solomon Islands,2019-10-01,0,0,0,0,0,0,0,0,0,0,0,0,0,0,0,0,0,0,0,0
Solomon Islands,2019-11-01,0,0,0,0,1,0,0,0,0,0,0,0,0,0,0,0,0,0,0,1
Solomon Islands,2019-12-01,0,0,0,0,0,0,0,0,0,0,0,0,0,0,0,0,0,0,0,0
Solomon Islands,2020-01-01,0,0,0,0,1,0,0,1,1,0,0,0,0,0,1,1,0,0,0,0
Solomon Islands,2020-02-01,0,0,0,0,0,0,0,0,0,0,0,0,0,1,0,0,0,0,0,0
Solomon Islands,2020-03-01,0,0,0,0,0,0,0,0,0,0,0,0,0,0,0,0,0,0,0,0
Solomon Islands,2020-04-01,1,0,0,0,0,0,0,0,0,0,0,0,0,0,0,0,0,0,0,0
Solomon Islands,2020-05-01,0,0,0,0,0,0,0,0,0,0,0,0,0,0,0,0,0,0,0,0
Solomon Islands,2020-06-01,0,0,0,0,0,0,0,0,0,0,0,0,0,0,0,0,0,0,0,0
Solomon Islands,2020-07-01,0,0,0,1,0,0,0,0,0,0,0,0,0,1,0,0,0,0,0,0
Solomon Islands,2020-08-01,0,0,0,0,0,0,0,0,0,0,0,0,0,0,0,0,0,0,0,0
Solomon Islands,2020-09-01,0,1,1,0,0,0,0,0,0,0,0,0,0,0,0,0,0,0,0,0
Solomon Islands,2020-10-01,0,0,0,1,0,0,0,0,0,0,0,0,0,0,0,0,0,0,0,0
Solomon Islands,2020-11-01,0,0,0,0,0,0,0,0,0,0,0,0,0,0,0,0,0,0,0,0
Solomon Islands,2020-12-01,1,0,0,0,0,0,0,0,0,0,0,1,0,0,0,1,0,0,0,0
Solomon Islands,2021-01-01,0,0,0,0,0,0,0,1,0,0,0,1,1,0,0,0,0,0,0,0
Solomon Islands,2021-02-01,0,0,0,1,0,0,1,0,0,0,0,0,0,0,0,0,1,0,0,0
Solomon Islands,2021-03-01,0,0,0,0,0,0,0,0,1,0,0,0,0,0,0,0,0,0,1,0
Solomon Islands,2021-04-01,0,0,1,0,0,0,0,0,0,0,0,0,0,0,0,0,0,0,0,0
Solomon Islands,2021-05-01,0,0,0,0,0,0,1,0,0,0,0,0,0,0,0,0,0,0,0,0
Solomon Islands,2021-06-01,0,0,0,1,0,0,1,0,1,0,0,0,0,0,1,0,1,0,1,0
Solomon Islands,2021-07-01,0,0,0,0,1,0,0,0,0,0,0,1,0,0,0,0,0,0,0,0
Solomon Islands,2021-08-01,0,0,0,0,0,0,0,1,0,0,0,0,0,0,0,0,0,1,0,0
Solomon Islands,2021-09-01,0,0,0,0,0,1,0,0,1,1,0,0,0,0,0,0,0,0,0,0
Solomon Islands,2021-10-01,0,0,1,0,0,0,0,0,0,1,1,0,0,0,0,0,0,0,0,0
Solomon Islands,2021-11-01,0,0,0,0,0,0,0,0,0,0,0,0,0,0,0,0,0,0,0,0
Solomon Islands,2021-12-01,0,0,0,0,0,0,0,0,0,0,0,0,0,0,0,0,0,0,0,0
Solomon Islands,2022-01-01,1,0,0,0,0,0,0,0,0,0,0,0,0,0,0,0,0,0,0,0
Solomon Islands,2022-02-01,0,0,0,0,0,0,0,0,0,0,0,0,0,0,0,0,0,0,0,0
Solomon Islands,2022-03-01,0,0,0,0,0,1,0,0,0,0,0,0,0,1,0,0,0,0,0,1
Solomon Islands,2022-04-01,0,0,0,0,0,0,0,0,0,0,0,0,1,0,0,0,0,0,0,0
Solomon Islands,2022-05-01,0,0,0,0,0,0,0,0,0,0,0,0,0,1,0,0,0,0,0,0
Solomon Islands,2022-06-01,0,0,0,0,0,0,0,0,0,0,0,0,0,0,0,0,0,0,0,0
Solomon Islands,2022-07-01,0,1,1,1,0,0,0,0,0,0,1,0,0,0,1,0,0,0,1,0
Solomon Islands,2022-08-01,0,0,0,0,0,0,0,0,0,0,0,0,0,0,0,0,0,0,0,0
Solomon Islands,2022-09-01,0,0,0,0,0,0,0,0,0,0,0,0,0,0,0,0,0,0,0,0
Solomon Islands,2022-10-01,0,0,0,0,0,0,0,0,0,0,0,0,0,1,0,0,0,0,1,0
Solomon Islands,2022-11-01,1,0,0,0,0,0,0,0,0,1,1,1,0,0,0,0,0,0,0,0
Solomon Islands,2022-12-01,0,0,0,0,0,1,0,0,0,0,0,0,0,0,0,0,0,0,0,0
Solomon Islands,2023-01-01,0,0,0,1,0,0,1,0,0,0,0,0,0,1,0,1,0,0,0,0
Solomon Islands,2023-02-01,0,0,0,0,0,0,0,0,0,0,0,0,0,0,0,0,0,0,0,0
Solomon Islands,2023-03-01,0,0,0,0,0,0,0,0,0,1,0,0,0,0,0,0,1,0,0,0
Solomon Islands,2023-04-01,0,0,0,0,0,0,0,0,0,1,0,0,0,0,0,0,1,0,0,0
Solomon Islands,2023-05-01,0,0,0,0,0,0,0,0,0,0,0,0,0,0,0,0,0,0,0,0
Solomon Islands,2023-06-01,0,0,0,0,0,0,0,0,0,0,0,0,0,0,0,0,0,0,0,0
Solomon Islands,2023-07-01,0,1,0,0,0,0,0,0,0,0,0,0,0,0,0,0,0,0,0,0
Solomon Islands,2023-08-01,0,0,0,0,0,0,0,0,0,0,0,0,1,0,0,1,0,0,1,0
Solomon Islands,2023-09-01,0,0,1,0,0,0,0,0,0,0,0,0,0,0,0,0,0,0,0,0
Solomon Islands,2023-10-01,0,0,1,0,0,0,0,0,0,0,0,0,0,0,0,0,0,0,0,0
Solomon Islands,2023-11-01,0,0,0,1,0,0,0,0,0,0,0,0,0,0,0,0,0,0,1,0
Solomon Islands,2023-12-01,0,0,0,0,1,0,0,1,0,0,1,0,1,0,0,0,0,0,0,0
Solomon Islands,2024-01-01,0,0,0,0,0,0,0,0,0,0,0,0,0,1,0,0,0,0,0,0
Solomon Islands,2024-02-01,0,0,0,0,0,0,0,0,0,0,0,0,0,0,0,0,0,0,0,0
Solomon Islands,2024-03-01,0,0,0,0,0,0,0,0,0,0,0,0,0,0,1,0,0,0,0,0
Solomon Islands,2024-04-01,0,0,0,0,0,0,0,0,0,0,0,0,0,0,0,0,0,0,0,0
Solomon Islands,2024-05-01,0,0,0,0,0,0,0,0,0,1,0,0,0,1,0,1,0,0,0,0
Solomon Islands,2024-06-01,0,0,0,0,0,0,0,0,0,0,0,0,0,0,0,0,0,0,0,0
Solomon Islands,2024-07-01,0,0,0,0,0,0,0,0,0,0,0,0,0,0,0,0,1,0,0,0
Solomon Islands,2024-08-01,0,0,0,0,0,0,0,0,0,0,0,1,0,0,0,0,0,0,0,0
Solomon Islands,2024-09-01,0,0,0,0,0,0,0,0,0,0,0,0,0,0,0,0,1,0,0,0
Solomon Islands,2024-10-01,0,0,1,0,0,0,0,0,0,0,0,0,0,0,0,0,0,0,0,0
Solomon Islands,2024-11-01,0,1,1,0,1,0,0,0,0,0,0,0,0,0,0,0,0,0,0,0
Solomon Islands,2024-12-01,1,0,0,0,0,0,0,0,0,1,0,1,0,1,0,1,0,0,0,0
Solomon Islands,2025-01-01,0,0,0,0,1,0,0,0,1,0,1,0,1,0,0,0,0,0,0,0
Solomon Islands,2025-02-01,0,0,0,0,0,0,1,0,1,0,1,0,0,0,0,0,0,0,0,0
Solomon Islands,2025-03-01,0,0,0,0,1,0,0,0,0,0,1,0,0,0,0,0,0,0,0,0
Solomon Islands,2025-04-01,0,0,0,0,1,0,0,0,0,0,0,0,0,0,1,0,0,0,0,0
Solomon Islands,2025-05-01,0,0,0,0,0,0,0,0,0,0,0,0,0,0,0,0,0,0,0,0
Solomon Islands,2025-06-01,0,1,0,0,0,0,0,0,0,0,1,0,0,0,0,0,0,0,0,0
Solomon Islands,2025-07-01,1,0,0,0,0,0,0,0,0,1,1,0,0,0,0,0,0,1,0,0
Solomon Islands,2025-08-01,0,0,0,0,0,0,0,0,0,0,0,0,0,0,0,0,0,0,0,0
Solomon Islands,2025-09-01,0,0,0,0,0,0,0,0,0,0,0,0,0,0,0,0,0,0,0,0
Solomon Islands,2025-10-01,0,0,0,0,0,0,0,0,0,0,0,0,0,0,0,0,0,0,0,0
Solomon Islands,2025-11-01,0,0,0,0,0,0,0,0,0,0,0,0,0,0,0,0,0,0,0,0
Solomon Islands,2025-12-01,0,0,0,0,0,0,0,0,0,0,0,0,0,0,0,0,0,0,0,0
Solomon Islands,2026-01-01,0,0,0,0,0,0,0,0,0,0,0,0,0,0,0,0,0,0,0,0
Burkina Faso,2012-01-01,0,0,0,0,0,0,0,0,0,0,1,0,0,0,0,0,0,0,0,0
Burkina Faso,2012-02-01,0,0,0,0,1,0,0,0,0,0,0,0,0,0,0,0,1,0,0,0
Burkina Faso,2012-03-01,0,0,0,0,1,0,0,1,0,0,0,1,0,0,0,0,0,0,0,1
Burkina Faso,2012-04-01,0,0,0,0,0,0,1,1,0,0,0,0,0,0,0,0,0,0,0,1
Burkina Faso,2012-05-01,0,0,0,0,0,0,1,0,0,0,0,0,1,0,0,0,0,0,0,0
Burkina Faso,2012-06-01,0,0,1,0,0,0,0,0,0,0,0,1,0,0,0,0,0,0,1,0
Burkina Faso,2012-07-01,0,0,0,0,0,0,1,0,0,0,0,0,0,0,0,0,0,0,0,0
Burkina Faso,2012-08-01,1,0,0,0,0,0,0,0,0,0,0,0,0,0,0,0,0,0,0,0
Burkina Faso,2012-09-01,0,0,0,0,0,0,0,0,1,1,0,0,0,0,0,0,0,0,0,0
Burkina Faso,2012-10-01,0,1,0,0,0,0,0,0,0,0,0,0,0,0,0,0,0,0,0,0
Burkina Faso,2012-11-01,0,0,0,0,0,0,0,0,0,0,0,0,0,0,0,0,0,0,0,0
Burkina Faso,2012-12-01,0,0,0,0,0,0,0,0,0,0,0,0,0,0,0,0,0,0,0,0
Burkina Faso,2013-01-01,0,1,1,0,0,0,0,0,0,0,0,0,1,0,1,0,1,0,0,0
Burkina Faso,2013-02-01,0,1,0,0,0,0,0,0,0,0,0,0,1,0,0,0,0,0,0,0
Burkina Faso,2013-03-01,0,0,0,0,0,0,0,0,0,0,0,0,0,1,0,0,0,0,0,0
Burkina Faso,2013-04-01,0,0,0,0,0,0,0,0,0,0,0,0,0,0,0,0,0,0,0,0
Burkina Faso,2013-05-01,0,0,1,0,0,0,0,1,0,0,0,0,0,0,0,0,0,0,0,0
Burkina Faso,2013-06-01,0,0,0,0,1,0,0,0,0,0,0,0,0,0,0,0,0,0,0,0
Burkina Faso,2013-07-01,0,0,0,0,0,0,0,0,0,0,0,0,0,0,0,0,0,0,0,0
Burkina Faso,2013-08-01,1,0,0,0,0,0,0,1,0,0,0,0,0,1,0,0,0,0,0,0
Burkina Faso,2013-09-01,0,0,0,0,0,0,0,0,0,0,0,1,0,0,0,0,0,0,0,0
Burkina Faso,2013-10-01,0,0,0,0,0,0,0,0,0,0,0,0,0,0,0,0,0,0,0,0
Burkina Faso,2013-11-01,0,0,0,0,0,0,1,0,0,0,0,0,0,0,0,1,0,0,0,1
Burkina Faso,2013-12-01,0,0,0,0,0,0,0,0,0,0,0,0,0,0,0,0,0,0,0,0
Burkina Faso,2014-01-01,0,0,1,0,0,0,0,0,0,0,0,0,0,0,0,0,0,0,0,0
Burkina Faso,2014-02-01,0,0,0,0,0,0,0,0,0,0,0,0,0,0,0,0,0,0,1,0
Burkina Faso,2014-03-01,0,0,0,0,0,0,0,0,0,0,0,0,0,0,0,0,0,0,0,0
Burkina Faso,2014-04-01,0,0,0,0,0,0,0,0,0,0,1,0,0,0,0,0,1,0,0,0
Burkina Faso,2014-05-01,0,0,0,0,0,0,0,0,0,1,0,0,0,0,1,0,1,0,0,0
Burkina Faso,2014-06-01,0,0,0,0,0,0,0,1,0,0,0,0,0,0,0,0,0,0,0,0
Burkina Faso,2014-07-01,0,0,0,0,0,0,0,0,1,0,0,0,0,0,0,0,0,0,1,0
Burkina Faso,2014-08-01,0,0,0,0,0,0,0,0,0,0,0,0,1,0,0,0,0,0,0,0
Burkina Faso,2014-09-01,0,1,0,0,0,0,0,0,0,0,0,0,0,1,0,0,0,0,0,0
Burkina Faso,2014-10-01,0,1,0,0,0,0,0,0,0,0,0,1,0,0,0,0,0,0,0,0
Burkina Faso,2014-11-01,0,0,0,0,0,0,0,0,0,0,0,0,0,0,0,0,0,0,0,0
Burkina Faso,2014-12-01,0,0,0,0,0,0,0,0,0,0,0,0,0,0,0,0,0,0,0,0
Burkina Faso,2015-01-01,0,0,0,0,0,0,0,0,0,0,0,0,0,0,0,0,0,0,0,0
Burkina Faso,2015-02-01,0,0,1,0,0,0,0,0,0,0,0,0,1,0,1,0,0,0,0,0
Burkina Faso,2015-03-01,0,0,0,0,0,0,1,0,0,0,0,0,0,1,0,0,0,0,0,0
Burkina Faso,2015-04-01,0,0,0,0,0,0,0,0,0,0,0,0,0,0,0,0,0,0,0,0
Burkina Faso,2015-05-01,0,0,0,0,0,0,0,0,0,0,0,0,0,0,0,0,0,0,0,1
Burkina Faso,2015-06-01,0,0,0,0,1,0,0,1,1,0,0,0,0,0,1,1,1,0,0,0
Burkina Faso,2015-07-01,1,0,0,0,0,0,0,0,0,0,0,0,0,0,0,0,0,0,0,0
Burkina Faso,2015-08-01,1,0,0,0,0,0,0,0,0,1,0,0,0,1,0,0,0,0,0,0
Burkina Faso,2015-09-01,0,0,0,0,0,0,0,0,0,0,0,0,0,0,0,0,0,0,0,0
Burkina Faso,2015-10-01,0,0,0,0,0,0,0,0,0,0,0,0,0,0,0,0,0,0,0,0
Burkina Faso,2015-11-01,0,0,0,0,0,1,0,0,0,0,1,0,0,0,0,0,0,0,0,0
Burkina Faso,2015-12-01,0,0,0,0,0,0,0,0,0,0,0,0,0,0,0,0,0,0,0,0
Burkina Faso,2016-01-01,0,0,0,0,0,0,0,0,0,0,0,0,0,0,0,0,0,0,0,0
Burkina Faso,2016-02-01,0,1,0,0,0,0,0,0,0,0,0,0,0,0,0,0,0,0,0,0
Burkina Faso,2016-03-01,0,1,0,0,0,0,0,0,0,0,0,0,0,0,0,0,0,0,0,0
Burkina Faso,2016-04-01,0,0,1,0,0,0,0,0,0,0,0,0,0,0,0,0,0,0,1,0
Burkina Faso,2016-05-01,0,0,0,0,0,0,0,0,0,0,0,1,0,0,0,0,0,0,0,0
Burkina Faso,2016-06-01,0,0,0,0,1,0,0,0,0,1,0,0,0,0,0,0,0,0,0,0
Burkina Faso,2016-07-01,1,0,0,0,0,0,1,1,1,0,1,0,1,0,0,1,0,0,0,0
Burkina Faso,2016-08-01,1,0,0,0,0,0,0,0,0,0,0,0,0,1,0,1,0,0,0,0
Burkina Faso,2016-09-01,0,0,0,0,0,0,0,0,0,0,0,0,0,0,0,0,1,0,0,1
Burkina Faso,2016-10-01,0,0,0,0,0,0,0,0,0,0,0,0,1,1,0,0,0,0,0,1
Burkina Faso,2016-11-01,0,0,0,0,0,0,0,0,0,0,0,0,0,0,0,0,1,0,0,0
Burkina Faso,2016-12-01,0,0,0,0,0,0,0,0,0,1,0,0,0,0,1,0,0,0,0,0
Burkina Faso,2017-01-01,0,0,0,0,0,0,0,0,0,0,0,0,0,0,0,0,0,0,0,0
Burkina Faso,2017-02-01,0,0,0,0,0,0,0,0,0,0,0,0,0,0,0,0,0,0,0,0
Burkina Faso,2017-03-01,0,0,0,0,0,0,0,0,0,0,0,0,0,0,0,0,0,0,0,0
Burkina Faso,2017-04-01,0,0,0,0,0,0,0,0,0,0,0,0,1,0,0,0,0,0,1,1
Burkina Faso,2017-05-01,0,0,0,0,0,0,0,0,0,0,0,0,0,0,0,0,0,0,0,0
Burkina Faso,2017-06-01,0,0,0,0,0,0,0,0,0,0,0,0,0,0,0,0,0,0,1,0
Burkina Faso,2017-07-01,0,0,0,0,0,0,0,0,0,0,0,0,0,0,0,0,0,0,0,0
Burkina Faso,2017-08-01,0,0,0,0,0,0,0,0,0,0,1,0,0,0,0,0,0,0,0,0
Burkina Faso,2017-09-01,0,0,0,0,0,0,1,0,0,0,0,0,0,0,0,0,0,0,0,0
Burkina Faso,2017-10-01,0,0,0,1,0,1,0,1,0,0,0,0,0,0,0,0,0,0,0,0
Burkina Faso,2017-11-01,0,0,0,0,1,0,0,0,0,0,0,0,0,1,0,0,0,0,0,0
Burkina Faso,2017-12-01,0,1,0,0,0,0,1,0,0,0,0,0,0,0,0,0,0,0,0,0
Burkina Faso,2018-01-01,0,0,0,0,0,0,0,0,0,0,0,0,0,0,0,0,1,0,0,0
Burkina Faso,2018-02-01,0,0,0,0,0,0,0,0,0,0,0,0,0,0,0,0,0,0,0,0
Burkina Faso,2018-03-01,0,0,0,0,0,0,0,0,0,0,0,0,0,0,0,0,0,1,0,0
Burkina Faso,2018-04-01,0,0,0,1,0,0,0,0,0,0,0,0,0,0,0,0,0,0,1,0
Burkina Faso,2018-05-01,0,0,0,0,0,0,0,0,0,0,0,0,0,0,0,0,0,0,0,0
Burkina Faso,2018-06-01,0,0,0,1,0,0,0,0,0,0,0,1,0,0,0,0,0,0,0,0
Burkina Faso,2018-07-01,1,0,0,0,0,0,0,0,0,0,0,0,0,0,0,0,0,0,0,0
Burkina Faso,2018-08-01,0,0,0,0,0,0,0,0,0,0,0,0,0,0,0,1,0,0,0,1
Burkina Faso,2018-09-01,0,0,0,0,1,0,0,0,0,0,1,0,0,0,0,1,0,0,0,0
Burkina Faso,2018-10-01,0,0,0,0,0,0,0,0,0,0,0,0,0,0,0,0,0,0,0,0
Burkina Faso,2018-11-01,0,0,0,0,0,0,0,0,0,0,0,0,0,0,0,0,0,0,1,0
Burkina Faso,2018-12-01,0,0,0,0,0,0,0,0,0,0,1,0,0,1,0,0,0,0,1,0
Burkina Faso,2019-01-01,0,0,0,0,0,0,0,0,0,0,0,0,0,0,0,0,0,0,0,0
Burkina Faso,2019-02-01,0,0,1,0,0,0,0,0,0,0,0,0,0,0,0,0,0,0,1,0
Burkina Faso,2019-03-01,0,0,0,0,0,0,0,0,0,0,0,0,0,0,0,0,0,0,0,0
Burkina Faso,2019-04-01,0,0,0,0,0,0,0,0,0,0,0,0,0,0,0,0,1,0,0,0
Burkina Faso,2019-05-01,0,0,0,0,0,0,1,0,0,1,0,0,1,0,0,0,0,0,1,0
Burkina Faso,2019-06-01,0,0,0,0,0,0,0,1,0,0,0,0,0,0,0,0,0,0,0,0
Burkina Faso,2019-07-01,0,1,0,0,1,0,0,0,0,0,0,0,0,0,0,0,0,0,0,0
Burkina Faso,2019-08-01,0,0,0,0,0,1,0,0,0,0,0,1,0,0,0,0,0,0,0,0
Burkina Faso,2019-09-01,0,0,0,0,0,0,0,0,0,0,0,0,0,0,0,0,0,0,0,0
Burkina Faso,2019-10-01,0,0,0,0,0,0,0,0,0,0,0,0,0,0,0,1,0,0,0,0
Burkina Faso,2019-11-01,0,0,0,0,0,0,1,0,1,0,0,0,0,0,0,0,0,1,0,1
Burkina Faso,2019-12-01,0,0,0,1,0,0,0,1,0,0,0,0,0,0,0,0,0,0,0,0
Burkina Faso,2020-01-01,0,0,0,0,0,0,0,0,0,0,0,0,0,0,0,0,0,0,0,0
Burkina Faso,2020-02-01,0,0,0,0,0,0,0,1,0,0,0,0,0,0,0,0,0,0,0,0
Burkina Faso,2020-03-01,0,0,0,0,0,0,0,0,0,0,0,0,0,0,0,0,0,0,0,0
Burkina Faso,2020-04-01,0,0,0,0,0,0,0,0,0,0,0,0,0,0,0,0,0,0,0,0
Burkina Faso,2020-05-01,0,0,0,0,0,0,0,0,0,0,0,0,0,0,0,0,0,0,1,0
Burkina Faso,2020-06-01,1,0,0,0,0,0,0,0,0,0,0,0,0,1,0,0,0,0,1,0
Burkina Faso,2020-07-01,0,0,0,0,0,0,0,0,0,0,0,0,0,0,1,0,0,0,1,0
Burkina Faso,2020-08-01,0,0,0,1,1,0,1,0,0,0,0,0,0,0,0,1,1,0,0,1
Burkina Faso,2020-09-01,1,0,0,0,0,0,0,0,1,0,0,0,0,0,0,0,0,0,0,0
Burkina Faso,2020-10-01,0,0,0,0,0,0,0,0,0,0,1,0,0,0,0,0,0,0,0,0
Burkina Faso,2020-11-01,0,0,0,0,0,0,0,0,0,0,1,0,0,0,0,0,0,0,0,0
Burkina Faso,2020-12-01,0,0,0,0,0,0,0,0,0,0,0,0,1,0,0,0,0,0,0,0
Burkina Faso,2021-01-01,0,0,0,1,0,0,0,1,0,0,0,1,0,0,0,0,0,0,0,0
Burkina Faso,2021-02-01,0,0,0,0,0,0,0,0,0,0,0,0,0,0,0,0,0,0,0,0
Burkina Faso,2021-03-01,0,1,1,0,1,0,0,0,0,0,0,0,0,0,0,0,1,0,0,0
Burkina Faso,2021-04-01,0,0,0,1,0,0,0,0,0,0,0,0,0,0,0,0,0,1,0,0
Burkina Faso,2021-05-01,0,1,1,1,0,0,0,0,0,1,0,0,0,0,0,0,0,0,0,0
Burkina Faso,2021-06-01,0,0,0,0,0,0,0,0,0,0,0,0,0,0,0,0,0,0,0,0
Burkina Faso,2021-07-01,0,0,0,0,0,0,0,0,0,0,0,0,0,0,0,0,0,0,1,0
Burkina Faso,2021-08-01,0,0,0,0,0,0,0,0,0,0,0,0,0,0,0,0,0,0,0,0
Burkina Faso,2021-09-01,0,0,0,0,0,1,0,0,0,0,0,0,0,0,0,0,0,0,0,1
Burkina Faso,2021-10-01,0,0,0,0,0,0,0,0,0,0,0,0,0,0,0,0,0,0,0,1
Burkina Faso,2021-11-01,0,0,0,0,0,0,0,0,0,0,0,0,0,0,0,0,0,0,0,0
Burkina Faso,2021-12-01,0,0,0,0,0,0,0,0,0,0,0,0,0,1,0,0,0,0,0,0
Burkina Faso,2022-01-01,0,0,0,0,0,0,0,0,0,0,0,0,0,0,0,0,0,0,0,0
Burkina Faso,2022-02-01,0,0,0,0,0,0,0,0,0,0,0,0,0,0,0,0,0,1,0,0
Burkina Faso,2022-03-01,0,0,0,0,0,0,0,0,0,0,0,0,0,0,0,0,0,0,0,0
Burkina Faso,2022-04-01,0,0,0,0,0,1,0,0,0,0,0,0,0,0,0,0,0,0,0,0
Burkina Faso,2022-05-01,1,0,0,0,0,0,1,0,0,0,0,1,1,0,0,0,0,0,0,0
Burkina Faso,2022-06-01,0,0,0,0,0,0,0,0,0,0,1,0,0,0,0,0,1,0,0,0
Burkina Faso,2022-07-01,0,0,0,0,0,0,0,1,0,0,0,0,0,0,0,0,0,0,0,0
Burkina Faso,2022-08-01,0,0,0,0,0,0,0,1,1,0,0,0,0,0,0,0,0,0,0,1
Burkina Faso,2022-09-01,0,0,0,1,0,0,0,0,0,0,0,1,0,0,1,0,0,0,0,0
Burkina Faso,2022-10-01,0,0,0,0,0,0,0,0,0,0,0,0,0,0,0,0,0,0,0,0
Burkina Faso,2022-11-01,0,0,0,0,0,0,0,0,0,0,0,0,0,0,0,0,0,0,0,0
Burkina Faso,2022-12-01,0,0,0,0,0,0,0,0,0,0,0,0,0,0,0,0,0,0,0,0
Burkina Faso,2023-01-01,0,0,0,0,0,0,0,0,0,0,0,0,0,0,0,0,0,0,0,0
Burkina Faso,2023-02-01,0,0,0,0,0,0,0,0,0,0,0,0,0,1,0,0,0,0,0,0
Burkina Faso,2023-03-01,0,0,0,1,0,0,0,0,0,1,0,0,0,1,0,1,0,0,1,0
Burkina Faso,2023-04-01,0,0,0,0,0,0,0,0,0,0,0,0,0,0,0,0,0,0,0,0
Burkina Faso,2023-05-01,0,0,0,0,0,0,0,0,0,0,0,0,0,0,0,0,0,0,0,0
Burkina Faso,2023-06-01,0,0,0,0,0,0,0,0,0,0,0,0,0,0,0,0,0,0,0,0
Burkina Faso,2023-07-01,0,0,0,0,0,0,0,0,0,0,0,0,0,0,0,1,0,0,1,0
Burkina Faso,2023-08-01,0,0,0,0,0,0,0,0,0,0,0,0,0,0,0,1,1,0,0,0
Burkina Faso,2023-09-01,0,0,0,0,0,0,0,0,0,0,0,0,0,0,0,0,0,0,0,0
Burkina Faso,2023-10-01,0,0,0,0,0,0,0,0,0,0,0,0,1,0,0,0,0,0,0,0
Burkina Faso,2023-11-01,0,0,0,0,0,0,0,0,0,1,0,0,0,0,0,0,0,0,0,0
Burkina Faso,2023-12-01,0,0,0,0,0,0,1,0,0,0,0,1,0,0,0,0,1,0,0,1
Burkina Faso,2024-01-01,0,0,0,0,0,0,0,0,0,0,0,0,0,0,0,0,0,0,0,0
Burkina Faso,2024-02-01,0,0,0,1,0,0,0,0,0,0,0,0,0,0,1,0,0,0,1,0
Burkina Faso,2024-03-01,0,0,0,0,0,0,0,0,0,0,0,0,0,0,0,0,0,0,0,0
Burkina Faso,2024-04-01,0,0,1,0,0,0,0,0,0,0,1,0,1,0,0,0,0,0,0,0
Burkina Faso,2024-05-01,0,0,0,0,0,0,0,0,0,0,0,0,0,0,0,0,0,0,0,0
Burkina Faso,2024-06-01,0,0,0,0,0,0,0,0,1,0,1,0,0,0,0,0,0,0,0,0
Burkina Faso,2024-07-01,0,1,0,0,0,0,0,0,0,0,0,0,0,1,0,0,0,0,1,0
Burkina Faso,2024-08-01,1,0,0,0,0,0,0,0,0,0,0,0,0,0,0,0,0,0,0,0
Burkina Faso,2024-09-01,1,0,0,0,1,0,0,0,0,0,0,1,0,0,0,0,0,0,0,0
Burkina Faso,2024-10-01,0,1,0,0,0,0,0,0,0,0,0,0,0,0,0,0,0,0,0,0
Burkina Faso,2024-11-01,0,0,0,0,1,0,0,0,0,0,1,0,0,0,0,0,0,0,0,0
Burkina Faso,2024-12-01,0,1,0,0,0,0,0,0,0,0,0,0,0,0,0,0,0,0,0,0
Burkina Faso,2025-01-01,0,0,0,1,0,1,0,0,0,0,0,0,1,1,0,0,0,0,0,0
Burkina Faso,2025-02-01,0,0,0,0,0,0,0,0,0,0,0,0,0,0,0,0,0,0,0,0
Burkina Faso,2025-03-01,0,0,0,0,0,0,0,0,0,0,0,0,0,0,0,0,1,0,0,1
Burkina Faso,2025-04-01,0,0,0,0,0,0,0,0,0,0,0,0,0,0,0,0,0,0,0,0
Burkina Faso,2025-05-01,0,0,0,0,0,0,0,0,0,1,0,0,0,0,0,0,0,0,0,0
Burkina Faso,2025-06-01,0,0,0,0,0,0,0,0,0,0,0,0,0,0,0,0,0,0,0,0
Burkina Faso,2025-07-01,0,0,0,0,0,0,0,0,0,0,0,0,0,0,0,0,0,0,0,0
Burkina Faso,2025-08-01,0,0,0,0,0,0,0,0,0,0,0,0,0,0,0,0,0,0,0,0
Burkina Faso,2025-09-01,0,0,0,0,0,0,0,0,0,0,0,0,0,0,0,0,0,0,0,0
Burkina Faso,2025-10-01,0,0,0,0,0,0,0,0,0,0,0,0,0,0,0,0,0,0,0,0
Burkina Faso,2025-11-01,0,0,0,0,0,0,0,0,0,0,0,0,0,0,0,0,0,0,0,0
Burkina Faso,2025-12-01,0,0,0,0,0,0,0,0,0,0,0,0,0,0,0,0,0,0,0,0
Burkina Faso,2026-01-01,0,0,0,0,0,0,0,0,0,0,0,0,0,0,0,0,0,0,0,0
Bangladesh,2012-01-01,0,0,0,0,0,0,0,0,0,1,0,0,0,1,0,0,0,0,1,1
Bangladesh,2012-02-01,0,0,0,0,0,1,0,0,0,0,1,0,0,0,0,0,0,0,0,1
Bangladesh,2012-03-01,0,0,0,0,0,0,0,0,0,1,0,0,0,0,0,0,0,0,0,0
Bangladesh,2012-04-01,0,0,0,1,0,0,1,0,0,0,0,0,1,0,0,0,0,0,0,0
Bangladesh,2012-05-01,0,0,1,0,0,0,0,0,0,0,0,0,0,0,1,0,0,0,0,0
Bangladesh,2012-06-01,1,0,1,0,0,0,0,1,0,0,0,1,1,0,1,0,0,0,0,1
Bangladesh,2012-07-01,0,1,0,0,1,1,0,0,1,0,0,0,0,0,1,1,0,0,0,0
Bangladesh,2012-08-01,0,0,0,0,0,0,0,0,0,0,0,0,0,0,0,0,0,1,0,0
Bangladesh,2012-09-01,0,0,0,0,0,1,0,0,0,0,0,0,0,0,1,0,0,0,1,0
Bangladesh,2012-10-01,0,0,0,0,1,0,0,0,0,0,0,0,0,0,0,0,0,0,0,0
Bangladesh,2012-11-01,0,0,0,0,0,0,0,0,0,0,0,0,0,0,0,0,1,1,0,0
Bangladesh,2012-12-01,0,0,0,0,0,0,0,0,0,0,0,0,0,1,0,0,0,0,0,0
Bangladesh,2013-01-01,0,0,0,1,0,0,0,0,0,0,0,0,0,0,0,0,0,0,0,0
Bangladesh,2013-02-01,0,0,1,0,0,0,0,0,0,0,0,0,0,0,0,0,0,0,0,0
Bangladesh,2013-03-01,0,1,0,0,0,0,1,0,0,0,0,0,0,1,0,0,0,0,0,0
Bangladesh,2013-04-01,0,1,0,1,0,1,0,0,0,0,0,0,0,0,0,0,0,0,0,0
Bangladesh,2013-05-01,1,0,0,0,0,0,0,1,0,0,0,1,0,0,0,0,0,0,0,0
Bangladesh,2013-06-01,0,0,0,0,0,0,0,0,0,0,0,0,0,0,0,0,0,0,0,0
Bangladesh,2013-07-01,0,0,0,0,0,0,0,0,0,0,0,1,0,0,0,0,0,0,0,0
Bangladesh,2013-08-01,0,0,0,0,0,0,0,0,0,0,0,0,0,0,0,0,0,0,0,1
Bangladesh,2013-09-01,0,0,0,0,0,0,0,0,0,0,0,0,0,0,0,0,0,0,1,0
Bangladesh,2013-10-01,0,0,0,0,0,0,0,0,0,0,0,0,1,0,0,0,0,0,0,0
Bangladesh,2013-11-01,0,0,0,0,0,0,0,0,0,0,0,0,0,0,0,0,0,0,0,0
Bangladesh,2013-12-01,0,0,0,0,0,0,0,0,0,0,0,0,0,0,0,0,0,0,0,0
Bangladesh,2014-01-01,0,0,0,0,0,0,0,0,0,0,0,0,0,0,0,0,0,0,0,0
Bangladesh,2014-02-01,0,0,0,0,0,0,0,0,0,0,0,0,0,0,0,0,1,0,0,0
Bangladesh,2014-03-01,0,0,0,0,0,0,0,0,0,0,0,0,0,0,0,1,0,1,0,0
Bangladesh,2014-04-01,0,0,0,0,0,0,0,0,0,0,0,0,0,0,0,0,0,0,0,0
Bangladesh,2014-05-01,0,0,0,0,0,0,0,0,0,0,0,0,0,0,1,0,0,0,0,0
Bangladesh,2014-06-01,0,0,1,0,0,0,0,0,0,1,0,0,0,0,0,0,0,0,0,0
Bangladesh,2014-07-01,0,0,0,0,0,0,0,0,0,0,0,0,0,0,0,0,1,0,0,0
Bangladesh,2014-08-01,1,0,0,0,0,0,0,0,0,0,0,1,0,0,0,0,0,0,0,0
Bangladesh,2014-09-01,1,0,0,0,0,0,0,0,0,0,0,0,0,0,0,0,0,0,0,0
Bangladesh,2014-10-01,0,0,0,0,0,1,0,0,0,0,0,0,0,0,0,0,0,0,0,0
Bangladesh,2014-11-01,0,0,0,0,0,0,0,0,0,0,0,0,0,0,0,0,1,0,0,0
Bangladesh,2014-12-01,0,0,0,0,0,0,1,0,0,0,0,0,0,1,0,0,0,0,0,0
Bangladesh,2015-01-01,0,0,0,0,0,0,0,0,0,0,0,0,0,0,0,0,0,0,0,0
Bangladesh,2015-02-01,0,0,0,0,0,0,0,0,0,0,0,0,0,0,0,0,0,0,0,0
Bangladesh,2015-03-01,0,0,0,0,0,0,0,0,0,0,0,0,0,0,0,0,0,0,0,0
Bangladesh,2015-04-01,1,0,0,0,0,0,0,0,0,0,0,0,0,0,1,0,0,0,0,1
Bangladesh,2015-05-01,0,0,0,1,0,1,0,0,0,0,0,0,0,0,0,0,0,0,0,0
Bangladesh,2015-06-01,0,0,0,0,1,0,0,0,0,0,1,0,0,0,1,0,0,0,0,0
Bangladesh,2015-07-01,0,0,0,0,0,0,0,0,0,0,0,0,0,0,0,0,0,0,0,0
Bangladesh,2015-08-01,0,0,0,0,0,0,0,0,1,1,0,0,0,0,0,0,0,1,0,0
Bangladesh,2015-09-01,0,0,0,0,0,0,0,0,0,0,0,0,0,0,0,0,0,0,0,0
Bangladesh,2015-10-01,0,0,0,0,0,0,0,0,0,0,0,0,0,0,0,0,0,0,0,0
Bangladesh,2015-11-01,0,0,0,0,0,0,0,0,0,0,0,0,0,0,0,1,0,0,0,0
Bangladesh,2015-12-01,0,0,0,0,0,0,0,1,0,0,0,0,0,0,0,0,0,0,0,0
Bangladesh,2016-01-01,0,0,0,0,0,0,0,0,0,1,0,0,0,0,0,0,1,0,0,0
Bangladesh,2016-02-01,0,0,0,0,0,0,0,0,0,0,0,0,0,0,0,0,0,0,0,0
Bangladesh,2016-03-01,0,0,0,0,0,0,0,0,0,0,0,0,0,0,0,0,0,0,0,0
Bangladesh,2016-04-01,0,1,0,0,0,0,0,0,0,0,0,0,1,0,0,0,0,0,0,0
Bangladesh,2016-05-01,0,0,0,0,0,0,0,0,0,0,0,0,0,0,1,0,0,0,0,0
Bangladesh,2016-06-01,0,0,0,0,0,0,0,0,0,0,0,0,0,0,0,1,0,0,0,0
Bangladesh,2016-07-01,1,0,0,1,0,0,0,0,1,0,0,0,0,0,0,0,0,0,0,0
Bangladesh,2016-08-01,1,0,0,0,0,0,0,0,0,0,0,1,0,0,0,0,0,0,0,0
Bangladesh,2016-09-01,0,0,0,0,0,0,0,0,0,0,0,0,0,0,0,0,0,0,0,0
Bangladesh,2016-10-01,0,1,1,0,0,0,0,0,0,0,1,0,0,0,0,0,0,0,0,0
Bangladesh,2016-11-01,0,1,0,0,1,0,0,0,0,0,1,0,0,0,0,0,0,0,0,0
Bangladesh,2016-12-01,0,0,0,0,0,0,0,0,0,0,0,0,0,0,0,0,0,0,0,0
Bangladesh,2017-01-01,0,0,0,0,0,0,0,0,0,0,0,0,0,0,0,0,0,0,0,0
Bangladesh,2017-02-01,0,0,0,0,0,0,0,0,0,0,0,0,0,0,0,0,1,0,0,0
Bangladesh,2017-03-01,0,0,0,0,0,0,0,0,0,0,0,0,0,0,0,0,0,0,0,0
Bangladesh,2017-04-01,0,0,0,1,0,1,1,0,0,0,0,0,0,0,0,0,0,0,1,0
Bangladesh,2017-05-01,0,0,0,0,0,0,0,1,0,0,0,0,1,0,0,0,0,0,0,0
Bangladesh,2017-06-01,0,0,0,0,1,0,0,0,0,0,0,0,0,0,0,0,0,0,0,0
Bangladesh,2017-07-01,0,0,1,0,0,0,0,0,0,0,0,1,0,0,0,0,0,0,0,1
Bangladesh,2017-08-01,1,0,0,0,0,0,0,0,1,0,0,1,0,0,0,0,1,0,0,0
Bangladesh,2017-09-01,0,0,0,0,0,0,0,1,1,0,0,0,0,0,0,0,0,0,0,0
Bangladesh,2017-10-01,0,0,0,0,0,0,1,1,0,0,0,0,0,0,0,0,0,1,0,0
Bangladesh,2017-11-01,0,0,0,0,0,0,0,0,0,0,0,0,0,0,0,1,0,0,0,0
Bangladesh,2017-12-01,0,0,0,0,0,0,0,0,0,0,0,0,0,0,0,0,0,0,0,0
Bangladesh,2018-01-01,0,0,0,0,0,0,0,0,0,0,0,0,0,0,0,0,0,0,1,0
Bangladesh,2018-02-01,0,0,0,0,0,0,0,0,0,0,0,0,0,0,0,0,0,0,0,0
Bangladesh,2018-03-01,0,0,0,0,0,0,0,0,0,0,0,0,0,0,0,0,0,0,0,0
Bangladesh,2018-04-01,0,0,0,0,0,0,0,0,0,0,0,0,0,0,0,0,0,0,0,0
Bangladesh,2018-05-01,0,0,0,0,0,0,0,0,0,0,0,0,0,0,1,0,0,0,0,1
Bangladesh,2018-06-01,0,0,0,0,1,0,1,0,0,0,0,0,0,0,1,1,1,0,1,0
Bangladesh,2018-07-01,0,0,0,0,0,0,0,0,0,0,0,0,0,1,1,0,0,0,0,0
Bangladesh,2018-08-01,0,0,0,0,0,0,0,0,0,0,0,0,1,0,0,0,0,0,0,0
Bangladesh,2018-09-01,0,0,0,0,0,0,0,0,0,0,0,0,0,0,0,0,0,0,0,0
Bangladesh,2018-10-01,0,0,0,0,0,0,0,0,0,0,0,0,0,0,0,0,1,0,0,0
Bangladesh,2018-11-01,0,1,0,0,0,1,0,0,0,0,0,0,0,0,0,0,0,1,0,0
Bangladesh,2018-12-01,0,0,0,0,0,0,0,0,0,0,0,0,0,0,0,0,0,0,0,0
Bangladesh,2019-01-01,0,0,0,0,0,0,0,0,0,0,0,0,0,0,0,0,0,0,0,0
Bangladesh,2019-02-01,0,0,0,0,0,0,0,0,0,1,0,0,0,0,0,0,0,0,0,0
Bangladesh,2019-03-01,0,0,0,1,0,0,0,0,0,0,0,0,0,0,0,0,0,0,1,0
Bangladesh,2019-04-01,0,1,0,1,0,0,0,0,0,0,0,0,0,0,0,0,0,0,0,0
Bangladesh,2019-05-01,0,0,0,0,0,0,0,0,0,0,0,0,0,0,0,0,0,0,0,0
Bangladesh,2019-06-01,0,1,0,0,0,0,0,0,0,0,0,0,0,0,0,0,0,0,0,0
Bangladesh,2019-07-01,1,0,0,1,0,0,0,1,1,0,1,1,0,0,0,0,1,0,0,0
Bangladesh,2019-08-01,0,0,0,0,0,0,0,0,0,0,0,0,0,0,0,0,0,0,0,1
Bangladesh,2019-09-01,0,0,0,0,0,0,0,0,0,0,1,0,0,0,0,1,0,0,0,0
Bangladesh,2019-10-01,0,0,0,0,0,0,0,0,0,0,0,0,0,0,0,0,0,1,0,0
Bangladesh,2019-11-01,0,0,0,0,0,0,0,0,0,0,0,0,0,1,0,0,0,0,0,0
Bangladesh,2019-12-01,0,0,0,0,0,0,0,0,0,0,0,0,0,0,0,0,0,0,0,0
Bangladesh,2020-01-01,0,0,0,0,0,0,0,0,0,1,0,0,0,0,0,0,0,0,0,0
Bangladesh,2020-02-01,0,0,0,0,0,0,0,0,0,0,0,0,0,0,0,0,0,0,0,0
Bangladesh,2020-03-01,0,0,0,0,0,0,0,0,0,0,0,0,0,0,0,0,0,0,0,0
Bangladesh,2020-04-01,0,0,0,0,0,0,0,0,0,0,0,0,0,0,0,0,0,0,0,0
Bangladesh,2020-05-01,0,0,0,0,0,0,0,1,0,0,0,0,0,0,0,0,0,0,0,0
Bangladesh,2020-06-01,0,0,0,0,0,0,0,0,0,0,0,0,0,0,0,0,0,0,0,0
Bangladesh,2020-07-01,1,0,0,0,0,0,0,1,1,0,0,1,0,0,0,0,0,0,0,0
Bangladesh,2020-08-01,1,0,0,1,0,0,1,0,1,0,0,1,0,0,0,0,0,0,0,0
Bangladesh,2020-09-01,0,0,0,0,0,1,0,0,0,0,0,0,0,0,0,0,0,0,0,0
Bangladesh,2020-10-01,0,0,0,0,0,0,0,0,0,0,0,0,0,0,0,0,0,0,0,0
Bangladesh,2020-11-01,0,0,1,0,0,0,0,0,0,0,0,0,0,0,0,0,0,0,1,0
Bangladesh,2020-12-01,0,0,0,1,0,0,0,0,0,0,0,0,0,0,0,0,0,0,0,0
Bangladesh,2021-01-01,0,1,0,0,0,0,0,0,0,0,0,0,0,0,0,0,0,1,0,0
Bangladesh,2021-02-01,0,0,0,0,0,0,0,0,0,0,0,0,0,0,0,0,0,0,0,0
Bangladesh,2021-03-01,0,0,0,0,0,0,0,0,0,0,0,0,0,0,0,0,1,0,0,1
Bangladesh,2021-04-01,0,0,0,0,0,0,0,0,0,0,0,0,0,0,0,0,0,0,0,0
Bangladesh,2021-05-01,0,0,0,0,0,0,0,0,0,1,0,0,0,0,0,1,0,0,0,0
Bangladesh,2021-06-01,0,0,0,0,1,0,0,0,0,0,0,0,0,0,1,0,0,0,0,0
Bangladesh,2021-07-01,0,0,0,0,0,0,0,0,0,0,0,0,0,0,0,0,0,0,0,0
Bangladesh,2021-08-01,0,0,0,0,0,0,0,0,0,0,0,0,0,0,0,0,0,0,0,1
Bangladesh,2021-09-01,0,1,0,0,0,0,0,0,0,0,0,0,0,0,1,0,0,0,0,0
Bangladesh,2021-10-01,0,0,0,0,0,0,0,0,0,0,0,0,0,0,0,0,0,0,0,0
Bangladesh,2021-11-01,0,1,0,0,1,0,0,0,0,1,1,0,0,0,0,0,0,0,0,0
Bangladesh,2021-12-01,0,0,0,0,0,0,0,0,0,0,0,0,0,0,0,0,0,0,0,0
Bangladesh,2022-01-01,0,0,0,0,0,0,0,0,0,0,0,0,1,0,0,0,0,0,0,0
Bangladesh,2022-02-01,0,0,0,1,0,1,0,0,0,0,0,0,0,0,1,0,0,0,0,0
Bangladesh,2022-03-01,0,0,0,0,0,0,0,0,0,0,0,0,0,0,0,0,0,0,0,0
Bangladesh,2022-04-01,0,0,0,0,0,0,1,0,0,0,0,0,0,0,0,0,0,0,0,0
Bangladesh,2022-05-01,0,0,0,0,0,0,0,0,0,0,0,0,0,0,0,0,0,0,0,0
Bangladesh,2022-06-01,1,0,0,0,0,0,1,1,1,0,0,1,0,0,0,0,0,0,0,0
Bangladesh,2022-07-01,1,0,0,0,0,0,0,0,1,0,0,0,0,0,0,0,1,0,0,0
Bangladesh,2022-08-01,0,0,0,0,0,0,0,0,0,0,0,0,0,0,0,0,0,0,1,0
Bangladesh,2022-09-01,0,0,0,0,0,0,0,0,0,1,0,0,0,0,0,0,0,0,0,0
Bangladesh,2022-10-01,0,0,0,0,0,0,0,0,0,0,0,0,0,0,0,0,0,0,0,0
Bangladesh,2022-11-01,0,0,0,0,0,0,0,0,0,0,0,0,0,0,1,0,0,0,0,0
Bangladesh,2022-12-01,0,1,0,0,0,0,0,0,0,0,0,0,0,0,0,0,0,0,0,0
Bangladesh,2023-01-01,0,0,0,0,0,0,1,0,0,0,0,0,0,0,0,0,0,0,0,0
Bangladesh,2023-02-01,0,0,0,0,0,1,0,0,0,0,0,0,0,0,0,0,0,0,0,1
Bangladesh,2023-03-01,0,0,1,0,0,0,0,0,0,0,0,0,0,0,0,0,0,0,0,0
Bangladesh,2023-04-01,0,0,0,0,0,0,0,0,0,0,0,0,0,0,0,0,0,0,0,0
Bangladesh,2023-05-01,0,0,0,1,0,1,0,1,0,0,0,0,0,0,0,0,0,0,0,0
Bangladesh,2023-06-01,0,0,0,0,1,1,0,0,0,0,0,0,0,0,0,0,0,0,0,0
Bangladesh,2023-07-01,0,0,0,0,0,0,0,0,0,0,0,0,0,0,0,0,0,0,0,0
Bangladesh,2023-08-01,0,0,0,0,0,0,0,0,0,0,0,0,0,0,0,0,0,0,0,0
Bangladesh,2023-09-01,0,0,0,0,0,0,0,0,0,0,0,0,0,1,0,0,0,0,1,0
Bangladesh,2023-10-01,0,0,0,0,0,0,0,0,0,0,0,0,0,0,0,0,0,0,0,0
Bangladesh,2023-11-01,0,0,0,0,0,0,0,0,0,0,0,0,0,0,0,0,0,0,0,0
Bangladesh,2023-12-01,0,0,0,0,0,0,0,0,0,0,0,0,0,0,0,1,0,0,0,0
Bangladesh,2024-01-01,0,0,0,0,0,0,0,0,0,0,0,0,0,0,0,0,0,0,0,0
Bangladesh,2024-02-01,0,0,0,0,0,0,0,0,0,0,0,0,0,0,0,0,0,1,0,1
Bangladesh,2024-03-01,0,1,0,1,0,0,0,0,0,0,0,0,0,0,0,0,0,0,0,0
Bangladesh,2024-04-01,0,0,0,0,0,0,0,0,0,0,0,1,0,0,0,1,0,0,0,0
Bangladesh,2024-05-01,1,0,0,0,0,0,1,0,0,0,1,0,0,0,0,0,1,0,0,0
Bangladesh,2024-06-01,0,0,1,0,1,0,1,0,0,0,0,1,0,0,0,0,1,1,0,0
Bangladesh,2024-07-01,0,1,0,0,0,0,0,0,0,0,0,1,0,0,0,0,0,0,0,0
Bangladesh,2024-08-01,1,0,0,0,0,0,0,1,1,0,0,0,0,0,0,0,0,0,0,0
Bangladesh,2024-09-01,1,0,0,0,0,0,0,0,1,0,0,0,0,0,0,0,0,0,1,0
Bangladesh,2024-10-01,0,0,0,0,0,0,0,1,0,0,1,0,0,0,0,0,0,0,1,0
Bangladesh,2024-11-01,0,0,0,0,0,0,0,0,0,0,0,0,0,1,0,0,0,0,0,0
Bangladesh,2024-12-01,0,0,0,0,0,0,1,0,0,0,0,0,0,0,0,0,0,0,0,0
Bangladesh,2025-01-01,0,0,1,0,0,0,0,0,0,1,0,0,0,0,0,0,0,0,0,0
Bangladesh,2025-02-01,0,0,0,0,0,0,0,0,0,0,0,0,0,0,1,0,0,0,0,0
Bangladesh,2025-03-01,0,0,0,0,0,0,0,0,0,0,0,0,0,0,0,0,0,0,0,0
Bangladesh,2025-04-01,0,1,0,1,0,0,0,0,0,0,0,0,0,0,0,1,0,0,0,0
Bangladesh,2025-05-01,0,0,0,0,0,0,0,0,0,0,0,0,0,0,0,0,0,0,0,1
Bangladesh,2025-06-01,0,0,1,0,1,0,0,0,0,0,1,0,1,0,0,1,1,0,0,0
Bangladesh,2025-07-01,0,0,0,0,0,0,0,0,0,0,0,0,0,0,0,0,0,0,0,0
Bangladesh,2025-08-01,0,0,0,0,0,0,0,0,0,0,0,0,0,0,0,0,0,0,0,0
Bangladesh,2025-09-01,0,0,0,0,0,1,0,0,0,0,0,0,0,0,0,0,0,0,0,0
Bangladesh,2025-10-01,0,0,0,0,0,0,0,0,0,0,0,0,0,0,0,0,0,1,0,0
Bangladesh,2025-11-01,0,1,0,0,0,1,0,0,1,0,0,0,1,0,0,0,0,0,0,1
Bangladesh,2025-12-01,0,0,0,0,0,0,0,0,0,0,0,0,0,0,0,0,0,0,0,0
Bangladesh,2026-01-01,0,0,0,0,0,0,0,0,0,0,0,0,0,0,0,0,0,0,0,0
Mali,2012-01-01,0,0,0,0,0,0,0,0,0,0,0,0,0,0,1,0,0,0,0,0
Mali,2012-02-01,0,1,1,0,0,0,0,1,1,0,1,1,0,0,0,0,0,0,0,0
Mali,2012-03-01,0,1,0,0,1,0,0,1,1,0,0,0,0,0,0,0,0,0,0,0
Mali,2012-04-01,0,0,0,0,0,0,0,0,0,0,0,0,0,0,0,0,0,0,0,0
Mali,2012-05-01,1,0,0,0,0,0,0,0,0,0,0,0,1,0,0,0,0,0,0,1
Mali,2012-06-01,0,0,0,0,0,0,0,0,0,0,0,0,0,0,0,0,1,0,0,0
Mali,2012-07-01,0,0,0,0,0,0,1,0,0,0,0,0,0,1,0,0,0,0,0,0
Mali,2012-08-01,0,0,0,0,0,0,0,0,0,0,0,0,0,0,0,0,0,0,0,1
Mali,2012-09-01,0,0,0,0,1,0,0,0,0,0,0,0,1,0,0,0,1,0,0,0
Mali,2012-10-01,0,0,0,0,0,0,0,0,0,0,0,0,0,0,0,1,0,0,0,0
Mali,2012-11-01,0,0,0,0,0,0,0,0,0,0,0,0,0,0,0,1,0,1,0,0
Mali,2012-12-01,0,0,0,0,0,0,0,0,0,0,0,0,0,0,0,0,0,0,0,0
Mali,2013-01-01,0,0,0,1,0,0,0,0,0,0,0,0,0,0,0,0,0,0,0,0
Mali,2013-02-01,0,0,0,0,0,0,0,0,0,0,0,0,0,0,0,0,0,0,0,0
Mali,2013-03-01,0,0,0,0,0,0,0,0,0,0,0,0,0,0,0,0,0,0,0,0
Mali,2013-04-01,0,0,1,0,0,0,0,0,0,0,0,0,0,0,0,0,0,0,0,0
Mali,2013-05-01,0,0,0,0,0,0,0,0,0,1,0,0,0,0,0,0,0,0,0,0
Mali,2013-06-01,0,0,0,0,0,0,0,0,0,0,0,0,0,0,0,0,0,0,0,0
Mali,2013-07-01,0,0,0,0,0,0,0,0,0,0,0,0,0,0,0,0,0,0,0,0
Mali,2013-08-01,1,0,0,0,0,0,0,0,0,0,0,0,0,0,0,0,0,0,0,0
Mali,2013-09-01,1,0,0,0,0,0,0,1,1,0,0,1,0,0,0,0,0,0,1,0
Mali,2013-10-01,0,0,0,0,0,0,1,0,0,0,0,0,0,1,1,0,0,0,0,0
Mali,2013-11-01,0,0,0,0,0,0,0,0,0,0,0,0,0,0,1,0,0,0,0,0
Mali,2013-12-01,0,0,0,0,0,0,0,0,0,0,0,0,0,1,0,0,1,0,1,0
Mali,2014-01-01,0,0,0,0,0,0,1,0,0,0,0,0,0,0,0,0,0,0,0,0
Mali,2014-02-01,0,0,0,1,0,0,0,0,0,1,0,0,1,0,0,0,0,1,0,1
Mali,2014-03-01,0,1,0,0,0,0,1,0,0,0,0,0,0,0,0,0,0,0,0,1
Mali,2014-04-01,0,0,0,0,0,0,0,0,0,0,1,0,0,0,0,0,0,0,1,0
Mali,2014-05-01,0,0,0,0,0,0,0,0,0,0,0,0,0,0,0,0,1,0,0,0
Mali,2014-06-01,0,0,0,0,0,0,0,0,1,0,1,0,0,0,0,1,0,0,0,0
Mali,2014-07-01,0,0,0,0,0,0,0,0,0,0,0,0,0,0,0,0,0,0,0,0
Mali,2014-08-01,0,1,0,0,1,0,0,0,0,0,0,0,1,0,0,0,0,0,0,0
Mali,2014-09-01,0,0,0,0,0,0,0,0,0,0,0,0,0,0,0,1,0,0,0,0
Mali,2014-10-01,0,0,0,0,0,0,0,0,0,0,0,0,0,0,0,0,0,0,0,0
Mali,2014-11-01,0,0,1,0,0,0,0,0,0,1,0,0,0,0,0,0,0,0,1,0
Mali,2014-12-01,0,0,0,0,0,0,0,0,0,0,1,0,0,0,0,0,0,0,0,0
Mali,2015-01-01,0,0,0,0,0,0,0,0,0,0,0,0,0,0,0,0,0,0,0,0
Mali,2015-02-01,0,1,0,0,0,0,0,0,0,0,0,0,0,0,0,0,0,0,0,0
Mali,2015-03-01,0,0,0,0,0,0,0,0,0,0,0,0,0,0,0,0,0,0,0,0
Mali,2015-04-01,0,0,0,0,0,0,0,0,0,0,0,0,0,1,0,0,0,0,0,0
Mali,2015-05-01,0,0,0,0,0,0,0,0,0,0,0,0,0,0,0,0,0,0,0,0
Mali,2015-06-01,0,0,0,0,0,0,0,0,0,0,0,0,0,0,0,0,0,0,1,1
Mali,2015-07-01,1,0,0,0,0,1,0,0,0,1,0,1,0,0,0,0,0,0,0,0
Mali,2015-08-01,0,0,0,0,0,0,0,0,0,0,0,0,0,0,1,0,0,1,0,0
Mali,2015-09-01,0,0,0,0,0,0,0,0,0,0,0,0,0,0,0,0,0,0,0,0
Mali,2015-10-01,0,0,0,0,0,0,0,0,0,0,0,0,0,1,0,0,1,0,0,0
Mali,2015-11-01,0,0,0,0,0,0,0,0,0,0,0,0,0,0,0,0,0,0,0,0
Mali,2015-12-01,0,0,0,0,0,0,0,0,0,0,0,0,1,0,0,0,0,0,0,0
Mali,2016-01-01,0,0,0,0,0,0,0,0,0,0,0,0,0,0,1,0,0,0,0,0
Mali,2016-02-01,0,1,0,1,0,0,0,0,0,0,0,0,0,0,0,0,0,0,0,0
Mali,2016-03-01,0,0,0,0,0,0,0,0,0,0,0,0,0,0,0,0,0,0,0,0
Mali,2016-04-01,0,0,0,0,0,0,0,0,0,0,0,0,0,0,0,0,0,0,1,0
Mali,2016-05-01,0,0,0,0,0,0,0,0,0,0,0,0,0,0,0,0,0,0,0,0
Mali,2016-06-01,0,0,0,0,0,1,0,0,1,0,1,1,0,0,0,0,0,1,0,0
Mali,2016-07-01,0,1,0,0,0,0,0,0,0,0,0,0,0,0,0,0,0,0,0,1
Mali,2016-08-01,1,0,1,0,1,0,0,1,0,0,0,0,0,0,0,1,0,0,0,0
Mali,2016-09-01,0,0,0,0,0,0,0,0,0,0,0,0,0,0,1,0,0,0,0,0
Mali,2016-10-01,0,0,0,0,0,0,0,0,0,0,0,0,0,0,0,0,0,0,0,0
Mali,2016-11-01,0,0,0,0,0,0,0,0,0,0,0,0,0,0,0,0,0,0,0,0
Mali,2016-12-01,0,0,0,0,0,0,0,0,0,0,0,0,0,0,0,0,0,0,0,0
Mali,2017-01-01,0,0,0,0,0,1,0,0,0,0,0,0,0,0,0,0,0,0,0,0
Mali,2017-02-01,0,0,0,0,0,0,0,0,0,0,0,0,0,0,0,0,0,0,0,0
Mali,2017-03-01,0,0,0,0,0,0,1,1,0,0,1,0,0,0,0,0,1,0,0,0
Mali,2017-04-01,0,0,0,0,0,0,0,0,0,1,0,0,0,0,0,0,0,0,0,0
Mali,2017-05-01,0,0,0,0,0,0,0,0,0,0,0,0,0,0,0,0,1,0,0,0
Mali,2017-06-01,0,0,0,0,1,0,0,0,0,0,0,0,0,0,0,0,0,0,0,0
Mali,2017-07-01,1,0,0,1,0,0,0,0,0,0,0,0,0,0,0,0,0,0,0,0
Mali,2017-08-01,0,0,0,0,0,0,0,0,1,0,1,0,0,0,0,1,0,0,0,0
Mali,2017-09-01,0,0,0,0,0,0,0,0,0,0,0,0,1,0,0,0,0,0,0,0
Mali,2017-10-01,0,1,0,0,0,0,1,0,0,0,0,0,0,0,0,0,0,0,1,0
Mali,2017-11-01,0,0,0,0,0,0,0,0,0,0,0,0,0,1,0,0,0,1,0,0
Mali,2017-12-01,0,0,0,0,1,0,0,0,0,0,0,0,0,0,0,0,0,0,0,1
Mali,2018-01-01,0,0,0,0,0,1,0,0,0,0,0,0,0,0,0,0,0,0,0,0
Mali,2018-02-01,0,0,0,0,0,0,0,0,0,0,0,0,0,0,0,0,0,0,0,0
Mali,2018-03-01,0,0,0,1,0,0,0,0,0,0,0,1,0,0,0,0,0,0,0,0
Mali,2018-04-01,0,1,0,0,0,0,0,0,0,0,0,0,0,0,0,0,0,0,0,0
Mali,2018-05-01,0,0,0,0,0,0,0,0,0,0,0,0,0,0,0,0,0,0,1,0
Mali,2018-06-01,0,0,0,0,0,0,0,0,0,0,0,0,0,0,0,0,0,0,0,0
Mali,2018-07-01,0,0,0,0,0,0,0,0,0,0,0,0,0,0,0,0,0,0,0,0
Mali,2018-08-01,0,0,0,0,0,0,0,0,0,0,0,0,0,0,0,0,0,0,0,0
Mali,2018-09-01,1,0,0,0,0,0,0,0,0,0,0,1,0,0,0,0,0,0,0,0
Mali,2018-10-01,0,0,0,0,0,0,0,0,0,0,1,0,0,0,0,0,0,0,0,0
Mali,2018-11-01,0,0,0,0,0,0,0,0,0,0,0,0,0,0,0,0,0,0,0,0
Mali,2018-12-01,0,0,0,0,0,0,0,0,0,0,0,1,0,0,0,0,0,0,0,0
Mali,2019-01-01,0,0,0,0,0,0,0,0,0,0,0,0,0,0,0,0,0,0,0,0
Mali,2019-02-01,0,0,0,0,0,0,0,0,0,0,0,0,1,0,0,0,0,0,0,0
Mali,2019-03-01,0,0,0,0,0,1,0,0,0,0,0,0,0,0,0,0,0,1,0,0
Mali,2019-04-01,0,0,0,0,0,0,0,0,0,0,0,0,0,0,0,0,1,0,0,1
Mali,2019-05-01,1,0,1,0,0,0,0,0,1,0,0,0,0,0,0,0,0,0,0,0
Mali,2019-06-01,0,0,1,1,1,0,1,0,0,1,1,0,0,1,0,0,1,0,0,0
Mali,2019-07-01,0,0,0,0,0,0,0,1,0,0,0,0,0,0,0,0,0,0,0,0
Mali,2019-08-01,0,0,0,0,0,0,0,0,1,0,0,0,0,0,1,1,0,0,0,0
Mali,2019-09-01,0,0,0,0,0,0,0,0,0,0,0,0,0,0,0,0,0,0,0,0
Mali,2019-10-01,0,0,0,0,0,0,0,0,0,0,0,0,0,0,0,1,0,0,0,0
Mali,2019-11-01,0,0,0,0,0,0,0,0,0,0,0,0,0,0,0,0,0,0,0,0
Mali,2019-12-01,0,0,0,0,0,0,0,0,0,0,0,0,0,0,0,0,0,0,0,0
Mali,2020-01-01,0,0,0,0,0,0,0,0,0,0,0,0,1,0,0,0,0,0,0,0
Mali,2020-02-01,0,1,0,0,0,0,0,0,0,0,0,0,0,0,0,0,0,0,0,0
Mali,2020-03-01,0,0,0,0,0,0,0,0,0,0,0,0,1,0,0,0,0,0,0,0
Mali,2020-04-01,0,0,0,0,0,0,0,0,0,0,0,1,0,0,0,0,0,0,0,1
Mali,2020-05-01,0,0,0,0,0,0,0,0,0,0,0,0,0,0,0,0,0,0,0,0
Mali,2020-06-01,0,0,0,0,0,0,0,0,0,0,0,0,0,0,0,0,0,0,1,0
Mali,2020-07-01,0,0,0,0,0,0,0,0,0,0,0,0,0,0,0,0,0,1,0,0
Mali,2020-08-01,0,0,0,0,0,0,0,0,0,0,0,0,0,0,0,0,0,0,0,0
Mali,2020-09-01,1,0,0,0,0,0,0,0,0,0,0,0,0,0,0,0,0,0,0,0
Mali,2020-10-01,0,0,0,0,0,1,0,0,0,0,0,0,0,0,0,0,0,0,0,0
Mali,2020-11-01,0,0,0,0,0,0,0,0,1,0,1,0,0,0,0,0,0,0,0,0
Mali,2020-12-01,0,0,1,1,0,0,1,0,0,0,0,0,0,0,0,0,0,0,0,0
Mali,2021-01-01,0,0,0,0,0,0,0,1,0,0,0,0,0,0,0,0,0,1,0,0
Mali,2021-02-01,0,0,0,0,0,0,0,0,0,1,0,0,0,0,1,0,0,0,0,0
Mali,2021-03-01,0,0,0,0,0,0,0,0,0,0,0,0,0,0,0,0,0,0,0,0
Mali,2021-04-01,0,0,0,0,1,0,0,0,0,0,0,0,1,1,0,0,0,0,0,1
Mali,2021-05-01,0,0,0,0,0,0,0,0,0,0,0,0,0,0,0,0,1,1,0,0
Mali,2021-06-01,0,0,1,0,1,0,1,0,0,0,1,0,1,0,0,0,0,0,0,0
Mali,2021-07-01,0,0,0,0,1,0,0,0,0,0,0,0,0,0,0,0,0,0,0,0
Mali,2021-08-01,0,0,0,0,0,0,0,0,0,0,0,0,0,0,0,0,0,0,0,0
Mali,2021-09-01,0,0,0,0,0,0,0,0,0,0,0,0,0,0,1,1,0,0,1,0
Mali,2021-10-01,0,1,0,0,0,0,0,1,0,0,0,0,0,0,0,0,0,0,0,0
Mali,2021-11-01,0,0,0,0,0,0,0,0,0,0,0,1,0,1,0,0,0,0,0,0
Mali,2021-12-01,0,0,0,0,0,0,0,0,0,0,0,0,0,0,0,0,0,0,0,0
Mali,2022-01-01,0,0,0,0,0,0,0,0,0,0,0,0,0,0,0,0,0,0,0,0
Mali,2022-02-01,0,0,0,0,0,0,0,0,0,0,0,0,0,0,0,0,0,0,0,0
Mali,2022-03-01,0,0,0,1,0,0,0,0,0,0,0,0,0,0,0,0,0,0,0,0
Mali,2022-04-01,0,1,0,0,0,0,0,0,0,0,0,0,0,0,0,0,0,0,0,0
Mali,2022-05-01,0,0,0,0,0,0,1,0,0,0,0,0,0,0,0,0,1,0,0,0
Mali,2022-06-01,0,0,0,0,0,0,0,0,0,0,0,0,0,0,0,0,0,0,0,0
Mali,2022-07-01,0,0,0,0,0,0,0,0,0,0,0,0,0,0,0,0,0,0,0,0
Mali,2022-08-01,0,0,0,0,0,0,0,1,0,0,0,0,0,0,0,0,0,0,0,0
Mali,2022-09-01,0,0,0,0,0,0,0,0,0,0,0,0,0,0,0,0,0,0,0,0
Mali,2022-10-01,0,0,0,0,0,0,0,0,0,0,0,0,1,0,0,0,0,0,0,1
Mali,2022-11-01,0,0,0,1,0,0,0,0,0,1,0,1,0,0,0,0,0,0,0,0
Mali,2022-12-01,1,0,1,0,1,0,1,0,1,1,0,0,0,0,1,0,0,0,0,0
Mali,2023-01-01,0,0,0,0,0,1,0,0,0,0,0,0,0,0,0,0,0,0,0,0
Mali,2023-02-01,0,0,0,0,0,0,0,0,0,0,0,0,0,0,0,1,0,0,0,0
Mali,2023-03-01,0,0,0,0,0,0,0,0,0,0,0,0,0,0,0,0,0,0,0,0
Mali,2023-04-01,0,0,0,0,0,0,0,0,0,0,0,0,0,0,0,0,0,0,0,0
Mali,2023-05-01,0,0,0,0,0,0,0,0,0,0,0,0,0,0,0,0,0,0,1,0
Mali,2023-06-01,0,0,0,0,0,0,0,0,0,0,0,0,0,0,0,0,1,0,0,1
Mali,2023-07-01,0,0,0,0,0,0,0,0,0,0,0,0,0,0,1,0,0,0,0,0
Mali,2023-08-01,0,0,0,0,0,0,0,0,0,0,0,0,0,0,0,0,0,0,0,0
Mali,2023-09-01,0,0,0,0,0,0,0,0,0,0,0,0,0,0,0,0,0,0,1,0
Mali,2023-10-01,0,0,0,0,0,0,0,0,0,0,0,0,0,0,0,0,0,0,0,0
Mali,2023-11-01,0,0,1,0,0,0,0,0,0,0,0,0,0,0,0,0,0,0,0,0
Mali,2023-12-01,0,0,0,1,0,0,0,1,0,0,0,0,0,0,1,0,0,0,0,0
Mali,2024-01-01,0,0,0,0,0,0,0,0,0,0,0,0,0,0,0,0,0,0,0,0
Mali,2024-02-01,0,0,0,0,0,0,0,0,0,0,0,0,0,0,0,0,0,0,0,0
Mali,2024-03-01,0,1,0,1,1,0,0,0,0,0,0,0,0,0,0,0,0,0,0,0
Mali,2024-04-01,0,0,0,0,0,1,0,0,0,0,1,1,0,0,0,0,0,1,0,0
Mali,2024-05-01,1,0,0,0,0,1,0,0,0,0,0,0,0,0,0,0,0,0,0,0
Mali,2024-06-01,0,0,0,0,1,0,0,0,0,0,0,0,0,1,0,1,1,0,1,0
Mali,2024-07-01,0,0,0,0,0,0,0,0,0,0,0,0,0,0,0,0,0,0,0,0
Mali,2024-08-01,1,0,0,0,0,0,0,0,0,0,0,0,0,0,0,1,0,0,0,0
Mali,2024-09-01,1,0,0,1,0,0,0,0,1,0,0,1,1,0,0,0,0,0,0,1
Mali,2024-10-01,0,0,0,0,1,0,0,0,1,1,0,0,0,0,0,0,0,0,0,0
Mali,2024-11-01,0,0,0,0,0,0,0,0,0,0,0,0,1,0,0,0,0,0,0,0
Mali,2024-12-01,0,0,0,0,0,0,1,0,0,0,0,0,0,0,0,0,0,0,0,0
Mali,2025-01-01,0,1,0,0,0,0,1,0,1,0,0,0,0,0,0,0,0,0,0,0
Mali,2025-02-01,0,0,1,0,0,0,0,0,0,0,0,0,0,0,1,0,0,0,1,0
Mali,2025-03-01,0,0,0,0,0,0,0,0,0,0,0,0,1,1,1,0,0,0,0,0
Mali,2025-04-01,0,0,0,0,0,0,1,0,0,0,0,0,0,0,0,0,1,0,0,0
Mali,2025-05-01,0,0,0,0,0,0,0,1,0,0,0,0,0,0,0,1,0,0,0,1
Mali,2025-06-01,0,1,0,0,0,0,0,0,0,0,0,0,0,0,1,0,0,0,0,0
Mali,2025-07-01,1,1,0,0,0,0,0,0,0,0,0,0,0,0,0,0,1,0,0,0
Mali,2025-08-01,0,0,0,0,0,1,0,0,0,0,0,0,0,0,0,0,0,0,0,0
Mali,2025-09-01,1,0,0,0,0,0,0,0,0,0,0,0,0,0,0,1,0,0,0,0
Mali,2025-10-01,0,0,0,0,0,0,0,0,0,0,0,0,0,0,0,0,0,0,0,0
Mali,2025-11-01,0,0,0,0,0,0,0,0,0,0,0,0,0,0,0,0,0,0,0,0
Mali,2025-12-01,0,0,0,0,0,0,0,0,0,0,0,0,0,0,0,0,0,0,0,0
Mali,2026-01-01,0,0,0,0,0,0,0,0,0,0,0,0,0,0,0,0,0,0,0,0
Serbia,2012-01-01,0,0,0,0,0,0,0,0,1,0,0,0,1,1,0,0,0,0,0,0
Serbia,2012-02-01,1,0,0,0,0,0,0,0,0,0,1,0,0,0,0,0,0,0,0,0
Serbia,2012-03-01,0,0,0,0,1,0,0,0,0,1,0,0,0,0,0,0,0,0,0,0
Serbia,2012-04-01,0,0,0,0,0,0,0,0,0,0,0,0,1,0,0,0,1,0,0,0
Serbia,2012-05-01,0,0,1,0,0,0,0,0,0,0,0,0,1,0,0,0,0,0,0,0
Serbia,2012-06-01,0,0,0,0,0,0,0,0,0,0,0,0,0,0,0,0,1,0,0,0
Serbia,2012-07-01,0,1,0,0,0,1,0,0,0,0,0,0,0,0,0,1,0,0,0,0
Serbia,2012-08-01,1,0,0,0,0,0,0,0,1,0,0,1,0,0,0,0,0,0,0,0
Serbia,2012-09-01,0,0,0,0,0,0,0,0,0,0,0,1,0,0,0,0,0,0,0,0
Serbia,2012-10-01,0,0,0,0,0,0,0,0,0,0,0,0,0,0,0,0,0,0,0,0
Serbia,2012-11-01,0,0,0,0,0,0,0,1,0,0,0,0,0,0,0,0,0,0,0,0
Serbia,2012-12-01,0,0,0,0,0,0,0,0,0,0,0,0,0,0,0,0,0,0,0,0
Serbia,2013-01-01,0,0,0,0,0,0,0,0,0,1,0,0,0,0,0,0,0,0,1,0
Serbia,2013-02-01,1,1,0,0,0,0,0,0,0,0,0,0,0,0,0,0,0,0,1,0
Serbia,2013-03-01,0,0,0,0,0,0,0,0,0,0,0,0,0,0,0,0,0,0,0,0
Serbia,2013-04-01,0,0,0,0,0,0,0,0,0,0,0,0,0,1,0,0,0,0,0,0
Serbia,2013-05-01,0,0,0,0,0,0,0,0,0,1,0,0,0,0,0,0,0,0,0,1
Serbia,2013-06-01,0,0,0,1,0,0,0,0,0,0,0,0,0,0,0,0,0,0,0,0
Serbia,2013-07-01,0,0,0,0,0,1,0,0,0,0,0,0,0,0,0,0,0,0,0,0
Serbia,2013-08-01,0,0,0,0,0,0,0,0,0,1,0,0,0,0,0,0,1,0,1,0
Serbia,2013-09-01,0,0,0,0,0,0,0,0,0,0,0,0,1,0,0,0,0,0,0,0
Serbia,2013-10-01,0,0,0,1,0,1,0,0,0,0,0,0,0,0,0,0,1,0,0,1
Serbia,2013-11-01,0,0,0,0,0,0,0,0,0,0,0,0,0,0,0,0,0,0,0,0
Serbia,2013-12-01,0,0,0,0,0,0,0,0,0,0,0,0,0,0,0,0,0,0,0,0
Serbia,2014-01-01,0,0,0,0,0,0,0,0,0,0,0,0,0,0,0,0,0,0,0,0
Serbia,2014-02-01,0,0,0,0,0,0,0,0,0,0,0,0,0,0,0,0,0,0,0,0
Serbia,2014-03-01,0,0,0,0,0,0,0,0,0,1,0,0,0,1,0,0,1,0,0,0
Serbia,2014-04-01,0,0,0,0,0,0,0,0,0,0,0,0,0,0,1,0,0,0,0,0
Serbia,2014-05-01,1,1,0,1,0,0,1,1,1,0,0,1,0,0,0,1,0,0,0,0
Serbia,2014-06-01,0,0,0,0,1,0,0,0,0,0,1,0,0,0,0,0,0,0,0,0
Serbia,2014-07-01,0,1,0,0,0,0,1,0,0,0,0,0,0,0,1,0,0,0,0,1
Serbia,2014-08-01,0,0,1,0,1,0,0,0,0,0,0,0,0,0,0,0,0,0,0,0
Serbia,2014-09-01,0,0,0,0,0,0,0,0,0,0,0,0,0,0,0,0,0,0,0,0
Serbia,2014-10-01,0,1,0,0,0,0,0,0,0,0,0,0,0,0,0,0,0,0,0,0
Serbia,2014-11-01,0,0,0,0,0,0,0,0,0,0,0,0,0,0,0,0,0,0,0,0
Serbia,2014-12-01,0,0,0,0,0,0,0,0,0,0,0,0,0,0,0,0,0,0,0,0
Serbia,2015-01-01,0,0,0,0,0,0,0,0,0,0,0,0,0,0,0,0,0,0,0,0
Serbia,2015-02-01,0,0,0,0,0,0,0,0,0,0,0,0,0,0,0,0,1,0,0,0
Serbia,2015-03-01,0,0,0,0,0,0,0,0,0,0,0,0,0,0,0,0,0,0,0,0
Serbia,2015-04-01,0,0,0,0,0,0,0,0,0,0,0,0,0,0,0,0,0,0,0,0
Serbia,2015-05-01,0,0,0,0,0,0,0,0,0,0,0,0,0,1,1,0,0,0,0,0
Serbia,2015-06-01,0,1,0,0,0,0,0,0,0,0,0,0,0,0,0,1,0,0,0,1
Serbia,2015-07-01,0,0,0,0,0,0,0,0,0,0,1,0,0,1,0,0,1,0,1,0
Serbia,2015-08-01,0,0,0,0,0,0,0,0,0,0,0,0,0,0,0,0,0,0,0,0
Serbia,2015-09-01,0,0,0,0,0,0,0,1,0,0,0,0,0,0,0,0,0,0,0,0
Serbia,2015-10-01,0,0,0,0,0,0,0,1,0,0,0,0,0,0,0,0,0,0,0,0
Serbia,2015-11-01,0,0,0,0,0,0,0,0,0,0,0,0,1,0,0,0,0,0,0,0
Serbia,2015-12-01,0,0,0,0,0,0,0,0,0,1,0,0,0,0,0,0,0,0,0,0
Serbia,2016-01-01,0,0,0,0,0,0,0,0,0,0,0,0,1,1,0,0,0,0,0,0
Serbia,2016-02-01,0,0,0,0,0,0,0,0,0,0,0,0,0,0,0,0,0,0,0,0
Serbia,2016-03-01,1,0,0,0,0,0,0,0,1,0,1,0,0,0,0,0,0,0,0,0
Serbia,2016-04-01,0,0,0,0,0,0,0,0,0,1,0,0,0,0,0,0,0,0,0,0
Serbia,2016-05-01,0,0,0,0,0,0,0,0,0,0,0,0,0,0,0,0,0,0,1,0
Serbia,2016-06-01,0,0,0,0,0,0,0,0,0,0,1,0,0,1,0,0,0,0,0,0
Serbia,2016-07-01,0,0,0,0,0,0,1,0,0,1,0,0,0,0,0,0,0,0,0,0
Serbia,2016-08-01,0,0,0,0,0,0,0,0,0,0,0,0,0,0,0,0,0,0,0,0
Serbia,2016-09-01,0,0,0,0,0,1,0,0,0,0,0,0,0,0,0,0,1,0,0,0
Serbia,2016-10-01,0,0,0,0,0,0,0,0,0,0,0,0,0,0,0,0,0,0,0,0
Serbia,2016-11-01,0,0,0,0,0,0,0,0,0,0,0,0,0,0,0,0,1,0,0,0
Serbia,2016-12-01,0,0,0,0,0,0,0,0,0,0,0,0,0,0,0,0,0,1,0,0
Serbia,2017-01-01,0,0,0,0,0,0,0,1,0,0,0,0,0,0,0,0,0,0,0,0
Serbia,2017-02-01,0,0,0,0,0,1,0,0,0,0,0,0,0,0,0,0,0,0,0,0
Serbia,2017-03-01,0,0,0,0,0,0,0,0,0,0,0,0,0,0,0,0,0,0,0,0
Serbia,2017-04-01,0,0,0,0,0,0,0,0,0,0,0,0,0,0,0,0,0,0,0,0
Serbia,2017-05-01,0,0,0,0,0,0,0,0,0,0,0,0,0,0,0,0,0,0,0,0
Serbia,2017-06-01,0,0,0,0,0,0,0,1,0,0,0,0,0,0,0,0,0,0,0,0
Serbia,2017-07-01,0,0,0,0,0,0,0,0,0,0,0,0,0,0,0,1,0,0,0,1
Serbia,2017-08-01,0,0,1,0,0,0,0,0,0,1,0,1,0,1,0,0,0,0,1,0
Serbia,2017-09-01,0,1,0,0,0,0,1,0,0,0,1,1,0,0,0,0,0,0,0,0
Serbia,2017-10-01,0,0,0,0,1,0,0,0,0,0,0,0,0,0,0,0,0,0,1,0
Serbia,2017-11-01,0,1,0,0,0,0,0,0,0,0,0,0,0,0,1,0,0,0,0,0
Serbia,2017-12-01,0,0,0,0,0,1,0,0,0,0,0,0,0,0,0,0,0,0,0,0
Serbia,2018-01-01,0,0,0,0,0,0,0,0,0,0,0,0,0,0,0,0,0,0,0,0
Serbia,2018-02-01,0,0,0,0,0,0,0,0,0,0,0,0,0,0,0,0,0,0,0,0
Serbia,2018-03-01,1,0,0,0,0,0,0,0,0,0,0,0,0,0,0,0,0,0,0,0
Serbia,2018-04-01,0,0,0,0,0,0,0,0,0,0,0,0,1,0,0,0,0,1,0,0
Serbia,2018-05-01,0,0,0,0,0,0,0,0,0,0,0,0,0,0,0,0,0,0,0,0
Serbia,2018-06-01,0,0,0,0,0,0,0,0,0,1,0,0,0,0,0,0,0,0,0,0
Serbia,2018-07-01,0,0,0,0,0,1,0,0,0,0,0,0,0,0,0,0,0,1,0,0
Serbia,2018-08-01,0,0,0,0,0,1,0,0,0,0,0,0,1,0,0,0,0,0,0,0
Serbia,2018-09-01,0,0,0,0,0,0,0,0,0,0,0,0,0,0,0,0,0,0,0,0
Serbia,2018-10-01,0,0,1,0,0,0,0,0,0,0,0,0,0,0,1,0,0,0,0,0
Serbia,2018-11-01,0,0,0,0,0,0,0,0,0,0,0,0,0,0,0,0,1,0,0,0
Serbia,2018-12-01,0,0,0,0,0,0,0,0,0,0,0,0,0,0,0,0,0,0,0,0
Serbia,2019-01-01,0,0,0,0,0,1,0,0,0,0,0,0,0,0,0,0,0,0,0,0
Serbia,2019-02-01,0,0,0,0,0,0,0,0,0,0,0,0,0,0,0,0,0,0,0,0
Serbia,2019-03-01,0,0,0,0,0,0,0,0,0,0,0,0,0,0,0,1,0,0,0,0
Serbia,2019-04-01,0,0,0,0,0,0,0,0,0,0,0,0,0,0,0,0,0,0,0,0
Serbia,2019-05-01,0,0,0,1,0,0,0,0,0,0,0,0,1,0,0,0,0,0,0,1
Serbia,2019-06-01,1,0,0,1,0,0,0,1,1,0,0,0,0,0,0,0,0,0,0,0
Serbia,2019-07-01,0,0,0,0,0,0,0,0,0,1,0,0,0,0,0,1,0,0,1,0
Serbia,2019-08-01,0,0,0,0,0,0,0,0,0,0,0,1,1,0,0,0,0,0,0,0
Serbia,2019-09-01,0,0,0,0,0,0,0,0,0,0,0,0,0,1,0,0,0,0,0,0
Serbia,2019-10-01,0,0,0,0,0,1,0,0,0,0,0,0,0,0,0,0,0,0,0,0
Serbia,2019-11-01,0,0,0,0,0,0,0,0,0,0,0,0,0,0,0,0,1,0,0,0
Serbia,2019-12-01,0,0,0,0,0,0,0,0,0,0,0,0,0,0,0,0,1,0,0,0
Serbia,2020-01-01,0,1,1,0,1,0,1,0,1,1,1,0,1,0,1,1,0,0,1,0
Serbia,2020-02-01,0,0,1,0,0,0,0,0,0,0,0,0,0,0,0,0,1,0,1,0
Serbia,2020-03-01,0,0,0,0,0,1,0,0,0,0,0,0,0,0,0,0,0,0,0,0
Serbia,2020-04-01,0,0,0,0,0,0,0,0,0,0,0,0,0,0,0,0,0,0,0,0
Serbia,2020-05-01,0,0,0,0,0,0,0,0,0,0,0,0,0,0,0,0,0,0,0,0
Serbia,2020-06-01,0,0,0,0,0,0,0,0,0,0,0,0,0,0,0,0,0,0,0,0
Serbia,2020-07-01,0,0,0,0,0,0,0,0,0,0,0,0,0,0,0,0,0,1,0,0
Serbia,2020-08-01,0,0,0,0,0,0,0,0,0,0,0,0,0,0,0,0,0,0,0,0
Serbia,2020-09-01,0,0,0,0,0,0,0,0,0,0,0,0,0,0,0,0,0,0,0,0
Serbia,2020-10-01,0,0,0,0,0,0,0,0,0,0,0,0,0,0,0,0,0,0,0,0
Serbia,2020-11-01,0,0,0,0,0,0,0,0,0,0,0,0,0,0,0,0,0,0,0,0
Serbia,2020-12-01,0,0,0,0,0,0,0,0,0,0,0,0,0,0,0,0,0,0,0,0
Serbia,2021-01-01,1,0,0,0,0,0,0,1,0,0,0,0,0,1,0,0,0,0,0,0
Serbia,2021-02-01,0,0,0,0,0,0,0,0,0,0,0,0,0,0,0,0,0,0,0,0
Serbia,2021-03-01,0,1,0,0,0,0,0,0,0,1,0,0,0,0,0,0,0,0,0,0
Serbia,2021-04-01,0,0,0,0,0,0,0,0,0,0,0,0,0,0,0,0,0,0,0,0
Serbia,2021-05-01,0,0,0,0,0,1,0,0,0,0,0,0,1,0,0,0,0,0,0,0
Serbia,2021-06-01,0,0,0,1,0,0,0,0,0,0,0,0,0,0,0,0,0,0,0,0
Serbia,2021-07-01,0,0,0,0,1,0,0,0,0,0,0,0,0,0,1,0,0,0,0,1
Serbia,2021-08-01,0,0,0,0,0,0,1,0,1,0,0,0,1,0,0,0,0,0,0,1
Serbia,2021-09-01,0,0,0,1,0,0,0,0,0,0,0,0,0,0,0,0,0,0,1,0
Serbia,2021-10-01,0,0,0,0,0,1,0,0,0,0,0,0,0,0,0,0,0,0,0,0
Serbia,2021-11-01,0,0,1,0,0,0,0,0,0,0,0,0,0,0,0,1,0,0,0,0
Serbia,2021-12-01,0,0,0,0,0,0,0,0,0,0,0,0,0,0,0,1,0,0,1,0
Serbia,2022-01-01,0,0,0,0,0,0,0,0,0,0,0,0,0,0,1,0,0,0,1,0
Serbia,2022-02-01,0,0,0,0,0,0,0,0,0,0,0,0,0,0,0,1,0,0,0,0
Serbia,2022-03-01,0,0,0,0,0,1,0,0,0,0,0,0,0,0,0,0,0,1,0,0
Serbia,2022-04-01,0,0,0,0,0,0,0,0,0,0,0,0,0,0,0,0,0,0,0,0
Serbia,2022-05-01,0,0,0,0,0,0,0,1,0,0,0,0,0,0,0,0,0,0,0,0
Serbia,2022-06-01,0,0,0,0,0,0,0,0,0,1,0,0,0,1,0,0,0,0,0,0
Serbia,2022-07-01,0,0,0,0,0,0,0,0,1,0,0,1,0,0,0,0,0,0,0,0
Serbia,2022-08-01,0,0,0,1,0,0,0,0,0,0,0,1,1,0,0,0,0,0,0,0
Serbia,2022-09-01,0,0,0,0,0,0,0,0,0,0,0,0,0,1,0,0,0,0,0,0
Serbia,2022-10-01,0,0,0,0,0,0,0,0,0,0,0,0,0,0,0,0,0,0,0,0
Serbia,2022-11-01,0,0,0,0,0,0,0,0,0,0,1,0,0,0,0,0,0,0,0,0
Serbia,2022-12-01,0,0,1,0,0,0,0,0,0,0,0,0,0,0,0,0,0,0,0,0
Serbia,2023-01-01,0,0,0,1,0,0,0,1,0,0,1,0,0,0,0,0,0,0,0,0
Serbia,2023-02-01,1,0,0,0,0,0,0,0,0,0,0,0,0,0,0,0,0,0,0,0
Serbia,2023-03-01,0,0,0,0,0,1,0,0,0,0,0,0,0,0,1,0,0,0,0,0
Serbia,2023-04-01,0,0,0,0,0,0,0,0,0,0,0,0,0,0,1,0,0,0,0,0
Serbia,2023-05-01,0,0,0,0,0,0,0,0,0,0,0,0,0,0,0,0,0,0,0,0
Serbia,2023-06-01,0,0,0,0,0,0,0,1,0,0,0,0,0,0,0,0,1,0,0,0
Serbia,2023-07-01,0,0,0,0,0,0,0,0,0,0,0,0,0,0,0,0,0,0,0,0
Serbia,2023-08-01,0,0,0,0,0,1,0,1,0,0,0,0,0,0,0,0,0,0,0,0
Serbia,2023-09-01,0,0,0,0,0,0,0,0,0,0,0,0,0,0,0,0,0,0,0,0
Serbia,2023-10-01,0,0,0,0,0,0,0,0,0,0,0,0,0,0,0,0,0,0,0,0
Serbia,2023-11-01,0,1,0,0,0,0,0,0,0,0,0,0,0,0,0,0,0,0,0,0
Serbia,2023-12-01,0,0,0,0,0,0,0,0,0,0,0,0,0,0,0,0,0,0,0,0
Serbia,2024-01-01,0,0,0,0,0,0,0,0,0,0,0,0,0,0,0,0,0,0,0,0
Serbia,2024-02-01,0,0,0,0,0,0,0,0,0,0,0,0,1,0,0,0,1,0,0,1
Serbia,2024-03-01,0,0,1,0,0,0,0,0,0,0,0,0,0,0,0,0,0,0,0,0
Serbia,2024-04-01,0,0,0,0,0,0,0,0,0,0,0,0,0,0,0,0,0,0,0,1
Serbia,2024-05-01,1,0,0,0,0,0,0,0,0,0,0,0,0,0,0,0,0,0,0,0
Serbia,2024-06-01,1,0,0,0,0,0,0,0,0,0,0,0,0,0,0,0,0,0,0,0
Serbia,2024-07-01,0,1,0,0,1,0,0,0,1,0,1,1,0,0,0,0,0,0,1,0
Serbia,2024-08-01,0,0,1,1,0,1,1,0,1,1,1,1,0,1,0,1,0,0,1,1
Serbia,2024-09-01,0,0,0,0,0,0,1,0,0,1,0,0,1,0,0,1,0,1,0,0
Serbia,2024-10-01,0,0,0,0,1,0,0,1,1,0,0,0,0,0,1,0,0,0,0,0
Serbia,2024-11-01,0,0,0,0,0,0,0,0,0,0,0,0,0,0,1,0,0,0,0,0
Serbia,2024-12-01,0,0,0,0,0,0,0,0,0,0,0,0,0,0,0,0,0,0,0,0
Serbia,2025-01-01,0,0,0,0,0,0,0,0,0,0,0,0,0,0,0,0,0,0,0,0
Serbia,2025-02-01,0,0,0,0,0,0,0,0,0,0,0,0,0,0,0,0,0,0,0,0
Serbia,2025-03-01,0,0,0,0,0,0,0,1,0,0,0,0,0,0,0,0,0,0,0,0
Serbia,2025-04-01,0,0,0,0,0,0,0,0,0,0,0,0,0,0,0,0,0,0,0,0
Serbia,2025-05-01,0,0,0,0,0,0,0,0,0,0,0,0,0,0,0,0,1,0,0,0
Serbia,2025-06-01,0,0,0,0,0,0,0,0,0,0,0,0,0,0,0,0,0,0,0,0
Serbia,2025-07-01,1,0,0,0,0,0,0,0,0,0,0,0,0,0,0,0,0,0,0,1
Serbia,2025-08-01,0,1,1,0,0,0,0,0,0,0,0,0,0,1,0,0,0,0,0,0
Serbia,2025-09-01,0,0,0,0,0,0,0,0,0,0,0,0,0,0,0,0,0,0,0,0
Serbia,2025-10-01,0,0,0,0,0,0,0,0,0,0,0,0,0,0,0,0,0,0,0,0
Serbia,2025-11-01,0,0,0,0,0,0,0,0,0,0,1,0,0,0,0,0,0,0,0,0
Serbia,2025-12-01,0,0,0,0,0,0,0,0,0,0,0,0,0,0,0,0,0,0,0,0
Serbia,2026-01-01,0,0,0,0,0,0,0,0,0,0,0,0,0,0,0,0,0,0,0,0
South Africa,2012-01-01,1,0,0,0,0,0,0,0,0,0,0,1,0,0,0,0,0,0,0,0
South Africa,2012-02-01,0,0,0,0,0,1,1,0,0,1,0,1,0,0,0,0,0,0,0,0
South Africa,2012-03-01,0,0,0,0,0,0,0,0,0,0,0,0,0,1,0,0,0,0,0,0
South Africa,2012-04-01,0,0,0,0,0,0,0,0,0,0,0,0,1,0,0,0,0,1,0,0
South Africa,2012-05-01,0,0,0,0,0,0,0,0,0,0,0,0,0,0,0,1,0,0,0,0
South Africa,2012-06-01,0,0,0,0,0,0,0,0,0,0,0,0,0,0,0,0,0,0,0,0
South Africa,2012-07-01,0,1,0,0,0,0,0,0,0,0,0,0,0,0,0,0,0,0,0,0
South Africa,2012-08-01,0,0,0,0,0,0,0,0,0,0,0,0,1,0,0,0,0,1,1,1
South Africa,2012-09-01,0,0,0,0,0,0,1,0,0,0,0,0,0,0,0,0,0,0,1,1
South Africa,2012-10-01,0,0,0,0,0,0,0,0,0,0,0,0,0,0,0,0,0,0,0,0
South Africa,2012-11-01,0,1,0,0,0,0,0,0,0,0,0,0,0,0,0,0,0,0,0,0
South Africa,2012-12-01,0,0,0,1,0,1,0,1,0,0,0,0,0,1,0,0,0,0,0,0
South Africa,2013-01-01,1,0,0,0,0,0,0,1,1,0,0,0,0,0,0,0,0,0,0,0
South Africa,2013-02-01,0,0,0,0,0,0,0,0,1,0,0,0,0,0,0,0,0,0,0,0
South Africa,2013-03-01,0,0,1,0,1,0,0,0,0,0,0,1,0,0,0,0,0,0,0,0
South Africa,2013-04-01,0,0,0,0,0,0,0,0,0,0,0,0,0,0,1,0,1,0,0,0
South Africa,2013-05-01,0,0,0,0,0,0,0,0,0,0,0,0,0,0,0,0,0,0,0,0
South Africa,2013-06-01,0,0,0,0,0,0,0,0,0,0,1,1,0,0,0,0,0,0,0,0
South Africa,2013-07-01,0,0,0,0,0,0,0,0,0,0,0,0,0,0,0,0,1,0,0,0
South Africa,2013-08-01,0,0,0,0,0,0,1,0,0,0,0,0,0,0,0,0,0,0,0,0
South Africa,2013-09-01,0,0,0,0,0,0,0,0,0,0,0,0,0,0,0,0,0,1,0,0
South Africa,2013-10-01,0,0,0,0,0,0,0,0,0,0,1,0,0,0,1,0,1,0,0,0
South Africa,2013-11-01,0,0,0,0,0,0,0,0,0,0,0,0,0,0,0,0,0,0,0,0
South Africa,2013-12-01,0,0,0,0,0,0,0,0,0,0,0,0,0,0,0,0,0,0,0,0
South Africa,2014-01-01,0,0,0,0,0,0,0,0,0,0,0,0,0,0,0,1,0,1,0,0
South Africa,2014-02-01,0,0,0,0,0,1,1,0,0,0,0,0,1,1,0,0,0,0,0,0
South Africa,2014-03-01,1,0,1,0,0,0,0,0,0,0,0,0,0,0,0,0,0,0,1,0
South Africa,2014-04-01,0,0,0,0,0,0,0,0,0,0,0,0,0,0,0,0,0,0,1,0
South Africa,2014-05-01,0,0,0,0,0,0,0,0,0,0,0,0,0,0,0,0,0,0,0,0
South Africa,2014-06-01,0,0,0,0,0,0,0,0,0,0,0,0,0,0,0,0,0,0,0,0
South Africa,2014-07-01,0,0,0,0,0,0,0,0,0,1,0,0,0,0,0,0,0,0,0,0
South Africa,2014-08-01,0,1,0,0,0,0,0,1,0,0,0,0,0,0,0,0,0,0,0,0
South Africa,2014-09-01,0,0,0,1,0,0,0,0,0,0,0,1,0,0,0,0,0,0,0,0
South Africa,2014-10-01,0,0,0,0,0,0,0,0,0,0,0,0,0,0,0,0,0,0,0,0
South Africa,2014-11-01,0,0,0,0,0,0,0,0,1,0,0,0,0,0,0,0,0,0,0,0
South Africa,2014-12-01,0,0,0,0,0,0,0,1,0,0,0,0,1,0,0,0,0,0,0,0
South Africa,2015-01-01,0,0,0,0,0,0,0,0,0,0,0,0,0,0,0,0,0,0,0,0
South Africa,2015-02-01,0,0,0,0,0,0,0,0,0,0,0,0,0,0,0,0,0,0,0,0
South Africa,2015-03-01,0,0,0,0,0,0,0,0,0,0,0,0,0,0,0,0,0,0,0,0
South Africa,2015-04-01,0,0,0,0,0,0,1,0,0,0,1,0,0,0,0,0,0,0,0,0
South Africa,2015-05-01,0,0,1,0,0,0,0,0,0,1,0,0,0,0,0,0,1,0,1,0
South Africa,2015-06-01,0,0,0,1,1,0,0,0,0,0,0,0,0,0,0,0,0,1,0,1
South Africa,2015-07-01,0,0,0,0,1,0,0,0,0,0,1,0,0,0,1,1,0,0,0,0
South Africa,2015-08-01,0,0,0,0,0,0,0,0,0,1,0,0,0,0,0,0,0,0,1,0
South Africa,2015-09-01,0,0,0,0,0,0,0,0,0,0,0,0,0,0,0,0,0,0,0,0
South Africa,2015-10-01,0,0,0,0,0,0,0,0,0,0,0,0,0,0,0,0,1,0,0,0
South Africa,2015-11-01,0,0,1,0,0,0,0,0,0,0,0,1,0,0,0,0,0,0,0,0
South Africa,2015-12-01,0,1,0,0,1,0,0,0,0,0,1,0,0,0,0,0,0,0,0,0
South Africa,2016-01-01,0,0,0,0,0,1,0,1,0,0,0,1,0,1,0,0,0,0,0,0
South Africa,2016-02-01,0,0,0,0,0,0,0,1,1,0,0,1,0,0,0,0,0,0,0,0
South Africa,2016-03-01,0,0,0,0,0,0,0,0,0,0,0,0,0,0,0,0,0,0,0,0
South Africa,2016-04-01,0,0,0,0,0,0,0,0,0,0,0,0,0,0,1,0,0,0,0,0
South Africa,2016-05-01,0,0,0,0,0,0,0,0,0,0,0,0,0,0,0,0,0,0,0,0
South Africa,2016-06-01,0,0,0,0,0,0,0,0,0,0,0,0,0,0,0,0,0,0,0,0
South Africa,2016-07-01,0,0,0,0,0,0,0,0,0,0,0,0,0,0,0,0,0,0,0,0
South Africa,2016-08-01,0,0,0,0,0,0,0,0,0,0,0,0,0,0,0,0,0,0,0,0
South Africa,2016-09-01,0,0,0,1,1,0,0,0,0,0,0,0,0,1,0,0,0,0,0,0
South Africa,2016-10-01,0,0,0,0,0,0,0,0,0,0,0,0,0,0,0,1,0,0,0,0
South Africa,2016-11-01,0,0,1,0,0,0,0,0,0,0,0,0,1,0,0,0,0,0,0,0
South Africa,2016-12-01,0,0,0,0,0,0,0,0,0,1,0,0,0,0,0,0,0,0,0,0
South Africa,2017-01-01,1,0,0,0,0,0,0,0,0,0,0,0,0,0,0,0,0,0,0,0
South Africa,2017-02-01,0,0,1,0,0,0,0,0,0,1,0,0,0,0,0,0,0,0,0,0
South Africa,2017-03-01,0,0,0,0,0,1,0,0,0,0,0,0,0,0,0,0,0,0,0,0
South Africa,2017-04-01,0,0,0,0,0,0,0,0,0,0,0,0,0,0,0,0,0,0,0,0
South Africa,2017-05-01,0,0,0,0,0,0,0,0,0,0,0,0,1,0,0,0,0,0,0,0
South Africa,2017-06-01,1,0,0,0,0,1,0,1,1,0,0,0,0,0,0,0,0,1,0,0
South Africa,2017-07-01,0,0,0,0,0,0,0,1,0,0,0,0,0,0,1,0,0,0,0,0
South Africa,2017-08-01,0,0,0,0,0,0,0,0,0,0,0,0,0,0,0,0,0,0,0,0
South Africa,2017-09-01,0,0,0,0,0,0,0,0,0,0,0,0,0,0,0,0,0,0,0,0
South Africa,2017-10-01,0,0,0,0,0,0,0,0,0,0,0,0,1,0,0,0,0,0,0,0
South Africa,2017-11-01,0,0,0,0,0,0,0,0,0,0,0,0,0,0,0,0,1,0,0,0
South Africa,2017-12-01,0,0,0,0,0,0,0,0,0,0,0,0,0,0,0,0,0,0,0,0
South Africa,2018-01-01,0,0,0,0,0,0,1,0,0,0,0,1,0,0,0,0,0,0,0,0
South Africa,2018-02-01,0,0,0,0,0,0,1,0,0,0,0,1,0,0,0,0,0,0,0,0
South Africa,2018-03-01,0,0,0,0,0,0,0,0,1,0,0,0,0,0,0,0,0,0,0,0
South Africa,2018-04-01,0,0,0,0,0,0,0,0,0,0,0,0,0,0,0,0,0,0,0,0
South Africa,2018-05-01,0,0,0,0,0,0,0,0,0,1,0,0,0,0,0,0,0,0,1,0
South Africa,2018-06-01,0,0,0,0,0,0,0,0,0,0,1,0,0,0,0,0,0,0,0,0
South Africa,2018-07-01,0,0,0,0,0,0,0,0,0,0,0,0,0,0,0,1,0,1,1,1
South Africa,2018-08-01,0,0,0,0,0,0,0,0,0,0,0,0,0,0,1,0,0,0,0,1
South Africa,2018-09-01,0,0,0,0,0,0,0,0,0,0,0,0,0,1,0,0,0,0,0,0
South Africa,2018-10-01,0,0,0,0,0,0,0,0,0,0,0,0,0,0,0,0,1,0,0,0
South Africa,2018-11-01,0,0,0,0,0,0,0,0,0,0,0,0,0,0,0,0,0,0,0,0
South Africa,2018-12-01,0,0,0,0,0,0,0,0,0,0,0,0,0,0,0,0,0,0,0,0
South Africa,2019-01-01,0,1,0,0,0,0,0,0,0,0,0,0,0,0,0,0,1,0,0,0
South Africa,2019-02-01,0,0,0,0,0,1,0,0,0,0,0,0,0,0,0,0,0,0,0,0
South Africa,2019-03-01,1,0,0,0,0,0,0,0,0,0,0,0,0,0,0,0,0,0,0,0
South Africa,2019-04-01,1,0,0,0,0,0,0,1,1,0,0,0,0,0,0,0,0,1,1,1
South Africa,2019-05-01,0,0,0,1,0,0,0,0,0,0,0,0,0,0,1,1,0,0,0,0
South Africa,2019-06-01,0,0,0,0,1,0,0,0,0,0,1,0,0,0,0,0,0,0,0,0
South Africa,2019-07-01,0,0,0,0,0,0,0,0,0,0,0,0,0,0,0,0,0,0,0,0
South Africa,2019-08-01,0,0,0,0,0,0,1,0,0,0,0,0,0,0,0,0,0,0,0,0
South Africa,2019-09-01,0,0,0,0,0,0,0,0,0,0,0,0,0,0,0,0,0,0,0,0
South Africa,2019-10-01,0,0,1,0,0,0,0,0,0,0,0,1,0,0,0,0,0,0,0,0
South Africa,2019-11-01,0,0,0,0,0,0,0,0,0,0,1,0,0,0,0,0,0,0,0,0
South Africa,2019-12-01,1,1,0,0,0,0,0,0,0,0,0,1,0,0,0,0,0,0,0,0
South Africa,2020-01-01,0,0,0,0,0,0,0,0,0,0,0,0,0,0,0,0,0,0,0,0
South Africa,2020-02-01,0,0,0,0,1,1,0,0,0,0,0,0,0,0,0,0,0,0,0,0
South Africa,2020-03-01,0,0,0,0,0,0,0,0,0,0,0,0,0,0,0,0,0,0,0,0
South Africa,2020-04-01,0,0,0,0,0,0,0,0,0,0,0,0,0,0,0,0,0,0,0,0
South Africa,2020-05-01,0,0,0,0,0,0,0,0,0,0,0,0,0,0,0,0,0,0,0,0
South Africa,2020-06-01,0,0,0,0,0,0,0,0,0,0,0,0,0,0,0,0,0,0,0,0
South Africa,2020-07-01,0,0,0,0,0,0,0,0,0,0,0,0,0,0,1,0,0,0,0,0
South Africa,2020-08-01,0,0,0,0,0,0,0,0,0,0,0,0,0,0,0,0,0,0,0,0
South Africa,2020-09-01,0,0,1,0,0,0,0,0,0,0,0,0,0,0,0,0,0,0,0,0
South Africa,2020-10-01,0,0,0,0,0,0,0,0,0,0,0,0,0,0,0,0,0,0,0,0
South Africa,2020-11-01,0,0,0,1,0,0,0,0,0,0,0,0,0,0,0,0,0,0,0,0
South Africa,2020-12-01,0,0,0,0,0,0,0,0,0,0,0,0,1,0,0,0,0,0,0,0
South Africa,2021-01-01,1,0,0,0,0,0,0,1,0,0,0,0,0,0,0,0,0,0,0,0
South Africa,2021-02-01,0,0,0,0,0,0,0,0,0,0,0,0,0,0,0,0,0,0,0,0
South Africa,2021-03-01,0,0,0,1,0,0,0,0,0,0,0,0,0,0,0,0,0,0,0,0
South Africa,2021-04-01,0,0,0,0,0,0,0,0,0,0,0,0,0,0,0,0,0,0,0,0
South Africa,2021-05-01,0,0,0,0,0,0,0,0,0,0,0,0,0,0,0,0,0,0,0,1
South Africa,2021-06-01,0,1,0,0,0,0,0,0,0,0,0,0,0,0,0,0,0,0,0,0
South Africa,2021-07-01,0,0,0,0,0,0,0,0,0,0,0,0,0,0,0,0,0,0,0,0
South Africa,2021-08-01,0,0,0,0,0,0,0,0,0,0,0,0,0,0,0,0,0,0,0,0
South Africa,2021-09-01,0,0,0,0,0,0,0,0,0,0,0,0,0,0,0,0,0,0,0,0
South Africa,2021-10-01,0,0,0,0,0,0,0,0,0,0,0,0,0,0,0,0,0,1,0,0
South Africa,2021-11-01,0,0,0,0,0,0,0,0,0,1,0,0,0,0,0,0,0,0,0,0
South Africa,2021-12-01,0,0,0,0,0,0,0,0,0,1,0,0,0,0,0,0,0,0,1,0
South Africa,2022-01-01,0,0,0,0,0,0,0,0,0,0,0,1,0,0,0,0,0,0,0,0
South Africa,2022-02-01,0,0,0,0,0,0,0,1,0,0,0,0,0,0,0,0,0,0,0,0
South Africa,2022-03-01,0,0,0,0,0,0,0,0,0,0,0,0,0,0,0,0,0,0,0,0
South Africa,2022-04-01,1,0,0,0,0,1,0,1,1,0,1,0,1,0,0,0,1,0,0,0
South Africa,2022-05-01,0,0,0,0,0,0,0,1,1,0,0,0,0,0,0,0,0,0,0,0
South Africa,2022-06-01,0,0,0,0,0,0,0,0,0,0,0,0,0,0,0,0,0,0,0,0
South Africa,2022-07-01,0,0,0,0,0,0,0,0,0,0,0,0,0,0,1,0,0,0,0,0
South Africa,2022-08-01,0,0,0,0,0,0,0,0,0,0,0,0,0,1,0,0,0,0,0,0
South Africa,2022-09-01,0,0,0,1,0,0,0,0,0,0,0,0,0,0,0,0,0,0,0,0
South Africa,2022-10-01,0,0,0,1,0,0,0,0,0,0,0,1,0,0,0,0,0,0,0,0
South Africa,2022-11-01,0,0,0,0,1,0,0,0,0,0,0,0,0,0,0,0,0,0,0,0
South Africa,2022-12-01,0,0,0,0,0,0,0,1,0,0,0,0,0,0,0,0,0,0,0,0
South Africa,2023-01-01,0,1,0,0,0,0,0,0,0,0,0,1,0,0,0,0,0,0,1,1
South Africa,2023-02-01,0,0,0,0,0,0,0,0,0,0,0,0,0,0,0,0,0,0,0,1
South Africa,2023-03-01,0,0,0,0,0,0,0,0,0,0,0,0,0,0,0,0,0,0,0,0
South Africa,2023-04-01,0,0,0,0,0,0,0,0,0,0,0,0,0,0,1,0,0,0,0,0
South Africa,2023-05-01,0,0,0,0,0,0,0,0,0,0,0,0,0,0,0,0,0,0,0,0
South Africa,2023-06-01,0,1,0,0,0,0,0,0,0,0,0,0,0,0,0,0,1,0,0,0
South Africa,2023-07-01,0,0,0,0,0,0,0,0,0,0,0,0,0,0,0,0,0,1,0,0
South Africa,2023-08-01,0,0,0,0,0,0,0,0,0,1,0,0,0,0,0,0,0,1,0,0
South Africa,2023-09-01,0,0,0,0,1,0,1,0,0,0,1,1,0,0,0,0,0,0,0,0
South Africa,2023-10-01,0,0,0,0,0,0,0,0,0,0,0,0,0,0,0,0,0,0,0,0
South Africa,2023-11-01,0,0,0,1,0,0,0,0,0,0,0,0,0,0,0,0,0,0,0,0
South Africa,2023-12-01,0,0,0,0,0,1,0,0,0,0,0,0,0,0,0,0,0,0,0,0
South Africa,2024-01-01,0,0,0,0,0,0,0,0,0,0,0,0,0,0,0,0,0,0,0,0
South Africa,2024-02-01,0,0,0,0,0,0,0,0,0,0,0,0,0,0,0,0,0,0,0,0
South Africa,2024-03-01,0,0,0,0,0,0,0,0,0,0,0,0,0,0,0,0,0,0,0,0
South Africa,2024-04-01,0,0,0,0,0,0,0,0,0,0,0,0,0,0,0,1,0,0,0,0
South Africa,2024-05-01,0,0,0,0,0,0,0,0,0,0,0,0,0,0,0,0,0,0,0,0
South Africa,2024-06-01,0,0,0,0,0,0,0,0,0,0,0,0,0,0,0,0,0,0,0,0
South Africa,2024-07-01,1,0,0,0,0,0,0,1,0,0,0,0,0,0,1,0,0,0,0,0
South Africa,2024-08-01,0,0,0,0,0,0,0,0,0,0,0,0,0,0,0,0,0,0,0,0
South Africa,2024-09-01,0,0,0,0,0,0,0,0,0,0,0,0,0,0,0,0,1,0,0,0
South Africa,2024-10-01,0,0,0,0,1,0,0,0,0,0,0,0,0,0,0,0,0,0,0,0
South Africa,2024-11-01,0,0,0,1,0,1,0,0,0,1,1,0,1,1,0,0,0,1,1,1
South Africa,2024-12-01,0,0,0,0,0,1,0,0,0,0,0,0,0,0,0,0,0,0,0,0
South Africa,2025-01-01,0,0,0,0,0,0,1,0,0,1,0,0,0,1,0,0,0,0,0,0
South Africa,2025-02-01,0,0,1,0,0,0,0,0,1,0,0,0,0,0,1,0,0,0,0,0
South Africa,2025-03-01,0,1,1,0,0,0,0,0,0,0,0,0,0,0,1,0,0,0,0,0
South Africa,2025-04-01,0,0,1,0,0,0,0,0,0,1,0,0,0,0,0,0,0,0,0,0
South Africa,2025-05-01,0,0,0,0,0,0,0,0,0,0,0,1,0,0,0,0,1,0,0,0
South Africa,2025-06-01,1,1,0,1,1,0,1,0,1,0,1,0,0,0,0,1,0,0,1,0
South Africa,2025-07-01,0,1,0,0,1,0,0,0,0,0,0,0,0,0,0,0,0,0,1,0
South Africa,2025-08-01,0,0,0,1,0,1,0,0,0,0,0,0,0,1,0,1,1,1,0,0
South Africa,2025-09-01,0,0,0,0,0,0,1,0,0,0,0,0,0,0,0,0,0,0,0,0
South Africa,2025-10-01,0,0,0,0,0,0,0,0,0,0,0,0,0,0,0,0,0,0,0,0
South Africa,2025-11-01,0,0,0,0,0,0,0,0,0,0,0,0,0,0,0,0,0,0,0,0
South Africa,2025-12-01,0,0,0,0,0,0,0,0,0,0,0,0,0,0,0,0,0,0,0,0
South Africa,2026-01-01,0,0,0,0,0,0,0,0,0,0,0,0,0,0,0,0,0,0,0,0
Paraguay,2012-01-01,1,0,0,0,0,0,0,0,0,0,0,1,0,0,0,0,0,0,0,0
Paraguay,2012-02-01,0,0,0,0,0,0,0,0,1,0,0,0,0,1,0,0,0,0,0,0
Paraguay,2012-03-01,0,0,0,0,0,0,0,0,0,1,0,0,0,0,0,1,0,0,0,0
Paraguay,2012-04-01,0,0,0,0,0,0,0,0,0,1,1,0,0,1,0,0,0,0,0,0
Paraguay,2012-05-01,0,0,0,0,0,0,0,0,0,0,0,0,0,0,0,0,0,0,0,0
Paraguay,2012-06-01,0,0,0,0,0,0,0,0,0,0,0,0,0,0,0,1,0,1,0,1
Paraguay,2012-07-01,0,0,0,0,0,0,0,0,0,0,0,0,0,0,0,0,0,0,0,0
Paraguay,2012-08-01,0,0,0,0,0,0,1,0,0,1,0,0,0,0,0,0,0,0,0,0
Paraguay,2012-09-01,1,0,0,0,0,0,1,0,0,0,0,0,0,1,0,0,0,0,0,0
Paraguay,2012-10-01,0,0,0,0,0,0,0,0,0,0,0,1,0,0,0,0,0,0,1,0
Paraguay,2012-11-01,0,0,0,0,0,0,0,0,0,0,1,1,0,0,0,0,0,0,0,0
Paraguay,2012-12-01,0,0,0,0,0,0,0,0,0,0,0,0,0,0,0,1,0,0,0,0
Paraguay,2013-01-01,0,0,0,0,0,0,0,0,0,0,0,0,0,0,0,0,0,0,0,0
Paraguay,2013-02-01,0,0,0,1,0,0,0,0,0,0,0,0,0,0,0,0,0,1,0,0
Paraguay,2013-03-01,0,0,0,0,0,0,0,0,1,0,0,0,0,1,0,0,0,0,0,0
Paraguay,2013-04-01,0,0,0,0,0,0,0,0,0,0,0,0,0,0,1,0,0,0,0,0
Paraguay,2013-05-01,0,0,0,0,0,0,0,0,0,0,0,0,0,0,0,0,0,0,0,0
Paraguay,2013-06-01,0,0,0,0,0,0,0,0,0,0,0,0,0,0,0,0,0,0,0,0
Paraguay,2013-07-01,0,0,0,0,0,0,0,0,0,0,0,0,0,0,0,0,0,0,0,0
Paraguay,2013-08-01,0,0,0,0,0,0,0,0,0,0,0,0,0,0,0,0,0,0,0,0
Paraguay,2013-09-01,0,0,0,0,0,0,0,0,0,0,0,0,0,0,0,0,0,0,0,0
Paraguay,2013-10-01,0,0,0,0,0,0,0,0,0,0,0,0,0,0,0,0,0,1,0,1
Paraguay,2013-11-01,0,0,0,0,0,0,0,0,0,0,0,0,0,0,0,0,0,0,0,0
Paraguay,2013-12-01,0,0,0,0,0,0,0,0,0,0,0,0,0,0,0,0,0,0,0,0
Paraguay,2014-01-01,0,0,0,0,0,0,0,0,0,0,0,0,0,0,0,0,0,0,0,1
Paraguay,2014-02-01,0,0,0,0,0,0,0,0,0,0,1,0,0,0,0,0,0,0,0,0
Paraguay,2014-03-01,0,0,0,0,0,0,1,0,1,1,0,0,0,0,0,0,0,0,0,0
Paraguay,2014-04-01,0,0,0,0,1,0,0,0,0,0,0,0,0,0,0,1,0,0,0,0
Paraguay,2014-05-01,0,0,0,0,0,0,0,0,0,0,0,0,0,0,0,0,0,0,0,0
Paraguay,2014-06-01,1,0,0,0,0,0,0,1,1,0,0,0,0,1,0,1,0,0,0,0
Paraguay,2014-07-01,0,0,1,0,0,0,0,1,0,0,0,0,0,0,0,0,0,0,0,0
Paraguay,2014-08-01,0,0,0,0,0,0,0,0,0,1,0,0,0,0,0,0,0,0,0,0
Paraguay,2014-09-01,0,0,0,0,0,0,0,1,0,0,0,0,0,0,0,0,1,0,0,0
Paraguay,2014-10-01,0,0,0,0,0,0,0,0,0,0,0,0,0,0,1,0,0,0,0,0
Paraguay,2014-11-01,0,0,0,0,0,0,0,0,0,0,0,1,0,0,0,0,0,0,1,0
Paraguay,2014-12-01,0,0,0,0,0,0,0,0,0,0,0,0,0,0,0,0,1,0,1,0
Paraguay,2015-01-01,0,0,0,0,0,0,0,0,0,0,0,0,0,0,1,0,0,0,0,0
Paraguay,2015-02-01,0,0,0,0,0,0,0,0,0,0,0,0,0,0,0,0,0,0,0,0
Paraguay,2015-03-01,0,0,0,0,0,0,0,0,0,0,0,0,0,1,0,0,0,0,0,0
Paraguay,2015-04-01,0,0,0,0,0,0,0,0,0,0,0,0,1,0,1,0,0,0,0,0
Paraguay,2015-05-01,0,0,0,1,0,0,0,0,0,0,0,0,1,0,0,0,0,0,0,0
Paraguay,2015-06-01,0,0,0,1,0,0,0,0,0,0,0,0,0,0,0,0,0,0,0,0
Paraguay,2015-07-01,0,0,0,0,0,0,0,0,0,0,0,0,0,0,0,0,0,1,0,0
Paraguay,2015-08-01,0,0,0,0,0,0,0,0,0,0,0,0,0,0,0,0,0,0,0,0
Paraguay,2015-09-01,0,0,1,0,0,0,0,0,0,0,0,0,0,0,0,0,1,0,0,0
Paraguay,2015-10-01,0,1,0,0,0,0,1,0,0,1,0,0,0,0,0,0,0,0,0,0
Paraguay,2015-11-01,0,0,0,0,1,0,0,0,0,0,1,0,0,0,0,1,0,0,0,0
Paraguay,2015-12-01,1,1,0,0,1,0,0,1,0,0,0,0,1,0,0,0,0,0,0,0
Paraguay,2016-01-01,1,0,0,0,0,0,0,0,1,0,0,1,0,0,0,1,0,0,0,0
Paraguay,2016-02-01,0,1,0,0,0,1,0,0,0,0,0,0,0,0,0,0,0,0,0,0
Paraguay,2016-03-01,0,0,0,0,0,0,0,0,0,0,0,0,0,0,0,1,1,0,0,0
Paraguay,2016-04-01,0,0,1,0,0,0,0,0,1,0,0,0,0,0,0,0,0,0,1,0
Paraguay,2016-05-01,0,0,0,0,0,0,0,0,0,0,0,0,0,0,0,0,0,0,0,0
Paraguay,2016-06-01,0,0,0,0,0,0,0,0,0,0,0,0,0,0,0,0,0,0,0,0
Paraguay,2016-07-01,0,0,0,0,0,0,0,0,0,0,0,0,0,0,0,0,0,0,0,0
Paraguay,2016-08-01,0,0,0,1,0,0,0,0,0,0,0,0,0,0,0,0,0,0,0,0
Paraguay,2016-09-01,0,0,0,0,0,0,0,0,0,0,0,0,0,0,0,0,0,0,0,0
Paraguay,2016-10-01,0,0,0,0,0,0,1,0,0,0,0,0,0,0,0,0,0,0,0,1
Paraguay,2016-11-01,0,0,0,0,0,0,0,0,0,0,0,0,1,1,0,0,0,0,0,0
Paraguay,2016-12-01,0,0,0,0,0,0,0,0,0,0,0,0,0,0,0,0,0,0,0,0
Paraguay,2017-01-01,0,0,0,0,0,0,0,0,0,0,0,0,0,0,0,0,0,0,0,0
Paraguay,2017-02-01,0,0,0,0,0,0,0,0,0,0,0,0,0,0,0,0,0,0,0,0
Paraguay,2017-03-01,0,0,0,0,0,0,0,0,0,0,0,0,0,0,0,0,0,1,0,0
Paraguay,2017-04-01,0,0,0,0,0,0,0,0,0,0,0,0,0,0,0,0,0,0,0,0
Paraguay,2017-05-01,0,0,1,1,0,0,0,1,0,0,0,0,0,0,0,0,0,0,1,0
Paraguay,2017-06-01,0,0,0,0,0,0,0,0,0,0,0,0,0,0,0,0,0,0,0,0
Paraguay,2017-07-01,0,0,0,0,0,0,0,0,0,0,0,0,0,0,0,0,0,0,0,0
Paraguay,2017-08-01,0,1,0,0,0,0,0,0,0,0,0,0,0,0,0,0,0,0,0,0
Paraguay,2017-09-01,0,0,0,0,0,0,0,0,1,0,0,0,0,0,0,1,1,0,0,0
Paraguay,2017-10-01,1,0,0,0,0,0,1,0,0,1,0,0,0,0,1,0,0,1,0,0
Paraguay,2017-11-01,0,0,0,0,0,0,0,0,0,0,0,0,1,0,0,1,0,0,0,0
Paraguay,2017-12-01,0,0,0,0,0,0,1,0,0,0,0,0,0,0,0,0,0,0,0,0
Paraguay,2018-01-01,0,0,0,0,0,1,0,0,0,0,0,1,0,0,0,0,0,0,1,0
Paraguay,2018-02-01,0,0,0,0,0,0,0,1,0,0,0,0,0,0,0,0,0,0,0,0
Paraguay,2018-03-01,0,0,0,0,0,0,0,0,0,0,0,0,0,0,0,0,0,0,0,0
Paraguay,2018-04-01,0,0,0,0,0,1,0,0,0,0,0,0,0,0,0,0,0,0,0,0
Paraguay,2018-05-01,0,0,0,0,0,0,0,0,0,0,0,0,0,0,0,0,0,0,1,0
Paraguay,2018-06-01,0,0,0,0,0,0,0,0,0,0,0,0,0,0,0,0,0,0,0,0
Paraguay,2018-07-01,0,0,0,0,0,0,0,0,0,0,0,0,0,0,0,0,0,0,0,0
Paraguay,2018-08-01,0,0,1,0,0,0,0,0,0,0,0,0,0,0,0,0,0,1,0,0
Paraguay,2018-09-01,0,1,0,0,1,0,0,0,0,0,0,0,0,0,0,0,0,1,0,0
Paraguay,2018-10-01,0,0,0,0,1,0,0,0,0,0,0,0,0,0,0,0,0,0,0,1
Paraguay,2018-11-01,0,1,0,0,0,0,0,0,0,0,0,0,0,0,0,0,0,0,0,0
Paraguay,2018-12-01,0,0,0,0,0,0,0,0,0,0,0,0,1,0,0,0,0,0,0,0
Paraguay,2019-01-01,0,0,0,0,0,0,1,0,1,1,0,1,0,0,0,0,0,0,0,0
Paraguay,2019-02-01,0,0,0,0,0,0,0,0,0,0,0,0,0,0,0,0,0,0,0,0
Paraguay,2019-03-01,0,0,0,0,0,0,0,0,0,0,0,0,0,0,0,0,0,1,0,0
Paraguay,2019-04-01,0,0,0,0,0,1,0,1,0,0,0,0,0,0,0,0,0,0,0,0
Paraguay,2019-05-01,1,0,0,0,0,0,0,1,0,0,0,0,0,0,1,1,0,0,0,0
Paraguay,2019-06-01,0,0,1,0,0,0,0,0,0,0,0,0,0,0,0,0,0,0,0,0
Paraguay,2019-07-01,0,0,0,0,0,0,0,0,0,0,0,0,1,0,1,0,0,0,0,0
Paraguay,2019-08-01,0,0,0,1,0,0,0,0,0,0,0,0,0,1,1,0,1,0,0,0
Paraguay,2019-09-01,0,0,0,0,0,0,1,0,0,1,1,0,0,0,1,0,0,0,1,0
Paraguay,2019-10-01,0,0,1,0,0,0,0,0,0,0,0,0,0,0,0,1,0,0,0,0
Paraguay,2019-11-01,0,0,0,1,0,0,0,0,0,0,0,0,0,0,0,0,0,1,0,0
Paraguay,2019-12-01,0,0,0,0,1,0,0,0,0,0,0,0,0,0,0,0,0,0,0,0
Paraguay,2020-01-01,0,0,0,0,0,0,0,0,0,0,0,0,0,0,0,0,0,0,0,0
Paraguay,2020-02-01,0,1,0,0,0,0,0,0,0,0,0,0,0,0,0,0,0,0,0,0
Paraguay,2020-03-01,0,0,0,0,0,0,0,0,0,0,0,0,0,0,0,0,0,0,0,0
Paraguay,2020-04-01,0,0,0,0,0,0,0,0,0,0,0,0,0,0,0,0,0,0,0,0
Paraguay,2020-05-01,0,0,0,0,0,0,0,0,0,0,0,0,0,0,0,0,0,0,0,0
Paraguay,2020-06-01,0,0,0,0,0,0,0,0,0,0,0,0,0,0,0,0,0,0,0,0
Paraguay,2020-07-01,0,0,0,0,0,1,0,0,0,0,0,0,0,0,0,0,0,0,0,0
Paraguay,2020-08-01,0,0,0,0,0,0,0,0,0,0,0,0,0,0,0,0,0,1,0,0
Paraguay,2020-09-01,0,0,0,0,0,0,0,0,0,1,0,0,1,0,0,0,0,0,1,0
Paraguay,2020-10-01,0,0,0,1,0,0,0,0,1,0,1,1,1,0,0,0,0,0,0,0
Paraguay,2020-11-01,0,0,0,1,0,0,0,0,0,0,0,0,0,0,0,0,1,0,0,0
Paraguay,2020-12-01,0,0,0,0,0,0,0,0,0,0,0,0,0,0,1,0,0,1,0,0
Paraguay,2021-01-01,1,0,0,0,0,0,0,0,0,0,0,0,0,0,0,0,0,0,0,0
Paraguay,2021-02-01,0,0,0,0,0,0,0,1,0,0,0,0,0,0,0,0,0,0,0,0
Paraguay,2021-03-01,0,0,0,0,0,0,0,0,0,0,0,0,0,0,0,0,0,0,0,0
Paraguay,2021-04-01,0,0,0,0,0,0,0,0,0,0,0,0,0,0,0,0,0,0,0,0
Paraguay,2021-05-01,0,0,0,0,0,0,0,0,0,0,0,0,0,0,0,0,0,0,0,0
Paraguay,2021-06-01,0,0,1,0,0,0,0,0,0,0,0,0,0,0,0,0,0,0,0,0
Paraguay,2021-07-01,0,0,0,0,0,1,0,1,0,0,0,0,0,0,0,0,0,0,0,0
Paraguay,2021-08-01,0,0,0,0,0,0,1,0,1,0,0,0,0,0,0,1,0,0,0,1
Paraguay,2021-09-01,0,0,0,0,0,0,0,0,0,0,0,0,0,0,0,0,0,1,0,0
Paraguay,2021-10-01,0,0,0,0,0,0,0,0,0,0,0,0,0,0,0,0,0,1,0,0
Paraguay,2021-11-01,0,0,0,0,1,0,0,0,0,0,1,0,0,0,0,0,0,0,0,0
Paraguay,2021-12-01,0,0,0,0,0,0,0,0,0,0,0,0,0,0,0,0,0,0,0,1
Paraguay,2022-01-01,0,0,1,0,0,0,1,0,1,0,1,1,0,0,0,0,0,0,0,0
Paraguay,2022-02-01,0,0,0,0,0,0,0,0,0,0,0,0,0,0,0,0,0,0,0,0
Paraguay,2022-03-01,0,0,0,0,0,0,0,0,0,0,0,0,0,0,0,0,0,0,1,0
Paraguay,2022-04-01,0,0,0,0,0,0,0,0,0,0,0,0,0,0,0,0,0,0,0,0
Paraguay,2022-05-01,0,0,0,0,0,0,0,0,0,0,0,0,0,0,0,1,1,0,0,0
Paraguay,2022-06-01,0,0,1,0,1,0,0,0,0,0,0,0,0,0,0,0,1,0,0,0
Paraguay,2022-07-01,0,0,0,0,0,0,0,0,0,0,0,0,0,0,0,0,0,0,0,0
Paraguay,2022-08-01,0,1,0,0,0,0,0,0,0,0,0,0,0,0,0,0,0,0,0,0
Paraguay,2022-09-01,0,0,0,0,0,0,0,0,0,0,0,0,1,0,0,0,0,0,0,0
Paraguay,2022-10-01,0,0,0,0,0,0,0,0,0,0,0,0,0,1,0,0,0,0,0,0
Paraguay,2022-11-01,0,0,0,0,1,0,0,0,0,0,0,0,0,1,0,1,0,0,0,0
Paraguay,2022-12-01,0,0,0,0,0,1,0,0,0,0,0,0,0,0,0,0,0,0,0,0
Paraguay,2023-01-01,0,0,0,0,0,0,1,0,0,1,0,0,0,0,0,0,0,0,0,0
Paraguay,2023-02-01,0,0,0,0,0,1,0,0,1,0,0,0,0,0,0,0,0,0,0,0
Paraguay,2023-03-01,0,0,0,0,0,0,0,1,0,0,0,0,0,0,0,0,0,0,0,0
Paraguay,2023-04-01,0,0,0,0,0,0,0,0,0,0,0,0,0,0,0,0,0,0,1,0
Paraguay,2023-05-01,0,0,0,1,0,0,0,0,0,0,0,0,0,0,0,0,0,0,0,0
Paraguay,2023-06-01,0,0,0,0,0,0,0,0,0,0,0,0,0,0,0,0,0,0,0,0
Paraguay,2023-07-01,0,0,0,0,0,0,0,0,0,0,0,0,0,0,0,0,0,0,0,0
Paraguay,2023-08-01,0,0,0,0,0,0,0,0,0,0,0,0,0,0,0,0,0,0,0,0
Paraguay,2023-09-01,0,0,0,0,1,0,0,0,0,0,0,0,0,0,0,0,0,0,0,0
Paraguay,2023-10-01,0,0,0,0,0,0,0,0,0,0,0,0,0,0,0,0,0,1,0,0
Paraguay,2023-11-01,0,0,0,0,0,0,0,1,0,0,1,0,0,0,0,0,0,0,0,0
Paraguay,2023-12-01,0,1,0,0,0,0,0,0,0,0,0,0,0,0,0,0,0,0,0,0
Paraguay,2024-01-01,0,0,0,0,0,0,0,0,0,0,0,0,0,0,0,0,0,0,0,0
Paraguay,2024-02-01,0,0,0,0,0,0,0,0,0,0,0,0,0,0,0,0,0,0,0,0
Paraguay,2024-03-01,0,0,0,0,0,0,0,0,0,0,1,0,0,0,0,0,0,0,0,0
Paraguay,2024-04-01,1,0,0,0,0,0,0,0,0,0,0,0,0,0,0,0,0,0,1,0
Paraguay,2024-05-01,0,0,0,0,0,0,0,0,0,0,0,0,0,0,1,0,0,0,0,0
Paraguay,2024-06-01,0,0,0,0,0,0,0,0,0,1,0,0,0,0,0,0,0,0,0,0
Paraguay,2024-07-01,0,0,0,0,0,0,0,0,0,0,0,0,0,0,0,0,0,0,0,0
Paraguay,2024-08-01,0,1,0,0,0,0,0,1,0,0,0,0,0,0,0,0,1,0,0,0
Paraguay,2024-09-01,0,0,0,1,0,0,1,1,0,1,1,0,1,1,0,1,0,0,0,0
Paraguay,2024-10-01,0,0,0,0,0,0,0,0,0,0,0,0,0,0,0,1,0,0,1,0
Paraguay,2024-11-01,0,0,0,0,1,1,0,0,0,0,0,0,0,0,0,0,0,0,0,0
Paraguay,2024-12-01,0,0,0,0,0,0,0,0,0,0,0,0,0,0,0,0,0,0,0,1
Paraguay,2025-01-01,1,0,0,0,0,0,0,0,0,0,0,1,0,0,0,0,0,0,0,0
Paraguay,2025-02-01,0,0,0,0,0,0,0,0,0,0,0,0,0,0,1,0,0,0,0,0
Paraguay,2025-03-01,0,0,0,0,0,0,0,0,0,0,0,0,0,0,0,0,0,0,0,0
Paraguay,2025-04-01,0,0,1,0,0,0,0,0,0,0,0,0,0,0,0,0,0,0,0,0
Paraguay,2025-05-01,0,1,1,0,0,0,0,0,0,0,0,0,1,0,0,0,0,0,0,0
Paraguay,2025-06-01,0,0,0,0,0,0,0,0,0,0,0,0,0,0,0,0,1,0,1,0
Paraguay,2025-07-01,0,0,0,0,0,0,0,0,0,0,0,0,0,0,0,0,0,0,0,0
Paraguay,2025-08-01,0,0,0,1,0,1,0,0,0,0,0,0,0,0,0,0,0,0,0,0
Paraguay,2025-09-01,0,0,0,0,0,0,0,0,0,0,0,0,0,0,0,0,0,0,0,0
Paraguay,2025-10-01,0,0,0,0,0,0,0,0,0,0,0,0,0,0,0,0,0,0,0,0
Paraguay,2025-11-01,0,0,0,0,0,0,0,0,0,0,0,0,0,0,0,0,0,0,0,0
Paraguay,2025-12-01,0,0,0,0,0,0,0,0,0,0,0,0,0,0,0,0,0,0,0,0
Paraguay,2026-01-01,0,0,0,0,0,0,0,0,0,0,0,0,0,0,0,0,0,0,0,0
Nicaragua,2012-01-01,0,0,1,0,1,0,0,0,0,0,0,0,0,0,0,0,0,0,0,0
Nicaragua,2012-02-01,0,0,0,0,0,0,0,0,0,1,0,0,0,0,0,0,1,0,0,1
Nicaragua,2012-03-01,0,0,1,0,0,0,0,0,0,0,1,1,0,1,0,1,0,0,0,0
Nicaragua,2012-04-01,0,0,0,0,0,0,1,0,1,0,0,0,0,0,1,0,0,0,0,0
Nicaragua,2012-05-01,0,0,0,0,0,0,0,0,0,1,0,0,0,0,0,0,0,0,0,0
Nicaragua,2012-06-01,0,0,0,0,0,0,0,0,0,0,0,0,0,0,0,1,0,0,0,0
Nicaragua,2012-07-01,0,0,0,1,0,0,0,0,0,0,0,0,0,0,0,0,0,0,0,1
Nicaragua,2012-08-01,0,0,0,0,0,0,0,0,0,0,0,0,0,0,0,0,0,1,0,0
Nicaragua,2012-09-01,1,0,0,0,0,0,1,1,0,0,0,0,0,0,0,0,0,0,0,0
Nicaragua,2012-10-01,0,0,0,0,0,0,0,0,0,0,0,0,0,0,0,0,0,0,0,0
Nicaragua,2012-11-01,0,1,0,0,0,0,0,0,0,0,0,1,0,0,0,0,0,0,0,0
Nicaragua,2012-12-01,0,0,0,0,0,0,0,1,0,0,0,0,0,0,0,0,0,0,0,0
Nicaragua,2013-01-01,0,0,0,0,0,0,0,0,0,0,0,0,0,0,0,0,1,0,0,0
Nicaragua,2013-02-01,0,0,0,0,0,0,0,0,0,0,0,0,0,0,0,0,0,0,0,1
Nicaragua,2013-03-01,0,1,1,0,0,0,0,0,1,0,1,0,0,0,0,0,0,0,1,0
Nicaragua,2013-04-01,0,0,0,0,0,0,0,0,0,1,0,0,1,0,0,0,0,0,0,0
Nicaragua,2013-05-01,0,0,1,0,0,0,0,0,1,0,0,0,1,1,0,0,0,0,0,0
Nicaragua,2013-06-01,0,0,0,1,0,0,0,0,0,0,0,0,0,0,1,1,0,0,1,0
Nicaragua,2013-07-01,0,0,0,0,0,1,0,0,0,0,0,0,0,0,0,0,1,0,0,0
Nicaragua,2013-08-01,0,0,0,0,0,0,0,0,0,0,0,0,0,0,1,0,0,0,0,0
Nicaragua,2013-09-01,0,0,0,0,0,0,0,0,0,0,0,0,0,0,0,0,0,0,0,0
Nicaragua,2013-10-01,0,0,0,0,0,0,0,0,0,0,0,0,0,0,0,0,0,1,0,0
Nicaragua,2013-11-01,0,0,0,0,0,0,0,0,0,0,0,0,0,0,0,0,0,0,0,0
Nicaragua,2013-12-01,0,0,0,0,0,0,0,0,0,0,0,0,0,0,0,0,0,0,0,0
Nicaragua,2014-01-01,0,0,0,0,0,0,0,0,0,0,0,0,0,0,0,0,0,0,0,0
Nicaragua,2014-02-01,0,0,0,1,0,0,0,0,0,0,0,0,0,1,0,0,0,0,0,0
Nicaragua,2014-03-01,0,0,0,0,0,0,0,0,0,0,0,0,0,0,0,0,0,0,0,0
Nicaragua,2014-04-01,1,1,0,0,0,0,0,0,1,0,0,0,0,0,0,0,0,0,0,0
Nicaragua,2014-05-01,0,1,0,0,0,0,0,0,0,0,0,0,0,0,0,0,0,0,0,0
Nicaragua,2014-06-01,0,0,0,0,1,0,0,0,0,0,0,1,0,0,0,0,1,0,0,0
Nicaragua,2014-07-01,0,0,0,0,0,0,0,0,0,0,0,0,0,0,0,1,0,0,0,1
Nicaragua,2014-08-01,0,0,0,0,0,1,0,0,0,0,0,1,0,0,0,0,0,0,0,0
Nicaragua,2014-09-01,0,0,0,0,0,0,0,0,0,0,0,0,0,0,1,1,0,0,0,0
Nicaragua,2014-10-01,1,0,0,0,0,0,0,1,0,0,0,0,0,0,1,0,0,0,0,0
Nicaragua,2014-11-01,0,0,0,0,0,0,0,0,0,0,0,0,0,0,0,0,0,0,0,0
Nicaragua,2014-12-01,0,0,0,0,0,0,0,0,0,0,0,0,0,0,0,0,0,0,0,0
Nicaragua,2015-01-01,0,0,0,0,0,0,0,0,0,0,0,0,1,0,0,0,0,0,0,0
Nicaragua,2015-02-01,0,0,0,0,0,0,0,0,0,0,0,0,0,0,0,0,0,0,0,1
Nicaragua,2015-03-01,0,0,0,0,0,0,0,0,0,0,0,0,1,0,0,0,0,0,0,0
Nicaragua,2015-04-01,0,0,0,1,0,0,0,0,0,0,1,1,0,0,0,0,0,0,1,0
Nicaragua,2015-05-01,0,0,0,0,0,0,0,0,0,1,0,0,0,1,1,0,0,0,0,0
Nicaragua,2015-06-01,1,0,1,0,1,1,1,0,0,0,0,0,1,1,0,0,0,0,0,0
Nicaragua,2015-07-01,0,0,0,1,0,0,0,0,0,0,0,0,0,0,0,0,0,0,0,0
Nicaragua,2015-08-01,0,1,0,0,0,0,0,1,0,0,0,0,0,0,0,0,0,0,0,0
Nicaragua,2015-09-01,0,0,0,0,0,0,0,0,0,0,0,0,0,0,0,0,0,0,0,1
Nicaragua,2015-10-01,0,0,0,0,0,0,0,0,0,1,0,0,0,0,0,0,0,0,0,0
Nicaragua,2015-11-01,0,0,1,0,0,0,0,0,0,1,0,0,0,0,0,0,0,0,0,0
Nicaragua,2015-12-01,0,1,0,0,0,0,0,0,0,0,0,0,0,0,0,0,0,0,0,0
Nicaragua,2016-01-01,0,0,0,0,0,0,0,0,0,0,0,0,0,0,0,0,0,0,0,0
Nicaragua,2016-02-01,0,0,0,0,0,0,0,0,0,0,0,1,0,0,1,0,0,0,0,0
Nicaragua,2016-03-01,0,0,0,0,0,0,0,0,0,0,0,0,0,0,0,0,0,1,0,0
Nicaragua,2016-04-01,0,0,0,0,1,0,0,0,1,0,0,1,0,0,0,0,0,0,0,0
Nicaragua,2016-05-01,0,0,0,0,0,1,0,0,0,0,0,0,0,0,0,0,0,0,0,0
Nicaragua,2016-06-01,0,0,0,0,0,0,0,0,0,0,0,0,0,0,0,1,0,0,1,0
Nicaragua,2016-07-01,0,0,0,0,0,0,0,0,0,0,0,0,0,0,0,0,0,0,0,0
Nicaragua,2016-08-01,0,0,0,0,0,0,0,0,0,0,0,0,0,0,0,0,0,0,0,0
Nicaragua,2016-09-01,0,0,0,0,0,0,0,0,0,0,0,0,0,0,0,0,0,0,0,0
Nicaragua,2016-10-01,0,0,0,0,0,0,0,0,0,0,0,0,0,0,0,0,0,0,0,0
Nicaragua,2016-11-01,1,0,0,1,0,0,0,0,0,0,0,0,0,0,0,0,0,0,0,0
Nicaragua,2016-12-01,0,0,0,0,0,0,0,0,0,0,0,0,0,0,0,0,0,0,0,0
Nicaragua,2017-01-01,0,0,0,0,0,0,0,0,0,0,0,0,0,0,0,0,0,0,0,0
Nicaragua,2017-02-01,0,0,0,0,0,0,1,0,0,0,0,0,0,0,0,0,0,0,0,0
Nicaragua,2017-03-01,0,0,0,0,0,0,0,0,0,0,0,0,0,0,0,0,0,0,0,1
Nicaragua,2017-04-01,0,0,0,0,0,0,0,1,0,0,0,0,1,0,0,0,0,0,0,0
Nicaragua,2017-05-01,0,0,0,0,0,0,1,0,0,0,0,0,0,0,0,0,0,0,0,0
Nicaragua,2017-06-01,0,0,0,0,1,0,0,0,0,0,1,0,0,0,0,0,1,0,0,0
Nicaragua,2017-07-01,0,0,0,0,0,0,0,0,0,0,0,0,0,1,0,0,0,1,0,0
Nicaragua,2017-08-01,0,1,0,0,0,0,0,0,0,0,0,0,0,1,0,0,0,0,0,0
Nicaragua,2017-09-01,0,0,0,0,0,0,0,0,0,1,0,0,0,0,0,0,0,0,0,0
Nicaragua,2017-10-01,1,1,0,0,1,0,1,1,1,0,0,0,0,0,0,1,1,0,0,0
Nicaragua,2017-11-01,0,0,0,0,0,1,0,0,0,0,0,0,0,0,0,0,1,0,0,0
Nicaragua,2017-12-01,0,0,0,0,0,0,0,0,0,0,0,0,0,0,1,0,0,1,1,0
Nicaragua,2018-01-01,0,0,1,0,0,0,0,0,0,1,0,0,0,0,0,0,0,0,0,0
Nicaragua,2018-02-01,0,0,0,0,0,0,0,0,0,1,0,0,1,0,0,0,0,0,0,0
Nicaragua,2018-03-01,0,0,0,1,0,0,0,0,0,0,0,0,0,0,0,0,0,0,0,0
Nicaragua,2018-04-01,0,0,0,0,0,0,0,0,0,0,0,0,0,0,0,0,0,0,0,1
Nicaragua,2018-05-01,0,0,0,0,0,0,0,0,0,0,0,0,0,0,0,0,0,0,0,0
Nicaragua,2018-06-01,0,0,0,0,0,0,0,0,0,0,0,0,0,0,0,0,0,0,0,0
Nicaragua,2018-07-01,0,0,0,0,0,0,0,0,0,0,0,0,0,0,0,0,0,0,0,0
Nicaragua,2018-08-01,0,0,0,0,0,0,0,0,0,0,0,0,0,0,0,0,0,0,0,0
Nicaragua,2018-09-01,0,0,0,0,0,0,0,0,0,0,0,0,0,1,0,0,0,0,0,0
Nicaragua,2018-10-01,1,1,0,1,0,0,0,1,0,0,0,0,0,0,0,0,0,0,0,0
Nicaragua,2018-11-01,0,0,0,0,0,1,0,0,0,0,0,0,0,0,0,0,0,0,0,0
Nicaragua,2018-12-01,0,0,0,0,0,1,0,0,0,0,0,0,0,0,0,0,0,0,0,0
Nicaragua,2019-01-01,0,0,0,0,0,0,0,0,0,0,0,0,0,0,0,0,0,0,0,0
Nicaragua,2019-02-01,0,0,0,0,0,0,0,0,0,0,0,0,0,0,1,0,0,0,0,0
Nicaragua,2019-03-01,0,0,0,0,0,0,0,0,0,0,0,0,0,0,0,0,0,0,0,0
Nicaragua,2019-04-01,0,0,0,1,0,0,0,0,0,0,0,0,1,0,0,0,0,0,0,0
Nicaragua,2019-05-01,0,0,0,0,0,1,1,0,0,1,0,1,0,0,0,0,0,0,0,0
Nicaragua,2019-06-01,0,0,0,1,0,0,0,0,0,0,0,0,0,0,0,0,0,0,0,0
Nicaragua,2019-07-01,0,0,0,0,0,0,0,0,0,0,0,0,0,0,0,0,0,0,0,0
Nicaragua,2019-08-01,0,0,0,0,0,0,0,0,0,0,1,0,0,1,0,1,0,0,0,0
Nicaragua,2019-09-01,0,0,0,0,1,0,0,0,0,0,0,0,1,0,0,0,0,0,0,0
Nicaragua,2019-10-01,0,0,1,0,0,1,0,0,0,0,0,0,0,0,0,1,0,0,1,1
Nicaragua,2019-11-01,0,0,0,0,0,0,0,0,0,0,0,0,0,0,0,0,0,0,0,0
Nicaragua,2019-12-01,0,0,0,0,0,0,0,0,0,0,0,0,1,0,1,0,0,0,0,0
Nicaragua,2020-01-01,0,0,0,0,0,0,0,0,0,0,0,0,0,0,0,0,0,1,0,0
Nicaragua,2020-02-01,0,0,0,0,0,0,0,1,0,0,0,0,0,0,0,0,0,1,0,1
Nicaragua,2020-03-01,0,0,0,0,0,0,0,0,0,0,0,0,0,0,0,0,0,0,0,0
Nicaragua,2020-04-01,0,0,0,0,0,0,0,0,0,0,0,0,0,0,0,0,0,0,0,0
Nicaragua,2020-05-01,0,0,0,0,0,0,0,0,0,0,0,0,1,0,0,0,0,0,0,0
Nicaragua,2020-06-01,0,0,0,0,0,0,0,0,0,0,0,0,0,0,0,0,1,0,0,0
Nicaragua,2020-07-01,0,0,0,1,0,0,0,0,0,0,0,0,0,0,0,0,0,0,0,0
Nicaragua,2020-08-01,0,0,0,0,0,0,0,0,0,0,0,0,0,0,0,0,0,0,0,0
Nicaragua,2020-09-01,0,0,0,0,0,0,0,0,0,0,0,0,0,0,0,0,0,0,1,0
Nicaragua,2020-10-01,0,0,0,0,0,0,0,0,0,1,0,0,0,1,0,0,0,0,0,0
Nicaragua,2020-11-01,1,1,1,1,1,0,1,1,1,0,1,1,0,0,0,0,0,0,0,0
Nicaragua,2020-12-01,0,0,0,1,0,0,0,0,0,0,0,0,0,0,0,1,0,0,1,0
Nicaragua,2021-01-01,0,0,1,0,1,0,0,0,0,0,0,0,0,1,1,0,0,0,0,0
Nicaragua,2021-02-01,0,0,1,0,0,0,0,0,0,1,0,0,0,0,0,0,0,0,0,0
Nicaragua,2021-03-01,0,1,0,0,0,0,0,0,0,0,0,0,1,0,0,0,0,0,0,0
Nicaragua,2021-04-01,0,0,0,0,0,0,0,0,0,0,1,0,0,0,0,0,0,0,0,0
Nicaragua,2021-05-01,0,0,0,0,0,0,0,0,0,0,0,0,0,0,0,0,0,0,0,0
Nicaragua,2021-06-01,0,0,0,0,0,0,0,0,0,0,0,0,0,0,0,0,0,0,0,0
Nicaragua,2021-07-01,0,0,0,0,0,0,0,0,0,0,0,0,0,0,0,0,0,0,0,0
Nicaragua,2021-08-01,0,0,0,0,0,0,0,0,0,0,0,0,0,0,0,0,0,1,0,0
Nicaragua,2021-09-01,0,0,0,0,0,0,0,0,0,0,0,0,0,0,0,0,0,1,0,0
Nicaragua,2021-10-01,0,0,0,0,0,0,0,0,0,0,0,0,0,0,0,0,0,0,0,0
Nicaragua,2021-11-01,0,0,0,0,0,0,0,0,0,0,0,0,0,0,0,0,0,0,0,0
Nicaragua,2021-12-01,0,0,0,0,0,0,0,0,0,0,0,0,0,0,0,0,0,0,0,0
Nicaragua,2022-01-01,0,0,0,0,0,1,0,0,0,1,0,0,0,0,0,0,0,0,0,0
Nicaragua,2022-02-01,0,0,0,0,0,0,0,0,0,0,0,0,0,0,0,0,0,0,0,0
Nicaragua,2022-03-01,0,0,0,0,1,0,1,1,0,0,0,0,0,0,0,1,0,0,1,1
Nicaragua,2022-04-01,0,0,0,0,0,1,0,0,0,0,1,0,0,0,0,0,0,0,0,0
Nicaragua,2022-05-01,0,0,0,0,0,0,0,0,0,0,0,0,0,0,0,0,0,0,0,0
Nicaragua,2022-06-01,0,0,0,0,0,0,0,0,0,0,0,0,0,0,0,0,0,0,0,0
Nicaragua,2022-07-01,0,0,0,0,0,0,0,0,0,0,0,0,0,0,0,0,0,0,0,0
Nicaragua,2022-08-01,0,0,0,0,0,0,0,0,0,0,0,0,1,0,0,0,0,0,0,0
Nicaragua,2022-09-01,0,0,0,0,0,0,0,0,0,0,0,0,0,0,0,0,0,0,0,0
Nicaragua,2022-10-01,1,0,0,1,0,0,0,1,1,0,0,1,0,1,0,0,0,0,0,0
Nicaragua,2022-11-01,0,0,0,0,0,0,0,0,0,0,0,0,0,0,0,0,0,0,0,0
Nicaragua,2022-12-01,0,0,0,0,0,0,0,0,0,0,0,0,0,0,0,0,0,0,0,0
Nicaragua,2023-01-01,0,0,0,0,0,0,0,0,0,0,0,0,0,0,0,0,0,0,0,1
Nicaragua,2023-02-01,0,0,0,0,0,0,0,0,0,1,0,0,0,0,0,0,0,0,0,0
Nicaragua,2023-03-01,0,0,0,0,0,0,0,0,0,1,0,0,0,0,0,0,0,0,0,0
Nicaragua,2023-04-01,0,0,1,0,0,0,0,0,0,0,0,0,0,0,0,1,0,1,0,0
Nicaragua,2023-05-01,0,0,0,0,0,0,0,0,0,0,0,0,0,0,0,0,0,0,0,0
Nicaragua,2023-06-01,0,0,0,0,0,0,0,0,0,0,0,0,0,0,0,0,1,0,0,0
Nicaragua,2023-07-01,0,0,0,1,0,0,0,0,0,1,0,0,0,0,0,1,0,0,0,0
Nicaragua,2023-08-01,0,0,0,0,0,0,0,0,0,0,0,1,0,0,0,0,0,0,1,0
Nicaragua,2023-09-01,0,0,1,0,0,0,0,0,0,0,0,0,0,0,0,0,0,0,0,0
Nicaragua,2023-10-01,0,0,0,0,1,0,0,1,0,0,0,0,0,0,0,0,0,0,0,0
Nicaragua,2023-11-01,0,0,0,0,0,0,0,0,0,0,0,0,0,0,0,0,0,0,0,0
Nicaragua,2023-12-01,0,0,0,0,0,0,0,0,0,0,0,0,0,0,0,0,0,0,0,0
Nicaragua,2024-01-01,0,0,0,0,0,0,0,0,0,0,0,0,0,0,0,0,0,0,0,0
Nicaragua,2024-02-01,0,1,1,0,0,1,0,0,0,0,0,0,0,0,1,0,0,0,0,0
Nicaragua,2024-03-01,0,0,0,0,0,0,0,0,0,0,0,1,0,0,0,0,0,0,0,0
Nicaragua,2024-04-01,0,0,0,0,0,0,0,0,0,0,0,0,0,0,0,0,1,0,0,1
Nicaragua,2024-05-01,0,0,0,0,0,0,0,0,0,0,0,0,1,1,0,0,0,0,0,0
Nicaragua,2024-06-01,0,0,0,0,1,0,1,0,1,0,0,0,1,0,0,0,0,0,0,1
Nicaragua,2024-07-01,0,0,0,0,0,0,0,0,0,0,0,0,0,0,0,0,0,0,0,0
Nicaragua,2024-08-01,0,0,0,0,0,0,0,1,0,0,0,0,0,0,0,0,0,0,0,0
Nicaragua,2024-09-01,0,0,0,0,0,1,0,0,0,0,0,0,0,0,0,0,0,0,0,0
Nicaragua,2024-10-01,0,0,1,0,0,0,0,0,0,0,1,0,0,0,0,1,0,0,0,0
Nicaragua,2024-11-01,1,1,0,0,1,0,0,1,0,1,0,0,0,1,0,0,1,1,0,0
Nicaragua,2024-12-01,0,0,0,1,0,0,0,0,0,0,0,0,0,0,0,0,0,0,0,0
Nicaragua,2025-01-01,0,0,0,0,0,0,1,0,0,0,0,0,0,0,0,0,0,0,0,0
Nicaragua,2025-02-01,0,0,0,0,0,0,0,0,0,0,0,0,0,0,1,0,0,0,0,0
Nicaragua,2025-03-01,0,0,0,0,0,0,0,0,0,0,0,0,0,0,0,0,0,0,1,0
Nicaragua,2025-04-01,0,0,0,0,0,0,0,0,0,0,0,0,0,0,1,0,0,0,0,0
Nicaragua,2025-05-01,0,0,0,0,0,0,0,0,0,0,0,0,0,0,0,0,0,0,0,0
Nicaragua,2025-06-01,0,0,0,0,0,0,0,0,0,0,0,0,0,0,0,0,1,0,0,0
Nicaragua,2025-07-01,0,0,0,0,0,1,1,0,0,0,0,0,0,0,0,0,0,0,0,1
Nicaragua,2025-08-01,0,0,0,0,0,0,0,0,0,0,0,0,1,0,0,0,0,0,0,0
Nicaragua,2025-09-01,0,0,1,0,0,0,0,0,0,0,0,1,0,0,0,0,0,0,0,0
Nicaragua,2025-10-01,0,0,0,0,0,0,0,0,0,0,0,0,0,0,0,0,0,0,0,0
Nicaragua,2025-11-01,0,0,0,0,0,0,0,0,0,0,0,0,0,0,0,0,0,0,0,0
Nicaragua,2025-12-01,0,0,0,0,0,0,0,0,0,0,0,0,0,0,0,0,0,0,0,0
Nicaragua,2026-01-01,0,0,0,0,0,0,0,0,0,0,0,0,0,0,0,0,0,0,0,0
Costa Rica,2012-01-01,0,0,0,0,0,0,0,0,1,0,0,0,0,1,0,0,0,0,0,0
Costa Rica,2012-02-01,0,0,0,0,0,0,0,0,0,0,0,1,0,0,0,0,0,0,0,1
Costa Rica,2012-03-01,0,0,0,0,1,0,0,0,0,0,0,0,0,0,0,0,0,0,0,0
Costa Rica,2012-04-01,0,0,0,0,1,0,0,0,0,0,1,0,1,1,0,0,0,0,0,1
Costa Rica,2012-05-01,0,1,0,0,0,1,0,0,1,1,0,0,0,1,0,0,0,0,0,0
Costa Rica,2012-06-01,0,1,0,0,1,1,0,0,0,1,0,0,1,0,0,0,0,0,0,0
Costa Rica,2012-07-01,0,0,0,0,0,0,0,1,0,0,0,1,0,1,0,0,0,0,1,0
Costa Rica,2012-08-01,1,0,0,0,0,0,0,0,0,0,0,0,1,0,0,1,0,0,1,0
Costa Rica,2012-09-01,1,0,0,0,0,0,1,1,1,0,0,0,0,0,0,0,0,0,0,0
Costa Rica,2012-10-01,1,0,0,0,0,0,0,0,0,0,1,0,1,0,1,0,0,0,0,0
Costa Rica,2012-11-01,0,0,0,0,0,0,0,0,0,0,0,0,0,0,0,0,0,0,0,0
Costa Rica,2012-12-01,0,0,0,0,0,0,0,0,0,0,0,0,0,0,1,0,0,0,0,0
Costa Rica,2013-01-01,0,0,1,0,0,0,0,0,0,0,0,0,0,0,0,0,0,0,0,0
Costa Rica,2013-02-01,0,0,0,0,0,0,0,0,0,0,0,0,0,0,0,0,1,0,0,0
Costa Rica,2013-03-01,0,1,0,1,0,0,0,0,0,0,0,0,0,0,0,0,1,0,0,0
Costa Rica,2013-04-01,0,0,0,0,0,0,0,0,0,0,0,0,0,0,0,0,0,0,0,0
Costa Rica,2013-05-01,0,0,0,0,0,0,0,0,0,0,0,0,0,0,0,0,0,0,0,0
Costa Rica,2013-06-01,0,0,0,0,0,0,0,0,0,1,0,0,0,0,0,0,0,1,0,0
Costa Rica,2013-07-01,0,0,0,1,0,0,0,0,0,0,0,0,0,0,0,0,0,1,0,0
Costa Rica,2013-08-01,0,0,0,0,0,1,0,0,0,0,0,0,0,0,0,0,0,0,0,0
Costa Rica,2013-09-01,0,0,0,0,0,0,0,0,0,0,0,0,0,0,0,0,0,0,0,0
Costa Rica,2013-10-01,0,0,0,0,1,0,0,0,0,0,0,0,0,0,0,0,0,0,0,0
Costa Rica,2013-11-01,0,0,0,0,0,0,0,0,0,0,0,0,0,0,0,0,0,0,0,0
Costa Rica,2013-12-01,0,0,0,0,0,0,0,0,0,0,0,0,0,0,0,0,0,0,0,0
Costa Rica,2014-01-01,0,0,0,0,0,0,0,0,0,0,0,0,0,0,0,0,0,0,0,0
Costa Rica,2014-02-01,0,0,0,0,0,0,0,0,0,0,0,0,0,0,0,0,0,0,0,0
Costa Rica,2014-03-01,0,0,0,0,0,0,0,0,0,1,0,0,0,0,0,0,0,0,1,0
Costa Rica,2014-04-01,1,0,0,0,0,0,0,0,0,0,1,0,0,0,0,0,0,0,0,0
Costa Rica,2014-05-01,0,0,0,0,0,0,0,0,0,0,0,0,0,0,0,0,0,0,0,0
Costa Rica,2014-06-01,0,0,0,0,0,0,0,1,0,0,0,0,0,0,0,0,0,0,0,0
Costa Rica,2014-07-01,0,0,0,0,1,1,0,0,0,0,1,0,0,1,1,0,0,0,0,1
Costa Rica,2014-08-01,0,0,0,0,0,0,0,0,0,0,0,0,0,0,0,0,1,0,0,0
Costa Rica,2014-09-01,0,0,0,0,0,0,0,0,0,0,0,1,0,0,0,0,0,0,0,0
Costa Rica,2014-10-01,0,0,0,0,0,0,0,0,0,0,0,0,0,0,0,0,0,1,0,0
Costa Rica,2014-11-01,0,0,0,0,0,0,0,0,0,0,0,0,0,0,0,0,0,0,0,0
Costa Rica,2014-12-01,0,0,0,0,0,0,0,0,0,0,0,0,0,0,0,0,0,0,0,0
Costa Rica,2015-01-01,0,0,0,0,0,0,0,0,0,0,0,0,1,0,0,0,0,1,0,0
Costa Rica,2015-02-01,0,1,0,0,0,0,0,0,0,0,0,0,0,0,0,0,0,0,0,0
Costa Rica,2015-03-01,0,0,0,0,0,0,1,0,1,0,0,0,0,0,1,0,0,0,0,0
Costa Rica,2015-04-01,0,0,0,1,0,0,1,0,0,0,0,0,0,0,0,0,0,0,0,0
Costa Rica,2015-05-01,0,0,0,0,0,0,0,0,0,0,0,0,0,0,0,0,0,0,0,0
Costa Rica,2015-06-01,0,0,0,1,0,0,0,0,0,0,0,0,0,0,0,0,0,0,0,1
Costa Rica,2015-07-01,0,0,0,0,0,0,0,1,1,0,0,0,0,0,0,0,1,0,1,0
Costa Rica,2015-08-01,0,0,0,0,0,1,0,1,0,1,0,0,0,0,0,0,0,0,0,0
Costa Rica,2015-09-01,0,0,0,0,0,0,0,1,0,0,0,0,0,0,0,0,0,0,0,0
Costa Rica,2015-10-01,0,0,0,0,0,0,0,0,0,0,0,0,0,0,0,1,0,0,0,0
Costa Rica,2015-11-01,0,0,0,0,0,0,0,0,0,1,0,0,0,0,0,1,0,0,0,0
Costa Rica,2015-12-01,0,0,1,0,0,0,0,0,0,0,0,0,0,0,0,0,0,0,0,0
Costa Rica,2016-01-01,0,0,0,0,0,0,0,0,0,0,0,0,0,0,0,0,0,1,0,0
Costa Rica,2016-02-01,0,0,0,1,0,0,0,0,0,0,1,0,1,0,0,0,0,0,0,0
Costa Rica,2016-03-01,0,0,0,0,0,0,0,0,0,0,0,0,0,0,0,0,0,1,0,0
Costa Rica,2016-04-01,0,0,0,0,0,0,0,0,0,0,0,0,0,0,0,0,0,0,0,0
Costa Rica,2016-05-01,0,0,0,0,0,0,0,0,0,0,0,0,0,0,0,0,0,0,0,0
Costa Rica,2016-06-01,0,0,0,0,0,0,0,0,0,0,0,0,0,0,0,1,0,0,0,0
Costa Rica,2016-07-01,0,0,0,0,0,0,0,0,0,0,0,0,0,0,0,0,0,0,0,0
Costa Rica,2016-08-01,0,0,0,0,0,0,0,0,0,0,0,0,0,0,0,0,0,0,0,0
Costa Rica,2016-09-01,0,0,0,0,0,0,1,0,1,0,0,0,0,0,0,0,0,0,0,0
Costa Rica,2016-10-01,0,0,0,0,0,0,0,0,0,0,0,1,0,0,0,0,0,0,0,0
Costa Rica,2016-11-01,1,0,0,0,0,0,0,0,1,0,0,0,0,0,0,0,0,0,0,0
Costa Rica,2016-12-01,0,0,0,0,0,0,0,0,0,0,0,0,0,0,0,0,0,0,0,0
Costa Rica,2017-01-01,0,0,0,0,0,0,0,0,0,0,0,0,0,0,0,0,0,0,0,0
Costa Rica,2017-02-01,0,0,0,0,0,0,1,0,0,0,0,0,0,0,0,0,0,0,0,0
Costa Rica,2017-03-01,0,0,1,0,0,0,0,0,0,0,0,0,0,0,0,0,0,0,0,0
Costa Rica,2017-04-01,0,0,0,0,0,1,1,0,0,0,0,0,1,1,0,0,0,0,0,0
Costa Rica,2017-05-01,0,0,0,0,0,0,0,0,0,0,0,0,0,0,0,0,0,0,1,0
Costa Rica,2017-06-01,0,1,0,0,1,0,0,0,0,0,1,0,0,0,0,0,1,0,0,0
Costa Rica,2017-07-01,0,0,0,0,0,0,0,0,0,0,0,0,0,0,0,0,0,1,0,0
Costa Rica,2017-08-01,0,0,0,0,0,0,0,0,0,0,0,0,0,0,1,0,0,0,0,0
Costa Rica,2017-09-01,0,0,0,0,0,0,0,0,0,0,0,0,0,0,0,0,0,0,0,0
Costa Rica,2017-10-01,1,0,0,0,0,1,0,1,0,0,0,0,0,0,0,0,0,0,0,0
Costa Rica,2017-11-01,0,1,0,0,0,0,0,0,1,0,0,0,0,0,0,0,0,0,0,0
Costa Rica,2017-12-01,0,0,0,0,0,0,0,0,0,0,0,0,0,0,0,1,0,0,0,0
Costa Rica,2018-01-01,0,0,0,0,0,0,0,0,0,0,0,0,0,0,0,0,0,0,0,0
Costa Rica,2018-02-01,0,0,0,0,0,0,0,0,0,0,0,0,0,0,0,0,0,0,0,0
Costa Rica,2018-03-01,0,0,0,0,0,0,0,0,0,0,0,0,0,0,0,0,0,0,0,0
Costa Rica,2018-04-01,0,0,0,0,0,0,0,0,0,0,0,0,0,0,0,0,0,0,0,1
Costa Rica,2018-05-01,0,0,0,0,0,0,0,0,0,1,0,0,0,0,0,0,0,0,0,0
Costa Rica,2018-06-01,0,0,0,0,1,0,0,0,0,0,0,0,0,0,0,0,0,0,0,0
Costa Rica,2018-07-01,0,0,0,0,0,0,1,0,1,0,0,0,1,1,0,0,0,0,0,1
Costa Rica,2018-08-01,0,0,0,0,0,0,0,0,0,0,0,0,0,0,0,0,0,0,0,0
Costa Rica,2018-09-01,0,0,0,0,0,1,0,0,0,0,0,0,0,0,1,0,0,0,0,0
Costa Rica,2018-10-01,0,0,0,0,0,0,0,0,0,0,0,0,0,0,0,0,1,0,0,0
Costa Rica,2018-11-01,0,0,0,0,0,0,0,0,0,0,0,0,0,0,0,0,0,0,0,0
Costa Rica,2018-12-01,0,0,0,1,0,0,0,0,0,0,0,0,0,0,0,0,0,0,0,0
Costa Rica,2019-01-01,0,0,0,0,0,0,0,0,0,0,0,0,0,0,0,0,0,0,0,0
Costa Rica,2019-02-01,0,0,0,1,0,0,0,0,0,0,0,1,0,0,0,0,0,0,0,0
Costa Rica,2019-03-01,0,0,0,0,0,0,0,0,0,0,0,0,1,0,0,0,0,1,0,0
Costa Rica,2019-04-01,0,0,0,0,0,0,0,0,0,0,1,0,0,0,0,0,0,0,1,0
Costa Rica,2019-05-01,1,0,0,0,0,0,0,0,0,0,0,0,0,0,0,0,0,0,0,1
Costa Rica,2019-06-01,0,0,1,0,0,1,0,0,0,1,0,0,0,0,0,0,1,0,0,0
Costa Rica,2019-07-01,0,0,0,0,0,0,0,1,0,0,0,0,0,0,0,0,0,0,0,0
Costa Rica,2019-08-01,0,0,0,0,0,0,0,0,0,0,0,0,0,1,0,0,0,0,0,0
Costa Rica,2019-09-01,0,0,0,0,1,0,0,0,1,0,0,0,0,0,0,1,0,0,1,0
Costa Rica,2019-10-01,0,1,0,0,0,0,1,0,0,0,0,0,0,0,0,0,0,0,0,0
Costa Rica,2019-11-01,0,0,0,0,0,0,0,0,0,0,1,0,0,0,0,0,0,0,0,0
Costa Rica,2019-12-01,0,0,0,0,1,0,0,0,0,0,0,0,1,0,0,0,0,0,0,0
Costa Rica,2020-01-01,0,0,0,0,0,0,0,1,0,0,0,0,0,0,0,0,0,0,0,0
Costa Rica,2020-02-01,0,0,0,0,0,0,1,0,0,0,0,0,0,0,0,0,0,1,0,0
Costa Rica,2020-03-01,0,0,0,0,0,0,0,0,0,0,0,0,0,0,0,0,0,0,0,0
Costa Rica,2020-04-01,0,0,0,0,0,0,0,0,0,0,0,0,0,0,0,0,0,0,0,1
Costa Rica,2020-05-01,0,0,0,0,0,0,0,0,0,0,0,0,1,0,0,0,0,0,0,0
Costa Rica,2020-06-01,0,0,0,0,0,0,0,0,0,0,0,0,0,0,0,0,0,0,0,0
Costa Rica,2020-07-01,0,0,0,0,0,0,0,0,0,0,0,0,0,0,0,0,0,0,0,0
Costa Rica,2020-08-01,0,0,0,0,0,0,0,0,0,0,0,0,0,0,0,0,0,1,0,0
Costa Rica,2020-09-01,0,0,0,0,0,0,0,0,0,1,0,0,1,0,0,0,0,0,0,0
Costa Rica,2020-10-01,0,0,0,0,0,0,0,0,0,0,0,0,0,0,0,0,0,0,0,0
Costa Rica,2020-11-01,1,0,0,1,0,0,0,1,0,0,0,0,0,1,0,0,0,0,0,0
Costa Rica,2020-12-01,0,0,0,0,0,0,0,0,0,0,0,0,0,0,0,0,0,0,0,0
Costa Rica,2021-01-01,0,0,0,0,0,0,0,0,0,1,0,0,0,0,0,0,0,0,0,0
Costa Rica,2021-02-01,0,0,0,0,0,0,0,0,0,0,0,0,0,0,0,0,0,0,0,0
Costa Rica,2021-03-01,0,0,0,0,0,0,0,0,0,0,0,0,0,0,0,0,0,0,0,0
Costa Rica,2021-04-01,0,0,0,0,0,0,0,0,0,0,0,0,0,0,0,0,0,0,0,0
Costa Rica,2021-05-01,0,0,0,0,0,0,0,0,0,0,0,0,0,0,0,0,0,0,0,0
Costa Rica,2021-06-01,0,0,0,0,0,0,0,1,0,0,0,0,0,0,0,0,0,0,0,0
Costa Rica,2021-07-01,1,0,0,0,0,0,0,0,0,0,0,0,0,0,0,0,0,0,0,0
Costa Rica,2021-08-01,0,0,0,0,0,1,0,0,1,0,0,0,0,0,1,0,0,0,0,1
Costa Rica,2021-09-01,0,0,0,0,0,0,0,0,0,0,0,0,0,0,0,0,0,0,0,0
Costa Rica,2021-10-01,0,0,0,0,1,1,0,0,0,0,0,0,0,0,0,1,0,0,0,1
Costa Rica,2021-11-01,0,1,0,0,0,0,0,0,0,0,1,1,0,0,0,0,0,0,0,0
Costa Rica,2021-12-01,0,0,0,1,0,0,0,0,0,0,0,0,0,0,0,0,0,0,0,0
Costa Rica,2022-01-01,0,0,0,0,0,0,0,0,0,0,0,0,0,0,0,0,0,0,0,1
Costa Rica,2022-02-01,0,0,0,0,0,0,0,0,0,0,0,0,0,0,0,0,0,0,0,0
Costa Rica,2022-03-01,0,0,0,0,0,0,0,0,0,0,0,0,0,0,0,0,0,1,0,0
Costa Rica,2022-04-01,0,0,1,0,0,0,0,0,0,0,0,0,0,0,0,0,0,0,0,0
Costa Rica,2022-05-01,0,0,0,0,0,0,0,0,0,0,0,0,0,0,0,0,0,0,0,0
Costa Rica,2022-06-01,0,0,0,0,0,0,0,0,0,0,0,0,0,0,0,0,0,0,0,0
Costa Rica,2022-07-01,0,0,1,0,0,0,0,1,0,0,0,0,0,0,0,0,0,0,0,0
Costa Rica,2022-08-01,0,0,0,0,0,0,0,0,0,1,0,0,0,0,0,0,0,0,0,0
Costa Rica,2022-09-01,0,0,0,0,0,0,0,0,0,0,0,0,0,0,0,0,0,0,0,0
Costa Rica,2022-10-01,1,0,0,0,0,0,0,0,0,0,0,0,0,0,0,0,0,0,0,1
Costa Rica,2022-11-01,0,1,0,0,0,0,0,0,0,0,0,0,0,0,0,0,0,0,0,0
Costa Rica,2022-12-01,0,0,0,0,0,0,0,0,0,0,0,0,0,0,0,0,0,1,0,0
Costa Rica,2023-01-01,0,0,0,0,0,0,0,0,0,0,0,0,0,0,0,0,0,0,0,0
Costa Rica,2023-02-01,0,0,0,0,0,0,0,0,0,0,0,0,0,0,0,0,0,0,0,0
Costa Rica,2023-03-01,0,0,0,1,0,0,0,0,0,0,0,0,0,0,0,0,0,0,1,0
Costa Rica,2023-04-01,0,0,0,0,0,1,0,0,0,0,0,0,0,1,0,0,0,0,0,0
Costa Rica,2023-05-01,0,0,0,0,0,0,0,0,0,1,0,0,1,0,0,0,0,0,0,0
Costa Rica,2023-06-01,0,1,1,0,1,1,1,0,1,0,1,1,0,0,1,0,1,0,0,0
Costa Rica,2023-07-01,0,0,0,0,0,0,0,0,0,0,0,1,0,0,0,0,0,0,1,0
Costa Rica,2023-08-01,0,0,0,0,0,0,0,1,0,0,0,0,0,0,0,0,0,0,0,0
Costa Rica,2023-09-01,0,0,0,0,0,0,0,0,0,0,0,0,0,0,0,0,0,0,0,0
Costa Rica,2023-10-01,1,0,0,0,0,0,0,0,1,0,0,0,0,0,0,0,0,0,0,0
Costa Rica,2023-11-01,0,0,0,1,0,0,0,0,0,0,0,0,0,0,0,0,1,0,0,0
Costa Rica,2023-12-01,0,0,0,0,0,0,0,0,0,0,0,0,0,0,0,1,0,0,0,1
Costa Rica,2024-01-01,0,0,0,0,0,0,1,0,0,0,0,0,0,0,0,0,0,0,0,0
Costa Rica,2024-02-01,0,0,0,0,0,0,1,0,0,0,0,0,0,0,0,0,0,0,0,0
Costa Rica,2024-03-01,0,0,0,0,0,0,0,0,0,0,0,0,0,0,0,0,0,0,0,0
Costa Rica,2024-04-01,0,0,0,0,0,0,0,0,0,0,0,0,0,0,0,0,1,0,0,0
Costa Rica,2024-05-01,0,1,0,0,0,0,0,0,0,0,0,0,0,0,0,0,0,0,1,0
Costa Rica,2024-06-01,0,0,0,0,0,0,0,0,0,0,0,0,0,0,0,0,0,0,0,0
Costa Rica,2024-07-01,0,0,0,0,0,1,0,0,0,1,0,0,0,0,0,0,0,0,0,0
Costa Rica,2024-08-01,0,0,0,0,0,0,0,0,0,0,0,0,1,0,1,0,0,0,0,0
Costa Rica,2024-09-01,0,0,1,0,1,0,0,0,0,0,1,0,1,0,0,0,0,0,0,0
Costa Rica,2024-10-01,0,0,0,0,0,0,0,0,0,0,0,0,0,0,0,0,0,0,0,0
Costa Rica,2024-11-01,1,0,0,0,0,0,0,1,0,0,1,0,0,1,0,0,0,0,0,0
Costa Rica,2024-12-01,0,0,0,1,0,0,0,0,1,0,0,0,0,0,0,0,0,0,0,1
Costa Rica,2025-01-01,0,0,0,0,0,0,0,0,0,0,0,0,0,0,0,0,0,0,0,0
Costa Rica,2025-02-01,0,0,0,0,0,1,0,0,0,0,0,0,0,0,0,0,0,0,0,0
Costa Rica,2025-03-01,0,0,0,0,0,0,0,0,0,0,0,0,0,0,0,0,0,0,0,0
Costa Rica,2025-04-01,0,0,0,0,0,1,0,0,0,0,0,0,0,0,0,0,0,0,0,0
Costa Rica,2025-05-01,1,0,0,0,0,0,0,0,0,0,0,0,0,0,0,0,0,0,0,0
Costa Rica,2025-06-01,0,0,0,0,0,0,0,0,0,0,0,1,0,0,0,0,0,0,0,0
Costa Rica,2025-07-01,0,0,0,0,0,0,0,1,0,0,0,1,0,0,0,0,0,0,0,0
Costa Rica,2025-08-01,0,0,0,0,0,0,0,0,0,0,0,1,0,0,0,0,0,0,0,0
Costa Rica,2025-09-01,0,0,0,0,0,1,0,0,0,0,0,0,0,0,0,0,0,0,0,0
Costa Rica,2025-10-01,1,0,0,0,0,0,0,1,0,0,0,0,0,0,0,1,0,0,0,1
Costa Rica,2025-11-01,0,0,0,0,1,0,0,0,0,0,1,0,0,1,0,0,0,0,0,0
Costa Rica,2025-12-01,0,0,0,0,0,0,0,0,0,0,0,0,0,0,0,0,0,0,0,0
Costa Rica,2026-01-01,0,0,0,0,0,0,0,0,0,0,0,0,0,0,0,0,0,0,0,0
Uganda,2012-01-01,0,0,0,0,0,0,0,0,0,0,0,0,0,0,0,0,0,0,0,0
Uganda,2012-02-01,0,0,0,0,1,0,0,0,0,0,0,0,0,0,0,0,0,0,0,1
Uganda,2012-03-01,0,0,0,0,0,0,0,0,0,0,0,0,0,0,0,0,0,0,0,0
Uganda,2012-04-01,0,0,0,0,0,0,0,0,0,1,0,1,0,0,0,0,0,0,0,0
Uganda,2012-05-01,0,0,0,1,0,0,1,0,1,0,0,0,1,0,0,0,0,0,0,0
Uganda,2012-06-01,1,0,0,0,0,0,0,0,0,0,1,0,1,0,0,0,1,0,0,0
Uganda,2012-07-01,0,0,0,0,0,0,0,0,0,0,0,1,0,0,0,0,0,0,0,0
Uganda,2012-08-01,0,0,0,0,0,0,0,0,0,0,0,0,0,0,0,0,0,0,0,0
Uganda,2012-09-01,0,0,0,0,1,0,0,0,0,0,0,0,0,0,0,0,0,0,0,1
Uganda,2012-10-01,0,0,0,0,0,0,0,0,0,0,0,0,0,0,0,0,0,1,0,0
Uganda,2012-11-01,0,0,0,0,0,0,0,0,0,1,0,0,0,0,0,0,0,0,0,0
Uganda,2012-12-01,0,0,0,0,0,0,0,0,0,0,0,0,0,0,0,0,0,0,0,0
Uganda,2013-01-01,0,0,0,0,0,0,0,0,0,0,1,0,0,0,1,1,0,0,0,0
Uganda,2013-02-01,0,0,1,0,0,0,0,0,1,0,0,0,0,0,0,0,0,0,1,0
Uganda,2013-03-01,0,0,0,0,0,1,0,0,0,0,0,0,0,1,0,0,0,0,0,0
Uganda,2013-04-01,0,0,1,1,0,0,0,0,0,0,0,0,0,0,0,0,1,0,0,0
Uganda,2013-05-01,1,0,0,0,0,0,0,1,0,0,0,0,0,0,1,0,1,0,0,0
Uganda,2013-06-01,0,0,0,0,0,0,1,0,0,0,0,0,0,1,0,1,0,1,0,0
Uganda,2013-07-01,0,0,0,0,0,0,0,1,0,0,0,0,0,0,0,0,0,0,0,0
Uganda,2013-08-01,1,0,0,0,0,0,0,0,0,0,0,0,0,0,0,0,0,0,0,0
Uganda,2013-09-01,1,0,0,0,0,0,0,0,1,0,0,0,0,0,0,0,0,0,0,0
Uganda,2013-10-01,0,0,0,0,0,0,0,0,0,0,0,0,0,0,0,0,0,0,0,0
Uganda,2013-11-01,0,0,0,0,0,0,0,0,0,0,0,0,0,0,0,0,0,0,0,0
Uganda,2013-12-01,0,1,0,0,0,0,0,0,0,0,0,0,0,0,0,0,0,0,1,0
Uganda,2014-01-01,0,0,0,0,0,0,0,0,0,0,0,0,0,0,0,0,0,0,0,0
Uganda,2014-02-01,0,0,0,0,0,1,0,0,0,0,0,0,0,0,0,0,0,1,0,0
Uganda,2014-03-01,0,0,0,0,0,0,0,0,0,1,0,1,1,0,0,0,0,0,0,0
Uganda,2014-04-01,0,0,0,0,0,0,0,0,0,0,0,0,0,0,0,0,0,0,0,1
Uganda,2014-05-01,0,0,0,0,0,0,0,0,0,0,0,0,0,0,0,0,0,0,0,1
Uganda,2014-06-01,0,1,0,0,0,0,0,0,1,0,0,0,0,1,0,0,0,0,0,0
Uganda,2014-07-01,0,0,0,1,0,0,0,0,0,0,0,0,0,0,0,1,0,0,0,0
Uganda,2014-08-01,0,0,1,1,0,0,0,0,0,0,0,0,0,0,0,0,0,0,0,0
Uganda,2014-09-01,0,0,0,1,0,0,0,0,0,0,1,0,0,0,1,0,0,0,0,0
Uganda,2014-10-01,0,0,0,0,0,0,0,0,0,0,0,0,0,0,0,0,0,0,0,0
Uganda,2014-11-01,0,0,0,0,0,0,0,0,0,0,0,0,1,0,0,0,0,0,0,0
Uganda,2014-12-01,0,0,0,0,0,0,0,1,0,0,0,0,0,0,0,0,0,0,1,0
Uganda,2015-01-01,0,0,0,0,0,0,0,0,0,0,0,0,0,0,0,0,0,0,0,0
Uganda,2015-02-01,0,0,0,0,0,0,0,0,0,0,0,0,0,0,0,0,1,0,1,0
Uganda,2015-03-01,0,0,0,0,0,0,0,0,0,0,0,0,0,0,0,0,0,0,0,0
Uganda,2015-04-01,0,0,0,0,0,0,0,0,0,0,0,0,0,0,1,0,0,0,0,0
Uganda,2015-05-01,0,0,1,0,0,0,0,0,0,0,0,0,0,0,0,0,0,1,0,0
Uganda,2015-06-01,0,0,0,0,0,0,0,1,0,0,0,0,0,0,0,0,0,0,0,0
Uganda,2015-07-01,0,0,0,0,0,0,0,0,0,0,0,0,0,0,0,0,0,0,0,0
Uganda,2015-08-01,0,0,0,0,0,0,0,0,0,0,0,0,0,0,0,0,0,0,0,0
Uganda,2015-09-01,0,0,0,0,0,0,0,0,0,0,0,0,0,0,0,0,0,0,0,0
Uganda,2015-10-01,0,1,0,0,0,0,0,0,0,0,0,0,0,0,0,0,0,0,0,0
Uganda,2015-11-01,0,0,0,0,0,0,0,0,0,0,1,0,0,0,0,0,0,0,0,0
Uganda,2015-12-01,0,0,0,0,0,0,0,0,0,0,0,0,0,0,0,0,0,0,0,0
Uganda,2016-01-01,0,0,0,0,0,0,0,0,0,0,0,0,0,0,0,0,0,0,0,0
Uganda,2016-02-01,0,0,0,0,0,0,0,0,0,0,0,0,0,0,0,0,0,0,1,1
Uganda,2016-03-01,0,0,0,0,0,1,0,0,0,0,0,0,0,0,0,0,0,0,0,0
Uganda,2016-04-01,0,1,0,0,0,1,0,0,0,0,0,0,0,0,0,0,0,0,0,0
Uganda,2016-05-01,0,0,0,0,0,0,0,0,0,0,0,0,0,0,0,1,0,0,0,0
Uganda,2016-06-01,0,0,0,0,0,0,0,0,0,0,0,0,0,0,0,0,1,0,0,0
Uganda,2016-07-01,0,0,0,0,0,0,1,0,0,0,0,0,0,0,0,0,0,0,0,0
Uganda,2016-08-01,0,0,0,1,0,0,0,0,0,0,0,0,0,1,0,0,0,0,0,0
Uganda,2016-09-01,1,0,0,0,0,0,0,0,0,1,1,0,0,0,0,0,0,1,0,0
Uganda,2016-10-01,0,0,0,0,0,0,0,0,0,0,0,0,1,0,0,0,0,0,0,0
Uganda,2016-11-01,0,0,1,0,0,0,0,0,0,0,0,0,0,0,0,0,0,0,0,0
Uganda,2016-12-01,0,0,0,0,1,0,0,0,0,0,0,0,0,0,1,0,0,0,0,0
Uganda,2017-01-01,0,0,0,0,0,0,0,0,0,0,0,0,0,0,0,0,0,0,0,0
Uganda,2017-02-01,0,0,0,0,0,1,0,0,0,0,0,1,0,0,0,0,0,0,0,0
Uganda,2017-03-01,0,0,0,0,0,0,0,0,0,0,0,0,0,0,0,0,0,0,1,0
Uganda,2017-04-01,0,0,0,0,0,0,0,0,0,0,0,0,0,1,0,0,0,0,0,0
Uganda,2017-05-01,0,0,0,0,0,0,0,1,0,0,0,0,0,0,0,0,0,0,0,0
Uganda,2017-06-01,0,0,0,0,0,0,0,0,0,0,0,0,1,0,0,0,0,0,0,1
Uganda,2017-07-01,0,0,0,0,0,0,0,0,0,0,1,0,0,0,0,0,1,0,0,0
Uganda,2017-08-01,0,0,0,0,0,0,0,0,0,0,0,0,0,0,0,0,0,0,0,0
Uganda,2017-09-01,0,0,0,0,0,0,0,0,0,0,0,0,0,0,0,1,0,0,0,0
Uganda,2017-10-01,0,0,0,0,0,0,0,0,0,0,0,0,0,0,1,0,0,0,0,0
Uganda,2017-11-01,0,0,0,0,0,0,0,0,0,0,0,0,0,0,0,0,0,0,0,0
Uganda,2017-12-01,0,0,0,0,0,1,0,0,0,0,0,0,0,0,0,0,0,0,0,0
Uganda,2018-01-01,0,0,0,0,0,0,0,0,0,0,0,0,0,0,0,0,0,0,0,0
Uganda,2018-02-01,0,0,0,1,0,0,0,0,0,0,0,0,1,0,0,0,0,0,0,0
Uganda,2018-03-01,0,0,0,0,0,0,0,0,0,0,0,1,0,0,0,0,0,1,0,0
Uganda,2018-04-01,0,0,0,0,1,0,0,0,0,0,0,0,0,0,0,0,0,1,0,0
Uganda,2018-05-01,0,0,0,0,0,0,0,0,0,0,0,0,0,0,0,0,0,0,0,1
Uganda,2018-06-01,0,0,0,0,0,0,0,0,0,0,0,0,0,0,0,0,0,0,0,0
Uganda,2018-07-01,0,1,0,0,0,0,0,0,0,0,0,0,0,0,0,0,0,0,0,1
Uganda,2018-08-01,0,0,0,0,0,0,0,0,0,0,0,0,0,0,0,0,0,0,0,0
Uganda,2018-09-01,0,0,0,0,0,0,0,0,1,0,0,0,0,0,0,0,1,0,0,0
Uganda,2018-10-01,1,0,0,0,0,0,0,1,0,0,0,0,0,1,0,0,0,0,0,0
Uganda,2018-11-01,0,0,0,0,0,0,0,0,0,0,0,0,0,0,0,0,0,0,0,0
Uganda,2018-12-01,0,0,0,0,0,0,0,0,0,0,0,0,0,0,1,0,0,0,0,0
Uganda,2019-01-01,0,0,0,0,0,0,0,0,0,0,0,0,0,0,0,0,1,0,0,0
Uganda,2019-02-01,0,0,0,0,0,1,0,0,0,0,0,0,0,0,0,0,0,0,0,0
Uganda,2019-03-01,0,0,1,0,0,0,0,0,0,0,0,0,0,0,0,0,0,0,0,0
Uganda,2019-04-01,0,0,0,0,0,0,0,0,0,0,0,0,0,0,0,0,0,0,0,0
Uganda,2019-05-01,0,0,0,0,0,0,0,0,0,0,0,0,0,1,0,0,0,0,0,0
Uganda,2019-06-01,0,0,0,0,0,0,0,0,0,0,0,0,0,0,0,0,0,0,0,0
Uganda,2019-07-01,0,0,0,0,0,0,0,0,0,0,0,0,0,0,0,0,0,0,0,0
Uganda,2019-08-01,0,1,0,0,0,0,0,0,0,0,0,0,0,0,0,0,0,0,0,0
Uganda,2019-09-01,0,0,0,0,0,0,0,0,0,0,1,0,0,0,0,1,1,0,1,0
Uganda,2019-10-01,0,0,0,0,0,0,0,0,0,0,0,0,0,0,0,0,0,1,0,0
Uganda,2019-11-01,0,0,0,0,0,0,0,0,0,0,0,0,0,0,0,0,0,0,0,0
Uganda,2019-12-01,1,0,0,0,0,0,0,0,0,0,0,0,0,0,0,0,0,0,0,0
Uganda,2020-01-01,0,0,0,0,0,0,0,0,0,0,1,0,0,0,0,0,0,0,0,0
Uganda,2020-02-01,0,1,0,1,1,0,0,0,1,0,0,0,0,0,0,0,0,1,0,0
Uganda,2020-03-01,0,0,0,0,0,0,0,0,0,0,0,0,0,0,0,0,0,0,0,1
Uganda,2020-04-01,0,0,0,0,0,0,0,0,0,0,0,0,0,0,0,0,0,0,0,0
Uganda,2020-05-01,1,0,0,0,0,0,0,1,0,0,0,1,0,0,0,0,0,0,0,0
Uganda,2020-06-01,0,0,0,0,0,1,0,0,0,1,0,0,0,0,0,0,0,0,0,0
Uganda,2020-07-01,0,0,0,1,0,1,0,0,0,0,0,0,0,1,0,0,0,0,0,0
Uganda,2020-08-01,0,0,0,0,0,0,0,0,0,0,0,0,0,0,0,0,0,0,0,0
Uganda,2020-09-01,0,0,0,0,0,0,1,0,0,0,0,0,0,0,0,0,0,0,0,0
Uganda,2020-10-01,0,0,0,0,0,0,0,0,0,1,0,0,0,0,0,0,0,0,0,0
Uganda,2020-11-01,0,0,0,0,0,0,0,0,0,0,0,0,0,0,0,0,0,0,0,0
Uganda,2020-12-01,0,0,0,0,0,0,0,0,0,0,0,0,1,0,0,0,0,1,0,0
Uganda,2021-01-01,0,0,0,0,0,0,0,0,0,0,0,0,0,0,0,0,0,0,0,0
Uganda,2021-02-01,0,0,0,0,0,0,0,0,0,0,0,0,0,0,0,0,1,0,0,0
Uganda,2021-03-01,0,1,1,0,1,0,0,0,1,0,1,1,0,1,1,1,1,0,0,1
Uganda,2021-04-01,0,0,0,0,0,1,0,0,0,0,0,0,0,0,0,0,0,0,0,0
Uganda,2021-05-01,0,0,0,0,0,0,0,0,0,1,0,0,0,0,0,0,0,0,0,0
Uganda,2021-06-01,0,0,0,0,0,0,0,0,0,0,0,0,0,0,0,0,0,0,0,0
Uganda,2021-07-01,0,0,0,0,0,0,0,0,0,0,0,0,0,0,0,0,0,0,0,0
Uganda,2021-08-01,0,0,0,0,0,0,0,0,0,0,0,0,0,0,0,0,0,0,0,1
Uganda,2021-09-01,0,0,0,0,0,0,1,0,0,0,0,0,0,0,0,0,1,0,0,0
Uganda,2021-10-01,0,0,0,0,0,0,0,0,0,0,0,0,0,0,0,0,0,0,0,0
Uganda,2021-11-01,0,0,0,0,0,0,0,0,0,0,0,0,0,0,0,0,0,0,0,0
Uganda,2021-12-01,0,0,0,0,0,0,0,0,0,0,0,0,0,0,0,0,0,0,0,0
Uganda,2022-01-01,0,0,0,0,0,0,0,0,0,0,0,0,0,0,0,0,0,0,0,0
Uganda,2022-02-01,0,0,0,0,0,0,0,1,0,0,0,0,0,1,1,0,0,0,0,0
Uganda,2022-03-01,0,0,0,0,0,0,0,0,0,0,0,0,0,0,0,0,0,0,0,0
Uganda,2022-04-01,0,0,0,0,0,0,0,0,0,0,0,1,0,0,0,0,0,1,0,0
Uganda,2022-05-01,0,0,0,0,0,0,0,0,0,0,0,0,0,0,0,0,0,0,0,0
Uganda,2022-06-01,0,0,0,0,0,0,0,0,0,0,0,0,0,0,0,0,0,0,0,0
Uganda,2022-07-01,0,0,0,0,0,0,0,0,1,0,1,0,0,0,1,0,0,0,1,0
Uganda,2022-08-01,1,0,1,0,0,0,0,1,1,0,0,0,0,0,0,0,0,0,0,0
Uganda,2022-09-01,1,0,0,0,0,1,0,0,1,0,0,0,1,0,0,0,0,0,0,0
Uganda,2022-10-01,0,0,0,0,0,0,0,0,0,0,1,0,0,0,0,0,0,0,0,0
Uganda,2022-11-01,0,0,0,0,0,0,0,0,0,0,0,0,0,0,0,1,0,0,0,0
Uganda,2022-12-01,0,0,0,0,0,0,0,0,0,0,0,0,0,0,0,0,1,1,0,1
Uganda,2023-01-01,0,0,0,0,0,0,0,0,0,0,0,0,0,0,0,0,0,0,0,0
Uganda,2023-02-01,0,0,0,0,0,0,0,0,0,1,0,0,0,0,0,0,1,0,0,0
Uganda,2023-03-01,0,0,0,0,0,0,0,0,0,0,0,0,0,0,0,0,0,0,0,0
Uganda,2023-04-01,0,0,1,0,0,0,0,0,0,0,0,0,0,0,0,0,0,0,0,0
Uganda,2023-05-01,1,0,0,0,0,0,0,0,0,0,0,0,0,0,0,0,0,0,0,0
Uganda,2023-06-01,0,0,0,1,0,0,0,0,0,0,0,0,0,0,0,0,0,0,0,0
Uganda,2023-07-01,0,0,0,0,0,0,0,0,0,0,0,0,0,0,0,0,0,0,0,0
Uganda,2023-08-01,0,0,0,0,0,1,0,0,0,0,0,0,0,0,1,0,0,0,0,0
Uganda,2023-09-01,0,0,0,0,0,0,0,0,0,0,0,0,0,0,0,0,0,0,0,0
Uganda,2023-10-01,0,0,0,0,0,0,0,0,0,1,0,0,0,0,0,0,0,0,1,0
Uganda,2023-11-01,0,0,0,0,0,0,0,0,0,0,0,0,0,0,0,0,0,0,0,0
Uganda,2023-12-01,0,0,0,0,0,0,0,0,0,0,0,0,0,0,0,0,0,1,0,1
Uganda,2024-01-01,0,0,0,0,0,0,0,0,0,0,0,0,0,0,0,0,0,0,0,0
Uganda,2024-02-01,0,0,0,0,0,1,0,0,0,0,0,0,0,0,0,0,0,0,0,0
Uganda,2024-03-01,0,0,0,0,0,0,0,0,0,0,0,1,0,0,0,1,0,0,1,0
Uganda,2024-04-01,0,0,0,0,0,0,0,1,0,0,0,0,0,0,0,0,0,0,0,0
Uganda,2024-05-01,0,0,0,0,0,0,0,1,0,0,1,0,0,0,0,0,0,0,0,0
Uganda,2024-06-01,0,0,0,0,1,0,0,0,1,0,0,0,0,0,0,0,1,0,0,0
Uganda,2024-07-01,0,0,0,0,0,0,0,0,0,1,0,0,1,0,0,0,0,0,0,0
Uganda,2024-08-01,0,0,0,0,0,0,0,0,0,0,0,0,0,0,0,0,0,0,0,0
Uganda,2024-09-01,0,0,0,0,0,0,0,0,0,0,0,0,0,0,0,0,0,0,0,0
Uganda,2024-10-01,0,0,0,0,0,0,0,0,0,0,0,1,1,0,0,0,0,0,0,0
Uganda,2024-11-01,0,1,0,0,1,0,0,0,0,0,0,0,0,0,0,0,0,0,0,0
Uganda,2024-12-01,0,0,0,0,0,0,0,0,0,0,0,0,0,1,0,0,0,0,0,0
Uganda,2025-01-01,0,0,0,0,0,0,1,0,1,0,0,0,0,0,0,0,0,0,0,0
Uganda,2025-02-01,0,0,0,0,0,0,0,0,0,0,0,0,0,0,0,0,0,1,0,0
Uganda,2025-03-01,1,0,0,0,0,0,0,0,0,0,1,1,0,0,1,0,0,0,0,0
Uganda,2025-04-01,0,1,0,0,0,0,1,0,0,0,0,0,0,1,0,1,0,0,0,0
Uganda,2025-05-01,0,0,0,1,0,0,0,0,0,0,0,0,0,0,0,0,0,1,0,0
Uganda,2025-06-01,0,0,0,0,0,0,0,0,0,0,0,0,0,0,0,0,0,0,0,0
Uganda,2025-07-01,0,0,0,1,0,0,0,0,0,0,0,0,0,1,0,0,0,0,0,0
Uganda,2025-08-01,0,0,0,0,0,0,0,0,1,0,1,0,0,0,0,0,0,0,0,0
Uganda,2025-09-01,0,0,1,0,0,0,0,0,0,0,0,0,0,0,0,1,0,0,0,0
Uganda,2025-10-01,0,0,0,0,0,0,0,0,0,0,0,0,0,0,0,0,0,0,0,0
Uganda,2025-11-01,0,0,0,0,0,0,0,0,0,0,0,0,0,0,0,0,0,0,0,0
Uganda,2025-12-01,0,0,0,0,0,0,0,0,0,0,0,0,0,0,0,0,0,0,0,0
Uganda,2026-01-01,0,0,0,0,0,0,0,0,0,0,0,0,0,0,0,0,0,0,0,0
Mozambique,2012-01-01,0,0,0,0,0,0,0,0,0,0,0,0,0,0,0,0,0,0,0,0
Mozambique,2012-02-01,0,0,0,0,0,0,0,0,0,0,0,0,0,0,0,0,0,0,0,0
Mozambique,2012-03-01,0,0,0,0,0,0,0,0,0,0,0,0,0,0,1,0,0,0,0,0
Mozambique,2012-04-01,0,0,1,0,0,0,0,0,0,0,0,0,0,1,0,1,0,1,0,0
Mozambique,2012-05-01,0,0,0,0,0,0,0,0,0,0,0,1,0,0,0,0,0,0,0,0
Mozambique,2012-06-01,0,0,0,1,1,0,1,0,0,0,0,0,0,0,0,0,0,0,0,1
Mozambique,2012-07-01,0,0,0,0,0,0,0,0,0,0,0,0,0,0,0,0,0,0,0,0
Mozambique,2012-08-01,0,0,0,0,0,0,0,0,0,0,0,0,0,0,0,0,0,0,0,0
Mozambique,2012-09-01,0,0,1,0,0,0,0,0,1,0,1,0,0,0,0,0,0,0,0,0
Mozambique,2012-10-01,0,1,0,0,0,0,0,0,0,0,0,0,0,0,0,0,0,0,0,0
Mozambique,2012-11-01,0,0,0,0,0,0,0,0,0,1,0,1,1,0,0,0,0,0,0,0
Mozambique,2012-12-01,0,0,0,0,0,0,0,0,0,0,0,0,0,0,1,0,0,0,0,0
Mozambique,2013-01-01,1,0,0,0,0,1,0,1,0,0,0,0,0,0,0,0,0,0,0,0
Mozambique,2013-02-01,1,1,0,0,0,1,0,0,1,0,0,0,1,0,0,0,1,0,0,1
Mozambique,2013-03-01,0,1,0,0,0,0,0,0,0,0,1,0,0,0,0,0,0,0,0,0
Mozambique,2013-04-01,0,0,0,0,0,0,0,0,0,0,0,0,1,1,0,1,0,0,1,0
Mozambique,2013-05-01,0,0,0,0,0,0,0,0,0,0,0,0,0,0,0,0,0,0,0,0
Mozambique,2013-06-01,0,0,0,0,0,0,0,0,0,0,0,0,0,0,0,0,0,0,0,0
Mozambique,2013-07-01,0,0,0,0,0,0,0,0,0,0,0,0,0,0,0,0,0,0,0,0
Mozambique,2013-08-01,0,0,0,0,0,0,0,0,0,0,0,0,0,0,0,0,0,0,0,0
Mozambique,2013-09-01,0,0,0,0,0,0,1,0,0,0,0,0,0,0,0,0,0,0,0,0
Mozambique,2013-10-01,0,0,0,0,0,0,0,0,0,0,0,0,0,0,0,0,0,0,0,0
Mozambique,2013-11-01,0,0,0,0,0,0,0,0,0,0,0,0,0,0,0,0,0,0,0,0
Mozambique,2013-12-01,0,0,0,0,0,0,0,0,0,0,0,0,0,0,0,0,0,0,0,0
Mozambique,2014-01-01,0,0,0,0,0,0,0,0,0,0,0,0,0,0,0,0,0,0,0,0
Mozambique,2014-02-01,0,0,0,0,0,1,0,1,0,0,0,0,0,0,0,0,1,0,0,0
Mozambique,2014-03-01,0,0,0,0,0,0,0,0,0,0,0,0,0,0,1,0,0,0,0,0
Mozambique,2014-04-01,0,0,0,0,0,0,0,0,0,1,0,0,0,0,0,0,0,0,0,0
Mozambique,2014-05-01,0,0,0,1,0,0,0,0,0,0,0,0,0,1,0,0,0,0,0,0
Mozambique,2014-06-01,0,0,0,0,0,0,0,0,0,0,0,0,1,0,0,0,0,0,0,0
Mozambique,2014-07-01,0,0,0,0,0,0,0,0,0,0,0,0,0,0,0,0,0,0,0,0
Mozambique,2014-08-01,0,0,0,0,0,0,0,0,0,0,0,0,1,0,0,0,0,0,0,0
Mozambique,2014-09-01,0,0,0,1,0,0,0,0,0,0,1,0,0,0,0,0,0,0,0,0
Mozambique,2014-10-01,0,0,0,0,0,0,0,0,0,0,0,0,0,0,0,0,0,0,1,0
Mozambique,2014-11-01,0,0,0,0,0,0,0,0,0,0,0,1,0,0,0,1,1,0,0,0
Mozambique,2014-12-01,0,0,0,0,0,0,0,0,0,0,1,0,0,0,0,0,0,0,0,0
Mozambique,2015-01-01,1,0,0,0,0,0,0,0,0,0,0,0,0,0,0,0,1,0,0,0
Mozambique,2015-02-01,1,1,0,0,0,0,0,0,0,0,0,0,0,0,0,1,0,0,0,1
Mozambique,2015-03-01,1,0,0,0,0,0,0,0,0,0,0,0,0,0,0,0,0,0,0,0
Mozambique,2015-04-01,0,0,0,0,1,0,0,0,1,0,0,1,0,0,0,0,0,0,0,0
Mozambique,2015-05-01,0,0,1,0,0,0,0,0,1,1,0,0,0,0,0,0,0,0,0,0
Mozambique,2015-06-01,0,0,0,0,0,0,0,0,0,0,0,1,0,1,0,0,0,0,0,0
Mozambique,2015-07-01,0,0,0,0,0,0,0,0,0,0,0,0,0,0,0,0,0,0,0,0
Mozambique,2015-08-01,0,0,0,0,0,1,0,0,0,0,0,1,0,0,0,0,0,0,1,0
Mozambique,2015-09-01,0,0,0,1,0,0,0,0,1,0,0,0,0,0,0,0,0,1,0,0
Mozambique,2015-10-01,0,0,0,1,0,1,1,0,0,0,0,0,0,0,0,0,0,0,0,0
Mozambique,2015-11-01,0,0,1,0,0,0,0,0,0,1,1,0,0,0,1,0,0,0,0,0
Mozambique,2015-12-01,0,0,0,0,0,0,0,0,0,0,0,0,1,0,0,0,0,0,0,0
Mozambique,2016-01-01,0,0,0,0,0,0,0,0,0,0,0,0,0,0,0,0,0,0,0,0
Mozambique,2016-02-01,0,0,0,0,1,0,0,1,0,0,0,0,0,0,1,0,0,0,0,0
Mozambique,2016-03-01,0,0,0,0,0,0,0,0,0,0,0,0,0,0,0,0,0,0,1,0
Mozambique,2016-04-01,0,0,0,0,0,0,0,0,0,0,0,0,0,0,0,0,0,0,0,1
Mozambique,2016-05-01,0,0,0,0,0,0,0,0,0,0,0,0,0,0,0,1,1,0,1,0
Mozambique,2016-06-01,0,0,0,0,0,0,0,0,0,0,0,0,0,0,0,0,0,0,0,0
Mozambique,2016-07-01,0,1,0,0,0,0,0,0,0,0,0,0,0,0,0,0,0,0,0,0
Mozambique,2016-08-01,0,0,0,0,0,0,0,0,0,0,0,0,0,0,0,0,0,0,0,1
Mozambique,2016-09-01,0,0,0,0,0,0,0,0,0,0,0,0,0,0,0,0,0,0,0,0
Mozambique,2016-10-01,0,0,0,0,0,0,0,0,0,0,0,0,0,0,0,0,0,0,0,0
Mozambique,2016-11-01,0,0,0,0,0,0,0,0,1,0,0,0,0,0,0,0,0,0,0,0
Mozambique,2016-12-01,0,1,0,0,0,0,0,0,0,0,0,0,0,0,0,0,0,0,0,0
Mozambique,2017-01-01,0,0,0,0,0,0,0,0,0,0,0,0,0,0,0,0,0,0,0,0
Mozambique,2017-02-01,1,0,1,0,0,0,0,0,0,0,0,0,0,0,1,0,0,0,0,0
Mozambique,2017-03-01,1,0,0,1,0,0,0,0,0,0,0,0,0,0,1,0,0,0,0,0
Mozambique,2017-04-01,0,0,0,0,0,0,0,0,0,0,0,0,0,0,0,0,0,0,0,0
Mozambique,2017-05-01,0,0,0,0,0,0,0,0,0,0,0,0,0,1,0,0,0,0,0,0
Mozambique,2017-06-01,0,0,0,0,0,0,0,0,0,0,0,0,0,0,0,0,0,0,0,0
Mozambique,2017-07-01,0,0,0,0,0,0,0,0,0,0,0,0,0,1,0,0,0,0,1,0
Mozambique,2017-08-01,0,1,0,0,0,0,0,0,0,0,0,0,0,0,0,0,0,1,0,0
Mozambique,2017-09-01,0,0,0,0,0,1,0,0,0,0,0,0,0,0,0,0,0,0,0,0
Mozambique,2017-10-01,0,0,0,0,0,0,0,0,0,1,0,0,1,0,0,0,0,0,0,0
Mozambique,2017-11-01,0,0,0,0,0,0,0,0,0,0,0,0,0,0,0,0,1,0,0,0
Mozambique,2017-12-01,0,0,0,0,0,0,0,0,0,0,0,0,0,0,0,1,0,0,0,0
Mozambique,2018-01-01,1,0,0,0,0,0,0,0,0,0,0,0,0,0,0,1,0,0,0,1
Mozambique,2018-02-01,1,0,0,0,0,0,0,0,0,0,0,1,0,0,0,0,0,0,1,0
Mozambique,2018-03-01,0,0,0,0,0,1,0,0,0,0,0,0,0,0,0,0,0,0,0,0
Mozambique,2018-04-01,0,0,0,0,0,0,0,0,0,0,0,0,0,0,1,0,0,0,0,0
Mozambique,2018-05-01,0,0,0,0,0,0,1,0,0,0,0,0,0,0,0,0,0,0,0,0
Mozambique,2018-06-01,0,0,0,1,1,0,0,0,0,0,0,0,1,0,0,0,0,0,0,0
Mozambique,2018-07-01,0,0,0,1,0,0,0,0,0,0,0,0,0,0,1,0,0,0,0,0
Mozambique,2018-08-01,0,0,0,0,0,0,0,0,0,0,0,0,0,0,0,0,0,0,0,0
Mozambique,2018-09-01,0,0,0,0,0,0,0,0,0,0,0,0,0,1,0,1,0,0,0,0
Mozambique,2018-10-01,0,0,0,0,0,1,0,0,0,0,0,0,0,0,0,0,0,0,0,0
Mozambique,2018-11-01,0,0,0,0,0,0,0,0,0,0,0,0,0,0,0,0,0,1,0,0
Mozambique,2018-12-01,0,0,0,0,0,0,0,0,0,0,0,0,0,0,0,0,0,0,0,0
Mozambique,2019-01-01,0,0,0,0,0,0,0,0,0,0,0,0,0,0,0,0,0,0,0,1
Mozambique,2019-02-01,0,1,1,0,0,0,0,0,0,0,0,0,0,0,0,0,0,0,0,0
Mozambique,2019-03-01,1,0,0,0,0,0,0,1,1,0,1,0,0,0,0,0,0,0,0,0
Mozambique,2019-04-01,1,0,0,0,0,1,0,0,0,0,0,0,0,0,0,0,0,0,0,0
Mozambique,2019-05-01,0,0,0,0,0,0,0,0,1,0,0,0,0,0,0,0,0,0,0,0
Mozambique,2019-06-01,0,0,0,1,0,0,0,0,0,1,0,0,0,1,0,0,0,0,1,0
Mozambique,2019-07-01,0,1,0,0,0,0,0,0,0,1,1,0,0,0,0,0,0,1,0,0
Mozambique,2019-08-01,0,0,0,0,0,0,0,0,0,0,0,0,0,0,0,0,0,0,0,0
Mozambique,2019-09-01,0,0,0,0,0,0,0,0,0,0,0,0,0,0,0,1,0,0,1,0
Mozambique,2019-10-01,0,0,0,0,0,0,0,0,0,0,0,0,0,0,0,0,0,0,0,0
Mozambique,2019-11-01,0,0,0,0,0,0,0,0,0,0,0,0,0,0,0,0,0,0,0,0
Mozambique,2019-12-01,0,0,0,0,0,0,0,0,0,0,0,0,0,0,0,0,0,0,0,0
Mozambique,2020-01-01,0,0,0,1,0,0,0,0,0,0,0,0,0,0,0,1,0,0,0,0
Mozambique,2020-02-01,0,0,0,0,1,0,0,0,1,0,0,0,0,0,0,0,0,0,0,1
Mozambique,2020-03-01,0,0,0,0,0,0,0,0,0,0,0,0,0,0,0,0,0,1,0,0
Mozambique,2020-04-01,0,0,0,0,0,0,0,0,0,0,0,0,0,0,0,0,0,0,0,0
Mozambique,2020-05-01,0,0,0,0,0,0,0,0,0,0,0,0,0,0,0,0,0,0,0,0
Mozambique,2020-06-01,0,0,0,0,0,0,0,0,0,0,0,0,0,0,0,0,0,0,0,0
Mozambique,2020-07-01,0,1,0,0,0,0,0,0,0,0,0,0,0,0,0,0,0,0,0,0
Mozambique,2020-08-01,0,0,0,0,0,0,0,0,0,0,0,0,0,0,1,0,0,0,0,0
Mozambique,2020-09-01,0,0,0,0,0,0,0,0,0,0,0,0,0,0,0,0,1,0,0,0
Mozambique,2020-10-01,0,0,0,0,0,0,0,0,0,0,0,0,0,0,0,0,0,0,0,0
Mozambique,2020-11-01,0,0,0,0,0,0,0,0,0,0,0,0,1,0,0,0,0,0,0,0
Mozambique,2020-12-01,0,0,0,0,0,0,0,1,0,0,0,0,1,0,0,0,0,0,0,0
Mozambique,2021-01-01,1,0,0,1,0,0,0,1,0,0,0,0,0,0,0,0,1,0,0,0
Mozambique,2021-02-01,0,0,0,1,0,0,0,0,0,0,1,0,0,1,0,0,0,0,0,0
Mozambique,2021-03-01,0,0,0,0,0,0,0,0,0,0,1,0,0,0,0,1,0,0,0,0
Mozambique,2021-04-01,0,0,0,0,0,0,0,0,0,0,0,0,0,0,0,0,0,0,1,0
Mozambique,2021-05-01,0,0,0,0,0,0,0,0,0,0,0,0,0,0,0,0,0,0,0,0
Mozambique,2021-06-01,0,0,0,0,0,1,0,0,0,1,0,1,0,0,0,0,0,1,0,0
Mozambique,2021-07-01,0,0,0,0,0,0,0,0,0,0,0,0,0,0,0,0,0,0,0,0
Mozambique,2021-08-01,0,0,0,0,0,0,0,0,0,0,0,0,0,0,0,1,0,0,0,1
Mozambique,2021-09-01,0,0,0,0,0,0,0,0,0,0,0,0,0,0,0,0,0,0,0,0
Mozambique,2021-10-01,0,0,0,0,0,1,0,0,0,0,0,0,0,0,0,0,0,1,0,0
Mozambique,2021-11-01,0,0,1,0,0,0,0,0,0,0,0,0,0,0,0,0,0,0,0,0
Mozambique,2021-12-01,0,0,0,0,0,0,0,0,0,0,0,0,0,0,0,0,0,0,0,0
Mozambique,2022-01-01,1,0,0,0,0,0,0,0,1,0,0,0,0,0,0,0,0,0,0,0
Mozambique,2022-02-01,0,0,0,0,0,0,0,0,0,0,0,0,1,0,1,0,0,0,0,0
Mozambique,2022-03-01,0,0,0,0,0,0,0,0,0,0,0,0,0,0,0,0,0,0,0,0
Mozambique,2022-04-01,0,0,0,0,0,0,0,0,0,1,0,0,0,0,0,0,1,0,0,0
Mozambique,2022-05-01,0,0,0,0,0,0,0,0,0,0,0,0,0,0,0,0,0,0,1,0
Mozambique,2022-06-01,0,0,0,0,0,0,1,0,0,0,0,0,0,0,0,1,0,0,0,0
Mozambique,2022-07-01,0,0,0,1,0,0,0,0,0,0,0,0,0,0,0,0,0,0,0,0
Mozambique,2022-08-01,0,0,0,1,0,0,0,0,0,0,0,0,0,0,0,0,0,0,0,0
Mozambique,2022-09-01,0,0,0,0,1,0,0,0,0,0,0,0,0,0,0,0,0,0,0,0
Mozambique,2022-10-01,0,0,0,0,0,0,0,0,0,0,0,0,0,0,0,0,0,0,0,0
Mozambique,2022-11-01,0,1,0,1,0,1,0,0,0,0,1,1,0,0,0,0,0,0,0,0
Mozambique,2022-12-01,0,0,0,0,0,0,0,0,0,0,0,0,0,0,0,0,0,0,1,0
Mozambique,2023-01-01,0,0,0,0,0,0,0,0,0,0,0,0,0,0,0,0,0,1,0,0
Mozambique,2023-02-01,1,0,0,0,0,0,1,1,1,0,0,0,0,0,0,0,0,0,0,0
Mozambique,2023-03-01,1,0,0,0,0,0,0,1,0,0,0,0,0,0,0,0,0,0,0,0
Mozambique,2023-04-01,0,0,0,0,0,0,0,0,0,0,0,0,0,0,0,0,0,0,0,0
Mozambique,2023-05-01,0,0,0,0,0,0,0,0,0,0,0,0,0,0,0,0,1,0,0,0
Mozambique,2023-06-01,0,0,0,0,0,0,0,0,0,0,0,0,0,0,0,0,0,0,0,1
Mozambique,2023-07-01,0,0,0,1,0,0,0,0,0,0,0,0,1,0,1,0,0,0,0,0
Mozambique,2023-08-01,0,0,0,0,0,0,0,0,0,0,0,0,0,0,1,0,0,0,0,0
Mozambique,2023-09-01,0,0,0,0,1,0,0,0,0,0,0,0,0,0,0,0,0,0,0,0
Mozambique,2023-10-01,0,0,0,0,0,0,0,0,0,0,0,0,0,0,0,0,0,0,0,0
Mozambique,2023-11-01,0,0,0,0,1,0,0,0,0,0,0,1,0,0,0,0,0,0,0,0
Mozambique,2023-12-01,0,0,0,0,0,0,0,0,0,0,1,0,0,0,0,0,1,0,0,0
Mozambique,2024-01-01,0,0,0,0,0,0,0,0,0,0,0,0,0,0,0,0,0,0,0,0
Mozambique,2024-02-01,0,0,0,0,0,1,0,0,0,0,0,0,0,0,0,0,0,0,0,0
Mozambique,2024-03-01,1,0,0,0,0,0,0,1,0,0,0,0,0,1,0,0,0,0,0,0
Mozambique,2024-04-01,0,0,1,0,0,0,0,1,0,0,0,0,0,0,0,0,0,0,0,0
Mozambique,2024-05-01,0,0,0,0,0,0,0,1,0,0,0,0,0,1,0,0,0,0,0,1
Mozambique,2024-06-01,0,0,0,0,0,0,0,0,0,0,0,0,0,0,0,0,0,1,0,1
Mozambique,2024-07-01,0,1,0,0,0,0,0,0,0,0,0,0,0,0,0,1,0,0,0,0
Mozambique,2024-08-01,0,0,0,0,0,0,0,0,0,0,0,1,0,0,0,0,0,0,0,0
Mozambique,2024-09-01,0,0,0,0,0,1,0,0,0,0,0,0,1,0,0,0,0,0,0,0
Mozambique,2024-10-01,0,0,0,0,0,0,0,0,0,0,0,0,0,0,0,0,0,0,0,0
Mozambique,2024-11-01,0,0,0,0,0,0,0,0,0,0,0,0,0,0,0,0,0,0,0,0
Mozambique,2024-12-01,1,0,0,0,0,0,0,0,0,0,0,0,0,0,1,0,0,0,1,0
Mozambique,2025-01-01,0,0,0,1,0,0,1,0,0,0,0,0,0,0,0,0,0,0,0,0
Mozambique,2025-02-01,0,0,0,0,0,0,0,0,0,0,0,0,0,0,0,0,0,0,0,0
Mozambique,2025-03-01,0,0,0,0,0,0,0,0,0,0,0,0,0,1,0,0,0,0,1,0
Mozambique,2025-04-01,0,0,0,0,0,0,0,0,0,0,0,0,0,0,0,0,0,0,0,1
Mozambique,2025-05-01,0,0,0,1,0,0,0,0,0,0,0,0,0,0,0,0,0,1,0,0
Mozambique,2025-06-01,0,0,1,1,1,0,0,0,1,0,0,0,0,0,0,0,1,0,0,0
Mozambique,2025-07-01,0,0,0,0,0,0,0,0,0,0,0,0,0,0,0,1,0,1,0,0
Mozambique,2025-08-01,0,1,0,0,0,1,0,0,0,0,1,0,0,1,0,0,1,1,0,0
Mozambique,2025-09-01,0,0,0,0,0,0,0,0,0,0,0,0,0,0,0,0,0,0,0,0
Mozambique,2025-10-01,0,0,0,0,0,0,0,1,0,0,0,0,0,0,0,0,0,0,0,0
Mozambique,2025-11-01,0,0,0,0,0,0,0,0,0,0,0,0,0,0,0,0,0,0,0,0
Mozambique,2025-12-01,0,0,0,0,0,0,0,0,0,0,0,0,0,0,0,0,0,0,0,0
Mozambique,2026-01-01,0,0,0,0,0,0,0,0,0,0,0,0,0,0,0,0,0,0,0,0
Benin,2012-01-01,0,0,0,0,0,0,0,0,0,0,0,0,0,0,0,0,0,1,1,0
Benin,2012-02-01,0,0,0,0,0,0,0,0,0,0,0,0,0,1,0,1,0,1,0,0
Benin,2012-03-01,0,0,0,0,0,0,0,0,0,0,0,0,0,0,0,1,0,0,0,0
Benin,2012-04-01,1,0,0,0,0,0,0,0,0,0,0,0,0,1,0,0,0,0,0,0
Benin,2012-05-01,0,0,0,0,0,0,0,0,0,0,0,0,0,0,0,0,0,0,0,0
Benin,2012-06-01,0,0,0,0,0,0,0,1,0,0,0,0,0,1,0,0,0,0,0,0
Benin,2012-07-01,0,0,0,0,0,0,0,0,1,0,1,1,1,0,0,0,0,0,0,0
Benin,2012-08-01,1,0,0,0,0,0,0,0,0,0,0,0,0,0,0,0,0,0,0,0
Benin,2012-09-01,0,0,0,0,1,0,0,0,0,0,0,0,0,0,0,1,0,0,0,0
Benin,2012-10-01,0,1,0,0,1,0,0,0,1,0,0,0,0,1,0,0,0,0,0,0
Benin,2012-11-01,0,0,0,0,0,0,0,0,0,0,1,0,0,0,0,0,0,0,0,0
Benin,2012-12-01,0,0,1,0,0,0,0,0,0,0,0,0,0,0,0,0,0,0,0,0
Benin,2013-01-01,0,0,0,0,0,0,0,0,0,0,0,0,1,0,0,0,0,0,0,0
Benin,2013-02-01,0,0,0,0,0,0,0,0,0,1,0,0,0,0,0,0,1,0,0,0
Benin,2013-03-01,0,0,0,0,0,0,0,0,0,0,0,0,0,0,0,0,0,0,0,0
Benin,2013-04-01,0,0,0,0,0,0,0,0,0,0,0,1,0,0,0,0,0,0,0,0
Benin,2013-05-01,1,0,0,0,0,0,0,0,0,0,0,0,0,0,0,0,0,0,0,0
Benin,2013-06-01,0,0,0,0,0,0,0,0,0,0,0,0,0,0,0,0,0,0,0,0
Benin,2013-07-01,0,0,0,0,0,0,0,0,0,0,0,0,0,0,0,0,0,0,1,0
Benin,2013-08-01,0,0,0,0,0,0,0,0,0,0,0,0,0,0,0,0,0,0,0,0
Benin,2013-09-01,0,0,0,0,0,0,1,0,1,0,0,0,0,0,0,0,0,0,0,0
Benin,2013-10-01,0,0,0,0,0,0,0,0,0,0,0,0,0,0,0,0,0,0,0,0
Benin,2013-11-01,0,0,1,0,0,0,0,0,0,0,0,0,0,0,0,1,0,0,0,0
Benin,2013-12-01,0,0,0,0,0,0,0,0,0,0,0,0,0,0,1,0,0,0,0,0
Benin,2014-01-01,0,0,0,0,0,0,0,0,0,0,0,0,0,0,0,0,0,0,0,0
Benin,2014-02-01,0,0,0,0,0,0,0,0,0,0,0,0,0,0,0,0,0,0,0,0
Benin,2014-03-01,0,0,0,0,0,0,1,0,0,1,0,0,0,0,0,0,0,0,0,0
Benin,2014-04-01,0,0,0,0,0,0,0,0,0,0,0,0,0,0,1,0,0,0,0,0
Benin,2014-05-01,0,0,0,0,0,0,0,0,0,0,0,0,0,0,0,0,0,0,0,0
Benin,2014-06-01,0,0,1,0,0,0,0,0,0,0,0,0,0,0,1,0,0,0,0,0
Benin,2014-07-01,0,0,0,0,0,0,0,0,0,0,0,0,0,0,0,0,0,0,0,0
Benin,2014-08-01,0,0,0,0,0,0,0,0,0,0,0,0,0,0,0,0,0,0,0,1
Benin,2014-09-01,0,0,0,0,0,0,0,0,0,0,0,0,0,0,0,0,0,0,0,1
Benin,2014-10-01,0,0,0,0,0,0,0,0,0,0,0,0,0,0,0,0,0,0,0,0
Benin,2014-11-01,0,0,0,0,0,0,0,0,0,0,1,0,0,0,0,0,0,0,0,0
Benin,2014-12-01,0,0,0,0,0,1,0,0,0,0,0,0,0,1,0,1,0,0,0,0
Benin,2015-01-01,0,0,0,0,0,0,0,0,0,0,0,0,0,0,0,0,0,0,0,0
Benin,2015-02-01,0,0,0,1,0,0,0,0,0,0,0,1,0,0,0,1,1,0,0,0
Benin,2015-03-01,0,0,0,0,0,0,0,0,0,0,0,0,0,0,0,0,0,0,0,0
Benin,2015-04-01,0,0,0,0,0,0,0,0,0,0,0,0,0,0,0,0,0,0,0,0
Benin,2015-05-01,0,1,0,0,0,0,0,0,0,0,0,0,1,0,0,1,0,0,0,0
Benin,2015-06-01,1,0,0,0,1,0,0,0,0,1,0,0,0,0,0,0,0,0,0,0
Benin,2015-07-01,0,0,0,0,0,0,0,0,1,0,0,0,1,0,0,0,0,0,0,0
Benin,2015-08-01,0,0,0,1,0,0,0,0,0,0,0,0,0,0,0,0,0,0,0,0
Benin,2015-09-01,0,0,0,0,0,0,0,1,0,0,0,0,0,0,0,0,1,0,0,0
Benin,2015-10-01,0,0,0,0,1,0,0,0,0,0,0,0,0,0,0,0,0,0,0,0
Benin,2015-11-01,0,0,0,0,0,0,0,1,0,0,1,0,0,0,0,0,0,0,0,0
Benin,2015-12-01,0,0,0,0,0,0,0,0,0,0,0,0,0,0,0,0,0,0,1,0
Benin,2016-01-01,0,0,0,0,0,0,0,0,0,0,0,0,1,0,0,1,0,0,0,0
Benin,2016-02-01,0,0,0,0,0,0,0,0,0,0,0,0,0,0,0,0,0,0,0,0
Benin,2016-03-01,0,0,0,0,0,0,0,0,0,0,0,1,0,0,0,0,0,0,0,0
Benin,2016-04-01,0,0,0,0,0,0,0,0,0,0,0,0,0,0,0,0,0,0,0,0
Benin,2016-05-01,0,1,0,0,0,0,0,0,1,0,0,0,0,1,1,0,1,0,1,0
Benin,2016-06-01,0,0,0,0,0,0,0,0,0,0,0,0,0,0,0,0,0,0,0,0
Benin,2016-07-01,0,0,0,0,0,0,0,0,0,0,0,0,0,0,0,0,0,0,0,0
Benin,2016-08-01,0,0,0,0,0,0,0,1,0,0,0,0,0,0,0,0,0,0,0,1
Benin,2016-09-01,1,0,0,0,0,0,1,0,0,1,0,0,1,0,0,0,0,0,0,0
Benin,2016-10-01,0,0,0,0,0,0,1,1,0,0,0,0,0,0,1,0,0,0,0,0
Benin,2016-11-01,0,0,0,0,0,0,0,0,0,0,0,0,0,0,0,0,0,0,0,0
Benin,2016-12-01,0,0,0,1,0,0,1,0,0,0,0,0,0,0,0,0,0,0,0,0
Benin,2017-01-01,0,0,0,1,0,0,0,0,0,0,0,0,0,0,0,0,0,0,0,0
Benin,2017-02-01,0,0,0,0,0,0,0,0,0,0,1,0,0,0,0,0,0,0,0,0
Benin,2017-03-01,0,0,0,0,0,0,0,0,0,0,0,0,0,0,0,0,0,0,0,0
Benin,2017-04-01,0,0,0,0,0,0,0,0,0,0,0,0,0,0,0,0,0,0,0,0
Benin,2017-05-01,0,0,0,0,0,0,0,0,0,0,0,0,0,0,0,0,0,0,0,0
Benin,2017-06-01,0,0,0,1,1,0,0,0,0,0,0,0,0,0,0,0,0,0,0,0
Benin,2017-07-01,0,0,0,0,0,0,0,0,0,0,0,0,0,0,0,0,0,0,0,0
Benin,2017-08-01,0,0,0,0,0,0,0,0,0,0,0,0,0,0,0,1,0,0,0,0
Benin,2017-09-01,1,0,0,0,0,0,1,0,1,0,0,0,0,0,0,0,0,0,0,0
Benin,2017-10-01,0,0,0,0,0,0,0,0,0,0,0,0,0,0,1,0,0,0,0,0
Benin,2017-11-01,0,0,0,0,0,0,0,0,0,0,0,0,0,0,0,0,0,0,1,0
Benin,2017-12-01,0,0,0,0,0,1,0,0,0,0,0,0,0,0,0,0,0,0,0,0
Benin,2018-01-01,0,0,0,0,0,0,0,0,0,0,0,0,0,0,0,0,1,0,0,1
Benin,2018-02-01,0,1,1,1,0,0,0,0,0,0,0,0,0,0,0,0,1,0,0,1
Benin,2018-03-01,0,0,0,0,0,0,0,0,0,0,0,0,1,0,0,0,0,0,0,1
Benin,2018-04-01,0,0,0,0,0,0,0,0,0,0,0,0,0,0,0,0,0,0,0,0
Benin,2018-05-01,0,1,1,0,0,0,0,0,0,0,0,0,0,0,0,0,0,0,0,0
Benin,2018-06-01,0,0,0,0,1,0,0,0,0,0,0,1,0,0,1,0,0,0,0,0
Benin,2018-07-01,0,0,0,0,0,0,0,0,0,0,0,0,0,0,0,0,0,0,0,0
Benin,2018-08-01,0,0,0,0,0,0,0,0,0,0,0,0,0,1,0,1,0,0,0,0
Benin,2018-09-01,1,0,0,0,0,0,0,1,0,0,0,0,0,0,0,1,0,0,0,0
Benin,2018-10-01,0,0,0,0,1,0,0,0,0,0,0,0,0,0,0,0,0,0,0,0
Benin,2018-11-01,0,0,0,0,0,0,0,0,0,1,0,0,0,0,0,0,0,0,0,0
Benin,2018-12-01,0,0,0,0,0,0,0,0,0,1,0,0,0,0,0,0,0,0,0,0
Benin,2019-01-01,0,0,0,0,0,0,0,0,0,0,0,0,0,0,0,0,0,0,0,0
Benin,2019-02-01,0,0,0,0,0,1,0,0,0,0,0,0,0,0,0,0,0,0,0,0
Benin,2019-03-01,0,0,0,0,0,0,0,0,0,0,0,0,0,0,0,0,0,0,0,1
Benin,2019-04-01,0,0,0,1,0,0,0,1,0,0,0,0,0,0,0,0,0,0,0,0
Benin,2019-05-01,0,0,0,1,0,0,0,0,0,0,0,0,0,0,0,0,0,0,0,0
Benin,2019-06-01,0,1,0,0,0,0,0,0,0,0,0,0,0,0,0,0,0,0,0,0
Benin,2019-07-01,0,0,0,0,0,1,0,0,0,0,0,0,0,0,0,0,0,0,0,0
Benin,2019-08-01,0,0,0,0,0,0,1,0,0,0,0,0,0,0,0,0,0,0,0,0
Benin,2019-09-01,0,0,0,0,0,0,0,0,0,0,1,0,0,0,0,0,0,0,0,0
Benin,2019-10-01,1,0,0,0,0,0,0,0,0,0,0,0,0,0,0,0,0,0,0,0
Benin,2019-11-01,0,0,0,0,0,0,0,0,0,0,0,0,0,0,1,0,0,0,0,0
Benin,2019-12-01,0,0,0,0,0,0,0,0,0,0,0,0,0,0,0,0,0,0,0,0
Benin,2020-01-01,0,0,0,0,0,0,0,0,0,0,0,0,0,0,0,0,0,0,0,1
Benin,2020-02-01,0,0,0,0,0,0,0,0,0,0,0,1,0,0,0,0,0,0,0,0
Benin,2020-03-01,0,1,1,0,1,0,0,0,0,0,0,0,0,0,0,0,0,0,0,0
Benin,2020-04-01,0,0,0,0,0,0,0,0,0,0,0,0,0,0,0,0,0,0,0,0
Benin,2020-05-01,0,0,0,0,0,1,0,0,0,0,0,0,0,0,0,0,0,0,0,0
Benin,2020-06-01,0,0,0,0,0,0,0,0,0,0,0,0,0,0,0,0,0,0,0,0
Benin,2020-07-01,1,0,0,0,0,0,0,0,0,0,0,0,0,1,1,0,0,0,0,0
Benin,2020-08-01,0,0,0,0,1,0,0,1,0,1,0,0,0,0,0,0,0,0,0,0
Benin,2020-09-01,0,0,0,0,0,0,0,0,0,0,0,0,0,0,0,0,0,0,1,0
Benin,2020-10-01,0,0,0,0,0,0,0,0,0,0,0,0,0,0,0,0,1,0,0,0
Benin,2020-11-01,0,0,0,0,0,0,0,0,0,0,0,0,0,0,1,0,0,0,0,0
Benin,2020-12-01,0,0,0,1,0,0,0,0,0,0,0,0,0,1,0,0,0,0,0,0
Benin,2021-01-01,0,0,0,0,0,0,0,0,0,0,0,0,0,0,0,0,0,0,0,0
Benin,2021-02-01,0,0,0,0,0,0,0,0,0,0,0,0,0,0,0,1,0,0,0,0
Benin,2021-03-01,0,0,0,0,0,0,0,0,0,0,0,0,0,0,0,0,0,0,0,0
Benin,2021-04-01,0,0,0,0,0,0,0,0,0,0,0,0,0,0,0,1,1,0,0,0
Benin,2021-05-01,0,0,1,0,0,0,0,0,0,0,0,0,0,0,0,0,0,0,0,1
Benin,2021-06-01,0,1,0,0,1,0,0,0,1,0,1,0,0,0,0,0,0,0,0,0
Benin,2021-07-01,0,0,0,0,0,0,0,0,0,0,0,1,0,0,0,0,0,0,0,0
Benin,2021-08-01,0,0,0,1,0,0,1,0,0,0,0,1,0,0,0,0,0,0,0,0
Benin,2021-09-01,1,0,0,0,0,0,0,0,0,0,0,0,1,0,0,0,0,0,0,0
Benin,2021-10-01,0,0,0,0,0,0,0,0,0,0,0,0,0,0,0,0,0,0,0,0
Benin,2021-11-01,0,0,0,0,0,0,0,0,0,0,0,0,0,0,0,0,0,0,0,0
Benin,2021-12-01,0,0,0,0,0,1,0,0,0,0,0,0,0,0,0,0,0,0,0,0
Benin,2022-01-01,0,0,0,0,0,0,0,0,1,0,0,0,0,0,1,0,0,0,0,0
Benin,2022-02-01,0,0,0,0,0,0,0,0,0,0,0,0,0,0,0,0,0,1,0,1
Benin,2022-03-01,0,0,0,1,0,0,0,0,0,0,0,0,0,0,0,0,0,0,0,0
Benin,2022-04-01,0,0,0,0,0,0,1,1,0,1,0,0,0,0,0,0,1,0,0,0
Benin,2022-05-01,0,0,0,0,0,0,0,0,0,0,0,0,0,1,1,0,0,0,0,0
Benin,2022-06-01,0,0,0,0,0,0,0,0,0,0,0,0,0,0,0,0,0,0,0,0
Benin,2022-07-01,0,0,1,0,0,1,0,0,0,1,0,0,0,0,0,0,0,0,0,0
Benin,2022-08-01,0,0,0,0,0,0,0,0,0,1,0,0,0,0,0,0,0,0,0,0
Benin,2022-09-01,1,0,0,0,0,0,0,0,0,0,0,0,0,0,0,0,0,0,0,0
Benin,2022-10-01,1,0,0,1,0,0,0,0,0,0,0,0,0,0,0,0,0,0,0,0
Benin,2022-11-01,0,0,0,0,0,0,0,0,0,0,0,0,0,0,0,0,0,0,0,0
Benin,2022-12-01,0,0,0,0,0,0,0,0,0,0,0,0,0,0,0,0,0,0,0,0
Benin,2023-01-01,0,0,0,0,0,0,0,0,0,0,0,0,0,0,0,0,0,0,0,0
Benin,2023-02-01,0,1,0,0,0,0,0,0,0,0,0,0,0,0,0,0,0,0,0,0
Benin,2023-03-01,0,0,0,0,0,0,0,0,0,0,0,0,0,0,0,0,0,0,0,0
Benin,2023-04-01,0,0,0,0,0,0,0,1,0,0,0,0,0,0,0,0,0,0,0,1
Benin,2023-05-01,0,0,0,0,0,0,0,1,0,0,0,0,0,0,0,0,0,0,0,0
Benin,2023-06-01,0,0,1,0,1,0,1,0,0,0,1,0,0,0,0,0,1,0,0,0
Benin,2023-07-01,0,0,0,0,0,0,0,0,0,0,0,1,0,1,0,0,1,0,0,0
Benin,2023-08-01,0,0,0,0,0,0,0,1,0,0,0,0,0,0,0,0,0,0,0,0
Benin,2023-09-01,0,0,0,1,0,0,0,0,0,0,0,0,0,1,0,0,0,0,0,0
Benin,2023-10-01,0,0,0,0,0,0,0,0,0,0,0,0,1,0,0,0,0,0,0,0
Benin,2023-11-01,0,0,0,0,0,0,0,0,0,1,0,0,0,0,1,0,0,0,0,0
Benin,2023-12-01,0,0,0,0,0,0,0,0,0,0,0,0,0,0,0,0,0,0,0,0
Benin,2024-01-01,0,0,0,0,0,0,0,0,1,0,0,0,0,0,0,0,0,0,0,0
Benin,2024-02-01,0,0,0,0,0,0,1,0,0,0,0,0,0,0,0,0,0,0,0,0
Benin,2024-03-01,0,0,0,0,0,0,0,0,0,0,0,0,0,1,0,0,0,0,0,0
Benin,2024-04-01,1,0,0,0,0,0,0,0,0,0,0,1,0,0,0,0,0,0,0,0
Benin,2024-05-01,0,0,0,0,0,0,0,0,0,0,1,0,0,0,0,0,0,0,0,0
Benin,2024-06-01,0,0,1,0,0,0,0,0,0,0,0,0,0,0,0,1,0,0,0,0
Benin,2024-07-01,0,0,0,0,0,0,0,0,0,1,0,0,0,0,1,0,0,0,0,0
Benin,2024-08-01,0,0,0,0,0,0,0,0,0,0,0,1,0,0,0,0,0,0,0,0
Benin,2024-09-01,0,0,1,0,0,0,0,0,0,0,0,0,0,0,0,0,0,0,0,0
Benin,2024-10-01,0,1,0,0,0,0,0,0,0,0,0,0,0,0,0,0,1,0,0,0
Benin,2024-11-01,0,0,0,0,0,0,0,0,0,0,0,0,0,0,0,0,0,0,0,0
Benin,2024-12-01,0,0,0,0,0,0,0,0,0,0,0,0,1,0,0,0,0,0,0,0
Benin,2025-01-01,0,0,0,0,0,0,0,0,0,0,0,0,0,0,0,0,0,0,0,0
Benin,2025-02-01,0,0,0,0,1,0,0,0,0,0,0,0,0,0,0,1,0,0,0,0
Benin,2025-03-01,0,0,0,0,0,0,0,0,0,0,0,0,0,0,0,0,0,0,0,0
Benin,2025-04-01,0,1,0,0,0,0,0,0,0,0,0,0,0,0,0,0,0,0,0,0
Benin,2025-05-01,0,0,0,0,0,0,0,0,0,0,0,0,0,0,0,0,0,0,0,0
Benin,2025-06-01,0,0,0,0,0,0,1,0,0,0,0,0,0,0,0,0,0,0,0,0
Benin,2025-07-01,0,0,0,0,0,0,1,0,0,0,0,0,0,0,0,0,0,0,0,0
Benin,2025-08-01,0,0,0,0,0,0,0,0,0,0,0,0,0,0,0,0,0,0,0,0
Benin,2025-09-01,0,0,0,0,0,0,0,0,0,0,0,0,0,0,0,0,0,0,0,0
Benin,2025-10-01,0,0,0,0,0,0,0,0,0,0,0,0,0,0,0,0,0,0,0,0
Benin,2025-11-01,0,0,0,0,0,0,0,0,0,0,0,0,0,0,0,0,0,0,0,0
Benin,2025-12-01,0,0,0,0,0,0,0,0,0,0,0,0,0,0,0,0,0,0,0,0
Benin,2026-01-01,0,0,0,0,0,0,0,0,0,0,0,0,0,0,0,0,0,0,0,0
Moldova,2012-01-01,0,0,0,0,0,0,0,0,0,0,0,0,0,0,0,0,0,1,0,0
Moldova,2012-02-01,0,0,0,0,0,0,0,0,0,0,0,1,0,0,1,0,0,1,0,0
Moldova,2012-03-01,0,0,0,1,0,0,1,0,0,0,0,0,0,1,0,0,0,0,0,0
Moldova,2012-04-01,0,0,0,0,0,0,0,0,0,0,0,0,0,0,0,0,0,0,0,0
Moldova,2012-05-01,0,0,0,0,0,0,0,0,0,0,0,0,1,0,0,0,0,0,0,1
Moldova,2012-06-01,0,0,0,0,0,0,0,0,0,1,1,0,1,0,0,0,0,0,0,0
Moldova,2012-07-01,0,0,0,0,0,0,0,0,1,0,0,0,1,0,0,0,0,0,0,0
Moldova,2012-08-01,0,0,0,0,0,0,0,0,0,0,1,0,0,0,0,0,0,0,0,0
Moldova,2012-09-01,0,0,0,0,0,0,0,0,0,0,0,0,0,0,0,0,1,0,0,0
Moldova,2012-10-01,0,0,0,0,0,0,0,0,0,0,0,0,0,0,0,0,1,0,0,0
Moldova,2012-11-01,0,0,0,0,0,0,0,0,0,0,0,0,0,0,0,1,0,0,0,0
Moldova,2012-12-01,0,0,0,0,0,0,0,1,0,0,0,0,0,0,0,0,0,0,0,0
Moldova,2013-01-01,0,0,0,0,0,0,0,0,1,0,0,0,0,0,0,0,0,0,0,0
Moldova,2013-02-01,0,0,0,0,0,0,0,0,0,0,0,0,0,0,0,0,0,0,0,0
Moldova,2013-03-01,0,0,0,0,0,0,0,0,0,0,0,0,0,1,0,0,1,0,0,0
Moldova,2013-04-01,0,0,0,1,0,0,0,1,0,0,0,0,0,0,0,0,0,0,1,0
Moldova,2013-05-01,0,0,0,0,0,0,0,0,0,0,0,0,0,0,0,0,0,0,1,0
Moldova,2013-06-01,0,0,0,0,0,0,0,0,0,0,0,0,0,0,0,0,0,0,0,0
Moldova,2013-07-01,1,0,1,0,0,0,1,1,0,0,0,0,0,0,1,0,0,0,0,0
Moldova,2013-08-01,0,0,0,0,0,0,0,0,0,1,0,0,0,0,1,0,0,0,0,1
Moldova,2013-09-01,1,0,0,0,0,0,0,0,0,1,0,0,0,0,0,0,0,0,0,0
Moldova,2013-10-01,0,0,0,0,0,0,0,0,0,0,1,0,0,0,0,0,0,0,0,0
Moldova,2013-11-01,0,0,0,0,0,0,0,0,0,0,0,0,0,0,0,0,0,0,0,0
Moldova,2013-12-01,0,0,0,0,0,1,0,0,0,0,0,0,0,0,0,0,0,0,0,0
Moldova,2014-01-01,0,0,0,0,0,0,0,0,0,0,0,1,0,0,0,0,0,0,0,0
Moldova,2014-02-01,0,0,0,0,0,0,0,0,0,0,0,0,0,0,0,0,0,0,0,0
Moldova,2014-03-01,0,0,1,0,0,0,0,0,0,0,0,0,0,0,0,1,0,0,0,0
Moldova,2014-04-01,0,1,0,0,0,0,0,0,0,0,0,0,1,0,0,0,1,0,0,0
Moldova,2014-05-01,0,0,0,0,0,0,0,0,0,0,0,0,1,0,0,0,0,0,0,0
Moldova,2014-06-01,0,1,0,1,1,0,0,0,0,0,0,0,0,1,0,0,0,1,0,0
Moldova,2014-07-01,1,0,0,0,0,0,0,0,0,1,0,0,0,0,0,0,0,0,0,0
Moldova,2014-08-01,0,0,0,0,0,0,1,1,0,0,0,1,0,0,0,1,1,0,0,0
Moldova,2014-09-01,0,0,0,0,0,0,0,0,0,0,1,0,0,0,0,0,0,0,1,0
Moldova,2014-10-01,0,0,0,0,0,0,0,0,0,0,0,0,0,0,0,0,0,0,0,0
Moldova,2014-11-01,1,0,0,0,0,0,0,0,0,0,0,0,0,0,0,0,0,0,0,0
Moldova,2014-12-01,0,0,0,0,0,0,0,0,0,0,0,0,0,0,0,0,0,0,0,0
Moldova,2015-01-01,0,0,0,0,0,0,0,0,0,0,0,0,0,0,0,0,0,0,0,0
Moldova,2015-02-01,0,0,0,0,0,0,0,0,0,0,0,0,0,0,0,0,0,0,0,0
Moldova,2015-03-01,0,0,1,0,0,0,0,0,0,1,0,0,0,0,0,0,0,0,0,0
Moldova,2015-04-01,0,0,1,0,0,0,0,0,0,0,0,0,0,0,0,0,0,0,0,0
Moldova,2015-05-01,0,0,0,0,0,0,0,0,0,0,0,0,0,0,1,0,1,0,0,1
Moldova,2015-06-01,0,0,1,0,0,0,0,0,0,0,0,0,0,0,0,0,0,0,0,0
Moldova,2015-07-01,0,0,0,0,0,0,0,0,0,0,0,0,0,0,0,0,0,0,0,0
Moldova,2015-08-01,0,0,0,0,0,0,1,0,0,0,0,1,0,0,0,0,0,0,0,0
Moldova,2015-09-01,0,0,0,0,0,0,0,0,0,1,0,0,0,0,0,0,0,0,0,0
Moldova,2015-10-01,0,0,0,0,0,0,0,0,0,0,0,0,0,0,1,1,0,0,0,0
Moldova,2015-11-01,0,0,0,0,0,0,0,0,0,0,0,0,0,0,0,0,0,0,0,1
Moldova,2015-12-01,0,0,0,1,0,0,0,0,0,0,0,0,0,0,0,0,0,0,0,0
Moldova,2016-01-01,0,0,0,0,0,1,0,0,0,0,0,0,0,0,0,0,0,0,0,0
Moldova,2016-02-01,0,0,0,0,0,0,0,0,0,0,0,0,0,0,0,1,0,0,0,0
Moldova,2016-03-01,0,0,0,0,0,0,0,0,0,0,1,0,0,0,0,0,0,0,0,0
Moldova,2016-04-01,0,0,0,0,0,0,0,0,0,0,1,0,0,0,0,0,0,0,0,0
Moldova,2016-05-01,0,0,0,0,0,0,0,0,0,0,0,0,0,0,0,0,0,0,0,0
Moldova,2016-06-01,1,0,0,0,0,0,0,1,0,0,0,0,0,1,0,0,1,0,0,0
Moldova,2016-07-01,0,1,0,0,0,0,0,0,0,0,0,0,1,0,0,0,0,0,1,0
Moldova,2016-08-01,1,0,0,0,0,0,0,0,0,0,0,0,0,0,0,0,0,0,0,0
Moldova,2016-09-01,0,1,0,0,0,1,0,0,0,0,0,0,0,0,0,0,0,0,0,1
Moldova,2016-10-01,0,0,0,0,0,0,0,0,0,0,0,0,0,0,0,0,0,0,0,0
Moldova,2016-11-01,0,0,0,0,0,0,0,0,0,0,0,0,0,0,0,0,0,0,0,0
Moldova,2016-12-01,0,0,0,0,0,0,0,0,0,0,0,0,0,0,0,0,0,0,0,0
Moldova,2017-01-01,0,0,0,1,1,0,0,0,0,0,0,1,0,0,1,0,0,0,0,0
Moldova,2017-02-01,0,0,0,0,0,0,0,0,0,0,0,0,0,0,0,0,0,0,1,1
Moldova,2017-03-01,0,0,0,0,0,0,0,0,0,0,0,0,0,0,1,0,0,0,1,0
Moldova,2017-04-01,1,0,0,1,0,0,0,0,1,0,0,0,0,0,0,0,0,0,0,1
Moldova,2017-05-01,0,1,0,0,0,0,0,0,0,0,0,0,0,0,0,0,0,0,0,0
Moldova,2017-06-01,0,0,1,0,0,0,0,1,0,1,0,0,0,1,1,0,0,0,0,0
Moldova,2017-07-01,0,0,0,0,0,0,1,0,0,0,0,0,0,0,0,0,0,0,0,0
Moldova,2017-08-01,0,0,0,0,0,0,0,0,0,0,1,0,0,0,0,0,0,0,0,0
Moldova,2017-09-01,0,0,0,1,0,0,0,0,0,0,0,0,0,0,0,0,0,0,0,0
Moldova,2017-10-01,0,0,0,0,0,0,0,0,0,0,0,0,0,0,0,0,0,0,0,0
Moldova,2017-11-01,0,0,0,0,0,0,0,0,0,0,0,0,0,0,0,0,0,0,0,1
Moldova,2017-12-01,0,0,0,0,0,0,0,0,0,0,0,0,0,0,0,0,1,0,0,0
Moldova,2018-01-01,0,0,1,0,0,0,0,0,0,0,0,0,0,0,1,0,0,0,0,0
Moldova,2018-02-01,0,0,0,0,0,0,0,0,0,0,0,0,0,0,0,0,0,0,0,0
Moldova,2018-03-01,0,0,0,0,0,0,0,0,0,0,0,0,0,0,0,0,0,0,0,0
Moldova,2018-04-01,0,0,0,0,1,1,0,0,0,0,0,0,1,0,0,1,0,0,0,0
Moldova,2018-05-01,0,1,0,1,0,0,0,0,0,0,0,0,0,0,0,0,0,0,0,0
Moldova,2018-06-01,1,0,0,0,0,0,0,0,0,0,0,0,0,0,0,0,0,0,0,0
Moldova,2018-07-01,0,0,1,0,0,0,0,0,0,0,0,0,0,0,0,0,0,0,0,0
Moldova,2018-08-01,0,0,0,0,0,0,0,0,0,0,0,0,0,1,0,0,0,0,0,0
Moldova,2018-09-01,0,0,0,0,0,0,0,0,0,0,0,0,0,0,0,0,0,0,0,0
Moldova,2018-10-01,0,0,0,0,0,0,0,0,0,0,0,0,0,0,0,0,0,0,0,0
Moldova,2018-11-01,0,1,0,0,0,0,0,0,0,0,0,0,0,0,0,0,0,0,0,0
Moldova,2018-12-01,0,0,0,0,0,0,0,0,0,0,0,0,0,0,0,0,0,0,0,0
Moldova,2019-01-01,0,0,0,0,0,0,0,0,0,0,0,0,0,0,0,0,0,0,0,0
Moldova,2019-02-01,0,0,0,0,0,0,0,0,0,1,0,0,0,0,0,0,0,0,0,0
Moldova,2019-03-01,0,0,0,0,0,1,0,0,0,0,0,0,0,0,1,0,0,0,0,1
Moldova,2019-04-01,0,0,0,0,0,1,0,0,1,0,0,0,0,0,0,0,0,0,0,0
Moldova,2019-05-01,1,0,0,0,0,0,1,0,0,0,0,0,0,0,0,0,1,0,1,0
Moldova,2019-06-01,0,0,0,1,0,0,0,0,0,0,0,0,0,0,0,0,0,0,0,0
Moldova,2019-07-01,0,0,0,0,0,0,0,0,0,0,0,0,0,0,0,0,0,0,0,0
Moldova,2019-08-01,0,0,0,0,0,0,0,0,0,0,0,0,0,0,1,0,0,0,0,0
Moldova,2019-09-01,0,0,0,0,0,0,0,0,0,0,0,0,1,0,0,0,0,0,0,0
Moldova,2019-10-01,0,0,0,0,0,0,0,0,0,0,0,0,0,0,0,0,0,0,0,0
Moldova,2019-11-01,0,0,0,0,0,1,0,0,0,0,0,0,0,0,0,0,0,0,0,0
Moldova,2019-12-01,0,0,0,0,0,0,0,0,0,0,1,0,0,0,0,0,0,0,0,1
Moldova,2020-01-01,0,0,0,0,0,0,0,0,0,0,0,0,1,1,0,0,0,0,0,0
Moldova,2020-02-01,0,0,0,0,0,0,0,0,1,0,0,0,0,1,0,0,0,0,0,0
Moldova,2020-03-01,0,0,0,0,0,0,0,0,0,0,0,0,0,0,0,0,0,0,0,0
Moldova,2020-04-01,0,0,0,0,0,0,0,0,0,0,0,0,0,0,0,0,0,0,0,0
Moldova,2020-05-01,0,0,0,0,0,0,0,0,0,0,0,0,0,0,0,0,0,0,0,0
Moldova,2020-06-01,1,0,0,0,0,0,1,1,0,1,0,0,0,0,0,0,0,0,0,0
Moldova,2020-07-01,1,0,0,0,0,0,0,0,1,0,0,0,0,0,0,0,0,0,0,1
Moldova,2020-08-01,0,0,0,0,0,0,0,0,0,0,0,1,0,0,0,1,0,0,1,1
Moldova,2020-09-01,1,0,1,0,0,0,0,0,0,0,0,0,0,0,0,0,0,0,0,0
Moldova,2020-10-01,0,1,0,0,0,0,0,0,0,0,0,0,0,0,0,0,0,0,0,0
Moldova,2020-11-01,0,0,0,0,0,0,0,0,0,0,0,0,0,0,0,0,0,0,0,0
Moldova,2020-12-01,0,0,0,0,0,0,0,0,0,0,0,0,0,0,0,0,0,0,0,0
Moldova,2021-01-01,0,0,0,0,0,0,0,0,0,0,0,0,0,1,0,0,1,0,0,0
Moldova,2021-02-01,0,0,0,0,0,0,0,0,0,0,0,0,0,0,0,0,0,0,0,0
Moldova,2021-03-01,0,0,0,0,0,0,0,0,0,0,0,0,1,0,0,1,0,0,0,0
Moldova,2021-04-01,0,0,0,0,0,0,0,0,0,0,0,0,0,0,0,0,0,0,0,0
Moldova,2021-05-01,0,0,0,0,0,0,0,0,0,0,0,0,0,0,0,0,0,0,0,0
Moldova,2021-06-01,0,0,0,0,0,0,0,0,0,0,0,0,0,0,0,0,0,0,0,0
Moldova,2021-07-01,0,0,0,0,0,0,0,0,0,0,0,0,0,0,0,0,0,0,0,0
Moldova,2021-08-01,0,0,0,0,0,0,0,0,0,0,0,0,0,0,0,0,0,0,0,0
Moldova,2021-09-01,0,0,0,1,0,0,0,0,0,0,0,0,0,0,0,0,0,0,0,0
Moldova,2021-10-01,0,0,0,0,0,0,0,0,0,0,0,0,0,0,0,0,1,0,0,0
Moldova,2021-11-01,0,0,0,0,0,0,0,0,0,1,0,0,0,0,0,0,0,0,0,0
Moldova,2021-12-01,0,0,0,0,0,0,0,0,0,0,0,0,0,0,0,1,0,0,0,0
Moldova,2022-01-01,0,0,0,0,0,0,0,0,0,0,0,0,0,0,0,0,0,0,0,0
Moldova,2022-02-01,0,0,0,0,0,0,0,0,0,0,0,0,0,0,0,0,0,0,1,0
Moldova,2022-03-01,0,0,0,0,0,0,0,0,0,0,0,0,0,0,0,0,0,0,0,0
Moldova,2022-04-01,0,0,0,0,0,0,0,1,0,0,0,0,0,0,0,0,0,0,0,0
Moldova,2022-05-01,0,0,0,0,0,0,0,0,0,0,1,0,0,0,0,0,0,0,0,0
Moldova,2022-06-01,0,0,0,0,0,0,0,0,0,0,0,0,0,1,1,0,0,0,0,0
Moldova,2022-07-01,0,0,0,0,0,0,0,0,0,0,0,1,1,0,1,0,0,0,0,0
Moldova,2022-08-01,1,0,0,0,0,0,0,0,0,0,0,0,0,0,0,0,0,0,0,0
Moldova,2022-09-01,0,0,0,1,0,0,0,0,0,0,0,0,0,0,1,0,0,0,0,1
Moldova,2022-10-01,0,0,0,0,0,0,0,0,0,0,0,0,0,0,0,0,0,0,0,0
Moldova,2022-11-01,0,1,0,0,0,0,0,0,0,0,0,0,0,0,0,0,0,0,0,0
Moldova,2022-12-01,0,1,0,0,0,1,0,0,0,1,0,0,0,0,0,0,0,0,0,0
Moldova,2023-01-01,0,0,0,1,0,0,1,0,1,0,0,0,0,0,0,0,0,0,0,0
Moldova,2023-02-01,0,0,0,0,0,0,0,0,0,0,0,0,0,0,0,0,0,0,0,0
Moldova,2023-03-01,0,0,0,0,0,0,0,0,0,0,0,0,0,0,0,0,1,0,0,0
Moldova,2023-04-01,0,0,0,0,0,0,0,0,0,0,0,0,0,0,0,0,0,0,0,0
Moldova,2023-05-01,0,0,0,0,0,0,0,0,0,0,0,0,0,0,0,0,0,0,0,0
Moldova,2023-06-01,0,0,0,0,0,0,0,0,0,0,0,0,0,0,0,0,0,0,0,0
Moldova,2023-07-01,0,0,0,0,0,0,0,0,0,0,0,0,0,0,0,0,0,0,0,0
Moldova,2023-08-01,0,0,0,0,0,0,0,0,0,0,0,0,0,0,0,0,0,0,0,0
Moldova,2023-09-01,0,0,0,0,0,0,0,1,0,0,0,0,0,0,1,0,0,0,0,0
Moldova,2023-10-01,0,0,0,0,0,0,0,0,0,0,1,0,0,0,0,0,0,0,0,0
Moldova,2023-11-01,0,0,0,0,0,0,0,0,0,0,0,0,0,0,0,0,0,0,0,0
Moldova,2023-12-01,0,0,0,0,0,0,0,1,0,0,0,0,0,0,0,0,0,0,0,0
Moldova,2024-01-01,0,0,0,0,0,0,0,0,0,0,0,0,0,0,0,0,1,0,0,0
Moldova,2024-02-01,0,0,0,0,0,0,0,0,0,0,0,0,0,0,0,1,0,0,0,0
Moldova,2024-03-01,0,0,0,0,0,0,0,0,0,0,0,0,1,0,0,0,0,0,0,0
Moldova,2024-04-01,0,1,0,0,0,0,0,0,0,0,0,0,0,0,0,0,0,0,0,0
Moldova,2024-05-01,0,0,0,0,0,0,0,0,0,0,0,0,0,0,0,0,0,0,0,0
Moldova,2024-06-01,0,0,0,0,0,0,0,0,0,0,0,0,0,0,0,0,0,0,0,0
Moldova,2024-07-01,0,0,1,0,1,1,0,0,0,0,0,0,0,0,0,0,0,0,0,0
Moldova,2024-08-01,0,0,0,0,0,0,0,0,0,0,0,0,0,0,0,0,0,0,0,0
Moldova,2024-09-01,1,0,1,0,0,0,0,0,1,0,0,1,0,0,0,0,0,0,0,1
Moldova,2024-10-01,0,0,0,1,0,0,0,0,0,0,0,0,0,0,0,0,0,0,0,0
Moldova,2024-11-01,0,1,0,0,1,0,0,0,0,0,0,0,0,0,0,0,0,0,0,0
Moldova,2024-12-01,0,0,1,0,1,1,0,0,0,0,0,0,0,0,0,0,0,0,0,0
Moldova,2025-01-01,0,0,0,0,0,0,1,0,1,0,1,0,0,0,1,0,0,0,1,0
Moldova,2025-02-01,0,0,0,0,0,0,0,0,0,0,0,0,0,0,1,0,1,0,0,0
Moldova,2025-03-01,0,0,0,0,0,0,0,0,1,0,0,0,0,0,0,1,1,0,0,0
Moldova,2025-04-01,0,0,0,1,0,0,0,0,0,1,0,0,0,0,0,0,0,0,0,0
Moldova,2025-05-01,1,0,0,0,0,0,0,0,0,1,0,0,0,0,0,0,0,0,0,0
Moldova,2025-06-01,0,0,0,0,0,0,0,0,0,0,1,0,0,0,0,0,0,0,0,0
Moldova,2025-07-01,1,0,0,0,0,0,0,0,0,0,0,1,0,0,0,0,0,0,0,0
Moldova,2025-08-01,0,0,0,0,0,0,0,0,0,0,0,0,0,0,0,0,0,0,0,0
Moldova,2025-09-01,0,1,0,0,0,0,0,0,0,0,0,0,1,1,0,0,0,0,0,0
Moldova,2025-10-01,0,0,0,0,0,0,1,0,0,0,0,0,0,0,0,0,0,0,0,0
Moldova,2025-11-01,0,0,0,0,0,0,0,0,0,0,0,0,0,0,0,0,0,0,0,0
Moldova,2025-12-01,0,0,0,0,0,0,0,0,0,0,0,0,0,0,0,0,0,0,0,0
Moldova,2026-01-01,0,0,0,0,0,0,0,0,0,0,0,0,0,0,0,0,0,0,0,0
Nepal,2012-01-01,0,0,0,0,1,0,0,0,0,0,0,0,0,0,0,0,0,0,0,0
Nepal,2012-02-01,0,0,0,0,0,0,0,0,0,0,0,0,0,0,0,0,0,0,0,0
Nepal,2012-03-01,0,0,0,0,0,0,0,0,0,0,0,1,0,0,0,0,0,0,0,0
Nepal,2012-04-01,0,0,0,0,0,0,0,0,0,0,0,0,0,1,0,0,0,0,0,0
Nepal,2012-05-01,1,0,0,0,0,0,0,0,0,0,0,0,0,0,0,0,0,0,0,0
Nepal,2012-06-01,0,0,0,1,0,0,0,0,0,0,1,0,0,0,0,0,0,0,0,0
Nepal,2012-07-01,0,0,0,0,1,0,0,0,0,0,0,0,0,0,0,0,0,0,0,0
Nepal,2012-08-01,0,0,0,0,0,0,0,0,0,0,0,0,0,0,0,0,0,0,0,0
Nepal,2012-09-01,1,0,0,0,0,0,0,0,0,0,0,0,0,0,0,0,0,0,0,0
Nepal,2012-10-01,0,0,0,1,0,0,0,0,0,0,0,0,0,0,0,0,0,0,0,0
Nepal,2012-11-01,0,0,0,0,0,0,0,0,0,1,0,0,0,1,0,0,0,0,0,0
Nepal,2012-12-01,0,0,0,0,0,0,0,0,1,0,1,0,0,0,0,0,0,0,0,1
Nepal,2013-01-01,0,0,0,0,0,0,0,0,0,0,0,0,0,0,0,0,0,0,0,0
Nepal,2013-02-01,0,0,0,0,0,0,0,0,1,0,0,0,0,0,0,0,0,0,0,0
Nepal,2013-03-01,0,0,0,0,0,0,0,0,0,0,0,0,0,0,0,0,0,0,0,0
Nepal,2013-04-01,0,0,0,0,0,0,0,0,0,0,0,1,0,0,0,0,0,0,0,0
Nepal,2013-05-01,0,0,0,0,0,0,0,0,0,0,0,1,0,0,0,0,0,0,0,0
Nepal,2013-06-01,1,0,0,0,0,0,0,0,0,0,0,0,0,0,0,0,0,0,0,0
Nepal,2013-07-01,0,0,0,0,0,0,1,0,1,0,0,0,0,0,0,0,0,0,0,0
Nepal,2013-08-01,0,0,0,0,0,0,0,0,0,0,0,0,0,0,0,0,0,0,0,0
Nepal,2013-09-01,0,0,0,0,0,0,0,0,0,0,0,0,0,0,0,0,0,0,0,0
Nepal,2013-10-01,1,0,0,0,0,1,0,0,0,1,1,1,0,0,0,1,0,0,0,0
Nepal,2013-11-01,0,0,0,0,0,0,0,0,0,0,0,0,0,0,0,0,0,0,0,0
Nepal,2013-12-01,0,0,0,0,0,0,0,0,0,0,0,0,0,1,0,0,0,0,0,0
Nepal,2014-01-01,0,1,0,0,0,1,0,0,0,0,0,0,0,0,0,0,1,0,0,0
Nepal,2014-02-01,0,0,0,0,0,0,0,0,0,0,0,0,0,0,0,0,0,0,0,0
Nepal,2014-03-01,0,0,0,0,0,0,0,0,0,0,0,0,1,0,1,0,1,0,1,0
Nepal,2014-04-01,0,0,0,0,0,0,0,0,0,0,0,0,0,0,0,0,0,0,0,0
Nepal,2014-05-01,0,0,1,0,0,0,0,0,0,0,0,0,1,0,0,0,0,0,0,0
Nepal,2014-06-01,0,0,0,0,0,0,0,0,0,0,0,0,1,0,0,1,1,0,0,0
Nepal,2014-07-01,0,1,0,1,0,0,0,0,0,0,0,0,0,0,0,0,0,0,1,0
Nepal,2014-08-01,0,0,0,0,0,0,0,0,0,0,0,0,0,0,0,0,0,0,0,0
Nepal,2014-09-01,0,0,0,0,0,0,0,0,0,0,0,0,0,0,0,0,0,0,1,0
Nepal,2014-10-01,0,0,0,0,0,0,0,0,0,0,0,0,0,0,0,0,0,0,0,1
Nepal,2014-11-01,0,0,0,1,0,0,0,0,0,0,0,0,0,0,0,0,0,0,0,0
Nepal,2014-12-01,0,0,1,0,0,0,0,0,0,0,0,0,0,0,0,0,0,0,0,1
Nepal,2015-01-01,0,0,0,0,0,0,0,0,0,0,0,0,0,0,0,0,0,0,0,0
Nepal,2015-02-01,0,0,0,0,0,0,0,0,0,0,0,0,0,0,0,0,0,0,0,0
Nepal,2015-03-01,0,0,0,0,0,0,0,0,0,0,0,0,0,0,0,0,0,0,0,0
Nepal,2015-04-01,1,0,0,0,0,0,0,1,1,0,1,0,0,0,1,0,0,0,0,0
Nepal,2015-05-01,1,0,0,0,0,0,0,0,1,0,1,0,0,0,0,0,0,0,0,0
Nepal,2015-06-01,0,0,0,0,0,0,0,0,1,0,1,0,0,0,0,0,0,0,0,0
Nepal,2015-07-01,0,0,0,0,0,0,0,0,0,0,0,0,0,0,0,0,0,0,0,0
Nepal,2015-08-01,0,0,0,0,0,0,0,0,0,0,0,0,0,0,0,0,1,1,0,0
Nepal,2015-09-01,0,0,0,0,0,0,0,0,0,0,0,0,1,0,0,0,0,0,1,0
Nepal,2015-10-01,0,0,0,0,0,0,0,0,0,0,0,0,0,0,0,0,0,0,0,0
Nepal,2015-11-01,0,0,0,0,0,0,0,0,0,0,0,0,0,0,0,0,0,0,0,0
Nepal,2015-12-01,0,0,0,0,0,0,0,0,0,0,0,0,0,0,0,0,0,1,0,0
Nepal,2016-01-01,0,0,0,1,0,0,0,0,0,1,0,0,0,0,0,0,1,0,0,0
Nepal,2016-02-01,0,0,0,0,0,0,0,0,0,0,0,0,0,1,0,0,0,0,0,0
Nepal,2016-03-01,0,1,0,0,0,0,0,0,0,0,0,0,0,0,0,0,0,0,0,0
Nepal,2016-04-01,0,0,0,0,0,0,0,0,0,0,0,1,0,0,0,0,0,0,1,0
Nepal,2016-05-01,0,0,0,0,0,1,0,0,0,0,0,1,1,0,0,0,1,0,0,0
Nepal,2016-06-01,0,0,0,0,1,0,0,0,0,0,0,0,0,0,0,0,0,0,0,0
Nepal,2016-07-01,1,0,0,0,0,0,1,1,0,0,0,1,1,0,1,0,0,0,0,0
Nepal,2016-08-01,0,0,0,0,0,0,0,0,0,0,0,0,0,0,0,0,0,0,0,1
Nepal,2016-09-01,0,0,0,0,0,0,0,0,0,0,0,0,0,0,0,0,0,0,0,0
Nepal,2016-10-01,0,0,0,0,1,0,0,0,0,0,0,0,0,0,0,0,0,0,0,0
Nepal,2016-11-01,0,0,0,0,0,0,0,0,0,0,0,0,0,0,0,0,0,0,0,0
Nepal,2016-12-01,0,0,0,0,0,0,0,0,0,1,0,0,0,0,0,0,0,0,0,0
Nepal,2017-01-01,0,0,0,0,0,1,0,0,0,0,0,0,0,0,0,0,0,1,0,0
Nepal,2017-02-01,0,0,0,0,0,0,0,0,0,0,0,0,0,0,0,0,0,0,0,0
Nepal,2017-03-01,0,0,0,1,0,0,0,0,0,0,0,0,0,0,0,0,0,0,0,0
Nepal,2017-04-01,0,0,0,0,0,0,1,0,0,0,0,0,0,1,0,1,0,0,1,0
Nepal,2017-05-01,0,1,0,0,0,0,0,0,0,0,0,0,0,0,0,0,0,0,0,0
Nepal,2017-06-01,0,0,0,0,0,0,0,0,0,0,0,0,0,0,0,0,0,0,0,0
Nepal,2017-07-01,0,0,0,0,0,0,0,0,0,0,0,0,0,0,0,0,0,0,0,0
Nepal,2017-08-01,1,0,0,0,0,0,0,1,1,0,0,0,0,1,0,0,0,0,1,0
Nepal,2017-09-01,0,0,0,0,0,0,0,0,0,0,0,0,0,0,0,0,0,0,0,0
Nepal,2017-10-01,0,0,0,0,0,0,0,0,0,0,0,0,0,0,0,0,0,0,0,0
Nepal,2017-11-01,0,0,0,0,0,0,0,0,0,0,0,0,0,0,1,0,0,0,0,0
Nepal,2017-12-01,0,0,0,0,0,0,0,0,0,0,0,0,0,0,0,1,0,0,0,0
Nepal,2018-01-01,0,0,0,0,0,0,0,0,0,0,0,0,0,0,0,0,0,0,0,0
Nepal,2018-02-01,0,0,0,0,0,0,0,0,0,0,0,0,0,0,0,0,0,0,0,0
Nepal,2018-03-01,0,0,0,0,0,0,0,0,0,0,0,0,0,0,0,0,1,1,0,0
Nepal,2018-04-01,0,0,0,0,0,0,0,0,0,0,1,0,0,0,0,0,0,0,0,0
Nepal,2018-05-01,0,0,0,0,0,0,0,0,0,1,0,0,0,0,0,0,0,0,0,0
Nepal,2018-06-01,0,0,0,0,0,0,0,0,0,0,0,0,1,0,0,0,0,0,0,0
Nepal,2018-07-01,0,0,0,1,0,0,1,0,0,0,0,0,0,0,0,0,0,0,0,0
Nepal,2018-08-01,0,1,1,0,0,0,0,0,0,0,0,0,0,0,0,0,0,1,0,0
Nepal,2018-09-01,0,0,0,0,0,0,0,0,0,0,0,0,0,0,0,0,0,0,0,0
Nepal,2018-10-01,0,1,0,0,0,1,0,0,0,0,0,0,0,0,0,0,0,0,0,0
Nepal,2018-11-01,0,0,0,0,0,0,0,0,0,0,0,0,0,0,0,0,0,0,0,0
Nepal,2018-12-01,0,0,0,0,0,0,0,0,0,0,0,0,0,0,0,0,0,0,0,0
Nepal,2019-01-01,0,0,1,0,0,0,0,0,0,1,0,0,0,0,0,0,0,0,0,0
Nepal,2019-02-01,0,0,0,0,0,0,0,0,0,0,0,0,0,1,0,1,0,0,0,0
Nepal,2019-03-01,0,0,0,0,0,0,0,0,0,0,0,0,0,0,0,0,0,0,0,0
Nepal,2019-04-01,0,0,0,0,0,0,0,0,1,0,0,0,0,0,0,0,0,0,0,0
Nepal,2019-05-01,0,0,0,0,0,0,0,0,0,0,0,0,0,0,0,0,1,0,0,0
Nepal,2019-06-01,0,0,0,0,0,0,0,0,0,0,0,1,0,0,0,0,0,0,1,0
Nepal,2019-07-01,1,0,0,0,1,0,1,1,1,0,0,1,0,0,0,0,0,0,0,0
Nepal,2019-08-01,0,0,0,1,0,0,0,0,0,0,0,0,0,0,1,0,0,0,0,0
Nepal,2019-09-01,0,0,0,0,0,0,0,0,0,0,1,0,0,0,0,0,0,0,0,0
Nepal,2019-10-01,0,0,0,1,0,0,0,0,0,0,0,0,0,0,0,0,0,0,0,0
Nepal,2019-11-01,0,1,0,0,0,0,0,0,0,0,0,0,0,0,0,1,0,0,0,0
Nepal,2019-12-01,0,0,0,0,1,0,0,0,0,1,1,0,0,0,0,0,1,0,0,0
Nepal,2020-01-01,0,0,0,0,0,0,0,0,0,1,0,0,1,0,0,0,0,0,0,0
Nepal,2020-02-01,0,0,0,0,0,0,0,0,0,0,0,0,0,1,0,0,0,0,0,0
Nepal,2020-03-01,0,0,0,0,0,0,0,0,0,0,0,0,0,0,0,0,0,1,0,0
Nepal,2020-04-01,0,0,0,0,0,0,0,0,0,0,0,0,0,0,0,0,0,0,0,0
Nepal,2020-05-01,0,0,0,0,0,0,0,0,0,0,0,0,0,0,0,0,0,0,0,0
Nepal,2020-06-01,0,0,0,0,0,1,0,0,0,0,0,0,0,0,0,0,1,0,0,0
Nepal,2020-07-01,1,0,0,0,0,0,0,1,0,0,0,0,0,0,0,0,0,1,0,0
Nepal,2020-08-01,0,0,0,0,0,0,0,0,0,0,0,0,1,0,0,0,0,0,0,0
Nepal,2020-09-01,0,0,0,0,0,0,0,0,0,0,0,0,0,0,0,0,0,0,0,1
Nepal,2020-10-01,0,0,0,0,0,0,0,0,0,0,0,0,0,0,0,0,0,0,0,0
Nepal,2020-11-01,0,0,0,0,0,0,0,0,0,0,0,0,0,0,0,0,0,0,0,0
Nepal,2020-12-01,0,0,0,0,0,0,0,0,0,0,0,0,0,0,0,0,0,0,0,0
Nepal,2021-01-01,0,0,0,0,0,0,0,0,0,0,0,0,0,0,0,0,0,0,0,0
Nepal,2021-02-01,0,0,1,0,0,0,0,0,0,0,0,0,0,0,0,1,0,0,0,0
Nepal,2021-03-01,0,1,0,0,0,0,0,0,0,0,0,0,0,0,0,0,0,1,0,0
Nepal,2021-04-01,0,0,0,0,0,0,1,0,0,1,0,0,0,1,0,0,0,0,0,0
Nepal,2021-05-01,0,0,0,0,0,0,0,0,0,0,0,0,0,0,0,0,0,0,0,0
Nepal,2021-06-01,0,0,0,0,0,0,1,0,1,0,0,0,0,0,0,0,0,0,1,0
Nepal,2021-07-01,0,0,0,0,0,0,0,0,0,0,0,0,0,0,0,0,0,0,0,0
Nepal,2021-08-01,0,0,0,0,0,0,0,0,0,1,0,0,0,0,0,0,0,0,0,0
Nepal,2021-09-01,0,0,0,0,0,0,0,0,0,0,0,0,0,0,0,0,0,0,0,0
Nepal,2021-10-01,1,0,0,0,0,0,0,0,0,0,0,0,0,0,0,0,0,0,0,0
Nepal,2021-11-01,0,0,0,0,0,0,0,0,0,0,0,0,0,0,0,0,0,0,1,0
Nepal,2021-12-01,0,0,0,0,0,0,0,0,0,0,0,0,0,0,0,0,1,0,0,0
Nepal,2022-01-01,0,0,0,0,1,0,0,0,0,0,0,0,1,0,0,0,0,0,0,0
Nepal,2022-02-01,0,0,0,0,0,0,0,0,0,0,0,0,1,0,0,0,0,0,0,0
Nepal,2022-03-01,0,0,0,0,0,0,0,0,0,0,1,0,0,0,0,1,0,0,0,0
Nepal,2022-04-01,0,0,0,0,0,0,0,0,0,0,0,0,0,0,0,0,0,0,0,0
Nepal,2022-05-01,0,0,0,0,0,0,0,0,0,0,0,0,0,0,0,0,0,0,0,0
Nepal,2022-06-01,0,0,1,0,0,1,0,0,1,0,1,0,0,0,0,0,0,0,1,0
Nepal,2022-07-01,0,1,0,0,0,0,1,0,0,0,0,0,0,1,1,1,0,0,0,0
Nepal,2022-08-01,0,0,0,0,0,0,0,1,0,0,0,0,0,0,0,0,0,0,0,0
Nepal,2022-09-01,0,0,0,0,1,0,0,0,0,0,0,0,0,0,0,0,0,0,0,0
Nepal,2022-10-01,0,0,0,0,0,0,0,0,0,0,0,0,0,0,1,0,0,1,0,0
Nepal,2022-11-01,0,0,0,0,0,0,0,0,0,0,0,0,0,0,0,0,0,0,0,0
Nepal,2022-12-01,0,0,0,0,0,0,0,0,0,0,0,0,0,0,0,0,0,0,0,0
Nepal,2023-01-01,0,0,0,0,0,0,0,0,0,0,0,0,0,0,0,0,0,0,0,1
Nepal,2023-02-01,0,0,0,0,0,0,0,0,0,1,0,0,0,0,0,0,0,0,0,1
Nepal,2023-03-01,0,0,0,0,0,0,0,0,0,0,0,0,0,0,0,0,0,0,0,0
Nepal,2023-04-01,0,0,0,1,0,0,0,0,0,0,0,0,0,0,0,0,0,0,0,0
Nepal,2023-05-01,0,0,0,0,0,0,0,0,0,0,0,0,0,1,0,0,0,0,0,0
Nepal,2023-06-01,0,0,0,0,0,0,0,0,0,0,0,0,0,0,0,0,1,1,0,0
Nepal,2023-07-01,0,0,0,0,0,0,0,0,0,0,0,0,0,0,0,0,0,0,0,0
Nepal,2023-08-01,0,0,0,0,0,1,0,0,1,0,0,1,0,0,0,0,0,0,0,0
Nepal,2023-09-01,0,0,0,0,0,0,0,0,0,0,1,0,0,0,0,0,0,0,1,0
Nepal,2023-10-01,0,0,0,0,0,0,0,0,0,0,0,0,0,0,0,0,0,0,0,0
Nepal,2023-11-01,1,0,0,0,0,0,0,1,1,0,0,0,0,0,0,0,0,0,1,0
Nepal,2023-12-01,0,0,1,0,0,0,0,0,0,0,0,0,0,0,0,0,0,0,0,0
Nepal,2024-01-01,0,0,0,1,0,0,0,0,0,0,0,0,0,1,0,0,0,0,0,0
Nepal,2024-02-01,0,0,0,0,0,0,0,0,0,0,0,0,0,0,0,0,0,0,0,0
Nepal,2024-03-01,0,0,0,0,0,0,0,0,0,1,0,0,0,0,0,0,0,0,0,0
Nepal,2024-04-01,0,0,0,0,0,0,0,0,0,0,0,0,0,0,0,0,0,0,0,0
Nepal,2024-05-01,0,1,0,0,0,0,0,0,0,0,0,1,0,0,0,0,0,1,0,0
Nepal,2024-06-01,0,0,0,0,0,0,0,0,0,0,0,0,0,0,1,0,1,0,0,0
Nepal,2024-07-01,0,0,0,0,0,0,0,0,0,0,0,0,0,0,0,0,0,0,0,0
Nepal,2024-08-01,0,0,0,0,0,0,0,0,0,0,0,0,0,0,0,0,0,0,0,0
Nepal,2024-09-01,0,0,0,0,0,0,0,0,0,0,0,0,1,0,0,0,1,0,0,0
Nepal,2024-10-01,0,0,0,0,0,0,0,0,0,0,0,0,0,0,0,0,0,1,0,0
Nepal,2024-11-01,0,0,0,0,0,0,0,0,0,0,0,0,0,0,0,0,0,0,0,0
Nepal,2024-12-01,0,1,0,0,0,0,0,0,0,0,0,0,0,0,0,0,0,0,0,1
Nepal,2025-01-01,0,0,0,0,0,0,0,0,0,0,0,0,0,0,1,0,0,0,1,0
Nepal,2025-02-01,0,0,0,0,0,0,0,0,1,0,0,0,0,0,0,0,0,0,0,0
Nepal,2025-03-01,0,0,0,0,0,0,0,0,0,0,0,0,0,1,0,0,0,0,0,0
Nepal,2025-04-01,1,0,1,0,0,0,0,0,0,0,0,0,0,0,0,0,0,0,0,0
Nepal,2025-05-01,0,0,0,0,1,0,1,0,0,0,1,1,0,0,0,1,0,0,0,0
Nepal,2025-06-01,0,0,0,0,1,0,1,0,0,0,0,0,0,0,0,0,0,0,0,0
Nepal,2025-07-01,0,0,0,1,0,0,0,1,0,0,0,0,0,0,0,0,0,0,0,0
Nepal,2025-08-01,0,0,0,0,0,0,0,0,0,0,1,1,0,0,0,0,0,0,0,0
Nepal,2025-09-01,0,0,0,0,0,0,0,0,0,0,0,0,0,0,0,0,0,0,0,0
Nepal,2025-10-01,0,0,0,0,1,0,0,0,0,0,0,0,0,0,0,0,0,0,0,1
Nepal,2025-11-01,1,0,0,0,0,0,0,0,0,0,0,0,0,0,0,0,0,0,0,0
Nepal,2025-12-01,0,0,0,0,0,0,0,0,0,0,0,0,0,0,0,0,0,0,0,0
Nepal,2026-01-01,0,0,0,0,0,0,0,0,0,0,0,0,0,0,0,0,0,0,0,0
Turkey,2012-01-01,0,0,0,0,0,1,0,0,0,0,0,0,0,0,0,0,0,0,0,0
Turkey,2012-02-01,0,0,0,0,0,1,0,0,0,0,0,0,0,0,0,0,0,0,1,0
Turkey,2012-03-01,0,0,0,0,0,0,0,0,0,0,0,0,0,0,1,0,0,0,0,0
Turkey,2012-04-01,0,0,0,0,0,0,0,0,0,0,0,0,1,0,0,0,0,0,0,0
Turkey,2012-05-01,0,0,0,0,0,0,0,0,0,0,0,0,1,0,0,0,0,0,0,0
Turkey,2012-06-01,0,0,0,0,0,0,0,0,0,0,0,0,0,0,0,0,0,0,1,0
Turkey,2012-07-01,0,0,0,0,0,0,0,1,0,0,0,0,0,0,0,0,0,0,1,0
Turkey,2012-08-01,0,0,0,0,0,0,0,0,0,0,0,0,0,1,0,0,0,1,0,1
Turkey,2012-09-01,0,0,0,0,0,0,0,0,0,0,0,0,0,0,0,0,0,0,0,0
Turkey,2012-10-01,1,0,0,0,0,0,0,0,0,0,0,0,1,0,0,0,0,0,0,0
Turkey,2012-11-01,0,0,0,0,0,0,0,0,0,0,0,0,0,0,0,0,1,0,0,1
Turkey,2012-12-01,0,0,0,0,0,0,0,0,0,0,0,1,0,1,0,0,0,0,0,0
Turkey,2013-01-01,0,0,0,0,0,0,1,0,0,0,0,0,0,0,0,0,0,0,0,0
Turkey,2013-02-01,0,0,0,0,0,0,0,0,0,0,0,0,0,0,0,0,0,0,0,0
Turkey,2013-03-01,0,0,0,0,0,0,0,0,0,0,0,0,0,0,1,0,0,0,0,0
Turkey,2013-04-01,0,0,0,0,0,0,0,0,0,1,0,0,0,0,0,0,0,0,0,0
Turkey,2013-05-01,0,0,0,0,0,0,0,0,0,0,0,0,0,0,0,1,0,0,0,0
Turkey,2013-06-01,0,0,0,0,1,0,0,0,0,0,1,0,0,0,0,1,0,0,0,0
Turkey,2013-07-01,0,0,0,0,0,0,0,0,0,0,0,0,0,0,0,0,0,0,0,0
Turkey,2013-08-01,0,0,0,0,0,0,0,0,0,0,0,0,0,0,0,0,0,0,0,0
Turkey,2013-09-01,0,0,1,0,0,0,0,0,0,0,0,0,0,0,0,0,0,0,0,0
Turkey,2013-10-01,0,0,0,0,0,0,0,0,0,0,0,0,0,0,0,0,0,1,0,0
Turkey,2013-11-01,0,0,0,0,0,0,0,0,0,0,0,0,0,0,0,0,0,1,0,0
Turkey,2013-12-01,0,1,0,0,0,0,0,1,0,0,0,0,0,0,0,0,0,0,0,0
Turkey,2014-01-01,0,1,0,0,0,0,0,0,0,0,0,0,0,0,0,0,0,0,0,0
Turkey,2014-02-01,0,1,0,1,0,0,0,0,0,0,0,1,0,0,0,0,0,0,0,0
Turkey,2014-03-01,0,0,0,0,0,0,0,0,0,0,0,0,0,0,0,0,0,0,0,0
Turkey,2014-04-01,0,0,0,0,0,0,0,0,0,0,0,0,0,0,1,0,0,0,0,0
Turkey,2014-05-01,1,0,0,1,0,1,1,0,0,0,0,0,1,0,1,0,0,1,1,0
Turkey,2014-06-01,0,0,0,0,0,0,0,0,0,0,1,0,0,1,1,0,0,0,0,0
Turkey,2014-07-01,0,0,0,0,0,0,0,0,0,0,0,0,0,0,0,0,0,0,0,1
Turkey,2014-08-01,0,0,0,0,0,0,0,0,0,0,1,1,0,0,0,0,0,0,0,1
Turkey,2014-09-01,0,0,0,0,0,0,0,0,0,0,0,0,0,0,0,0,0,0,0,0
Turkey,2014-10-01,0,0,0,0,0,0,0,0,0,0,0,0,0,1,0,1,0,0,0,0
Turkey,2014-11-01,0,0,0,0,0,1,0,0,1,1,0,0,0,1,0,0,1,0,0,0
Turkey,2014-12-01,0,0,0,0,0,0,0,0,0,0,0,0,0,0,0,0,0,0,0,0
Turkey,2015-01-01,0,0,0,1,0,0,0,1,0,0,0,0,0,0,0,0,0,0,0,0
Turkey,2015-02-01,0,0,0,0,0,0,0,0,0,0,0,0,0,0,0,0,0,0,0,0
Turkey,2015-03-01,0,0,0,0,0,0,0,0,0,0,0,0,0,0,0,0,0,0,0,0
Turkey,2015-04-01,0,1,0,0,0,0,0,0,0,0,0,0,0,0,0,0,0,0,0,0
Turkey,2015-05-01,0,0,0,0,0,0,0,0,0,0,0,0,0,0,0,0,0,0,0,0
Turkey,2015-06-01,0,0,0,0,0,0,0,0,0,0,0,0,0,0,0,0,0,1,0,0
Turkey,2015-07-01,0,0,0,0,0,0,0,0,0,0,0,0,0,0,0,0,0,0,0,1
Turkey,2015-08-01,0,0,0,0,0,0,0,0,0,0,0,0,0,0,0,0,0,0,0,0
Turkey,2015-09-01,0,0,0,0,0,0,0,0,0,0,0,0,0,0,0,0,0,0,0,0
Turkey,2015-10-01,0,0,0,0,0,0,0,0,0,0,0,0,0,0,0,0,0,0,0,0
Turkey,2015-11-01,0,0,0,0,1,0,0,0,0,0,0,0,0,0,0,0,0,0,0,1
Turkey,2015-12-01,0,1,0,0,0,0,0,0,0,0,0,0,0,0,0,0,0,0,0,0
Turkey,2016-01-01,0,0,0,0,0,0,0,0,0,0,0,0,0,0,0,0,0,0,0,0
Turkey,2016-02-01,0,0,0,0,0,0,0,0,0,1,0,0,0,1,0,0,0,0,0,0
Turkey,2016-03-01,0,0,0,0,0,0,0,0,0,0,0,1,0,0,1,0,0,0,0,0
Turkey,2016-04-01,0,0,1,1,0,0,0,0,0,0,0,0,0,1,0,0,0,0,0,0
Turkey,2016-05-01,0,0,0,1,0,0,0,0,0,0,0,0,0,0,0,0,0,0,1,0
Turkey,2016-06-01,0,0,0,0,0,0,1,0,0,0,0,0,0,0,0,0,0,0,0,0
Turkey,2016-07-01,0,0,0,0,0,0,0,0,0,0,0,0,0,0,0,0,0,0,0,0
Turkey,2016-08-01,0,0,0,0,0,0,0,0,0,0,0,0,0,0,0,0,0,0,0,0
Turkey,2016-09-01,0,0,0,0,0,0,0,0,0,0,0,0,0,0,0,0,0,0,0,0
Turkey,2016-10-01,0,0,0,0,0,0,0,0,0,0,0,0,0,0,0,0,0,0,0,0
Turkey,2016-11-01,0,0,0,0,0,0,0,0,0,0,0,0,1,0,1,0,0,0,0,0
Turkey,2016-12-01,0,0,0,0,0,1,0,0,0,0,0,0,0,0,0,0,0,0,0,0
Turkey,2017-01-01,0,0,0,0,0,0,0,0,0,0,0,0,0,0,0,0,0,0,0,0
Turkey,2017-02-01,0,0,0,1,0,0,0,0,0,0,0,0,0,0,0,0,0,0,0,0
Turkey,2017-03-01,0,0,0,0,0,0,0,0,0,0,0,0,0,0,0,0,0,0,0,0
Turkey,2017-04-01,0,0,0,0,0,0,0,0,0,0,0,0,0,1,0,0,0,0,0,0
Turkey,2017-05-01,0,0,0,0,0,0,0,0,0,0,0,0,0,0,0,1,0,1,0,0
Turkey,2017-06-01,0,0,0,0,0,0,0,0,0,0,1,0,0,0,0,0,0,0,0,0
Turkey,2017-07-01,1,0,0,0,0,0,1,0,1,0,1,1,0,0,0,0,0,0,0,0
Turkey,2017-08-01,1,0,0,0,0,0,0,0,0,0,0,0,0,0,0,1,0,0,0,1
Turkey,2017-09-01,0,0,0,0,0,0,1,0,0,0,0,0,0,0,0,0,0,1,0,0
Turkey,2017-10-01,0,0,1,0,0,0,0,0,0,0,0,0,0,1,0,0,0,0,1,0
Turkey,2017-11-01,0,1,0,0,1,0,0,1,0,0,0,0,0,0,0,0,0,0,0,1
Turkey,2017-12-01,0,0,0,0,0,0,0,0,0,0,0,0,0,0,0,0,1,0,0,0
Turkey,2018-01-01,0,0,0,0,0,0,0,0,0,0,0,0,0,0,0,0,0,0,0,0
Turkey,2018-02-01,0,0,0,0,0,0,0,0,0,0,0,0,0,0,0,0,0,0,0,0
Turkey,2018-03-01,0,0,0,0,0,0,0,0,0,0,0,0,0,0,0,0,0,0,0,0
Turkey,2018-04-01,0,0,0,0,0,0,0,0,0,0,0,0,0,0,0,0,0,0,0,0
Turkey,2018-05-01,0,0,0,0,0,0,0,0,0,0,0,0,0,0,1,0,0,0,0,0
Turkey,2018-06-01,0,0,0,0,0,0,0,1,0,0,0,0,0,0,0,0,0,0,0,0
Turkey,2018-07-01,0,0,0,0,0,0,0,0,0,0,0,0,1,0,0,0,0,0,0,0
Turkey,2018-08-01,0,0,0,0,0,0,0,0,0,0,0,0,0,0,0,0,0,0,0,0
Turkey,2018-09-01,0,0,0,0,0,0,0,0,0,0,0,0,0,0,0,0,0,0,0,0
Turkey,2018-10-01,0,1,0,0,0,0,0,0,0,0,0,0,0,0,0,0,0,0,0,0
Turkey,2018-11-01,0,0,0,1,0,0,0,0,0,0,0,0,0,0,0,0,0,0,0,0
Turkey,2018-12-01,0,0,0,0,0,1,0,0,0,0,0,0,0,0,1,0,0,0,0,0
Turkey,2019-01-01,0,0,0,0,0,0,0,0,0,0,0,0,0,0,0,0,1,0,0,1
Turkey,2019-02-01,0,0,0,0,0,0,0,0,0,0,0,0,0,0,0,0,0,0,0,0
Turkey,2019-03-01,0,0,0,0,0,0,0,0,0,0,0,0,0,0,0,0,0,0,0,0
Turkey,2019-04-01,0,0,0,0,0,0,0,0,0,0,0,0,0,0,0,0,0,0,0,0
Turkey,2019-05-01,0,0,0,0,0,0,0,0,0,0,0,0,0,1,1,0,0,0,0,0
Turkey,2019-06-01,0,0,0,0,0,0,0,0,0,0,0,0,0,0,0,0,0,0,0,0
Turkey,2019-07-01,0,0,0,0,0,0,0,0,0,0,0,0,0,0,0,0,0,0,0,0
Turkey,2019-08-01,1,0,0,1,0,0,1,0,0,0,0,0,0,1,0,0,0,0,1,0
Turkey,2019-09-01,1,0,0,0,0,1,0,0,1,1,1,0,0,0,0,1,0,0,1,0
Turkey,2019-10-01,0,0,0,0,0,0,0,0,0,0,0,0,0,0,0,0,0,0,0,0
Turkey,2019-11-01,0,1,0,0,1,0,0,0,0,0,0,0,0,0,0,0,1,0,0,0
Turkey,2019-12-01,0,0,1,0,1,0,0,0,0,1,0,0,0,0,0,0,0,1,0,0
Turkey,2020-01-01,1,0,0,0,0,0,0,0,1,0,0,0,0,0,0,0,0,0,0,0
Turkey,2020-02-01,1,0,0,0,0,0,0,1,0,0,0,0,1,0,0,0,0,0,0,0
Turkey,2020-03-01,0,0,0,0,0,0,0,0,0,0,0,0,0,0,0,0,0,0,0,0
Turkey,2020-04-01,0,0,0,0,0,0,0,0,0,0,0,0,0,0,0,0,0,1,0,0
Turkey,2020-05-01,0,0,0,0,0,0,0,0,0,0,0,0,0,0,0,0,0,0,0,0
Turkey,2020-06-01,0,0,0,1,0,0,0,0,0,0,0,0,0,0,0,0,0,0,0,0
Turkey,2020-07-01,0,0,0,0,0,0,0,0,0,0,0,0,0,0,0,0,0,0,0,0
Turkey,2020-08-01,0,0,0,0,0,0,0,0,0,0,0,0,0,0,0,0,0,1,0,0
Turkey,2020-09-01,0,0,0,0,0,0,0,0,0,0,0,0,0,0,0,0,0,0,0,0
Turkey,2020-10-01,0,0,0,0,0,0,0,0,0,0,0,0,0,0,1,0,0,0,0,0
Turkey,2020-11-01,1,0,0,0,0,0,0,0,1,0,0,0,0,0,0,0,0,0,0,0
Turkey,2020-12-01,0,0,0,0,0,0,0,0,0,0,0,1,0,0,0,0,0,0,0,0
Turkey,2021-01-01,0,0,0,0,0,0,0,0,0,0,0,1,0,0,0,0,0,0,0,0
Turkey,2021-02-01,0,0,0,0,0,0,0,0,0,0,0,0,0,0,0,0,0,0,0,0
Turkey,2021-03-01,0,0,0,0,0,0,0,0,0,0,0,0,0,0,0,0,0,0,0,0
Turkey,2021-04-01,0,0,0,0,0,0,0,0,0,0,0,0,0,0,0,0,0,0,0,0
Turkey,2021-05-01,0,0,0,0,0,0,0,0,0,0,0,0,0,0,0,0,0,1,0,0
Turkey,2021-06-01,0,0,1,0,1,0,1,0,0,0,0,0,0,0,0,1,0,0,0,0
Turkey,2021-07-01,0,0,1,0,0,0,0,0,0,0,0,0,0,0,1,0,0,0,0,0
Turkey,2021-08-01,1,0,1,1,0,1,1,1,1,0,1,1,1,0,0,0,0,0,1,1
Turkey,2021-09-01,0,0,0,0,0,0,1,0,0,0,0,1,0,0,0,1,1,0,0,0
Turkey,2021-10-01,0,1,0,0,1,0,0,0,0,0,0,0,0,0,0,1,0,0,0,0
Turkey,2021-11-01,0,0,0,0,0,0,0,0,0,0,0,0,0,0,0,0,0,0,0,0
Turkey,2021-12-01,0,0,0,0,0,0,0,0,0,0,0,0,0,0,0,0,0,0,0,0
Turkey,2022-01-01,0,0,0,0,0,0,0,0,0,0,0,0,0,0,0,0,0,0,0,0
Turkey,2022-02-01,0,0,0,0,0,0,0,0,0,0,0,0,0,0,0,0,0,0,0,0
Turkey,2022-03-01,0,0,0,0,0,0,0,0,0,0,0,0,0,0,0,0,0,0,1,0
Turkey,2022-04-01,0,0,0,0,0,0,0,0,0,0,0,0,0,0,0,0,0,0,0,0
Turkey,2022-05-01,0,0,0,0,0,0,0,0,0,0,0,0,0,0,0,0,0,0,0,0
Turkey,2022-06-01,0,0,0,0,0,0,0,0,0,0,0,0,0,0,0,0,0,0,0,0
Turkey,2022-07-01,0,0,0,0,0,0,0,0,0,0,0,0,0,0,0,0,0,0,0,0
Turkey,2022-08-01,0,0,0,0,0,0,0,0,0,0,0,0,0,0,0,0,0,0,0,0
Turkey,2022-09-01,0,0,0,0,0,0,0,0,0,0,0,0,0,1,0,0,0,1,0,0
Turkey,2022-10-01,0,0,0,0,0,0,1,0,0,1,0,0,0,0,0,0,0,0,0,0
Turkey,2022-11-01,0,1,0,0,0,0,0,0,0,0,0,0,0,0,0,0,0,0,0,0
Turkey,2022-12-01,0,0,0,0,0,0,0,0,0,0,0,0,0,0,0,0,0,0,0,0
Turkey,2023-01-01,0,0,0,0,0,0,0,0,0,0,0,1,0,0,0,0,0,0,0,0
Turkey,2023-02-01,1,0,1,0,0,1,1,1,1,0,1,0,1,0,0,0,1,0,0,0
Turkey,2023-03-01,0,0,1,0,0,1,0,1,1,0,0,0,0,0,1,0,0,0,0,0
Turkey,2023-04-01,0,0,0,0,0,0,0,0,0,0,0,0,0,0,0,0,0,0,0,0
Turkey,2023-05-01,0,0,0,0,0,0,0,0,0,0,0,0,0,0,0,0,1,0,0,0
Turkey,2023-06-01,0,0,0,1,0,0,0,0,0,0,0,0,0,1,0,1,0,1,0,0
Turkey,2023-07-01,0,0,0,0,0,0,0,0,0,0,0,0,0,0,0,0,0,0,0,1
Turkey,2023-08-01,0,0,0,1,0,0,0,0,0,0,0,0,0,0,0,0,0,1,0,0
Turkey,2023-09-01,0,0,0,0,0,0,0,0,0,0,0,0,0,0,0,0,0,0,0,0
Turkey,2023-10-01,0,0,0,0,0,0,0,0,0,0,0,0,0,0,0,0,0,0,0,0
Turkey,2023-11-01,0,0,0,0,0,0,0,0,0,0,0,0,0,0,0,0,0,0,0,0
Turkey,2023-12-01,0,0,0,0,0,0,0,0,0,0,0,0,0,0,0,0,0,0,0,0
Turkey,2024-01-01,0,0,0,0,0,0,0,0,0,0,0,0,0,0,0,0,0,0,0,0
Turkey,2024-02-01,0,0,0,0,0,0,0,0,0,0,0,0,1,0,0,0,0,0,0,0
Turkey,2024-03-01,0,0,0,0,0,0,0,0,0,0,0,0,0,0,0,0,0,0,0,0
Turkey,2024-04-01,0,0,0,0,0,0,0,0,0,0,0,0,0,0,0,0,0,0,0,0
Turkey,2024-05-01,0,1,0,0,0,0,0,0,0,0,0,0,0,0,0,0,0,0,1,1
Turkey,2024-06-01,0,0,0,0,0,0,0,0,0,0,1,0,0,0,0,1,0,0,0,0
Turkey,2024-07-01,0,0,0,0,0,0,0,0,0,0,0,0,0,0,0,0,1,0,0,0
Turkey,2024-08-01,0,1,0,0,0,0,0,0,0,0,0,0,0,0,0,0,0,0,1,0
Turkey,2024-09-01,0,0,0,0,0,0,0,0,0,0,0,0,0,0,0,0,0,1,0,0
Turkey,2024-10-01,0,0,0,0,0,0,0,0,0,0,0,0,0,0,0,0,0,0,0,0
Turkey,2024-11-01,0,1,0,0,0,0,0,0,0,0,0,0,0,0,0,0,0,0,0,0
Turkey,2024-12-01,0,0,0,0,0,0,0,0,0,0,0,0,0,0,0,0,0,0,0,0
Turkey,2025-01-01,0,0,0,0,0,0,0,0,0,1,0,0,0,0,0,0,0,0,0,0
Turkey,2025-02-01,0,0,0,1,0,0,0,0,1,0,0,0,0,0,0,0,0,0,0,0
Turkey,2025-03-01,0,0,0,0,0,0,0,0,0,0,0,0,0,0,0,0,0,0,0,0
Turkey,2025-04-01,1,0,0,0,0,0,0,0,1,0,0,0,1,0,1,0,0,1,0,0
Turkey,2025-05-01,0,0,0,1,0,0,1,0,0,0,1,0,0,0,0,0,0,0,1,0
Turkey,2025-06-01,0,0,0,0,0,0,0,0,0,1,0,1,0,0,0,0,0,0,0,0
Turkey,2025-07-01,1,0,1,0,0,1,1,1,1,0,1,0,1,0,1,1,0,0,0,0
Turkey,2025-08-01,1,0,0,0,0,0,1,0,0,0,1,1,0,0,0,0,0,0,0,0
Turkey,2025-09-01,0,0,0,0,1,0,0,0,0,0,0,0,0,0,0,0,0,0,0,0
Turkey,2025-10-01,0,0,0,0,0,0,0,0,0,0,0,0,0,0,0,0,0,0,0,0
Turkey,2025-11-01,0,0,0,0,0,0,0,0,0,0,0,0,0,0,0,0,0,0,0,0
Turkey,2025-12-01,0,0,0,0,0,0,0,0,0,0,0,0,0,0,0,0,0,0,0,0
Turkey,2026-01-01,0,0,0,0,0,0,0,0,0,0,0,0,0,0,0,0,0,0,0,0
Cameroon,2012-01-01,0,0,0,0,0,0,0,0,0,0,0,0,0,0,0,0,0,0,0,0
Cameroon,2012-02-01,0,0,0,0,0,0,0,0,1,0,0,0,0,1,0,0,0,0,0,0
Cameroon,2012-03-01,0,0,0,0,0,0,1,0,0,0,0,1,0,0,0,0,0,1,0,1
Cameroon,2012-04-01,0,0,0,0,0,0,0,0,0,1,0,0,0,0,0,0,0,0,1,0
Cameroon,2012-05-01,0,1,0,0,1,0,0,0,0,0,0,0,0,0,0,1,0,0,0,0
Cameroon,2012-06-01,0,0,0,0,0,0,0,0,1,0,1,0,0,0,0,0,1,0,0,0
Cameroon,2012-07-01,0,0,0,0,0,0,0,0,0,0,0,0,0,0,0,0,0,0,0,0
Cameroon,2012-08-01,0,0,0,0,0,0,0,0,0,0,0,0,0,0,1,0,0,0,0,0
Cameroon,2012-09-01,1,0,0,0,0,0,0,0,1,0,0,0,0,0,0,0,0,0,0,0
Cameroon,2012-10-01,0,0,0,0,0,0,0,0,0,0,0,0,0,0,0,0,0,0,0,0
Cameroon,2012-11-01,0,0,0,0,0,0,0,0,0,0,0,0,1,0,0,0,0,0,1,0
Cameroon,2012-12-01,0,0,0,1,0,0,0,0,0,0,0,1,0,0,0,0,0,0,0,1
Cameroon,2013-01-01,0,0,0,0,0,0,0,0,0,0,0,0,0,0,0,0,0,0,0,0
Cameroon,2013-02-01,0,0,0,0,1,0,1,0,0,0,0,0,0,0,0,0,0,0,0,0
Cameroon,2013-03-01,0,0,1,0,0,0,0,0,0,0,0,0,0,1,0,0,0,0,0,0
Cameroon,2013-04-01,0,0,0,0,0,1,0,0,0,0,0,0,0,0,0,0,0,0,0,0
Cameroon,2013-05-01,0,0,0,1,0,1,0,0,0,0,0,0,0,1,0,0,0,0,0,0
Cameroon,2013-06-01,0,0,0,0,0,1,0,0,0,0,0,0,0,0,0,0,0,0,0,0
Cameroon,2013-07-01,0,0,0,0,0,0,0,0,0,0,0,1,0,0,0,0,0,0,0,0
Cameroon,2013-08-01,0,0,0,1,0,0,0,0,0,0,0,0,0,0,0,0,1,0,0,0
Cameroon,2013-09-01,1,0,0,0,1,0,1,0,0,0,0,0,0,0,0,1,0,0,0,0
Cameroon,2013-10-01,0,0,0,0,0,0,0,0,0,0,1,0,0,1,0,0,0,0,0,0
Cameroon,2013-11-01,0,0,0,0,0,1,1,0,0,0,1,0,0,0,0,0,0,0,0,0
Cameroon,2013-12-01,0,1,0,0,0,0,0,0,0,0,0,0,1,0,0,0,0,0,0,0
Cameroon,2014-01-01,0,0,0,0,0,0,0,0,0,0,0,0,0,0,0,0,0,0,0,0
Cameroon,2014-02-01,0,0,0,0,0,0,0,0,0,1,0,0,0,0,0,0,0,0,1,0
Cameroon,2014-03-01,0,0,0,0,0,0,0,0,0,0,0,0,0,0,0,1,0,0,0,1
Cameroon,2014-04-01,0,0,0,0,0,0,0,0,0,0,0,0,0,0,1,1,0,0,0,0
Cameroon,2014-05-01,0,0,0,0,0,0,0,0,0,1,0,0,0,0,0,0,0,1,1,0
Cameroon,2014-06-01,0,0,0,0,0,0,0,0,1,0,0,1,0,0,0,0,1,0,0,0
Cameroon,2014-07-01,0,0,0,0,0,0,0,1,0,0,0,0,0,0,0,0,0,0,0,0
Cameroon,2014-08-01,0,0,0,0,0,0,0,0,0,0,0,0,0,0,0,0,0,0,0,0
Cameroon,2014-09-01,0,1,0,0,0,0,0,0,0,0,0,0,0,0,0,0,0,0,0,0
Cameroon,2014-10-01,0,0,0,1,0,0,0,0,0,0,0,0,0,1,0,0,0,0,0,0
Cameroon,2014-11-01,0,0,0,0,0,0,0,0,0,0,0,0,0,0,0,0,0,0,0,0
Cameroon,2014-12-01,0,0,1,0,0,0,0,0,0,0,0,0,0,0,0,0,0,0,0,0
Cameroon,2015-01-01,0,0,0,0,0,0,0,0,0,0,0,0,1,0,0,0,0,0,0,0
Cameroon,2015-02-01,0,0,0,0,0,0,0,0,0,0,0,0,0,0,1,0,0,0,0,0
Cameroon,2015-03-01,0,0,0,0,0,0,1,0,1,0,0,0,0,0,0,0,0,0,0,0
Cameroon,2015-04-01,0,0,0,0,0,0,0,0,0,0,0,0,0,0,0,0,0,0,0,0
Cameroon,2015-05-01,0,1,0,0,0,1,0,0,0,0,0,0,0,0,0,0,0,0,0,0
Cameroon,2015-06-01,1,0,0,1,1,0,0,0,0,0,1,0,0,0,0,0,0,0,0,0
Cameroon,2015-07-01,1,0,0,0,0,1,0,0,0,0,0,0,0,0,0,0,0,0,0,0
Cameroon,2015-08-01,0,0,0,0,0,0,0,0,0,0,0,0,0,0,0,0,0,0,0,0
Cameroon,2015-09-01,0,0,0,0,0,0,0,1,0,0,0,0,0,0,0,0,0,0,0,0
Cameroon,2015-10-01,0,0,0,0,0,0,0,0,0,1,0,0,0,0,0,0,0,0,0,1
Cameroon,2015-11-01,0,0,0,0,1,1,0,0,0,0,0,1,0,0,0,0,0,0,0,0
Cameroon,2015-12-01,0,0,0,0,0,0,0,0,0,0,0,1,0,1,0,0,0,1,0,0
Cameroon,2016-01-01,0,0,0,0,0,0,0,0,0,0,0,0,0,0,0,0,0,0,0,0
Cameroon,2016-02-01,0,0,0,0,0,0,0,0,0,0,0,0,0,0,0,0,0,0,0,0
Cameroon,2016-03-01,0,0,0,0,0,0,0,0,0,0,0,0,0,0,1,1,0,0,0,0
Cameroon,2016-04-01,0,0,0,0,0,0,0,1,0,0,0,0,0,0,0,0,0,1,0,1
Cameroon,2016-05-01,0,0,0,0,0,0,0,0,0,0,0,0,1,0,0,0,0,0,1,0
Cameroon,2016-06-01,1,0,0,0,0,0,0,0,0,0,0,0,0,0,0,0,0,0,0,0
Cameroon,2016-07-01,0,0,0,0,0,0,0,0,0,0,0,0,0,0,0,0,0,0,0,0
Cameroon,2016-08-01,0,0,0,0,0,0,0,0,0,0,0,0,0,0,0,0,1,0,0,0
Cameroon,2016-09-01,0,1,0,0,0,0,0,0,0,0,0,0,0,0,0,0,0,0,0,1
Cameroon,2016-10-01,0,0,1,0,0,0,0,0,0,0,0,0,0,0,0,0,0,0,0,0
Cameroon,2016-11-01,0,1,0,0,0,0,0,0,0,0,1,0,0,0,0,1,1,0,0,0
Cameroon,2016-12-01,0,0,0,1,0,0,0,0,0,0,0,0,0,0,0,0,1,1,0,0
Cameroon,2017-01-01,0,0,0,0,0,0,0,0,0,0,0,1,0,0,0,0,0,0,0,0
Cameroon,2017-02-01,0,0,0,0,0,0,0,0,0,0,0,0,0,0,0,0,0,0,0,0
Cameroon,2017-03-01,0,0,1,0,0,1,0,0,0,0,0,0,0,0,0,0,0,0,0,0
Cameroon,2017-04-01,0,0,0,0,0,0,0,0,0,0,0,0,0,0,0,0,0,0,0,0
Cameroon,2017-05-01,0,0,0,0,0,0,0,0,1,0,0,0,0,0,0,0,0,0,0,1
Cameroon,2017-06-01,0,0,0,0,1,0,0,0,0,0,0,0,0,1,1,0,0,0,0,0
Cameroon,2017-07-01,0,0,0,0,0,0,0,0,0,0,0,0,0,0,0,0,0,0,0,0
Cameroon,2017-08-01,0,0,0,0,0,0,0,0,0,0,0,0,0,0,0,0,0,0,0,0
Cameroon,2017-09-01,1,0,0,0,0,0,0,1,0,0,0,0,0,0,0,0,0,0,0,0
Cameroon,2017-10-01,0,0,0,0,0,0,0,0,0,0,0,0,0,0,1,0,0,0,1,0
Cameroon,2017-11-01,1,0,0,0,0,1,0,0,1,0,0,0,0,0,0,0,0,0,0,0
Cameroon,2017-12-01,0,0,0,0,0,0,0,0,0,0,0,0,0,0,0,0,1,0,0,0
Cameroon,2018-01-01,0,0,0,0,0,0,0,0,0,1,0,0,0,0,0,0,0,0,0,0
Cameroon,2018-02-01,0,0,0,0,0,0,0,0,0,0,0,0,0,0,0,0,0,1,0,0
Cameroon,2018-03-01,0,0,0,0,0,0,0,0,0,0,0,0,0,0,0,1,0,0,0,0
Cameroon,2018-04-01,0,0,0,0,0,0,0,0,0,0,0,0,0,0,0,0,0,0,0,0
Cameroon,2018-05-01,0,1,0,0,0,0,0,0,0,0,0,0,0,0,0,0,1,0,0,0
Cameroon,2018-06-01,0,0,0,0,0,0,0,0,1,0,0,0,0,0,0,0,0,0,0,0
Cameroon,2018-07-01,0,0,0,0,0,0,0,0,0,0,0,0,0,0,0,0,0,0,0,0
Cameroon,2018-08-01,0,0,0,0,0,0,0,0,0,1,0,0,0,0,0,0,0,0,0,0
Cameroon,2018-09-01,0,0,0,0,0,0,0,0,0,0,0,0,0,0,0,0,0,0,0,0
Cameroon,2018-10-01,0,0,0,0,0,0,0,0,0,0,0,0,0,0,0,0,0,0,0,0
Cameroon,2018-11-01,0,0,0,0,0,0,0,0,0,0,0,0,0,0,0,0,0,0,1,0
Cameroon,2018-12-01,0,0,0,0,0,0,0,0,0,0,0,0,0,0,0,0,0,0,0,0
Cameroon,2019-01-01,0,0,0,0,0,0,0,0,0,0,0,0,0,0,0,0,0,0,0,0
Cameroon,2019-02-01,0,0,0,1,0,0,0,0,0,0,0,1,0,0,0,0,0,0,0,0
Cameroon,2019-03-01,0,0,0,0,0,0,0,0,0,0,1,0,0,0,0,0,0,1,0,0
Cameroon,2019-04-01,0,0,0,0,0,0,0,0,0,0,0,0,0,0,0,0,0,0,0,0
Cameroon,2019-05-01,0,0,0,0,0,0,1,1,0,0,1,0,0,0,0,0,0,0,0,0
Cameroon,2019-06-01,0,1,0,0,1,0,0,0,0,0,0,0,0,0,1,0,0,0,0,0
Cameroon,2019-07-01,0,0,0,0,0,0,0,0,0,0,0,0,1,0,0,1,1,0,0,0
Cameroon,2019-08-01,0,0,0,0,0,0,0,0,0,0,0,0,0,0,0,0,0,0,0,0
Cameroon,2019-09-01,0,0,0,0,0,0,0,0,0,0,0,0,0,0,0,0,0,0,0,0
Cameroon,2019-10-01,1,1,0,0,0,0,0,0,0,0,0,0,0,0,0,0,0,0,0,0
Cameroon,2019-11-01,0,0,0,0,1,0,0,0,0,1,0,0,0,0,0,0,0,0,0,0
Cameroon,2019-12-01,0,0,1,0,0,0,0,0,0,0,0,0,0,0,0,0,0,0,0,0
Cameroon,2020-01-01,0,1,0,0,0,0,0,0,0,0,0,0,0,0,1,0,0,0,0,0
Cameroon,2020-02-01,0,0,0,0,0,0,0,0,0,0,0,0,0,0,0,0,0,0,0,0
Cameroon,2020-03-01,0,0,0,0,0,0,0,0,0,0,0,0,0,0,0,0,0,0,0,0
Cameroon,2020-04-01,0,0,0,0,0,0,0,0,0,0,0,0,0,0,0,0,0,0,0,0
Cameroon,2020-05-01,0,0,0,0,0,0,0,0,0,0,0,0,0,0,0,0,0,0,0,0
Cameroon,2020-06-01,0,0,0,0,0,1,0,0,0,0,0,0,0,0,0,0,0,0,0,0
Cameroon,2020-07-01,0,0,0,0,0,0,0,0,0,0,1,0,0,0,0,0,0,0,0,0
Cameroon,2020-08-01,1,0,0,1,0,0,1,0,1,1,0,1,0,0,0,0,0,0,0,1
Cameroon,2020-09-01,0,0,0,0,0,0,0,0,0,0,0,0,1,0,1,0,0,0,0,0
Cameroon,2020-10-01,0,0,0,0,0,0,0,0,0,0,0,0,0,0,0,0,0,0,0,0
Cameroon,2020-11-01,0,0,0,0,0,0,0,0,0,0,0,0,0,0,0,1,0,0,0,0
Cameroon,2020-12-01,0,0,0,0,0,0,0,0,0,0,0,0,0,0,0,0,0,0,0,0
Cameroon,2021-01-01,0,0,1,0,0,0,0,1,0,0,0,0,0,0,0,0,0,0,0,0
Cameroon,2021-02-01,0,0,0,0,1,0,0,0,0,0,0,0,0,0,1,0,0,0,0,0
Cameroon,2021-03-01,0,0,0,0,0,0,0,0,0,0,0,0,0,0,0,0,0,0,0,0
Cameroon,2021-04-01,0,0,0,0,0,0,0,0,0,0,0,0,0,1,0,0,0,0,0,0
Cameroon,2021-05-01,0,0,0,0,0,0,0,0,0,0,0,0,1,0,0,0,0,0,0,0
Cameroon,2021-06-01,0,0,0,0,0,0,0,0,0,0,0,0,0,0,0,0,0,0,0,0
Cameroon,2021-07-01,0,1,0,0,0,0,0,0,0,0,0,0,0,0,0,0,0,0,0,0
Cameroon,2021-08-01,0,0,0,0,0,0,0,0,0,0,0,0,0,0,0,0,0,1,1,1
Cameroon,2021-09-01,0,0,0,0,0,0,0,0,0,0,0,1,0,0,0,0,0,0,0,0
Cameroon,2021-10-01,0,0,0,0,0,0,0,0,0,0,1,0,0,0,0,1,0,0,1,0
Cameroon,2021-11-01,0,0,0,0,0,0,0,1,0,0,0,0,0,0,0,0,0,0,0,0
Cameroon,2021-12-01,0,0,0,0,0,0,0,0,0,0,0,0,0,0,0,0,1,1,0,0
Cameroon,2022-01-01,0,0,0,0,0,0,0,0,0,0,0,0,0,0,0,0,0,0,0,0
Cameroon,2022-02-01,0,0,0,0,0,0,0,0,0,0,0,0,0,0,0,0,0,0,0,0
Cameroon,2022-03-01,0,0,0,0,1,0,0,0,0,0,0,0,0,0,1,0,0,0,0,0
Cameroon,2022-04-01,0,0,0,0,0,0,0,0,0,1,0,0,0,0,0,0,0,0,0,0
Cameroon,2022-05-01,0,0,0,0,0,0,0,0,0,0,0,0,0,0,0,0,0,0,0,0
Cameroon,2022-06-01,0,0,0,0,1,1,1,0,0,0,0,0,0,0,0,0,0,1,0,0
Cameroon,2022-07-01,0,0,0,1,0,0,0,0,0,0,0,0,0,0,0,0,0,0,0,0
Cameroon,2022-08-01,0,0,0,0,0,0,0,0,0,0,1,0,0,0,0,1,0,0,0,0
Cameroon,2022-09-01,0,0,0,0,0,0,0,0,1,0,0,0,0,0,0,0,0,0,1,0
Cameroon,2022-10-01,0,1,0,0,1,0,0,1,0,0,0,1,0,0,0,0,0,0,0,0
Cameroon,2022-11-01,1,0,0,0,0,0,0,0,0,0,0,0,0,0,0,1,1,0,1,0
Cameroon,2022-12-01,0,0,0,0,0,0,0,0,0,0,0,0,0,0,0,0,0,0,0,0
Cameroon,2023-01-01,0,0,0,0,0,0,0,0,0,0,0,0,0,0,0,0,0,0,0,0
Cameroon,2023-02-01,0,0,0,0,0,0,0,0,0,0,0,0,0,0,0,0,0,0,0,0
Cameroon,2023-03-01,0,0,0,0,0,0,0,0,0,0,0,0,0,0,0,0,1,0,0,0
Cameroon,2023-04-01,0,0,0,0,0,0,0,0,0,0,0,0,1,0,0,0,0,0,1,1
Cameroon,2023-05-01,0,0,0,0,0,0,0,0,1,0,0,0,0,0,0,0,0,0,0,0
Cameroon,2023-06-01,0,0,0,0,0,0,0,0,0,1,0,0,1,0,0,0,0,0,0,0
Cameroon,2023-07-01,0,0,0,0,0,0,0,0,0,0,0,0,0,0,0,0,0,0,0,0
Cameroon,2023-08-01,0,0,0,0,0,0,1,0,0,0,0,0,0,0,0,0,0,0,0,1
Cameroon,2023-09-01,0,0,0,0,0,0,0,0,0,0,0,0,0,1,0,0,0,0,0,0
Cameroon,2023-10-01,0,0,0,0,0,0,0,0,0,0,0,0,0,0,0,0,0,0,0,0
Cameroon,2023-11-01,0,0,0,0,0,0,0,0,0,0,0,0,0,0,0,0,0,0,0,0
Cameroon,2023-12-01,0,0,0,0,0,0,0,0,0,0,0,0,0,0,0,1,0,0,0,0
Cameroon,2024-01-01,0,0,0,0,0,0,0,0,0,0,0,1,0,0,0,0,0,0,0,0
Cameroon,2024-02-01,0,0,0,0,0,0,0,0,0,0,0,0,0,0,1,0,0,0,0,0
Cameroon,2024-03-01,0,0,0,1,0,0,0,0,0,0,1,0,0,0,0,0,0,0,0,0
Cameroon,2024-04-01,0,0,1,0,0,0,0,0,0,0,0,0,0,0,0,0,0,0,0,0
Cameroon,2024-05-01,0,0,0,0,0,0,0,0,0,0,0,0,0,0,0,0,0,0,0,0
Cameroon,2024-06-01,0,0,0,0,1,0,0,0,0,0,0,0,0,0,0,0,0,0,0,1
Cameroon,2024-07-01,0,0,0,0,0,0,0,0,0,0,0,0,0,0,0,0,0,0,0,0
Cameroon,2024-08-01,0,1,0,0,0,0,0,0,1,0,0,1,0,0,0,0,1,0,1,0
Cameroon,2024-09-01,1,0,0,1,0,0,1,1,1,0,0,0,0,0,0,1,0,0,0,0
Cameroon,2024-10-01,0,0,0,0,0,0,0,0,0,0,1,0,0,0,0,0,0,0,0,0
Cameroon,2024-11-01,0,0,0,0,0,0,0,0,0,0,0,0,0,0,0,0,0,0,0,0
Cameroon,2024-12-01,0,0,0,0,0,0,0,0,0,0,0,0,0,1,1,0,0,0,0,0
Cameroon,2025-01-01,0,0,0,0,0,0,0,0,0,0,0,0,0,0,0,0,0,0,0,0
Cameroon,2025-02-01,0,0,0,0,0,0,0,0,0,0,0,0,0,0,0,0,0,0,0,0
Cameroon,2025-03-01,0,0,0,0,0,0,0,0,0,0,0,0,0,0,0,0,0,0,0,0
Cameroon,2025-04-01,0,0,0,0,0,0,0,0,0,0,0,0,0,0,0,1,0,0,0,0
Cameroon,2025-05-01,0,0,0,0,0,0,0,0,0,0,0,0,0,0,0,0,0,0,0,0
Cameroon,2025-06-01,0,0,0,0,0,0,0,0,0,0,0,0,0,0,0,0,0,0,0,0
Cameroon,2025-07-01,0,0,0,0,0,0,0,0,0,0,0,0,1,1,0,0,0,0,0,0
Cameroon,2025-08-01,0,0,0,0,0,0,0,0,0,0,0,0,0,0,0,0,0,0,0,0
Cameroon,2025-09-01,0,0,0,0,0,0,0,0,0,0,0,0,0,0,0,0,0,0,0,0
Cameroon,2025-10-01,0,0,0,0,0,0,0,0,0,0,0,0,0,0,0,0,0,0,0,0
Cameroon,2025-11-01,0,0,0,0,0,0,0,0,0,0,0,0,0,0,0,0,0,0,0,0
Cameroon,2025-12-01,0,0,0,0,0,0,0,0,0,0,0,0,0,0,0,0,0,0,0,0
Cameroon,2026-01-01,0,0,0,0,0,0,0,0,0,0,0,0,0,0,0,0,0,0,0,0
South Sudan,2012-01-01,0,0,0,0,0,0,0,1,0,1,0,0,0,0,0,0,0,0,0,0
South Sudan,2012-02-01,0,0,0,0,0,0,0,0,0,0,0,0,0,0,0,0,0,0,0,0
South Sudan,2012-03-01,0,0,1,0,0,0,0,0,0,0,0,0,0,0,0,0,0,0,0,0
South Sudan,2012-04-01,0,0,0,0,0,0,0,0,0,0,0,0,0,0,0,0,0,0,0,0
South Sudan,2012-05-01,0,0,0,0,0,0,0,0,0,0,0,0,0,0,0,0,0,0,0,0
South Sudan,2012-06-01,0,0,0,0,0,0,0,0,0,0,0,0,0,0,0,0,0,0,1,0
South Sudan,2012-07-01,0,0,0,0,0,0,0,0,0,0,0,1,0,0,0,0,0,1,0,0
South Sudan,2012-08-01,1,0,1,0,0,0,0,0,1,0,0,0,1,0,0,0,0,0,0,0
South Sudan,2012-09-01,0,0,0,0,0,0,0,0,0,0,1,0,0,0,0,0,0,0,0,0
South Sudan,2012-10-01,0,0,0,0,0,0,0,0,0,0,0,0,0,0,0,0,0,0,0,0
South Sudan,2012-11-01,0,0,0,0,1,0,0,0,0,0,0,0,0,0,1,0,0,0,0,0
South Sudan,2012-12-01,0,0,0,0,1,0,0,0,0,0,0,0,0,0,0,0,0,0,0,0
South Sudan,2013-01-01,0,0,0,0,0,0,0,0,0,0,0,0,0,0,0,0,0,0,0,0
South Sudan,2013-02-01,0,0,0,0,0,0,0,0,1,0,0,0,0,1,0,0,0,1,0,1
South Sudan,2013-03-01,0,0,1,1,0,0,0,0,0,0,0,0,0,0,0,0,0,0,0,0
South Sudan,2013-04-01,0,0,0,0,0,0,1,0,0,1,0,0,0,0,0,0,0,0,0,0
South Sudan,2013-05-01,0,0,0,0,0,0,0,0,0,0,0,0,0,0,0,0,0,0,0,0
South Sudan,2013-06-01,0,0,0,0,0,0,0,0,0,0,0,0,1,0,0,0,0,0,0,0
South Sudan,2013-07-01,0,0,0,0,0,0,1,0,0,0,0,0,0,0,0,0,0,0,0,0
South Sudan,2013-08-01,0,0,0,0,0,0,0,1,0,0,0,0,0,0,0,0,0,0,0,0
South Sudan,2013-09-01,1,0,0,0,0,0,0,0,1,0,0,0,0,0,0,0,0,0,1,0
South Sudan,2013-10-01,0,0,1,0,0,0,0,0,0,1,1,0,0,0,1,0,1,0,0,0
South Sudan,2013-11-01,1,1,0,0,1,0,0,0,0,0,1,0,0,1,0,0,0,0,0,0
South Sudan,2013-12-01,0,0,0,0,0,0,0,0,0,0,0,0,0,0,0,0,0,0,0,0
South Sudan,2014-01-01,0,0,0,0,0,0,0,0,0,0,0,0,0,0,0,0,0,0,0,0
South Sudan,2014-02-01,0,0,0,0,0,0,0,0,0,0,0,0,0,0,0,0,0,0,0,0
South Sudan,2014-03-01,0,0,0,0,0,0,0,0,0,0,0,1,0,0,0,0,0,0,0,1
South Sudan,2014-04-01,0,0,0,0,0,0,0,0,0,0,0,0,0,1,0,0,0,0,0,0
South Sudan,2014-05-01,0,0,0,0,0,0,0,0,0,0,0,0,0,0,0,0,0,0,0,0
South Sudan,2014-06-01,0,0,0,0,0,0,0,0,0,0,0,0,0,0,0,0,0,1,0,0
South Sudan,2014-07-01,0,0,0,1,0,0,0,0,0,0,0,0,0,0,0,0,0,0,0,0
South Sudan,2014-08-01,0,0,0,0,0,0,0,0,0,0,0,0,1,0,0,0,0,0,0,0
South Sudan,2014-09-01,0,0,0,0,0,0,0,1,0,1,0,0,0,0,0,0,0,0,0,0
South Sudan,2014-10-01,0,0,1,0,0,0,0,0,0,0,0,0,0,0,0,0,0,0,0,0
South Sudan,2014-11-01,0,1,0,0,0,0,0,0,0,0,0,0,0,0,0,0,0,0,0,0
South Sudan,2014-12-01,0,0,0,1,0,0,0,0,0,0,0,0,0,0,0,0,0,0,0,0
South Sudan,2015-01-01,0,0,0,0,0,0,0,0,0,0,1,0,0,0,0,1,0,0,0,0
South Sudan,2015-02-01,0,0,0,0,0,0,0,0,0,0,0,0,0,0,0,0,0,0,0,0
South Sudan,2015-03-01,0,0,1,0,0,0,0,0,0,0,0,0,0,0,1,0,0,0,0,0
South Sudan,2015-04-01,0,0,0,0,0,0,0,0,0,0,0,0,0,0,0,1,1,0,0,0
South Sudan,2015-05-01,0,0,0,0,1,0,0,0,0,0,0,1,0,0,0,0,0,0,0,0
South Sudan,2015-06-01,0,0,0,0,0,0,0,0,0,0,0,0,0,0,0,0,1,0,0,0
South Sudan,2015-07-01,0,0,0,0,0,0,0,0,0,1,0,1,0,0,0,0,0,1,0,0
South Sudan,2015-08-01,0,0,0,0,0,0,0,0,0,0,0,0,0,0,0,0,0,0,0,0
South Sudan,2015-09-01,0,0,0,0,0,0,1,1,0,0,0,0,0,0,1,0,0,0,1,0
South Sudan,2015-10-01,0,0,0,0,0,0,0,0,0,0,0,0,0,0,0,0,0,0,0,0
South Sudan,2015-11-01,0,1,1,0,0,0,0,0,0,0,0,0,0,0,0,0,0,0,0,0
South Sudan,2015-12-01,0,0,0,0,1,0,0,0,1,0,0,0,0,0,0,0,0,1,0,0
South Sudan,2016-01-01,0,0,0,0,0,0,0,0,0,0,0,0,1,0,0,0,0,0,0,0
South Sudan,2016-02-01,0,0,0,0,0,1,0,0,0,0,0,0,0,0,1,0,0,0,1,0
South Sudan,2016-03-01,0,0,0,0,0,0,1,0,0,0,1,0,0,1,0,0,0,0,0,1
South Sudan,2016-04-01,0,0,0,0,0,0,0,0,0,0,0,0,0,0,0,0,0,0,0,0
South Sudan,2016-05-01,0,0,0,0,0,1,0,0,0,0,0,0,1,0,0,1,0,0,0,0
South Sudan,2016-06-01,0,0,1,1,0,0,0,0,0,0,0,0,0,0,0,0,0,0,0,0
South Sudan,2016-07-01,0,0,0,0,0,0,0,0,0,0,0,0,0,0,0,0,0,0,0,0
South Sudan,2016-08-01,1,0,0,0,0,0,0,1,0,1,0,0,0,0,0,0,0,0,0,0
South Sudan,2016-09-01,0,0,0,0,0,0,0,0,0,0,0,0,0,0,0,0,0,0,0,0
South Sudan,2016-10-01,0,0,0,0,0,0,0,0,0,0,0,0,0,0,0,0,0,0,0,0
South Sudan,2016-11-01,0,0,0,0,0,0,0,0,0,0,0,0,0,0,0,0,0,0,0,0
South Sudan,2016-12-01,0,0,0,0,0,0,0,0,0,0,0,0,0,0,0,0,0,0,0,0
South Sudan,2017-01-01,0,0,0,0,0,0,0,0,0,0,0,0,0,0,0,0,0,0,0,0
South Sudan,2017-02-01,0,0,0,0,0,0,0,0,1,0,0,1,0,0,0,0,0,0,1,0
South Sudan,2017-03-01,0,1,0,0,0,1,0,0,0,0,1,1,0,0,1,0,0,0,0,0
South Sudan,2017-04-01,0,0,0,0,0,0,0,0,1,0,0,0,0,0,0,1,0,0,0,0
South Sudan,2017-05-01,0,0,0,0,1,0,0,0,0,0,0,0,0,0,0,0,0,0,0,0
South Sudan,2017-06-01,0,0,1,0,0,0,0,0,0,0,0,0,0,0,0,0,0,0,0,0
South Sudan,2017-07-01,0,0,0,0,0,0,0,0,0,0,0,0,0,0,0,0,0,0,1,0
South Sudan,2017-08-01,0,0,0,0,0,0,0,0,0,0,0,0,0,0,0,0,0,0,0,0
South Sudan,2017-09-01,1,0,0,0,0,0,0,0,0,0,0,0,0,0,0,0,0,0,0,0
South Sudan,2017-10-01,0,0,0,1,0,0,0,0,0,0,0,0,0,0,0,0,0,0,0,0
South Sudan,2017-11-01,0,0,0,0,0,0,0,0,0,0,0,0,0,0,1,0,0,0,0,0
South Sudan,2017-12-01,0,0,0,0,0,0,1,0,0,0,0,0,0,0,0,0,0,0,0,0
South Sudan,2018-01-01,0,0,1,0,0,1,0,0,0,0,0,0,0,0,0,0,0,0,1,1
South Sudan,2018-02-01,0,0,0,0,0,0,0,0,0,0,0,0,0,0,0,0,0,1,0,0
South Sudan,2018-03-01,0,1,0,0,1,0,0,0,0,0,0,0,0,0,1,0,0,0,0,0
South Sudan,2018-04-01,0,0,0,0,0,0,0,0,0,0,0,1,1,0,0,0,0,0,0,0
South Sudan,2018-05-01,0,0,0,0,0,0,0,0,0,0,0,0,0,0,0,0,0,0,0,0
South Sudan,2018-06-01,0,0,0,0,0,0,0,1,0,0,1,0,0,0,0,0,0,0,0,0
South Sudan,2018-07-01,0,0,0,0,0,0,0,0,0,0,0,0,0,0,0,1,0,0,0,0
South Sudan,2018-08-01,0,0,0,1,0,1,0,0,0,0,0,0,0,0,0,0,0,0,0,0
South Sudan,2018-09-01,0,0,0,0,0,0,0,0,0,0,0,0,0,0,0,0,1,0,0,0
South Sudan,2018-10-01,0,0,0,0,0,0,0,0,0,0,0,0,0,0,0,0,0,0,0,0
South Sudan,2018-11-01,0,0,0,0,0,0,0,0,0,0,1,0,0,0,0,0,0,0,0,0
South Sudan,2018-12-01,0,0,0,1,0,0,0,0,0,1,0,0,0,0,0,0,0,0,0,0
South Sudan,2019-01-01,0,0,0,0,0,0,0,0,1,0,0,0,0,1,0,0,0,0,0,0
South Sudan,2019-02-01,0,0,0,0,0,0,0,0,0,0,0,0,0,1,0,0,0,0,1,1
South Sudan,2019-03-01,0,0,0,0,0,0,0,0,0,0,0,0,0,1,0,0,0,0,1,0
South Sudan,2019-04-01,0,1,0,0,0,0,0,0,0,0,0,0,0,0,1,0,1,0,0,0
South Sudan,2019-05-01,0,0,0,0,0,0,0,0,0,0,0,0,0,0,0,0,0,0,0,0
South Sudan,2019-06-01,0,0,0,0,0,0,0,0,0,0,0,0,0,0,0,0,0,0,0,0
South Sudan,2019-07-01,0,0,0,0,0,0,0,0,0,0,0,0,0,0,0,0,0,0,0,0
South Sudan,2019-08-01,0,0,0,0,0,0,1,0,0,1,0,0,0,0,0,0,0,0,0,1
South Sudan,2019-09-01,0,0,0,0,0,0,0,0,0,0,0,0,0,0,0,0,0,0,0,0
South Sudan,2019-10-01,1,0,0,0,0,0,0,0,0,0,0,0,0,0,1,0,0,0,1,0
South Sudan,2019-11-01,1,0,0,0,0,0,0,0,0,0,0,0,0,0,0,0,0,0,0,0
South Sudan,2019-12-01,0,0,0,0,0,0,0,0,0,0,0,1,0,0,0,1,0,0,0,1
South Sudan,2020-01-01,0,0,1,0,0,1,1,0,0,0,0,0,0,0,0,1,0,0,0,0
South Sudan,2020-02-01,0,1,0,1,1,0,0,0,0,0,0,0,0,0,0,0,0,0,0,0
South Sudan,2020-03-01,0,0,0,1,0,1,0,0,0,0,0,0,0,0,0,0,0,1,0,0
South Sudan,2020-04-01,0,0,0,0,0,0,0,0,0,0,0,0,1,0,0,0,0,0,0,0
South Sudan,2020-05-01,0,0,0,0,0,0,0,0,0,0,0,0,0,0,0,0,0,0,0,0
South Sudan,2020-06-01,0,0,0,0,0,0,0,0,0,0,0,0,0,0,0,0,0,0,0,0
South Sudan,2020-07-01,0,0,0,0,0,0,0,0,0,0,1,0,0,1,0,0,0,0,0,0
South Sudan,2020-08-01,0,0,0,0,0,0,0,1,0,0,0,0,0,0,0,0,0,0,0,0
South Sudan,2020-09-01,0,0,0,0,0,0,0,0,0,0,0,0,0,0,0,0,0,0,0,0
South Sudan,2020-10-01,0,0,0,0,0,0,0,0,0,0,0,0,0,0,0,0,0,0,0,0
South Sudan,2020-11-01,1,0,0,0,0,0,0,1,1,1,0,0,0,0,0,0,0,0,0,0
South Sudan,2020-12-01,0,0,0,0,0,0,0,0,0,0,0,0,0,0,0,0,0,1,0,0
South Sudan,2021-01-01,0,0,0,0,0,0,0,0,0,0,0,1,0,0,0,0,0,0,0,1
South Sudan,2021-02-01,0,0,0,0,0,0,0,0,0,1,0,0,0,1,0,0,0,0,0,0
South Sudan,2021-03-01,0,0,0,0,0,0,0,0,0,0,0,0,1,0,0,0,0,0,1,0
South Sudan,2021-04-01,0,0,0,0,0,0,0,0,0,0,0,0,0,0,0,0,0,0,0,0
South Sudan,2021-05-01,0,0,0,0,0,0,0,0,0,0,0,0,0,0,0,0,0,0,0,0
South Sudan,2021-06-01,0,0,1,0,0,0,0,0,0,0,0,0,0,0,0,0,0,0,0,0
South Sudan,2021-07-01,0,0,0,0,0,0,0,0,0,0,0,0,0,0,0,0,1,0,0,0
South Sudan,2021-08-01,0,0,0,0,0,0,0,0,0,0,0,0,0,0,0,0,0,0,0,0
South Sudan,2021-09-01,1,0,0,0,0,0,0,1,0,0,0,0,0,0,0,0,0,0,0,0
South Sudan,2021-10-01,1,0,0,0,0,0,0,0,0,0,0,0,0,0,0,0,0,0,0,0
South Sudan,2021-11-01,0,1,0,0,0,0,0,0,0,0,0,0,0,0,0,0,0,0,0,0
South Sudan,2021-12-01,0,0,0,0,0,1,0,0,0,0,1,0,0,0,0,0,0,0,0,0
South Sudan,2022-01-01,0,0,0,0,0,1,1,0,0,0,0,0,0,0,0,0,0,0,0,1
South Sudan,2022-02-01,0,0,1,0,0,0,0,0,0,0,0,0,0,0,1,1,0,0,0,0
South Sudan,2022-03-01,0,0,0,1,0,0,0,0,0,0,1,0,0,0,0,0,0,1,0,0
South Sudan,2022-04-01,0,0,0,0,1,0,0,0,0,1,0,0,0,1,0,0,1,0,0,0
South Sudan,2022-05-01,0,0,0,0,0,0,0,0,0,0,0,0,0,0,0,0,0,0,0,0
South Sudan,2022-06-01,0,0,0,0,0,0,0,0,0,0,0,0,1,1,0,1,1,1,0,0
South Sudan,2022-07-01,0,0,1,0,0,0,0,0,1,0,0,0,0,0,1,0,0,0,1,1
South Sudan,2022-08-01,0,0,0,0,0,0,0,0,0,0,0,0,0,0,0,0,0,0,0,0
South Sudan,2022-09-01,1,0,0,0,0,0,0,1,1,1,0,0,0,0,1,0,0,0,0,1
South Sudan,2022-10-01,0,0,0,0,0,0,0,1,0,0,0,0,0,0,0,0,0,0,1,0
South Sudan,2022-11-01,0,0,0,0,0,1,0,0,0,0,0,0,0,0,0,0,0,0,0,0
South Sudan,2022-12-01,0,1,0,0,0,0,0,0,0,0,0,0,0,0,0,0,0,0,0,0
South Sudan,2023-01-01,0,0,0,0,0,0,0,0,0,0,0,0,1,0,0,0,0,0,0,0
South Sudan,2023-02-01,0,0,0,0,0,0,0,0,0,0,0,0,0,0,0,0,0,0,0,0
South Sudan,2023-03-01,0,0,0,0,0,0,0,0,0,0,0,1,0,0,0,0,0,0,0,0
South Sudan,2023-04-01,0,0,0,1,0,1,0,0,0,0,0,0,0,0,0,0,0,0,0,0
South Sudan,2023-05-01,0,0,0,0,0,0,0,0,0,0,0,0,0,0,0,0,0,0,0,0
South Sudan,2023-06-01,0,0,0,0,0,0,1,0,0,0,0,0,0,0,0,0,0,0,0,0
South Sudan,2023-07-01,0,0,0,0,0,0,0,0,0,0,0,0,0,0,0,0,1,0,0,1
South Sudan,2023-08-01,0,0,1,0,0,0,0,0,0,0,0,0,0,0,1,0,0,0,0,0
South Sudan,2023-09-01,0,1,0,0,0,0,0,0,0,0,0,0,0,0,0,0,0,0,0,0
South Sudan,2023-10-01,0,0,0,0,0,0,0,0,0,0,0,0,0,0,0,0,0,0,0,0
South Sudan,2023-11-01,0,0,0,0,0,0,0,0,0,0,0,0,0,0,0,0,0,0,0,0
South Sudan,2023-12-01,0,0,0,0,0,0,0,0,0,0,1,0,0,0,0,0,1,0,0,0
South Sudan,2024-01-01,0,0,0,0,0,0,0,0,0,0,0,0,0,0,0,0,0,0,0,0
South Sudan,2024-02-01,0,0,0,0,0,0,0,0,0,0,0,0,1,0,0,0,0,1,0,0
South Sudan,2024-03-01,0,0,0,0,0,1,0,0,0,0,0,1,0,0,0,1,0,0,0,0
South Sudan,2024-04-01,0,0,0,0,0,0,1,0,0,1,0,0,0,0,0,0,0,0,0,0
South Sudan,2024-05-01,1,0,0,0,1,0,0,0,0,0,0,0,0,0,0,0,0,0,0,0
South Sudan,2024-06-01,0,1,0,1,0,0,0,0,0,0,0,0,0,1,1,0,0,0,0,0
South Sudan,2024-07-01,0,0,0,0,0,0,0,0,0,0,0,0,0,0,0,0,0,1,0,0
South Sudan,2024-08-01,1,0,0,0,0,0,0,1,1,0,0,0,0,0,0,0,0,0,0,0
South Sudan,2024-09-01,1,0,0,0,0,0,0,0,0,0,0,0,0,0,0,0,0,0,1,0
South Sudan,2024-10-01,1,1,0,0,0,1,0,0,1,0,0,0,0,0,0,0,0,0,1,0
South Sudan,2024-11-01,0,0,0,0,1,0,0,0,0,0,1,0,0,0,0,0,0,0,0,1
South Sudan,2024-12-01,0,0,0,0,0,0,0,0,0,0,0,0,0,0,0,0,0,0,0,0
South Sudan,2025-01-01,0,0,0,0,0,0,0,0,0,1,0,0,0,0,0,0,0,0,0,0
South Sudan,2025-02-01,0,0,1,0,0,0,0,0,0,1,1,0,0,0,0,0,0,0,0,0
South Sudan,2025-03-01,0,0,0,0,0,0,0,0,0,0,0,0,0,0,0,0,0,0,0,0
South Sudan,2025-04-01,0,0,0,0,0,0,0,0,0,0,0,0,0,0,0,1,0,1,0,0
South Sudan,2025-05-01,0,0,0,0,0,0,0,0,0,0,0,0,0,0,0,0,0,0,0,0
South Sudan,2025-06-01,0,0,0,0,0,0,0,0,0,0,0,0,1,0,0,1,0,0,0,0
South Sudan,2025-07-01,0,1,0,0,1,0,0,0,0,0,0,0,0,0,1,1,0,0,0,0
South Sudan,2025-08-01,0,0,0,0,0,0,0,0,0,0,0,0,0,0,1,0,0,0,0,0
South Sudan,2025-09-01,1,0,0,0,0,0,0,1,1,0,0,0,0,0,0,0,0,0,0,0
South Sudan,2025-10-01,0,0,0,0,0,0,0,0,0,0,0,0,0,0,0,0,0,0,0,0
South Sudan,2025-11-01,0,0,0,0,0,0,0,0,0,0,0,0,0,0,0,0,0,0,0,0
South Sudan,2025-12-01,0,0,0,0,0,0,0,0,0,0,0,0,0,0,0,0,0,0,0,0
South Sudan,2026-01-01,0,0,0,0,0,0,0,0,0,0,0,0,0,0,0,0,0,0,0,0
Nigeria,2012-01-01,0,0,0,0,0,0,0,0,0,0,0,0,0,0,0,0,1,0,1,0
Nigeria,2012-02-01,0,1,0,0,0,0,0,0,0,0,1,0,0,0,0,0,0,0,0,1
Nigeria,2012-03-01,0,0,0,0,1,0,0,0,0,0,1,0,0,0,0,0,0,0,0,0
Nigeria,2012-04-01,0,0,0,0,1,0,0,0,0,0,0,0,1,0,0,0,0,0,0,1
Nigeria,2012-05-01,0,0,1,0,0,0,0,0,0,0,0,0,0,0,0,0,0,0,0,0
Nigeria,2012-06-01,0,0,0,0,0,0,0,0,0,0,0,0,0,0,0,1,0,0,0,0
Nigeria,2012-07-01,0,0,0,0,0,0,1,0,0,0,0,0,0,0,1,0,0,0,0,0
Nigeria,2012-08-01,0,0,0,0,0,0,1,0,0,0,0,0,0,0,0,0,0,0,0,0
Nigeria,2012-09-01,0,0,0,0,0,0,0,1,0,0,0,0,0,0,1,1,0,0,0,0
Nigeria,2012-10-01,1,0,0,0,0,0,0,1,1,0,0,1,0,0,1,0,0,0,0,0
Nigeria,2012-11-01,0,0,0,0,0,0,0,0,0,0,0,0,0,0,0,0,0,0,0,0
Nigeria,2012-12-01,0,0,0,0,1,0,0,0,0,0,0,0,0,0,0,0,1,0,0,0
Nigeria,2013-01-01,0,0,0,1,0,0,0,0,0,1,0,0,0,0,0,0,0,0,1,0
Nigeria,2013-02-01,0,0,0,0,0,0,0,0,0,0,0,0,0,0,0,1,1,1,1,0
Nigeria,2013-03-01,0,0,0,0,0,0,0,0,0,0,0,0,0,1,0,0,0,0,0,0
Nigeria,2013-04-01,0,0,0,0,0,0,0,0,0,0,0,0,0,0,0,0,0,1,0,0
Nigeria,2013-05-01,0,0,0,0,0,0,0,0,0,0,0,0,0,1,0,0,0,0,0,0
Nigeria,2013-06-01,0,0,1,0,0,1,0,0,0,0,0,0,0,0,0,0,0,0,0,0
Nigeria,2013-07-01,0,0,0,0,0,0,0,0,0,0,0,0,0,0,0,0,0,0,0,1
Nigeria,2013-08-01,0,0,0,0,0,1,0,0,0,0,0,0,0,0,1,0,0,0,0,0
Nigeria,2013-09-01,0,0,0,0,0,0,1,0,0,0,0,0,0,0,0,0,0,0,0,0
Nigeria,2013-10-01,0,0,0,0,0,0,0,0,0,0,0,0,0,0,0,0,0,0,0,0
Nigeria,2013-11-01,0,1,0,0,0,0,0,0,0,0,0,0,0,0,0,0,0,0,0,0
Nigeria,2013-12-01,0,0,0,0,0,0,0,0,0,0,0,0,0,0,0,0,0,0,0,0
Nigeria,2014-01-01,0,0,0,0,0,0,0,0,0,0,0,0,0,0,0,0,0,0,0,0
Nigeria,2014-02-01,0,0,0,0,0,0,0,0,0,0,0,0,0,0,0,0,0,0,0,0
Nigeria,2014-03-01,0,0,0,0,1,0,0,0,0,0,1,0,0,0,0,0,0,1,0,0
Nigeria,2014-04-01,0,0,0,0,0,0,0,0,0,0,0,0,0,0,0,1,0,0,0,1
Nigeria,2014-05-01,0,0,0,0,0,0,0,0,0,0,0,0,0,0,0,0,0,1,0,0
Nigeria,2014-06-01,1,0,0,0,0,0,0,1,0,0,0,0,0,0,1,0,0,0,0,0
Nigeria,2014-07-01,0,0,0,0,0,0,0,0,0,0,0,0,0,0,0,0,0,0,0,0
Nigeria,2014-08-01,0,0,0,0,0,0,0,0,0,0,0,0,0,0,0,0,0,0,1,0
Nigeria,2014-09-01,0,0,0,0,0,0,0,0,0,0,0,0,0,0,0,0,0,0,0,0
Nigeria,2014-10-01,0,0,0,0,0,0,0,0,0,0,0,0,0,0,0,0,0,0,0,0
Nigeria,2014-11-01,0,0,0,0,0,0,0,0,0,0,0,0,0,0,0,0,0,0,0,0
Nigeria,2014-12-01,0,0,0,0,0,0,0,0,0,0,0,0,0,0,0,0,0,0,0,0
Nigeria,2015-01-01,0,0,0,1,0,0,0,0,0,0,0,0,0,0,0,0,0,0,0,0
Nigeria,2015-02-01,0,0,0,0,0,0,0,0,0,0,0,0,0,0,0,0,1,0,0,0
Nigeria,2015-03-01,0,0,0,0,0,0,0,0,0,0,0,0,0,0,0,0,0,0,0,0
Nigeria,2015-04-01,0,0,0,1,0,0,0,0,0,0,0,0,0,0,0,0,0,0,0,0
Nigeria,2015-05-01,0,0,0,0,0,0,0,0,1,0,0,0,0,0,0,0,0,0,0,0
Nigeria,2015-06-01,0,0,0,0,0,0,0,0,0,0,0,0,0,0,1,1,0,0,0,0
Nigeria,2015-07-01,0,0,0,0,0,0,0,0,0,0,0,0,0,0,0,0,0,0,0,0
Nigeria,2015-08-01,0,0,0,0,0,0,0,0,0,0,0,0,1,0,0,0,0,0,0,0
Nigeria,2015-09-01,1,1,0,0,0,0,0,0,0,0,0,0,0,0,0,0,0,0,0,0
Nigeria,2015-10-01,0,0,0,0,0,0,0,1,0,0,0,0,0,0,0,0,0,0,0,0
Nigeria,2015-11-01,0,0,0,0,1,0,0,0,1,0,1,0,0,0,0,0,1,0,0,0
Nigeria,2015-12-01,0,0,0,0,0,0,0,0,0,0,1,0,0,0,0,0,0,0,0,0
Nigeria,2016-01-01,0,0,0,0,0,0,0,0,0,0,0,0,0,0,0,1,0,0,0,0
Nigeria,2016-02-01,0,0,0,0,0,1,0,0,0,1,0,0,0,0,0,0,0,1,0,0
Nigeria,2016-03-01,0,0,0,0,0,0,1,0,0,0,0,0,0,0,0,0,0,0,1,1
Nigeria,2016-04-01,0,0,0,0,0,0,0,0,0,0,0,0,0,0,0,0,0,0,0,1
Nigeria,2016-05-01,0,0,0,0,0,0,0,0,0,0,1,0,0,1,0,0,0,0,0,1
Nigeria,2016-06-01,0,0,1,0,0,0,0,0,0,0,0,0,0,0,0,0,0,0,0,0
Nigeria,2016-07-01,0,0,0,1,0,0,0,0,0,0,0,0,0,0,0,0,0,0,1,0
Nigeria,2016-08-01,1,0,0,0,0,0,0,1,0,0,0,0,0,0,0,0,0,0,0,0
Nigeria,2016-09-01,0,1,0,0,0,0,0,0,0,0,0,0,0,0,0,0,0,0,0,0
Nigeria,2016-10-01,0,0,0,0,0,0,0,0,0,0,0,0,0,0,0,0,0,0,0,0
Nigeria,2016-11-01,0,0,0,0,1,0,0,1,0,0,0,0,0,0,0,0,0,1,0,0
Nigeria,2016-12-01,0,0,0,0,0,0,0,0,1,0,0,0,1,0,0,0,0,0,0,0
Nigeria,2017-01-01,0,0,0,0,0,0,0,0,0,1,0,0,0,0,0,0,0,0,0,0
Nigeria,2017-02-01,0,0,0,0,0,0,1,0,0,0,0,0,0,0,0,0,0,0,0,0
Nigeria,2017-03-01,0,0,0,0,0,0,0,0,0,0,0,1,0,1,1,0,0,0,0,0
Nigeria,2017-04-01,0,0,0,0,0,0,0,0,0,0,0,0,0,0,0,0,0,0,0,0
Nigeria,2017-05-01,0,0,0,0,0,0,0,0,0,0,0,0,0,0,0,0,0,0,0,0
Nigeria,2017-06-01,0,0,0,0,0,0,0,0,0,0,0,0,0,0,0,0,0,0,0,0
Nigeria,2017-07-01,0,0,0,0,0,0,0,0,0,0,0,0,0,0,0,0,0,0,0,0
Nigeria,2017-08-01,0,0,0,0,0,0,0,0,0,0,0,0,0,0,0,0,0,0,1,0
Nigeria,2017-09-01,0,0,0,0,0,0,0,1,0,0,0,0,0,0,0,0,0,0,0,0
Nigeria,2017-10-01,0,0,0,0,0,0,0,0,0,0,0,0,0,0,1,0,0,0,0,0
Nigeria,2017-11-01,0,0,0,0,0,0,0,0,0,0,0,0,1,0,0,0,1,0,0,0
Nigeria,2017-12-01,0,0,1,0,0,0,0,0,0,0,0,0,0,0,0,0,0,0,0,0
Nigeria,2018-01-01,0,0,0,0,0,0,0,0,0,0,0,0,0,0,0,0,0,0,0,0
Nigeria,2018-02-01,0,0,0,1,0,1,0,0,0,1,0,0,0,0,0,0,0,0,0,1
Nigeria,2018-03-01,0,0,0,0,0,0,0,0,0,0,0,1,0,0,0,0,0,0,0,1
Nigeria,2018-04-01,0,0,0,0,0,0,0,0,0,0,0,0,0,0,0,0,0,0,0,0
Nigeria,2018-05-01,0,0,0,0,0,0,0,0,0,0,0,0,0,0,0,0,0,0,0,0
Nigeria,2018-06-01,0,0,1,0,0,0,1,0,0,0,1,0,0,0,0,0,1,1,0,0
Nigeria,2018-07-01,0,0,0,0,0,0,0,0,0,0,0,0,0,0,0,0,0,0,0,0
Nigeria,2018-08-01,0,0,0,0,0,0,0,0,0,0,0,0,0,0,0,0,0,0,0,0
Nigeria,2018-09-01,1,0,0,0,0,0,0,1,1,0,0,0,0,0,0,0,0,0,0,0
Nigeria,2018-10-01,0,0,0,0,0,0,1,0,0,0,0,0,0,0,0,0,0,0,0,0
Nigeria,2018-11-01,0,0,0,0,0,0,0,0,0,0,0,0,0,0,0,0,0,0,0,0
Nigeria,2018-12-01,0,0,0,0,0,0,0,0,0,0,0,0,0,0,0,0,0,0,0,0
Nigeria,2019-01-01,0,0,0,0,0,0,0,0,0,0,0,0,0,0,0,0,0,0,0,0
Nigeria,2019-02-01,0,0,0,0,0,0,0,0,0,0,0,0,0,0,0,0,0,0,0,0
Nigeria,2019-03-01,0,0,0,1,0,0,0,0,0,0,0,1,0,0,0,0,0,0,0,0
Nigeria,2019-04-01,0,0,0,0,0,0,0,0,0,1,0,0,0,0,0,0,0,0,0,0
Nigeria,2019-05-01,0,0,0,0,0,0,0,0,0,0,0,0,0,0,0,0,1,0,1,0
Nigeria,2019-06-01,0,0,0,0,0,0,0,0,0,0,0,0,0,0,0,0,0,0,1,0
Nigeria,2019-07-01,0,0,0,0,0,0,0,0,0,0,0,0,0,0,0,0,0,0,0,0
Nigeria,2019-08-01,0,0,0,0,0,0,0,1,0,0,0,0,1,0,0,0,0,0,1,0
Nigeria,2019-09-01,0,1,1,0,1,0,0,0,0,0,1,0,0,0,0,0,0,0,0,0
Nigeria,2019-10-01,0,0,0,0,0,0,0,0,0,0,0,0,0,0,0,0,0,0,0,0
Nigeria,2019-11-01,0,0,0,0,0,0,0,0,0,0,1,0,0,0,0,0,1,0,0,0
Nigeria,2019-12-01,0,0,0,0,0,0,1,0,0,0,0,0,0,0,0,0,0,0,0,0
Nigeria,2020-01-01,0,0,0,0,0,0,0,0,0,0,0,0,0,0,0,0,0,0,0,1
Nigeria,2020-02-01,0,0,0,0,0,0,0,0,0,0,0,0,0,0,0,0,0,0,0,0
Nigeria,2020-03-01,0,0,0,0,0,0,0,0,0,0,0,0,0,0,0,0,0,0,0,0
Nigeria,2020-04-01,0,0,0,0,0,0,0,0,0,0,0,0,0,0,0,0,0,0,0,0
Nigeria,2020-05-01,0,0,0,0,0,0,0,0,0,0,0,0,0,0,0,0,0,0,0,0
Nigeria,2020-06-01,0,0,0,0,0,0,0,0,0,0,0,0,0,0,0,0,0,0,0,0
Nigeria,2020-07-01,0,0,0,0,0,0,0,0,0,0,0,0,0,0,0,0,0,0,0,0
Nigeria,2020-08-01,0,0,0,0,0,0,0,0,0,0,0,0,0,0,0,0,0,0,0,0
Nigeria,2020-09-01,1,0,0,0,0,0,0,0,0,0,0,0,0,0,1,0,0,0,1,0
Nigeria,2020-10-01,0,0,0,0,0,0,0,0,0,0,0,0,0,0,0,0,0,0,0,0
Nigeria,2020-11-01,0,0,0,0,0,0,0,0,0,0,0,0,0,0,0,0,0,0,0,0
Nigeria,2020-12-01,0,0,0,0,0,0,0,0,0,0,0,0,0,0,0,0,0,0,0,0
Nigeria,2021-01-01,0,1,0,0,0,0,0,0,0,0,0,0,0,0,0,0,0,0,0,0
Nigeria,2021-02-01,0,0,0,0,0,0,0,0,0,1,0,0,0,1,0,0,0,0,0,1
Nigeria,2021-03-01,0,0,0,0,0,0,0,0,0,0,0,1,0,0,0,0,0,0,0,0
Nigeria,2021-04-01,0,0,0,0,0,0,0,0,0,0,0,0,0,0,0,0,0,0,0,0
Nigeria,2021-05-01,0,0,0,0,0,0,0,0,0,0,0,0,0,0,0,0,0,0,0,0
Nigeria,2021-06-01,0,0,1,0,1,0,0,0,0,0,1,1,0,0,0,0,0,0,0,0
Nigeria,2021-07-01,0,0,0,0,0,0,0,0,0,0,0,0,0,0,0,0,0,1,0,0
Nigeria,2021-08-01,1,0,0,0,0,0,0,1,0,0,0,0,0,0,0,0,0,0,0,0
Nigeria,2021-09-01,0,0,0,0,0,0,0,0,0,0,0,0,0,0,0,1,0,0,0,0
Nigeria,2021-10-01,0,0,0,0,0,0,0,0,0,0,0,0,0,0,0,0,0,0,0,0
Nigeria,2021-11-01,0,0,0,0,0,0,0,0,0,0,0,0,0,0,0,0,0,0,0,0
Nigeria,2021-12-01,0,0,0,0,0,0,0,0,0,0,0,0,0,0,0,0,0,0,0,0
Nigeria,2022-01-01,0,0,0,1,0,0,0,0,0,0,0,0,0,1,0,0,0,1,0,0
Nigeria,2022-02-01,0,0,0,0,0,0,1,0,0,1,0,0,1,0,0,0,0,0,0,0
Nigeria,2022-03-01,0,1,1,0,0,0,0,0,0,0,0,1,0,0,0,0,0,0,0,0
Nigeria,2022-04-01,0,0,0,0,0,0,1,0,0,0,0,0,0,0,0,0,0,0,0,0
Nigeria,2022-05-01,0,0,0,0,0,0,0,0,0,0,0,0,0,0,0,0,0,0,0,0
Nigeria,2022-06-01,0,0,0,0,0,0,0,0,0,0,0,0,0,0,0,0,0,0,0,1
Nigeria,2022-07-01,0,0,0,1,0,0,0,0,0,0,0,0,0,0,1,0,0,0,0,0
Nigeria,2022-08-01,0,0,0,0,0,0,0,0,0,0,0,0,0,0,0,0,0,0,0,0
Nigeria,2022-09-01,0,0,0,0,1,0,0,1,0,0,0,0,0,0,0,0,0,0,0,0
Nigeria,2022-10-01,1,0,0,0,0,0,0,1,1,0,0,0,0,0,0,0,0,1,0,0
Nigeria,2022-11-01,0,1,0,0,1,1,0,0,1,0,0,0,0,0,0,0,0,0,0,0
Nigeria,2022-12-01,0,0,0,0,0,0,0,0,0,0,0,0,0,0,0,0,0,0,0,0
Nigeria,2023-01-01,0,0,0,0,0,0,0,0,0,0,0,0,0,0,0,0,0,0,0,0
Nigeria,2023-02-01,0,0,0,0,0,0,0,0,0,0,0,0,0,0,0,0,0,0,0,0
Nigeria,2023-03-01,0,0,0,0,0,0,0,0,0,0,0,1,0,0,0,0,0,0,0,0
Nigeria,2023-04-01,0,0,0,0,0,0,0,0,0,0,0,0,0,0,0,0,0,0,0,0
Nigeria,2023-05-01,0,0,0,0,0,0,0,0,0,0,0,0,0,0,0,0,0,0,0,0
Nigeria,2023-06-01,0,0,0,0,0,0,0,0,0,0,0,0,0,0,0,0,1,0,0,0
Nigeria,2023-07-01,0,0,0,0,0,0,0,0,0,0,0,0,0,0,0,0,0,0,0,0
Nigeria,2023-08-01,0,0,0,0,0,0,0,0,0,0,0,0,0,0,0,0,0,0,0,0
Nigeria,2023-09-01,0,0,0,0,0,0,0,0,0,0,0,0,0,1,0,1,0,0,0,0
Nigeria,2023-10-01,0,0,0,0,0,0,0,0,0,0,0,0,0,0,0,0,0,0,0,0
Nigeria,2023-11-01,0,0,0,0,0,0,0,0,0,0,0,0,0,0,0,0,0,0,0,0
Nigeria,2023-12-01,0,0,0,0,0,0,0,0,0,0,0,0,1,0,0,0,0,0,0,0
Nigeria,2024-01-01,0,0,0,0,0,0,0,0,0,0,0,0,0,0,1,0,0,0,0,0
Nigeria,2024-02-01,0,0,0,0,0,1,0,0,0,0,0,0,0,0,0,0,0,1,1,0
Nigeria,2024-03-01,0,0,0,1,0,0,0,0,0,0,0,0,0,1,0,0,0,0,0,0
Nigeria,2024-04-01,0,1,0,1,0,0,0,0,0,1,0,0,0,0,0,0,0,0,0,0
Nigeria,2024-05-01,0,0,0,0,0,0,0,0,0,0,0,0,0,1,0,0,0,0,0,0
Nigeria,2024-06-01,0,0,1,1,1,0,0,0,0,0,1,0,0,0,1,1,1,0,0,0
Nigeria,2024-07-01,0,0,1,0,1,0,0,0,0,0,0,0,0,1,0,0,0,0,0,0
Nigeria,2024-08-01,0,0,0,0,0,0,0,0,0,0,0,0,1,0,0,0,0,0,0,0
Nigeria,2024-09-01,1,1,0,0,0,0,1,1,1,0,1,0,0,0,0,0,0,0,0,0
Nigeria,2024-10-01,0,0,0,0,0,0,0,1,0,0,0,1,0,0,0,0,0,0,0,0
Nigeria,2024-11-01,0,1,0,0,1,0,0,0,0,0,1,0,0,0,0,0,0,0,1,1
Nigeria,2024-12-01,0,0,0,0,0,0,0,0,0,0,0,0,0,0,0,0,0,0,0,0
Nigeria,2025-01-01,0,0,0,0,0,0,0,0,0,0,0,0,0,0,0,0,0,0,0,0
Nigeria,2025-02-01,0,0,1,0,0,1,0,0,0,0,0,0,0,0,0,0,0,0,0,0
Nigeria,2025-03-01,0,0,0,0,0,0,0,0,0,0,0,0,0,0,0,0,0,1,0,0
Nigeria,2025-04-01,0,0,0,0,0,0,0,0,0,0,0,0,0,0,0,0,0,0,0,0
Nigeria,2025-05-01,0,0,0,0,0,0,0,0,0,0,0,0,0,0,1,0,0,0,0,0
Nigeria,2025-06-01,0,0,0,0,0,0,0,0,0,1,0,0,1,0,0,0,0,0,0,0
Nigeria,2025-07-01,0,0,0,0,0,0,0,0,0,0,0,0,0,0,0,0,1,0,0,0
Nigeria,2025-08-01,0,0,0,0,0,0,0,0,0,0,0,0,0,1,0,0,0,0,0,0
Nigeria,2025-09-01,0,0,0,0,0,0,0,0,0,0,0,0,0,0,0,0,0,0,0,0
Nigeria,2025-10-01,0,0,0,0,0,0,0,0,0,0,0,0,0,0,0,0,0,0,0,0
Nigeria,2025-11-01,0,0,0,0,1,0,0,0,0,0,0,0,0,0,0,0,0,0,0,0
Nigeria,2025-12-01,0,0,0,0,0,0,0,0,0,1,0,0,1,0,0,0,1,0,0,0
Nigeria,2026-01-01,0,0,0,0,0,0,0,0,0,0,0,0,0,0,0,0,0,0,0,0
Senegal,2012-01-01,0,0,0,0,0,0,0,0,0,0,0,0,0,0,0,0,0,0,0,0
Senegal,2012-02-01,0,0,0,0,0,0,0,1,0,0,0,0,0,0,0,0,0,0,0,0
Senegal,2012-03-01,0,0,0,0,0,0,0,0,0,0,0,0,0,0,0,0,0,0,0,0
Senegal,2012-04-01,0,0,0,0,0,0,0,0,0,0,0,0,0,0,0,0,0,0,0,0
Senegal,2012-05-01,0,0,0,0,0,0,1,0,0,0,0,0,1,0,0,0,0,0,0,0
Senegal,2012-06-01,0,0,0,0,0,0,0,0,0,0,0,0,0,0,0,0,0,0,0,0
Senegal,2012-07-01,0,0,0,0,0,0,0,0,0,0,0,0,0,0,0,0,0,0,0,0
Senegal,2012-08-01,1,0,0,0,0,0,0,1,0,0,0,0,0,0,0,0,0,0,1,0
Senegal,2012-09-01,0,0,0,0,0,0,0,0,1,0,1,1,0,0,0,0,0,0,0,0
Senegal,2012-10-01,0,0,0,0,0,0,0,0,0,0,0,0,0,0,0,0,0,0,0,0
Senegal,2012-11-01,0,0,0,0,0,0,0,0,0,0,0,0,0,0,0,0,1,0,0,0
Senegal,2012-12-01,0,0,0,0,0,0,0,0,0,0,0,0,0,0,1,0,0,0,0,0
Senegal,2013-01-01,0,0,0,0,0,0,0,0,0,0,0,0,0,0,0,0,0,0,0,0
Senegal,2013-02-01,0,0,0,0,0,0,0,0,0,0,0,0,0,0,0,0,0,0,0,0
Senegal,2013-03-01,0,0,0,0,0,0,0,0,0,0,0,0,0,0,0,0,0,0,0,0
Senegal,2013-04-01,0,0,0,0,1,0,0,0,0,0,0,0,0,1,0,1,0,0,0,0
Senegal,2013-05-01,0,1,0,1,0,0,0,0,0,0,0,0,0,0,0,0,0,1,0,1
Senegal,2013-06-01,0,0,0,0,0,0,0,0,0,0,0,0,1,0,0,0,0,0,0,0
Senegal,2013-07-01,0,0,1,0,0,0,0,0,0,0,0,0,0,0,0,0,0,0,0,0
Senegal,2013-08-01,1,0,0,0,0,0,0,0,0,0,0,0,0,0,0,0,0,0,0,1
Senegal,2013-09-01,0,0,0,0,0,0,1,0,0,0,1,1,0,0,0,0,0,0,1,0
Senegal,2013-10-01,0,0,0,0,0,0,0,0,1,0,0,1,0,0,0,0,0,0,0,0
Senegal,2013-11-01,0,0,1,0,0,0,0,0,0,0,0,0,0,0,1,0,0,0,0,0
Senegal,2013-12-01,0,0,0,0,0,0,1,0,0,0,0,0,0,0,0,0,0,0,0,0
Senegal,2014-01-01,0,0,0,0,0,0,0,0,0,0,0,0,0,1,1,0,0,0,0,0
Senegal,2014-02-01,0,0,0,0,0,0,0,0,0,0,0,0,0,0,0,0,0,0,0,0
Senegal,2014-03-01,0,0,0,0,0,0,0,1,0,1,0,0,0,0,0,0,0,0,0,0
Senegal,2014-04-01,0,0,0,0,0,0,0,0,0,0,0,0,0,0,0,0,0,0,0,0
Senegal,2014-05-01,0,0,0,0,0,0,0,0,0,0,1,0,0,0,0,0,0,0,1,1
Senegal,2014-06-01,0,0,0,0,0,0,0,0,0,0,0,0,0,0,0,0,0,0,0,0
Senegal,2014-07-01,0,0,0,0,0,0,0,1,0,0,0,0,0,0,0,0,0,0,0,0
Senegal,2014-08-01,0,0,0,0,0,0,0,0,0,0,0,0,0,0,0,0,0,0,0,0
Senegal,2014-09-01,0,0,0,0,0,0,0,0,0,0,0,0,0,0,0,0,0,0,0,0
Senegal,2014-10-01,0,0,0,0,0,0,0,0,0,0,0,0,0,0,0,0,0,0,0,0
Senegal,2014-11-01,1,0,0,0,0,1,0,0,0,0,0,0,0,1,0,0,0,0,0,0
Senegal,2014-12-01,0,0,0,0,0,0,0,0,0,0,0,0,0,0,0,0,0,0,0,0
Senegal,2015-01-01,0,0,0,0,0,0,0,0,0,0,0,0,0,0,0,0,0,0,0,0
Senegal,2015-02-01,0,0,0,0,0,0,0,0,0,0,0,0,0,0,0,0,0,0,0,0
Senegal,2015-03-01,0,0,0,0,0,0,0,0,0,0,0,0,0,0,0,0,0,0,0,0
Senegal,2015-04-01,0,0,0,0,0,0,0,0,0,0,0,0,0,0,0,0,1,0,0,1
Senegal,2015-05-01,0,0,0,0,0,0,1,1,0,0,0,0,0,0,0,0,0,0,1,0
Senegal,2015-06-01,0,0,0,0,0,0,0,0,0,0,0,1,0,0,0,0,0,0,0,0
Senegal,2015-07-01,0,0,1,0,1,1,0,0,0,1,0,0,0,0,1,0,0,0,0,0
Senegal,2015-08-01,0,0,0,0,0,0,0,0,0,0,0,0,0,0,0,0,0,0,0,0
Senegal,2015-09-01,1,0,0,0,0,0,0,0,1,0,0,1,0,0,0,0,0,0,0,1
Senegal,2015-10-01,0,1,1,0,0,0,0,0,0,0,0,0,1,0,0,0,0,0,0,0
Senegal,2015-11-01,0,0,0,0,0,0,0,0,0,0,1,0,0,0,0,0,0,0,0,0
Senegal,2015-12-01,0,0,0,0,0,0,0,0,0,0,1,0,0,0,0,0,1,1,0,0
Senegal,2016-01-01,0,0,0,1,0,0,0,0,0,0,0,0,0,0,0,1,0,0,0,0
Senegal,2016-02-01,0,0,0,0,0,0,0,0,0,0,0,0,0,0,0,0,0,0,0,0
Senegal,2016-03-01,0,0,0,0,0,0,0,0,0,0,0,0,0,0,0,0,0,0,0,0
Senegal,2016-04-01,0,1,0,0,0,0,0,0,0,0,0,0,0,0,0,0,0,0,0,0
Senegal,2016-05-01,0,0,0,0,0,0,0,0,0,0,0,0,0,1,0,0,0,0,0,0
Senegal,2016-06-01,0,0,0,0,0,0,0,0,0,0,0,0,0,1,0,0,0,0,1,0
Senegal,2016-07-01,1,0,0,0,0,0,0,0,0,0,0,0,0,0,0,0,0,0,1,0
Senegal,2016-08-01,0,0,0,0,0,0,0,0,0,0,0,0,0,0,1,0,0,0,0,0
Senegal,2016-09-01,0,0,0,0,0,1,1,0,0,0,0,0,0,0,0,0,0,0,0,0
Senegal,2016-10-01,0,0,1,0,1,0,0,0,0,0,0,0,0,0,0,1,0,0,0,1
Senegal,2016-11-01,0,0,1,0,0,0,1,0,0,0,0,0,0,0,0,0,0,0,0,0
Senegal,2016-12-01,0,0,1,0,0,1,0,0,0,0,0,0,0,0,0,0,0,0,0,0
Senegal,2017-01-01,0,1,0,0,0,0,0,0,1,0,0,0,0,0,0,0,0,0,0,0
Senegal,2017-02-01,0,0,0,0,0,0,0,1,0,0,0,0,0,0,0,0,1,0,0,0
Senegal,2017-03-01,0,0,0,1,0,1,0,1,0,0,0,0,0,0,1,0,0,0,0,0
Senegal,2017-04-01,0,0,0,0,0,0,0,0,0,0,0,0,1,0,0,0,0,0,0,0
Senegal,2017-05-01,0,0,0,0,0,0,0,1,0,0,0,0,0,1,0,0,0,0,0,0
Senegal,2017-06-01,0,0,0,0,0,0,0,0,0,1,0,1,1,0,0,0,0,0,0,1
Senegal,2017-07-01,0,0,0,0,0,0,0,0,0,0,0,0,0,0,0,0,0,0,0,0
Senegal,2017-08-01,1,0,0,0,0,0,0,0,0,0,0,0,0,0,0,0,0,0,0,0
Senegal,2017-09-01,0,0,0,1,0,0,0,0,0,0,0,0,0,0,0,0,0,0,0,0
Senegal,2017-10-01,0,0,0,0,0,0,0,0,0,1,0,0,0,0,0,0,0,0,0,0
Senegal,2017-11-01,0,0,0,0,0,0,0,0,0,0,0,0,0,0,0,0,0,0,0,0
Senegal,2017-12-01,0,0,0,0,0,0,0,0,0,0,0,0,0,0,0,0,0,0,0,0
Senegal,2018-01-01,0,0,0,0,0,0,0,0,1,0,0,0,0,0,0,0,0,1,0,1
Senegal,2018-02-01,0,0,0,0,0,0,0,0,0,0,0,0,0,0,0,0,0,0,0,0
Senegal,2018-03-01,0,0,0,0,0,0,0,0,0,0,1,0,0,0,0,0,0,0,1,0
Senegal,2018-04-01,0,1,0,0,0,0,0,0,0,0,0,0,0,0,0,0,0,1,0,0
Senegal,2018-05-01,0,0,0,0,0,0,0,1,0,0,0,0,0,0,0,0,0,0,0,0
Senegal,2018-06-01,0,0,0,0,0,0,0,0,0,0,0,0,0,0,1,0,0,0,0,0
Senegal,2018-07-01,0,0,0,0,0,0,0,0,0,0,0,1,0,1,0,0,0,0,0,0
Senegal,2018-08-01,0,0,0,0,0,0,0,0,0,0,0,1,1,0,0,0,0,0,0,1
Senegal,2018-09-01,0,0,0,0,1,0,0,0,0,0,0,0,0,0,0,0,0,0,0,0
Senegal,2018-10-01,0,0,0,0,0,0,0,0,0,0,0,0,0,1,0,0,0,0,0,0
Senegal,2018-11-01,1,0,0,0,0,0,0,0,0,0,0,0,0,0,0,1,0,0,0,0
Senegal,2018-12-01,0,0,0,0,0,0,1,0,0,0,0,0,0,0,0,0,0,0,0,0
Senegal,2019-01-01,0,0,0,0,0,0,0,0,0,0,0,0,0,0,0,0,0,0,0,1
Senegal,2019-02-01,0,0,0,0,0,1,0,0,0,0,0,0,0,0,0,0,0,0,0,0
Senegal,2019-03-01,0,0,0,0,0,0,0,0,0,0,0,0,0,0,0,0,1,0,0,0
Senegal,2019-04-01,0,0,0,0,0,0,0,0,0,1,0,0,0,0,0,0,1,0,0,1
Senegal,2019-05-01,0,0,0,0,0,0,0,0,0,0,0,0,0,0,0,0,0,0,0,0
Senegal,2019-06-01,0,0,0,0,0,0,0,0,0,0,0,0,1,0,0,0,1,0,1,0
Senegal,2019-07-01,0,0,0,1,0,0,0,0,0,0,0,0,0,0,1,0,0,0,0,0
Senegal,2019-08-01,0,0,1,0,0,0,0,1,0,0,0,0,0,0,0,0,0,0,0,0
Senegal,2019-09-01,0,0,0,0,0,0,0,0,0,0,1,0,0,0,0,0,0,0,0,0
Senegal,2019-10-01,0,0,0,0,0,0,0,0,0,0,0,0,0,0,0,0,0,0,0,0
Senegal,2019-11-01,0,0,0,0,0,0,0,0,0,0,0,0,0,0,0,0,0,0,0,0
Senegal,2019-12-01,0,1,0,0,0,0,0,0,0,0,0,0,1,0,0,0,0,0,0,0
Senegal,2020-01-01,0,0,0,0,0,0,0,0,0,0,0,0,0,0,0,0,0,0,0,0
Senegal,2020-02-01,0,0,0,1,1,0,1,0,0,0,0,0,0,0,1,1,1,0,0,0
Senegal,2020-03-01,0,0,0,0,0,1,0,0,0,0,0,0,0,0,0,0,0,0,0,0
Senegal,2020-04-01,0,0,0,0,0,0,0,0,0,0,0,0,0,0,0,0,0,0,0,0
Senegal,2020-05-01,0,0,0,0,0,0,0,0,0,0,0,0,0,0,0,0,0,0,0,0
Senegal,2020-06-01,0,0,0,0,0,0,0,0,0,0,0,1,0,0,0,0,0,0,0,0
Senegal,2020-07-01,0,0,0,0,1,0,0,0,0,1,0,0,1,1,0,0,0,0,0,0
Senegal,2020-08-01,0,0,1,0,0,0,1,0,0,0,0,0,0,0,0,0,0,1,1,1
Senegal,2020-09-01,1,0,0,0,0,0,0,0,1,0,0,0,0,0,0,0,0,0,0,1
Senegal,2020-10-01,0,0,0,0,0,1,0,0,0,0,0,1,0,0,1,0,0,0,1,0
Senegal,2020-11-01,0,0,1,0,0,0,0,1,0,0,0,0,0,0,0,0,0,0,0,0
Senegal,2020-12-01,0,0,0,0,0,0,0,0,0,0,0,0,0,0,0,0,0,0,0,0
Senegal,2021-01-01,0,1,0,0,1,0,0,0,0,0,0,0,1,0,0,0,0,0,0,0
Senegal,2021-02-01,0,0,0,0,0,0,0,0,0,0,0,0,0,0,0,0,0,0,0,0
Senegal,2021-03-01,0,0,0,0,0,0,0,0,0,0,0,0,0,0,0,0,0,0,0,0
Senegal,2021-04-01,0,0,0,0,0,0,0,0,0,0,0,0,0,0,0,1,0,0,1,0
Senegal,2021-05-01,0,0,0,0,0,0,0,0,0,0,0,0,0,0,0,0,0,0,0,0
Senegal,2021-06-01,0,0,0,0,0,0,0,0,0,0,0,0,0,0,0,0,1,0,0,0
Senegal,2021-07-01,0,0,0,0,0,0,0,0,0,0,0,0,0,0,0,0,0,0,0,0
Senegal,2021-08-01,0,0,0,0,0,1,0,1,0,0,0,0,0,0,0,0,0,0,0,1
Senegal,2021-09-01,0,0,0,0,0,0,0,0,0,0,0,1,0,0,0,1,0,0,0,0
Senegal,2021-10-01,0,0,0,0,0,0,0,0,0,1,0,0,0,0,0,0,0,0,0,0
Senegal,2021-11-01,0,0,0,0,1,0,0,0,0,0,0,0,0,0,0,0,0,0,0,0
Senegal,2021-12-01,0,0,1,1,0,0,0,0,0,0,0,0,0,0,0,0,0,0,0,0
Senegal,2022-01-01,0,0,0,0,0,0,0,0,0,0,0,0,0,0,0,0,0,0,0,0
Senegal,2022-02-01,0,0,0,0,0,0,0,0,0,0,0,0,0,0,0,0,0,0,0,0
Senegal,2022-03-01,0,0,0,0,0,0,0,0,0,0,0,1,0,0,0,0,1,0,0,0
Senegal,2022-04-01,0,0,0,0,0,1,0,0,0,0,0,0,0,0,0,0,0,0,0,0
Senegal,2022-05-01,0,0,0,0,0,0,0,0,0,0,0,0,0,0,0,0,0,0,0,0
Senegal,2022-06-01,0,0,0,1,0,0,0,0,0,0,0,0,0,0,0,0,0,0,0,0
Senegal,2022-07-01,0,1,0,0,0,0,0,0,0,0,0,0,0,0,0,0,0,0,0,0
Senegal,2022-08-01,1,0,0,0,0,0,0,0,0,0,0,0,0,0,0,0,0,0,0,0
Senegal,2022-09-01,1,0,0,0,1,0,0,0,1,0,1,0,0,0,0,0,0,0,1,0
Senegal,2022-10-01,0,0,0,0,0,0,1,0,1,0,0,0,0,0,0,0,0,0,0,0
Senegal,2022-11-01,0,1,0,0,0,0,0,0,0,1,1,0,1,0,0,0,0,0,0,0
Senegal,2022-12-01,0,0,0,0,0,0,0,0,0,0,0,0,0,0,0,0,0,0,0,0
Senegal,2023-01-01,0,0,0,0,0,0,0,0,0,0,0,0,0,0,0,0,0,0,0,0
Senegal,2023-02-01,0,0,0,0,0,0,0,0,0,0,0,0,0,0,0,0,0,0,0,0
Senegal,2023-03-01,0,0,0,0,0,0,0,0,0,0,0,0,0,0,0,0,0,0,0,0
Senegal,2023-04-01,0,0,0,1,0,0,0,0,0,0,0,0,0,1,0,0,0,0,0,0
Senegal,2023-05-01,0,0,0,0,0,0,0,0,0,0,0,0,0,0,0,0,0,0,0,0
Senegal,2023-06-01,0,0,0,0,0,0,0,0,0,0,0,0,0,0,1,0,0,0,0,0
Senegal,2023-07-01,0,0,0,0,0,0,0,0,0,0,0,0,0,0,0,0,0,0,0,0
Senegal,2023-08-01,0,0,0,1,0,0,0,1,0,0,0,0,0,0,0,1,0,0,0,0
Senegal,2023-09-01,1,0,0,0,0,0,0,0,0,0,0,1,0,0,0,0,0,0,0,1
Senegal,2023-10-01,0,0,0,0,0,0,0,1,0,0,0,0,0,0,0,0,0,0,0,0
Senegal,2023-11-01,0,1,0,0,0,1,0,1,0,0,0,0,0,1,0,0,0,0,1,0
Senegal,2023-12-01,0,0,0,0,0,0,0,0,0,0,0,0,0,0,0,1,0,0,0,0
Senegal,2024-01-01,0,0,0,0,0,0,0,0,0,0,0,0,1,0,0,0,0,0,0,0
Senegal,2024-02-01,0,0,0,0,0,0,0,0,0,0,0,0,0,0,0,0,0,0,1,0
Senegal,2024-03-01,0,0,0,0,0,0,0,0,0,0,0,0,0,0,0,0,0,0,0,0
Senegal,2024-04-01,0,0,0,0,0,0,0,0,0,0,0,0,1,0,0,1,0,0,0,0
Senegal,2024-05-01,0,0,0,0,0,0,0,0,1,0,0,0,1,0,0,0,0,0,0,0
Senegal,2024-06-01,0,0,1,0,0,0,0,0,0,0,0,0,0,0,0,0,0,0,0,0
Senegal,2024-07-01,1,0,1,0,0,1,0,0,0,0,0,0,0,0,0,0,0,0,0,0
Senegal,2024-08-01,0,0,0,1,0,0,0,0,0,1,0,0,0,0,0,0,0,0,0,0
Senegal,2024-09-01,0,0,0,0,0,0,0,0,0,0,0,0,0,0,0,0,0,0,0,0
Senegal,2024-10-01,1,1,0,0,0,0,0,0,0,0,0,0,0,0,0,0,1,0,0,0
Senegal,2024-11-01,0,0,0,0,0,0,0,1,0,0,0,0,0,0,0,0,1,0,0,0
Senegal,2024-12-01,0,0,0,0,0,0,0,0,0,0,0,1,0,0,1,0,1,0,0,0
Senegal,2025-01-01,0,0,0,0,0,0,0,0,0,0,0,0,0,0,0,0,0,0,0,0
Senegal,2025-02-01,0,0,1,1,1,0,0,0,0,0,0,0,0,0,0,0,0,0,0,0
Senegal,2025-03-01,0,0,0,0,0,1,0,0,1,0,0,0,0,0,1,0,0,0,0,0
Senegal,2025-04-01,0,0,0,0,0,0,0,0,0,0,0,0,0,1,0,1,0,0,0,1
Senegal,2025-05-01,0,0,0,0,1,0,1,0,1,1,1,0,0,1,0,0,0,0,0,0
Senegal,2025-06-01,0,0,0,0,0,0,0,0,0,0,0,0,0,0,0,0,0,0,0,0
Senegal,2025-07-01,0,0,0,0,0,0,1,0,0,0,0,0,0,0,0,0,0,0,0,0
Senegal,2025-08-01,0,0,0,0,0,0,1,0,1,0,0,1,0,0,0,0,0,0,0,0
Senegal,2025-09-01,0,0,0,0,0,0,0,0,0,0,0,0,0,0,0,0,0,0,0,0
Senegal,2025-10-01,0,0,0,0,0,0,0,0,0,0,0,0,0,0,0,0,0,0,0,0
Senegal,2025-11-01,0,0,0,0,0,0,0,0,0,0,0,0,0,0,0,0,0,0,0,0
Senegal,2025-12-01,0,0,0,0,0,0,0,0,0,0,0,0,0,0,0,0,0,0,0,0
Senegal,2026-01-01,0,0,0,0,0,0,0,0,0,0,0,0,0,0,0,0,0,0,0,0
Malaysia,2012-01-01,0,0,0,1,0,0,0,0,0,0,0,0,0,0,0,0,0,0,0,0
Malaysia,2012-02-01,0,0,0,0,0,1,0,0,0,0,1,0,0,0,0,0,0,0,0,0
Malaysia,2012-03-01,0,0,0,0,0,0,1,0,1,0,0,0,0,0,0,0,0,0,0,0
Malaysia,2012-04-01,0,0,0,0,0,0,0,0,0,1,0,0,1,0,0,0,1,0,0,0
Malaysia,2012-05-01,0,0,0,0,0,1,0,0,0,0,0,0,0,0,0,0,0,0,0,0
Malaysia,2012-06-01,0,0,0,0,0,0,0,0,0,0,0,0,0,0,0,0,0,0,0,1
Malaysia,2012-07-01,0,0,0,0,0,0,0,0,0,0,0,1,0,0,0,1,0,0,1,0
Malaysia,2012-08-01,0,0,0,0,0,0,0,0,0,0,0,1,0,0,0,0,0,0,0,0
Malaysia,2012-09-01,0,0,0,0,0,0,0,0,0,0,0,0,0,1,0,0,0,0,0,0
Malaysia,2012-10-01,0,1,0,0,0,0,0,0,0,0,0,0,0,0,1,0,0,0,0,0
Malaysia,2012-11-01,1,0,1,0,0,0,0,1,0,1,0,0,0,0,0,0,0,0,0,0
Malaysia,2012-12-01,1,0,0,0,1,0,0,0,0,0,0,0,0,0,0,0,0,0,1,0
Malaysia,2013-01-01,0,0,0,0,1,0,0,0,0,0,0,1,0,0,0,0,0,0,0,0
Malaysia,2013-02-01,0,0,0,0,0,0,0,0,0,0,0,0,0,0,0,0,0,0,0,1
Malaysia,2013-03-01,0,0,0,0,0,0,0,0,0,0,0,0,0,0,0,0,0,0,0,0
Malaysia,2013-04-01,0,0,0,0,0,0,0,0,0,0,0,0,0,0,0,0,0,0,0,0
Malaysia,2013-05-01,0,0,0,0,0,0,0,0,0,0,0,0,0,0,0,0,1,0,0,0
Malaysia,2013-06-01,0,0,0,0,0,1,1,0,0,0,0,0,0,0,0,0,1,0,0,0
Malaysia,2013-07-01,0,0,0,0,0,0,0,0,0,0,0,0,1,0,0,0,0,0,0,0
Malaysia,2013-08-01,0,0,0,0,0,0,0,0,0,0,0,0,0,0,0,0,0,0,0,0
Malaysia,2013-09-01,0,0,0,0,0,0,0,0,0,0,0,0,0,0,0,0,0,1,0,0
Malaysia,2013-10-01,0,1,0,0,0,0,0,0,0,0,0,0,0,0,0,0,0,0,0,0
Malaysia,2013-11-01,0,0,0,0,0,0,0,0,0,0,0,0,0,1,0,0,0,0,1,0
Malaysia,2013-12-01,1,0,0,0,0,0,0,1,1,0,0,0,0,0,0,0,0,0,0,0
Malaysia,2014-01-01,0,0,0,0,1,0,0,0,0,0,0,0,0,0,0,0,0,0,0,0
Malaysia,2014-02-01,0,0,1,0,0,1,1,0,0,0,0,1,0,0,0,0,0,0,0,0
Malaysia,2014-03-01,0,0,0,0,0,0,0,0,0,0,0,1,0,0,0,0,0,0,0,0
Malaysia,2014-04-01,0,0,0,0,0,0,0,0,0,0,0,0,0,0,1,0,0,0,0,0
Malaysia,2014-05-01,0,0,0,0,0,0,0,0,0,0,0,0,0,0,0,0,0,0,0,0
Malaysia,2014-06-01,0,0,0,0,0,0,0,0,0,0,0,1,0,0,0,0,0,0,0,0
Malaysia,2014-07-01,0,0,0,0,0,0,1,0,0,0,0,0,0,0,1,0,0,0,0,0
Malaysia,2014-08-01,0,0,0,0,0,0,0,0,0,0,0,0,0,0,0,0,0,0,0,0
Malaysia,2014-09-01,0,0,0,0,1,0,0,0,0,0,0,0,0,0,0,1,0,0,0,0
Malaysia,2014-10-01,0,0,0,0,0,1,0,0,0,0,0,0,1,0,0,0,0,0,1,0
Malaysia,2014-11-01,0,0,0,0,0,0,0,0,0,1,0,0,1,0,0,0,0,0,0,0
Malaysia,2014-12-01,1,0,0,0,0,0,0,1,1,0,0,0,0,0,0,0,0,0,0,1
Malaysia,2015-01-01,1,0,0,1,0,0,0,1,1,0,1,0,0,1,0,0,1,0,0,0
Malaysia,2015-02-01,0,1,0,0,0,0,0,0,0,0,0,0,0,0,0,0,0,0,0,0
Malaysia,2015-03-01,0,0,0,0,0,0,0,0,0,0,0,0,0,0,0,0,0,0,0,0
Malaysia,2015-04-01,0,0,0,0,0,0,0,0,0,0,0,0,0,0,0,0,0,0,0,0
Malaysia,2015-05-01,0,0,0,0,0,0,0,0,0,0,0,0,0,0,0,0,0,0,0,1
Malaysia,2015-06-01,0,0,0,0,0,0,0,0,0,0,0,0,0,0,0,0,0,0,0,0
Malaysia,2015-07-01,0,0,0,0,0,0,0,0,0,0,0,0,0,0,0,0,0,0,0,0
Malaysia,2015-08-01,0,0,0,0,0,0,0,0,0,0,0,0,0,0,0,0,0,0,0,0
Malaysia,2015-09-01,0,0,0,1,0,0,0,0,0,0,0,0,0,0,0,0,0,1,0,0
Malaysia,2015-10-01,0,1,0,0,0,0,0,0,0,0,0,0,0,0,0,0,0,1,0,0
Malaysia,2015-11-01,0,0,0,0,0,0,0,0,0,0,0,0,0,0,0,0,0,0,0,0
Malaysia,2015-12-01,0,0,0,0,0,0,0,0,0,0,0,0,0,0,0,0,0,0,1,0
Malaysia,2016-01-01,0,0,0,0,0,0,0,0,0,1,0,0,1,1,1,0,0,0,0,0
Malaysia,2016-02-01,0,0,0,0,0,0,0,0,0,0,0,0,0,0,0,0,1,0,0,0
Malaysia,2016-03-01,0,0,0,1,0,0,0,0,0,0,1,1,0,0,0,0,0,0,0,0
Malaysia,2016-04-01,0,1,1,0,0,0,0,0,0,0,0,1,0,0,0,0,0,0,0,0
Malaysia,2016-05-01,0,0,0,0,0,0,0,0,0,1,0,0,0,0,0,0,0,0,0,0
Malaysia,2016-06-01,0,0,0,0,0,0,0,0,0,0,0,0,0,0,0,0,0,1,0,0
Malaysia,2016-07-01,0,0,0,0,0,0,0,0,0,0,0,0,0,0,0,0,0,0,0,0
Malaysia,2016-08-01,0,0,0,0,0,0,0,0,0,0,0,0,0,0,1,0,0,0,0,0
Malaysia,2016-09-01,0,0,0,0,0,0,0,0,0,0,0,0,0,0,0,1,0,0,0,0
Malaysia,2016-10-01,0,0,0,0,1,0,0,0,0,0,0,0,0,0,0,1,0,0,0,1
Malaysia,2016-11-01,0,0,0,0,0,0,0,0,0,0,0,0,0,0,0,0,0,0,0,0
Malaysia,2016-12-01,0,0,0,0,0,0,0,0,0,1,0,0,0,0,0,0,0,0,0,1
Malaysia,2017-01-01,1,0,0,0,0,0,0,1,1,0,0,0,0,0,0,0,0,0,0,0
Malaysia,2017-02-01,0,0,0,0,0,0,0,0,0,0,0,0,0,0,0,0,0,0,0,0
Malaysia,2017-03-01,0,0,0,0,0,0,0,0,0,0,0,0,0,0,0,0,0,0,0,1
Malaysia,2017-04-01,0,0,0,0,0,0,0,0,0,0,0,0,0,0,0,0,0,0,0,0
Malaysia,2017-05-01,0,0,0,0,0,0,0,0,0,0,0,0,0,0,0,0,0,0,0,0
Malaysia,2017-06-01,0,1,0,0,0,0,0,0,0,0,0,0,0,0,0,0,0,0,0,0
Malaysia,2017-07-01,0,0,0,0,0,0,0,0,0,0,0,0,0,0,0,0,0,0,0,0
Malaysia,2017-08-01,0,0,0,0,0,0,0,0,0,0,0,0,1,1,0,0,0,0,0,0
Malaysia,2017-09-01,0,0,0,1,0,0,0,0,0,0,0,0,1,0,0,1,0,0,0,0
Malaysia,2017-10-01,0,1,0,1,0,0,0,0,0,0,0,0,0,0,0,0,0,0,0,0
Malaysia,2017-11-01,1,1,1,0,0,0,0,1,1,0,1,0,0,0,1,0,1,1,0,0
Malaysia,2017-12-01,0,0,0,0,0,0,0,0,0,0,0,0,0,0,0,0,1,0,0,0
Malaysia,2018-01-01,0,0,0,0,0,0,0,0,0,0,0,0,0,0,0,0,0,0,1,0
Malaysia,2018-02-01,0,0,0,0,0,0,0,0,0,0,0,0,0,0,0,0,0,0,0,1
Malaysia,2018-03-01,0,0,0,0,0,0,0,0,0,0,0,1,0,0,0,0,0,1,0,0
Malaysia,2018-04-01,0,0,0,0,0,0,0,0,0,0,0,0,0,0,0,0,0,0,0,0
Malaysia,2018-05-01,0,0,0,0,0,0,0,0,0,0,0,0,0,0,0,0,0,0,0,0
Malaysia,2018-06-01,0,0,0,0,0,0,0,0,0,0,0,0,0,0,0,0,0,0,0,0
Malaysia,2018-07-01,0,0,0,0,0,0,0,0,0,0,0,0,0,0,1,0,0,0,0,0
Malaysia,2018-08-01,0,0,0,0,0,0,0,0,0,0,0,0,0,0,0,0,0,0,0,0
Malaysia,2018-09-01,0,0,0,0,0,0,0,0,0,0,0,0,0,0,0,0,0,0,0,0
Malaysia,2018-10-01,0,0,0,0,0,0,0,0,0,0,0,0,0,0,0,0,0,0,0,0
Malaysia,2018-11-01,0,0,0,0,0,0,0,0,0,0,0,0,0,0,0,0,1,0,0,0
Malaysia,2018-12-01,0,0,0,0,0,0,0,0,0,0,0,0,0,0,0,0,0,0,0,0
Malaysia,2019-01-01,0,0,0,0,0,0,0,0,0,0,0,0,0,0,0,0,0,0,0,0
Malaysia,2019-02-01,0,0,0,0,0,1,0,0,0,1,0,0,0,0,0,0,0,0,0,0
Malaysia,2019-03-01,0,0,0,0,0,1,1,0,0,0,0,1,0,0,0,0,0,0,0,0
Malaysia,2019-04-01,0,0,0,0,0,0,0,0,0,0,0,0,0,0,0,0,0,0,0,0
Malaysia,2019-05-01,0,0,0,0,0,0,0,0,0,0,0,0,0,0,0,0,0,0,0,0
Malaysia,2019-06-01,0,0,0,0,0,0,0,0,0,0,0,0,0,0,0,0,0,0,0,0
Malaysia,2019-07-01,0,0,0,0,0,0,0,0,0,0,0,0,0,1,0,0,0,0,0,0
Malaysia,2019-08-01,0,0,0,0,0,0,0,0,0,0,0,0,0,0,0,0,0,0,0,0
Malaysia,2019-09-01,0,0,0,0,1,0,1,0,1,0,1,0,1,0,0,0,0,1,1,0
Malaysia,2019-10-01,0,1,0,0,0,0,0,0,1,0,0,0,0,0,0,0,0,0,0,0
Malaysia,2019-11-01,0,0,0,0,0,0,0,0,0,0,0,0,0,0,1,0,0,0,0,1
Malaysia,2019-12-01,1,0,0,0,0,0,0,1,1,0,1,0,0,0,0,0,0,0,0,0
Malaysia,2020-01-01,0,0,0,0,0,1,0,0,0,0,0,0,0,0,0,0,1,0,0,0
Malaysia,2020-02-01,0,0,1,0,1,0,0,0,0,0,0,0,0,0,1,1,0,0,1,0
Malaysia,2020-03-01,0,0,0,0,0,0,0,0,0,0,0,0,0,0,0,0,0,0,0,0
Malaysia,2020-04-01,0,0,0,0,0,0,0,0,0,0,0,0,0,0,0,0,0,0,0,0
Malaysia,2020-05-01,0,0,0,0,0,0,0,0,0,0,0,0,0,0,0,0,0,0,0,0
Malaysia,2020-06-01,0,0,0,0,0,0,0,0,0,0,0,0,0,0,0,0,0,0,0,0
Malaysia,2020-07-01,0,0,0,0,0,0,0,0,0,0,0,0,0,0,0,0,0,0,0,0
Malaysia,2020-08-01,0,0,0,0,0,0,0,0,0,0,0,0,0,0,0,0,0,0,0,0
Malaysia,2020-09-01,0,0,1,0,0,0,1,0,0,1,1,1,1,0,1,0,0,0,0,0
Malaysia,2020-10-01,0,0,0,0,0,0,1,0,0,0,0,0,0,0,0,0,0,0,0,0
Malaysia,2020-11-01,0,0,0,1,0,1,0,0,0,1,0,0,1,0,0,0,0,0,0,0
Malaysia,2020-12-01,0,0,0,0,0,0,0,0,0,0,0,0,0,0,0,0,0,1,0,1
Malaysia,2021-01-01,1,0,0,0,0,0,0,1,0,0,0,0,0,0,0,0,0,0,0,1
Malaysia,2021-02-01,0,0,0,0,0,0,0,0,0,0,0,0,0,0,0,0,1,0,0,0
Malaysia,2021-03-01,0,0,0,0,0,0,0,0,0,0,0,0,0,0,0,0,0,0,0,0
Malaysia,2021-04-01,0,0,0,0,0,0,0,0,0,0,0,0,0,0,0,0,0,0,0,0
Malaysia,2021-05-01,0,0,0,0,0,0,0,0,0,0,0,0,0,0,0,0,0,0,0,0
Malaysia,2021-06-01,0,0,0,0,0,0,0,0,0,0,0,0,0,0,0,1,0,0,0,0
Malaysia,2021-07-01,0,0,0,0,0,1,0,0,0,0,0,0,0,0,0,0,0,0,0,0
Malaysia,2021-08-01,0,0,0,0,0,0,0,0,0,0,0,0,0,0,0,0,0,0,0,0
Malaysia,2021-09-01,0,0,0,0,0,0,0,0,0,0,0,0,0,0,0,0,0,0,0,0
Malaysia,2021-10-01,0,0,0,0,0,0,0,0,0,0,0,0,0,0,0,0,0,0,0,0
Malaysia,2021-11-01,0,1,0,0,0,0,0,0,0,0,0,0,0,0,0,0,0,0,0,0
Malaysia,2021-12-01,1,0,0,1,0,0,1,1,1,0,1,1,0,0,0,0,0,0,1,0
Malaysia,2022-01-01,0,0,0,1,1,0,0,0,1,1,1,0,1,1,0,0,0,0,0,0
Malaysia,2022-02-01,0,0,0,0,0,0,0,0,0,0,0,0,0,0,0,0,0,0,0,0
Malaysia,2022-03-01,0,0,0,0,0,0,0,0,0,0,0,0,0,0,1,0,0,0,0,0
Malaysia,2022-04-01,0,0,0,0,0,0,0,0,0,0,0,0,0,0,0,1,0,0,0,0
Malaysia,2022-05-01,0,0,0,0,0,0,0,0,0,0,0,0,0,0,0,0,0,0,0,0
Malaysia,2022-06-01,0,0,0,0,0,0,0,0,0,0,0,0,0,0,0,0,1,0,0,0
Malaysia,2022-07-01,0,0,0,0,0,0,0,0,0,0,0,0,0,0,0,0,0,0,0,0
Malaysia,2022-08-01,0,0,0,0,0,0,0,0,0,0,0,0,0,0,0,0,0,0,0,0
Malaysia,2022-09-01,0,0,0,0,0,0,0,0,0,1,0,0,0,0,0,0,0,0,1,1
Malaysia,2022-10-01,0,0,0,0,0,0,0,0,0,0,0,0,0,0,0,0,0,0,0,0
Malaysia,2022-11-01,0,0,0,0,0,0,0,0,0,0,0,0,0,0,0,0,0,0,0,0
Malaysia,2022-12-01,1,0,0,0,0,0,1,1,0,0,0,0,0,0,0,0,0,0,0,0
Malaysia,2023-01-01,0,0,0,1,0,0,0,0,0,0,0,0,0,0,0,0,0,0,0,0
Malaysia,2023-02-01,0,0,0,0,0,0,0,0,0,0,0,0,0,1,0,0,0,0,0,0
Malaysia,2023-03-01,0,0,1,0,0,0,0,1,1,0,0,0,0,0,0,0,0,0,0,0
Malaysia,2023-04-01,0,0,0,0,0,0,1,0,0,0,0,0,0,0,0,0,0,0,0,0
Malaysia,2023-05-01,0,1,0,0,0,0,0,0,0,0,0,1,0,0,1,0,0,0,0,0
Malaysia,2023-06-01,0,0,0,0,0,0,0,0,0,0,0,0,0,0,0,0,0,0,0,0
Malaysia,2023-07-01,0,0,0,0,0,1,0,0,0,0,0,0,1,0,0,0,0,0,0,0
Malaysia,2023-08-01,0,0,0,0,0,0,0,0,0,0,0,0,0,0,0,0,0,0,0,0
Malaysia,2023-09-01,0,0,0,0,0,0,0,0,0,0,0,0,0,0,0,0,0,0,0,1
Malaysia,2023-10-01,0,0,0,0,0,0,0,0,0,0,0,0,0,0,0,0,1,0,1,0
Malaysia,2023-11-01,0,0,0,0,1,0,0,0,1,0,0,0,0,0,0,0,1,0,0,0
Malaysia,2023-12-01,1,0,0,0,1,0,0,1,0,0,1,0,0,0,0,0,0,0,0,0
Malaysia,2024-01-01,0,0,0,0,0,0,0,0,0,0,0,0,0,0,0,0,0,0,0,0
Malaysia,2024-02-01,0,0,0,0,0,0,0,0,0,0,0,0,0,0,0,0,0,0,1,0
Malaysia,2024-03-01,0,0,0,0,0,0,0,0,0,0,0,1,0,0,0,0,0,1,0,0
Malaysia,2024-04-01,0,0,0,0,0,0,0,0,0,0,0,0,0,0,0,0,0,0,0,0
Malaysia,2024-05-01,0,0,0,0,0,0,0,0,0,0,0,0,0,0,0,0,0,0,0,0
Malaysia,2024-06-01,0,0,1,0,0,0,0,0,0,0,0,0,0,0,0,1,0,0,0,0
Malaysia,2024-07-01,0,0,0,0,0,0,0,0,0,0,0,0,0,0,0,0,0,0,0,0
Malaysia,2024-08-01,0,0,0,0,0,1,0,0,0,0,0,0,0,0,0,0,0,0,0,0
Malaysia,2024-09-01,0,0,0,0,0,0,0,0,0,0,0,0,0,0,0,0,0,0,0,1
Malaysia,2024-10-01,0,0,0,0,0,0,0,0,0,0,0,0,0,0,0,0,0,1,0,0
Malaysia,2024-11-01,0,1,0,0,0,0,0,0,0,0,0,0,0,0,0,0,1,0,0,0
Malaysia,2024-12-01,1,0,0,0,0,0,0,0,0,0,0,0,0,0,0,0,0,0,0,0
Malaysia,2025-01-01,0,0,0,0,0,0,0,0,0,0,0,0,0,1,0,0,0,0,0,0
Malaysia,2025-02-01,0,0,0,0,0,1,0,0,0,0,0,0,0,1,1,0,0,0,0,0
Malaysia,2025-03-01,0,0,0,1,0,0,0,0,0,0,0,0,0,0,1,0,0,0,1,0
Malaysia,2025-04-01,0,0,0,0,0,0,1,0,0,1,0,0,0,0,0,0,0,0,0,0
Malaysia,2025-05-01,0,0,0,0,0,0,0,0,0,0,0,0,0,0,0,0,0,0,1,0
Malaysia,2025-06-01,0,0,0,0,0,0,0,0,0,0,0,0,1,0,0,0,0,0,0,0
Malaysia,2025-07-01,0,0,0,0,1,0,0,0,0,0,0,0,0,0,0,0,0,0,1,0
Malaysia,2025-08-01,0,0,0,0,0,0,0,0,0,0,0,0,0,0,0,0,0,0,1,0
Malaysia,2025-09-01,0,1,0,0,0,0,0,0,0,0,0,0,0,0,0,0,0,0,0,0
Malaysia,2025-10-01,0,0,0,0,0,0,0,0,0,0,0,0,0,0,0,0,0,1,0,0
Malaysia,2025-11-01,1,0,0,1,0,0,0,1,1,1,0,0,0,0,0,0,0,0,0,0
Malaysia,2025-12-01,0,1,1,0,0,0,0,1,1,0,0,0,0,0,0,0,0,0,0,0
Malaysia,2026-01-01,0,0,0,0,0,0,0,0,0,0,0,0,0,0,0,0,0,0,0,0
Panama,2012-01-01,0,0,0,0,0,0,0,0,0,0,0,0,0,0,0,0,1,0,0,0
Panama,2012-02-01,0,0,0,0,0,0,1,0,0,0,0,1,1,0,0,0,0,0,1,1
Panama,2012-03-01,0,0,0,0,0,0,0,0,0,0,0,1,0,0,0,1,0,0,0,0
Panama,2012-04-01,0,0,1,0,0,0,0,0,0,0,0,0,0,0,0,0,0,1,0,0
Panama,2012-05-01,0,1,0,0,0,0,0,0,0,0,0,0,0,0,0,0,0,0,1,0
Panama,2012-06-01,0,0,0,0,1,0,0,0,0,0,0,0,0,0,0,1,0,0,0,0
Panama,2012-07-01,0,0,0,0,0,0,0,0,0,1,0,0,0,1,0,0,0,0,0,0
Panama,2012-08-01,0,0,0,0,0,0,0,0,0,0,0,0,0,0,0,0,0,0,0,0
Panama,2012-09-01,0,0,0,0,0,0,0,0,0,0,0,0,0,0,0,0,0,0,0,0
Panama,2012-10-01,0,0,0,0,0,0,0,0,0,0,0,0,0,0,0,0,0,0,0,0
Panama,2012-11-01,1,0,0,0,0,0,0,1,0,0,0,0,0,0,0,0,0,0,0,0
Panama,2012-12-01,0,0,0,0,0,0,0,0,0,0,0,0,0,0,0,0,0,0,0,0
Panama,2013-01-01,0,0,0,0,0,0,0,0,0,0,0,0,0,0,0,0,0,0,0,0
Panama,2013-02-01,0,0,0,0,0,0,0,0,0,0,0,0,0,0,0,0,0,0,0,0
Panama,2013-03-01,0,0,0,0,0,0,1,0,0,0,0,0,0,0,0,0,0,0,0,0
Panama,2013-04-01,0,0,0,0,0,0,0,0,0,0,0,0,1,0,0,0,1,0,1,0
Panama,2013-05-01,0,0,1,0,1,0,0,0,1,0,0,1,0,0,0,0,0,0,0,0
Panama,2013-06-01,0,1,1,0,0,0,0,0,1,0,1,0,0,0,1,0,0,0,0,0
Panama,2013-07-01,0,0,0,0,0,0,0,0,0,0,0,0,0,0,0,0,0,0,0,0
Panama,2013-08-01,0,0,0,0,0,0,0,0,0,0,0,0,0,0,0,1,0,0,0,0
Panama,2013-09-01,0,0,0,0,1,0,0,0,0,0,0,0,0,0,0,0,0,0,0,0
Panama,2013-10-01,0,0,0,0,0,0,0,1,0,0,0,0,0,0,0,0,0,0,0,0
Panama,2013-11-01,0,1,0,0,0,0,0,0,0,0,0,0,0,0,0,0,0,0,0,0
Panama,2013-12-01,0,0,0,1,0,0,0,0,0,0,0,0,0,0,0,0,0,0,0,0
Panama,2014-01-01,0,0,0,0,0,0,0,0,0,0,0,0,0,0,0,0,0,0,0,0
Panama,2014-02-01,0,0,0,0,0,0,0,0,0,0,0,0,0,0,0,0,0,0,0,1
Panama,2014-03-01,0,0,0,0,0,0,0,0,0,0,0,0,0,0,0,0,1,0,0,0
Panama,2014-04-01,1,0,0,0,0,0,0,0,0,0,0,0,0,0,0,0,0,0,0,0
Panama,2014-05-01,0,0,0,0,0,0,0,0,0,0,0,0,0,0,0,0,0,0,0,0
Panama,2014-06-01,0,0,0,0,0,0,0,0,0,0,0,0,0,0,0,0,0,0,0,0
Panama,2014-07-01,0,0,0,0,0,0,1,0,0,1,0,0,0,0,0,0,0,0,0,0
Panama,2014-08-01,0,0,0,0,0,1,0,0,0,0,0,0,0,0,0,0,1,0,0,0
Panama,2014-09-01,0,0,0,0,0,0,0,0,0,0,0,0,0,0,0,0,0,0,1,0
Panama,2014-10-01,0,0,0,0,0,0,0,0,0,0,0,0,0,0,0,1,0,0,0,0
Panama,2014-11-01,0,0,0,0,0,0,0,0,0,0,0,0,0,0,0,0,0,0,0,0
Panama,2014-12-01,0,0,0,0,0,0,0,0,0,0,0,0,0,0,0,0,0,0,0,0
Panama,2015-01-01,0,0,0,1,0,0,0,0,0,0,0,0,1,0,0,0,0,0,0,0
Panama,2015-02-01,0,0,0,0,1,0,0,0,0,0,0,0,0,0,1,0,0,0,0,0
Panama,2015-03-01,0,0,0,1,0,0,0,0,0,0,0,0,1,0,0,0,0,0,1,0
Panama,2015-04-01,0,0,0,0,0,0,0,0,0,0,0,0,0,0,0,0,0,0,0,0
Panama,2015-05-01,0,0,0,0,0,1,0,0,0,0,0,0,0,0,0,0,0,0,0,0
Panama,2015-06-01,0,0,0,0,0,0,0,1,0,0,0,0,0,0,0,0,0,0,0,1
Panama,2015-07-01,0,0,0,0,0,0,0,0,0,0,0,0,0,0,0,0,0,0,0,1
Panama,2015-08-01,0,0,1,0,0,0,0,1,0,0,0,0,0,0,0,0,0,0,0,0
Panama,2015-09-01,1,0,0,0,1,0,0,0,0,0,0,0,0,0,0,1,0,0,0,0
Panama,2015-10-01,0,0,0,0,0,0,0,0,0,0,0,0,0,1,0,0,0,0,0,0
Panama,2015-11-01,0,0,0,0,0,0,0,0,0,0,0,0,0,0,0,0,0,0,0,0
Panama,2015-12-01,0,1,1,0,0,0,0,0,0,0,0,0,0,0,0,0,0,0,0,0
Panama,2016-01-01,0,0,0,0,0,0,0,0,0,0,0,0,0,0,0,0,0,0,0,0
Panama,2016-02-01,0,0,0,0,0,0,1,0,1,1,1,1,0,0,0,0,1,0,0,0
Panama,2016-03-01,0,0,0,0,0,0,0,0,0,0,0,0,0,0,0,0,0,0,0,0
Panama,2016-04-01,0,0,0,0,0,0,0,0,0,0,0,0,0,0,0,0,0,0,0,0
Panama,2016-05-01,0,0,0,0,0,0,0,0,0,0,0,0,1,0,1,0,0,1,0,0
Panama,2016-06-01,0,1,0,0,0,0,0,0,0,0,0,0,0,1,0,0,0,0,1,0
Panama,2016-07-01,0,0,0,0,0,0,0,0,0,0,0,0,1,0,0,0,1,0,0,0
Panama,2016-08-01,0,0,0,0,0,1,0,0,1,0,0,0,1,0,0,0,0,0,0,0
Panama,2016-09-01,0,0,0,0,1,0,0,0,0,0,0,0,0,0,0,0,0,0,0,0
Panama,2016-10-01,0,0,0,0,0,0,0,0,0,1,0,0,0,0,1,0,0,0,0,0
Panama,2016-11-01,1,0,0,1,0,0,0,0,0,0,0,0,0,0,0,0,0,0,0,1
Panama,2016-12-01,0,0,0,0,0,0,0,0,0,0,0,0,0,0,0,0,0,0,0,0
Panama,2017-01-01,0,0,0,0,0,0,0,0,0,0,0,0,0,0,0,0,0,0,0,1
Panama,2017-02-01,0,0,0,0,0,0,0,0,0,0,0,0,0,0,0,0,0,0,0,0
Panama,2017-03-01,0,0,0,0,0,0,0,0,0,0,0,0,0,0,0,0,0,0,0,0
Panama,2017-04-01,0,0,0,0,0,0,0,1,0,0,0,0,0,0,0,0,0,0,0,0
Panama,2017-05-01,0,0,0,0,0,0,0,0,0,0,0,0,0,0,0,0,0,0,0,0
Panama,2017-06-01,0,0,0,0,0,0,0,0,0,0,0,0,0,0,0,0,0,0,0,0
Panama,2017-07-01,0,0,0,0,0,0,1,0,0,0,0,0,0,0,0,1,0,0,0,0
Panama,2017-08-01,0,0,0,0,0,0,0,0,0,0,0,0,0,0,0,0,0,0,1,0
Panama,2017-09-01,1,0,0,0,0,0,0,1,0,0,0,0,0,0,0,0,1,0,0,0
Panama,2017-10-01,0,0,0,0,0,0,0,0,0,0,0,0,0,0,1,0,0,0,0,0
Panama,2017-11-01,0,0,0,0,0,0,0,0,0,0,0,1,0,0,0,0,0,0,0,0
Panama,2017-12-01,0,0,1,0,0,0,0,0,0,0,0,0,0,0,0,0,0,0,0,0
Panama,2018-01-01,0,0,0,0,0,0,0,0,0,0,0,0,0,0,1,0,1,0,0,0
Panama,2018-02-01,0,0,0,0,0,0,0,0,0,0,0,0,1,0,0,0,0,0,0,1
Panama,2018-03-01,0,0,0,0,0,0,0,0,0,0,0,0,0,0,0,0,0,0,1,0
Panama,2018-04-01,0,0,0,1,0,0,0,0,0,0,0,0,0,0,0,0,1,0,0,0
Panama,2018-05-01,0,0,0,0,1,0,0,0,0,0,1,0,0,0,0,0,0,0,0,0
Panama,2018-06-01,0,0,0,1,0,0,0,0,0,0,0,0,0,0,0,0,0,0,0,0
Panama,2018-07-01,0,0,0,0,0,0,0,0,0,0,0,0,0,0,0,0,0,0,0,0
Panama,2018-08-01,0,0,0,0,0,0,0,0,0,0,0,0,0,1,0,0,0,0,0,0
Panama,2018-09-01,0,0,0,0,0,0,0,0,0,0,0,0,1,0,0,0,0,0,0,0
Panama,2018-10-01,0,1,0,0,0,0,0,0,0,0,0,0,0,0,0,0,0,0,0,0
Panama,2018-11-01,0,1,0,0,0,0,0,0,0,0,0,0,0,0,0,0,0,1,0,0
Panama,2018-12-01,0,0,0,0,0,0,0,1,0,1,0,0,0,0,0,0,0,0,0,0
Panama,2019-01-01,0,0,0,0,0,0,0,0,0,0,0,0,0,0,0,0,0,0,0,0
Panama,2019-02-01,0,0,0,0,0,0,0,0,0,0,0,0,0,0,0,0,0,0,0,0
Panama,2019-03-01,0,0,0,0,0,0,0,0,0,0,0,0,0,0,0,0,0,0,0,0
Panama,2019-04-01,0,0,0,0,0,0,0,0,0,0,0,1,0,0,0,1,0,0,1,0
Panama,2019-05-01,1,0,0,0,0,0,0,0,0,0,0,0,0,0,0,0,0,1,0,0
Panama,2019-06-01,0,0,0,0,1,0,1,0,0,1,0,0,0,0,0,1,0,0,0,1
Panama,2019-07-01,0,0,1,0,0,0,0,0,1,0,0,0,0,0,1,0,0,0,0,1
Panama,2019-08-01,0,0,0,0,0,0,0,0,1,0,0,1,0,0,0,0,0,0,0,1
Panama,2019-09-01,0,0,0,0,0,1,1,0,0,0,1,0,0,0,1,0,0,0,0,0
Panama,2019-10-01,0,0,1,0,0,0,0,0,0,0,0,0,0,0,0,0,0,0,0,1
Panama,2019-11-01,0,0,1,0,0,0,0,0,0,0,0,0,0,0,0,0,0,0,0,0
Panama,2019-12-01,0,0,0,0,0,0,0,0,0,0,0,0,0,0,0,0,0,0,0,0
Panama,2020-01-01,0,0,0,0,1,0,1,0,1,0,0,0,0,0,0,0,0,0,1,0
Panama,2020-02-01,0,0,0,0,0,0,0,0,0,0,0,0,0,0,0,0,0,0,0,0
Panama,2020-03-01,0,0,0,0,0,0,0,0,0,0,0,0,0,0,0,0,0,0,0,0
Panama,2020-04-01,0,0,0,0,0,0,0,0,0,0,0,0,0,0,0,0,0,0,0,0
Panama,2020-05-01,0,0,0,0,0,0,0,0,0,0,0,0,0,0,0,0,0,0,0,1
Panama,2020-06-01,0,0,0,0,0,0,0,0,0,0,0,0,0,0,0,0,0,0,0,0
Panama,2020-07-01,0,0,0,0,0,0,0,0,0,0,0,0,0,0,0,0,0,0,0,0
Panama,2020-08-01,0,0,0,0,0,0,0,0,0,0,0,0,0,0,0,0,0,0,0,0
Panama,2020-09-01,0,0,0,0,0,0,0,0,0,0,0,0,0,0,0,0,0,0,0,0
Panama,2020-10-01,0,0,0,0,0,0,0,0,0,0,0,0,0,0,1,0,0,0,0,0
Panama,2020-11-01,1,0,0,0,0,0,0,1,0,0,0,0,0,0,0,0,0,0,0,0
Panama,2020-12-01,0,0,0,0,0,0,0,0,0,0,0,0,0,0,0,0,0,0,0,0
Panama,2021-01-01,0,0,0,0,0,0,0,0,0,0,0,0,0,0,0,0,0,0,0,0
Panama,2021-02-01,0,0,1,1,0,0,0,0,0,0,0,0,0,0,0,1,0,0,0,0
Panama,2021-03-01,0,0,1,0,0,0,0,0,0,0,0,0,0,0,0,0,0,1,0,0
Panama,2021-04-01,0,0,0,0,0,0,0,1,1,0,1,0,0,0,0,0,0,1,0,0
Panama,2021-05-01,0,0,0,1,1,0,0,0,0,0,0,0,0,0,0,1,0,0,0,0
Panama,2021-06-01,0,0,0,0,0,0,0,0,0,0,0,0,1,0,1,0,0,0,0,0
Panama,2021-07-01,0,0,0,0,0,0,1,0,0,0,0,0,0,0,0,1,0,0,1,0
Panama,2021-08-01,0,0,0,0,0,0,0,0,0,0,0,0,0,1,0,1,0,0,0,0
Panama,2021-09-01,0,1,0,0,0,0,1,0,0,0,0,0,0,0,0,0,1,0,0,0
Panama,2021-10-01,0,0,0,0,0,0,0,0,0,0,0,0,0,0,0,0,0,0,0,0
Panama,2021-11-01,0,1,0,0,0,0,0,0,0,0,0,0,0,0,0,0,0,0,0,0
Panama,2021-12-01,0,0,0,0,0,0,0,0,0,0,0,0,1,0,0,0,0,0,0,0
Panama,2022-01-01,0,0,0,0,0,0,0,0,0,0,0,1,0,0,0,0,0,0,0,0
Panama,2022-02-01,0,0,0,0,0,0,0,0,0,0,0,0,0,1,0,0,0,0,0,0
Panama,2022-03-01,0,0,0,1,0,0,0,0,0,0,0,0,0,0,0,0,1,0,0,0
Panama,2022-04-01,0,0,0,0,0,0,0,0,0,0,0,0,0,0,0,0,0,0,0,0
Panama,2022-05-01,0,0,0,0,0,0,0,0,0,0,0,0,0,0,0,0,0,0,0,0
Panama,2022-06-01,0,0,1,0,0,0,0,0,1,0,0,0,0,0,0,0,0,0,0,0
Panama,2022-07-01,0,0,0,0,0,0,0,0,0,0,0,0,0,0,0,0,0,0,0,0
Panama,2022-08-01,0,0,0,0,0,0,0,0,0,0,0,0,0,0,0,0,0,0,0,0
Panama,2022-09-01,0,0,0,0,0,0,0,0,0,0,0,0,0,0,1,0,0,0,0,0
Panama,2022-10-01,1,0,0,0,0,0,0,0,0,0,0,0,0,0,0,0,0,0,0,0
Panama,2022-11-01,0,0,0,0,1,1,0,0,0,0,1,0,0,1,0,0,0,0,0,0
Panama,2022-12-01,0,0,0,0,0,0,0,0,1,0,0,0,1,0,0,0,0,0,0,0
Panama,2023-01-01,0,0,0,0,0,0,0,0,0,0,0,0,0,0,0,0,0,0,0,0
Panama,2023-02-01,0,0,0,0,0,1,0,0,0,0,0,0,0,0,0,0,0,0,0,0
Panama,2023-03-01,0,1,1,0,0,0,0,0,0,0,0,0,0,1,0,0,1,1,0,1
Panama,2023-04-01,0,0,0,0,0,0,0,0,0,0,0,0,0,0,0,0,0,0,0,0
Panama,2023-05-01,0,0,0,0,0,0,0,0,0,0,0,1,0,0,0,0,0,0,0,0
Panama,2023-06-01,0,0,0,0,0,0,0,0,0,0,0,0,0,0,0,0,0,0,0,1
Panama,2023-07-01,0,0,0,0,0,0,0,0,0,0,0,0,0,0,0,1,0,0,0,0
Panama,2023-08-01,0,0,0,0,0,0,0,0,0,0,0,0,0,0,0,0,0,0,0,0
Panama,2023-09-01,0,0,0,0,0,0,0,0,0,0,0,0,0,0,0,0,0,0,1,0
Panama,2023-10-01,0,0,0,0,0,0,0,0,0,1,0,0,0,0,0,0,0,0,1,0
Panama,2023-11-01,0,0,0,0,0,0,0,0,1,1,0,0,0,0,0,0,0,1,1,0
Panama,2023-12-01,0,0,0,0,0,0,0,0,0,1,0,0,0,0,0,0,0,0,0,0
Panama,2024-01-01,0,0,0,0,0,0,1,0,0,0,1,0,1,0,0,0,0,0,0,0
Panama,2024-02-01,0,0,0,0,0,0,0,0,0,0,0,0,0,0,0,0,0,0,0,0
Panama,2024-03-01,0,0,0,0,0,0,0,0,0,0,0,0,0,0,0,1,0,0,0,0
Panama,2024-04-01,0,0,0,0,0,0,0,0,0,0,0,0,0,0,0,0,0,0,0,0
Panama,2024-05-01,0,0,0,0,0,0,0,1,0,0,0,0,0,0,0,0,0,0,0,0
Panama,2024-06-01,0,0,0,0,0,0,0,0,0,0,0,0,0,0,0,0,0,0,0,0
Panama,2024-07-01,0,0,0,0,0,0,0,0,0,0,0,0,0,0,0,0,0,0,0,0
Panama,2024-08-01,0,0,0,0,0,0,0,0,0,0,0,0,0,0,0,0,1,0,0,0
Panama,2024-09-01,0,0,1,0,0,0,1,0,0,0,0,0,0,0,1,1,1,0,0,1
Panama,2024-10-01,0,0,1,1,0,1,0,0,0,0,0,0,0,1,0,0,0,0,0,0
Panama,2024-11-01,1,0,0,0,1,0,0,1,1,0,0,1,0,0,0,0,0,0,0,1
Panama,2024-12-01,0,0,0,0,0,0,0,0,0,0,0,0,0,0,0,0,0,0,0,1
Panama,2025-01-01,0,0,0,0,0,0,0,0,0,1,0,0,0,1,0,0,0,0,0,0
Panama,2025-02-01,0,0,0,0,0,0,0,0,0,0,0,0,1,0,0,0,0,0,1,0
Panama,2025-03-01,0,0,0,0,0,0,0,0,0,0,0,0,0,0,0,0,0,1,0,0
Panama,2025-04-01,0,0,0,0,0,0,0,0,0,0,0,0,0,0,0,0,0,0,0,0
Panama,2025-05-01,1,0,0,0,0,0,1,0,0,0,1,1,0,0,0,0,0,0,0,0
Panama,2025-06-01,0,0,0,0,1,0,0,0,0,0,1,0,0,0,0,0,0,0,0,0
Panama,2025-07-01,0,0,0,0,0,0,0,0,0,0,0,0,0,0,0,0,0,0,0,0
Panama,2025-08-01,0,0,0,0,0,0,0,0,0,0,0,1,0,0,0,0,0,0,0,0
Panama,2025-09-01,0,0,0,0,0,0,0,0,0,0,0,0,0,0,0,0,0,0,0,0
Panama,2025-10-01,0,0,0,0,0,0,0,0,0,0,0,0,0,0,0,0,0,0,0,0
Panama,2025-11-01,0,0,0,0,0,0,0,0,0,0,0,0,0,0,0,0,0,0,0,0
Panama,2025-12-01,0,0,0,0,0,0,0,0,0,0,0,0,0,0,0,0,0,0,0,0
Panama,2026-01-01,0,0,0,0,0,0,0,0,0,0,0,0,0,0,0,0,0,0,0,0
Macedonia,2012-01-01,0,0,1,0,0,0,0,0,0,0,0,0,0,0,0,0,0,1,0,0
Macedonia,2012-02-01,1,0,1,0,0,0,0,1,0,0,1,0,0,0,0,0,0,1,0,0
Macedonia,2012-03-01,0,0,0,0,0,1,0,0,0,0,1,0,0,0,0,0,0,1,0,0
Macedonia,2012-04-01,0,0,0,0,0,0,0,0,0,0,0,0,0,0,0,0,0,0,0,0
Macedonia,2012-05-01,0,0,0,0,0,0,0,0,0,0,0,0,0,0,0,1,0,0,0,0
Macedonia,2012-06-01,0,0,1,0,0,0,1,0,0,0,0,0,0,0,0,0,0,0,0,0
Macedonia,2012-07-01,0,1,0,0,0,0,0,0,1,0,0,0,0,0,0,0,0,0,0,0
Macedonia,2012-08-01,1,0,0,0,1,0,0,0,0,0,0,1,0,1,0,0,1,0,0,1
Macedonia,2012-09-01,0,0,0,0,0,0,0,0,0,0,0,0,0,0,0,0,0,0,0,0
Macedonia,2012-10-01,0,1,0,0,0,0,0,0,0,0,0,0,0,0,0,0,0,0,0,0
Macedonia,2012-11-01,0,0,0,0,0,0,0,0,0,0,0,0,0,0,0,0,0,0,0,0
Macedonia,2012-12-01,0,0,0,0,0,0,0,0,0,0,0,0,0,0,0,0,0,0,0,0
Macedonia,2013-01-01,0,0,0,0,0,0,0,0,0,0,0,0,0,1,0,0,0,0,0,0
Macedonia,2013-02-01,1,0,0,0,0,0,0,0,0,0,0,0,0,0,0,0,0,0,0,0
Macedonia,2013-03-01,0,0,0,0,0,0,0,0,0,1,0,0,0,0,0,0,0,0,0,0
Macedonia,2013-04-01,0,0,0,0,0,0,0,0,0,0,0,0,0,0,1,0,0,0,0,0
Macedonia,2013-05-01,0,0,0,0,0,0,0,0,0,0,0,0,0,1,1,0,0,0,0,0
Macedonia,2013-06-01,0,0,0,0,0,0,0,0,0,0,0,1,0,0,0,0,0,0,0,0
Macedonia,2013-07-01,0,0,0,0,0,0,1,0,0,0,0,0,0,0,0,0,0,0,0,0
Macedonia,2013-08-01,0,0,0,0,0,0,0,0,0,0,0,0,0,0,0,0,0,0,0,0
Macedonia,2013-09-01,0,0,0,0,0,0,0,0,0,0,0,0,0,0,1,0,0,0,0,0
Macedonia,2013-10-01,0,0,1,0,1,0,0,0,0,0,0,0,0,0,0,0,0,0,0,0
Macedonia,2013-11-01,0,0,0,0,0,0,1,0,0,1,0,0,0,0,0,0,1,0,0,0
Macedonia,2013-12-01,0,0,0,1,0,0,0,0,1,0,0,0,0,0,0,0,0,0,0,0
Macedonia,2014-01-01,1,0,0,0,0,0,0,0,1,0,0,0,0,0,0,0,0,0,0,0
Macedonia,2014-02-01,0,0,0,0,0,0,0,0,0,0,1,0,0,0,0,0,0,0,0,0
Macedonia,2014-03-01,0,0,0,0,0,0,0,0,0,0,0,0,0,0,0,0,0,0,0,0
Macedonia,2014-04-01,0,0,0,0,0,0,0,0,0,0,0,0,0,0,0,0,0,0,0,0
Macedonia,2014-05-01,0,0,0,0,0,0,0,1,0,0,0,0,0,0,0,0,0,0,0,0
Macedonia,2014-06-01,0,0,0,0,0,0,0,0,0,0,0,0,0,0,0,0,0,0,0,0
Macedonia,2014-07-01,0,0,0,0,0,0,0,0,0,0,0,0,1,0,0,0,0,0,0,0
Macedonia,2014-08-01,0,0,0,0,0,0,0,0,0,0,0,0,0,1,0,0,0,0,0,0
Macedonia,2014-09-01,0,0,0,0,1,0,0,0,0,0,0,0,0,0,0,0,0,0,0,0
Macedonia,2014-10-01,0,1,1,0,0,0,0,0,0,0,1,0,0,0,0,1,0,0,0,0
Macedonia,2014-11-01,0,0,0,0,0,0,0,0,0,0,0,0,0,0,0,0,0,0,0,0
Macedonia,2014-12-01,0,0,1,0,1,0,0,0,0,0,0,0,0,0,0,1,1,0,0,1
Macedonia,2015-01-01,0,0,0,0,0,0,0,0,0,1,0,0,0,0,0,0,0,0,0,0
Macedonia,2015-02-01,1,0,0,0,0,1,1,1,1,1,0,0,0,0,0,0,0,0,0,1
Macedonia,2015-03-01,0,0,0,1,0,0,0,0,0,0,0,0,0,0,0,0,0,0,0,0
Macedonia,2015-04-01,0,0,0,0,0,0,0,0,0,0,0,0,0,0,0,0,0,0,0,0
Macedonia,2015-05-01,0,0,0,0,0,0,0,0,0,0,0,0,0,0,0,0,1,0,0,0
Macedonia,2015-06-01,0,0,0,0,0,0,0,0,0,0,1,0,0,0,0,0,0,0,0,0
Macedonia,2015-07-01,0,0,0,0,0,0,0,0,0,0,0,1,0,0,0,0,0,0,0,0
Macedonia,2015-08-01,0,0,0,0,0,0,0,0,0,0,0,0,0,1,0,0,0,0,0,0
Macedonia,2015-09-01,0,0,0,0,0,0,0,0,0,0,0,0,0,1,0,0,0,0,0,0
Macedonia,2015-10-01,0,0,0,0,0,0,0,0,0,0,0,0,1,0,0,0,0,0,0,0
Macedonia,2015-11-01,0,0,0,0,0,0,0,0,0,0,0,0,0,1,1,0,0,0,0,0
Macedonia,2015-12-01,0,0,0,0,0,0,1,0,0,0,0,0,0,1,1,1,0,0,1,0
Macedonia,2016-01-01,0,0,0,1,0,0,0,0,0,0,0,0,0,0,0,0,0,0,0,0
Macedonia,2016-02-01,0,0,0,0,0,0,0,0,0,0,0,0,0,0,0,0,0,0,0,0
Macedonia,2016-03-01,0,0,0,0,0,0,0,0,0,0,0,0,0,0,0,0,0,0,0,0
Macedonia,2016-04-01,0,1,0,0,0,0,0,0,0,0,0,0,0,0,0,0,0,0,0,0
Macedonia,2016-05-01,0,0,0,0,0,0,0,0,0,0,0,0,0,0,0,0,0,0,0,1
Macedonia,2016-06-01,0,0,0,0,0,0,0,0,0,0,0,0,0,0,0,0,0,0,0,0
Macedonia,2016-07-01,0,0,0,0,0,0,0,0,0,0,0,0,0,0,0,0,1,0,0,0
Macedonia,2016-08-01,1,0,1,0,0,0,0,1,1,0,0,1,1,0,0,1,0,0,0,0
Macedonia,2016-09-01,1,0,0,0,0,0,0,0,0,0,0,0,0,0,0,0,0,0,0,0
Macedonia,2016-10-01,0,0,0,0,0,0,0,0,0,0,0,0,0,0,0,0,0,0,0,0
Macedonia,2016-11-01,0,0,0,0,0,0,0,0,0,0,0,0,0,0,0,0,0,0,0,0
Macedonia,2016-12-01,0,0,0,0,0,0,0,0,0,0,0,0,0,0,0,0,0,0,0,0
Macedonia,2017-01-01,0,0,0,0,0,0,0,0,0,0,0,0,0,0,0,0,0,0,0,0
Macedonia,2017-02-01,0,0,0,1,1,0,0,0,0,0,1,0,0,0,0,0,0,0,0,0
Macedonia,2017-03-01,0,0,0,1,0,0,0,0,0,0,0,0,0,0,0,0,0,0,0,0
Macedonia,2017-04-01,0,0,0,0,0,0,0,0,0,0,0,0,0,0,0,0,0,0,0,1
Macedonia,2017-05-01,0,0,0,1,0,0,0,0,0,0,0,0,0,0,0,0,0,0,0,0
Macedonia,2017-06-01,0,0,0,0,0,0,0,0,0,0,0,0,0,0,0,0,0,0,0,0
Macedonia,2017-07-01,0,0,0,0,0,0,0,0,0,0,0,0,0,1,0,0,0,0,0,0
Macedonia,2017-08-01,0,0,0,0,0,0,0,0,0,0,0,0,0,0,1,0,0,0,0,0
Macedonia,2017-09-01,0,0,0,0,0,0,0,0,0,0,0,0,0,0,0,0,0,0,0,0
Macedonia,2017-10-01,0,0,0,0,0,1,0,0,0,0,0,0,0,0,0,0,0,0,0,0
Macedonia,2017-11-01,0,0,1,0,0,0,0,0,0,0,0,0,0,0,0,0,1,0,0,0
Macedonia,2017-12-01,0,0,0,0,0,0,1,0,0,0,0,0,0,0,0,0,0,0,1,0
Macedonia,2018-01-01,0,0,0,0,0,0,1,0,0,1,0,0,0,0,1,0,0,0,1,0
Macedonia,2018-02-01,0,0,0,0,0,0,0,0,0,0,0,0,0,1,0,0,0,0,0,0
Macedonia,2018-03-01,0,0,0,0,0,0,0,0,0,0,0,0,0,0,0,0,0,0,0,0
Macedonia,2018-04-01,0,1,0,0,0,0,0,0,0,0,0,0,0,0,0,1,0,0,0,0
Macedonia,2018-05-01,0,0,0,0,0,0,0,0,0,0,0,0,0,0,0,0,0,0,0,0
Macedonia,2018-06-01,0,0,0,0,0,0,0,0,0,0,0,0,1,0,0,0,0,0,0,0
Macedonia,2018-07-01,0,0,0,0,0,0,0,0,0,0,0,0,1,0,0,0,0,0,0,0
Macedonia,2018-08-01,0,0,0,0,0,0,0,0,0,0,0,0,0,0,0,0,0,0,0,0
Macedonia,2018-09-01,0,0,0,0,0,0,0,0,0,0,0,0,0,0,0,0,0,0,0,0
Macedonia,2018-10-01,0,0,0,0,0,0,0,0,0,0,0,0,0,0,0,0,0,0,0,0
Macedonia,2018-11-01,0,1,0,0,1,0,1,1,0,0,1,0,0,0,0,1,0,0,1,0
Macedonia,2018-12-01,0,0,1,0,0,0,0,0,0,0,0,0,0,0,0,0,1,0,0,0
Macedonia,2019-01-01,0,0,0,1,0,0,0,0,0,0,0,0,0,0,0,0,1,0,0,0
Macedonia,2019-02-01,0,0,0,0,0,0,0,0,0,0,0,0,0,0,0,1,0,0,1,1
Macedonia,2019-03-01,0,0,0,0,0,0,0,0,0,0,0,0,0,0,0,0,0,0,0,0
Macedonia,2019-04-01,0,0,0,0,0,0,0,0,0,0,0,0,0,0,0,0,0,0,0,0
Macedonia,2019-05-01,0,0,0,0,0,1,0,0,0,0,0,0,0,0,0,0,0,0,0,0
Macedonia,2019-06-01,0,0,0,0,0,0,0,1,0,0,0,0,0,0,0,0,0,0,0,0
Macedonia,2019-07-01,0,0,0,0,0,0,0,0,0,0,0,0,0,0,0,0,0,0,0,1
Macedonia,2019-08-01,0,0,0,0,0,0,0,0,0,0,0,0,0,0,0,0,0,0,0,0
Macedonia,2019-09-01,0,1,0,0,0,0,0,0,0,0,0,0,0,0,0,0,0,0,0,0
Macedonia,2019-10-01,0,0,0,0,0,0,0,0,0,0,0,0,0,0,0,0,0,0,0,1
Macedonia,2019-11-01,1,0,0,1,0,0,0,0,1,0,1,0,0,0,0,1,0,0,0,0
Macedonia,2019-12-01,0,0,0,0,1,0,0,0,0,0,0,0,1,0,0,0,0,0,0,0
Macedonia,2020-01-01,0,1,0,0,0,0,1,1,0,0,1,0,0,0,1,0,0,0,1,0
Macedonia,2020-02-01,0,0,0,0,0,0,0,0,0,0,0,0,1,0,1,0,0,0,1,0
Macedonia,2020-03-01,0,0,0,0,0,0,0,0,0,0,0,0,0,0,0,0,0,0,0,0
Macedonia,2020-04-01,0,0,0,0,0,0,0,0,0,0,0,0,0,0,0,0,0,0,0,0
Macedonia,2020-05-01,0,0,0,0,0,1,0,0,0,0,0,0,0,0,0,0,0,0,0,0
Macedonia,2020-06-01,0,0,0,0,0,0,0,0,0,0,0,0,0,0,0,0,1,0,0,0
Macedonia,2020-07-01,0,0,0,0,0,0,0,0,0,0,0,0,0,0,0,0,0,0,0,1
Macedonia,2020-08-01,0,0,0,0,0,0,0,0,0,0,0,0,0,1,0,0,0,0,0,0
Macedonia,2020-09-01,0,0,0,0,0,0,0,0,0,0,0,0,0,0,0,0,0,0,0,0
Macedonia,2020-10-01,0,0,0,0,0,0,0,0,0,0,0,0,0,0,0,0,0,0,0,0
Macedonia,2020-11-01,0,0,0,0,0,0,0,0,0,0,0,0,0,0,0,1,0,0,0,0
Macedonia,2020-12-01,0,0,1,0,0,0,0,0,0,0,0,0,0,0,0,0,0,0,0,0
Macedonia,2021-01-01,0,0,0,0,0,0,0,0,0,0,0,0,0,0,0,0,0,0,0,0
Macedonia,2021-02-01,0,0,0,1,0,0,0,0,0,0,0,0,0,0,0,0,0,0,0,0
Macedonia,2021-03-01,0,0,0,0,0,0,0,0,0,0,0,0,0,0,0,0,0,0,0,0
Macedonia,2021-04-01,0,0,0,0,0,0,0,0,0,0,0,0,0,0,0,0,0,0,0,0
Macedonia,2021-05-01,0,0,0,0,0,0,0,0,0,0,0,0,0,0,0,0,0,0,0,0
Macedonia,2021-06-01,0,1,1,0,1,0,0,0,0,0,1,0,0,0,0,0,0,0,1,0
Macedonia,2021-07-01,0,0,0,0,0,0,0,0,0,0,0,0,0,0,0,0,0,0,0,0
Macedonia,2021-08-01,0,0,0,0,0,1,0,0,0,1,0,1,1,0,1,0,0,0,0,1
Macedonia,2021-09-01,0,0,0,0,0,0,0,1,0,0,0,0,0,0,0,0,1,0,0,0
Macedonia,2021-10-01,0,1,0,0,1,0,0,1,0,0,1,0,0,0,0,0,0,0,0,0
Macedonia,2021-11-01,0,0,0,0,0,0,0,0,0,0,1,0,0,0,0,0,0,0,0,0
Macedonia,2021-12-01,0,0,0,0,0,1,0,0,1,0,0,0,0,0,0,0,0,0,0,0
Macedonia,2022-01-01,0,0,0,0,0,0,0,0,0,0,0,0,0,0,0,0,0,0,0,0
Macedonia,2022-02-01,0,0,0,0,0,0,0,0,0,0,0,0,0,0,0,0,0,0,0,0
Macedonia,2022-03-01,0,0,0,0,0,0,0,0,0,0,0,0,0,1,0,1,0,0,0,0
Macedonia,2022-04-01,0,0,0,1,1,0,0,0,0,0,0,1,0,0,0,0,0,0,0,0
Macedonia,2022-05-01,0,0,0,0,0,0,0,0,0,0,0,0,0,0,0,0,0,0,0,0
Macedonia,2022-06-01,0,0,0,0,0,0,0,0,0,0,0,0,1,0,0,0,0,0,0,0
Macedonia,2022-07-01,0,0,0,0,0,0,0,0,0,0,0,0,0,0,0,0,0,0,0,0
Macedonia,2022-08-01,1,0,0,0,0,0,0,0,0,0,0,0,0,0,0,0,0,0,0,0
Macedonia,2022-09-01,0,0,0,0,0,1,0,0,0,0,0,0,0,0,0,0,0,0,0,0
Macedonia,2022-10-01,0,0,0,0,0,0,0,0,0,0,0,0,0,0,0,0,0,0,0,0
Macedonia,2022-11-01,0,0,0,0,1,0,0,0,0,0,0,0,0,0,0,0,0,0,0,0
Macedonia,2022-12-01,0,1,0,0,0,0,0,0,0,0,0,0,0,0,0,0,0,0,0,0
Macedonia,2023-01-01,0,0,0,0,0,0,1,0,0,0,1,0,0,0,0,0,0,0,0,0
Macedonia,2023-02-01,1,0,0,0,0,0,0,1,1,0,0,0,0,0,0,0,0,0,0,0
Macedonia,2023-03-01,0,0,0,0,0,0,0,0,0,0,0,0,0,0,0,0,0,0,0,0
Macedonia,2023-04-01,0,0,0,0,0,0,0,1,0,0,0,0,0,0,0,0,0,0,0,0
Macedonia,2023-05-01,0,0,0,0,0,0,0,0,0,0,0,0,0,0,0,0,0,0,0,0
Macedonia,2023-06-01,0,0,0,0,0,0,0,0,0,0,0,0,0,0,1,0,0,0,0,0
Macedonia,2023-07-01,0,0,0,0,0,0,0,0,0,1,0,1,0,0,0,0,0,0,0,1
Macedonia,2023-08-01,0,0,0,0,0,0,0,0,0,0,0,0,0,0,0,0,0,0,0,1
Macedonia,2023-09-01,0,0,0,0,0,0,0,0,0,0,0,0,0,0,0,0,1,0,1,0
Macedonia,2023-10-01,0,0,0,0,0,0,0,0,0,0,0,0,0,1,0,0,0,0,0,0
Macedonia,2023-11-01,0,0,0,1,0,0,0,0,0,0,0,0,0,0,0,0,0,0,0,0
Macedonia,2023-12-01,0,0,0,0,0,0,0,0,0,0,0,0,0,0,0,0,0,0,0,0
Macedonia,2024-01-01,0,0,0,0,0,0,0,0,0,0,0,0,0,0,0,0,0,0,0,0
Macedonia,2024-02-01,0,0,0,0,0,0,0,1,0,0,0,0,0,0,0,0,0,0,0,0
Macedonia,2024-03-01,0,0,0,0,0,0,0,0,0,0,0,0,1,0,0,0,0,0,0,0
Macedonia,2024-04-01,0,0,0,0,0,0,0,0,0,0,0,0,0,0,0,0,0,0,0,0
Macedonia,2024-05-01,0,0,0,0,0,0,0,0,0,0,0,0,0,0,0,0,0,0,0,0
Macedonia,2024-06-01,0,0,0,0,0,0,0,0,1,0,0,0,0,0,0,0,0,0,0,0
Macedonia,2024-07-01,1,0,0,0,0,0,0,0,1,0,1,1,0,0,0,0,0,0,0,0
Macedonia,2024-08-01,1,0,0,1,0,1,0,0,0,0,0,1,0,0,0,0,0,0,0,1
Macedonia,2024-09-01,0,0,1,0,0,0,0,0,0,0,0,0,0,0,1,0,0,0,0,0
Macedonia,2024-10-01,0,0,1,0,0,0,0,0,0,1,0,0,0,0,0,0,1,0,1,0
Macedonia,2024-11-01,0,1,1,0,1,0,1,0,0,0,1,0,1,0,1,1,1,0,0,0
Macedonia,2024-12-01,0,0,0,0,0,0,0,0,0,0,0,0,0,0,0,0,0,0,1,0
Macedonia,2025-01-01,0,0,0,0,0,0,0,0,0,0,0,0,0,1,0,0,0,0,0,0
Macedonia,2025-02-01,0,0,0,0,0,0,0,0,0,0,0,0,0,0,0,0,0,0,0,0
Macedonia,2025-03-01,0,0,0,0,0,0,0,0,0,0,0,0,0,0,0,0,0,0,0,0
Macedonia,2025-04-01,0,0,0,0,0,0,0,0,0,0,0,0,0,0,0,0,0,0,0,0
Macedonia,2025-05-01,0,0,0,0,0,0,0,0,0,0,0,0,0,0,0,0,0,0,0,0
Macedonia,2025-06-01,0,0,0,0,0,0,0,0,0,0,0,0,0,0,0,0,0,0,0,0
Macedonia,2025-07-01,0,0,0,0,0,0,0,0,0,0,0,0,0,0,0,0,0,0,0,0
Macedonia,2025-08-01,0,0,0,0,0,0,0,0,0,0,0,0,0,0,0,0,0,0,0,0
Macedonia,2025-09-01,0,0,0,0,0,0,0,0,0,0,0,0,0,0,0,0,0,0,0,0
Macedonia,2025-10-01,0,0,0,0,0,0,0,0,0,0,0,0,0,0,0,0,0,0,0,0
Macedonia,2025-11-01,0,0,0,0,0,0,0,0,0,0,0,0,0,0,0,0,0,0,0,0
Macedonia,2025-12-01,0,0,0,0,0,0,0,0,0,0,0,0,0,0,0,0,0,0,0,0
Macedonia,2026-01-01,0,0,0,0,0,0,0,0,0,0,0,0,0,0,0,0,0,0,0,0
Ecuador,2012-01-01,0,0,0,0,0,0,0,0,0,0,0,0,0,1,0,0,0,0,0,0
Ecuador,2012-02-01,1,0,1,0,0,0,1,1,0,0,0,1,0,0,0,0,0,0,0,0
Ecuador,2012-03-01,1,0,0,0,0,0,0,1,1,1,0,1,0,0,1,1,0,1,1,0
Ecuador,2012-04-01,0,0,0,0,0,0,0,0,0,0,0,0,0,0,0,0,0,0,0,0
Ecuador,2012-05-01,0,0,0,0,0,0,0,0,0,1,0,1,0,0,0,0,0,0,0,1
Ecuador,2012-06-01,0,0,0,0,0,0,0,0,0,0,1,0,0,0,0,0,0,0,0,0
Ecuador,2012-07-01,0,0,0,0,0,0,0,0,0,0,0,0,0,0,0,0,0,0,0,1
Ecuador,2012-08-01,0,0,0,0,0,0,0,0,0,0,0,0,0,0,0,0,0,0,0,0
Ecuador,2012-09-01,1,1,0,1,0,0,0,0,0,0,0,0,0,0,0,1,0,0,0,0
Ecuador,2012-10-01,0,0,0,0,0,0,0,0,0,0,0,0,0,0,0,0,0,0,0,0
Ecuador,2012-11-01,0,0,0,0,0,0,0,0,0,0,0,0,0,0,0,0,0,0,0,0
Ecuador,2012-12-01,0,0,0,0,0,0,0,0,0,0,0,0,0,0,0,0,0,0,0,0
Ecuador,2013-01-01,0,0,0,0,0,0,0,0,0,0,0,0,1,0,0,0,0,0,0,0
Ecuador,2013-02-01,0,0,0,0,0,0,0,0,0,0,0,0,0,0,0,0,0,0,0,0
Ecuador,2013-03-01,0,0,0,0,0,0,0,1,0,0,0,0,0,1,0,0,1,0,0,0
Ecuador,2013-04-01,0,0,0,0,0,0,0,0,0,0,0,0,1,0,0,0,0,1,0,0
Ecuador,2013-05-01,0,0,0,0,0,0,0,0,0,0,0,0,0,0,1,0,0,0,0,0
Ecuador,2013-06-01,0,0,0,0,0,0,0,0,0,0,0,0,0,0,1,0,0,0,0,0
Ecuador,2013-07-01,0,0,0,0,0,0,0,0,0,0,0,0,0,0,0,0,1,0,0,0
Ecuador,2013-08-01,0,0,1,0,0,1,0,0,0,0,0,0,0,0,0,0,0,0,1,0
Ecuador,2013-09-01,0,0,0,1,0,0,0,0,0,0,0,0,0,0,0,1,0,0,0,0
Ecuador,2013-10-01,0,0,0,0,0,0,0,0,0,0,0,0,0,0,0,0,0,0,0,0
Ecuador,2013-11-01,0,0,0,1,0,0,0,0,0,0,0,0,0,0,0,0,0,1,0,1
Ecuador,2013-12-01,0,0,0,0,0,0,0,0,0,0,0,0,0,0,0,0,0,0,0,0
Ecuador,2014-01-01,0,0,0,1,0,0,0,0,0,0,0,0,0,0,0,0,0,0,0,0
Ecuador,2014-02-01,0,0,0,0,0,0,0,0,0,0,0,1,0,0,0,0,0,0,0,0
Ecuador,2014-03-01,0,0,0,0,0,0,0,0,0,0,0,0,0,0,0,0,0,0,0,0
Ecuador,2014-04-01,0,1,0,0,0,0,0,0,0,0,0,0,0,0,0,0,0,0,0,0
Ecuador,2014-05-01,0,0,0,0,0,0,1,0,1,1,0,0,0,0,0,0,0,0,0,0
Ecuador,2014-06-01,0,0,0,0,1,0,0,0,0,0,0,0,0,0,1,0,0,0,0,0
Ecuador,2014-07-01,0,0,0,0,0,0,0,0,0,0,0,1,0,0,0,0,0,0,0,0
Ecuador,2014-08-01,1,0,0,0,0,0,0,0,0,0,0,0,0,0,0,0,0,0,0,0
Ecuador,2014-09-01,0,0,0,0,0,0,0,0,0,0,0,0,0,0,0,0,0,0,0,0
Ecuador,2014-10-01,0,0,0,0,0,0,0,0,0,0,0,0,1,0,0,0,0,0,0,0
Ecuador,2014-11-01,0,0,0,0,0,0,0,0,0,0,0,0,0,0,0,0,0,0,0,0
Ecuador,2014-12-01,0,1,0,0,0,1,0,0,0,0,0,0,0,0,0,0,0,0,0,0
Ecuador,2015-01-01,0,0,0,0,0,0,0,0,0,0,0,0,0,0,0,0,0,0,0,0
Ecuador,2015-02-01,0,0,0,0,0,0,0,0,0,0,0,0,0,1,0,0,0,0,0,1
Ecuador,2015-03-01,0,0,0,0,0,0,0,0,0,0,0,0,0,0,0,0,0,0,0,0
Ecuador,2015-04-01,0,0,0,0,0,0,0,0,0,0,1,0,0,0,0,0,0,0,0,0
Ecuador,2015-05-01,0,0,0,0,0,1,0,0,0,0,0,0,0,0,0,0,1,0,0,0
Ecuador,2015-06-01,0,0,0,0,0,0,0,0,0,0,0,0,0,0,0,0,1,0,0,0
Ecuador,2015-07-01,0,0,0,1,0,0,0,0,0,0,0,0,0,0,0,0,0,0,0,0
Ecuador,2015-08-01,0,0,0,0,0,0,1,0,0,0,0,0,0,0,0,0,0,0,1,0
Ecuador,2015-09-01,0,1,0,1,0,1,1,0,0,0,0,0,0,0,0,0,0,0,0,0
Ecuador,2015-10-01,0,0,1,0,0,0,0,0,0,0,0,0,0,0,1,0,0,0,0,0
Ecuador,2015-11-01,0,0,0,0,0,0,0,0,0,0,0,0,0,0,0,0,0,0,0,0
Ecuador,2015-12-01,0,0,0,1,1,0,0,0,0,0,0,0,0,0,0,0,0,0,0,0
Ecuador,2016-01-01,0,0,0,1,0,0,0,0,0,0,0,1,1,0,0,0,0,0,0,0
Ecuador,2016-02-01,0,0,0,0,0,0,0,0,0,0,0,0,0,0,0,0,1,0,0,0
Ecuador,2016-03-01,0,0,0,0,0,0,0,0,0,0,0,0,0,0,0,0,0,1,0,0
Ecuador,2016-04-01,1,0,0,0,0,0,0,1,1,0,1,0,0,0,0,1,0,0,0,0
Ecuador,2016-05-01,1,0,0,0,0,0,0,1,1,0,0,0,0,0,0,0,0,1,0,0
Ecuador,2016-06-01,0,0,0,0,0,0,0,0,0,0,0,0,0,0,0,0,0,0,0,0
Ecuador,2016-07-01,0,0,0,0,0,0,0,0,0,0,0,0,0,0,0,0,0,0,0,0
Ecuador,2016-08-01,0,0,0,0,0,0,0,0,0,1,0,0,0,0,0,0,0,0,0,0
Ecuador,2016-09-01,0,0,0,0,0,0,0,0,0,0,0,0,0,0,0,0,0,0,0,0
Ecuador,2016-10-01,0,1,0,0,0,0,0,0,0,0,0,0,0,0,0,0,0,0,0,0
Ecuador,2016-11-01,0,0,0,0,0,0,0,0,0,0,0,0,0,0,0,0,0,0,0,0
Ecuador,2016-12-01,0,0,0,0,0,0,0,0,0,0,0,0,1,0,1,0,0,0,1,1
Ecuador,2017-01-01,0,0,0,0,0,0,0,0,0,0,0,0,0,0,0,0,0,0,0,0
Ecuador,2017-02-01,0,0,0,0,0,0,0,0,0,0,0,0,0,0,0,0,0,1,0,0
Ecuador,2017-03-01,0,0,0,0,0,0,0,0,0,0,0,0,0,0,0,0,0,0,0,0
Ecuador,2017-04-01,0,0,0,0,0,0,0,0,0,0,0,1,0,0,0,0,0,0,0,0
Ecuador,2017-05-01,0,0,0,0,0,0,0,0,0,0,0,0,0,0,0,0,0,0,0,0
Ecuador,2017-06-01,0,0,0,0,0,0,0,0,0,0,0,0,0,0,0,0,0,0,0,0
Ecuador,2017-07-01,0,0,1,0,0,0,0,0,0,0,0,0,0,0,0,1,0,1,0,0
Ecuador,2017-08-01,0,0,0,0,0,1,0,0,0,0,0,0,0,1,0,0,0,0,0,0
Ecuador,2017-09-01,0,0,0,0,0,0,0,1,0,0,0,0,0,1,0,0,0,0,0,0
Ecuador,2017-10-01,0,0,0,0,0,0,0,0,0,0,0,0,0,0,0,0,0,0,0,0
Ecuador,2017-11-01,0,0,0,0,0,0,0,0,0,0,0,0,0,0,0,0,0,0,0,0
Ecuador,2017-12-01,0,0,0,0,0,0,0,0,0,0,0,1,0,0,0,0,0,0,0,0
Ecuador,2018-01-01,0,0,0,0,1,0,0,0,0,0,0,0,0,0,0,0,0,0,0,0
Ecuador,2018-02-01,0,0,0,0,0,0,0,0,0,0,0,0,0,0,0,0,0,0,0,0
Ecuador,2018-03-01,0,0,0,0,0,0,0,0,0,0,0,0,0,0,0,0,0,0,1,0
Ecuador,2018-04-01,0,1,0,1,0,0,0,0,0,0,0,0,0,0,0,0,0,0,0,0
Ecuador,2018-05-01,0,0,0,0,0,0,0,0,0,0,0,0,1,0,0,1,0,0,0,1
Ecuador,2018-06-01,0,1,0,0,0,0,0,0,0,0,0,0,1,0,0,0,0,0,0,1
Ecuador,2018-07-01,0,0,0,0,0,0,0,0,0,0,0,0,0,0,0,0,0,1,0,0
Ecuador,2018-08-01,0,1,0,0,0,0,0,0,0,0,0,0,0,0,1,0,1,0,0,0
Ecuador,2018-09-01,0,0,0,0,0,0,0,0,0,0,0,0,0,0,0,0,0,0,0,0
Ecuador,2018-10-01,0,0,0,0,0,0,0,0,0,0,0,0,0,0,0,0,0,0,0,0
Ecuador,2018-11-01,0,0,0,0,0,0,0,0,0,0,0,0,0,0,0,0,0,0,0,0
Ecuador,2018-12-01,0,0,0,0,0,0,0,0,0,0,0,0,0,0,0,0,0,0,0,0
Ecuador,2019-01-01,0,0,0,0,0,1,0,0,0,0,0,0,0,0,0,0,0,0,0,0
Ecuador,2019-02-01,0,0,0,0,0,0,0,0,0,0,0,0,0,0,0,0,0,0,0,0
Ecuador,2019-03-01,1,0,0,0,0,0,0,1,0,0,0,0,0,0,0,0,0,0,0,0
Ecuador,2019-04-01,0,0,0,0,0,0,0,0,0,0,0,0,0,0,0,0,0,0,0,0
Ecuador,2019-05-01,0,0,0,0,0,1,0,0,0,0,0,0,0,0,1,0,0,0,0,0
Ecuador,2019-06-01,0,0,0,0,1,0,0,1,0,0,0,0,0,0,0,0,0,0,0,0
Ecuador,2019-07-01,0,0,0,1,0,0,0,0,0,1,0,0,1,1,0,0,0,0,0,1
Ecuador,2019-08-01,0,0,0,0,0,0,1,0,0,0,0,0,0,0,0,0,0,0,0,0
Ecuador,2019-09-01,0,1,0,0,0,0,0,0,0,1,1,0,0,0,0,1,1,0,1,0
Ecuador,2019-10-01,0,0,0,0,0,0,0,0,0,0,0,0,0,0,0,0,0,0,1,1
Ecuador,2019-11-01,0,0,0,0,0,0,0,0,0,0,0,0,0,0,0,0,0,0,0,0
Ecuador,2019-12-01,0,0,0,0,1,0,0,0,0,0,1,1,0,0,0,0,0,0,0,0
Ecuador,2020-01-01,0,0,0,0,0,0,0,0,1,0,0,1,0,0,0,0,0,0,0,0
Ecuador,2020-02-01,0,0,0,0,0,0,0,0,0,0,0,0,0,0,1,0,0,0,0,0
Ecuador,2020-03-01,0,0,0,0,0,0,0,0,0,0,0,0,0,0,0,0,0,0,0,0
Ecuador,2020-04-01,0,0,0,0,0,0,0,0,0,0,0,0,0,0,0,0,0,0,0,0
Ecuador,2020-05-01,0,0,0,0,0,0,0,0,0,0,0,0,0,0,0,0,0,0,0,0
Ecuador,2020-06-01,0,0,0,0,0,0,0,0,0,0,0,0,0,0,0,0,0,0,0,0
Ecuador,2020-07-01,0,0,0,0,0,0,0,0,0,0,0,0,0,1,0,0,0,0,0,0
Ecuador,2020-08-01,0,1,0,0,0,0,0,0,0,0,0,0,0,1,0,0,0,0,0,0
Ecuador,2020-09-01,0,0,0,0,0,0,0,0,0,1,0,0,0,0,0,0,0,0,0,0
Ecuador,2020-10-01,0,0,0,0,1,0,0,0,0,0,0,0,0,0,0,1,0,0,0,0
Ecuador,2020-11-01,0,0,0,0,0,0,0,0,0,0,0,0,0,0,0,0,0,0,0,0
Ecuador,2020-12-01,0,0,0,0,0,0,0,0,0,0,0,0,0,0,0,0,0,0,0,1
Ecuador,2021-01-01,0,0,0,0,0,0,0,0,0,0,0,0,0,0,0,0,0,0,0,0
Ecuador,2021-02-01,0,0,0,0,0,0,0,1,0,0,0,0,0,0,0,0,0,0,0,0
Ecuador,2021-03-01,1,0,0,0,0,0,0,0,0,0,0,0,0,0,0,0,0,0,0,0
Ecuador,2021-04-01,0,0,0,0,0,0,0,0,0,0,0,0,0,0,0,0,0,0,0,0
Ecuador,2021-05-01,0,0,0,0,0,1,0,0,0,0,0,0,0,0,0,0,0,0,0,0
Ecuador,2021-06-01,0,0,1,0,0,0,0,0,0,0,0,0,0,0,0,0,1,0,0,0
Ecuador,2021-07-01,0,0,0,0,0,0,0,0,0,0,0,0,0,0,0,0,1,1,0,0
Ecuador,2021-08-01,0,0,1,1,0,0,0,0,0,0,0,0,0,0,0,0,0,0,0,0
Ecuador,2021-09-01,0,0,0,0,0,1,0,0,0,0,0,0,0,0,0,1,0,0,0,0
Ecuador,2021-10-01,0,0,0,0,0,0,0,0,0,0,0,0,0,0,0,0,0,0,0,0
Ecuador,2021-11-01,0,1,0,0,0,0,0,0,1,0,0,0,0,0,1,0,0,0,0,0
Ecuador,2021-12-01,0,0,0,0,0,0,0,0,0,0,0,0,0,1,0,0,0,0,0,0
Ecuador,2022-01-01,0,1,0,0,0,0,1,0,0,1,0,0,1,1,0,0,0,0,0,0
Ecuador,2022-02-01,1,0,0,0,0,0,1,1,1,0,0,1,0,1,0,0,0,0,0,0
Ecuador,2022-03-01,0,0,0,0,0,0,1,0,0,0,0,0,0,0,1,0,0,0,0,0
Ecuador,2022-04-01,0,0,0,0,0,0,0,0,0,0,0,0,0,0,0,0,0,0,0,0
Ecuador,2022-05-01,0,0,0,0,0,0,0,0,0,0,0,0,0,0,0,0,0,0,0,1
Ecuador,2022-06-01,0,0,0,0,0,0,0,0,0,0,0,0,0,0,0,0,0,0,1,0
Ecuador,2022-07-01,0,0,0,1,0,0,0,0,0,0,0,0,0,0,0,0,0,0,0,0
Ecuador,2022-08-01,0,0,0,0,0,0,0,0,0,0,0,0,0,0,0,0,0,0,0,0
Ecuador,2022-09-01,0,0,0,0,0,0,0,0,0,0,0,0,0,0,0,0,0,0,0,0
Ecuador,2022-10-01,0,0,0,0,0,0,0,0,0,0,0,0,0,0,0,0,0,1,0,0
Ecuador,2022-11-01,0,0,0,0,0,0,0,0,0,0,0,0,0,0,0,0,0,0,0,0
Ecuador,2022-12-01,0,0,1,0,0,0,0,0,0,0,0,0,0,0,0,0,0,0,0,0
Ecuador,2023-01-01,0,0,0,0,0,0,0,1,0,0,0,0,1,0,0,0,0,0,0,0
Ecuador,2023-02-01,0,0,0,0,0,0,0,0,0,0,0,0,0,0,0,0,0,0,0,0
Ecuador,2023-03-01,1,0,0,0,0,0,0,0,1,0,0,0,1,0,0,0,0,0,0,0
Ecuador,2023-04-01,1,0,0,0,0,0,0,0,0,0,0,0,0,0,0,0,0,0,0,0
Ecuador,2023-05-01,0,0,0,0,0,1,0,0,0,0,0,0,0,0,0,0,0,0,0,0
Ecuador,2023-06-01,0,0,0,0,1,1,0,0,0,0,0,0,0,0,0,0,0,0,0,0
Ecuador,2023-07-01,0,0,0,1,0,0,0,0,0,0,0,0,0,0,0,0,0,0,0,0
Ecuador,2023-08-01,0,1,0,0,0,0,0,0,0,1,1,0,0,0,1,0,0,0,1,0
Ecuador,2023-09-01,0,0,0,0,0,0,0,0,0,1,1,0,0,0,0,0,1,0,0,0
Ecuador,2023-10-01,0,0,0,0,0,0,0,0,0,0,0,0,0,0,0,0,0,0,0,0
Ecuador,2023-11-01,0,0,0,0,0,0,0,0,0,0,0,0,0,0,0,0,0,0,0,0
Ecuador,2023-12-01,0,0,0,0,0,0,0,0,0,0,0,0,0,0,0,0,0,0,0,0
Ecuador,2024-01-01,0,0,0,0,0,0,0,0,0,0,0,0,0,0,1,0,0,0,0,0
Ecuador,2024-02-01,0,0,0,0,0,0,0,1,0,0,0,0,0,0,0,0,0,0,0,0
Ecuador,2024-03-01,0,0,0,0,0,0,0,0,0,0,0,1,0,0,0,0,0,0,0,0
Ecuador,2024-04-01,0,0,0,0,0,0,0,0,0,0,0,0,0,0,0,0,0,0,0,0
Ecuador,2024-05-01,0,0,0,0,0,0,0,0,0,1,0,0,0,0,0,0,0,0,0,0
Ecuador,2024-06-01,0,0,0,0,0,0,0,0,1,0,0,0,0,1,0,0,0,0,0,0
Ecuador,2024-07-01,0,0,0,0,0,0,0,0,0,0,0,0,0,0,0,0,0,0,0,0
Ecuador,2024-08-01,0,0,0,0,0,1,0,0,0,0,0,0,1,0,0,0,1,0,0,0
Ecuador,2024-09-01,1,0,1,0,1,1,1,0,0,0,0,1,0,0,0,0,0,0,0,0
Ecuador,2024-10-01,0,0,0,0,0,0,0,0,0,0,1,0,0,0,0,0,0,0,0,0
Ecuador,2024-11-01,0,1,1,0,0,0,0,0,0,0,0,1,0,0,0,0,0,0,0,0
Ecuador,2024-12-01,0,0,0,0,0,0,0,0,0,0,0,0,0,0,0,0,0,0,0,0
Ecuador,2025-01-01,0,0,0,0,0,0,0,0,0,0,0,0,0,0,0,0,0,0,0,1
Ecuador,2025-02-01,0,0,0,0,0,0,0,0,0,0,0,0,0,0,0,1,0,0,0,0
Ecuador,2025-03-01,0,0,0,0,0,0,1,0,0,0,0,0,1,0,0,0,1,0,0,0
Ecuador,2025-04-01,0,0,0,0,0,0,1,1,0,0,0,0,0,0,0,0,0,0,0,0
Ecuador,2025-05-01,0,1,0,0,1,0,0,0,0,0,0,0,0,1,0,0,1,1,0,0
Ecuador,2025-06-01,0,0,0,1,0,0,0,0,0,0,0,0,0,0,1,0,0,0,0,0
Ecuador,2025-07-01,0,0,0,0,0,0,0,1,1,1,0,1,0,0,1,0,0,0,0,0
Ecuador,2025-08-01,0,0,0,1,0,0,0,0,0,0,0,0,0,0,0,0,0,0,1,0
Ecuador,2025-09-01,0,0,0,0,0,1,0,0,0,0,0,0,0,0,0,0,0,0,1,0
Ecuador,2025-10-01,0,0,0,0,0,0,0,0,0,0,0,0,0,0,0,0,0,0,0,1
Ecuador,2025-11-01,0,0,0,0,0,0,0,0,0,0,0,0,0,0,0,0,0,0,0,0
Ecuador,2025-12-01,0,0,0,0,0,0,0,0,0,0,0,0,0,0,0,0,0,0,0,0
Ecuador,2026-01-01,0,0,0,0,0,0,0,0,0,0,0,0,0,0,0,0,0,0,0,0
El Salvador,2012-01-01,0,0,0,0,0,0,0,0,0,0,0,0,0,0,0,0,0,0,1,0
El Salvador,2012-02-01,0,0,0,0,0,0,0,0,1,0,0,0,0,0,0,0,0,0,0,0
El Salvador,2012-03-01,0,0,0,0,0,0,0,0,0,0,0,0,0,0,0,0,0,0,0,0
El Salvador,2012-04-01,0,0,0,0,0,0,1,0,0,0,0,0,0,0,0,0,0,0,0,0
El Salvador,2012-05-01,0,0,0,0,0,0,0,0,0,0,1,0,0,0,0,0,0,0,0,0
El Salvador,2012-06-01,0,0,0,0,0,0,0,0,0,0,0,0,1,0,0,0,1,0,0,0
El Salvador,2012-07-01,0,0,0,0,0,0,1,0,0,1,0,0,0,1,0,0,0,0,0,0
El Salvador,2012-08-01,1,0,0,0,1,0,0,0,0,0,0,1,0,0,0,0,0,0,0,0
El Salvador,2012-09-01,0,1,0,1,0,0,0,0,1,0,0,0,0,0,0,0,0,0,0,0
El Salvador,2012-10-01,0,0,0,0,0,0,0,0,0,1,0,0,0,0,1,0,1,0,0,0
El Salvador,2012-11-01,0,0,1,0,0,0,0,1,0,0,0,1,0,0,0,1,0,0,0,1
El Salvador,2012-12-01,0,0,0,0,0,0,0,0,0,0,0,0,0,0,0,0,0,0,0,0
El Salvador,2013-01-01,0,0,0,0,0,1,0,0,0,0,0,0,0,0,0,0,0,0,0,0
El Salvador,2013-02-01,0,0,0,0,0,0,0,0,0,0,0,0,0,0,0,0,0,0,0,0
El Salvador,2013-03-01,0,0,0,0,0,0,0,0,0,0,0,0,0,0,0,0,0,1,0,0
El Salvador,2013-04-01,0,0,0,0,0,0,0,0,0,0,0,0,0,0,0,0,0,0,0,0
El Salvador,2013-05-01,0,0,0,0,0,0,0,0,0,0,0,0,0,0,0,0,0,0,0,0
El Salvador,2013-06-01,0,0,1,0,0,0,0,0,0,0,0,0,0,0,0,0,0,0,0,0
El Salvador,2013-07-01,0,0,0,1,0,0,0,0,0,0,0,0,0,0,0,0,0,0,0,0
El Salvador,2013-08-01,0,0,0,0,0,0,0,0,0,0,0,0,0,0,0,0,0,0,0,0
El Salvador,2013-09-01,0,0,0,0,0,0,0,0,0,0,0,0,0,0,0,0,0,0,0,0
El Salvador,2013-10-01,0,0,0,0,0,0,0,0,0,0,0,0,0,0,0,0,1,0,1,0
El Salvador,2013-11-01,0,0,0,0,0,0,0,0,0,0,0,0,0,0,0,0,0,0,0,0
El Salvador,2013-12-01,0,0,0,0,0,0,0,0,0,0,0,0,0,1,0,0,0,0,0,0
El Salvador,2014-01-01,0,0,0,0,0,0,1,0,0,0,0,0,0,0,0,0,0,0,0,0
El Salvador,2014-02-01,0,0,0,1,0,1,0,0,0,0,0,0,0,0,0,0,0,0,0,1
El Salvador,2014-03-01,0,0,0,0,0,1,0,0,0,0,1,0,0,0,0,0,0,0,0,0
El Salvador,2014-04-01,0,0,0,0,0,0,0,0,0,0,0,0,0,0,1,0,0,0,0,0
El Salvador,2014-05-01,0,0,0,0,0,0,0,0,0,0,0,0,0,1,0,0,0,0,0,0
El Salvador,2014-06-01,0,0,0,0,0,0,0,0,0,0,0,0,0,0,0,1,1,0,1,0
El Salvador,2014-07-01,0,0,0,0,0,0,0,0,0,0,0,1,0,0,0,0,0,0,0,0
El Salvador,2014-08-01,0,1,0,0,0,0,0,0,0,0,0,0,0,0,0,0,0,0,0,0
El Salvador,2014-09-01,0,0,0,0,0,0,0,0,0,1,0,0,0,0,0,0,0,0,0,0
El Salvador,2014-10-01,0,1,0,0,0,0,0,0,0,0,0,0,0,0,0,0,0,1,0,0
El Salvador,2014-11-01,0,0,0,0,0,0,0,0,0,0,0,0,0,0,0,0,0,0,0,0
El Salvador,2014-12-01,0,0,0,0,0,0,0,0,0,0,0,0,0,0,0,0,0,0,0,0
El Salvador,2015-01-01,0,0,0,0,0,0,0,0,0,0,0,0,0,0,0,0,0,0,0,0
El Salvador,2015-02-01,0,0,0,0,0,0,1,0,1,0,0,0,1,0,0,0,0,0,0,0
El Salvador,2015-03-01,0,0,0,0,0,0,1,0,0,0,0,0,1,0,0,0,0,0,0,0
El Salvador,2015-04-01,0,0,0,0,0,0,0,0,0,0,0,0,0,0,0,1,0,0,0,1
El Salvador,2015-05-01,0,0,0,1,0,0,0,0,0,0,0,0,0,0,1,0,0,0,0,1
El Salvador,2015-06-01,0,0,1,0,1,0,0,0,0,0,1,0,0,0,0,0,0,0,1,0
El Salvador,2015-07-01,0,0,0,0,0,0,0,0,1,0,0,1,0,0,0,0,1,1,0,0
El Salvador,2015-08-01,0,0,0,0,0,0,0,1,0,0,0,1,0,0,0,0,0,0,0,0
El Salvador,2015-09-01,0,0,0,0,1,0,0,1,0,0,1,0,0,0,1,0,0,0,0,0
El Salvador,2015-10-01,1,0,0,1,0,0,0,0,0,0,0,0,0,0,0,0,0,0,0,0
El Salvador,2015-11-01,0,0,0,0,0,0,0,0,0,0,0,0,0,0,0,0,0,0,0,0
El Salvador,2015-12-01,0,1,0,0,0,0,0,0,0,0,0,0,0,0,0,0,0,0,0,0
El Salvador,2016-01-01,0,0,0,0,0,0,0,0,0,0,0,0,0,0,0,0,0,0,0,0
El Salvador,2016-02-01,0,0,0,1,0,0,0,0,0,1,0,0,0,1,0,0,0,0,0,0
El Salvador,2016-03-01,0,0,0,0,0,0,0,0,0,0,0,0,0,0,0,0,0,1,0,0
El Salvador,2016-04-01,0,0,1,0,0,0,0,0,0,0,0,0,0,0,0,0,0,0,0,0
El Salvador,2016-05-01,0,0,0,0,1,0,1,0,0,0,1,0,0,0,0,0,0,0,0,0
El Salvador,2016-06-01,1,0,0,1,0,0,0,0,0,0,0,0,0,0,0,1,0,0,0,0
El Salvador,2016-07-01,0,0,0,0,0,0,0,0,0,0,0,0,0,0,0,0,0,0,0,0
El Salvador,2016-08-01,0,0,0,0,0,0,0,0,0,0,0,0,0,0,0,0,0,0,0,0
El Salvador,2016-09-01,0,0,0,0,0,0,0,0,0,0,0,0,0,0,0,0,0,0,0,0
El Salvador,2016-10-01,0,1,0,1,0,0,0,0,0,1,0,0,0,0,0,0,0,0,0,0
El Salvador,2016-11-01,0,1,0,0,0,0,0,0,0,0,0,0,0,0,0,0,0,0,0,0
El Salvador,2016-12-01,0,0,0,0,0,0,0,0,0,0,0,1,1,0,0,0,0,0,0,0
El Salvador,2017-01-01,0,0,0,0,0,0,0,0,0,0,0,0,0,0,0,0,0,0,0,1
El Salvador,2017-02-01,0,0,0,0,0,0,0,0,0,0,0,0,0,0,1,0,0,0,0,1
El Salvador,2017-03-01,0,0,0,0,0,0,0,0,0,0,0,0,0,0,1,0,0,0,1,0
El Salvador,2017-04-01,0,0,0,0,0,0,0,0,1,0,0,0,0,0,0,0,0,0,0,0
El Salvador,2017-05-01,0,0,0,0,0,0,0,0,0,0,0,0,0,1,0,0,0,1,0,0
El Salvador,2017-06-01,0,0,0,0,0,0,0,1,0,0,0,0,0,0,0,0,0,1,0,0
El Salvador,2017-07-01,0,0,0,0,0,0,0,0,0,0,0,0,0,0,0,0,1,0,0,0
El Salvador,2017-08-01,0,0,0,0,0,0,0,0,0,0,0,0,0,0,0,0,0,0,0,0
El Salvador,2017-09-01,0,0,0,0,0,0,0,0,0,0,0,0,0,0,0,0,0,1,0,0
El Salvador,2017-10-01,0,0,0,0,0,0,0,0,0,0,0,0,0,0,0,0,0,0,0,1
El Salvador,2017-11-01,0,0,0,0,1,0,0,0,0,0,0,0,0,0,0,0,0,0,0,0
El Salvador,2017-12-01,0,0,0,0,0,0,0,0,0,0,0,0,0,0,0,0,0,0,0,0
El Salvador,2018-01-01,0,0,0,0,0,1,0,0,0,0,0,0,1,0,0,0,0,0,0,0
El Salvador,2018-02-01,0,0,0,0,0,0,0,0,0,0,0,0,0,0,0,0,0,0,0,0
El Salvador,2018-03-01,0,0,0,0,0,0,0,0,0,0,0,0,0,1,0,0,0,0,0,0
El Salvador,2018-04-01,0,0,0,0,0,0,0,0,0,0,0,0,0,0,0,0,0,0,0,0
El Salvador,2018-05-01,1,0,0,0,0,0,1,0,0,0,0,0,0,0,0,0,0,0,0,0
El Salvador,2018-06-01,0,0,0,1,1,0,0,0,0,0,0,0,0,0,0,0,1,0,1,0
El Salvador,2018-07-01,0,0,0,0,0,0,0,0,1,0,0,1,1,0,0,0,1,0,1,0
El Salvador,2018-08-01,0,1,1,0,0,0,0,0,0,1,0,1,0,0,0,0,0,1,0,0
El Salvador,2018-09-01,0,0,0,0,0,0,0,1,0,0,0,0,0,0,0,0,0,0,0,1
El Salvador,2018-10-01,1,0,0,0,0,0,0,1,1,0,0,0,0,0,0,0,0,0,0,0
El Salvador,2018-11-01,0,0,0,0,0,0,0,0,0,0,0,0,0,0,0,0,0,1,0,0
El Salvador,2018-12-01,0,0,0,0,0,0,0,0,0,0,0,0,0,0,0,0,0,0,0,0
El Salvador,2019-01-01,0,0,0,0,0,0,1,0,0,0,0,0,0,0,0,0,0,0,0,0
El Salvador,2019-02-01,0,0,0,1,0,0,0,0,0,0,0,0,0,1,0,0,0,0,0,0
El Salvador,2019-03-01,0,0,0,0,0,0,0,0,0,0,0,0,0,0,0,1,0,0,0,0
El Salvador,2019-04-01,0,0,0,0,0,0,0,0,0,1,1,0,1,0,0,0,0,0,0,0
El Salvador,2019-05-01,1,0,0,0,0,0,0,0,0,0,0,0,0,0,1,0,0,0,0,0
El Salvador,2019-06-01,0,0,0,0,1,0,0,0,0,0,0,0,0,0,0,0,0,0,0,0
El Salvador,2019-07-01,0,0,0,0,0,1,0,0,0,0,0,0,0,0,0,0,1,0,0,0
El Salvador,2019-08-01,0,0,0,0,0,0,0,0,0,0,0,0,0,0,0,0,0,0,0,0
El Salvador,2019-09-01,0,1,0,0,0,0,0,0,0,0,0,0,0,0,0,1,1,0,0,0
El Salvador,2019-10-01,0,0,0,0,0,0,0,0,0,0,0,0,0,0,0,0,0,0,0,0
El Salvador,2019-11-01,0,1,0,0,0,0,0,0,0,0,0,0,0,0,0,0,0,0,0,0
El Salvador,2019-12-01,0,0,0,0,0,1,0,0,0,0,0,0,0,0,1,0,0,0,0,0
El Salvador,2020-01-01,0,0,0,0,0,0,1,0,0,1,0,0,0,0,0,0,0,0,0,1
El Salvador,2020-02-01,0,0,0,0,0,0,0,0,0,0,0,0,0,0,0,0,0,0,1,0
El Salvador,2020-03-01,0,0,0,0,0,0,0,0,0,0,0,0,0,0,0,0,0,0,0,0
El Salvador,2020-04-01,0,0,0,0,0,0,0,0,0,0,0,0,0,0,0,0,0,0,0,0
El Salvador,2020-05-01,0,0,0,0,0,0,0,0,0,0,0,0,0,0,0,0,0,0,0,0
El Salvador,2020-06-01,1,0,0,0,0,0,0,0,1,0,0,0,1,0,0,0,0,0,0,0
El Salvador,2020-07-01,0,0,0,1,0,0,0,0,0,0,0,0,0,0,0,0,0,0,0,0
El Salvador,2020-08-01,0,0,0,0,0,0,0,0,0,0,0,0,0,0,0,0,0,0,0,0
El Salvador,2020-09-01,0,0,0,0,0,0,0,0,0,0,0,0,0,0,0,0,0,0,0,0
El Salvador,2020-10-01,0,0,0,0,0,0,0,0,0,0,0,0,1,0,0,0,0,0,0,0
El Salvador,2020-11-01,1,0,0,0,0,0,0,1,0,0,0,0,0,0,0,0,0,0,0,0
El Salvador,2020-12-01,0,0,0,0,0,0,0,0,0,0,0,0,0,0,0,0,0,0,0,0
El Salvador,2021-01-01,0,0,0,0,0,0,0,0,0,0,0,0,0,0,0,0,0,0,0,0
El Salvador,2021-02-01,0,0,0,0,0,0,0,0,0,0,0,0,0,0,0,0,0,0,0,0
El Salvador,2021-03-01,0,0,0,0,0,0,0,0,0,0,0,0,0,0,0,0,0,0,0,0
El Salvador,2021-04-01,0,0,0,0,0,0,0,0,0,0,0,0,0,0,0,0,0,0,0,0
El Salvador,2021-05-01,0,0,0,0,0,0,0,0,0,0,0,0,0,0,1,0,0,0,0,0
El Salvador,2021-06-01,0,0,1,0,0,0,0,0,0,1,0,0,0,0,1,1,0,0,0,0
El Salvador,2021-07-01,0,0,0,0,0,0,0,0,0,0,0,0,0,0,0,1,0,1,0,0
El Salvador,2021-08-01,0,0,0,0,0,0,0,0,0,0,0,0,0,0,0,0,0,0,0,0
El Salvador,2021-09-01,0,0,0,0,0,0,0,0,0,0,0,0,0,0,0,0,0,0,0,0
El Salvador,2021-10-01,0,0,0,0,0,0,0,0,1,0,1,0,0,1,0,0,0,0,1,0
El Salvador,2021-11-01,0,0,0,0,0,1,0,0,0,0,0,0,0,0,0,0,0,0,1,0
El Salvador,2021-12-01,0,0,0,0,0,0,0,0,0,0,0,0,0,0,1,0,0,0,0,1
El Salvador,2022-01-01,0,0,0,0,0,0,0,0,0,0,0,0,1,0,0,0,0,0,0,0
El Salvador,2022-02-01,0,0,0,0,0,0,0,0,0,0,0,0,0,0,0,0,0,0,0,0
El Salvador,2022-03-01,0,0,0,0,0,0,0,0,0,0,0,0,0,0,0,0,0,0,0,0
El Salvador,2022-04-01,0,0,0,0,0,0,0,0,0,0,0,0,0,0,0,0,0,0,0,1
El Salvador,2022-05-01,0,0,0,0,0,0,0,0,0,0,0,0,0,0,0,0,0,0,0,0
El Salvador,2022-06-01,0,0,0,0,0,0,0,0,0,0,0,0,0,0,0,0,0,1,0,0
El Salvador,2022-07-01,1,1,0,0,0,0,0,1,0,0,0,0,1,0,0,0,0,0,0,0
El Salvador,2022-08-01,0,0,0,1,0,0,0,0,0,0,0,0,0,0,0,0,0,0,0,1
El Salvador,2022-09-01,0,0,0,0,0,0,0,0,0,1,0,0,0,0,0,0,0,0,1,0
El Salvador,2022-10-01,1,0,0,0,0,0,0,1,1,0,0,0,0,1,0,1,0,0,0,0
El Salvador,2022-11-01,0,0,0,0,0,0,0,0,0,0,0,0,0,0,0,0,0,1,0,0
El Salvador,2022-12-01,0,0,0,0,0,0,0,0,0,0,0,0,0,0,0,0,0,0,0,0
El Salvador,2023-01-01,0,0,0,0,0,1,0,0,0,0,0,0,0,0,0,0,0,0,0,0
El Salvador,2023-02-01,0,0,0,0,1,0,0,0,1,1,0,0,0,0,0,0,0,0,0,0
El Salvador,2023-03-01,0,0,1,0,0,0,0,0,0,0,0,0,0,0,0,0,0,0,0,0
El Salvador,2023-04-01,0,1,0,0,0,0,0,0,0,0,0,0,0,0,0,0,0,0,0,0
El Salvador,2023-05-01,0,0,0,0,0,0,0,0,0,0,0,1,0,0,0,0,0,0,0,0
El Salvador,2023-06-01,0,0,0,0,0,0,0,0,0,0,0,0,0,0,0,0,0,0,0,0
El Salvador,2023-07-01,0,0,0,0,0,0,0,0,0,0,0,0,0,0,0,0,0,0,0,0
El Salvador,2023-08-01,0,0,0,0,0,0,0,0,0,0,0,0,0,0,0,0,0,0,0,1
El Salvador,2023-09-01,0,0,0,0,1,0,0,0,0,0,1,0,0,0,0,0,0,0,0,0
El Salvador,2023-10-01,0,0,0,1,0,0,0,0,0,0,0,0,0,0,0,0,1,0,0,0
El Salvador,2023-11-01,0,0,0,0,0,0,0,0,0,0,0,0,0,0,0,0,0,0,0,1
El Salvador,2023-12-01,0,0,0,0,0,0,0,0,0,0,0,0,0,0,0,0,0,0,0,0
El Salvador,2024-01-01,0,0,0,0,0,0,0,0,0,0,0,0,0,0,0,0,0,0,0,0
El Salvador,2024-02-01,0,0,0,0,0,0,0,0,0,0,0,0,0,0,0,0,0,0,0,0
El Salvador,2024-03-01,0,0,0,0,0,0,0,0,0,0,0,1,0,0,0,0,0,0,0,0
El Salvador,2024-04-01,0,0,0,0,0,0,0,0,0,1,0,0,0,0,0,0,0,0,0,0
El Salvador,2024-05-01,0,0,0,0,0,0,0,0,0,0,0,0,0,0,0,0,0,0,0,0
El Salvador,2024-06-01,1,1,0,0,0,0,0,1,1,0,0,0,0,0,0,0,1,0,0,0
El Salvador,2024-07-01,0,0,0,0,0,1,0,0,0,0,0,0,0,1,0,0,0,0,0,0
El Salvador,2024-08-01,0,0,0,0,0,0,0,0,0,0,0,0,0,0,0,0,0,0,0,0
El Salvador,2024-09-01,0,0,0,0,0,0,0,0,0,0,0,0,1,0,0,0,0,1,0,0
El Salvador,2024-10-01,0,0,0,0,0,0,0,0,0,0,0,0,0,0,1,0,0,0,0,0
El Salvador,2024-11-01,0,0,0,1,0,0,0,0,1,0,0,0,0,0,0,0,0,0,1,0
El Salvador,2024-12-01,0,0,1,0,0,0,1,0,1,1,1,0,0,0,1,1,0,1,1,0
El Salvador,2025-01-01,0,0,0,0,0,0,0,0,0,0,1,0,0,1,1,0,0,0,0,0
El Salvador,2025-02-01,0,1,0,0,0,0,1,0,0,0,0,0,0,0,0,0,0,1,1,0
El Salvador,2025-03-01,0,0,0,0,0,1,0,0,0,0,0,1,0,0,0,0,0,0,0,0
El Salvador,2025-04-01,0,0,0,0,0,0,0,0,0,0,0,0,0,0,0,0,0,0,0,0
El Salvador,2025-05-01,0,0,0,0,0,1,0,0,0,0,1,0,0,0,0,0,0,0,0,0
El Salvador,2025-06-01,1,0,0,0,0,0,0,0,0,0,0,0,0,0,1,0,0,0,0,0
El Salvador,2025-07-01,0,0,0,1,0,0,0,0,0,1,0,0,0,0,0,0,0,0,0,0
El Salvador,2025-08-01,0,0,0,0,1,0,0,0,0,0,0,0,0,0,0,0,0,0,0,0
El Salvador,2025-09-01,0,0,0,0,0,0,0,0,1,0,0,0,0,0,0,0,0,0,0,0
El Salvador,2025-10-01,0,0,0,0,0,0,0,0,0,0,0,0,0,0,0,0,0,0,0,0
El Salvador,2025-11-01,0,0,0,0,0,0,0,0,0,0,0,0,0,0,0,0,0,0,0,0
El Salvador,2025-12-01,0,0,0,0,0,0,0,0,0,0,0,0,0,0,0,0,0,0,0,0
El Salvador,2026-01-01,0,0,0,0,0,0,0,0,0,0,0,0,0,0,0,0,0,0,0,0
Zambia,2012-01-01,0,0,0,0,0,0,1,0,0,1,0,0,0,0,0,0,0,0,0,0
Zambia,2012-02-01,0,0,0,0,0,0,0,0,1,0,0,0,0,0,0,0,0,0,0,0
Zambia,2012-03-01,0,0,0,0,0,0,0,0,0,0,0,0,0,1,0,0,0,0,0,0
Zambia,2012-04-01,0,0,0,0,0,0,0,0,0,0,1,0,0,0,0,0,0,0,0,0
Zambia,2012-05-01,0,0,0,0,0,0,0,0,0,0,0,0,0,0,1,0,0,0,0,1
Zambia,2012-06-01,0,0,0,0,0,0,0,0,0,0,0,0,0,1,0,0,0,0,0,0
Zambia,2012-07-01,0,0,0,0,0,0,0,0,0,0,0,0,0,0,0,0,0,0,0,0
Zambia,2012-08-01,0,0,0,1,0,0,0,0,0,0,0,0,0,0,1,0,0,1,0,1
Zambia,2012-09-01,0,0,0,0,0,0,1,0,0,0,0,0,0,0,0,1,0,0,0,0
Zambia,2012-10-01,0,0,0,0,0,0,0,1,0,0,1,0,0,0,0,0,0,1,0,0
Zambia,2012-11-01,0,0,0,0,0,0,0,0,0,0,0,0,0,0,1,0,0,0,1,0
Zambia,2012-12-01,0,0,0,0,0,0,0,0,0,0,0,0,0,0,0,0,0,0,1,0
Zambia,2013-01-01,1,0,0,0,0,0,0,0,0,0,0,0,1,0,0,0,0,0,0,0
Zambia,2013-02-01,1,0,1,0,0,0,0,1,0,0,0,0,0,0,0,1,0,0,0,0
Zambia,2013-03-01,1,0,1,0,1,0,0,0,0,0,0,0,0,0,0,0,0,0,0,0
Zambia,2013-04-01,0,0,0,1,0,0,0,0,0,0,0,1,0,0,0,0,0,0,0,0
Zambia,2013-05-01,0,1,1,0,0,0,0,0,0,0,0,0,0,0,0,0,0,0,0,0
Zambia,2013-06-01,0,1,0,0,0,0,0,0,0,0,0,0,0,0,0,0,0,0,0,0
Zambia,2013-07-01,0,0,0,0,0,0,0,1,0,0,0,0,0,0,0,0,0,0,0,0
Zambia,2013-08-01,0,1,0,0,0,1,0,0,0,0,0,0,0,0,0,0,0,0,1,0
Zambia,2013-09-01,0,0,0,0,0,1,0,0,0,0,0,0,0,0,0,0,0,0,0,0
Zambia,2013-10-01,0,0,0,0,0,0,0,0,0,0,0,0,0,0,0,0,0,0,0,0
Zambia,2013-11-01,0,0,0,0,0,0,1,0,1,0,0,1,0,0,0,1,0,0,0,1
Zambia,2013-12-01,0,1,0,0,0,0,1,0,1,0,1,0,0,1,1,0,0,0,0,0
Zambia,2014-01-01,0,0,0,0,0,0,0,0,0,0,0,0,0,0,0,0,0,0,0,0
Zambia,2014-02-01,0,0,0,0,1,0,0,0,0,1,0,0,0,1,0,0,0,0,0,0
Zambia,2014-03-01,0,0,0,0,0,0,1,0,0,0,0,0,0,0,0,0,1,0,0,0
Zambia,2014-04-01,0,0,0,1,0,0,0,0,0,0,0,0,0,0,0,0,0,0,0,0
Zambia,2014-05-01,0,0,0,0,0,0,0,0,0,0,0,0,0,0,0,0,0,0,0,0
Zambia,2014-06-01,0,0,0,1,0,0,0,0,0,1,0,0,1,0,0,0,0,0,0,0
Zambia,2014-07-01,0,0,0,0,0,0,0,0,0,0,0,0,0,0,0,0,0,0,0,0
Zambia,2014-08-01,0,0,0,0,1,0,0,0,0,0,0,0,0,0,0,0,0,1,0,0
Zambia,2014-09-01,0,0,0,0,0,0,0,0,0,0,0,0,0,0,0,0,1,0,0,0
Zambia,2014-10-01,0,0,0,0,0,0,0,0,0,0,0,0,0,0,0,0,0,0,1,0
Zambia,2014-11-01,1,0,0,0,0,0,0,0,0,0,0,0,0,0,0,0,0,0,0,1
Zambia,2014-12-01,0,0,0,0,0,1,0,0,0,0,0,0,0,0,0,0,0,0,0,0
Zambia,2015-01-01,1,0,0,0,0,0,0,0,0,0,0,0,0,0,0,0,0,0,0,0
Zambia,2015-02-01,0,0,0,0,0,0,0,0,0,0,0,0,0,0,0,0,0,0,1,0
Zambia,2015-03-01,0,0,0,0,0,0,0,0,0,0,0,0,0,0,0,0,0,0,0,0
Zambia,2015-04-01,0,0,0,0,0,0,0,1,0,0,0,0,0,0,0,0,0,0,0,0
Zambia,2015-05-01,0,0,0,0,0,0,0,0,1,0,0,0,0,0,1,0,0,0,0,0
Zambia,2015-06-01,0,0,0,0,0,0,0,0,0,0,0,0,0,0,0,0,0,0,0,0
Zambia,2015-07-01,0,0,0,0,0,0,0,0,0,0,0,0,0,0,0,0,0,0,0,0
Zambia,2015-08-01,0,0,0,0,0,0,1,0,0,1,0,0,0,0,0,0,1,1,0,0
Zambia,2015-09-01,0,1,0,0,1,0,0,0,0,0,0,0,0,0,0,0,0,0,0,0
Zambia,2015-10-01,0,0,0,0,0,0,0,0,0,0,0,0,0,0,0,0,0,0,0,0
Zambia,2015-11-01,0,0,1,0,0,0,0,0,0,0,0,0,0,0,0,0,0,0,0,0
Zambia,2015-12-01,0,0,0,0,0,0,0,0,0,0,0,0,1,0,0,0,0,0,0,0
Zambia,2016-01-01,0,0,0,0,1,1,0,0,0,0,0,0,1,0,0,0,0,0,1,1
Zambia,2016-02-01,0,0,0,1,0,1,0,0,0,0,0,1,0,0,1,0,0,0,0,0
Zambia,2016-03-01,0,0,0,0,0,0,0,0,0,0,0,1,0,0,0,0,0,0,0,0
Zambia,2016-04-01,0,0,0,0,0,0,0,0,0,0,1,0,0,0,0,0,0,0,0,0
Zambia,2016-05-01,0,0,0,0,0,0,0,0,0,0,1,0,0,0,0,0,0,0,0,0
Zambia,2016-06-01,0,0,0,0,0,0,0,0,0,0,0,0,0,0,0,0,0,0,1,0
Zambia,2016-07-01,0,0,0,0,0,0,0,0,0,0,0,0,0,0,0,0,0,0,0,0
Zambia,2016-08-01,0,0,0,0,0,0,0,0,0,0,0,0,0,0,0,0,0,0,0,0
Zambia,2016-09-01,0,0,0,0,0,0,0,0,0,1,0,0,0,0,0,0,1,0,0,0
Zambia,2016-10-01,0,1,0,1,0,0,0,0,0,0,0,0,0,0,0,0,0,0,0,1
Zambia,2016-11-01,0,0,0,0,0,0,0,0,0,0,0,0,0,1,0,1,0,0,0,0
Zambia,2016-12-01,0,0,0,0,0,0,0,0,0,0,0,0,0,0,0,1,0,0,0,0
Zambia,2017-01-01,1,0,0,0,0,0,0,0,1,0,0,0,0,0,0,0,0,0,0,0
Zambia,2017-02-01,1,0,0,0,1,0,0,0,0,0,0,0,0,0,0,0,0,1,0,1
Zambia,2017-03-01,0,1,0,0,0,0,0,1,0,0,0,0,0,0,0,1,0,0,0,0
Zambia,2017-04-01,0,0,0,0,0,0,0,0,0,0,0,0,0,0,0,0,0,0,0,0
Zambia,2017-05-01,0,0,0,0,0,0,0,0,0,0,0,0,0,0,0,0,0,0,0,0
Zambia,2017-06-01,0,0,0,0,0,1,0,0,0,0,0,0,0,0,0,0,0,0,0,0
Zambia,2017-07-01,0,0,0,0,0,1,0,0,0,0,0,0,0,0,0,0,0,0,0,0
Zambia,2017-08-01,0,0,0,0,0,0,0,0,0,0,0,0,0,0,0,0,0,0,0,0
Zambia,2017-09-01,0,0,0,0,0,0,0,1,0,0,0,0,0,0,0,1,0,0,0,0
Zambia,2017-10-01,0,0,0,0,0,0,0,0,0,0,0,0,0,1,0,0,0,0,0,0
Zambia,2017-11-01,0,1,0,0,0,0,0,0,1,1,0,0,0,0,0,0,0,0,0,0
Zambia,2017-12-01,0,0,0,0,0,0,0,0,0,0,0,0,0,0,0,0,0,0,0,0
Zambia,2018-01-01,0,0,0,0,0,0,0,0,0,0,0,0,0,0,0,0,1,0,0,0
Zambia,2018-02-01,1,0,0,1,0,0,0,0,0,0,0,0,0,0,0,0,0,0,0,0
Zambia,2018-03-01,0,0,0,1,0,0,0,0,0,0,0,0,1,0,0,0,0,0,1,1
Zambia,2018-04-01,0,0,1,0,0,0,0,0,0,0,0,0,0,0,0,0,0,0,0,0
Zambia,2018-05-01,0,0,0,0,0,0,0,0,0,0,0,0,0,0,0,0,0,0,0,0
Zambia,2018-06-01,0,0,0,0,0,0,0,0,0,0,1,0,0,0,0,1,0,0,0,0
Zambia,2018-07-01,0,0,1,0,0,0,0,1,0,0,0,0,0,0,0,0,0,0,0,0
Zambia,2018-08-01,0,0,0,0,0,0,0,0,0,0,0,0,0,0,0,0,0,0,0,0
Zambia,2018-09-01,0,0,0,0,0,0,0,0,0,0,0,0,0,1,0,0,0,0,0,0
Zambia,2018-10-01,0,0,0,0,0,0,0,0,0,0,0,0,0,0,0,0,0,0,0,0
Zambia,2018-11-01,0,0,0,0,0,0,0,0,0,0,0,0,0,0,0,0,0,0,0,0
Zambia,2018-12-01,0,0,0,0,0,0,0,0,1,0,0,0,0,0,0,0,0,0,0,0
Zambia,2019-01-01,0,0,0,0,0,0,1,0,0,1,0,0,0,0,0,0,1,0,0,0
Zambia,2019-02-01,0,0,0,0,0,1,0,0,1,0,0,0,0,0,0,0,0,0,0,0
Zambia,2019-03-01,1,0,0,0,0,0,0,0,0,0,0,0,0,0,0,0,0,0,0,0
Zambia,2019-04-01,0,0,0,0,0,0,0,0,0,1,0,0,0,0,0,0,0,0,0,0
Zambia,2019-05-01,0,1,0,0,0,0,0,0,0,0,0,0,0,0,1,0,0,0,0,0
Zambia,2019-06-01,0,0,0,0,0,0,0,0,0,0,0,0,0,0,0,0,0,0,0,0
Zambia,2019-07-01,0,0,0,0,0,0,0,0,0,0,0,0,0,0,0,0,0,0,0,0
Zambia,2019-08-01,0,0,0,1,0,0,1,0,0,0,0,0,1,1,0,0,0,0,0,0
Zambia,2019-09-01,0,1,0,0,0,0,0,0,1,0,1,0,0,0,0,0,0,0,0,0
Zambia,2019-10-01,0,0,1,0,0,0,0,1,0,0,1,1,0,0,0,0,0,0,0,0
Zambia,2019-11-01,0,0,0,0,0,0,0,0,0,0,0,0,0,0,0,0,0,0,1,0
Zambia,2019-12-01,0,0,0,0,0,0,0,0,0,0,0,1,0,0,0,1,0,0,0,0
Zambia,2020-01-01,0,0,0,0,0,0,0,0,0,0,0,0,0,0,0,0,1,1,0,1
Zambia,2020-02-01,0,0,0,0,0,1,0,1,0,1,0,0,0,0,0,0,0,0,0,0
Zambia,2020-03-01,0,0,0,0,0,0,0,0,0,0,0,0,0,0,0,0,0,0,0,0
Zambia,2020-04-01,1,0,0,0,0,0,0,0,0,0,0,0,0,0,0,0,0,0,0,0
Zambia,2020-05-01,0,0,0,0,0,0,0,0,0,0,0,0,0,0,1,0,0,0,0,0
Zambia,2020-06-01,0,0,0,0,0,0,0,0,0,0,0,0,0,0,0,0,0,0,0,0
Zambia,2020-07-01,0,0,0,0,0,0,0,0,0,0,0,0,0,0,0,0,0,0,0,0
Zambia,2020-08-01,0,0,0,1,0,0,0,0,0,0,0,0,0,0,0,0,0,0,0,0
Zambia,2020-09-01,0,0,0,0,0,0,0,0,0,0,0,0,0,0,0,0,1,0,0,0
Zambia,2020-10-01,0,0,0,0,0,0,0,0,0,0,0,0,0,0,0,0,0,0,0,0
Zambia,2020-11-01,0,0,0,0,0,0,0,0,0,0,0,0,0,0,0,0,0,0,0,0
Zambia,2020-12-01,0,0,0,0,0,0,0,1,0,0,0,0,0,0,0,0,0,0,0,0
Zambia,2021-01-01,0,0,0,0,0,0,0,0,0,0,0,0,0,0,0,0,0,0,0,0
Zambia,2021-02-01,0,0,0,0,0,0,1,0,1,0,0,1,0,0,0,1,0,0,0,0
Zambia,2021-03-01,0,1,1,0,0,0,0,1,0,0,0,0,0,0,0,0,0,0,0,0
Zambia,2021-04-01,0,0,0,0,0,0,0,0,0,0,0,0,0,0,0,0,0,1,0,0
Zambia,2021-05-01,0,0,0,0,0,0,0,0,0,0,0,0,0,0,0,0,0,0,0,0
Zambia,2021-06-01,0,0,0,0,0,0,0,0,0,0,0,0,0,0,0,0,0,0,0,0
Zambia,2021-07-01,0,0,0,0,0,0,0,0,0,0,0,0,0,0,0,0,0,0,0,0
Zambia,2021-08-01,0,0,0,0,0,0,0,0,0,0,0,0,0,0,0,0,0,0,0,0
Zambia,2021-09-01,0,0,0,0,0,0,0,0,0,0,0,0,0,0,0,0,0,0,0,0
Zambia,2021-10-01,0,0,0,0,0,0,0,0,0,0,0,0,0,0,0,1,0,1,0,0
Zambia,2021-11-01,0,1,1,0,1,0,0,0,0,0,0,0,0,0,0,0,0,0,0,0
Zambia,2021-12-01,0,0,0,0,0,0,0,0,0,0,0,0,0,0,0,0,0,0,0,0
Zambia,2022-01-01,1,0,0,0,0,1,0,1,0,0,0,0,0,0,0,0,0,0,0,0
Zambia,2022-02-01,0,0,0,0,0,1,1,0,0,1,0,0,1,1,0,0,0,0,1,0
Zambia,2022-03-01,0,0,0,0,0,0,0,0,0,0,0,0,0,0,1,0,0,0,0,0
Zambia,2022-04-01,0,0,0,0,0,0,0,0,0,0,0,0,0,0,0,0,0,0,0,0
Zambia,2022-05-01,0,0,0,0,0,0,0,0,0,0,0,0,0,0,0,0,0,0,0,1
Zambia,2022-06-01,0,0,0,0,0,0,0,0,0,0,0,0,0,0,0,0,0,0,0,0
Zambia,2022-07-01,0,0,0,0,0,0,0,0,0,0,0,0,0,0,0,0,0,0,0,0
Zambia,2022-08-01,0,0,0,0,0,0,0,0,0,0,0,0,0,0,0,0,0,0,0,0
Zambia,2022-09-01,0,0,0,0,0,0,0,0,0,0,0,0,0,0,0,0,1,0,0,0
Zambia,2022-10-01,0,0,0,0,0,0,0,0,0,0,0,0,0,0,0,1,1,0,0,0
Zambia,2022-11-01,0,0,0,1,0,0,1,0,0,0,1,0,0,0,0,0,0,0,0,0
Zambia,2022-12-01,0,0,0,0,0,0,0,0,0,0,0,0,0,0,0,0,0,0,0,0
Zambia,2023-01-01,0,1,0,0,1,0,0,0,0,0,0,0,0,0,0,0,0,0,0,0
Zambia,2023-02-01,1,0,1,1,0,0,0,0,1,0,0,0,1,0,0,0,0,0,0,0
Zambia,2023-03-01,1,0,0,0,0,0,0,0,0,0,0,0,0,0,0,0,0,0,0,1
Zambia,2023-04-01,0,0,0,0,0,0,0,0,0,0,0,0,0,0,0,0,0,0,0,0
Zambia,2023-05-01,0,0,0,0,0,0,0,0,0,0,0,0,0,0,0,0,0,0,1,0
Zambia,2023-06-01,0,1,0,0,0,0,0,1,0,1,0,0,0,1,1,0,0,1,1,1
Zambia,2023-07-01,0,0,0,0,0,0,0,0,0,0,0,0,1,0,0,1,0,0,0,0
Zambia,2023-08-01,0,0,0,0,0,0,0,0,0,1,0,0,0,0,1,0,0,0,0,0
Zambia,2023-09-01,0,0,0,0,0,0,0,0,0,0,0,0,0,0,0,0,0,0,0,0
Zambia,2023-10-01,0,0,0,0,0,0,0,0,0,0,0,0,0,0,0,0,0,0,0,0
Zambia,2023-11-01,0,0,0,0,0,0,0,0,0,0,0,0,0,0,0,0,0,0,0,0
Zambia,2023-12-01,0,0,0,0,0,1,0,0,0,0,0,0,0,0,0,0,0,0,0,0
Zambia,2024-01-01,0,0,1,0,0,0,0,0,0,0,0,0,0,0,0,0,0,0,0,0
Zambia,2024-02-01,0,0,0,0,0,0,0,0,0,0,0,1,0,0,0,0,0,0,0,1
Zambia,2024-03-01,0,0,0,0,0,0,0,0,0,0,1,1,0,0,0,0,0,0,0,0
Zambia,2024-04-01,0,0,0,0,0,0,0,0,0,0,0,1,0,0,0,0,0,0,0,0
Zambia,2024-05-01,0,0,0,0,0,0,0,0,0,0,0,0,0,0,0,0,0,0,0,0
Zambia,2024-06-01,0,0,0,0,0,0,0,0,0,0,1,0,0,0,0,0,0,0,0,0
Zambia,2024-07-01,0,0,0,0,0,0,0,0,0,0,0,0,0,0,0,0,0,0,1,0
Zambia,2024-08-01,0,0,0,1,0,0,0,0,0,0,0,0,0,0,0,0,0,0,0,0
Zambia,2024-09-01,0,1,0,0,1,0,0,0,0,0,0,0,0,0,0,0,0,0,1,0
Zambia,2024-10-01,1,0,0,0,0,0,0,0,0,0,0,0,0,0,0,1,0,0,0,1
Zambia,2024-11-01,0,0,0,0,0,0,0,0,0,0,0,0,0,0,0,0,0,0,0,0
Zambia,2024-12-01,0,0,0,0,0,0,0,0,0,0,0,0,1,0,0,0,1,0,0,0
Zambia,2025-01-01,1,0,0,0,0,0,0,1,0,0,0,0,0,0,0,0,0,0,0,0
Zambia,2025-02-01,1,0,0,0,0,1,1,1,0,1,0,0,0,1,1,0,0,0,0,0
Zambia,2025-03-01,0,0,1,0,0,0,1,0,0,0,0,0,0,0,0,0,1,0,0,0
Zambia,2025-04-01,0,0,0,0,0,0,0,0,0,0,0,0,0,0,0,0,0,0,0,0
Zambia,2025-05-01,0,0,0,0,0,0,0,0,0,0,0,0,0,0,0,0,0,0,0,0
Zambia,2025-06-01,0,0,0,0,0,0,0,0,0,0,0,0,0,0,0,0,0,0,0,0
Zambia,2025-07-01,0,0,0,1,0,0,0,0,0,0,0,0,0,0,0,0,0,1,0,0
Zambia,2025-08-01,0,0,0,0,0,0,0,0,0,0,0,0,0,0,0,0,0,1,0,0
Zambia,2025-09-01,0,0,0,0,0,0,0,0,0,1,0,0,0,1,0,0,0,0,0,0
Zambia,2025-10-01,0,0,0,0,0,0,0,0,0,0,0,0,0,0,0,0,0,0,0,0
Zambia,2025-11-01,0,0,0,0,0,0,0,0,0,0,0,0,0,0,0,0,0,0,0,0
Zambia,2025-12-01,0,0,0,0,0,0,0,0,0,0,0,0,0,0,0,0,0,0,0,0
Zambia,2026-01-01,0,0,0,0,0,0,0,0,0,0,0,0,0,0,0,0,0,0,0,0
Angola,2012-01-01,0,1,0,0,0,0,0,0,0,1,0,0,1,1,1,0,0,0,0,0
Angola,2012-02-01,0,0,0,0,0,0,0,0,0,0,0,0,0,0,0,0,0,0,0,0
Angola,2012-03-01,0,0,0,0,0,0,0,1,0,0,1,1,1,1,0,0,0,0,0,0
Angola,2012-04-01,0,0,0,0,1,0,0,0,0,1,0,0,1,0,0,0,1,0,0,1
Angola,2012-05-01,0,0,0,0,0,0,0,0,0,0,0,0,0,0,0,0,0,0,0,0
Angola,2012-06-01,0,1,0,1,1,0,0,0,0,0,0,0,0,0,0,1,1,0,0,0
Angola,2012-07-01,0,0,0,1,0,0,0,0,0,0,0,0,0,0,0,0,0,0,0,0
Angola,2012-08-01,0,0,0,0,0,0,0,0,0,0,0,0,0,0,0,0,0,0,0,0
Angola,2012-09-01,0,0,0,0,0,0,0,0,0,0,0,0,0,0,0,0,0,0,0,0
Angola,2012-10-01,0,1,1,0,0,0,0,0,0,0,0,0,0,1,0,0,0,0,0,0
Angola,2012-11-01,0,0,0,0,0,0,0,1,0,1,1,0,0,0,0,0,0,0,0,0
Angola,2012-12-01,0,0,0,0,0,0,1,0,0,0,0,0,0,0,1,0,0,0,0,0
Angola,2013-01-01,0,0,0,0,0,0,1,0,0,0,0,0,0,0,0,0,0,0,0,0
Angola,2013-02-01,0,0,0,0,0,0,0,0,0,0,0,0,0,1,1,0,0,1,1,0
Angola,2013-03-01,0,0,0,0,0,0,0,0,0,0,0,0,1,0,0,0,0,0,0,0
Angola,2013-04-01,1,0,0,0,0,0,0,0,0,0,0,0,0,0,0,0,0,0,0,1
Angola,2013-05-01,0,0,0,0,0,0,0,0,0,0,0,0,1,0,0,0,0,0,0,0
Angola,2013-06-01,0,0,0,0,0,0,0,0,0,0,0,0,0,0,0,0,0,0,0,0
Angola,2013-07-01,0,0,0,1,0,0,0,0,0,0,0,1,0,0,0,0,0,0,0,0
Angola,2013-08-01,0,0,0,0,0,1,0,0,0,0,0,0,0,0,0,0,0,0,0,0
Angola,2013-09-01,0,0,0,0,0,0,0,0,1,0,0,0,0,0,0,0,0,0,0,0
Angola,2013-10-01,0,0,0,0,0,0,0,0,0,0,0,0,0,0,0,0,0,0,0,0
Angola,2013-11-01,0,0,1,0,0,0,0,0,0,0,0,0,0,0,0,0,0,0,0,0
Angola,2013-12-01,0,1,0,0,0,0,0,0,0,0,0,0,0,0,0,0,0,0,0,0
Angola,2014-01-01,0,0,0,0,0,1,0,0,0,0,0,0,0,0,0,1,0,0,0,0
Angola,2014-02-01,0,0,0,1,1,0,0,1,0,1,0,0,0,0,0,0,1,0,0,0
Angola,2014-03-01,0,0,0,0,0,0,0,1,0,0,1,0,0,0,0,0,0,0,0,0
Angola,2014-04-01,0,0,1,0,0,0,1,0,0,0,0,0,0,0,0,0,0,0,0,0
Angola,2014-05-01,0,0,0,0,0,0,0,0,0,0,0,0,0,0,0,0,0,0,0,0
Angola,2014-06-01,0,1,0,0,0,0,0,0,1,0,0,0,0,0,0,0,1,0,0,0
Angola,2014-07-01,0,0,0,0,0,0,0,0,0,0,0,0,0,1,1,0,0,0,0,1
Angola,2014-08-01,0,0,0,0,0,0,0,0,0,0,0,0,0,0,0,1,0,0,0,0
Angola,2014-09-01,0,0,0,0,0,1,0,0,0,0,0,0,0,0,0,0,0,0,0,0
Angola,2014-10-01,0,0,0,0,0,0,0,0,0,0,0,0,0,0,0,0,0,0,0,0
Angola,2014-11-01,1,0,0,0,0,1,0,0,0,0,0,0,0,0,0,0,0,0,0,0
Angola,2014-12-01,0,0,0,0,0,0,0,0,0,0,0,0,1,0,0,0,0,0,0,1
Angola,2015-01-01,0,1,0,1,0,0,0,0,0,0,0,0,0,0,1,0,0,0,0,0
Angola,2015-02-01,0,0,0,0,0,0,0,0,0,0,0,0,0,0,0,0,0,0,1,0
Angola,2015-03-01,1,0,0,0,0,0,0,1,0,0,0,0,0,0,0,0,0,0,0,0
Angola,2015-04-01,0,0,0,0,0,0,0,0,0,0,0,0,1,0,0,0,0,0,0,0
Angola,2015-05-01,0,0,0,0,0,0,0,0,0,1,0,0,1,0,0,0,0,0,1,0
Angola,2015-06-01,0,0,0,0,1,0,0,0,0,0,1,1,0,0,0,0,0,0,0,0
Angola,2015-07-01,0,0,0,0,0,0,0,0,0,0,0,0,0,0,0,1,0,0,0,0
Angola,2015-08-01,0,0,0,0,0,0,0,0,0,0,0,0,0,0,0,0,0,0,0,0
Angola,2015-09-01,0,0,0,0,0,0,0,0,0,0,0,0,0,0,0,0,0,0,0,0
Angola,2015-10-01,0,0,0,0,0,0,0,0,0,0,0,0,0,0,0,0,0,0,0,0
Angola,2015-11-01,0,0,0,0,0,1,0,0,0,0,0,0,0,0,0,0,0,0,0,0
Angola,2015-12-01,0,0,0,0,0,0,0,0,0,0,0,0,0,0,0,0,0,0,0,0
Angola,2016-01-01,0,0,1,0,0,0,0,1,0,0,0,0,0,0,0,0,0,0,0,0
Angola,2016-02-01,0,1,0,0,0,0,0,0,1,0,0,0,0,0,0,0,0,1,1,0
Angola,2016-03-01,0,0,0,0,0,0,0,0,0,0,0,0,0,0,0,0,0,0,1,1
Angola,2016-04-01,0,1,0,0,0,0,0,0,1,0,0,0,0,0,0,0,0,0,0,0
Angola,2016-05-01,0,0,0,0,0,1,1,0,0,0,0,0,0,0,0,0,0,0,0,0
Angola,2016-06-01,0,0,0,1,0,0,0,0,0,1,0,0,1,0,0,0,0,0,0,0
Angola,2016-07-01,0,0,0,0,0,0,0,0,0,0,0,0,0,0,1,0,0,0,0,0
Angola,2016-08-01,0,0,0,0,0,0,0,0,0,0,0,0,0,0,0,0,0,0,0,0
Angola,2016-09-01,0,0,0,0,0,0,1,0,0,1,0,0,0,0,1,1,0,0,0,0
Angola,2016-10-01,0,0,0,0,0,0,0,0,0,0,0,0,0,0,0,0,0,0,0,0
Angola,2016-11-01,0,0,0,0,0,0,0,0,0,0,0,0,0,0,0,0,1,1,0,0
Angola,2016-12-01,0,0,0,0,0,0,0,0,0,0,0,0,0,0,0,0,0,0,0,0
Angola,2017-01-01,0,0,0,0,0,0,0,0,0,0,0,0,0,0,0,1,0,0,0,0
Angola,2017-02-01,0,0,0,0,0,0,0,0,0,0,1,0,0,0,0,1,0,0,0,0
Angola,2017-03-01,0,0,1,0,0,0,0,0,0,0,0,1,0,0,0,0,0,0,0,0
Angola,2017-04-01,0,0,0,0,1,0,0,0,0,0,0,0,1,0,0,0,0,0,0,0
Angola,2017-05-01,0,0,0,0,0,0,0,0,0,0,0,0,0,1,0,0,0,0,0,0
Angola,2017-06-01,0,0,0,0,0,0,0,0,0,0,0,0,0,0,0,0,0,1,0,0
Angola,2017-07-01,0,0,0,0,0,0,0,0,0,0,0,0,0,0,0,0,0,0,0,0
Angola,2017-08-01,0,0,0,0,0,0,0,0,0,0,0,0,0,0,0,0,0,0,0,0
Angola,2017-09-01,0,0,0,0,0,0,0,0,0,0,0,0,0,0,0,0,0,0,0,1
Angola,2017-10-01,0,0,0,0,0,1,0,0,0,0,0,0,0,0,1,0,0,0,0,0
Angola,2017-11-01,0,0,0,0,0,0,0,0,0,0,0,0,0,0,0,0,0,0,0,0
Angola,2017-12-01,0,0,0,0,0,0,0,0,0,0,0,0,0,0,0,0,0,0,0,0
Angola,2018-01-01,0,0,0,0,0,1,0,0,0,1,0,0,0,1,0,0,0,0,0,0
Angola,2018-02-01,1,0,0,0,0,0,0,1,0,0,0,0,0,0,1,0,0,0,0,0
Angola,2018-03-01,0,0,0,0,0,0,0,0,0,0,0,0,0,0,0,0,0,0,0,0
Angola,2018-04-01,0,0,0,0,0,0,0,0,0,0,0,0,0,0,0,0,0,0,0,0
Angola,2018-05-01,0,1,0,0,0,0,0,0,0,0,0,0,1,0,0,0,1,0,0,0
Angola,2018-06-01,0,0,0,1,0,0,0,1,0,0,0,0,0,0,0,0,0,0,0,0
Angola,2018-07-01,0,0,0,0,1,1,0,0,0,0,0,0,0,0,0,0,0,1,0,0
Angola,2018-08-01,0,0,0,0,0,0,0,0,0,0,0,0,0,0,0,0,0,0,0,0
Angola,2018-09-01,0,0,0,0,0,0,0,0,0,0,0,0,0,0,0,0,0,0,0,0
Angola,2018-10-01,0,0,0,0,0,0,0,0,0,0,0,0,0,0,0,0,0,0,0,0
Angola,2018-11-01,0,0,0,0,0,0,0,0,0,0,0,0,0,0,0,0,0,0,0,0
Angola,2018-12-01,0,1,0,0,0,0,0,0,0,0,0,0,0,0,0,0,0,0,0,0
Angola,2019-01-01,0,0,0,0,0,0,0,0,0,0,0,0,0,0,0,0,0,0,0,0
Angola,2019-02-01,0,0,0,0,0,0,0,0,0,0,0,0,0,0,0,0,0,0,0,0
Angola,2019-03-01,1,0,0,0,0,0,0,0,0,0,0,0,0,0,0,0,0,1,0,0
Angola,2019-04-01,0,0,0,0,0,0,1,0,0,0,0,0,0,0,0,0,0,0,0,0
Angola,2019-05-01,0,0,0,0,0,0,0,0,0,0,0,0,0,0,1,0,0,0,0,0
Angola,2019-06-01,0,0,1,0,0,0,0,0,0,1,0,0,0,0,0,1,0,0,1,0
Angola,2019-07-01,0,0,0,0,0,0,0,0,0,0,0,0,0,0,0,0,0,0,0,0
Angola,2019-08-01,0,0,0,0,0,0,1,0,1,0,0,0,0,0,0,0,0,1,1,0
Angola,2019-09-01,0,0,0,0,1,0,0,0,0,1,1,1,0,0,0,0,0,0,0,0
Angola,2019-10-01,0,1,0,0,0,0,0,0,1,0,0,0,1,0,0,0,1,0,0,0
Angola,2019-11-01,0,0,0,0,1,0,0,0,1,0,1,1,0,0,0,0,0,0,0,1
Angola,2019-12-01,0,0,0,0,0,1,0,0,0,0,0,0,0,0,0,1,0,0,0,0
Angola,2020-01-01,1,0,0,0,0,1,0,1,0,0,0,0,0,0,0,0,0,0,0,0
Angola,2020-02-01,0,0,0,0,0,0,0,0,0,0,0,0,0,1,0,0,0,0,0,0
Angola,2020-03-01,0,0,0,0,0,0,0,0,0,0,0,0,0,0,0,0,0,0,0,0
Angola,2020-04-01,0,0,0,0,0,0,0,0,0,0,0,0,0,0,0,0,1,0,0,0
Angola,2020-05-01,0,0,0,0,0,0,0,0,0,0,0,0,0,0,0,0,0,0,0,0
Angola,2020-06-01,0,0,0,0,0,0,0,0,0,0,0,0,0,0,0,0,0,0,0,0
Angola,2020-07-01,0,0,0,0,0,0,0,0,0,0,0,0,0,0,0,0,0,1,0,0
Angola,2020-08-01,0,0,0,0,0,0,0,0,0,0,0,0,0,0,1,0,0,0,0,0
Angola,2020-09-01,0,0,0,0,0,0,0,0,0,0,0,0,0,0,0,0,0,0,0,0
Angola,2020-10-01,0,0,0,0,0,0,0,0,0,0,0,0,0,0,0,0,0,0,0,0
Angola,2020-11-01,0,0,0,0,0,0,0,0,0,0,0,0,0,0,0,0,0,0,0,0
Angola,2020-12-01,0,0,0,0,0,0,0,0,0,0,0,0,0,0,0,1,0,0,0,0
Angola,2021-01-01,0,0,0,0,0,0,0,0,0,0,0,0,1,0,0,0,0,0,0,1
Angola,2021-02-01,0,1,1,0,0,1,0,0,0,1,1,0,0,0,1,0,0,0,0,0
Angola,2021-03-01,0,0,0,0,0,0,0,0,0,1,0,0,0,0,1,0,0,0,0,1
Angola,2021-04-01,1,0,0,1,0,1,1,1,0,0,0,0,0,0,0,0,0,1,1,0
Angola,2021-05-01,0,0,0,0,0,0,0,0,0,1,0,0,0,1,0,1,0,0,0,0
Angola,2021-06-01,0,0,0,0,0,0,0,0,0,0,0,0,1,0,0,0,0,0,0,0
Angola,2021-07-01,0,0,0,0,0,0,0,0,0,0,0,1,0,0,0,0,0,0,0,0
Angola,2021-08-01,0,0,0,0,0,0,0,0,0,0,0,0,0,0,0,0,0,0,0,0
Angola,2021-09-01,0,1,0,0,0,0,1,0,0,0,0,0,0,0,0,0,0,0,0,0
Angola,2021-10-01,0,0,0,0,0,0,0,0,0,0,1,0,0,0,0,0,0,1,0,0
Angola,2021-11-01,0,0,0,0,0,0,0,0,0,0,0,0,0,0,0,0,0,0,0,0
Angola,2021-12-01,0,0,0,0,0,0,0,0,0,0,0,0,0,0,0,0,0,0,0,0
Angola,2022-01-01,0,0,0,0,0,0,0,0,0,0,0,0,0,0,0,0,0,0,0,0
Angola,2022-02-01,0,0,0,0,0,0,0,0,0,0,0,0,0,0,0,0,0,0,0,0
Angola,2022-03-01,0,0,0,0,0,0,0,0,0,0,0,0,0,0,0,0,1,0,0,0
Angola,2022-04-01,0,0,0,1,0,0,0,0,0,0,0,0,0,0,0,0,0,0,0,1
Angola,2022-05-01,0,1,0,0,0,0,0,0,0,0,0,0,0,0,0,0,0,0,0,0
Angola,2022-06-01,0,0,0,0,0,0,0,0,0,0,0,0,0,0,0,0,0,0,0,0
Angola,2022-07-01,0,0,0,0,0,0,0,0,0,0,0,0,0,0,1,0,0,0,0,0
Angola,2022-08-01,0,0,0,0,0,0,0,0,0,0,0,0,0,0,0,0,0,0,0,0
Angola,2022-09-01,0,0,0,1,0,1,0,0,0,1,0,0,0,0,0,1,0,0,0,0
Angola,2022-10-01,0,0,0,0,0,0,0,0,0,0,0,0,0,0,0,0,0,0,0,1
Angola,2022-11-01,0,0,0,0,0,0,0,0,0,0,0,0,0,0,0,0,0,0,0,0
Angola,2022-12-01,0,0,0,0,0,0,0,0,0,0,0,0,0,0,0,0,0,1,0,0
Angola,2023-01-01,0,0,0,0,0,0,0,0,0,1,0,0,0,0,1,0,0,0,0,0
Angola,2023-02-01,0,0,0,0,0,1,0,0,0,0,0,0,0,0,0,0,0,0,0,0
Angola,2023-03-01,0,0,1,0,1,0,0,0,0,0,0,0,0,0,0,0,0,0,0,0
Angola,2023-04-01,1,0,1,0,0,0,0,0,0,0,0,0,0,0,0,0,0,0,0,0
Angola,2023-05-01,0,0,0,1,0,0,0,0,0,0,0,0,0,0,0,0,0,0,0,0
Angola,2023-06-01,0,0,0,0,0,0,0,0,0,0,0,0,0,0,0,0,0,0,1,0
Angola,2023-07-01,0,0,0,0,0,0,0,0,0,0,0,0,0,0,0,0,0,0,0,0
Angola,2023-08-01,0,0,0,0,0,0,0,0,0,0,0,0,0,1,0,0,0,0,0,0
Angola,2023-09-01,0,0,0,0,0,0,0,0,0,0,0,0,0,0,0,0,0,0,0,0
Angola,2023-10-01,0,0,0,0,0,0,0,0,0,0,0,0,0,0,0,0,0,1,0,0
Angola,2023-11-01,0,0,1,0,1,0,0,0,0,0,0,0,0,0,0,0,0,0,0,0
Angola,2023-12-01,1,0,0,0,0,0,0,0,0,0,0,0,0,0,0,1,1,0,0,0
Angola,2024-01-01,0,0,0,0,0,0,0,0,0,0,0,0,0,0,0,0,0,0,0,0
Angola,2024-02-01,0,0,0,0,0,0,0,0,1,0,0,0,0,0,0,0,0,0,0,0
Angola,2024-03-01,0,0,0,0,0,0,0,0,1,0,0,0,0,0,1,0,0,0,0,0
Angola,2024-04-01,0,1,0,0,0,0,0,0,0,0,0,0,0,0,1,0,0,0,0,0
Angola,2024-05-01,0,1,1,0,0,0,0,0,0,0,0,0,0,0,0,0,0,0,0,1
Angola,2024-06-01,0,0,0,1,1,0,0,0,1,0,0,0,0,0,0,0,0,0,0,0
Angola,2024-07-01,0,0,0,0,0,0,0,0,0,0,0,0,0,1,0,0,0,0,0,0
Angola,2024-08-01,0,0,0,0,0,0,1,1,0,1,0,0,0,0,0,0,1,0,0,0
Angola,2024-09-01,0,0,0,1,0,0,0,0,0,0,1,0,0,0,0,0,0,0,0,0
Angola,2024-10-01,0,0,0,0,0,0,1,0,0,0,0,0,0,0,1,0,0,0,0,0
Angola,2024-11-01,0,0,0,0,0,0,0,0,0,0,0,1,1,0,0,1,1,0,0,0
Angola,2024-12-01,1,0,0,0,0,0,0,0,0,0,0,0,0,0,0,1,0,0,0,0
Angola,2025-01-01,0,0,0,0,0,1,0,0,0,0,0,0,0,0,0,0,0,1,0,0
Angola,2025-02-01,0,0,0,0,0,0,0,0,0,0,0,0,0,0,0,0,0,0,0,0
Angola,2025-03-01,0,0,0,0,0,0,0,0,0,0,0,0,0,0,0,0,0,0,0,0
Angola,2025-04-01,0,0,0,0,0,0,0,0,0,0,0,0,0,0,0,0,0,0,0,0
Angola,2025-05-01,0,0,0,0,0,0,0,0,0,0,0,0,0,0,0,0,0,0,0,0
Angola,2025-06-01,0,0,0,0,0,0,0,0,0,0,0,0,0,0,0,0,0,0,0,0
Angola,2025-07-01,0,0,0,0,0,0,0,0,0,0,0,0,0,0,0,0,0,1,1,0
Angola,2025-08-01,0,0,0,0,0,0,0,0,0,0,0,0,0,0,0,0,0,0,0,0
Angola,2025-09-01,0,0,0,0,0,0,0,0,0,0,0,0,0,0,0,0,0,0,0,0
Angola,2025-10-01,0,0,0,0,0,0,0,0,0,0,0,0,0,0,0,0,0,0,0,0
Angola,2025-11-01,0,0,0,0,0,0,0,0,0,0,0,0,0,0,0,0,0,0,0,0
Angola,2025-12-01,0,0,0,0,0,0,0,0,0,0,0,0,0,0,0,0,0,0,0,0
Angola,2026-01-01,0,0,0,0,0,0,0,0,0,0,0,0,0,0,0,0,0,0,0,0
Cambodia,2012-01-01,0,0,0,0,0,0,0,0,0,0,0,0,0,0,0,0,1,0,0,0
Cambodia,2012-02-01,0,0,0,0,1,0,0,0,0,0,1,0,0,0,0,0,0,0,0,0
Cambodia,2012-03-01,0,0,0,0,0,0,0,0,0,0,0,0,0,0,0,0,0,0,0,0
Cambodia,2012-04-01,0,0,0,0,0,0,0,0,0,0,0,0,0,0,1,0,0,0,0,0
Cambodia,2012-05-01,0,0,0,0,0,0,0,0,0,0,0,0,0,0,0,0,0,0,0,0
Cambodia,2012-06-01,0,1,0,0,0,0,0,0,0,0,0,0,0,0,0,0,1,0,0,0
Cambodia,2012-07-01,0,0,0,0,0,0,0,0,0,0,0,0,0,0,0,1,0,0,0,0
Cambodia,2012-08-01,0,0,0,0,0,0,0,1,1,0,0,0,0,0,0,1,0,0,0,0
Cambodia,2012-09-01,1,0,0,0,0,0,0,0,0,0,0,0,1,1,0,0,0,1,0,0
Cambodia,2012-10-01,0,0,0,0,0,0,1,0,0,0,1,0,0,0,0,0,0,0,0,0
Cambodia,2012-11-01,0,0,0,0,0,0,0,1,0,0,0,0,0,0,1,0,0,0,0,0
Cambodia,2012-12-01,0,0,0,0,0,0,0,0,0,0,0,0,0,0,0,0,0,0,0,1
Cambodia,2013-01-01,0,0,0,0,0,1,0,0,0,0,0,0,0,0,0,0,0,0,0,0
Cambodia,2013-02-01,0,0,0,0,0,0,0,0,0,1,0,0,0,0,0,0,0,0,0,0
Cambodia,2013-03-01,0,0,1,0,0,1,0,0,0,0,0,1,0,0,0,0,0,0,0,0
Cambodia,2013-04-01,0,0,0,1,0,0,0,0,0,0,0,0,0,0,0,0,0,0,0,0
Cambodia,2013-05-01,0,0,0,0,0,0,0,0,0,0,0,0,0,0,0,0,0,0,0,0
Cambodia,2013-06-01,0,0,0,0,0,0,0,0,0,0,0,1,0,0,0,0,0,0,0,0
Cambodia,2013-07-01,0,0,0,0,0,0,0,0,0,0,0,0,0,0,0,0,0,0,0,0
Cambodia,2013-08-01,0,0,0,0,0,0,0,1,0,0,0,0,0,0,0,0,0,0,0,0
Cambodia,2013-09-01,0,0,0,0,0,0,0,0,0,0,0,0,0,0,0,0,1,0,0,0
Cambodia,2013-10-01,1,0,0,0,0,0,0,1,1,0,0,0,0,0,0,0,0,0,0,0
Cambodia,2013-11-01,0,0,0,0,0,0,0,0,0,0,0,0,0,0,0,1,0,0,0,0
Cambodia,2013-12-01,0,0,0,0,0,1,0,0,0,0,0,0,0,0,0,0,0,1,0,0
Cambodia,2014-01-01,0,0,0,0,0,0,0,0,0,1,0,0,0,0,0,0,0,0,0,0
Cambodia,2014-02-01,0,0,0,0,0,0,0,0,0,1,0,0,0,0,0,0,0,0,0,0
Cambodia,2014-03-01,0,0,1,0,0,0,1,0,0,1,0,1,0,0,0,0,0,0,0,0
Cambodia,2014-04-01,0,0,0,0,0,0,0,0,0,0,0,0,1,0,0,0,1,0,0,0
Cambodia,2014-05-01,0,0,0,0,0,0,0,0,0,0,0,0,0,0,1,0,0,0,0,0
Cambodia,2014-06-01,0,1,0,0,0,0,0,0,0,0,0,0,0,0,0,0,0,0,1,0
Cambodia,2014-07-01,0,0,0,0,0,0,0,1,0,0,0,0,0,0,0,0,0,0,0,0
Cambodia,2014-08-01,0,0,0,0,0,0,0,0,0,0,0,0,0,0,0,0,0,0,0,0
Cambodia,2014-09-01,0,0,0,0,0,0,0,0,0,0,0,0,0,0,0,0,0,0,0,1
Cambodia,2014-10-01,0,0,0,0,0,0,0,0,0,0,0,0,0,0,0,0,0,0,0,0
Cambodia,2014-11-01,0,0,0,0,0,0,0,0,0,0,0,0,0,0,1,0,0,0,0,0
Cambodia,2014-12-01,0,0,0,0,0,0,0,0,0,0,0,0,0,0,0,0,0,0,0,0
Cambodia,2015-01-01,0,0,0,0,0,0,0,0,0,0,0,0,0,1,0,0,0,0,0,0
Cambodia,2015-02-01,0,0,0,0,0,0,0,0,0,0,0,0,0,0,0,0,0,0,0,0
Cambodia,2015-03-01,0,0,0,1,0,0,0,0,0,0,0,0,0,0,0,0,0,0,0,0
Cambodia,2015-04-01,1,0,0,0,0,0,0,0,0,0,0,0,0,0,0,0,0,0,0,0
Cambodia,2015-05-01,0,0,0,0,0,0,0,0,0,0,0,0,0,1,0,0,0,0,0,0
Cambodia,2015-06-01,0,0,0,0,0,0,0,0,0,0,0,0,0,0,1,0,1,0,0,0
Cambodia,2015-07-01,0,0,0,0,0,0,0,0,0,0,0,0,0,0,0,0,0,0,0,0
Cambodia,2015-08-01,0,0,0,0,0,0,0,0,0,0,0,0,0,0,0,0,0,1,0,0
Cambodia,2015-09-01,0,0,0,0,0,0,0,0,0,0,0,0,0,0,0,0,0,0,0,0
Cambodia,2015-10-01,0,0,0,0,0,0,0,0,0,0,0,0,0,0,0,0,0,0,0,0
Cambodia,2015-11-01,0,0,0,0,0,0,0,0,0,0,0,0,0,0,0,0,0,1,0,0
Cambodia,2015-12-01,0,0,0,0,0,0,0,0,0,0,0,0,0,0,0,0,0,0,0,0
Cambodia,2016-01-01,0,0,0,0,0,0,0,0,0,1,0,0,0,0,0,0,0,0,0,0
Cambodia,2016-02-01,0,0,0,0,0,0,0,1,0,0,0,0,0,0,0,0,0,0,0,0
Cambodia,2016-03-01,0,0,0,0,0,0,0,0,0,0,0,0,0,0,0,0,0,0,1,1
Cambodia,2016-04-01,0,0,1,0,1,0,1,0,1,0,0,1,0,0,1,1,0,0,0,0
Cambodia,2016-05-01,0,0,0,0,0,0,0,0,1,1,1,1,0,0,0,0,0,0,0,0
Cambodia,2016-06-01,0,0,0,0,0,0,0,0,0,0,0,0,1,0,0,0,0,0,0,0
Cambodia,2016-07-01,0,0,0,0,0,0,0,0,0,0,0,0,0,0,0,0,0,0,0,0
Cambodia,2016-08-01,0,0,0,0,0,0,0,1,0,0,0,0,0,0,0,1,1,0,0,0
Cambodia,2016-09-01,0,0,0,0,0,0,0,0,0,0,0,0,0,0,0,0,0,0,0,0
Cambodia,2016-10-01,1,0,0,0,0,0,0,0,0,0,0,0,0,0,0,0,0,0,0,1
Cambodia,2016-11-01,0,0,0,0,0,0,0,0,0,1,0,0,0,0,0,0,0,0,0,0
Cambodia,2016-12-01,0,0,0,0,0,0,0,1,0,0,0,0,0,0,0,0,0,0,0,0
Cambodia,2017-01-01,0,0,0,0,0,0,0,0,0,0,0,0,0,0,0,0,0,0,0,0
Cambodia,2017-02-01,0,0,0,0,0,0,0,0,0,0,0,0,0,0,0,0,0,0,0,0
Cambodia,2017-03-01,0,0,0,0,0,0,1,0,0,0,0,0,0,0,0,0,0,0,0,0
Cambodia,2017-04-01,0,0,0,0,0,1,0,0,0,0,0,0,0,0,0,0,0,0,0,0
Cambodia,2017-05-01,0,0,0,0,0,0,0,0,0,0,0,0,0,1,1,1,0,0,0,0
Cambodia,2017-06-01,0,0,0,0,0,0,0,0,1,0,0,0,0,0,0,0,0,0,0,0
Cambodia,2017-07-01,0,0,0,0,0,0,0,0,1,0,0,0,0,0,0,0,0,0,0,0
Cambodia,2017-08-01,0,0,0,0,0,0,0,0,0,0,0,0,1,0,0,0,0,0,0,0
Cambodia,2017-09-01,0,0,0,0,0,0,0,0,0,0,0,0,0,0,0,0,0,0,0,0
Cambodia,2017-10-01,0,0,0,0,0,0,0,0,0,0,0,0,0,0,1,0,0,0,0,0
Cambodia,2017-11-01,0,0,0,0,0,1,0,0,0,0,0,0,0,0,0,0,0,0,0,0
Cambodia,2017-12-01,0,0,0,0,0,0,0,0,0,0,1,0,0,0,0,1,0,0,0,0
Cambodia,2018-01-01,0,0,0,0,0,0,0,0,0,0,0,0,0,0,0,0,0,1,0,0
Cambodia,2018-02-01,0,1,0,0,1,0,0,1,0,1,0,0,0,0,0,0,0,1,0,1
Cambodia,2018-03-01,0,1,0,0,1,0,0,0,0,0,0,0,0,0,1,0,0,0,0,0
Cambodia,2018-04-01,0,0,0,0,0,0,0,0,0,0,0,0,0,0,0,0,0,0,1,0
Cambodia,2018-05-01,0,0,0,1,0,0,1,0,0,0,0,0,0,0,0,0,0,0,0,0
Cambodia,2018-06-01,0,0,0,0,1,0,0,0,0,0,0,0,0,0,1,0,0,0,0,0
Cambodia,2018-07-01,1,0,0,0,0,0,0,1,0,0,0,0,0,0,0,0,0,0,0,0
Cambodia,2018-08-01,1,0,0,0,0,0,0,1,0,0,0,0,0,0,0,0,0,0,0,0
Cambodia,2018-09-01,0,0,0,0,0,0,0,0,0,0,0,0,0,0,0,0,0,0,0,0
Cambodia,2018-10-01,0,0,0,0,0,0,0,0,0,0,0,0,0,0,0,0,0,0,0,0
Cambodia,2018-11-01,0,0,0,0,0,0,0,0,0,0,0,0,0,0,0,0,0,0,0,0
Cambodia,2018-12-01,0,0,0,0,0,0,0,0,0,0,0,0,0,0,0,0,0,0,0,0
Cambodia,2019-01-01,0,0,0,0,0,0,0,0,0,1,0,1,0,0,0,0,0,0,0,0
Cambodia,2019-02-01,0,0,1,1,0,0,0,0,1,0,0,0,0,1,0,0,0,0,0,0
Cambodia,2019-03-01,0,0,0,0,0,0,0,0,0,0,0,0,0,0,0,0,0,0,0,0
Cambodia,2019-04-01,0,0,0,0,0,0,0,0,0,0,0,0,0,0,0,0,0,0,0,0
Cambodia,2019-05-01,0,0,0,0,0,0,0,0,0,0,0,0,0,0,0,0,0,0,0,0
Cambodia,2019-06-01,0,0,0,0,0,0,0,0,0,0,0,0,0,0,0,0,0,0,0,0
Cambodia,2019-07-01,0,0,0,0,0,1,0,0,0,1,0,0,0,0,1,0,0,0,0,0
Cambodia,2019-08-01,0,0,0,0,0,0,0,0,0,0,0,0,1,0,1,0,0,0,0,0
Cambodia,2019-09-01,1,0,0,0,0,0,0,0,0,0,0,0,1,0,0,0,1,0,0,0
Cambodia,2019-10-01,0,0,0,0,0,0,1,0,0,0,1,0,0,0,0,0,0,0,0,0
Cambodia,2019-11-01,0,0,1,0,1,0,0,0,0,0,0,0,0,0,1,0,0,0,0,0
Cambodia,2019-12-01,0,1,0,0,0,0,0,0,0,0,0,0,0,1,0,0,0,0,0,0
Cambodia,2020-01-01,0,0,0,0,0,0,0,0,0,0,0,0,0,0,0,0,0,0,0,0
Cambodia,2020-02-01,0,0,0,0,0,0,0,0,0,0,0,0,0,0,0,0,0,0,0,0
Cambodia,2020-03-01,0,0,0,0,0,0,0,0,0,0,0,0,0,0,0,1,0,0,0,0
Cambodia,2020-04-01,0,0,0,0,0,0,0,0,0,0,0,0,0,0,0,0,0,0,0,1
Cambodia,2020-05-01,0,0,0,0,0,0,0,0,0,0,0,0,0,0,0,0,0,0,0,0
Cambodia,2020-06-01,0,0,0,0,0,0,0,0,0,0,0,0,0,0,0,0,0,0,0,0
Cambodia,2020-07-01,0,0,0,0,0,0,0,0,0,0,0,0,0,0,0,0,0,0,0,0
Cambodia,2020-08-01,0,0,0,0,0,0,0,0,0,0,0,0,0,0,0,0,0,0,0,0
Cambodia,2020-09-01,0,0,0,0,0,0,0,0,0,0,0,0,0,0,0,0,1,0,0,0
Cambodia,2020-10-01,1,0,0,0,0,0,0,1,0,0,0,0,0,0,1,0,0,0,0,0
Cambodia,2020-11-01,0,0,0,0,0,0,0,0,0,0,0,0,0,0,0,0,0,0,0,0
Cambodia,2020-12-01,0,0,0,1,0,0,0,0,0,0,0,0,0,0,0,0,0,1,0,0
Cambodia,2021-01-01,0,0,0,0,0,0,0,0,0,0,0,0,0,0,0,0,1,0,0,0
Cambodia,2021-02-01,0,1,0,0,0,0,1,0,0,0,1,0,0,0,0,0,0,0,0,0
Cambodia,2021-03-01,0,0,0,0,0,0,0,0,0,0,0,1,0,0,0,0,0,0,0,0
Cambodia,2021-04-01,0,0,0,0,0,0,0,0,0,0,0,0,0,0,0,0,0,0,0,0
Cambodia,2021-05-01,0,0,0,0,0,1,0,0,0,1,0,0,0,0,0,0,0,0,1,0
Cambodia,2021-06-01,0,0,0,0,0,0,0,0,1,0,0,0,1,0,0,0,0,0,0,0
Cambodia,2021-07-01,0,0,0,0,0,0,0,0,0,0,0,0,0,0,0,0,0,0,0,0
Cambodia,2021-08-01,0,0,0,0,0,0,0,0,0,0,0,0,0,0,0,0,0,0,1,1
Cambodia,2021-09-01,0,0,0,0,0,0,1,0,0,0,0,0,0,0,0,0,0,0,0,0
Cambodia,2021-10-01,0,0,0,0,0,0,0,0,0,0,0,0,0,0,0,0,0,0,0,0
Cambodia,2021-11-01,0,0,0,0,0,0,0,0,0,0,1,1,0,0,0,0,0,0,0,0
Cambodia,2021-12-01,0,0,0,0,0,0,0,0,0,0,0,0,1,0,0,0,0,0,0,0
Cambodia,2022-01-01,0,0,0,0,1,0,0,0,0,0,0,0,0,1,0,0,1,0,0,0
Cambodia,2022-02-01,0,0,0,0,0,0,0,0,0,0,0,0,0,0,0,0,0,0,0,0
Cambodia,2022-03-01,0,0,0,0,0,0,0,0,0,0,0,0,0,0,0,0,0,0,0,0
Cambodia,2022-04-01,0,0,1,0,0,0,0,0,0,0,1,0,0,1,0,0,0,0,0,0
Cambodia,2022-05-01,0,0,0,0,0,0,0,0,0,0,0,0,0,0,0,0,0,0,0,0
Cambodia,2022-06-01,0,0,0,0,0,0,0,0,0,0,0,0,0,0,0,0,0,0,0,0
Cambodia,2022-07-01,0,0,0,1,0,0,0,0,0,0,0,0,0,0,0,1,0,0,0,0
Cambodia,2022-08-01,0,0,0,0,0,0,0,1,1,0,0,0,0,0,0,0,0,0,0,0
Cambodia,2022-09-01,1,0,0,0,0,0,0,0,0,0,0,1,0,0,0,0,0,0,0,0
Cambodia,2022-10-01,1,0,0,0,0,0,0,1,0,0,0,0,0,0,0,0,0,0,1,0
Cambodia,2022-11-01,0,0,0,0,0,0,0,0,0,0,0,0,0,0,0,0,0,0,0,0
Cambodia,2022-12-01,0,0,0,0,0,0,0,0,0,0,0,0,0,0,0,0,1,0,0,0
Cambodia,2023-01-01,0,0,0,0,0,1,0,0,0,0,0,0,0,0,0,0,0,0,0,0
Cambodia,2023-02-01,0,0,0,0,0,1,0,0,0,0,0,0,0,0,0,0,0,0,0,0
Cambodia,2023-03-01,0,0,0,0,1,0,0,0,0,1,0,0,0,0,0,0,0,0,0,0
Cambodia,2023-04-01,0,0,0,0,0,0,0,0,0,0,0,0,0,0,1,0,0,0,0,0
Cambodia,2023-05-01,0,0,0,0,0,0,0,0,0,0,0,0,0,0,0,0,0,0,0,0
Cambodia,2023-06-01,0,0,0,0,0,0,0,0,1,0,0,0,0,0,1,0,0,0,0,0
Cambodia,2023-07-01,0,0,0,0,0,0,0,0,0,0,1,0,0,0,0,0,0,0,0,0
Cambodia,2023-08-01,0,0,0,0,0,0,0,0,0,1,0,0,0,0,1,0,0,0,0,0
Cambodia,2023-09-01,0,1,0,0,0,0,0,0,0,0,1,0,0,0,0,1,0,0,0,0
Cambodia,2023-10-01,1,1,1,0,0,0,0,0,0,0,1,0,0,0,0,1,0,0,0,0
Cambodia,2023-11-01,0,0,0,1,0,0,0,0,1,0,0,0,0,0,0,0,0,0,0,0
Cambodia,2023-12-01,0,0,0,0,1,0,1,0,0,0,1,0,0,0,0,0,0,0,0,0
Cambodia,2024-01-01,0,0,0,0,0,0,0,0,0,0,0,1,0,0,0,0,0,0,0,0
Cambodia,2024-02-01,0,0,0,1,0,0,0,0,1,0,0,0,0,0,0,0,0,0,0,1
Cambodia,2024-03-01,0,0,0,0,0,0,0,0,0,1,0,0,1,0,0,0,0,0,0,0
Cambodia,2024-04-01,0,0,0,0,0,0,0,0,0,0,0,0,0,0,0,0,0,0,0,0
Cambodia,2024-05-01,0,0,0,0,0,0,0,0,0,0,0,0,0,0,0,0,0,0,0,0
Cambodia,2024-06-01,0,0,0,0,0,0,0,0,0,0,0,0,0,0,0,0,0,0,0,0
Cambodia,2024-07-01,1,0,0,0,1,0,0,0,0,0,0,0,0,0,0,0,0,0,0,0
Cambodia,2024-08-01,0,0,0,0,0,0,0,0,0,0,0,0,0,0,0,0,0,0,0,0
Cambodia,2024-09-01,0,1,1,1,0,0,0,1,0,0,0,0,0,0,0,0,0,0,0,0
Cambodia,2024-10-01,0,0,0,0,0,0,0,0,0,0,0,0,0,0,0,0,0,0,0,0
Cambodia,2024-11-01,0,0,0,0,0,1,0,0,0,1,0,0,0,0,1,0,0,1,0,0
Cambodia,2024-12-01,0,0,0,0,0,0,0,0,0,0,0,0,0,0,0,0,1,0,0,0
Cambodia,2025-01-01,0,0,0,0,0,0,0,0,0,0,0,1,0,1,0,0,1,0,0,1
Cambodia,2025-02-01,0,1,0,0,0,0,1,0,0,0,1,0,1,0,0,1,0,0,0,0
Cambodia,2025-03-01,0,0,0,0,0,0,1,0,0,0,0,0,0,0,0,0,0,0,0,0
Cambodia,2025-04-01,0,0,0,0,0,0,0,0,0,0,1,0,0,0,0,0,0,1,0,0
Cambodia,2025-05-01,0,0,0,0,0,0,0,0,0,0,0,0,1,0,0,0,0,0,0,0
Cambodia,2025-06-01,0,0,0,0,0,0,0,0,0,0,0,0,0,0,0,0,0,0,0,0
Cambodia,2025-07-01,0,0,0,0,0,0,0,1,0,0,0,0,0,0,0,0,0,0,0,0
Cambodia,2025-08-01,0,0,0,0,0,0,0,0,0,0,0,0,0,0,0,0,0,0,0,1
Cambodia,2025-09-01,0,0,0,0,0,0,0,0,0,0,0,0,0,0,0,0,0,0,0,0
Cambodia,2025-10-01,0,0,0,0,0,0,0,0,0,0,0,0,0,0,0,0,0,0,0,0
Cambodia,2025-11-01,0,0,0,0,0,0,0,0,0,0,0,0,0,0,0,0,0,0,0,0
Cambodia,2025-12-01,0,0,0,0,0,0,0,0,0,0,0,0,0,0,0,0,0,0,0,0
Cambodia,2026-01-01,0,0,0,0,0,0,0,0,0,0,0,0,0,0,0,0,0,0,0,0
Namibia,2012-01-01,0,0,0,0,0,0,0,0,0,0,0,0,0,0,0,0,0,0,0,0
Namibia,2012-02-01,0,0,0,0,0,0,0,0,0,0,0,0,0,0,0,0,0,0,0,0
Namibia,2012-03-01,0,0,0,0,0,0,0,0,0,0,0,0,0,0,0,0,0,0,0,0
Namibia,2012-04-01,0,0,0,0,0,0,0,0,0,0,0,0,0,0,0,0,0,0,0,0
Namibia,2012-05-01,0,0,0,0,0,0,0,0,0,0,0,0,0,0,0,0,0,0,0,0
Namibia,2012-06-01,0,0,0,0,0,0,0,0,0,0,0,0,0,0,0,0,0,0,0,0
Namibia,2012-07-01,0,0,0,0,0,0,1,0,0,0,0,0,0,0,0,0,0,0,0,0
Namibia,2012-08-01,0,0,0,0,1,0,0,0,0,0,0,0,0,0,0,1,0,0,0,0
Namibia,2012-09-01,0,0,0,0,0,0,0,0,0,0,0,0,0,0,0,0,0,0,0,0
Namibia,2012-10-01,0,0,0,0,1,0,0,0,1,0,0,0,0,0,0,0,0,0,0,0
Namibia,2012-11-01,0,0,0,0,0,0,0,0,0,0,0,0,0,0,0,0,0,0,0,0
Namibia,2012-12-01,0,0,0,0,0,0,0,0,0,0,0,0,0,0,0,0,0,0,0,0
Namibia,2013-01-01,0,0,0,0,0,0,0,0,0,0,0,0,0,0,0,0,0,0,0,0
Namibia,2013-02-01,0,0,0,0,0,0,0,0,0,0,0,0,0,0,0,0,0,0,0,0
Namibia,2013-03-01,0,0,0,0,1,0,0,0,0,0,0,0,0,1,0,0,0,0,0,0
Namibia,2013-04-01,0,0,0,0,0,0,0,0,0,0,0,0,0,0,0,0,0,0,0,0
Namibia,2013-05-01,0,0,0,0,0,0,0,0,0,0,0,1,0,0,0,0,0,0,0,0
Namibia,2013-06-01,0,0,0,0,0,0,0,0,0,0,0,0,0,0,0,0,0,0,0,0
Namibia,2013-07-01,0,0,0,0,0,0,0,0,0,0,0,0,0,0,0,0,0,0,0,0
Namibia,2013-08-01,0,0,0,0,0,0,0,0,1,0,1,1,1,0,0,0,0,0,0,0
Namibia,2013-09-01,0,1,1,0,0,0,0,0,0,0,0,0,0,0,0,1,0,0,0,0
Namibia,2013-10-01,0,0,0,0,0,0,0,0,0,0,0,0,0,0,0,0,1,0,0,0
Namibia,2013-11-01,0,0,0,0,0,0,0,0,0,0,0,0,0,0,0,0,0,0,0,0
Namibia,2013-12-01,0,0,0,1,0,0,1,0,0,1,0,0,0,0,0,0,0,0,0,0
Namibia,2014-01-01,0,0,0,0,0,0,0,0,1,0,0,0,0,0,1,0,0,0,0,1
Namibia,2014-02-01,1,0,0,0,0,0,0,0,0,0,0,0,0,0,1,0,0,0,0,1
Namibia,2014-03-01,0,0,0,0,0,0,0,0,0,0,0,0,0,0,0,0,0,0,0,0
Namibia,2014-04-01,0,0,0,0,0,0,0,0,0,1,0,0,0,0,0,0,0,0,0,0
Namibia,2014-05-01,0,0,0,0,0,0,0,0,0,0,0,0,0,0,0,0,0,0,1,0
Namibia,2014-06-01,0,0,0,0,0,0,1,0,0,0,0,0,0,0,0,0,0,0,0,0
Namibia,2014-07-01,0,0,0,0,0,0,0,0,0,0,0,0,0,0,0,0,0,0,0,1
Namibia,2014-08-01,0,0,0,0,0,0,0,0,0,0,0,0,0,0,0,1,0,0,0,0
Namibia,2014-09-01,0,0,0,0,0,0,0,0,0,0,1,0,0,0,0,0,0,0,0,0
Namibia,2014-10-01,0,0,0,0,0,0,0,0,0,0,0,0,0,0,0,0,0,0,0,0
Namibia,2014-11-01,1,0,0,0,0,0,0,0,0,0,0,0,0,0,0,0,0,0,0,0
Namibia,2014-12-01,0,0,0,0,0,0,0,0,0,0,0,0,0,0,0,0,1,0,0,0
Namibia,2015-01-01,0,0,0,0,0,0,0,0,0,0,0,0,1,0,0,0,0,0,0,0
Namibia,2015-02-01,0,0,1,0,0,0,0,0,0,0,0,0,0,0,1,0,0,0,1,0
Namibia,2015-03-01,0,0,0,0,0,0,0,0,0,0,0,1,0,0,0,0,0,0,0,0
Namibia,2015-04-01,0,0,1,1,0,0,0,0,0,0,0,0,0,0,0,0,0,0,0,0
Namibia,2015-05-01,0,0,0,0,0,0,0,0,0,0,0,0,0,0,0,0,0,0,0,0
Namibia,2015-06-01,0,0,0,0,0,0,0,0,0,0,0,0,0,0,0,0,0,0,1,0
Namibia,2015-07-01,0,0,0,0,0,0,0,0,0,0,0,0,0,0,0,0,0,0,0,0
Namibia,2015-08-01,0,0,0,0,0,1,0,0,0,0,0,0,0,0,0,0,0,0,0,0
Namibia,2015-09-01,0,0,0,0,0,0,0,0,0,0,0,0,0,0,0,0,1,0,0,0
Namibia,2015-10-01,0,0,0,0,0,0,0,0,0,0,0,0,0,0,0,0,0,1,0,0
Namibia,2015-11-01,0,0,0,0,0,0,0,0,0,0,0,0,0,0,0,0,0,0,1,0
Namibia,2015-12-01,1,0,0,0,0,0,0,0,0,0,0,0,0,0,0,0,0,0,0,0
Namibia,2016-01-01,0,0,0,0,0,0,0,0,0,1,0,1,0,1,0,1,0,0,0,0
Namibia,2016-02-01,0,0,1,0,0,0,0,1,0,0,0,0,0,0,0,0,0,0,1,0
Namibia,2016-03-01,0,0,0,0,0,0,0,0,0,0,0,0,0,0,0,0,0,0,0,0
Namibia,2016-04-01,0,0,0,0,1,0,0,0,0,0,0,0,0,0,0,0,0,0,0,1
Namibia,2016-05-01,0,1,1,0,0,0,0,0,0,0,0,0,0,0,1,0,0,0,0,0
Namibia,2016-06-01,0,0,0,0,0,0,0,0,0,0,0,0,0,0,0,0,0,0,0,0
Namibia,2016-07-01,0,0,0,0,0,0,0,0,0,0,1,0,0,0,0,0,0,0,0,0
Namibia,2016-08-01,0,0,0,0,0,0,0,0,0,0,0,0,1,0,0,0,0,0,0,0
Namibia,2016-09-01,0,0,0,0,0,0,0,0,0,0,0,0,0,0,0,0,0,0,0,0
Namibia,2016-10-01,0,0,0,0,0,0,0,0,0,0,0,0,0,0,0,0,0,0,1,0
Namibia,2016-11-01,0,0,0,0,0,0,0,0,0,1,0,0,0,0,0,0,0,0,0,0
Namibia,2016-12-01,0,0,0,1,0,1,0,0,0,0,1,0,0,1,0,0,0,0,0,0
Namibia,2017-01-01,0,0,0,0,0,0,0,0,0,0,0,0,0,0,0,0,0,0,0,1
Namibia,2017-02-01,0,0,0,0,0,1,0,1,1,0,0,0,0,0,0,0,0,0,0,0
Namibia,2017-03-01,1,0,0,0,0,0,0,0,0,0,0,0,0,0,0,0,0,0,0,0
Namibia,2017-04-01,0,0,1,0,0,0,0,0,0,0,0,0,1,0,0,0,0,1,0,0
Namibia,2017-05-01,0,0,0,0,0,0,0,0,0,0,0,0,0,0,0,0,0,0,0,0
Namibia,2017-06-01,0,0,0,0,0,0,0,0,0,0,0,0,0,0,0,0,0,0,0,0
Namibia,2017-07-01,0,1,0,0,0,0,0,0,0,0,0,0,0,0,1,1,0,0,1,0
Namibia,2017-08-01,0,0,0,1,0,0,0,0,0,0,0,0,0,0,0,0,1,0,0,0
Namibia,2017-09-01,0,0,0,0,1,0,0,0,0,0,0,0,0,0,0,0,0,0,0,0
Namibia,2017-10-01,0,0,0,0,0,0,0,0,0,0,1,0,1,0,0,0,0,0,0,0
Namibia,2017-11-01,0,0,0,0,0,0,0,0,0,0,0,0,0,0,0,0,0,1,1,0
Namibia,2017-12-01,0,0,0,1,0,0,0,0,0,0,0,0,0,0,0,0,0,0,0,0
Namibia,2018-01-01,0,0,0,0,0,1,0,0,0,0,0,0,0,0,0,0,0,0,0,0
Namibia,2018-02-01,0,0,0,1,0,0,0,0,0,0,0,0,0,0,0,0,0,1,0,1
Namibia,2018-03-01,0,0,0,0,0,0,0,0,0,0,0,0,0,0,0,0,0,0,0,0
Namibia,2018-04-01,0,0,0,0,0,0,0,0,0,0,0,0,0,0,0,0,0,0,0,0
Namibia,2018-05-01,0,1,0,0,0,0,0,1,0,0,0,0,0,0,0,0,0,0,1,0
Namibia,2018-06-01,0,0,0,0,0,0,0,0,0,0,0,0,0,0,0,0,0,0,0,0
Namibia,2018-07-01,0,0,0,0,0,0,0,0,0,0,0,0,0,0,0,0,1,0,0,0
Namibia,2018-08-01,0,0,0,0,0,0,0,0,0,0,0,0,0,0,0,0,0,0,0,0
Namibia,2018-09-01,0,0,0,0,0,0,0,0,0,0,0,0,0,0,0,0,0,0,0,0
Namibia,2018-10-01,0,0,1,0,0,0,0,0,0,0,0,0,0,0,0,0,0,0,0,0
Namibia,2018-11-01,1,0,0,0,0,0,0,0,0,1,0,0,0,1,1,0,0,0,0,0
Namibia,2018-12-01,0,0,0,0,0,0,0,0,0,0,1,0,0,0,0,0,0,0,0,0
Namibia,2019-01-01,0,0,0,0,0,0,1,0,0,0,0,0,0,0,0,0,0,0,0,0
Namibia,2019-02-01,0,0,0,0,0,0,0,0,0,1,0,0,0,1,0,0,0,0,0,0
Namibia,2019-03-01,0,0,0,0,0,0,0,0,0,0,0,0,0,0,0,0,0,0,0,1
Namibia,2019-04-01,0,0,0,0,0,0,0,0,0,0,0,0,0,0,0,0,0,0,0,0
Namibia,2019-05-01,0,0,0,0,0,0,0,0,1,0,0,1,0,0,1,0,0,0,0,0
Namibia,2019-06-01,0,0,0,0,0,0,1,0,1,0,1,0,0,0,0,1,0,0,0,0
Namibia,2019-07-01,0,0,0,0,1,0,0,0,1,0,0,0,0,0,0,0,0,0,0,0
Namibia,2019-08-01,0,0,1,0,1,0,0,0,0,0,0,0,0,1,0,0,0,0,0,1
Namibia,2019-09-01,0,0,0,0,0,0,0,0,0,1,0,0,0,0,1,0,0,0,1,0
Namibia,2019-10-01,0,0,0,1,0,0,0,0,0,0,0,0,0,0,0,0,0,0,0,0
Namibia,2019-11-01,0,1,0,0,0,0,0,0,0,0,0,0,1,0,0,0,0,0,0,0
Namibia,2019-12-01,1,0,0,0,0,0,0,0,0,0,0,0,0,0,0,0,0,0,0,0
Namibia,2020-01-01,0,0,0,0,0,0,0,0,0,0,0,0,0,0,0,0,0,0,0,0
Namibia,2020-02-01,0,0,0,0,0,0,0,0,0,0,0,0,0,0,0,1,0,0,0,0
Namibia,2020-03-01,0,0,0,1,0,0,0,1,0,0,0,0,0,0,0,0,1,0,0,0
Namibia,2020-04-01,0,0,0,0,0,0,0,0,0,0,0,0,0,0,0,0,0,0,0,1
Namibia,2020-05-01,0,0,0,0,0,0,0,0,0,0,0,0,0,0,0,0,0,0,0,0
Namibia,2020-06-01,0,0,0,0,0,0,0,0,0,0,0,0,0,0,0,0,0,0,0,0
Namibia,2020-07-01,0,0,0,0,0,0,0,0,0,0,0,0,0,0,0,0,0,0,0,0
Namibia,2020-08-01,0,0,0,0,0,0,0,0,0,0,0,0,0,0,0,0,0,0,0,0
Namibia,2020-09-01,0,0,0,0,0,0,1,0,0,0,0,0,0,0,0,0,0,0,0,0
Namibia,2020-10-01,0,0,0,0,1,0,0,0,0,0,0,0,0,0,0,0,0,0,0,0
Namibia,2020-11-01,0,0,0,0,0,0,0,0,0,0,0,0,1,0,0,0,0,1,0,0
Namibia,2020-12-01,0,1,0,0,0,0,0,0,1,0,0,0,0,0,0,0,0,0,0,0
Namibia,2021-01-01,1,0,0,0,0,0,1,0,0,0,0,0,0,0,0,0,0,0,0,0
Namibia,2021-02-01,0,0,0,0,0,0,0,0,0,0,0,0,0,0,0,0,0,0,0,0
Namibia,2021-03-01,0,0,0,0,0,0,0,1,0,0,0,0,0,0,0,0,1,1,0,0
Namibia,2021-04-01,0,0,0,0,0,0,0,0,0,0,0,0,1,0,0,0,0,0,0,0
Namibia,2021-05-01,0,0,0,0,0,0,0,0,0,0,0,0,0,0,0,1,0,0,0,0
Namibia,2021-06-01,0,0,1,0,0,0,0,0,0,1,0,0,1,0,0,0,1,0,0,0
Namibia,2021-07-01,0,0,0,0,0,0,0,0,0,0,0,0,0,0,0,0,0,0,0,0
Namibia,2021-08-01,0,0,0,1,0,0,0,0,0,0,0,0,0,0,0,0,0,0,0,0
Namibia,2021-09-01,0,0,0,0,0,0,0,0,0,1,0,0,0,0,0,0,0,0,1,0
Namibia,2021-10-01,0,0,1,0,0,0,0,0,0,0,0,0,0,0,0,0,0,0,0,0
Namibia,2021-11-01,0,0,0,0,1,0,0,0,0,0,0,0,0,0,0,0,0,0,0,0
Namibia,2021-12-01,0,0,0,0,0,0,0,0,0,0,0,0,0,0,0,0,0,0,0,0
Namibia,2022-01-01,0,0,0,0,0,0,0,0,0,0,0,1,0,0,1,0,0,0,0,0
Namibia,2022-02-01,0,1,0,0,0,0,0,1,0,0,0,0,0,0,0,0,0,0,0,0
Namibia,2022-03-01,0,0,0,0,0,0,0,0,0,0,0,0,0,1,0,0,0,0,0,0
Namibia,2022-04-01,0,0,0,0,0,0,0,0,0,0,0,0,0,0,0,0,0,0,0,0
Namibia,2022-05-01,0,0,0,0,0,0,0,0,0,0,0,0,0,0,0,0,0,0,0,0
Namibia,2022-06-01,0,0,0,1,0,0,0,0,0,0,1,0,0,0,0,0,0,0,0,0
Namibia,2022-07-01,0,0,0,0,0,1,0,0,0,0,0,0,0,0,0,0,0,0,0,0
Namibia,2022-08-01,0,0,0,0,0,0,0,0,0,0,0,0,0,0,0,0,0,0,0,0
Namibia,2022-09-01,0,0,0,0,0,0,0,0,0,0,0,0,1,0,0,0,0,0,0,0
Namibia,2022-10-01,0,0,0,0,0,0,0,0,0,0,0,0,1,0,0,1,0,0,0,0
Namibia,2022-11-01,0,0,0,0,0,0,0,0,0,0,0,0,0,0,0,0,0,0,0,0
Namibia,2022-12-01,0,0,0,0,0,0,0,0,0,0,0,0,0,0,0,0,0,0,1,0
Namibia,2023-01-01,1,0,0,0,0,0,0,1,0,0,0,0,0,1,0,0,0,0,1,1
Namibia,2023-02-01,1,0,0,0,0,0,0,0,0,1,0,1,0,1,1,0,0,1,0,0
Namibia,2023-03-01,0,0,0,0,0,0,0,1,1,0,0,0,0,0,0,0,0,1,0,0
Namibia,2023-04-01,0,0,0,0,0,1,0,0,0,0,0,0,0,0,0,0,1,0,0,0
Namibia,2023-05-01,0,0,0,0,0,0,0,0,0,0,0,0,0,0,0,0,0,1,0,1
Namibia,2023-06-01,0,1,0,0,0,0,0,0,0,0,0,0,0,0,0,0,0,0,0,0
Namibia,2023-07-01,0,0,0,0,0,0,0,0,0,0,0,0,0,0,0,0,0,0,0,0
Namibia,2023-08-01,0,0,0,0,0,0,0,0,0,0,0,0,0,0,1,0,0,0,0,0
Namibia,2023-09-01,0,0,1,1,0,0,0,0,0,0,1,0,0,0,0,1,0,0,0,0
Namibia,2023-10-01,0,0,0,0,0,0,0,0,0,0,0,0,0,0,0,0,0,0,0,0
Namibia,2023-11-01,0,0,1,0,0,0,0,0,0,0,0,1,0,0,0,0,0,0,0,0
Namibia,2023-12-01,0,0,0,1,0,0,0,0,0,0,0,0,0,0,0,0,0,0,0,0
Namibia,2024-01-01,0,0,0,0,0,0,0,0,0,0,0,0,0,0,0,0,0,0,0,0
Namibia,2024-02-01,0,0,0,0,0,0,0,0,0,0,0,0,0,0,0,0,0,0,0,0
Namibia,2024-03-01,0,0,0,0,0,0,0,0,0,0,0,0,0,0,0,0,0,0,1,0
Namibia,2024-04-01,0,0,0,0,0,0,0,0,0,0,0,0,0,0,0,0,0,0,0,1
Namibia,2024-05-01,0,0,0,0,0,1,0,0,0,0,0,0,0,0,0,0,0,0,0,0
Namibia,2024-06-01,0,0,0,0,0,0,0,0,0,0,1,0,0,0,0,0,0,0,0,0
Namibia,2024-07-01,0,1,0,0,0,0,0,0,0,0,0,0,0,0,0,0,0,0,0,0
Namibia,2024-08-01,0,0,1,0,0,0,0,0,0,0,0,0,0,0,0,0,0,0,0,0
Namibia,2024-09-01,0,0,0,0,1,0,0,0,0,0,0,0,0,0,0,0,0,0,0,0
Namibia,2024-10-01,0,0,0,0,1,0,0,0,1,0,0,0,0,0,1,1,1,0,0,0
Namibia,2024-11-01,0,0,0,0,0,0,0,0,0,0,0,0,0,0,0,0,0,1,0,0
Namibia,2024-12-01,0,0,0,0,0,0,0,0,0,0,0,0,1,1,0,0,0,0,0,0
Namibia,2025-01-01,1,0,0,0,0,0,1,1,0,0,0,0,0,0,0,0,0,0,0,0
Namibia,2025-02-01,0,0,0,0,0,0,0,0,0,0,0,0,0,0,0,0,0,0,0,0
Namibia,2025-03-01,1,0,0,0,0,0,1,0,0,0,0,0,0,0,1,0,0,0,0,0
Namibia,2025-04-01,1,0,0,1,0,0,0,0,1,0,0,0,0,0,0,0,0,0,0,0
Namibia,2025-05-01,0,0,0,0,0,0,0,0,0,0,0,0,1,0,0,0,0,0,1,0
Namibia,2025-06-01,0,0,0,0,0,1,0,0,0,0,0,0,0,0,0,0,0,0,0,0
Namibia,2025-07-01,0,0,0,0,0,0,0,0,0,0,0,0,0,0,0,0,0,0,0,0
Namibia,2025-08-01,0,0,0,0,0,0,0,0,0,0,0,0,0,0,0,0,0,0,1,0
Namibia,2025-09-01,0,0,0,0,0,0,0,0,0,0,0,0,0,0,0,0,0,0,0,0
Namibia,2025-10-01,0,0,0,0,0,0,0,0,0,1,0,0,0,0,0,0,0,0,0,0
Namibia,2025-11-01,0,0,0,0,0,0,0,0,0,0,0,0,0,0,0,0,0,0,0,0
Namibia,2025-12-01,0,0,0,0,0,0,0,0,0,0,0,0,0,0,0,0,0,0,0,0
Namibia,2026-01-01,0,0,0,0,0,0,0,0,0,0,0,0,0,0,0,0,0,0,0,0
Jamaica,2012-01-01,0,0,0,0,0,0,0,0,0,0,0,0,0,0,0,0,0,1,0,0
Jamaica,2012-02-01,0,0,1,1,0,0,1,0,0,1,0,0,0,0,0,1,0,1,0,0
Jamaica,2012-03-01,0,0,0,0,0,0,1,0,0,0,0,1,0,0,0,0,0,0,0,0
Jamaica,2012-04-01,0,0,0,0,0,0,0,0,0,0,0,0,0,0,0,0,0,0,0,0
Jamaica,2012-05-01,0,1,0,0,0,0,0,0,1,1,0,0,0,0,0,0,0,0,0,1
Jamaica,2012-06-01,0,0,0,0,0,0,0,0,0,0,0,0,0,0,0,0,0,0,0,0
Jamaica,2012-07-01,0,0,0,1,0,0,0,0,0,0,0,0,0,0,0,0,0,0,0,0
Jamaica,2012-08-01,1,0,0,0,0,0,0,0,0,0,0,0,0,0,0,0,0,0,0,1
Jamaica,2012-09-01,0,0,0,0,0,0,0,0,0,0,0,0,0,0,1,0,0,0,0,0
Jamaica,2012-10-01,1,0,0,0,0,0,0,1,1,0,1,0,0,0,0,0,0,0,0,0
Jamaica,2012-11-01,0,0,0,0,0,0,0,0,1,0,0,0,0,0,0,0,0,0,0,0
Jamaica,2012-12-01,0,1,0,0,0,0,1,0,0,0,0,0,0,1,0,0,0,0,0,0
Jamaica,2013-01-01,0,0,0,0,0,0,0,0,1,0,0,1,0,1,0,1,0,0,0,1
Jamaica,2013-02-01,0,0,0,0,0,0,0,0,0,0,0,0,0,0,0,0,0,0,0,0
Jamaica,2013-03-01,0,0,0,0,0,0,0,0,0,0,0,1,0,0,0,0,0,0,0,0
Jamaica,2013-04-01,0,0,0,0,1,0,0,0,0,0,0,0,1,0,0,0,0,0,1,0
Jamaica,2013-05-01,0,0,0,0,0,1,0,0,0,0,0,0,1,0,0,0,0,0,0,0
Jamaica,2013-06-01,0,1,0,0,0,0,0,0,0,0,0,0,0,0,0,0,0,0,0,0
Jamaica,2013-07-01,0,0,0,0,0,0,0,0,0,0,0,0,0,0,0,0,0,0,0,0
Jamaica,2013-08-01,0,0,0,0,0,0,0,0,0,0,1,0,0,0,0,0,0,0,0,0
Jamaica,2013-09-01,0,0,0,0,0,0,0,0,0,0,0,0,0,0,0,0,0,0,0,0
Jamaica,2013-10-01,0,0,0,1,0,0,0,0,0,0,0,0,0,0,0,0,0,0,0,1
Jamaica,2013-11-01,0,0,0,0,0,1,0,0,0,0,0,0,0,0,0,0,0,0,0,0
Jamaica,2013-12-01,0,0,0,0,0,0,0,0,0,0,0,0,0,0,0,0,0,0,0,0
Jamaica,2014-01-01,0,0,1,0,0,0,0,0,0,1,0,0,0,1,0,0,0,0,0,0
Jamaica,2014-02-01,0,0,0,0,0,0,0,0,0,0,0,0,0,0,0,0,0,0,0,0
Jamaica,2014-03-01,0,0,0,0,0,0,0,0,0,1,1,0,0,0,1,0,0,0,0,0
Jamaica,2014-04-01,0,0,1,0,0,0,0,0,0,0,0,0,0,0,0,0,0,0,0,0
Jamaica,2014-05-01,0,0,0,0,0,0,0,0,0,0,0,0,1,0,0,0,0,0,0,0
Jamaica,2014-06-01,0,1,0,0,0,0,0,0,0,0,0,0,0,0,1,0,1,0,0,0
Jamaica,2014-07-01,0,0,0,0,0,1,0,0,1,0,0,1,0,0,0,0,0,0,0,0
Jamaica,2014-08-01,0,0,0,0,0,0,0,0,0,0,0,1,1,0,0,0,0,0,0,1
Jamaica,2014-09-01,0,0,0,0,0,0,0,0,0,0,0,0,0,0,0,1,0,0,0,0
Jamaica,2014-10-01,0,0,0,0,0,0,0,0,0,0,0,0,0,0,0,0,0,0,0,0
Jamaica,2014-11-01,0,0,0,0,0,0,0,0,0,0,0,0,0,0,0,0,0,0,0,0
Jamaica,2014-12-01,0,0,0,0,0,0,0,0,0,0,0,0,0,0,0,0,0,0,0,0
Jamaica,2015-01-01,0,0,0,0,0,0,0,0,0,0,0,0,0,0,1,0,0,0,0,0
Jamaica,2015-02-01,0,0,0,0,0,0,0,0,0,0,0,0,0,0,0,0,0,0,0,0
Jamaica,2015-03-01,0,0,0,0,1,0,0,0,0,0,0,0,0,0,0,0,0,0,1,0
Jamaica,2015-04-01,0,0,0,0,0,0,0,0,0,0,0,0,0,0,0,0,0,0,0,0
Jamaica,2015-05-01,0,0,0,1,0,0,0,0,0,1,0,0,0,1,0,0,1,0,0,0
Jamaica,2015-06-01,0,0,0,0,0,0,0,1,0,0,0,0,0,0,0,0,0,0,0,0
Jamaica,2015-07-01,0,0,1,0,0,0,0,0,0,0,0,0,0,0,1,0,0,0,0,0
Jamaica,2015-08-01,0,0,0,0,0,0,0,0,0,0,0,0,0,1,0,0,0,0,0,0
Jamaica,2015-09-01,0,0,0,0,0,1,0,0,0,0,0,0,0,0,0,1,0,0,0,0
Jamaica,2015-10-01,0,0,0,0,0,0,0,0,0,0,0,0,0,0,0,0,0,0,0,0
Jamaica,2015-11-01,0,0,0,0,0,0,0,0,0,0,0,0,0,0,0,0,0,0,0,0
Jamaica,2015-12-01,0,0,0,0,0,1,0,0,0,0,0,0,0,0,0,0,0,0,0,0
Jamaica,2016-01-01,0,0,0,0,0,0,1,0,0,0,0,0,1,0,0,0,0,0,0,0
Jamaica,2016-02-01,0,0,0,0,0,0,0,0,0,0,0,0,0,0,0,0,0,0,0,0
Jamaica,2016-03-01,0,0,0,0,0,0,0,0,0,0,1,0,0,0,0,0,0,0,1,0
Jamaica,2016-04-01,0,0,0,0,1,0,0,0,0,1,0,0,0,0,0,0,0,0,0,0
Jamaica,2016-05-01,0,0,0,0,0,0,0,0,0,0,0,0,0,0,0,0,1,0,0,0
Jamaica,2016-06-01,0,1,0,0,0,0,0,0,0,0,0,0,0,0,0,1,0,0,0,0
Jamaica,2016-07-01,0,0,0,0,0,0,0,0,0,1,0,0,0,0,0,0,0,0,0,0
Jamaica,2016-08-01,0,0,0,0,0,0,0,0,0,0,0,0,0,0,0,0,0,0,1,0
Jamaica,2016-09-01,0,0,0,0,0,0,0,0,0,0,0,0,0,0,0,0,0,0,0,0
Jamaica,2016-10-01,1,0,0,0,0,0,0,1,1,0,1,0,0,0,1,0,0,0,0,0
Jamaica,2016-11-01,0,0,0,0,0,0,0,0,0,0,0,0,0,0,0,0,0,0,0,0
Jamaica,2016-12-01,0,0,0,0,0,0,0,0,0,0,0,0,1,0,0,0,0,0,0,0
Jamaica,2017-01-01,0,0,0,1,0,0,0,0,0,0,0,0,0,0,0,0,0,0,0,0
Jamaica,2017-02-01,0,0,1,0,1,0,0,0,0,0,0,0,0,0,0,0,0,0,0,0
Jamaica,2017-03-01,0,0,0,0,0,0,0,0,0,0,0,1,0,0,1,0,0,0,0,0
Jamaica,2017-04-01,0,0,0,0,0,1,0,0,0,0,0,0,0,0,0,0,0,0,0,0
Jamaica,2017-05-01,1,0,0,0,0,0,0,0,0,0,0,0,0,0,0,0,1,0,0,0
Jamaica,2017-06-01,0,0,0,0,0,0,0,0,0,0,0,0,0,0,0,0,0,0,0,0
Jamaica,2017-07-01,0,0,0,0,0,0,0,0,0,0,0,0,0,0,0,0,0,0,0,0
Jamaica,2017-08-01,0,0,0,0,0,0,0,0,0,1,0,0,0,0,1,0,0,0,0,0
Jamaica,2017-09-01,0,0,0,0,0,0,0,0,0,0,0,0,0,1,0,1,0,0,0,0
Jamaica,2017-10-01,0,1,0,1,0,0,0,0,0,0,0,0,0,0,0,0,0,0,1,1
Jamaica,2017-11-01,0,0,0,0,0,0,0,0,0,0,0,0,0,0,0,0,0,0,0,0
Jamaica,2017-12-01,0,0,0,0,0,0,0,0,0,0,0,0,0,0,0,0,0,0,0,0
Jamaica,2018-01-01,1,0,0,0,0,0,0,1,0,0,0,0,0,0,0,0,0,0,1,0
Jamaica,2018-02-01,0,0,1,0,1,0,0,0,0,0,0,0,0,0,0,0,0,0,0,0
Jamaica,2018-03-01,0,0,0,0,0,0,0,0,0,0,0,0,0,0,0,0,0,0,0,0
Jamaica,2018-04-01,0,0,0,0,0,0,0,0,0,0,0,0,0,0,0,0,0,0,0,0
Jamaica,2018-05-01,0,0,0,0,0,0,0,0,0,0,0,0,0,0,0,0,0,0,0,0
Jamaica,2018-06-01,0,0,0,0,0,0,0,1,0,0,0,0,0,0,0,0,0,0,0,0
Jamaica,2018-07-01,0,0,0,0,0,0,0,0,0,0,0,1,1,0,0,0,0,0,0,0
Jamaica,2018-08-01,0,0,0,0,0,1,0,0,0,0,0,1,0,0,0,0,0,0,0,1
Jamaica,2018-09-01,0,0,0,0,0,0,0,0,1,0,0,0,0,0,1,0,1,0,0,0
Jamaica,2018-10-01,0,0,0,0,0,0,0,0,0,0,0,0,0,0,0,1,0,0,0,0
Jamaica,2018-11-01,0,0,0,0,0,0,0,0,0,0,0,0,0,0,0,0,0,0,0,0
Jamaica,2018-12-01,0,0,0,0,0,0,0,0,0,0,0,0,0,0,1,0,0,0,0,0
Jamaica,2019-01-01,0,0,0,0,0,0,0,0,0,0,0,0,0,0,0,0,0,0,0,0
Jamaica,2019-02-01,0,0,0,0,0,0,0,0,0,0,0,0,1,0,0,0,0,0,0,0
Jamaica,2019-03-01,0,0,1,1,0,0,0,0,0,0,0,0,0,1,0,0,0,0,0,1
Jamaica,2019-04-01,0,0,0,0,0,0,0,0,0,0,0,0,0,0,0,0,0,0,0,0
Jamaica,2019-05-01,0,0,0,0,0,0,0,0,0,0,0,0,0,0,0,0,0,0,0,0
Jamaica,2019-06-01,0,1,0,0,0,0,0,0,0,1,0,0,0,0,0,0,0,0,0,1
Jamaica,2019-07-01,0,0,0,0,0,0,0,0,0,0,0,0,0,0,0,0,1,0,1,1
Jamaica,2019-08-01,0,0,1,0,0,0,0,0,0,0,0,0,0,0,0,0,0,0,0,0
Jamaica,2019-09-01,0,0,1,0,0,0,1,0,0,0,0,1,0,0,0,0,0,0,1,0
Jamaica,2019-10-01,0,0,0,0,0,0,0,0,0,0,0,0,0,0,0,0,1,0,0,0
Jamaica,2019-11-01,0,0,0,0,0,0,0,0,0,1,0,0,0,0,0,0,0,0,0,0
Jamaica,2019-12-01,0,0,0,0,0,0,0,0,0,0,0,0,0,0,0,1,0,0,0,0
Jamaica,2020-01-01,1,0,0,0,0,0,0,0,0,0,0,0,0,0,1,1,0,0,0,0
Jamaica,2020-02-01,0,0,0,0,1,0,0,0,0,0,1,0,0,0,0,0,0,0,0,0
Jamaica,2020-03-01,0,0,0,0,0,0,0,0,0,0,0,0,0,0,0,0,0,0,0,0
Jamaica,2020-04-01,0,0,0,0,0,0,0,0,0,0,0,0,0,0,0,0,0,0,0,0
Jamaica,2020-05-01,0,0,0,0,0,0,0,0,0,0,0,0,0,0,0,0,0,0,0,0
Jamaica,2020-06-01,0,0,0,0,0,0,0,0,0,0,0,0,0,1,0,0,0,0,0,0
Jamaica,2020-07-01,0,0,0,0,0,0,0,0,0,0,0,0,0,0,0,0,0,0,0,0
Jamaica,2020-08-01,0,0,0,0,0,0,0,0,0,0,0,0,0,0,0,0,0,0,0,0
Jamaica,2020-09-01,0,0,0,0,0,0,0,0,0,0,0,0,0,0,0,0,0,0,0,0
Jamaica,2020-10-01,1,0,0,0,0,0,0,0,0,0,0,0,0,0,0,0,0,0,0,0
Jamaica,2020-11-01,1,0,0,1,0,0,0,1,1,1,0,0,0,0,0,0,0,0,0,1
Jamaica,2020-12-01,0,0,0,0,0,1,0,0,0,0,0,0,0,0,0,0,0,0,0,0
Jamaica,2021-01-01,0,0,0,0,0,0,0,0,0,0,0,0,1,0,0,0,0,0,0,1
Jamaica,2021-02-01,0,0,0,0,0,1,0,0,0,0,0,0,0,0,1,0,0,0,0,0
Jamaica,2021-03-01,0,0,1,0,0,0,0,0,0,0,0,0,0,0,0,0,0,0,0,0
Jamaica,2021-04-01,0,0,0,0,0,0,0,0,0,0,0,0,0,0,0,0,0,0,0,0
Jamaica,2021-05-01,0,1,0,0,1,0,0,0,0,0,0,0,0,0,0,0,0,0,0,0
Jamaica,2021-06-01,0,0,1,1,0,0,0,0,0,0,1,0,0,0,1,0,1,0,1,0
Jamaica,2021-07-01,1,0,0,0,0,0,0,1,1,0,0,1,0,0,0,0,0,0,1,0
Jamaica,2021-08-01,1,0,0,0,0,0,0,0,0,0,0,0,0,0,0,0,0,0,0,0
Jamaica,2021-09-01,0,0,0,0,0,0,0,0,0,0,0,0,0,0,0,1,0,0,0,0
Jamaica,2021-10-01,0,0,0,0,0,0,0,0,0,0,0,0,0,0,0,0,0,0,0,0
Jamaica,2021-11-01,0,0,0,0,0,0,0,0,0,0,1,0,0,0,0,0,0,0,0,0
Jamaica,2021-12-01,0,0,0,0,0,0,0,0,0,0,0,0,0,0,0,0,0,0,0,0
Jamaica,2022-01-01,0,0,0,0,0,0,0,0,0,0,0,0,0,0,0,0,0,0,0,0
Jamaica,2022-02-01,0,0,0,0,0,0,0,0,0,0,0,0,0,0,0,0,0,0,0,0
Jamaica,2022-03-01,0,0,0,0,0,0,0,0,0,0,0,0,0,0,0,0,0,0,0,0
Jamaica,2022-04-01,0,0,0,1,0,0,0,0,0,0,0,0,0,0,0,0,0,0,0,0
Jamaica,2022-05-01,0,0,0,1,0,0,0,0,0,0,0,0,0,0,0,0,0,0,0,0
Jamaica,2022-06-01,0,0,0,0,0,0,0,0,0,0,1,0,0,0,0,0,0,0,0,0
Jamaica,2022-07-01,0,0,0,0,0,0,0,0,0,0,0,0,1,0,0,0,0,0,0,0
Jamaica,2022-08-01,0,0,0,0,0,0,0,0,0,0,0,0,0,0,1,0,0,0,0,0
Jamaica,2022-09-01,1,0,0,0,0,0,0,0,0,0,0,0,0,0,0,0,0,0,0,0
Jamaica,2022-10-01,0,0,0,0,0,0,0,0,0,0,0,0,1,0,0,0,0,0,0,0
Jamaica,2022-11-01,0,0,0,0,0,0,0,1,0,0,0,0,0,1,0,1,0,0,0,0
Jamaica,2022-12-01,0,0,0,0,0,0,0,0,0,0,0,0,0,0,0,0,0,0,0,0
Jamaica,2023-01-01,0,0,0,0,0,0,0,0,0,0,0,0,0,0,0,0,0,1,0,0
Jamaica,2023-02-01,0,0,0,0,0,0,0,0,0,0,0,1,0,0,0,0,0,0,0,0
Jamaica,2023-03-01,0,0,1,0,0,0,0,0,0,1,0,1,0,0,0,0,0,0,0,0
Jamaica,2023-04-01,0,0,0,0,0,0,0,0,0,0,0,0,0,0,0,0,0,0,0,1
Jamaica,2023-05-01,0,0,0,0,1,0,0,0,0,0,0,0,0,0,0,1,0,0,0,0
Jamaica,2023-06-01,0,0,0,0,0,0,0,0,0,0,0,0,0,0,0,0,0,0,0,0
Jamaica,2023-07-01,0,0,0,0,0,0,0,0,0,0,0,0,0,0,0,0,0,0,1,0
Jamaica,2023-08-01,0,0,0,0,0,0,0,0,0,0,0,0,0,0,0,0,0,0,0,0
Jamaica,2023-09-01,0,0,0,0,0,0,0,0,0,0,0,0,0,0,0,0,0,0,0,0
Jamaica,2023-10-01,0,1,0,0,0,0,0,0,0,0,0,0,0,0,0,0,1,0,0,0
Jamaica,2023-11-01,1,0,0,0,0,0,0,0,0,0,0,0,0,0,0,0,0,0,0,0
Jamaica,2023-12-01,0,0,0,0,0,0,0,1,0,0,0,0,0,0,0,0,0,0,0,0
Jamaica,2024-01-01,0,0,0,0,0,0,0,0,0,0,0,0,0,0,0,0,0,0,0,0
Jamaica,2024-02-01,0,0,0,0,0,0,0,0,0,0,0,0,0,0,0,0,0,0,0,0
Jamaica,2024-03-01,0,0,0,0,0,0,0,0,0,0,0,0,0,0,0,0,0,0,0,0
Jamaica,2024-04-01,0,0,1,0,1,0,0,0,0,0,0,1,0,0,0,0,0,0,0,0
Jamaica,2024-05-01,0,0,0,0,0,0,0,0,0,0,0,0,0,0,0,0,0,0,0,0
Jamaica,2024-06-01,0,0,0,0,0,1,0,0,0,0,0,0,0,0,1,0,1,0,0,0
Jamaica,2024-07-01,1,0,0,0,0,0,0,1,1,0,1,0,1,1,0,0,0,0,0,0
Jamaica,2024-08-01,0,0,0,0,0,0,0,0,1,0,0,0,0,0,0,0,0,0,0,0
Jamaica,2024-09-01,0,1,0,0,0,0,0,0,0,0,0,1,0,0,0,0,0,0,0,0
Jamaica,2024-10-01,0,0,0,0,0,0,0,0,0,0,0,0,0,0,0,0,0,0,0,0
Jamaica,2024-11-01,0,0,0,1,0,0,0,0,0,0,0,0,1,0,0,1,0,0,0,0
Jamaica,2024-12-01,0,0,0,0,0,0,1,0,0,1,0,0,0,0,0,0,1,0,0,1
Jamaica,2025-01-01,0,0,0,0,0,0,0,0,0,0,0,0,0,0,1,0,0,0,0,0
Jamaica,2025-02-01,0,0,0,0,0,0,0,0,0,0,0,0,0,0,0,0,0,0,0,0
Jamaica,2025-03-01,0,0,0,0,0,0,0,0,0,0,0,0,0,0,0,0,0,0,0,0
Jamaica,2025-04-01,0,0,0,0,0,0,0,0,0,1,0,0,0,0,0,0,0,0,0,0
Jamaica,2025-05-01,0,0,0,0,1,0,0,0,0,0,0,0,0,0,0,0,0,0,0,0
Jamaica,2025-06-01,0,0,0,0,0,0,0,0,0,0,0,0,0,0,0,0,0,0,0,0
Jamaica,2025-07-01,0,0,0,0,0,0,0,0,0,0,0,0,0,0,1,0,0,0,0,0
Jamaica,2025-08-01,0,0,0,0,0,0,0,0,0,0,0,0,0,0,0,0,0,0,0,0
Jamaica,2025-09-01,0,0,0,0,0,0,0,0,0,0,0,0,0,0,0,0,0,0,1,0
Jamaica,2025-10-01,1,0,0,0,0,0,1,1,1,0,1,0,0,1,0,1,0,0,0,0
Jamaica,2025-11-01,1,0,1,1,0,0,1,1,1,0,1,1,1,0,0,1,1,0,1,0
Jamaica,2025-12-01,0,0,0,0,0,0,0,0,0,0,0,0,0,0,0,0,0,0,0,0
Jamaica,2026-01-01,0,0,0,0,0,0,0,0,0,0,0,0,0,0,0,0,0,0,0,0
Tanzania,2012-01-01,0,0,0,0,0,1,0,0,0,0,0,0,0,1,1,0,0,0,0,0
Tanzania,2012-02-01,0,0,1,1,1,0,1,0,1,0,0,0,1,1,0,0,0,0,0,0
Tanzania,2012-03-01,1,0,0,0,0,0,0,0,0,0,0,0,1,1,0,0,0,0,0,1
Tanzania,2012-04-01,1,1,0,0,0,0,0,0,1,0,0,0,0,0,0,1,0,0,1,0
Tanzania,2012-05-01,0,0,0,0,0,0,0,1,0,0,0,0,0,0,0,0,0,1,0,1
Tanzania,2012-06-01,0,0,0,0,0,0,0,0,0,0,0,0,0,0,0,0,0,0,0,0
Tanzania,2012-07-01,0,0,0,0,0,0,0,0,0,0,0,0,0,0,0,0,0,0,0,0
Tanzania,2012-08-01,0,0,0,0,0,0,0,0,0,0,0,0,0,0,1,0,0,0,0,0
Tanzania,2012-09-01,0,0,0,0,0,0,0,0,0,1,0,0,0,0,0,0,1,0,0,0
Tanzania,2012-10-01,0,1,0,0,0,0,1,0,0,0,0,0,0,0,0,0,0,0,0,0
Tanzania,2012-11-01,0,0,0,0,0,0,0,0,0,0,0,0,0,0,0,0,0,0,0,0
Tanzania,2012-12-01,0,0,0,0,0,0,0,0,0,0,0,0,0,0,0,0,0,0,0,0
Tanzania,2013-01-01,0,0,0,0,0,0,0,0,0,0,0,0,0,0,0,0,1,1,0,0
Tanzania,2013-02-01,0,0,0,1,0,0,0,0,0,0,0,0,0,0,0,0,0,0,0,0
Tanzania,2013-03-01,0,0,0,0,0,1,0,0,0,1,1,1,0,0,0,0,0,0,0,0
Tanzania,2013-04-01,0,0,0,0,1,0,0,0,0,0,0,0,0,0,1,0,1,0,0,0
Tanzania,2013-05-01,0,0,0,0,0,0,0,0,0,0,0,0,0,0,0,0,0,0,0,0
Tanzania,2013-06-01,0,0,0,0,0,0,0,0,0,0,0,0,0,0,0,0,0,0,0,0
Tanzania,2013-07-01,0,0,0,0,0,0,0,0,0,0,0,0,0,0,0,0,0,0,1,0
Tanzania,2013-08-01,0,0,0,0,0,0,0,0,0,0,0,0,0,0,0,0,0,0,0,0
Tanzania,2013-09-01,0,0,0,0,0,0,0,0,0,1,0,0,0,0,0,0,0,0,0,0
Tanzania,2013-10-01,0,0,0,0,0,0,0,0,0,0,0,0,0,0,0,0,0,0,0,0
Tanzania,2013-11-01,0,0,0,0,0,0,0,0,0,0,0,0,0,0,0,0,0,1,0,0
Tanzania,2013-12-01,0,0,0,0,0,0,0,0,0,0,0,0,0,0,0,0,0,0,0,0
Tanzania,2014-01-01,0,0,0,0,0,0,0,0,0,0,0,0,1,0,0,0,0,0,0,1
Tanzania,2014-02-01,0,0,0,0,0,1,0,0,0,0,0,0,0,0,0,0,0,0,0,0
Tanzania,2014-03-01,0,1,0,0,0,0,0,0,0,0,0,0,0,0,0,0,0,0,0,0
Tanzania,2014-04-01,1,0,0,0,0,0,0,0,0,0,0,0,0,0,0,0,0,1,0,0
Tanzania,2014-05-01,0,0,0,0,0,0,0,0,1,0,0,0,0,1,0,0,0,1,0,0
Tanzania,2014-06-01,0,1,0,1,1,0,0,0,0,0,0,1,0,0,1,1,1,0,0,0
Tanzania,2014-07-01,0,0,1,0,1,0,0,0,0,0,0,0,0,0,0,0,1,0,0,0
Tanzania,2014-08-01,0,0,0,0,0,0,0,0,0,0,0,0,0,0,0,0,1,0,1,0
Tanzania,2014-09-01,0,0,0,0,0,0,0,0,0,0,1,0,0,0,0,0,0,0,0,0
Tanzania,2014-10-01,0,0,0,0,0,0,0,0,0,1,0,0,0,0,0,0,0,0,0,0
Tanzania,2014-11-01,0,0,0,0,0,0,0,0,1,1,0,0,0,0,0,1,0,0,0,0
Tanzania,2014-12-01,0,0,0,0,0,0,0,0,0,0,0,0,0,0,0,0,0,0,0,1
Tanzania,2015-01-01,0,0,0,0,0,0,0,0,0,0,0,0,0,0,0,0,0,0,0,0
Tanzania,2015-02-01,0,0,0,0,0,0,0,0,0,0,0,0,0,0,0,0,0,0,0,0
Tanzania,2015-03-01,0,0,0,0,0,0,0,0,0,0,0,0,0,0,0,0,0,0,0,0
Tanzania,2015-04-01,0,0,0,0,0,0,0,0,0,0,0,0,0,0,1,0,0,0,0,0
Tanzania,2015-05-01,1,0,0,1,0,0,0,1,0,0,0,0,0,0,0,0,0,0,0,0
Tanzania,2015-06-01,0,0,0,0,0,0,0,0,0,0,0,1,0,0,0,0,0,0,0,0
Tanzania,2015-07-01,0,0,0,0,0,0,0,0,0,0,0,0,0,0,0,0,0,0,0,0
Tanzania,2015-08-01,0,0,0,0,0,0,0,0,0,0,0,0,0,0,0,0,0,0,0,0
Tanzania,2015-09-01,0,0,0,0,0,0,0,0,0,0,0,0,1,0,0,0,1,0,0,0
Tanzania,2015-10-01,0,0,0,0,0,0,0,0,0,0,0,0,0,0,0,0,0,0,1,0
Tanzania,2015-11-01,0,1,0,0,0,0,0,0,0,0,0,0,0,0,0,0,0,0,0,0
Tanzania,2015-12-01,0,0,0,0,0,0,0,0,0,0,1,0,0,0,0,0,0,0,0,0
Tanzania,2016-01-01,0,0,0,0,0,1,1,1,0,0,0,0,0,0,0,0,0,1,0,0
Tanzania,2016-02-01,0,0,0,1,0,0,0,0,0,0,0,0,0,1,0,0,0,0,0,0
Tanzania,2016-03-01,0,0,0,0,0,1,0,0,0,0,0,0,0,0,0,0,0,0,0,0
Tanzania,2016-04-01,0,0,0,0,1,0,0,0,0,0,0,0,0,0,0,0,0,0,0,0
Tanzania,2016-05-01,0,0,1,0,0,0,0,0,0,0,0,0,0,0,0,1,0,0,0,0
Tanzania,2016-06-01,0,0,1,0,1,0,0,0,0,0,0,0,0,1,0,0,0,0,0,0
Tanzania,2016-07-01,0,0,0,0,0,0,0,0,0,0,0,0,0,0,0,0,0,0,0,0
Tanzania,2016-08-01,0,0,0,0,0,0,0,0,0,0,0,0,0,0,0,0,0,0,0,0
Tanzania,2016-09-01,1,0,0,0,0,0,0,0,1,0,0,0,0,0,0,0,0,0,0,0
Tanzania,2016-10-01,0,0,0,0,0,0,0,0,0,0,0,0,0,0,0,0,0,0,0,0
Tanzania,2016-11-01,0,0,0,0,0,0,0,0,0,0,0,0,0,0,0,0,0,0,0,0
Tanzania,2016-12-01,0,0,0,0,0,0,0,0,0,0,0,0,0,0,0,0,0,0,0,0
Tanzania,2017-01-01,0,0,0,0,0,0,0,0,0,0,0,0,0,0,0,0,0,0,0,0
Tanzania,2017-02-01,0,0,0,0,0,1,0,0,0,0,0,0,0,0,0,0,1,0,0,1
Tanzania,2017-03-01,0,0,0,0,0,0,1,0,0,0,0,0,1,0,0,0,0,0,1,0
Tanzania,2017-04-01,0,0,0,0,0,0,0,0,0,0,0,0,0,0,0,0,0,0,0,0
Tanzania,2017-05-01,0,0,0,0,0,0,0,0,0,0,0,0,0,0,0,0,0,0,0,0
Tanzania,2017-06-01,0,0,0,0,0,0,0,0,0,0,0,0,0,0,0,0,0,0,0,0
Tanzania,2017-07-01,0,0,0,0,0,0,0,1,1,0,0,1,0,0,1,0,0,0,0,0
Tanzania,2017-08-01,0,0,0,0,0,0,0,0,0,0,0,0,0,0,0,0,0,1,0,1
Tanzania,2017-09-01,0,0,0,0,0,0,0,0,0,0,0,0,0,0,0,0,0,0,0,0
Tanzania,2017-10-01,0,0,0,0,0,0,0,1,0,0,0,0,0,0,0,0,0,0,0,0
Tanzania,2017-11-01,0,1,0,0,0,0,0,0,0,0,0,0,0,0,0,0,0,0,0,0
Tanzania,2017-12-01,0,0,0,0,0,0,0,0,0,0,0,0,0,0,0,0,0,0,0,0
Tanzania,2018-01-01,0,0,0,0,0,0,0,0,0,1,0,0,0,0,0,0,0,0,0,0
Tanzania,2018-02-01,0,0,0,1,0,0,0,0,0,0,0,0,0,1,0,0,0,1,0,0
Tanzania,2018-03-01,0,0,0,0,0,0,0,0,0,0,0,0,0,0,0,0,0,0,0,0
Tanzania,2018-04-01,1,1,0,1,0,0,0,0,0,0,0,0,0,0,0,1,0,0,1,0
Tanzania,2018-05-01,0,0,0,0,1,0,0,0,0,0,0,0,1,0,0,1,0,0,0,0
Tanzania,2018-06-01,0,0,1,0,0,1,0,0,0,0,0,0,0,0,0,0,1,0,0,0
Tanzania,2018-07-01,0,0,0,0,0,0,0,0,0,0,0,0,0,0,0,1,0,0,0,0
Tanzania,2018-08-01,0,0,0,0,0,0,0,0,0,0,0,0,0,0,0,0,0,0,0,0
Tanzania,2018-09-01,0,0,0,0,0,0,0,0,0,0,0,0,0,0,0,0,0,0,0,0
Tanzania,2018-10-01,0,0,0,0,0,0,0,0,0,0,0,0,0,0,0,0,0,0,0,0
Tanzania,2018-11-01,0,0,0,0,0,0,0,0,0,0,0,0,0,0,0,0,0,0,0,0
Tanzania,2018-12-01,0,0,0,0,0,0,0,1,0,0,0,0,0,0,0,0,0,0,0,0
Tanzania,2019-01-01,0,0,0,0,0,0,0,0,0,1,0,0,0,0,0,0,0,0,0,0
Tanzania,2019-02-01,0,0,0,0,0,0,0,0,0,0,0,0,0,0,0,0,0,0,0,0
Tanzania,2019-03-01,0,0,1,0,0,0,0,0,0,0,0,0,0,0,0,0,0,0,0,1
Tanzania,2019-04-01,1,0,0,0,0,0,0,1,0,0,1,0,0,0,1,0,0,0,0,0
Tanzania,2019-05-01,0,0,0,0,0,0,0,0,1,1,0,1,0,0,1,0,0,0,0,0
Tanzania,2019-06-01,0,0,0,0,0,0,0,0,1,0,0,0,0,0,1,0,1,0,0,0
Tanzania,2019-07-01,0,0,1,1,0,0,0,0,0,0,0,0,0,1,0,0,0,1,0,0
Tanzania,2019-08-01,0,0,0,0,0,0,1,0,0,0,0,0,0,0,0,0,0,0,0,0
Tanzania,2019-09-01,0,0,0,0,0,0,0,1,0,0,0,0,0,1,0,0,0,0,0,0
Tanzania,2019-10-01,0,0,0,0,0,0,0,0,0,0,0,0,0,0,0,0,0,0,0,0
Tanzania,2019-11-01,0,0,0,0,1,0,0,0,0,0,0,0,0,0,0,0,0,0,1,0
Tanzania,2019-12-01,0,0,0,0,0,0,0,0,0,0,1,0,0,0,0,1,0,0,0,0
Tanzania,2020-01-01,0,0,0,0,0,0,0,0,0,0,0,0,0,0,0,0,0,0,0,0
Tanzania,2020-02-01,0,1,0,0,0,0,0,0,1,0,0,0,0,0,0,0,0,0,0,0
Tanzania,2020-03-01,0,0,0,0,0,0,0,0,0,0,0,0,0,0,0,0,0,0,0,0
Tanzania,2020-04-01,0,0,0,0,0,0,0,0,0,0,0,0,0,0,0,0,0,0,0,0
Tanzania,2020-05-01,0,0,0,0,0,1,1,1,0,0,0,0,0,0,0,0,0,0,0,0
Tanzania,2020-06-01,0,0,0,0,1,0,0,0,0,0,0,0,1,0,0,0,1,0,0,0
Tanzania,2020-07-01,0,0,0,0,0,0,0,0,0,0,0,0,0,0,0,0,0,0,0,0
Tanzania,2020-08-01,0,0,0,0,0,0,0,0,0,1,0,0,0,0,0,0,0,0,0,0
Tanzania,2020-09-01,0,0,0,0,0,0,0,0,0,0,0,0,0,0,0,0,0,0,0,0
Tanzania,2020-10-01,1,0,0,0,0,0,0,0,0,0,0,0,0,0,0,0,0,0,0,0
Tanzania,2020-11-01,0,0,0,0,0,0,0,0,0,0,0,0,0,0,0,0,0,0,0,1
Tanzania,2020-12-01,0,0,0,0,0,0,0,0,1,0,0,0,0,0,0,0,0,0,0,0
Tanzania,2021-01-01,0,0,0,0,0,0,0,0,0,0,0,0,0,0,0,0,0,0,0,0
Tanzania,2021-02-01,0,0,0,0,0,0,0,0,0,0,0,0,0,0,0,0,0,0,0,0
Tanzania,2021-03-01,0,0,0,0,0,0,0,0,0,0,0,1,0,0,0,0,0,0,0,0
Tanzania,2021-04-01,0,0,0,0,0,0,0,0,0,0,0,0,0,0,0,0,0,0,1,0
Tanzania,2021-05-01,0,0,0,1,0,0,0,0,0,0,0,0,0,0,0,0,0,0,0,0
Tanzania,2021-06-01,0,0,0,0,0,1,0,0,0,0,0,0,0,0,0,0,0,0,0,0
Tanzania,2021-07-01,0,0,0,0,0,0,0,0,0,0,0,0,0,0,0,0,0,0,0,0
Tanzania,2021-08-01,0,0,0,0,0,0,0,0,0,0,0,0,0,0,0,1,0,1,0,0
Tanzania,2021-09-01,0,0,0,0,0,0,0,0,0,0,0,0,0,0,0,0,0,0,0,0
Tanzania,2021-10-01,0,0,0,0,0,0,0,1,0,0,0,0,0,1,0,0,0,0,0,0
Tanzania,2021-11-01,0,0,1,0,1,0,1,0,0,1,1,0,0,0,0,0,1,0,0,0
Tanzania,2021-12-01,0,0,0,0,1,0,0,0,0,0,0,0,0,0,0,1,0,0,0,0
Tanzania,2022-01-01,0,0,1,0,0,0,0,0,0,0,0,0,0,0,0,0,0,0,0,1
Tanzania,2022-02-01,0,0,0,0,0,0,0,0,0,0,0,0,0,0,1,0,0,0,0,0
Tanzania,2022-03-01,0,0,0,0,0,0,0,0,0,0,0,0,0,0,0,0,0,0,0,0
Tanzania,2022-04-01,0,0,0,0,0,0,0,0,0,0,1,0,0,0,0,0,0,0,0,0
Tanzania,2022-05-01,0,0,0,0,0,0,0,0,0,0,0,0,0,0,0,0,0,0,0,0
Tanzania,2022-06-01,0,0,0,1,0,0,0,0,0,0,0,0,0,1,1,0,0,0,0,0
Tanzania,2022-07-01,0,0,0,0,0,0,0,0,0,0,0,0,0,0,0,0,0,0,1,0
Tanzania,2022-08-01,0,0,0,0,0,0,0,0,0,0,0,0,0,0,0,0,0,0,0,0
Tanzania,2022-09-01,0,0,0,0,0,0,0,0,0,0,0,0,0,0,0,0,0,0,0,0
Tanzania,2022-10-01,0,0,0,0,0,0,1,0,0,0,0,0,1,0,0,0,0,0,0,0
Tanzania,2022-11-01,1,0,0,0,0,0,0,0,0,0,0,1,0,0,0,0,0,0,0,0
Tanzania,2022-12-01,0,0,0,0,0,0,0,1,0,0,0,0,0,0,0,0,0,1,0,0
Tanzania,2023-01-01,0,0,0,0,0,0,0,0,0,1,1,0,1,0,0,0,0,0,0,1
Tanzania,2023-02-01,0,0,0,0,0,0,0,0,0,1,0,0,0,0,0,0,0,0,0,0
Tanzania,2023-03-01,0,0,0,0,0,0,0,0,0,0,0,0,0,0,0,1,0,0,0,0
Tanzania,2023-04-01,0,0,1,0,0,0,0,0,0,0,0,0,0,0,0,0,0,0,0,0
Tanzania,2023-05-01,0,0,0,0,0,0,0,0,0,0,0,0,0,0,0,0,0,0,0,0
Tanzania,2023-06-01,0,0,0,0,0,1,0,0,0,0,0,0,0,0,0,0,1,0,0,0
Tanzania,2023-07-01,0,0,0,0,0,0,0,0,0,0,0,0,0,0,0,0,0,0,0,0
Tanzania,2023-08-01,0,0,0,0,0,1,0,0,0,0,0,0,0,0,0,0,0,0,0,0
Tanzania,2023-09-01,0,0,0,0,0,0,0,0,1,0,0,0,0,0,0,0,0,0,0,0
Tanzania,2023-10-01,0,0,0,0,0,0,0,0,0,0,0,0,0,0,0,0,0,0,1,0
Tanzania,2023-11-01,0,0,0,0,0,0,0,0,0,0,0,0,0,0,0,0,0,0,0,0
Tanzania,2023-12-01,1,0,0,0,0,0,0,0,0,0,0,0,0,0,0,0,0,0,0,0
Tanzania,2024-01-01,0,0,0,0,0,0,0,0,0,0,0,0,0,0,0,0,0,0,0,0
Tanzania,2024-02-01,0,0,0,0,0,0,0,0,0,0,1,0,0,0,0,1,0,0,0,0
Tanzania,2024-03-01,0,0,0,0,0,0,0,0,0,0,0,0,0,0,0,0,0,0,0,0
Tanzania,2024-04-01,1,0,0,0,0,0,0,1,0,0,0,0,0,0,0,0,0,0,0,0
Tanzania,2024-05-01,1,1,0,0,0,0,0,1,0,0,0,0,0,0,0,0,0,0,0,0
Tanzania,2024-06-01,0,0,0,1,0,0,0,0,0,0,0,0,1,0,1,0,0,0,0,1
Tanzania,2024-07-01,0,0,0,0,0,0,0,0,0,0,0,0,0,0,0,0,0,1,0,0
Tanzania,2024-08-01,0,0,0,0,0,1,0,0,0,0,0,0,0,0,0,0,0,0,0,0
Tanzania,2024-09-01,0,0,0,0,0,0,0,0,0,0,0,0,0,0,0,0,0,0,0,0
Tanzania,2024-10-01,0,0,1,0,0,0,0,0,0,0,0,0,0,0,0,0,0,0,0,0
Tanzania,2024-11-01,0,0,0,0,0,0,0,0,0,0,0,0,1,0,0,1,0,0,0,0
Tanzania,2024-12-01,0,0,0,0,0,0,0,0,0,0,0,0,0,0,0,1,0,1,0,0
Tanzania,2025-01-01,0,0,0,0,1,0,1,0,1,1,0,1,0,1,0,0,0,0,0,0
Tanzania,2025-02-01,0,1,0,0,1,0,0,0,0,0,0,0,0,0,0,0,0,0,0,0
Tanzania,2025-03-01,1,0,0,0,1,0,1,0,0,0,1,1,0,0,0,0,1,0,1,0
Tanzania,2025-04-01,0,0,0,0,0,0,0,1,0,0,0,0,0,1,0,0,1,0,0,0
Tanzania,2025-05-01,0,0,0,0,1,0,1,0,1,0,0,0,0,0,0,0,0,0,1,0
Tanzania,2025-06-01,0,1,0,0,0,0,0,0,0,0,0,0,0,0,0,0,1,0,0,0
Tanzania,2025-07-01,0,0,0,0,0,0,0,0,1,0,0,1,0,1,0,0,0,0,0,0
Tanzania,2025-08-01,0,0,0,0,0,0,0,0,0,0,0,0,0,0,0,0,0,0,0,0
Tanzania,2025-09-01,0,0,0,0,0,0,0,0,1,0,0,0,0,0,0,0,0,0,0,0
Tanzania,2025-10-01,0,0,0,0,0,0,0,0,0,0,0,0,0,0,0,0,0,0,0,0
Tanzania,2025-11-01,0,0,0,0,0,0,0,0,0,0,0,0,0,0,0,0,0,0,0,0
Tanzania,2025-12-01,0,0,0,0,0,0,0,0,0,0,0,0,0,0,0,0,0,0,0,0
Tanzania,2026-01-01,0,0,0,0,0,0,0,0,0,0,0,0,0,0,0,0,0,0,0,0
Hungary,2012-01-01,0,0,0,0,0,1,0,0,0,0,0,0,0,0,0,1,0,0,0,0
Hungary,2012-02-01,1,0,0,0,0,0,1,0,0,1,0,0,0,1,0,0,0,1,0,0
Hungary,2012-03-01,0,0,0,0,0,0,0,0,0,0,0,0,0,0,0,0,0,1,0,0
Hungary,2012-04-01,0,0,0,0,1,0,0,0,0,1,0,0,0,1,0,0,0,0,0,0
Hungary,2012-05-01,0,0,0,0,0,0,0,0,0,0,0,0,0,0,1,0,0,0,0,0
Hungary,2012-06-01,0,0,0,0,0,0,0,0,0,0,0,0,0,0,0,0,1,0,0,1
Hungary,2012-07-01,0,0,0,0,1,0,1,0,0,0,1,0,0,0,0,0,0,0,0,0
Hungary,2012-08-01,0,0,0,0,0,0,0,1,0,0,0,1,0,1,0,0,0,0,0,0
Hungary,2012-09-01,0,0,1,0,0,0,0,0,0,0,0,0,0,0,0,0,0,0,0,0
Hungary,2012-10-01,0,0,0,0,0,0,0,0,0,0,0,0,0,0,0,0,0,0,0,0
Hungary,2012-11-01,0,0,0,0,0,0,0,0,0,0,0,0,1,0,0,0,0,0,0,1
Hungary,2012-12-01,0,0,0,1,0,1,0,0,0,0,0,0,0,0,0,0,0,0,0,0
Hungary,2013-01-01,0,1,0,0,0,0,0,0,0,0,0,0,0,0,0,0,0,0,0,0
Hungary,2013-02-01,0,0,1,0,0,0,0,0,0,0,0,0,0,0,0,0,0,0,0,0
Hungary,2013-03-01,0,1,0,0,0,0,0,0,0,0,0,0,0,0,0,0,0,0,0,0
Hungary,2013-04-01,0,0,0,0,0,0,0,0,0,0,0,1,0,0,0,0,0,0,1,0
Hungary,2013-05-01,0,0,0,0,0,0,0,0,0,0,0,0,0,0,1,0,0,0,0,0
Hungary,2013-06-01,1,0,0,0,0,0,0,1,1,0,1,0,1,0,0,0,0,0,0,0
Hungary,2013-07-01,0,1,0,0,0,0,0,0,0,0,0,0,0,0,0,0,0,0,0,0
Hungary,2013-08-01,0,0,0,0,0,1,0,0,0,0,0,0,0,0,0,0,0,0,0,1
Hungary,2013-09-01,0,0,0,0,0,0,0,0,0,1,0,0,0,0,0,0,0,0,1,0
Hungary,2013-10-01,0,0,0,0,0,0,0,0,0,0,0,0,0,0,0,0,0,0,0,1
Hungary,2013-11-01,0,0,0,0,0,0,0,0,0,0,0,0,0,0,0,0,1,1,0,0
Hungary,2013-12-01,0,0,0,0,0,0,0,0,0,0,0,0,0,0,0,0,0,0,0,0
Hungary,2014-01-01,0,0,0,0,1,0,1,0,0,0,0,0,0,0,0,0,0,0,0,0
Hungary,2014-02-01,0,0,1,0,0,0,0,0,0,0,0,0,0,0,0,0,0,0,0,0
Hungary,2014-03-01,0,0,0,0,0,0,0,0,0,0,0,0,1,0,0,0,0,0,0,0
Hungary,2014-04-01,0,0,0,0,0,0,0,0,0,0,0,0,0,0,0,0,0,0,0,0
Hungary,2014-05-01,1,0,0,0,0,0,0,0,0,0,0,0,0,0,0,0,0,0,0,1
Hungary,2014-06-01,0,0,0,0,0,0,0,0,0,0,0,0,0,0,0,0,0,0,0,0
Hungary,2014-07-01,0,0,0,0,0,0,0,0,0,0,0,0,0,0,0,0,0,0,0,0
Hungary,2014-08-01,0,0,0,0,0,0,0,0,0,0,0,0,0,0,0,0,0,1,0,0
Hungary,2014-09-01,0,0,0,0,1,0,0,0,0,0,0,0,0,0,0,0,0,0,0,0
Hungary,2014-10-01,0,1,1,0,0,0,0,0,0,0,0,0,0,0,0,0,0,0,0,0
Hungary,2014-11-01,0,0,0,0,0,0,0,0,0,0,0,0,0,0,0,0,0,0,0,0
Hungary,2014-12-01,0,0,0,0,0,0,0,0,1,0,0,0,0,0,0,0,0,0,0,0
Hungary,2015-01-01,0,0,0,0,0,0,0,0,0,0,0,0,0,0,1,0,0,0,0,0
Hungary,2015-02-01,0,0,0,0,0,0,0,0,0,0,0,0,1,0,0,0,0,0,0,0
Hungary,2015-03-01,0,0,0,0,0,0,0,0,0,0,0,0,0,0,0,0,0,1,0,0
Hungary,2015-04-01,0,0,0,0,0,0,1,0,0,1,0,0,0,0,0,1,0,0,0,1
Hungary,2015-05-01,0,0,0,0,0,0,0,0,0,0,0,0,0,1,0,0,0,0,0,0
Hungary,2015-06-01,0,0,0,0,0,0,0,0,0,0,0,0,0,1,0,0,0,0,0,0
Hungary,2015-07-01,1,0,0,0,0,0,0,0,0,0,1,0,0,0,0,0,0,0,0,0
Hungary,2015-08-01,0,0,0,0,0,0,0,0,0,0,1,0,0,0,0,0,0,0,1,0
Hungary,2015-09-01,0,0,0,0,0,0,0,1,0,0,0,0,0,0,0,0,0,0,0,0
Hungary,2015-10-01,0,0,0,0,0,0,0,1,0,0,0,0,0,0,0,0,1,0,0,0
Hungary,2015-11-01,0,0,0,0,0,0,0,0,0,0,0,0,0,0,0,0,0,0,0,0
Hungary,2015-12-01,0,1,0,0,0,0,0,0,0,0,0,0,0,0,0,0,0,0,0,0
Hungary,2016-01-01,0,0,0,0,0,0,0,0,0,0,0,0,0,0,1,0,0,0,0,0
Hungary,2016-02-01,0,0,0,0,0,0,0,0,0,0,0,0,0,0,0,0,0,0,0,0
Hungary,2016-03-01,0,0,0,0,0,0,0,0,0,0,0,0,0,1,0,0,0,0,0,0
Hungary,2016-04-01,0,0,0,0,1,0,0,0,0,0,1,0,0,0,0,0,0,0,0,0
Hungary,2016-05-01,0,0,0,0,0,0,0,0,0,0,0,0,0,0,0,0,0,0,0,0
Hungary,2016-06-01,0,0,0,0,0,0,0,0,0,0,0,0,0,0,0,0,1,0,0,1
Hungary,2016-07-01,0,0,0,0,0,0,0,0,0,0,0,0,0,0,0,0,0,0,1,0
Hungary,2016-08-01,0,0,0,0,0,0,0,0,0,0,0,0,1,0,0,0,0,0,0,0
Hungary,2016-09-01,0,0,0,0,0,0,0,0,0,0,0,0,0,0,0,0,0,0,0,1
Hungary,2016-10-01,0,0,0,0,0,0,0,0,0,0,0,0,0,0,0,0,0,0,0,0
Hungary,2016-11-01,0,0,0,0,0,0,0,0,0,0,0,0,0,0,0,0,1,0,0,0
Hungary,2016-12-01,0,0,0,0,0,1,0,0,1,0,0,0,0,0,0,0,0,0,0,0
Hungary,2017-01-01,0,0,0,1,0,1,1,1,0,0,0,0,0,0,0,0,0,0,0,0
Hungary,2017-02-01,0,0,0,0,0,0,0,0,0,0,0,0,0,0,0,1,0,0,0,0
Hungary,2017-03-01,0,0,0,0,0,0,0,0,0,0,0,0,0,1,0,0,0,0,0,0
Hungary,2017-04-01,0,0,1,0,1,0,0,0,0,1,0,0,0,0,1,0,0,0,0,0
Hungary,2017-05-01,0,0,0,1,0,0,0,0,0,0,0,0,0,0,0,0,0,0,0,0
Hungary,2017-06-01,0,0,0,0,0,0,0,0,0,0,0,0,0,0,0,0,0,0,0,0
Hungary,2017-07-01,0,0,0,0,0,0,0,0,0,0,0,0,0,0,0,0,0,0,1,0
Hungary,2017-08-01,0,0,0,1,0,0,0,1,0,0,0,1,0,0,0,0,0,0,0,0
Hungary,2017-09-01,1,0,0,0,0,0,0,0,0,0,0,0,0,0,0,0,0,0,0,0
Hungary,2017-10-01,0,0,0,0,0,0,0,0,0,0,0,0,1,0,0,0,0,0,0,0
Hungary,2017-11-01,0,0,0,0,0,1,0,0,0,0,0,0,0,0,0,0,0,0,0,0
Hungary,2017-12-01,0,0,0,0,0,0,0,0,0,0,0,0,0,0,0,0,0,0,0,0
Hungary,2018-01-01,0,0,0,0,0,0,0,0,0,0,0,0,1,0,0,0,0,0,0,0
Hungary,2018-02-01,0,0,0,0,0,0,0,0,0,0,0,0,0,0,0,0,0,0,0,0
Hungary,2018-03-01,0,0,0,1,0,0,0,0,0,0,0,0,0,0,0,0,0,0,0,0
Hungary,2018-04-01,0,0,0,0,0,0,0,0,0,0,0,0,0,0,0,0,0,0,0,0
Hungary,2018-05-01,0,0,0,0,0,0,0,0,0,1,0,0,0,0,0,0,0,0,0,0
Hungary,2018-06-01,1,1,0,0,0,0,0,0,0,0,0,0,0,0,0,1,0,0,0,0
Hungary,2018-07-01,0,0,0,1,0,0,0,0,0,0,0,0,0,0,0,0,0,0,0,1
Hungary,2018-08-01,0,0,0,0,0,0,0,1,0,0,0,1,0,0,1,0,0,0,0,1
Hungary,2018-09-01,0,0,0,0,0,0,0,1,0,0,0,0,0,0,0,0,0,0,0,0
Hungary,2018-10-01,0,0,0,1,0,0,0,0,0,0,0,0,0,0,1,0,0,0,0,0
Hungary,2018-11-01,0,0,0,0,0,0,0,0,0,0,0,0,0,0,0,0,0,1,0,0
Hungary,2018-12-01,0,0,0,0,0,0,0,0,0,0,0,0,0,0,0,0,0,0,0,0
Hungary,2019-01-01,0,1,0,0,0,1,0,0,0,0,0,0,0,0,0,0,0,0,0,0
Hungary,2019-02-01,0,0,0,0,0,0,0,0,0,0,0,0,0,0,0,0,0,0,0,0
Hungary,2019-03-01,0,0,0,0,0,0,0,0,0,0,0,0,0,0,0,0,1,0,0,0
Hungary,2019-04-01,0,0,0,0,0,0,0,0,0,0,0,0,0,0,0,1,0,0,0,0
Hungary,2019-05-01,0,0,0,0,0,0,0,0,0,0,0,0,1,0,0,0,0,0,1,0
Hungary,2019-06-01,0,0,0,1,1,1,0,0,1,0,0,0,0,0,0,0,0,0,0,0
Hungary,2019-07-01,1,0,0,0,0,0,1,0,0,0,0,0,0,0,0,1,0,1,0,0
Hungary,2019-08-01,0,0,0,0,0,0,0,0,0,0,0,0,0,0,0,0,1,1,0,0
Hungary,2019-09-01,0,0,0,0,1,0,0,0,0,0,0,0,0,0,0,0,0,0,0,0
Hungary,2019-10-01,0,0,0,0,0,0,0,0,0,0,0,0,0,0,0,0,0,0,0,0
Hungary,2019-11-01,0,0,0,1,0,0,0,1,0,1,0,0,0,0,0,0,0,0,1,0
Hungary,2019-12-01,0,0,0,0,1,0,0,1,0,0,1,0,0,0,1,0,0,0,0,0
Hungary,2020-01-01,0,0,0,0,0,0,1,0,0,0,1,0,1,0,0,0,0,0,0,0
Hungary,2020-02-01,0,0,0,0,0,0,0,0,0,0,0,0,0,0,0,0,0,0,0,0
Hungary,2020-03-01,0,0,0,0,0,0,0,0,0,0,0,0,0,0,0,0,0,0,0,0
Hungary,2020-04-01,0,0,0,0,0,0,0,0,0,0,0,0,0,0,0,0,0,0,0,0
Hungary,2020-05-01,0,0,0,0,0,0,0,0,0,0,0,0,0,0,1,0,0,0,0,0
Hungary,2020-06-01,1,0,1,0,0,0,0,0,1,0,0,0,0,0,0,0,0,0,0,0
Hungary,2020-07-01,0,0,0,0,0,0,0,0,0,0,0,1,0,0,0,0,0,0,0,0
Hungary,2020-08-01,0,0,0,0,0,0,0,0,0,0,0,0,0,0,0,0,0,0,0,1
Hungary,2020-09-01,0,0,0,0,0,1,0,0,0,0,0,0,0,1,0,0,0,0,0,0
Hungary,2020-10-01,0,0,0,0,0,0,0,0,0,0,0,0,0,0,0,0,0,0,0,0
Hungary,2020-11-01,0,0,0,1,0,0,0,0,0,0,0,0,0,0,0,0,0,0,0,0
Hungary,2020-12-01,0,0,0,0,0,1,0,0,0,0,0,0,0,0,0,0,1,0,0,0
Hungary,2021-01-01,0,0,0,0,0,0,0,0,0,0,0,0,0,0,0,0,0,0,0,0
Hungary,2021-02-01,0,0,1,0,0,0,0,0,0,0,0,0,0,0,0,0,0,1,0,0
Hungary,2021-03-01,0,0,0,0,0,0,0,0,0,0,0,0,0,0,0,0,1,0,0,0
Hungary,2021-04-01,0,0,0,0,0,0,0,0,0,0,0,0,0,0,0,0,0,0,0,0
Hungary,2021-05-01,0,0,0,0,0,0,0,0,0,0,0,0,0,0,0,0,0,0,0,0
Hungary,2021-06-01,0,0,0,0,0,1,0,0,0,1,0,0,0,0,0,0,0,0,0,1
Hungary,2021-07-01,0,0,0,0,0,0,0,0,0,0,1,0,0,0,0,0,0,0,0,0
Hungary,2021-08-01,1,0,0,1,0,0,0,0,0,0,0,0,0,1,0,0,0,0,0,0
Hungary,2021-09-01,0,0,0,0,0,0,0,1,0,0,0,0,0,0,0,0,0,0,0,0
Hungary,2021-10-01,0,0,0,0,0,0,0,0,0,0,0,0,0,0,0,0,0,0,0,0
Hungary,2021-11-01,0,0,0,0,0,0,0,0,0,0,0,0,0,0,0,0,0,0,0,0
Hungary,2021-12-01,0,0,0,0,0,1,0,0,0,0,0,0,0,0,0,0,0,0,0,0
Hungary,2022-01-01,0,0,0,0,0,0,0,0,0,0,0,0,0,0,0,1,0,0,0,0
Hungary,2022-02-01,0,0,0,0,0,0,0,0,0,0,0,0,0,0,0,0,0,0,0,0
Hungary,2022-03-01,0,0,0,0,0,0,0,0,0,0,0,0,1,0,0,0,0,0,0,0
Hungary,2022-04-01,0,0,0,0,0,0,0,0,0,0,0,0,0,0,0,0,0,0,0,0
Hungary,2022-05-01,0,0,0,0,0,0,0,0,0,0,0,0,0,0,0,0,0,0,0,0
Hungary,2022-06-01,0,0,0,0,0,0,0,0,0,0,0,0,0,0,1,0,0,0,0,0
Hungary,2022-07-01,0,0,0,0,0,1,1,0,0,0,0,1,0,0,0,0,0,0,0,0
Hungary,2022-08-01,0,0,1,1,1,0,1,0,1,0,1,1,0,0,1,0,1,0,1,0
Hungary,2022-09-01,0,0,0,0,0,0,0,0,0,0,0,0,0,0,0,0,1,0,0,0
Hungary,2022-10-01,0,0,0,0,0,0,0,0,0,0,0,0,0,0,0,0,0,0,0,0
Hungary,2022-11-01,0,1,0,0,0,0,0,0,0,0,0,0,0,0,0,0,0,0,0,0
Hungary,2022-12-01,0,0,0,0,0,0,0,0,0,0,0,0,0,0,0,0,0,0,0,1
Hungary,2023-01-01,0,0,0,1,0,0,0,0,0,0,0,0,0,1,0,0,0,0,0,0
Hungary,2023-02-01,0,0,0,0,0,0,0,0,0,0,0,0,0,0,0,0,0,0,0,0
Hungary,2023-03-01,0,0,0,0,0,0,0,0,0,0,0,0,0,0,0,0,0,0,0,0
Hungary,2023-04-01,0,0,0,0,0,0,0,0,0,0,0,0,0,0,0,0,0,0,0,0
Hungary,2023-05-01,0,0,0,0,0,0,0,0,0,0,0,0,0,0,0,0,0,0,0,0
Hungary,2023-06-01,0,0,0,0,0,1,0,0,0,0,0,0,0,0,0,0,0,0,0,0
Hungary,2023-07-01,0,0,0,0,0,0,0,0,0,0,0,0,0,0,0,0,0,0,0,0
Hungary,2023-08-01,1,0,0,0,0,0,1,0,0,0,0,0,0,0,0,0,0,0,0,0
Hungary,2023-09-01,0,0,0,0,0,1,0,0,0,0,0,0,0,0,0,0,0,0,0,0
Hungary,2023-10-01,0,0,0,0,0,0,0,0,0,0,0,0,1,0,0,0,0,0,0,0
Hungary,2023-11-01,0,0,1,0,0,0,0,0,0,1,0,0,0,0,0,0,0,0,0,0
Hungary,2023-12-01,0,0,0,0,0,1,0,0,0,0,0,0,0,0,0,0,1,0,0,0
Hungary,2024-01-01,0,0,0,0,0,0,0,0,0,0,0,0,0,0,0,0,0,0,0,1
Hungary,2024-02-01,0,0,0,0,0,0,0,0,0,0,0,0,0,1,0,0,0,1,0,1
Hungary,2024-03-01,0,0,0,1,0,0,0,0,0,0,0,0,0,0,0,0,0,0,0,0
Hungary,2024-04-01,0,0,0,0,1,0,0,0,0,0,0,0,0,0,0,0,0,0,0,0
Hungary,2024-05-01,0,0,0,0,0,0,0,0,0,0,0,0,0,0,0,0,0,0,0,0
Hungary,2024-06-01,0,0,0,0,0,0,0,0,0,0,0,0,0,0,0,0,0,0,0,0
Hungary,2024-07-01,0,0,0,0,0,1,1,0,0,0,1,0,0,0,0,1,1,0,1,0
Hungary,2024-08-01,0,0,0,0,0,0,0,0,0,0,0,1,1,0,0,0,0,0,0,0
Hungary,2024-09-01,1,0,0,1,0,0,0,1,1,0,1,1,0,0,0,0,0,0,0,0
Hungary,2024-10-01,0,0,0,0,0,0,0,0,0,0,0,0,0,0,1,0,0,0,0,0
Hungary,2024-11-01,0,0,0,0,0,0,0,0,0,0,0,0,0,0,0,0,0,0,0,0
Hungary,2024-12-01,0,0,0,0,0,0,0,0,0,0,0,0,0,0,0,0,0,0,1,0
Hungary,2025-01-01,0,0,0,0,0,0,0,0,0,0,0,0,0,0,0,0,0,0,0,0
Hungary,2025-02-01,0,0,0,0,0,0,0,0,0,0,0,0,0,0,0,0,0,0,0,0
Hungary,2025-03-01,0,1,0,0,0,0,0,0,0,0,0,0,1,0,0,0,0,0,0,1
Hungary,2025-04-01,0,0,0,0,0,0,0,0,0,0,0,0,0,0,0,0,0,0,0,0
Hungary,2025-05-01,0,0,0,0,0,0,0,0,0,0,0,0,0,0,0,1,0,0,0,0
Hungary,2025-06-01,0,0,0,0,0,0,0,0,0,0,0,1,0,0,1,0,0,0,0,1
Hungary,2025-07-01,0,0,0,0,0,0,0,0,0,0,0,0,0,0,0,0,0,0,0,0
Hungary,2025-08-01,0,1,0,0,0,0,0,0,0,0,0,0,0,0,0,0,0,0,0,0
Hungary,2025-09-01,0,1,0,0,0,0,0,0,0,0,0,0,0,0,0,0,0,0,0,0
Hungary,2025-10-01,0,0,0,0,0,0,0,0,0,0,0,0,0,0,0,0,0,0,0,0
Hungary,2025-11-01,0,0,0,0,0,0,0,0,0,0,0,0,1,0,0,0,0,0,0,0
Hungary,2025-12-01,0,0,0,0,0,0,0,0,0,0,0,0,0,0,0,0,0,0,0,0
Hungary,2026-01-01,0,0,0,0,0,0,0,0,0,0,0,0,0,0,0,0,0,0,0,0
Kazakhstan,2012-01-01,0,0,1,0,0,1,0,0,0,0,0,0,0,0,0,0,0,0,0,0
Kazakhstan,2012-02-01,1,0,0,0,0,0,1,0,0,0,0,1,0,0,0,0,0,0,0,0
Kazakhstan,2012-03-01,0,0,0,0,0,0,0,0,0,1,1,0,0,0,0,0,0,0,0,0
Kazakhstan,2012-04-01,0,0,0,1,0,0,0,0,0,0,0,0,0,0,0,0,0,0,0,0
Kazakhstan,2012-05-01,0,0,0,0,0,0,0,1,0,0,0,0,0,0,0,0,0,0,0,0
Kazakhstan,2012-06-01,0,0,0,0,0,0,0,0,0,0,0,0,0,0,0,0,0,0,1,0
Kazakhstan,2012-07-01,0,0,0,0,0,0,0,0,0,0,0,0,0,0,0,0,0,0,0,0
Kazakhstan,2012-08-01,0,0,0,0,0,0,0,0,0,0,0,0,0,0,0,0,0,0,0,0
Kazakhstan,2012-09-01,0,0,0,0,0,0,0,0,1,0,0,1,1,0,0,1,0,0,0,0
Kazakhstan,2012-10-01,0,0,0,0,0,0,0,0,0,0,0,0,0,0,0,0,0,0,1,0
Kazakhstan,2012-11-01,0,0,0,0,0,0,0,0,1,0,1,0,0,0,0,0,0,0,0,0
Kazakhstan,2012-12-01,0,0,0,0,0,0,0,0,0,0,0,0,0,0,0,0,0,0,0,0
Kazakhstan,2013-01-01,0,0,0,0,0,0,0,0,0,0,0,0,0,0,0,0,0,0,0,0
Kazakhstan,2013-02-01,0,0,0,0,0,0,0,0,0,0,0,0,0,0,0,0,0,0,0,0
Kazakhstan,2013-03-01,1,0,0,1,0,0,0,0,0,0,0,0,0,0,0,0,0,1,0,0
Kazakhstan,2013-04-01,0,0,0,0,0,0,0,0,0,0,0,0,0,0,0,0,0,0,0,1
Kazakhstan,2013-05-01,0,0,0,0,0,0,0,0,0,0,0,0,0,1,0,0,0,0,0,0
Kazakhstan,2013-06-01,0,0,1,0,0,0,0,0,0,0,0,0,0,0,0,0,0,0,0,1
Kazakhstan,2013-07-01,0,0,0,0,0,1,0,0,0,0,0,0,0,0,0,0,0,0,0,0
Kazakhstan,2013-08-01,0,0,1,0,0,1,0,0,0,1,0,0,0,0,1,0,0,1,0,0
Kazakhstan,2013-09-01,0,0,0,0,0,0,0,0,0,0,0,0,0,0,0,0,0,0,0,0
Kazakhstan,2013-10-01,0,0,0,0,0,0,0,0,0,1,0,0,0,0,0,0,0,0,0,0
Kazakhstan,2013-11-01,0,0,0,0,1,0,0,0,0,0,0,0,0,1,0,1,0,0,0,0
Kazakhstan,2013-12-01,0,0,0,0,0,0,0,0,0,0,0,0,0,0,0,0,0,0,0,0
Kazakhstan,2014-01-01,0,0,0,0,0,0,0,0,0,0,0,0,0,0,1,0,0,0,0,0
Kazakhstan,2014-02-01,0,0,0,0,0,0,0,0,0,0,0,0,0,0,0,0,0,0,0,0
Kazakhstan,2014-03-01,0,0,0,0,0,0,0,0,0,0,0,1,0,0,0,0,0,0,0,0
Kazakhstan,2014-04-01,1,0,0,0,0,0,1,1,0,0,0,0,0,0,0,0,1,0,0,0
Kazakhstan,2014-05-01,0,0,0,0,0,0,0,0,0,0,0,0,0,0,0,0,0,0,1,0
Kazakhstan,2014-06-01,0,0,0,0,0,0,0,0,0,0,0,0,0,0,0,0,0,0,0,0
Kazakhstan,2014-07-01,0,0,0,0,0,0,0,0,0,0,0,0,0,0,0,0,0,0,0,0
Kazakhstan,2014-08-01,0,0,0,0,0,0,0,0,1,0,0,0,0,0,0,0,0,0,0,0
Kazakhstan,2014-09-01,0,0,0,0,0,0,0,0,0,0,0,0,0,0,0,0,0,0,0,0
Kazakhstan,2014-10-01,0,0,0,1,0,0,0,0,0,0,0,0,0,1,0,0,0,1,0,1
Kazakhstan,2014-11-01,0,0,0,0,0,0,0,0,0,0,0,0,0,0,0,0,0,0,0,0
Kazakhstan,2014-12-01,0,0,0,0,0,0,0,0,0,0,0,0,0,0,0,0,0,1,0,0
Kazakhstan,2015-01-01,0,0,0,0,0,0,0,0,0,0,0,0,0,0,0,0,0,0,0,0
Kazakhstan,2015-02-01,0,0,0,0,0,1,0,0,0,0,0,0,0,0,0,0,0,0,0,0
Kazakhstan,2015-03-01,0,0,0,0,0,1,0,0,0,0,0,0,0,0,0,0,0,0,0,0
Kazakhstan,2015-04-01,1,0,0,0,1,0,0,1,0,0,0,0,0,0,0,1,1,0,0,0
Kazakhstan,2015-05-01,0,0,0,0,0,0,0,1,0,0,1,1,0,0,1,0,0,0,0,0
Kazakhstan,2015-06-01,0,0,1,0,0,0,0,0,0,0,0,0,0,0,0,0,0,0,0,0
Kazakhstan,2015-07-01,0,0,0,0,0,0,0,0,0,0,0,0,0,0,0,0,0,0,0,0
Kazakhstan,2015-08-01,0,0,0,0,0,0,0,0,0,0,0,0,0,0,0,0,0,0,0,0
Kazakhstan,2015-09-01,1,1,0,0,0,0,0,0,0,0,0,0,0,0,0,0,0,0,1,0
Kazakhstan,2015-10-01,0,0,0,0,0,0,0,0,0,0,0,0,0,0,0,0,0,0,0,0
Kazakhstan,2015-11-01,0,0,0,0,0,0,0,0,0,0,0,1,0,1,0,0,0,0,0,0
Kazakhstan,2015-12-01,0,0,0,0,0,0,0,0,0,0,0,0,1,0,0,0,0,0,0,0
Kazakhstan,2016-01-01,0,0,1,0,1,0,0,0,0,0,0,0,0,0,0,0,0,0,0,0
Kazakhstan,2016-02-01,0,0,0,0,0,0,0,0,1,0,0,0,0,0,0,0,0,0,0,0
Kazakhstan,2016-03-01,0,0,0,0,0,0,0,0,0,0,0,0,0,0,0,0,0,0,0,0
Kazakhstan,2016-04-01,1,1,0,0,0,0,0,1,0,0,1,0,0,0,0,0,0,0,0,0
Kazakhstan,2016-05-01,0,0,0,1,0,0,0,0,0,0,0,0,0,0,0,0,0,0,0,0
Kazakhstan,2016-06-01,0,0,0,0,0,0,0,0,0,1,0,0,0,1,0,0,0,0,0,0
Kazakhstan,2016-07-01,0,0,0,0,0,0,0,0,0,0,0,0,0,0,0,0,0,0,0,0
Kazakhstan,2016-08-01,0,0,0,0,0,0,0,0,0,0,0,0,0,0,0,0,0,0,0,0
Kazakhstan,2016-09-01,0,0,0,0,0,0,0,0,0,0,0,0,0,0,0,0,0,0,0,0
Kazakhstan,2016-10-01,0,0,0,0,0,1,0,0,0,0,0,0,0,0,0,0,0,0,0,0
Kazakhstan,2016-11-01,0,0,0,0,0,0,0,0,0,0,0,0,0,0,0,0,0,0,1,0
Kazakhstan,2016-12-01,0,1,0,0,0,0,0,0,0,0,0,0,0,0,0,0,0,0,0,0
Kazakhstan,2017-01-01,0,0,0,0,0,0,0,0,0,0,0,0,0,0,0,0,0,0,0,0
Kazakhstan,2017-02-01,0,0,1,0,0,0,0,0,0,0,0,0,0,0,0,0,0,0,0,0
Kazakhstan,2017-03-01,0,0,0,1,0,0,0,0,0,0,0,0,1,0,0,0,1,0,0,0
Kazakhstan,2017-04-01,1,0,1,0,0,0,0,1,1,0,1,0,0,0,1,0,0,0,1,0
Kazakhstan,2017-05-01,0,0,0,0,0,0,0,0,0,0,0,0,0,0,0,0,0,0,0,0
Kazakhstan,2017-06-01,0,0,0,0,0,0,0,0,0,0,0,1,0,0,0,0,0,0,0,1
Kazakhstan,2017-07-01,0,0,0,0,0,0,0,0,0,0,0,0,0,0,0,0,0,0,0,0
Kazakhstan,2017-08-01,0,0,0,0,0,0,0,0,0,0,0,0,0,0,0,0,0,0,0,0
Kazakhstan,2017-09-01,0,0,0,0,0,0,0,0,0,0,0,0,0,0,0,1,0,0,0,0
Kazakhstan,2017-10-01,0,0,0,1,0,0,0,0,0,0,0,0,0,0,0,0,0,0,0,0
Kazakhstan,2017-11-01,0,0,0,0,0,0,0,0,0,0,0,0,0,0,0,1,0,0,0,0
Kazakhstan,2017-12-01,0,0,0,0,0,1,0,0,0,0,0,0,0,0,0,0,0,0,0,0
Kazakhstan,2018-01-01,0,1,0,0,0,0,1,0,0,0,0,0,0,0,0,0,0,1,0,0
Kazakhstan,2018-02-01,0,0,1,0,0,0,0,0,0,0,0,0,0,0,0,0,0,0,0,0
Kazakhstan,2018-03-01,0,0,0,0,0,0,0,1,0,0,0,0,0,0,0,0,0,0,0,0
Kazakhstan,2018-04-01,0,0,0,0,0,0,0,0,0,1,0,0,0,0,0,0,0,0,0,0
Kazakhstan,2018-05-01,0,0,0,0,0,0,0,0,0,0,0,0,0,0,0,0,0,0,0,0
Kazakhstan,2018-06-01,0,0,0,0,0,0,0,0,0,0,0,0,0,0,0,0,0,0,0,0
Kazakhstan,2018-07-01,0,0,0,0,0,0,0,1,0,0,0,1,1,0,0,0,0,0,1,0
Kazakhstan,2018-08-01,0,0,0,0,0,0,0,0,0,0,1,0,0,0,0,0,0,0,0,0
Kazakhstan,2018-09-01,0,0,0,0,0,0,0,0,0,0,1,0,0,0,0,0,0,0,0,0
Kazakhstan,2018-10-01,0,0,0,0,0,0,0,0,0,0,0,0,0,0,0,0,0,0,0,0
Kazakhstan,2018-11-01,0,0,0,0,0,0,0,0,0,0,0,0,0,0,0,0,0,0,0,0
Kazakhstan,2018-12-01,0,0,0,0,0,0,0,0,0,0,0,0,0,0,0,0,1,0,1,0
Kazakhstan,2019-01-01,0,0,0,0,0,0,0,0,0,0,0,0,0,0,1,0,0,0,0,1
Kazakhstan,2019-02-01,0,0,0,0,0,1,0,0,0,0,0,0,0,0,0,0,0,1,0,0
Kazakhstan,2019-03-01,0,0,0,0,0,1,0,0,0,0,0,0,0,0,0,0,0,0,0,0
Kazakhstan,2019-04-01,0,0,0,0,0,0,1,0,1,0,0,0,0,0,0,1,0,0,1,0
Kazakhstan,2019-05-01,0,0,0,0,0,0,0,0,0,1,0,0,0,0,0,0,1,0,0,0
Kazakhstan,2019-06-01,0,0,1,1,0,0,0,0,0,0,0,0,0,0,0,0,0,0,0,0
Kazakhstan,2019-07-01,0,0,0,0,0,0,0,0,0,0,0,0,0,0,0,0,0,1,0,1
Kazakhstan,2019-08-01,0,0,0,0,0,0,0,0,1,0,0,0,1,0,0,0,0,0,0,0
Kazakhstan,2019-09-01,0,0,0,0,1,1,0,0,0,0,0,1,0,0,1,0,0,0,0,0
Kazakhstan,2019-10-01,0,1,0,0,0,0,0,0,0,1,0,0,0,1,0,0,0,0,0,0
Kazakhstan,2019-11-01,0,0,0,0,0,0,0,0,0,0,0,0,0,0,0,0,0,0,0,0
Kazakhstan,2019-12-01,0,0,0,0,0,0,0,0,0,0,0,0,1,0,0,0,0,0,0,1
Kazakhstan,2020-01-01,1,0,0,0,0,0,0,0,0,1,0,0,0,0,0,0,1,0,0,0
Kazakhstan,2020-02-01,0,0,0,1,0,0,0,0,0,0,0,0,0,0,0,0,0,0,0,0
Kazakhstan,2020-03-01,0,0,0,0,0,0,0,0,0,0,0,0,0,0,0,0,0,0,0,0
Kazakhstan,2020-04-01,0,0,0,0,0,0,0,0,0,0,0,0,0,0,0,0,0,0,0,0
Kazakhstan,2020-05-01,1,0,0,0,0,0,0,1,0,0,0,0,0,0,0,1,0,0,0,0
Kazakhstan,2020-06-01,0,0,0,0,0,0,0,0,0,0,0,0,0,0,0,0,0,0,0,0
Kazakhstan,2020-07-01,0,0,0,0,0,0,0,0,0,0,0,0,0,0,0,0,0,0,0,0
Kazakhstan,2020-08-01,0,0,0,0,0,1,0,0,0,0,0,0,0,0,0,0,0,0,0,0
Kazakhstan,2020-09-01,0,0,0,0,0,0,0,0,0,0,0,0,0,0,0,0,0,0,0,0
Kazakhstan,2020-10-01,0,0,0,0,0,0,0,0,0,0,0,0,0,0,0,0,0,0,0,0
Kazakhstan,2020-11-01,0,0,0,1,0,0,0,0,0,0,0,0,0,1,0,0,0,0,0,0
Kazakhstan,2020-12-01,0,0,0,0,0,0,0,1,0,0,1,0,0,0,1,0,0,0,0,0
Kazakhstan,2021-01-01,0,0,0,0,1,0,0,0,0,0,0,0,0,0,1,0,0,0,0,0
Kazakhstan,2021-02-01,0,0,0,0,0,0,0,0,0,0,0,0,0,0,0,0,0,0,0,0
Kazakhstan,2021-03-01,1,0,0,0,0,0,0,0,1,0,0,0,0,0,0,0,1,0,0,0
Kazakhstan,2021-04-01,0,1,0,0,0,0,0,0,0,0,0,0,0,0,0,0,0,0,0,1
Kazakhstan,2021-05-01,0,0,0,0,0,0,0,0,0,0,0,0,1,0,0,0,0,0,0,0
Kazakhstan,2021-06-01,0,0,0,1,1,0,1,0,1,0,0,0,0,0,0,0,0,0,0,0
Kazakhstan,2021-07-01,0,0,0,0,0,0,0,0,0,0,0,1,0,0,0,0,0,0,1,0
Kazakhstan,2021-08-01,0,0,0,0,0,0,1,0,0,0,0,1,0,0,0,0,0,0,0,0
Kazakhstan,2021-09-01,0,0,0,0,0,0,0,0,0,0,0,0,1,0,0,0,0,1,0,0
Kazakhstan,2021-10-01,0,1,0,0,0,0,0,0,0,0,0,0,0,0,0,0,0,0,0,0
Kazakhstan,2021-11-01,0,0,1,0,0,0,0,0,0,0,0,0,0,0,0,1,1,0,0,0
Kazakhstan,2021-12-01,0,0,0,0,0,0,0,0,0,0,0,0,0,0,0,0,0,0,0,0
Kazakhstan,2022-01-01,0,0,0,0,0,0,0,0,0,0,0,0,0,0,0,0,0,1,1,0
Kazakhstan,2022-02-01,0,0,0,0,0,0,0,0,0,0,0,0,0,0,0,0,1,0,0,1
Kazakhstan,2022-03-01,0,0,0,0,0,0,0,0,0,0,0,0,0,0,0,0,0,0,0,0
Kazakhstan,2022-04-01,1,0,0,0,1,0,0,1,0,1,0,0,0,0,0,1,0,0,0,0
Kazakhstan,2022-05-01,0,0,0,0,0,0,0,0,0,0,0,0,0,0,0,0,0,0,0,0
Kazakhstan,2022-06-01,0,0,1,0,0,1,0,0,0,0,0,0,0,1,1,0,0,0,0,0
Kazakhstan,2022-07-01,0,0,0,0,0,0,0,0,0,0,1,0,0,0,0,0,1,0,0,0
Kazakhstan,2022-08-01,0,0,0,0,0,0,0,0,0,0,0,0,0,0,0,0,0,0,0,0
Kazakhstan,2022-09-01,0,0,0,0,0,0,0,0,0,0,1,0,0,0,0,0,0,0,0,0
Kazakhstan,2022-10-01,0,0,0,0,0,0,0,0,0,0,0,0,0,0,0,0,0,1,0,0
Kazakhstan,2022-11-01,0,0,0,0,0,1,0,0,0,0,0,0,0,0,0,0,0,1,0,0
Kazakhstan,2022-12-01,0,0,0,0,0,0,0,0,0,0,0,0,0,0,0,0,1,0,0,0
Kazakhstan,2023-01-01,0,0,0,0,0,0,0,0,0,0,0,0,0,0,0,0,0,0,0,1
Kazakhstan,2023-02-01,0,0,0,0,0,0,0,0,0,0,0,0,0,0,0,0,0,0,0,0
Kazakhstan,2023-03-01,1,1,0,0,0,0,0,0,0,0,0,0,0,0,0,0,0,0,1,0
Kazakhstan,2023-04-01,0,0,0,0,0,0,0,0,0,1,0,0,0,0,1,0,0,0,0,0
Kazakhstan,2023-05-01,0,0,0,0,0,0,0,0,0,0,0,0,0,0,0,0,0,0,0,0
Kazakhstan,2023-06-01,0,0,0,1,0,0,0,0,0,0,0,0,0,0,0,0,0,0,0,0
Kazakhstan,2023-07-01,0,1,0,1,1,0,1,0,0,0,0,0,0,0,0,0,0,0,0,0
Kazakhstan,2023-08-01,0,0,0,0,0,0,0,0,0,0,0,1,0,0,0,0,0,0,0,0
Kazakhstan,2023-09-01,0,0,0,0,0,0,0,0,0,0,0,0,0,0,0,0,0,0,0,1
Kazakhstan,2023-10-01,0,0,0,0,0,1,1,0,0,0,0,0,0,0,0,0,0,1,0,0
Kazakhstan,2023-11-01,0,0,0,0,0,0,0,0,0,0,1,0,0,0,0,0,0,0,0,0
Kazakhstan,2023-12-01,0,0,0,0,0,0,0,0,0,0,0,0,0,0,0,0,1,0,0,0
Kazakhstan,2024-01-01,0,0,0,0,0,0,0,0,0,0,0,0,0,0,1,0,0,0,0,0
Kazakhstan,2024-02-01,0,0,0,0,0,0,0,0,0,0,0,0,0,0,0,0,0,0,0,0
Kazakhstan,2024-03-01,1,0,0,0,0,0,1,1,0,0,0,0,0,0,0,1,0,0,0,0
Kazakhstan,2024-04-01,1,0,0,0,0,0,0,1,1,0,1,1,0,0,0,1,0,0,1,0
Kazakhstan,2024-05-01,0,1,0,0,0,0,0,1,0,0,0,0,0,0,0,0,0,0,0,0
Kazakhstan,2024-06-01,0,0,0,0,0,0,0,0,0,0,0,0,0,0,0,0,0,0,0,0
Kazakhstan,2024-07-01,0,0,0,0,0,0,0,0,0,0,0,0,0,0,0,0,0,0,1,0
Kazakhstan,2024-08-01,0,0,0,0,0,0,0,0,0,0,0,0,0,0,0,0,0,0,0,0
Kazakhstan,2024-09-01,0,0,0,0,0,0,0,0,0,0,0,0,0,0,0,0,0,0,0,0
Kazakhstan,2024-10-01,0,0,0,0,1,0,0,0,0,0,0,0,0,0,0,0,0,0,1,0
Kazakhstan,2024-11-01,0,0,0,0,0,0,0,0,0,0,0,0,1,0,0,0,1,0,0,0
Kazakhstan,2024-12-01,0,0,0,0,0,0,0,0,0,0,0,0,0,0,1,0,0,0,0,0
Kazakhstan,2025-01-01,0,0,1,1,0,0,0,0,0,0,0,0,0,0,0,0,0,0,0,0
Kazakhstan,2025-02-01,0,0,0,1,0,0,0,0,0,0,0,0,0,1,0,0,0,0,0,0
Kazakhstan,2025-03-01,1,0,1,0,0,0,0,0,0,0,0,0,0,0,0,0,0,0,0,0
Kazakhstan,2025-04-01,0,1,0,1,0,0,0,0,1,1,0,0,0,0,0,0,0,0,0,0
Kazakhstan,2025-05-01,0,0,1,0,1,0,0,0,1,1,0,0,0,0,0,1,0,0,0,0
Kazakhstan,2025-06-01,0,0,0,1,0,1,0,0,0,0,0,1,0,1,0,0,0,0,0,0
Kazakhstan,2025-07-01,0,1,0,0,0,0,0,0,0,0,0,1,0,0,0,0,0,0,0,0
Kazakhstan,2025-08-01,0,0,0,0,0,0,0,0,0,0,1,0,1,0,0,0,0,0,0,0
Kazakhstan,2025-09-01,0,0,0,0,1,0,0,0,0,0,0,0,0,0,0,0,1,0,0,0
Kazakhstan,2025-10-01,0,1,0,0,0,0,0,0,0,0,0,0,0,0,0,1,0,0,0,0
Kazakhstan,2025-11-01,0,0,0,0,0,1,1,0,0,0,0,0,0,1,1,0,0,0,0,0
Kazakhstan,2025-12-01,0,0,0,0,0,0,0,0,0,0,0,0,0,0,0,0,0,0,0,0
Kazakhstan,2026-01-01,0,0,0,0,0,0,0,0,0,0,0,0,0,0,0,0,0,0,0,0
Colombia,2012-01-01,0,0,0,0,0,0,1,0,1,1,0,0,1,0,0,0,0,0,0,0
Colombia,2012-02-01,0,0,1,0,0,0,0,0,0,0,0,0,0,0,0,0,0,0,0,0
Colombia,2012-03-01,0,0,0,0,0,0,0,0,0,0,0,0,0,0,0,0,0,0,0,0
Colombia,2012-04-01,1,0,0,0,0,0,0,0,0,0,0,0,0,0,0,1,0,0,0,0
Colombia,2012-05-01,0,0,0,0,0,0,0,0,0,0,0,0,0,0,0,0,0,0,0,0
Colombia,2012-06-01,0,1,1,0,1,0,0,0,0,0,0,0,0,0,1,1,1,0,0,0
Colombia,2012-07-01,0,0,0,0,0,0,1,1,1,0,0,0,0,0,0,0,0,0,1,0
Colombia,2012-08-01,0,0,0,0,1,0,0,0,0,0,0,0,0,0,0,0,0,0,0,0
Colombia,2012-09-01,0,0,0,0,0,0,0,0,0,0,0,0,0,0,0,0,0,0,0,0
Colombia,2012-10-01,0,0,0,1,0,1,0,0,0,0,0,0,0,0,1,0,0,1,0,0
Colombia,2012-11-01,0,0,0,0,0,0,0,0,0,0,0,0,0,0,1,0,0,0,0,0
Colombia,2012-12-01,0,0,0,0,0,1,0,1,0,0,0,0,0,0,0,0,0,0,0,0
Colombia,2013-01-01,1,0,0,0,0,0,0,0,0,0,0,1,0,1,0,0,0,0,0,0
Colombia,2013-02-01,0,0,0,0,0,0,0,0,0,0,0,0,0,0,0,0,0,0,0,0
Colombia,2013-03-01,0,0,0,0,0,0,0,0,0,0,0,0,0,0,0,0,0,0,0,0
Colombia,2013-04-01,0,0,0,0,0,0,0,0,0,0,0,0,0,0,0,0,0,0,0,0
Colombia,2013-05-01,0,0,0,0,0,0,0,0,0,0,0,0,0,0,0,0,0,0,0,0
Colombia,2013-06-01,0,0,0,0,0,0,0,0,0,0,0,0,1,0,0,0,0,0,0,0
Colombia,2013-07-01,0,0,0,0,0,0,0,0,0,0,0,0,0,0,0,0,0,0,0,0
Colombia,2013-08-01,0,0,0,0,0,0,0,0,0,0,0,0,0,0,0,0,0,0,1,0
Colombia,2013-09-01,0,0,0,0,0,0,0,0,0,0,0,0,0,0,0,0,0,0,0,0
Colombia,2013-10-01,0,1,0,0,0,0,0,0,0,0,0,0,0,0,0,0,0,0,0,0
Colombia,2013-11-01,0,0,0,0,0,0,0,0,0,0,0,0,0,0,0,0,0,0,0,0
Colombia,2013-12-01,0,0,0,0,0,1,0,0,0,0,0,0,0,0,0,1,0,0,0,0
Colombia,2014-01-01,0,0,0,0,0,0,0,0,0,0,0,0,0,0,0,0,0,0,0,1
Colombia,2014-02-01,0,0,0,0,0,0,0,0,0,0,0,0,0,0,0,0,0,0,0,0
Colombia,2014-03-01,0,0,1,0,0,0,0,0,0,1,0,1,0,0,0,0,0,0,0,0
Colombia,2014-04-01,0,0,0,0,0,0,0,1,0,0,0,0,0,0,0,0,0,0,0,0
Colombia,2014-05-01,0,0,0,0,0,0,0,0,0,0,0,0,0,0,0,0,0,0,0,0
Colombia,2014-06-01,0,0,0,1,0,0,0,0,0,0,0,0,0,0,0,0,0,0,0,0
Colombia,2014-07-01,0,0,0,0,0,0,0,0,0,0,0,1,0,0,0,0,0,0,0,0
Colombia,2014-08-01,0,0,0,0,0,0,0,0,0,0,0,0,0,0,0,0,0,0,0,0
Colombia,2014-09-01,0,0,0,0,0,0,0,0,0,0,0,0,0,0,1,0,0,0,0,0
Colombia,2014-10-01,0,0,0,0,0,0,0,0,0,0,0,0,0,0,0,0,0,0,0,0
Colombia,2014-11-01,0,0,0,0,0,0,0,0,0,0,0,0,0,0,0,0,0,0,0,0
Colombia,2014-12-01,0,0,0,0,0,0,0,0,0,0,0,0,0,0,0,0,0,0,0,0
Colombia,2015-01-01,0,0,0,0,0,0,0,0,0,0,0,0,0,0,0,0,0,0,0,0
Colombia,2015-02-01,0,0,0,0,0,0,0,0,0,0,0,0,0,0,0,0,0,0,0,0
Colombia,2015-03-01,0,0,0,0,0,0,0,0,0,0,0,0,0,0,0,0,0,0,1,1
Colombia,2015-04-01,0,0,0,0,0,0,0,0,0,0,0,0,0,0,1,0,0,1,0,0
Colombia,2015-05-01,0,0,0,0,0,1,0,0,0,0,0,0,0,0,0,0,0,0,0,0
Colombia,2015-06-01,0,0,0,0,1,0,1,0,0,0,0,0,0,0,0,0,0,0,0,0
Colombia,2015-07-01,0,0,0,0,0,0,0,0,0,0,0,0,0,0,0,1,0,0,0,0
Colombia,2015-08-01,0,0,0,0,0,0,0,0,0,0,0,0,0,0,0,0,0,0,0,0
Colombia,2015-09-01,0,0,0,0,0,0,0,0,0,0,0,0,0,0,0,0,0,0,0,0
Colombia,2015-10-01,0,1,0,0,0,0,0,0,0,0,0,0,0,0,0,0,0,0,0,0
Colombia,2015-11-01,0,0,0,0,0,0,0,0,0,0,0,0,0,0,0,0,0,0,0,0
Colombia,2015-12-01,0,0,1,1,1,0,0,0,0,0,1,0,0,0,0,0,0,0,0,0
Colombia,2016-01-01,0,0,0,0,0,0,0,0,0,0,0,1,0,0,0,0,1,0,0,0
Colombia,2016-02-01,0,0,0,0,0,0,0,1,0,1,0,0,0,0,0,0,0,0,0,0
Colombia,2016-03-01,0,0,0,0,0,0,0,0,0,0,0,0,0,0,0,0,0,0,0,0
Colombia,2016-04-01,0,1,0,0,0,0,0,0,1,0,0,0,0,0,0,0,1,0,0,0
Colombia,2016-05-01,0,0,0,0,0,0,0,0,0,1,0,0,0,0,0,0,0,0,0,1
Colombia,2016-06-01,0,0,0,0,0,1,0,0,0,0,0,0,0,1,0,0,0,1,0,0
Colombia,2016-07-01,0,0,0,0,0,0,0,0,0,0,0,0,0,0,0,1,0,0,0,0
Colombia,2016-08-01,0,0,0,0,0,0,0,0,0,0,0,0,0,0,0,0,0,0,0,0
Colombia,2016-09-01,0,0,0,0,0,0,0,0,0,0,0,0,0,0,0,0,0,0,0,0
Colombia,2016-10-01,0,0,0,0,0,0,0,0,0,0,0,0,0,0,1,0,0,0,0,0
Colombia,2016-11-01,0,0,0,0,0,0,0,0,0,0,0,0,0,0,0,0,0,0,0,0
Colombia,2016-12-01,0,0,0,0,0,0,0,0,0,0,0,0,0,0,0,0,0,0,0,0
Colombia,2017-01-01,0,0,0,0,0,0,0,0,0,0,0,0,0,0,0,0,0,0,0,0
Colombia,2017-02-01,0,0,0,0,0,0,0,0,0,0,0,0,0,0,0,0,0,0,0,0
Colombia,2017-03-01,0,0,0,0,0,0,1,0,0,0,0,0,0,0,0,0,0,0,1,0
Colombia,2017-04-01,1,0,0,1,0,0,0,0,1,0,0,0,0,0,0,0,0,0,0,0
Colombia,2017-05-01,0,0,0,0,0,0,0,0,1,0,0,0,0,0,0,0,0,0,0,0
Colombia,2017-06-01,0,1,0,0,0,0,0,0,0,0,0,0,0,0,0,0,0,0,0,0
Colombia,2017-07-01,0,0,0,0,0,0,0,0,0,0,0,0,0,0,0,0,0,1,0,0
Colombia,2017-08-01,0,0,0,0,0,0,0,0,0,0,0,0,0,0,0,0,0,0,0,0
Colombia,2017-09-01,0,0,0,0,0,0,0,0,0,0,0,0,0,0,0,0,0,0,0,0
Colombia,2017-10-01,0,0,0,0,0,0,0,0,0,0,0,0,0,0,0,1,1,0,0,0
Colombia,2017-11-01,0,0,0,0,0,0,0,0,0,0,0,0,0,0,0,0,0,0,0,0
Colombia,2017-12-01,0,0,0,0,0,1,0,0,0,0,0,0,0,0,0,0,0,0,0,0
Colombia,2018-01-01,0,0,0,0,0,0,0,0,0,0,0,0,0,0,0,0,0,0,0,0
Colombia,2018-02-01,0,0,1,0,0,1,0,1,0,0,0,0,0,0,0,0,0,0,0,0
Colombia,2018-03-01,0,0,0,0,0,0,1,1,0,0,0,1,1,0,0,0,0,0,0,0
Colombia,2018-04-01,0,0,0,0,0,0,0,0,0,1,0,0,0,0,0,0,0,0,0,0
Colombia,2018-05-01,0,0,0,0,0,0,0,1,1,0,0,0,0,0,0,0,0,0,0,0
Colombia,2018-06-01,0,0,0,0,0,0,0,0,0,0,0,0,0,0,0,0,0,0,0,0
Colombia,2018-07-01,0,0,0,0,0,0,0,0,1,0,0,0,0,0,0,1,1,1,0,0
Colombia,2018-08-01,0,0,0,0,0,0,0,0,0,0,0,0,0,0,0,0,0,0,0,0
Colombia,2018-09-01,0,0,0,0,0,0,0,0,0,0,0,0,0,0,0,0,0,0,0,0
Colombia,2018-10-01,0,0,0,0,0,0,0,0,0,0,0,0,0,0,0,0,0,0,0,0
Colombia,2018-11-01,0,0,0,0,0,0,0,0,0,0,0,0,0,0,1,0,0,0,0,0
Colombia,2018-12-01,0,0,0,0,0,1,0,0,0,0,0,0,0,0,0,0,0,0,0,0
Colombia,2019-01-01,1,0,0,0,0,0,0,0,0,0,0,0,0,0,0,0,0,0,0,0
Colombia,2019-02-01,0,0,0,0,0,1,1,0,0,0,0,0,0,0,0,0,0,0,1,0
Colombia,2019-03-01,0,0,0,0,0,0,1,0,0,0,0,0,0,0,0,0,0,0,0,0
Colombia,2019-04-01,1,0,0,0,0,0,0,0,0,1,0,0,0,1,0,0,0,0,0,1
Colombia,2019-05-01,0,0,0,1,0,0,0,0,0,0,0,0,0,0,0,0,0,0,0,1
Colombia,2019-06-01,0,0,0,0,0,0,0,1,0,1,0,0,0,0,0,0,0,0,0,0
Colombia,2019-07-01,0,0,0,0,0,0,0,0,0,0,0,0,0,0,0,0,0,0,0,0
Colombia,2019-08-01,0,0,0,0,0,0,0,0,0,0,0,0,0,0,0,0,0,0,0,0
Colombia,2019-09-01,0,1,0,0,1,0,0,0,1,1,0,0,1,0,0,0,0,0,0,0
Colombia,2019-10-01,0,0,0,0,0,0,0,0,0,0,0,0,0,0,0,0,0,1,0,0
Colombia,2019-11-01,0,0,0,0,0,0,0,0,0,0,0,0,0,0,0,0,0,0,0,0
Colombia,2019-12-01,0,0,0,0,0,0,0,0,0,0,0,0,0,0,0,0,0,1,0,0
Colombia,2020-01-01,0,0,0,0,0,0,0,0,0,0,0,1,0,0,0,0,0,0,0,0
Colombia,2020-02-01,0,0,0,1,0,0,0,0,1,0,1,0,0,0,0,0,0,0,0,0
Colombia,2020-03-01,0,0,0,0,0,0,0,0,0,0,0,0,0,0,0,0,0,0,0,0
Colombia,2020-04-01,0,0,0,0,0,0,0,1,0,0,0,0,0,0,0,0,0,0,0,0
Colombia,2020-05-01,0,0,0,0,0,0,0,0,0,0,0,0,0,0,0,0,0,0,0,0
Colombia,2020-06-01,0,0,0,0,0,0,0,0,0,0,0,0,0,0,0,1,0,0,0,0
Colombia,2020-07-01,0,0,0,0,0,0,0,0,0,0,0,0,0,0,0,0,0,0,0,0
Colombia,2020-08-01,0,0,0,0,0,0,0,0,0,0,0,0,0,0,0,0,0,0,0,0
Colombia,2020-09-01,0,0,1,0,0,0,0,0,0,0,0,0,0,0,0,0,0,0,0,0
Colombia,2020-10-01,0,0,1,0,0,1,0,0,0,1,0,0,0,0,0,0,1,0,1,0
Colombia,2020-11-01,1,0,0,0,1,1,0,0,1,0,1,0,0,1,0,1,0,0,0,0
Colombia,2020-12-01,0,0,0,0,1,0,0,0,0,0,0,0,0,0,0,0,1,0,0,0
Colombia,2021-01-01,0,0,0,1,0,0,0,0,0,0,0,0,0,0,0,0,0,0,0,1
Colombia,2021-02-01,0,0,0,0,0,0,0,0,0,0,0,0,0,0,0,0,0,0,0,0
Colombia,2021-03-01,0,1,0,0,0,0,0,0,0,1,0,0,1,0,0,0,0,0,0,0
Colombia,2021-04-01,0,0,0,0,0,0,0,0,0,0,1,0,0,0,0,0,0,0,0,1
Colombia,2021-05-01,0,0,0,0,0,0,0,0,0,0,0,0,0,0,0,0,0,0,0,0
Colombia,2021-06-01,0,0,0,0,0,0,0,0,0,0,0,0,0,0,0,0,0,0,0,0
Colombia,2021-07-01,0,0,0,0,0,0,0,1,0,0,0,0,0,0,0,0,0,0,0,0
Colombia,2021-08-01,0,0,0,0,0,0,0,0,0,0,0,0,0,0,0,0,0,0,0,0
Colombia,2021-09-01,0,0,0,0,0,1,0,0,0,0,0,0,0,0,0,0,0,1,0,0
Colombia,2021-10-01,0,1,0,0,0,0,0,1,0,0,0,0,0,0,0,0,0,0,0,0
Colombia,2021-11-01,0,0,0,0,0,0,0,0,0,0,0,0,0,0,0,0,1,0,0,0
Colombia,2021-12-01,0,0,0,0,0,0,0,0,0,0,0,0,0,0,0,0,0,0,0,0
Colombia,2022-01-01,0,0,0,0,0,0,0,0,0,0,0,0,0,0,0,0,0,0,0,0
Colombia,2022-02-01,0,0,0,0,0,0,1,0,0,0,0,1,0,0,0,0,0,0,0,0
Colombia,2022-03-01,0,0,0,0,1,0,0,0,0,0,0,0,0,0,0,0,0,0,0,0
Colombia,2022-04-01,0,0,0,1,0,0,0,0,0,0,0,1,1,0,0,0,0,0,0,0
Colombia,2022-05-01,0,0,0,0,0,0,0,0,0,0,0,0,0,0,0,1,0,0,1,0
Colombia,2022-06-01,0,0,0,0,0,0,1,0,0,0,0,0,0,0,0,0,0,0,0,0
Colombia,2022-07-01,0,0,0,0,0,0,0,0,0,0,0,0,0,0,0,0,0,1,0,0
Colombia,2022-08-01,0,0,0,0,0,0,0,0,0,0,0,0,0,0,0,1,0,0,0,1
Colombia,2022-09-01,0,0,0,0,0,0,0,0,1,1,0,0,1,0,0,0,0,0,0,0
Colombia,2022-10-01,1,0,0,0,0,1,0,0,1,1,0,0,0,0,1,0,0,0,0,0
Colombia,2022-11-01,0,0,0,0,0,0,0,1,0,0,0,0,0,0,0,0,0,0,0,0
Colombia,2022-12-01,0,0,0,0,0,1,0,0,0,0,0,0,0,0,0,0,1,0,0,0
Colombia,2023-01-01,0,0,0,0,0,0,0,0,0,0,0,0,0,0,0,0,0,0,0,0
Colombia,2023-02-01,0,0,0,0,0,0,0,0,0,0,0,0,0,0,0,0,0,0,0,0
Colombia,2023-03-01,0,0,0,0,0,0,0,0,0,0,0,0,1,0,0,0,0,0,1,0
Colombia,2023-04-01,0,0,0,0,0,0,0,0,0,0,0,0,0,0,0,0,0,0,0,0
Colombia,2023-05-01,0,0,0,0,0,0,0,0,0,0,0,0,0,0,0,0,0,0,0,0
Colombia,2023-06-01,0,0,0,0,1,1,0,0,0,0,0,0,0,0,0,0,0,0,0,1
Colombia,2023-07-01,0,0,0,0,0,0,0,0,0,0,0,0,0,0,0,0,0,0,0,0
Colombia,2023-08-01,0,0,0,0,0,0,0,0,0,0,0,0,0,0,0,0,0,0,0,0
Colombia,2023-09-01,0,0,0,0,0,0,0,0,0,0,1,0,0,0,0,0,0,1,0,0
Colombia,2023-10-01,0,0,0,0,0,0,0,0,0,0,0,0,0,0,0,0,0,0,0,0
Colombia,2023-11-01,0,0,0,0,0,0,0,0,0,0,0,0,0,0,0,0,0,0,0,0
Colombia,2023-12-01,0,0,0,0,0,0,0,0,0,0,0,0,0,0,0,0,0,0,0,0
Colombia,2024-01-01,1,0,0,1,0,0,1,0,0,0,0,1,0,0,0,0,0,0,0,0
Colombia,2024-02-01,0,0,0,0,0,0,0,0,0,0,0,0,0,0,1,0,0,0,0,1
Colombia,2024-03-01,0,0,0,0,0,0,0,0,0,0,0,0,0,0,0,0,0,0,0,0
Colombia,2024-04-01,0,0,1,0,0,0,0,0,0,0,0,0,0,0,0,0,0,0,0,0
Colombia,2024-05-01,0,0,0,0,0,0,0,0,0,0,0,0,0,0,0,0,0,0,0,0
Colombia,2024-06-01,0,0,0,0,0,0,0,0,0,0,0,0,0,0,0,0,0,0,0,0
Colombia,2024-07-01,0,0,0,0,0,0,0,0,0,0,0,0,0,0,0,0,0,0,0,0
Colombia,2024-08-01,0,0,0,0,0,1,0,0,0,0,0,0,0,0,0,0,0,0,0,0
Colombia,2024-09-01,0,0,0,0,0,0,0,0,0,0,0,1,0,0,0,0,1,1,0,0
Colombia,2024-10-01,0,1,1,0,1,0,0,0,1,0,1,1,0,0,1,1,1,1,1,0
Colombia,2024-11-01,1,0,1,0,0,0,0,0,0,0,1,1,0,0,0,0,0,0,0,0
Colombia,2024-12-01,0,0,0,0,0,0,0,0,0,0,0,0,0,0,0,0,0,0,0,0
Colombia,2025-01-01,0,0,0,0,0,0,0,1,0,0,0,0,0,0,0,0,0,0,0,0
Colombia,2025-02-01,0,0,0,0,0,0,0,0,1,0,0,0,0,0,0,0,0,0,0,0
Colombia,2025-03-01,0,0,0,0,0,0,1,0,0,0,0,0,0,0,0,0,0,0,0,0
Colombia,2025-04-01,0,0,0,0,0,0,0,0,0,0,0,0,1,0,0,0,0,0,0,0
Colombia,2025-05-01,0,0,0,0,0,0,0,0,0,1,0,0,0,1,0,0,0,0,0,1
Colombia,2025-06-01,0,0,0,0,0,1,0,0,0,0,0,0,0,1,0,0,0,0,0,0
Colombia,2025-07-01,0,0,0,0,0,0,0,0,0,0,0,0,0,0,0,0,0,0,0,0
Colombia,2025-08-01,0,0,0,0,0,0,0,0,0,0,0,0,0,0,0,0,0,0,1,1
Colombia,2025-09-01,0,0,0,0,0,0,0,0,0,0,0,0,0,0,0,0,0,0,0,0
Colombia,2025-10-01,0,0,1,0,0,0,0,0,0,0,0,0,0,1,1,0,0,0,1,0
Colombia,2025-11-01,0,0,0,0,0,0,0,0,0,0,0,0,0,0,0,0,0,0,0,0
Colombia,2025-12-01,0,0,0,0,0,0,0,0,0,0,0,0,0,0,0,0,0,0,0,0
Colombia,2026-01-01,0,0,0,0,0,0,0,0,0,0,0,0,0,0,0,0,0,0,0,0
Liberia,2012-01-01,0,0,0,0,0,0,0,0,0,0,0,0,0,0,0,0,0,1,0,0
Liberia,2012-02-01,0,0,0,0,0,0,0,0,0,0,0,0,0,1,1,0,0,0,0,0
Liberia,2012-03-01,0,0,0,0,0,0,0,0,0,0,0,0,0,0,0,0,0,0,0,0
Liberia,2012-04-01,0,0,0,0,0,0,0,0,0,0,0,0,0,0,0,0,0,0,0,0
Liberia,2012-05-01,0,0,0,0,0,0,0,0,0,0,0,0,0,0,0,0,0,0,0,0
Liberia,2012-06-01,0,0,0,0,0,0,0,0,0,0,0,0,0,0,0,0,0,0,0,0
Liberia,2012-07-01,1,0,0,0,0,0,0,0,0,0,0,0,0,0,0,0,0,0,0,0
Liberia,2012-08-01,0,0,0,0,0,0,0,0,0,0,0,0,0,0,1,0,0,0,0,0
Liberia,2012-09-01,1,0,0,0,0,0,1,0,1,0,0,0,0,1,0,0,0,0,0,0
Liberia,2012-10-01,1,0,0,0,0,0,0,0,1,0,0,0,0,0,0,0,0,0,0,0
Liberia,2012-11-01,0,0,0,0,0,0,0,0,1,0,0,0,1,0,0,0,0,0,0,0
Liberia,2012-12-01,0,0,0,0,0,0,0,0,0,0,0,0,0,0,0,0,0,0,0,0
Liberia,2013-01-01,0,0,0,0,0,0,0,0,0,0,0,0,0,0,0,0,0,0,0,0
Liberia,2013-02-01,0,0,0,0,0,0,0,0,0,0,0,0,0,0,0,0,0,0,0,0
Liberia,2013-03-01,0,0,0,0,0,0,0,0,0,0,0,0,0,1,0,0,0,0,0,0
Liberia,2013-04-01,0,0,0,0,0,0,1,0,0,0,0,0,0,0,0,0,0,0,0,0
Liberia,2013-05-01,0,0,0,0,0,0,0,0,0,0,0,0,0,0,0,0,0,0,0,0
Liberia,2013-06-01,0,0,0,0,0,0,0,0,0,0,0,0,0,0,0,0,1,0,0,0
Liberia,2013-07-01,0,0,1,0,0,0,0,0,0,0,0,0,0,0,0,0,0,0,0,0
Liberia,2013-08-01,0,0,0,0,0,0,0,0,0,0,0,0,0,0,0,0,0,0,0,0
Liberia,2013-09-01,0,0,0,0,0,0,0,0,0,0,0,0,0,0,0,0,0,0,0,0
Liberia,2013-10-01,0,0,0,0,0,0,0,0,0,0,1,1,0,0,0,0,0,0,0,0
Liberia,2013-11-01,0,0,0,0,0,0,0,0,0,0,0,0,0,0,0,0,0,0,0,0
Liberia,2013-12-01,0,0,0,0,0,0,0,0,1,0,0,0,0,0,0,0,0,0,0,0
Liberia,2014-01-01,0,0,0,0,0,0,0,0,0,0,0,0,0,0,0,0,0,0,0,0
Liberia,2014-02-01,0,0,0,0,0,0,0,0,0,0,0,0,0,0,0,0,0,0,0,0
Liberia,2014-03-01,1,0,0,0,0,0,1,0,0,0,0,0,0,0,0,0,0,0,0,0
Liberia,2014-04-01,0,0,0,0,0,0,0,0,0,0,0,0,0,0,0,0,0,0,0,0
Liberia,2014-05-01,0,0,0,0,0,0,0,0,0,0,1,0,0,0,0,0,0,0,0,0
Liberia,2014-06-01,0,0,0,0,1,0,0,0,0,0,0,0,0,0,0,0,0,0,0,0
Liberia,2014-07-01,0,0,0,0,0,0,0,0,0,0,0,0,0,0,0,0,0,0,0,0
Liberia,2014-08-01,0,0,0,0,0,0,0,0,0,0,0,0,0,0,0,0,0,0,0,0
Liberia,2014-09-01,0,0,0,0,0,0,0,0,0,0,0,0,0,0,0,0,0,0,0,0
Liberia,2014-10-01,0,0,0,0,0,0,0,0,0,0,0,0,0,0,0,0,0,0,0,0
Liberia,2014-11-01,0,0,0,0,0,0,0,0,0,0,0,0,0,0,0,0,0,0,0,0
Liberia,2014-12-01,0,0,0,0,0,0,0,0,0,0,0,0,0,0,0,0,0,0,0,0
Liberia,2015-01-01,0,0,0,0,0,0,0,0,0,0,0,0,0,0,0,0,0,0,0,0
Liberia,2015-02-01,0,0,1,0,0,0,0,0,0,0,0,0,1,0,0,0,0,0,0,0
Liberia,2015-03-01,0,0,1,0,0,0,0,0,0,0,0,0,0,0,0,0,0,0,0,0
Liberia,2015-04-01,1,0,0,0,0,0,0,0,0,0,0,0,0,0,0,0,0,0,0,0
Liberia,2015-05-01,0,0,0,0,0,0,0,0,0,1,1,1,0,1,0,0,0,0,1,0
Liberia,2015-06-01,0,0,0,0,0,0,0,0,0,1,0,0,0,0,0,0,0,0,0,0
Liberia,2015-07-01,0,0,0,0,0,0,0,0,0,0,1,1,0,0,0,0,0,0,0,0
Liberia,2015-08-01,0,0,0,0,1,0,0,0,0,0,0,0,0,0,0,0,0,0,0,0
Liberia,2015-09-01,0,0,0,0,0,0,0,0,1,0,0,0,0,0,0,0,0,0,0,0
Liberia,2015-10-01,0,0,0,0,0,0,0,0,0,0,0,0,1,0,0,0,0,0,0,0
Liberia,2015-11-01,0,0,0,0,0,0,1,0,0,0,0,0,0,0,0,0,0,0,0,0
Liberia,2015-12-01,0,0,0,0,1,0,0,0,0,0,0,0,0,0,0,0,0,0,0,0
Liberia,2016-01-01,0,0,0,0,0,0,0,0,0,0,0,0,0,0,0,0,0,0,0,0
Liberia,2016-02-01,0,0,0,0,1,0,0,0,0,0,0,0,0,0,0,0,0,0,0,0
Liberia,2016-03-01,0,0,1,0,0,0,0,0,0,0,0,0,0,0,0,0,0,0,1,0
Liberia,2016-04-01,0,0,0,0,0,0,0,0,0,0,0,0,0,0,0,0,1,0,0,0
Liberia,2016-05-01,0,0,0,0,0,0,0,0,0,0,0,0,1,0,0,0,0,0,0,0
Liberia,2016-06-01,0,0,0,0,0,0,0,1,0,0,0,0,1,0,0,0,0,0,1,1
Liberia,2016-07-01,1,0,0,1,0,0,0,1,0,0,0,1,0,0,0,0,0,0,0,0
Liberia,2016-08-01,0,0,1,0,0,0,0,0,0,0,0,1,0,0,0,0,0,0,0,0
Liberia,2016-09-01,0,0,0,0,0,0,0,0,1,0,0,0,0,1,0,0,0,0,0,0
Liberia,2016-10-01,0,0,1,0,0,0,0,0,0,0,0,0,0,0,0,0,0,0,0,0
Liberia,2016-11-01,0,0,0,0,0,0,0,0,0,0,0,0,0,0,0,0,0,0,0,0
Liberia,2016-12-01,0,0,0,0,0,0,0,0,0,0,0,0,0,0,0,1,0,0,0,0
Liberia,2017-01-01,0,0,0,0,0,0,0,0,0,0,0,0,0,0,0,0,0,0,0,0
Liberia,2017-02-01,0,0,0,0,0,0,0,0,0,0,0,0,0,0,0,1,0,0,0,0
Liberia,2017-03-01,0,0,0,0,0,0,0,0,0,1,0,0,0,0,0,0,0,0,0,1
Liberia,2017-04-01,0,0,0,0,0,0,0,0,0,1,0,0,0,1,0,0,0,0,1,0
Liberia,2017-05-01,0,1,0,0,0,0,0,0,0,0,0,0,0,0,0,0,0,1,0,0
Liberia,2017-06-01,0,0,0,0,0,0,1,0,0,0,0,0,0,0,0,0,0,0,0,1
Liberia,2017-07-01,0,0,0,0,0,0,0,0,0,0,0,0,1,1,0,0,0,0,0,0
Liberia,2017-08-01,1,0,0,0,0,0,0,0,0,0,1,0,0,0,1,0,0,0,0,0
Liberia,2017-09-01,0,0,0,0,0,0,0,0,0,0,0,0,0,0,0,0,0,0,0,0
Liberia,2017-10-01,0,0,0,0,0,0,0,0,0,0,0,0,0,0,0,0,0,0,0,0
Liberia,2017-11-01,0,0,0,0,0,0,0,0,0,0,0,0,0,0,0,0,0,0,0,0
Liberia,2017-12-01,0,0,0,0,0,1,0,0,0,0,0,0,0,0,0,0,0,0,0,0
Liberia,2018-01-01,0,0,0,0,0,0,0,0,0,0,0,0,0,0,0,0,0,0,0,0
Liberia,2018-02-01,0,0,0,0,0,0,0,0,0,0,0,0,0,0,0,0,0,0,0,0
Liberia,2018-03-01,0,0,0,0,0,0,0,0,0,0,0,0,1,0,0,0,0,0,0,1
Liberia,2018-04-01,0,0,0,0,0,0,0,1,0,0,0,0,0,0,0,0,0,0,0,0
Liberia,2018-05-01,0,0,0,0,0,0,0,0,0,1,0,0,0,0,0,0,0,0,0,0
Liberia,2018-06-01,0,0,0,0,0,0,0,0,0,0,0,0,0,0,0,0,1,0,0,0
Liberia,2018-07-01,1,0,0,1,0,0,0,0,0,1,0,0,0,0,0,0,1,0,0,0
Liberia,2018-08-01,0,0,0,0,0,0,0,1,0,0,0,0,0,0,0,0,0,0,0,0
Liberia,2018-09-01,0,0,0,0,0,0,0,0,0,0,0,0,0,0,0,0,0,0,0,0
Liberia,2018-10-01,0,0,0,1,0,0,0,0,0,0,0,0,0,0,1,1,0,0,0,0
Liberia,2018-11-01,0,0,1,0,0,0,0,0,0,0,1,0,0,0,0,0,0,0,0,0
Liberia,2018-12-01,0,0,0,0,0,0,0,0,0,0,0,0,0,0,0,0,0,0,0,0
Liberia,2019-01-01,0,0,0,0,0,0,0,0,0,0,0,0,0,0,0,0,0,0,0,0
Liberia,2019-02-01,0,0,0,0,0,0,1,0,0,0,1,0,0,1,0,0,0,0,1,0
Liberia,2019-03-01,0,0,0,0,1,0,0,0,0,0,0,1,0,0,0,0,0,0,0,0
Liberia,2019-04-01,0,0,0,0,0,1,0,0,0,0,0,0,0,0,0,0,0,0,1,0
Liberia,2019-05-01,0,0,0,0,0,0,0,1,0,0,0,0,0,0,0,0,0,0,0,1
Liberia,2019-06-01,0,0,0,0,0,0,0,0,0,0,0,0,0,0,0,0,1,0,0,0
Liberia,2019-07-01,0,0,0,0,0,0,0,0,0,0,0,0,0,0,0,0,0,0,0,0
Liberia,2019-08-01,1,0,0,0,0,0,0,0,0,0,0,0,1,0,0,0,0,0,0,0
Liberia,2019-09-01,0,0,0,0,1,0,0,0,0,1,0,0,0,0,0,0,0,0,0,0
Liberia,2019-10-01,0,0,1,0,0,0,0,0,0,0,0,0,0,0,0,1,1,0,0,0
Liberia,2019-11-01,0,0,0,0,0,0,0,0,0,0,0,0,0,0,0,0,0,0,0,0
Liberia,2019-12-01,0,0,0,0,0,0,0,0,0,0,0,0,0,0,0,0,0,0,0,0
Liberia,2020-01-01,0,0,0,0,0,0,0,0,0,0,0,0,0,0,0,0,0,0,0,0
Liberia,2020-02-01,0,0,0,0,0,0,1,0,0,0,0,1,0,0,0,0,0,0,0,0
Liberia,2020-03-01,0,0,0,0,0,0,0,0,0,0,0,0,0,0,0,0,0,0,0,0
Liberia,2020-04-01,0,0,0,0,0,0,0,0,0,0,0,0,0,0,0,0,0,0,0,0
Liberia,2020-05-01,0,0,0,0,0,0,0,0,0,0,0,0,0,0,0,0,0,0,0,0
Liberia,2020-06-01,0,0,0,0,0,0,0,0,0,0,0,0,0,0,0,0,0,0,1,0
Liberia,2020-07-01,0,0,0,0,0,0,0,0,0,0,0,0,0,0,0,0,0,0,0,0
Liberia,2020-08-01,0,0,0,0,0,0,0,1,0,0,0,0,0,1,0,0,0,0,0,0
Liberia,2020-09-01,0,0,0,0,0,0,0,0,0,0,0,0,0,0,0,0,0,0,0,0
Liberia,2020-10-01,0,1,0,0,0,0,0,0,0,0,1,0,0,0,0,0,0,0,0,0
Liberia,2020-11-01,0,0,0,0,0,0,0,0,0,1,0,0,0,0,0,1,0,0,0,1
Liberia,2020-12-01,0,0,0,0,0,0,0,0,1,0,0,0,0,0,0,1,0,0,1,0
Liberia,2021-01-01,0,0,0,0,0,0,0,0,0,0,0,0,0,0,1,0,0,0,0,1
Liberia,2021-02-01,0,0,0,0,0,0,0,0,0,0,0,0,1,1,0,0,0,0,0,0
Liberia,2021-03-01,0,0,0,0,0,0,0,0,0,0,0,0,0,0,0,0,0,0,0,0
Liberia,2021-04-01,1,0,0,0,0,0,0,1,0,0,0,1,0,0,1,0,0,0,0,1
Liberia,2021-05-01,1,1,0,0,0,0,1,0,0,0,0,0,1,0,0,0,0,0,0,0
Liberia,2021-06-01,0,0,0,0,0,0,0,0,0,0,0,0,0,0,0,0,0,0,0,0
Liberia,2021-07-01,0,0,0,0,0,0,0,0,0,0,0,0,0,0,0,0,0,0,0,0
Liberia,2021-08-01,0,0,0,1,0,0,0,0,0,0,0,0,0,0,0,0,0,0,0,0
Liberia,2021-09-01,1,1,1,0,0,0,0,0,0,0,0,0,0,0,0,0,0,0,0,0
Liberia,2021-10-01,0,0,0,1,0,0,0,0,0,0,1,0,0,0,0,0,0,0,0,0
Liberia,2021-11-01,0,0,0,0,0,0,0,0,0,0,1,1,0,0,0,0,0,0,0,0
Liberia,2021-12-01,0,0,0,0,0,0,0,0,0,0,0,0,0,0,0,0,1,0,0,0
Liberia,2022-01-01,0,0,0,0,0,0,0,1,0,0,0,0,1,0,0,0,1,0,0,0
Liberia,2022-02-01,0,0,0,0,0,1,0,0,0,0,0,0,0,1,0,0,1,0,1,0
Liberia,2022-03-01,0,0,0,0,1,0,0,0,1,0,0,0,0,0,0,0,0,0,0,0
Liberia,2022-04-01,0,0,0,0,0,0,0,0,0,0,0,0,0,0,0,0,0,0,0,0
Liberia,2022-05-01,0,0,0,0,0,0,0,1,0,1,0,0,0,0,0,0,0,0,0,0
Liberia,2022-06-01,0,0,0,0,0,0,1,0,0,1,0,0,0,0,0,0,0,0,0,0
Liberia,2022-07-01,0,0,0,0,0,0,0,0,1,0,0,0,0,0,1,1,0,0,0,0
Liberia,2022-08-01,0,0,0,0,0,0,0,0,0,1,0,0,0,0,0,0,0,0,0,0
Liberia,2022-09-01,0,0,0,0,0,0,0,0,0,0,0,0,0,0,0,0,0,0,0,0
Liberia,2022-10-01,0,0,0,0,0,1,0,0,0,0,0,0,0,0,0,1,0,0,1,0
Liberia,2022-11-01,1,0,0,0,0,0,0,0,0,0,1,0,0,0,0,0,0,0,0,0
Liberia,2022-12-01,0,0,1,0,0,0,0,0,0,0,0,0,0,0,0,0,1,0,0,0
Liberia,2023-01-01,0,0,0,0,0,0,0,0,0,0,0,0,1,0,0,0,0,0,1,0
Liberia,2023-02-01,0,0,0,0,0,0,0,0,0,0,0,0,0,0,1,0,0,0,0,0
Liberia,2023-03-01,0,0,0,0,0,0,0,0,0,0,0,0,0,1,0,0,0,0,0,0
Liberia,2023-04-01,0,0,0,0,0,0,0,0,0,0,0,0,0,0,0,0,1,0,0,0
Liberia,2023-05-01,0,0,0,0,0,0,0,0,0,0,0,1,0,0,0,0,0,0,0,0
Liberia,2023-06-01,0,0,0,1,0,0,0,0,0,0,0,0,0,0,0,0,0,0,0,0
Liberia,2023-07-01,0,0,0,0,0,0,0,0,0,0,0,0,0,0,0,0,0,0,0,0
Liberia,2023-08-01,0,0,0,0,0,0,0,0,0,0,0,0,0,0,0,0,0,0,0,0
Liberia,2023-09-01,1,0,0,0,0,0,0,1,0,0,0,0,0,0,0,0,0,0,0,0
Liberia,2023-10-01,0,0,0,0,0,0,0,0,0,0,0,0,0,0,0,0,0,0,0,0
Liberia,2023-11-01,0,0,0,0,0,0,0,0,0,0,1,0,0,0,0,0,0,0,0,0
Liberia,2023-12-01,0,0,0,0,0,0,0,0,0,0,0,0,0,0,0,0,0,0,0,0
Liberia,2024-01-01,0,0,0,0,0,0,0,0,0,0,0,0,0,0,0,0,0,0,0,0
Liberia,2024-02-01,0,0,0,0,0,0,0,0,0,0,0,0,0,0,0,0,0,0,0,0
Liberia,2024-03-01,0,0,0,0,0,0,0,0,0,0,0,1,0,0,0,0,0,0,0,0
Liberia,2024-04-01,0,0,0,0,0,0,0,1,0,0,0,0,0,0,0,0,0,0,0,1
Liberia,2024-05-01,0,0,0,0,0,0,0,0,0,0,0,0,0,1,0,0,0,0,1,0
Liberia,2024-06-01,0,0,0,0,1,1,0,0,1,0,0,0,0,1,0,1,0,0,0,0
Liberia,2024-07-01,1,0,0,1,0,1,0,0,0,0,0,0,1,0,0,0,0,0,0,0
Liberia,2024-08-01,0,0,0,0,0,0,1,0,0,0,0,0,1,0,0,0,0,0,0,0
Liberia,2024-09-01,1,0,0,0,0,0,0,0,0,0,1,0,0,0,0,0,1,0,0,0
Liberia,2024-10-01,1,1,0,0,0,0,0,0,1,0,0,0,1,1,0,0,1,0,0,0
Liberia,2024-11-01,0,0,0,0,1,0,0,0,0,0,0,0,0,0,0,0,0,0,0,1
Liberia,2024-12-01,0,0,0,0,0,0,0,0,0,0,0,0,0,0,0,0,0,0,0,0
Liberia,2025-01-01,0,0,1,0,0,0,0,0,0,0,0,0,0,0,1,0,0,0,0,0
Liberia,2025-02-01,0,0,0,0,0,0,0,0,0,0,0,0,0,0,0,0,0,0,0,0
Liberia,2025-03-01,0,0,1,0,1,0,0,0,0,0,0,1,0,0,0,0,0,1,0,0
Liberia,2025-04-01,0,0,0,0,0,1,0,0,0,0,0,0,0,0,0,0,0,0,0,0
Liberia,2025-05-01,0,0,0,0,0,0,0,0,0,0,0,0,0,0,0,0,0,0,0,0
Liberia,2025-06-01,0,0,0,0,0,0,0,0,0,0,0,0,0,0,0,0,0,0,0,0
Liberia,2025-07-01,0,0,0,0,0,0,0,0,0,0,0,0,0,0,0,0,0,0,0,0
Liberia,2025-08-01,0,0,0,0,0,0,0,0,0,0,0,0,0,0,0,0,0,0,0,0
Liberia,2025-09-01,0,0,0,0,0,0,0,0,0,0,0,0,0,0,0,0,0,0,0,0
Liberia,2025-10-01,0,0,0,0,0,0,1,0,0,0,0,0,0,0,0,0,0,0,0,0
Liberia,2025-11-01,0,0,0,0,0,0,0,0,0,0,0,0,0,0,0,0,0,0,0,0
Liberia,2025-12-01,0,0,0,0,0,0,0,0,0,0,0,0,0,0,0,0,0,0,0,0
Liberia,2026-01-01,0,0,0,0,0,0,0,0,0,0,0,0,0,0,0,0,0,0,0,0
Kenya,2012-01-01,0,0,0,0,0,0,0,0,0,0,0,0,0,0,0,0,0,0,0,0
Kenya,2012-02-01,0,0,0,0,0,0,1,0,0,0,0,0,0,0,0,0,0,0,0,0
Kenya,2012-03-01,0,0,0,0,0,0,0,0,0,0,0,0,0,0,0,0,0,0,0,0
Kenya,2012-04-01,1,0,0,0,0,1,0,1,0,1,1,0,0,0,0,0,1,1,0,0
Kenya,2012-05-01,0,0,0,0,0,0,1,1,1,0,1,0,0,0,0,0,0,0,0,0
Kenya,2012-06-01,0,0,0,0,0,0,1,0,0,0,0,0,0,0,0,0,0,0,0,0
Kenya,2012-07-01,0,0,0,0,0,0,0,0,0,0,0,0,0,0,0,0,0,0,0,0
Kenya,2012-08-01,0,1,1,0,0,0,0,0,0,0,0,0,0,0,0,0,0,0,0,0
Kenya,2012-09-01,0,0,0,0,0,0,0,0,0,0,0,0,0,0,0,0,0,0,0,1
Kenya,2012-10-01,0,0,0,0,0,0,0,0,0,0,0,0,0,0,0,0,0,0,0,0
Kenya,2012-11-01,0,0,0,0,0,0,0,0,0,0,0,0,0,0,0,0,0,0,0,0
Kenya,2012-12-01,0,0,0,0,0,1,0,0,0,0,0,0,0,0,0,0,0,0,0,0
Kenya,2013-01-01,0,0,0,1,0,0,0,0,0,0,0,0,0,1,0,0,0,1,0,1
Kenya,2013-02-01,0,0,0,1,1,0,0,0,0,0,0,1,0,0,0,0,0,0,1,0
Kenya,2013-03-01,0,0,0,0,0,0,0,0,0,0,0,0,0,0,0,0,0,0,0,0
Kenya,2013-04-01,1,0,0,0,0,0,0,1,0,0,0,0,0,0,0,0,0,0,0,0
Kenya,2013-05-01,0,0,0,0,0,0,0,0,0,0,0,0,0,0,0,0,0,0,0,0
Kenya,2013-06-01,0,0,1,0,0,0,0,0,0,0,0,0,0,0,1,0,0,0,0,0
Kenya,2013-07-01,0,0,1,0,0,0,0,0,0,1,0,0,0,0,0,0,0,0,0,0
Kenya,2013-08-01,0,0,0,0,0,0,1,0,1,1,0,0,1,0,0,1,0,0,0,0
Kenya,2013-09-01,0,0,0,0,0,0,0,0,0,0,0,0,0,0,0,0,0,0,0,0
Kenya,2013-10-01,0,0,0,0,0,0,0,0,0,0,0,0,0,0,0,1,0,0,0,0
Kenya,2013-11-01,0,0,0,0,0,0,0,0,0,0,0,1,0,0,0,0,0,0,0,0
Kenya,2013-12-01,0,1,0,0,0,0,0,0,0,0,0,0,0,0,0,0,1,0,0,0
Kenya,2014-01-01,0,0,0,0,0,0,0,0,0,0,0,0,0,0,0,0,0,0,0,0
Kenya,2014-02-01,0,0,0,0,0,0,0,0,0,0,0,0,0,0,1,0,0,0,0,0
Kenya,2014-03-01,0,0,0,0,0,0,0,0,0,0,0,0,0,1,0,0,0,0,0,0
Kenya,2014-04-01,0,0,0,1,0,0,0,1,0,0,0,0,1,0,0,0,0,0,0,0
Kenya,2014-05-01,0,0,0,0,0,0,0,0,0,0,0,0,0,0,0,0,0,0,0,0
Kenya,2014-06-01,0,1,0,0,0,0,0,0,1,0,0,0,0,0,0,0,0,0,0,0
Kenya,2014-07-01,0,0,0,0,0,0,0,0,0,0,0,0,0,0,0,0,0,0,0,1
Kenya,2014-08-01,0,0,0,0,0,0,0,0,0,0,0,0,0,0,0,1,0,0,0,0
Kenya,2014-09-01,0,0,0,0,0,0,0,0,0,0,0,0,0,0,0,0,0,0,0,0
Kenya,2014-10-01,0,0,0,0,1,0,0,0,0,0,0,0,0,0,0,0,0,0,0,0
Kenya,2014-11-01,0,0,0,0,0,0,0,0,0,0,0,0,0,0,0,0,0,0,0,0
Kenya,2014-12-01,0,0,0,0,0,1,0,0,0,0,0,0,0,0,0,0,0,0,0,0
Kenya,2015-01-01,0,0,0,0,0,0,0,0,0,0,0,0,0,0,0,0,0,0,0,0
Kenya,2015-02-01,0,0,0,0,0,0,0,0,0,0,0,0,1,0,1,0,0,0,0,0
Kenya,2015-03-01,0,0,0,0,0,0,1,0,0,0,0,0,0,1,0,0,0,0,0,0
Kenya,2015-04-01,0,0,0,0,0,0,0,0,0,0,1,0,0,0,0,0,0,0,0,0
Kenya,2015-05-01,0,0,1,0,1,0,0,0,0,0,0,0,0,0,0,0,0,1,0,0
Kenya,2015-06-01,0,0,0,0,0,0,0,0,0,0,0,0,0,0,1,0,0,0,0,0
Kenya,2015-07-01,0,0,0,0,0,0,0,0,0,0,0,0,0,0,0,0,0,0,0,0
Kenya,2015-08-01,0,0,0,0,0,0,0,0,0,0,0,0,0,0,0,0,1,0,0,0
Kenya,2015-09-01,0,0,0,0,0,0,0,0,0,0,0,1,0,0,0,0,0,0,0,1
Kenya,2015-10-01,0,1,0,0,1,0,0,0,0,0,0,0,0,0,0,0,0,0,1,0
Kenya,2015-11-01,1,0,0,0,0,0,0,1,0,0,1,0,0,0,0,0,0,0,0,0
Kenya,2015-12-01,0,0,0,0,0,0,0,0,0,0,0,0,0,0,0,0,0,0,0,0
Kenya,2016-01-01,0,0,0,0,0,0,0,0,0,0,0,0,0,0,0,0,0,0,0,0
Kenya,2016-02-01,0,0,0,0,0,0,0,0,0,0,0,0,0,0,0,0,0,0,0,0
Kenya,2016-03-01,0,0,0,0,0,0,0,0,0,0,0,0,0,0,0,0,0,0,0,0
Kenya,2016-04-01,0,1,0,0,0,0,0,0,0,0,0,0,0,1,0,1,0,0,0,0
Kenya,2016-05-01,0,0,0,0,0,0,0,0,0,0,0,0,0,0,0,0,0,0,0,0
Kenya,2016-06-01,0,0,0,0,0,0,0,0,0,0,0,0,0,0,0,0,0,0,0,0
Kenya,2016-07-01,0,0,0,0,0,0,0,0,0,0,0,0,0,0,0,0,0,0,0,0
Kenya,2016-08-01,0,0,0,0,0,0,0,0,0,1,0,0,0,0,0,0,0,0,0,0
Kenya,2016-09-01,0,0,0,0,0,0,0,0,0,0,0,0,0,0,0,0,0,0,0,0
Kenya,2016-10-01,0,0,0,0,0,0,0,0,0,0,0,1,0,0,0,0,0,0,0,0
Kenya,2016-11-01,0,0,0,0,0,1,0,0,0,0,0,0,0,0,0,0,0,0,0,0
Kenya,2016-12-01,0,0,0,0,0,0,0,0,0,0,0,0,0,0,0,0,0,0,1,0
Kenya,2017-01-01,0,0,1,0,0,0,0,0,0,0,1,1,0,0,0,0,0,1,0,0
Kenya,2017-02-01,0,0,0,0,1,0,1,1,1,0,0,1,0,0,0,0,0,0,0,0
Kenya,2017-03-01,0,0,0,0,0,0,0,0,0,0,0,0,0,1,0,0,0,1,0,0
Kenya,2017-04-01,0,0,0,0,0,0,0,0,0,0,0,0,0,0,0,0,0,0,0,1
Kenya,2017-05-01,0,0,0,0,0,0,0,0,0,0,0,0,0,0,0,0,0,0,0,0
Kenya,2017-06-01,0,0,0,0,0,0,0,0,0,0,0,0,0,0,0,1,0,0,0,0
Kenya,2017-07-01,0,0,0,0,0,0,0,0,0,0,0,0,0,0,0,0,0,0,0,0
Kenya,2017-08-01,0,0,0,0,0,0,0,0,0,0,0,0,0,0,1,0,0,0,0,0
Kenya,2017-09-01,0,0,0,0,0,0,0,0,0,0,0,0,0,0,0,0,0,0,0,0
Kenya,2017-10-01,0,0,0,0,0,0,0,0,0,0,0,0,0,0,0,0,0,0,0,0
Kenya,2017-11-01,0,0,0,0,0,0,0,0,0,0,0,0,0,0,0,0,0,0,0,0
Kenya,2017-12-01,0,1,0,0,0,1,0,0,0,0,0,0,0,0,0,0,0,0,0,0
Kenya,2018-01-01,0,0,0,0,0,0,0,0,0,0,0,0,0,0,0,0,0,0,0,0
Kenya,2018-02-01,0,0,1,1,0,0,0,0,0,0,0,0,0,0,0,0,0,0,0,0
Kenya,2018-03-01,0,0,1,1,0,0,0,0,0,0,0,0,0,0,0,0,0,0,0,0
Kenya,2018-04-01,1,0,0,0,0,0,0,1,0,0,0,0,0,0,0,1,0,0,0,0
Kenya,2018-05-01,1,0,0,0,0,0,1,1,0,0,0,0,0,0,0,0,0,1,0,0
Kenya,2018-06-01,0,0,0,0,0,0,0,1,0,0,0,0,0,0,0,0,0,0,0,0
Kenya,2018-07-01,0,0,0,0,0,0,0,0,1,0,0,0,0,0,0,0,0,0,0,1
Kenya,2018-08-01,0,0,0,0,0,0,0,0,0,0,0,0,1,0,0,0,0,0,0,0
Kenya,2018-09-01,0,0,0,0,0,0,0,0,0,0,0,0,0,0,0,0,0,0,0,1
Kenya,2018-10-01,0,0,0,0,0,0,0,0,0,0,0,0,0,0,0,0,0,0,0,0
Kenya,2018-11-01,0,0,0,0,0,0,0,0,0,0,0,0,0,0,0,0,0,0,0,0
Kenya,2018-12-01,0,0,0,0,0,0,0,0,0,0,0,0,0,0,0,0,0,0,0,0
Kenya,2019-01-01,0,0,0,0,0,0,0,0,0,0,0,0,0,0,0,0,0,0,0,0
Kenya,2019-02-01,0,0,0,0,0,0,0,0,0,0,0,0,0,0,0,0,0,0,0,0
Kenya,2019-03-01,0,1,0,0,1,0,0,0,0,0,1,1,0,0,0,1,0,0,0,0
Kenya,2019-04-01,0,0,0,0,0,0,0,0,0,0,0,1,0,0,0,0,0,0,0,0
Kenya,2019-05-01,0,0,0,0,0,0,0,0,0,0,0,0,1,0,0,0,0,0,0,0
Kenya,2019-06-01,0,0,0,0,0,1,0,0,0,1,0,0,0,1,1,0,0,0,1,0
Kenya,2019-07-01,0,0,0,0,0,0,0,0,0,0,0,0,0,0,0,0,0,0,0,0
Kenya,2019-08-01,0,0,0,0,0,0,0,0,0,0,0,0,0,0,0,0,0,0,0,1
Kenya,2019-09-01,0,0,0,0,0,0,0,0,0,0,0,0,0,0,0,0,0,0,1,0
Kenya,2019-10-01,1,1,1,0,0,0,0,0,0,0,0,0,1,0,0,0,0,0,0,0
Kenya,2019-11-01,0,0,0,0,0,0,0,1,0,0,0,0,0,0,0,0,0,0,0,0
Kenya,2019-12-01,1,0,0,0,0,0,0,1,0,0,0,0,0,0,0,0,0,0,0,0
Kenya,2020-01-01,0,0,0,0,0,0,0,0,0,0,0,0,0,0,0,0,0,0,0,0
Kenya,2020-02-01,0,0,0,0,0,0,0,0,0,0,0,0,0,0,0,0,0,0,0,0
Kenya,2020-03-01,0,0,0,0,0,0,0,0,0,0,0,0,0,0,0,0,0,1,0,0
Kenya,2020-04-01,0,1,0,1,0,0,0,1,0,0,0,0,0,0,0,0,0,0,0,0
Kenya,2020-05-01,0,0,0,0,0,0,0,1,0,0,0,0,0,0,0,0,0,0,0,0
Kenya,2020-06-01,0,0,0,0,0,0,0,0,0,0,0,0,0,0,1,0,0,0,0,0
Kenya,2020-07-01,0,0,0,0,0,0,0,0,0,0,0,0,0,0,0,0,0,0,0,0
Kenya,2020-08-01,0,0,0,0,0,0,0,0,0,1,0,0,0,0,0,0,0,0,0,0
Kenya,2020-09-01,0,0,0,0,0,0,1,0,0,0,0,0,1,0,0,0,0,0,0,0
Kenya,2020-10-01,0,0,0,0,0,0,0,0,0,0,0,0,0,0,0,0,0,0,0,0
Kenya,2020-11-01,0,0,0,0,0,0,0,0,0,0,0,0,0,0,0,1,0,0,0,0
Kenya,2020-12-01,0,0,0,0,0,0,0,0,0,0,0,0,0,0,0,0,0,0,0,0
Kenya,2021-01-01,0,0,0,0,0,0,0,0,0,0,0,0,1,0,0,0,0,0,0,0
Kenya,2021-02-01,0,0,0,0,0,0,0,0,0,0,0,0,0,0,0,0,0,0,0,0
Kenya,2021-03-01,0,0,0,0,0,0,0,0,0,0,0,0,0,0,0,0,0,0,0,1
Kenya,2021-04-01,0,0,0,0,0,0,0,0,0,0,0,0,0,0,0,0,0,0,1,1
Kenya,2021-05-01,0,0,0,0,0,0,0,1,0,0,0,0,0,0,0,0,0,0,0,0
Kenya,2021-06-01,0,0,0,0,0,0,0,0,0,0,0,0,0,0,0,0,0,0,0,0
Kenya,2021-07-01,0,0,0,0,0,0,0,0,0,0,0,0,0,0,0,0,0,1,0,0
Kenya,2021-08-01,0,0,0,1,0,0,0,0,0,0,0,0,0,0,0,0,0,0,0,0
Kenya,2021-09-01,0,0,1,0,0,0,0,0,0,1,0,1,0,0,0,0,0,0,1,0
Kenya,2021-10-01,0,0,0,0,0,0,0,0,0,0,0,0,0,0,0,0,1,0,0,0
Kenya,2021-11-01,0,1,0,0,0,0,0,0,0,0,1,0,0,0,0,0,0,0,0,0
Kenya,2021-12-01,1,0,0,0,0,0,1,0,0,0,0,0,0,0,0,0,0,0,0,0
Kenya,2022-01-01,0,0,0,0,0,0,0,0,0,0,0,0,0,0,0,0,0,0,0,0
Kenya,2022-02-01,0,0,0,0,0,0,0,0,0,0,0,0,0,0,1,0,0,0,0,0
Kenya,2022-03-01,0,0,0,0,0,0,0,0,0,0,0,0,0,0,1,0,0,0,0,0
Kenya,2022-04-01,0,0,0,0,0,0,0,0,0,0,0,0,0,0,0,0,0,0,0,0
Kenya,2022-05-01,0,0,0,0,0,0,0,0,0,0,0,0,0,0,0,0,0,0,0,0
Kenya,2022-06-01,0,0,0,0,0,0,0,0,0,0,0,0,0,0,0,0,0,0,0,0
Kenya,2022-07-01,0,0,0,0,0,0,0,0,0,0,0,0,0,0,0,0,0,0,0,0
Kenya,2022-08-01,0,0,0,0,0,0,0,0,0,0,0,0,0,0,0,0,0,0,0,0
Kenya,2022-09-01,0,0,0,0,0,0,0,0,0,0,0,0,0,0,0,0,0,0,0,0
Kenya,2022-10-01,0,0,0,1,0,0,0,0,0,0,0,1,0,0,0,0,0,0,0,1
Kenya,2022-11-01,0,0,0,1,0,0,0,0,1,0,0,0,0,0,0,1,0,0,0,0
Kenya,2022-12-01,0,0,0,0,0,0,0,0,0,0,0,0,0,0,0,0,0,0,0,0
Kenya,2023-01-01,0,0,0,0,0,0,0,0,0,0,0,0,0,0,0,0,0,0,0,0
Kenya,2023-02-01,0,0,0,0,0,0,0,0,0,0,0,1,0,1,0,0,0,0,0,0
Kenya,2023-03-01,0,0,0,0,0,0,0,1,0,0,0,0,0,0,0,0,0,0,0,0
Kenya,2023-04-01,0,0,0,0,0,0,0,0,0,0,0,0,0,0,0,0,0,0,0,0
Kenya,2023-05-01,0,0,0,0,0,0,0,0,0,0,0,0,0,0,0,0,0,1,0,1
Kenya,2023-06-01,0,0,0,0,0,0,0,0,0,0,0,0,0,0,0,0,0,0,0,0
Kenya,2023-07-01,0,0,0,0,0,0,0,0,0,0,0,0,0,0,1,0,0,0,0,0
Kenya,2023-08-01,0,0,0,0,0,0,0,0,0,1,0,0,0,0,0,0,0,0,0,0
Kenya,2023-09-01,0,1,0,0,1,0,0,0,0,0,1,0,0,0,1,0,0,0,0,0
Kenya,2023-10-01,0,0,0,0,0,0,0,0,0,1,0,0,1,0,0,0,0,0,0,0
Kenya,2023-11-01,1,1,0,0,1,0,0,1,1,0,0,0,0,0,0,0,0,0,0,0
Kenya,2023-12-01,0,0,0,0,0,0,0,0,0,0,0,0,0,0,0,0,0,0,0,0
Kenya,2024-01-01,0,0,0,0,0,0,0,0,0,0,0,0,0,0,0,0,0,0,0,0
Kenya,2024-02-01,0,0,0,0,0,0,1,0,0,0,0,0,0,0,0,0,0,0,0,0
Kenya,2024-03-01,0,0,0,0,0,0,0,0,0,0,0,0,0,0,0,0,0,0,0,0
Kenya,2024-04-01,1,0,0,0,0,0,0,1,0,0,0,0,0,0,0,0,0,0,0,0
Kenya,2024-05-01,1,0,0,0,0,0,0,1,1,0,1,0,0,0,0,0,0,0,0,0
Kenya,2024-06-01,0,0,0,0,0,0,0,0,0,0,0,0,0,0,0,0,0,0,0,0
Kenya,2024-07-01,0,0,0,0,0,0,0,0,0,0,0,0,0,0,0,0,0,0,0,0
Kenya,2024-08-01,0,0,0,0,0,0,0,0,0,0,0,0,0,0,0,0,0,0,0,0
Kenya,2024-09-01,0,0,0,0,0,0,0,0,0,0,0,0,0,0,0,0,0,0,1,0
Kenya,2024-10-01,0,1,0,0,0,0,0,0,0,0,0,0,0,0,0,1,0,0,0,0
Kenya,2024-11-01,0,1,0,0,0,1,0,0,0,0,0,0,0,0,0,0,0,0,0,0
Kenya,2024-12-01,0,0,0,0,0,0,0,0,0,0,0,0,0,0,0,0,0,0,0,0
Kenya,2025-01-01,0,0,0,1,0,0,0,0,0,0,0,0,1,0,1,0,1,0,0,0
Kenya,2025-02-01,0,0,1,0,0,0,0,0,0,0,1,1,1,0,0,0,1,0,0,0
Kenya,2025-03-01,0,0,1,0,0,0,0,0,0,1,0,1,0,0,0,1,0,0,1,1
Kenya,2025-04-01,0,0,0,0,0,0,0,0,0,1,0,0,0,1,0,0,0,0,0,1
Kenya,2025-05-01,0,1,1,1,1,0,0,0,1,1,0,0,0,1,1,0,0,0,0,0
Kenya,2025-06-01,0,0,0,0,0,0,0,1,0,0,0,0,0,0,0,1,0,0,0,0
Kenya,2025-07-01,0,0,0,0,0,0,0,0,0,0,0,0,0,0,0,0,1,0,0,0
Kenya,2025-08-01,0,0,0,0,0,0,0,1,0,0,0,0,0,1,0,0,0,0,0,0
Kenya,2025-09-01,0,0,0,0,0,0,1,0,0,0,0,0,0,0,0,0,0,0,0,0
Kenya,2025-10-01,0,0,0,0,0,0,0,0,0,0,0,0,0,0,0,0,0,0,0,0
Kenya,2025-11-01,0,0,0,0,0,0,0,0,0,0,0,0,0,0,0,0,0,0,0,0
Kenya,2025-12-01,0,0,0,0,0,0,0,0,0,0,0,0,0,0,0,0,0,0,0,0
Kenya,2026-01-01,0,0,0,0,0,0,0,0,0,0,0,0,0,0,0,0,0,0,0,0
Guatemala,2012-01-01,0,0,0,0,0,0,0,0,0,0,0,0,0,0,0,0,0,0,0,0
Guatemala,2012-02-01,0,0,0,0,0,0,0,0,0,0,0,0,0,0,0,0,0,0,0,0
Guatemala,2012-03-01,0,0,0,0,0,0,0,0,0,0,1,1,0,0,0,0,0,0,0,0
Guatemala,2012-04-01,0,0,1,0,0,0,1,0,1,0,0,0,0,0,0,0,0,0,0,0
Guatemala,2012-05-01,0,0,0,0,0,0,0,0,0,0,0,0,0,0,0,0,0,0,1,0
Guatemala,2012-06-01,0,0,0,0,0,0,0,0,0,0,1,0,0,0,0,0,0,0,0,0
Guatemala,2012-07-01,0,0,0,0,0,0,0,0,0,0,0,1,0,0,1,0,0,0,0,0
Guatemala,2012-08-01,1,0,0,0,0,0,1,0,0,0,0,0,0,0,0,0,0,0,0,0
Guatemala,2012-09-01,0,0,1,0,1,0,0,1,0,0,0,0,0,0,0,0,0,0,0,0
Guatemala,2012-10-01,0,0,0,0,0,0,0,0,0,0,1,0,0,1,0,0,0,0,0,0
Guatemala,2012-11-01,1,0,0,0,0,0,0,0,1,0,0,0,0,0,0,0,0,0,0,0
Guatemala,2012-12-01,0,0,0,0,0,0,0,0,0,0,0,0,0,0,0,0,0,0,1,0
Guatemala,2013-01-01,0,0,0,0,0,0,0,0,0,0,0,0,0,0,0,0,0,0,0,0
Guatemala,2013-02-01,0,0,0,0,0,0,1,0,0,0,0,1,0,0,0,0,0,0,0,0
Guatemala,2013-03-01,0,0,0,0,0,0,0,0,0,0,0,0,0,0,0,0,0,0,0,0
Guatemala,2013-04-01,0,0,0,0,0,0,0,0,0,0,0,0,0,0,0,0,0,0,0,0
Guatemala,2013-05-01,0,0,0,0,0,0,1,0,0,0,0,0,0,0,0,0,0,0,1,0
Guatemala,2013-06-01,0,0,0,0,0,0,0,0,0,0,0,0,0,0,0,0,0,0,0,1
Guatemala,2013-07-01,0,0,0,0,0,0,0,0,1,0,0,0,0,0,0,0,0,0,0,0
Guatemala,2013-08-01,0,0,0,0,1,0,0,0,0,0,0,0,0,0,0,0,0,0,0,0
Guatemala,2013-09-01,0,0,0,0,0,0,0,1,0,0,0,0,0,0,0,0,0,0,0,0
Guatemala,2013-10-01,0,0,0,0,0,0,0,0,0,0,0,0,0,0,0,0,0,0,0,0
Guatemala,2013-11-01,0,0,0,0,0,0,0,0,0,0,1,0,0,0,0,1,0,0,0,0
Guatemala,2013-12-01,0,0,0,0,0,0,0,0,0,0,0,0,0,0,0,0,0,0,0,0
Guatemala,2014-01-01,0,0,0,0,0,0,0,0,0,0,0,0,1,1,0,0,0,0,0,0
Guatemala,2014-02-01,0,0,0,0,0,0,0,1,0,0,0,0,0,1,0,0,0,0,0,0
Guatemala,2014-03-01,0,0,0,1,0,0,1,0,0,0,1,0,0,0,0,0,0,0,0,0
Guatemala,2014-04-01,0,0,1,0,0,0,0,0,0,0,0,0,0,0,0,1,0,0,0,0
Guatemala,2014-05-01,0,0,1,0,0,0,0,0,0,1,0,0,0,0,0,1,1,0,0,0
Guatemala,2014-06-01,0,0,0,0,0,0,0,0,0,0,0,0,0,0,0,0,1,0,0,0
Guatemala,2014-07-01,1,0,0,0,0,0,0,0,0,0,0,0,0,0,0,0,0,0,0,0
Guatemala,2014-08-01,0,0,0,0,0,0,0,0,0,0,0,1,0,0,0,0,0,0,0,0
Guatemala,2014-09-01,0,0,0,0,0,0,0,0,0,0,0,0,0,0,0,0,0,0,0,0
Guatemala,2014-10-01,0,0,0,0,0,0,0,0,0,0,0,0,0,0,0,0,0,0,0,0
Guatemala,2014-11-01,0,0,0,0,0,0,0,0,0,0,0,0,0,0,0,0,0,0,0,0
Guatemala,2014-12-01,0,0,0,0,0,0,0,1,0,0,0,0,0,0,0,0,1,0,0,0
Guatemala,2015-01-01,0,0,0,0,0,0,0,0,1,1,0,0,0,0,0,0,0,0,0,0
Guatemala,2015-02-01,0,0,0,0,1,0,0,0,0,0,0,0,1,0,0,0,0,0,0,0
Guatemala,2015-03-01,0,0,1,0,0,0,0,0,0,0,0,0,0,0,0,0,0,0,1,0
Guatemala,2015-04-01,0,0,0,0,0,0,0,0,0,0,0,0,0,0,0,0,0,0,0,0
Guatemala,2015-05-01,0,0,0,0,0,0,0,0,0,0,0,0,0,0,1,0,0,0,0,0
Guatemala,2015-06-01,0,0,0,0,0,0,1,0,0,0,0,0,0,1,0,0,0,0,0,0
Guatemala,2015-07-01,0,0,0,0,0,0,0,0,0,0,0,0,0,0,0,0,0,0,0,0
Guatemala,2015-08-01,0,0,0,0,0,0,0,0,0,0,0,0,0,0,0,0,0,0,0,0
Guatemala,2015-09-01,0,0,0,0,0,0,0,0,0,0,0,0,0,0,0,0,0,0,0,0
Guatemala,2015-10-01,1,0,0,0,0,0,0,0,0,0,0,0,0,0,0,0,0,1,0,0
Guatemala,2015-11-01,0,0,0,0,0,0,0,0,0,0,0,0,1,0,1,0,0,0,0,0
Guatemala,2015-12-01,0,0,0,0,0,0,0,1,0,0,0,0,0,0,0,0,0,0,0,1
Guatemala,2016-01-01,0,1,0,1,0,0,0,1,0,0,0,0,0,0,0,0,0,0,0,0
Guatemala,2016-02-01,0,0,0,0,0,0,0,0,0,1,0,0,0,0,0,0,0,0,0,0
Guatemala,2016-03-01,0,0,0,0,0,0,0,0,0,0,0,0,1,0,0,0,0,1,0,0
Guatemala,2016-04-01,0,0,0,0,0,1,0,0,0,0,0,1,0,0,0,1,0,1,0,0
Guatemala,2016-05-01,0,0,0,0,0,1,0,0,0,1,0,0,0,1,0,0,1,0,0,0
Guatemala,2016-06-01,0,0,0,0,0,0,1,0,0,1,0,0,0,0,0,0,0,0,0,0
Guatemala,2016-07-01,0,0,1,0,0,0,0,0,0,0,0,0,0,0,0,0,0,0,0,0
Guatemala,2016-08-01,0,1,0,0,0,0,0,0,0,0,0,0,0,0,0,0,0,0,0,0
Guatemala,2016-09-01,0,0,0,0,0,0,0,0,0,0,0,0,0,0,0,0,0,0,0,0
Guatemala,2016-10-01,0,0,0,0,0,0,0,0,0,0,0,0,0,0,0,0,0,0,0,0
Guatemala,2016-11-01,0,0,0,0,0,0,0,0,1,0,0,0,0,1,0,0,0,0,0,0
Guatemala,2016-12-01,0,0,0,0,0,0,0,0,0,0,0,0,0,0,1,0,0,0,0,0
Guatemala,2017-01-01,0,0,0,0,0,0,0,0,0,0,0,0,0,0,0,0,0,0,0,1
Guatemala,2017-02-01,0,0,0,0,0,0,0,0,0,0,0,0,0,0,0,0,0,0,0,0
Guatemala,2017-03-01,0,0,0,0,0,0,0,0,0,0,0,0,0,0,0,0,0,0,0,0
Guatemala,2017-04-01,0,0,0,0,0,0,0,0,0,0,0,0,0,0,0,0,0,0,0,0
Guatemala,2017-05-01,0,0,0,0,0,0,0,0,0,0,1,1,0,0,0,0,0,0,0,0
Guatemala,2017-06-01,0,0,0,1,1,0,0,0,0,1,0,0,0,0,0,0,0,0,0,0
Guatemala,2017-07-01,0,0,0,0,0,0,0,0,0,0,0,0,0,0,0,0,1,0,1,0
Guatemala,2017-08-01,0,0,0,0,0,1,0,0,0,0,0,0,1,1,0,0,1,0,0,0
Guatemala,2017-09-01,0,0,0,0,0,0,0,0,0,0,1,0,1,0,0,1,0,0,0,0
Guatemala,2017-10-01,0,0,0,0,0,0,0,0,0,0,0,0,0,0,0,0,0,0,0,0
Guatemala,2017-11-01,0,0,0,0,0,0,0,0,0,0,0,0,0,0,0,1,0,0,0,0
Guatemala,2017-12-01,0,0,0,0,0,0,0,0,0,0,0,0,0,0,0,0,0,0,0,0
Guatemala,2018-01-01,0,0,0,0,0,0,0,0,0,0,0,0,0,0,0,0,0,0,0,0
Guatemala,2018-02-01,0,0,0,0,0,0,0,0,0,0,0,0,0,0,0,0,0,0,0,1
Guatemala,2018-03-01,0,0,0,0,0,0,0,0,0,0,0,0,0,0,0,0,1,0,0,0
Guatemala,2018-04-01,0,0,0,0,0,0,0,0,0,0,0,0,1,1,1,0,0,0,0,0
Guatemala,2018-05-01,0,0,0,0,1,0,0,0,0,0,0,0,0,0,0,0,1,0,0,0
Guatemala,2018-06-01,1,0,0,0,0,0,1,1,1,0,0,0,0,0,0,0,0,0,1,0
Guatemala,2018-07-01,0,0,0,0,0,0,1,0,0,0,0,0,0,0,0,0,0,0,0,0
Guatemala,2018-08-01,0,0,1,0,0,0,0,0,0,0,0,1,0,0,1,0,0,0,1,0
Guatemala,2018-09-01,0,1,0,0,0,0,0,0,0,0,0,0,0,0,0,0,0,0,0,0
Guatemala,2018-10-01,0,1,0,0,0,0,0,0,0,0,0,0,0,0,0,0,0,0,0,0
Guatemala,2018-11-01,0,0,0,0,0,0,0,0,0,0,0,0,0,0,0,0,0,1,0,0
Guatemala,2018-12-01,0,0,0,0,0,1,0,0,0,0,0,0,0,0,0,0,0,0,0,0
Guatemala,2019-01-01,0,0,0,0,0,0,0,0,0,0,0,0,0,0,0,0,0,0,0,0
Guatemala,2019-02-01,0,0,0,0,0,0,0,0,0,0,0,0,0,0,0,0,0,0,0,0
Guatemala,2019-03-01,0,0,0,0,0,0,0,0,0,0,0,0,0,0,0,0,0,1,0,0
Guatemala,2019-04-01,0,0,0,0,0,0,0,0,0,0,0,1,0,0,0,0,0,0,0,0
Guatemala,2019-05-01,0,0,0,0,0,0,0,0,0,0,1,0,0,0,0,0,0,0,0,0
Guatemala,2019-06-01,0,0,0,0,0,0,0,0,0,0,0,0,0,1,0,0,0,0,0,0
Guatemala,2019-07-01,0,0,0,0,0,0,0,1,0,0,0,0,0,0,0,0,0,1,0,0
Guatemala,2019-08-01,0,0,0,0,0,0,0,0,0,0,0,0,0,0,0,1,0,0,0,0
Guatemala,2019-09-01,0,0,0,0,0,0,0,0,0,1,0,0,0,0,1,0,0,0,0,0
Guatemala,2019-10-01,1,1,0,1,1,0,0,0,0,0,0,0,0,0,1,1,1,0,0,0
Guatemala,2019-11-01,0,0,0,0,0,0,0,0,0,0,0,0,0,0,0,1,0,0,0,0
Guatemala,2019-12-01,0,0,0,0,0,0,0,0,0,0,0,0,0,0,0,0,0,0,0,0
Guatemala,2020-01-01,0,0,0,0,0,0,0,0,0,0,0,0,0,0,0,0,0,0,0,0
Guatemala,2020-02-01,0,0,0,0,0,0,0,0,0,0,0,1,0,0,0,0,0,0,0,1
Guatemala,2020-03-01,0,0,0,0,0,0,0,0,0,0,0,0,0,0,0,0,0,0,0,0
Guatemala,2020-04-01,0,0,0,0,0,0,0,0,0,0,0,0,0,0,0,0,0,0,0,0
Guatemala,2020-05-01,0,0,0,0,0,1,0,0,0,0,0,0,1,0,0,0,0,0,0,0
Guatemala,2020-06-01,0,0,0,0,0,1,0,0,0,0,0,0,0,0,0,0,0,1,0,0
Guatemala,2020-07-01,0,0,0,0,0,0,0,0,0,0,0,0,1,0,0,0,1,0,0,0
Guatemala,2020-08-01,0,0,0,0,0,0,0,0,0,0,0,0,0,0,0,0,0,0,0,0
Guatemala,2020-09-01,0,0,0,0,0,0,0,0,0,0,0,0,0,0,0,0,0,0,0,0
Guatemala,2020-10-01,0,0,0,0,0,0,0,0,0,0,0,0,0,0,0,0,0,0,0,0
Guatemala,2020-11-01,1,0,0,0,0,0,0,1,1,0,0,0,0,0,0,0,0,0,0,0
Guatemala,2020-12-01,0,0,0,0,0,0,0,1,0,0,0,0,0,0,1,0,0,0,0,0
Guatemala,2021-01-01,0,0,0,1,0,0,0,0,0,0,0,0,0,0,0,0,0,0,0,0
Guatemala,2021-02-01,0,0,0,0,0,0,1,0,0,0,0,0,0,0,0,0,0,0,0,0
Guatemala,2021-03-01,0,0,0,0,0,0,0,0,0,0,0,0,0,0,0,0,0,0,1,0
Guatemala,2021-04-01,0,0,0,0,0,0,1,0,0,0,0,0,0,0,0,0,0,0,0,0
Guatemala,2021-05-01,0,0,0,0,0,0,0,0,0,0,0,1,0,0,0,0,0,0,0,0
Guatemala,2021-06-01,0,0,0,0,0,1,0,0,0,1,0,0,0,0,0,0,0,0,0,0
Guatemala,2021-07-01,0,0,0,0,0,0,0,0,0,0,0,0,0,0,0,0,0,0,0,0
Guatemala,2021-08-01,0,0,0,0,0,0,0,0,0,0,0,0,0,0,0,0,0,0,0,0
Guatemala,2021-09-01,0,0,0,0,0,0,0,0,0,0,0,0,0,0,0,0,0,0,0,0
Guatemala,2021-10-01,0,1,0,0,0,0,0,0,0,0,1,0,0,0,0,0,0,0,1,1
Guatemala,2021-11-01,0,1,0,0,0,0,0,0,0,0,0,0,1,0,0,0,0,0,0,0
Guatemala,2021-12-01,0,0,0,0,0,0,0,0,0,0,0,0,0,0,0,0,0,1,0,0
Guatemala,2022-01-01,0,0,0,0,0,0,0,0,0,0,0,0,0,0,1,0,0,0,0,1
Guatemala,2022-02-01,0,0,1,1,0,0,0,0,0,0,0,0,0,0,0,0,0,0,0,0
Guatemala,2022-03-01,0,0,0,0,0,0,0,0,0,0,0,0,0,0,1,0,0,0,0,0
Guatemala,2022-04-01,0,0,0,1,0,0,0,0,0,0,0,0,0,1,0,0,1,0,1,0
Guatemala,2022-05-01,0,0,0,0,0,0,0,0,0,0,0,0,0,0,0,0,0,0,0,0
Guatemala,2022-06-01,0,0,0,0,1,0,1,1,1,0,0,1,1,0,0,0,0,0,0,0
Guatemala,2022-07-01,0,0,0,0,0,0,0,0,0,0,0,0,0,0,0,0,0,0,0,0
Guatemala,2022-08-01,0,0,0,0,0,0,0,0,0,0,0,0,0,0,0,0,0,0,0,0
Guatemala,2022-09-01,0,0,0,0,0,0,0,0,0,0,0,0,0,0,0,0,0,0,0,0
Guatemala,2022-10-01,1,0,0,0,0,0,0,1,0,0,0,0,0,0,0,0,0,0,0,0
Guatemala,2022-11-01,0,0,0,0,0,1,0,0,1,1,0,0,0,0,0,0,0,0,0,0
Guatemala,2022-12-01,0,1,0,0,0,0,0,0,0,1,0,1,0,0,0,0,1,0,0,0
Guatemala,2023-01-01,0,0,0,0,0,0,0,0,0,0,0,0,0,0,0,0,0,0,0,0
Guatemala,2023-02-01,0,0,0,0,0,1,0,0,0,0,0,0,0,0,0,0,0,0,0,0
Guatemala,2023-03-01,0,1,1,1,0,0,0,0,0,0,0,0,0,0,0,0,0,0,0,0
Guatemala,2023-04-01,0,0,0,0,1,0,0,0,0,0,0,0,0,0,1,0,0,0,0,1
Guatemala,2023-05-01,0,0,1,1,0,0,0,0,0,0,0,0,0,0,0,1,0,0,0,0
Guatemala,2023-06-01,0,0,0,0,0,0,0,0,0,0,0,0,0,0,0,1,0,0,0,0
Guatemala,2023-07-01,0,0,0,0,0,0,0,0,0,0,0,0,0,0,0,1,0,0,0,0
Guatemala,2023-08-01,0,0,0,0,0,0,0,0,0,0,0,0,0,0,0,0,0,1,0,0
Guatemala,2023-09-01,0,0,0,0,0,0,0,0,0,0,0,0,0,0,0,0,0,0,0,0
Guatemala,2023-10-01,0,0,0,0,0,0,0,0,0,0,0,0,0,0,0,0,0,0,0,0
Guatemala,2023-11-01,0,0,0,0,0,0,0,0,0,0,0,0,0,0,0,0,0,0,0,0
Guatemala,2023-12-01,0,0,0,0,0,0,0,0,0,0,0,0,0,0,0,0,0,0,0,0
Guatemala,2024-01-01,0,0,0,0,0,0,0,0,0,0,0,0,0,0,0,0,0,0,0,0
Guatemala,2024-02-01,0,0,0,0,0,1,0,0,0,0,0,0,0,0,0,0,0,0,1,0
Guatemala,2024-03-01,0,0,0,0,0,1,0,0,0,0,0,0,0,0,0,0,0,0,0,0
Guatemala,2024-04-01,0,0,0,0,1,0,1,0,1,0,1,0,1,0,0,0,0,0,0,0
Guatemala,2024-05-01,0,0,0,0,0,0,1,0,1,0,0,1,0,0,0,0,0,0,0,0
Guatemala,2024-06-01,1,0,0,0,0,0,0,0,0,0,0,1,0,0,0,0,1,0,0,0
Guatemala,2024-07-01,0,0,0,0,0,0,0,0,0,0,0,0,0,0,0,0,0,0,0,0
Guatemala,2024-08-01,0,0,0,0,0,0,0,0,0,0,0,0,0,0,0,0,0,0,0,0
Guatemala,2024-09-01,0,0,0,0,0,0,0,0,0,0,0,0,0,0,1,0,0,0,0,0
Guatemala,2024-10-01,0,0,1,1,0,0,0,0,0,0,0,0,0,0,0,0,0,0,0,0
Guatemala,2024-11-01,0,0,0,0,0,0,0,1,0,0,0,0,0,0,0,0,0,0,0,0
Guatemala,2024-12-01,0,0,0,0,0,0,0,0,0,1,0,0,0,0,0,0,0,0,0,0
Guatemala,2025-01-01,0,1,0,0,0,0,0,0,0,0,0,0,0,0,1,0,0,0,0,0
Guatemala,2025-02-01,0,0,0,0,0,0,0,0,0,0,0,0,0,0,1,1,0,0,1,1
Guatemala,2025-03-01,0,0,0,0,0,0,0,0,0,0,0,0,0,1,0,0,0,0,0,0
Guatemala,2025-04-01,0,0,0,0,0,0,0,0,0,0,0,0,0,0,0,0,0,0,0,0
Guatemala,2025-05-01,0,0,0,0,0,0,0,0,0,0,0,0,0,0,0,0,0,1,0,0
Guatemala,2025-06-01,1,0,0,0,0,0,0,1,0,0,1,0,0,0,0,0,0,0,1,1
Guatemala,2025-07-01,1,0,0,0,0,0,0,1,1,0,0,0,0,0,0,0,0,0,0,0
Guatemala,2025-08-01,0,0,0,0,0,0,0,0,0,0,0,0,0,1,0,0,0,0,0,0
Guatemala,2025-09-01,0,0,0,0,0,0,0,0,0,0,0,0,0,0,1,1,0,0,0,0
Guatemala,2025-10-01,0,0,0,0,0,0,0,0,0,0,0,0,0,0,0,0,0,0,0,0
Guatemala,2025-11-01,0,0,0,0,0,0,0,0,0,0,0,0,0,0,0,0,0,0,0,0
Guatemala,2025-12-01,0,0,0,0,0,0,0,0,0,0,0,0,0,0,0,0,0,0,0,0
Guatemala,2026-01-01,0,0,0,0,0,0,0,0,0,0,0,0,0,0,0,0,0,0,0,0
Ghana,2012-01-01,0,0,1,0,0,0,0,0,1,1,0,0,0,0,0,1,0,0,0,0
Ghana,2012-02-01,0,0,0,1,0,0,0,0,0,0,1,0,0,0,0,0,0,0,1,0
Ghana,2012-03-01,0,1,1,0,0,0,0,0,0,0,0,0,0,0,0,0,0,0,0,0
Ghana,2012-04-01,0,0,0,0,0,0,0,0,0,0,0,0,0,0,0,0,0,0,0,0
Ghana,2012-05-01,0,0,0,0,0,0,0,1,0,0,0,0,1,0,0,0,0,0,0,0
Ghana,2012-06-01,0,0,0,0,0,0,1,0,0,0,0,0,0,1,0,0,0,0,0,0
Ghana,2012-07-01,0,0,0,0,0,0,0,0,0,0,0,0,0,0,0,0,0,0,1,0
Ghana,2012-08-01,0,0,0,1,0,0,0,0,0,0,0,0,0,0,0,0,0,0,0,0
Ghana,2012-09-01,0,0,0,0,0,0,0,0,0,0,0,0,0,0,0,0,1,0,0,0
Ghana,2012-10-01,0,0,0,0,0,0,0,0,0,0,0,0,0,0,0,0,0,0,0,0
Ghana,2012-11-01,0,1,0,0,0,0,0,0,0,1,0,0,0,0,0,0,0,0,0,0
Ghana,2012-12-01,0,0,0,0,0,0,0,0,0,0,0,0,0,0,0,1,0,0,0,0
Ghana,2013-01-01,0,0,0,0,0,0,1,0,0,0,0,0,0,0,0,0,0,0,0,0
Ghana,2013-02-01,0,0,0,0,0,0,0,0,1,0,0,0,0,0,1,0,0,0,0,0
Ghana,2013-03-01,0,0,0,0,0,0,0,0,0,0,0,1,0,0,0,0,1,0,0,0
Ghana,2013-04-01,0,0,0,0,0,0,0,0,0,0,1,0,0,0,0,0,0,0,0,0
Ghana,2013-05-01,0,0,0,0,1,0,0,0,0,0,0,0,0,0,0,0,0,0,0,0
Ghana,2013-06-01,1,0,0,0,0,1,0,1,0,0,0,0,1,1,0,0,0,0,0,0
Ghana,2013-07-01,0,0,0,0,0,0,0,0,0,1,0,0,0,0,0,0,0,0,0,0
Ghana,2013-08-01,0,0,0,0,0,0,0,1,0,0,0,0,0,0,0,0,0,1,0,1
Ghana,2013-09-01,0,0,0,1,0,0,0,1,0,0,0,0,0,0,1,0,0,0,1,0
Ghana,2013-10-01,0,0,0,0,0,0,0,0,0,0,0,0,0,0,0,0,0,0,0,0
Ghana,2013-11-01,0,0,0,0,0,0,0,0,0,0,0,0,0,0,0,0,0,1,0,0
Ghana,2013-12-01,0,0,0,0,0,0,0,0,0,0,0,1,0,0,0,0,0,0,0,0
Ghana,2014-01-01,0,0,0,0,0,0,0,0,0,0,0,0,0,0,0,0,0,0,0,0
Ghana,2014-02-01,0,1,0,0,0,0,0,0,0,0,0,0,0,0,0,0,0,0,0,1
Ghana,2014-03-01,0,0,0,0,1,0,0,0,0,0,0,0,0,0,0,0,0,0,0,0
Ghana,2014-04-01,0,0,0,0,0,0,0,0,0,0,0,0,0,0,1,0,1,0,0,0
Ghana,2014-05-01,0,0,0,1,0,0,0,0,0,0,0,0,0,0,0,0,0,0,0,0
Ghana,2014-06-01,0,0,0,0,0,0,0,0,0,0,0,0,0,0,0,1,0,0,0,0
Ghana,2014-07-01,0,0,0,0,0,1,0,0,0,0,0,0,0,0,0,0,0,0,0,0
Ghana,2014-08-01,0,0,0,0,0,0,0,0,0,1,1,0,0,0,0,0,0,0,0,0
Ghana,2014-09-01,0,1,1,0,0,0,0,0,0,0,0,0,0,0,1,0,0,0,0,0
Ghana,2014-10-01,0,0,0,0,0,0,0,0,0,0,0,0,0,0,0,0,0,0,0,0
Ghana,2014-11-01,0,0,0,0,0,0,0,0,0,0,0,0,0,0,0,0,0,0,0,1
Ghana,2014-12-01,0,0,0,0,0,0,0,0,0,0,0,0,1,0,0,0,0,1,0,0
Ghana,2015-01-01,0,0,0,0,0,0,0,0,0,0,0,0,0,0,0,0,0,0,0,0
Ghana,2015-02-01,0,0,0,0,0,0,0,0,0,0,0,0,0,0,0,0,0,0,0,0
Ghana,2015-03-01,0,0,0,0,0,0,0,0,0,0,0,0,1,0,0,0,0,0,1,0
Ghana,2015-04-01,0,0,0,0,0,0,0,0,0,0,0,0,0,1,0,0,1,0,0,0
Ghana,2015-05-01,0,0,0,0,0,0,0,0,0,0,0,0,0,0,0,0,0,0,0,0
Ghana,2015-06-01,1,0,0,0,0,0,1,1,1,0,1,0,0,0,0,0,0,1,0,0
Ghana,2015-07-01,0,0,0,0,0,0,0,0,0,0,0,0,0,0,1,1,0,0,0,0
Ghana,2015-08-01,0,0,0,0,0,0,0,0,0,0,0,0,0,0,0,0,0,0,0,0
Ghana,2015-09-01,0,0,0,0,0,0,0,0,0,0,0,0,0,0,0,0,0,0,0,0
Ghana,2015-10-01,0,0,0,0,0,0,0,0,0,0,0,0,0,0,0,0,0,0,0,0
Ghana,2015-11-01,0,0,1,0,0,0,0,0,0,0,0,0,0,0,1,0,0,0,0,0
Ghana,2015-12-01,0,0,0,0,0,0,0,0,0,0,0,0,0,0,0,0,0,0,0,1
Ghana,2016-01-01,0,0,0,0,0,0,0,0,0,0,0,0,0,0,0,0,0,0,0,0
Ghana,2016-02-01,0,0,0,0,0,1,0,0,0,0,0,1,0,0,0,0,0,0,1,0
Ghana,2016-03-01,0,0,0,0,0,0,0,0,0,1,0,1,0,0,0,1,0,0,0,0
Ghana,2016-04-01,0,0,0,0,0,0,0,0,0,1,0,0,0,0,0,0,0,0,0,0
Ghana,2016-05-01,0,1,0,0,0,0,0,0,0,0,0,0,0,0,0,0,0,1,0,0
Ghana,2016-06-01,0,0,0,0,0,0,0,0,0,0,0,0,0,0,0,0,0,0,0,0
Ghana,2016-07-01,0,0,0,0,0,0,0,0,0,0,0,0,0,0,0,0,0,0,0,0
Ghana,2016-08-01,0,0,0,0,0,0,0,0,0,0,0,0,0,0,0,0,0,0,0,0
Ghana,2016-09-01,0,0,0,0,0,0,0,0,0,0,0,0,0,0,0,0,0,0,0,0
Ghana,2016-10-01,0,0,0,0,0,0,0,0,0,0,0,0,0,0,0,0,0,0,0,0
Ghana,2016-11-01,0,0,0,0,0,0,0,0,0,0,0,0,0,0,0,0,0,0,0,0
Ghana,2016-12-01,0,0,0,0,0,0,0,0,0,0,0,0,0,0,0,0,0,0,0,0
Ghana,2017-01-01,0,0,0,0,0,0,0,0,0,0,0,0,0,0,0,0,0,0,0,0
Ghana,2017-02-01,0,0,0,0,0,0,0,0,0,0,0,0,0,0,1,0,0,0,0,0
Ghana,2017-03-01,1,0,1,0,0,0,0,0,0,0,0,0,0,0,0,0,0,0,0,0
Ghana,2017-04-01,0,0,0,1,0,0,0,0,0,0,0,0,1,1,0,0,0,0,0,0
Ghana,2017-05-01,0,0,0,0,0,0,0,0,0,1,0,0,0,1,0,0,0,0,1,0
Ghana,2017-06-01,0,0,0,0,0,0,0,0,1,0,1,0,1,0,0,0,0,0,0,1
Ghana,2017-07-01,1,0,0,0,0,0,0,1,0,0,0,0,1,0,0,0,0,0,0,0
Ghana,2017-08-01,1,0,0,0,0,1,0,0,0,0,0,0,0,0,0,0,0,1,0,0
Ghana,2017-09-01,0,0,0,0,0,0,0,0,0,0,0,0,0,0,0,0,0,0,0,0
Ghana,2017-10-01,0,0,0,0,0,0,1,0,0,0,0,0,0,0,0,0,0,0,0,0
Ghana,2017-11-01,0,0,0,0,1,0,0,0,0,0,0,0,0,0,0,1,1,0,0,0
Ghana,2017-12-01,0,1,0,0,0,1,0,0,0,0,0,0,0,0,0,0,0,0,0,0
Ghana,2018-01-01,0,0,0,0,0,1,0,0,0,0,0,0,0,0,0,0,0,0,0,0
Ghana,2018-02-01,0,0,0,0,0,0,0,0,0,0,0,1,0,0,0,0,0,0,0,0
Ghana,2018-03-01,0,0,0,0,0,0,0,0,0,0,0,0,0,0,0,0,0,0,1,0
Ghana,2018-04-01,0,0,0,0,0,0,0,1,0,0,0,0,0,0,0,0,0,0,0,0
Ghana,2018-05-01,0,0,0,0,0,0,0,0,0,0,0,1,0,0,0,0,0,0,0,0
Ghana,2018-06-01,0,1,0,1,0,0,0,0,1,0,0,0,0,0,1,0,0,0,0,0
Ghana,2018-07-01,0,0,0,0,0,0,0,0,0,1,0,0,0,0,0,0,0,0,0,0
Ghana,2018-08-01,0,0,0,0,0,0,0,0,0,0,0,0,0,0,0,0,0,1,0,0
Ghana,2018-09-01,1,0,0,0,0,0,0,1,0,0,0,0,0,0,0,0,0,0,0,0
Ghana,2018-10-01,0,0,0,0,0,0,0,0,0,0,0,0,0,0,0,0,0,0,0,0
Ghana,2018-11-01,0,0,0,0,0,0,0,0,0,0,0,0,0,0,0,0,0,0,1,0
Ghana,2018-12-01,0,0,0,0,0,0,0,0,0,0,0,0,0,0,0,0,0,0,0,0
Ghana,2019-01-01,0,0,0,0,0,0,0,0,0,0,0,0,0,0,0,0,0,0,0,0
Ghana,2019-02-01,0,0,0,0,0,0,0,0,0,0,0,0,1,0,0,0,0,1,0,0
Ghana,2019-03-01,0,1,0,1,0,0,0,0,0,0,1,0,0,0,0,0,0,0,0,0
Ghana,2019-04-01,0,0,0,0,0,0,0,0,0,0,0,0,0,0,0,0,1,0,0,0
Ghana,2019-05-01,0,0,0,0,0,0,0,0,1,0,0,0,0,0,0,0,0,0,0,0
Ghana,2019-06-01,0,0,0,0,0,0,0,0,0,0,0,0,0,1,0,1,0,0,0,0
Ghana,2019-07-01,0,0,0,0,0,0,1,0,0,0,0,1,0,0,0,0,0,0,0,0
Ghana,2019-08-01,0,0,0,0,0,0,0,0,0,0,0,0,0,0,0,0,0,1,0,0
Ghana,2019-09-01,0,0,1,0,0,1,0,0,0,0,0,0,0,0,0,1,0,0,0,0
Ghana,2019-10-01,1,0,0,0,1,0,0,1,1,0,1,1,0,0,0,0,0,0,0,0
Ghana,2019-11-01,0,0,0,0,0,0,0,0,0,0,0,0,0,0,0,0,0,0,0,0
Ghana,2019-12-01,0,0,0,0,0,0,0,0,0,0,0,0,0,0,0,0,0,0,0,0
Ghana,2020-01-01,0,0,0,0,0,0,0,0,0,1,0,0,0,0,0,0,0,0,0,0
Ghana,2020-02-01,0,0,0,0,0,0,0,0,0,0,0,0,0,0,0,0,0,0,0,0
Ghana,2020-03-01,0,0,0,0,0,0,0,0,0,0,0,0,0,0,0,0,0,0,0,0
Ghana,2020-04-01,0,0,0,0,0,0,0,0,0,0,0,0,0,0,0,0,0,0,0,1
Ghana,2020-05-01,0,0,0,0,0,0,0,0,0,0,0,0,0,0,0,0,0,0,0,0
Ghana,2020-06-01,1,0,0,0,0,0,0,0,0,0,0,0,0,0,0,0,0,0,0,0
Ghana,2020-07-01,0,0,0,0,0,0,0,0,0,0,0,0,0,0,0,0,0,0,0,0
Ghana,2020-08-01,0,0,0,0,0,0,0,0,0,0,0,0,0,0,0,0,0,0,0,0
Ghana,2020-09-01,1,0,0,0,0,0,0,0,0,0,0,0,0,0,0,0,0,0,0,0
Ghana,2020-10-01,0,0,0,0,0,0,0,0,0,0,0,0,0,0,0,0,0,0,0,0
Ghana,2020-11-01,0,0,0,1,0,0,0,0,0,0,0,0,0,0,0,0,0,0,0,0
Ghana,2020-12-01,0,0,0,0,0,0,0,0,0,0,0,0,0,0,0,0,0,0,0,0
Ghana,2021-01-01,0,0,0,0,0,0,0,0,0,0,0,0,0,0,0,0,0,0,0,0
Ghana,2021-02-01,0,0,0,0,0,0,0,0,0,0,0,0,0,0,0,0,0,0,0,0
Ghana,2021-03-01,0,0,0,0,0,0,0,0,0,0,0,0,0,0,0,0,0,0,0,0
Ghana,2021-04-01,0,1,1,0,0,0,1,0,0,1,1,1,0,1,0,0,0,0,0,0
Ghana,2021-05-01,0,0,0,0,0,0,1,0,0,0,0,0,0,0,1,0,0,0,0,1
Ghana,2021-06-01,0,0,0,0,1,1,0,0,1,0,1,0,0,1,0,1,1,0,1,0
Ghana,2021-07-01,0,0,0,0,0,0,0,0,0,0,0,0,0,0,1,0,0,0,0,0
Ghana,2021-08-01,0,0,0,0,0,0,0,0,0,0,0,0,0,0,0,0,0,0,0,0
Ghana,2021-09-01,0,0,0,0,0,0,0,0,0,0,0,0,0,0,0,0,0,0,0,0
Ghana,2021-10-01,0,0,0,0,0,0,0,0,0,0,0,0,0,0,0,0,0,0,0,0
Ghana,2021-11-01,0,0,0,0,0,0,0,0,0,0,0,0,0,0,0,0,0,0,0,0
Ghana,2021-12-01,0,0,0,0,0,0,0,0,0,0,0,0,0,0,0,0,0,0,0,0
Ghana,2022-01-01,0,0,0,1,0,0,0,0,0,0,0,0,0,0,0,0,0,0,0,0
Ghana,2022-02-01,0,0,0,0,0,0,0,0,0,0,0,0,0,0,0,0,0,0,0,0
Ghana,2022-03-01,0,0,0,0,0,0,0,0,0,0,0,0,0,0,0,0,0,0,0,0
Ghana,2022-04-01,0,0,0,0,0,0,0,0,0,0,0,0,0,0,0,0,0,1,0,0
Ghana,2022-05-01,0,1,0,0,0,0,0,0,1,1,0,0,1,0,0,0,0,0,0,0
Ghana,2022-06-01,1,0,1,0,1,0,0,0,0,0,0,0,0,0,0,0,1,0,0,0
Ghana,2022-07-01,0,0,0,0,0,0,0,0,0,0,0,0,0,0,0,0,0,0,0,0
Ghana,2022-08-01,0,0,0,0,0,0,0,0,0,0,0,0,0,0,0,0,0,0,0,0
Ghana,2022-09-01,0,0,0,0,0,1,0,0,0,0,0,0,1,0,0,0,0,0,0,0
Ghana,2022-10-01,0,0,0,1,0,0,0,0,0,1,0,0,1,1,0,0,0,0,0,1
Ghana,2022-11-01,0,0,0,0,0,0,0,0,0,0,0,0,0,0,0,0,0,0,0,0
Ghana,2022-12-01,0,0,0,0,0,0,0,0,0,0,0,0,0,0,0,0,0,0,0,0
Ghana,2023-01-01,0,0,0,0,0,0,0,0,0,0,0,0,0,0,0,0,0,0,0,1
Ghana,2023-02-01,0,0,0,0,0,0,0,0,0,0,0,0,0,0,0,0,0,0,0,0
Ghana,2023-03-01,0,0,0,0,0,0,0,0,0,0,0,0,0,0,0,0,0,0,0,0
Ghana,2023-04-01,0,0,0,0,0,0,0,0,0,0,0,0,0,0,0,0,0,0,0,0
Ghana,2023-05-01,0,0,0,0,0,0,0,0,0,0,0,0,0,1,0,0,0,0,0,0
Ghana,2023-06-01,0,1,1,1,0,0,0,0,0,0,1,1,0,0,0,1,1,0,0,0
Ghana,2023-07-01,0,0,0,0,0,1,0,0,0,0,0,0,0,0,0,0,0,0,0,0
Ghana,2023-08-01,0,0,0,0,0,0,0,0,0,0,0,0,0,0,0,0,0,0,0,0
Ghana,2023-09-01,0,0,0,0,0,0,0,0,0,0,0,0,0,0,0,0,0,0,0,0
Ghana,2023-10-01,0,0,0,0,0,0,1,1,1,0,0,0,0,0,0,0,0,0,0,0
Ghana,2023-11-01,1,0,0,0,0,0,1,1,1,0,0,0,0,0,1,0,0,1,0,0
Ghana,2023-12-01,0,0,0,0,0,1,0,0,0,0,0,0,0,0,0,0,0,0,0,0
Ghana,2024-01-01,0,0,0,0,0,0,0,0,0,0,0,0,0,0,0,0,0,0,0,0
Ghana,2024-02-01,0,0,0,0,0,0,0,0,0,0,0,0,0,0,0,0,0,0,0,0
Ghana,2024-03-01,0,0,0,0,0,0,0,0,0,0,0,0,0,0,0,0,0,0,0,0
Ghana,2024-04-01,0,0,0,0,0,0,0,0,0,0,0,0,0,0,0,0,0,0,0,0
Ghana,2024-05-01,0,1,1,0,0,0,0,0,0,0,1,0,0,0,0,0,0,0,0,0
Ghana,2024-06-01,0,0,0,0,1,0,0,0,0,0,1,0,0,0,0,1,0,0,0,0
Ghana,2024-07-01,0,0,0,0,0,0,0,0,0,0,0,0,0,0,0,0,0,0,0,0
Ghana,2024-08-01,0,0,0,0,0,0,0,0,0,0,0,1,0,0,0,0,0,0,0,0
Ghana,2024-09-01,0,0,0,0,0,0,0,0,0,1,0,0,1,1,0,0,0,0,1,0
Ghana,2024-10-01,0,0,1,1,0,0,0,0,0,0,0,0,0,0,1,0,1,0,1,0
Ghana,2024-11-01,0,0,0,0,0,0,0,0,0,0,0,0,0,0,0,0,0,0,0,0
Ghana,2024-12-01,0,0,0,0,0,0,0,0,0,0,0,0,0,0,0,0,0,0,0,0
Ghana,2025-01-01,0,0,0,0,0,0,0,0,1,0,0,0,0,0,0,0,0,1,0,1
Ghana,2025-02-01,0,0,0,0,0,0,0,0,0,0,0,0,1,0,0,0,0,0,0,0
Ghana,2025-03-01,1,0,0,1,0,1,0,0,0,0,0,0,0,0,0,0,0,0,0,1
Ghana,2025-04-01,0,1,0,0,0,0,0,0,0,0,0,0,1,1,0,0,0,0,0,0
Ghana,2025-05-01,0,0,0,0,0,0,0,1,0,0,0,0,0,0,0,0,0,0,0,0
Ghana,2025-06-01,0,0,0,0,0,0,0,0,0,0,0,0,0,0,0,0,0,0,1,0
Ghana,2025-07-01,0,0,0,0,0,0,0,0,1,0,0,0,1,0,0,0,0,0,0,0
Ghana,2025-08-01,0,0,0,0,0,0,0,0,0,0,0,0,0,0,0,0,0,0,0,0
Ghana,2025-09-01,0,0,1,0,1,0,0,1,0,0,0,0,0,0,1,1,0,1,0,0
Ghana,2025-10-01,0,0,0,0,0,0,0,0,0,0,0,0,0,0,0,0,0,0,0,0
Ghana,2025-11-01,0,0,0,0,0,0,0,0,0,0,0,0,0,0,0,0,0,0,0,0
Ghana,2025-12-01,0,0,0,0,0,0,0,0,0,0,0,0,0,0,0,0,0,0,0,0
Ghana,2026-01-01,0,0,0,0,0,0,0,0,0,0,0,0,0,0,0,0,0,0,0,0
Rwanda,2012-01-01,0,0,0,0,0,0,0,0,0,0,0,0,0,0,0,0,0,0,0,0
Rwanda,2012-02-01,0,1,0,0,0,1,0,0,0,0,0,0,1,1,0,1,0,0,0,0
Rwanda,2012-03-01,1,0,0,0,0,0,0,0,1,0,0,0,1,0,0,0,0,0,0,0
Rwanda,2012-04-01,1,0,0,0,0,0,0,0,0,0,0,0,0,0,1,1,0,0,0,0
Rwanda,2012-05-01,0,1,0,0,0,0,0,1,0,0,0,0,0,0,0,0,0,1,0,0
Rwanda,2012-06-01,0,0,0,0,1,0,1,0,0,0,0,0,1,0,0,0,0,0,0,0
Rwanda,2012-07-01,0,0,0,0,0,0,0,0,0,0,0,1,0,0,0,0,0,0,0,0
Rwanda,2012-08-01,0,0,0,0,0,0,0,0,0,0,0,0,0,1,0,0,0,0,0,0
Rwanda,2012-09-01,0,0,0,0,0,0,0,0,0,0,1,0,0,0,0,0,0,0,0,1
Rwanda,2012-10-01,0,0,0,1,0,0,0,0,1,1,0,0,0,0,1,0,0,1,0,1
Rwanda,2012-11-01,0,0,0,0,0,0,0,1,0,0,0,0,1,0,0,0,0,0,0,0
Rwanda,2012-12-01,0,0,0,0,0,0,0,0,0,0,0,0,0,0,0,0,0,0,0,0
Rwanda,2013-01-01,0,1,0,0,0,0,0,0,0,0,0,0,0,0,0,0,0,0,1,1
Rwanda,2013-02-01,0,0,1,0,0,1,0,0,0,1,0,0,0,0,0,0,0,0,0,0
Rwanda,2013-03-01,0,0,0,0,0,0,0,0,0,0,0,0,1,0,0,0,0,0,0,0
Rwanda,2013-04-01,0,0,0,0,0,0,0,0,0,0,0,0,0,0,0,0,0,0,0,0
Rwanda,2013-05-01,0,0,0,0,0,1,0,0,0,0,0,0,0,0,0,0,0,0,0,0
Rwanda,2013-06-01,0,1,0,0,0,0,0,1,0,0,0,0,0,0,0,1,0,0,0,0
Rwanda,2013-07-01,0,1,0,0,0,0,0,0,0,0,0,1,0,0,0,0,0,0,0,0
Rwanda,2013-08-01,0,0,0,0,0,0,1,0,0,0,0,0,0,0,0,1,0,0,1,0
Rwanda,2013-09-01,1,0,0,1,0,0,0,1,0,0,0,0,0,0,0,0,1,0,1,1
Rwanda,2013-10-01,0,0,0,0,0,0,0,0,0,0,1,0,0,0,0,1,0,0,0,0
Rwanda,2013-11-01,0,0,0,0,0,0,0,0,0,0,0,0,0,0,0,0,0,0,0,0
Rwanda,2013-12-01,0,0,0,0,0,0,0,0,0,0,0,0,1,0,0,0,0,0,0,0
Rwanda,2014-01-01,0,0,0,0,0,0,0,0,0,0,0,0,0,0,0,0,0,0,0,0
Rwanda,2014-02-01,0,0,0,0,0,0,0,0,0,0,0,0,0,0,0,0,0,0,0,0
Rwanda,2014-03-01,0,0,0,0,0,0,0,1,0,0,0,0,0,0,0,0,0,0,0,0
Rwanda,2014-04-01,0,1,0,0,0,0,0,0,0,0,0,0,0,0,0,0,0,0,0,1
Rwanda,2014-05-01,0,0,0,0,0,0,0,0,0,0,0,0,0,0,0,0,0,0,0,0
Rwanda,2014-06-01,0,0,1,0,1,0,0,0,0,0,0,0,0,1,0,0,0,0,0,0
Rwanda,2014-07-01,0,0,0,0,0,0,0,0,0,0,0,0,0,1,0,0,0,0,0,1
Rwanda,2014-08-01,0,0,0,0,0,0,0,0,0,0,0,0,0,0,0,0,0,0,0,0
Rwanda,2014-09-01,0,0,0,0,0,0,0,0,0,0,0,0,0,1,0,0,0,0,0,0
Rwanda,2014-10-01,0,0,0,0,0,1,0,0,0,0,0,0,0,0,0,0,0,0,0,0
Rwanda,2014-11-01,0,1,0,0,0,0,0,0,0,0,0,0,1,0,0,0,0,0,0,0
Rwanda,2014-12-01,0,0,0,0,0,0,0,0,0,1,0,0,0,0,0,0,0,0,0,0
Rwanda,2015-01-01,0,0,0,0,0,0,0,0,0,0,0,0,1,0,0,0,0,0,0,0
Rwanda,2015-02-01,0,0,0,0,0,0,0,0,1,0,0,1,0,0,0,0,0,0,0,0
Rwanda,2015-03-01,0,0,0,0,0,0,1,0,0,0,0,0,0,0,0,0,0,0,0,0
Rwanda,2015-04-01,0,0,0,0,0,0,0,0,0,0,0,0,0,1,0,1,0,0,0,0
Rwanda,2015-05-01,0,0,0,0,0,0,0,1,0,0,0,0,0,0,0,0,0,0,0,0
Rwanda,2015-06-01,0,0,0,0,0,0,0,0,0,1,0,0,0,0,1,0,0,0,0,0
Rwanda,2015-07-01,0,0,0,1,0,0,0,0,0,0,0,0,0,0,0,1,0,0,0,0
Rwanda,2015-08-01,1,0,0,0,1,0,1,0,0,1,0,1,1,1,0,0,0,0,0,0
Rwanda,2015-09-01,0,0,0,0,0,0,0,0,0,0,0,0,0,0,0,0,0,1,0,0
Rwanda,2015-10-01,0,0,0,0,0,0,0,0,0,0,0,0,0,0,0,0,0,0,0,0
Rwanda,2015-11-01,0,0,0,0,0,0,0,0,0,0,0,0,0,0,0,0,0,0,0,0
Rwanda,2015-12-01,0,0,0,0,0,0,0,0,0,0,0,0,0,0,0,0,0,0,0,0
Rwanda,2016-01-01,0,0,0,0,0,0,0,0,0,1,0,0,0,0,0,0,0,0,0,0
Rwanda,2016-02-01,0,0,0,0,0,0,0,0,0,0,0,0,0,0,0,0,0,0,1,0
Rwanda,2016-03-01,0,0,0,0,0,0,0,0,0,0,0,0,0,0,0,0,0,1,0,0
Rwanda,2016-04-01,0,0,0,0,0,1,0,0,0,0,0,0,0,0,0,0,0,0,0,0
Rwanda,2016-05-01,0,0,0,1,0,0,0,0,0,0,0,0,0,0,0,0,0,0,0,0
Rwanda,2016-06-01,0,0,0,0,0,0,0,0,0,0,0,0,0,0,0,0,0,0,0,0
Rwanda,2016-07-01,0,0,0,0,0,0,0,0,0,0,0,0,0,0,0,0,0,0,0,0
Rwanda,2016-08-01,0,0,0,1,0,0,0,0,0,0,0,0,0,0,0,0,0,0,0,0
Rwanda,2016-09-01,1,0,0,0,0,0,0,0,0,0,1,1,0,1,0,0,0,0,0,0
Rwanda,2016-10-01,0,1,0,0,1,0,0,0,0,0,1,0,0,0,0,0,1,0,0,0
Rwanda,2016-11-01,0,0,0,0,0,0,0,0,0,0,0,0,0,0,0,0,1,0,0,0
Rwanda,2016-12-01,0,0,0,0,0,0,0,0,0,1,0,0,0,0,0,0,0,0,0,0
Rwanda,2017-01-01,0,0,0,0,0,0,0,0,0,0,0,0,0,0,0,0,0,0,0,0
Rwanda,2017-02-01,0,0,0,0,0,0,0,1,0,0,0,0,0,0,0,0,0,0,1,0
Rwanda,2017-03-01,0,0,0,0,0,0,1,0,0,0,0,0,0,1,0,0,0,0,1,0
Rwanda,2017-04-01,0,0,0,0,0,0,0,0,0,0,0,0,1,0,0,0,0,0,0,0
Rwanda,2017-05-01,0,0,0,0,0,0,0,0,0,0,0,0,0,0,0,0,0,0,0,0
Rwanda,2017-06-01,0,0,0,0,0,0,0,0,0,0,0,0,1,0,0,0,0,0,0,0
Rwanda,2017-07-01,0,0,0,0,0,0,0,0,0,0,0,0,0,0,0,0,0,0,0,0
Rwanda,2017-08-01,0,0,0,0,0,0,0,0,0,0,0,0,1,0,1,1,0,0,0,0
Rwanda,2017-09-01,0,0,0,0,0,0,0,1,0,0,0,0,0,0,0,0,0,0,0,0
Rwanda,2017-10-01,0,0,0,0,0,0,0,0,0,0,0,0,0,0,0,0,0,0,0,0
Rwanda,2017-11-01,0,0,0,1,0,0,0,0,0,0,0,0,0,0,0,0,0,0,0,0
Rwanda,2017-12-01,0,0,0,0,0,0,0,0,0,0,0,0,0,0,0,0,0,0,0,0
Rwanda,2018-01-01,0,0,0,0,0,0,0,0,0,0,0,0,0,0,0,0,0,0,0,0
Rwanda,2018-02-01,0,0,0,1,0,0,0,0,0,0,0,1,0,0,0,0,0,0,0,0
Rwanda,2018-03-01,0,0,0,0,0,0,0,0,0,0,0,0,0,0,0,0,0,0,0,0
Rwanda,2018-04-01,0,0,0,0,0,1,0,0,0,0,0,0,0,0,0,0,0,1,0,0
Rwanda,2018-05-01,1,1,0,0,0,0,0,1,1,0,0,0,0,0,0,0,0,0,0,1
Rwanda,2018-06-01,0,0,0,0,0,0,0,0,0,0,0,0,0,0,0,0,1,0,1,0
Rwanda,2018-07-01,0,0,0,0,0,0,0,0,0,1,0,0,0,0,0,0,0,0,1,1
Rwanda,2018-08-01,0,0,0,0,0,0,0,0,0,0,0,0,0,0,0,0,0,0,0,0
Rwanda,2018-09-01,0,0,1,0,1,0,0,0,0,1,0,0,0,0,1,0,0,0,0,0
Rwanda,2018-10-01,0,0,0,0,0,1,0,0,0,0,0,1,0,0,0,0,0,0,0,0
Rwanda,2018-11-01,0,0,1,0,1,0,0,0,0,1,0,0,0,0,0,1,0,0,0,0
Rwanda,2018-12-01,0,0,0,0,0,0,0,0,0,0,0,0,0,0,0,0,0,0,0,0
Rwanda,2019-01-01,1,0,0,1,0,0,1,0,0,0,0,0,1,0,0,0,0,0,0,0
Rwanda,2019-02-01,0,1,0,0,0,0,0,0,0,0,0,0,0,0,0,0,0,0,0,0
Rwanda,2019-03-01,0,0,0,0,0,0,0,0,0,0,0,0,0,1,0,0,1,0,0,0
Rwanda,2019-04-01,0,0,0,0,0,0,0,0,0,0,0,0,0,0,0,0,0,0,0,0
Rwanda,2019-05-01,0,0,0,0,0,0,0,0,0,0,0,0,0,0,0,0,0,0,0,0
Rwanda,2019-06-01,0,0,0,1,0,0,0,1,0,0,0,0,0,0,1,0,0,0,1,0
Rwanda,2019-07-01,0,0,0,0,0,0,0,0,0,0,0,0,0,0,0,0,0,0,0,0
Rwanda,2019-08-01,0,0,0,0,0,0,0,0,0,0,0,0,0,0,1,0,0,0,0,0
Rwanda,2019-09-01,0,0,0,0,0,0,0,0,0,0,1,0,0,0,0,0,0,0,0,0
Rwanda,2019-10-01,0,1,0,0,0,0,0,0,1,0,0,0,0,0,0,1,1,1,0,0
Rwanda,2019-11-01,0,0,0,0,0,0,0,0,0,0,0,0,1,0,0,0,0,0,0,1
Rwanda,2019-12-01,0,0,0,0,0,0,0,0,0,0,0,1,0,0,0,0,0,0,0,0
Rwanda,2020-01-01,0,0,0,0,0,0,0,0,0,1,0,0,0,0,0,0,0,0,0,0
Rwanda,2020-02-01,0,0,0,0,0,0,0,0,0,0,0,0,0,0,0,0,0,0,0,0
Rwanda,2020-03-01,0,0,0,0,0,0,0,1,0,0,0,0,0,0,0,0,0,0,0,0
Rwanda,2020-04-01,1,0,0,0,0,1,0,0,0,0,0,0,1,0,0,0,0,1,0,0
Rwanda,2020-05-01,1,0,1,0,0,0,0,0,0,0,0,0,0,0,0,0,0,0,0,0
Rwanda,2020-06-01,0,0,0,0,0,0,0,0,0,0,0,0,1,0,0,0,0,0,0,0
Rwanda,2020-07-01,0,0,0,0,0,0,0,0,0,0,0,0,0,0,0,0,0,0,0,1
Rwanda,2020-08-01,0,0,0,0,0,0,0,0,0,0,0,0,0,0,0,0,0,0,0,0
Rwanda,2020-09-01,0,0,0,0,0,0,0,0,0,0,0,0,0,0,0,0,0,0,1,0
Rwanda,2020-10-01,0,0,0,0,0,0,0,0,0,0,0,0,0,0,1,0,0,0,0,0
Rwanda,2020-11-01,0,0,0,0,0,0,0,0,0,0,0,0,0,0,0,0,1,0,0,0
Rwanda,2020-12-01,0,0,0,1,0,0,0,0,0,1,0,0,0,0,0,0,0,0,0,0
Rwanda,2021-01-01,0,0,0,0,0,0,0,0,0,0,1,0,0,0,0,0,0,1,1,1
Rwanda,2021-02-01,0,0,0,0,0,0,0,0,0,0,0,0,0,0,0,0,0,0,0,0
Rwanda,2021-03-01,0,0,0,0,0,1,0,0,0,0,0,0,0,0,0,0,0,0,0,0
Rwanda,2021-04-01,0,0,0,0,0,0,0,0,0,0,0,0,0,0,0,0,0,0,0,0
Rwanda,2021-05-01,1,0,0,0,0,0,0,1,0,0,0,0,0,0,0,0,0,0,0,0
Rwanda,2021-06-01,0,0,0,0,0,0,0,0,0,0,0,0,1,0,0,0,0,0,0,0
Rwanda,2021-07-01,0,0,0,0,0,1,0,0,0,0,0,0,0,0,0,0,0,0,0,0
Rwanda,2021-08-01,0,0,0,0,0,0,1,0,0,0,0,0,0,1,0,0,0,0,0,0
Rwanda,2021-09-01,0,0,0,0,0,0,0,0,0,0,0,0,0,0,0,0,0,0,0,0
Rwanda,2021-10-01,0,0,0,0,0,1,0,0,0,0,1,0,0,0,0,0,0,0,0,0
Rwanda,2021-11-01,0,0,1,0,1,0,0,0,0,1,1,0,0,0,1,0,0,0,0,0
Rwanda,2021-12-01,0,0,0,0,0,0,0,0,0,0,0,1,0,0,0,1,0,0,0,0
Rwanda,2022-01-01,0,0,0,0,0,0,0,0,0,0,0,0,0,0,0,0,0,0,0,0
Rwanda,2022-02-01,0,0,0,0,0,0,0,0,0,0,0,0,0,0,0,0,0,0,1,0
Rwanda,2022-03-01,0,0,0,0,0,0,1,0,0,0,1,0,1,0,0,0,0,0,0,0
Rwanda,2022-04-01,0,0,0,0,0,0,0,0,0,0,0,0,0,0,0,0,0,1,0,0
Rwanda,2022-05-01,0,0,0,1,0,0,0,0,0,0,0,0,0,0,0,0,0,0,0,0
Rwanda,2022-06-01,0,0,0,0,0,0,0,0,0,0,0,0,0,0,0,0,0,0,0,0
Rwanda,2022-07-01,0,1,0,0,0,0,1,0,0,0,0,0,0,0,0,0,0,0,0,0
Rwanda,2022-08-01,0,0,0,0,0,0,0,0,0,0,0,0,0,0,0,0,0,0,0,1
Rwanda,2022-09-01,0,0,0,0,0,0,0,0,0,0,0,0,0,0,1,0,0,0,0,0
Rwanda,2022-10-01,0,0,0,0,0,0,0,0,0,0,0,0,0,0,0,0,0,0,0,0
Rwanda,2022-11-01,0,0,0,0,0,0,0,0,0,0,0,0,0,0,0,0,1,0,0,0
Rwanda,2022-12-01,0,0,0,0,0,0,0,0,0,0,0,0,0,0,0,0,0,1,0,0
Rwanda,2023-01-01,0,0,0,0,0,0,0,0,0,0,0,0,0,1,0,0,0,0,0,0
Rwanda,2023-02-01,0,0,0,0,0,0,0,0,0,0,0,1,0,0,0,0,0,0,0,0
Rwanda,2023-03-01,0,0,0,0,0,0,0,0,0,0,0,0,0,0,0,0,0,0,0,0
Rwanda,2023-04-01,0,0,0,0,0,0,0,0,0,0,0,0,0,0,0,0,0,0,0,0
Rwanda,2023-05-01,1,0,0,0,0,0,0,1,1,1,0,0,0,0,0,1,0,0,0,0
Rwanda,2023-06-01,0,0,0,0,0,0,0,0,0,0,0,0,0,0,0,0,0,0,0,0
Rwanda,2023-07-01,0,0,0,0,0,0,0,0,0,0,0,0,0,0,0,0,0,0,0,0
Rwanda,2023-08-01,0,0,0,0,0,0,0,0,0,1,0,0,0,0,0,0,0,0,0,0
Rwanda,2023-09-01,0,0,0,0,0,0,0,0,0,0,1,0,0,0,0,0,0,0,0,0
Rwanda,2023-10-01,0,0,0,0,0,0,1,0,0,0,0,0,0,0,0,0,0,0,0,0
Rwanda,2023-11-01,0,0,1,0,0,0,0,0,0,0,0,0,0,0,0,0,0,0,1,0
Rwanda,2023-12-01,0,1,0,0,0,0,0,0,0,0,0,0,0,0,0,0,0,0,0,0
Rwanda,2024-01-01,0,0,0,0,0,0,0,0,0,0,0,0,1,0,0,0,0,0,1,0
Rwanda,2024-02-01,0,0,0,0,0,0,0,0,0,0,0,0,0,1,0,0,0,0,0,0
Rwanda,2024-03-01,0,0,0,0,0,1,0,0,0,0,0,0,0,0,0,0,0,0,0,0
Rwanda,2024-04-01,0,0,0,0,0,0,0,0,0,0,0,0,1,0,0,0,0,0,0,0
Rwanda,2024-05-01,0,0,0,0,0,0,0,0,0,1,0,0,0,0,0,0,0,0,0,0
Rwanda,2024-06-01,0,0,0,0,0,0,0,0,0,0,0,0,0,0,0,0,1,0,0,0
Rwanda,2024-07-01,0,0,0,0,0,0,0,0,0,1,0,1,1,0,0,0,0,0,0,0
Rwanda,2024-08-01,0,0,0,0,0,0,0,0,0,0,0,0,0,0,0,0,0,0,0,0
Rwanda,2024-09-01,0,0,0,0,0,0,0,0,0,0,0,0,0,0,0,0,1,0,0,0
Rwanda,2024-10-01,0,0,0,0,0,0,0,0,0,0,1,0,0,0,1,0,0,0,0,0
Rwanda,2024-11-01,0,1,0,1,0,0,0,0,0,0,0,0,0,0,0,0,0,0,0,0
Rwanda,2024-12-01,0,0,1,0,0,0,0,0,0,0,0,0,0,0,0,1,0,0,0,0
Rwanda,2025-01-01,0,0,0,0,0,0,0,1,0,0,0,0,0,0,0,0,0,0,0,0
Rwanda,2025-02-01,0,0,0,0,0,0,0,1,0,0,0,0,0,0,0,0,0,0,0,0
Rwanda,2025-03-01,0,0,0,0,0,0,0,0,0,0,1,0,0,0,0,0,0,0,1,0
Rwanda,2025-04-01,0,0,0,0,0,1,1,0,1,0,0,0,0,0,0,0,0,0,0,1
Rwanda,2025-05-01,0,0,0,0,0,0,0,0,0,0,0,0,0,1,0,0,0,0,0,0
Rwanda,2025-06-01,0,0,0,0,0,0,1,1,0,0,0,0,0,0,0,0,0,0,0,0
Rwanda,2025-07-01,0,0,0,0,0,0,0,0,0,0,0,0,0,1,0,0,0,0,0,0
Rwanda,2025-08-01,0,0,0,0,0,0,0,1,0,0,0,0,0,1,0,0,0,0,0,0
Rwanda,2025-09-01,0,0,0,0,1,0,0,0,0,0,0,0,0,0,0,0,0,0,0,0
Rwanda,2025-10-01,0,0,0,0,0,0,0,0,0,0,0,0,0,0,0,0,0,0,0,0
Rwanda,2025-11-01,0,0,0,0,0,0,0,0,0,0,0,0,0,0,0,0,0,0,0,0
Rwanda,2025-12-01,0,0,0,0,0,0,0,0,0,0,0,0,0,0,0,0,0,0,0,0
Rwanda,2026-01-01,0,0,0,0,0,0,0,0,0,0,0,0,0,0,0,0,0,0,0,0
Honduras,2012-01-01,0,1,0,1,0,0,0,1,0,0,0,0,0,0,0,0,0,0,0,0
Honduras,2012-02-01,0,0,0,0,0,0,0,0,0,0,0,0,0,0,0,0,0,0,0,0
Honduras,2012-03-01,0,0,0,0,0,0,0,0,0,0,0,0,0,0,1,0,0,0,0,0
Honduras,2012-04-01,0,0,1,0,0,1,0,0,0,0,0,0,0,0,0,1,0,0,0,1
Honduras,2012-05-01,1,0,0,0,0,0,0,0,0,1,0,0,0,0,0,0,0,0,0,0
Honduras,2012-06-01,0,1,0,0,1,0,0,0,0,0,0,0,1,0,0,0,0,0,1,1
Honduras,2012-07-01,0,0,1,0,0,0,0,1,0,0,1,0,1,1,0,0,0,0,0,1
Honduras,2012-08-01,1,0,0,1,0,0,1,0,1,0,0,0,0,0,1,1,0,0,0,0
Honduras,2012-09-01,0,0,0,0,0,0,0,0,0,0,1,0,0,0,0,0,0,0,0,0
Honduras,2012-10-01,0,0,0,0,0,0,0,0,0,0,0,1,0,0,0,0,0,0,0,0
Honduras,2012-11-01,0,0,0,0,0,0,0,0,0,0,0,0,0,0,0,0,0,1,0,0
Honduras,2012-12-01,0,0,0,0,0,0,0,0,0,0,0,0,0,0,0,0,0,0,0,0
Honduras,2013-01-01,0,0,0,0,0,0,0,0,0,0,0,0,0,0,0,0,0,0,0,0
Honduras,2013-02-01,0,0,0,0,0,0,0,0,0,0,0,0,0,0,0,0,0,1,0,0
Honduras,2013-03-01,0,0,0,0,0,1,0,0,0,0,0,0,1,0,0,0,0,0,0,0
Honduras,2013-04-01,0,0,0,0,0,0,0,0,0,0,0,0,0,0,0,0,0,0,1,0
Honduras,2013-05-01,0,1,0,0,0,0,0,0,0,0,0,0,0,0,0,0,0,0,0,0
Honduras,2013-06-01,0,0,0,0,0,0,0,0,0,0,0,0,0,0,0,0,0,0,0,0
Honduras,2013-07-01,0,0,0,0,0,0,0,0,0,1,0,0,0,0,1,0,0,0,1,1
Honduras,2013-08-01,0,0,0,0,1,0,0,0,0,0,0,0,0,0,0,0,0,0,0,0
Honduras,2013-09-01,1,0,0,0,0,0,0,0,0,0,0,0,1,0,0,0,1,0,0,0
Honduras,2013-10-01,0,0,0,0,0,0,0,0,0,0,1,0,0,0,0,1,0,0,0,0
Honduras,2013-11-01,0,0,0,0,0,0,0,0,0,0,0,0,0,0,0,0,0,0,0,0
Honduras,2013-12-01,0,0,0,0,0,0,0,0,0,0,0,0,0,0,0,1,0,0,0,0
Honduras,2014-01-01,0,0,0,1,0,0,0,1,0,0,0,0,0,0,0,0,0,0,0,0
Honduras,2014-02-01,0,0,0,0,0,0,0,0,0,0,0,0,0,0,0,0,0,1,0,0
Honduras,2014-03-01,0,0,0,0,0,0,0,0,0,0,0,0,0,0,0,0,0,1,0,0
Honduras,2014-04-01,0,0,0,1,0,0,0,0,0,0,0,0,0,0,0,0,0,0,0,0
Honduras,2014-05-01,0,0,0,0,0,0,0,0,0,0,0,0,0,0,0,0,1,1,0,0
Honduras,2014-06-01,0,1,0,0,0,0,0,0,1,0,0,0,0,0,0,0,0,0,0,0
Honduras,2014-07-01,0,0,0,0,0,0,1,1,0,0,0,1,0,1,0,0,0,0,0,1
Honduras,2014-08-01,0,0,0,0,0,0,0,0,0,0,0,1,0,1,0,0,0,0,0,0
Honduras,2014-09-01,0,0,0,0,0,0,0,0,0,1,0,0,0,0,0,1,0,0,0,0
Honduras,2014-10-01,1,0,0,0,0,0,1,1,0,1,0,0,1,0,0,0,0,0,0,0
Honduras,2014-11-01,0,0,0,0,0,0,0,0,0,0,0,0,0,0,0,0,0,0,0,0
Honduras,2014-12-01,0,0,0,0,0,0,0,1,0,0,0,0,0,0,0,0,0,0,0,0
Honduras,2015-01-01,0,0,0,0,0,0,0,0,0,0,0,0,0,0,0,0,0,0,0,0
Honduras,2015-02-01,0,0,0,0,0,1,0,0,0,0,0,0,0,0,0,0,0,0,0,0
Honduras,2015-03-01,0,0,0,0,0,0,0,0,0,0,0,0,0,0,0,0,0,0,0,0
Honduras,2015-04-01,0,0,0,1,0,0,1,0,0,0,1,0,0,0,0,0,0,0,0,0
Honduras,2015-05-01,0,0,0,0,0,0,0,0,0,0,0,0,0,0,0,0,0,0,1,0
Honduras,2015-06-01,0,0,0,0,0,0,0,0,0,0,0,0,0,0,0,0,0,0,0,0
Honduras,2015-07-01,0,0,0,0,0,0,0,0,0,0,0,0,0,0,0,0,0,0,0,0
Honduras,2015-08-01,0,0,0,0,0,0,0,0,0,0,0,1,0,1,0,0,0,0,0,0
Honduras,2015-09-01,0,1,1,0,1,0,0,0,1,0,0,1,0,0,0,0,1,0,0,0
Honduras,2015-10-01,0,0,0,1,0,0,0,0,0,0,0,0,0,0,1,0,0,0,0,0
Honduras,2015-11-01,0,0,0,0,0,0,0,0,0,0,1,0,1,0,0,0,0,0,0,0
Honduras,2015-12-01,0,0,0,0,0,0,0,0,0,0,0,0,0,1,0,0,0,0,0,0
Honduras,2016-01-01,0,0,0,0,0,0,0,0,0,0,0,0,0,0,0,0,0,0,0,0
Honduras,2016-02-01,0,0,0,0,0,0,0,0,0,0,0,0,0,0,0,0,1,0,0,0
Honduras,2016-03-01,0,0,0,0,0,0,0,1,0,0,0,0,0,0,0,1,0,1,0,0
Honduras,2016-04-01,0,1,0,0,0,0,0,0,0,1,0,0,0,0,0,0,0,0,0,0
Honduras,2016-05-01,0,0,0,0,0,0,0,0,0,1,0,0,1,0,0,0,0,0,0,0
Honduras,2016-06-01,1,0,0,0,0,0,0,0,0,0,0,0,0,0,0,0,0,0,0,0
Honduras,2016-07-01,0,0,0,0,0,0,0,0,0,0,0,0,0,0,0,0,0,1,0,0
Honduras,2016-08-01,1,0,0,0,0,0,0,1,0,0,0,0,0,0,0,0,0,0,0,0
Honduras,2016-09-01,0,0,0,0,0,1,1,0,0,0,0,0,1,0,0,0,0,0,1,0
Honduras,2016-10-01,0,0,0,1,0,0,0,0,0,0,0,0,0,0,0,0,0,0,0,0
Honduras,2016-11-01,0,0,0,0,0,0,0,0,0,0,0,0,0,0,0,0,0,0,0,1
Honduras,2016-12-01,0,0,0,0,0,0,0,0,0,0,0,0,1,0,0,0,0,0,0,0
Honduras,2017-01-01,0,0,0,0,0,0,0,0,0,0,0,0,0,0,0,0,0,0,0,1
Honduras,2017-02-01,0,0,0,1,0,0,0,0,0,0,0,0,0,0,0,0,0,0,0,0
Honduras,2017-03-01,0,0,0,0,0,0,0,0,0,0,0,0,0,0,0,0,0,0,0,0
Honduras,2017-04-01,0,0,0,0,0,0,0,0,0,1,1,1,0,0,0,0,0,0,1,0
Honduras,2017-05-01,0,0,0,0,0,0,0,0,0,0,0,0,0,0,0,0,0,0,0,0
Honduras,2017-06-01,0,0,0,0,0,0,0,0,0,0,0,0,0,0,0,0,0,0,0,0
Honduras,2017-07-01,0,0,0,0,0,0,0,0,0,1,0,0,0,0,1,0,0,0,0,0
Honduras,2017-08-01,0,0,0,0,0,0,0,0,0,0,0,0,0,0,0,0,1,0,0,0
Honduras,2017-09-01,1,0,0,0,0,0,0,1,0,0,0,0,0,0,0,0,0,0,0,0
Honduras,2017-10-01,1,0,0,0,1,0,1,1,1,0,0,0,0,0,0,0,0,0,0,0
Honduras,2017-11-01,0,0,0,1,0,0,1,0,0,0,0,0,0,0,0,0,0,0,0,0
Honduras,2017-12-01,0,0,0,0,0,0,0,0,0,0,0,0,0,0,0,0,0,0,0,0
Honduras,2018-01-01,0,0,0,0,0,0,0,0,0,0,0,0,0,0,0,0,0,0,0,0
Honduras,2018-02-01,0,0,0,0,0,0,0,0,0,0,0,0,1,0,0,0,0,0,0,0
Honduras,2018-03-01,0,1,0,1,0,0,0,0,0,0,0,0,0,0,0,1,0,0,0,0
Honduras,2018-04-01,0,0,0,0,0,0,0,0,0,0,0,0,0,0,0,0,0,0,0,0
Honduras,2018-05-01,0,0,0,0,0,0,0,0,0,0,0,0,0,0,0,0,0,0,0,0
Honduras,2018-06-01,0,0,0,0,0,0,0,0,0,0,0,0,0,0,0,1,0,0,0,0
Honduras,2018-07-01,0,0,0,0,0,0,0,0,0,0,0,0,0,0,0,0,0,0,0,0
Honduras,2018-08-01,0,0,0,0,0,1,0,0,0,0,0,0,0,0,0,0,0,0,1,0
Honduras,2018-09-01,0,0,0,0,0,0,0,0,0,0,0,0,0,0,0,0,0,0,0,0
Honduras,2018-10-01,1,0,0,0,0,0,0,1,0,0,0,0,0,0,0,0,1,0,0,0
Honduras,2018-11-01,0,0,0,0,0,0,0,0,0,0,0,0,0,0,0,0,0,1,0,1
Honduras,2018-12-01,0,0,0,0,0,0,0,0,0,0,0,0,0,0,0,0,0,0,0,0
Honduras,2019-01-01,0,0,0,0,0,0,0,0,0,0,0,0,0,0,0,0,0,0,0,0
Honduras,2019-02-01,0,0,0,0,0,0,0,0,0,0,0,0,0,0,1,0,0,0,0,0
Honduras,2019-03-01,0,0,0,0,0,0,0,0,0,1,0,0,0,0,0,0,0,0,0,0
Honduras,2019-04-01,0,0,0,0,0,0,1,0,0,0,0,0,0,0,0,0,0,0,0,0
Honduras,2019-05-01,0,0,0,0,0,0,0,0,0,0,0,0,0,0,0,0,0,0,0,0
Honduras,2019-06-01,0,0,0,0,0,0,0,0,0,0,0,0,0,0,0,0,0,0,0,0
Honduras,2019-07-01,0,1,0,0,0,0,0,0,0,0,0,0,0,0,0,0,0,0,0,0
Honduras,2019-08-01,0,0,0,0,0,0,0,0,0,0,0,0,0,0,0,0,0,0,0,0
Honduras,2019-09-01,0,0,1,0,1,0,0,0,0,0,1,1,1,0,0,1,0,0,1,0
Honduras,2019-10-01,0,0,0,0,0,0,0,0,0,0,0,0,0,0,0,0,0,0,1,1
Honduras,2019-11-01,0,1,0,0,0,0,0,0,0,1,0,0,1,0,0,0,0,0,0,0
Honduras,2019-12-01,0,0,0,0,0,1,0,0,0,0,0,0,0,0,0,0,0,0,0,0
Honduras,2020-01-01,0,0,0,0,0,0,0,0,0,0,0,0,0,0,0,0,0,0,0,0
Honduras,2020-02-01,0,0,0,1,0,0,0,0,0,0,0,0,0,1,0,0,0,0,0,0
Honduras,2020-03-01,0,0,0,0,0,0,0,0,0,0,0,0,0,0,0,0,1,0,0,0
Honduras,2020-04-01,0,0,0,0,0,0,0,0,0,0,0,0,0,0,0,0,0,0,0,0
Honduras,2020-05-01,0,0,0,0,0,0,0,0,0,0,0,0,0,0,0,0,0,0,0,0
Honduras,2020-06-01,0,0,0,0,0,0,0,0,0,0,0,0,0,0,0,0,0,0,0,0
Honduras,2020-07-01,0,0,0,1,0,0,0,0,0,0,0,0,0,0,0,0,0,0,0,0
Honduras,2020-08-01,0,0,0,0,0,0,0,0,0,0,0,0,0,0,0,0,0,0,0,0
Honduras,2020-09-01,0,0,0,0,0,0,1,0,0,0,0,0,0,1,0,0,0,0,0,0
Honduras,2020-10-01,0,0,0,0,0,0,0,0,0,0,0,0,0,0,0,0,0,0,0,0
Honduras,2020-11-01,1,0,0,0,0,0,1,1,1,0,1,0,0,0,0,0,0,0,0,0
Honduras,2020-12-01,0,0,0,0,0,0,0,0,0,0,0,0,0,0,0,0,0,1,0,0
Honduras,2021-01-01,0,0,0,0,0,0,0,0,0,0,0,0,0,0,0,0,0,0,0,0
Honduras,2021-02-01,0,1,0,0,0,0,0,0,0,0,0,0,0,0,0,0,0,0,0,0
Honduras,2021-03-01,0,0,0,0,0,0,0,0,0,0,0,0,0,0,0,0,0,0,0,0
Honduras,2021-04-01,0,0,1,0,0,0,0,0,0,0,0,0,0,0,0,0,1,0,0,0
Honduras,2021-05-01,0,0,0,0,0,0,0,0,0,0,0,0,0,0,0,0,0,0,0,1
Honduras,2021-06-01,0,0,1,0,0,0,0,0,0,1,0,0,0,0,0,0,0,0,0,0
Honduras,2021-07-01,0,0,0,0,0,0,0,0,0,0,0,0,0,0,0,0,0,0,0,0
Honduras,2021-08-01,0,0,0,0,0,0,0,0,0,0,0,0,0,0,0,0,0,0,0,0
Honduras,2021-09-01,0,0,0,0,0,0,0,0,0,0,0,0,0,0,0,0,0,1,0,0
Honduras,2021-10-01,0,0,0,0,0,0,0,0,0,0,0,0,0,0,0,0,0,0,0,0
Honduras,2021-11-01,0,0,0,0,0,0,0,0,0,0,0,0,0,0,0,0,0,0,0,0
Honduras,2021-12-01,0,0,0,0,0,0,0,0,0,0,0,0,0,0,0,0,0,0,0,0
Honduras,2022-01-01,0,0,0,0,0,0,0,0,0,0,0,0,0,0,0,0,0,0,0,0
Honduras,2022-02-01,0,0,0,0,0,0,0,0,0,1,0,0,0,1,0,0,0,0,0,0
Honduras,2022-03-01,0,1,0,0,0,0,0,0,0,0,0,1,1,0,1,0,0,0,1,0
Honduras,2022-04-01,0,0,0,0,0,0,0,0,0,0,0,1,0,0,0,0,0,0,0,0
Honduras,2022-05-01,0,0,0,1,0,0,0,0,0,0,0,0,0,0,1,0,0,0,0,0
Honduras,2022-06-01,0,1,0,0,0,1,0,0,0,0,0,0,0,0,0,0,0,0,0,0
Honduras,2022-07-01,0,0,0,0,0,0,0,0,0,0,0,0,0,0,0,0,0,0,0,0
Honduras,2022-08-01,0,0,0,0,0,1,0,0,0,0,0,0,0,0,0,1,0,0,0,1
Honduras,2022-09-01,1,0,0,0,0,0,1,1,1,0,0,0,0,0,0,0,0,0,0,0
Honduras,2022-10-01,1,0,0,1,0,0,0,1,1,0,0,0,0,0,0,0,0,0,0,0
Honduras,2022-11-01,0,0,0,0,0,0,0,0,0,0,0,0,0,0,0,0,0,0,0,0
Honduras,2022-12-01,0,0,0,0,0,0,0,0,0,0,0,0,0,0,0,0,0,0,0,0
Honduras,2023-01-01,0,0,0,0,0,0,0,0,0,0,0,0,0,0,0,1,0,1,0,0
Honduras,2023-02-01,0,0,0,0,0,0,0,0,0,0,0,0,0,0,0,0,0,0,0,0
Honduras,2023-03-01,0,0,0,0,0,0,0,0,0,0,0,0,0,0,0,0,0,0,1,0
Honduras,2023-04-01,0,0,0,0,0,0,1,0,0,0,0,0,0,1,0,0,0,0,0,0
Honduras,2023-05-01,0,1,0,0,0,0,0,0,0,0,0,0,0,0,0,0,0,0,0,0
Honduras,2023-06-01,0,0,0,0,1,0,0,0,0,0,0,1,0,0,0,0,1,0,0,0
Honduras,2023-07-01,0,0,0,0,0,0,0,0,0,0,0,0,0,0,0,0,0,0,0,0
Honduras,2023-08-01,0,0,0,0,0,0,0,0,0,0,0,0,0,0,0,0,0,0,0,0
Honduras,2023-09-01,0,0,0,0,0,0,0,0,0,0,0,0,0,0,0,0,0,0,0,0
Honduras,2023-10-01,0,0,0,0,0,0,0,0,0,0,0,0,0,0,0,0,0,0,0,0
Honduras,2023-11-01,1,1,0,0,0,0,0,1,0,0,0,0,0,0,0,0,0,0,0,0
Honduras,2023-12-01,0,0,0,0,0,0,0,0,0,0,0,0,0,0,0,0,0,0,0,0
Honduras,2024-01-01,0,0,1,0,0,0,0,0,0,0,0,0,0,0,0,0,0,0,0,0
Honduras,2024-02-01,0,0,0,0,0,0,0,0,0,0,0,0,0,0,0,0,0,0,0,0
Honduras,2024-03-01,0,0,0,0,0,1,0,0,0,0,0,0,0,0,1,0,0,0,0,0
Honduras,2024-04-01,0,0,0,1,0,1,0,0,0,0,0,0,0,0,0,0,0,0,0,0
Honduras,2024-05-01,0,0,0,1,0,0,1,0,0,1,1,1,0,1,1,0,1,0,0,0
Honduras,2024-06-01,1,0,0,0,0,0,0,1,0,0,0,0,0,0,0,0,0,0,0,0
Honduras,2024-07-01,0,0,0,0,0,0,0,0,0,1,0,0,0,0,1,0,0,0,0,0
Honduras,2024-08-01,0,0,0,0,0,0,0,0,0,0,0,0,0,0,0,0,0,0,0,0
Honduras,2024-09-01,0,0,0,0,0,0,0,0,0,0,0,0,0,0,0,1,0,1,0,0
Honduras,2024-10-01,0,0,0,0,0,1,0,0,0,0,0,0,1,0,0,0,0,0,0,0
Honduras,2024-11-01,1,0,0,0,0,0,0,0,1,0,0,0,0,0,0,0,0,0,0,0
Honduras,2024-12-01,0,0,0,0,0,0,0,0,0,0,0,1,0,0,0,0,0,0,0,0
Honduras,2025-01-01,0,0,0,0,0,0,0,0,0,0,0,0,0,0,0,0,0,0,0,1
Honduras,2025-02-01,0,0,0,0,0,0,0,0,0,0,0,0,0,1,0,0,0,0,0,0
Honduras,2025-03-01,0,0,0,0,1,0,0,0,1,0,0,0,0,0,0,0,0,0,0,0
Honduras,2025-04-01,0,0,0,0,0,0,0,0,0,0,0,0,0,0,0,0,0,1,1,0
Honduras,2025-05-01,0,0,0,0,0,0,0,0,0,0,0,0,0,0,0,0,0,0,0,0
Honduras,2025-06-01,0,1,1,0,0,0,0,0,0,0,0,0,0,0,0,0,0,0,0,0
Honduras,2025-07-01,0,0,0,0,1,0,0,0,0,0,1,0,0,0,0,0,0,0,0,0
Honduras,2025-08-01,0,0,0,0,0,0,0,0,0,0,0,0,0,0,0,0,0,0,0,0
Honduras,2025-09-01,0,0,0,0,0,0,0,0,0,0,0,0,0,0,0,0,0,0,0,0
Honduras,2025-10-01,0,0,0,0,0,0,0,0,0,0,0,0,0,0,0,0,0,0,0,0
Honduras,2025-11-01,0,0,0,0,0,0,0,0,0,0,0,0,0,0,0,0,0,0,0,0
Honduras,2025-12-01,0,0,0,0,0,0,0,0,0,0,0,0,0,0,0,0,0,0,0,0
Honduras,2026-01-01,0,0,0,0,0,0,0,0,0,0,0,0,0,0,0,0,0,0,0,0
Armenia,2012-01-01,0,0,0,0,0,0,0,0,0,0,0,0,0,0,0,0,0,0,0,0
Armenia,2012-02-01,0,0,0,0,0,0,0,1,1,0,0,1,0,0,0,0,0,0,1,0
Armenia,2012-03-01,1,0,0,0,1,0,0,0,0,0,1,1,0,0,0,0,0,0,0,1
Armenia,2012-04-01,0,0,1,0,0,0,0,0,1,0,1,0,0,0,0,0,0,0,0,0
Armenia,2012-05-01,0,0,0,0,0,0,0,1,0,0,0,0,0,0,0,1,0,0,1,0
Armenia,2012-06-01,0,0,0,0,0,0,0,1,0,0,0,0,0,0,0,0,0,0,0,0
Armenia,2012-07-01,0,0,1,0,0,0,0,0,0,0,0,1,0,1,1,0,0,0,0,0
Armenia,2012-08-01,1,0,0,1,0,0,1,0,0,0,0,0,0,0,0,0,0,0,0,1
Armenia,2012-09-01,0,0,0,0,0,0,0,0,0,0,0,0,0,0,0,0,1,0,0,0
Armenia,2012-10-01,0,0,0,0,0,0,0,0,0,0,0,0,0,0,0,0,0,0,0,0
Armenia,2012-11-01,0,0,0,0,0,0,0,0,0,0,0,0,0,0,0,1,0,0,0,0
Armenia,2012-12-01,0,0,0,0,0,0,0,0,0,1,0,0,0,0,0,0,0,0,1,0
Armenia,2013-01-01,0,0,0,0,0,0,0,0,0,0,0,0,0,0,0,0,0,0,0,0
Armenia,2013-02-01,0,0,0,0,0,0,0,0,0,0,0,0,0,0,0,0,0,0,0,0
Armenia,2013-03-01,0,0,0,0,0,0,0,0,0,0,0,0,0,0,0,0,1,0,0,0
Armenia,2013-04-01,0,0,0,0,0,0,0,0,0,0,0,0,0,0,0,0,1,0,0,0
Armenia,2013-05-01,0,0,0,1,0,0,0,0,0,0,0,0,0,0,0,1,0,0,0,0
Armenia,2013-06-01,0,0,0,0,1,0,0,0,1,0,0,0,0,0,0,0,0,0,0,0
Armenia,2013-07-01,0,0,1,0,0,0,0,0,0,1,0,0,1,0,1,0,0,0,0,0
Armenia,2013-08-01,0,0,0,0,0,0,0,0,0,1,1,0,0,0,0,0,0,0,0,0
Armenia,2013-09-01,0,0,0,0,0,0,0,0,0,0,0,1,0,1,0,0,0,0,0,0
Armenia,2013-10-01,0,0,0,0,0,0,0,0,0,0,0,0,0,0,0,0,0,0,0,0
Armenia,2013-11-01,1,0,0,0,0,0,0,0,1,0,0,0,0,0,0,1,0,0,0,0
Armenia,2013-12-01,0,0,0,1,0,0,0,0,0,0,0,0,0,0,0,0,0,0,0,0
Armenia,2014-01-01,0,0,0,0,0,0,0,0,0,0,0,1,0,0,0,0,0,0,0,0
Armenia,2014-02-01,0,0,1,0,0,0,0,0,0,0,0,0,0,0,0,0,0,0,0,0
Armenia,2014-03-01,0,1,0,0,0,0,0,0,0,0,0,1,0,0,0,0,0,0,1,1
Armenia,2014-04-01,0,0,0,0,0,0,0,0,0,0,0,0,0,0,0,0,0,0,0,0
Armenia,2014-05-01,0,0,0,0,0,0,0,0,0,0,0,0,0,0,0,0,0,0,0,0
Armenia,2014-06-01,0,0,0,0,0,0,0,0,0,0,0,0,1,0,0,0,0,0,0,0
Armenia,2014-07-01,0,0,0,0,0,0,0,0,0,0,0,0,0,0,0,0,0,0,0,0
Armenia,2014-08-01,0,0,0,0,0,0,0,0,0,0,0,0,0,0,0,0,0,0,0,0
Armenia,2014-09-01,0,0,0,0,0,0,0,0,0,0,0,0,0,0,0,0,0,0,0,0
Armenia,2014-10-01,0,0,0,0,0,0,0,0,0,0,0,0,0,0,1,0,0,0,0,0
Armenia,2014-11-01,0,0,0,0,0,1,0,0,0,0,0,0,1,1,0,0,0,0,0,0
Armenia,2014-12-01,1,0,0,0,0,0,0,0,0,0,0,0,0,0,0,0,0,1,0,0
Armenia,2015-01-01,0,0,0,0,0,0,0,0,0,0,0,0,0,0,0,0,0,0,0,0
Armenia,2015-02-01,0,0,0,0,0,0,0,0,0,1,0,0,0,0,0,1,0,0,0,0
Armenia,2015-03-01,0,0,0,0,0,0,0,0,0,0,0,0,0,0,0,1,0,0,0,0
Armenia,2015-04-01,0,0,0,0,0,0,0,0,0,0,0,0,0,0,0,0,0,0,0,0
Armenia,2015-05-01,0,1,0,0,0,0,1,0,0,0,0,0,0,0,0,0,0,0,0,0
Armenia,2015-06-01,0,0,0,1,0,0,0,0,0,0,0,0,0,0,0,0,0,0,1,0
Armenia,2015-07-01,0,0,1,0,1,0,0,1,0,1,0,0,0,0,0,1,0,0,0,0
Armenia,2015-08-01,0,0,0,0,0,0,0,0,0,0,0,0,0,0,0,0,0,0,0,0
Armenia,2015-09-01,0,0,0,0,0,0,0,0,0,0,0,0,0,0,0,0,1,0,0,0
Armenia,2015-10-01,0,0,0,0,0,0,0,1,0,0,0,0,0,0,0,1,0,0,0,0
Armenia,2015-11-01,0,0,0,0,0,0,0,0,1,0,0,0,0,0,0,0,0,0,0,0
Armenia,2015-12-01,0,0,0,0,0,0,0,0,0,0,0,0,0,0,0,0,0,0,0,0
Armenia,2016-01-01,1,0,0,0,0,0,0,0,0,0,0,0,0,0,0,0,0,0,0,0
Armenia,2016-02-01,0,0,0,0,0,0,0,0,0,0,0,0,0,0,0,0,0,0,0,0
Armenia,2016-03-01,0,0,1,1,0,0,0,0,0,0,0,0,0,0,0,0,0,0,0,0
Armenia,2016-04-01,0,0,0,0,0,0,0,0,0,0,0,0,0,0,0,0,0,1,0,1
Armenia,2016-05-01,0,0,0,0,0,0,0,0,0,0,0,0,1,0,1,0,0,0,0,0
Armenia,2016-06-01,0,0,0,0,0,0,0,0,0,0,0,0,0,0,0,0,0,0,0,0
Armenia,2016-07-01,1,1,0,0,0,0,0,0,0,0,0,0,0,0,0,0,0,0,0,0
Armenia,2016-08-01,0,0,0,0,0,0,0,0,0,0,0,0,0,0,0,0,0,0,0,1
Armenia,2016-09-01,0,0,0,0,0,0,0,0,0,0,0,0,0,0,0,0,1,0,0,0
Armenia,2016-10-01,0,0,0,0,0,0,0,0,0,0,0,0,0,0,0,0,0,0,0,0
Armenia,2016-11-01,0,0,0,0,0,0,0,0,0,0,0,0,0,0,0,0,0,0,0,0
Armenia,2016-12-01,0,0,0,0,0,0,0,0,0,0,0,0,1,0,0,0,0,0,0,0
Armenia,2017-01-01,0,0,0,0,0,0,0,0,0,0,0,0,0,0,0,0,0,0,0,0
Armenia,2017-02-01,0,0,0,0,0,0,0,0,0,0,0,0,0,0,0,0,0,0,0,0
Armenia,2017-03-01,0,0,0,0,0,0,0,0,0,0,0,0,0,0,0,0,0,0,0,0
Armenia,2017-04-01,0,0,0,1,0,1,0,0,0,1,0,0,0,0,0,0,0,0,0,0
Armenia,2017-05-01,0,0,0,1,0,1,0,0,0,0,0,0,0,0,0,0,0,0,0,0
Armenia,2017-06-01,0,0,0,0,0,0,0,0,0,0,0,0,0,1,0,0,0,0,0,0
Armenia,2017-07-01,0,0,0,0,0,0,0,0,0,1,0,0,0,0,1,0,0,0,0,0
Armenia,2017-08-01,0,0,0,0,0,0,1,1,1,0,0,1,1,1,0,1,0,0,0,0
Armenia,2017-09-01,0,1,1,0,0,0,0,0,0,0,0,0,0,0,0,0,0,0,1,0
Armenia,2017-10-01,0,0,1,0,0,0,0,0,0,0,0,0,0,0,0,1,1,0,0,1
Armenia,2017-11-01,1,1,0,0,0,0,0,0,0,0,0,0,0,0,0,0,0,0,0,0
Armenia,2017-12-01,0,0,0,0,0,0,0,0,0,0,0,0,0,0,0,0,0,0,0,0
Armenia,2018-01-01,0,0,0,0,0,0,0,1,0,0,0,0,0,0,0,0,0,0,0,0
Armenia,2018-02-01,0,0,0,1,0,0,0,0,0,0,0,0,0,0,0,0,0,0,1,0
Armenia,2018-03-01,0,0,1,0,1,0,0,0,0,0,0,0,0,0,0,0,1,0,0,1
Armenia,2018-04-01,0,0,0,0,0,0,0,0,0,0,0,0,0,0,0,0,0,0,0,0
Armenia,2018-05-01,0,0,0,0,0,0,0,0,0,0,1,0,0,0,0,0,0,0,0,0
Armenia,2018-06-01,0,0,0,0,0,0,0,0,0,0,0,0,1,0,0,0,1,0,0,0
Armenia,2018-07-01,0,0,0,0,0,0,0,0,0,0,0,0,0,0,0,0,0,0,1,0
Armenia,2018-08-01,0,0,0,0,0,0,0,0,0,0,1,1,0,0,0,0,0,0,0,0
Armenia,2018-09-01,0,0,0,0,0,0,0,0,0,0,0,0,0,0,0,0,0,0,0,0
Armenia,2018-10-01,0,1,0,0,0,0,0,0,0,0,0,0,0,0,0,0,1,0,0,0
Armenia,2018-11-01,0,0,0,0,0,0,0,0,0,0,0,0,0,1,0,0,0,0,0,0
Armenia,2018-12-01,0,0,0,0,0,0,0,0,0,0,0,0,0,0,0,1,0,0,0,0
Armenia,2019-01-01,0,0,0,0,0,0,0,0,0,1,0,0,0,0,0,0,0,0,0,0
Armenia,2019-02-01,0,0,0,0,0,0,0,0,0,0,0,0,0,0,0,0,0,0,0,0
Armenia,2019-03-01,0,0,0,0,0,0,0,0,0,0,0,0,0,0,0,0,0,0,0,0
Armenia,2019-04-01,0,0,0,0,0,0,0,0,0,0,0,0,0,0,0,0,0,0,0,0
Armenia,2019-05-01,0,0,0,0,0,0,0,0,0,0,0,0,0,0,1,0,0,0,0,0
Armenia,2019-06-01,0,0,0,0,0,0,0,0,0,0,0,0,0,0,0,0,0,0,0,0
Armenia,2019-07-01,0,0,0,0,0,0,0,1,0,0,0,0,0,0,0,0,1,0,0,0
Armenia,2019-08-01,1,0,0,0,0,0,1,0,1,1,0,1,0,0,0,1,0,0,1,1
Armenia,2019-09-01,0,0,0,0,0,0,0,0,0,0,0,0,0,0,0,1,1,0,1,0
Armenia,2019-10-01,0,0,0,0,0,0,0,0,0,0,0,0,0,0,0,0,0,0,0,0
Armenia,2019-11-01,0,0,0,0,0,0,0,0,0,0,0,0,0,0,0,0,0,0,0,0
Armenia,2019-12-01,0,0,0,0,1,0,0,0,0,0,0,0,1,0,0,0,0,1,0,1
Armenia,2020-01-01,0,1,0,0,0,0,0,0,0,0,0,0,0,0,0,0,0,0,0,0
Armenia,2020-02-01,0,0,0,0,0,0,0,0,0,0,0,0,0,1,0,0,0,0,0,0
Armenia,2020-03-01,0,0,1,0,0,0,0,0,0,0,0,0,0,0,1,0,0,0,0,0
Armenia,2020-04-01,0,0,1,0,0,0,0,0,0,0,0,0,0,0,0,0,0,0,0,0
Armenia,2020-05-01,0,0,0,0,0,0,0,0,0,0,0,0,0,0,0,0,0,0,0,0
Armenia,2020-06-01,0,0,0,0,0,0,0,0,0,0,0,0,0,0,1,0,0,0,0,0
Armenia,2020-07-01,0,0,0,0,0,0,0,0,0,0,0,0,0,0,0,0,0,0,0,0
Armenia,2020-08-01,0,0,0,1,0,0,0,0,0,0,0,0,1,1,0,0,0,0,0,0
Armenia,2020-09-01,0,0,0,0,0,1,0,0,0,0,0,0,0,0,0,0,0,0,0,0
Armenia,2020-10-01,0,0,0,0,0,0,0,0,0,0,0,0,0,0,0,0,0,0,0,0
Armenia,2020-11-01,0,0,0,0,0,0,0,0,0,0,0,0,0,0,0,0,0,0,0,0
Armenia,2020-12-01,0,0,0,0,0,0,0,0,0,0,0,0,0,0,0,0,0,0,0,0
Armenia,2021-01-01,0,1,0,0,0,0,0,0,0,0,0,0,0,0,0,0,0,0,0,0
Armenia,2021-02-01,1,0,0,0,0,0,0,0,0,0,0,0,0,0,0,0,0,0,0,0
Armenia,2021-03-01,0,0,0,0,0,0,0,0,0,0,0,0,0,0,0,0,0,0,0,0
Armenia,2021-04-01,0,0,0,0,0,1,0,0,0,0,0,0,0,1,0,0,0,0,0,0
Armenia,2021-05-01,0,0,0,0,0,0,0,0,0,0,0,0,0,0,0,0,0,0,0,0
Armenia,2021-06-01,0,0,0,0,0,0,0,0,0,0,0,0,0,0,0,0,0,0,1,1
Armenia,2021-07-01,0,0,1,0,0,0,1,0,0,0,0,0,0,0,1,0,0,0,0,0
Armenia,2021-08-01,0,0,0,0,0,1,1,1,0,0,0,0,0,0,0,0,0,0,1,1
Armenia,2021-09-01,0,0,0,0,0,0,0,0,0,0,0,0,0,0,0,0,0,0,0,0
Armenia,2021-10-01,0,0,0,0,0,0,0,0,0,0,0,0,0,0,0,0,1,0,0,0
Armenia,2021-11-01,0,0,0,0,0,0,0,0,0,0,0,0,0,1,0,0,0,0,0,0
Armenia,2021-12-01,0,1,0,0,0,0,0,0,0,1,0,0,0,0,0,0,0,0,0,0
Armenia,2022-01-01,0,0,0,0,1,0,0,0,0,0,0,0,1,0,1,0,0,1,0,0
Armenia,2022-02-01,0,0,0,0,0,0,0,0,0,0,0,0,0,0,0,0,0,0,0,0
Armenia,2022-03-01,0,0,0,0,0,0,0,0,0,0,0,0,0,0,0,0,1,0,0,0
Armenia,2022-04-01,0,0,0,0,0,1,0,0,0,0,0,0,0,0,0,0,0,0,0,0
Armenia,2022-05-01,0,0,0,0,0,0,0,1,0,0,0,0,0,0,0,0,0,0,0,0
Armenia,2022-06-01,0,1,0,0,0,0,0,0,0,0,0,0,0,0,0,0,0,0,0,0
Armenia,2022-07-01,0,0,0,0,0,0,0,0,0,0,0,0,1,0,0,0,0,0,0,0
Armenia,2022-08-01,0,0,0,0,0,0,1,0,0,0,0,0,0,0,1,0,0,0,0,1
Armenia,2022-09-01,0,0,0,0,0,0,1,0,0,0,0,0,0,0,0,0,0,0,1,0
Armenia,2022-10-01,0,0,0,0,0,0,0,0,0,0,0,0,0,0,0,0,0,0,0,0
Armenia,2022-11-01,0,0,0,0,0,0,0,0,0,0,1,0,0,0,0,0,0,0,0,0
Armenia,2022-12-01,0,0,0,0,0,0,0,0,0,0,0,0,0,0,0,1,0,0,0,0
Armenia,2023-01-01,0,0,1,0,0,0,0,0,0,0,0,0,0,1,0,0,0,0,0,0
Armenia,2023-02-01,1,0,0,0,0,0,0,0,1,1,0,0,0,0,0,0,0,0,0,0
Armenia,2023-03-01,0,1,0,0,0,0,0,0,0,0,0,0,0,1,0,0,0,0,1,0
Armenia,2023-04-01,0,0,0,0,0,0,0,0,0,0,0,0,0,0,0,0,0,0,0,0
Armenia,2023-05-01,0,0,0,0,0,0,0,0,0,0,0,0,0,0,0,0,0,1,0,0
Armenia,2023-06-01,0,0,0,0,0,1,0,1,0,0,0,0,0,0,0,0,0,0,0,0
Armenia,2023-07-01,0,0,0,1,0,0,1,0,0,0,0,0,0,0,0,0,0,0,0,0
Armenia,2023-08-01,0,0,0,0,0,0,0,0,0,0,0,0,1,0,0,0,1,0,0,0
Armenia,2023-09-01,0,0,0,0,0,0,0,1,0,0,0,0,0,0,0,0,0,0,0,0
Armenia,2023-10-01,0,0,0,1,0,0,0,0,0,0,0,0,0,0,0,0,0,0,0,0
Armenia,2023-11-01,0,0,0,0,0,0,0,0,0,0,0,0,0,0,0,0,0,0,1,0
Armenia,2023-12-01,0,0,0,0,0,0,0,0,0,0,0,0,0,0,0,0,0,0,0,0
Armenia,2024-01-01,0,0,0,0,0,0,0,0,0,0,0,0,0,0,0,0,0,0,0,0
Armenia,2024-02-01,0,0,0,0,0,0,0,0,0,0,0,0,0,0,0,0,0,0,0,0
Armenia,2024-03-01,0,0,0,0,0,1,0,0,0,0,0,0,0,0,1,0,0,0,0,0
Armenia,2024-04-01,0,0,0,0,0,0,0,0,0,0,0,0,0,0,0,0,0,0,0,0
Armenia,2024-05-01,1,0,0,1,0,0,0,1,1,0,0,0,0,0,0,0,0,0,0,0
Armenia,2024-06-01,1,0,1,0,0,0,0,0,0,0,0,0,0,0,0,0,0,0,0,0
Armenia,2024-07-01,0,0,0,0,0,0,0,0,0,0,0,0,0,0,0,0,0,0,0,0
Armenia,2024-08-01,1,0,0,0,0,0,1,0,0,0,0,1,0,1,0,0,1,0,1,0
Armenia,2024-09-01,0,0,0,0,0,0,0,0,0,0,0,0,0,0,0,0,0,0,0,0
Armenia,2024-10-01,0,0,0,0,0,0,0,0,0,0,0,0,0,0,0,0,0,0,0,0
Armenia,2024-11-01,0,1,0,0,0,0,0,0,0,0,0,0,1,0,0,0,1,0,0,0
Armenia,2024-12-01,0,0,0,1,1,0,0,0,0,0,0,0,1,1,0,0,0,0,0,0
Armenia,2025-01-01,0,0,0,0,0,1,0,0,0,0,0,0,1,0,0,0,0,0,0,0
Armenia,2025-02-01,0,0,0,0,0,0,0,0,0,1,0,0,0,0,0,1,0,0,1,0
Armenia,2025-03-01,0,0,0,0,0,0,0,0,0,0,0,0,0,0,0,0,0,0,1,0
Armenia,2025-04-01,0,0,0,0,0,0,0,0,0,0,0,0,0,0,0,0,0,0,0,0
Armenia,2025-05-01,0,1,0,0,0,0,0,0,0,0,0,0,0,0,1,0,1,0,0,0
Armenia,2025-06-01,0,0,0,0,0,0,0,0,1,0,0,0,0,0,0,0,0,0,0,0
Armenia,2025-07-01,0,0,0,0,0,0,0,0,0,0,0,0,0,0,0,0,0,1,0,1
Armenia,2025-08-01,0,0,0,0,0,0,1,0,0,0,0,0,0,0,0,0,0,0,0,0
Armenia,2025-09-01,0,0,0,0,0,0,0,0,0,0,0,0,0,1,0,0,0,0,0,0
Armenia,2025-10-01,0,0,0,0,0,0,0,0,0,0,0,0,0,0,0,0,0,0,0,0
Armenia,2025-11-01,0,0,0,0,0,0,0,0,0,0,0,0,0,0,0,0,0,0,0,0
Armenia,2025-12-01,0,0,0,0,0,0,0,0,0,0,0,0,0,0,0,0,0,0,0,0
Armenia,2026-01-01,0,0,0,0,0,0,0,0,0,0,0,0,0,0,0,0,0,0,0,0
Kosovo,2012-01-01,0,0,0,0,0,0,0,0,0,0,0,0,0,0,0,0,0,0,0,0
Kosovo,2012-02-01,0,0,0,0,1,0,0,0,1,0,0,0,0,0,0,0,0,0,0,0
Kosovo,2012-03-01,0,0,0,0,0,0,0,0,0,0,0,0,0,0,0,0,0,0,0,0
Kosovo,2012-04-01,0,0,0,0,0,0,0,0,0,0,1,0,0,0,0,0,0,0,0,0
Kosovo,2012-05-01,0,0,0,0,0,0,0,0,0,0,0,0,0,0,0,0,0,0,0,0
Kosovo,2012-06-01,0,0,0,0,0,0,1,0,0,0,0,0,0,0,0,0,0,0,0,0
Kosovo,2012-07-01,0,0,0,0,0,0,0,0,0,0,0,0,0,0,0,0,0,0,0,0
Kosovo,2012-08-01,0,0,0,0,0,0,0,0,0,0,0,0,0,0,0,0,0,0,0,0
Kosovo,2012-09-01,0,0,0,0,0,0,0,0,0,0,0,0,0,0,0,0,0,0,0,0
Kosovo,2012-10-01,0,0,0,0,0,0,0,0,0,0,0,0,0,0,0,0,0,0,0,0
Kosovo,2012-11-01,0,0,0,0,0,0,0,0,0,0,0,0,0,0,0,0,0,0,0,0
Kosovo,2012-12-01,0,0,0,0,0,0,0,0,1,0,0,0,0,0,0,0,0,0,0,0
Kosovo,2013-01-01,0,0,0,0,0,0,0,0,0,0,0,0,0,0,0,0,0,0,0,0
Kosovo,2013-02-01,0,0,0,0,0,0,0,0,0,0,0,0,0,0,0,0,0,0,0,0
Kosovo,2013-03-01,0,0,0,0,0,0,0,0,0,0,1,0,0,0,0,0,0,0,0,0
Kosovo,2013-04-01,0,0,0,0,0,0,0,0,0,0,0,0,0,0,0,0,0,0,0,0
Kosovo,2013-05-01,0,0,0,0,1,0,0,0,0,0,0,0,0,1,0,0,0,0,0,0
Kosovo,2013-06-01,0,0,0,0,0,0,0,0,0,0,0,0,0,0,0,0,0,0,0,0
Kosovo,2013-07-01,0,0,0,0,0,0,0,0,0,0,0,0,0,0,0,0,0,0,0,0
Kosovo,2013-08-01,0,0,0,0,0,0,0,0,1,0,0,0,0,0,0,0,0,0,1,0
Kosovo,2013-09-01,0,0,0,0,0,0,0,0,0,0,0,0,0,0,0,0,0,0,0,0
Kosovo,2013-10-01,0,0,0,0,0,0,1,0,0,0,0,0,0,0,0,0,0,0,0,0
Kosovo,2013-11-01,0,0,0,0,0,0,0,0,0,0,1,0,0,0,0,0,0,0,0,0
Kosovo,2013-12-01,0,0,0,0,0,0,0,0,0,0,0,0,0,0,0,0,0,0,0,0
Kosovo,2014-01-01,0,0,0,0,0,0,0,0,0,0,0,0,0,0,0,0,0,0,0,0
Kosovo,2014-02-01,0,0,0,0,1,0,0,0,0,0,0,1,0,0,0,0,0,0,0,0
Kosovo,2014-03-01,0,0,0,0,0,0,0,0,0,0,0,0,0,0,0,0,0,0,0,0
Kosovo,2014-04-01,0,0,0,0,0,0,0,0,0,0,0,0,0,0,0,0,0,0,0,0
Kosovo,2014-05-01,0,0,0,0,0,0,0,0,1,0,0,0,0,0,0,0,0,0,0,0
Kosovo,2014-06-01,0,0,0,0,0,0,1,0,0,0,0,0,0,0,0,0,0,0,0,0
Kosovo,2014-07-01,0,0,0,0,0,0,0,0,0,0,0,0,0,0,0,0,0,0,0,0
Kosovo,2014-08-01,0,0,0,0,0,0,0,0,0,0,0,0,0,0,0,0,0,0,0,0
Kosovo,2014-09-01,0,1,0,0,0,0,0,0,0,0,0,0,0,0,0,0,0,0,0,0
Kosovo,2014-10-01,0,0,0,0,1,0,0,0,0,0,0,0,1,0,0,0,0,0,0,0
Kosovo,2014-11-01,0,0,0,0,0,0,0,0,0,0,0,0,0,0,0,0,0,0,0,0
Kosovo,2014-12-01,0,0,0,0,0,0,0,0,0,0,0,0,0,0,0,1,0,0,0,0
Kosovo,2015-01-01,0,0,0,0,0,0,0,0,1,0,0,0,0,0,0,0,0,0,0,0
Kosovo,2015-02-01,0,0,0,0,0,0,0,0,0,0,0,0,0,0,0,0,0,0,0,0
Kosovo,2015-03-01,0,0,0,0,0,0,0,0,0,0,0,0,0,0,0,0,0,0,0,0
Kosovo,2015-04-01,0,0,0,0,0,0,0,0,0,0,0,0,0,0,0,0,0,0,0,0
Kosovo,2015-05-01,0,0,0,0,0,0,0,0,0,0,0,0,0,0,0,0,0,0,0,0
Kosovo,2015-06-01,0,0,0,0,0,0,0,0,0,0,0,0,0,0,0,0,0,0,0,0
Kosovo,2015-07-01,0,0,0,0,0,1,0,1,0,0,0,0,0,0,0,0,0,0,0,0
Kosovo,2015-08-01,0,0,0,0,0,0,0,0,0,0,0,1,0,0,0,0,0,0,0,0
Kosovo,2015-09-01,0,0,0,0,0,0,0,0,0,0,0,1,0,0,0,0,0,0,0,0
Kosovo,2015-10-01,0,0,0,0,0,0,0,0,0,0,0,0,0,0,0,0,0,0,0,0
Kosovo,2015-11-01,0,0,0,0,0,0,0,0,0,0,0,0,0,0,0,0,0,0,0,0
Kosovo,2015-12-01,0,0,0,0,0,0,0,0,0,0,0,0,0,0,0,0,0,0,0,0
Kosovo,2016-01-01,1,0,0,0,0,0,0,0,0,0,1,0,0,1,0,0,0,0,0,1
Kosovo,2016-02-01,0,0,0,0,0,0,0,0,0,1,0,0,0,0,0,0,0,0,0,1
Kosovo,2016-03-01,1,0,0,0,0,0,0,0,0,0,1,0,0,0,0,1,0,0,0,0
Kosovo,2016-04-01,0,0,1,0,0,0,0,0,0,0,0,1,0,0,0,0,0,0,0,1
Kosovo,2016-05-01,0,0,0,0,0,0,0,1,0,0,0,0,0,0,0,0,0,0,0,0
Kosovo,2016-06-01,0,0,0,0,0,0,0,0,0,1,0,0,1,0,0,0,0,0,0,1
Kosovo,2016-07-01,0,0,0,0,0,0,0,0,0,0,0,0,0,0,1,0,0,0,0,0
Kosovo,2016-08-01,0,0,0,0,0,0,0,0,0,0,0,0,0,0,0,0,0,0,0,0
Kosovo,2016-09-01,0,0,0,0,0,1,0,0,0,0,0,0,0,0,0,0,0,0,0,0
Kosovo,2016-10-01,0,0,0,0,0,0,0,0,0,0,0,0,0,0,1,0,1,0,1,0
Kosovo,2016-11-01,0,0,0,0,0,0,0,0,0,0,0,0,0,0,0,1,0,0,0,0
Kosovo,2016-12-01,0,0,0,0,0,0,0,0,0,0,0,0,0,0,0,0,0,0,0,1
Kosovo,2017-01-01,0,0,0,0,1,0,0,0,1,0,0,0,1,0,0,0,1,0,0,0
Kosovo,2017-02-01,0,0,0,0,0,0,0,0,0,0,0,0,0,0,0,0,0,0,0,0
Kosovo,2017-03-01,0,0,0,0,0,0,0,0,0,0,0,0,0,0,1,0,0,0,1,0
Kosovo,2017-04-01,0,0,1,0,0,0,0,0,0,0,0,0,0,1,0,0,0,0,0,0
Kosovo,2017-05-01,0,0,0,0,0,1,0,0,0,0,0,0,0,0,0,0,1,0,0,0
Kosovo,2017-06-01,0,0,0,0,0,0,0,0,0,0,0,0,0,0,0,0,0,0,0,0
Kosovo,2017-07-01,0,0,0,0,0,0,0,0,0,1,0,0,0,0,0,0,0,0,0,0
Kosovo,2017-08-01,0,0,0,0,0,0,0,0,0,0,0,0,0,0,0,0,0,0,0,0
Kosovo,2017-09-01,0,0,0,0,0,0,0,0,1,0,0,0,0,0,0,0,0,0,0,0
Kosovo,2017-10-01,0,0,0,0,0,0,0,0,0,0,0,0,0,0,0,0,0,0,0,0
Kosovo,2017-11-01,0,0,0,0,0,0,0,0,0,0,1,1,0,0,0,0,0,0,0,0
Kosovo,2017-12-01,0,0,0,0,0,0,0,0,0,0,0,0,0,1,0,0,0,0,0,0
Kosovo,2018-01-01,0,0,0,0,0,0,1,0,0,0,1,0,0,0,0,0,0,0,1,0
Kosovo,2018-02-01,0,0,0,0,0,0,0,0,0,0,0,0,1,0,1,0,0,0,0,0
Kosovo,2018-03-01,0,0,1,0,0,0,0,1,0,0,0,0,0,0,0,0,0,0,0,0
Kosovo,2018-04-01,0,0,0,0,0,0,0,0,0,0,0,0,0,0,0,0,0,0,0,0
Kosovo,2018-05-01,0,0,0,0,0,0,0,0,0,0,0,0,1,0,1,0,0,0,0,0
Kosovo,2018-06-01,0,0,0,0,0,0,0,0,0,0,0,0,0,0,0,0,0,0,0,0
Kosovo,2018-07-01,0,0,0,0,0,0,0,0,0,0,0,0,0,0,0,0,0,0,0,0
Kosovo,2018-08-01,0,0,0,0,0,0,0,0,0,0,0,0,0,0,0,0,0,0,0,1
Kosovo,2018-09-01,0,0,0,1,0,0,0,0,0,0,0,0,0,0,0,0,0,0,0,0
Kosovo,2018-10-01,0,0,0,1,1,0,0,0,0,1,0,0,0,0,0,0,0,0,0,1
Kosovo,2018-11-01,0,0,1,0,1,0,0,1,0,0,0,0,0,0,0,0,0,0,0,0
Kosovo,2018-12-01,0,0,0,0,0,0,0,0,0,0,0,0,0,0,0,0,0,0,0,0
Kosovo,2019-01-01,0,0,0,0,0,1,0,0,0,0,0,0,0,1,0,0,0,1,0,0
Kosovo,2019-02-01,0,0,0,0,0,0,0,0,0,0,0,0,0,1,0,0,0,0,1,0
Kosovo,2019-03-01,0,0,1,0,0,0,0,0,0,0,0,0,0,1,0,0,0,0,0,0
Kosovo,2019-04-01,0,0,0,0,0,0,0,0,0,0,0,0,0,0,0,0,0,0,0,0
Kosovo,2019-05-01,0,1,0,0,0,0,0,0,0,0,0,0,0,0,0,0,0,0,0,1
Kosovo,2019-06-01,0,0,0,0,0,0,0,0,0,0,0,0,0,0,0,0,0,0,0,0
Kosovo,2019-07-01,0,0,0,0,0,0,0,0,0,1,0,0,0,0,0,0,0,0,0,0
Kosovo,2019-08-01,0,0,0,0,0,0,0,0,0,0,0,1,0,0,0,0,0,0,0,1
Kosovo,2019-09-01,0,0,0,0,0,0,0,0,0,0,1,0,0,0,1,1,0,0,0,0
Kosovo,2019-10-01,0,0,0,0,0,0,0,0,0,0,0,0,0,0,0,1,0,0,0,0
Kosovo,2019-11-01,1,0,0,0,0,0,0,1,1,0,0,0,1,0,0,0,0,0,0,0
Kosovo,2019-12-01,1,1,1,0,0,0,1,0,1,0,1,0,0,0,0,1,0,1,0,0
Kosovo,2020-01-01,0,0,0,0,0,0,0,0,0,1,0,0,0,0,0,1,0,0,0,0
Kosovo,2020-02-01,0,0,0,0,0,0,0,0,0,0,0,0,0,0,0,0,1,0,0,0
Kosovo,2020-03-01,0,0,0,0,0,0,0,0,0,0,0,0,0,0,0,0,0,0,0,0
Kosovo,2020-04-01,0,0,0,1,0,1,0,0,0,0,0,0,0,0,0,0,0,0,0,0
Kosovo,2020-05-01,0,0,0,0,0,0,0,0,0,0,0,0,0,0,0,0,0,0,0,0
Kosovo,2020-06-01,0,0,0,0,1,0,0,0,0,0,0,0,0,0,0,0,0,0,0,0
Kosovo,2020-07-01,0,0,0,0,0,0,0,0,0,0,0,0,0,0,0,0,0,0,0,0
Kosovo,2020-08-01,0,0,0,0,0,0,0,0,0,0,0,1,0,0,0,0,0,0,0,0
Kosovo,2020-09-01,0,0,0,0,0,0,0,0,0,0,0,0,0,0,0,0,0,0,0,1
Kosovo,2020-10-01,0,0,0,0,0,0,0,0,0,0,0,0,0,0,0,0,0,0,0,0
Kosovo,2020-11-01,0,0,0,0,0,0,0,0,0,0,0,0,0,0,0,0,0,0,0,0
Kosovo,2020-12-01,0,0,1,0,0,0,0,0,0,0,0,0,0,1,0,0,0,0,0,0
Kosovo,2021-01-01,1,0,0,0,0,0,1,1,1,0,0,1,0,0,0,0,0,0,0,0
Kosovo,2021-02-01,0,0,0,0,0,0,0,0,0,1,0,0,0,0,0,0,0,0,0,0
Kosovo,2021-03-01,0,0,0,0,0,0,0,0,0,0,0,0,0,0,0,0,0,0,0,0
Kosovo,2021-04-01,0,0,0,0,0,0,0,0,0,0,0,0,0,0,0,1,0,0,0,0
Kosovo,2021-05-01,0,0,0,0,0,0,0,0,0,0,0,0,0,1,0,1,1,0,1,0
Kosovo,2021-06-01,0,0,0,1,1,0,0,0,0,0,0,0,0,0,0,0,0,1,0,1
Kosovo,2021-07-01,0,0,0,0,0,0,1,0,0,1,0,0,0,0,1,1,0,0,0,0
Kosovo,2021-08-01,0,0,0,0,0,0,0,0,0,0,1,0,0,0,1,0,0,0,0,0
Kosovo,2021-09-01,0,0,0,0,0,0,0,0,0,0,0,0,0,0,0,0,0,1,0,0
Kosovo,2021-10-01,0,0,0,0,0,0,0,0,0,0,0,0,0,0,0,0,0,0,0,0
Kosovo,2021-11-01,0,1,0,1,0,0,0,0,0,0,0,0,0,0,0,1,0,0,0,0
Kosovo,2021-12-01,0,0,0,0,0,0,0,0,0,0,0,0,0,0,0,0,0,0,0,0
Kosovo,2022-01-01,0,0,0,0,0,1,0,0,0,0,0,0,1,0,0,0,0,0,1,0
Kosovo,2022-02-01,0,1,0,0,0,0,0,0,0,0,0,0,1,0,0,0,0,0,0,0
Kosovo,2022-03-01,0,0,0,1,0,0,0,0,0,0,0,0,0,0,0,0,0,0,0,0
Kosovo,2022-04-01,0,0,0,0,0,1,0,0,0,0,0,0,0,0,0,0,0,0,0,0
Kosovo,2022-05-01,0,1,0,0,1,0,0,0,0,0,0,0,0,1,0,0,0,0,0,0
Kosovo,2022-06-01,0,0,0,0,0,0,0,0,0,0,0,0,0,0,0,0,0,0,0,0
Kosovo,2022-07-01,0,0,0,0,0,0,0,0,0,0,0,0,0,0,0,0,0,0,1,0
Kosovo,2022-08-01,0,0,1,0,0,0,0,0,0,0,0,0,0,0,0,0,1,0,0,0
Kosovo,2022-09-01,0,0,0,0,0,0,0,1,0,0,1,0,0,0,1,0,0,0,0,0
Kosovo,2022-10-01,0,0,0,0,0,0,0,0,0,0,0,0,0,0,0,0,0,0,0,0
Kosovo,2022-11-01,0,0,0,0,0,0,0,0,0,0,0,0,0,0,0,0,0,0,0,0
Kosovo,2022-12-01,0,0,0,0,0,0,0,0,0,0,0,0,0,0,1,0,0,0,0,0
Kosovo,2023-01-01,1,0,0,1,0,0,0,0,0,0,0,1,0,0,0,0,0,0,0,0
Kosovo,2023-02-01,1,0,0,0,0,0,0,0,1,0,0,0,0,0,0,0,0,0,0,1
Kosovo,2023-03-01,0,0,0,0,0,0,0,0,0,0,0,0,0,0,0,0,0,0,1,0
Kosovo,2023-04-01,0,0,0,0,0,0,0,0,0,0,0,0,0,0,0,0,0,0,0,0
Kosovo,2023-05-01,0,0,0,0,0,0,0,0,0,0,0,0,0,0,0,0,0,0,0,0
Kosovo,2023-06-01,0,0,0,0,0,0,0,0,0,0,0,0,0,1,0,0,0,0,0,0
Kosovo,2023-07-01,0,1,0,0,0,0,0,0,0,0,0,1,0,0,0,0,0,0,0,0
Kosovo,2023-08-01,0,0,0,0,0,0,0,0,0,1,0,0,1,1,0,0,0,0,0,0
Kosovo,2023-09-01,0,0,0,1,0,1,0,0,0,0,0,0,0,0,1,0,0,0,0,0
Kosovo,2023-10-01,0,0,0,0,0,0,0,0,0,0,0,0,0,0,0,1,1,0,0,0
Kosovo,2023-11-01,0,0,0,0,0,0,0,0,0,0,0,0,0,0,0,1,0,0,0,0
Kosovo,2023-12-01,0,0,0,0,0,0,0,0,0,0,0,0,0,0,0,0,0,0,0,0
Kosovo,2024-01-01,0,0,0,0,0,1,0,0,0,0,0,0,1,0,0,1,1,0,0,0
Kosovo,2024-02-01,0,0,0,0,0,0,0,0,0,1,0,0,0,0,0,0,0,0,1,0
Kosovo,2024-03-01,0,1,0,0,0,0,0,0,0,0,0,0,0,0,0,0,0,0,0,0
Kosovo,2024-04-01,0,0,0,0,0,0,0,0,0,0,0,0,0,0,0,0,1,0,0,0
Kosovo,2024-05-01,0,0,0,0,0,0,0,0,0,0,0,0,0,0,0,0,0,0,0,0
Kosovo,2024-06-01,0,0,0,0,0,0,0,0,0,0,0,0,0,0,0,0,0,0,0,0
Kosovo,2024-07-01,0,0,0,0,0,0,0,0,0,0,1,0,0,0,0,0,0,0,1,1
Kosovo,2024-08-01,1,0,0,0,0,0,0,0,1,0,0,1,0,0,0,0,0,0,0,1
Kosovo,2024-09-01,0,0,0,0,0,0,0,0,0,0,0,0,0,0,0,0,0,0,0,0
Kosovo,2024-10-01,0,0,0,0,1,0,0,1,0,0,0,0,0,0,0,0,0,0,0,0
Kosovo,2024-11-01,0,1,0,0,0,0,0,0,0,0,0,0,0,1,0,0,0,0,0,0
Kosovo,2024-12-01,0,0,0,0,0,0,0,0,0,0,0,0,0,0,0,0,0,0,0,0
Kosovo,2025-01-01,0,0,1,1,0,0,1,0,0,0,0,0,0,0,0,0,0,0,0,0
Kosovo,2025-02-01,0,0,0,0,0,0,0,0,0,0,0,0,0,0,0,0,0,0,0,0
Kosovo,2025-03-01,0,0,1,0,0,0,0,0,0,0,0,0,0,0,0,0,0,0,0,0
Kosovo,2025-04-01,0,0,0,0,0,0,0,0,0,0,0,0,0,0,0,0,0,0,0,0
Kosovo,2025-05-01,0,0,0,0,0,0,0,0,0,0,0,0,0,0,0,0,0,0,0,0
Kosovo,2025-06-01,0,0,0,0,0,0,0,0,0,0,0,0,0,0,0,0,0,0,0,0
Kosovo,2025-07-01,0,0,0,0,0,0,0,0,0,0,0,0,0,0,0,0,0,0,0,0
Kosovo,2025-08-01,0,0,0,0,0,0,0,0,0,0,0,0,0,0,0,0,0,0,0,0
Kosovo,2025-09-01,0,0,0,0,0,0,0,0,0,0,0,0,0,0,0,0,0,0,0,0
Kosovo,2025-10-01,0,0,0,0,0,0,0,0,0,0,0,0,0,0,0,0,0,0,0,0
Kosovo,2025-11-01,0,0,0,0,0,0,0,0,0,0,0,0,0,0,0,0,0,0,0,0
Kosovo,2025-12-01,0,0,0,0,0,0,0,0,0,0,0,0,0,0,0,0,0,0,0,0
Kosovo,2026-01-01,0,0,0,0,0,0,0,0,0,0,0,0,0,0,0,0,0,0,0,0
Timor Leste,2012-01-01,0,0,0,0,0,1,0,0,0,0,0,0,0,0,0,0,0,1,1,1
Timor Leste,2012-02-01,0,0,0,0,1,0,0,0,0,0,0,0,0,0,0,0,0,1,1,1
Timor Leste,2012-03-01,0,0,0,0,0,0,0,0,0,0,0,0,0,0,0,0,0,1,1,0
Timor Leste,2012-04-01,0,0,0,0,0,0,0,0,0,0,0,0,0,0,0,0,0,0,0,0
Timor Leste,2012-05-01,0,0,0,0,0,0,0,0,0,0,0,1,0,0,0,0,0,0,0,0
Timor Leste,2012-06-01,0,0,0,0,0,0,0,0,0,0,0,0,0,0,0,0,0,0,0,0
Timor Leste,2012-07-01,0,0,0,0,0,0,0,0,0,0,0,0,0,0,0,0,0,0,0,0
Timor Leste,2012-08-01,0,0,0,0,0,0,0,0,0,0,0,0,0,0,0,0,0,0,0,0
Timor Leste,2012-09-01,0,0,0,0,0,0,0,0,0,0,0,0,0,0,0,0,0,0,0,0
Timor Leste,2012-10-01,0,0,0,0,0,0,0,0,0,0,0,0,0,0,0,0,0,0,0,0
Timor Leste,2012-11-01,0,0,0,0,0,0,0,0,0,0,0,0,0,0,0,0,0,0,0,0
Timor Leste,2012-12-01,0,0,0,0,0,0,0,0,0,0,0,0,0,0,0,0,0,0,0,0
Timor Leste,2013-01-01,0,0,0,0,0,0,0,0,0,0,0,0,0,0,0,0,0,0,0,0
Timor Leste,2013-02-01,0,0,0,0,0,0,0,0,0,0,0,0,0,0,0,0,0,0,0,0
Timor Leste,2013-03-01,0,0,0,0,0,0,0,0,0,0,0,0,0,0,0,0,0,0,0,0
Timor Leste,2013-04-01,0,0,0,0,0,0,0,0,0,0,0,0,0,0,0,0,0,0,0,0
Timor Leste,2013-05-01,0,0,0,0,0,0,0,0,0,0,0,0,0,0,0,0,0,0,0,0
Timor Leste,2013-06-01,0,0,0,0,1,0,0,0,0,0,0,0,0,0,0,0,0,0,0,0
Timor Leste,2013-07-01,0,0,0,0,1,0,0,0,0,0,0,0,0,0,0,0,0,0,0,0
Timor Leste,2013-08-01,0,0,0,0,0,0,0,0,0,0,0,0,0,0,0,0,0,0,0,0
Timor Leste,2013-09-01,0,0,0,0,0,0,0,0,0,0,0,0,0,0,0,0,0,0,0,0
Timor Leste,2013-10-01,0,0,0,0,0,0,0,0,0,0,0,0,0,0,0,0,0,0,0,0
Timor Leste,2013-11-01,0,0,0,0,0,0,0,0,0,0,0,0,0,0,0,0,0,0,0,0
Timor Leste,2013-12-01,0,0,0,0,0,0,0,0,0,0,0,0,0,0,0,0,0,0,0,0
Timor Leste,2014-01-01,0,0,0,0,0,0,0,0,0,0,0,0,0,0,0,0,0,0,0,0
Timor Leste,2014-02-01,0,0,0,0,0,0,0,0,0,0,0,0,0,0,0,0,0,0,0,0
Timor Leste,2014-03-01,0,0,0,0,0,0,0,0,0,0,0,0,0,0,0,0,0,0,0,0
Timor Leste,2014-04-01,0,0,0,0,0,0,0,0,0,0,0,0,0,0,0,0,0,0,0,0
Timor Leste,2014-05-01,1,0,0,0,1,0,0,0,0,0,0,0,0,0,0,0,0,0,0,0
Timor Leste,2014-06-01,0,0,0,0,0,0,0,0,0,0,0,0,0,0,0,0,0,0,0,0
Timor Leste,2014-07-01,0,0,0,0,0,0,0,0,0,0,0,0,0,0,0,0,0,0,0,0
Timor Leste,2014-08-01,1,0,0,0,0,0,0,0,0,0,0,0,0,0,0,0,0,0,0,0
Timor Leste,2014-09-01,0,0,0,0,0,0,0,0,0,0,0,0,0,0,0,0,0,0,0,0
Timor Leste,2014-10-01,0,0,0,0,0,0,0,0,0,0,0,0,0,0,0,0,0,0,0,0
Timor Leste,2014-11-01,0,0,0,0,0,0,0,0,0,0,0,0,0,0,0,0,0,0,0,0
Timor Leste,2014-12-01,0,0,0,0,1,0,0,0,0,0,1,0,0,0,0,0,0,0,0,0
Timor Leste,2015-01-01,0,0,0,0,0,0,0,0,0,0,0,0,0,0,0,0,0,0,0,0
Timor Leste,2015-02-01,0,0,0,0,0,0,0,0,0,0,0,0,0,0,0,0,0,0,0,0
Timor Leste,2015-03-01,0,0,0,0,0,0,0,0,0,0,0,0,0,0,0,0,0,0,0,0
Timor Leste,2015-04-01,0,0,0,0,0,0,0,0,0,0,0,0,0,0,0,0,0,0,0,0
Timor Leste,2015-05-01,0,0,0,0,0,0,0,0,0,0,0,0,0,0,0,0,0,0,0,0
Timor Leste,2015-06-01,0,0,0,0,0,0,0,0,1,0,0,0,0,0,0,0,0,0,0,0
Timor Leste,2015-07-01,0,0,0,0,0,0,0,0,0,0,0,0,0,0,0,0,0,0,0,0
Timor Leste,2015-08-01,0,0,0,0,0,0,1,0,0,0,0,0,0,0,0,0,0,0,0,0
Timor Leste,2015-09-01,0,0,0,0,0,0,0,0,0,0,0,0,0,0,0,0,0,0,0,0
Timor Leste,2015-10-01,0,0,0,0,0,0,0,0,0,0,0,0,0,0,0,0,0,0,0,0
Timor Leste,2015-11-01,1,0,0,0,0,0,0,0,0,0,0,0,0,0,0,0,0,0,0,0
Timor Leste,2015-12-01,0,0,0,0,0,0,0,0,0,0,0,0,0,0,0,0,0,0,0,0
Timor Leste,2016-01-01,0,0,0,0,1,0,0,0,0,0,0,1,0,0,0,0,0,0,0,0
Timor Leste,2016-02-01,0,0,0,0,0,0,1,0,0,0,0,1,0,0,0,0,0,0,0,0
Timor Leste,2016-03-01,0,0,0,0,0,0,0,0,0,0,0,0,0,0,0,0,0,0,0,0
Timor Leste,2016-04-01,0,0,0,0,0,0,0,0,0,0,0,0,0,0,0,0,0,0,0,0
Timor Leste,2016-05-01,0,0,0,0,0,0,0,0,0,0,0,0,0,0,0,0,0,0,0,0
Timor Leste,2016-06-01,0,0,0,0,0,0,0,0,0,0,0,0,0,0,0,0,0,0,0,0
Timor Leste,2016-07-01,0,0,0,0,0,0,0,0,0,0,0,0,0,0,0,0,0,0,0,0
Timor Leste,2016-08-01,0,0,0,0,0,0,0,0,0,0,0,0,0,0,0,0,0,0,0,0
Timor Leste,2016-09-01,0,0,0,0,0,0,0,0,0,0,0,0,0,0,0,0,0,0,0,0
Timor Leste,2016-10-01,0,0,0,0,0,0,0,0,0,0,0,0,0,0,0,0,0,0,0,0
Timor Leste,2016-11-01,0,0,0,0,0,0,0,0,0,0,0,0,0,0,0,0,0,0,0,0
Timor Leste,2016-12-01,0,0,0,0,0,0,0,0,0,0,0,0,0,0,0,0,0,0,0,0
Timor Leste,2017-01-01,0,0,0,0,0,0,0,0,0,0,1,0,0,0,0,0,0,0,0,0
Timor Leste,2017-02-01,0,0,0,0,0,0,0,0,0,0,0,0,0,0,0,0,0,0,0,0
Timor Leste,2017-03-01,0,0,1,0,0,0,0,0,0,0,0,0,1,0,0,0,0,0,0,0
Timor Leste,2017-04-01,0,0,0,0,0,0,0,0,1,0,0,1,0,0,0,0,0,0,0,0
Timor Leste,2017-05-01,0,0,0,0,0,0,0,0,0,0,0,0,0,0,0,0,0,0,0,0
Timor Leste,2017-06-01,0,0,0,0,0,0,0,0,0,0,0,0,0,0,0,0,0,0,0,0
Timor Leste,2017-07-01,0,0,0,0,0,0,0,0,0,0,0,0,0,0,0,0,0,0,0,0
Timor Leste,2017-08-01,0,0,0,0,0,0,0,0,0,0,0,0,0,0,0,0,0,0,0,0
Timor Leste,2017-09-01,0,0,0,0,0,0,0,0,0,0,0,0,0,1,0,0,0,0,0,0
Timor Leste,2017-10-01,0,0,0,0,0,0,0,0,0,0,0,0,0,0,0,0,0,0,0,0
Timor Leste,2017-11-01,0,0,0,0,0,0,1,0,0,0,0,0,0,0,0,0,0,0,0,0
Timor Leste,2017-12-01,0,0,0,0,0,0,0,0,0,0,0,0,0,0,0,0,0,0,0,0
Timor Leste,2018-01-01,0,0,0,0,0,0,0,0,0,0,0,0,0,0,0,0,0,0,0,0
Timor Leste,2018-02-01,0,0,0,0,0,1,0,0,1,0,0,0,0,0,0,0,0,0,0,0
Timor Leste,2018-03-01,0,0,0,0,0,0,0,0,0,0,0,0,0,0,0,0,0,0,0,0
Timor Leste,2018-04-01,0,0,0,0,0,0,0,0,0,0,0,0,0,0,0,0,0,0,0,0
Timor Leste,2018-05-01,0,0,0,0,0,0,0,0,0,0,0,1,0,0,0,0,0,0,0,0
Timor Leste,2018-06-01,0,0,0,0,0,0,1,0,0,0,0,0,0,0,0,0,0,0,0,0
Timor Leste,2018-07-01,0,0,0,0,0,0,0,0,0,0,0,0,0,0,0,0,0,0,0,0
Timor Leste,2018-08-01,0,0,0,0,0,0,0,0,0,1,0,0,0,0,0,0,0,0,0,0
Timor Leste,2018-09-01,0,0,0,0,0,0,0,0,0,0,0,0,0,0,0,0,0,0,0,0
Timor Leste,2018-10-01,0,0,0,0,0,0,0,0,0,0,0,0,0,0,0,0,0,0,0,0
Timor Leste,2018-11-01,0,0,1,0,0,0,0,0,0,0,0,0,0,0,0,0,0,0,0,0
Timor Leste,2018-12-01,0,0,0,0,0,0,0,0,0,0,0,0,0,0,0,0,0,0,0,0
Timor Leste,2019-01-01,0,0,0,0,0,0,0,0,0,0,0,0,0,0,0,0,0,0,0,0
Timor Leste,2019-02-01,0,0,0,0,0,0,0,0,0,0,0,0,0,0,0,0,0,0,0,0
Timor Leste,2019-03-01,0,0,0,0,0,0,0,0,0,0,1,0,0,0,0,0,1,0,0,0
Timor Leste,2019-04-01,0,0,0,0,0,0,0,0,0,0,0,0,0,0,0,0,0,0,0,0
Timor Leste,2019-05-01,0,0,0,0,1,0,0,0,0,0,0,0,0,0,0,0,0,0,0,0
Timor Leste,2019-06-01,1,0,0,0,0,0,0,0,1,0,0,0,0,0,0,0,0,0,0,0
Timor Leste,2019-07-01,0,1,0,0,0,0,0,0,0,1,0,0,0,0,0,0,0,0,0,0
Timor Leste,2019-08-01,0,0,0,0,0,0,0,0,0,0,0,0,0,0,0,0,0,0,0,0
Timor Leste,2019-09-01,0,0,0,0,0,0,0,0,0,0,0,0,0,0,0,0,0,0,0,0
Timor Leste,2019-10-01,0,0,0,0,0,0,0,0,0,0,0,0,0,0,0,0,0,0,0,0
Timor Leste,2019-11-01,0,0,0,0,0,0,0,0,0,0,0,0,0,0,0,0,0,0,0,0
Timor Leste,2019-12-01,0,0,0,0,1,0,1,0,0,0,0,0,0,0,0,0,0,0,0,0
Timor Leste,2020-01-01,0,0,0,0,1,0,0,0,0,0,0,0,0,0,0,0,0,0,0,0
Timor Leste,2020-02-01,0,0,0,0,0,0,0,0,0,0,0,0,0,0,0,0,0,0,0,0
Timor Leste,2020-03-01,0,0,0,0,0,0,0,0,0,0,0,0,0,0,0,0,0,0,0,0
Timor Leste,2020-04-01,0,0,0,0,0,0,0,0,0,0,0,0,0,0,0,1,0,0,0,0
Timor Leste,2020-05-01,0,0,0,0,0,0,0,0,0,0,0,0,0,0,0,0,0,0,0,0
Timor Leste,2020-06-01,0,0,0,0,0,0,0,0,0,0,0,0,0,0,0,0,0,0,0,0
Timor Leste,2020-07-01,0,0,0,0,0,0,0,0,0,0,0,0,1,0,0,0,0,0,0,0
Timor Leste,2020-08-01,0,0,0,0,0,0,0,0,0,0,0,0,0,0,0,0,0,0,0,0
Timor Leste,2020-09-01,0,0,0,0,0,0,0,0,0,0,0,0,0,0,0,0,0,0,0,0
Timor Leste,2020-10-01,0,0,0,1,0,0,0,0,0,1,0,1,0,0,0,0,0,0,0,0
Timor Leste,2020-11-01,0,0,1,0,0,0,0,0,0,0,0,0,0,0,0,0,0,0,0,0
Timor Leste,2020-12-01,0,0,1,0,0,0,0,0,1,0,0,0,0,0,0,0,0,0,0,0
Timor Leste,2021-01-01,0,1,0,0,0,0,0,0,0,0,0,0,0,0,0,0,0,0,0,0
Timor Leste,2021-02-01,0,0,0,0,0,0,0,0,0,0,0,0,0,0,0,0,1,0,0,0
Timor Leste,2021-03-01,0,0,0,0,0,0,0,0,0,0,0,0,0,0,0,0,0,0,0,0
Timor Leste,2021-04-01,1,0,0,0,0,0,0,0,1,0,0,0,0,0,0,0,0,0,0,0
Timor Leste,2021-05-01,0,0,0,0,0,0,0,1,0,0,0,0,0,0,0,0,0,0,0,0
Timor Leste,2021-06-01,0,0,0,0,0,0,0,0,0,1,0,0,0,0,0,0,0,0,0,0
Timor Leste,2021-07-01,0,0,0,0,0,0,0,1,0,0,0,0,0,0,0,1,0,0,0,0
Timor Leste,2021-08-01,0,0,0,0,0,0,0,0,0,0,0,0,0,0,0,0,0,0,0,0
Timor Leste,2021-09-01,0,0,0,0,0,0,1,0,0,0,0,0,0,0,0,0,0,0,0,0
Timor Leste,2021-10-01,0,0,0,0,0,0,1,0,0,0,0,0,0,0,0,0,0,0,0,0
Timor Leste,2021-11-01,0,0,0,0,0,0,0,0,0,0,0,1,0,0,0,0,0,0,0,0
Timor Leste,2021-12-01,0,0,0,0,0,0,0,0,0,0,0,1,0,0,0,0,0,0,0,0
Timor Leste,2022-01-01,0,0,1,0,1,0,0,0,1,0,0,0,0,0,0,0,1,0,0,0
Timor Leste,2022-02-01,0,0,0,0,0,0,0,0,0,0,0,0,0,0,0,0,0,0,0,0
Timor Leste,2022-03-01,0,0,0,0,0,0,0,0,0,0,0,0,0,0,0,0,0,0,0,0
Timor Leste,2022-04-01,0,0,0,0,0,0,0,1,0,0,0,0,0,0,0,1,0,0,0,0
Timor Leste,2022-05-01,0,0,0,0,0,0,0,0,0,0,0,0,0,0,0,0,0,0,0,0
Timor Leste,2022-06-01,0,0,1,0,0,0,0,0,0,0,1,0,0,1,0,0,0,0,0,0
Timor Leste,2022-07-01,0,0,0,0,0,0,0,0,0,0,0,0,0,0,0,0,0,0,0,0
Timor Leste,2022-08-01,0,1,0,0,0,0,0,0,0,0,0,0,0,1,0,0,0,0,0,0
Timor Leste,2022-09-01,0,0,0,0,0,0,0,0,0,1,0,0,0,0,0,0,0,0,0,0
Timor Leste,2022-10-01,0,0,0,0,0,0,0,0,0,0,0,0,0,0,0,0,0,0,0,1
Timor Leste,2022-11-01,0,0,0,0,0,0,0,0,0,0,0,0,0,0,0,0,0,0,0,0
Timor Leste,2022-12-01,0,0,0,0,0,0,0,0,0,0,0,0,0,0,0,0,0,0,0,0
Timor Leste,2023-01-01,1,0,0,0,0,0,0,0,0,0,0,0,0,0,0,0,0,0,0,0
Timor Leste,2023-02-01,0,0,0,1,0,0,0,0,0,0,0,0,0,0,1,0,0,0,0,0
Timor Leste,2023-03-01,0,0,0,0,0,0,1,0,1,1,0,0,0,0,0,0,1,0,0,0
Timor Leste,2023-04-01,0,1,0,0,0,0,0,0,1,0,0,0,0,0,0,1,1,0,0,0
Timor Leste,2023-05-01,0,0,0,0,0,1,0,0,0,0,0,0,0,0,0,1,0,0,0,0
Timor Leste,2023-06-01,0,0,0,0,0,0,1,0,0,0,1,0,0,0,0,0,1,0,0,0
Timor Leste,2023-07-01,1,0,0,0,0,0,0,1,0,0,0,0,0,0,0,0,0,0,0,0
Timor Leste,2023-08-01,0,0,0,0,0,0,0,0,0,0,0,0,0,0,0,0,0,0,0,0
Timor Leste,2023-09-01,0,0,0,0,0,0,0,0,1,0,1,0,0,0,0,0,0,0,0,0
Timor Leste,2023-10-01,0,0,0,0,0,0,0,0,0,0,0,0,0,0,0,0,0,0,0,0
Timor Leste,2023-11-01,0,0,0,0,0,0,0,0,0,0,0,1,0,0,0,0,0,0,0,0
Timor Leste,2023-12-01,0,0,0,0,0,0,0,0,0,0,0,0,0,0,0,0,0,0,0,0
Timor Leste,2024-01-01,0,0,0,0,0,0,0,1,0,1,0,0,0,0,0,0,0,0,0,0
Timor Leste,2024-02-01,0,0,0,1,0,0,0,0,0,0,0,0,1,0,0,0,0,0,0,0
Timor Leste,2024-03-01,0,0,0,0,0,0,0,0,0,0,0,0,0,0,0,0,1,0,0,0
Timor Leste,2024-04-01,0,0,0,0,0,0,0,0,0,0,0,0,0,0,0,0,0,0,0,0
Timor Leste,2024-05-01,0,0,0,0,0,0,0,0,0,0,0,1,0,0,0,0,0,0,0,0
Timor Leste,2024-06-01,0,0,0,0,0,0,0,0,0,0,0,0,0,0,1,0,0,0,0,0
Timor Leste,2024-07-01,0,0,0,1,0,0,0,0,0,0,0,0,0,0,0,0,1,0,0,0
Timor Leste,2024-08-01,0,0,1,0,0,0,0,0,0,0,1,1,0,0,0,1,0,0,0,0
Timor Leste,2024-09-01,0,0,0,0,0,0,0,0,0,0,0,0,0,0,0,0,0,0,0,0
Timor Leste,2024-10-01,0,1,1,0,1,0,0,0,0,0,0,0,0,0,0,0,0,0,0,0
Timor Leste,2024-11-01,0,0,0,0,0,0,0,0,1,0,0,0,0,0,0,0,0,0,0,0
Timor Leste,2024-12-01,1,1,0,0,0,0,0,0,0,0,0,0,0,0,0,0,0,0,0,0
Timor Leste,2025-01-01,0,0,0,0,0,0,0,0,0,0,0,0,0,0,0,0,0,0,0,0
Timor Leste,2025-02-01,0,0,0,0,0,0,0,0,0,0,0,0,0,0,1,0,0,0,0,0
Timor Leste,2025-03-01,0,0,0,0,1,0,0,0,0,0,0,0,0,0,0,0,0,0,0,0
Timor Leste,2025-04-01,0,0,0,0,0,0,0,0,0,0,0,0,0,0,0,0,0,0,0,0
Timor Leste,2025-05-01,0,1,0,0,0,0,0,0,1,0,1,0,0,0,0,0,0,0,0,0
Timor Leste,2025-06-01,0,0,1,0,1,0,1,0,0,0,0,0,0,0,0,0,0,0,0,0
Timor Leste,2025-07-01,0,0,0,0,1,0,0,0,0,0,0,0,0,0,0,0,0,0,0,0
Timor Leste,2025-08-01,0,0,0,0,0,0,0,0,0,0,0,0,0,0,0,0,0,0,0,0
Timor Leste,2025-09-01,0,0,0,0,1,0,0,1,0,0,0,1,0,0,0,0,0,0,0,0
Timor Leste,2025-10-01,0,0,0,0,0,0,0,0,0,0,0,0,0,0,0,0,0,0,0,0
Timor Leste,2025-11-01,0,0,0,0,0,0,0,0,0,0,0,0,0,0,0,0,0,0,0,0
Timor Leste,2025-12-01,0,0,0,0,0,0,0,0,0,0,0,0,0,0,0,0,0,0,0,0
Timor Leste,2026-01-01,0,0,0,0,0,0,0,0,0,0,0,0,0,0,0,0,0,0,0,0
Algeria,2012-01-01,0,0,0,0,0,0,0,0,0,0,0,0,0,0,0,0,0,0,0,0
Algeria,2012-02-01,1,0,0,0,1,1,1,1,1,0,0,0,0,0,0,0,0,0,0,1
Algeria,2012-03-01,0,1,0,0,0,0,0,1,0,0,0,0,0,0,0,0,0,0,0,0
Algeria,2012-04-01,0,0,0,0,0,0,0,1,0,0,0,1,0,0,0,0,0,0,0,0
Algeria,2012-05-01,0,0,0,0,0,0,0,0,0,0,0,0,0,0,0,1,0,0,0,1
Algeria,2012-06-01,0,0,1,0,1,0,0,0,1,0,0,0,0,0,0,1,1,0,1,0
Algeria,2012-07-01,0,0,0,0,0,0,0,1,0,0,0,0,0,0,0,0,0,0,1,0
Algeria,2012-08-01,1,0,0,0,0,0,1,0,0,0,0,1,0,0,1,0,0,0,0,0
Algeria,2012-09-01,0,0,0,0,0,0,0,0,0,0,1,0,0,0,0,0,0,0,0,0
Algeria,2012-10-01,0,1,0,0,0,0,0,0,0,0,0,0,0,0,0,0,0,0,0,0
Algeria,2012-11-01,0,0,1,0,0,0,0,0,0,0,0,0,0,0,0,0,0,0,0,0
Algeria,2012-12-01,0,0,0,0,0,0,0,0,0,0,0,0,0,0,1,0,0,0,0,0
Algeria,2013-01-01,0,0,0,1,0,0,0,0,0,0,0,0,0,0,0,0,0,0,0,0
Algeria,2013-02-01,0,0,0,0,0,0,0,0,0,0,0,0,0,0,0,0,0,0,0,0
Algeria,2013-03-01,0,0,0,0,0,0,0,0,0,0,0,0,0,0,1,0,0,0,0,0
Algeria,2013-04-01,0,0,0,0,0,0,0,0,0,0,0,0,0,0,0,0,0,0,1,0
Algeria,2013-05-01,0,0,0,0,0,0,0,1,0,1,0,0,0,0,0,0,0,0,0,0
Algeria,2013-06-01,0,0,0,0,0,0,0,0,0,0,0,0,0,0,0,0,0,0,0,0
Algeria,2013-07-01,1,0,0,0,0,0,0,0,0,0,0,0,1,0,0,0,1,0,1,0
Algeria,2013-08-01,0,0,1,0,0,0,1,1,0,1,0,0,0,0,0,0,0,0,0,0
Algeria,2013-09-01,0,0,0,0,0,0,0,0,0,0,0,0,0,0,0,0,0,0,0,0
Algeria,2013-10-01,0,0,0,0,0,0,0,0,0,0,0,0,0,0,0,0,0,0,0,0
Algeria,2013-11-01,0,0,0,0,0,0,0,0,0,0,0,0,0,0,0,0,0,0,0,0
Algeria,2013-12-01,0,0,0,0,0,0,0,0,0,0,0,0,0,0,0,0,0,0,0,0
Algeria,2014-01-01,0,0,0,0,0,0,0,0,0,0,0,0,0,0,0,0,0,0,0,0
Algeria,2014-02-01,0,0,0,0,0,0,0,0,0,0,0,0,0,0,0,0,0,0,0,0
Algeria,2014-03-01,0,0,0,0,0,0,0,0,0,0,0,0,0,0,0,0,0,0,0,0
Algeria,2014-04-01,0,0,0,0,0,0,0,0,0,0,0,0,0,0,0,0,0,0,0,0
Algeria,2014-05-01,0,0,0,0,0,0,0,0,0,0,0,0,0,0,0,0,1,0,0,0
Algeria,2014-06-01,0,0,0,0,0,0,0,1,0,0,0,0,0,0,0,0,0,0,0,0
Algeria,2014-07-01,0,0,0,0,0,0,0,0,0,0,0,0,0,0,1,0,0,0,0,0
Algeria,2014-08-01,1,0,0,0,0,0,0,0,0,0,0,0,0,0,0,0,0,0,1,0
Algeria,2014-09-01,0,0,0,0,0,1,0,0,0,0,0,0,0,0,0,1,0,0,0,0
Algeria,2014-10-01,0,0,1,1,0,0,0,0,0,1,0,0,0,1,0,0,0,0,0,0
Algeria,2014-11-01,0,0,0,0,0,0,0,0,0,0,1,0,1,0,0,0,0,0,0,1
Algeria,2014-12-01,1,0,0,0,0,0,0,0,0,0,0,0,0,1,0,0,0,0,0,0
Algeria,2015-01-01,0,0,0,0,0,0,1,1,0,0,1,0,0,0,0,0,0,0,1,1
Algeria,2015-02-01,0,0,1,0,0,1,0,0,1,0,0,0,0,0,0,1,0,0,0,0
Algeria,2015-03-01,0,1,0,0,1,0,1,0,0,0,0,1,0,0,1,0,0,0,1,0
Algeria,2015-04-01,0,0,1,0,0,0,0,0,0,0,0,0,0,0,0,0,0,0,0,0
Algeria,2015-05-01,0,0,0,0,0,0,0,0,0,0,0,0,0,0,0,0,0,0,0,0
Algeria,2015-06-01,0,0,0,0,0,0,0,0,0,0,0,0,0,0,0,0,0,0,0,0
Algeria,2015-07-01,0,0,0,0,0,0,0,0,0,0,0,0,0,0,0,0,0,0,0,0
Algeria,2015-08-01,0,0,0,1,0,1,0,0,0,0,0,0,0,0,0,0,0,0,0,0
Algeria,2015-09-01,0,0,0,0,0,0,0,0,0,0,0,0,0,0,0,0,0,0,0,0
Algeria,2015-10-01,0,1,0,0,0,0,0,0,0,0,0,0,0,0,0,0,0,0,0,0
Algeria,2015-11-01,0,0,0,0,0,0,0,1,0,0,0,0,0,0,0,0,0,0,0,0
Algeria,2015-12-01,0,0,0,0,0,0,0,0,0,0,0,0,0,0,0,0,1,0,0,0
Algeria,2016-01-01,0,0,0,0,0,0,0,0,0,0,0,0,0,0,0,1,0,0,0,0
Algeria,2016-02-01,0,0,0,0,0,0,0,0,0,0,0,0,1,1,0,0,0,1,0,0
Algeria,2016-03-01,0,0,0,0,0,0,0,0,0,0,0,0,0,0,0,0,0,0,0,1
Algeria,2016-04-01,0,0,0,0,1,0,0,0,0,0,0,0,0,0,0,0,0,0,0,0
Algeria,2016-05-01,0,0,0,0,1,0,0,0,0,0,0,0,0,0,0,0,0,0,0,0
Algeria,2016-06-01,0,0,1,0,0,0,0,0,0,0,0,1,0,0,0,0,0,0,0,1
Algeria,2016-07-01,0,0,0,0,0,0,0,0,0,0,0,0,0,0,0,0,0,0,0,0
Algeria,2016-08-01,0,0,0,0,0,0,0,1,0,0,0,0,1,1,0,0,0,0,0,1
Algeria,2016-09-01,0,0,0,0,0,0,0,0,0,0,0,0,0,0,0,0,0,1,0,0
Algeria,2016-10-01,0,0,0,0,0,0,0,0,0,0,0,0,0,0,0,1,0,0,0,0
Algeria,2016-11-01,0,1,0,0,0,0,0,0,0,0,0,0,0,0,0,0,0,0,0,0
Algeria,2016-12-01,0,0,0,0,0,0,0,0,0,0,0,0,0,0,0,0,0,0,0,0
Algeria,2017-01-01,0,0,0,0,0,0,0,0,1,0,0,0,0,0,0,0,0,0,0,0
Algeria,2017-02-01,0,0,0,1,0,0,0,0,0,0,0,0,1,0,0,0,0,0,0,0
Algeria,2017-03-01,0,0,0,0,0,0,0,0,0,0,0,0,0,0,0,0,0,0,0,0
Algeria,2017-04-01,0,0,0,0,0,0,0,0,0,0,0,0,0,0,0,0,0,0,0,1
Algeria,2017-05-01,0,0,0,0,0,0,0,0,0,0,0,0,0,0,0,0,0,0,1,0
Algeria,2017-06-01,0,0,0,0,0,0,0,0,0,0,0,0,1,0,0,0,1,0,0,0
Algeria,2017-07-01,0,0,0,0,0,0,1,0,0,1,0,1,0,1,1,1,0,0,0,0
Algeria,2017-08-01,1,0,1,0,0,1,1,0,0,0,0,0,0,0,0,0,0,0,0,0
Algeria,2017-09-01,0,0,0,0,0,0,0,0,0,0,0,0,0,0,0,0,0,0,0,0
Algeria,2017-10-01,0,0,0,0,0,0,0,0,0,0,0,0,0,0,0,0,0,1,0,0
Algeria,2017-11-01,0,0,0,0,0,0,0,0,0,0,1,0,0,0,1,0,0,1,0,0
Algeria,2017-12-01,0,0,0,0,0,0,0,0,0,0,0,0,0,0,0,0,0,0,0,0
Algeria,2018-01-01,0,0,0,0,0,0,0,0,0,0,0,0,0,0,1,0,0,0,0,0
Algeria,2018-02-01,0,1,0,0,0,0,0,0,0,0,0,0,0,0,0,0,0,0,1,0
Algeria,2018-03-01,0,0,0,0,0,0,0,0,0,0,0,0,0,0,0,0,0,0,0,0
Algeria,2018-04-01,0,0,0,1,0,0,0,0,0,1,0,0,0,0,0,0,0,0,0,0
Algeria,2018-05-01,0,0,0,0,0,0,0,0,0,0,0,0,0,0,0,0,0,0,0,0
Algeria,2018-06-01,0,0,0,0,0,0,0,1,0,0,0,0,0,1,0,1,0,1,0,0
Algeria,2018-07-01,0,0,0,0,0,0,0,0,0,0,1,1,0,0,0,0,1,0,0,0
Algeria,2018-08-01,1,0,0,0,0,0,0,0,0,0,0,0,0,0,0,0,0,0,0,0
Algeria,2018-09-01,0,0,0,0,0,0,0,0,1,0,0,0,0,1,0,0,0,0,0,0
Algeria,2018-10-01,0,0,0,1,0,0,0,0,0,0,0,0,0,0,0,1,0,0,0,0
Algeria,2018-11-01,0,0,0,0,0,0,0,0,0,0,0,0,0,0,0,0,0,0,0,0
Algeria,2018-12-01,0,0,0,0,0,0,0,0,0,0,0,0,0,0,0,0,0,0,0,0
Algeria,2019-01-01,0,0,0,0,0,0,0,0,0,0,0,0,0,0,0,0,0,1,0,0
Algeria,2019-02-01,0,1,0,0,0,0,0,0,0,0,0,0,0,0,1,0,0,0,0,0
Algeria,2019-03-01,0,0,0,0,0,0,0,0,0,0,0,0,0,0,0,0,0,0,0,0
Algeria,2019-04-01,0,0,0,0,0,0,0,0,0,0,0,0,1,0,0,0,0,0,0,0
Algeria,2019-05-01,0,0,0,0,0,0,0,0,0,0,0,0,0,0,0,0,0,0,0,0
Algeria,2019-06-01,0,0,1,0,0,0,0,0,0,1,1,0,0,0,0,1,0,0,0,0
Algeria,2019-07-01,0,0,0,0,0,0,0,0,0,0,0,1,0,0,0,0,0,0,0,1
Algeria,2019-08-01,0,0,0,0,0,0,1,0,0,1,0,0,0,1,0,0,0,0,1,0
Algeria,2019-09-01,0,1,0,0,0,0,0,0,0,0,0,0,0,0,1,0,0,0,0,0
Algeria,2019-10-01,0,0,1,0,1,0,0,0,0,0,0,0,0,0,0,0,1,0,0,0
Algeria,2019-11-01,0,0,0,0,0,0,0,1,0,0,0,0,0,0,0,1,0,0,0,0
Algeria,2019-12-01,0,0,0,0,0,0,0,0,0,0,0,0,0,0,0,0,0,0,0,0
Algeria,2020-01-01,0,0,0,0,0,0,0,0,0,1,0,0,0,0,0,0,1,0,0,0
Algeria,2020-02-01,0,0,0,0,0,0,0,0,0,0,0,0,0,0,0,0,0,1,0,0
Algeria,2020-03-01,0,0,0,1,0,0,0,0,0,0,0,0,0,0,0,0,0,0,0,0
Algeria,2020-04-01,0,0,0,0,0,0,0,0,0,0,0,0,0,0,0,0,0,0,0,0
Algeria,2020-05-01,0,0,0,0,0,0,0,0,0,0,0,0,0,0,0,0,0,0,0,0
Algeria,2020-06-01,0,0,1,1,0,0,0,0,0,0,0,0,0,0,0,0,0,0,0,0
Algeria,2020-07-01,0,0,0,0,0,0,0,0,0,0,0,0,1,0,0,0,0,0,0,0
Algeria,2020-08-01,0,0,0,0,0,0,0,0,0,0,0,1,1,0,0,0,0,0,0,0
Algeria,2020-09-01,0,0,0,0,0,0,0,0,0,0,0,0,0,0,0,0,0,0,0,0
Algeria,2020-10-01,0,0,0,0,0,0,0,0,0,0,0,0,0,0,0,0,0,0,0,0
Algeria,2020-11-01,0,0,0,0,0,1,0,0,0,0,0,0,0,0,0,0,0,0,0,1
Algeria,2020-12-01,0,0,0,0,0,0,0,0,0,0,0,0,0,0,0,0,0,0,0,0
Algeria,2021-01-01,0,1,1,0,0,0,0,0,0,0,0,0,0,0,0,0,0,0,0,0
Algeria,2021-02-01,0,0,0,0,1,0,0,0,0,0,0,0,0,0,0,0,0,0,0,0
Algeria,2021-03-01,0,0,0,0,1,0,0,0,0,0,0,0,0,0,0,0,0,0,1,0
Algeria,2021-04-01,0,0,0,0,0,0,0,0,0,0,0,0,0,0,0,0,1,0,0,0
Algeria,2021-05-01,0,0,0,0,0,0,0,0,0,0,0,0,0,0,0,0,0,0,0,0
Algeria,2021-06-01,0,0,0,0,0,0,0,0,0,0,0,0,0,1,0,0,0,0,0,0
Algeria,2021-07-01,0,0,0,0,0,0,0,0,0,0,0,0,0,0,0,0,0,1,0,0
Algeria,2021-08-01,1,0,0,1,0,0,1,0,1,0,1,0,0,1,0,0,0,0,0,0
Algeria,2021-09-01,0,0,0,0,0,1,0,0,0,0,0,0,0,0,0,0,0,0,0,0
Algeria,2021-10-01,0,0,0,0,0,0,0,0,0,0,0,0,0,0,0,0,0,0,0,0
Algeria,2021-11-01,0,0,0,0,0,0,0,0,0,0,0,0,0,0,0,0,0,0,0,0
Algeria,2021-12-01,0,0,0,0,0,0,0,0,0,0,0,0,1,0,0,0,0,0,0,0
Algeria,2022-01-01,0,0,0,0,0,0,0,0,0,0,0,0,0,0,0,0,0,0,0,0
Algeria,2022-02-01,0,0,0,0,0,0,0,0,0,0,0,0,0,0,0,0,0,0,0,0
Algeria,2022-03-01,0,0,0,0,0,0,0,0,0,1,0,0,0,0,0,0,0,0,0,0
Algeria,2022-04-01,0,0,0,0,0,0,0,0,0,0,0,0,0,0,0,0,0,0,1,0
Algeria,2022-05-01,0,0,0,0,0,0,0,1,0,0,0,0,1,0,0,1,0,0,0,0
Algeria,2022-06-01,0,0,0,0,0,1,0,0,0,0,0,0,0,0,0,0,0,0,0,1
Algeria,2022-07-01,0,0,0,0,0,0,0,0,0,0,0,0,0,0,0,0,0,0,0,0
Algeria,2022-08-01,1,0,0,0,0,0,1,0,0,0,0,0,0,0,0,0,0,0,1,0
Algeria,2022-09-01,0,0,0,0,0,0,0,0,0,0,0,0,0,0,0,0,0,0,0,0
Algeria,2022-10-01,0,0,0,0,1,0,0,0,0,0,0,0,0,0,0,1,1,0,0,0
Algeria,2022-11-01,0,0,0,0,0,0,0,0,0,0,0,0,0,0,0,0,0,0,0,0
Algeria,2022-12-01,0,0,0,0,0,0,0,0,0,0,0,0,0,1,0,0,1,0,0,0
Algeria,2023-01-01,0,0,0,0,0,0,0,0,0,0,0,0,0,0,0,0,0,0,0,0
Algeria,2023-02-01,0,0,0,0,0,0,0,0,1,0,0,0,0,0,0,0,0,0,0,0
Algeria,2023-03-01,0,0,0,0,0,0,0,0,0,0,0,0,0,0,0,0,0,0,0,0
Algeria,2023-04-01,0,0,0,0,0,0,0,0,0,0,0,0,0,0,0,0,0,0,0,0
Algeria,2023-05-01,0,0,0,0,0,0,0,0,0,0,1,0,0,0,0,0,0,0,0,0
Algeria,2023-06-01,0,0,0,0,0,0,0,1,0,0,0,0,0,0,1,0,0,1,0,0
Algeria,2023-07-01,1,0,1,0,0,1,1,1,0,0,1,1,0,0,0,0,0,0,0,0
Algeria,2023-08-01,0,0,0,1,0,0,0,0,0,0,1,1,0,0,0,0,0,0,0,0
Algeria,2023-09-01,1,0,0,0,0,0,0,0,0,0,0,0,0,0,0,0,0,0,0,0
Algeria,2023-10-01,0,1,0,0,1,0,0,0,0,0,0,0,0,0,0,0,0,0,0,0
Algeria,2023-11-01,0,0,0,0,0,0,0,1,0,0,0,0,0,0,1,0,0,0,0,0
Algeria,2023-12-01,0,0,0,0,0,0,0,0,0,0,0,0,0,0,0,0,0,0,0,0
Algeria,2024-01-01,0,0,0,0,0,0,0,0,0,0,0,0,0,0,0,0,0,0,0,0
Algeria,2024-02-01,0,0,0,0,0,0,0,0,0,1,0,0,0,0,0,0,0,0,0,0
Algeria,2024-03-01,0,0,0,0,0,0,0,0,0,0,0,0,0,0,0,0,0,0,0,0
Algeria,2024-04-01,0,0,0,0,0,0,0,0,0,0,0,0,0,0,0,0,0,0,0,0
Algeria,2024-05-01,0,0,0,0,0,0,0,0,0,1,0,0,0,0,0,0,0,0,0,0
Algeria,2024-06-01,0,0,0,1,0,0,0,0,0,0,0,1,0,0,0,0,0,0,1,0
Algeria,2024-07-01,0,1,0,0,0,0,0,0,1,0,0,0,0,0,0,0,1,0,0,0
Algeria,2024-08-01,0,0,0,0,0,0,0,0,0,0,0,0,0,0,0,0,0,0,0,0
Algeria,2024-09-01,1,0,0,0,0,0,0,0,0,0,0,0,0,0,0,0,0,0,0,0
Algeria,2024-10-01,0,0,0,0,0,0,0,0,0,0,0,0,0,0,0,1,0,0,0,0
Algeria,2024-11-01,0,0,0,0,0,0,0,0,0,0,0,0,0,0,0,0,0,0,0,0
Algeria,2024-12-01,0,0,1,0,1,0,0,1,0,0,0,0,0,0,1,0,0,0,0,0
Algeria,2025-01-01,0,1,0,0,0,0,0,0,0,0,0,0,1,0,0,0,0,0,0,0
Algeria,2025-02-01,0,0,0,0,0,0,0,0,0,0,0,0,0,0,1,0,0,0,0,1
Algeria,2025-03-01,0,0,1,0,0,0,0,0,0,0,0,0,0,0,0,0,1,0,0,0
Algeria,2025-04-01,0,0,0,1,0,1,0,0,0,0,0,0,0,0,0,0,0,0,0,0
Algeria,2025-05-01,0,0,1,0,1,0,0,1,0,0,0,0,0,0,0,0,0,0,0,0
Algeria,2025-06-01,0,0,0,1,1,0,0,0,0,0,1,0,1,0,0,0,1,0,0,0
Algeria,2025-07-01,0,0,1,0,0,0,0,0,0,0,0,0,0,0,0,0,0,0,0,0
Algeria,2025-08-01,1,0,0,0,0,0,1,0,0,0,1,1,0,1,0,0,0,0,0,0
Algeria,2025-09-01,0,0,0,0,0,0,0,1,0,1,0,0,0,0,0,0,0,0,0,0
Algeria,2025-10-01,0,0,0,0,1,0,0,0,1,0,0,0,0,0,0,1,0,0,0,0
Algeria,2025-11-01,0,0,0,0,0,0,0,0,0,0,0,1,0,0,0,0,0,0,0,0
Algeria,2025-12-01,0,0,0,0,0,0,0,0,0,0,0,0,0,0,0,0,0,0,0,0
Algeria,2026-01-01,0,0,0,0,0,0,0,0,0,0,0,0,0,0,0,0,0,0,0,0
Kyrgyzstan,2012-01-01,0,0,0,0,0,0,0,0,0,0,1,0,1,0,0,0,0,1,0,0
Kyrgyzstan,2012-02-01,1,0,1,0,1,0,1,0,0,1,1,0,1,0,0,1,0,1,0,0
Kyrgyzstan,2012-03-01,0,0,0,0,0,0,0,1,0,1,0,0,0,0,0,0,0,0,0,0
Kyrgyzstan,2012-04-01,0,0,0,1,0,0,1,0,0,1,0,0,0,0,0,0,0,0,0,0
Kyrgyzstan,2012-05-01,0,1,0,0,1,0,0,0,0,0,0,0,1,0,0,0,0,0,0,0
Kyrgyzstan,2012-06-01,0,0,0,0,0,0,0,0,1,0,0,0,0,0,1,0,0,0,0,0
Kyrgyzstan,2012-07-01,0,1,0,0,0,0,0,1,0,0,0,1,0,0,0,0,1,0,0,0
Kyrgyzstan,2012-08-01,0,0,0,0,0,0,0,0,0,0,0,0,0,0,0,1,0,0,1,0
Kyrgyzstan,2012-09-01,0,0,0,0,0,0,0,0,0,0,0,0,0,0,0,0,1,0,1,1
Kyrgyzstan,2012-10-01,0,0,0,0,0,0,0,0,0,0,0,0,0,1,0,0,0,0,0,0
Kyrgyzstan,2012-11-01,0,0,0,0,0,0,0,0,0,0,0,0,0,0,0,0,0,0,0,0
Kyrgyzstan,2012-12-01,0,0,0,0,0,0,0,0,0,0,1,0,0,0,0,0,0,0,0,0
Kyrgyzstan,2013-01-01,1,0,1,0,0,0,0,0,0,0,0,0,0,1,0,0,0,0,0,0
Kyrgyzstan,2013-02-01,0,0,0,0,0,0,0,0,0,0,0,0,0,0,0,0,0,0,0,0
Kyrgyzstan,2013-03-01,0,0,0,0,0,0,0,0,0,0,0,0,0,0,0,0,0,0,0,0
Kyrgyzstan,2013-04-01,0,0,0,0,0,0,0,0,0,0,0,0,1,0,0,0,0,0,0,0
Kyrgyzstan,2013-05-01,0,0,0,0,0,0,0,0,0,0,0,0,0,0,0,0,0,0,0,0
Kyrgyzstan,2013-06-01,0,0,0,0,0,0,0,0,0,0,0,0,0,0,0,0,1,0,0,0
Kyrgyzstan,2013-07-01,0,0,0,0,0,0,1,0,0,0,0,0,0,0,0,0,0,0,0,0
Kyrgyzstan,2013-08-01,0,0,0,0,0,0,1,0,0,0,1,1,0,0,0,0,0,0,0,0
Kyrgyzstan,2013-09-01,0,1,0,0,1,0,0,0,1,0,0,0,0,0,0,0,0,0,0,0
Kyrgyzstan,2013-10-01,0,0,0,0,0,0,0,0,0,0,0,0,0,0,0,1,0,0,0,1
Kyrgyzstan,2013-11-01,0,0,0,0,0,0,0,0,0,0,0,0,0,0,0,0,0,0,0,0
Kyrgyzstan,2013-12-01,0,0,0,0,0,0,0,0,0,0,0,0,0,1,0,0,0,0,0,0
Kyrgyzstan,2014-01-01,0,0,0,0,0,0,0,0,0,1,0,0,0,0,0,0,0,0,0,0
Kyrgyzstan,2014-02-01,0,0,0,0,0,0,0,0,0,0,0,0,0,0,0,0,1,0,0,0
Kyrgyzstan,2014-03-01,0,0,0,0,0,0,0,0,0,0,0,0,1,0,0,0,0,0,0,0
Kyrgyzstan,2014-04-01,0,0,0,0,0,0,0,0,0,0,0,0,0,0,0,0,0,0,0,0
Kyrgyzstan,2014-05-01,0,0,0,0,0,0,0,0,0,0,0,0,0,0,0,0,0,0,0,0
Kyrgyzstan,2014-06-01,0,0,0,0,0,0,0,0,0,0,0,0,0,0,0,1,0,0,0,0
Kyrgyzstan,2014-07-01,0,0,0,0,0,0,0,0,0,0,0,1,0,0,0,0,0,0,0,1
Kyrgyzstan,2014-08-01,0,0,0,0,0,0,0,0,0,0,0,0,0,0,0,0,0,0,0,0
Kyrgyzstan,2014-09-01,0,0,0,0,0,0,1,0,0,0,1,0,0,0,0,0,0,0,0,0
Kyrgyzstan,2014-10-01,0,0,0,0,0,0,0,0,0,0,0,0,0,0,0,0,0,0,0,0
Kyrgyzstan,2014-11-01,1,0,0,0,0,1,0,0,0,0,0,0,0,0,1,0,0,0,0,1
Kyrgyzstan,2014-12-01,0,0,0,0,0,0,0,0,0,0,0,0,0,0,0,0,0,0,0,0
Kyrgyzstan,2015-01-01,0,0,0,0,0,0,0,0,0,0,0,0,0,1,1,0,0,0,0,0
Kyrgyzstan,2015-02-01,0,0,0,0,0,0,0,0,0,0,0,0,0,0,0,0,0,0,0,1
Kyrgyzstan,2015-03-01,0,0,0,0,0,0,0,0,0,0,0,0,0,0,0,0,1,0,1,0
Kyrgyzstan,2015-04-01,0,0,0,0,0,0,0,0,0,0,0,0,0,0,0,0,0,0,0,0
Kyrgyzstan,2015-05-01,0,0,0,0,0,0,0,1,0,0,0,0,0,0,0,0,0,0,0,0
Kyrgyzstan,2015-06-01,0,0,0,1,0,0,0,0,0,0,0,0,0,0,0,1,0,0,0,1
Kyrgyzstan,2015-07-01,0,0,0,0,0,0,0,0,0,0,1,1,0,0,0,0,1,0,0,0
Kyrgyzstan,2015-08-01,0,0,0,1,0,0,0,0,0,0,0,0,0,0,0,0,0,0,1,0
Kyrgyzstan,2015-09-01,0,0,0,0,0,0,0,0,0,0,0,0,0,0,0,0,0,0,0,0
Kyrgyzstan,2015-10-01,0,0,0,0,0,0,0,0,0,0,0,0,0,0,0,0,0,0,0,0
Kyrgyzstan,2015-11-01,1,0,0,0,0,0,0,0,1,0,0,0,0,0,0,0,0,0,0,0
Kyrgyzstan,2015-12-01,0,0,0,0,0,0,0,0,1,0,0,0,0,0,0,0,0,0,0,0
Kyrgyzstan,2016-01-01,0,0,0,0,0,0,0,0,0,0,0,0,0,0,0,0,0,0,0,0
Kyrgyzstan,2016-02-01,0,0,0,0,0,1,0,0,0,0,0,0,0,0,0,0,0,0,0,0
Kyrgyzstan,2016-03-01,0,0,0,0,0,0,0,0,0,0,0,0,0,0,0,0,0,0,0,0
Kyrgyzstan,2016-04-01,0,1,0,0,0,0,0,0,0,0,0,0,0,0,0,0,0,0,0,0
Kyrgyzstan,2016-05-01,0,0,0,0,0,0,0,0,0,1,0,0,0,0,0,0,0,0,0,0
Kyrgyzstan,2016-06-01,0,0,0,0,0,0,0,0,0,1,0,0,0,0,0,1,0,0,0,0
Kyrgyzstan,2016-07-01,0,0,0,1,0,0,0,0,0,0,0,0,1,0,0,0,0,0,0,1
Kyrgyzstan,2016-08-01,0,0,0,0,0,0,0,0,0,0,0,0,0,0,1,0,1,0,0,0
Kyrgyzstan,2016-09-01,0,0,0,0,0,0,0,0,0,0,0,0,0,0,0,0,0,0,0,0
Kyrgyzstan,2016-10-01,0,0,0,0,0,0,0,0,0,0,0,0,0,0,0,0,0,0,0,0
Kyrgyzstan,2016-11-01,0,0,0,0,0,0,0,0,0,0,0,0,0,0,0,0,0,0,0,0
Kyrgyzstan,2016-12-01,0,0,0,0,0,0,0,0,0,0,0,0,0,0,0,0,0,0,0,0
Kyrgyzstan,2017-01-01,0,0,0,0,0,0,0,0,0,0,0,0,0,0,0,0,0,0,0,0
Kyrgyzstan,2017-02-01,0,0,0,0,0,0,0,0,0,0,0,0,0,0,0,0,0,0,0,0
Kyrgyzstan,2017-03-01,0,0,0,0,0,0,0,0,0,0,0,0,0,0,0,0,0,0,0,0
Kyrgyzstan,2017-04-01,0,0,0,0,0,0,0,0,0,0,0,0,0,0,0,0,0,0,0,0
Kyrgyzstan,2017-05-01,1,0,0,0,0,0,0,1,1,0,1,0,0,0,0,0,0,0,0,0
Kyrgyzstan,2017-06-01,0,0,0,0,0,1,0,1,0,0,0,0,0,0,0,0,0,0,1,0
Kyrgyzstan,2017-07-01,0,0,0,0,0,0,0,0,0,0,0,1,0,0,0,0,0,0,0,0
Kyrgyzstan,2017-08-01,0,0,0,0,0,0,0,0,0,0,0,0,0,0,0,0,0,0,0,0
Kyrgyzstan,2017-09-01,0,0,0,0,0,0,0,0,0,0,0,0,0,0,0,0,1,0,0,0
Kyrgyzstan,2017-10-01,0,0,0,0,0,0,0,0,0,0,0,0,0,0,0,0,0,0,0,0
Kyrgyzstan,2017-11-01,0,0,0,0,0,0,0,0,0,0,0,0,0,1,1,0,0,0,0,1
Kyrgyzstan,2017-12-01,0,0,1,0,0,0,0,0,0,0,0,0,0,0,0,0,0,0,0,0
Kyrgyzstan,2018-01-01,0,0,1,1,0,0,0,0,0,1,1,0,0,0,0,0,0,0,1,1
Kyrgyzstan,2018-02-01,0,1,0,0,0,0,0,0,1,0,0,0,0,0,0,0,0,0,0,0
Kyrgyzstan,2018-03-01,0,0,0,0,0,0,0,0,0,0,0,0,0,0,0,1,0,0,0,0
Kyrgyzstan,2018-04-01,0,0,0,0,0,1,0,0,0,0,0,0,0,0,0,0,0,0,0,1
Kyrgyzstan,2018-05-01,0,0,0,0,0,0,0,0,0,0,0,0,1,0,0,0,0,0,0,0
Kyrgyzstan,2018-06-01,0,0,0,1,0,0,0,0,0,0,0,1,0,0,0,1,0,0,0,0
Kyrgyzstan,2018-07-01,0,0,0,0,0,0,0,0,0,0,0,0,0,0,0,0,0,0,0,0
Kyrgyzstan,2018-08-01,0,0,0,0,0,1,0,0,0,0,0,0,0,0,0,0,0,0,0,0
Kyrgyzstan,2018-09-01,0,0,0,0,0,0,0,0,0,0,0,0,0,0,0,0,0,0,0,0
Kyrgyzstan,2018-10-01,0,0,1,0,0,0,0,0,0,0,0,0,0,0,0,0,0,0,0,0
Kyrgyzstan,2018-11-01,0,0,0,0,0,0,0,1,0,0,0,0,0,0,0,0,1,0,0,0
Kyrgyzstan,2018-12-01,0,0,0,0,0,0,0,0,0,0,0,0,0,0,0,0,0,0,0,0
Kyrgyzstan,2019-01-01,0,0,0,0,0,0,0,1,0,0,0,0,1,0,0,0,0,0,0,0
Kyrgyzstan,2019-02-01,0,0,0,0,0,0,0,0,0,0,0,0,0,0,0,0,0,0,0,0
Kyrgyzstan,2019-03-01,0,0,0,0,0,0,1,0,0,0,0,0,0,0,0,0,0,0,0,0
Kyrgyzstan,2019-04-01,0,0,0,0,0,0,0,0,1,0,0,0,0,0,0,0,0,0,1,0
Kyrgyzstan,2019-05-01,0,0,0,0,0,0,0,0,1,1,0,0,0,0,0,0,0,0,0,0
Kyrgyzstan,2019-06-01,0,1,0,0,0,0,0,0,0,1,0,0,0,0,0,0,0,0,0,0
Kyrgyzstan,2019-07-01,0,0,0,0,0,0,0,0,0,0,0,1,1,1,0,0,0,0,0,0
Kyrgyzstan,2019-08-01,0,0,0,0,0,0,0,0,0,0,0,0,0,0,0,1,0,0,0,0
Kyrgyzstan,2019-09-01,0,0,0,0,0,0,0,0,0,0,0,0,0,0,0,0,0,0,0,0
Kyrgyzstan,2019-10-01,0,0,0,0,0,1,0,0,0,0,0,0,0,0,1,1,0,0,0,0
Kyrgyzstan,2019-11-01,0,0,1,1,1,0,0,0,0,0,0,0,0,0,0,0,0,0,0,0
Kyrgyzstan,2019-12-01,0,0,1,0,0,0,1,0,0,0,0,0,0,0,0,1,0,0,0,0
Kyrgyzstan,2020-01-01,0,0,1,0,0,0,1,0,0,0,0,0,0,0,0,0,0,0,0,1
Kyrgyzstan,2020-02-01,0,0,0,1,0,0,0,1,0,0,0,0,0,0,0,0,0,0,0,0
Kyrgyzstan,2020-03-01,0,0,0,0,0,0,0,0,0,0,0,0,0,0,0,0,0,0,0,0
Kyrgyzstan,2020-04-01,1,0,0,0,0,0,0,1,0,0,0,0,0,0,0,0,0,0,0,0
Kyrgyzstan,2020-05-01,1,0,0,0,0,0,0,0,0,0,0,0,0,0,0,0,0,0,0,0
Kyrgyzstan,2020-06-01,0,0,0,0,0,0,0,0,0,0,0,0,0,0,0,0,0,0,0,0
Kyrgyzstan,2020-07-01,0,0,0,0,0,0,0,0,0,0,0,0,0,0,0,0,0,0,0,0
Kyrgyzstan,2020-08-01,0,0,0,0,0,0,0,0,0,0,0,0,0,0,0,0,0,0,0,0
Kyrgyzstan,2020-09-01,0,0,0,0,0,0,0,0,0,0,0,0,0,0,0,1,0,0,0,0
Kyrgyzstan,2020-10-01,0,0,0,0,0,0,0,0,0,0,0,0,0,0,0,0,0,0,0,0
Kyrgyzstan,2020-11-01,0,0,0,0,0,1,0,0,0,0,0,0,0,0,0,0,0,0,0,0
Kyrgyzstan,2020-12-01,0,0,0,0,0,1,0,0,0,0,0,0,0,0,0,0,0,0,0,0
Kyrgyzstan,2021-01-01,0,0,0,0,0,0,1,0,0,0,0,0,0,0,0,0,0,0,0,0
Kyrgyzstan,2021-02-01,0,0,0,0,0,0,0,0,0,0,1,0,0,0,0,0,0,0,0,0
Kyrgyzstan,2021-03-01,0,0,0,0,0,0,0,0,0,0,0,0,0,0,0,0,0,0,1,0
Kyrgyzstan,2021-04-01,0,0,0,0,0,0,0,0,0,0,0,0,0,0,0,0,0,0,0,0
Kyrgyzstan,2021-05-01,0,0,0,0,0,0,0,1,0,1,0,0,0,0,1,0,0,0,0,0
Kyrgyzstan,2021-06-01,0,0,0,0,0,0,0,0,0,0,0,1,0,0,0,0,0,0,1,0
Kyrgyzstan,2021-07-01,0,0,0,0,0,0,0,0,0,0,0,0,0,0,0,0,0,0,0,0
Kyrgyzstan,2021-08-01,0,0,0,0,0,0,0,0,0,0,0,1,1,0,0,0,1,0,0,1
Kyrgyzstan,2021-09-01,0,0,0,0,0,0,0,0,0,0,0,1,0,0,0,0,0,0,0,0
Kyrgyzstan,2021-10-01,0,0,0,0,0,0,0,0,0,0,0,0,0,0,0,1,1,0,0,0
Kyrgyzstan,2021-11-01,0,1,1,0,1,0,0,0,0,0,0,0,0,0,0,0,0,0,0,1
Kyrgyzstan,2021-12-01,0,0,0,0,0,0,0,0,0,0,0,0,0,0,0,0,1,0,0,0
Kyrgyzstan,2022-01-01,0,0,0,0,0,0,0,1,0,0,0,0,0,0,0,0,0,0,0,0
Kyrgyzstan,2022-02-01,0,0,0,0,0,1,0,0,0,0,0,0,0,0,0,0,0,0,0,0
Kyrgyzstan,2022-03-01,0,0,0,0,0,0,0,0,0,0,0,0,0,0,0,0,0,0,0,0
Kyrgyzstan,2022-04-01,0,0,0,0,0,0,0,0,0,0,0,0,0,0,0,0,0,0,0,0
Kyrgyzstan,2022-05-01,0,0,0,0,0,0,0,0,0,0,0,0,0,0,0,0,0,0,0,0
Kyrgyzstan,2022-06-01,0,0,0,1,0,0,0,0,0,0,0,0,0,0,0,1,0,0,0,0
Kyrgyzstan,2022-07-01,0,0,0,1,0,0,0,0,0,0,0,0,0,0,1,0,0,0,1,0
Kyrgyzstan,2022-08-01,0,0,0,0,0,0,0,0,0,0,0,0,0,1,0,0,0,0,0,0
Kyrgyzstan,2022-09-01,0,0,0,0,0,0,0,0,0,0,0,0,0,0,0,0,0,0,0,0
Kyrgyzstan,2022-10-01,0,0,0,0,0,1,0,1,0,0,0,0,0,0,0,0,0,0,0,0
Kyrgyzstan,2022-11-01,0,0,0,0,0,0,0,0,0,0,0,0,0,0,0,0,0,0,0,0
Kyrgyzstan,2022-12-01,0,0,1,0,0,0,1,0,0,1,1,0,0,1,0,0,0,0,0,0
Kyrgyzstan,2023-01-01,0,0,0,0,0,0,0,0,0,0,0,0,0,0,0,0,0,0,0,0
Kyrgyzstan,2023-02-01,1,0,0,0,0,1,0,0,1,0,0,0,0,0,0,0,1,0,1,0
Kyrgyzstan,2023-03-01,0,0,0,0,0,0,0,0,0,0,0,0,0,0,0,0,0,0,0,0
Kyrgyzstan,2023-04-01,0,0,0,0,0,0,0,0,0,0,0,0,0,0,0,0,0,0,0,1
Kyrgyzstan,2023-05-01,0,1,0,0,0,0,0,0,0,0,0,0,0,0,0,0,0,0,0,0
Kyrgyzstan,2023-06-01,0,0,1,0,1,0,0,0,0,0,0,1,1,0,1,0,0,0,0,0
Kyrgyzstan,2023-07-01,0,0,0,0,0,0,0,0,0,0,0,0,0,0,0,0,0,0,0,0
Kyrgyzstan,2023-08-01,0,0,0,0,0,0,0,0,0,0,0,0,0,0,0,0,0,0,0,0
Kyrgyzstan,2023-09-01,0,0,0,0,0,0,0,0,0,0,1,0,0,1,0,0,0,0,0,0
Kyrgyzstan,2023-10-01,0,0,0,0,0,0,0,0,0,0,0,0,0,0,0,1,0,0,0,0
Kyrgyzstan,2023-11-01,0,0,0,0,1,0,0,0,0,0,0,0,0,0,0,0,0,0,0,1
Kyrgyzstan,2023-12-01,0,1,0,0,0,0,0,0,0,0,0,0,0,0,0,0,0,0,0,0
Kyrgyzstan,2024-01-01,1,0,0,0,0,0,0,0,0,0,0,0,0,0,0,0,0,0,0,0
Kyrgyzstan,2024-02-01,0,0,0,0,0,0,0,0,0,0,0,0,0,0,0,0,0,0,0,0
Kyrgyzstan,2024-03-01,0,0,0,0,0,0,0,0,0,0,0,0,0,0,0,0,0,0,0,0
Kyrgyzstan,2024-04-01,0,0,0,0,0,0,0,0,0,0,0,0,0,0,0,0,0,0,0,0
Kyrgyzstan,2024-05-01,0,0,0,0,0,0,0,0,0,0,0,0,0,0,0,0,0,0,0,0
Kyrgyzstan,2024-06-01,0,0,0,0,0,0,0,0,1,0,0,0,0,0,1,0,0,0,1,0
Kyrgyzstan,2024-07-01,0,0,0,0,0,0,0,1,0,0,0,0,0,0,0,0,1,0,0,0
Kyrgyzstan,2024-08-01,0,0,0,1,0,0,0,0,0,0,0,0,1,0,0,0,0,0,0,0
Kyrgyzstan,2024-09-01,0,0,1,0,0,0,0,0,0,0,0,0,0,0,0,0,0,0,0,0
Kyrgyzstan,2024-10-01,0,0,0,0,0,0,0,0,0,0,0,0,0,0,0,0,0,0,0,0
Kyrgyzstan,2024-11-01,0,0,0,0,1,0,0,0,0,0,1,0,0,0,0,1,0,0,0,0
Kyrgyzstan,2024-12-01,0,0,0,0,0,0,0,0,0,0,0,0,0,0,0,0,0,0,0,0
Kyrgyzstan,2025-01-01,0,0,0,0,0,1,0,0,0,1,0,0,0,0,0,0,1,0,0,0
Kyrgyzstan,2025-02-01,0,0,0,0,0,0,0,0,0,0,0,0,0,0,0,0,0,0,0,0
Kyrgyzstan,2025-03-01,1,0,0,0,0,0,0,0,0,0,0,1,0,0,0,0,0,0,0,0
Kyrgyzstan,2025-04-01,0,0,0,1,0,0,0,0,0,0,0,0,0,0,0,0,0,1,0,0
Kyrgyzstan,2025-05-01,0,0,0,0,0,0,0,0,0,0,0,0,0,1,0,0,0,0,1,0
Kyrgyzstan,2025-06-01,0,0,0,0,0,1,0,0,0,0,0,1,0,1,0,0,0,0,0,1
Kyrgyzstan,2025-07-01,0,0,0,0,0,0,0,1,0,0,0,1,1,0,0,0,0,0,0,0
Kyrgyzstan,2025-08-01,0,0,0,0,0,0,0,1,0,0,0,0,0,0,0,0,0,0,0,0
Kyrgyzstan,2025-09-01,0,0,0,0,0,0,0,1,0,0,0,0,1,1,0,0,0,0,0,1
Kyrgyzstan,2025-10-01,0,0,0,0,0,0,0,0,0,0,0,0,0,0,0,0,0,0,0,0
Kyrgyzstan,2025-11-01,0,0,0,0,0,0,0,0,0,0,0,0,0,0,0,0,0,0,0,0
Kyrgyzstan,2025-12-01,0,0,0,0,0,0,0,0,0,0,0,0,0,0,0,0,0,0,0,0
Kyrgyzstan,2026-01-01,0,0,0,0,0,0,0,0,0,0,0,0,0,0,0,0,0,0,0,0
Tunisia,2012-01-01,0,0,0,0,0,0,1,0,0,0,1,0,0,0,0,0,0,0,1,0
Tunisia,2012-02-01,0,0,0,0,0,0,0,0,0,0,0,0,0,0,0,0,0,0,0,0
Tunisia,2012-03-01,1,0,0,0,0,0,0,0,0,0,0,0,0,0,0,0,0,0,0,0
Tunisia,2012-04-01,0,0,0,0,1,0,0,0,1,1,1,0,0,0,0,0,0,0,0,0
Tunisia,2012-05-01,0,0,0,0,1,0,0,0,0,0,0,1,0,0,0,0,0,0,0,0
Tunisia,2012-06-01,0,0,0,0,0,0,0,0,0,0,0,0,0,0,0,0,0,0,0,0
Tunisia,2012-07-01,0,0,0,0,0,0,0,0,0,0,0,0,0,0,1,0,0,0,0,0
Tunisia,2012-08-01,0,0,0,0,0,0,1,0,0,0,0,0,0,0,0,0,0,0,0,0
Tunisia,2012-09-01,0,0,0,0,0,0,0,0,0,0,0,0,0,0,0,0,0,0,0,0
Tunisia,2012-10-01,0,0,0,0,0,0,0,0,0,0,0,0,0,0,0,0,0,0,0,1
Tunisia,2012-11-01,1,1,0,0,0,0,0,0,0,0,0,0,0,0,0,1,0,0,0,0
Tunisia,2012-12-01,0,0,0,0,0,0,0,0,0,0,0,0,1,0,0,0,0,0,0,0
Tunisia,2013-01-01,0,0,0,1,0,0,0,0,0,0,0,0,0,0,0,0,0,0,0,0
Tunisia,2013-02-01,0,0,0,0,0,0,0,0,0,0,0,0,0,0,0,0,0,0,0,0
Tunisia,2013-03-01,0,0,0,0,0,0,0,0,0,0,0,1,0,0,0,0,0,0,0,0
Tunisia,2013-04-01,0,1,0,0,0,0,0,0,0,0,0,1,0,0,0,0,0,0,0,0
Tunisia,2013-05-01,0,0,0,0,0,0,0,0,0,0,0,0,0,1,0,0,0,0,0,0
Tunisia,2013-06-01,0,0,0,0,1,0,1,0,0,0,1,0,0,0,0,0,0,0,1,1
Tunisia,2013-07-01,0,0,0,0,0,0,0,0,0,0,0,0,0,0,0,0,0,0,0,0
Tunisia,2013-08-01,0,0,0,0,0,0,0,0,0,0,0,0,0,0,0,0,0,0,0,0
Tunisia,2013-09-01,0,0,1,0,0,0,0,0,0,0,0,0,0,0,0,0,0,0,1,0
Tunisia,2013-10-01,0,0,0,0,0,0,0,0,0,0,0,0,0,0,0,0,0,0,0,0
Tunisia,2013-11-01,0,0,1,0,0,0,0,0,1,0,0,0,0,1,0,0,0,0,0,0
Tunisia,2013-12-01,0,0,0,0,0,0,0,0,1,0,0,0,0,0,0,0,0,0,0,0
Tunisia,2014-01-01,0,0,0,0,0,0,0,0,0,0,0,0,0,0,0,0,0,0,0,0
Tunisia,2014-02-01,0,0,0,0,0,0,0,0,0,0,0,0,0,0,0,0,0,0,0,0
Tunisia,2014-03-01,0,1,0,0,0,0,0,0,0,0,0,0,1,0,0,0,1,0,0,0
Tunisia,2014-04-01,0,0,0,0,0,0,0,0,0,0,0,0,0,0,1,0,0,0,0,0
Tunisia,2014-05-01,0,0,0,0,0,0,0,0,0,0,0,0,0,0,0,0,0,0,0,0
Tunisia,2014-06-01,0,0,1,0,1,0,1,0,0,0,1,0,0,0,0,1,0,0,0,0
Tunisia,2014-07-01,0,0,0,1,1,0,1,0,0,1,0,0,1,0,0,0,1,0,0,0
Tunisia,2014-08-01,0,0,0,0,0,0,0,0,0,0,0,0,0,0,0,0,0,0,0,0
Tunisia,2014-09-01,0,0,0,0,0,0,0,1,0,0,0,0,0,0,1,0,0,0,1,0
Tunisia,2014-10-01,0,0,0,0,0,1,0,0,0,1,0,0,0,0,0,0,0,0,0,0
Tunisia,2014-11-01,0,0,0,0,0,0,0,0,0,0,0,0,0,0,0,0,0,0,0,0
Tunisia,2014-12-01,0,0,0,0,0,0,0,0,0,0,0,0,0,0,0,0,0,0,0,0
Tunisia,2015-01-01,0,0,0,0,0,0,0,0,1,0,0,0,0,0,0,0,0,0,0,1
Tunisia,2015-02-01,1,0,0,0,0,1,0,1,0,0,0,0,0,0,0,0,0,0,0,0
Tunisia,2015-03-01,0,0,0,0,0,0,0,0,0,0,0,0,0,0,0,0,0,0,0,0
Tunisia,2015-04-01,0,1,0,1,0,0,0,0,0,0,0,0,0,0,1,0,0,0,0,0
Tunisia,2015-05-01,0,0,0,0,0,0,0,0,0,1,0,0,0,0,0,1,0,0,0,0
Tunisia,2015-06-01,0,0,0,0,0,0,0,0,0,0,0,0,0,0,0,0,0,0,0,0
Tunisia,2015-07-01,0,0,0,0,0,0,0,0,0,0,0,0,0,0,0,0,0,0,0,0
Tunisia,2015-08-01,1,0,0,0,0,0,0,0,0,0,0,1,0,0,0,0,1,0,0,0
Tunisia,2015-09-01,0,0,0,0,0,0,0,0,0,0,1,1,0,0,0,0,0,0,0,0
Tunisia,2015-10-01,0,0,0,0,0,0,0,0,0,0,0,0,0,0,0,0,0,0,0,0
Tunisia,2015-11-01,0,0,0,0,0,0,0,0,0,0,0,0,0,0,0,0,0,0,0,0
Tunisia,2015-12-01,0,0,0,0,0,0,0,0,0,0,0,0,0,1,0,0,0,0,0,0
Tunisia,2016-01-01,0,0,0,0,0,0,0,0,0,0,0,0,0,0,0,0,1,0,0,1
Tunisia,2016-02-01,0,0,0,0,0,0,0,0,0,0,0,0,0,0,0,0,0,0,0,0
Tunisia,2016-03-01,0,0,0,0,0,0,0,0,0,0,0,0,1,0,0,0,0,0,0,0
Tunisia,2016-04-01,0,0,1,0,1,0,0,0,0,0,0,0,0,0,0,0,0,0,0,0
Tunisia,2016-05-01,0,1,0,0,0,0,0,0,0,0,0,1,0,0,0,0,1,0,0,0
Tunisia,2016-06-01,0,0,0,0,0,0,0,0,0,0,0,0,0,0,0,0,0,0,0,0
Tunisia,2016-07-01,0,0,0,0,0,0,0,0,0,0,0,0,0,0,0,0,0,0,0,0
Tunisia,2016-08-01,0,0,0,0,0,0,0,0,0,0,0,0,0,0,0,0,0,0,0,0
Tunisia,2016-09-01,1,0,0,0,0,0,0,0,0,0,0,0,0,1,0,0,0,0,1,0
Tunisia,2016-10-01,0,0,0,0,0,0,0,0,0,0,0,1,0,0,0,0,0,0,1,0
Tunisia,2016-11-01,0,0,0,0,0,0,1,0,0,0,0,0,0,0,1,0,0,0,0,0
Tunisia,2016-12-01,1,0,0,0,0,0,0,0,0,0,0,0,0,0,0,0,0,0,0,0
Tunisia,2017-01-01,0,0,0,0,0,0,0,0,1,0,0,0,0,0,0,0,1,0,0,0
Tunisia,2017-02-01,0,1,0,0,0,0,0,0,0,1,0,0,0,0,0,0,0,0,0,0
Tunisia,2017-03-01,0,0,0,0,0,0,0,0,0,0,0,0,1,0,0,0,0,0,0,0
Tunisia,2017-04-01,0,0,0,0,0,0,0,0,0,1,0,0,0,0,0,0,0,0,0,0
Tunisia,2017-05-01,0,0,0,0,0,0,0,0,0,0,0,0,0,0,0,0,0,0,0,0
Tunisia,2017-06-01,0,0,0,1,0,0,0,0,1,0,1,0,0,0,0,0,0,1,0,1
Tunisia,2017-07-01,0,0,0,0,0,0,1,0,0,0,0,0,0,0,1,0,0,0,0,0
Tunisia,2017-08-01,0,0,1,0,0,0,0,1,0,0,1,0,0,0,0,1,0,0,0,0
Tunisia,2017-09-01,0,0,0,0,1,0,0,0,0,0,0,0,0,0,0,1,0,0,0,1
Tunisia,2017-10-01,0,0,0,0,0,0,0,0,0,0,0,0,0,0,0,0,0,0,0,0
Tunisia,2017-11-01,0,0,0,0,0,0,0,0,0,0,0,0,0,0,0,0,0,0,0,0
Tunisia,2017-12-01,0,1,0,0,0,0,0,0,0,0,0,0,0,0,0,0,0,0,0,0
Tunisia,2018-01-01,0,0,0,0,0,0,0,0,0,1,0,0,0,0,1,0,1,0,0,0
Tunisia,2018-02-01,0,0,0,0,0,0,0,0,0,0,0,0,0,1,0,0,0,0,0,0
Tunisia,2018-03-01,0,0,0,0,0,0,0,0,0,0,0,0,0,0,0,0,1,0,1,1
Tunisia,2018-04-01,0,0,1,0,0,0,0,0,0,0,0,0,0,0,0,0,0,0,0,0
Tunisia,2018-05-01,0,0,0,0,0,0,0,0,0,0,0,0,0,0,0,0,0,0,0,0
Tunisia,2018-06-01,0,0,0,0,0,0,0,0,0,0,0,0,0,0,0,0,0,0,0,0
Tunisia,2018-07-01,0,0,0,0,0,0,0,0,0,0,0,1,0,1,0,0,0,0,0,0
Tunisia,2018-08-01,0,0,0,0,0,0,0,0,0,0,0,0,0,0,0,0,0,0,0,0
Tunisia,2018-09-01,1,0,0,0,0,0,0,0,0,0,0,0,0,0,0,0,0,0,0,0
Tunisia,2018-10-01,1,0,0,0,0,0,1,1,0,1,0,0,0,0,0,1,0,0,0,0
Tunisia,2018-11-01,0,0,0,0,0,0,0,0,0,0,0,0,0,0,0,0,0,0,0,0
Tunisia,2018-12-01,0,0,0,0,0,0,0,0,0,0,0,0,0,0,0,0,0,0,0,0
Tunisia,2019-01-01,0,1,0,0,0,0,0,1,0,0,0,0,0,0,0,0,0,0,0,0
Tunisia,2019-02-01,0,0,0,0,0,0,0,0,0,0,0,0,0,0,0,0,0,0,0,0
Tunisia,2019-03-01,0,1,0,0,0,0,0,0,0,0,0,0,0,0,0,0,0,0,0,0
Tunisia,2019-04-01,0,1,0,0,0,0,0,0,1,0,0,0,0,0,0,0,0,0,0,1
Tunisia,2019-05-01,0,0,0,0,0,0,0,0,0,0,0,1,0,0,0,0,0,0,0,0
Tunisia,2019-06-01,0,0,0,0,1,0,0,0,0,0,1,0,0,0,1,0,0,0,0,0
Tunisia,2019-07-01,0,0,0,1,0,0,0,0,0,0,0,0,0,0,0,0,0,0,0,0
Tunisia,2019-08-01,0,0,0,0,0,0,1,0,0,0,0,0,1,0,0,0,0,0,0,0
Tunisia,2019-09-01,0,0,0,0,0,0,0,0,0,0,0,0,0,0,0,0,0,0,0,0
Tunisia,2019-10-01,0,0,0,0,0,0,0,0,0,0,0,0,0,0,0,0,0,0,0,0
Tunisia,2019-11-01,0,1,0,0,0,0,0,0,0,0,0,0,0,0,0,1,0,0,0,0
Tunisia,2019-12-01,0,0,0,0,0,0,0,0,0,0,0,0,0,0,0,0,0,0,0,0
Tunisia,2020-01-01,0,0,0,0,0,0,0,0,0,0,0,0,0,0,0,0,0,0,0,0
Tunisia,2020-02-01,0,0,1,0,0,0,0,0,0,0,0,0,0,0,0,0,1,0,0,0
Tunisia,2020-03-01,0,0,0,0,0,0,0,0,0,0,0,0,0,0,0,0,0,0,0,0
Tunisia,2020-04-01,0,0,0,0,0,1,0,0,0,0,0,0,0,0,0,0,0,0,0,1
Tunisia,2020-05-01,0,0,0,0,0,0,0,0,0,0,0,0,0,0,0,0,0,0,0,0
Tunisia,2020-06-01,0,0,0,0,0,0,0,0,0,0,0,0,0,1,1,0,0,0,1,0
Tunisia,2020-07-01,0,0,1,0,0,0,0,1,0,0,0,0,0,0,0,0,0,0,0,0
Tunisia,2020-08-01,0,0,0,0,0,0,0,1,1,0,0,0,0,0,0,0,0,0,1,0
Tunisia,2020-09-01,1,0,0,0,0,0,0,0,0,0,0,0,0,0,0,0,0,0,0,0
Tunisia,2020-10-01,0,0,0,0,0,0,0,0,0,0,0,0,0,0,0,0,0,0,0,0
Tunisia,2020-11-01,0,0,0,1,0,0,0,0,0,0,0,0,0,1,0,0,0,0,0,0
Tunisia,2020-12-01,0,0,0,0,0,0,0,0,0,0,1,0,1,0,0,0,0,0,0,0
Tunisia,2021-01-01,0,1,0,0,0,0,0,0,0,0,0,0,0,0,0,0,0,0,0,0
Tunisia,2021-02-01,0,0,0,1,0,0,0,0,0,0,0,0,0,0,0,1,0,1,0,0
Tunisia,2021-03-01,0,0,0,0,0,0,0,0,0,0,0,0,0,0,0,1,0,0,0,0
Tunisia,2021-04-01,0,0,0,0,0,0,0,0,0,0,0,0,0,0,0,0,1,0,0,1
Tunisia,2021-05-01,0,0,0,0,0,1,0,0,0,0,0,0,0,0,0,0,0,0,0,0
Tunisia,2021-06-01,0,0,0,0,0,0,0,0,0,0,0,0,0,0,0,0,0,0,0,0
Tunisia,2021-07-01,0,0,0,0,0,0,0,0,0,0,0,0,0,0,0,0,0,0,0,0
Tunisia,2021-08-01,0,0,0,0,0,0,0,0,0,0,0,0,0,0,0,0,0,1,0,0
Tunisia,2021-09-01,0,0,0,0,0,0,0,0,0,0,0,0,0,0,0,0,1,0,1,0
Tunisia,2021-10-01,0,0,0,0,0,0,0,0,0,0,0,0,0,0,0,0,0,0,0,0
Tunisia,2021-11-01,0,0,0,0,0,0,0,0,0,0,0,0,0,0,0,0,0,0,1,1
Tunisia,2021-12-01,0,0,0,0,0,0,0,0,0,0,0,0,1,0,0,0,0,0,0,0
Tunisia,2022-01-01,0,0,0,0,0,0,0,0,0,0,0,0,0,0,0,0,0,0,0,0
Tunisia,2022-02-01,0,0,0,0,0,0,0,0,0,0,0,0,0,0,0,0,0,0,0,0
Tunisia,2022-03-01,0,0,0,0,0,0,0,0,0,1,0,0,0,0,0,0,0,0,0,0
Tunisia,2022-04-01,0,0,0,0,0,0,1,0,0,0,0,0,0,1,0,1,0,0,0,0
Tunisia,2022-05-01,0,0,0,0,0,0,0,0,0,0,0,0,0,0,0,0,0,0,0,0
Tunisia,2022-06-01,0,0,1,0,0,0,0,0,0,0,0,0,0,0,0,0,0,0,0,0
Tunisia,2022-07-01,0,0,0,0,0,0,0,0,0,0,0,0,0,0,0,0,1,0,0,1
Tunisia,2022-08-01,0,1,0,0,0,0,0,0,0,0,0,0,0,0,0,0,0,0,0,0
Tunisia,2022-09-01,0,0,0,0,0,0,0,0,0,0,0,0,0,0,0,0,0,0,0,0
Tunisia,2022-10-01,0,0,0,0,0,0,0,1,0,0,0,0,0,0,0,0,0,0,0,0
Tunisia,2022-11-01,0,0,0,0,0,0,0,1,0,0,0,0,0,0,0,0,0,0,1,0
Tunisia,2022-12-01,0,0,0,0,0,0,0,0,0,0,0,0,0,0,0,0,0,0,0,0
Tunisia,2023-01-01,0,0,0,0,0,1,0,0,0,0,0,0,1,0,0,0,0,0,0,0
Tunisia,2023-02-01,1,1,0,1,0,0,0,0,1,0,0,0,0,0,0,0,0,0,0,0
Tunisia,2023-03-01,0,0,0,0,0,0,0,0,0,0,0,0,0,0,1,0,0,0,0,0
Tunisia,2023-04-01,0,0,1,0,0,1,0,0,0,0,0,1,0,0,0,1,0,0,0,0
Tunisia,2023-05-01,0,0,0,0,0,0,0,0,0,0,0,0,0,0,0,0,0,0,0,0
Tunisia,2023-06-01,0,0,0,0,0,0,0,0,0,0,0,0,0,0,0,0,0,0,1,0
Tunisia,2023-07-01,0,0,0,0,0,0,1,1,0,1,1,1,0,0,0,0,0,0,0,0
Tunisia,2023-08-01,0,0,0,0,0,0,0,0,0,0,0,0,0,1,0,0,0,0,0,0
Tunisia,2023-09-01,0,0,0,0,0,0,0,0,0,0,0,0,0,0,0,0,0,0,0,0
Tunisia,2023-10-01,0,0,0,0,1,0,0,0,0,0,0,0,0,0,0,0,1,0,0,0
Tunisia,2023-11-01,0,0,0,0,1,0,0,0,0,0,1,0,0,0,0,0,0,0,0,0
Tunisia,2023-12-01,1,0,0,1,0,0,0,0,0,0,0,0,0,0,0,0,0,0,0,0
Tunisia,2024-01-01,0,0,0,0,0,0,0,0,0,0,0,0,0,0,0,0,0,0,0,0
Tunisia,2024-02-01,0,0,0,0,0,0,0,0,0,1,0,0,0,0,0,0,0,0,0,0
Tunisia,2024-03-01,0,0,0,0,0,0,0,0,0,0,0,0,0,0,0,0,0,0,0,0
Tunisia,2024-04-01,0,0,0,0,0,0,0,0,0,0,0,0,1,1,0,0,0,0,0,0
Tunisia,2024-05-01,0,0,0,0,0,0,0,0,0,0,0,0,0,0,0,0,0,0,0,0
Tunisia,2024-06-01,0,1,0,0,0,0,0,0,0,0,0,0,0,0,0,0,0,0,0,1
Tunisia,2024-07-01,0,0,0,0,0,0,0,0,0,0,0,0,0,0,0,0,0,0,0,0
Tunisia,2024-08-01,0,0,0,0,0,1,0,0,0,1,0,0,0,0,0,0,0,0,0,0
Tunisia,2024-09-01,0,0,0,0,0,0,0,0,0,0,0,0,0,0,0,0,0,0,0,0
Tunisia,2024-10-01,0,0,0,0,0,0,0,0,0,0,0,0,1,0,0,0,0,1,0,0
Tunisia,2024-11-01,0,0,0,0,0,0,0,0,0,0,0,0,0,0,1,1,0,0,0,0
Tunisia,2024-12-01,1,0,0,0,0,0,0,0,1,0,0,0,0,0,0,0,1,0,0,0
Tunisia,2025-01-01,1,0,1,0,0,0,0,0,0,0,0,0,0,0,0,0,1,0,0,0
Tunisia,2025-02-01,0,1,1,0,0,0,1,0,1,0,0,1,0,0,1,0,1,0,0,0
Tunisia,2025-03-01,0,0,1,0,0,0,1,0,1,0,0,0,0,0,0,0,0,0,0,0
Tunisia,2025-04-01,0,0,1,0,1,0,0,0,0,0,0,1,0,0,0,0,0,0,1,0
Tunisia,2025-05-01,0,1,0,0,1,0,0,0,1,0,1,0,0,0,0,0,0,0,0,0
Tunisia,2025-06-01,0,0,0,0,0,0,0,0,0,0,0,0,0,0,0,0,0,0,0,0
Tunisia,2025-07-01,0,0,0,0,0,0,0,0,0,0,0,0,0,0,0,1,0,0,0,0
Tunisia,2025-08-01,0,0,0,0,0,0,0,0,0,0,0,0,0,0,0,0,0,0,0,0
Tunisia,2025-09-01,0,0,0,0,0,0,0,0,0,0,0,0,0,0,0,0,0,0,0,0
Tunisia,2025-10-01,0,0,0,0,0,0,1,0,0,0,0,0,0,0,0,0,0,0,0,0
Tunisia,2025-11-01,0,0,0,0,0,0,0,0,0,0,0,0,0,0,0,0,0,0,0,0
Tunisia,2025-12-01,0,0,0,0,0,0,0,0,0,0,0,0,0,0,0,0,0,0,0,0
Tunisia,2026-01-01,0,0,0,0,0,0,0,0,0,0,0,0,0,0,0,0,0,0,0,0
Ukraine,2012-01-01,0,0,0,0,0,0,0,0,0,0,0,0,0,0,0,0,0,0,0,1
Ukraine,2012-02-01,1,0,0,0,0,0,1,0,1,0,1,1,0,0,0,0,0,0,0,0
Ukraine,2012-03-01,0,0,1,0,0,0,0,0,0,1,0,0,0,0,0,0,0,0,0,0
Ukraine,2012-04-01,0,0,0,0,0,0,0,0,0,0,0,0,1,0,0,0,0,0,0,0
Ukraine,2012-05-01,0,0,0,0,0,0,0,0,0,0,0,0,0,0,0,0,0,0,0,0
Ukraine,2012-06-01,0,0,0,0,0,0,0,0,0,0,0,0,0,0,0,0,0,0,0,0
Ukraine,2012-07-01,0,1,0,0,0,0,0,0,0,0,0,0,0,0,0,0,0,0,0,0
Ukraine,2012-08-01,0,0,0,0,0,1,0,0,0,0,0,0,0,0,0,0,0,1,0,0
Ukraine,2012-09-01,0,0,0,0,0,0,0,0,0,0,0,0,0,0,0,0,0,0,0,0
Ukraine,2012-10-01,0,0,0,0,0,0,0,0,0,0,0,0,0,0,0,0,0,0,0,0
Ukraine,2012-11-01,0,1,0,0,0,0,0,0,0,0,0,0,0,0,1,0,0,0,0,0
Ukraine,2012-12-01,0,0,0,0,0,0,0,0,0,0,1,0,0,0,0,0,0,0,0,0
Ukraine,2013-01-01,0,0,0,1,0,0,0,0,0,0,0,0,0,0,0,0,0,0,0,0
Ukraine,2013-02-01,0,0,0,0,0,0,0,0,0,0,0,0,0,0,0,0,0,0,1,0
Ukraine,2013-03-01,0,0,1,1,0,0,0,0,0,0,0,0,0,0,0,1,0,0,1,0
Ukraine,2013-04-01,1,0,0,1,0,0,0,0,1,0,0,1,0,0,0,0,0,0,0,0
Ukraine,2013-05-01,0,0,0,0,0,0,0,0,0,0,0,0,0,0,0,0,0,0,0,0
Ukraine,2013-06-01,1,0,0,0,1,0,0,0,0,1,0,1,0,0,0,0,0,0,0,0
Ukraine,2013-07-01,0,0,0,0,0,0,0,0,0,0,0,0,1,0,0,0,0,0,0,0
Ukraine,2013-08-01,0,0,1,0,0,0,1,0,0,0,0,0,0,1,0,0,0,0,0,0
Ukraine,2013-09-01,0,0,0,0,0,1,0,1,0,0,0,0,0,0,1,0,0,0,0,0
Ukraine,2013-10-01,0,1,0,0,0,0,0,0,0,0,0,0,0,0,0,0,0,0,0,0
Ukraine,2013-11-01,0,0,0,0,0,0,0,0,0,0,0,0,0,0,0,1,0,0,0,0
Ukraine,2013-12-01,0,0,0,0,0,0,0,0,0,0,0,0,0,0,0,0,0,0,0,0
Ukraine,2014-01-01,0,0,0,0,0,0,0,0,0,0,0,0,0,0,0,0,0,0,0,0
Ukraine,2014-02-01,0,0,0,0,0,0,0,0,0,0,0,0,0,0,0,0,0,0,0,0
Ukraine,2014-03-01,0,0,0,0,0,0,0,0,0,0,0,0,0,0,0,0,0,0,0,0
Ukraine,2014-04-01,0,0,0,0,0,0,0,0,0,0,0,0,0,0,0,0,0,0,0,0
Ukraine,2014-05-01,0,0,0,0,0,0,0,0,0,0,0,0,0,0,0,0,0,0,0,0
Ukraine,2014-06-01,0,0,0,0,0,1,0,0,0,0,0,0,0,0,0,0,0,0,0,1
Ukraine,2014-07-01,0,0,0,0,0,0,0,0,0,0,0,0,0,0,0,0,0,1,0,0
Ukraine,2014-08-01,0,0,0,0,0,0,0,0,0,0,0,1,0,0,0,0,0,0,0,0
Ukraine,2014-09-01,0,0,0,0,0,0,0,0,0,0,0,0,0,0,0,0,0,0,0,0
Ukraine,2014-10-01,0,0,0,0,0,0,0,1,0,0,0,0,0,0,0,0,0,0,0,0
Ukraine,2014-11-01,0,0,0,0,0,0,0,0,0,0,0,0,0,0,0,0,0,0,0,0
Ukraine,2014-12-01,0,1,0,0,0,0,0,0,0,0,0,0,0,0,0,0,0,1,0,0
Ukraine,2015-01-01,0,0,0,0,0,0,0,0,0,0,0,0,0,0,0,0,0,0,0,1
Ukraine,2015-02-01,0,0,0,0,0,0,0,0,0,0,0,0,0,0,0,0,0,0,0,0
Ukraine,2015-03-01,0,0,0,0,0,0,1,0,0,0,0,0,0,0,0,0,0,0,0,0
Ukraine,2015-04-01,1,0,0,0,0,0,0,0,0,0,0,0,0,0,0,0,0,0,1,0
Ukraine,2015-05-01,0,0,0,0,0,0,0,0,0,0,0,0,0,0,0,0,0,0,0,0
Ukraine,2015-06-01,1,0,0,0,0,0,1,0,0,0,1,0,0,0,0,0,0,0,0,0
Ukraine,2015-07-01,0,0,0,1,0,1,0,0,1,0,0,0,0,1,1,0,0,0,0,0
Ukraine,2015-08-01,0,0,0,0,0,0,0,0,0,1,0,0,0,1,0,0,0,0,0,0
Ukraine,2015-09-01,0,0,0,0,0,1,0,0,0,0,0,0,0,0,0,0,1,0,0,0
Ukraine,2015-10-01,0,0,0,0,0,0,0,0,0,0,0,0,0,0,0,0,0,0,0,0
Ukraine,2015-11-01,0,0,0,0,0,0,0,0,0,0,0,1,0,0,0,0,0,0,0,0
Ukraine,2015-12-01,0,0,1,0,0,0,0,0,0,0,0,0,0,0,0,0,0,0,0,0
Ukraine,2016-01-01,0,0,0,0,0,0,0,0,0,0,1,0,0,0,0,0,0,0,1,0
Ukraine,2016-02-01,0,0,0,0,0,0,0,0,0,0,0,0,0,0,0,0,0,0,0,0
Ukraine,2016-03-01,0,0,0,0,0,0,0,0,0,0,0,0,0,0,1,0,0,0,0,0
Ukraine,2016-04-01,0,1,0,0,1,0,1,0,1,0,0,0,0,0,0,0,0,0,0,0
Ukraine,2016-05-01,0,0,0,0,0,0,0,0,0,0,0,0,0,0,0,0,0,0,1,0
Ukraine,2016-06-01,0,0,0,1,1,0,0,1,0,0,0,0,0,0,0,0,0,1,0,0
Ukraine,2016-07-01,0,0,0,0,0,0,0,0,0,0,0,0,1,1,0,0,0,0,0,0
Ukraine,2016-08-01,0,0,0,0,0,0,0,0,0,0,0,0,0,0,0,0,0,0,0,0
Ukraine,2016-09-01,0,0,0,0,0,0,0,0,0,0,0,0,0,0,0,0,0,0,0,0
Ukraine,2016-10-01,0,0,0,0,0,0,0,0,0,0,0,0,0,0,1,0,0,0,0,0
Ukraine,2016-11-01,0,0,0,0,0,0,0,0,0,0,0,0,0,0,0,0,1,0,0,0
Ukraine,2016-12-01,0,0,0,0,0,0,0,0,0,0,1,0,0,0,0,0,0,0,0,0
Ukraine,2017-01-01,0,0,1,0,0,0,0,0,0,0,0,0,0,0,0,0,0,0,0,0
Ukraine,2017-02-01,0,0,0,0,0,0,0,0,0,0,0,0,0,1,0,0,0,0,1,0
Ukraine,2017-03-01,0,0,0,0,0,0,0,0,0,0,0,0,0,0,0,0,0,0,0,0
Ukraine,2017-04-01,0,0,0,0,0,1,0,0,0,1,0,0,0,0,0,1,0,0,0,0
Ukraine,2017-05-01,0,0,0,0,0,0,0,0,0,0,0,0,0,0,0,0,0,0,0,0
Ukraine,2017-06-01,0,0,0,0,0,0,1,1,0,0,0,0,0,0,0,0,0,0,0,1
Ukraine,2017-07-01,0,0,0,0,0,0,0,0,1,0,0,0,0,0,0,0,0,1,0,0
Ukraine,2017-08-01,1,0,0,0,0,0,1,0,0,1,0,0,0,0,0,0,0,1,0,0
Ukraine,2017-09-01,0,0,0,0,0,0,0,1,0,0,0,0,0,0,0,0,0,0,0,0
Ukraine,2017-10-01,0,0,0,0,0,1,0,0,0,0,0,0,0,0,0,0,0,0,0,0
Ukraine,2017-11-01,0,0,1,0,0,0,0,0,0,0,0,0,0,0,0,0,0,0,0,0
Ukraine,2017-12-01,0,1,0,0,0,0,0,0,0,0,0,0,0,0,0,0,0,0,0,0
Ukraine,2018-01-01,0,0,0,1,0,0,0,0,0,0,0,0,0,0,0,0,0,0,0,0
Ukraine,2018-02-01,0,0,0,0,0,0,0,0,0,0,0,0,0,0,0,0,0,0,0,0
Ukraine,2018-03-01,0,0,0,0,0,1,0,0,0,0,0,0,0,0,0,0,0,0,0,0
Ukraine,2018-04-01,0,0,0,0,0,0,0,0,0,0,0,1,0,0,0,0,0,0,0,0
Ukraine,2018-05-01,0,0,0,0,0,0,0,0,0,0,0,0,0,0,0,0,0,0,0,0
Ukraine,2018-06-01,1,0,0,0,0,0,0,0,0,0,0,0,0,0,0,1,0,0,0,1
Ukraine,2018-07-01,0,0,0,1,0,0,0,1,0,0,1,0,1,1,1,0,0,0,0,0
Ukraine,2018-08-01,0,0,0,0,0,0,0,0,1,0,0,0,0,1,0,0,1,0,0,0
Ukraine,2018-09-01,0,0,0,0,0,0,1,1,0,0,0,0,0,0,0,0,0,0,0,0
Ukraine,2018-10-01,0,0,0,0,0,0,0,0,0,0,0,0,0,0,0,0,1,0,1,0
Ukraine,2018-11-01,0,0,0,0,0,0,0,0,0,0,0,0,0,0,0,0,0,0,0,0
Ukraine,2018-12-01,0,0,0,0,0,0,0,0,0,0,0,0,0,0,0,1,0,0,0,0
Ukraine,2019-01-01,0,0,0,0,0,0,0,0,0,1,0,0,0,0,0,0,0,0,0,0
Ukraine,2019-02-01,0,1,0,0,0,0,0,0,0,0,0,0,0,0,0,0,0,0,0,0
Ukraine,2019-03-01,0,0,0,0,0,0,0,0,0,0,0,0,0,0,0,0,0,0,0,0
Ukraine,2019-04-01,0,0,0,0,0,0,0,0,0,0,0,0,0,0,0,0,0,0,0,0
Ukraine,2019-05-01,0,0,0,0,0,0,0,0,0,0,0,0,0,0,0,0,0,0,0,0
Ukraine,2019-06-01,0,0,0,0,0,0,0,0,0,0,0,0,0,0,0,0,0,0,0,0
Ukraine,2019-07-01,0,0,1,0,0,0,0,0,0,0,0,0,0,0,0,1,0,0,0,0
Ukraine,2019-08-01,0,0,0,0,0,0,0,0,0,0,0,1,0,0,0,0,0,0,0,0
Ukraine,2019-09-01,0,0,0,0,0,0,0,0,0,0,0,0,0,0,0,0,0,0,0,1
Ukraine,2019-10-01,0,0,0,0,0,1,0,0,0,0,0,0,0,0,0,0,0,0,0,0
Ukraine,2019-11-01,0,0,0,0,0,0,0,0,0,0,0,0,0,1,0,0,0,0,0,0
Ukraine,2019-12-01,0,0,0,0,0,0,0,0,0,0,1,0,0,0,0,0,0,0,0,0
Ukraine,2020-01-01,0,0,0,0,0,0,0,0,0,0,0,0,0,0,0,0,0,0,0,0
Ukraine,2020-02-01,0,0,0,0,0,0,0,0,0,0,0,0,0,0,0,0,0,0,0,0
Ukraine,2020-03-01,0,0,0,0,0,0,0,0,0,0,0,0,0,0,0,0,0,0,0,1
Ukraine,2020-04-01,1,0,0,1,0,1,1,0,0,0,0,0,1,0,0,0,0,0,0,1
Ukraine,2020-05-01,0,0,0,0,0,0,0,0,0,0,0,0,0,0,0,0,0,0,0,0
Ukraine,2020-06-01,1,1,0,1,0,0,0,1,1,0,0,0,0,0,0,0,0,0,1,0
Ukraine,2020-07-01,1,0,0,0,0,0,0,0,0,0,0,0,0,0,1,0,0,1,0,0
Ukraine,2020-08-01,0,0,0,0,0,0,0,0,0,0,0,0,0,0,0,0,0,0,0,0
Ukraine,2020-09-01,0,0,0,0,0,0,0,0,0,0,0,0,0,0,0,0,0,1,0,0
Ukraine,2020-10-01,0,0,0,0,0,0,0,0,0,0,0,0,0,0,0,0,0,0,0,0
Ukraine,2020-11-01,0,0,0,0,0,0,0,0,0,0,0,0,0,0,0,0,0,0,0,0
Ukraine,2020-12-01,0,0,0,0,0,0,0,0,0,0,0,0,0,0,0,0,0,0,0,0
Ukraine,2021-01-01,0,0,0,1,0,0,0,0,0,0,0,0,0,0,0,0,0,0,0,0
Ukraine,2021-02-01,0,0,0,0,0,0,0,0,0,0,0,0,0,0,0,0,0,0,0,0
Ukraine,2021-03-01,0,0,0,0,0,0,0,0,0,0,0,0,0,0,0,0,0,0,0,0
Ukraine,2021-04-01,0,0,0,0,0,0,0,0,0,0,0,0,1,0,0,0,1,0,0,0
Ukraine,2021-05-01,0,0,1,0,0,0,0,0,0,0,0,0,0,0,0,0,0,0,0,1
Ukraine,2021-06-01,0,0,0,0,1,1,0,0,1,0,1,1,0,0,1,0,1,0,0,0
Ukraine,2021-07-01,1,1,1,0,0,0,1,0,0,0,0,0,0,1,0,0,1,0,0,0
Ukraine,2021-08-01,0,1,0,0,0,0,0,0,0,1,0,1,0,0,0,1,0,0,0,0
Ukraine,2021-09-01,0,0,0,0,0,0,0,0,0,0,0,0,0,0,1,1,0,0,1,0
Ukraine,2021-10-01,0,0,0,0,1,0,0,0,0,0,0,0,0,0,0,0,0,0,0,0
Ukraine,2021-11-01,0,0,0,0,1,0,0,0,0,1,0,0,0,0,0,0,0,0,0,0
Ukraine,2021-12-01,0,0,0,0,0,0,0,0,0,0,0,0,0,0,0,0,0,0,0,0
Ukraine,2022-01-01,0,0,0,0,0,0,0,0,0,0,0,0,0,0,0,0,0,0,0,0
Ukraine,2022-02-01,0,0,0,0,0,0,0,0,0,0,0,0,0,0,0,0,0,0,0,0
Ukraine,2022-03-01,0,0,0,0,0,0,0,0,0,0,0,0,0,0,0,0,0,0,0,0
Ukraine,2022-04-01,0,0,0,0,0,0,0,1,0,0,0,0,0,0,0,0,0,1,0,0
Ukraine,2022-05-01,0,0,0,0,0,0,0,1,0,0,0,0,0,0,0,0,0,0,0,0
Ukraine,2022-06-01,0,0,0,0,0,0,0,1,0,0,1,0,0,0,0,0,0,0,0,0
Ukraine,2022-07-01,0,0,0,0,0,0,0,0,0,0,0,0,0,0,0,0,0,0,0,0
Ukraine,2022-08-01,0,0,0,0,0,0,0,0,0,0,0,0,0,0,0,0,0,0,0,0
Ukraine,2022-09-01,0,0,0,0,0,0,0,0,0,0,0,0,0,0,0,0,0,0,0,0
Ukraine,2022-10-01,0,0,0,0,0,0,0,0,0,0,0,0,0,0,0,0,0,0,0,0
Ukraine,2022-11-01,0,0,0,0,1,0,0,0,0,0,1,0,0,0,0,0,0,0,0,0
Ukraine,2022-12-01,0,0,0,0,0,0,0,0,0,0,0,0,0,0,0,0,0,0,0,0
Ukraine,2023-01-01,0,0,0,0,0,1,0,0,0,0,0,0,0,0,0,0,0,0,0,0
Ukraine,2023-02-01,1,0,0,0,0,0,0,0,0,0,0,0,0,0,0,0,1,0,0,0
Ukraine,2023-03-01,0,0,0,0,1,0,0,0,0,0,0,0,1,0,0,0,1,0,0,0
Ukraine,2023-04-01,0,1,0,0,0,0,0,0,0,0,0,0,0,0,0,0,0,0,0,0
Ukraine,2023-05-01,0,0,0,1,0,0,0,0,0,0,0,0,0,0,0,0,0,0,0,0
Ukraine,2023-06-01,1,0,0,0,0,0,1,1,1,1,0,1,0,1,0,1,0,1,0,1
Ukraine,2023-07-01,0,0,0,0,0,0,0,0,0,0,0,0,0,0,0,0,0,0,0,0
Ukraine,2023-08-01,0,0,0,0,0,1,0,0,0,0,0,0,0,0,0,0,0,0,0,0
Ukraine,2023-09-01,0,0,0,0,0,0,0,0,0,0,0,0,0,1,0,0,0,1,0,0
Ukraine,2023-10-01,0,0,0,0,0,0,0,0,0,0,0,0,0,0,0,0,0,0,1,0
Ukraine,2023-11-01,0,0,0,0,1,0,0,0,0,0,0,0,0,0,0,0,0,0,0,0
Ukraine,2023-12-01,0,0,0,0,0,0,0,0,0,0,0,0,0,0,0,0,0,0,0,0
Ukraine,2024-01-01,0,0,0,0,0,0,0,0,0,0,0,0,0,0,0,0,0,0,0,0
Ukraine,2024-02-01,0,0,0,0,0,0,0,0,0,0,0,0,0,0,0,0,0,0,0,0
Ukraine,2024-03-01,0,0,0,0,0,0,0,0,0,0,0,0,0,0,0,0,0,1,0,0
Ukraine,2024-04-01,0,0,0,0,0,0,0,0,0,0,0,0,1,0,0,0,0,0,0,0
Ukraine,2024-05-01,0,1,0,0,0,0,0,0,0,1,0,0,0,0,0,1,0,0,0,0
Ukraine,2024-06-01,0,0,0,0,0,0,0,0,0,0,1,0,0,0,0,0,0,0,0,0
Ukraine,2024-07-01,0,0,0,0,0,0,0,0,0,0,0,1,0,0,0,0,0,0,0,0
Ukraine,2024-08-01,0,0,0,0,0,0,0,0,0,0,0,0,0,0,0,0,0,0,0,0
Ukraine,2024-09-01,1,0,0,0,0,0,1,0,0,0,0,0,0,0,0,0,0,0,0,0
Ukraine,2024-10-01,0,0,0,1,0,0,0,0,0,0,0,0,0,0,0,0,0,1,0,0
Ukraine,2024-11-01,0,0,1,0,0,0,0,0,0,0,0,0,0,1,0,0,1,0,0,0
Ukraine,2024-12-01,0,0,0,1,0,1,0,0,0,0,0,0,0,0,0,0,0,0,0,0
Ukraine,2025-01-01,0,0,0,0,0,0,0,0,0,1,0,0,0,0,0,0,0,0,1,0
Ukraine,2025-02-01,0,0,0,0,0,0,0,0,1,0,0,0,0,0,0,0,0,0,0,0
Ukraine,2025-03-01,0,0,0,0,0,0,0,0,0,0,0,0,0,0,0,0,0,0,0,0
Ukraine,2025-04-01,0,0,0,0,0,0,0,0,0,0,0,0,0,0,0,0,0,0,0,0
Ukraine,2025-05-01,0,0,0,1,0,0,0,0,0,0,0,0,0,0,0,0,0,0,0,0
Ukraine,2025-06-01,0,1,0,0,0,0,0,1,0,0,1,1,0,0,1,0,0,0,0,0
Ukraine,2025-07-01,0,0,1,0,0,1,0,1,0,0,0,0,0,0,0,0,0,0,0,0
Ukraine,2025-08-01,0,0,0,0,0,0,1,0,0,0,0,0,0,0,0,0,0,0,1,0
Ukraine,2025-09-01,0,0,0,0,0,0,0,0,0,0,0,0,0,0,0,0,0,0,0,0
Ukraine,2025-10-01,0,0,0,0,1,0,1,0,0,0,1,0,0,0,0,0,0,0,0,0
Ukraine,2025-11-01,0,0,0,0,0,0,0,0,0,0,0,0,0,0,0,0,0,0,0,0
Ukraine,2025-12-01,0,0,0,0,0,0,0,0,0,0,0,0,0,0,0,0,0,0,0,0
Ukraine,2026-01-01,0,0,0,0,0,0,0,0,0,0,0,0,0,0,0,0,0,0,0,0
