date,year,month,-999,cr_-999,nr_-999,activism,cr_activism,nr_activism,arrest,cr_arrest,nr_arrest,censor,cr_censor,nr_censor,cooperate,cr_cooperate,nr_cooperate,corruption,cr_corruption,nr_corruption,coup,cr_coup,nr_coup,defamationcase,cr_defamationcase,nr_defamationcase,disaster,cr_disaster,nr_disaster,electionactivity,cr_electionactivity,nr_electionactivity,electionirregularities,cr_electionirregularities,nr_electionirregularities,legalaction,cr_legalaction,nr_legalaction,legalchange,cr_legalchange,nr_legalchange,martiallaw,cr_martiallaw,nr_martiallaw,mobilizesecurity,cr_mobilizesecurity,nr_mobilizesecurity,protest,cr_protest,nr_protest,purge,cr_purge,nr_purge,raid,cr_raid,nr_raid,threaten,cr_threaten,nr_threaten,violencelethal,cr_violencelethal,nr_violencelethal,violencenonlethal,cr_violencenonlethal,nr_violencenonlethal,-999Norm,cr_-999Norm,nr_-999Norm,activismNorm,cr_activismNorm,nr_activismNorm,arrestNorm,cr_arrestNorm,nr_arrestNorm,censorNorm,cr_censorNorm,nr_censorNorm,cooperateNorm,cr_cooperateNorm,nr_cooperateNorm,corruptionNorm,cr_corruptionNorm,nr_corruptionNorm,coupNorm,cr_coupNorm,nr_coupNorm,defamationcaseNorm,cr_defamationcaseNorm,nr_defamationcaseNorm,disasterNorm,cr_disasterNorm,nr_disasterNorm,electionactivityNorm,cr_electionactivityNorm,nr_electionactivityNorm,electionirregularitiesNorm,cr_electionirregularitiesNorm,nr_electionirregularitiesNorm,legalactionNorm,cr_legalactionNorm,nr_legalactionNorm,legalchangeNorm,cr_legalchangeNorm,nr_legalchangeNorm,martiallawNorm,cr_martiallawNorm,nr_martiallawNorm,mobilizesecurityNorm,cr_mobilizesecurityNorm,nr_mobilizesecurityNorm,protestNorm,cr_protestNorm,nr_protestNorm,purgeNorm,cr_purgeNorm,nr_purgeNorm,raidNorm,cr_raidNorm,nr_raidNorm,threatenNorm,cr_threatenNorm,nr_threatenNorm,violencelethalNorm,cr_violencelethalNorm,nr_violencelethalNorm,violencenonlethalNorm,cr_violencenonlethalNorm,nr_violencenonlethalNorm,total_articles
2012-01-01,2012,1,555,164,391,1,1,0,15,9,6,3,2,1,14,11,3,18,14,4,1,1,0,0,0,0,6,1,5,11,9,2,0,0,0,9,4,5,5,3,2,0,0,0,1,0,1,11,6,5,4,2,2,2,1,1,8,6,2,6,2,4,18,4,14,0.8161764705882353,0.2411764705882353,0.575,0.0014705882352941,0.0014705882352941,0.0,0.0220588235294117,0.013235294117647,0.0088235294117647,0.0044117647058823,0.0029411764705882,0.0014705882352941,0.020588235294117498,0.0161764705882352,0.0044117647058823,0.026470588235294003,0.0205882352941176,0.0058823529411764,0.0014705882352941,0.0014705882352941,0.0,0.0,0.0,0.0,0.0088235294117646,0.0014705882352941,0.0073529411764705,0.0161764705882352,0.013235294117647,0.0029411764705882,0.0,0.0,0.0,0.0132352941176469,0.0058823529411764,0.0073529411764705,0.0073529411764705,0.0044117647058823,0.0029411764705882,0.0,0.0,0.0,0.0014705882352941,0.0,0.0014705882352941,0.016176470588235202,0.0088235294117647,0.0073529411764705,0.0058823529411764,0.0029411764705882,0.0029411764705882,0.0029411764705882,0.0014705882352941,0.0014705882352941,0.011764705882352901,0.0088235294117647,0.0029411764705882,0.0088235294117646,0.0029411764705882,0.0058823529411764,0.026470588235294003,0.0058823529411764,0.0205882352941176,234
2012-02-01,2012,2,602,191,411,3,3,0,21,12,9,2,2,0,12,8,4,16,11,5,1,1,0,0,0,0,21,1,20,7,6,1,2,2,0,26,11,15,5,3,2,0,0,0,0,0,0,13,8,5,1,1,0,1,0,1,6,5,1,11,8,3,16,8,8,0.7910643889618922,0.2509855453350854,0.5400788436268068,0.0039421813403416,0.0039421813403416,0.0,0.0275952693823915,0.0157687253613666,0.0118265440210249,0.0026281208935611,0.0026281208935611,0.0,0.0157687253613666,0.0105124835742444,0.0052562417871222,0.0210249671484887,0.014454664914586,0.0065703022339027,0.0013140604467805,0.0013140604467805,0.0,0.0,0.0,0.0,0.0275952693823915,0.0013140604467805,0.026281208935611,0.0091984231274638,0.0078843626806833,0.0013140604467805,0.0026281208935611,0.0026281208935611,0.0,0.0341655716162942,0.014454664914586,0.0197109067017082,0.006570302233902699,0.0039421813403416,0.0026281208935611,0.0,0.0,0.0,0.0,0.0,0.0,0.0170827858081471,0.0105124835742444,0.0065703022339027,0.0013140604467805,0.0013140604467805,0.0,0.0013140604467805,0.0,0.0013140604467805,0.0078843626806832,0.0065703022339027,0.0013140604467805,0.014454664914586,0.0105124835742444,0.0039421813403416,0.0210249671484888,0.0105124835742444,0.0105124835742444,278
2012-03-01,2012,3,644,226,418,5,4,1,24,12,12,2,2,0,18,13,5,15,11,4,4,3,1,0,0,0,10,3,7,9,6,3,0,0,0,18,9,9,3,2,1,1,0,1,0,0,0,24,19,5,6,5,1,5,2,3,7,5,2,10,5,5,21,11,10,0.7863247863247862,0.2759462759462759,0.5103785103785103,0.006105006105006,0.0048840048840048,0.0012210012210012,0.0293040293040292,0.0146520146520146,0.0146520146520146,0.0024420024420024,0.0024420024420024,0.0,0.0219780219780219,0.0158730158730158,0.0061050061050061,0.0183150183150182,0.0134310134310134,0.0048840048840048,0.0048840048840048,0.0036630036630036,0.0012210012210012,0.0,0.0,0.0,0.012210012210012099,0.0036630036630036,0.0085470085470085,0.0109890109890109,0.0073260073260073,0.0036630036630036,0.0,0.0,0.0,0.0219780219780218,0.0109890109890109,0.0109890109890109,0.0036630036630035997,0.0024420024420024,0.0012210012210012,0.0012210012210012,0.0,0.0012210012210012,0.0,0.0,0.0,0.0293040293040293,0.0231990231990232,0.0061050061050061,0.0073260073260073,0.0061050061050061,0.0012210012210012,0.006105006105006,0.0024420024420024,0.0036630036630036,0.0085470085470085,0.0061050061050061,0.0024420024420024,0.0122100122100122,0.0061050061050061,0.0061050061050061,0.0256410256410256,0.0134310134310134,0.0122100122100122,332
2012-04-01,2012,4,661,209,452,7,5,2,28,13,15,1,0,1,16,14,2,17,13,4,0,0,0,0,0,0,10,2,8,14,10,4,0,0,0,24,12,12,11,3,8,0,0,0,7,4,3,39,30,9,8,8,0,2,0,2,7,7,0,12,9,3,27,16,11,0.7485843714609286,0.2366930917327293,0.5118912797281994,0.0079275198187994,0.0056625141562853,0.0022650056625141,0.0317100792751981,0.014722536806342,0.0169875424688561,0.001132502831257,0.0,0.001132502831257,0.0181200453001131,0.015855039637599,0.0022650056625141,0.019252548131370298,0.014722536806342,0.0045300113250283,0.0,0.0,0.0,0.0,0.0,0.0,0.0113250283125707,0.0022650056625141,0.0090600226500566,0.015855039637599,0.0113250283125707,0.0045300113250283,0.0,0.0,0.0,0.0271800679501698,0.0135900339750849,0.0135900339750849,0.0124575311438278,0.0033975084937712,0.0090600226500566,0.0,0.0,0.0,0.0079275198187995,0.0045300113250283,0.0033975084937712,0.044167610419026,0.0339750849377123,0.0101925254813137,0.0090600226500566,0.0090600226500566,0.0,0.0022650056625141,0.0,0.0022650056625141,0.0079275198187995,0.0079275198187995,0.0,0.0135900339750849,0.0101925254813137,0.0033975084937712,0.030577576443940997,0.0181200453001132,0.0124575311438278,349
2012-05-01,2012,5,807,300,507,3,3,0,28,15,13,2,1,1,10,4,6,28,12,16,0,0,0,1,1,0,18,9,9,9,7,2,0,0,0,23,13,10,4,3,1,2,2,0,1,1,0,22,19,3,5,2,3,1,1,0,14,13,1,11,5,6,20,12,8,0.8094282848545638,0.3009027081243731,0.5085255767301906,0.0030090270812437,0.0030090270812437,0.0,0.0280842527582747,0.0150451354062186,0.0130391173520561,0.0020060180541624,0.0010030090270812,0.0010030090270812,0.010030090270812302,0.0040120361083249,0.0060180541624874,0.0280842527582748,0.0120361083249749,0.0160481444332999,0.0,0.0,0.0,0.0010030090270812,0.0010030090270812,0.0,0.0180541624874622,0.0090270812437311,0.0090270812437311,0.0090270812437311,0.0070210631895687,0.0020060180541624,0.0,0.0,0.0,0.0230692076228685,0.0130391173520561,0.0100300902708124,0.0040120361083249,0.0030090270812437,0.0010030090270812,0.0020060180541624,0.0020060180541624,0.0,0.0010030090270812,0.0010030090270812,0.0,0.0220661985957873,0.0190571715145436,0.0030090270812437,0.0050150451354061005,0.0020060180541624,0.0030090270812437,0.0010030090270812,0.0010030090270812,0.0,0.0140421263791373,0.0130391173520561,0.0010030090270812,0.0110330992978936,0.0050150451354062,0.0060180541624874,0.020060180541624797,0.0120361083249749,0.0080240722166499,418
2012-06-01,2012,6,894,278,616,11,10,1,29,10,19,7,5,2,31,18,13,17,12,5,5,4,1,1,0,1,15,7,8,7,6,1,0,0,0,28,10,18,14,9,5,2,1,1,2,2,0,12,9,3,6,4,2,2,1,1,19,13,6,24,15,9,16,8,8,0.7883597883597883,0.2451499118165784,0.5432098765432098,0.0097001763668429,0.0088183421516754,0.0008818342151675,0.0255731922398588,0.0088183421516754,0.0167548500881834,0.0061728395061726995,0.0044091710758377,0.001763668430335,0.027336860670193898,0.0158730158730158,0.0114638447971781,0.014991181657848199,0.0105820105820105,0.0044091710758377,0.0044091710758376,0.0035273368606701,0.0008818342151675,0.0008818342151675,0.0,0.0008818342151675,0.0132275132275131,0.0061728395061728,0.0070546737213403,0.0061728395061726995,0.0052910052910052,0.0008818342151675,0.0,0.0,0.0,0.024691358024691197,0.0088183421516754,0.0158730158730158,0.012345679012345599,0.0079365079365079,0.0044091710758377,0.001763668430335,0.0008818342151675,0.0008818342151675,0.001763668430335,0.001763668430335,0.0,0.0105820105820105,0.0079365079365079,0.0026455026455026,0.0052910052910051,0.0035273368606701,0.001763668430335,0.001763668430335,0.0008818342151675,0.0008818342151675,0.0167548500881833,0.0114638447971781,0.0052910052910052,0.0211640211640211,0.0132275132275132,0.0079365079365079,0.0141093474426806,0.0070546737213403,0.0070546737213403,419
2012-07-01,2012,7,1671,369,1302,3,3,0,36,14,22,4,2,2,20,14,6,36,25,11,2,2,0,2,2,0,22,5,17,15,12,3,0,0,0,35,30,5,11,4,7,0,0,0,4,1,3,17,12,5,2,2,0,2,0,2,8,5,3,21,8,13,20,8,12,0.870766023970818,0.1922876498176133,0.6784783741532048,0.0015633142261594,0.0015633142261594,0.0,0.0187597707139134,0.0072954663887441,0.0114643043251693,0.0020844189682126,0.0010422094841063,0.0010422094841063,0.010422094841063,0.0072954663887441,0.0031266284523189,0.0187597707139134,0.0130276185513288,0.0057321521625846,0.0010422094841063,0.0010422094841063,0.0,0.0010422094841063,0.0010422094841063,0.0,0.0114643043251692,0.0026055237102657,0.0088587806149035,0.0078165711307972,0.0062532569046378,0.0015633142261594,0.0,0.0,0.0,0.018238665971860198,0.0156331422615945,0.0026055237102657,0.0057321521625846,0.0020844189682126,0.003647733194372,0.0,0.0,0.0,0.0020844189682125,0.0005211047420531,0.0015633142261594,0.0088587806149035,0.0062532569046378,0.0026055237102657,0.0010422094841063,0.0010422094841063,0.0,0.0010422094841063,0.0,0.0010422094841063,0.0041688379364251005,0.0026055237102657,0.0015633142261594,0.010943199583116101,0.0041688379364252,0.0067743616466909,0.010422094841063,0.0041688379364252,0.0062532569046378,508
2012-08-01,2012,8,2179,422,1757,5,5,0,28,11,17,6,5,1,26,18,8,30,15,15,4,3,1,1,1,0,38,19,19,7,7,0,0,0,0,34,18,16,12,5,7,0,0,0,4,4,0,25,21,4,10,9,1,5,0,5,6,4,2,26,18,8,28,5,23,0.8839756592292088,0.1711967545638945,0.7127789046653144,0.0020283975659229,0.0020283975659229,0.0,0.0113590263691683,0.0044624746450304,0.0068965517241379,0.0024340770791074,0.0020283975659229,0.0004056795131845,0.0105476673427991,0.0073022312373225,0.0032454361054766,0.0121703853955374,0.0060851926977687,0.0060851926977687,0.0016227180527382,0.0012170385395537,0.0004056795131845,0.0004056795131845,0.0004056795131845,0.0,0.015415821501014,0.007707910750507,0.007707910750507,0.002839756592292,0.002839756592292,0.0,0.0,0.0,0.0,0.0137931034482758,0.0073022312373225,0.0064908722109533,0.0048681541582149,0.0020283975659229,0.002839756592292,0.0,0.0,0.0,0.0016227180527383,0.0016227180527383,0.0,0.0101419878296145,0.0085192697768762,0.0016227180527383,0.0040567951318456995,0.0036511156186612,0.0004056795131845,0.0020283975659229,0.0,0.0020283975659229,0.0024340770791074,0.0016227180527383,0.0008113590263691,0.0105476673427991,0.0073022312373225,0.0032454361054766,0.0113590263691683,0.0020283975659229,0.0093306288032454,583
2012-09-01,2012,9,2774,616,2158,6,6,0,56,14,42,7,4,3,54,43,11,53,38,15,2,2,0,0,0,0,42,12,30,14,11,3,1,1,0,58,30,28,24,12,12,1,0,1,2,2,0,36,30,6,10,9,1,2,2,0,8,6,2,20,11,9,26,9,17,0.872052813580635,0.1936497956617416,0.6784030179188935,0.0018861993083935,0.0018861993083935,0.0,0.0176045268783401,0.004401131719585,0.0132033951587551,0.0022005658597924003,0.0012574662055957,0.0009430996541967,0.0169757937755422,0.013517761710154,0.0034580320653882,0.0166614272241432,0.0119459289531593,0.0047154982709839,0.0006287331027978,0.0006287331027978,0.0,0.0,0.0,0.0,0.013203395158755,0.0037723986167871,0.0094309965419679,0.0044011317195848994,0.0034580320653882,0.0009430996541967,0.0003143665513989,0.0003143665513989,0.0,0.018233259981137902,0.0094309965419679,0.00880226343917,0.0075447972335742,0.0037723986167871,0.0037723986167871,0.0003143665513989,0.0,0.0003143665513989,0.0006287331027978,0.0006287331027978,0.0,0.0113171958503614,0.0094309965419679,0.0018861993083935,0.0031436655139892,0.0028292989625903,0.0003143665513989,0.0006287331027978,0.0006287331027978,0.0,0.0025149324111913,0.0018861993083935,0.0006287331027978,0.0062873310279785,0.0034580320653882,0.0028292989625903,0.0081735303363721,0.0028292989625903,0.0053442313737818,851
2012-10-01,2012,10,2241,494,1747,8,8,0,33,15,18,11,10,1,55,32,23,53,35,18,5,5,0,0,0,0,38,16,22,16,13,3,2,2,0,61,34,27,22,11,11,1,1,0,4,3,1,33,23,10,16,11,5,3,0,3,12,11,1,22,8,14,33,11,22,0.8447041085563511,0.1862042970222389,0.6584998115341123,0.0030154542027892,0.0030154542027892,0.0,0.0124387485865058,0.0056539766302299,0.0067847719562759,0.0041462495288352,0.0037693177534866,0.0003769317753486,0.020731247644176297,0.0120618168111571,0.0086694308330192,0.019977384093479,0.0131926121372031,0.0067847719562759,0.0018846588767433,0.0018846588767433,0.0,0.0,0.0,0.0,0.014323407463249001,0.0060309084055785,0.0082924990576705,0.0060309084055785,0.0049001130795326,0.0011307953260459,0.0007538635506973,0.0007538635506973,0.0,0.022992838296268303,0.0128156803618545,0.0101771579344138,0.0082924990576704,0.0041462495288352,0.0041462495288352,0.0003769317753486,0.0003769317753486,0.0,0.0015077271013945002,0.0011307953260459,0.0003769317753486,0.012438748586505798,0.0086694308330192,0.0037693177534866,0.006030908405578499,0.0041462495288352,0.0018846588767433,0.0011307953260459,0.0,0.0011307953260459,0.0045231813041838,0.0041462495288352,0.0003769317753486,0.0082924990576704,0.0030154542027892,0.0052770448548812,0.012438748586505701,0.0041462495288352,0.0082924990576705,734
2012-11-01,2012,11,1943,492,1451,6,5,1,39,12,27,1,1,0,46,32,14,47,34,13,3,3,0,1,1,0,26,9,17,11,10,1,0,0,0,42,23,19,17,11,6,1,0,1,1,1,0,23,19,4,8,4,4,5,2,3,9,5,4,20,10,10,38,21,17,0.8533157663592447,0.2160737812911726,0.6372419850680721,0.0026350461133069,0.0021958717610891,0.0004391743522178,0.0171277997364953,0.0052700922266139,0.0118577075098814,0.0004391743522178,0.0004391743522178,0.0,0.0202020202020201,0.0140535792709705,0.0061484409310496,0.0206411945542379,0.0149319279754062,0.0057092665788317,0.0013175230566534,0.0013175230566534,0.0,0.0004391743522178,0.0004391743522178,0.0,0.0114185331576635,0.0039525691699604,0.0074659639877031,0.0048309178743960995,0.0043917435221783,0.0004391743522178,0.0,0.0,0.0,0.0184453227931488,0.0101010101010101,0.0083443126921387,0.007465963987703,0.0048309178743961,0.0026350461133069,0.0004391743522178,0.0,0.0004391743522178,0.0004391743522178,0.0004391743522178,0.0,0.01010101010101,0.0083443126921387,0.0017566974088713,0.0035133948177426,0.0017566974088713,0.0017566974088713,0.002195871761089,0.0008783487044356,0.0013175230566534,0.0039525691699604,0.0021958717610891,0.0017566974088713,0.0087834870443566,0.0043917435221783,0.0043917435221783,0.0166886253842775,0.0092226613965744,0.0074659639877031,690
2012-12-01,2012,12,2031,465,1566,4,4,0,30,12,18,6,6,0,50,32,18,26,23,3,1,1,0,0,0,0,25,9,16,17,15,2,0,0,0,55,34,21,16,4,12,1,0,1,1,1,0,16,10,6,6,5,1,3,3,0,17,11,6,9,3,6,27,14,13,0.8705529361337333,0.1993141877411058,0.6712387483926275,0.0017145306472353,0.0017145306472353,0.0,0.0128589798542648,0.0051435919417059,0.0077153879125589,0.0025717959708529,0.0025717959708529,0.0,0.0214316330904414,0.0137162451778825,0.0077153879125589,0.0111444492070294,0.009858551221603,0.0012858979854264,0.0004286326618088,0.0004286326618088,0.0,0.0,0.0,0.0,0.0107158165452206,0.0038576939562794,0.0068581225889412,0.00728675525075,0.0064294899271324,0.0008572653236176,0.0,0.0,0.0,0.0235747963994856,0.0145735105015002,0.0090012858979854,0.0068581225889412,0.0017145306472353,0.0051435919417059,0.0004286326618088,0.0,0.0004286326618088,0.0004286326618088,0.0004286326618088,0.0,0.006858122588941099,0.0042863266180882,0.0025717959708529,0.0025717959708529,0.0021431633090441,0.0004286326618088,0.0012858979854264,0.0012858979854264,0.0,0.0072867552507499996,0.0047149592798971,0.0025717959708529,0.0038576939562793,0.0012858979854264,0.0025717959708529,0.011573081868838299,0.0060008572653236,0.0055722246035147,645
2013-01-01,2013,1,2067,492,1575,12,9,3,46,21,25,2,2,0,29,20,9,40,35,5,5,5,0,0,0,0,17,1,16,18,18,0,0,0,0,59,23,36,9,2,7,1,0,1,5,4,1,45,38,7,15,13,2,9,4,5,10,8,2,21,12,9,48,25,23,0.8460908718788375,0.2013917314776913,0.6446991404011462,0.0049119934506753,0.0036839950880065,0.0012279983626688,0.018829308227588902,0.0085959885386819,0.010233319688907,0.0008186655751125,0.0008186655751125,0.0,0.0118706508391321,0.0081866557511256,0.0036839950880065,0.016373311502251298,0.0143266475644699,0.0020466639377814,0.0020466639377814,0.0020466639377814,0.0,0.0,0.0,0.0,0.0069586573884567,0.0004093327875562,0.0065493246009005,0.007367990176013,0.007367990176013,0.0,0.0,0.0,0.0,0.0241506344658206,0.0094146541137945,0.0147359803520261,0.0036839950880063997,0.0008186655751125,0.0028653295128939,0.0004093327875562,0.0,0.0004093327875562,0.0020466639377813,0.0016373311502251,0.0004093327875562,0.0184199754400326,0.0155546459271387,0.0028653295128939,0.0061399918133440996,0.0053213262382316,0.0008186655751125,0.0036839950880065003,0.0016373311502251,0.0020466639377814,0.0040933278755627,0.0032746623004502,0.0008186655751125,0.0085959885386818,0.0049119934506753,0.0036839950880065,0.0196479738027015,0.010233319688907,0.0094146541137945,720
2013-02-01,2013,2,2020,472,1548,13,12,1,69,30,39,6,6,0,32,23,9,40,24,16,4,4,0,1,1,0,21,2,19,20,17,3,2,2,0,62,33,29,20,14,6,1,0,1,2,2,0,36,32,4,15,11,4,3,0,3,18,11,7,25,8,17,31,14,17,0.8350558081852004,0.1951219512195122,0.6399338569656883,0.0053741215378255,0.0049607275733774,0.0004133939644481,0.0285241835469201,0.0124018189334435,0.0161223646134766,0.0024803637866887,0.0024803637866887,0.0,0.0132286068623397,0.0095080611823067,0.003720545680033,0.0165357585779247,0.0099214551467548,0.0066143034311699,0.0016535758577924,0.0016535758577924,0.0,0.0004133939644481,0.0004133939644481,0.0,0.0086812732534104,0.0008267879288962,0.0078544853245142,0.008267879288962299,0.007027697395618,0.0012401818933443,0.0008267879288962,0.0008267879288962,0.0,0.0256304257957833,0.0136420008267879,0.0119884249689954,0.0082678792889623,0.0057875155022736,0.0024803637866887,0.0004133939644481,0.0,0.0004133939644481,0.0008267879288962,0.0008267879288962,0.0,0.014882182720132201,0.0132286068623398,0.0016535758577924,0.0062009094667217005,0.0045473336089293,0.0016535758577924,0.0012401818933443,0.0,0.0012401818933443,0.007441091360066101,0.0045473336089293,0.0028937577511368,0.0103348491112029,0.0033071517155849,0.007027697395618,0.0128152128978916,0.0057875155022736,0.007027697395618,707
2013-03-01,2013,3,1813,436,1377,14,11,3,64,27,37,4,3,1,34,24,10,39,23,16,2,2,0,1,0,1,17,1,16,9,7,2,2,2,0,61,24,37,10,4,6,1,0,1,6,5,1,48,41,7,7,7,0,4,4,0,10,6,4,38,20,18,31,13,18,0.8248407643312101,0.1983621474067333,0.6264786169244768,0.0063694267515923,0.0050045495905368,0.0013648771610555,0.0291173794358507,0.0122838944494995,0.0168334849863512,0.0018198362147405999,0.0013648771610555,0.0004549590536851,0.015468607825295598,0.010919017288444,0.0045495905368516,0.0177434030937214,0.0104640582347588,0.0072793448589626,0.0009099181073703,0.0009099181073703,0.0,0.0004549590536851,0.0,0.0004549590536851,0.0077343039126477,0.0004549590536851,0.0072793448589626,0.0040946314831664,0.0031847133757961,0.0009099181073703,0.0009099181073703,0.0009099181073703,0.0,0.0277525022747952,0.010919017288444,0.0168334849863512,0.0045495905368516,0.0018198362147406,0.002729754322111,0.0004549590536851,0.0,0.0004549590536851,0.0027297543221108996,0.0022747952684258,0.0004549590536851,0.021838034576888002,0.0186533212010919,0.0031847133757961,0.0031847133757961,0.0031847133757961,0.0,0.0018198362147406,0.0018198362147406,0.0,0.0045495905368516,0.002729754322111,0.0018198362147406,0.0172884440400363,0.0090991810737033,0.008189262966333,0.0141037306642401,0.0059144676979071,0.008189262966333,652
2013-04-01,2013,4,2003,526,1477,11,10,1,42,16,26,7,6,1,45,27,18,36,18,18,0,0,0,1,1,0,29,7,22,20,18,2,4,4,0,69,31,38,17,10,7,0,0,0,3,3,0,34,27,7,11,7,4,8,7,1,17,11,6,29,19,10,40,22,18,0.8283705541770058,0.2175351530190239,0.6108354011579818,0.0045492142266334995,0.0041356492969396,0.0004135649296939,0.0173697270471463,0.0066170388751033,0.010752688172043,0.0028949545078576,0.0024813895781637,0.0004135649296939,0.0186104218362282,0.0111662531017369,0.0074441687344913,0.0148883374689826,0.0074441687344913,0.0074441687344913,0.0,0.0,0.0,0.0004135649296939,0.0004135649296939,0.0,0.0119933829611248,0.0028949545078577,0.0090984284532671,0.008271298593879201,0.0074441687344913,0.0008271298593879,0.0016542597187758,0.0016542597187758,0.0,0.0285359801488833,0.0128205128205128,0.0157154673283705,0.0070306038047973,0.0041356492969396,0.0028949545078577,0.0,0.0,0.0,0.0012406947890818,0.0012406947890818,0.0,0.0140612076095946,0.0111662531017369,0.0028949545078577,0.0045492142266334995,0.0028949545078577,0.0016542597187758,0.0033085194375515998,0.0028949545078577,0.0004135649296939,0.007030603804797201,0.0045492142266335,0.0024813895781637,0.0119933829611248,0.0078577336641852,0.0041356492969396,0.0165425971877584,0.0090984284532671,0.0074441687344913,767
2013-05-01,2013,5,2108,544,1564,9,7,2,54,24,30,9,7,2,56,33,23,34,25,9,1,1,0,0,0,0,27,1,26,29,25,4,4,3,1,73,40,33,38,23,15,0,0,0,5,4,1,33,29,4,8,6,2,3,3,0,14,10,4,28,18,10,28,16,12,0.8253719655442443,0.2129992169146436,0.6123727486296007,0.0035238841033672,0.0027407987470634,0.0007830853563038,0.0211433046202035,0.009397024275646,0.0117462803445575,0.0035238841033672,0.0027407987470634,0.0007830853563038,0.0219263899765074,0.0129209083790133,0.0090054815974941,0.0133124510571651,0.0097885669537979,0.0035238841033672,0.0003915426781519,0.0003915426781519,0.0,0.0,0.0,0.0,0.010571652310101699,0.0003915426781519,0.0101801096319498,0.0113547376664055,0.0097885669537979,0.0015661707126076,0.0015661707126076,0.0011746280344557,0.0003915426781519,0.028582615505090003,0.0156617071260767,0.0129209083790133,0.0148786217697728,0.0090054815974941,0.0058731401722787,0.0,0.0,0.0,0.0019577133907595,0.0015661707126076,0.0003915426781519,0.0129209083790132,0.0113547376664056,0.0015661707126076,0.0031323414252153,0.0023492560689115,0.0007830853563038,0.0011746280344557,0.0011746280344557,0.0,0.0054815974941267,0.0039154267815191,0.0015661707126076,0.0109631949882536,0.0070477682067345,0.0039154267815191,0.0109631949882536,0.0062646828504306,0.004698512137823,816
2013-06-01,2013,6,1783,468,1315,11,10,1,36,20,16,6,5,1,28,18,10,36,25,11,0,0,0,1,1,0,28,5,23,40,35,5,3,3,0,62,25,37,16,6,10,2,2,0,3,0,3,35,25,10,9,6,3,7,4,3,11,8,3,22,10,12,29,17,12,0.8266110338433008,0.2169680111265646,0.6096430227167362,0.0050996754751969,0.0046360686138154,0.0004636068613815,0.016689847009735602,0.0092721372276309,0.0074177097821047,0.0027816411682892,0.0023180343069077,0.0004636068613815,0.012980992118683199,0.0083449235048678,0.0046360686138154,0.0166898470097357,0.0115901715345387,0.005099675475197,0.0,0.0,0.0,0.0004636068613815,0.0004636068613815,0.0,0.0129809921186833,0.0023180343069077,0.0106629578117756,0.0185442744552618,0.0162262401483541,0.0023180343069077,0.0013908205841446,0.0013908205841446,0.0,0.0287436254056559,0.0115901715345387,0.0171534538711172,0.0074177097821046,0.0027816411682892,0.0046360686138154,0.000927213722763,0.000927213722763,0.0,0.0013908205841446,0.0,0.0013908205841446,0.0162262401483541,0.0115901715345387,0.0046360686138154,0.0041724617524338,0.0027816411682892,0.0013908205841446,0.0032452480296707,0.0018544274455261,0.0013908205841446,0.0050996754751969,0.0037088548910523,0.0013908205841446,0.010199350950393898,0.0046360686138154,0.0055632823365785,0.013444598980064799,0.0078813166434863,0.0055632823365785,684
2013-07-01,2013,7,2166,556,1610,11,10,1,42,21,21,3,2,1,42,28,14,28,23,5,3,2,1,1,0,1,26,4,22,59,56,3,1,1,0,87,44,43,11,2,9,2,2,0,1,0,1,12,9,3,8,8,0,1,1,0,10,6,4,26,13,13,31,19,12,0.84609375,0.2171875,0.62890625,0.004296875,0.00390625,0.000390625,0.01640625,0.008203125,0.008203125,0.0011718750000000002,0.00078125,0.000390625,0.016406249999999997,0.0109375,0.00546875,0.0109375,0.008984375,0.001953125,0.0011718750000000002,0.00078125,0.000390625,0.000390625,0.0,0.000390625,0.01015625,0.0015625,0.00859375,0.023046874999999998,0.021875,0.001171875,0.000390625,0.000390625,0.0,0.033984375,0.0171875,0.016796875,0.004296875,0.00078125,0.003515625,0.00078125,0.00078125,0.0,0.000390625,0.0,0.000390625,0.0046875,0.003515625,0.001171875,0.003125,0.003125,0.0,0.000390625,0.000390625,0.0,0.00390625,0.00234375,0.0015625,0.01015625,0.005078125,0.005078125,0.012109374999999999,0.007421875,0.0046875,800
2013-08-01,2013,8,2176,480,1696,10,8,2,59,27,32,4,4,0,37,25,12,20,13,7,0,0,0,3,2,1,36,6,30,72,64,8,9,9,0,69,36,33,8,3,5,0,0,0,3,2,1,29,22,7,9,5,4,5,3,2,14,10,4,32,13,19,26,12,14,0.8321223709369026,0.1835564053537285,0.648565965583174,0.0038240917782026,0.0030592734225621,0.0007648183556405,0.0225621414913957,0.0103250478011472,0.0122370936902485,0.001529636711281,0.001529636711281,0.0,0.0141491395793498,0.0095602294455066,0.0045889101338432,0.0076481835564052,0.0049713193116634,0.0026768642447418,0.0,0.0,0.0,0.0011472275334606999,0.0007648183556405,0.0003824091778202,0.013766730401529599,0.0022944550669216,0.011472275334608,0.0275334608030592,0.0244741873804971,0.0030592734225621,0.0034416826003824,0.0034416826003824,0.0,0.0263862332695984,0.0137667304015296,0.0126195028680688,0.0030592734225621003,0.0011472275334608,0.0019120458891013,0.0,0.0,0.0,0.0011472275334606999,0.0007648183556405,0.0003824091778202,0.0110898661567876,0.0084130019120458,0.0026768642447418,0.0034416826003823,0.0019120458891013,0.001529636711281,0.0019120458891013002,0.0011472275334608,0.0007648183556405,0.0053537284894836,0.0038240917782026,0.001529636711281,0.012237093690248401,0.0049713193116634,0.007265774378585,0.0099426386233269,0.0045889101338432,0.0053537284894837,740
2013-09-01,2013,9,2233,556,1677,2,2,0,52,22,30,2,1,1,52,33,19,36,21,15,3,3,0,1,1,0,37,10,27,85,79,6,10,10,0,106,62,44,14,7,7,1,1,0,1,1,0,17,9,8,4,1,3,4,3,1,17,13,4,20,10,10,32,18,14,0.8206541712605658,0.2043366409408305,0.6163175303197354,0.0007350238882763,0.0007350238882763,0.0,0.0191106210951855,0.00808526277104,0.0110253583241455,0.0007350238882762,0.0003675119441381,0.0003675119441381,0.0191106210951855,0.01212789415656,0.0069827269386255,0.013230429988974501,0.0077177508269018,0.0055126791620727,0.0011025358324145,0.0011025358324145,0.0,0.0003675119441381,0.0003675119441381,0.0,0.0135979419331127,0.0036751194413818,0.0099228224917309,0.0312385152517456,0.0290334435869165,0.0022050716648291,0.0036751194413818,0.0036751194413818,0.0,0.0389562660786475,0.0227857405365674,0.0161705255420801,0.0051451672179344,0.0025725836089672,0.0025725836089672,0.0003675119441381,0.0003675119441381,0.0,0.0003675119441381,0.0003675119441381,0.0,0.0062477030503489996,0.0033076074972436,0.0029400955531054,0.0014700477765526,0.0003675119441381,0.0011025358324145,0.0014700477765526,0.0011025358324145,0.0003675119441381,0.006247703050349,0.0047776552737963,0.0014700477765527,0.0073502388827636,0.0036751194413818,0.0036751194413818,0.0117603822124218,0.0066152149944873,0.0051451672179345,859
2013-10-01,2013,10,2244,620,1624,7,5,2,54,16,38,8,5,3,26,16,10,32,20,12,2,2,0,0,0,0,21,2,19,139,127,12,76,75,1,88,47,41,16,7,9,1,0,1,4,4,0,38,33,5,23,16,7,4,4,0,24,18,6,19,11,8,37,22,15,0.7868162692847125,0.217391304347826,0.5694249649368864,0.0024544179523141,0.0017531556802244,0.0007012622720897,0.0189340813464234,0.005610098176718,0.0133239831697054,0.0028050490883590002,0.0017531556802244,0.0010518934081346,0.0091164095371668,0.005610098176718,0.0035063113604488,0.0112201963534361,0.0070126227208976,0.0042075736325385,0.0007012622720897,0.0007012622720897,0.0,0.0,0.0,0.0,0.0073632538569424,0.0007012622720897,0.0066619915848527,0.0487377279102383,0.0445301542776998,0.0042075736325385,0.0266479663394108,0.026297335203366,0.0003506311360448,0.030855539971949397,0.0164796633941093,0.0143758765778401,0.0056100981767180005,0.0024544179523141,0.0031556802244039,0.0003506311360448,0.0,0.0003506311360448,0.0014025245441795,0.0014025245441795,0.0,0.0133239831697054,0.011570827489481,0.0017531556802244,0.0080645161290321,0.005610098176718,0.0024544179523141,0.0014025245441795,0.0014025245441795,0.0,0.008415147265077,0.0063113604488078,0.0021037868162692,0.006661991584852599,0.0038569424964936,0.002805049088359,0.0129733520336605,0.0077138849929873,0.0052594670406732,1044
2013-11-01,2013,11,2094,497,1597,10,9,1,45,14,31,10,8,2,52,38,14,35,25,10,1,1,0,5,4,1,21,3,18,13,12,1,3,3,0,81,46,35,20,6,14,1,0,1,3,2,1,28,21,7,16,12,4,2,0,2,9,8,1,22,11,11,28,14,14,0.8440145102781136,0.200322450624748,0.6436920596533656,0.004030632809351,0.0036275695284159,0.0004030632809351,0.0181378476420797,0.0056428859330914,0.0124949617089883,0.004030632809351,0.0032245062474808,0.0008061265618702,0.020959290608625402,0.015316404675534,0.0056428859330914,0.014107214832728601,0.0100765820233776,0.004030632809351,0.0004030632809351,0.0004030632809351,0.0,0.0020153164046755,0.0016122531237404,0.0004030632809351,0.0084643288996372,0.0012091898428053,0.0072551390568319,0.0052398226521563,0.0048367593712212,0.0004030632809351,0.0012091898428053,0.0012091898428053,0.0,0.0326481257557436,0.0185409109230149,0.0141072148327287,0.008061265618702,0.0024183796856106,0.0056428859330914,0.0004030632809351,0.0,0.0004030632809351,0.0012091898428053,0.0008061265618702,0.0004030632809351,0.0112857718661829,0.0084643288996372,0.0028214429665457,0.0064490124949616,0.0048367593712212,0.0016122531237404,0.0008061265618702,0.0,0.0008061265618702,0.0036275695284159,0.0032245062474808,0.0004030632809351,0.0088673921805722,0.0044336960902861,0.0044336960902861,0.0112857718661828,0.0056428859330914,0.0056428859330914,724
2013-12-01,2013,12,2261,460,1801,11,9,2,50,22,28,3,2,1,44,25,19,58,44,14,2,2,0,0,0,0,31,5,26,12,9,3,4,4,0,69,38,31,22,9,13,0,0,0,4,1,3,43,24,19,18,13,5,1,1,0,14,9,5,17,12,5,19,7,12,0.8484052532833021,0.1726078799249531,0.675797373358349,0.0041275797373357,0.0033771106941838,0.0007504690431519,0.0187617260787991,0.0082551594746716,0.0105065666041275,0.0011257035647278001,0.0007504690431519,0.0003752345215759,0.0165103189493433,0.0093808630393996,0.0071294559099437,0.021763602251407,0.0165103189493433,0.0052532833020637,0.0007504690431519,0.0007504690431519,0.0,0.0,0.0,0.0,0.0116322701688555,0.0018761726078799,0.0097560975609756,0.0045028142589117,0.0033771106941838,0.0011257035647279,0.0015009380863039,0.0015009380863039,0.0,0.0258911819887429,0.0142589118198874,0.0116322701688555,0.008255159474671599,0.0033771106941838,0.0048780487804878,0.0,0.0,0.0,0.0015009380863037999,0.0003752345215759,0.0011257035647279,0.0161350844277673,0.0090056285178236,0.0071294559099437,0.0067542213883676995,0.0048780487804878,0.0018761726078799,0.0003752345215759,0.0003752345215759,0.0,0.0052532833020637,0.0033771106941838,0.0018761726078799,0.0063789868667917,0.0045028142589118,0.0018761726078799,0.0071294559099435995,0.0026266416510318,0.0045028142589118,684
2014-01-01,2014,1,2148,455,1693,13,13,0,48,22,26,4,2,2,29,20,9,38,28,10,0,0,0,1,0,1,29,2,27,8,6,2,1,1,0,64,25,39,12,5,7,0,0,0,2,1,1,39,24,15,21,17,4,0,0,0,15,9,6,36,22,14,28,11,17,0.850356294536817,0.1801266825019794,0.6702296120348377,0.0051464766429136,0.0051464766429136,0.0,0.019002375296912,0.0087094220110847,0.0102929532858273,0.0015835312747426,0.0007917656373713,0.0007917656373713,0.0114806017418843,0.0079176563737133,0.003562945368171,0.015043547110055299,0.0110847189231987,0.0039588281868566,0.0,0.0,0.0,0.0003958828186856,0.0,0.0003958828186856,0.0114806017418843,0.0007917656373713,0.010688836104513,0.0031670625494853,0.002375296912114,0.0007917656373713,0.0003958828186856,0.0003958828186856,0.0,0.0253365003958827,0.0098970704671417,0.015439429928741,0.0047505938242279,0.0019794140934283,0.0027711797307996,0.0,0.0,0.0,0.0007917656373712,0.0003958828186856,0.0003958828186856,0.015439429928741,0.009501187648456,0.005938242280285,0.0083135391923989,0.0067300079176563,0.0015835312747426,0.0,0.0,0.0,0.005938242280285,0.003562945368171,0.002375296912114,0.014251781472684001,0.0087094220110847,0.0055423594615993,0.011084718923198601,0.0043547110055423,0.0067300079176563,658
2014-02-01,2014,2,2286,470,1816,11,9,2,37,15,22,11,9,2,30,23,7,58,47,11,4,3,1,1,1,0,52,15,37,8,4,4,0,0,0,92,43,49,34,20,14,0,0,0,3,3,0,40,31,9,5,2,3,4,3,1,16,10,6,26,14,12,27,12,15,0.8379765395894427,0.1722873900293255,0.6656891495601173,0.0040322580645161,0.0032991202346041,0.000733137829912,0.0135630498533723,0.0054985337243401,0.0080645161290322,0.0040322580645161,0.0032991202346041,0.000733137829912,0.0109970674486802,0.0084310850439882,0.002565982404692,0.021260997067448602,0.0172287390029325,0.0040322580645161,0.001466275659824,0.001099706744868,0.000366568914956,0.000366568914956,0.000366568914956,0.0,0.0190615835777125,0.0054985337243401,0.0135630498533724,0.002932551319648,0.001466275659824,0.001466275659824,0.0,0.0,0.0,0.033724340175953,0.0157624633431085,0.0179618768328445,0.012463343108504301,0.0073313782991202,0.0051319648093841,0.0,0.0,0.0,0.001099706744868,0.001099706744868,0.0,0.0146627565982404,0.0113636363636363,0.0032991202346041,0.00183284457478,0.000733137829912,0.001099706744868,0.001466275659824,0.001099706744868,0.000366568914956,0.0058651026392961,0.0036656891495601,0.002199413489736,0.0095307917888562,0.0051319648093841,0.0043988269794721,0.0098973607038122,0.0043988269794721,0.0054985337243401,721
2014-03-01,2014,3,1975,429,1546,4,3,1,35,20,15,6,5,1,26,23,3,27,17,10,3,3,0,0,0,0,34,17,17,7,6,1,0,0,0,70,36,34,11,6,5,2,1,1,3,2,1,31,25,6,12,11,1,4,3,1,7,1,6,35,14,21,28,11,17,0.8542387543252595,0.1855536332179931,0.6686851211072664,0.0017301038062281998,0.0012975778546712,0.000432525951557,0.0151384083044982,0.0086505190311418,0.0064878892733564,0.0025951557093424,0.0021626297577854,0.000432525951557,0.0112456747404843,0.0099480968858131,0.0012975778546712,0.0116782006920414,0.0073529411764705,0.0043252595155709,0.0012975778546712,0.0012975778546712,0.0,0.0,0.0,0.0,0.014705882352941,0.0073529411764705,0.0073529411764705,0.0030276816608995,0.0025951557093425,0.000432525951557,0.0,0.0,0.0,0.0302768166089964,0.0155709342560553,0.0147058823529411,0.0047577854671279,0.0025951557093425,0.0021626297577854,0.000865051903114,0.000432525951557,0.000432525951557,0.0012975778546711,0.0008650519031141,0.000432525951557,0.0134083044982698,0.0108131487889273,0.0025951557093425,0.005190311418685,0.004757785467128,0.000432525951557,0.0017301038062281998,0.0012975778546712,0.000432525951557,0.0030276816608995,0.000432525951557,0.0025951557093425,0.0151384083044982,0.0060553633217993,0.0090830449826989,0.0121107266435985,0.004757785467128,0.0073529411764705,629
2014-04-01,2014,4,2579,612,1967,24,19,5,64,30,34,3,1,2,47,37,10,64,45,19,2,2,0,1,1,0,23,7,16,15,14,1,1,1,0,124,70,54,13,6,7,0,0,0,7,6,1,42,30,12,18,9,9,3,2,1,15,9,6,37,20,17,45,21,24,0.8324725629438348,0.197546804389929,0.6349257585539058,0.0077469335054873,0.0061329890251775,0.0016139444803098,0.0206584893479663,0.0096836668818592,0.0109748224661071,0.0009683666881858,0.0003227888960619,0.0006455777921239,0.0151710781149127,0.011943189154293,0.0032278889606197,0.0206584893479663,0.0145255003227888,0.0061329890251775,0.0006455777921239,0.0006455777921239,0.0,0.0003227888960619,0.0003227888960619,0.0,0.0074241446094254,0.0022595222724338,0.0051646223369916,0.0048418334409295,0.0045190445448676,0.0003227888960619,0.0003227888960619,0.0003227888960619,0.0,0.0400258231116848,0.0225952227243382,0.0174306003873466,0.0041962556488056,0.0019367333763718,0.0022595222724338,0.0,0.0,0.0,0.0022595222724337,0.0019367333763718,0.0003227888960619,0.0135571336346029,0.0096836668818592,0.0038734667527437,0.0058102001291154,0.0029051000645577,0.0029051000645577,0.0009683666881858,0.0006455777921239,0.0003227888960619,0.0048418334409295,0.0029051000645577,0.0019367333763718,0.011943189154293,0.0064557779212395,0.0054874112330535,0.0145255003227888,0.0067785668173014,0.0077469335054874,922
2014-05-01,2014,5,2638,623,2015,18,17,1,80,39,41,8,6,2,38,29,9,62,42,20,1,1,0,0,0,0,33,8,25,12,11,1,3,3,0,137,80,57,23,10,13,0,0,0,5,4,1,38,30,8,12,5,7,4,2,2,11,5,6,34,17,17,63,30,33,0.8279974890144381,0.1955430006277463,0.6324544883866918,0.0056497175141242,0.0053358443188951,0.0003138731952291,0.0251098556183301,0.0122410546139359,0.0128688010043942,0.0025109855618329,0.0018832391713747,0.0006277463904582,0.0119271814187067,0.0091023226616446,0.0028248587570621,0.0194601381042058,0.0131826741996233,0.0062774639045825,0.0003138731952291,0.0003138731952291,0.0,0.0,0.0,0.0,0.0103578154425611,0.002510985561833,0.0078468298807281,0.0037664783427495,0.0034526051475204,0.0003138731952291,0.0009416195856873,0.0009416195856873,0.0,0.043000627746390296,0.0251098556183301,0.0178907721280602,0.0072190834902698,0.0031387319522912,0.0040803515379786,0.0,0.0,0.0,0.0015693659761456002,0.0012554927809165,0.0003138731952291,0.0119271814187068,0.0094161958568738,0.002510985561833,0.0037664783427494002,0.0015693659761456,0.0021971123666038,0.0012554927809164,0.0006277463904582,0.0006277463904582,0.0034526051475203,0.0015693659761456,0.0018832391713747,0.0106716886377902,0.0053358443188951,0.0053358443188951,0.019774011299435,0.0094161958568738,0.0103578154425612,940
2014-06-01,2014,6,2505,622,1883,11,9,2,46,20,26,6,6,0,46,29,17,52,32,20,2,1,1,3,3,0,61,17,44,18,13,5,2,1,1,75,40,35,24,11,13,0,0,0,4,3,1,23,18,5,11,6,5,4,1,3,15,12,3,41,28,13,41,14,27,0.8445718138907619,0.2097100472016183,0.6348617666891436,0.0037086985839514,0.0030343897505057,0.0006743088334457,0.0155091031692514,0.0067430883344571,0.0087660148347943,0.0020229265003371,0.0020229265003371,0.0,0.015509103169251501,0.0097774780849629,0.0057316250842886,0.0175320296695885,0.0107889413351314,0.0067430883344571,0.0006743088334456,0.0003371544167228,0.0003371544167228,0.0010114632501685,0.0010114632501685,0.0,0.0205664194200943,0.0057316250842886,0.0148347943358057,0.0060687795010113,0.0043830074173971,0.0016857720836142,0.0006743088334456,0.0003371544167228,0.0003371544167228,0.025286581254214298,0.0134861766689143,0.0118004045853,0.0080917060013485,0.0037086985839514,0.0043830074173971,0.0,0.0,0.0,0.0013486176668913,0.0010114632501685,0.0003371544167228,0.0077545515846256,0.0060687795010114,0.0016857720836142,0.0037086985839513,0.0020229265003371,0.0016857720836142,0.0013486176668913,0.0003371544167228,0.0010114632501685,0.005057316250842801,0.0040458530006743,0.0010114632501685,0.0138233310856371,0.00944032366824,0.0043830074173971,0.0138233310856371,0.00472016183412,0.0091031692515171,871
2014-07-01,2014,7,2517,513,2004,8,7,1,58,22,36,8,6,2,24,18,6,56,42,14,4,4,0,1,1,0,32,4,28,9,9,0,2,2,0,93,54,39,11,6,5,2,2,0,1,1,0,17,15,2,6,4,2,2,1,1,11,6,5,46,26,20,52,28,24,0.8561224489795918,0.1744897959183673,0.6816326530612244,0.002721088435374,0.0023809523809523,0.0003401360544217,0.0197278911564625,0.0074829931972789,0.0122448979591836,0.0027210884353740996,0.0020408163265306,0.0006802721088435,0.0081632653061224,0.0061224489795918,0.0020408163265306,0.0190476190476189,0.0142857142857142,0.0047619047619047,0.001360544217687,0.001360544217687,0.0,0.0003401360544217,0.0003401360544217,0.0,0.0108843537414965,0.001360544217687,0.0095238095238095,0.0030612244897959,0.0030612244897959,0.0,0.0006802721088435,0.0006802721088435,0.0,0.0316326530612244,0.0183673469387755,0.0132653061224489,0.0037414965986393997,0.0020408163265306,0.0017006802721088,0.0006802721088435,0.0006802721088435,0.0,0.0003401360544217,0.0003401360544217,0.0,0.00578231292517,0.0051020408163265,0.0006802721088435,0.0020408163265304997,0.001360544217687,0.0006802721088435,0.0006802721088434,0.0003401360544217,0.0003401360544217,0.0037414965986393997,0.0020408163265306,0.0017006802721088,0.0156462585034012,0.0088435374149659,0.0068027210884353,0.017687074829931898,0.0095238095238095,0.0081632653061224,755
2014-08-01,2014,8,2906,696,2210,16,14,2,89,36,53,7,5,2,61,54,7,30,20,10,2,1,1,2,0,2,58,14,44,9,6,3,2,2,0,86,43,43,8,3,5,3,1,2,5,3,2,25,18,7,9,5,4,8,4,4,13,9,4,80,39,41,66,32,34,0.8374639769452448,0.2005763688760806,0.6368876080691642,0.004610951008645401,0.0040345821325648,0.0005763688760806,0.0256484149855907,0.0103746397694524,0.0152737752161383,0.0020172910662823,0.0014409221902017,0.0005763688760806,0.017579250720461,0.0155619596541786,0.0020172910662824,0.008645533141210299,0.0057636887608069,0.0028818443804034,0.0005763688760806,0.0002881844380403,0.0002881844380403,0.0005763688760806,0.0,0.0005763688760806,0.01671469740634,0.0040345821325648,0.0126801152737752,0.002593659942363,0.001729106628242,0.000864553314121,0.0005763688760806,0.0005763688760806,0.0,0.0247838616714696,0.0123919308357348,0.0123919308357348,0.0023054755043227,0.000864553314121,0.0014409221902017,0.0008645533141209,0.0002881844380403,0.0005763688760806,0.0014409221902016,0.000864553314121,0.0005763688760806,0.0072046109510086,0.0051873198847262,0.0020172910662824,0.002593659942363,0.0014409221902017,0.0011527377521613,0.0023054755043226,0.0011527377521613,0.0011527377521613,0.0037463976945244,0.0025936599423631,0.0011527377521613,0.0230547550432275,0.0112391930835734,0.0118155619596541,0.0190201729106627,0.009221902017291,0.0097982708933717,995
2014-09-01,2014,9,2977,706,2271,10,9,1,67,22,45,8,5,3,81,55,26,41,24,17,2,1,1,3,2,1,52,16,36,13,13,0,0,0,0,98,51,47,24,13,11,2,1,1,10,6,4,22,15,7,15,10,5,5,1,4,11,10,1,46,17,29,56,26,30,0.8457386363636363,0.2005681818181818,0.6451704545454545,0.002840909090909,0.0025568181818181,0.0002840909090909,0.0190340909090909,0.00625,0.0127840909090909,0.0022727272727271998,0.0014204545454545,0.0008522727272727,0.0230113636363636,0.015625,0.0073863636363636,0.011647727272727199,0.0068181818181818,0.0048295454545454,0.0005681818181818,0.0002840909090909,0.0002840909090909,0.0008522727272727,0.0005681818181818,0.0002840909090909,0.0147727272727272,0.0045454545454545,0.0102272727272727,0.0036931818181818,0.0036931818181818,0.0,0.0,0.0,0.0,0.027840909090909,0.0144886363636363,0.0133522727272727,0.0068181818181818,0.0036931818181818,0.003125,0.0005681818181818,0.0002840909090909,0.0002840909090909,0.002840909090909,0.0017045454545454,0.0011363636363636,0.0062499999999999,0.0042613636363636,0.0019886363636363,0.0042613636363635,0.002840909090909,0.0014204545454545,0.0014204545454545002,0.0002840909090909,0.0011363636363636,0.0031249999999999,0.002840909090909,0.0002840909090909,0.013068181818181701,0.0048295454545454,0.0082386363636363,0.0159090909090908,0.0073863636363636,0.0085227272727272,990
2014-10-01,2014,10,3439,816,2623,20,18,2,85,23,62,10,7,3,101,80,21,51,33,18,4,3,1,10,3,7,103,19,84,38,34,4,2,2,0,148,63,85,37,14,23,0,0,0,6,4,2,40,32,8,27,16,11,6,1,5,22,14,8,64,20,44,94,49,45,0.8038803179055634,0.1907433380084151,0.6131369798971482,0.0046750818139316,0.0042075736325385,0.0004675081813931,0.0198690977092099,0.0053763440860215,0.0144927536231884,0.0023375409069658,0.0016362786348761,0.0007012622720897,0.0236091631603552,0.0187003272557269,0.0049088359046283,0.0119214586255258,0.0077138849929873,0.0042075736325385,0.0009350163627862,0.0007012622720897,0.0002337540906965,0.0023375409069658,0.0007012622720897,0.0016362786348761,0.0240766713417484,0.0044413277232351,0.0196353436185133,0.008882655446470199,0.0079476390836839,0.0009350163627863,0.0004675081813931,0.0004675081813931,0.0,0.034595605423094804,0.0147265077138849,0.0198690977092099,0.0086489013557737,0.0032725572697522,0.0053763440860215,0.0,0.0,0.0,0.0014025245441794,0.0009350163627863,0.0004675081813931,0.009350163627863301,0.0074801309022907,0.0018700327255726,0.0063113604488077,0.0037400654511453,0.0025712949976624,0.0014025245441794002,0.0002337540906965,0.0011687704534829,0.0051425899953247995,0.0032725572697522,0.0018700327255726,0.014960261804581501,0.0046750818139317,0.0102851799906498,0.021972884525479103,0.0114539504441327,0.0105189340813464,1235
2014-11-01,2014,11,3472,828,2644,11,9,2,89,40,49,4,4,0,90,65,25,62,47,15,2,1,1,5,3,2,89,14,75,28,23,5,7,7,0,124,63,61,58,23,35,5,1,4,7,7,0,54,43,11,34,25,9,3,1,2,20,12,8,64,19,45,98,49,49,0.8080055852920642,0.1926925762159646,0.6153130090760996,0.0025599255294390002,0.0020944845240865,0.0004654410053525,0.0207121247381894,0.0093088201070514,0.011403304631138,0.0009308820107051,0.0009308820107051,0.0,0.020944845240865602,0.0151268326739585,0.0058180125669071,0.0144286711659296,0.0109378636257854,0.0034908075401442,0.0004654410053524,0.0002327205026762,0.0002327205026762,0.0011636025133813,0.0006981615080288,0.0004654410053525,0.0207121247381894,0.003258087037468,0.0174540377007214,0.006516174074935901,0.0053525715615545,0.0011636025133814,0.001629043518734,0.001629043518734,0.0,0.028857342331859402,0.014661391668606,0.0141959506632534,0.0134977891552245,0.0053525715615545,0.00814521759367,0.0011636025133812998,0.0002327205026762,0.0009308820107051,0.001629043518734,0.001629043518734,0.0,0.0125669071445193,0.0100069816150802,0.0025599255294391,0.0079124970909936,0.0058180125669071,0.0020944845240865,0.0006981615080286999,0.0002327205026762,0.0004654410053525,0.0046544100535256,0.0027926460321154,0.0018617640214102,0.0148941121712822,0.0044216895508494,0.0104724226204328,0.022806609262276,0.011403304631138,0.011403304631138,1264
2014-12-01,2014,12,3523,811,2712,11,10,1,132,51,81,20,19,1,100,69,31,61,33,28,3,3,0,2,1,1,67,8,59,41,39,2,12,11,1,150,72,78,56,25,31,0,0,0,9,7,2,32,26,6,23,17,6,15,10,5,25,15,10,61,18,43,94,47,47,0.8006818181818182,0.1843181818181818,0.6163636363636363,0.0024999999999999003,0.0022727272727272,0.0002272727272727,0.029999999999999902,0.011590909090909,0.0184090909090909,0.0045454545454545,0.0043181818181818,0.0002272727272727,0.0227272727272726,0.0156818181818181,0.0070454545454545,0.0138636363636363,0.0075,0.0063636363636363,0.0006818181818181,0.0006818181818181,0.0,0.0004545454545454,0.0002272727272727,0.0002272727272727,0.0152272727272727,0.0018181818181818,0.0134090909090909,0.0093181818181817,0.0088636363636363,0.0004545454545454,0.0027272727272727,0.0025,0.0002272727272727,0.034090909090909,0.0163636363636363,0.0177272727272727,0.0127272727272726,0.0056818181818181,0.0070454545454545,0.0,0.0,0.0,0.0020454545454544,0.001590909090909,0.0004545454545454,0.0072727272727272,0.0059090909090909,0.0013636363636363,0.0052272727272726,0.0038636363636363,0.0013636363636363,0.0034090909090908,0.0022727272727272,0.0011363636363636,0.0056818181818181004,0.0034090909090909,0.0022727272727272,0.0138636363636362,0.004090909090909,0.0097727272727272,0.0213636363636362,0.0106818181818181,0.0106818181818181,1275
2015-01-01,2015,1,3418,737,2681,6,5,1,92,34,58,9,6,3,87,66,21,70,43,27,4,3,1,1,1,0,80,14,66,18,17,1,2,2,0,154,76,78,42,8,34,2,1,1,6,4,2,29,25,4,32,17,15,6,0,6,11,10,1,97,41,56,118,56,62,0.8042352941176469,0.1734117647058823,0.6308235294117647,0.0014117647058822,0.0011764705882352,0.000235294117647,0.0216470588235294,0.008,0.0136470588235294,0.0021176470588234,0.0014117647058823,0.0007058823529411,0.020470588235294,0.0155294117647058,0.0049411764705882,0.016470588235294,0.0101176470588235,0.0063529411764705,0.0009411764705881,0.0007058823529411,0.000235294117647,0.000235294117647,0.000235294117647,0.0,0.0188235294117646,0.0032941176470588,0.0155294117647058,0.004235294117647,0.004,0.000235294117647,0.0004705882352941,0.0004705882352941,0.0,0.0362352941176469,0.0178823529411764,0.0183529411764705,0.0098823529411764,0.0018823529411764,0.008,0.000470588235294,0.000235294117647,0.000235294117647,0.0014117647058823,0.0009411764705882,0.0004705882352941,0.0068235294117646,0.0058823529411764,0.0009411764705882,0.0075294117647058,0.004,0.0035294117647058,0.0014117647058823,0.0,0.0014117647058823,0.0025882352941175,0.0023529411764705,0.000235294117647,0.022823529411764597,0.0096470588235294,0.0131764705882352,0.0277647058823528,0.0131764705882352,0.0145882352941176,1147
2015-02-01,2015,2,3413,733,2680,9,9,0,105,38,67,5,5,0,110,80,30,56,34,22,4,2,2,3,1,2,59,14,45,15,12,3,4,3,1,171,85,86,41,10,31,1,0,1,6,5,1,33,19,14,28,19,9,8,1,7,15,8,7,68,25,43,98,34,64,0.809343134930045,0.1738202513635285,0.6355228835665164,0.0021342186388427,0.0021342186388427,0.0,0.0248992174531657,0.0090111453640028,0.0158880720891629,0.0011856770215793,0.0011856770215793,0.0,0.026084894474745,0.0189708323452691,0.0071140621294759,0.013279582641688301,0.0080626037467393,0.005216978894949,0.0009485416172634,0.0004742708086317,0.0004742708086317,0.0007114062129475001,0.0002371354043158,0.0004742708086317,0.013990988854635901,0.0033198956604221,0.0106710931942138,0.0035570310647377998,0.0028456248517903,0.0007114062129475,0.0009485416172633,0.0007114062129475,0.0002371354043158,0.0405501541380127,0.0201565093668484,0.0203936447711643,0.0097225515769503,0.0023713540431586,0.0073511975337917,0.0002371354043158,0.0,0.0002371354043158,0.0014228124258950999,0.0011856770215793,0.0002371354043158,0.0078254683424235,0.0045055726820014,0.0033198956604221,0.0066397913208441,0.0045055726820014,0.0021342186388427,0.0018970832345267998,0.0002371354043158,0.001659947830211,0.0035570310647379,0.0018970832345269,0.001659947830211,0.0161252074934787,0.0059283851078966,0.0101968223855821,0.0232392696229546,0.0080626037467393,0.0151766658762153,1116
2015-03-01,2015,3,3221,628,2593,4,3,1,94,24,70,2,0,2,66,45,21,58,41,17,2,1,1,3,0,3,72,16,56,24,21,3,1,1,0,134,65,69,30,7,23,3,1,2,7,7,0,42,27,15,24,14,10,14,2,12,18,11,7,92,42,50,94,37,57,0.8109264853977844,0.1581067472306143,0.6528197381671702,0.0010070493454178,0.0007552870090634,0.0002517623363544,0.0236656596173211,0.0060422960725075,0.0176233635448136,0.0005035246727089,0.0,0.0005035246727089,0.0166163141993957,0.0113293051359516,0.0052870090634441,0.0146022155085598,0.0103222557905337,0.0042799597180261,0.0005035246727088,0.0002517623363544,0.0002517623363544,0.0007552870090634,0.0,0.0007552870090634,0.018126888217522598,0.0040281973816717,0.0140986908358509,0.0060422960725075,0.0052870090634441,0.0007552870090634,0.0002517623363544,0.0002517623363544,0.0,0.0337361530715004,0.0163645518630412,0.0173716012084592,0.0075528700906343,0.0017623363544813,0.005790533736153,0.0007552870090632999,0.0002517623363544,0.0005035246727089,0.0017623363544813,0.0017623363544813,0.0,0.0105740181268881,0.0067975830815709,0.0037764350453172,0.0060422960725075,0.0035246727089627,0.0025176233635448,0.0035246727089626,0.0005035246727089,0.0030211480362537,0.0045317220543805,0.0027693856998992,0.0017623363544813,0.023162134944612202,0.0105740181268882,0.012588116817724,0.0236656596173212,0.0093152064451158,0.0143504531722054,969
2015-04-01,2015,4,3641,780,2861,6,5,1,107,25,82,12,10,2,99,71,28,75,49,26,3,2,1,4,2,2,84,10,74,21,16,5,4,3,1,167,71,96,67,18,49,3,0,3,11,10,1,25,21,4,30,16,14,9,0,9,16,10,6,71,14,57,109,38,71,0.8037527593818985,0.1721854304635761,0.6315673289183223,0.0013245033112581,0.0011037527593818,0.0002207505518763,0.0236203090507725,0.0055187637969094,0.0181015452538631,0.0026490066225164,0.0022075055187637,0.0004415011037527,0.021854304635761497,0.0156732891832229,0.0061810154525386,0.016556291390728402,0.0108167770419426,0.0057395143487858,0.0006622516556290001,0.0004415011037527,0.0002207505518763,0.0008830022075054,0.0004415011037527,0.0004415011037527,0.0185430463576157,0.0022075055187637,0.016335540838852,0.0046357615894038005,0.003532008830022,0.0011037527593818,0.0008830022075054,0.0006622516556291,0.0002207505518763,0.0368653421633553,0.0156732891832229,0.0211920529801324,0.014790286975717399,0.0039735099337748,0.0108167770419426,0.0006622516556291,0.0,0.0006622516556291,0.00242825607064,0.0022075055187637,0.0002207505518763,0.0055187637969094,0.0046357615894039,0.0008830022075055,0.0066225165562913,0.003532008830022,0.0030905077262693,0.0019867549668874,0.0,0.0019867549668874,0.0035320088300219003,0.0022075055187637,0.0013245033112582,0.0156732891832229,0.0030905077262693,0.0125827814569536,0.024061810154525298,0.0083885209713024,0.0156732891832229,1156
2015-05-01,2015,5,3667,779,2888,10,7,3,127,40,87,8,5,3,102,75,27,65,34,31,3,1,2,2,1,1,117,25,92,17,14,3,13,13,0,128,63,65,45,16,29,7,1,6,10,8,2,30,26,4,32,23,9,6,1,5,17,12,5,51,15,36,71,19,52,0.8152512227656735,0.1731880835927078,0.6420631391729658,0.0022232103156958,0.0015562472209871,0.0006669630947087,0.028234771009337398,0.0088928412627834,0.019341929746554,0.0017785682525566,0.0011116051578479,0.0006669630947087,0.0226767452200977,0.0166740773677189,0.0060026678523788,0.014450867052023,0.0075589150733659,0.0068919519786571,0.0006669630947086,0.0002223210315695,0.0004446420631391,0.000444642063139,0.0002223210315695,0.0002223210315695,0.0260115606936415,0.0055580257892396,0.0204535349044019,0.0037794575366829,0.0031124944419742,0.0006669630947087,0.0028901734104046,0.0028901734104046,0.0,0.028457092040907,0.0140062249888839,0.0144508670520231,0.0100044464206313,0.0035571365051133,0.006447309915518,0.001556247220987,0.0002223210315695,0.0013339261894175,0.0022232103156957003,0.0017785682525566,0.0004446420631391,0.0066696309470875,0.0057803468208092,0.0008892841262783,0.0071142730102266,0.0051133837261004,0.0020008892841262,0.0013339261894174,0.0002223210315695,0.0011116051578479,0.0037794575366829,0.002667852378835,0.0011116051578479,0.0113383726100488,0.0033348154735437,0.0080035571365051,0.015784793241440498,0.0042240995998221,0.0115606936416184,1163
2015-06-01,2015,6,3581,771,2810,10,9,1,48,11,37,12,11,1,69,48,21,49,30,19,3,2,1,0,0,0,84,13,71,28,22,6,2,2,0,65,34,31,35,16,19,8,0,8,8,6,2,32,22,10,23,15,8,5,5,0,17,7,10,35,19,16,51,19,32,0.8630995420583273,0.1858279103398409,0.6772716317184864,0.0024102193299589997,0.0021691973969631,0.0002410219329959,0.0115690527838032,0.0026512412629549,0.0089178115208483,0.0028922631959508,0.0026512412629549,0.0002410219329959,0.0166305133767172,0.0115690527838033,0.0050614605929139,0.0118100747167991,0.007230657989877,0.0045794167269221,0.0007230657989877,0.0004820438659918,0.0002410219329959,0.0,0.0,0.0,0.0202458423716557,0.0031332851289467,0.017112557242709,0.0067486141238852,0.0053024825259098,0.0014461315979754,0.0004820438659918,0.0004820438659918,0.0,0.0156664256447335,0.0081947457218606,0.0074716799228729,0.0084357676548565,0.0038563509279344,0.0045794167269221,0.0019281754639672,0.0,0.0019281754639672,0.0019281754639672,0.0014461315979754,0.0004820438659918,0.0077127018558688,0.0053024825259098,0.002410219329959,0.0055435044589057,0.0036153289949385,0.0019281754639672,0.0012051096649795,0.0012051096649795,0.0,0.0040973728609303,0.0016871535309713,0.002410219329959,0.0084357676548565,0.0045794167269221,0.0038563509279344,0.0122921185827909,0.0045794167269221,0.0077127018558688,1057
2015-07-01,2015,7,3331,798,2533,4,4,0,63,26,37,10,8,2,80,58,22,78,45,33,4,4,0,2,1,1,97,12,85,26,22,4,1,1,0,119,50,69,33,6,27,4,0,4,10,9,1,34,26,8,28,22,6,7,2,5,8,6,2,63,18,45,95,42,53,0.8204433497536945,0.196551724137931,0.6238916256157635,0.0009852216748768,0.0009852216748768,0.0,0.0155172413793103,0.0064039408866995,0.0091133004926108,0.002463054187192,0.0019704433497536,0.0004926108374384,0.0197044334975368,0.0142857142857142,0.0054187192118226,0.0192118226600984,0.0110837438423645,0.0081280788177339,0.0009852216748768,0.0009852216748768,0.0,0.0004926108374384,0.0002463054187192,0.0002463054187192,0.0238916256157635,0.0029556650246305,0.020935960591133,0.0064039408866994,0.0054187192118226,0.0009852216748768,0.0002463054187192,0.0002463054187192,0.0,0.0293103448275861,0.0123152709359605,0.0169950738916256,0.0081280788177339,0.0014778325123152,0.0066502463054187,0.0009852216748768,0.0,0.0009852216748768,0.0024630541871921,0.0022167487684729,0.0002463054187192,0.008374384236453099,0.0064039408866995,0.0019704433497536,0.0068965517241378,0.0054187192118226,0.0014778325123152,0.0017241379310344,0.0004926108374384,0.001231527093596,0.0019704433497536,0.0014778325123152,0.0004926108374384,0.0155172413793103,0.0044334975369458,0.0110837438423645,0.023399014778324997,0.0103448275862068,0.0130541871921182,1140
2015-08-01,2015,8,3506,721,2785,4,4,0,118,41,77,6,5,1,56,38,18,59,32,27,0,0,0,2,2,0,90,10,80,57,54,3,3,3,0,133,75,58,31,11,20,0,0,0,9,8,1,30,26,4,35,25,10,12,1,11,14,7,7,77,41,36,99,27,72,0.8132683832057527,0.1672465785200649,0.6460218046856878,0.0009278589654372,0.0009278589654372,0.0,0.027371839480398903,0.0095105543957318,0.0178612850846671,0.0013917884481558,0.0011598237067965,0.0002319647413593,0.012990025516121499,0.0088146601716539,0.0041753653444676,0.0136859197401994,0.007422871723498,0.0062630480167014,0.0,0.0,0.0,0.0004639294827186,0.0004639294827186,0.0,0.0208768267223381,0.0023196474135931,0.018557179308745,0.0132219902574808,0.0125260960334029,0.0006958942240779,0.0006958942240779,0.0006958942240779,0.0,0.0308513106007886,0.0173973556019485,0.0134539549988401,0.0071909069821386,0.0025516121549524,0.0046392948271862,0.0,0.0,0.0,0.0020876826722338003,0.0018557179308745,0.0002319647413593,0.0069589422407793,0.0060310832753421,0.0009278589654372,0.0081187659475759,0.0057991185339828,0.0023196474135931,0.0027835768963116996,0.0002319647413593,0.0025516121549524,0.0032475063790302,0.0016237531895151,0.0016237531895151,0.017861285084667,0.0095105543957318,0.0083507306889352,0.0229645093945719,0.0062630480167014,0.0167014613778705,1113
2015-09-01,2015,9,3234,772,2462,5,3,2,79,35,44,7,6,1,71,46,25,71,56,15,3,3,0,0,0,0,69,22,47,88,81,7,24,24,0,129,72,57,31,10,21,0,0,0,13,11,2,23,17,6,37,18,19,7,1,6,21,18,3,70,37,33,83,31,52,0.8036779324055665,0.1918489065606362,0.6118290258449304,0.0012425447316103,0.0007455268389662,0.0004970178926441,0.019632206759443202,0.0086978131212723,0.0109343936381709,0.0017395626242544002,0.0014910536779324,0.000248508946322,0.0176441351888667,0.0114314115308151,0.0062127236580516,0.0176441351888667,0.0139165009940357,0.003727634194831,0.0007455268389662,0.0007455268389662,0.0,0.0,0.0,0.0,0.0171471172962225,0.0054671968190854,0.0116799204771371,0.021868787276341797,0.0201292246520874,0.0017395626242544,0.0059642147117296,0.0059642147117296,0.0,0.0320576540755466,0.0178926441351888,0.0141650099403578,0.007703777335984,0.0024850894632206,0.0052186878727634,0.0,0.0,0.0,0.0032306163021868,0.0027335984095427,0.0004970178926441,0.0057157057654075,0.0042246520874751,0.0014910536779324,0.0091948310139164,0.0044731610337972,0.0047216699801192,0.0017395626242544002,0.000248508946322,0.0014910536779324,0.0052186878727634,0.0044731610337972,0.0007455268389662,0.0173956262425447,0.0091948310139165,0.0082007952286282,0.0206262425447315,0.007703777335984,0.0129224652087475,1233
2015-10-01,2015,10,3442,803,2639,8,8,0,115,37,78,13,8,5,100,68,32,68,45,23,3,2,1,1,1,0,81,15,66,95,90,5,24,23,1,152,66,86,60,21,39,3,3,0,10,7,3,25,11,14,61,39,22,6,0,6,18,12,6,50,20,30,81,38,43,0.7838761102254611,0.1828740605784559,0.6010020496470052,0.0018219084491004,0.0018219084491004,0.0,0.0261899339558187,0.0084263265770895,0.0177636073787292,0.0029606012297881,0.0018219084491004,0.0011386927806877,0.0227738556137553,0.0154862218173536,0.0072876337964017,0.0154862218173536,0.0102482350261899,0.0052379867911637,0.0006832156684126,0.0004554771122751,0.0002277385561375,0.0002277385561375,0.0002277385561375,0.0,0.0184468230471418,0.0034160783420633,0.0150307447050785,0.0216351628330675,0.0204964700523798,0.0011386927806877,0.005465725347301199,0.0052379867911637,0.0002277385561375,0.0346162605329081,0.0150307447050785,0.0195855158278296,0.0136643133682532,0.0047825096788886,0.0088818036893646,0.0006832156684126,0.0006832156684126,0.0,0.0022773855613754,0.0015941698929628,0.0006832156684126,0.0056934639034387,0.002505124117513,0.0031883397859257,0.013892051924390702,0.0088818036893646,0.0050102482350261,0.0013664313368253,0.0,0.0013664313368253,0.0040992940104759,0.0027328626736506,0.0013664313368253,0.011386927806877601,0.004554771122751,0.0068321566841266,0.0184468230471418,0.008654065133227,0.0097927579139148,1301
2015-11-01,2015,11,3271,696,2575,5,5,0,130,52,78,11,3,8,98,67,31,59,36,23,1,0,1,1,0,1,56,6,50,93,87,6,34,34,0,114,46,68,42,16,26,0,0,0,9,6,3,44,28,16,55,42,13,13,5,8,19,12,7,89,37,52,83,34,49,0.7804819852063947,0.1660701503221188,0.6144118348842759,0.0011930326890956,0.0011930326890956,0.0,0.031018849916487602,0.012407539966595,0.0186113099498926,0.0026246719160103998,0.0007158196134574,0.001908852302553,0.0233834407062753,0.0159866380338821,0.0073968026723932,0.014077785731329,0.0085898353614889,0.0054879503698401,0.0002386065378191,0.0,0.0002386065378191,0.0002386065378191,0.0,0.0002386065378191,0.013361966117871599,0.0014316392269148,0.0119303268909568,0.0221904080171796,0.0207587687902648,0.0014316392269148,0.0081126222858506,0.0081126222858506,0.0,0.0272011453113814,0.0109759007396802,0.0162252445717012,0.0100214745884036,0.0038177046051061,0.0062037699832975,0.0,0.0,0.0,0.0021474588403722003,0.0014316392269148,0.0007158196134574,0.010498687664041901,0.0066809830589358,0.0038177046051061,0.0131233595800524,0.0100214745884037,0.0031018849916487,0.0031018849916486,0.0011930326890956,0.001908852302553,0.0045335242185635,0.0028632784538296,0.0016702457647339,0.021235981865903003,0.008828441899308,0.012407539966595,0.019804342638988198,0.0081126222858506,0.0116917203531376,1192
2015-12-01,2015,12,3880,729,3151,3,3,0,121,45,76,7,4,3,91,68,23,52,36,16,1,0,1,3,3,0,123,15,108,7,6,1,0,0,0,148,82,66,109,43,66,1,0,1,15,9,6,23,19,4,35,16,19,7,3,4,28,18,10,84,43,41,79,45,34,0.8110367892976589,0.1523829431438127,0.6586538461538461,0.0006270903010033,0.0006270903010033,0.0,0.0252926421404681,0.0094063545150501,0.015886287625418,0.001463210702341,0.0008361204013377,0.0006270903010033,0.0190217391304347,0.0142140468227424,0.0048076923076923,0.0108695652173912,0.0075250836120401,0.0033444816053511,0.0002090301003344,0.0,0.0002090301003344,0.0006270903010033,0.0006270903010033,0.0,0.0257107023411371,0.0031354515050167,0.0225752508361204,0.001463210702341,0.0012541806020066,0.0002090301003344,0.0,0.0,0.0,0.0309364548494982,0.0171404682274247,0.0137959866220735,0.022784280936454702,0.0089882943143812,0.0137959866220735,0.0002090301003344,0.0,0.0002090301003344,0.0031354515050166,0.00188127090301,0.0012541806020066,0.0048076923076922,0.0039715719063545,0.0008361204013377,0.0073160535117056,0.0033444816053511,0.0039715719063545,0.001463210702341,0.0006270903010033,0.0008361204013377,0.005852842809364401,0.00376254180602,0.0020903010033444,0.017558528428093502,0.0089882943143812,0.0085702341137123,0.0165133779264213,0.0094063545150501,0.0071070234113712,1168
2016-01-01,2016,1,3607,642,2965,8,6,2,113,35,78,9,6,3,75,46,29,81,45,36,4,1,3,2,1,1,93,11,82,8,5,3,1,1,0,118,64,54,91,30,61,3,2,1,10,10,0,72,60,12,33,22,11,2,1,1,11,6,5,72,17,55,85,24,61,0.8092887592551044,0.1440430783037918,0.6652456809513125,0.0017949293246577,0.0013461969934933,0.0004487323311644,0.0253533767107919,0.007852815795378,0.0175005609154139,0.0020192954902399,0.0013461969934933,0.0006730984967466,0.0168274624186671,0.0103208436167825,0.0065066188018846,0.018173659412160502,0.0100964774512003,0.0080771819609602,0.0008974646623288,0.0002243661655822,0.0006730984967466,0.0004487323311644,0.0002243661655822,0.0002243661655822,0.0208660533991473,0.0024680278214045,0.0183980255777428,0.0017949293246577,0.0011218308279111,0.0006730984967466,0.0002243661655822,0.0002243661655822,0.0,0.0264752075387031,0.0143594345972627,0.0121157729414404,0.0204173210679829,0.0067309849674669,0.013686336100516,0.0006730984967466,0.0004487323311644,0.0002243661655822,0.0022436616558223,0.0022436616558223,0.0,0.0161543639219205,0.0134619699349338,0.0026923939869867,0.007404083464213501,0.004936055642809,0.0024680278214045,0.0004487323311644,0.0002243661655822,0.0002243661655822,0.0024680278214044,0.0013461969934933,0.0011218308279111,0.0161543639219205,0.0038142248148979,0.0123401391070226,0.0190711240744895,0.0053847879739735,0.013686336100516,1019
2016-02-01,2016,2,3760,789,2971,8,5,3,99,28,71,3,2,1,101,69,32,97,61,36,1,0,1,3,1,2,78,8,70,6,5,1,2,1,1,163,86,77,70,15,55,2,1,1,5,5,0,28,22,6,26,17,9,8,1,7,11,6,5,93,38,55,101,26,75,0.8133246809431105,0.1706683971447112,0.6426562837983993,0.0017304780445597,0.0010815487778498,0.0006489292667099,0.0214146658014276,0.0060566731559593,0.0153579926454683,0.0006489292667098,0.0004326195111399,0.0002163097555699,0.0218472853125675,0.0149253731343283,0.0069219121782392,0.0209820462902876,0.0131948950897685,0.0077871512005191,0.0002163097555699,0.0,0.0002163097555699,0.0006489292667098,0.0002163097555699,0.0004326195111399,0.0168721609344581,0.0017304780445598,0.0151416828898983,0.0012978585334197002,0.0010815487778498,0.0002163097555699,0.0004326195111398,0.0002163097555699,0.0002163097555699,0.035258490157906,0.0186026389790179,0.0166558511788881,0.0151416828898982,0.0032446463335496,0.0118970365563486,0.0004326195111398,0.0002163097555699,0.0002163097555699,0.0010815487778498,0.0010815487778498,0.0,0.006056673155959201,0.0047588146225394,0.0012978585334198,0.0056240536448192,0.0036772658446895,0.0019467878001297,0.0017304780445597,0.0002163097555699,0.0015141682889898,0.0023794073112696,0.0012978585334198,0.0010815487778498,0.020116807268007603,0.008219770711659,0.0118970365563486,0.0218472853125675,0.0056240536448193,0.0162232316677482,1164
2016-03-01,2016,3,3367,737,2630,7,7,0,83,25,58,2,2,0,110,82,28,69,38,31,2,0,2,3,0,3,78,9,69,16,13,3,0,0,0,145,66,79,52,19,33,2,2,0,5,3,2,18,11,7,40,28,12,4,0,4,11,9,2,89,32,57,101,39,62,0.8070469798657718,0.1766538830297219,0.6303930968360498,0.0016778523489932,0.0016778523489932,0.0,0.019894534995206,0.0059923298178331,0.0139022051773729,0.0004793863854266,0.0004793863854266,0.0,0.0263662511984659,0.0196548418024928,0.0067114093959731,0.0165388302972195,0.0091083413231064,0.0074304889741131,0.0004793863854266,0.0,0.0004793863854266,0.0007190795781399,0.0,0.0007190795781399,0.0186960690316394,0.0021572387344199,0.0165388302972195,0.0038350910834131,0.0031160115052732,0.0007190795781399,0.0,0.0,0.0,0.0347555129434323,0.0158197507190795,0.0189357622243528,0.012464046021092901,0.0045541706615532,0.0079098753595397,0.0004793863854266,0.0004793863854266,0.0,0.0011984659635665,0.0007190795781399,0.0004793863854266,0.0043144774688397,0.0026366251198465,0.0016778523489932,0.009587727708533,0.0067114093959731,0.0028763183125599,0.0009587727708533,0.0,0.0009587727708533,0.0026366251198465,0.0021572387344199,0.0004793863854266,0.021332694151486,0.0076701821668264,0.0136625119846596,0.0242090124640459,0.0093480345158197,0.0148609779482262,1104
2016-04-01,2016,4,3961,1429,2532,12,11,1,52,20,32,11,11,0,239,214,25,47,23,24,1,0,1,3,1,2,73,18,55,13,12,1,0,0,0,111,63,48,42,15,27,0,0,0,31,28,3,72,63,9,24,16,8,2,0,2,32,30,2,188,125,63,220,173,47,0.7742376856919468,0.2793197810789679,0.4949179046129789,0.0023455824863174,0.0021501172791243,0.0001954652071931,0.010164190774042101,0.0039093041438623,0.0062548866301798,0.0021501172791243,0.0021501172791243,0.0,0.0467161845191555,0.0418295543393276,0.0048866301798279,0.0091868647380765,0.0044956997654417,0.0046911649726348,0.0001954652071931,0.0,0.0001954652071931,0.0005863956215792999,0.0001954652071931,0.0003909304143862,0.0142689601250976,0.0035183737294761,0.0107505863956215,0.0025410476935105,0.0023455824863174,0.0001954652071931,0.0,0.0,0.0,0.0216966379984362,0.0123143080531665,0.0093823299452697,0.0082095387021109,0.0029319781078967,0.0052775605942142,0.0,0.0,0.0,0.0060594214229866,0.0054730258014073,0.0005863956215793,0.0140734949179045,0.0123143080531665,0.001759186864738,0.0046911649726348,0.0031274433150899,0.0015637216575449,0.0003909304143862,0.0,0.0003909304143862,0.0062548866301797,0.0058639562157935,0.0003909304143862,0.0367474589523064,0.0244331508991399,0.0123143080531665,0.04300234558248629,0.0338154808444097,0.0091868647380766,2244
2016-05-01,2016,5,3890,1048,2842,11,10,1,85,30,55,2,1,1,175,137,38,64,42,22,2,1,1,1,0,1,75,10,65,25,22,3,1,1,0,149,87,62,76,30,46,3,1,2,13,11,2,17,16,1,30,17,13,5,0,5,21,15,6,80,44,36,143,78,65,0.8040512608515915,0.2166184373708143,0.5874328234807772,0.0022736668044645004,0.0020669698222405,0.000206696982224,0.0175692434890449,0.0062009094667217,0.0113683340223232,0.000413393964448,0.000206696982224,0.000206696982224,0.0361719718892103,0.0283174865646961,0.0078544853245142,0.0132286068623398,0.0086812732534105,0.0045473336089293,0.000413393964448,0.000206696982224,0.000206696982224,0.000206696982224,0.0,0.000206696982224,0.0155022736668043,0.0020669698222405,0.0134353038445638,0.0051674245556014,0.0045473336089293,0.0006200909466721,0.000206696982224,0.000206696982224,0.0,0.0307978503513847,0.0179826374534931,0.0128152128978916,0.0157089706490284,0.0062009094667217,0.0095080611823067,0.0006200909466721,0.000206696982224,0.0004133939644481,0.0026870607689127002,0.0022736668044646,0.0004133939644481,0.0035138486978089,0.0033071517155849,0.000206696982224,0.0062009094667217,0.003513848697809,0.0026870607689127,0.0010334849111202,0.0,0.0010334849111202,0.004340636626705099,0.0031004547333608,0.0012401818933443,0.0165357585779247,0.0090946672178586,0.0074410913600661,0.0295576684580404,0.0161223646134766,0.0134353038445638,1580
2016-06-01,2016,6,3733,834,2899,13,10,3,55,16,39,6,5,1,147,120,27,55,37,18,4,2,2,4,2,2,81,8,73,21,16,5,2,2,0,131,68,63,36,12,24,2,0,2,9,6,3,23,12,11,20,11,9,13,3,10,8,7,1,81,21,60,114,48,66,0.8231532524807056,0.1839029768467475,0.6392502756339581,0.0028665931642778003,0.0022050716648291,0.0006615214994487,0.01212789415656,0.0035281146637265,0.0085997794928335,0.0013230429988973999,0.0011025358324145,0.0002205071664829,0.0324145534729877,0.0264608599779492,0.0059536934950385,0.0121278941565599,0.0081587651598676,0.0039691289966923,0.0008820286659316,0.0004410143329658,0.0004410143329658,0.0008820286659316,0.0004410143329658,0.0004410143329658,0.0178610804851156,0.0017640573318632,0.0160970231532524,0.004630650496141,0.0035281146637265,0.0011025358324145,0.0004410143329658,0.0004410143329658,0.0,0.0288864388092612,0.0149944873208379,0.0138919514884233,0.0079382579933847,0.0026460859977949,0.0052921719955898,0.0004410143329658,0.0,0.0004410143329658,0.0019845644983461,0.0013230429988974,0.0006615214994487,0.0050716648291068995,0.0026460859977949,0.002425578831312,0.0044101433296580995,0.002425578831312,0.0019845644983461,0.0028665931642778003,0.0006615214994487,0.0022050716648291,0.0017640573318632,0.0015435501653803,0.0002205071664829,0.0178610804851157,0.0046306504961411,0.0132304299889746,0.0251378169790518,0.0105843439911797,0.0145534729878721,1226
2016-07-01,2016,7,3474,895,2579,5,3,2,79,38,41,23,15,8,112,94,18,57,33,24,27,26,1,0,0,0,89,15,74,21,20,1,1,1,0,135,61,74,78,56,22,5,3,2,8,6,2,19,13,6,23,12,11,7,2,5,12,10,2,71,33,38,99,54,45,0.8028657268315229,0.2068407672752484,0.5960249595562745,0.0011555350127108,0.0006933210076265,0.0004622140050843,0.0182574532008319,0.0087820660966027,0.0094753871042292,0.00531546105847,0.0034666050381326,0.0018488560203374,0.025883984284723698,0.0217240582389646,0.0041599260457591,0.013173099144904,0.0076265310838918,0.0055465680610122,0.0062398890686387,0.0060087820660966,0.0002311070025421,0.0,0.0,0.0,0.020568523226253698,0.0034666050381326,0.0171019181881211,0.0048532470533855995,0.0046221400508435,0.0002311070025421,0.0002311070025421,0.0002311070025421,0.0,0.0311994453431938,0.0140975271550727,0.0171019181881211,0.0180263461982897,0.0129419921423619,0.0050843540559278,0.0011555350127108,0.0006933210076265,0.0004622140050843,0.0018488560203373,0.001386642015253,0.0004622140050843,0.0043910330483013,0.0030043910330483,0.001386642015253,0.00531546105847,0.0027732840305061,0.0025421770279639,0.0016177490177951,0.0004622140050843,0.0011555350127108,0.002773284030506,0.0023110700254217,0.0004622140050843,0.0164085971804945,0.0076265310838918,0.0087820660966027,0.0228795932516754,0.0124797781372775,0.0103998151143979,1379
2016-08-01,2016,8,4115,907,3208,15,13,2,153,66,87,9,6,3,120,93,27,45,30,15,12,11,1,3,3,0,114,23,91,15,14,1,3,3,0,219,114,105,64,28,36,5,2,3,9,8,1,28,20,8,26,16,10,8,3,5,16,8,8,80,21,59,87,33,54,0.8038679429576089,0.1771830435631959,0.626684899394413,0.0029302598163703,0.002539558507521,0.0003907013088493,0.0298886501269778,0.0128931431920296,0.0169955069349482,0.0017581558898221,0.0011721039265481,0.000586051963274,0.023442078530962897,0.0181676108614963,0.0052744676694666,0.008790779449111,0.0058605196327407,0.0029302598163703,0.0023442078530962,0.0021488571986716,0.0001953506544246,0.000586051963274,0.000586051963274,0.0,0.0222699746044149,0.0044930650517679,0.017776909552647,0.0029302598163702,0.0027349091619456,0.0001953506544246,0.000586051963274,0.000586051963274,0.0,0.0427817933190075,0.0222699746044149,0.0205118187145926,0.012502441883180199,0.0054698183238913,0.0070326235592889,0.0009767532721233,0.0003907013088493,0.000586051963274,0.0017581558898220999,0.0015628052353975,0.0001953506544246,0.0054698183238913,0.0039070130884938,0.0015628052353975,0.005079117015041899,0.003125610470795,0.0019535065442469,0.0015628052353974,0.000586051963274,0.0009767532721234,0.003125610470795,0.0015628052353975,0.0015628052353975,0.0156280523539753,0.0041023637429185,0.0115256886110568,0.0169955069349481,0.0064465715960148,0.0105489353389333,1403
2016-09-01,2016,9,3821,961,2860,13,12,1,77,37,40,33,22,11,113,73,40,55,30,25,2,2,0,0,0,0,95,21,74,70,59,11,4,4,0,206,96,110,116,77,39,3,3,0,7,7,0,38,34,4,28,16,12,7,1,6,17,16,1,52,18,34,66,27,39,0.7963734889537307,0.2002917882451021,0.5960817007086286,0.0027094622759482,0.0025010421008753,0.0002084201750729,0.016048353480616798,0.007711546477699,0.0083368070029178,0.0068778657774072,0.0045852438516048,0.0022926219258024,0.0235514797832429,0.0152146727803251,0.0083368070029178,0.011463109629012,0.0062526052521884,0.0052105043768236,0.0004168403501458,0.0004168403501458,0.0,0.0,0.0,0.0,0.0197999166319298,0.0043768236765318,0.015423092955398,0.0145894122551062,0.0122967903293038,0.0022926219258024,0.0008336807002917,0.0008336807002917,0.0,0.042934556065026996,0.0200083368070029,0.0229262192580241,0.0241767403084618,0.0160483534806169,0.0081283868278449,0.0006252605252188,0.0006252605252188,0.0,0.0014589412255106,0.0014589412255106,0.0,0.0079199666527719,0.0070862859524802,0.0008336807002917,0.0058357649020424,0.0033347228011671,0.0025010421008753,0.0014589412255104999,0.0002084201750729,0.0012505210504376,0.0035431429762400003,0.0033347228011671,0.0002084201750729,0.0108378491037932,0.003751563151313,0.0070862859524802,0.0137557315548144,0.0056273447269695,0.0081283868278449,1504
2016-10-01,2016,10,4059,956,3103,10,9,1,75,30,45,6,4,2,96,67,29,60,33,27,5,5,0,0,0,0,125,21,104,35,32,3,4,4,0,204,82,122,87,35,52,1,1,0,16,12,4,21,16,5,29,16,13,7,1,6,21,15,6,71,24,47,86,34,52,0.8150602409638554,0.1919678714859437,0.6230923694779117,0.002008032128514,0.0018072289156626,0.0002008032128514,0.0150602409638553,0.0060240963855421,0.0090361445783132,0.0012048192771084,0.0008032128514056,0.0004016064257028,0.0192771084337348,0.0134538152610441,0.0058232931726907,0.0120481927710842,0.0066265060240963,0.0054216867469879,0.001004016064257,0.001004016064257,0.0,0.0,0.0,0.0,0.0251004016064256,0.0042168674698795,0.0208835341365461,0.0070281124497991,0.0064257028112449,0.0006024096385542,0.0008032128514056,0.0008032128514056,0.0,0.0409638554216866,0.0164658634538152,0.0244979919678714,0.0174698795180721,0.0070281124497991,0.010441767068273,0.0002008032128514,0.0002008032128514,0.0,0.0032128514056224,0.0024096385542168,0.0008032128514056,0.0042168674698794,0.0032128514056224,0.001004016064257,0.0058232931726906,0.0032128514056224,0.0026104417670682,0.0014056224899598,0.0002008032128514,0.0012048192771084,0.0042168674698794,0.003012048192771,0.0012048192771084,0.0142570281124497,0.0048192771084337,0.009437751004016,0.0172690763052207,0.0068273092369477,0.010441767068273,1377
2016-11-01,2016,11,4231,972,3259,7,7,0,110,40,70,11,7,4,101,67,34,101,64,37,4,1,3,3,2,1,92,8,84,25,22,3,0,0,0,171,78,93,106,36,70,1,1,0,16,13,3,30,18,12,28,19,9,4,2,2,24,14,10,59,20,39,84,35,49,0.8191674733785093,0.188189738625363,0.6309777347531462,0.0013552758954501,0.0013552758954501,0.0,0.0212971926427879,0.0077444336882865,0.0135527589545014,0.0021297192642787,0.0013552758954501,0.0007744433688286,0.0195546950629234,0.0129719264278799,0.0065827686350435,0.0195546950629234,0.0123910939012584,0.007163601161665,0.0007744433688285,0.0001936108422071,0.0005808325266214,0.0005808325266214,0.0003872216844143,0.0001936108422071,0.017812197483058997,0.0015488867376573,0.0162633107454017,0.0048402710551789,0.0042594385285575,0.0005808325266214,0.0,0.0,0.0,0.0331074540174249,0.0151016456921587,0.0180058083252662,0.0205227492739592,0.0069699903194578,0.0135527589545014,0.0001936108422071,0.0001936108422071,0.0,0.0030977734753145,0.0025169409486931,0.0005808325266214,0.0058083252662148,0.0034849951597289,0.0023233301064859,0.0054211035818005,0.0036786060019361,0.0017424975798644,0.0007744433688286,0.0003872216844143,0.0003872216844143,0.0046466602129718,0.0027105517909002,0.0019361084220716,0.0114230396902225,0.0038722168441432,0.0075508228460793,0.016263310745401702,0.0067763794772507,0.009486931268151,1405
2016-12-01,2016,12,2884,718,2166,14,12,2,63,30,33,23,15,8,87,56,31,34,20,14,1,1,0,0,0,0,90,13,77,13,13,0,1,1,0,123,56,67,90,23,67,1,0,1,6,3,3,34,26,8,33,25,8,5,1,4,17,11,6,49,24,25,105,69,36,0.788193495490571,0.1962284777261546,0.5919650177644165,0.0038261820169444003,0.0032795845859524,0.000546597430992,0.0172178190762503,0.0081989614648811,0.0090188576113692,0.0062858704564087,0.0040994807324405,0.0021863897239682,0.0237769882481551,0.015304728067778,0.0084722601803771,0.009292156326865201,0.0054659743099207,0.0038261820169445,0.000273298715496,0.000273298715496,0.0,0.0,0.0,0.0,0.0245968843946432,0.0035528833014484,0.0210440010931948,0.0035528833014484,0.0035528833014484,0.0,0.000273298715496,0.000273298715496,0.0,0.0336157420060124,0.015304728067778,0.0183110139382344,0.0245968843946432,0.0062858704564088,0.0183110139382344,0.000273298715496,0.0,0.000273298715496,0.0016397922929762,0.0008198961464881,0.0008198961464881,0.0092921563268651,0.0071057666028969,0.0021863897239682,0.0090188576113691,0.0068324678874009,0.0021863897239682,0.0013664935774801,0.000273298715496,0.0010931948619841,0.0046460781634326005,0.0030062858704564,0.0016397922929762,0.0133916370593057,0.0065591691719048,0.0068324678874009,0.0286963651270838,0.0188576113692265,0.0098387537578573,1111
2017-01-01,2017,1,1599,436,1163,6,6,0,47,22,25,3,3,0,46,31,15,37,30,7,1,1,0,0,0,0,46,5,41,4,4,0,4,4,0,123,58,65,44,14,30,2,1,1,5,4,1,13,9,4,15,11,4,3,1,2,11,7,4,36,10,26,38,9,29,0.7717181467181466,0.2104247104247104,0.5612934362934363,0.0028957528957528,0.0028957528957528,0.0,0.0226833976833976,0.0106177606177606,0.012065637065637,0.0014478764478764,0.0014478764478764,0.0,0.0222007722007721,0.0149613899613899,0.0072393822393822,0.0178571428571427,0.0144787644787644,0.0033783783783783,0.0004826254826254,0.0004826254826254,0.0,0.0,0.0,0.0,0.0222007722007721,0.0024131274131274,0.0197876447876447,0.0019305019305019,0.0019305019305019,0.0,0.0019305019305019,0.0019305019305019,0.0,0.0593629343629342,0.0279922779922779,0.0313706563706563,0.0212355212355211,0.0067567567567567,0.0144787644787644,0.0009652509652508,0.0004826254826254,0.0004826254826254,0.0024131274131273,0.0019305019305019,0.0004826254826254,0.0062741312741312,0.0043436293436293,0.0019305019305019,0.0072393822393822,0.0053088803088803,0.0019305019305019,0.0014478764478763001,0.0004826254826254,0.0009652509652509,0.0053088803088802,0.0033783783783783,0.0019305019305019,0.0173745173745173,0.0048262548262548,0.0125482625482625,0.0183397683397682,0.0043436293436293,0.0139961389961389,657
2017-02-01,2017,2,2798,795,2003,7,4,3,91,61,30,11,9,2,140,111,29,52,36,16,0,0,0,1,1,0,75,13,62,5,5,0,1,1,0,152,98,54,56,18,38,0,0,0,4,3,1,29,20,9,17,14,3,7,4,3,18,14,4,56,34,22,72,33,39,0.7857343442853131,0.223251895534962,0.562482448750351,0.0019657399606852,0.0011232799775344,0.0008424599831508,0.0255546194889076,0.0171300196573996,0.008424599831508,0.0030890199382196002,0.0025273799494524,0.0005616399887672,0.039314799213703996,0.0311710193765796,0.0081437798371244,0.014602639707947201,0.0101095197978096,0.0044931199101376,0.0,0.0,0.0,0.0002808199943836,0.0002808199943836,0.0,0.02106149957877,0.0036506599269868,0.0174108396517832,0.001404099971918,0.001404099971918,0.0,0.0002808199943836,0.0002808199943836,0.0,0.0426846391463072,0.0275203594495928,0.0151642796967144,0.0157259196854816,0.0050547598989048,0.0106711597865768,0.0,0.0,0.0,0.0011232799775344,0.0008424599831508,0.0002808199943836,0.008143779837124401,0.005616399887672,0.0025273799494524,0.0047739399045212,0.0039314799213704,0.0008424599831508,0.0019657399606852,0.0011232799775344,0.0008424599831508,0.0050547598989048,0.0039314799213704,0.0011232799775344,0.0157259196854816,0.0095478798090424,0.0061780398764392,0.0202190395956192,0.0092670598146588,0.0109519797809604,1253
2017-03-01,2017,3,3424,780,2644,15,13,2,85,40,45,9,3,6,100,77,23,67,48,19,4,2,2,7,5,2,71,12,59,15,15,0,5,5,0,172,91,81,67,30,37,3,0,3,5,2,3,20,16,4,14,11,3,3,1,2,22,19,3,88,23,65,88,40,48,0.8054575394024935,0.1834862385321101,0.6219713008703834,0.0035285815102328003,0.0030581039755351,0.0004704775346977,0.0199952952246529,0.0094095506939543,0.0105857445306986,0.0021171489061396,0.0007057163020465,0.0014114326040931,0.0235238767348858,0.0181133850858621,0.0054104916490237,0.015760997412373502,0.0112914608327452,0.0044695365796283,0.0009409550693954,0.0004704775346977,0.0004704775346977,0.0016466713714419,0.0011761938367442,0.0004704775346977,0.016701952481768898,0.0028228652081863,0.0138790872735826,0.0035285815102328,0.0035285815102328,0.0,0.0011761938367442,0.0011761938367442,0.0,0.040461067984003604,0.0214067278287461,0.0190543401552575,0.015760997412373398,0.0070571630204657,0.0087038343919077,0.0007057163020465,0.0,0.0007057163020465,0.0011761938367442,0.0004704775346977,0.0007057163020465,0.0047047753469771,0.0037638202775817,0.0009409550693954,0.0032933427428839,0.0025876264408374,0.0007057163020465,0.0007057163020465,0.0002352387673488,0.0004704775346977,0.0051752528816748,0.0044695365796283,0.0007057163020465,0.020701011526699502,0.0054104916490237,0.0152905198776758,0.020701011526699502,0.0094095506939543,0.0112914608327452,1208
2017-04-01,2017,4,3407,690,2717,6,6,0,63,22,41,27,23,4,132,101,31,51,39,12,4,3,1,6,2,4,101,24,77,38,36,2,4,4,0,150,74,76,78,24,54,2,1,1,20,17,3,40,29,11,15,12,3,8,0,8,11,7,4,77,25,52,125,41,84,0.7835786568537257,0.1586936522539098,0.624885004599816,0.0013799448022079,0.0013799448022079,0.0,0.014489420423182901,0.0050597976080956,0.0094296228150873,0.0062097516099355,0.0052897884084636,0.0009199632014719,0.030358785648574,0.0232290708371665,0.0071297148114075,0.0117295308187672,0.0089696412143514,0.0027598896044158,0.0009199632014718001,0.0006899724011039,0.0002299908003679,0.0013799448022077999,0.0004599816007359,0.0009199632014719,0.0232290708371664,0.0055197792088316,0.0177092916283348,0.0087396504139833,0.0082796688132474,0.0004599816007359,0.0009199632014719,0.0009199632014719,0.0,0.0344986200551977,0.0170193192272309,0.0174793008279668,0.0179392824287028,0.0055197792088316,0.0124195032198712,0.0004599816007358,0.0002299908003679,0.0002299908003679,0.0045998160073595995,0.0039098436062557,0.0006899724011039,0.0091996320147193,0.0066697332106715,0.0025298988040478,0.0034498620055197003,0.0027598896044158,0.0006899724011039,0.0018399264029438,0.0,0.0018399264029438,0.0025298988040477,0.0016099356025758,0.0009199632014719,0.0177092916283348,0.0057497700091996,0.0119595216191352,0.028748850045998003,0.0094296228150873,0.0193192272309107,1172
2017-05-01,2017,5,3554,849,2705,17,15,2,80,26,54,34,29,5,94,74,20,54,32,22,0,0,0,0,0,0,82,20,62,16,14,2,2,2,0,168,97,71,46,16,30,3,1,2,9,8,1,26,21,5,25,16,9,3,0,3,14,9,5,61,20,41,127,43,84,0.8091985428051002,0.1933060109289617,0.6158925318761385,0.003870673952641,0.003415300546448,0.000455373406193,0.0182149362477231,0.00591985428051,0.0122950819672131,0.007741347905282201,0.0066029143897996,0.0011384335154826,0.0214025500910745,0.0168488160291438,0.0045537340619307,0.012295081967213,0.0072859744990892,0.0050091074681238,0.0,0.0,0.0,0.0,0.0,0.0,0.018670309653916098,0.0045537340619307,0.0141165755919854,0.0036429872495445,0.0031876138433515,0.000455373406193,0.000455373406193,0.000455373406193,0.0,0.0382513661202185,0.0220856102003643,0.0161657559198542,0.0104735883424407,0.0036429872495446,0.0068306010928961,0.0006830601092895,0.0002276867030965,0.000455373406193,0.0020491803278688,0.0018214936247723,0.0002276867030965,0.0059198542805099005,0.0047814207650273,0.0011384335154826,0.0056921675774134,0.0036429872495446,0.0020491803278688,0.0006830601092896,0.0,0.0006830601092896,0.0031876138433514,0.0020491803278688,0.0011384335154826,0.0138888888888888,0.0045537340619307,0.0093351548269581,0.028916211293260302,0.0097905282331511,0.0191256830601092,1276
2017-06-01,2017,6,3481,822,2659,17,17,0,78,37,41,8,6,2,83,69,14,45,29,16,2,1,1,2,1,1,101,21,80,12,11,1,0,0,0,206,123,83,52,21,31,0,0,0,12,12,0,24,14,10,27,19,8,6,0,6,18,16,2,63,28,35,105,32,73,0.8059736050011577,0.1903218337578143,0.6156517712433434,0.0039360963185922,0.0039360963185922,0.0,0.0180597360500114,0.0085667978698772,0.0094929381801342,0.001852280620514,0.0013892104653855,0.0004630701551285,0.0192174114378328,0.0159759203519333,0.0032414910858995,0.0104190784903912,0.0067145172493632,0.003704561241028,0.0004630701551284,0.0002315350775642,0.0002315350775642,0.0004630701551284,0.0002315350775642,0.0002315350775642,0.023385042833989202,0.0048622366288492,0.01852280620514,0.0027784209307709002,0.0025468858532067,0.0002315350775642,0.0,0.0,0.0,0.0476962259782356,0.0284788145404028,0.0192174114378328,0.0120398240333409,0.0048622366288492,0.0071775874044917,0.0,0.0,0.0,0.002778420930771,0.002778420930771,0.0,0.005556841861542001,0.0032414910858995,0.0023153507756425,0.0062514470942347,0.0043991664737207,0.001852280620514,0.0013892104653855,0.0,0.0013892104653855,0.0041676313961565,0.003704561241028,0.0004630701551285,0.0145867098865477,0.006482982171799,0.0081037277147487,0.0243111831442463,0.007409122482056,0.0169020606621903,1263
2017-07-01,2017,7,3445,759,2686,5,4,1,89,29,60,3,2,1,98,81,17,75,53,22,2,0,2,1,1,0,107,21,86,10,8,2,4,4,0,190,108,82,43,13,30,0,0,0,9,8,1,35,27,8,29,22,7,4,1,3,12,5,7,97,52,45,130,39,91,0.7914082242131864,0.1743625086147484,0.6170457155984379,0.0011486331265792,0.0009189065012634,0.0002297266253158,0.0204456696531127,0.0066620721341603,0.0137835975189524,0.0006891798759475,0.0004594532506317,0.0002297266253158,0.0225132092809556,0.0186078566505858,0.0039053526303698,0.0172294968986905,0.0121755111417413,0.0050539857569492,0.0004594532506317,0.0,0.0004594532506317,0.0002297266253158,0.0002297266253158,0.0,0.0245807489087984,0.0048242591316333,0.0197564897771651,0.0022972662531586,0.0018378130025269,0.0004594532506317,0.0009189065012634,0.0009189065012634,0.0,0.043648058810016,0.0248104755341144,0.0188375832759016,0.0098782448885825,0.0029864461291063,0.0068917987594762,0.0,0.0,0.0,0.0020675396278427,0.0018378130025269,0.0002297266253158,0.0080404318860555,0.0062026188835286,0.0018378130025269,0.0066620721341603,0.0050539857569492,0.0016080863772111,0.0009189065012634,0.0002297266253158,0.0006891798759476,0.0027567195037904,0.0011486331265793,0.0016080863772111,0.0222834826556397,0.0119457845164254,0.0103376981392143,0.0298644612910635,0.008959338387319,0.0209051229037445,1215
2017-08-01,2017,8,3654,724,2930,13,12,1,105,36,69,16,9,7,75,57,18,56,34,22,4,4,0,4,3,1,102,19,83,6,5,1,2,2,0,214,106,108,32,12,20,0,0,0,7,5,2,16,13,3,10,7,3,6,4,2,18,12,6,96,32,64,132,47,85,0.8044914134742402,0.1594011448701012,0.6450902686041391,0.0028621752531923002,0.0026420079260237,0.0002201673271686,0.023117569352708,0.0079260237780713,0.0151915455746367,0.0035226772346983,0.0019815059445178,0.0015411712901805,0.0165125495376485,0.0125495376486129,0.0039630118890356,0.0123293703214442,0.007485689123734,0.0048436811977102,0.0008806693086745,0.0008806693086745,0.0,0.0008806693086745,0.0006605019815059,0.0002201673271686,0.022457067371202,0.0041831792162043,0.0182738881549977,0.0013210039630118,0.0011008366358432,0.0002201673271686,0.0004403346543372,0.0004403346543372,0.0,0.0471158080140907,0.0233377366798767,0.023778071334214,0.0070453544693966,0.0026420079260237,0.0044033465433729,0.0,0.0,0.0,0.0015411712901804,0.0011008366358432,0.0004403346543372,0.0035226772346983,0.0028621752531924,0.0006605019815059,0.0022016732716864003,0.0015411712901805,0.0006605019815059,0.0013210039630117,0.0008806693086745,0.0004403346543372,0.0039630118890355,0.0026420079260237,0.0013210039630118,0.0211360634081901,0.0070453544693967,0.0140907089387934,0.029062087186261402,0.0103478643769264,0.018714222809335,1127
2017-09-01,2017,9,3143,727,2416,5,5,0,88,34,54,12,7,5,130,101,29,112,93,19,1,1,0,4,3,1,61,20,41,20,19,1,3,3,0,172,101,71,42,21,21,2,0,2,12,10,2,29,19,10,30,15,15,4,2,2,16,13,3,46,15,31,94,28,66,0.7867334167709636,0.1819774718397997,0.6047559449311639,0.0012515644555694,0.0012515644555694,0.0,0.022027534418022403,0.0085106382978723,0.0135168961201501,0.0030037546933666002,0.0017521902377972,0.0012515644555694,0.0325406758448059,0.0252816020025031,0.0072590738423028,0.0280350438047558,0.0232790988735919,0.0047559449311639,0.0002503128911138,0.0002503128911138,0.0,0.0010012515644553998,0.0007509386733416,0.0002503128911138,0.0152690863579473,0.0050062578222778,0.0102628285356695,0.0050062578222777,0.0047559449311639,0.0002503128911138,0.0007509386733416,0.0007509386733416,0.0,0.0430538172715894,0.0252816020025031,0.0177722152690863,0.0105131414267834,0.0052565707133917,0.0052565707133917,0.0005006257822277,0.0,0.0005006257822277,0.0030037546933666,0.0025031289111389,0.0005006257822277,0.0072590738423028,0.0047559449311639,0.0025031289111389,0.0075093867334166,0.0037546933667083,0.0037546933667083,0.0010012515644554,0.0005006257822277,0.0005006257822277,0.0040050062578221995,0.0032540675844806,0.0007509386733416,0.0115143929912389,0.0037546933667083,0.0077596996245306,0.0235294117647057,0.0070087609511889,0.0165206508135168,1212
2017-10-01,2017,10,3582,831,2751,14,13,1,102,37,65,9,5,4,145,128,17,50,32,18,1,1,0,0,0,0,41,7,34,28,22,6,4,4,0,176,74,102,55,18,37,0,0,0,3,3,0,32,28,4,25,15,10,6,3,3,14,10,4,57,22,35,101,29,72,0.8098575627402216,0.1878815283744065,0.6219760343658151,0.0031652724395205,0.0029391815509834,0.0002260908885371,0.023061270630793503,0.0083653628758761,0.0146959077549174,0.0020348179968346,0.0011304544426859,0.0009043635541487,0.0327831788378927,0.0289396337327605,0.0038435451051322,0.011304544426859499,0.0072349084331901,0.0040696359936694,0.0002260908885371,0.0002260908885371,0.0,0.0,0.0,0.0,0.0092697264300248,0.0015826362197603,0.0076870902102645,0.0063305448790413,0.0049739995478182,0.0013565453312231,0.0009043635541487,0.0009043635541487,0.0,0.0397919963825457,0.0167307257517522,0.0230612706307935,0.0124349988695455,0.0040696359936694,0.0083653628758761,0.0,0.0,0.0,0.0006782726656115,0.0006782726656115,0.0,0.00723490843319,0.0063305448790413,0.0009043635541487,0.005652272213429701,0.0033913633280578,0.0022609088853719,0.001356545331223,0.0006782726656115,0.0006782726656115,0.0031652724395206003,0.0022609088853719,0.0009043635541487,0.0128871806466199,0.0049739995478182,0.0079131810988017,0.0228351797422563,0.0065566357675785,0.0162785439746778,1268
2017-11-01,2017,11,3282,717,2565,15,14,1,97,29,68,5,5,0,140,114,26,49,32,17,1,1,0,4,3,1,79,33,46,9,9,0,2,2,0,169,78,91,72,21,51,2,1,1,6,6,0,26,18,8,30,19,11,4,0,4,14,10,4,62,21,41,78,24,54,0.7962154294032022,0.1739446870451237,0.6222707423580786,0.0036390101892285003,0.0033964095099466,0.0002426006792819,0.023532265890344402,0.0070354196991751,0.0164968461911693,0.0012130033964095,0.0012130033964095,0.0,0.0339640950994662,0.0276564774381368,0.0063076176613294,0.0118874332848131,0.0077632217370208,0.0041242115477923,0.0002426006792819,0.0002426006792819,0.0,0.0009704027171276,0.0007278020378457,0.0002426006792819,0.019165453663270098,0.0080058224163027,0.0111596312469674,0.0021834061135371,0.0021834061135371,0.0,0.0004852013585638,0.0004852013585638,0.0,0.0409995147986413,0.0189228529839883,0.022076661814653,0.0174672489082969,0.0050946142649199,0.012372634643377,0.0004852013585638,0.0002426006792819,0.0002426006792819,0.0014556040756914,0.0014556040756914,0.0,0.0063076176613294,0.0043668122270742,0.0019408054342552,0.007278020378457,0.0046094129063561,0.0026686074721009,0.0009704027171276,0.0,0.0009704027171276,0.0033964095099466,0.002426006792819,0.0009704027171276,0.0150412421154778,0.0050946142649199,0.0099466278505579,0.0189228529839883,0.0058224163027656,0.0131004366812227,1143
2017-12-01,2017,12,3389,734,2655,5,5,0,78,22,56,11,9,2,97,71,26,41,22,19,0,0,0,4,4,0,58,12,46,27,24,3,7,6,1,160,78,82,93,32,61,2,1,1,8,6,2,15,10,5,32,21,11,4,1,3,8,5,3,53,10,43,70,24,46,0.8182037662964751,0.1772090777402221,0.640994688556253,0.0012071463061323,0.0012071463061323,0.0,0.018831482375663802,0.0053114437469821,0.0135200386286817,0.0026557218734910002,0.0021728633510381,0.0004828585224529,0.0234186383389666,0.0171414775470787,0.0062771607918879,0.0098985997102848,0.0053114437469821,0.0045871559633027,0.0,0.0,0.0,0.0009657170449058,0.0009657170449058,0.0,0.0140028971511346,0.0028971511347175,0.0111057460164171,0.0065185900531143,0.005794302269435,0.0007242877836793,0.0016900048285851,0.0014485755673587,0.0002414292612264,0.0386286817962336,0.0188314823756639,0.0197971994205697,0.0224529212940608,0.0077257363592467,0.0147271849348141,0.0004828585224528,0.0002414292612264,0.0002414292612264,0.0019314340898116,0.0014485755673587,0.0004828585224529,0.0036214389183968996,0.0024142926122646,0.0012071463061323,0.0077257363592466,0.0050700144857556,0.002655721873491,0.0009657170449057,0.0002414292612264,0.0007242877836793,0.0019314340898115999,0.0012071463061323,0.0007242877836793,0.0127957508450024,0.0024142926122646,0.0103814582327378,0.0169000482858521,0.005794302269435,0.0111057460164171,1086
2018-01-01,2018,1,3362,735,2627,6,5,1,82,28,54,10,8,2,101,86,15,56,35,21,1,1,0,6,5,1,99,15,84,21,18,3,0,0,0,183,106,77,59,17,42,2,1,1,6,5,1,26,22,4,23,21,2,4,3,1,6,4,2,56,28,28,89,30,59,0.8064284000959462,0.1763012712880786,0.6301271288078676,0.0014391940513311,0.0011993283761093,0.0002398656752218,0.019668985368193698,0.0067162389062125,0.0129527464619812,0.0023986567522187,0.001918925401775,0.0004797313504437,0.0242264331974094,0.0206284480690813,0.0035979851283281,0.0134324778124249,0.0083952986327656,0.0050371791796593,0.0002398656752218,0.0002398656752218,0.0,0.0014391940513311,0.0011993283761093,0.0002398656752218,0.0237467018469656,0.0035979851283281,0.0201487167186375,0.0050371791796593,0.0043175821539937,0.0007195970256656,0.0,0.0,0.0,0.0438954185656032,0.0254257615735188,0.0184696569920844,0.0141520748380905,0.0040777164787718,0.0100743583593187,0.0004797313504436,0.0002398656752218,0.0002398656752218,0.0014391940513311,0.0011993283761093,0.0002398656752218,0.006236507555768701,0.0052770448548812,0.0009594627008875,0.0055169105301029996,0.0050371791796593,0.0004797313504437,0.0009594627008873999,0.0007195970256656,0.0002398656752218,0.0014391940513312,0.0009594627008875,0.0004797313504437,0.013432477812425,0.0067162389062125,0.0067162389062125,0.0213480450947468,0.0071959702566562,0.0141520748380906,1156
2018-02-01,2018,2,3302,765,2537,4,3,1,84,27,57,7,4,3,87,68,19,46,33,13,2,1,1,4,1,3,91,24,67,124,123,1,36,36,0,116,56,60,45,14,31,0,0,0,1,1,0,18,14,4,18,13,5,4,1,3,13,7,6,68,24,44,69,15,54,0.8012618296529969,0.1856345547197282,0.6156272749332686,0.0009706381946129,0.0007279786459597,0.0002426595486532,0.020383402086872,0.0065518078136374,0.0138315942732346,0.0016986168405726,0.0009706381946129,0.0007279786459597,0.0211113807328317,0.0165008493084202,0.0046105314244115,0.011162339238049001,0.0080077651055569,0.0031545741324921,0.0004853190973064,0.0002426595486532,0.0002426595486532,0.0009706381946129,0.0002426595486532,0.0007279786459597,0.0220820189274447,0.0058238291676777,0.016258189759767,0.0300897840330016,0.0298471244843484,0.0002426595486532,0.0087357437515166,0.0087357437515166,0.0,0.028148507643775703,0.0135889347245814,0.0145595729191943,0.0109196796893957,0.0033972336811453,0.0075224460082504,0.0,0.0,0.0,0.0002426595486532,0.0002426595486532,0.0,0.0043678718757582,0.0033972336811453,0.0009706381946129,0.0043678718757582,0.0031545741324921,0.0012132977432661,0.0009706381946129,0.0002426595486532,0.0007279786459597,0.0031545741324920003,0.0016986168405726,0.0014559572919194,0.0165008493084202,0.0058238291676777,0.0106770201407425,0.0167435088570734,0.0036398932297985,0.0131036156272749,1219
2018-03-01,2018,3,3025,702,2323,5,3,2,65,17,48,2,2,0,95,79,16,25,14,11,1,1,0,1,1,0,109,21,88,92,84,8,10,10,0,85,51,34,20,8,12,2,0,2,11,10,1,33,30,3,14,13,1,2,0,2,10,7,3,67,21,46,78,30,48,0.8092562867843766,0.1878009630818619,0.6214553237025147,0.0013376136971642,0.0008025682182985,0.0005350454788657,0.017388978063135198,0.0045478865703584,0.0128410914927768,0.0005350454788657,0.0005350454788657,0.0,0.025414660246120803,0.0211342964151952,0.0042803638309256,0.006688068485821199,0.0037453183520599,0.0029427501337613,0.0002675227394328,0.0002675227394328,0.0,0.0002675227394328,0.0002675227394328,0.0,0.029159978598180702,0.0056179775280898,0.0235420010700909,0.024612092027822302,0.0224719101123595,0.0021401819154628,0.0026752273943285,0.0026752273943285,0.0,0.0227394328517923,0.0136436597110754,0.0090957731407169,0.005350454788657,0.0021401819154628,0.0032102728731942,0.0005350454788657,0.0,0.0005350454788657,0.0029427501337613,0.0026752273943285,0.0002675227394328,0.008828250401283998,0.0080256821829855,0.0008025682182985,0.0037453183520598,0.003477795612627,0.0002675227394328,0.0005350454788657,0.0,0.0005350454788657,0.0026752273943284,0.0018726591760299,0.0008025682182985,0.0179240235420009,0.0056179775280898,0.0123060460139111,0.0208667736757623,0.0080256821829855,0.0128410914927768,1094
2018-04-01,2018,4,3426,838,2588,12,12,0,74,30,44,10,8,2,103,80,23,70,52,18,3,1,2,1,1,0,53,12,41,147,136,11,40,40,0,121,61,60,46,25,21,4,2,2,6,6,0,52,47,5,34,26,8,3,1,2,18,11,7,43,20,23,51,13,38,0.7952646239554316,0.1945218198700092,0.6007428040854225,0.0027855153203342,0.0027855153203342,0.0,0.0171773444753945,0.0069637883008356,0.0102135561745589,0.0023212627669451,0.0018570102135561,0.000464252553389,0.023909006499535698,0.0185701021355617,0.005338904363974,0.016248839368616402,0.0120705663881151,0.0041782729805013,0.0006963788300835,0.0002321262766945,0.000464252553389,0.0002321262766945,0.0002321262766945,0.0,0.0123026926648095,0.0027855153203342,0.0095171773444753,0.0341225626740946,0.0315691736304549,0.0025533890436397,0.0092850510677808,0.0092850510677808,0.0,0.0280872794800371,0.0141597028783658,0.0139275766016713,0.0106778087279479,0.005803156917363,0.0048746518105849,0.000928505106778,0.000464252553389,0.000464252553389,0.0013927576601671,0.0013927576601671,0.0,0.0120705663881151,0.0109099350046425,0.0011606313834726,0.0078922934076136,0.0060352831940575,0.0018570102135561,0.0006963788300835,0.0002321262766945,0.000464252553389,0.0041782729805013,0.0025533890436397,0.0016248839368616,0.009981429897864401,0.0046425255338904,0.005338904363974,0.0118384401114205,0.0030176415970287,0.0088207985143918,1413
2018-05-01,2018,5,3510,819,2691,9,7,2,113,33,80,6,6,0,92,69,23,47,34,13,4,2,2,2,0,2,75,12,63,36,30,6,0,0,0,122,53,69,42,13,29,0,0,0,7,7,0,26,19,7,24,16,8,9,1,8,14,8,6,53,17,36,68,19,49,0.8288075560802834,0.1933884297520661,0.6354191263282173,0.0021251475796929,0.0016528925619834,0.0004722550177095,0.026682408500590202,0.0077922077922077,0.0188902007083825,0.0014167650531286,0.0014167650531286,0.0,0.0217237308146398,0.0162927981109799,0.0054309327036599,0.0110979929161746,0.0080283353010625,0.0030696576151121,0.000944510035419,0.0004722550177095,0.0004722550177095,0.0004722550177095,0.0,0.0004722550177095,0.0177095631641085,0.0028335301062573,0.0148760330578512,0.008500590318772,0.0070838252656434,0.0014167650531286,0.0,0.0,0.0,0.0288075560802833,0.0125147579693034,0.0162927981109799,0.0099173553719007,0.0030696576151121,0.0068476977567886,0.0,0.0,0.0,0.0016528925619834,0.0016528925619834,0.0,0.0061393152302242,0.0044864226682408,0.0016528925619834,0.0056670602125147,0.0037780401416765,0.0018890200708382,0.0021251475796929,0.0002361275088547,0.0018890200708382,0.0033057851239668,0.0018890200708382,0.0014167650531286,0.012514757969303299,0.0040141676505312,0.0085005903187721,0.016056670602124998,0.0044864226682408,0.0115702479338842,1151
2018-06-01,2018,6,2971,652,2319,5,4,1,89,29,60,1,1,0,87,62,25,24,14,10,0,0,0,3,3,0,139,25,114,35,28,7,6,6,0,67,36,31,43,11,32,2,1,1,15,14,1,33,25,8,24,13,11,3,1,2,10,10,0,41,14,27,65,29,36,0.8137496576280471,0.1785812106272254,0.6351684470008216,0.0013694878115583,0.0010955902492467,0.0002738975623116,0.0243768830457408,0.0079430293070391,0.0164338537387017,0.0002738975623116,0.0002738975623116,0.0,0.0238290879211174,0.0169816488633251,0.0068474390577923,0.0065735414954806,0.0038345658723637,0.0027389756231169,0.0,0.0,0.0,0.000821692686935,0.000821692686935,0.0,0.038071761161325504,0.0068474390577923,0.0312243221035332,0.0095864146809092,0.0076691317447274,0.0019172829361818,0.0016433853738701,0.0016433853738701,0.0,0.0183511366748835,0.009860312243221,0.0084908244316625,0.0117775951794028,0.0030128731854286,0.0087647219939742,0.0005477951246232,0.0002738975623116,0.0002738975623116,0.0041084634346753,0.0038345658723637,0.0002738975623116,0.0090386195562858,0.0068474390577923,0.0021911804984935,0.0065735414954806,0.003560668310052,0.0030128731854286,0.0008216926869349,0.0002738975623116,0.0005477951246233,0.0027389756231169,0.0027389756231169,0.0,0.0112298000547794,0.0038345658723637,0.0073952341824157,0.0178033415502601,0.0079430293070391,0.009860312243221,971
2018-07-01,2018,7,3145,626,2519,10,8,2,121,49,72,9,6,3,106,84,22,41,33,8,7,6,1,3,0,3,102,13,89,7,7,0,2,2,0,121,55,66,35,14,21,2,0,2,18,15,3,12,8,4,21,18,3,2,1,1,12,6,6,86,41,45,63,23,40,0.8053777208706786,0.1603072983354673,0.6450704225352113,0.0025608194622278,0.0020486555697823,0.0005121638924455,0.0309859154929576,0.0125480153649167,0.0184379001280409,0.0023047375160050003,0.0015364916773367,0.0007682458386683,0.027144686299615802,0.0215108834827144,0.0056338028169014,0.010499359795134399,0.0084507042253521,0.0020486555697823,0.0017925736235594,0.0015364916773367,0.0002560819462227,0.0007682458386683,0.0,0.0007682458386683,0.0261203585147246,0.0033290653008962,0.0227912932138284,0.0017925736235595,0.0017925736235595,0.0,0.0005121638924455,0.0005121638924455,0.0,0.030985915492957698,0.0140845070422535,0.0169014084507042,0.0089628681177976,0.003585147247119,0.0053777208706786,0.0005121638924455,0.0,0.0005121638924455,0.0046094750320100995,0.0038412291933418,0.0007682458386683,0.0030729833546733996,0.0020486555697823,0.0010243277848911,0.0053777208706785005,0.0046094750320102,0.0007682458386683,0.0005121638924454,0.0002560819462227,0.0002560819462227,0.0030729833546734,0.0015364916773367,0.0015364916773367,0.02202304737516,0.0104993597951344,0.0115236875800256,0.0161331626120358,0.0058898847631242,0.0102432778489116,1003
2018-08-01,2018,8,2969,514,2455,11,11,0,105,33,72,10,6,4,94,64,30,33,18,15,3,3,0,1,1,0,61,18,43,4,3,1,1,1,0,98,38,60,42,13,29,1,0,1,8,6,2,12,9,3,6,6,0,7,0,7,6,2,4,32,9,23,52,19,33,0.8389375529810681,0.1452387680135631,0.6936987849675049,0.0031082226617688,0.0031082226617688,0.0,0.029669398135066298,0.0093246679853065,0.0203447301497598,0.0028256569652443,0.0016953941791466,0.0011302627860977,0.0265611754732974,0.0180842045775642,0.0084769708957332,0.0093246679853065,0.0050861825374399,0.0042384854478666,0.0008476970895733,0.0008476970895733,0.0,0.0002825656965244,0.0002825656965244,0.0,0.0172365074879909,0.0050861825374399,0.012150324950551,0.0011302627860976999,0.0008476970895733,0.0002825656965244,0.0002825656965244,0.0002825656965244,0.0,0.0276914382593952,0.0107374964679287,0.0169539417914665,0.0118677592540265,0.0036733540548177,0.0081944051992088,0.0002825656965244,0.0,0.0002825656965244,0.0022605255721953998,0.0016953941791466,0.0005651313930488,0.0033907883582932,0.0025430912687199,0.0008476970895733,0.0016953941791466,0.0016953941791466,0.0,0.001977959875671,0.0,0.001977959875671,0.0016953941791465,0.0005651313930488,0.0011302627860977,0.009042102288782,0.0025430912687199,0.0064990110200621,0.0146934162192708,0.0053687482339643,0.0093246679853065,768
2018-09-01,2018,9,3083,711,2372,14,11,3,80,24,56,13,9,4,140,119,21,23,14,9,2,2,0,6,4,2,52,16,36,14,12,2,2,2,0,119,56,63,48,12,36,4,2,2,8,7,1,16,11,5,20,13,7,8,2,6,9,8,1,35,5,30,30,6,24,0.8298788694481829,0.191386271870794,0.638492597577389,0.0037685060565275,0.0029609690444145,0.000807537012113,0.0215343203230147,0.0064602960969044,0.0150740242261103,0.0034993270524898,0.0024226110363391,0.0010767160161507,0.0376850605652758,0.0320323014804845,0.0056527590847913,0.0061911170928666,0.0037685060565275,0.0024226110363391,0.0005383580080753,0.0005383580080753,0.0,0.001615074024226,0.0010767160161507,0.0005383580080753,0.0139973082099595,0.0043068640646029,0.0096904441453566,0.0037685060565275,0.0032301480484522,0.0005383580080753,0.0005383580080753,0.0005383580080753,0.0,0.0320323014804844,0.0150740242261103,0.0169582772543741,0.0129205921938088,0.0032301480484522,0.0096904441453566,0.0010767160161506,0.0005383580080753,0.0005383580080753,0.0021534320323013,0.0018842530282637,0.0002691790040376,0.0043068640646029,0.0029609690444145,0.0013458950201884,0.0053835800807536,0.0034993270524899,0.0018842530282637,0.0021534320323014,0.0005383580080753,0.0016150740242261,0.0024226110363390002,0.0021534320323014,0.0002691790040376,0.0094212651413189,0.0013458950201884,0.0080753701211305,0.0080753701211305,0.0016150740242261,0.0064602960969044,1039
2018-10-01,2018,10,3305,646,2659,5,5,0,100,38,62,6,3,3,103,78,25,40,34,6,1,1,0,0,0,0,118,39,79,27,22,5,4,4,0,96,46,50,68,25,43,3,3,0,5,2,3,11,10,1,28,18,10,5,2,3,11,5,6,32,9,23,47,9,38,0.826043489127718,0.1614596350912271,0.6645838540364909,0.0012496875781054,0.0012496875781054,0.0,0.0249937515621094,0.0094976255936016,0.0154961259685078,0.0014996250937264,0.0007498125468632,0.0007498125468632,0.025743564108972602,0.0194951262184453,0.0062484378905273,0.0099975006248437,0.0084978755311172,0.0014996250937265,0.000249937515621,0.000249937515621,0.0,0.0,0.0,0.0,0.029492626843289002,0.0097475631092226,0.0197450637340664,0.0067483129217694,0.005498625343664,0.0012496875781054,0.0009997500624843,0.0009997500624843,0.0,0.023994001499625,0.0114971257185703,0.0124968757810547,0.0169957510622343,0.0062484378905273,0.010747313171707,0.0007498125468632,0.0007498125468632,0.0,0.0012496875781053,0.0004998750312421,0.0007498125468632,0.0027493126718319,0.0024993751562109,0.000249937515621,0.0069982504373905996,0.0044988752811797,0.0024993751562109,0.0012496875781053,0.0004998750312421,0.0007498125468632,0.0027493126718319,0.0012496875781054,0.0014996250937265,0.0079980004998749,0.0022494376405898,0.0057485628592851,0.0117470632341914,0.0022494376405898,0.0094976255936016,987
2018-11-01,2018,11,3058,608,2450,5,5,0,94,43,51,9,5,4,79,70,9,40,29,11,4,2,2,3,3,0,56,6,50,28,23,5,4,4,0,119,46,73,62,17,45,0,0,0,11,10,1,20,16,4,31,24,7,2,0,2,9,7,2,32,10,22,41,19,22,0.8300760043431052,0.1650380021715526,0.6650380021715526,0.001357220412595,0.001357220412595,0.0,0.025515743756786002,0.011672095548317,0.013843648208469,0.002442996742671,0.001357220412595,0.001085776330076,0.021444082519001,0.01900108577633,0.002442996742671,0.01085776330076,0.007871878393051,0.002985884907709,0.001085776330076,0.000542888165038,0.000542888165038,0.000814332247557,0.000814332247557,0.0,0.015200868621064,0.001628664495114,0.01357220412595,0.007600434310532,0.006243213897937,0.001357220412595,0.001085776330076,0.001085776330076,0.0,0.032301845819761005,0.012486427795874,0.019815418023887,0.016829533116178,0.004614549402823,0.012214983713355,0.0,0.0,0.0,0.002985884907709,0.00271444082519,0.000271444082519,0.00542888165038,0.004343105320304,0.001085776330076,0.008414766558089001,0.006514657980456,0.001900108577633,0.000542888165038,0.0,0.000542888165038,0.002442996742671,0.001900108577633,0.000542888165038,0.008686210640608,0.00271444082519,0.005971769815418,0.011129207383279001,0.005157437567861,0.005971769815418,932
2018-12-01,2018,12,2832,572,2260,14,8,6,43,15,28,5,5,0,108,83,25,46,36,10,2,1,1,1,0,1,34,8,26,32,29,3,3,3,0,111,54,57,42,8,34,2,0,2,8,8,0,22,17,5,28,21,7,7,1,6,11,7,4,28,8,20,29,13,16,0.8351518726039516,0.1686818047773518,0.6664700678265998,0.0041285756414036,0.0023591860808021,0.0017693895606015,0.0126806251843113,0.0044234739015039,0.0082571512828074,0.0014744913005013,0.0014744913005013,0.0,0.0318490120908286,0.024476555588322,0.0073724565025066,0.0135653199646121,0.0106163373636095,0.0029489826010026,0.0005897965202004,0.0002948982601002,0.0002948982601002,0.0002948982601002,0.0,0.0002948982601002,0.010026540843409,0.0023591860808021,0.0076673547626069,0.0094367443232083,0.0085520495429076,0.0008846947803007,0.0008846947803007,0.0008846947803007,0.0,0.0327337068711294,0.0159245060454143,0.0168092008257151,0.0123857269242111,0.0023591860808021,0.010026540843409,0.0005897965202005,0.0,0.0005897965202005,0.0023591860808021,0.0023591860808021,0.0,0.006487761722205799,0.0050132704217045,0.0014744913005013,0.008257151282807301,0.0061928634621055,0.0020642878207018,0.0020642878207017,0.0002948982601002,0.0017693895606015,0.0032438808611028004,0.0020642878207018,0.001179593040401,0.0082571512828074,0.0023591860808021,0.0058979652020053,0.0085520495429076,0.0038336773813034,0.0047183721616042,885
2019-01-01,2019,1,2049,438,1611,7,7,0,60,28,32,5,2,3,55,49,6,24,19,5,3,2,1,1,1,0,60,10,50,21,20,1,1,1,0,80,44,36,27,7,20,1,0,1,0,0,0,61,52,9,17,11,6,1,1,0,10,9,1,15,3,12,19,3,16,0.8176376695929769,0.174780526735834,0.6428571428571429,0.0027932960893854,0.0027932960893854,0.0,0.023942537909018298,0.0111731843575419,0.0127693535514764,0.0019952114924181,0.0007980845969672,0.0011971268954509,0.0219473264166001,0.0195530726256983,0.0023942537909018,0.0095770151636072,0.0075818036711891,0.0019952114924181,0.0011971268954508,0.0007980845969672,0.0003990422984836,0.0003990422984836,0.0003990422984836,0.0,0.0239425379090182,0.0039904229848363,0.0199521149241819,0.0083798882681563,0.0079808459696727,0.0003990422984836,0.0003990422984836,0.0003990422984836,0.0,0.0319233838786911,0.0175578611332801,0.014365522745411,0.010774142059058099,0.0027932960893854,0.0079808459696727,0.0003990422984836,0.0,0.0003990422984836,0.0,0.0,0.0,0.0243415802075019,0.0207501995211492,0.0035913806863527,0.006783719074221799,0.00438946528332,0.0023942537909018,0.0003990422984836,0.0003990422984836,0.0,0.0039904229848363,0.0035913806863527,0.0003990422984836,0.0059856344772545,0.0011971268954509,0.0047885075818036,0.0075818036711891,0.0011971268954509,0.0063846767757382,698
2019-02-01,2019,2,2300,468,1832,13,13,0,74,38,36,4,4,0,74,57,17,39,25,14,1,1,0,0,0,0,66,30,36,13,11,2,1,1,0,94,51,43,49,19,30,0,0,0,1,1,0,24,21,3,6,5,1,1,0,1,12,9,3,25,10,15,26,10,16,0.819088319088319,0.1666666666666666,0.6524216524216524,0.0046296296296296,0.0046296296296296,0.0,0.0263532763532763,0.0135327635327635,0.0128205128205128,0.0014245014245014,0.0014245014245014,0.0,0.0263532763532763,0.0202991452991453,0.006054131054131,0.0138888888888888,0.0089031339031339,0.0049857549857549,0.0003561253561253,0.0003561253561253,0.0,0.0,0.0,0.0,0.0235042735042734,0.0106837606837606,0.0128205128205128,0.0046296296296296,0.0039173789173789,0.0007122507122507,0.0003561253561253,0.0003561253561253,0.0,0.0334757834757834,0.0181623931623931,0.0153133903133903,0.0174501424501423,0.0067663817663817,0.0106837606837606,0.0,0.0,0.0,0.0003561253561253,0.0003561253561253,0.0,0.0085470085470084,0.0074786324786324,0.001068376068376,0.002136752136752,0.0017806267806267,0.0003561253561253,0.0003561253561253,0.0,0.0003561253561253,0.004273504273504199,0.0032051282051282,0.001068376068376,0.008903133903133801,0.0035612535612535,0.0053418803418803,0.009259259259259101,0.0035612535612535,0.0056980056980056,763
2019-03-01,2019,3,1962,446,1516,5,5,0,47,21,26,7,5,2,91,71,20,25,18,7,5,4,1,2,1,1,63,17,46,12,12,0,1,1,0,62,29,33,42,16,26,0,0,0,7,7,0,21,17,4,5,5,0,4,4,0,5,5,0,12,4,8,28,11,17,0.819548872180451,0.1862990810359231,0.633249791144528,0.0020885547201336,0.0020885547201336,0.0,0.019632414369256397,0.0087719298245614,0.010860484544695,0.002923976608187,0.0020885547201336,0.0008354218880534,0.0380116959064326,0.029657477025898,0.0083542188805346,0.0104427736006683,0.0075187969924812,0.0029239766081871,0.0020885547201336,0.0016708437761069,0.0004177109440267,0.0008354218880534,0.0004177109440267,0.0004177109440267,0.026315789473684098,0.0071010860484544,0.0192147034252297,0.0050125313283208,0.0050125313283208,0.0,0.0004177109440267,0.0004177109440267,0.0,0.0258980785296574,0.0121136173767752,0.0137844611528822,0.0175438596491227,0.0066833751044277,0.010860484544695,0.0,0.0,0.0,0.0029239766081871,0.0029239766081871,0.0,0.008771929824561299,0.0071010860484544,0.0016708437761069,0.0020885547201336,0.0020885547201336,0.0,0.0016708437761069,0.0016708437761069,0.0,0.0020885547201336,0.0020885547201336,0.0,0.0050125313283207,0.0016708437761069,0.0033416875522138,0.011695906432748399,0.004594820384294,0.0071010860484544,691
2019-04-01,2019,4,3221,620,2601,14,13,1,72,22,50,13,9,4,123,96,27,27,21,6,3,1,2,0,0,0,57,9,48,19,16,3,3,3,0,82,25,57,53,20,33,2,1,1,9,6,3,24,20,4,13,7,6,3,1,2,8,5,3,31,12,19,62,18,44,0.840553235908142,0.1617954070981211,0.6787578288100209,0.0036534446764091,0.0033924843423799,0.0002609603340292,0.0187891440501043,0.005741127348643,0.0130480167014613,0.0033924843423799,0.002348643006263,0.0010438413361169,0.0320981210855949,0.0250521920668058,0.0070459290187891,0.007045929018789,0.0054801670146137,0.0015657620041753,0.0007828810020876,0.0002609603340292,0.0005219206680584,0.0,0.0,0.0,0.0148747390396659,0.002348643006263,0.0125260960334029,0.0049582463465552,0.0041753653444676,0.0007828810020876,0.0007828810020876,0.0007828810020876,0.0,0.021398747390396503,0.0065240083507306,0.0148747390396659,0.013830897703548999,0.0052192066805845,0.0086116910229645,0.0005219206680584,0.0002609603340292,0.0002609603340292,0.0023486430062629,0.0015657620041753,0.0007828810020876,0.0062630480167014,0.0052192066805845,0.0010438413361169,0.0033924843423798,0.0018267223382045,0.0015657620041753,0.0007828810020876,0.0002609603340292,0.0005219206680584,0.0020876826722337,0.0013048016701461,0.0007828810020876,0.008089770354906,0.0031315240083507,0.0049582463465553,0.016179540709812,0.004697286012526,0.011482254697286,918
2019-05-01,2019,5,3591,707,2884,10,9,1,66,21,45,15,13,2,109,77,32,30,16,14,4,4,0,0,0,0,60,7,53,25,22,3,1,0,1,89,47,42,44,19,25,4,1,3,7,6,1,28,20,8,23,14,9,4,2,2,10,8,2,32,11,21,65,20,45,0.85418648905804,0.1681731684110371,0.6860133206470028,0.0023786869647953,0.0021408182683158,0.0002378686964795,0.0156993339676498,0.0049952426260704,0.0107040913415794,0.003568030447193,0.003092293054234,0.000475737392959,0.0259276879162701,0.0183158896289248,0.0076117982873453,0.0071360608943862,0.0038058991436726,0.0033301617507136,0.0009514747859181,0.0009514747859181,0.0,0.0,0.0,0.0,0.014272121788772501,0.0016650808753568,0.0126070409134157,0.0059467174119885,0.0052331113225499,0.0007136060894386,0.0002378686964795,0.0,0.0002378686964795,0.0211703139866793,0.0111798287345385,0.0099904852521408,0.0104662226450998,0.0045195052331113,0.0059467174119885,0.0009514747859180999,0.0002378686964795,0.0007136060894386,0.0016650808753566999,0.0014272121788772,0.0002378686964795,0.0066603235014271,0.0047573739295908,0.0019029495718363,0.0054709800190294,0.0033301617507136,0.0021408182683158,0.000951474785918,0.000475737392959,0.000475737392959,0.0023786869647953,0.0019029495718363,0.000475737392959,0.0076117982873453,0.0026165556612749,0.0049952426260704,0.015461465271170202,0.0047573739295908,0.0107040913415794,1017
2019-06-01,2019,6,3030,608,2422,7,6,1,49,18,31,4,3,1,110,82,28,23,16,7,3,2,1,6,5,1,65,12,53,14,8,6,3,3,0,77,42,35,33,8,25,0,0,0,9,8,1,29,24,5,20,18,2,4,0,4,17,13,4,37,15,22,51,17,34,0.8489773045671056,0.1703558419725413,0.6786214625945644,0.0019613337069207,0.0016811431773606,0.0002801905295601,0.013729335948444901,0.0050434295320818,0.0086859064163631,0.0011207621182404,0.0008405715886803,0.0002801905295601,0.030820958251611,0.0229756234239282,0.0078453348276828,0.0064443821798823,0.0044830484729616,0.0019613337069207,0.0008405715886803001,0.0005603810591202,0.0002801905295601,0.0016811431773606001,0.0014009526478005,0.0002801905295601,0.0182123844214065,0.0033622863547212,0.0148500980666853,0.0039226674138414,0.0022415242364808,0.0016811431773606,0.0008405715886803,0.0008405715886803,0.0,0.0215746707761277,0.0117680022415242,0.0098066685346035,0.009246287475483301,0.0022415242364808,0.0070047632390025,0.0,0.0,0.0,0.0025217147660409004,0.0022415242364808,0.0002801905295601,0.0081255253572429,0.0067245727094424,0.0014009526478005,0.0056038105912019995,0.0050434295320818,0.0005603810591202,0.0011207621182404,0.0,0.0011207621182404,0.004763239002521701,0.0036424768842813,0.0011207621182404,0.0103670495937237,0.0042028579434015,0.0061641916503222,0.014289717007565098,0.0047632390025217,0.0095264780050434,893
2019-07-01,2019,7,3156,559,2597,7,6,1,43,15,28,6,6,0,64,46,18,35,26,9,0,0,0,0,0,0,116,20,96,19,19,0,4,4,0,86,43,43,28,12,16,3,0,3,6,6,0,22,19,3,18,15,3,4,1,3,10,8,2,38,20,18,83,43,40,0.8456591639871383,0.1497856377277599,0.6958735262593784,0.0018756698821007,0.0016077170418006,0.0002679528403001,0.011521972132904599,0.0040192926045016,0.007502679528403,0.0016077170418006,0.0016077170418006,0.0,0.0171489817792068,0.0123258306538049,0.0048231511254019,0.009378349410503601,0.0069667738478027,0.0024115755627009,0.0,0.0,0.0,0.0,0.0,0.0,0.031082529474812298,0.0053590568060021,0.0257234726688102,0.005091103965702,0.005091103965702,0.0,0.0010718113612004,0.0010718113612004,0.0,0.0230439442658092,0.0115219721329046,0.0115219721329046,0.0075026795284028995,0.0032154340836012,0.0042872454448017,0.0008038585209003,0.0,0.0008038585209003,0.0016077170418006,0.0016077170418006,0.0,0.005894962486602299,0.005091103965702,0.0008038585209003,0.004823151125401899,0.0040192926045016,0.0008038585209003,0.0010718113612004,0.0002679528403001,0.0008038585209003,0.0026795284030010002,0.0021436227224008,0.0005359056806002,0.010182207931404001,0.0053590568060021,0.0048231511254019,0.0222400857449088,0.0115219721329046,0.0107181136120042,854
2019-08-01,2019,8,2885,413,2472,3,3,0,57,20,37,2,2,0,49,27,22,18,11,7,3,2,1,2,2,0,110,21,89,4,2,2,4,3,1,64,19,45,29,10,19,0,0,0,12,10,2,24,18,6,4,3,1,1,0,1,9,8,1,30,9,21,70,24,46,0.8548148148148147,0.1223703703703703,0.7324444444444445,0.0008888888888888,0.0008888888888888,0.0,0.0168888888888888,0.0059259259259259,0.0109629629629629,0.0005925925925925,0.0005925925925925,0.0,0.0145185185185185,0.008,0.0065185185185185,0.0053333333333332004,0.0032592592592592,0.002074074074074,0.0008888888888887001,0.0005925925925925,0.0002962962962962,0.0005925925925925,0.0005925925925925,0.0,0.0325925925925925,0.0062222222222222,0.0263703703703703,0.001185185185185,0.0005925925925925,0.0005925925925925,0.001185185185185,0.0008888888888888,0.0002962962962962,0.0189629629629629,0.0056296296296296,0.0133333333333333,0.008592592592592499,0.0029629629629629,0.0056296296296296,0.0,0.0,0.0,0.0035555555555554,0.0029629629629629,0.0005925925925925,0.007111111111111,0.0053333333333333,0.0017777777777777,0.001185185185185,0.0008888888888888,0.0002962962962962,0.0002962962962962,0.0,0.0002962962962962,0.0026666666666665,0.0023703703703703,0.0002962962962962,0.0088888888888888,0.0026666666666666,0.0062222222222222,0.0207407407407407,0.0071111111111111,0.0136296296296296,604
2019-09-01,2019,9,3230,561,2669,6,6,0,39,11,28,5,5,0,119,85,34,25,14,11,3,1,2,1,0,1,64,11,53,22,22,0,8,8,0,77,32,45,44,14,30,1,1,0,15,11,4,27,16,11,22,18,4,3,2,1,6,1,5,35,15,20,58,14,44,0.849776374638253,0.1475927387529597,0.7021836358852933,0.0015785319652722,0.0015785319652722,0.0,0.0102604577742698,0.0028939752696658,0.007366482504604,0.0013154433043935,0.0013154433043935,0.0,0.0313075506445671,0.0223625361746908,0.0089450144698763,0.0065772165219678,0.003683241252302,0.0028939752696658,0.0007892659826361,0.0002630886608787,0.0005261773217574,0.0002630886608787,0.0,0.0002630886608787,0.016837674296237698,0.0028939752696658,0.0139436990265719,0.0057879505393317,0.0057879505393317,0.0,0.0021047092870297,0.0021047092870297,0.0,0.020257826887661097,0.0084188371481189,0.0118389897395422,0.011575901078663398,0.003683241252302,0.0078926598263614,0.0002630886608787,0.0002630886608787,0.0,0.0039463299131806,0.0028939752696658,0.0010523546435148,0.0071033938437252,0.0042094185740594,0.0028939752696658,0.005787950539331599,0.0047355958958168,0.0010523546435148,0.0007892659826361,0.0005261773217574,0.0002630886608787,0.0015785319652721998,0.0002630886608787,0.0013154433043935,0.009208103130755,0.0039463299131807,0.0052617732175743,0.015259142330965501,0.003683241252302,0.0115759010786635,846
2019-10-01,2019,10,3717,828,2889,14,10,4,62,36,26,8,8,0,129,100,29,39,35,4,2,2,0,0,0,0,32,5,27,47,44,3,3,3,0,94,48,46,39,10,29,2,1,1,12,11,1,54,51,3,38,36,2,2,1,1,23,17,6,38,19,19,76,23,53,0.8422841604350781,0.1876274643099932,0.6546566961250849,0.0031724450487196,0.0022660321776569,0.0009064128710627,0.0140493995014728,0.0081577158395649,0.0058916836619079,0.0018128257421255,0.0018128257421255,0.0,0.0292318150917742,0.0226603217765692,0.006571493315205,0.0088375254928619,0.0079311126217992,0.0009064128710627,0.0004532064355313,0.0004532064355313,0.0,0.0,0.0,0.0,0.007251302968502,0.0011330160888284,0.0061182868796736,0.0106503512349874,0.0099705415816904,0.000679809653297,0.000679809653297,0.000679809653297,0.0,0.021300702469975,0.0108769544527532,0.0104237480172218,0.0088375254928619,0.0022660321776569,0.006571493315205,0.0004532064355312,0.0002266032177656,0.0002266032177656,0.0027192386131882,0.0024926353954226,0.0002266032177656,0.0122365737593473,0.0115567641060503,0.000679809653297,0.0086109222750962,0.0081577158395649,0.0004532064355313,0.0004532064355312,0.0002266032177656,0.0002266032177656,0.0052118740086108,0.0038522547020167,0.0013596193065941,0.0086109222750962,0.0043054611375481,0.0043054611375481,0.017221844550192503,0.0052118740086109,0.0120099705415816,1269
2019-11-01,2019,11,3595,788,2807,9,5,4,76,35,41,5,5,0,70,47,23,24,20,4,6,6,0,1,0,1,81,22,59,46,39,7,4,4,0,58,24,34,48,11,37,2,0,2,6,5,1,32,26,6,26,21,5,2,1,1,10,8,2,41,12,29,47,18,29,0.8600478468899521,0.1885167464114832,0.6715311004784689,0.0021531100478468,0.0011961722488038,0.000956937799043,0.018181818181818,0.0083732057416267,0.0098086124401913,0.0011961722488038,0.0011961722488038,0.0,0.0167464114832535,0.0112440191387559,0.0055023923444976,0.0057416267942583,0.0047846889952153,0.000956937799043,0.0014354066985645,0.0014354066985645,0.0,0.0002392344497607,0.0,0.0002392344497607,0.0193779904306219,0.0052631578947368,0.0141148325358851,0.011004784688995099,0.0093301435406698,0.0016746411483253,0.000956937799043,0.000956937799043,0.0,0.013875598086124302,0.0057416267942583,0.008133971291866,0.0114832535885167,0.0026315789473684,0.0088516746411483,0.0004784688995215,0.0,0.0004784688995215,0.0014354066985644998,0.0011961722488038,0.0002392344497607,0.0076555023923444,0.0062200956937799,0.0014354066985645,0.0062200956937798,0.005023923444976,0.0011961722488038,0.0004784688995214,0.0002392344497607,0.0002392344497607,0.0023923444976076,0.0019138755980861,0.0004784688995215,0.0098086124401913,0.0028708133971291,0.0069377990430622,0.0112440191387559,0.0043062200956937,0.0069377990430622,1089
2019-12-01,2019,12,3744,779,2965,7,6,1,66,27,39,2,1,1,125,89,36,37,27,10,5,4,1,1,1,0,58,6,52,149,142,7,10,10,0,73,38,35,48,16,32,2,1,1,6,6,0,15,12,3,19,13,6,3,0,3,4,3,1,28,15,13,58,16,42,0.8438133874239351,0.175569078205995,0.6682443092179401,0.0015776425512733,0.0013522650439486,0.0002253775073247,0.0148749154834346,0.0060851926977687,0.0087897227856659,0.0004507550146494,0.0002253775073247,0.0002253775073247,0.028172188415596,0.0200585981519044,0.0081135902636916,0.0083389677710163,0.0060851926977687,0.0022537750732476,0.0011268875366237,0.000901510029299,0.0002253775073247,0.0002253775073247,0.0002253775073247,0.0,0.0130718954248365,0.0013522650439486,0.0117196303808879,0.0335812485913905,0.0320036060401172,0.0015776425512733,0.0022537750732476,0.0022537750732476,0.0,0.0164525580347081,0.0085643452783412,0.0078882127563669,0.010818120351588901,0.0036060401171963,0.0072120802343926,0.0004507550146494,0.0002253775073247,0.0002253775073247,0.0013522650439486,0.0013522650439486,0.0,0.0033806626098715,0.0027045300878972,0.0006761325219743,0.0042821726391705,0.0029299075952219,0.0013522650439486,0.0006761325219743,0.0,0.0006761325219743,0.000901510029299,0.0006761325219743,0.0002253775073247,0.0063105702050934,0.0033806626098715,0.0029299075952219,0.0130718954248365,0.0036060401171963,0.0094658553076402,1194
2020-01-01,2020,1,3058,588,2470,8,4,4,52,13,39,2,0,2,76,57,19,23,19,4,4,0,4,2,2,0,74,17,57,122,116,6,16,16,0,54,31,23,26,8,18,4,1,3,7,5,2,17,12,5,18,13,5,3,0,3,10,6,4,36,20,16,40,13,27,0.8391877058177826,0.1613611416026344,0.6778265642151482,0.0021953896816684,0.0010976948408342,0.0010976948408342,0.0142700329308452,0.0035675082327113,0.0107025246981339,0.0005488474204171,0.0,0.0005488474204171,0.0208562019758506,0.015642151481888,0.0052140504939626,0.006311745334796799,0.0052140504939626,0.0010976948408342,0.0010976948408342,0.0,0.0010976948408342,0.0005488474204171,0.0005488474204171,0.0,0.0203073545554335,0.0046652030735455,0.015642151481888,0.0334796926454444,0.0318331503841931,0.0016465422612513,0.0043907793633369,0.0043907793633369,0.0,0.0148188803512623,0.0085071350164654,0.0063117453347969,0.0071350164654225,0.0021953896816684,0.0049396267837541,0.0010976948408341,0.0002744237102085,0.0008232711306256,0.0019209659714599001,0.0013721185510428,0.0005488474204171,0.0046652030735455,0.0032930845225027,0.0013721185510428,0.0049396267837541,0.0035675082327113,0.0013721185510428,0.0008232711306256,0.0,0.0008232711306256,0.0027442371020855,0.0016465422612513,0.0010976948408342,0.0098792535675081,0.0054884742041712,0.0043907793633369,0.0109769484083424,0.0035675082327113,0.0074094401756311,934
2020-02-01,2020,2,3215,596,2619,4,4,0,58,24,34,2,2,0,97,80,17,30,25,5,1,1,0,0,0,0,145,12,133,162,153,9,75,75,0,82,47,35,29,11,18,20,3,17,9,7,2,29,27,2,12,11,1,2,2,0,7,4,3,21,11,10,63,27,36,0.7946119624320316,0.1473059812160158,0.6473059812160158,0.0009886307464162,0.0009886307464162,0.0,0.014335145823034998,0.0059317844784972,0.0084033613445378,0.0004943153732081,0.0004943153732081,0.0,0.0239742956005931,0.0197726149283242,0.0042016806722689,0.0074147305981215,0.0061789421651013,0.0012357884330202,0.000247157686604,0.000247157686604,0.0,0.0,0.0,0.0,0.035837864557587695,0.0029658922392486,0.0328719723183391,0.040039545229856505,0.0378151260504201,0.0022244191794364,0.018536826495304,0.018536826495304,0.0,0.0202669303015323,0.0116164112703905,0.0086505190311418,0.0071675729115174,0.0027187345526445,0.0044488383588729,0.004943153732081,0.0007414730598121,0.0042016806722689,0.0022244191794364,0.0017301038062283,0.0004943153732081,0.0071675729115175,0.0066732575383094,0.0004943153732081,0.0029658922392485,0.0027187345526445,0.000247157686604,0.0004943153732081,0.0004943153732081,0.0,0.0017301038062283,0.0009886307464162,0.0007414730598121,0.005190311418684999,0.0027187345526445,0.0024715768660405,0.0155709342560553,0.0066732575383094,0.0088976767177459,1108
2020-03-01,2020,3,3754,671,3083,10,7,3,59,23,36,11,7,4,55,27,28,61,54,7,2,1,1,0,0,0,247,13,234,31,30,1,10,10,0,62,29,33,64,19,45,68,18,50,14,9,5,10,9,1,19,9,10,1,1,0,12,9,3,13,6,7,34,19,15,0.8288805475822477,0.1481563258997571,0.6807242216824906,0.0022079929344225,0.0015455950540958,0.0006623978803267,0.013027158313093302,0.005078383749172,0.0079487745639213,0.0024287922278648,0.0015455950540958,0.000883197173769,0.0121439611393243,0.005961580922941,0.0061823802163833,0.013468756899977799,0.011923161845882,0.0015455950540958,0.0004415985868844,0.0002207992934422,0.0002207992934422,0.0,0.0,0.0,0.0545374254802383,0.0028703908147493,0.051667034665489,0.00684477809671,0.0066239788032678,0.0002207992934422,0.0022079929344226,0.0022079929344226,0.0,0.0136895561934201,0.0064031795098255,0.0072863766835946,0.014131154780304599,0.0041951865754029,0.0099359682049017,0.0150143519540736,0.0039743872819606,0.011039964672113,0.0030911901081916,0.0019871936409803,0.0011039964672113,0.0022079929344225,0.0019871936409803,0.0002207992934422,0.0041951865754029,0.0019871936409803,0.0022079929344226,0.0002207992934422,0.0002207992934422,0.0,0.002649591521307,0.0019871936409803,0.0006623978803267,0.0028703908147492997,0.0013247957606535,0.0015455950540958,0.0075071759770368,0.0041951865754029,0.0033119894016339,964
2020-04-01,2020,4,4594,759,3835,14,11,3,100,44,56,3,1,2,89,55,34,67,61,6,4,2,2,2,0,2,340,7,333,23,20,3,13,13,0,57,29,28,62,18,44,74,11,63,11,5,6,11,10,1,14,11,3,1,0,1,6,5,1,18,7,11,30,21,9,0.8326989305782128,0.1375747688961392,0.6951241616820736,0.0025376110204821,0.0019938372303788,0.0005437737901033,0.018125793003443802,0.0079753489215153,0.0101504440819285,0.0005437737901032,0.0001812579300344,0.0003625158600688,0.016131955773064997,0.0099691861518941,0.0061627696211709,0.0121442813123073,0.0110567337321007,0.0010875475802066,0.0007250317201376,0.0003625158600688,0.0003625158600688,0.0003625158600688,0.0,0.0003625158600688,0.0616276962117091,0.001268805510241,0.0603588907014681,0.004168932390792,0.0036251586006887,0.0005437737901033,0.0023563530904477,0.0023563530904477,0.0,0.010331702011962901,0.0052564799709987,0.0050752220409642,0.0112379916621352,0.0032626427406199,0.0079753489215153,0.013413086822548399,0.0019938372303788,0.0114192495921696,0.0019938372303786997,0.0009062896501721,0.0010875475802066,0.0019938372303787,0.0018125793003443,0.0001812579300344,0.0025376110204821,0.0019938372303788,0.0005437737901033,0.0001812579300344,0.0,0.0001812579300344,0.0010875475802065,0.0009062896501721,0.0001812579300344,0.0032626427406198,0.001268805510241,0.0019938372303788,0.0054377379010331,0.0038064165307232,0.0016313213703099,1078
2020-05-01,2020,5,4361,821,3540,19,13,6,123,70,53,10,5,5,47,30,17,90,81,9,5,2,3,1,0,1,261,15,246,9,8,1,0,0,0,80,49,31,60,13,47,60,5,55,18,16,2,12,10,2,38,25,13,4,1,3,2,0,2,24,10,14,51,28,23,0.8319343761922929,0.1566196108355589,0.6753147653567341,0.0036245707745135,0.0024799694772987,0.0011446012972148,0.0234643265929033,0.0133536818008393,0.010110644792064,0.0019076688286912,0.0009538344143456,0.0009538344143456,0.0089660434948492,0.005723006486074,0.0032430370087752,0.017169019458222,0.0154521175123998,0.0017169019458222,0.0009538344143455999,0.0003815337657382,0.0005723006486074,0.0001907668828691,0.0,0.0001907668828691,0.0497901564288439,0.002861503243037,0.0469286531858069,0.0017169019458221002,0.001526135062953,0.0001907668828691,0.0,0.0,0.0,0.015261350629530601,0.0093475772605875,0.0059137733689431,0.011446012972147899,0.0024799694772987,0.0089660434948492,0.0114460129721479,0.0009538344143456,0.0104921785578023,0.0034338038916443,0.0030522701259061,0.0003815337657382,0.0022892025944295,0.0019076688286913,0.0003815337657382,0.007249141549027,0.0047691720717283,0.0024799694772987,0.0007630675314764999,0.0001907668828691,0.0005723006486074,0.0003815337657382,0.0,0.0003815337657382,0.0045784051888591,0.0019076688286913,0.0026707363601678,0.0097291110263257,0.0053414727203357,0.00438763830599,1173
2020-06-01,2020,6,4366,711,3655,14,12,2,71,39,32,10,7,3,50,30,20,74,67,7,3,2,1,5,5,0,267,14,253,5,3,2,1,1,0,80,40,40,71,16,55,79,6,73,12,9,3,28,21,7,14,9,5,3,0,3,9,6,3,27,7,20,46,21,25,0.8381647149164906,0.1364945287003263,0.7016701862161643,0.0026876559800345003,0.0023037051257439,0.0003839508542906,0.013630255327318,0.0074870416586676,0.0061432136686504,0.0019197542714531,0.0013438279900172,0.0005759262814359,0.0095987713572662,0.0057592628143597,0.0038395085429065,0.014206181608754,0.0128623536187368,0.0013438279900172,0.0005759262814359,0.0003839508542906,0.0001919754271453,0.0009598771357266,0.0009598771357266,0.0,0.0512574390478018,0.0026876559800345,0.0485697830677673,0.0009598771357265,0.0005759262814359,0.0003839508542906,0.0001919754271453,0.0001919754271453,0.0,0.015358034171626,0.007679017085813,0.007679017085813,0.013630255327318,0.0030716068343252,0.0105586484929928,0.0151660587444806,0.0011518525628719,0.0140142061816087,0.0023037051257438,0.0017277788443079,0.0005759262814359,0.005375311960069,0.0040314839700518,0.0013438279900172,0.0026876559800345,0.0017277788443079,0.0009598771357266,0.0005759262814359,0.0,0.0005759262814359,0.0017277788443078,0.0011518525628719,0.0005759262814359,0.0051833365329237,0.0013438279900172,0.0038395085429065,0.008830869648684899,0.0040314839700518,0.0047993856786331,1000
2020-07-01,2020,7,4851,1167,3684,17,16,1,115,76,39,5,3,2,126,112,14,55,52,3,8,6,2,1,1,0,282,14,268,8,8,0,0,0,0,69,31,38,45,23,22,31,6,25,39,30,9,58,55,3,23,19,4,7,0,7,34,32,2,78,70,8,162,141,21,0.808634772462077,0.194532422070345,0.614102350391732,0.0028338056342723,0.0026671111851975,0.0001666944490748,0.0191698616436071,0.0126687781296882,0.0065010835139189,0.0008334722453741,0.0005000833472245,0.0003333888981496,0.0210035005834305,0.0186697782963827,0.0023337222870478,0.0091681946991164,0.0086681113518919,0.0005000833472245,0.0013335555925986001,0.001000166694449,0.0003333888981496,0.0001666944490748,0.0001666944490748,0.0,0.0470078346391064,0.0023337222870478,0.0446741123520586,0.0013335555925987,0.0013335555925987,0.0,0.0,0.0,0.0,0.0115019169861643,0.0051675279213202,0.0063343890648441,0.007501250208368,0.0038339723287214,0.0036672778796466,0.0051675279213201,0.001000166694449,0.0041673612268711,0.0065010835139189,0.0050008334722453,0.0015002500416736,0.009668278046341,0.0091681946991165,0.0005000833472245,0.0038339723287213,0.003167194532422,0.0006667777962993,0.0011668611435239,0.0,0.0011668611435239,0.0056676112685446,0.005334222370395,0.0003333888981496,0.013002167027837899,0.0116686114352392,0.0013335555925987,0.0270045007501249,0.0235039173195532,0.0035005834305717,1845
2020-08-01,2020,8,4090,709,3381,6,5,1,85,39,46,5,3,2,70,53,17,58,50,8,0,0,0,1,1,0,196,7,189,18,16,2,0,0,0,104,62,42,51,10,41,27,3,24,10,4,6,21,18,3,18,13,5,4,1,3,13,10,3,15,5,10,39,27,12,0.8519058529473027,0.1476775671735055,0.7042282857737971,0.0012497396375754,0.0010414496979795,0.0002082899395959,0.017704644865652902,0.0081233076442407,0.0095813372214122,0.0010414496979795,0.0006248698187877,0.0004165798791918,0.0145802957717141,0.0110393667985836,0.0035409289731305,0.0120808164965631,0.0104144969797958,0.0016663195167673,0.0,0.0,0.0,0.0002082899395959,0.0002082899395959,0.0,0.0408248281607998,0.0014580295771714,0.0393667985836284,0.0037492189127264,0.0033326390335346,0.0004165798791918,0.0,0.0,0.0,0.0216621537179753,0.0129139762549468,0.0087481774630285,0.0106227869193917,0.0020828993959591,0.0085398875234326,0.0056238283690897,0.0006248698187877,0.004998958550302,0.0020828993959590997,0.0008331597583836,0.0012497396375755,0.0043740887315142,0.0037492189127265,0.0006248698187877,0.0037492189127264,0.0027077692147469,0.0010414496979795,0.0008331597583836,0.0002082899395959,0.0006248698187877,0.0027077692147468003,0.0020828993959591,0.0006248698187877,0.0031243490939386,0.0010414496979795,0.0020828993959591,0.008123307644240699,0.0056238283690897,0.002499479275151,1010
2020-09-01,2020,9,4828,1349,3479,14,11,3,62,36,26,2,1,1,163,149,14,34,30,4,3,0,3,3,2,1,199,19,180,7,7,0,1,1,0,110,58,52,51,13,38,41,25,16,44,39,5,27,21,6,18,11,7,2,0,2,20,16,4,127,112,15,224,203,21,0.8085747780941215,0.2259253056439457,0.5826494724501758,0.0023446658851113003,0.0018422374811589,0.0005024284039524,0.0103835203483503,0.0060291408474292,0.0043543795009211,0.0003349522693016,0.0001674761346508,0.0001674761346508,0.027298609948082298,0.024953944062971,0.0023446658851113,0.0056941885781275,0.0050242840395243,0.0006699045386032,0.0005024284039524,0.0,0.0005024284039524,0.0005024284039524,0.0003349522693016,0.0001674761346508,0.033327750795511604,0.0031820465583654,0.0301457042371462,0.0011723329425556,0.0011723329425556,0.0,0.0001674761346508,0.0001674761346508,0.0,0.0184223748115893,0.0097136158097471,0.0087087590018422,0.0085412828671913,0.0021771897504605,0.0063640931167308,0.0068665215206832,0.0041869033662703,0.0026796181544129,0.0073689499246355995,0.0065315692513816,0.000837380673254,0.0045218556355718,0.003516998827667,0.0010048568079048,0.0030145704237145004,0.0018422374811589,0.0011723329425556,0.0003349522693016,0.0,0.0003349522693016,0.0033495226930161,0.0026796181544129,0.0006699045386032,0.021269469100653,0.0187573270808909,0.0025121420197621,0.0375146541617818,0.0339976553341148,0.003516998827667,2097
2020-10-01,2020,10,7851,4099,3752,34,32,2,46,28,18,11,9,2,540,524,16,32,27,5,4,4,0,0,0,0,315,58,257,23,20,3,1,1,0,112,80,32,34,9,25,24,4,20,101,96,5,64,60,4,30,28,2,5,5,0,74,67,7,407,387,20,1329,1247,82,0.7115280043501901,0.3714881276055827,0.3400398767446075,0.0030813848105854,0.002900126880551,0.0001812579300344,0.004168932390792,0.0025376110204821,0.0016313213703099,0.0009969186151893,0.0008156606851549,0.0001812579300344,0.0489396411092985,0.047489577669023,0.0014500634402755,0.0029001268805509,0.0024469820554649,0.000453144825086,0.0003625158600688,0.0003625158600688,0.0,0.0,0.0,0.0,0.0285481239804241,0.0052564799709987,0.0232916440094254,0.0020844661953959,0.0018125793003443,0.0002718868950516,9.062896501721952e-05,9.062896501721952e-05,0.0,0.0101504440819285,0.0072503172013775,0.002900126880551,0.0030813848105852998,0.0008156606851549,0.0022657241254304,0.0021750951604131,0.0003625158600688,0.0018125793003443,0.009153525466739,0.008700380641653,0.000453144825086,0.0058002537611019,0.0054377379010331,0.0003625158600688,0.0027188689505165,0.0025376110204821,0.0001812579300344,0.000453144825086,0.000453144825086,0.0,0.0067065434112742,0.0060721406561537,0.0006344027551205,0.0368859887620082,0.0350734094616639,0.0018125793003443,0.12044589450788461,0.1130143193764727,0.0074315751314119,6778
2020-11-01,2020,11,6316,2731,3585,13,11,2,51,28,23,7,5,2,354,320,34,35,32,3,10,10,0,5,3,2,299,34,265,22,22,0,2,2,0,121,81,40,66,29,37,23,8,15,147,143,4,71,67,4,53,48,5,3,3,0,23,23,0,120,110,10,441,408,33,0.7730722154222767,0.3342717258261934,0.4388004895960832,0.0015911872705017,0.0013463892288861,0.0002447980416156,0.0062423500611994,0.0034271725826193,0.0028151774785801,0.0008567931456546999,0.0006119951040391,0.0002447980416156,0.043329253365973,0.0391676866585067,0.0041615667074663,0.0042839657282741,0.0039167686658506,0.0003671970624235,0.0012239902080783,0.0012239902080783,0.0,0.0006119951040391,0.0003671970624235,0.0002447980416156,0.0365973072215421,0.0041615667074663,0.0324357405140758,0.0026927784577723,0.0026927784577723,0.0,0.0002447980416156,0.0002447980416156,0.0,0.014810281517747801,0.0099143206854345,0.0048959608323133,0.0080783353733169,0.0035495716034271,0.0045287637698898,0.0028151774785801003,0.0009791921664626,0.0018359853121175,0.0179926560587514,0.0175030599755201,0.0004895960832313,0.0086903304773561,0.0082007343941248,0.0004895960832313,0.0064871481028151,0.005875152998776,0.0006119951040391,0.0003671970624235,0.0003671970624235,0.0,0.0028151774785801,0.0028151774785801,0.0,0.0146878824969399,0.0134638922888616,0.0012239902080783,0.0539779681762545,0.049938800489596,0.0040391676866585,4105
2020-12-01,2020,12,6183,2082,4101,9,7,2,89,51,38,4,2,2,305,237,68,37,31,6,4,3,1,2,0,2,286,19,267,18,13,5,5,5,0,71,43,28,92,29,63,49,17,32,63,60,3,47,44,3,19,12,7,2,2,0,31,30,1,82,76,6,101,89,12,0.8259417579481698,0.2781191557574138,0.5478226021907561,0.001202244189153,0.0009350788137857,0.0002671653753673,0.011888859203847,0.0068127170718674,0.0050761421319796,0.0005343307507346,0.0002671653753673,0.0002671653753673,0.0407427197435211,0.0316590969810312,0.0090836227624899,0.0049425594442959,0.0041410633181939,0.000801496126102,0.0005343307507346,0.000400748063051,0.0001335826876836,0.0002671653753673,0.0,0.0002671653753673,0.0382046486775313,0.0025380710659898,0.0356665776115415,0.002404488378306,0.0017365749398877,0.0006679134384183,0.0006679134384183,0.0006679134384183,0.0,0.0094843708255409,0.005744055570398,0.0037403152551429,0.012289607266898199,0.0038738979428266,0.0084157093240716,0.0065455516965,0.0022709056906224,0.0042746460058776,0.0084157093240715,0.0080149612610205,0.000400748063051,0.006278386321132701,0.0058776382580817,0.000400748063051,0.0025380710659898,0.0016029922522041,0.0009350788137857,0.0002671653753673,0.0002671653753673,0.0,0.004141063318193801,0.0040074806305102,0.0001335826876836,0.010953780390061299,0.0101522842639593,0.000801496126102,0.013491851456051201,0.0118888592038471,0.0016029922522041,2840
2021-01-01,2021,1,5420,1404,4016,8,7,1,66,26,40,6,4,2,298,238,60,64,52,12,3,3,0,1,0,1,271,24,247,18,13,5,3,3,0,112,68,44,56,17,39,14,0,14,21,20,1,19,17,2,24,18,6,0,0,0,14,13,1,60,39,21,87,56,31,0.8287461773700305,0.2146788990825688,0.6140672782874618,0.001223241590214,0.0010703363914373,0.0001529051987767,0.010091743119266,0.0039755351681957,0.0061162079510703,0.0009174311926605,0.000611620795107,0.0003058103975535,0.045565749235474,0.0363914373088685,0.0091743119266055,0.0097859327217125,0.0079510703363914,0.0018348623853211,0.0004587155963302,0.0004587155963302,0.0,0.0001529051987767,0.0,0.0001529051987767,0.0414373088685015,0.0036697247706422,0.0377675840978593,0.0027522935779815,0.0019877675840978,0.0007645259938837,0.0004587155963302,0.0004587155963302,0.0,0.0171253822629968,0.0103975535168195,0.0067278287461773,0.0085626911314983,0.0025993883792048,0.0059633027522935,0.0021406727828746,0.0,0.0021406727828746,0.0032110091743118,0.0030581039755351,0.0001529051987767,0.0029051987767583004,0.0025993883792048,0.0003058103975535,0.0036697247706420997,0.0027522935779816,0.0009174311926605,0.0,0.0,0.0,0.0021406727828745,0.0019877675840978,0.0001529051987767,0.009174311926605401,0.0059633027522935,0.0032110091743119,0.013302752293577899,0.0085626911314984,0.0047400611620795,2005
2021-02-01,2021,2,5337,1308,4029,11,8,3,92,48,44,9,6,3,249,171,78,61,55,6,22,22,0,2,0,2,254,20,234,20,18,2,1,1,0,101,61,40,57,11,46,6,1,5,16,13,3,31,28,3,41,31,10,1,0,1,14,13,1,44,28,16,85,54,31,0.8300155520995334,0.2034214618973561,0.6265940902021773,0.001710730948678,0.0012441679626749,0.0004665629860031,0.014307931570761899,0.0074650077760497,0.0068429237947122,0.0013996889580093,0.0009331259720062,0.0004665629860031,0.038724727838258,0.0265940902021772,0.0121306376360808,0.0094867807153965,0.0085536547433903,0.0009331259720062,0.0034214618973561,0.0034214618973561,0.0,0.0003110419906687,0.0,0.0003110419906687,0.03950233281493,0.0031104199066874,0.0363919129082426,0.0031104199066873,0.0027993779160186,0.0003110419906687,0.0001555209953343,0.0001555209953343,0.0,0.0157076205287713,0.0094867807153965,0.0062208398133748,0.008864696734059,0.001710730948678,0.007153965785381,0.0009331259720061,0.0001555209953343,0.0007776049766718,0.0024883359253499,0.0020217729393468,0.0004665629860031,0.0048211508553654,0.0043545878693623,0.0004665629860031,0.0063763608087091,0.0048211508553654,0.0015552099533437,0.0001555209953343,0.0,0.0001555209953343,0.0021772939346810997,0.0020217729393468,0.0001555209953343,0.0068429237947122,0.0043545878693623,0.0024883359253499,0.0132192846034213,0.0083981337480559,0.0048211508553654,1875
2021-03-01,2021,3,4732,1228,3504,16,11,5,74,49,25,3,3,0,200,148,52,44,37,7,2,2,0,3,3,0,282,21,261,29,27,2,4,4,0,91,52,39,45,19,26,27,7,20,39,34,5,17,15,2,27,22,5,3,2,1,11,8,3,35,18,17,69,46,23,0.8256848717501307,0.2142732507415808,0.61141162100855,0.0027918338858837002,0.0019193857965451,0.0008724480893386,0.012912231722212501,0.0085499912755191,0.0043622404466934,0.0005234688536032,0.0005234688536032,0.0,0.0348979235735473,0.025824463444425,0.0090734601291223,0.0076775431861803006,0.0064561158611062,0.0012214273250741,0.0003489792357354,0.0003489792357354,0.0,0.0005234688536032,0.0005234688536032,0.0,0.0492060722387017,0.0036642819752224,0.0455417902634793,0.0050601989181642,0.0047112196824288,0.0003489792357354,0.0006979584714709,0.0006979584714709,0.0,0.015878555225964,0.0090734601291223,0.0068050950968417,0.007852032804048099,0.003315302739487,0.0045367300645611,0.0047112196824288,0.0012214273250741,0.0034897923573547,0.0068050950968415996,0.005932647007503,0.0008724480893386,0.0029663235037514003,0.002617344268016,0.0003489792357354,0.0047112196824288,0.0038387715930902,0.0008724480893386,0.0005234688536031,0.0003489792357354,0.0001744896178677,0.0019193857965450001,0.0013959169429418,0.0005234688536032,0.0061071366253707005,0.0031408131216192,0.0029663235037515,0.0120397836328737,0.0080265224219158,0.0040132612109579,1737
2021-04-01,2021,4,5432,1442,3990,13,10,3,116,54,62,8,2,6,275,205,70,75,60,15,1,1,0,5,5,0,266,15,251,19,15,4,5,5,0,126,72,54,62,22,40,9,2,7,30,29,1,38,30,8,50,34,16,3,0,3,15,14,1,63,42,21,96,64,32,0.8164737712310235,0.2167443258680294,0.5997294453629941,0.0019540057117089,0.0015030813166992,0.0004509243950097,0.017435743273711,0.0081166391101758,0.0093191041635352,0.0012024650533593,0.0003006162633398,0.0009018487900195,0.0413347362092288,0.0308131669923342,0.0105215692168946,0.0112731098752442,0.0090184879001954,0.0022546219750488,0.0001503081316699,0.0001503081316699,0.0,0.0007515406583496,0.0007515406583496,0.0,0.0399819630241995,0.0022546219750488,0.0377273410491507,0.0028558545017284,0.0022546219750488,0.0006012325266796,0.0007515406583496,0.0007515406583496,0.0,0.0189388245904102,0.0108221854802344,0.0081166391101758,0.009319104163535201,0.0033067788967383,0.0060123252667969,0.0013527731850292001,0.0003006162633398,0.0010521569216894,0.0045092439500976,0.0043589358184277,0.0001503081316699,0.005711709003457,0.0045092439500977,0.0012024650533593,0.007515406583496,0.0051104764767773,0.0024049301067187,0.0004509243950097,0.0,0.0004509243950097,0.0022546219750488,0.0021043138433789,0.0001503081316699,0.009469412295205,0.0063129415301367,0.0031564707650683,0.014429580640312502,0.009619720426875,0.0048098602134375,2078
2021-05-01,2021,5,5318,1378,3940,12,9,3,87,58,29,8,2,6,314,243,71,46,33,13,2,2,0,3,2,1,216,15,201,21,20,1,0,0,0,130,77,53,77,27,50,10,0,10,71,65,6,33,21,12,18,8,10,3,0,3,24,20,4,77,50,27,103,73,30,0.8126528117359412,0.2105745721271393,0.6020782396088019,0.0018337408312957002,0.0013753056234718,0.0004584352078239,0.0132946210268947,0.0088630806845965,0.0044315403422982,0.0012224938875305,0.0003056234718826,0.0009168704156479,0.047982885085574495,0.0371332518337408,0.0108496332518337,0.0070293398533006,0.0050427872860635,0.0019865525672371,0.0003056234718826,0.0003056234718826,0.0,0.0004584352078239,0.0003056234718826,0.0001528117359413,0.0330073349633251,0.0022921760391198,0.0307151589242053,0.0032090464547677,0.0030562347188264,0.0001528117359413,0.0,0.0,0.0,0.0198655256723715,0.0117665036674816,0.0080990220048899,0.011766503667481599,0.0041259168704156,0.007640586797066,0.0015281173594132,0.0,0.0015281173594132,0.0108496332518337,0.0099327628361858,0.0009168704156479,0.0050427872860635,0.0032090464547677,0.0018337408312958,0.0027506112469437,0.0012224938875305,0.0015281173594132,0.0004584352078239,0.0,0.0004584352078239,0.0036674816625916,0.0030562347188264,0.0006112469437652,0.011766503667481599,0.007640586797066,0.0041259168704156,0.0157396088019559,0.0111552567237163,0.0045843520782396,2081
2021-06-01,2021,6,5089,1423,3666,3,3,0,56,32,24,7,5,2,325,251,74,41,27,14,3,2,1,1,1,0,179,19,160,65,65,0,3,3,0,193,138,55,92,26,66,6,2,4,22,18,4,20,13,7,29,21,8,1,0,1,16,11,5,72,53,19,81,54,27,0.8098345003182685,0.2264481222151496,0.583386378103119,0.0004774029280712,0.0004774029280712,0.0,0.0089115213239974,0.0050922978994271,0.0038192234245703,0.0011139401654995,0.0007956715467854,0.0003182686187141,0.05171865054105659,0.0399427116486314,0.0117759388924252,0.0065245066836409,0.0042966263526416,0.0022278803309993,0.0004774029280711,0.0003182686187141,0.000159134309357,0.000159134309357,0.000159134309357,0.0,0.0284850413749203,0.0030235518777848,0.0254614894971355,0.0103437301082113,0.0103437301082113,0.0,0.0004774029280712,0.0004774029280712,0.0,0.0307129217059197,0.0219605346912794,0.0087523870146403,0.014640356460852901,0.0041374920432845,0.0105028644175684,0.0009548058561424,0.0003182686187141,0.0006365372374283,0.003500954805856,0.0028644175684277,0.0006365372374283,0.0031826861871418,0.0020687460216422,0.0011139401654996,0.0046148949713557,0.003341820496499,0.0012730744748567,0.000159134309357,0.0,0.000159134309357,0.0025461489497134,0.001750477402928,0.0007956715467854,0.0114576702737109,0.0084341183959261,0.0030235518777848,0.0128898790579248,0.0085932527052832,0.0042966263526416,2154
2021-07-01,2021,7,4811,1261,3550,14,10,4,81,26,55,6,5,1,274,203,71,49,31,18,1,1,0,2,2,0,304,40,264,11,10,1,4,4,0,238,146,92,72,33,39,14,1,13,30,28,2,19,11,8,40,33,7,5,3,2,20,18,2,86,61,25,170,126,44,0.7730997910975412,0.2026353848626064,0.5704644062349349,0.0022497187851517,0.0016069419893941,0.0006427767957576,0.0130162301140928,0.0041780491724248,0.008838180941668,0.0009641651936364,0.000803470994697,0.0001606941989394,0.0440302105094005,0.0326209223847019,0.0114092881246986,0.0078740157480314,0.0049815201671219,0.0028924955809095,0.0001606941989394,0.0001606941989394,0.0,0.0003213883978788,0.0003213883978788,0.0,0.0488510364775831,0.0064277679575767,0.0424232685200064,0.0017676361883335,0.0016069419893941,0.0001606941989394,0.0006427767957576,0.0006427767957576,0.0,0.0382452193475814,0.023461353045155,0.0147838663024264,0.0115699823236381,0.0053029085650008,0.0062670737586373,0.0022497187851518,0.0001606941989394,0.0020890245862124,0.0048208259681825,0.0044994375703037,0.0003213883978788,0.0030531897798489,0.0017676361883336,0.0012855535915153,0.006427767957576699,0.0053029085650008,0.0011248593925759,0.000803470994697,0.0004820825968182,0.0003213883978788,0.0032138839787883,0.0028924955809095,0.0003213883978788,0.013819701108789901,0.0098023461353045,0.0040173549734854,0.0273180138197011,0.0202474690663667,0.0070705447533344,2036
2021-08-01,2021,8,4873,1121,3752,17,15,2,82,31,51,3,2,1,164,131,33,61,53,8,3,1,2,3,0,3,407,76,331,8,7,1,2,2,0,151,85,66,49,17,32,19,3,16,34,32,2,19,15,4,23,17,6,1,1,0,16,13,3,63,43,20,197,161,36,0.7909430287291024,0.1819509819834442,0.6089920467456582,0.0027592923226748,0.0024346696964778,0.000324622626197,0.0133095276740788,0.0050316507060542,0.0082778769680246,0.00048693393929550004,0.000324622626197,0.0001623113130985,0.0266190553481577,0.0212627820159065,0.0053562733322512,0.009900990099009799,0.0086024995942217,0.0012984905047881,0.00048693393929550004,0.0001623113130985,0.000324622626197,0.0004869339392955,0.0,0.0004869339392955,0.0660607044310988,0.0123356597954877,0.0537250446356111,0.0012984905047881,0.0011361791916896,0.0001623113130985,0.000324622626197,0.000324622626197,0.0,0.0245090082778769,0.0137964616133744,0.0107125466645025,0.0079532543418275,0.0027592923226748,0.0051939620191527,0.0030839149488718002,0.0004869339392955,0.0025969810095763,0.0055185846453497,0.0051939620191527,0.000324622626197,0.0030839149488718,0.0024346696964778,0.000649245252394,0.0037331602012659,0.0027592923226748,0.0009738678785911,0.0001623113130985,0.0001623113130985,0.0,0.0025969810095762,0.0021100470702807,0.0004869339392955,0.0102256127252068,0.0069793864632364,0.0032462262619704,0.031975328680409,0.0261321214088622,0.0058432072715468,1802
2021-09-01,2021,9,5335,1437,3898,12,6,6,71,28,43,5,5,0,361,270,91,62,49,13,1,0,1,1,0,1,204,16,188,20,17,3,2,2,0,170,106,64,92,32,60,8,2,6,21,20,1,28,25,3,37,29,8,3,1,2,17,13,4,69,37,32,75,49,26,0.8122716199756395,0.2187880633373934,0.593483556638246,0.0018270401948842,0.0009135200974421,0.0009135200974421,0.0108099878197319,0.0042630937880633,0.0065468940316686,0.0007612667478684,0.0007612667478684,0.0,0.0549634591961022,0.0411084043848964,0.0138550548112058,0.0094397076735687,0.0074604141291108,0.0019792935444579,0.0001522533495736,0.0,0.0001522533495736,0.0001522533495736,0.0,0.0001522533495736,0.0310596833130328,0.002436053593179,0.0286236297198538,0.0030450669914737,0.0025883069427527,0.000456760048721,0.0003045066991473,0.0003045066991473,0.0,0.0258830694275274,0.0161388550548112,0.0097442143727162,0.0140073081607795,0.0048721071863581,0.0091352009744214,0.0012180267965894,0.0003045066991473,0.0009135200974421,0.0031973203410474,0.0030450669914738,0.0001522533495736,0.0042630937880632006,0.0038063337393422,0.000456760048721,0.0056333739342265,0.004415347137637,0.0012180267965895,0.0004567600487209,0.0001522533495736,0.0003045066991473,0.0025883069427526,0.0019792935444579,0.0006090133982947,0.010505481120584598,0.0056333739342265,0.0048721071863581,0.011419001218026699,0.0074604141291108,0.0039585870889159,2126
2021-10-01,2021,10,5338,1606,3732,16,12,4,112,54,58,4,4,0,399,308,91,48,45,3,2,1,1,0,0,0,239,18,221,26,21,5,0,0,0,142,94,48,82,28,54,11,1,10,14,12,2,23,20,3,17,12,5,6,4,2,31,25,6,52,26,26,77,60,17,0.8067099894211878,0.2427081759105334,0.5640018135106544,0.0024180142058333,0.001813510654375,0.0006045035514583,0.0169260994408341,0.0081607979446879,0.0087653014961462,0.0006045035514583,0.0006045035514583,0.0,0.0602992292579718,0.046546773462294,0.0137524557956778,0.0072540426175003,0.0068006649539066,0.0004533776635937,0.000302251775729,0.0001511258878645,0.0001511258878645,0.0,0.0,0.0,0.036119087199637204,0.0027202659815626,0.0333988212180746,0.0039292730844793,0.0031736436451564,0.0007556294393229,0.0,0.0,0.0,0.0214598760767718,0.0142058334592715,0.0072540426175003,0.0123923228048964,0.0042315248602085,0.0081607979446879,0.0016623847665104001,0.0001511258878645,0.0015112588786459,0.0021157624301041,0.001813510654375,0.0003022517757291,0.0034758954208855,0.0030225177572918,0.0004533776635937,0.0025691400936979003,0.001813510654375,0.0007556294393229,0.0009067553271874,0.0006045035514583,0.0003022517757291,0.0046849025238022,0.0037781471966147,0.0009067553271875,0.0078585461689586,0.0039292730844793,0.0039292730844793,0.0116366933655734,0.0090675532718754,0.002569140093698,2330
2021-11-01,2021,11,5397,1534,3863,6,5,1,79,34,45,8,8,0,430,340,90,35,26,9,2,0,2,2,2,0,245,33,212,20,15,5,0,0,0,136,84,52,146,54,92,6,1,5,28,20,8,37,33,4,18,14,4,3,0,3,47,45,2,80,50,30,130,102,28,0.7894967817437097,0.2244002340550029,0.5650965476887069,0.0008777062609712,0.0007314218841427,0.0001462843768285,0.011556465769455699,0.0049736688121708,0.0065827969572849,0.0011702750146284,0.0011702750146284,0.0,0.0629022820362785,0.0497366881217086,0.0131655939145699,0.005119953188999301,0.0038033937975424,0.0013165593914569,0.0002925687536571,0.0,0.0002925687536571,0.0002925687536571,0.0002925687536571,0.0,0.0358396723229959,0.0048273844353423,0.0310122878876536,0.002925687536571,0.0021942656524283,0.0007314218841427,0.0,0.0,0.0,0.0198946752486833,0.0122878876535985,0.0076067875950848,0.0213575190169689,0.0078993563487419,0.013458162668227,0.0008777062609712,0.0001462843768285,0.0007314218841427,0.0040959625511994,0.002925687536571,0.0011702750146284,0.0054125219426565,0.0048273844353423,0.0005851375073142,0.0026331187829139,0.0020479812755997,0.0005851375073142,0.0004388531304856,0.0,0.0004388531304856,0.006875365710942,0.0065827969572849,0.0002925687536571,0.0117027501462843,0.0073142188414277,0.0043885313048566,0.019016968987712,0.0149210064365125,0.0040959625511995,2387
2021-12-01,2021,12,5627,1521,4106,13,10,3,82,29,53,6,5,1,417,328,89,53,38,15,3,2,1,1,1,0,252,25,227,25,21,4,2,1,1,192,131,61,195,109,86,11,1,10,26,26,0,31,31,0,15,10,5,2,0,2,17,15,2,64,45,19,110,60,50,0.7906421244906562,0.2137136433890684,0.5769284811015878,0.0018266123366586,0.0014050864128143,0.0004215259238443,0.0115217085850779,0.0040747505971617,0.0074469579879162,0.0008430518476885,0.0007025432064071,0.0001405086412814,0.0585921034143599,0.0460868343403119,0.012505269074048,0.0074469579879161,0.0053393283686946,0.0021076296192215,0.0004215259238442,0.0002810172825628,0.0001405086412814,0.0001405086412814,0.0001405086412814,0.0,0.0354081776029225,0.0035127160320359,0.0318954615708866,0.0035127160320359,0.0029506814669102,0.0005620345651257,0.0002810172825628,0.0001405086412814,0.0001405086412814,0.0269776591260361,0.0184066320078684,0.0085710271181677,0.0273991850498805,0.0153154418996768,0.0120837431502037,0.0015455950540957,0.0001405086412814,0.0014050864128143,0.0036532246733174,0.0036532246733174,0.0,0.0043557678797246,0.0043557678797246,0.0,0.0021076296192214,0.0014050864128143,0.0007025432064071,0.0002810172825628,0.0,0.0002810172825628,0.0023886469017843004,0.0021076296192215,0.0002810172825628,0.008992553042012,0.0063228888576647,0.0026696641843473,0.0154559505409582,0.0084305184768863,0.0070254320640719,2389
2022-01-01,2022,1,4242,986,3256,12,12,0,69,25,44,3,2,1,209,144,65,37,25,12,1,1,0,3,3,0,232,18,214,12,10,2,2,2,0,130,70,60,81,40,41,9,0,9,15,14,1,38,29,9,18,15,3,5,4,1,15,12,3,63,42,21,78,44,34,0.8072312083729781,0.1876308277830637,0.6196003805899144,0.0022835394862036,0.0022835394862036,0.0,0.013130352045670701,0.0047573739295908,0.0083729781160799,0.0005708848715508,0.0003805899143672,0.0001902949571836,0.0397716460513795,0.0274024738344433,0.0123691722169362,0.0070409134157944,0.0047573739295908,0.0022835394862036,0.0001902949571836,0.0001902949571836,0.0,0.0005708848715509,0.0005708848715509,0.0,0.044148430066603205,0.0034253092293054,0.0407231208372978,0.0022835394862035,0.0019029495718363,0.0003805899143672,0.0003805899143672,0.0003805899143672,0.0,0.0247383444338724,0.0133206470028544,0.011417697431018,0.0154138915318743,0.0076117982873453,0.007802093244529,0.0017126546146527,0.0,0.0017126546146527,0.0028544243577544,0.0026641294005708,0.0001902949571836,0.007231208372978099,0.0055185537583254,0.0017126546146527,0.0034253092293054,0.0028544243577545,0.0005708848715509,0.0009514747859181,0.0007611798287345,0.0001902949571836,0.0028544243577545,0.0022835394862036,0.0005708848715509,0.011988582302568898,0.0079923882017126,0.0039961941008563,0.0148430066603234,0.0083729781160799,0.0064700285442435,1485
2022-02-01,2022,2,4415,1182,3233,24,20,4,117,56,61,9,9,0,256,185,71,67,51,16,0,0,0,2,2,0,173,21,152,16,13,3,3,3,0,125,63,62,85,50,35,10,2,8,14,13,1,39,28,11,46,40,6,2,1,1,20,17,3,54,29,25,124,86,38,0.7932087675170678,0.2123607617678763,0.5808480057491915,0.0043118936399568,0.003593244699964,0.0007186489399928,0.0210204814947897,0.0100610851598993,0.0109593963348904,0.0016169601149838,0.0016169601149838,0.0,0.045993532159539996,0.0332375134746676,0.0127560186848724,0.0120373697448795,0.0091627739849083,0.0028745957599712,0.0,0.0,0.0,0.0003593244699964,0.0003593244699964,0.0,0.0310815666546891,0.0037729069349622,0.0273086597197269,0.0028745957599712,0.0023356090549766,0.0005389867049946,0.0005389867049946,0.0005389867049946,0.0,0.022457779374775402,0.0113187208048868,0.0111390585698886,0.0152712899748472,0.0089831117499101,0.0062881782249371,0.0017966223499819999,0.0003593244699964,0.0014372978799856,0.0025152712899747997,0.0023356090549766,0.0001796622349982,0.007006827164929801,0.0050305425799496,0.0019762845849802,0.0082644628099173,0.0071864893999281,0.0010779734099892,0.0003593244699964,0.0001796622349982,0.0001796622349982,0.003593244699964,0.0030542579949694,0.0005389867049946,0.0097017606899028,0.0052102048149478,0.004491555874955,0.0222781171397771,0.0154509522098454,0.0068271649299317,1843
2022-03-01,2022,3,3331,1009,2322,6,6,0,60,27,33,14,13,1,242,177,65,35,27,8,0,0,0,3,3,0,146,29,117,19,16,3,3,3,0,84,54,30,51,23,28,7,2,5,21,20,1,23,22,1,13,12,1,2,2,0,26,23,3,38,26,12,110,95,15,0.7904603701945894,0.2394399620313241,0.5510204081632653,0.0014238253440911,0.0014238253440911,0.0,0.0142382534409111,0.00640721404841,0.0078310393925011,0.0033222591362125,0.0030849549121974,0.0002373042240151,0.057427622211675196,0.0420028476506881,0.0154247745609871,0.008305647840531399,0.00640721404841,0.0018984337921214,0.0,0.0,0.0,0.0007119126720455,0.0007119126720455,0.0,0.0346464167062173,0.0068818224964404,0.0277645942097769,0.0045087802562884,0.0037968675842429,0.0007119126720455,0.0007119126720455,0.0007119126720455,0.0,0.019933554817275698,0.0128144280968201,0.0071191267204556,0.0121025154247745,0.0054579971523493,0.0066445182724252,0.0016611295681062,0.0004746084480303,0.0011865211200759,0.0049833887043187995,0.0047460844803037,0.0002373042240151,0.0054579971523492,0.0052206929283341,0.0002373042240151,0.0030849549121973003,0.0028476506881822,0.0002373042240151,0.0004746084480303,0.0004746084480303,0.0,0.0061699098243948,0.0054579971523493,0.0007119126720455,0.009017560512577,0.0061699098243948,0.0028476506881822,0.026103464641670602,0.0225439012814428,0.0035595633602278,1571
2022-04-01,2022,4,4083,1036,3047,8,6,2,79,34,45,10,7,3,361,284,77,40,36,4,3,2,1,6,5,1,158,15,143,26,22,4,5,5,0,102,61,41,65,19,46,6,0,6,15,15,0,33,21,12,17,14,3,2,1,1,11,9,2,49,30,19,87,50,37,0.7937402799377916,0.2013996889580093,0.5923405909797823,0.0015552099533436,0.0011664074650077,0.0003888024883359,0.015357698289269,0.0066096423017107,0.0087480559875583,0.0019440124416795,0.0013608087091757,0.0005832037325038,0.0701788491446345,0.0552099533437014,0.0149688958009331,0.0077760497667184,0.0069984447900466,0.0007776049766718,0.0005832037325038,0.0003888024883359,0.0001944012441679,0.0011664074650077,0.0009720062208398,0.0001944012441679,0.030715396578538,0.0029160186625194,0.0277993779160186,0.0050544323483669,0.0042768273716951,0.0007776049766718,0.0009720062208398,0.0009720062208398,0.0,0.019828926905132098,0.0118584758942457,0.0079704510108864,0.0126360808709174,0.0036936236391912,0.0089424572317262,0.0011664074650077,0.0,0.0011664074650077,0.0029160186625194,0.0029160186625194,0.0,0.0064152410575427,0.0040824261275272,0.0023328149300155,0.0033048211508552,0.0027216174183514,0.0005832037325038,0.0003888024883358,0.0001944012441679,0.0001944012441679,0.0021384136858475,0.0017496111975116,0.0003888024883359,0.00952566096423,0.0058320373250388,0.0036936236391912,0.0169129082426127,0.0097200622083981,0.0071928460342146,1652
2022-05-01,2022,5,4244,1157,3087,9,8,1,74,48,26,2,1,1,344,257,87,25,15,10,1,0,1,2,2,0,125,7,118,7,6,1,3,3,0,88,41,47,44,18,26,1,0,1,12,12,0,63,60,3,13,5,8,0,0,0,14,13,1,41,19,22,138,97,41,0.8103876265037234,0.220928012220737,0.5894596142829864,0.001718541149513,0.0015275921329005,0.0001909490166125,0.014130227229329599,0.009165552797403,0.0049646744319266,0.000381898033225,0.0001909490166125,0.0001909490166125,0.0656864617147221,0.049073897269429,0.0166125644452931,0.004773725415314,0.0028642352491884,0.0019094901661256,0.0001909490166125,0.0,0.0001909490166125,0.0003818980332251,0.0003818980332251,0.0,0.0238686270765705,0.0013366431162879,0.0225319839602826,0.0013366431162878,0.0011456940996753,0.0001909490166125,0.0005728470498376,0.0005728470498376,0.0,0.0168035134619056,0.0078289096811151,0.0089746037807905,0.008401756730952701,0.0034370822990261,0.0049646744319266,0.0001909490166125,0.0,0.0001909490166125,0.0022913881993507,0.0022913881993507,0.0,0.0120297880465914,0.0114569409967538,0.0005728470498376,0.0024823372159633,0.0009547450830628,0.0015275921329005,0.0,0.0,0.0,0.0026732862325758,0.0024823372159633,0.0001909490166125,0.0078289096811151,0.0036280313156387,0.0042008783654764,0.0263509642925338,0.0185220546114187,0.0078289096811151,1761
2022-06-01,2022,6,4051,1031,3020,12,10,2,66,34,32,9,8,1,324,218,106,51,40,11,2,1,1,11,10,1,132,9,123,20,18,2,0,0,0,115,67,48,53,26,27,8,0,8,8,7,1,50,44,6,11,9,2,6,0,6,14,11,3,44,13,31,92,59,33,0.8034510115033716,0.2044823482744942,0.5989686632288774,0.0023800079333595996,0.0019833399444664,0.0003966679888932,0.0130900436334787,0.006743355811186,0.0063466878222927,0.0017850059500197,0.0015866719555731,0.0001983339944466,0.064260214200714,0.0432368107893693,0.0210234034113447,0.010115033716779,0.0079333597778659,0.0021816739389131,0.0003966679888932,0.0001983339944466,0.0001983339944466,0.0021816739389129997,0.0019833399444664,0.0001983339944466,0.026180087266957502,0.0017850059500198,0.0243950813169377,0.0039666798889328,0.0035700119000396,0.0003966679888932,0.0,0.0,0.0,0.0228084093613645,0.0132883776279254,0.0095200317334391,0.0105117017056723,0.0051566838556128,0.0053550178500595,0.0015866719555731,0.0,0.0015866719555731,0.0015866719555730998,0.0013883379611265,0.0001983339944466,0.009916699722332301,0.0087266957556525,0.0011900039666798,0.0021816739389129997,0.0017850059500198,0.0003966679888932,0.0011900039666798,0.0,0.0011900039666798,0.002776675922253,0.0021816739389131,0.0005950019833399,0.0087266957556524,0.0025783419278064,0.006148353827846,0.0182467274890915,0.0117017056723522,0.0065450218167393,1584
2022-07-01,2022,7,3835,852,2983,13,12,1,74,34,40,3,3,0,297,192,105,29,19,10,1,0,1,2,1,1,154,17,137,9,7,2,1,0,1,101,46,55,37,15,22,8,1,7,15,15,0,21,16,5,31,19,12,1,1,0,11,9,2,41,20,21,82,62,20,0.8075384291429774,0.1794061907770056,0.6281322383659718,0.0027374184038743998,0.0025268477574226,0.0002105706464518,0.015582227837439299,0.007159401979364,0.0084228258580753,0.0006317119393556,0.0006317119393556,0.0,0.0625394819962096,0.0404295641187618,0.0221099178774478,0.0061065487471046,0.0040008422825858,0.0021057064645188,0.0002105706464518,0.0,0.0002105706464518,0.0004211412929036,0.0002105706464518,0.0002105706464518,0.0324278795535901,0.003579700989682,0.0288481785639081,0.0018951358180668001,0.0014739945251631,0.0004211412929037,0.0002105706464518,0.0,0.0002105706464518,0.021267635291640198,0.0096862497367866,0.0115813855548536,0.007791113918719599,0.0031585596967782,0.0046325542219414,0.0016845651716149,0.0002105706464518,0.0014739945251631,0.0031585596967782,0.0031585596967782,0.0,0.0044219835754895,0.0033691303432301,0.0010528532322594,0.0065276900400084,0.0040008422825858,0.0025268477574226,0.0002105706464518,0.0002105706464518,0.0,0.0023162771109706,0.0018951358180669,0.0004211412929037,0.008633396504527099,0.0042114129290376,0.0044219835754895,0.0172667930090544,0.0130553800800168,0.0042114129290376,1329
2022-08-01,2022,8,4078,1012,3066,15,12,3,77,30,47,6,5,1,250,180,70,31,19,12,3,0,3,3,2,1,213,41,172,8,8,0,1,1,0,94,60,34,31,10,21,8,1,7,41,38,3,17,15,2,17,12,5,2,1,1,14,8,6,56,42,14,160,125,35,0.798355520751762,0.1981205951448708,0.6002349256068912,0.0029365700861393,0.0023492560689115,0.0005873140172278,0.0150743931088487,0.0058731401722787,0.00920125293657,0.0011746280344555999,0.0009788566953797,0.0001957713390759,0.048942834768989696,0.0352388410336726,0.0137039937353171,0.0060689115113547,0.0037196554424432,0.0023492560689115,0.0005873140172278,0.0,0.0005873140172278,0.0005873140172278,0.0003915426781519,0.0001957713390759,0.041699295223179195,0.0080266249021143,0.0336726703210649,0.0015661707126076,0.0015661707126076,0.0,0.0001957713390759,0.0001957713390759,0.0,0.0184025058731401,0.0117462803445575,0.0066562255285826,0.0060689115113546,0.0019577133907595,0.0041111981205951,0.0015661707126075999,0.0001957713390759,0.0013703993735317,0.008026624902114199,0.0074393108848864,0.0005873140172278,0.0033281127642912,0.0029365700861393,0.0003915426781519,0.0033281127642912,0.0023492560689115,0.0009788566953797,0.0003915426781518,0.0001957713390759,0.0001957713390759,0.0027407987470633,0.0015661707126076,0.0011746280344557,0.0109631949882536,0.0082223962411902,0.0027407987470634,0.0313234142521534,0.0244714173844949,0.0068519968676585,1610
2022-09-01,2022,9,4341,1367,2974,6,6,0,95,47,48,4,4,0,397,304,93,25,22,3,2,1,1,6,5,1,135,14,121,13,10,3,1,1,0,96,53,43,43,26,17,4,2,2,29,27,2,53,42,11,9,5,4,6,5,1,33,31,2,134,118,16,240,192,48,0.7679108437997524,0.2418185034494958,0.5260923403502565,0.0010613833362816,0.0010613833362816,0.0,0.0168052361577922,0.0083141694675393,0.0084910666902529,0.0007075888908544,0.0007075888908544,0.0,0.07022819741730049,0.0537767557049354,0.0164514417123651,0.0044224305678400005,0.0038917388996992,0.0005306916681408,0.0003537944454272,0.0001768972227136,0.0001768972227136,0.0010613833362816,0.000884486113568,0.0001768972227136,0.0238811250663364,0.0024765611179904,0.021404563948346,0.0022996638952768,0.001768972227136,0.0005306916681408,0.0001768972227136,0.0001768972227136,0.0,0.0169821333805058,0.0093755528038209,0.0076065805766849,0.0076065805766848005,0.0045993277905536,0.0030072527861312,0.0007075888908544,0.0003537944454272,0.0003537944454272,0.0051300194586944,0.0047762250132672,0.0003537944454272,0.0093755528038209,0.0074296833539713,0.0019458694498496,0.0015920750044224,0.000884486113568,0.0007075888908544,0.0010613833362816,0.000884486113568,0.0001768972227136,0.0058376083495489,0.0054838139041217,0.0003537944454272,0.0237042278436228,0.0208738722802052,0.0028303555634176,0.042455333451264704,0.0339642667610118,0.0084910666902529,2265
2022-10-01,2022,10,4307,1401,2906,22,19,3,41,21,20,1,1,0,365,279,86,31,23,8,3,0,3,1,1,0,121,19,102,15,13,2,2,2,0,110,64,46,43,18,25,5,0,5,26,25,1,46,42,4,13,11,2,2,0,2,19,17,2,71,45,26,158,100,58,0.7992206346260902,0.259974021154203,0.5392466134718872,0.0040823900538132,0.0035257005010205,0.0005566895527927,0.0076080905548338,0.003896826869549,0.0037112636852848,0.0001855631842642,0.0001855631842642,0.0,0.0677305622564483,0.0517721284097235,0.0159584338467248,0.0057524587121914,0.0042679532380775,0.0014845054741139,0.0005566895527927,0.0,0.0005566895527927,0.0001855631842642,0.0001855631842642,0.0,0.022453145295973097,0.0035257005010205,0.0189274447949526,0.0027834477639634998,0.0024123213954351,0.0003711263685284,0.0003711263685284,0.0003711263685284,0.0,0.020411950269066503,0.0118760437929114,0.0085359064761551,0.0079792169233623,0.0033401373167563,0.004639079606606,0.0009278159213212,0.0,0.0009278159213212,0.0048246427908702,0.004639079606606,0.0001855631842642,0.008535906476155,0.0077936537390981,0.0007422527370569,0.002412321395435,0.0020411950269066,0.0003711263685284,0.0003711263685284,0.0,0.0003711263685284,0.0035257005010205,0.0031545741324921,0.0003711263685284,0.013174986082760999,0.0083503432918908,0.0048246427908702,0.0293189831137501,0.0185563184264241,0.010762664687326,2091
2022-11-01,2022,11,4074,1255,2819,8,7,1,73,35,38,7,5,2,290,225,65,38,27,11,1,0,1,1,0,1,92,10,82,17,13,4,2,2,0,72,28,44,79,43,36,1,0,1,16,14,2,37,36,1,11,9,2,2,2,0,25,19,6,45,29,16,121,88,33,0.8154523618895115,0.2512009607686148,0.5642514011208967,0.0016012810248197,0.0014011208967173,0.0002001601281024,0.0146116893514811,0.0070056044835868,0.0076060848678943,0.0014011208967173,0.0010008006405124,0.0004003202562049,0.0580464371497197,0.0450360288230584,0.0130104083266613,0.007606084867894301,0.005404323458767,0.0022017614091273,0.0002001601281024,0.0,0.0002001601281024,0.0002001601281024,0.0,0.0002001601281024,0.0184147317854283,0.0020016012810248,0.0164131305044035,0.0034027221777421,0.0026020816653322,0.0008006405124099,0.0004003202562049,0.0004003202562049,0.0,0.0144115292233786,0.0056044835868694,0.0088070456365092,0.015812650120096,0.0086068855084067,0.0072057646116893,0.0002001601281024,0.0,0.0002001601281024,0.0032025620496395997,0.0028022417934347,0.0004003202562049,0.0074059247397917,0.0072057646116893,0.0002001601281024,0.0022017614091272,0.0018014411529223,0.0004003202562049,0.0004003202562049,0.0004003202562049,0.0,0.0050040032025618995,0.0038030424339471,0.0012009607686148,0.0090072057646116,0.0058046437149719,0.0032025620496397,0.024219375500400302,0.0176140912730184,0.0066052842273819,1836
2022-12-01,2022,12,4347,1317,3030,38,34,4,69,31,38,18,16,2,406,298,108,52,41,11,0,0,0,2,0,2,106,15,91,8,5,3,0,0,0,105,57,48,73,39,34,4,0,4,13,12,1,157,146,11,38,32,6,2,1,1,18,16,2,44,18,26,78,52,26,0.7819751753912574,0.2369131138694009,0.5450620615218564,0.0068357618276668,0.0061162079510703,0.0007195538765965,0.0124123043712897,0.0055765425436229,0.0068357618276668,0.0032379924446842,0.002878215506386,0.0003597769382982,0.0730347184745457,0.05360676380644,0.0194279546681057,0.0093542003957546,0.0073754272351142,0.0019787731606404,0.0,0.0,0.0,0.0003597769382982,0.0,0.0003597769382982,0.0190681777298075,0.0026983270372369,0.0163698506925706,0.0014391077531929,0.0008994423457456,0.0005396654074473,0.0,0.0,0.0,0.0188882892606583,0.0102536427415002,0.0086346465191581,0.013131858247886201,0.0070156502968159,0.0061162079510703,0.0007195538765965,0.0,0.0007195538765965,0.0023385500989386004,0.0021586616297895,0.0001798884691491,0.028242489656413,0.0262637164957726,0.0019787731606404,0.0068357618276667,0.005756431012772,0.0010793308148947,0.0003597769382982,0.0001798884691491,0.0001798884691491,0.0032379924446842,0.002878215506386,0.0003597769382982,0.007915092642561499,0.0032379924446842,0.0046771001978773,0.014031300593631899,0.0093542003957546,0.0046771001978773,2118
2023-01-01,2023,1,3963,1094,2869,19,18,1,66,30,36,6,4,2,220,166,54,33,27,6,3,3,0,1,0,1,134,28,106,9,9,0,0,0,0,100,69,31,51,26,25,2,0,2,14,9,5,95,78,17,26,22,4,5,3,2,13,10,3,61,46,15,143,114,29,0.8001211387038158,0.2208762366242681,0.5792449020795477,0.0038360589541691003,0.003634161114476,0.0002018978396931,0.013325257419745499,0.0060569351907934,0.0072683222289521,0.0012113870381586,0.0008075913587724,0.0004037956793862,0.0444175247324853,0.0335150413890571,0.0109024833434282,0.0066626287098727,0.0054512416717141,0.0012113870381586,0.0006056935190793,0.0006056935190793,0.0,0.0002018978396931,0.0,0.0002018978396931,0.0270543105188774,0.0056531395114072,0.0214011710074702,0.001817080557238,0.001817080557238,0.0,0.0,0.0,0.0,0.0201897839693114,0.0139309509388249,0.0062588330304865,0.010296789824348701,0.0052493438320209,0.0050474459923278,0.0004037956793862,0.0,0.0004037956793862,0.0028265697557035,0.001817080557238,0.0010094891984655,0.0191802947708458,0.0157480314960629,0.0034322632747829,0.005249343832020899,0.0044417524732485,0.0008075913587724,0.0010094891984655,0.0006056935190793,0.0004037956793862,0.0026246719160103998,0.0020189783969311,0.0006056935190793,0.012315768221279999,0.0092873006258833,0.0030284675953967,0.028871391076115402,0.0230163537250151,0.0058550373511003,1746
2023-02-01,2023,2,3372,995,2377,17,14,3,58,26,32,4,3,1,252,176,76,21,14,7,1,0,1,6,4,2,193,116,77,6,4,2,3,3,0,71,34,37,37,15,22,4,1,3,15,14,1,53,47,6,14,11,3,6,3,3,10,10,0,29,16,13,45,33,12,0.8024750118990956,0.2367920038077106,0.565683008091385,0.0040456925273678,0.0033317467872441,0.0007139457401237,0.0138029509757257,0.0061875297477391,0.0076154212279866,0.0009519276534982,0.0007139457401237,0.0002379819133745,0.059971442170394997,0.0418848167539267,0.0180866254164683,0.004997620180866099,0.0033317467872441,0.001665873393622,0.0002379819133745,0.0,0.0002379819133745,0.0014278914802474002,0.0009519276534983,0.0004759638267491,0.045930509281294496,0.0276059019514516,0.0183246073298429,0.0014278914802474002,0.0009519276534983,0.0004759638267491,0.0007139457401237,0.0007139457401237,0.0,0.0168967158495953,0.0080913850547358,0.0088053307948595,0.0088053307948595,0.0035697287006187,0.0052356020942408,0.0009519276534982,0.0002379819133745,0.0007139457401237,0.0035697287006186,0.0033317467872441,0.0002379819133745,0.0126130414088529,0.0111851499286054,0.0014278914802475,0.0033317467872441,0.0026178010471204,0.0007139457401237,0.0014278914802474,0.0007139457401237,0.0007139457401237,0.0023798191337458,0.0023798191337458,0.0,0.0069014754878627994,0.0038077106139933,0.0030937648738695,0.0107091861018562,0.0078534031413612,0.002855782960495,1530
2023-03-01,2023,3,3485,970,2515,9,9,0,69,27,42,2,1,1,175,140,35,27,22,5,1,0,1,2,2,0,98,28,70,17,16,1,2,2,0,54,31,23,52,28,24,4,2,2,17,16,1,54,38,16,13,7,6,3,1,2,41,36,5,50,35,15,87,57,30,0.819807104210774,0.2281816043283933,0.5916254998823807,0.0021171489061397,0.0021171489061397,0.0,0.016231474947071098,0.0063514467184191,0.009880028228652,0.0004704775346976,0.0002352387673488,0.0002352387673488,0.0411667842860502,0.0329334274288402,0.00823335685721,0.0063514467184190996,0.0051752528816749,0.0011761938367442,0.0002352387673488,0.0,0.0002352387673488,0.0004704775346977,0.0004704775346977,0.0,0.0230533992001881,0.006586685485768,0.0164667137144201,0.0039990590449305,0.0037638202775817,0.0002352387673488,0.0004704775346977,0.0004704775346977,0.0,0.0127028934368383,0.0072924017878146,0.0054104916490237,0.0122324159021406,0.006586685485768,0.0056457304163726,0.0009409550693954,0.0004704775346977,0.0004704775346977,0.0039990590449305,0.0037638202775817,0.0002352387673488,0.0127028934368383,0.0089390731592566,0.0037638202775817,0.0030581039755351,0.001646671371442,0.0014114326040931,0.0007057163020465,0.0002352387673488,0.0004704775346977,0.0096447894613031,0.0084685956245589,0.0011761938367442,0.0117619383674428,0.00823335685721,0.0035285815102328,0.0204657727593506,0.0134086097388849,0.0070571630204657,1458
2023-04-01,2023,4,3406,796,2610,8,7,1,70,35,35,1,0,1,133,114,19,25,23,2,1,0,1,0,0,0,66,17,49,12,10,2,0,0,0,58,29,29,25,16,9,5,0,5,25,22,3,26,20,6,25,15,10,0,0,0,17,16,1,43,27,16,95,59,36,0.8436958137230616,0.1971761208818429,0.6465196928412187,0.0019816695566013,0.0017339608620262,0.0002477086945751,0.0173396086202624,0.0086698043101312,0.0086698043101312,0.0002477086945751,0.0,0.0002477086945751,0.0329452563784988,0.0282387911815704,0.0047064651969284,0.0061927173643794,0.0056972999752291,0.0004954173891503,0.0002477086945751,0.0,0.0002477086945751,0.0,0.0,0.0,0.0163487738419618,0.004211047807778,0.0121377260341838,0.002972504334902,0.0024770869457517,0.0004954173891503,0.0,0.0,0.0,0.0143671042853604,0.0071835521426802,0.0071835521426802,0.0061927173643794,0.0039633391132028,0.0022293782511766,0.0012385434728758,0.0,0.0012385434728758,0.006192717364379399,0.0054495912806539,0.0007431260837255,0.0064404260589545,0.0049541738915035,0.001486252167451,0.0061927173643793,0.0037156304186276,0.0024770869457517,0.0,0.0,0.0,0.0042110478077779,0.0039633391132028,0.0002477086945751,0.0106514738667326,0.0066881347535298,0.0039633391132028,0.023532325984641903,0.0146148129799355,0.0089175130047064,1199
2023-05-01,2023,5,3833,949,2884,10,8,2,69,19,50,3,2,1,270,221,49,19,12,7,2,0,2,0,0,0,77,15,62,61,57,4,1,1,0,66,37,29,26,10,16,3,1,2,3,3,0,20,13,7,13,11,2,0,0,0,10,9,1,34,19,15,89,51,38,0.8334420526201347,0.2063492063492063,0.6270928462709284,0.0021743857360295,0.0017395085888236,0.0004348771472059,0.015003261578603901,0.0041313328984561,0.0108719286801478,0.0006523157208088,0.0004348771472059,0.0002174385736029,0.0587084148727984,0.0480539247662535,0.0106544901065449,0.0041313328984561,0.0026092628832354,0.0015220700152207,0.0004348771472059,0.0,0.0004348771472059,0.0,0.0,0.0,0.0167427701674276,0.0032615786040443,0.0134811915633833,0.0132637529897803,0.0123939986953685,0.0008697542944118,0.0002174385736029,0.0002174385736029,0.0,0.014350945857795101,0.0080452272233094,0.0063057186344857,0.0056534029136768,0.0021743857360295,0.0034790171776473,0.0006523157208088,0.0002174385736029,0.0004348771472059,0.0006523157208088,0.0006523157208088,0.0,0.0043487714720591,0.0028267014568384,0.0015220700152207,0.0028267014568384,0.0023918243096325,0.0004348771472059,0.0,0.0,0.0,0.0021743857360295,0.0019569471624266,0.0002174385736029,0.0073929115025004,0.0041313328984561,0.0032615786040443,0.0193520330506631,0.0110893672537508,0.0082626657969123,1434
2023-06-01,2023,6,3660,820,2840,6,6,0,54,16,38,1,1,0,194,159,35,16,12,4,4,4,0,1,1,0,73,12,61,13,11,2,1,1,0,61,33,28,51,12,39,2,0,2,11,10,1,26,24,2,5,3,2,0,0,0,16,14,2,41,22,19,132,106,26,0.8392570511350608,0.1880302682870901,0.6512267828479706,0.0013758312313689,0.0013758312313689,0.0,0.0123824810823205,0.0036688832836505,0.00871359779867,0.0002293052052281,0.0002293052052281,0.0,0.044485209814262704,0.0364595276312772,0.0080256821829855,0.0036688832836504997,0.0027516624627379,0.0009172208209126,0.0009172208209126,0.0009172208209126,0.0,0.0002293052052281,0.0002293052052281,0.0,0.0167392799816555,0.0027516624627379,0.0139876175189176,0.002980967667966,0.0025223572575097,0.0004586104104563,0.0002293052052281,0.0002293052052281,0.0,0.0139876175189176,0.0075670717725292,0.0064205457463884,0.011694565466636,0.0027516624627379,0.0089429030038981,0.0004586104104563,0.0,0.0004586104104563,0.0025223572575096003,0.0022930520522815,0.0002293052052281,0.0059619353359321,0.0055033249254758,0.0004586104104563,0.0011465260261407,0.0006879156156844,0.0004586104104563,0.0,0.0,0.0,0.0036688832836504997,0.0032102728731942,0.0004586104104563,0.0094015134143544,0.0050447145150194,0.004356798899335,0.030268287090116898,0.0243063517541848,0.0059619353359321,1261
2023-07-01,2023,7,4793,1289,3504,16,14,2,99,52,47,12,11,1,364,273,91,46,36,10,3,2,1,2,2,0,115,36,79,17,13,4,0,0,0,101,52,49,41,21,20,4,3,1,16,14,2,21,14,7,26,18,8,3,2,1,26,19,7,35,19,16,105,83,22,0.8236810448530675,0.2215157243512631,0.6021653205018044,0.0027496133356244997,0.0024059116686715,0.000343701666953,0.0170132325141776,0.0089362433407802,0.0080769891733974,0.0020622100017184002,0.0018903591682419,0.0001718508334765,0.0625537033854613,0.046915277539096,0.0156384258463653,0.0079051383399209,0.0061866300051555,0.0017185083347654,0.0005155525004295,0.000343701666953,0.0001718508334765,0.000343701666953,0.000343701666953,0.0,0.0197628458498023,0.0061866300051555,0.0135762158446468,0.0029214641691011,0.002234060835195,0.0006874033339061,0.0,0.0,0.0,0.017356934181130698,0.0089362433407802,0.0084206908403505,0.0070458841725381,0.0036088675030073,0.0034370166695308,0.0006874033339061,0.0005155525004296,0.0001718508334765,0.0027496133356244997,0.0024059116686715,0.000343701666953,0.0036088675030072,0.0024059116686715,0.0012029558343357,0.00446812167039,0.0030933150025777,0.0013748066678123,0.0005155525004295,0.000343701666953,0.0001718508334765,0.00446812167039,0.0032651658360543,0.0012029558343357,0.0060147791716789,0.0032651658360543,0.0027496133356246,0.0180443375150369,0.014263619178553,0.0037807183364839,1956
2023-08-01,2023,8,4791,1210,3581,9,9,0,94,46,48,4,4,0,247,183,64,42,32,10,3,2,1,0,0,0,109,30,79,8,5,3,0,0,0,104,66,38,42,19,23,1,1,0,21,20,1,25,20,5,23,17,6,3,2,1,26,23,3,57,22,35,130,98,32,0.8381735479356193,0.2116864940517844,0.6264870538838349,0.0015745276417074,0.0015745276417074,0.0,0.0164450664800559,0.0080475857242827,0.0083974807557732,0.0006997900629811,0.0006997900629811,0.0,0.0432120363890831,0.0320153953813855,0.0111966410076976,0.0073477956613015,0.0055983205038488,0.0017494751574527,0.0005248425472357,0.0003498950314905,0.0001749475157452,0.0,0.0,0.0,0.019069279216235,0.0052484254723582,0.0138208537438768,0.0013995801259621,0.0008747375787263,0.0005248425472358,0.0,0.0,0.0,0.0181945416375087,0.0115465360391882,0.0066480055983205,0.0073477956613015,0.0033240027991602,0.0040237928621413,0.0001749475157452,0.0001749475157452,0.0,0.0036738978306507,0.0034989503149055,0.0001749475157452,0.0043736878936318,0.0034989503149055,0.0008747375787263,0.0040237928621412004,0.0029741077676696,0.0010496850944716,0.0005248425472357,0.0003498950314905,0.0001749475157452,0.0045486354093771005,0.0040237928621413,0.0005248425472358,0.0099720083974806,0.003848845346396,0.0061231630510846,0.0227431770468858,0.017144856543037,0.0055983205038488,1794
2023-09-01,2023,9,5701,2163,3538,12,11,1,112,74,38,5,3,2,478,367,111,20,17,3,6,6,0,0,0,0,141,76,65,23,21,2,31,31,0,81,52,29,41,20,21,9,2,7,71,71,0,43,42,1,28,24,4,4,4,0,37,35,2,104,85,19,279,260,19,0.7900498891352549,0.299750554323725,0.4902993348115299,0.0016629711751662,0.0015243902439024,0.0001385809312638,0.0155210643015521,0.0102549889135255,0.0052660753880266,0.0006929046563192,0.0004157427937915,0.0002771618625277,0.0662416851441241,0.0508592017738359,0.0153824833702882,0.0027716186252770003,0.0023558758314855,0.0004157427937915,0.0008314855875831,0.0008314855875831,0.0,0.0,0.0,0.0,0.0195399113082039,0.0105321507760532,0.0090077605321507,0.0031873614190687,0.002910199556541,0.0002771618625277,0.0042960088691796,0.0042960088691796,0.0,0.0112250554323724,0.0072062084257206,0.0040188470066518,0.0056818181818181004,0.0027716186252771,0.002910199556541,0.0012472283813747,0.0002771618625277,0.000970066518847,0.0098392461197339,0.0098392461197339,0.0,0.0059589800443458,0.005820399113082,0.0001385809312638,0.0038802660753879,0.0033259423503325,0.0005543237250554,0.0005543237250554,0.0005543237250554,0.0,0.0051274944567627,0.004850332594235,0.0002771618625277,0.0144124168514412,0.0117793791574279,0.0026330376940133,0.0386640798226164,0.0360310421286031,0.0026330376940133,3353
2023-10-01,2023,10,5032,1458,3574,15,13,2,60,27,33,8,8,0,359,288,71,21,19,2,1,0,1,1,0,1,55,15,40,10,8,2,0,0,0,73,42,31,28,9,19,4,3,1,19,19,0,17,14,3,10,9,1,3,1,2,21,19,2,76,54,22,77,51,26,0.855055225148683,0.2477485131690739,0.6073067119796092,0.0025488530161427,0.0022090059473237,0.000339847068819,0.0101954120645709,0.0045879354290569,0.005607476635514,0.0013593882752761,0.0013593882752761,0.0,0.0610025488530161,0.0489379779099405,0.0120645709430756,0.0035683942225997,0.0032285471537807,0.000339847068819,0.0001699235344095,0.0,0.0001699235344095,0.0001699235344095,0.0,0.0001699235344095,0.0093457943925233,0.0025488530161427,0.0067969413763806,0.0016992353440951,0.0013593882752761,0.000339847068819,0.0,0.0,0.0,0.0124044180118945,0.0071367884451996,0.0052676295666949,0.0047578589634663,0.0015293118096856,0.0032285471537807,0.000679694137638,0.0005097706032285,0.0001699235344095,0.0032285471537807,0.0032285471537807,0.0,0.0028887000849617,0.0023789294817332,0.0005097706032285,0.0016992353440951,0.0015293118096856,0.0001699235344095,0.0005097706032285,0.0001699235344095,0.000339847068819,0.0035683942225997,0.0032285471537807,0.000339847068819,0.0129141886151231,0.0091758708581138,0.0037383177570093,0.0130841121495327,0.0086661002548853,0.0044180118946474,2052
2023-11-01,2023,11,4494,1180,3314,7,7,0,52,24,28,0,0,0,345,265,80,35,31,4,3,2,1,0,0,0,60,18,42,14,11,3,0,0,0,69,38,31,60,27,33,1,0,1,14,13,1,18,17,1,11,7,4,5,5,0,9,8,1,34,21,13,49,28,21,0.8532371368900702,0.224036453389026,0.6292006835010442,0.0013290298082399,0.0013290298082399,0.0,0.0098727928612112,0.0045566736282513,0.0053161192329599,0.0,0.0,0.0,0.0655021834061134,0.0503132713119422,0.0151889120941712,0.0066451490411998,0.0058857034364913,0.0007594456047085,0.0005695842035313,0.0003797228023542,0.0001898614011771,0.0,0.0,0.0,0.011391684070628402,0.0034175052211885,0.0079741788494399,0.0026580596164799,0.0020884754129485,0.0005695842035314,0.0,0.0,0.0,0.0131004366812226,0.0072147332447313,0.0058857034364913,0.011391684070628301,0.0051262578317827,0.0062654262388456,0.0001898614011771,0.0,0.0001898614011771,0.0026580596164799,0.0024681982153028,0.0001898614011771,0.0034175052211884,0.0032276438200113,0.0001898614011771,0.0020884754129484,0.0013290298082399,0.0007594456047085,0.0009493070058857,0.0009493070058857,0.0,0.0017087526105942,0.0015188912094171,0.0001898614011771,0.0064552876400227,0.0039870894247199,0.0024681982153028,0.0093032086576798,0.0053161192329599,0.0039870894247199,1687
2023-12-01,2023,12,5665,1394,4271,14,12,2,101,44,57,8,8,0,366,284,82,40,29,11,1,1,0,0,0,0,148,39,109,158,153,5,14,14,0,98,59,39,91,43,48,5,2,3,12,9,3,12,9,3,27,25,2,2,1,1,14,12,2,28,16,12,65,35,30,0.8277323202805377,0.2036820572764465,0.6240502630040912,0.0020455873758035,0.0017533606078316,0.0002922267679719,0.014757451782583201,0.0064289888953828,0.0083284628872004,0.0011689070718877,0.0011689070718877,0.0,0.053477498538866,0.0414962010520163,0.0119812974868497,0.0058445353594389,0.0042372881355932,0.0016072472238457,0.0001461133839859,0.0001461133839859,0.0,0.0,0.0,0.0,0.0216247808299239,0.0056984219754529,0.015926358854471,0.023085914669783603,0.0223553477498538,0.0007305669199298,0.0020455873758036,0.0020455873758036,0.0,0.014319111630625301,0.0086206896551724,0.0056984219754529,0.0132963179427235,0.0062828755113968,0.0070134424313267,0.0007305669199298001,0.0002922267679719,0.0004383401519579,0.0017533606078316,0.0013150204558737,0.0004383401519579,0.0017533606078316,0.0013150204558737,0.0004383401519579,0.0039450613676212,0.0036528345996493,0.0002922267679719,0.0002922267679718,0.0001461133839859,0.0001461133839859,0.0020455873758035,0.0017533606078316,0.0002922267679719,0.0040911747516071,0.0023378141437755,0.0017533606078316,0.0094973699590881,0.005113968439509,0.0043834015195791,2172
2024-01-01,2024,1,4245,931,3314,4,3,1,71,32,39,2,1,1,208,146,62,26,18,8,2,1,1,1,0,1,98,28,70,129,119,10,6,6,0,75,39,36,34,15,19,0,0,0,12,9,3,9,5,4,9,9,0,0,0,0,9,7,2,34,13,21,36,16,20,0.8488302339532093,0.1861627674465107,0.6626674665066986,0.0007998400319936001,0.0005998800239952,0.0001999600079984,0.0141971605678864,0.0063987202559488,0.0077984403119376,0.0003999200159968,0.0001999600079984,0.0001999600079984,0.0415916816636672,0.0291941611677664,0.0123975204959008,0.0051989602079583995,0.0035992801439712,0.0015996800639872,0.0003999200159968,0.0001999600079984,0.0001999600079984,0.0001999600079984,0.0,0.0001999600079984,0.0195960807838432,0.0055988802239552,0.013997200559888,0.025794841031793598,0.0237952409518096,0.001999600079984,0.0011997600479904,0.0011997600479904,0.0,0.01499700059988,0.0077984403119376,0.0071985602879424,0.0067986402719456,0.002999400119976,0.0037992401519696,0.0,0.0,0.0,0.0023995200959808,0.0017996400719856,0.0005998800239952,0.0017996400719856001,0.000999800039992,0.0007998400319936,0.0017996400719856,0.0017996400719856,0.0,0.0,0.0,0.0,0.0017996400719856001,0.0013997200559888,0.0003999200159968,0.0067986402719456,0.0025994801039792,0.0041991601679664,0.0071985602879424005,0.0031993601279744,0.003999200159968,1391
2024-02-01,2024,2,4611,1237,3374,11,7,4,57,23,34,4,3,1,295,229,66,23,20,3,2,2,0,0,0,0,60,18,42,375,367,8,18,18,0,50,23,27,29,12,17,7,7,0,15,14,1,10,7,3,24,21,3,2,2,0,13,12,1,84,49,35,68,49,19,0.8020525308749347,0.2151678552791789,0.5868846755957557,0.0019133762393458002,0.0012176030614019,0.0006957731779439,0.0099147677857018,0.0040006957731779,0.0059140720125239,0.0006957731779437999,0.0005218298834579,0.0001739432944859,0.051313271873369204,0.0398330144372934,0.0114802574360758,0.0040006957731778,0.0034788658897199,0.0005218298834579,0.0003478865889719,0.0003478865889719,0.0,0.0,0.0,0.0,0.0104365976691597,0.0031309793007479,0.0073056183684118,0.065228735432249,0.0638371890763611,0.0013915463558879,0.0031309793007479,0.0031309793007479,0.0,0.0086971647242998,0.0040006957731779,0.0046964689511219,0.0050443555400938,0.0020873195338319,0.0029570360062619,0.0012176030614019,0.0012176030614019,0.0,0.0026091494172897998,0.0024352061228039,0.0001739432944859,0.0017394329448598002,0.0012176030614019,0.0005218298834579,0.0041746390676638,0.0036528091842059,0.0005218298834579,0.0003478865889719,0.0003478865889719,0.0,0.0022612628283177998,0.0020873195338319,0.0001739432944859,0.014611236736823699,0.0085232214298138,0.0060880153070099,0.0118281440250477,0.0085232214298138,0.0033049225952339,2112
2024-03-01,2024,3,4323,999,3324,9,9,0,40,19,21,3,3,0,352,253,99,25,20,5,1,0,1,1,0,1,39,19,20,40,39,1,4,4,0,51,20,31,40,17,23,3,0,3,18,14,4,11,8,3,16,14,2,7,6,1,15,12,3,62,33,29,64,42,22,0.8445008790779448,0.1951553037702676,0.6493455753076772,0.0017581558898222,0.0017581558898222,0.0,0.0078140261769876,0.0037116624340691,0.0041023637429185,0.000586051963274,0.000586051963274,0.0,0.0687634303574916,0.0494237155694471,0.0193397147880445,0.0048837663606172,0.0039070130884938,0.0009767532721234,0.0001953506544246,0.0,0.0001953506544246,0.0001953506544246,0.0,0.0001953506544246,0.007618675522562899,0.0037116624340691,0.0039070130884938,0.0078140261769876,0.007618675522563,0.0001953506544246,0.0007814026176987,0.0007814026176987,0.0,0.0099628833756592,0.0039070130884938,0.0060558702871654,0.0078140261769876,0.0033209611252197,0.0044930650517679,0.000586051963274,0.0,0.000586051963274,0.0035163117796443,0.0027349091619456,0.0007814026176987,0.0021488571986715,0.0015628052353975,0.000586051963274,0.0031256104707949,0.0027349091619456,0.0003907013088493,0.0013674545809727,0.0011721039265481,0.0001953506544246,0.0029302598163702996,0.0023442078530963,0.000586051963274,0.012111740574330801,0.0064465715960148,0.005665168978316,0.012502441883180199,0.008204727485837,0.0042977143973432,1527
2024-04-01,2024,4,4219,943,3276,6,3,3,50,18,32,2,2,0,385,307,78,21,15,6,1,1,0,1,1,0,49,14,35,18,16,2,1,1,0,70,38,32,31,13,18,1,0,1,35,35,0,40,36,4,13,11,2,1,1,0,13,11,2,36,19,17,90,69,21,0.8316577961758327,0.1858860634732899,0.6457717327025428,0.0011827321111768,0.0005913660555884,0.0005913660555884,0.0098561009264734,0.0035481963335304,0.006307904592943,0.0003942440370589,0.0003942440370589,0.0,0.0758919771338458,0.0605164596885472,0.0153755174452986,0.0041395623891188,0.002956830277942,0.0011827321111768,0.0001971220185294,0.0001971220185294,0.0,0.0001971220185294,0.0001971220185294,0.0,0.009658978907943901,0.0027597082594125,0.0068992706485314,0.0035481963335304,0.0031539522964715,0.0003942440370589,0.0001971220185294,0.0001971220185294,0.0,0.013798541297062799,0.0074906367041198,0.006307904592943,0.0061107825744135,0.0025625862408831,0.0035481963335304,0.0001971220185294,0.0,0.0001971220185294,0.0068992706485314,0.0068992706485314,0.0,0.0078848807411787,0.0070963926670609,0.0007884880741178,0.002562586240883,0.0021683422038241,0.0003942440370589,0.0001971220185294,0.0001971220185294,0.0,0.002562586240883,0.0021683422038241,0.0003942440370589,0.0070963926670608,0.0037453183520599,0.0033510743150009,0.0177409816676522,0.0136014192785334,0.0041395623891188,1546
2024-05-01,2024,5,4754,1054,3700,7,6,1,33,13,20,8,6,2,325,233,92,24,19,5,4,3,1,0,0,0,93,46,47,27,22,5,5,5,0,44,24,20,38,10,28,2,0,2,19,19,0,48,46,2,14,12,2,3,2,1,10,8,2,25,9,16,30,15,15,0.8635785649409627,0.1914623069936421,0.6721162579473207,0.0012715712988191,0.0010899182561307,0.0001816530426884,0.0059945504087193,0.00236148955495,0.0036330608537693,0.0014532243415076,0.0010899182561307,0.0003633060853769,0.059037238873750994,0.0423251589464123,0.0167120799273387,0.0043596730245231,0.0034514078110808,0.0009082652134423,0.0007266121707537,0.0005449591280653,0.0001816530426884,0.0,0.0,0.0,0.016893732970027102,0.0083560399636693,0.0085376930063578,0.0049046321525885,0.0039963669391462,0.0009082652134423,0.0009082652134423,0.0009082652134423,0.0,0.0079927338782924,0.0043596730245231,0.0036330608537693,0.0069028156221616,0.0018165304268846,0.005086285195277,0.0003633060853769,0.0,0.0003633060853769,0.0034514078110808,0.0034514078110808,0.0,0.0087193460490462,0.0083560399636693,0.0003633060853769,0.0025431425976383997,0.0021798365122615,0.0003633060853769,0.0005449591280652999,0.0003633060853769,0.0001816530426884,0.0018165304268846,0.0014532243415077,0.0003633060853769,0.0045413260672115,0.0016348773841961,0.0029064486830154,0.0054495912806538,0.0027247956403269,0.0027247956403269,1546
2024-06-01,2024,6,3682,665,3017,12,9,3,35,11,24,4,2,2,199,140,59,19,15,4,1,1,0,0,0,0,75,17,58,44,37,7,8,8,0,44,21,23,51,13,38,10,2,8,18,16,2,18,15,3,12,12,0,2,2,0,5,2,3,43,16,27,39,27,12,0.8535002318034306,0.1541492814093648,0.6993509503940658,0.0027816411682892,0.0020862308762169,0.0006954102920723,0.008113120074177,0.0025498377375985,0.0055632823365785,0.000927213722763,0.0004636068613815,0.0004636068613815,0.0461288827074639,0.0324524802967083,0.0136764024107556,0.0044042651831246,0.0034770514603616,0.000927213722763,0.0002318034306907,0.0002318034306907,0.0,0.0,0.0,0.0,0.017385257301808,0.0039406583217431,0.0134445989800649,0.010199350950393999,0.0085767269355586,0.0016226240148354,0.0018544274455261,0.0018544274455261,0.0,0.010199350950393999,0.0048678720445062,0.0053314789058878,0.0118219749652294,0.00301344459898,0.0088085303662494,0.0023180343069076,0.0004636068613815,0.0018544274455261,0.0041724617524338,0.0037088548910523,0.0004636068613815,0.0041724617524339005,0.0034770514603616,0.0006954102920723,0.0027816411682892,0.0027816411682892,0.0,0.0004636068613815,0.0004636068613815,0.0,0.0011590171534538,0.0004636068613815,0.0006954102920723,0.0099675475197032,0.0037088548910523,0.0062586926286509,0.0090403337969401,0.0062586926286509,0.0027816411682892,1027
2024-07-01,2024,7,3547,793,2754,5,4,1,47,15,32,9,9,0,246,188,58,20,14,6,2,1,1,0,0,0,46,9,37,80,77,3,9,9,0,70,36,34,76,23,53,1,0,1,4,4,0,19,7,12,7,7,0,2,1,1,8,6,2,14,9,5,47,31,16,0.8351777725453261,0.186720037673652,0.6484577348716741,0.0011773016246760999,0.0009418412997409,0.0002354603249352,0.0110666352719566,0.0035319048740287,0.0075347303979279,0.0021191429244172,0.0021191429244172,0.0,0.0579232399340711,0.0442665410878267,0.0136566988462444,0.0047092064987048,0.0032964445490934,0.0014127619496114,0.0004709206498704,0.0002354603249352,0.0002354603249352,0.0,0.0,0.0,0.0108311749470213,0.0021191429244172,0.0087120320226041,0.0188368259948198,0.0181304450200141,0.0007063809748057,0.0021191429244172,0.0021191429244172,0.0,0.0164822227454673,0.0084765716976689,0.0080056510477984,0.0178949846950788,0.0054155874735107,0.0124793972215681,0.0002354603249352,0.0,0.0002354603249352,0.0009418412997409,0.0009418412997409,0.0,0.0044737461737696,0.0016482222745467,0.0028255238992229,0.0016482222745467,0.0016482222745467,0.0,0.0004709206498704,0.0002354603249352,0.0002354603249352,0.0018836825994818,0.0014127619496114,0.0004709206498704,0.0032964445490934,0.0021191429244172,0.0011773016246762,0.0110666352719566,0.0072992700729927,0.0037673651989639,1235
2024-08-01,2024,8,3843,617,3226,3,1,2,68,35,33,5,4,1,141,101,40,22,18,4,0,0,0,1,1,0,59,22,37,57,55,2,1,1,0,52,29,23,19,6,13,7,0,7,8,8,0,11,8,3,7,6,1,3,3,0,8,5,3,23,13,10,45,28,17,0.8812199036918138,0.1414813116257739,0.7397385920660399,0.0006879156156844,0.0002293052052281,0.0004586104104563,0.0155927539555147,0.0080256821829855,0.0075670717725292,0.0011465260261407,0.0009172208209126,0.0002293052052281,0.032332033937170296,0.023159825728044,0.0091722082091263,0.0050447145150194,0.0041274936941068,0.0009172208209126,0.0,0.0,0.0,0.0002293052052281,0.0002293052052281,0.0,0.013529007108461201,0.0050447145150194,0.0084842925934418,0.013070396698005,0.0126117862875487,0.0004586104104563,0.0002293052052281,0.0002293052052281,0.0,0.0119238706718642,0.0066498509516166,0.0052740197202476,0.0043567988993349,0.0013758312313689,0.002980967667966,0.0016051364365971,0.0,0.0016051364365971,0.0018344416418252,0.0018344416418252,0.0,0.0025223572575096,0.0018344416418252,0.0006879156156844,0.001605136436597,0.0013758312313689,0.0002293052052281,0.0006879156156844,0.0006879156156844,0.0,0.0018344416418251,0.0011465260261407,0.0006879156156844,0.0052740197202475,0.002980967667966,0.0022930520522815,0.010318734235267,0.0064205457463884,0.0038981884888786,943
2024-09-01,2024,9,4101,752,3349,5,2,3,36,11,25,2,1,1,203,145,58,20,11,9,0,0,0,1,1,0,47,17,30,114,111,3,19,19,0,48,23,25,22,11,11,5,1,4,4,4,0,11,8,3,15,11,4,0,0,0,6,5,1,23,15,8,36,16,20,0.8705158140522182,0.159626406283167,0.7108894077690512,0.0010613457864571,0.0004245383145828,0.0006368074718743,0.007641689662492001,0.0023349607302059,0.0053067289322861,0.0004245383145828,0.0002122691572914,0.0002122691572914,0.0430906389301634,0.0307790278072596,0.0123116111229038,0.0042453831458289,0.0023349607302059,0.001910422415623,0.0,0.0,0.0,0.0002122691572914,0.0002122691572914,0.0,0.0099766503926978,0.0036085756739545,0.0063680747187433,0.0241986839312247,0.0235618764593504,0.0006368074718743,0.0040331139885374,0.0040331139885374,0.0,0.0101889195499893,0.0048821906177032,0.0053067289322861,0.0046699214604118,0.0023349607302059,0.0023349607302059,0.0010613457864571,0.0002122691572914,0.0008490766291657,0.0008490766291657,0.0008490766291657,0.0,0.0023349607302058,0.0016981532583315,0.0006368074718743,0.0031840373593716,0.0023349607302059,0.0008490766291657,0.0,0.0,0.0,0.0012736149437485998,0.0010613457864572,0.0002122691572914,0.0048821906177031,0.0031840373593716,0.0016981532583315,0.007641689662492001,0.0033963065166631,0.0042453831458289,1158
2024-10-01,2024,10,8908,1328,7580,13,8,5,65,23,42,2,2,0,192,126,66,32,23,9,0,0,0,0,0,0,97,29,68,23,20,3,2,2,0,87,38,49,61,22,39,3,0,3,8,5,3,16,11,5,7,4,3,1,0,1,7,6,1,46,24,22,41,21,20,0.9279166666666666,0.1383333333333333,0.7895833333333333,0.0013541666666666,0.0008333333333333,0.0005208333333333,0.006770833333333301,0.0023958333333333,0.004375,0.0002083333333333,0.0002083333333333,0.0,0.02,0.013125,0.006875,0.0033333333333333,0.0023958333333333,0.0009375,0.0,0.0,0.0,0.0,0.0,0.0,0.0101041666666666,0.0030208333333333,0.0070833333333333,0.0023958333333332998,0.0020833333333333,0.0003125,0.0002083333333333,0.0002083333333333,0.0,0.0090624999999999,0.0039583333333333,0.0051041666666666,0.0063541666666666,0.0022916666666666,0.0040625,0.0003125,0.0,0.0003125,0.0008333333333333001,0.0005208333333333,0.0003125,0.0016666666666666,0.0011458333333333,0.0005208333333333,0.0007291666666666,0.0004166666666666,0.0003125,0.0001041666666666,0.0,0.0001041666666666,0.0007291666666666,0.000625,0.0001041666666666,0.0047916666666666,0.0025,0.0022916666666666,0.0042708333333333,0.0021875,0.0020833333333333,1683
2024-11-01,2024,11,4743,1148,3595,17,14,3,64,20,44,7,5,2,272,193,79,30,17,13,1,1,0,4,3,1,69,22,47,38,34,4,5,5,0,72,31,41,54,16,38,0,0,0,5,5,0,22,20,2,17,7,10,1,0,1,7,7,0,35,10,25,30,10,20,0.8659850283001643,0.2096037976994705,0.6563812306006939,0.0031038889903229998,0.0025561438743837,0.0005477451159393,0.0116852291400401,0.0036516341062625,0.0080335950337776,0.0012780719371917998,0.0009129085265656,0.0003651634106262,0.0496622238451706,0.0352382691254336,0.014423954719737,0.0054774511593937,0.0031038889903231,0.0023735621690706,0.0001825817053131,0.0001825817053131,0.0,0.0007303268212524,0.0005477451159393,0.0001825817053131,0.0125981376666057,0.0040167975168888,0.0085813401497169,0.0069381048018988,0.0062077779806463,0.0007303268212525,0.0009129085265656,0.0009129085265656,0.0,0.0131458827825451,0.0056600328647069,0.0074858499178382,0.0098594120869088,0.00292130728501,0.0069381048018988,0.0,0.0,0.0,0.0009129085265656,0.0009129085265656,0.0,0.0040167975168887,0.0036516341062625,0.0003651634106262,0.0031038889903229998,0.0012780719371918,0.0018258170531312,0.0001825817053131,0.0,0.0001825817053131,0.0012780719371918,0.0012780719371918,0.0,0.0063903596859593,0.0018258170531312,0.0045645426328281,0.0054774511593937,0.0018258170531312,0.0036516341062625,1556
2024-12-01,2024,12,4656,1002,3654,2,1,1,72,17,55,6,3,3,140,98,42,71,27,44,2,2,0,3,0,3,201,71,130,26,26,0,3,3,0,108,43,65,68,22,46,1,0,1,3,2,1,8,6,2,37,32,5,5,2,3,16,7,9,53,8,45,64,19,45,0.8466993998908892,0.1822149481723949,0.6644844517184942,0.000363702491362,0.000181851245681,0.000181851245681,0.0130932896890343,0.0030914711765775,0.0100018185124568,0.001091107474086,0.000545553737043,0.000545553737043,0.0254591743953445,0.0178214220767412,0.0076377523186033,0.0129114384433532,0.0049099836333878,0.0080014548099654,0.000363702491362,0.000363702491362,0.0,0.000545553737043,0.0,0.000545553737043,0.0365521003818875,0.0129114384433533,0.0236406619385342,0.0047281323877068,0.0047281323877068,0.0,0.000545553737043,0.000545553737043,0.0,0.0196399345335515,0.0078196035642844,0.0118203309692671,0.012365884706310198,0.0040007274049827,0.0083651573013275,0.000181851245681,0.0,0.000181851245681,0.000545553737043,0.000363702491362,0.000181851245681,0.0014548099654481,0.0010911074740861,0.000363702491362,0.0067284960901981,0.005819239861793,0.0009092562284051,0.000909256228405,0.000363702491362,0.000545553737043,0.0029096199308964003,0.0012729587197672,0.0016366612111292,0.0096381160210946,0.0014548099654482,0.0081833060556464,0.011638479723586,0.0034551736679396,0.0081833060556464,1375
2025-01-01,2025,1,4531,1064,3467,2,2,0,129,21,108,4,2,2,233,178,55,70,29,41,0,0,0,1,0,1,163,28,135,58,51,7,3,3,0,160,53,107,70,26,44,2,1,1,9,8,1,14,10,4,35,24,11,4,1,3,16,9,7,53,21,32,65,23,42,0.8122983148081749,0.1907493725349587,0.6215489422732162,0.0003585514521333,0.0003585514521333,0.0,0.023126568662603,0.0037647902474005,0.0193617784152025,0.0007171029042666,0.0003585514521333,0.0003585514521333,0.0417712441735388,0.0319110792398709,0.0098601649336679,0.0125493008246683,0.005198996055934,0.0073503047687343,0.0,0.0,0.0,0.0001792757260666,0.0,0.0001792757260666,0.029221943348870502,0.0050197203298673,0.0242022230190032,0.010397992111868001,0.0091430620294012,0.0012549300824668,0.0005378271782,0.0005378271782,0.0,0.0286841161706704,0.0095016134815346,0.0191825026891358,0.0125493008246682,0.0046611688777339,0.0078881319469343,0.0003585514521332,0.0001792757260666,0.0001792757260666,0.0016134815346001,0.0014342058085335,0.0001792757260666,0.0025098601649336,0.0017927572606669,0.0007171029042667,0.006274650412334,0.0043026174256005,0.0019720329867335,0.0007171029042665999,0.0001792757260666,0.0005378271782,0.002868411617067,0.0016134815346002,0.0012549300824668,0.009501613481534499,0.0037647902474005,0.005736823234134,0.0116529221943348,0.0041233416995338,0.007529580494801,1537
2025-02-01,2025,2,5182,1237,3945,7,4,3,132,22,110,15,11,4,241,176,65,75,38,37,2,2,0,1,1,0,174,28,146,30,29,1,6,5,1,176,98,78,81,27,54,3,0,3,18,14,4,8,5,3,43,23,20,7,2,5,16,9,7,80,25,55,114,39,75,0.8147798742138364,0.1944968553459119,0.6202830188679245,0.0011006289308175,0.00062893081761,0.0004716981132075,0.020754716981132,0.0034591194968553,0.0172955974842767,0.0023584905660376,0.0017295597484276,0.00062893081761,0.0378930817610062,0.0276729559748427,0.0102201257861635,0.0117924528301885,0.0059748427672955,0.005817610062893,0.000314465408805,0.000314465408805,0.0,0.0001572327044025,0.0001572327044025,0.0,0.0273584905660376,0.0044025157232704,0.0229559748427672,0.0047169811320754,0.0045597484276729,0.0001572327044025,0.000943396226415,0.0007861635220125,0.0001572327044025,0.0276729559748427,0.0154088050314465,0.0122641509433962,0.012735849056603701,0.0042452830188679,0.0084905660377358,0.0004716981132075,0.0,0.0004716981132075,0.0028301886792452,0.0022012578616352,0.00062893081761,0.0012578616352200002,0.0007861635220125,0.0004716981132075,0.0067610062893081,0.0036163522012578,0.0031446540880503,0.0011006289308175,0.000314465408805,0.0007861635220125,0.0025157232704402,0.0014150943396226,0.0011006289308176,0.0125786163522011,0.0039308176100628,0.0086477987421383,0.0179245283018867,0.0061320754716981,0.0117924528301886,1773
2025-03-01,2025,3,3698,914,2784,6,4,2,120,17,103,4,2,2,174,127,47,64,24,40,3,3,0,0,0,0,141,26,115,4,4,0,2,2,0,114,44,70,44,16,28,4,1,3,6,5,1,10,7,3,28,17,11,7,0,7,19,14,5,56,14,42,82,24,58,0.814716897995153,0.2013659396342806,0.6133509583608724,0.0013218770654328,0.0008812513769552,0.0004406256884776,0.026437541308658198,0.0037453183520599,0.0226922229565983,0.0008812513769552,0.0004406256884776,0.0004406256884776,0.038334434897554504,0.02797973121833,0.0103547036792245,0.0141000220312843,0.0052875082617316,0.0088125137695527,0.0006609385327164,0.0006609385327164,0.0,0.0,0.0,0.0,0.0310641110376733,0.0057281339502092,0.0253359770874641,0.0008812513769552,0.0008812513769552,0.0,0.0004406256884776,0.0004406256884776,0.0,0.0251156642432253,0.009693765146508,0.0154218990967173,0.009693765146508,0.0035250055078211,0.0061687596386869,0.0008812513769552,0.0002203128442388,0.0006609385327164,0.0013218770654328,0.001101564221194,0.0002203128442388,0.0022031284423881,0.0015421899096717,0.0006609385327164,0.0061687596386869,0.0037453183520599,0.002423441286627,0.0015421899096717,0.0,0.0015421899096717,0.0041859440405374,0.0030843798193434,0.001101564221194,0.012337519277373801,0.0030843798193434,0.0092531394580304,0.0180656532275831,0.0052875082617316,0.0127781449658515,1250
2025-04-01,2025,4,5450,1343,4107,8,6,2,125,27,98,6,1,5,318,230,88,79,39,40,2,2,0,2,1,1,181,34,147,19,19,0,0,0,0,144,73,71,68,23,45,4,0,4,10,9,1,7,4,3,33,18,15,4,1,3,11,6,5,75,17,58,139,44,95,0.8210304308526665,0.2023199758963543,0.6187104549563122,0.0012051822838204,0.0009038867128653,0.0003012955709551,0.0188309731846941,0.0040674902078939,0.0147634829768002,0.0009038867128652,0.0001506477854775,0.0007532389273877,0.047905995781862,0.0346489906598373,0.0132570051220247,0.0119011750527266,0.0058752636336245,0.0060259114191021,0.0003012955709551,0.0003012955709551,0.0,0.000301295570955,0.0001506477854775,0.0001506477854775,0.0272672491714371,0.0051220247062368,0.0221452244652003,0.0028623079240735,0.0028623079240735,0.0,0.0,0.0,0.0,0.0216932811087676,0.0109972883398614,0.0106959927689062,0.0102440494124736,0.0034648990659837,0.0067791503464899,0.0006025911419102,0.0,0.0006025911419102,0.0015064778547754,0.0013558300692979,0.0001506477854775,0.0010545344983428,0.0006025911419102,0.0004519433564326,0.004971376920759199,0.0027116601385959,0.0022597167821633,0.0006025911419101,0.0001506477854775,0.0004519433564326,0.001657125640253,0.0009038867128653,0.0007532389273877,0.011298583910816501,0.0025610123531184,0.0087375715576981,0.0209400421813798,0.0066285025610123,0.0143115396203675,1871
2025-05-01,2025,5,5701,1434,4267,7,5,2,119,34,85,5,5,0,300,221,79,68,36,32,3,3,0,1,0,1,132,15,117,15,14,1,0,0,0,141,62,79,58,21,37,1,0,1,9,8,1,11,7,4,35,21,14,3,0,3,17,11,6,60,20,40,110,37,73,0.8443424170616113,0.2123815165876777,0.6319609004739336,0.0010367298578198,0.0007405213270142,0.0002962085308056,0.0176244075829383,0.0050355450236966,0.0125888625592417,0.0007405213270142,0.0007405213270142,0.0,0.044431279620853005,0.0327310426540284,0.0117002369668246,0.0100710900473932,0.0053317535545023,0.0047393364928909,0.0004443127962085,0.0004443127962085,0.0,0.0001481042654028,0.0,0.0001481042654028,0.0195497630331753,0.0022215639810426,0.0173281990521327,0.0022215639810426,0.0020734597156398,0.0001481042654028,0.0,0.0,0.0,0.0208827014218009,0.0091824644549763,0.0117002369668246,0.0085900473933649,0.0031101895734597,0.0054798578199052,0.0001481042654028,0.0,0.0001481042654028,0.0013329383886255,0.0011848341232227,0.0001481042654028,0.0016291469194312002,0.0010367298578199,0.0005924170616113,0.0051836492890995,0.0031101895734597,0.0020734597156398,0.0004443127962085,0.0,0.0004443127962085,0.0025177725118482,0.0016291469194312,0.000888625592417,0.0088862559241705,0.0029620853080568,0.0059241706161137,0.0162914691943127,0.0054798578199052,0.0108116113744075,1930
2025-06-01,2025,6,4528,1145,3383,5,4,1,101,30,71,9,2,7,185,134,51,56,25,31,1,1,0,1,0,1,153,24,129,16,13,3,0,0,0,114,57,57,64,18,46,8,3,5,5,3,2,14,8,6,15,10,5,6,5,1,10,9,1,60,17,43,88,33,55,0.837587865334813,0.2118017018128005,0.6257861635220126,0.0009248982611912,0.000739918608953,0.0001849796522382,0.0186829448760636,0.0055493895671476,0.013133555308916,0.0016648168701442,0.0003699593044765,0.0012948575656677,0.0342212356640769,0.024787273399926,0.0094339622641509,0.0103588605253421,0.0046244913059563,0.0057343692193858,0.0001849796522382,0.0001849796522382,0.0,0.0001849796522382,0.0,0.0001849796522382,0.0283018867924527,0.004439511653718,0.0238623751387347,0.0029596744358119003,0.0024047354790972,0.0005549389567147,0.0,0.0,0.0,0.0210876803551608,0.0105438401775804,0.0105438401775804,0.0118386977432481,0.0033296337402885,0.0085090640029596,0.0014798372179059,0.0005549389567147,0.0009248982611912,0.0009248982611912,0.0005549389567147,0.0003699593044765,0.0025897151313355,0.001479837217906,0.0011098779134295,0.0027746947835737,0.0018497965223825,0.0009248982611912,0.0011098779134294,0.0009248982611912,0.0001849796522382,0.0018497965223823998,0.0016648168701442,0.0001849796522382,0.0110987791342952,0.0031446540880503,0.0079541250462449,0.016278209396966198,0.0061043285238623,0.0101738808731039,1527
2025-07-01,2025,7,4892,1407,3485,10,8,2,151,57,94,11,11,0,303,240,63,71,33,38,2,2,0,6,3,3,253,34,219,15,15,0,0,0,0,189,92,97,79,30,49,3,1,2,17,14,3,11,5,6,21,9,12,15,5,10,23,17,6,93,22,71,117,37,80,0.7847289059993584,0.2256977863330125,0.5590311196663459,0.0016041065126723001,0.0012832852101379,0.0003208213025344,0.024222008341353803,0.0091434071222329,0.0150786012191209,0.0017645171639396,0.0017645171639396,0.0,0.048604427333974805,0.0384985563041385,0.0101058710298363,0.011389156239974201,0.005293551491819,0.0060956047481552,0.0003208213025344,0.0003208213025344,0.0,0.0009624639076034,0.0004812319538017,0.0004812319538017,0.0405838947706127,0.0054539621430863,0.0351299326275264,0.0024061597690086,0.0024061597690086,0.0,0.0,0.0,0.0,0.030317613089508998,0.0147577799165864,0.0155598331729226,0.0126724414501122,0.0048123195380173,0.0078601219120949,0.00048123195380159997,0.0001604106512672,0.0003208213025344,0.0027269810715431,0.0022457491177414,0.0004812319538017,0.0017645171639396,0.0008020532563362,0.0009624639076034,0.003368623676612,0.0014436958614051,0.0019249278152069,0.0024061597690086,0.0008020532563362,0.0016041065126724,0.0036894449791465,0.0027269810715431,0.0009624639076034,0.0149181905678536,0.0035290343278793,0.0113891562399743,0.0187680461982675,0.005935194096888,0.0128328521013795,2017
2025-08-01,2025,8,4187,1195,2992,1,1,0,124,23,101,10,7,3,229,190,39,56,23,33,1,1,0,3,0,3,149,21,128,7,7,0,0,0,0,103,45,58,50,29,21,2,0,2,5,4,1,9,5,4,18,9,9,1,0,1,25,21,4,53,10,43,82,26,56,0.8251872290106425,0.2355143870713441,0.5896728419392984,0.0001970831690973,0.0001970831690973,0.0,0.0244383129680724,0.0045329128892392,0.0199054000788332,0.0019708316909735,0.0013795821836815,0.000591249507292,0.0451320457232952,0.0374458021284982,0.007686243594797,0.011036657469452,0.0045329128892392,0.0065037445802128,0.0001970831690973,0.0001970831690973,0.0,0.000591249507292,0.0,0.000591249507292,0.0293653921955064,0.0041387465510445,0.0252266456444619,0.0013795821836815,0.0013795821836815,0.0,0.0,0.0,0.0,0.0202995664170279,0.0088687426093811,0.0114308238076468,0.0098541584548679,0.0057154119038234,0.0041387465510445,0.0003941663381947,0.0,0.0003941663381947,0.0009854158454867,0.0007883326763894,0.0001970831690973,0.0017737485218761,0.0009854158454867,0.0007883326763894,0.0035474970437524,0.0017737485218762,0.0017737485218762,0.0001970831690973,0.0,0.0001970831690973,0.004927079227433901,0.0041387465510445,0.0007883326763894,0.0104454079621599,0.0019708316909735,0.0084745762711864,0.0161608198659834,0.0051241623965313,0.0110366574694521,1600
2025-09-01,2025,9,4051,918,3133,3,3,0,90,20,70,4,2,2,160,115,45,47,17,30,1,1,0,4,1,3,70,5,65,13,12,1,1,1,0,96,50,46,45,14,31,4,1,3,4,3,1,13,10,3,33,17,16,3,0,3,24,15,9,29,9,20,57,19,38,0.8586265366680796,0.1945739720220432,0.6640525646460365,0.0006358626536668,0.0006358626536668,0.0,0.0190758796100042,0.0042390843577787,0.0148367952522255,0.0008478168715556,0.0004239084357778,0.0004239084357778,0.0339126748622297,0.0243747350572276,0.0095379398050021,0.0099618482407799,0.0036032217041119,0.006358626536668,0.0002119542178889,0.0002119542178889,0.0,0.0008478168715556999,0.0002119542178889,0.0006358626536668,0.0148367952522254,0.0010597710894446,0.0137770241627808,0.0027554048325561,0.0025434506146672,0.0002119542178889,0.0002119542178889,0.0002119542178889,0.0,0.0203476049173378,0.0105977108944468,0.009749894022891,0.0095379398050021,0.0029673590504451,0.006570580754557,0.0008478168715556999,0.0002119542178889,0.0006358626536668,0.0008478168715556999,0.0006358626536668,0.0002119542178889,0.0027554048325561,0.0021195421788893,0.0006358626536668,0.0069944891903348,0.0036032217041119,0.0033912674862229,0.0006358626536668,0.0,0.0006358626536668,0.0050869012293344,0.003179313268334,0.0019075879610004,0.006146672318779099,0.0019075879610004,0.0042390843577787,0.0120813904196692,0.0040271301398897,0.0080542602797795,1221
2025-10-01,2025,10,3304,506,2798,4,3,1,40,14,26,2,1,1,112,78,34,18,15,3,2,2,0,1,1,0,40,7,33,10,9,1,0,0,0,56,37,19,26,10,16,0,0,0,4,1,3,8,6,2,13,7,6,1,0,1,6,5,1,12,3,9,24,3,21,0.9000272405339145,0.1378371016071915,0.7621901389267229,0.0010896213565785,0.0008172160174339,0.0002724053391446,0.0108962135657858,0.003813674748025,0.0070825388177608,0.0005448106782892,0.0002724053391446,0.0002724053391446,0.030509397984200402,0.0212476164532824,0.009261781530918,0.0049032961046036,0.0040860800871697,0.0008172160174339,0.0005448106782892,0.0005448106782892,0.0,0.0002724053391446,0.0002724053391446,0.0,0.0108962135657858,0.0019068373740125,0.0089893761917733,0.0027240533914463998,0.0024516480523018,0.0002724053391446,0.0,0.0,0.0,0.0152546989921001,0.0100789975483519,0.0051757014437482,0.0070825388177607005,0.0027240533914464,0.0043584854263143,0.0,0.0,0.0,0.0010896213565785,0.0002724053391446,0.0008172160174339,0.002179242713157,0.0016344320348678,0.0005448106782892,0.0035412694088803,0.0019068373740125,0.0016344320348678,0.0002724053391446,0.0,0.0002724053391446,0.0016344320348678002,0.0013620266957232,0.0002724053391446,0.0032688640697356997,0.0008172160174339,0.0024516480523018,0.0065377281394714,0.0008172160174339,0.0057205121220375,699
2025-11-01,2025,11,2974,279,2695,3,3,0,24,6,18,0,0,0,42,37,5,18,10,8,0,0,0,0,0,0,44,15,29,3,2,1,0,0,0,43,24,19,12,3,9,0,0,0,2,0,2,5,3,2,5,5,0,2,0,2,3,2,1,20,7,13,18,9,9,0.9276356830941983,0.0870243293824079,0.8406113537117904,0.0009357454772301,0.0009357454772301,0.0,0.0074859638178414,0.0018714909544603,0.0056144728633811,0.0,0.0,0.0,0.0131004366812226,0.011540860885839,0.0015595757953836,0.0056144728633811,0.0031191515907673,0.0024953212726138,0.0,0.0,0.0,0.0,0.0,0.0,0.0137242669993761,0.0046787273861509,0.0090455396132252,0.0009357454772301,0.0006238303181534,0.0003119151590767,0.0,0.0,0.0,0.0134123518402993,0.0074859638178415,0.0059263880224578,0.0037429819089206,0.0009357454772301,0.0028072364316905,0.0,0.0,0.0,0.0006238303181534,0.0,0.0006238303181534,0.0015595757953835,0.0009357454772301,0.0006238303181534,0.0015595757953836,0.0015595757953836,0.0,0.0006238303181534,0.0,0.0006238303181534,0.0009357454772301,0.0006238303181534,0.0003119151590767,0.0062383031815346005,0.0021834061135371,0.0040548970679975,0.005614472863381,0.0028072364316905,0.0028072364316905,397
2025-12-01,2025,12,2285,253,2032,1,0,1,22,7,15,1,1,0,44,27,17,14,10,4,0,0,0,0,0,0,24,4,20,3,3,0,0,0,0,24,11,13,30,8,22,1,0,1,0,0,0,4,3,1,2,2,0,3,1,2,4,4,0,7,3,4,13,6,7,0.922859450726979,0.1021809369951534,0.8206785137318255,0.0004038772213247,0.0,0.0004038772213247,0.008885298869143701,0.002827140549273,0.0060581583198707,0.0004038772213247,0.0004038772213247,0.0,0.0177705977382874,0.0109046849757673,0.0068659127625201,0.0056542810985459,0.0040387722132471,0.0016155088852988,0.0,0.0,0.0,0.0,0.0,0.0,0.0096930533117931,0.0016155088852988,0.0080775444264943,0.0012116316639741,0.0012116316639741,0.0,0.0,0.0,0.0,0.0096930533117931,0.0044426494345718,0.0052504038772213,0.012116316639741399,0.0032310177705977,0.0088852988691437,0.0004038772213247,0.0,0.0004038772213247,0.0,0.0,0.0,0.0016155088852988,0.0012116316639741,0.0004038772213247,0.0008077544426494,0.0008077544426494,0.0,0.0012116316639741,0.0004038772213247,0.0008077544426494,0.0016155088852988,0.0016155088852988,0.0,0.0028271405492729003,0.0012116316639741,0.0016155088852988,0.0052504038772213,0.0024232633279483,0.002827140549273,339
2026-01-01,2026,1,2999,310,2689,2,2,0,35,9,26,1,0,1,52,35,17,10,8,2,1,1,0,0,0,0,35,13,22,2,1,1,0,0,0,25,9,16,21,3,18,1,0,1,0,0,0,24,23,1,8,4,4,1,0,1,1,0,1,24,12,12,12,6,6,0.9256172839506173,0.095679012345679,0.8299382716049383,0.0006172839506172,0.0006172839506172,0.0,0.0108024691358023,0.0027777777777777,0.0080246913580246,0.0003086419753086,0.0,0.0003086419753086,0.016049382716049297,0.0108024691358024,0.0052469135802469,0.0030864197530863003,0.0024691358024691,0.0006172839506172,0.0003086419753086,0.0003086419753086,0.0,0.0,0.0,0.0,0.0108024691358024,0.0040123456790123,0.0067901234567901,0.0006172839506172,0.0003086419753086,0.0003086419753086,0.0,0.0,0.0,0.0077160493827159,0.0027777777777777,0.0049382716049382,0.006481481481481401,0.0009259259259259,0.0055555555555555,0.0003086419753086,0.0,0.0003086419753086,0.0,0.0,0.0,0.007407407407407299,0.0070987654320987,0.0003086419753086,0.002469135802469,0.0012345679012345,0.0012345679012345,0.0003086419753086,0.0,0.0003086419753086,0.0003086419753086,0.0,0.0003086419753086,0.0074074074074074,0.0037037037037037,0.0037037037037037,0.0037037037037036,0.0018518518518518,0.0018518518518518,429
2026-02-01,2026,2,3014,310,2704,8,6,2,44,6,38,2,1,1,56,42,14,19,7,12,0,0,0,0,0,0,25,9,16,3,2,1,2,2,0,53,25,28,30,8,22,1,0,1,2,2,0,5,4,1,23,10,13,1,0,1,4,2,2,9,2,7,36,7,29,0.9056490384615384,0.0931490384615384,0.8125,0.0024038461538461,0.0018028846153846,0.0006009615384615,0.013221153846153801,0.0018028846153846,0.0114182692307692,0.0006009615384614,0.0003004807692307,0.0003004807692307,0.016826923076923,0.0126201923076923,0.0042067307692307,0.0057091346153845,0.0021033653846153,0.0036057692307692,0.0,0.0,0.0,0.0,0.0,0.0,0.007512019230769201,0.0027043269230769,0.0048076923076923,0.0009014423076922,0.0006009615384615,0.0003004807692307,0.0006009615384615,0.0006009615384615,0.0,0.0159254807692307,0.0075120192307692,0.0084134615384615,0.009014423076923,0.0024038461538461,0.0066105769230769,0.0003004807692307,0.0,0.0003004807692307,0.0006009615384615,0.0006009615384615,0.0,0.0015024038461537,0.001201923076923,0.0003004807692307,0.0069110576923076,0.0030048076923076,0.00390625,0.0003004807692307,0.0,0.0003004807692307,0.001201923076923,0.0006009615384615,0.0006009615384615,0.0027043269230768,0.0006009615384615,0.0021033653846153,0.010817307692307598,0.0021033653846153,0.0087139423076923,442
2026-03-01,2026,3,2632,304,2328,1,1,0,30,9,21,2,1,1,40,24,16,10,6,4,1,1,0,0,0,0,37,14,23,6,5,1,0,0,0,28,10,18,19,2,17,4,0,4,4,2,2,5,4,1,5,2,3,3,2,1,5,3,2,12,6,6,45,34,11,0.9132546842470507,0.1054823039555864,0.8077723802914643,0.0003469812630117,0.0003469812630117,0.0,0.0104094378903538,0.0031228313671061,0.0072866065232477,0.0006939625260234,0.0003469812630117,0.0003469812630117,0.0138792505204718,0.0083275503122831,0.0055517002081887,0.0034698126301178,0.0020818875780707,0.0013879250520471,0.0003469812630117,0.0003469812630117,0.0,0.0,0.0,0.0,0.0128383067314364,0.0048577376821651,0.0079805690492713,0.0020818875780706,0.0017349063150589,0.0003469812630117,0.0,0.0,0.0,0.009715475364330201,0.0034698126301179,0.0062456627342123,0.006592643997224,0.0006939625260235,0.0058986814712005,0.0013879250520471,0.0,0.0013879250520471,0.001387925052047,0.0006939625260235,0.0006939625260235,0.0017349063150588,0.0013879250520471,0.0003469812630117,0.0017349063150588003,0.0006939625260235,0.0010409437890353,0.0010409437890352,0.0006939625260235,0.0003469812630117,0.0017349063150588003,0.0010409437890353,0.0006939625260235,0.0041637751561414,0.0020818875780707,0.0020818875780707,0.015614156835530801,0.0117973629424011,0.0038167938931297,426
2026-04-01,2026,4,2775,281,2494,1,1,0,25,9,16,3,3,0,57,36,21,30,18,12,0,0,0,1,1,0,42,13,29,7,6,1,0,0,0,27,12,15,32,7,25,2,0,2,0,0,0,7,3,4,16,9,7,1,0,1,2,1,1,10,5,5,19,2,17,0.9134298880842658,0.0924950625411454,0.8209348255431205,0.0003291639236339,0.0003291639236339,0.0,0.0082290980908492,0.0029624753127057,0.0052666227781435,0.0009874917709019,0.0009874917709019,0.0,0.0187623436471362,0.0118499012508229,0.0069124423963133,0.009874917709019,0.0059249506254114,0.0039499670836076,0.0,0.0,0.0,0.0003291639236339,0.0003291639236339,0.0,0.0138248847926267,0.0042791310072416,0.0095457537853851,0.0023041474654377,0.0019749835418038,0.0003291639236339,0.0,0.0,0.0,0.0088874259381171,0.0039499670836076,0.0049374588545095,0.0105332455562869,0.0023041474654377,0.0082290980908492,0.0006583278472679,0.0,0.0006583278472679,0.0,0.0,0.0,0.0023041474654377,0.0009874917709019,0.0013166556945358,0.0052666227781434,0.0029624753127057,0.0023041474654377,0.0003291639236339,0.0,0.0003291639236339,0.0006583278472678,0.0003291639236339,0.0003291639236339,0.0032916392363396,0.0016458196181698,0.0016458196181698,0.0062541145490453,0.0006583278472679,0.0055957867017774,396
2026-05-01,2026,5,54,20,34,0,0,0,0,0,0,0,0,0,7,4,3,0,0,0,0,0,0,0,0,0,1,0,1,1,1,0,0,0,0,0,0,0,0,0,0,0,0,0,0,0,0,0,0,0,0,0,0,0,0,0,0,0,0,0,0,0,0,0,0,0.8059701492537312,0.2985074626865671,0.5074626865671642,0.0,0.0,0.0,0.0,0.0,0.0,0.0,0.0,0.0,0.10447761194029839,0.0597014925373134,0.044776119402985,0.0,0.0,0.0,0.0,0.0,0.0,0.0,0.0,0.0,0.0149253731343283,0.0,0.0149253731343283,0.0149253731343283,0.0149253731343283,0.0,0.0,0.0,0.0,0.0,0.0,0.0,0.0,0.0,0.0,0.0,0.0,0.0,0.0,0.0,0.0,0.0,0.0,0.0,0.0,0.0,0.0,0.0,0.0,0.0,0.0,0.0,0.0,0.0,0.0,0.0,0.0,0.0,0.0,25
2026-06-01,2026,6,0,0,0,0,0,0,0,0,0,0,0,0,0,0,0,0,0,0,0,0,0,0,0,0,0,0,0,0,0,0,0,0,0,0,0,0,0,0,0,0,0,0,0,0,0,0,0,0,0,0,0,0,0,0,0,0,0,0,0,0,0,0,0,,,,,,,,,,,,,,,,,,,,,,,,,,,,,,,,,,,,,,,,,,,,,,,,,,,,,,,,,,,,,,,,0
