date,year,month,-999Norm,cr_-999Norm,nr_-999Norm,activismNorm,cr_activismNorm,nr_activismNorm,arrestNorm,cr_arrestNorm,nr_arrestNorm,censorNorm,cr_censorNorm,nr_censorNorm,cooperateNorm,cr_cooperateNorm,nr_cooperateNorm,corruptionNorm,cr_corruptionNorm,nr_corruptionNorm,coupNorm,cr_coupNorm,nr_coupNorm,defamationcaseNorm,cr_defamationcaseNorm,nr_defamationcaseNorm,disasterNorm,cr_disasterNorm,nr_disasterNorm,electionactivityNorm,cr_electionactivityNorm,nr_electionactivityNorm,electionirregularitiesNorm,cr_electionirregularitiesNorm,nr_electionirregularitiesNorm,legalactionNorm,cr_legalactionNorm,nr_legalactionNorm,legalchangeNorm,cr_legalchangeNorm,nr_legalchangeNorm,martiallawNorm,cr_martiallawNorm,nr_martiallawNorm,mobilizesecurityNorm,cr_mobilizesecurityNorm,nr_mobilizesecurityNorm,protestNorm,cr_protestNorm,nr_protestNorm,purgeNorm,cr_purgeNorm,nr_purgeNorm,raidNorm,cr_raidNorm,nr_raidNorm,threatenNorm,cr_threatenNorm,nr_threatenNorm,violencelethalNorm,cr_violencelethalNorm,nr_violencelethalNorm,violencenonlethalNorm,cr_violencenonlethalNorm,nr_violencenonlethalNorm,total_articles
2012-01-01,2012,1,0.7160661067461392,0.1785424004334868,0.5375237063126524,0.0008127878623677999,0.0002709292874559,0.0005418585749119,0.0292603630452451,0.0016255757247358,0.0276347873205093,0.0005418585749119,0.0005418585749119,0.0,0.0260092115957734,0.0149011108100785,0.0111081007856949,0.013275535085342599,0.009753454348415,0.0035220807369276,0.0008127878623677999,0.0005418585749119,0.0002709292874559,0.0008127878623679,0.0008127878623679,0.0,0.0338661609319967,0.0162557572473584,0.0176104036846383,0.0525602817664588,0.051205635329179,0.0013546464372798,0.0054185857491194,0.0054185857491194,0.0,0.053914928203738804,0.0249254944459496,0.0289894337577892,0.0214034137090218,0.0108371714982389,0.0105662422107829,0.0005418585749118,0.0002709292874559,0.0002709292874559,0.0027092928745596,0.0016255757247358,0.0010837171498238,0.0078569493362232,0.0051476564616635,0.0027092928745597,0.0048767271742074,0.0021674342996477,0.0027092928745597,0.0008127878623679,0.0,0.0008127878623679,0.0021674342996477,0.0013546464372798,0.0008127878623679,0.0232999187212137,0.0051476564616635,0.0181522622595502,0.0105662422107829,0.0013546464372798,0.0092115957735031,1210
2012-02-01,2012,2,0.714934544483035,0.1990382046486775,0.5158963398343575,0.0032059845044081,0.0024044883783061,0.000801496126102,0.028853860539674002,0.0042746460058776,0.0245792145337964,0.0024044883783060998,0.0016029922522041,0.000801496126102,0.0309911835426128,0.0232433876569596,0.0077477958856532,0.0146940956452043,0.0141597648944696,0.0005343307507347,0.0037403152551428,0.000801496126102,0.0029388191290408,0.0018701576275714,0.0016029922522041,0.0002671653753673,0.018701576275714598,0.0016029922522041,0.0170985840235105,0.0587763825808174,0.0579748864547154,0.000801496126102,0.0072134651349185,0.0072134651349185,0.0,0.0382046486775313,0.024312049158429,0.0138925995191023,0.0154955917713064,0.0088164573871226,0.0066791343841838,0.0002671653753673,0.0002671653753673,0.0,0.0013358268768367,0.000801496126102,0.0005343307507347,0.0133582687683675,0.0082821266363879,0.0050761421319796,0.0064119690088164,0.0058776382580817,0.0005343307507347,0.0048089767566121995,0.0034731498797755,0.0013358268768367,0.0056104728827143,0.0045418113812449,0.0010686615014694,0.0243120491584289,0.0029388191290408,0.0213732300293881,0.0101522842639593,0.0029388191290408,0.0072134651349185,1390
2012-03-01,2012,3,0.7153502235469449,0.2148534525583706,0.5004967709885743,0.0029806259314455004,0.0017386984600099,0.0012419274714356,0.0320417287630402,0.003725782414307,0.0283159463487332,0.0007451564828614,0.0007451564828614,0.0,0.0370094386487828,0.0213611525086934,0.0156482861400894,0.0171385991058122,0.014903129657228,0.0022354694485842,0.0034773969200197997,0.0009935419771485,0.0024838549428713,0.0007451564828614,0.0007451564828614,0.0,0.011425732737208,0.0034773969200198,0.0079483358171882,0.0571286636860407,0.0556383507203179,0.0014903129657228,0.0079483358171882,0.0079483358171882,0.0,0.035519125683059996,0.0151515151515151,0.0203676105315449,0.0136612021857922,0.0064580228514654,0.0072031793343268,0.0004967709885742,0.0002483854942871,0.0002483854942871,0.0032290114257327003,0.0014903129657228,0.0017386984600099,0.0156482861400894,0.0119225037257824,0.003725782414307,0.0047193243914554,0.0034773969200198,0.0012419274714356,0.0012419274714356,0.0002483854942871,0.0009935419771485,0.0042225534028812,0.0034773969200198,0.0007451564828614,0.0255837059115747,0.0024838549428713,0.0230998509687034,0.012916045702930801,0.0042225534028812,0.0086934923000496,1500
2012-04-01,2012,4,0.6681342872867363,0.1975784259768849,0.4705558613098514,0.0013758943313153,0.0013758943313153,0.0,0.026692350027517797,0.0027517886626307,0.0239405613648871,0.0016510731975783,0.0011007154650522,0.0005503577325261,0.0228398458998348,0.0101816180517336,0.0126582278481012,0.0143093010456796,0.0134837644468904,0.0008255365987892,0.0063291139240506,0.0046780407264722,0.0016510731975784,0.000275178866263,0.000275178866263,0.0,0.046780407264722,0.0151348376444689,0.0316455696202531,0.07567418822234451,0.0748486516235553,0.0008255365987892,0.0096312603192074,0.0096312603192074,0.0,0.0393505778756191,0.0206384149697303,0.0187121629058888,0.0077050082553659,0.0033021463951568,0.0044028618602091,0.0016510731975783,0.0013758943313153,0.000275178866263,0.0044028618602090005,0.0024766097963676,0.0019262520638414,0.0151348376444688,0.0121078701155751,0.0030269675288937,0.0035773252614198,0.0024766097963676,0.0011007154650522,0.0019262520638413999,0.0013758943313153,0.0005503577325261,0.0063291139240505,0.0049532195927352,0.0013758943313153,0.0332966428178315,0.0074298293891029,0.0258668134287286,0.0151348376444688,0.0063291139240506,0.0088057237204182,1423
2012-05-01,2012,5,0.6039744499645137,0.2020345398627868,0.4019399101017269,0.0016560208185473998,0.0014194464158978,0.0002365744026496,0.0248403122782114,0.004494913650343,0.0203453986278684,0.0016560208185473998,0.0014194464158978,0.0002365744026496,0.024130589070262498,0.0151407617695765,0.008989827300686,0.0094629761059852,0.0078069552874378,0.0016560208185474,0.001892595221197,0.0009462976105985,0.0009462976105985,0.0,0.0,0.0,0.026023184291459597,0.0080435296900875,0.0179796546013721,0.1587414241779038,0.1568488289567068,0.001892595221197,0.0262597586941093,0.0262597586941093,0.0,0.0333569907735982,0.0165602081854743,0.0167967825881239,0.015613910574875699,0.0096995505086349,0.0059143600662408,0.0009462976105985,0.0002365744026496,0.0007097232079489,0.0052046368582918,0.0047314880529926,0.0004731488052992,0.013721315353678699,0.0113555713271824,0.0023657440264963,0.0082801040927371,0.0066240832741897,0.0016560208185474,0.0007097232079488,0.0002365744026496,0.0004731488052992,0.0056777856635912,0.0049680624556423,0.0007097232079489,0.0290986515259049,0.0049680624556423,0.0241305890702626,0.013248166548379299,0.0085166784953867,0.0047314880529926,2069
2012-06-01,2012,6,0.7095226067188684,0.1909573124526395,0.5185652942662289,0.0012629451881787,0.0005051780752715,0.0007577671129072,0.040666835059358294,0.0035362465269007,0.0371305885324576,0.0,0.0,0.0,0.031573629704470696,0.0146501641828744,0.0169234655215963,0.0060621369032583,0.0032836574892649,0.0027784794139934,0.0050517807527152,0.0040414246021722,0.001010356150543,0.0,0.0,0.0,0.0209648901237685,0.0027784794139934,0.0181864107097751,0.0229856024248546,0.0207123010861328,0.0022733013387218,0.0050517807527153,0.0050517807527153,0.0,0.044203081586259005,0.0242485476130335,0.0199545339732255,0.0234907805001261,0.0075776711290729,0.0159131093710532,0.0005051780752714,0.0002525890376357,0.0002525890376357,0.0035362465269006002,0.0015155342258145,0.0020207123010861,0.0164182874463247,0.0113665066936094,0.0050517807527153,0.011619095731245099,0.0113665066936094,0.0002525890376357,0.004294013639808,0.0,0.004294013639808,0.0037888355645363998,0.0027784794139934,0.001010356150543,0.0368779994948218,0.0068199040161656,0.0300580954786562,0.0154079312957816,0.0045466026774437,0.0108613286183379,1245
2012-07-01,2012,7,0.704780010863661,0.1577946768060836,0.5469853340575774,0.0019011406844105,0.0013579576317218,0.0005431830526887,0.0377512221618684,0.0013579576317218,0.0363932645301466,0.0005431830526886,0.0002715915263443,0.0002715915263443,0.0306898424769146,0.0157523085279739,0.0149375339489407,0.0124932102118413,0.0092341118957088,0.0032590983161325,0.0043454644215099,0.0005431830526887,0.0038022813688212,0.0019011406844105,0.0016295491580662,0.0002715915263443,0.020912547528517,0.0051602390005431,0.0157523085279739,0.0138511678435631,0.0124932102118413,0.0013579576317218,0.002987506789788,0.0027159152634437,0.0002715915263443,0.0494296577946767,0.0255296034763715,0.0239000543183052,0.032047800108636504,0.0146659424225964,0.0173818576860401,0.000814774579033,0.0002715915263443,0.0005431830526887,0.0029875067897881004,0.0005431830526887,0.0024443237370994,0.019011406844106397,0.0078761542639869,0.0111352525801195,0.0054318305268874,0.0038022813688212,0.0016295491580662,0.0035306898424768,0.0002715915263443,0.0032590983161325,0.0029875067897879998,0.0016295491580662,0.0013579576317218,0.035578489951113394,0.0029875067897881,0.0325909831613253,0.0225420966865833,0.0067897881586094,0.0157523085279739,986
2012-08-01,2012,8,0.7219682710406022,0.2175315945146544,0.5044366765259478,0.0013444474321053,0.000268889486421,0.0010755579456843,0.0250067222371605,0.0026888948642108,0.0223178273729497,0.0010755579456842,0.0005377789728421,0.0005377789728421,0.0349556332347404,0.0172089271309491,0.0177467061037913,0.0131755848346328,0.010217800484001,0.0029577843506318,0.0040333422963161,0.0005377789728421,0.003495563323474,0.0008066684592631,0.0005377789728421,0.000268889486421,0.0752890561979026,0.0392578650174778,0.0360311911804248,0.0051089002420004,0.0048400107555794,0.000268889486421,0.0013444474321053,0.0010755579456843,0.000268889486421,0.0379134175853723,0.0193600430223178,0.0185533745630545,0.0341489647754772,0.0239311642914762,0.010217800484001,0.0016133369185264,0.0013444474321054,0.000268889486421,0.0016133369185264,0.0013444474321054,0.000268889486421,0.0067222371605269,0.0048400107555794,0.0018822264049475,0.0040333422963161,0.0032266738370529,0.0008066684592632,0.0010755579456842,0.000268889486421,0.0008066684592632,0.0043022317827372,0.0029577843506318,0.0013444474321054,0.0225867168593708,0.0056466792148427,0.0169400376445281,0.010217800484001,0.0024200053777897,0.0077977951062113,1310
2012-09-01,2012,9,0.7221507589400565,0.1692822227939285,0.5528685361461281,0.0018008747105736,0.0002572678157962,0.0015436068947774,0.0352456907640853,0.0010290712631849,0.0342166195009004,0.0010290712631849,0.0007718034473887,0.0002572678157962,0.042963725237972705,0.0164651402109596,0.0264985850270131,0.011319783895034598,0.0061744275791098,0.0051453563159248,0.0038590172369436,0.0007718034473887,0.0030872137895549,0.0023154103421661,0.0023154103421661,0.0,0.0172369436583483,0.0007718034473887,0.0164651402109596,0.0110625160792384,0.0102907126318497,0.0007718034473887,0.0010290712631849,0.0010290712631849,0.0,0.044764599948546396,0.0252122459480319,0.0195523540005145,0.0344738873166966,0.0162078723951633,0.0182660149215333,0.0,0.0,0.0,0.004116285052739799,0.0033444816053511,0.0007718034473887,0.0156933367635708,0.0100334448160535,0.0056598919475173,0.006431695394906,0.0048880885001286,0.0015436068947774,0.0023154103421661,0.0005145356315924,0.0018008747105737,0.0038590172369435,0.0023154103421661,0.0015436068947774,0.0347311551324928,0.0072034988422948,0.027527656290198,0.0123488551582196,0.0025726781579624,0.0097761770002572,1073
2012-10-01,2012,10,0.6549135577797998,0.1453594176524112,0.5095541401273885,0.0018198362147405999,0.0011373976342129,0.0006824385805277,0.0370791628753411,0.0022747952684258,0.0348043676069153,0.0,0.0,0.0,0.046860782529572195,0.0220655141037306,0.0247952684258416,0.0154686078252956,0.0095541401273885,0.0059144676979071,0.001592356687898,0.0002274795268425,0.0013648771610555,0.0006824385805277,0.0006824385805277,0.0,0.0427661510464058,0.0154686078252957,0.0272975432211101,0.0131938125568698,0.0125113739763421,0.0006824385805277,0.0011373976342128,0.0009099181073703,0.0002274795268425,0.0363967242948134,0.0156960873521383,0.0207006369426751,0.069381255686988,0.0361692447679708,0.0332120109190172,0.0006824385805276,0.0004549590536851,0.0002274795268425,0.0031847133757961,0.0018198362147406,0.0013648771610555,0.0227479526842584,0.0156960873521383,0.0070518653321201,0.0052320291173793,0.0045495905368516,0.0006824385805277,0.0020473157415832,0.0,0.0020473157415832,0.004322111010009,0.0025022747952684,0.0018198362147406,0.0388989990900818,0.0050045495905368,0.033894449499545,0.010009099181073601,0.001592356687898,0.0084167424931756,1264
2012-11-01,2012,11,0.6786924939467311,0.1644067796610169,0.5142857142857142,0.0024213075060531,0.0016949152542372,0.0007263922518159,0.0355932203389829,0.0016949152542372,0.0338983050847457,0.0,0.0,0.0,0.0377723970944309,0.0159806295399515,0.0217917675544794,0.020096852300242,0.0167070217917675,0.0033898305084745,0.0038740920096852,0.0009685230024213,0.0029055690072639,0.0007263922518158999,0.0004842615012106,0.0002421307506053,0.0266343825665858,0.0043583535108958,0.02227602905569,0.005326876513317099,0.0048426150121065,0.0004842615012106,0.0002421307506053,0.0002421307506053,0.0,0.0496368038740919,0.0302663438256658,0.0193704600484261,0.0530266343825665,0.0329297820823244,0.0200968523002421,0.0002421307506053,0.0,0.0002421307506053,0.0031476997578692,0.0009685230024213,0.0021791767554479,0.0387409200968522,0.0300242130750605,0.0087167070217917,0.0060532687651331,0.0031476997578692,0.0029055690072639,0.0019370460048426,0.0,0.0019370460048426,0.0046004842615011005,0.0043583535108958,0.0002421307506053,0.0288135593220338,0.0065375302663438,0.02227602905569,0.0159806295399515,0.0046004842615012,0.0113801452784503,1294
2012-12-01,2012,12,0.7280269639616281,0.1527093596059113,0.5753176043557169,0.0007778065854289,0.0005185377236193,0.0002592688618096,0.0381125226860253,0.0023334197562872,0.0357791029297381,0.0002592688618096,0.0002592688618096,0.0,0.0355198340679284,0.0142597873995333,0.0212600466683951,0.021260046668395,0.0189266269121078,0.0023334197562872,0.0046668395125744,0.000777806585429,0.0038890329271454,0.0018148820326677,0.0010370754472387,0.000777806585429,0.013741249675913801,0.0023334197562872,0.0114078299196266,0.0064817215452423,0.0049261083743842,0.0015556131708581,0.0002592688618096,0.0002592688618096,0.0,0.0526315789473683,0.029038112522686,0.0235934664246823,0.0277417682136374,0.0111485610578169,0.0165932071558205,0.0002592688618096,0.0,0.0002592688618096,0.0054446460980035,0.0012963443090484,0.0041483017889551,0.009333679025149,0.0062224526834327,0.0031112263417163,0.0044075706507647,0.0028519574799066,0.0015556131708581,0.0023334197562871,0.0002592688618096,0.0020741508944775,0.0057039149598132,0.0028519574799066,0.0028519574799066,0.0422608244749805,0.0057039149598133,0.0365569095151672,0.0168524760176302,0.0015556131708581,0.0152968628467721,940
2013-01-01,2013,1,0.7364303178484107,0.191442542787286,0.5449877750611247,0.0019559902200488,0.0012224938875305,0.0007334963325183,0.033740831295843404,0.0019559902200488,0.0317848410757946,0.0007334963325183,0.0007334963325183,0.0,0.0435207823960879,0.0207823960880195,0.0227383863080684,0.0163814180929094,0.0129584352078239,0.0034229828850855,0.0031784841075794,0.0002444987775061,0.0029339853300733,0.0012224938875305,0.0012224938875305,0.0,0.01320293398533,0.0009779951100244,0.0122249388753056,0.0085574572127139,0.0080684596577017,0.0004889975550122,0.0009779951100244,0.0009779951100244,0.0,0.0533007334963324,0.0303178484107579,0.0229828850855745,0.0200488997555011,0.0092909535452322,0.0107579462102689,0.0009779951100244,0.0009779951100244,0.0,0.0041564792176038,0.0031784841075794,0.0009779951100244,0.0095354523227383,0.0070904645476772,0.0024449877750611,0.0051344743276283,0.0046454767726161,0.0004889975550122,0.0029339853300731997,0.0012224938875305,0.0017114914425427,0.0041564792176038,0.0031784841075794,0.0009779951100244,0.032762836185819,0.00440097799511,0.028361858190709,0.0183374083129584,0.006601466992665,0.0117359413202934,1235
2013-02-01,2013,2,0.7372421281216069,0.1739956568946797,0.5632464712269273,0.002171552660152,0.001357220412595,0.000814332247557,0.0355591748099891,0.001628664495114,0.0339305103148751,0.000814332247557,0.000814332247557,0.0,0.0469598262757871,0.015743756786102,0.0312160694896851,0.015200868621064,0.012214983713355,0.002985884907709,0.004071661237785,0.001900108577633,0.002171552660152,0.00271444082519,0.00271444082519,0.0,0.016015200868621002,0.004343105320304,0.011672095548317,0.011672095548317,0.010586319218241,0.001085776330076,0.001085776330076,0.001085776330076,0.0,0.0526601520086862,0.0279587404994571,0.0247014115092291,0.016015200868621002,0.007328990228013,0.008686210640608,0.000271444082519,0.0,0.000271444082519,0.000542888165038,0.000271444082519,0.000271444082519,0.020086862106406,0.00814332247557,0.011943539630836,0.00814332247557,0.007057546145494,0.001085776330076,0.002171552660152,0.0,0.002171552660152,0.004343105320304,0.002171552660152,0.002171552660152,0.020086862106406,0.002985884907709,0.017100977198697,0.011943539630836,0.003800217155266,0.00814332247557,1024
2013-03-01,2013,3,0.7653061224489796,0.1860282574568288,0.5792778649921507,0.0018315018315018,0.0010465724751439,0.0007849293563579,0.0282574568288853,0.0018315018315018,0.0264259549973835,0.0002616431187859,0.0002616431187859,0.0,0.0421245421245421,0.0138670852956567,0.0282574568288854,0.0159602302459445,0.0083725798011512,0.0075876504447933,0.0015698587127158,0.0,0.0015698587127158,0.0007849293563579,0.0007849293563579,0.0,0.0185766614338042,0.0031397174254317,0.0154369440083725,0.0133437990580847,0.0117739403453689,0.0015698587127158,0.0010465724751439,0.0010465724751439,0.0,0.042124542124542,0.0175300889586603,0.0245944531658817,0.0180533751962322,0.0112506541077969,0.0068027210884353,0.0005232862375719,0.0,0.0005232862375719,0.0034013605442175998,0.0010465724751439,0.0023547880690737,0.0193615907901621,0.0070643642072213,0.0122972265829408,0.0015698587127157,0.0013082155939298,0.0002616431187859,0.0015698587127157,0.0002616431187859,0.0013082155939298,0.0041862899005755,0.0026164311878597,0.0015698587127158,0.0190999476713761,0.0023547880690737,0.0167451596023024,0.0112506541077969,0.0020931449502878,0.0091575091575091,1025
2013-04-01,2013,4,0.7261465471797575,0.1626251976805482,0.5635213494992093,0.0015814443858723003,0.0010542962572482,0.0005271481286241,0.031365313653136495,0.0052714812862414,0.0260938323668951,0.000263574064312,0.000263574064312,0.0,0.0426989984185555,0.0163415919873484,0.0263574064312071,0.015287295730099999,0.011333684765419,0.003953610964681,0.0023721665788086,0.0007907221929362,0.0015814443858724,0.0018450184501844,0.0010542962572482,0.0007907221929362,0.0123879810226673,0.0013178703215603,0.011070110701107,0.0105429625724827,0.0102793885081707,0.000263574064312,0.0028993147074327,0.0028993147074327,0.0,0.0511333684765418,0.0282024248813916,0.0229309435951502,0.0376910911966262,0.0239852398523985,0.0137058513442277,0.000263574064312,0.0,0.000263574064312,0.0018450184501844,0.0007907221929362,0.0010542962572482,0.0239852398523984,0.015023721665788,0.0089615181866104,0.0034264628360569,0.0026357406431207,0.0007907221929362,0.003953610964681,0.0007907221929362,0.0031628887717448,0.0028993147074327,0.0013178703215603,0.0015814443858724,0.026357406431207098,0.0063257775434897,0.0200316288877174,0.0134422772799155,0.003953610964681,0.0094886663152345,1087
2013-05-01,2013,5,0.7168484848484848,0.1585454545454545,0.5583030303030303,0.004121212121212,0.0026666666666666,0.0014545454545454,0.0438787878787878,0.0038787878787878,0.04,0.0009696969696969,0.0007272727272727,0.0002424242424242,0.059878787878787795,0.0242424242424242,0.0356363636363636,0.0135757575757574,0.0101818181818181,0.0033939393939393,0.0021818181818181,0.0007272727272727,0.0014545454545454,0.0007272727272727,0.0007272727272727,0.0,0.0179393939393939,0.0058181818181818,0.0121212121212121,0.0099393939393938,0.0094545454545454,0.0004848484848484,0.0014545454545454,0.0014545454545454,0.0,0.0484848484848483,0.0227878787878787,0.0256969696969696,0.0193939393939393,0.0147878787878787,0.0046060606060606,0.0007272727272725999,0.0004848484848484,0.0002424242424242,0.0026666666666665,0.0021818181818181,0.0004848484848484,0.0128484848484847,0.0072727272727272,0.0055757575757575,0.005090909090909,0.0024242424242424,0.0026666666666666,0.0038787878787878,0.0,0.0038787878787878,0.0033939393939393,0.0019393939393939,0.0014545454545454,0.0239999999999999,0.0031515151515151,0.0208484848484848,0.0179393939393939,0.0053333333333333,0.0126060606060606,1119
2013-06-01,2013,6,0.721,0.1465,0.5745,0.002,0.00125,0.00075,0.03875,0.003,0.03575,0.0,0.0,0.0,0.042,0.0135,0.0285,0.00875,0.00475,0.004,0.00275,0.0005,0.00225,0.00125,0.00125,0.0,0.029249999999999998,0.007,0.02225,0.009750000000000002,0.00875,0.001,0.001,0.001,0.0,0.04025,0.01625,0.024,0.0395,0.019,0.0205,0.0015,0.0005,0.001,0.004999999999999999,0.00275,0.00225,0.0205,0.0125,0.008,0.00375,0.003,0.00075,0.002,0.0,0.002,0.00275,0.00075,0.002,0.02275,0.0025,0.02025,0.012750000000000001,0.00225,0.0105,971
2013-07-01,2013,7,0.7027828467153284,0.1630930656934306,0.5396897810218978,0.001368613138686,0.000912408759124,0.000456204379562,0.035583941605839296,0.0036496350364963,0.031934306569343,0.000456204379562,0.000456204379562,0.0,0.0412864963503648,0.0155109489051094,0.0257755474452554,0.0187043795620437,0.0155109489051094,0.0031934306569343,0.0038777372262772,0.0020529197080291,0.0018248175182481,0.000684306569343,0.000456204379562,0.000228102189781,0.0497262773722627,0.0191605839416058,0.0305656934306569,0.0145985401459853,0.0141423357664233,0.000456204379562,0.0022810218978102,0.0022810218978102,0.0,0.0415145985401459,0.021441605839416,0.0200729927007299,0.0246350364963503,0.0127737226277372,0.0118613138686131,0.000456204379562,0.000228102189781,0.000228102189781,0.0059306569343065005,0.0047901459854014,0.0011405109489051,0.012317518248175102,0.0086678832116788,0.0036496350364963,0.0084397810218977,0.0054744525547445,0.0029653284671532,0.0029653284671532,0.000228102189781,0.0027372262773722,0.0029653284671532004,0.0011405109489051,0.0018248175182481,0.0244069343065692,0.0027372262773722,0.021669708029197,0.014142335766423299,0.0031934306569343,0.010948905109489,1274
2013-08-01,2013,8,0.7079337401918047,0.1660854402789886,0.541848299912816,0.0002179598953792,0.0002179598953792,0.0,0.0403225806451612,0.0032693984306887,0.0370531822144725,0.0002179598953792,0.0,0.0002179598953792,0.049040976460331204,0.0211421098517872,0.027898866608544,0.0215780296425457,0.0167829119442022,0.0047951176983435,0.0037053182214472,0.0015257192676547,0.0021795989537925,0.0013077593722755,0.0013077593722755,0.0,0.023103748910200398,0.0023975588491717,0.0207061900610287,0.0139494333042719,0.0132955536181342,0.0006538796861377,0.0015257192676547,0.0015257192676547,0.0,0.0568875326939842,0.0294245858761987,0.0274629468177855,0.0150392327811682,0.0074106364428945,0.0076285963382737,0.0004359197907584,0.0002179598953792,0.0002179598953792,0.0039232781168265,0.001743679163034,0.0021795989537925,0.014603312990409699,0.0091543156059285,0.0054489973844812,0.009154315605928401,0.0080645161290322,0.0010897994768962,0.0037053182214472,0.0006538796861377,0.0030514385353095,0.002615518744551,0.001743679163034,0.000871839581517,0.0316041848299912,0.0032693984306887,0.0283347863993025,0.0141673931996512,0.002615518744551,0.0115518744551002,1287
2013-09-01,2013,9,0.7213270142180095,0.1497630331753554,0.571563981042654,0.0011848341232226002,0.0007109004739336,0.000473933649289,0.0341232227488151,0.0021327014218009,0.0319905213270142,0.0007109004739336,0.0007109004739336,0.0,0.0402843601895733,0.0137440758293838,0.0265402843601895,0.0196682464454975,0.0142180094786729,0.0054502369668246,0.0033175355450236,0.0021327014218009,0.0011848341232227,0.0,0.0,0.0,0.027488151658767702,0.0078199052132701,0.0196682464454976,0.014691943127962,0.0144549763033175,0.0002369668246445,0.0018957345971563,0.0018957345971563,0.0,0.050473933649288996,0.0255924170616113,0.0248815165876777,0.0232227488151657,0.0142180094786729,0.0090047393364928,0.0018957345971563,0.0018957345971563,0.0,0.0033175355450236,0.0007109004739336,0.00260663507109,0.016350710900473797,0.0085308056872037,0.0078199052132701,0.0099526066350709,0.0090047393364928,0.0009478672985781,0.0047393364928908005,0.000473933649289,0.0042654028436018,0.0018957345971562,0.000473933649289,0.0014218009478672,0.023696682464454798,0.0028436018957345,0.0208530805687203,0.0097156398104264,0.00260663507109,0.0071090047393364,1130
2013-10-01,2013,10,0.730255448793063,0.1642840403093508,0.5659714084837122,0.0018748535270681,0.0016404968361846,0.0002343566908835,0.0281228029060229,0.0042184204359034,0.0239043824701195,0.000468713381767,0.000468713381767,0.0,0.044527771267869595,0.0166393250527302,0.0278884462151394,0.0121865479259432,0.0086711975626904,0.0035153503632528,0.0011717834544175,0.0007030700726505,0.000468713381767,0.0016404968361846,0.0014061401453011,0.0002343566908835,0.0164049683618466,0.0051558471994375,0.0112491211624091,0.0140614014530113,0.0131239746894773,0.000937426763534,0.0025779235997187,0.0025779235997187,0.0,0.0567143191938128,0.0292945863604405,0.0274197328333723,0.0269510194516052,0.0128896179985938,0.0140614014530114,0.0002343566908835,0.0002343566908835,0.0,0.0035153503632527,0.0018748535270681,0.0016404968361846,0.0236700257792359,0.014764471525662,0.0089055542535739,0.0056245605812044,0.0037497070541363,0.0018748535270681,0.0028122802906022,0.0,0.0028122802906022,0.0023435669088351,0.0016404968361846,0.0007030700726505,0.0239043824701194,0.0042184204359034,0.019685962034216,0.011249121162409,0.0046871338176704,0.0065619873447386,1213
2013-11-01,2013,11,0.750554050726422,0.1723713371090864,0.5781827136173356,0.0019699581383894,0.0009849790691947,0.0009849790691947,0.0290568825412459,0.0054173848805712,0.0236394976606747,0.0002462447672986,0.0002462447672986,0.0,0.0310268406796355,0.0140359517360256,0.0169908889436099,0.016744644176311198,0.0135434622014282,0.003201181974883,0.0029549372075841998,0.000738734301896,0.0022162029056882,0.0009849790691947,0.0009849790691947,0.0,0.0160059098744151,0.0039399162767791,0.012065993597636,0.018468357547402,0.0164983994090125,0.0019699581383895,0.0012312238364934,0.0012312238364934,0.0,0.0455552819502585,0.0221620290568825,0.023393252893376,0.0290568825412459,0.0147746860379216,0.0142821965033243,0.0002462447672986,0.0002462447672986,0.0,0.0022162029056881,0.0014774686037921,0.000738734301896,0.0150209308052202,0.0100960354592464,0.0049248953459738,0.0054173848805712,0.0039399162767791,0.0014774686037921,0.0017237133710907,0.000738734301896,0.0009849790691947,0.0032011819748829,0.0024624476729869,0.000738734301896,0.0246244767298694,0.0041861610440778,0.0204383156857916,0.0147746860379216,0.0036936715094804,0.0110810145284412,1156
2013-12-01,2013,12,0.7740171830252538,0.173392345743296,0.6006248372819578,0.0026034886748242,0.0015620932048945,0.0010413954699297,0.0315022129653735,0.0031241864097891,0.0283780265555844,0.0002603488674824,0.0002603488674824,0.0,0.0406144233272584,0.0166623275188752,0.0239520958083832,0.0085915126269199,0.006769070554543,0.0018224420723769,0.0023431398073418003,0.0010413954699297,0.0013017443374121,0.0002603488674824,0.0002603488674824,0.0,0.0109346524342618,0.0015620932048945,0.0093725592293673,0.019005467326217003,0.0184847695912522,0.0005206977349648,0.0033845352772714,0.0028638375423066,0.0005206977349648,0.0372298880499868,0.0205675605311116,0.0166623275188752,0.017703722988804897,0.0080708148919552,0.0096329080968497,0.0,0.0,0.0,0.004946628482166,0.0026034886748242,0.0023431398073418,0.009112210361884799,0.0057276750846133,0.0033845352772715,0.0018224420723769001,0.0015620932048945,0.0002603488674824,0.0018224420723769,0.0,0.0018224420723769,0.0033845352772715,0.0023431398073418,0.0010413954699297,0.026815933350689797,0.0033845352772715,0.0234313980734183,0.0088518614944024,0.0010413954699297,0.0078104660244727,1026
2014-01-01,2014,1,0.7357954545454545,0.184142561983471,0.5516528925619835,0.0012913223140495,0.0010330578512396,0.0002582644628099,0.0214359504132231,0.0018078512396694,0.0196280991735537,0.0015495867768594,0.0012913223140495,0.0002582644628099,0.0392561983471073,0.0191115702479338,0.0201446280991735,0.009814049586776799,0.0077479338842975,0.0020661157024793,0.0018078512396693,0.0005165289256198,0.0012913223140495,0.0012913223140495,0.0007747933884297,0.0005165289256198,0.0144628099173553,0.0018078512396694,0.0126549586776859,0.0420971074380165,0.040547520661157,0.0015495867768595,0.0056818181818181004,0.0054235537190082,0.0002582644628099,0.0449380165289255,0.0211776859504132,0.0237603305785123,0.0204028925619834,0.0139462809917355,0.0064566115702479,0.0002582644628099,0.0,0.0002582644628099,0.0036157024793387,0.0012913223140495,0.0023243801652892,0.0147210743801652,0.0082644628099173,0.0064566115702479,0.0036157024793388,0.003099173553719,0.0005165289256198,0.0030991735537189,0.0002582644628099,0.002840909090909,0.0012913223140495,0.0007747933884297,0.0005165289256198,0.0263429752066115,0.003099173553719,0.0232438016528925,0.0139462809917354,0.002840909090909,0.0111053719008264,1216
2014-02-01,2014,2,0.7478925184404637,0.1973129610115911,0.5505795574288725,0.0021074815595362,0.0015806111696522,0.000526870389884,0.024236037934667998,0.0042149631190727,0.0200210748155953,0.000263435194942,0.0,0.000263435194942,0.0400421496311906,0.0208113804004214,0.0192307692307692,0.0113277133825078,0.0076396206533192,0.0036880927291886,0.0021074815595362,0.000526870389884,0.0015806111696522,0.000790305584826,0.000526870389884,0.000263435194942,0.0097471022128556,0.0018440463645943,0.0079030558482613,0.0329293993677554,0.0305584826132771,0.0023709167544783,0.0026343519494203,0.0023709167544783,0.000263435194942,0.0368809272918861,0.0134351949420442,0.0234457323498419,0.0239726027397259,0.0139620653319283,0.0100105374077976,0.0,0.0,0.0,0.0018440463645942001,0.0013171759747102,0.000526870389884,0.020547945205479402,0.0084299262381454,0.012118018967334,0.004478398314014699,0.0031612223393045,0.0013171759747102,0.0013171759747101,0.000263435194942,0.0010537407797681,0.0042149631190726,0.0023709167544783,0.0018440463645943,0.0268703898840884,0.0023709167544783,0.0244994731296101,0.0144889357218123,0.0023709167544783,0.012118018967334,1175
2014-03-01,2014,3,0.7392115698623747,0.1782132027058549,0.5609983671565197,0.0011663167716351,0.000233263354327,0.0009330534173081,0.0221600186610682,0.0023326335432703,0.0198273851177979,0.0,0.0,0.0,0.040354560298577,0.0221600186610683,0.0181945416375087,0.006764637275484,0.0046652670865407,0.0020993701889433,0.0016328434802892,0.0009330534173081,0.0006997900629811,0.000233263354327,0.000233263354327,0.0,0.0167949615115464,0.0011663167716351,0.0156286447399113,0.0170282248658735,0.0156286447399113,0.0013995801259622,0.0032656869605784,0.0032656869605784,0.0,0.0370888733379985,0.0191275950548168,0.0179612782831817,0.043620247259155503,0.0247259155586657,0.0188943317004898,0.0,0.0,0.0,0.0020993701889431998,0.0011663167716351,0.0009330534173081,0.0193608584091438,0.0144623279682761,0.0048985304408677,0.0046652670865406,0.0030324236062514,0.0016328434802892,0.0020993701889433,0.0,0.0020993701889433,0.0018661068346162,0.0011663167716351,0.0006997900629811,0.029391182645206397,0.0034989503149055,0.0258922323303009,0.0156286447399112,0.0039654770235595,0.0116631677163517,1271
2014-04-01,2014,4,0.7333846548627149,0.1780857069540672,0.5552989479086476,0.0010264305876314,0.0002566076469078,0.0007698229407236,0.0282268411598664,0.0048755452912496,0.0233512958686168,0.0,0.0,0.0,0.0382345393892737,0.0189889658711829,0.0192455735180908,0.0097510905824993,0.0066717988196048,0.0030792917628945,0.0025660764690787,0.0007698229407236,0.0017962535283551,0.0002566076469078,0.0002566076469078,0.0,0.0210418270464459,0.0015396458814472,0.0195021811649987,0.0197587888119065,0.0184757505773672,0.0012830382345393,0.0025660764690787,0.0023094688221709,0.0002566076469078,0.0405440082114446,0.0184757505773672,0.0220682576340774,0.039774185270721,0.0254041570438799,0.0143700282268411,0.0005132152938156,0.0002566076469078,0.0002566076469078,0.0030792917628945,0.0010264305876315,0.002052861175263,0.013600205286117401,0.0100076982294072,0.0035925070567102,0.006158583525789,0.0051321529381575,0.0010264305876315,0.0033358994098023,0.0002566076469078,0.0030792917628945,0.0007698229407235,0.0002566076469078,0.0005132152938157,0.0259173723376955,0.0035925070567102,0.0223248652809853,0.014626635873749,0.0023094688221709,0.0123171670515781,1152
2014-05-01,2014,5,0.6934038152148931,0.1675476901861641,0.525856125028729,0.0018386577798206,0.0009193288899103,0.0009193288899103,0.0262008733624453,0.0032176511146862,0.0229832222477591,0.0011491611123878,0.0006894966674327,0.0004596644449551,0.0411399678234887,0.0165479200183865,0.0245920478051022,0.013100436681222601,0.010112617789014,0.0029878188922086,0.0029878188922086,0.0004596644449551,0.0025281544472535,0.0009193288899103,0.0009193288899103,0.0,0.029188692254654,0.0087336244541484,0.0204550678005056,0.022983222247759002,0.0222937255803263,0.0006894966674327,0.0025281544472534,0.0022983222247759,0.0002298322224775,0.0542404045047115,0.0284991955872213,0.0257412089174902,0.0445874511606526,0.025281544472535,0.0193059066881176,0.0004596644449551,0.0004596644449551,0.0,0.0029878188922086,0.0016088255573431,0.0013789933348655,0.0131004366812226,0.0062054700068949,0.0068949666743277,0.0034474833371637,0.002757986669731,0.0006894966674327,0.002757986669731,0.0004596644449551,0.0022983222247759,0.0022983222247758,0.0018386577798207,0.0004596644449551,0.0358538267065042,0.0052861411169846,0.0305676855895196,0.0142495977936106,0.0048264766720294,0.0094231211215812,1320
2014-06-01,2014,6,0.7248873575404188,0.1725417439703154,0.5523456135701034,0.0021203286509408,0.001325205406838,0.0007951232441028,0.033660217333686696,0.004770739464617,0.0288894778690697,0.0,0.0,0.0,0.0379008746355685,0.01775775245163,0.0201431221839385,0.0121918897429101,0.0092764378478664,0.0029154518950437,0.0015902464882055999,0.0005300821627352,0.0010601643254704,0.0007951232441028,0.0007951232441028,0.0,0.0278293135435992,0.0029154518950437,0.0249138616485555,0.0233236151603498,0.0222634508348794,0.0010601643254704,0.0029154518950437,0.0029154518950437,0.0,0.047177312483434805,0.0265041081367611,0.0206732043466737,0.0219984097535117,0.0090113967664988,0.0129870129870129,0.0002650410813676,0.0,0.0002650410813676,0.002650410813676,0.0010601643254704,0.0015902464882056,0.0137821362311157,0.0079512324410283,0.0058309037900874,0.0047707394646169,0.0031804929764113,0.0015902464882056,0.0015902464882056,0.0002650410813676,0.001325205406838,0.0021203286509408,0.0015902464882056,0.0005300821627352,0.030479724357275202,0.0042406573018817,0.0262390670553935,0.014842300556586101,0.0042406573018817,0.0106016432547044,1089
2014-07-01,2014,7,0.7136126952640713,0.1693528390776097,0.5442598561864617,0.0002479543763947,0.0002479543763947,0.0,0.0314902058021323,0.005702950657079,0.0257872551450533,0.0004959087527894,0.0004959087527894,0.0,0.0458715596330274,0.0185965782296057,0.0272749814034217,0.0143813538308951,0.0109099925613687,0.0034713612695264,0.0019836350111579,0.0002479543763947,0.0017356806347632,0.0,0.0,0.0,0.0317381601785271,0.0034713612695264,0.0282667989090007,0.0292586164145796,0.0282667989090007,0.0009918175055789,0.0089263575502107,0.008678403173816,0.0002479543763947,0.0314902058021323,0.0195883957351847,0.0119018100669476,0.0322340689313165,0.016364988842053,0.0158690800892635,0.0,0.0,0.0,0.0027274981403421,0.0012397718819737,0.0014877262583684,0.0141333994545003,0.007686585668237,0.0064468137862633,0.0044631787751053,0.0034713612695264,0.0009918175055789,0.0009918175055789,0.0,0.0009918175055789,0.0029754525167368998,0.0017356806347632,0.0012397718819737,0.0277708901562112,0.0034713612695264,0.0242995288866848,0.013141581948921299,0.0044631787751053,0.008678403173816,1203
2014-08-01,2014,8,0.724036336852443,0.1753007611097471,0.5487355757426958,0.0024551927326294,0.0012275963663147,0.0012275963663147,0.0277436778787134,0.0041738276454701,0.0235698502332433,0.0009820770930517,0.0002455192732629,0.0007365578197888,0.0466486619199607,0.0211146575006138,0.0255340044193469,0.0088386938374661,0.0066290203780996,0.0022096734593665,0.0007365578197888,0.0,0.0007365578197888,0.0004910385465259,0.0004910385465259,0.0,0.0373189295359685,0.0139945985759882,0.0233243309599803,0.020869138227350703,0.019641541861036,0.0012275963663147,0.0034372698256813,0.0029462312791554,0.0004910385465259,0.0412472379081757,0.0176773876749324,0.0235698502332433,0.0257795236926098,0.0142401178492511,0.0115394058433587,0.0014731156395777,0.0014731156395777,0.0,0.0039283083722072,0.0019641541861036,0.0019641541861036,0.009820770930518,0.0073655781978885,0.0024551927326295,0.0056469432850478,0.004910385465259,0.0007365578197888,0.0019641541861035,0.0007365578197888,0.0012275963663147,0.0034372698256812,0.0022096734593665,0.0012275963663147,0.029462312791554,0.0036827890989442,0.0257795236926098,0.009575251657255,0.0014731156395777,0.0081021360176773,1208
2014-09-01,2014,9,0.7367898784420739,0.1654676258992805,0.5713222525427933,0.0017365418010418,0.0004961548002976,0.0012403870007442,0.0282808236169684,0.0039692384023815,0.0243115852145869,0.0002480774001488,0.0002480774001488,0.0,0.0468866286281319,0.022575043413545,0.0243115852145869,0.012155792607293398,0.0099230960059538,0.0022326966013396,0.0017365418010418,0.0007442322004465,0.0009923096005953,0.001488464400893,0.0007442322004465,0.0007442322004465,0.0193500372116099,0.0066980898040188,0.0126519474075911,0.0183577276110145,0.0173654180104192,0.0009923096005953,0.0027288514016373,0.0027288514016373,0.0,0.0379558422227734,0.0151327214090796,0.0228231208136938,0.024807740014884498,0.0163731084098238,0.0084346316050607,0.0004961548002976,0.0002480774001488,0.0002480774001488,0.0024807740014884,0.0017365418010419,0.0007442322004465,0.020094269412056498,0.0136442570081865,0.00645001240387,0.006201935003721099,0.0049615480029769,0.0012403870007442,0.0034730836020838,0.0002480774001488,0.003225006201935,0.0029769288017861,0.0017365418010419,0.0012403870007442,0.026792359216075402,0.0027288514016373,0.0240635078144381,0.0129000248077399,0.0037211610022326,0.0091788638055073,1154
2014-10-01,2014,10,0.7621483375959079,0.1836782143687514,0.5784701232271565,0.0013950244129272,0.0002325040688212,0.001162520344106,0.023250406882120298,0.0044175773076028,0.0188328295745175,0.0002325040688212,0.0002325040688212,0.0,0.034875610323180595,0.0120902115787026,0.022785398744478,0.014647756335735798,0.011392699372239,0.0032550569634968,0.0025575447570332,0.001162520344106,0.0013950244129272,0.0009300162752848,0.0009300162752848,0.0,0.0218553824691931,0.0065101139269937,0.0153452685421994,0.0218553824691932,0.0213903743315508,0.0004650081376424,0.0009300162752848,0.0009300162752848,0.0,0.0402232039060682,0.0211578702627295,0.0190653336433387,0.0199953499186235,0.0106951871657754,0.0093001627528481,0.0009300162752848,0.0006975122064636,0.0002325040688212,0.0009300162752848,0.0002325040688212,0.0006975122064636,0.0132527319228086,0.0069751220646361,0.0062776098581725,0.0060451057893512,0.0039525691699604,0.0020925366193908,0.0006975122064636001,0.0002325040688212,0.0004650081376424,0.0039525691699603994,0.0027900488258544,0.001162520344106,0.0279004882585445,0.0062776098581725,0.021622878400372,0.0116252034410601,0.002325040688212,0.0093001627528481,1251
2014-11-01,2014,11,0.7471149021575514,0.1871550426492724,0.559959859508279,0.0012543903662818,0.0010035122930255,0.0002508780732563,0.0160561966884093,0.0015052684395383,0.014550928248871,0.0,0.0,0.0,0.0388861013547415,0.0143000501756146,0.0245860511791269,0.0195684897139989,0.017059708981435,0.0025087807325639,0.0017561465127946,0.0002508780732563,0.0015052684395383,0.0005017561465127,0.0005017561465127,0.0,0.0210737581535373,0.0057701956848971,0.0153035624686402,0.0220772704465628,0.0213246362267937,0.0007526342197691,0.0025087807325639,0.0025087807325639,0.0,0.0426492724535874,0.0210737581535373,0.0215755143000501,0.025338685398896103,0.0163070747616658,0.0090316106372303,0.0010035122930255,0.0010035122930255,0.0,0.0015052684395382,0.0012543903662819,0.0002508780732563,0.0173105870546913,0.0117912694430506,0.0055193176116407,0.002007024586051,0.0012543903662819,0.0007526342197691,0.0042649272453586,0.0012543903662819,0.0030105368790767,0.002007024586051,0.0010035122930255,0.0010035122930255,0.028349222277972798,0.0037631710988459,0.0245860511791269,0.0140491721023582,0.0047666833918715,0.0092824887104867,1225
2014-12-01,2014,12,0.7719844357976653,0.1800259403372243,0.591958495460441,0.003112840466926,0.0028534370946822,0.0002594033722438,0.0207522697795071,0.0028534370946822,0.0178988326848249,0.0,0.0,0.0,0.0313878080415044,0.0150453955901426,0.0163424124513618,0.0150453955901425,0.0098573281452658,0.0051880674448767,0.0033722438391698,0.001556420233463,0.0018158236057068,0.0007782101167313999,0.0002594033722438,0.0005188067444876,0.0150453955901425,0.0005188067444876,0.0145265888456549,0.024643320363164602,0.0233463035019455,0.0012970168612191,0.001556420233463,0.001556420233463,0.0,0.0308690012970167,0.0145265888456549,0.0163424124513618,0.0272373540856031,0.0212710765239948,0.0059662775616083,0.0002594033722438,0.0,0.0002594033722438,0.0054474708171206,0.0020752269779507,0.0033722438391699,0.0093385214007781,0.0070038910505836,0.0023346303501945,0.0041504539559013,0.003112840466926,0.0010376134889753,0.0018158236057068,0.0,0.0018158236057068,0.003112840466926,0.0028534370946822,0.0002594033722438,0.0285343709468222,0.0038910505836575,0.0246433203631647,0.0114137483787288,0.0025940337224383,0.0088197146562905,1116
2015-01-01,2015,1,0.7512266928361138,0.1854759568204121,0.5657507360157017,0.0019627085377820997,0.0014720314033366,0.0004906771344455,0.0309126594700686,0.0078508341511285,0.0230618253189401,0.0,0.0,0.0,0.0333660451422963,0.0161923454367026,0.0171736997055937,0.0186457311089302,0.0117762512266928,0.0068694798822374,0.000981354268891,0.0,0.000981354268891,0.0,0.0,0.0,0.0161923454367026,0.0034347399411187,0.0127576054955839,0.029440628066732,0.0289499509322865,0.0004906771344455,0.0039254170755641995,0.0034347399411187,0.0004906771344455,0.0436702649656525,0.0206084396467124,0.0230618253189401,0.0142296368989205,0.0112855740922473,0.0029440628066732,0.0,0.0,0.0,0.0029440628066731,0.0024533856722276,0.0004906771344455,0.0078508341511284,0.0039254170755642,0.0039254170755642,0.0039254170755642,0.0024533856722276,0.0014720314033366,0.0039254170755642,0.0019627085377821,0.0019627085377821,0.0029440628066732,0.0,0.0029440628066732,0.0274779195289499,0.0034347399411187,0.0240431795878312,0.016683022571148,0.0068694798822374,0.0098135426889106,621
2015-02-01,2015,2,0.71858407079646,0.183480825958702,0.5351032448377581,0.0005899705014749,0.0005899705014749,0.0,0.0247787610619468,0.0070796460176991,0.0176991150442477,0.0,0.0,0.0,0.031268436578171,0.0147492625368731,0.0165191740412979,0.0247787610619468,0.0224188790560471,0.0023598820058997,0.0023598820058996,0.0017699115044247,0.0005899705014749,0.0023598820058997,0.0023598820058997,0.0,0.0188790560471975,0.007669616519174,0.0112094395280235,0.038938053097345,0.0371681415929203,0.0017699115044247,0.0041297935103244,0.0041297935103244,0.0,0.053687315634218205,0.0300884955752212,0.023598820058997,0.015339233038348,0.0117994100294985,0.0035398230088495,0.0005899705014749,0.0005899705014749,0.0,0.0011799410029498,0.0005899705014749,0.0005899705014749,0.0188790560471975,0.0100294985250737,0.0088495575221238,0.0029498525073746,0.0029498525073746,0.0,0.0023598820058996,0.0005899705014749,0.0017699115044247,0.0088495575221238,0.0082595870206489,0.0005899705014749,0.0253687315634217,0.0011799410029498,0.0241887905604719,0.0188790560471975,0.007669616519174,0.0112094395280235,580
2015-03-01,2015,3,0.7457246986262966,0.1945612559573871,0.5511634426689095,0.0014017381553125,0.00112139052425,0.0002803476310625,0.019904681805438702,0.0053266049901878,0.0145780768152509,0.000560695262125,0.0002803476310625,0.0002803476310625,0.0409307541351274,0.0221474628539388,0.0187832912811886,0.0176619007569385,0.0134566862910008,0.0042052144659377,0.000560695262125,0.0,0.000560695262125,0.0002803476310625,0.0002803476310625,0.0,0.0140173815531258,0.0019624334174376,0.0120549481356882,0.034482758620689495,0.0333613680964395,0.00112139052425,0.0033641715727502,0.0033641715727502,0.0,0.0409307541351275,0.0215867675918138,0.0193439865433137,0.0311185870479394,0.0196243341743762,0.0114942528735632,0.00112139052425,0.0,0.00112139052425,0.002803476310625,0.0014017381553125,0.0014017381553125,0.0126156433978132,0.0072890384076254,0.0053266049901878,0.0050462573591252,0.0039248668348752,0.00112139052425,0.0019624334174376,0.0,0.0019624334174376,0.0022427810485,0.00112139052425,0.00112139052425,0.022988505747126298,0.0044855620970002,0.0185029436501261,0.0109335576114381,0.0053266049901878,0.0056069526212503,1184
2015-04-01,2015,4,0.6750122729504172,0.1659302896416298,0.5090819833087874,0.0004909180166912,0.0004909180166912,0.0,0.025527736867943,0.0049091801669121,0.0206185567010309,0.0004909180166912,0.0004909180166912,0.0,0.044182621502209,0.0216003927344133,0.0225822287677957,0.017182130584192302,0.0152184585174275,0.0019636720667648,0.002454590083456,0.0014727540500736,0.0009818360333824,0.0,0.0,0.0,0.027000490918016602,0.0049091801669121,0.0220913107511045,0.041728031418753,0.0397643593519882,0.0019636720667648,0.0044182621502209,0.0044182621502209,0.0,0.0368188512518408,0.0191458026509572,0.0176730486008836,0.0382916053019145,0.0299459990181639,0.0083456062837506,0.0004909180166912,0.0,0.0004909180166912,0.0039273441335296,0.0029455081001472,0.0009818360333824,0.0289641629847814,0.0225822287677957,0.0063819342169857,0.0039273441335296,0.0034364261168384,0.0004909180166912,0.0019636720667648,0.0,0.0019636720667648,0.0034364261168384,0.0029455081001472,0.0004909180166912,0.0338733431516935,0.0073637702503681,0.0265095729013254,0.0166912125675012,0.0044182621502209,0.0122729504172803,703
2015-05-01,2015,5,0.6783088235294117,0.1608455882352941,0.5174632352941176,0.0,0.0,0.0,0.0294117647058823,0.0059742647058823,0.0234375,0.0009191176470588,0.0004595588235294,0.0004595588235294,0.051930147058823505,0.0202205882352941,0.0317095588235294,0.0110294117647058,0.0078125,0.0032169117647058,0.0027573529411764,0.0009191176470588,0.0018382352941176,0.0,0.0,0.0,0.0386029411764705,0.0041360294117647,0.0344669117647058,0.0225183823529411,0.0215992647058823,0.0009191176470588,0.0013786764705882,0.0013786764705882,0.0,0.0386029411764705,0.0165441176470588,0.0220588235294117,0.0491727941176469,0.0422794117647058,0.0068933823529411,0.0009191176470588,0.0004595588235294,0.0004595588235294,0.0018382352941176,0.0009191176470588,0.0009191176470588,0.019301470588235198,0.0110294117647058,0.0082720588235294,0.0013786764705882,0.0004595588235294,0.0009191176470588,0.0018382352941176,0.0004595588235294,0.0013786764705882,0.004595588235294,0.0032169117647058,0.0013786764705882,0.033547794117647,0.0055147058823529,0.0280330882352941,0.017922794117647,0.002297794117647,0.015625,660
2015-06-01,2015,6,0.7217430776214253,0.1852019972764412,0.5365410803449842,0.0022696323195640997,0.0013617793917385,0.0009078529278256,0.0254198819791192,0.0018157058556513,0.0236041761234679,0.0004539264639128,0.0004539264639128,0.0,0.0367680435769404,0.020426690876078,0.0163413527008624,0.013617793917385301,0.0113481615978211,0.0022696323195642,0.0013617793917385,0.0,0.0013617793917385,0.0018157058556513,0.0,0.0018157058556513,0.0127099409895596,0.0045392646391284,0.0081706763504312,0.0226963231956423,0.0226963231956423,0.0,0.0022696323195642,0.0022696323195642,0.0,0.049931911030412904,0.0236041761234679,0.026327734906945,0.0344984112573762,0.0267816613708579,0.0077167498865183,0.0004539264639128,0.0,0.0004539264639128,0.0013617793917384,0.0009078529278256,0.0004539264639128,0.0122560145256467,0.008624602814344,0.0036314117113027,0.0049931911030413,0.0049931911030413,0.0,0.0040853381752155,0.0004539264639128,0.0036314117113027,0.0040853381752155,0.0022696323195642,0.0018157058556513,0.0372219700408533,0.0018157058556513,0.035406264185202,0.0167952791647752,0.0040853381752156,0.0127099409895596,700
2015-07-01,2015,7,0.733049040511727,0.1842217484008528,0.5488272921108742,0.0017057569296374,0.0012793176972281,0.0004264392324093,0.0285714285714285,0.0021321961620469,0.0264392324093816,0.0,0.0,0.0,0.0353944562899785,0.0166311300639658,0.0187633262260127,0.0144989339019188,0.0072494669509594,0.0072494669509594,0.003411513859275,0.0,0.003411513859275,0.0,0.0,0.0,0.0204690831556503,0.0042643923240938,0.0162046908315565,0.024307036247334598,0.0234541577825159,0.0008528784648187,0.0004264392324093,0.0004264392324093,0.0,0.0409381663113006,0.0183368869936034,0.0226012793176972,0.0251599147121534,0.0119402985074626,0.0132196162046908,0.0,0.0,0.0,0.0012793176972281,0.0,0.0012793176972281,0.0204690831556502,0.0132196162046908,0.0072494669509594,0.0034115138592749,0.0029850746268656,0.0004264392324093,0.0021321961620469,0.0,0.0021321961620469,0.0038379530916844,0.0021321961620469,0.0017057569296375,0.028144989339019,0.0046908315565031,0.0234541577825159,0.0174840085287846,0.0042643923240938,0.0132196162046908,691
2015-08-01,2015,8,0.7076784912438258,0.1621014818140997,0.5455770094297261,0.0008980691513246,0.0004490345756623,0.0004490345756623,0.025145936237090202,0.0035922766052986,0.0215536596317916,0.0008980691513246,0.0008980691513246,0.0,0.0417602155365962,0.0211046250561293,0.0206555904804669,0.0094297260889087,0.0044903457566232,0.0049393803322855,0.0017961383026493,0.0,0.0017961383026493,0.0,0.0,0.0,0.0484957341715312,0.0157162101481814,0.0327795240233498,0.0305343511450381,0.0296362819937135,0.0008980691513246,0.0031432420296362,0.0031432420296362,0.0,0.031881454872025,0.0116748989672204,0.0202065559048046,0.0103277952402334,0.0058374494836102,0.0044903457566232,0.0017961383026492,0.0008980691513246,0.0008980691513246,0.0058374494836101,0.0031432420296362,0.0026942074539739,0.020655590480466897,0.0125729681185451,0.0080826223619218,0.0089806915132465,0.0071845532105972,0.0017961383026493,0.0022451728783116,0.0,0.0022451728783116,0.0026942074539739,0.0022451728783116,0.0004490345756623,0.0300853165693757,0.0049393803322855,0.0251459362370902,0.0197575213291423,0.0035922766052986,0.0161652447238437,648
2015-09-01,2015,9,0.6778021978021977,0.1468131868131868,0.530989010989011,0.0026373626373626,0.0013186813186813,0.0013186813186813,0.038681318681318605,0.0039560439560439,0.0347252747252747,0.0,0.0,0.0,0.0496703296703295,0.0241758241758241,0.0254945054945054,0.013626373626373499,0.0096703296703296,0.0039560439560439,0.0013186813186811999,0.0004395604395604,0.0008791208791208,0.0,0.0,0.0,0.038681318681318605,0.0039560439560439,0.0347252747252747,0.0373626373626373,0.036043956043956,0.0013186813186813,0.0048351648351648,0.0048351648351648,0.0,0.035164835164835,0.0131868131868131,0.0219780219780219,0.035164835164835095,0.018021978021978,0.0171428571428571,0.0004395604395604,0.0004395604395604,0.0,0.0035164835164834003,0.0008791208791208,0.0026373626373626,0.017142857142856998,0.0105494505494505,0.0065934065934065,0.0026373626373625,0.0021978021978021,0.0004395604395604,0.0017582417582417001,0.0004395604395604,0.0013186813186813,0.0021978021978021,0.0013186813186813,0.0008791208791208,0.0263736263736263,0.0017582417582417,0.0246153846153846,0.017582417582417503,0.0008791208791208,0.0167032967032967,629
2015-10-01,2015,10,0.7064377682403432,0.1716738197424892,0.534763948497854,0.0025751072961372,0.0012875536480686,0.0012875536480686,0.0343347639484977,0.0030042918454935,0.0313304721030042,0.0004291845493562,0.0004291845493562,0.0,0.0364806866952789,0.0175965665236051,0.0188841201716738,0.0300429184549356,0.0278969957081545,0.0021459227467811,0.0017167381974248,0.0,0.0017167381974248,0.0008583690987124,0.0008583690987124,0.0,0.022746781115879702,0.0017167381974248,0.0210300429184549,0.0446351931330471,0.0437768240343347,0.0008583690987124,0.003862660944206,0.003862660944206,0.0,0.0360515021459226,0.0180257510729613,0.0180257510729613,0.0197424892703861,0.0128755364806866,0.0068669527896995,0.0004291845493562,0.0,0.0004291845493562,0.0025751072961372,0.0012875536480686,0.0012875536480686,0.0180257510729613,0.0137339055793991,0.0042918454935622,0.0030042918454935,0.0025751072961373,0.0004291845493562,0.0042918454935622,0.0,0.0042918454935622,0.0034334763948497,0.0030042918454935,0.0004291845493562,0.0261802575107295,0.0034334763948497,0.0227467811158798,0.013733905579399101,0.0004291845493562,0.0133047210300429,739
2015-11-01,2015,11,0.6847103513770181,0.1823361823361823,0.5023741690408358,0.0009496676163342,0.0004748338081671,0.0004748338081671,0.0332383665716998,0.0009496676163342,0.0322886989553656,0.0004748338081671,0.0004748338081671,0.0,0.0422602089268755,0.0232668566001899,0.0189933523266856,0.020892687559354202,0.0185185185185185,0.0023741690408357,0.0033238366571699,0.0,0.0033238366571699,0.0,0.0,0.0,0.031339031339031195,0.0090218423551756,0.0223171889838556,0.046058879392212704,0.0446343779677113,0.0014245014245014,0.0037986704653371,0.0037986704653371,0.0,0.0436847103513769,0.0151946818613485,0.0284900284900284,0.0185185185185184,0.0118708452041785,0.0066476733143399,0.0,0.0,0.0,0.0018993352326685002,0.0014245014245014,0.0004748338081671,0.0199430199430198,0.0156695156695156,0.0042735042735042,0.0118708452041784,0.0113960113960113,0.0004748338081671,0.0009496676163342,0.0,0.0009496676163342,0.0018993352326685,0.0018993352326685,0.0,0.0223171889838556,0.0061728395061728,0.0161443494776828,0.0185185185185184,0.0028490028490028,0.0156695156695156,725
2015-12-01,2015,12,0.6963481740870434,0.1900950475237618,0.5062531265632816,0.0015007503751875,0.0,0.0015007503751875,0.0370185092546272,0.001000500250125,0.0360180090045022,0.0,0.0,0.0,0.042021010505252504,0.0215107553776888,0.0205102551275637,0.0270135067533766,0.0220110055027513,0.0050025012506253,0.00200100050025,0.001000500250125,0.001000500250125,0.0,0.0,0.0,0.0205102551275637,0.0050025012506253,0.0155077538769384,0.0370185092546273,0.0370185092546273,0.0,0.0105052526263131,0.0105052526263131,0.0,0.0290145072536267,0.017008504252126,0.0120060030015007,0.0225112556278138,0.0165082541270635,0.0060030015007503,0.001000500250125,0.0005002501250625,0.0005002501250625,0.006003001500750301,0.001000500250125,0.0050025012506253,0.0120060030015007,0.0080040020010005,0.0040020010005002,0.0055027513756877,0.0030015007503751,0.0025012506253126,0.0040020010005002,0.0020010005002501,0.0020010005002501,0.005002501250625201,0.0030015007503751,0.0020010005002501,0.0355177588794397,0.0065032516258129,0.0290145072536268,0.014007003501750801,0.0040020010005002,0.0100050025012506,690
2016-01-01,2016,1,0.735670731707317,0.1890243902439024,0.5466463414634146,0.0012195121951218,0.0006097560975609,0.0006097560975609,0.0292682926829268,0.0042682926829268,0.025,0.0015243902439024,0.0015243902439024,0.0,0.0277439024390243,0.0131097560975609,0.0146341463414634,0.0164634146341463,0.0143292682926829,0.0021341463414634,0.0027439024390243,0.0006097560975609,0.0021341463414634,0.0,0.0,0.0,0.0201219512195121,0.0027439024390243,0.0173780487804878,0.059451219512195,0.0588414634146341,0.0006097560975609,0.0048780487804878,0.0048780487804878,0.0,0.035670731707317,0.0192073170731707,0.0164634146341463,0.0115853658536585,0.0070121951219512,0.0045731707317073,0.0006097560975609,0.0006097560975609,0.0,0.0036585365853657,0.0027439024390243,0.0009146341463414,0.0091463414634146,0.0045731707317073,0.0045731707317073,0.0042682926829267,0.0030487804878048,0.0012195121951219,0.0006097560975608,0.0003048780487804,0.0003048780487804,0.0036585365853658,0.0018292682926829,0.0018292682926829,0.0265243902439023,0.0039634146341463,0.022560975609756,0.0121951219512194,0.0036585365853658,0.0085365853658536,1086
2016-02-01,2016,2,0.6938224979768006,0.2025896951712975,0.4912328028055031,0.0008092797410304,0.0005395198273536,0.0002697599136768,0.0250876719719449,0.0021580793094146,0.0229295926625303,0.0002697599136768,0.0002697599136768,0.0,0.0377663879147558,0.0169948745616401,0.0207715133531157,0.021850553007823,0.0178041543026706,0.0040463987051524,0.0010790396547072,0.0002697599136768,0.0008092797410304,0.0008092797410304,0.0008092797410304,0.0,0.037496628001079,0.0080927974103048,0.0294038305907742,0.0712166172106824,0.0698678176422983,0.0013487995683841,0.0024278392230914,0.0024278392230914,0.0,0.0423523064472618,0.0213110331804693,0.0210412732667925,0.0161855948206096,0.0099811168060426,0.006204478014567,0.0,0.0,0.0,0.0010790396547072,0.0008092797410304,0.0002697599136768,0.0188831939573778,0.0083625573239816,0.0105206366333962,0.0037766387914755,0.0037766387914755,0.0,0.0008092797410304,0.0,0.0008092797410304,0.0021580793094146,0.0021580793094146,0.0,0.024817912058268103,0.0021580793094146,0.0226598327488535,0.0099811168060425,0.0026975991367682,0.0072835176692743,1349
2016-03-01,2016,3,0.6670702179176755,0.1709443099273608,0.4961259079903147,0.0026634382566585,0.0019370460048426,0.0007263922518159,0.0288135593220338,0.0043583535108958,0.024455205811138,0.0019370460048425,0.0004842615012106,0.0014527845036319,0.029055690072639098,0.0138014527845036,0.0152542372881355,0.0205811138014527,0.0174334140435835,0.0031476997578692,0.0016949152542372,0.0007263922518159,0.0009685230024213,0.0009685230024213,0.0009685230024213,0.0,0.0314769975786924,0.0033898305084745,0.0280871670702179,0.0685230024213075,0.0675544794188862,0.0009685230024213,0.0048426150121065,0.0048426150121065,0.0,0.0532687651331718,0.0300242130750605,0.0232445520581113,0.0203389830508473,0.0106537530266343,0.009685230024213,0.0004842615012106,0.0002421307506053,0.0002421307506053,0.0036319612590798,0.0021791767554479,0.0014527845036319,0.024939467312348598,0.0154963680387409,0.0094430992736077,0.0038740920096851,0.0021791767554479,0.0016949152542372,0.0036319612590798,0.0021791767554479,0.0014527845036319,0.0016949152542371998,0.0012106537530266,0.0004842615012106,0.028813559322033798,0.0058111380145278,0.023002421307506,0.0140435835351089,0.0048426150121065,0.0092009685230024,1448
2016-04-01,2016,4,0.663035584604212,0.1832486080852094,0.4797869765190026,0.0009682885499878,0.0002420721374969,0.0007262164124909,0.0292907286371338,0.0043572984749455,0.0249334301621883,0.0038731541999515,0.0036310820624546,0.0002420721374969,0.036552892762043,0.0162188332122972,0.0203340595497458,0.0167029774872911,0.0140401839748244,0.0026627935124667,0.004115226337448499,0.0014524328249818,0.0026627935124667,0.0002420721374969,0.0002420721374969,0.0,0.0309852335996126,0.0070200919874122,0.0239651416122004,0.0878721859114015,0.0854514645364318,0.0024207213749697,0.0128298232873395,0.0125877511498426,0.0002420721374969,0.0491406439118856,0.0244492858871943,0.0246913580246913,0.0137981118373274,0.0104091019123698,0.0033890099249576,0.0007262164124908,0.0004841442749939,0.0002420721374969,0.0014524328249817,0.0004841442749939,0.0009682885499878,0.0135560396998305,0.009198741224885,0.0043572984749455,0.0026627935124665996,0.0019365770999757,0.0007262164124909,0.0016945049624787,0.0002420721374969,0.0014524328249818,0.0026627935124665996,0.0021786492374727,0.0004841442749939,0.0198499152747518,0.0036310820624546,0.0162188332122972,0.0147664003873153,0.0033890099249576,0.0113773904623577,1569
2016-05-01,2016,5,0.574395309064256,0.1583190813584168,0.4160762277058392,0.0017102369899828001,0.0004886391399951,0.0012215978499877,0.0215001221597849,0.0026875152699731,0.0188126068898118,0.0007329587099926,0.0007329587099926,0.0,0.032250183239677405,0.015392132909846,0.0168580503298314,0.0095284632299046,0.006596628389934,0.0029318348399706,0.0026875152699730002,0.0014659174199853,0.0012215978499877,0.0,0.0,0.0,0.0400684094795992,0.0207671634497923,0.0193012460298069,0.1690691424383092,0.1656486684583435,0.0034204739799657,0.0459320791595406,0.0454434400195455,0.0004886391399951,0.0322501832396774,0.0146591741998534,0.017591009039824,0.0107500610798924,0.006596628389934,0.0041534326899584,0.0024431956999755,0.0024431956999755,0.0,0.004642071829953499,0.0041534326899584,0.0004886391399951,0.0122159784998777,0.0114830197898851,0.0007329587099926,0.0036647935499632,0.0034204739799657,0.0002443195699975,0.0017102369899828001,0.0004886391399951,0.0012215978499877,0.0024431956999755,0.0024431956999755,0.0,0.0193012460298069,0.0053750305399462,0.0139262154898607,0.0193012460298069,0.0075739066699242,0.0117273393598827,1933
2016-06-01,2016,6,0.7040871934604904,0.173841961852861,0.5302452316076294,0.0013623978201633001,0.000817438692098,0.0005449591280653,0.0291553133514985,0.0051771117166212,0.0239782016348773,0.0008174386920979,0.0005449591280653,0.0002724795640326,0.0411444141689373,0.0190735694822888,0.0220708446866485,0.0152588555858309,0.012534059945504,0.0027247956403269,0.0024523160762941,0.000817438692098,0.0016348773841961,0.0,0.0,0.0,0.0220708446866484,0.006267029972752,0.0158038147138964,0.0272479564032697,0.0272479564032697,0.0,0.0152588555858309,0.0149863760217983,0.0002724795640326,0.042506811989100696,0.0174386920980926,0.0250681198910081,0.0264305177111716,0.0155313351498637,0.0108991825613079,0.0019073569482287,0.0010899182561307,0.000817438692098,0.0068119891008173,0.0027247956403269,0.0040871934604904,0.0155313351498637,0.0108991825613079,0.0046321525885558,0.0057220708446865005,0.0043596730245231,0.0013623978201634,0.0027247956403267997,0.0005449591280653,0.0021798365122615,0.0040871934604903,0.0032697547683923,0.000817438692098,0.0302452316076293,0.0029972752043596,0.0272479564032697,0.0155313351498637,0.0043596730245231,0.0111716621253406,1161
2016-07-01,2016,7,0.7259994907053731,0.1581359816653934,0.5678635090399796,0.0005092946269416,0.0,0.0005092946269416,0.0264833206009676,0.001527883880825,0.0249554367201426,0.0005092946269416,0.0005092946269416,0.0,0.0537305831423477,0.0224089635854341,0.0313216195569136,0.0132416603004838,0.0101858925388337,0.0030557677616501,0.0022918258212375,0.0010185892538833,0.0012732365673542,0.0,0.0,0.0,0.0231729055258466,0.0043290043290043,0.0188439011968423,0.0183346065699006,0.0170613700025464,0.0012732365673542,0.0033104150751209,0.0033104150751209,0.0,0.0364145658263304,0.0122230710466004,0.02419149477973,0.042016806722688996,0.0247007894066717,0.0173160173160173,0.0002546473134708,0.0002546473134708,0.0,0.0017825311942958001,0.0010185892538833,0.0007639419404125,0.0096765979118919,0.0081487140310669,0.001527883880825,0.0028011204481792,0.0028011204481792,0.0,0.0050929462694168,0.0002546473134708,0.004838298955946,0.0022918258212375,0.0010185892538833,0.0012732365673542,0.030048382989559398,0.0056022408963585,0.0244461420932009,0.0078940667175961,0.0025464731347084,0.0053475935828877,1073
2016-08-01,2016,8,0.7322854934295284,0.1891265137851069,0.5431589796444215,0.0010306622004637,0.0007729966503478,0.0002576655501159,0.020097912909044002,0.0023189899510435,0.0177789229580005,0.0,0.0,0.0,0.054367431074465206,0.0226745684102035,0.0316928626642617,0.022159237309971602,0.0188095851584643,0.0033496521515073,0.0018036588508116,0.0,0.0018036588508116,0.0007729966503478,0.0007729966503478,0.0,0.0432878124194794,0.0136562741561453,0.0296315382633341,0.013398608606029299,0.0131409430559134,0.0002576655501159,0.0025766555011594,0.0025766555011594,0.0,0.0401958258180881,0.0224169028600876,0.0177789229580005,0.0211285751095078,0.0121102808554496,0.0090182942540582,0.0005153311002318,0.0005153311002318,0.0,0.0018036588508115,0.0002576655501159,0.0015459933006956,0.0113372842051017,0.0059263076526668,0.0054109765524349,0.004380314351971,0.0033496521515073,0.0010306622004637,0.0028343210512754,0.0,0.0028343210512754,0.004380314351971001,0.0025766555011594,0.0018036588508116,0.0244782272610151,0.0028343210512754,0.0216439062097397,0.011594949755217599,0.0015459933006956,0.010048956454522,1178
2016-09-01,2016,9,0.7534574468085106,0.189095744680851,0.5643617021276596,0.0018617021276595,0.001063829787234,0.0007978723404255,0.0249999999999999,0.0045212765957446,0.0204787234042553,0.0007978723404255001,0.000531914893617,0.0002659574468085,0.052659574468085,0.0202127659574468,0.0324468085106382,0.0111702127659573,0.0098404255319148,0.0013297872340425,0.0034574468085105,0.0018617021276595,0.001595744680851,0.0,0.0,0.0,0.023670212765957398,0.0077127659574468,0.0159574468085106,0.0154255319148935,0.014627659574468,0.0007978723404255,0.0031914893617021,0.0031914893617021,0.0,0.0321808510638297,0.0117021276595744,0.0204787234042553,0.0196808510638297,0.0093085106382978,0.0103723404255319,0.0002659574468085,0.0002659574468085,0.0,0.0023936170212765,0.000531914893617,0.0018617021276595,0.0143617021276595,0.0090425531914893,0.0053191489361702,0.0066489361702127,0.0055851063829787,0.001063829787234,0.0013297872340425,0.0,0.0013297872340425,0.002659574468085,0.001595744680851,0.001063829787234,0.027127659574468,0.0039893617021276,0.0231382978723404,0.008510638297872299,0.0007978723404255,0.0077127659574468,1092
2016-10-01,2016,10,0.7233929047746066,0.1552413977060549,0.5681515070685517,0.0010669511869831,0.0,0.0010669511869831,0.025873566284342397,0.0021339023739663,0.0237396639103761,0.0002667377967457,0.0,0.0002667377967457,0.050413443584955905,0.0160042678047479,0.034409175780208,0.0165377433982394,0.0141371032275273,0.0024006401707121,0.003734329154441,0.0008002133902373,0.0029341157642037,0.0,0.0,0.0,0.0597492664710588,0.0349426513736996,0.0248066150973592,0.013070152040544,0.0128034142437983,0.0002667377967457,0.0016004267804747,0.0016004267804747,0.0,0.026407041877834,0.0104027740730861,0.0160042678047479,0.0234729261136302,0.0093358228861029,0.0141371032275273,0.0018671645772203999,0.0016004267804747,0.0002667377967457,0.0026673779674578,0.0021339023739663,0.0005334755934915,0.0160042678047478,0.0080021339023739,0.0080021339023739,0.003734329154441,0.0024006401707121,0.0013336889837289,0.0013336889837288,0.0005334755934915,0.0008002133902373,0.002400640170712,0.0021339023739663,0.0002667377967457,0.021872499333155403,0.0018671645772205,0.0200053347559349,0.009869298479594401,0.0024006401707121,0.0074686583088823,1025
2016-11-01,2016,11,0.7291720402372969,0.1661078153211246,0.5630642249161723,0.0015475883415010001,0.0002579313902501,0.0012896569512509,0.0250193448542687,0.0015475883415011,0.0234717565127676,0.0005158627805002,0.0002579313902501,0.0002579313902501,0.0495228269280371,0.0219241681712664,0.0275986587567707,0.0123807067320092,0.0090275986587567,0.0033531080732525,0.0012896569512509,0.0,0.0012896569512509,0.0,0.0,0.0,0.0717049264895537,0.0394635027082796,0.0322414237812741,0.019602785659014597,0.0190869228785143,0.0005158627805003,0.0020634511220015,0.0020634511220015,0.0,0.0306938354397729,0.0128965695125096,0.0177972659272633,0.017797265927263203,0.0095434614392571,0.0082538044880061,0.004126902244003,0.0036110394635027,0.0005158627805003,0.0018055197317512,0.0012896569512509,0.0005158627805003,0.0113489811710085,0.0074800103172556,0.0038689708537529,0.0046427650245033005,0.004126902244003,0.0005158627805003,0.0010317255610006,0.0002579313902501,0.0007737941707505,0.0012896569512508,0.0007737941707505,0.0005158627805003,0.0100593242197574,0.0007737941707505,0.0092855300490069,0.0126386381222594,0.0033531080732525,0.0092855300490069,1155
2016-12-01,2016,12,0.7644372817620199,0.1684125705076551,0.5960247112543647,0.002686005909213,0.0016116035455278,0.0010744023636852,0.023368251410153102,0.0005372011818426,0.0228310502283105,0.0013430029546065,0.0008058017727639,0.0005372011818426,0.0413644910018802,0.0166532366371206,0.0247112543647596,0.0139672307279076,0.010744023636852,0.0032232070910556,0.002686005909213,0.0010744023636852,0.0016116035455278,0.0,0.0,0.0,0.021488047273704,0.0045662100456621,0.0169218372280419,0.0110126242277733,0.0099382218640881,0.0010744023636852,0.0005372011818426,0.0005372011818426,0.0,0.0330378726833199,0.0120870265914585,0.0209508460918614,0.0271286596830513,0.0177276390008058,0.0094010206822455,0.0021488047273704,0.0008058017727639,0.0013430029546065,0.0077894171367177,0.0013430029546065,0.0064464141821112,0.0072522159548751,0.0024174053182917,0.0048348106365834,0.0042976094547408,0.0040290088638195,0.0002686005909213,0.0018802041364491,0.0,0.0018802041364491,0.002686005909213,0.0018802041364491,0.0008058017727639,0.0177276390008058,0.0018802041364491,0.0158474348643567,0.0185334407735697,0.0048348106365834,0.0136986301369863,964
2017-01-01,2017,1,0.7325826882477129,0.1790992258972554,0.5534834623504574,0.0014074595355382,0.0003518648838845,0.0010555946516537,0.0334271639690358,0.0049261083743842,0.0285010555946516,0.0014074595355383,0.0014074595355383,0.0,0.0320197044334974,0.010204081632653,0.0218156228008444,0.0411681914144968,0.0383532723434201,0.0028149190710767,0.0038705137227303,0.0003518648838845,0.0035186488388458,0.0003518648838845,0.0003518648838845,0.0,0.0123152709359604,0.0031667839549612,0.0091484869809992,0.0140745953553834,0.0123152709359605,0.0017593244194229,0.0021111893033075,0.0021111893033075,0.0,0.0453905700211118,0.0253342716396903,0.0200562983814215,0.0172413793103447,0.0091484869809992,0.0080928923293455,0.000703729767769,0.0003518648838845,0.0003518648838845,0.0042223786066148995,0.0031667839549612,0.0010555946516537,0.0309641097818437,0.0235749472202674,0.0073891625615763,0.0035186488388458,0.0028149190710767,0.0007037297677691,0.0031667839549612,0.0024630541871921,0.0007037297677691,0.0010555946516536,0.0007037297677691,0.0003518648838845,0.024630541871921,0.0031667839549612,0.0214637579169598,0.0087966220971146,0.0024630541871921,0.0063335679099225,886
2017-02-01,2017,2,0.6828177413343273,0.1945583302273574,0.4882594111069698,0.0052180395080133,0.0040998881848676,0.0011181513231457,0.0294446515095042,0.0022363026462914,0.0272083488632128,0.0011181513231456,0.0003727171077152,0.0007454342154304,0.0521803950801341,0.0190085724934774,0.0331718225866567,0.0409988818486767,0.0354081252329481,0.0055907566157286,0.0003727171077152,0.0,0.0003727171077152,0.0007454342154304,0.0007454342154304,0.0,0.0178904211703316,0.0033544539694371,0.0145359672008945,0.0122996645546029,0.010808796123742,0.0014908684308609,0.0022363026462914,0.0022363026462914,0.0,0.048453224002981604,0.0283265001863585,0.0201267238166231,0.0350354081252329,0.0160268356317555,0.0190085724934774,0.0003727171077152,0.0003727171077152,0.0,0.0022363026462913,0.0014908684308609,0.0007454342154304,0.018635855385762103,0.0081997763697353,0.0104360790160268,0.0074543421543047,0.0067089079388743,0.0007454342154304,0.0018635855385761,0.0003727171077152,0.0014908684308609,0.0033544539694371003,0.0022363026462914,0.0011181513231457,0.035408125232948104,0.0104360790160268,0.0249720462169213,0.0160268356317554,0.0037271710771524,0.012299664554603,909
2017-03-01,2017,3,0.7024767801857584,0.1860681114551083,0.5164086687306502,0.0021671826625386,0.001547987616099,0.0006191950464396,0.0269349845201237,0.0034055727554179,0.0235294117647058,0.0003095975232198,0.0003095975232198,0.0,0.0436532507739937,0.0108359133126934,0.0328173374613003,0.0402476780185758,0.034984520123839,0.0052631578947368,0.0006191950464396,0.0,0.0006191950464396,0.0003095975232198,0.0003095975232198,0.0,0.0204334365325077,0.004953560371517,0.0154798761609907,0.0120743034055726,0.0108359133126934,0.0012383900928792,0.0040247678018575,0.0037151702786377,0.0003095975232198,0.0523219814241485,0.0287925696594427,0.0235294117647058,0.0260061919504643,0.014860681114551,0.0111455108359133,0.0003095975232198,0.0,0.0003095975232198,0.0021671826625386,0.001547987616099,0.0006191950464396,0.0176470588235293,0.0120743034055727,0.0055727554179566,0.008049535603715,0.006501547987616,0.001547987616099,0.0009287925696594001,0.0003095975232198,0.0006191950464396,0.0021671826625386,0.001547987616099,0.0006191950464396,0.0325077399380804,0.0058823529411764,0.026625386996904,0.0195046439628482,0.0061919504643962,0.013312693498452,1041
2017-04-01,2017,4,0.7091443261109069,0.1781123760558207,0.5310319500550863,0.0025706940874035,0.0014689680499449,0.0011017260374586,0.0282776349614395,0.003305178112376,0.0249724568490635,0.0003672420124862,0.0,0.0003672420124862,0.0392948953360263,0.0201983106867425,0.0190965846492838,0.024237972824091,0.0201983106867425,0.0040396621373485,0.0014689680499449,0.0014689680499449,0.0,0.0,0.0,0.0,0.041131105398457504,0.0165258905618802,0.0246052148365773,0.0117517443995592,0.0110172603745868,0.0007344840249724,0.0029379360998898,0.0029379360998898,0.0,0.042232831435916204,0.0201983106867425,0.0220345207491737,0.0345207491737054,0.0224017627616599,0.0121189864120455,0.0029379360998896997,0.0025706940874035,0.0003672420124862,0.0069775982372383,0.0029379360998898,0.0040396621373485,0.0143224384869628,0.0095482923246419,0.0047741461623209,0.0033051781123759998,0.0029379360998898,0.0003672420124862,0.0007344840249724,0.0,0.0007344840249724,0.0029379360998898,0.0014689680499449,0.0014689680499449,0.0235034887991185,0.0062431142122658,0.0172603745868527,0.0165258905618802,0.003305178112376,0.0132207124495042,870
2017-05-01,2017,5,0.6651685393258426,0.1695024077046548,0.4956661316211878,0.0048154093097913,0.0032102728731942,0.0016051364365971,0.03884430176565,0.0089887640449438,0.0298555377207062,0.0009630818619582,0.0009630818619582,0.0,0.0362760834670946,0.0115569823434991,0.0247191011235955,0.047191011235955004,0.0407704654895666,0.0064205457463884,0.0009630818619581999,0.0006420545746388,0.0003210272873194,0.0003210272873194,0.0003210272873194,0.0,0.0359550561797752,0.0134831460674157,0.0224719101123595,0.012199036918138,0.0102728731942215,0.0019261637239165,0.0019261637239165,0.0019261637239165,0.0,0.063242375601926,0.0372391653290529,0.0260032102728731,0.03884430176565,0.0221508828250401,0.0166934189406099,0.0022471910112358997,0.0016051364365971,0.0006420545746388,0.0051364365971106,0.003852327447833,0.0012841091492776,0.0218298555377206,0.0160513643659711,0.0057784911717495,0.0077046548956660995,0.0073836276083467,0.0003210272873194,0.0028892455858747002,0.0006420545746388,0.0022471910112359,0.0025682182985553,0.0019261637239165,0.0006420545746388,0.017335473515248702,0.0009630818619582,0.0163723916532905,0.018619582664526298,0.0057784911717495,0.0128410914927768,1056
2017-06-01,2017,6,0.6979510905485791,0.1867151354923992,0.5112359550561798,0.0013218770654328,0.0006609385327164,0.0006609385327164,0.0297422339722405,0.0049570389953734,0.0247851949768671,0.0,0.0,0.0,0.037673496364837904,0.0112359550561797,0.0264375413086582,0.058162590879048105,0.0538664904163912,0.0042961004626569,0.0026437541308657,0.0009914077990746,0.0016523463317911,0.0023132848645076,0.0023132848645076,0.0,0.0221414408460012,0.0039656311962987,0.0181758096497025,0.0115664243225379,0.0112359550561797,0.0003304692663582,0.0006609385327164,0.0006609385327164,0.0,0.06212822207534689,0.0442828816920026,0.0178453403833443,0.029411764705882297,0.0178453403833443,0.011566424322538,0.0006609385327164,0.0003304692663582,0.0003304692663582,0.0023132848645075,0.0013218770654329,0.0009914077990746,0.022141440846001302,0.0161929940515532,0.0059484467944481,0.0046265697290151005,0.0036351619299405,0.0009914077990746,0.0009914077990746,0.0,0.0009914077990746,0.0023132848645075,0.0013218770654329,0.0009914077990746,0.030072703238598703,0.0033046926635822,0.0267680105750165,0.011896893588896099,0.0019828155981493,0.0099140779907468,1028
2017-07-01,2017,7,0.7151943462897526,0.211660777385159,0.5035335689045937,0.002120141342756,0.001060070671378,0.001060070671378,0.0254416961130741,0.004946996466431,0.0204946996466431,0.0,0.0,0.0,0.0353356890459363,0.0106007067137809,0.0247349823321554,0.0272084805653709,0.0222614840989399,0.004946996466431,0.0,0.0,0.0,0.0017667844522968,0.0017667844522968,0.0,0.0187279151943462,0.0060070671378091,0.0127208480565371,0.0148409893992932,0.0144876325088339,0.0003533568904593,0.001060070671378,0.001060070671378,0.0,0.0568904593639575,0.03886925795053,0.0180212014134275,0.0346289752650175,0.0247349823321554,0.0098939929328621,0.0007067137809186,0.0003533568904593,0.0003533568904593,0.0042402826855123,0.0035335689045936,0.0007067137809187,0.028268551236749,0.0187279151943462,0.0095406360424028,0.004946996466431,0.0024734982332155,0.0024734982332155,0.0014134275618373,0.001060070671378,0.0003533568904593,0.0028268551236748,0.0021201413427561,0.0007067137809187,0.028621908127208398,0.0056537102473498,0.0229681978798586,0.0134275618374557,0.0063604240282685,0.0070671378091872,1030
2017-08-01,2017,8,0.7350017140898183,0.1810078848131642,0.5539938292766541,0.0020569077819676002,0.0017140898183064,0.0003428179636612,0.0205690778196776,0.0037709976002742,0.0167980802194034,0.0003428179636612,0.0003428179636612,0.0,0.0349674322934521,0.0126842646554679,0.0222831676379842,0.0226259856016454,0.0178265341103873,0.0047994514912581,0.0020569077819676,0.0010284538909838,0.0010284538909838,0.0020569077819676002,0.0017140898183064,0.0003428179636612,0.0181693520740486,0.0061707233459033,0.0119986287281453,0.0222831676379842,0.0222831676379842,0.0,0.0034281796366127998,0.0030853616729516,0.0003428179636612,0.0479945149125813,0.0274254370929036,0.0205690778196777,0.0305107987658552,0.0167980802194034,0.0137127185464518,0.0006856359273225,0.0,0.0006856359273225,0.0013712718546451,0.0013712718546451,0.0,0.0195406239286938,0.0137127185464518,0.005827905382242,0.0054850874185806,0.0047994514912581,0.0006856359273225,0.0030853616729515,0.0006856359273225,0.002399725745629,0.0034281796366127998,0.0010284538909838,0.002399725745629,0.0322248885841617,0.0106273568735001,0.0215975317106616,0.008227631127871,0.0013712718546451,0.0068563592732259,924
2017-09-01,2017,9,0.6269550748752079,0.1577371048252911,0.4692179700499168,0.0016638935108152,0.0006655574043261,0.0009983361064891,0.0196339434276206,0.0016638935108153,0.0179700499168053,0.0009983361064891,0.0006655574043261,0.000332778702163,0.0529118136439267,0.0376039933444259,0.0153078202995008,0.0173044925124791,0.0159733777038269,0.0013311148086522,0.0009983361064891,0.000332778702163,0.0006655574043261,0.000332778702163,0.000332778702163,0.0,0.1613976705490848,0.1088186356073211,0.0525790349417637,0.0133111480865224,0.0129783693843594,0.000332778702163,0.0049916805324459,0.0049916805324459,0.0,0.0339434276206322,0.0189683860232945,0.0149750415973377,0.023294509151414202,0.01630615640599,0.0069883527454242,0.0023294509151413,0.0013311148086522,0.0009983361064891,0.0053244592346089,0.0036605657237936,0.0016638935108153,0.010648918469217901,0.0076539101497504,0.0029950083194675,0.0043261231281197,0.0033277870216306,0.0009983361064891,0.0009983361064891,0.0,0.0009983361064891,0.0013311148086521,0.0009983361064891,0.000332778702163,0.0212978369384358,0.0013311148086522,0.0199667221297836,0.0073211314475873,0.0006655574043261,0.0066555740432612,1159
2017-10-01,2017,10,0.7137834036568214,0.1744022503516174,0.539381153305204,0.0028129395218002,0.0014064697609001,0.0014064697609001,0.0246132208157523,0.0038677918424753,0.020745428973277,0.0,0.0,0.0,0.0443037974683543,0.0175808720112517,0.0267229254571026,0.0288326300984527,0.0249648382559774,0.0038677918424753,0.0024613220815752,0.0021097046413502,0.000351617440225,0.0,0.0,0.0,0.0319971870604782,0.0130098452883263,0.0189873417721519,0.0168776371308016,0.0165260196905766,0.000351617440225,0.0035161744022503,0.0035161744022503,0.0,0.048874824191279795,0.0274261603375527,0.0214486638537271,0.0263713080168776,0.0161744022503516,0.010196905766526,0.00070323488045,0.00070323488045,0.0,0.0031645569620253,0.0010548523206751,0.0021097046413502,0.0221518987341772,0.0080872011251758,0.0140646976090014,0.0066807313642756,0.0052742616033755,0.0014064697609001,0.0014064697609001,0.0010548523206751,0.000351617440225,0.001054852320675,0.00070323488045,0.000351617440225,0.0274261603375526,0.0045710267229254,0.0228551336146272,0.0049226441631504,0.00070323488045,0.0042194092827004,893
2017-11-01,2017,11,0.6936114732724902,0.1584093872229465,0.5352020860495437,0.0022816166883963002,0.0013037809647979,0.0009778357235984,0.0224902216427639,0.0048891786179921,0.0176010430247718,0.0006518904823988,0.0003259452411994,0.0003259452411994,0.055410691003911196,0.0319426336375488,0.0234680573663624,0.0179269882659712,0.0123859191655801,0.0055410691003911,0.0016297262059973,0.0,0.0016297262059973,0.0013037809647979,0.0013037809647979,0.0,0.021186440677966,0.006844850065189,0.014341590612777,0.025749674054758698,0.0234680573663624,0.0022816166883963,0.0074967405475879,0.0071707953063885,0.0003259452411994,0.044328552803129,0.022490221642764,0.021838331160365,0.041720990873533204,0.022490221642764,0.0192307692307692,0.0003259452411994,0.0003259452411994,0.0,0.0032594524119947,0.0006518904823989,0.0026075619295958,0.0192307692307691,0.0091264667535853,0.0101043024771838,0.0035853976531942,0.0022816166883963,0.0013037809647979,0.0019556714471968,0.0006518904823989,0.0013037809647979,0.0035853976531942,0.0022816166883963,0.0013037809647979,0.028357235984354502,0.0045632333767926,0.0237940026075619,0.0153194263363753,0.0045632333767926,0.0107561929595827,950
2017-12-01,2017,12,0.6423982869379015,0.1841541755888651,0.4582441113490364,0.0,0.0,0.0,0.0428265524625266,0.0028551034975017,0.0399714489650249,0.0,0.0,0.0,0.09421841541755879,0.0599571734475374,0.0342612419700214,0.0171306209850106,0.0157030692362598,0.0014275517487508,0.0042826552462526,0.0,0.0042826552462526,0.0057102069950035,0.0057102069950035,0.0,0.0235546038543896,0.0035688793718772,0.0199857244825124,0.0328336902212704,0.032119914346895,0.0007137758743754,0.006423982869379,0.006423982869379,0.0,0.0485367594575302,0.0278372591006423,0.0206995003568879,0.029264810849393197,0.0164168451106352,0.012847965738758,0.0007137758743754,0.0007137758743754,0.0,0.0064239828693788996,0.0021413276231263,0.0042826552462526,0.0107066381156316,0.0057102069950035,0.0049964311206281,0.004996431120628,0.0035688793718772,0.0014275517487508,0.0035688793718772,0.0,0.0035688793718772,0.004996431120628,0.0035688793718772,0.0014275517487508,0.022840827980014102,0.0028551034975017,0.0199857244825124,0.0092790863668807,0.0,0.0092790863668807,510
2018-01-01,2018,1,0.7147962830593281,0.1690493209435311,0.545746962115797,0.0010721944245889,0.0003573981415296,0.0007147962830593,0.026447462473195002,0.0025017869907076,0.0239456754824874,0.0003573981415296,0.0,0.0003573981415296,0.06826304503216579,0.044674767691208,0.0235882773409578,0.014653323802716198,0.0107219442458899,0.0039313795568263,0.0014295925661186,0.0,0.0014295925661186,0.0014295925661186,0.0014295925661186,0.0,0.0243030736240171,0.0064331665475339,0.0178699070764832,0.019656897784131402,0.0182273052180128,0.0014295925661186,0.0028591851322373,0.0028591851322373,0.0,0.0471765546819156,0.0268048606147248,0.0203716940671908,0.03180843459614,0.0185847033595425,0.0132237312365975,0.0003573981415296,0.0,0.0003573981415296,0.0039313795568262,0.0014295925661186,0.0025017869907076,0.0135811293781272,0.0067905646890636,0.0067905646890636,0.0032165832737669,0.0017869907076483,0.0014295925661186,0.0028591851322371997,0.0003573981415296,0.0025017869907076,0.0017869907076482,0.0003573981415296,0.0014295925661186,0.022158684774839,0.0032165832737669,0.0189421015010721,0.0107219442458899,0.0039313795568263,0.0067905646890636,866
2018-02-01,2018,2,0.7470385938097057,0.1956438670233091,0.5513947267863967,0.0030569354222392,0.0019105846388995,0.0011463507833397,0.0168131448223156,0.0026748184944593,0.0141383263278563,0.0003821169277799,0.0003821169277799,0.0,0.042797095911348795,0.0252197172334734,0.0175773786778754,0.0171952617500955,0.0133740924722965,0.003821169277799,0.0011463507833397,0.0003821169277799,0.0007642338555598,0.003821169277799,0.003821169277799,0.0,0.0110813909056171,0.0034390523500191,0.007642338555598,0.0236912495223538,0.022927015666794,0.0007642338555598,0.003821169277799,0.003821169277799,0.0,0.0626671761559036,0.0340084065724111,0.0286587695834925,0.0248376003056935,0.0160489109667558,0.0087886893389377,0.0003821169277799,0.0003821169277799,0.0,0.0022927015666794,0.0007642338555598,0.0015284677111196,0.0149025601834161,0.0072602216278181,0.007642338555598,0.0080244554833779,0.0064959877722583,0.0015284677111196,0.0007642338555598,0.0,0.0007642338555598,0.0026748184944592997,0.0015284677111196,0.0011463507833397,0.0160489109667558,0.0030569354222392,0.0129919755445166,0.0091708062667176,0.0022927015666794,0.0068781047000382,877
2018-03-01,2018,3,0.7453671928620453,0.1942347288949897,0.5511324639670556,0.0017158544955387,0.0010295126973232,0.0006863417982155,0.0175017158544954,0.002745367192862,0.0147563486616334,0.0006863417982155,0.0006863417982155,0.0,0.0343170899107755,0.0123541523678792,0.0219629375428963,0.0102951269732325,0.0085792724776938,0.0017158544955387,0.0027453671928619,0.0003431708991077,0.0024021962937542,0.0,0.0,0.0,0.0240219629375428,0.0058339052848318,0.018188057652711,0.0257378174330815,0.0240219629375428,0.0017158544955387,0.0051475634866163,0.0051475634866163,0.0,0.05044612216884,0.0216197666437886,0.0288263555250514,0.0295126973232669,0.0150995195607412,0.0144131777625257,0.0010295126973232,0.0,0.0010295126973232,0.0113246396705559,0.0075497597803706,0.0037748798901853,0.0120109814687714,0.0075497597803706,0.0044612216884008,0.0065202470830472,0.005490734385724,0.0010295126973232,0.0003431708991077,0.0003431708991077,0.0,0.0030885380919697,0.0010295126973232,0.0020590253946465,0.014070006863417901,0.0020590253946465,0.0120109814687714,0.0085792724776938,0.0024021962937542,0.0061770761839396,918
2018-04-01,2018,4,0.7111876075731497,0.176592082616179,0.5345955249569707,0.0003442340791738,0.0003442340791738,0.0,0.023752151462994697,0.0034423407917383,0.0203098106712564,0.0003442340791738,0.0,0.0003442340791738,0.033046471600688396,0.012736660929432,0.0203098106712564,0.0182444061962133,0.0137693631669535,0.0044750430292598,0.0003442340791738,0.0003442340791738,0.0,0.0010327022375215,0.0010327022375215,0.0,0.021342512908777797,0.0034423407917383,0.0179001721170395,0.0271944922547331,0.0265060240963855,0.0006884681583476,0.0068846815834767,0.0068846815834767,0.0,0.0547332185886402,0.0292598967297762,0.025473321858864,0.055077452667814,0.0392426850258175,0.0158347676419965,0.0,0.0,0.0,0.0017211703958691,0.0003442340791738,0.0013769363166953,0.011015490533562801,0.0072289156626506,0.0037865748709122,0.0072289156626505,0.0065404475043029,0.0006884681583476,0.0006884681583476,0.0,0.0006884681583476,0.0041308089500859,0.0024096385542168,0.0017211703958691,0.0192771084337348,0.0051635111876075,0.0141135972461273,0.013080895008605799,0.002065404475043,0.0110154905335628,955
2018-05-01,2018,5,0.7059784384188174,0.2032015681149951,0.5027768703038222,0.0009800718719372,0.0,0.0009800718719372,0.027115321790264598,0.0039202874877491,0.0231950343025155,0.0009800718719372,0.0009800718719372,0.0,0.046390068605031004,0.0235217249264946,0.0228683436785364,0.019274746814766302,0.0173146030708918,0.0019601437438745,0.0042469781117281,0.0006533812479581,0.00359359686377,0.0,0.0,0.0,0.0182946749428291,0.00359359686377,0.0147010780790591,0.0235217249264945,0.0225416530545573,0.0009800718719372,0.0052270499836654,0.0052270499836654,0.0,0.0542306435805292,0.0274420124142437,0.0267886311662855,0.0385494936295327,0.0248284874224109,0.0137210062071218,0.000326690623979,0.000326690623979,0.0,0.0026135249918326003,0.0009800718719372,0.0016334531198954,0.0104540999673308,0.0062071218556027,0.0042469781117281,0.0081672655994772,0.0075138843515191,0.0006533812479581,0.0009800718719372,0.0,0.0009800718719372,0.0026135249918326,0.0019601437438745,0.0006533812479581,0.0254818686703691,0.0055537406076445,0.0199281280627246,0.0143743874550799,0.0042469781117281,0.0101274093433518,1077
2018-06-01,2018,6,0.7000000000000001,0.176158940397351,0.523841059602649,0.0023178807947019002,0.0013245033112582,0.0009933774834437,0.0254966887417217,0.0033112582781456,0.0221854304635761,0.0019867549668874,0.0009933774834437,0.0009933774834437,0.0354304635761588,0.0135761589403973,0.0218543046357615,0.0390728476821191,0.0324503311258278,0.0066225165562913,0.0006622516556291,0.0,0.0006622516556291,0.000662251655629,0.0003311258278145,0.0003311258278145,0.022185430463576,0.0109271523178807,0.0112582781456953,0.0288079470198675,0.0268211920529801,0.0019867549668874,0.0026490066225165,0.0026490066225165,0.0,0.0579470198675495,0.0274834437086092,0.0304635761589403,0.0317880794701986,0.0228476821192053,0.0089403973509933,0.0003311258278145,0.0,0.0003311258278145,0.0036423841059601,0.0023178807947019,0.0013245033112582,0.0125827814569536,0.0062913907284768,0.0062913907284768,0.0056291390728476,0.0046357615894039,0.0009933774834437,0.0013245033112582,0.0,0.0013245033112582,0.0023178807947019002,0.0013245033112582,0.0009933774834437,0.0268211920529801,0.0043046357615894,0.0225165562913907,0.0152317880794701,0.0069536423841059,0.0082781456953642,1004
2018-07-01,2018,7,0.698365031698365,0.1745078411745078,0.5238571905238572,0.002002002002002,0.002002002002002,0.0,0.022022022022022,0.004004004004004,0.018018018018018,0.0,0.0,0.0,0.043043043043042906,0.0156823490156823,0.0273606940273606,0.025025025025025002,0.018018018018018,0.007007007007007,0.001001001001001,0.0,0.001001001001001,0.0,0.0,0.0,0.0276943610276943,0.006006006006006,0.0216883550216883,0.0256923590256923,0.0246913580246913,0.001001001001001,0.0026693360026693,0.0026693360026693,0.0,0.054721388054721196,0.0253586920253586,0.0293626960293626,0.0367033700367032,0.0223556890223556,0.0143476810143476,0.001001001001001,0.001001001001001,0.0,0.0090090090090089,0.0046713380046713,0.0043376710043376,0.0143476810143476,0.0103436770103436,0.004004004004004,0.0050050050050049,0.0043376710043376,0.0006673340006673,0.004337671004337599,0.0003336670003336,0.004004004004004,0.0023356690023356,0.0013346680013346,0.001001001001001,0.0273606940273606,0.0026693360026693,0.0246913580246913,0.0126793460126793,0.005005005005005,0.0076743410076743,949
2018-08-01,2018,8,0.7288732394366197,0.1962227912932138,0.5326504481434059,0.0003201024327784,0.0,0.0003201024327784,0.024327784891165098,0.0044814340588988,0.0198463508322663,0.0006402048655569,0.0006402048655569,0.0,0.0339308578745197,0.0156850192061459,0.0182458386683738,0.0291293213828424,0.0227272727272727,0.0064020486555697,0.0003201024327784,0.0,0.0003201024327784,0.0006402048655569,0.0006402048655569,0.0,0.0230473751600511,0.0064020486555697,0.0166453265044814,0.0339308578745197,0.0332906530089628,0.0006402048655569,0.0019206145966709,0.0019206145966709,0.0,0.0528169014084506,0.028809218950064,0.0240076824583866,0.0428937259923174,0.0339308578745198,0.0089628681177976,0.0,0.0,0.0,0.0012804097311137999,0.0003201024327784,0.0009603072983354,0.0153649167733674,0.0115236875800256,0.0038412291933418,0.0041613316261202,0.0038412291933418,0.0003201024327784,0.0009603072983354,0.0,0.0009603072983354,0.0038412291933418,0.0028809218950064,0.0009603072983354,0.0144046094750319,0.0006402048655569,0.013764404609475,0.008002560819462101,0.0035211267605633,0.0044814340588988,1099
2018-09-01,2018,9,0.7094046008119079,0.1904600811907983,0.5189445196211097,0.0023680649526387,0.0010148849797023,0.0013531799729364,0.019621109607577798,0.0003382949932341,0.0192828146143437,0.0006765899864682,0.0003382949932341,0.0003382949932341,0.0514208389715832,0.027063599458728,0.0243572395128552,0.0128552097428958,0.0104871447902571,0.0023680649526387,0.0016914749661705,0.0006765899864682,0.0010148849797023,0.0006765899864682,0.0006765899864682,0.0,0.0429634641407307,0.0148849797023004,0.0280784844384303,0.024018944519621097,0.0219891745602165,0.0020297699594046,0.003382949932341,0.003382949932341,0.0,0.049729364005412696,0.0179296346414073,0.0317997293640054,0.0365358592692828,0.0253721244925575,0.0111637347767253,0.0006765899864682,0.0006765899864682,0.0,0.0071041948579161004,0.003382949932341,0.0037212449255751,0.0155615696887686,0.0115020297699594,0.0040595399188092,0.006765899864682,0.0050744248985115,0.0016914749661705,0.0010148849797023,0.0003382949932341,0.0006765899864682,0.0010148849797023,0.0010148849797023,0.0,0.0104871447902571,0.0013531799729364,0.0091339648173207,0.0104871447902571,0.0023680649526387,0.0081190798376184,987
2018-10-01,2018,10,0.7190280629705681,0.188911704312115,0.5301163586584531,0.002053388090349,0.000684462696783,0.001368925393566,0.0188227241615331,0.0034223134839151,0.015400410677618,0.0010266940451745,0.0010266940451745,0.0,0.0359342915811087,0.0157426420260095,0.0201916495550992,0.018138261464749998,0.016084873374401,0.002053388090349,0.0010266940451745,0.000684462696783,0.0003422313483915,0.0,0.0,0.0,0.0205338809034907,0.0095824777549623,0.0109514031485284,0.040725530458589905,0.0400410677618069,0.000684462696783,0.0037645448323066,0.0037645448323066,0.0,0.0636550308008213,0.0338809034907597,0.0297741273100616,0.0321697467488021,0.0167693360711841,0.015400410677618,0.0003422313483915,0.0003422313483915,0.0,0.0041067761806981,0.0034223134839151,0.000684462696783,0.023271731690622702,0.015400410677618,0.0078713210130047,0.0017111567419575001,0.0010266940451745,0.000684462696783,0.000684462696783,0.0,0.000684462696783,0.0044490075290896,0.0030800821355236,0.001368925393566,0.0136892539356604,0.002053388090349,0.0116358658453114,0.0058179329226556,0.002053388090349,0.0037645448323066,1017
2018-11-01,2018,11,0.7414793328498912,0.1867295141406816,0.5547498187092096,0.001087744742567,0.001087744742567,0.0,0.0181290790427845,0.0029006526468455,0.015228426395939,0.0003625815808556,0.0003625815808556,0.0,0.0358955765047135,0.014140681653372,0.0217548948513415,0.014865844815083299,0.010514865844815,0.0043509789702683,0.001087744742567,0.0,0.001087744742567,0.001087744742567,0.001087744742567,0.0,0.015228426395939,0.0039883973894126,0.0112400290065264,0.0319071791153008,0.0297316896301667,0.0021754894851341,0.0032632342277012,0.0032632342277012,0.0,0.051486584481508196,0.0253807106598984,0.0261058738216098,0.035895576504713506,0.0177664974619289,0.0181290790427846,0.0010877447425669,0.0003625815808556,0.0007251631617113,0.0050761421319796005,0.0032632342277012,0.0018129079042784,0.019941986947063,0.015228426395939,0.004713560551124,0.0036258158085567998,0.0025380710659898,0.001087744742567,0.0003625815808556,0.0003625815808556,0.0,0.0018129079042784,0.0,0.0018129079042784,0.0174039158810731,0.0021754894851341,0.015228426395939,0.0101522842639592,0.0050761421319796,0.0050761421319796,876
2018-12-01,2018,12,0.656013456686291,0.2026913372582001,0.4533221194280908,0.001682085786375,0.0008410428931875,0.0008410428931875,0.0235492010092514,0.0025231286795626,0.0210260723296888,0.0,0.0,0.0,0.0630782169890664,0.0210260723296888,0.0420521446593776,0.0142977291841883,0.0109335576114381,0.0033641715727502,0.0050462573591252,0.0008410428931875,0.0042052144659377,0.0,0.0,0.0,0.0597140454163161,0.0109335576114381,0.048780487804878,0.0210260723296888,0.0210260723296888,0.0,0.0025231286795626,0.0025231286795626,0.0,0.0538267451640033,0.0159798149705635,0.0378469301934398,0.0353238015138771,0.024390243902439,0.0109335576114381,0.0,0.0,0.0,0.0126156433978132,0.0100925147182506,0.0025231286795626,0.0075693860386879,0.0067283431455004,0.0008410428931875,0.0058873002523128,0.0050462573591253,0.0008410428931875,0.0008410428931875,0.0,0.0008410428931875,0.0084104289318754,0.0058873002523128,0.0025231286795626,0.0210260723296887,0.0025231286795626,0.0185029436501261,0.0126156433978132,0.0008410428931875,0.0117746005046257,404
2019-01-01,2019,1,0.7084870848708487,0.2055350553505535,0.5029520295202952,0.0018450184501844998,0.0003690036900369,0.0014760147601476,0.0228782287822878,0.0018450184501845,0.0210332103321033,0.0007380073800738,0.0003690036900369,0.0003690036900369,0.0339483394833948,0.0169741697416974,0.0169741697416974,0.0236162361623616,0.0177121771217712,0.0059040590405904,0.0036900369003689997,0.0007380073800738,0.0029520295202952,0.0,0.0,0.0,0.0309963099630996,0.0040590405904059,0.0269372693726937,0.027306273062730597,0.0269372693726937,0.0003690036900369,0.0033210332103321,0.0033210332103321,0.0,0.054981549815498104,0.029520295202952,0.0254612546125461,0.0354243542435424,0.0225092250922509,0.0129151291512915,0.0,0.0,0.0,0.0040590405904059,0.0014760147601476,0.0025830258302583,0.011439114391143899,0.0066420664206642,0.0047970479704797,0.0084870848708487,0.0066420664206642,0.0018450184501845,0.003690036900369,0.0011070110701107,0.0025830258302583,0.004059040590405899,0.0029520295202952,0.0011070110701107,0.0225092250922509,0.0059040590405904,0.0166051660516605,0.009594095940959401,0.0033210332103321,0.0062730627306273,948
2019-02-01,2019,2,0.7122040072859744,0.2105646630236794,0.5016393442622951,0.0007285974499088,0.0003642987249544,0.0003642987249544,0.0225865209471766,0.0029143897996357,0.0196721311475409,0.0,0.0,0.0,0.042622950819672004,0.0138433515482695,0.0287795992714025,0.0211293260473587,0.0167577413479052,0.0043715846994535,0.0014571948998178,0.0007285974499089,0.0007285974499089,0.0003642987249544,0.0003642987249544,0.0,0.0251366120218579,0.004735883424408,0.0204007285974499,0.0349726775956283,0.033879781420765,0.0010928961748633,0.0029143897996357,0.0029143897996357,0.0,0.055009107468123805,0.0251366120218579,0.0298724954462659,0.0444444444444443,0.0244080145719489,0.0200364298724954,0.0003642987249544,0.0003642987249544,0.0,0.0043715846994535,0.0029143897996357,0.0014571948998178,0.0102003642987248,0.0080145719489981,0.0021857923497267,0.0058287795992713,0.0051001821493624,0.0007285974499089,0.0007285974499088,0.0003642987249544,0.0003642987249544,0.0043715846994534,0.004007285974499,0.0003642987249544,0.0123861566484516,0.0014571948998178,0.0109289617486338,0.0083788706739526,0.0025500910746812,0.0058287795992714,968
2019-03-01,2019,3,0.7396984924623116,0.2211055276381909,0.5185929648241207,0.0020100502512562,0.0016750418760469,0.0003350083752093,0.0204355108877721,0.0036850921273031,0.016750418760469,0.0003350083752093,0.0003350083752093,0.0,0.0475711892797319,0.026465661641541,0.0211055276381909,0.0167504187604689,0.0137353433835845,0.0030150753768844,0.0020100502512562,0.0006700167504187,0.0013400335008375,0.0,0.0,0.0,0.0304857621440535,0.0070351758793969,0.0234505862646566,0.0338358458961473,0.0324958123953098,0.0013400335008375,0.0030150753768844,0.0030150753768844,0.0,0.0455611390284756,0.0234505862646566,0.022110552763819,0.0271356783919597,0.0180904522613065,0.0090452261306532,0.0010050251256281,0.0010050251256281,0.0,0.0033500837520937,0.0013400335008375,0.0020100502512562,0.0090452261306532,0.0067001675041876,0.0023450586264656,0.0046901172529313,0.0033500837520938,0.0013400335008375,0.0016750418760468,0.0003350083752093,0.0013400335008375,0.0030150753768843,0.0023450586264656,0.0006700167504187,0.0107202680067001,0.0013400335008375,0.0093802345058626,0.0070351758793969,0.0033500837520938,0.0036850921273031,1089
2019-04-01,2019,4,0.7349272349272349,0.2124047124047124,0.5225225225225225,0.0038115038115037,0.0013860013860013,0.0024255024255024,0.0211365211365211,0.0038115038115038,0.0173250173250173,0.0,0.0,0.0,0.0488565488565487,0.0214830214830214,0.0273735273735273,0.0162855162855162,0.0138600138600138,0.0024255024255024,0.0020790020790019998,0.0003465003465003,0.0017325017325017,0.0013860013860013,0.0013860013860013,0.0,0.0155925155925155,0.002079002079002,0.0135135135135135,0.0325710325710325,0.0322245322245322,0.0003465003465003,0.0072765072765072,0.0072765072765072,0.0,0.0509355509355508,0.0259875259875259,0.0249480249480249,0.0315315315315315,0.0225225225225225,0.009009009009009,0.0003465003465003,0.0003465003465003,0.0,0.0045045045045044,0.002079002079002,0.0024255024255024,0.007276507276507201,0.0041580041580041,0.0031185031185031,0.0024255024255023,0.002079002079002,0.0003465003465003,0.0034650034650034003,0.001039501039501,0.0024255024255024,0.0079695079695078,0.0072765072765072,0.0006930006930006,0.0124740124740124,0.0024255024255024,0.01004851004851,0.0051975051975051,0.0017325017325017,0.0034650034650034,1031
2019-05-01,2019,5,0.7185718571857185,0.1968196819681968,0.5217521752175217,0.0018001800180018,0.0009000900090009,0.0009000900090009,0.0204020402040204,0.0039003900390039,0.0165016501650165,0.0003000300030003,0.0003000300030003,0.0,0.042904290429042896,0.021002100210021,0.0219021902190219,0.0165016501650165,0.0087008700870087,0.0078007800780078,0.0024002400240024,0.0015001500150015,0.0009000900090009,0.0,0.0,0.0,0.0249024902490249,0.0048004800480048,0.0201020102010201,0.0417041704170417,0.0405040504050405,0.0012001200120012,0.0066006600660066,0.0066006600660066,0.0,0.0516051605160516,0.0228022802280228,0.0288028802880288,0.0387038703870387,0.0258025802580258,0.0129012901290129,0.0003000300030003,0.0003000300030003,0.0,0.0012001200120012,0.0009000900090009,0.0003000300030003,0.0111011101110111,0.0078007800780078,0.0033003300330033,0.0033003300330033004,0.0021002100210021,0.0012001200120012,0.0042004200420042,0.0015001500150015,0.0027002700270027,0.0033003300330033,0.0027002700270027,0.0006000600060006,0.011701170117011701,0.0033003300330033,0.0084008400840084,0.009000900090009,0.0021002100210021,0.0069006900690069,1163
2019-06-01,2019,6,0.6975640620056944,0.1733628598544764,0.524201202151218,0.0025308446694084,0.0012654223347042,0.0012654223347042,0.0313192027839291,0.0018981335020563,0.0294210692818728,0.0009490667510281001,0.0006327111673521,0.000316355583676,0.0385953812084783,0.0170832015185068,0.0215121796899715,0.0148687124327743,0.0120215121796899,0.0028472002530844,0.0028472002530844,0.0012654223347042,0.0015817779183802,0.0,0.0,0.0,0.020246757355267198,0.0022144890857323,0.0180322682695349,0.0344827586206895,0.0322682695349572,0.0022144890857323,0.0056944005061689,0.0056944005061689,0.0,0.052515026890224595,0.0256248022777602,0.0268902246124644,0.0347991142043657,0.0262575134451123,0.0085416007592534,0.000316355583676,0.000316355583676,0.0,0.0041126225877886,0.0034799114204365,0.0006327111673521,0.0177159126858588,0.012654223347042,0.0050616893388168,0.0034799114204365,0.0034799114204365,0.0,0.0022144890857323,0.0009490667510281,0.0012654223347042,0.0044289781714647,0.0031635558367605,0.0012654223347042,0.010123378677633599,0.0015817779183802,0.0085416007592534,0.0291047136981967,0.0113888010123378,0.0177159126858589,1045
2019-07-01,2019,7,0.6972255729794934,0.1958182549256132,0.5014073180538802,0.0024125452352230002,0.0016083634901487,0.0008041817450743,0.0253317249698431,0.0026135906714917,0.0227181342983514,0.0002010454362685,0.0002010454362685,0.0,0.044833132287896996,0.0168878166465621,0.0279453156413349,0.0138721351025331,0.0120627261761158,0.0018094089264173,0.0022114997989544,0.0002010454362685,0.0020104543626859,0.0,0.0,0.0,0.023924406915963002,0.0058303176517893,0.0180940892641737,0.0564937675914755,0.0556895858464012,0.0008041817450743,0.005428226779252,0.0052271813429835,0.0002010454362685,0.0329714515480497,0.0193003618817852,0.0136710896662645,0.0478488138319259,0.0396059509449135,0.0082428628870124,0.0010052271813428,0.0006031363088057,0.0004020908725371,0.004422999597909,0.0040209087253719,0.0004020908725371,0.0211097708082025,0.0186972255729794,0.0024125452352231,0.0024125452352230002,0.0020104543626859,0.0004020908725371,0.0026135906714916,0.0006031363088057,0.0020104543626859,0.0032167269802974,0.0020104543626859,0.0012062726176115,0.011861680739847101,0.0018094089264173,0.0100522718134298,0.0056292722155206,0.0020104543626859,0.0036188178528347,1902
2019-08-01,2019,8,0.7122949373787264,0.1938613512083259,0.5184335861704005,0.001234785676486,0.0008819897689186,0.0003527959075674,0.022755336038101898,0.0040571529370259,0.018698183101076,0.0003527959075674,0.0003527959075674,0.0,0.040924325277826704,0.0156994178867525,0.0252249073910742,0.0224025401305344,0.0125242547186452,0.0098782854118892,0.0014111836302698,0.0007055918151349,0.0007055918151349,0.0,0.0,0.0,0.0312224378197212,0.0116422649497265,0.0195801728699947,0.06438525313106361,0.0622684776856588,0.0021167754454048,0.0081143058740518,0.0081143058740518,0.0,0.042335508908096495,0.0204621626389133,0.0218733462691832,0.0232845298994531,0.0151702240254013,0.0081143058740518,0.0010583877227024,0.0005291938613512,0.0005291938613512,0.0012347856764861,0.0001763979537837,0.0010583877227024,0.007937907920268,0.0047627447521608,0.0031751631681072,0.0037043570294583,0.0033515611218909,0.0003527959075674,0.005115540659728301,0.0005291938613512,0.0045863467983771,0.005468336567295701,0.0045863467983771,0.0008819897689186,0.0075851120127006,0.0012347856764861,0.0063503263362145,0.0070559181513493,0.0012347856764861,0.0058211324748632,2024
2019-09-01,2019,9,0.7083112758073055,0.1907534850891124,0.5175577907181931,0.0029998235397916996,0.0010587612493382,0.0019410622904535,0.0167637197811892,0.0033527439562378,0.0134109758249514,0.0008823010411152,0.0008823010411152,0.0,0.038997706017293,0.0160578789482971,0.0229398270689959,0.0224104464443267,0.0165872595729662,0.0058231868713605,0.0021175224986765,0.0019410622904535,0.000176460208223,0.000352920416446,0.000352920416446,0.0,0.0239985883183341,0.0072348685371448,0.0167637197811893,0.0862890418210692,0.085230280571731,0.0010587612493382,0.0063525674960296,0.0063525674960296,0.0,0.0407623080995235,0.0248808893594494,0.0158814187400741,0.0209987647785424,0.0112934533262749,0.0097053114522675,0.000529380624669,0.000176460208223,0.000352920416446,0.0029998235397916996,0.0019410622904535,0.0010587612493382,0.0093523910358214,0.0054702664549144,0.003882124580907,0.0052938062466911994,0.0049408858302452,0.000352920416446,0.0007058408328921,0.0,0.0007058408328921,0.0029998235397917,0.0028233633315687,0.000176460208223,0.011999294159167001,0.0014116816657843,0.0105876124933827,0.0082936297864831,0.0015881418740074,0.0067054879124757,2126
2019-10-01,2019,10,0.681142857142857,0.2148571428571428,0.4662857142857143,0.0013061224489794,0.0003265306122448,0.0009795918367346,0.015836734693877398,0.0022857142857142,0.0135510204081632,0.0001632653061224,0.0001632653061224,0.0,0.029877551020407997,0.0122448979591836,0.0176326530612244,0.0191020408163264,0.0145306122448979,0.0045714285714285,0.0008163265306121,0.0004897959183673,0.0003265306122448,0.0,0.0,0.0,0.011755102040816201,0.001469387755102,0.0102857142857142,0.1250612244897958,0.1227755102040816,0.0022857142857142,0.0244897959183673,0.0243265306122449,0.0001632653061224,0.0336326530612244,0.0184489795918367,0.0151836734693877,0.0143673469387754,0.0060408163265306,0.0083265306122448,0.0001632653061224,0.0001632653061224,0.0,0.0027755102040815,0.0019591836734693,0.0008163265306122,0.012244897959183501,0.0102857142857142,0.0019591836734693,0.016653061224489698,0.0163265306122449,0.0003265306122448,0.0017959183673467998,0.0004897959183673,0.0013061224489795,0.0040816326530611,0.0031020408163265,0.0009795918367346,0.0093061224489795,0.0016326530612244,0.0076734693877551,0.0060408163265305,0.0019591836734693,0.0040816326530612,2730
2019-11-01,2019,11,0.7380131079682648,0.196102104173853,0.5419110037944118,0.0027595722662986,0.001552259399793,0.0012073128665056,0.0144877543980682,0.0018972059330803,0.0125905484649879,0.0001724732666436,0.0001724732666436,0.0,0.0401862711279751,0.0243187305967575,0.0158675405312176,0.0155225939979303,0.0132804415315626,0.0022421524663677,0.0027595722662986,0.0013797861331493,0.0013797861331493,0.0001724732666436,0.0,0.0001724732666436,0.013452914798206098,0.0029320455329423,0.0105208692652638,0.06812694032424961,0.0672645739910313,0.0008623663332183,0.0146602276647119,0.0143152811314246,0.0003449465332873,0.0320800275957226,0.01879958606416,0.0132804415315626,0.0191445325974473,0.0117281821317695,0.0074163504656778,0.0001724732666436,0.0,0.0001724732666436,0.0017247326664366,0.0003449465332873,0.0013797861331493,0.0113832355984821,0.0072438771990341,0.004139358399448,0.004656778199379,0.0039668851328044,0.0006898930665746,0.0017247326664366,0.0003449465332873,0.0013797861331493,0.0022421524663675998,0.0013797861331493,0.0008623663332183,0.0162124870645049,0.003104518799586,0.0131079682649189,0.0091410831321144,0.0037944118661607,0.0053466712659537,2127
2019-12-01,2019,12,0.7145308924485125,0.1919336384439359,0.5225972540045767,0.0025743707093821002,0.0011441647597254,0.0014302059496567,0.018020594965675,0.0028604118993135,0.0151601830663615,0.0005720823798627,0.0005720823798627,0.0,0.0454805491990846,0.0177345537757437,0.0277459954233409,0.015446224256292902,0.011441647597254,0.0040045766590389,0.0022883295194507003,0.0002860411899313,0.0020022883295194,0.0014302059496567,0.0014302059496567,0.0,0.0171624713958809,0.0014302059496567,0.0157322654462242,0.0737986270022882,0.0717963386727688,0.0020022883295194,0.0168764302059496,0.0168764302059496,0.0,0.0323226544622425,0.0208810068649885,0.011441647597254,0.0291762013729976,0.0174485125858123,0.0117276887871853,0.0002860411899313,0.0002860411899313,0.0,0.0045766590389016,0.0011441647597254,0.0034324942791762,0.0082951945080091,0.0071510297482837,0.0011441647597254,0.0011441647597253,0.000858123569794,0.0002860411899313,0.0011441647597253,0.0002860411899313,0.000858123569794,0.005720823798627,0.0051487414187643,0.0005720823798627,0.0117276887871853,0.0005720823798627,0.0111556064073226,0.006578947368421,0.0011441647597254,0.0054347826086956,1279
2020-01-01,2020,1,0.6853916316780078,0.1916895902707398,0.493702041407268,0.0015925872303458998,0.0010134646011292,0.0005791226292167,0.0162154336180685,0.0027508324887794,0.0134646011292891,0.0007239032865208001,0.0004343419719125,0.0002895613146083,0.0376429708990878,0.0153467496742435,0.0222962212248443,0.010279426668596998,0.0088316200955552,0.0014478065730418,0.0021717098595626,0.0010134646011292,0.0011582452584334,0.0023164905168668003,0.0021717098595627,0.0001447806573041,0.0199797307079773,0.0046329810337338,0.0153467496742435,0.1080063703489213,0.1062690024612711,0.0017373678876502,0.0247574923990154,0.0246127117417113,0.0001447806573041,0.033154770522658,0.0175184595338062,0.0156363109888518,0.0178080208484146,0.0108585492978138,0.0069494715506008,0.0007239032865208,0.0005791226292167,0.0001447806573041,0.003185174460692,0.0017373678876502,0.0014478065730418,0.0062255682640798005,0.0037642970899087,0.0024612711741711,0.0059360069494715,0.0043434197191255,0.001592587230346,0.001592587230346,0.0007239032865209,0.0008686839438251,0.0049225423483422,0.0034747357753004,0.0014478065730418,0.0144780657304183,0.0020269292022585,0.0124511365281598,0.0095555233820761,0.0023164905168669,0.0072390328652092,2764
2020-02-01,2020,2,0.6022080185938408,0.1872167344567112,0.4149912841371296,0.0009296920395118001,0.0008134805345729,0.0001162115049389,0.0138291690877396,0.0049970947123765,0.0088320743753631,0.0002324230098779,0.0002324230098779,0.0,0.0370714700755374,0.0225450319581638,0.0145264381173736,0.0060429982568273,0.0055781522370714,0.0004648460197559,0.0019755955839627,0.0011621150493898,0.0008134805345729,0.0012783265543288,0.0012783265543288,0.0,0.021382916908773898,0.0025566531086577,0.0188262638001162,0.10552004648460189,0.1038930854154561,0.0016269610691458,0.0734456711214409,0.073213248111563,0.0002324230098779,0.0355607205113305,0.0238233585124927,0.0117373619988378,0.0188262638001161,0.0072051133062173,0.0116211504938988,0.0013945380592678002,0.0005810575246949,0.0008134805345729,0.0033701336432306,0.0030214991284137,0.0003486345148169,0.046717024985473504,0.0449738524113887,0.0017431725740848,0.0069726902963392,0.0063916327716443,0.0005810575246949,0.0005810575246948,0.0003486345148169,0.0002324230098779,0.0039511911679255005,0.0037187681580476,0.0002324230098779,0.00918070889018,0.0032539221382916,0.0059267867518884,0.0130156885531667,0.0060429982568274,0.0069726902963393,4299
2020-03-01,2020,3,0.6263991552270327,0.1573389651531151,0.4690601900739176,0.0017951425554381,0.0011615628299894,0.0006335797254487,0.010665258711721201,0.002428722280887,0.0082365364308342,0.0013727560718056,0.0006335797254487,0.0007391763463569,0.0455121436114044,0.0277719112988384,0.017740232312566,0.0036958817317845,0.0031678986272439,0.0005279831045406,0.0022175290390707,0.0007391763463569,0.0014783526927138,0.0002111932418162,0.0001055966209081,0.0001055966209081,0.1064413938753959,0.0101372756071805,0.0963041182682154,0.1004223864836325,0.0983104540654699,0.0021119324181626,0.0235480464625131,0.0232312565997888,0.0003167898627243,0.011721224920802499,0.0054910242872228,0.0062302006335797,0.0121436114044349,0.0060190073917634,0.0061246040126715,0.026187961985216397,0.0104540654699049,0.0157338965153115,0.0049630411826821,0.0031678986272439,0.0017951425554382,0.0097148891235479,0.0064413938753959,0.003273495248152,0.0027455121436113002,0.0025343189017951,0.0002111932418162,0.0005279831045406,0.0001055966209081,0.0004223864836325,0.00168954593453,0.000844772967265,0.000844772967265,0.0044350580781414,0.000844772967265,0.0035902851108764,0.0046462513199577,0.0021119324181626,0.0025343189017951,3432
2020-04-01,2020,4,0.7056513979773944,0.1625223081499107,0.5431290898274836,0.0022605591909577,0.0011897679952409,0.0010707911957168,0.0158239143367042,0.0022605591909577,0.0135633551457465,0.0005948839976203,0.0004759071980963,0.000118976799524,0.034027364663890405,0.0172516359309934,0.016775728732897,0.0118976799524092,0.010350981558596,0.0015466983938132,0.0005948839976203,0.000118976799524,0.0004759071980963,0.0,0.0,0.0,0.11100535395597841,0.0099940511600237,0.1010113027959547,0.0223676383105293,0.0221296847114812,0.0002379535990481,0.021891731112433,0.021891731112433,0.0,0.0114217727543128,0.0067816775728732,0.0046400951814396,0.0097560975609756,0.0048780487804878,0.0048780487804878,0.028673408685306198,0.0170136823319452,0.011659726353361,0.002736466389054,0.0009518143961927,0.0017846519928613,0.0066627007733491,0.0048780487804878,0.0017846519928613,0.0057108863771564,0.0044021415823914,0.001308744794765,0.0017846519928612998,0.0002379535990481,0.0015466983938132,0.0032123735871504,0.0019036287923854,0.001308744794765,0.0038072575847708,0.0004759071980963,0.0033313503866745,0.0040452111838191005,0.0011897679952409,0.0028554431885782,2414
2020-05-01,2020,5,0.6985559566787003,0.1684717208182912,0.5300842358604091,0.0024067388688326,0.0014440433212996,0.000962695547533,0.0129963898916967,0.0010830324909747,0.011913357400722,0.0003610108303249,0.0003610108303249,0.0,0.0334536702767749,0.0181708784596871,0.0152827918170878,0.0078219013237063,0.0061371841155234,0.0016847172081829,0.0013237063778579,0.0002406738868832,0.0010830324909747,0.0004813477737665,0.0004813477737665,0.0,0.0986762936221419,0.0055354993983152,0.0931407942238267,0.06425992779783381,0.0630565583634175,0.0012033694344163,0.0089049338146811,0.0089049338146811,0.0,0.0127557160048134,0.0077015643802647,0.0050541516245487,0.0144404332129963,0.0068592057761732,0.0075812274368231,0.0232250300842358,0.0181708784596871,0.0050541516245487,0.0033694344163657,0.0015643802647412,0.0018050541516245,0.0020457280385077,0.0015643802647412,0.0004813477737665,0.0030084235860407997,0.0020457280385078,0.000962695547533,0.0025270758122743,0.0003610108303249,0.0021660649819494,0.0021660649819494,0.001323706377858,0.0008423586040914,0.0050541516245486,0.0014440433212996,0.003610108303249,0.004933814681107,0.0016847172081829,0.0032490974729241,2612
2020-06-01,2020,6,0.657421998109045,0.2181951885702279,0.4392268095388171,0.0030465385019434,0.0022061140876142,0.0008404244143292,0.0128164723185208,0.0023111671394054,0.0105053051791154,0.0003151591553734,0.0003151591553734,0.0,0.0267885282067443,0.0102951990755331,0.0164933291312112,0.0141821619918058,0.0126063662149385,0.0015757957768673,0.0011555835697026,0.0003151591553734,0.0008404244143292,0.00042021220716449996,0.0003151591553734,0.0001050530517911,0.0614560352978253,0.0056728647967223,0.055783170501103,0.11660888748818139,0.1139825611934026,0.0026263262947788,0.0134467906292677,0.0133417375774766,0.0001050530517911,0.0209055573064397,0.0133417375774766,0.0075638197289631,0.0192247084777811,0.0115558356970269,0.0076688727807542,0.0201701859439015,0.0148124803025527,0.0053577056413488,0.0015757957768673,0.0011555835697027,0.0004202122071646,0.009349721609412701,0.0085092971950835,0.0008404244143292,0.0024162201911964,0.002101061035823,0.0003151591553734,0.0010505305179115,0.0002101061035823,0.0008404244143292,0.0066183422628426,0.0049374934341842,0.0016808488286584,0.0090345624540392,0.0023111671394054,0.0067233953146338,0.0044122281752284,0.0022061140876142,0.0022061140876142,4170
2020-07-01,2020,7,0.6609319701140386,0.212052693668895,0.4488792764451435,0.00147463625639,0.0006881635863153,0.0007864726700747,0.012583562721195301,0.0031458906802988,0.0094376720408965,0.0003932363350373,0.0003932363350373,0.0,0.032638615808100596,0.0177939441604404,0.0148446716476602,0.011305544632323899,0.0079630357845064,0.0033425088478175,0.0008847817538340394,9.830908375933936e-05,0.0007864726700747,0.00019661816751867872,9.830908375933936e-05,9.830908375933936e-05,0.08356272119543841,0.0173023987416437,0.0662603224537947,0.1018482107746755,0.1000786472670074,0.0017695635076681,0.01799056232795904,0.0178922532441997,9.830908375933936e-05,0.018875344081793102,0.0106173810460086,0.0082579630357845,0.0145497443963821,0.0070782540306724,0.0074714903657097,0.0193668895005897,0.012190326386158,0.0071765631144317,0.001769563507668,0.0006881635863153,0.0010813999213527,0.005308690523004299,0.0045222178529296,0.0007864726700747,0.0049154541879668995,0.0040306724341329,0.000884781753834,0.0010813999213526,0.000589854502556,0.0004915454187966,0.0019661816751866,0.00147463625639,0.0004915454187966,0.0058985450255603,0.0022611089264648,0.0036374360990955,0.006685017695635001,0.0031458906802988,0.0035391270153362,4286
2020-08-01,2020,8,0.7526079050626854,0.2401186716432194,0.512489233419466,0.0018183558235236,0.0008613264427217,0.0009570293808019,0.0102402143745812,0.0021054646377643,0.0081347497368169,0.0006699205665612,0.0004785146904009,0.0001914058761603,0.037802660541678496,0.0140683318977892,0.0237343286438893,0.0186620729256387,0.0165566082878744,0.0021054646377643,0.0005742176284810991,9.570293808019906e-05,0.0004785146904009,0.000669920566561299,0.0005742176284811,9.570293808019906e-05,0.0790506268542443,0.0207675375634031,0.0582830892908412,0.014738252464350501,0.0138769260216288,0.0008613264427217,0.0021054646377643,0.0021054646377643,0.0,0.0230644080773278,0.0121542731361852,0.0109101349411426,0.0199062111206813,0.0127284907646664,0.0071777203560149,0.0083261556129772,0.0046894439659297,0.0036367116470475,0.001531247009283,0.0007656235046415,0.0007656235046415,0.0071777203560148,0.0049765527801703,0.0022011675758445,0.013015599578906899,0.0110058378792228,0.0020097616996841,0.0009570293808018,0.0002871088142405,0.0006699205665613,0.0022968705139246003,0.0017226528854435,0.0005742176284811,0.0054550674705712,0.0012441381950425,0.0042109292755287,0.0064120968513732,0.0022011675758445,0.0042109292755287,3727
2020-09-01,2020,9,0.7427254098360656,0.2113729508196721,0.5313524590163935,0.002561475409836,0.0015368852459016,0.0010245901639344,0.012090163934426199,0.0019467213114754,0.0101434426229508,0.0010245901639344,0.0005122950819672,0.0005122950819672,0.0591188524590163,0.0206967213114754,0.0384221311475409,0.024590163934426198,0.0212090163934426,0.0033811475409836,0.0013319672131146,0.000717213114754,0.0006147540983606,0.00040983606557369996,0.0003073770491803,0.0001024590163934,0.0475409836065573,0.0047131147540983,0.042827868852459,0.0199795081967213,0.01875,0.0012295081967213,0.0020491803278688,0.0019467213114754,0.0001024590163934,0.0320696721311475,0.0180327868852459,0.0140368852459016,0.0192622950819671,0.0099385245901639,0.0093237704918032,0.0074795081967212,0.0027663934426229,0.0047131147540983,0.0026639344262294,0.0013319672131147,0.0013319672131147,0.0070696721311475,0.005327868852459,0.0017418032786885,0.0111680327868851,0.0093237704918032,0.0018442622950819,0.0012295081967212001,0.0002049180327868,0.0010245901639344,0.0019467213114753,0.0014344262295081,0.0005122950819672,0.0066598360655737,0.0018442622950819,0.0048155737704918,0.0066598360655737,0.0012295081967213,0.0054303278688524,3191
2020-10-01,2020,10,0.7372262773722628,0.198855790096666,0.5383704872755968,0.002959163543105,0.001183665417242,0.001775498125863,0.0140067074373643,0.0020714144801736,0.0119352929571907,0.0006904714933910999,0.0004931939238508,0.0001972775695403,0.0557309133951469,0.0123298480962714,0.0434010652988755,0.0264351943184059,0.023574669560071,0.0028605247583349,0.0015782205563227001,0.0002959163543105,0.0012823042020122,0.0001972775695403433,9.863878477017164e-05,9.863878477017164e-05,0.0507003353718682,0.0048333004537384,0.0458670349181298,0.019037285460643,0.0179522588281712,0.0010850266324718,0.0022686920497138998,0.0020714144801736,0.0001972775695403,0.0326494377589267,0.0208127835865062,0.0118366541724205,0.0255474452554743,0.0136121522982836,0.0119352929571907,0.0051292168080488,0.0042414677451173,0.0008877490629315,0.0014795817715525,0.0007891102781613,0.0006904714933912,0.0107516275399486,0.0078911027816137,0.0028605247583349,0.0071019925034522,0.0063128822252909,0.0007891102781613,0.0004931939238508,0.0,0.0004931939238508,0.0026632471887946003,0.0016768593410929,0.0009863878477017,0.0072992700729926,0.0016768593410929,0.0056224107318997,0.0074965476425329,0.0025646084040244,0.0049319392385085,3173
2020-11-01,2020,11,0.7409510290986514,0.1803710838487275,0.5605799452499239,0.0015208354456047,0.0006083341782419,0.0009125012673628,0.0264625367535231,0.0094291797627496,0.0170333569907735,0.0005069451485349,0.0005069451485349,0.0,0.046537564635506304,0.0150055763966338,0.0315319882388725,0.030213930852681602,0.0265639257832302,0.0036500050694514,0.0013180573861908,0.0007097232079489,0.0006083341782419,0.0001013890297069,0.0001013890297069,0.0,0.0475514549325762,0.0073000101389029,0.0402514447936733,0.0211903072087599,0.0199736388522761,0.0012166683564838,0.0015208354456047,0.0014194464158978,0.0001013890297069,0.034877826219203004,0.0203791949711041,0.0144986312480989,0.0234208658623136,0.0119639055054243,0.0114569603568893,0.0098347358815775,0.0046638953665213,0.0051708405150562,0.0025347257426745996,0.0012166683564838,0.0013180573861908,0.00638750887154,0.0046638953665213,0.0017236135050187,0.005779174693298099,0.0049680624556423,0.0008111122376558,0.0022305586535536,0.0003041670891209,0.0019263915644327,0.0017236135050186997,0.0012166683564838,0.0005069451485349,0.0090236236439216,0.0019263915644327,0.0070972320794889,0.0061847308121259995,0.0018250025347257,0.0043597282774003,2939
2020-12-01,2020,12,0.7222019686474663,0.1582209259934378,0.5639810426540285,0.0029165147648559002,0.0012152144853566,0.0017013002794993,0.0185927816259569,0.0049823793899623,0.0136104022359946,0.0007291286912138,0.0003645643456069,0.0003645643456069,0.042410985538947496,0.0102078016769959,0.0322031838619516,0.0566289950176205,0.0517681370761939,0.0048608579414266,0.0014582573824278,0.0003645643456069,0.0010936930368209,0.0,0.0,0.0,0.0398590351196985,0.0024304289707133,0.0374286061489852,0.0131243164418519,0.0114230161623526,0.0017013002794993,0.0030380362133916,0.0030380362133916,0.0,0.0524972657674079,0.0394944707740916,0.0130027949933163,0.027099283023453498,0.0136104022359946,0.0134888807874589,0.0114230161623525,0.0041317292502126,0.0072912869121399,0.0031595576619272,0.0012152144853566,0.0019443431765706,0.0036456434560699002,0.0019443431765706,0.0017013002794993,0.0046178150443552,0.0040102078016769,0.0006076072426783,0.0044962935958195,0.0023089075221776,0.0021873860736419,0.0036456434560699002,0.0020658646251063,0.0015797788309636,0.007777372706282501,0.0030380362133916,0.0047393364928909,0.0081419370518895,0.0030380362133916,0.0051039008384979,2407
2021-01-01,2021,1,0.7137565461744795,0.1838038063609656,0.5299527398135139,0.0014050325712096,0.0014050325712096,0.0,0.021841869970621902,0.0034487163111508,0.0183931536594711,0.0010218418699706,0.0010218418699706,0.0,0.0439392004087366,0.0127730233746327,0.0311661770341039,0.0352535445139864,0.0328266700728062,0.0024268744411802,0.0011495721037169,0.0006386511687316,0.0005109209349853,0.0,0.0,0.0,0.0509643632647846,0.0031932558436581,0.0477711074211265,0.0195427257631881,0.0185208838932175,0.0010218418699706,0.0038319070123898,0.0038319070123898,0.0,0.0413845957338101,0.0231191723080853,0.0182654234257248,0.027334270021714,0.013667135010857,0.013667135010857,0.0160940094520372,0.0035764465448971,0.0125175629071401,0.0024268744411802,0.0010218418699706,0.0014050325712096,0.0056201302848384,0.0042150977136288,0.0014050325712096,0.0058755907523309996,0.0051092093498531,0.0007663814024779,0.0052369395835994,0.0028100651424192,0.0024268744411802,0.0022991442074338,0.0012773023374632,0.0010218418699706,0.0068974326223016,0.0011495721037169,0.0057478605185847,0.0076638140247796,0.0025546046749265,0.0051092093498531,2407
2021-02-01,2021,2,0.7182262569832403,0.1641061452513966,0.5541201117318436,0.0010474860335194,0.0006983240223463,0.0003491620111731,0.0178072625698323,0.0034916201117318,0.0143156424581005,0.0003491620111731,0.0003491620111731,0.0,0.0484171322160148,0.0107076350093109,0.0377094972067039,0.0396880819366852,0.0360800744878957,0.0036080074487895,0.0033752327746740998,0.0020949720670391,0.001280260707635,0.0,0.0,0.0,0.0359636871508379,0.0023277467411545,0.0336359404096834,0.0161778398510241,0.0153631284916201,0.000814711359404,0.0023277467411545,0.0023277467411545,0.0,0.054702048417132096,0.0374767225325884,0.0172253258845437,0.028049348230912402,0.0147811918063314,0.013268156424581,0.0048882681564245,0.0033752327746741,0.0015130353817504,0.0034916201117317,0.0027932960893854,0.0006983240223463,0.0176908752327746,0.0117551210428305,0.0059357541899441,0.0057029795158286,0.0047718808193668,0.0009310986964618,0.0074487895716945,0.0057029795158286,0.0017458100558659,0.0029096834264431,0.0018621973929236,0.0010474860335195,0.00768156424581,0.0022113594040968,0.0054702048417132,0.007797951582867699,0.003840782122905,0.0039571694599627,2611
2021-03-01,2021,3,0.732827516439049,0.1571067273646939,0.5757207890743551,0.004754678806272,0.0038442083965604,0.0009104704097116,0.019322205361659,0.0016186140617096,0.0177035912999494,0.0008093070308547001,0.0005058168942842,0.0003034901365705,0.0410723318158825,0.0092058674759736,0.0318664643399089,0.024380374304501698,0.0212443095599393,0.0031360647445624,0.0053616590794131995,0.0021244309559939,0.0032372281234193,0.000606980273141,0.0003034901365705,0.0003034901365705,0.037733940313606405,0.004147698533131,0.0335862417804754,0.0183105715730905,0.0175012645422357,0.0008093070308548,0.0012139605462822,0.0012139605462822,0.0,0.0498735457764288,0.0281234193222053,0.0217501264542235,0.0323722812341931,0.0153768335862417,0.0169954476479514,0.0052604957005563,0.0008093070308548,0.0044511886697015,0.0030349013657055,0.0008093070308548,0.0022255943348507,0.014264036418816302,0.008295397066262,0.0059686393525543,0.0067779463834091004,0.0045523520485584,0.0022255943348507,0.0015174506828527002,0.0005058168942842,0.0010116337885685,0.0024279210925643,0.0011127971674253,0.001315123925139,0.0092058674759736,0.0017197774405665,0.0074860900354071,0.006170966110268,0.0010116337885685,0.0051593323216995,2630
2021-04-01,2021,4,0.7299024554322233,0.1658257652203161,0.5640766902119072,0.004148447135329,0.002915125014015,0.001233322121314,0.0164816683484695,0.0039242067496356,0.0125574615988339,0.0007848413499271,0.0007848413499271,0.0,0.0441753559816122,0.0168180289270097,0.0273573270546025,0.0272452068617557,0.0233210001121201,0.0039242067496356,0.0125574615988339,0.00583025002803,0.0067272115708039,0.0,0.0,0.0,0.0505662069738759,0.004596927906716,0.0459692790671599,0.013230182755914201,0.0128938221773741,0.0003363605785401,0.0010090817356205,0.0010090817356205,0.0,0.0328512165040923,0.0186119520125574,0.0142392644915349,0.034645139589639995,0.0205179952909519,0.0141271442986881,0.0067272115708038,0.0036999663639421,0.0030272452068617,0.0025787644354747,0.0016818028927009,0.0008969615427738,0.0109877788989796,0.0065029711851104,0.0044848077138692,0.0030272452068616,0.0026908846283215,0.0003363605785401,0.0049332884852561,0.0006727211570803,0.0042605673281758,0.0030272452068616,0.0013454423141607,0.0016818028927009,0.0062787307994169005,0.0014575625070075,0.0048211682924094,0.0078484134992711,0.0034757259782486,0.0043726875210225,2564
2021-05-01,2021,5,0.7182897340074742,0.1433282040008793,0.5749615300065949,0.001978456803693,0.0007693998681028,0.0012090569355902,0.020553967905034,0.0041767421411299,0.0163772257639041,0.0004396570674873,0.0004396570674873,0.0,0.0426467355462738,0.0129698834908771,0.0296768520553967,0.04660364915366,0.0375906792701692,0.0090129698834908,0.0035172565398988,0.0009892284018465,0.0025280281380523,0.0001099142668718,0.0001099142668718,0.0,0.0435260496812485,0.004066827874258,0.0394592218069905,0.012090569355902301,0.0107715981534403,0.001318971202462,0.0013189712024618998,0.0010991426687183,0.0002198285337436,0.049351505825456,0.0290173664541657,0.0203341393712903,0.030006594856012203,0.0142888546933391,0.0157177401626731,0.0085733128160034,0.0036271708067707,0.0049461420092327,0.001318971202462,0.000659485601231,0.000659485601231,0.011980655089030401,0.0057155418773356,0.0062651132116948,0.00538579907672,0.0038469993405143,0.0015387997362057,0.0035172565398988,0.0008793141349747,0.0026379424049241,0.0034073422730269,0.0021982853374367,0.0012090569355902,0.0075840844141568,0.001318971202462,0.0062651132116948,0.0091228841503626,0.0032974280061551,0.0058254561442075,2403
2021-06-01,2021,6,0.7159977388355003,0.1502543810062182,0.5657433578292821,0.0011305822498586,0.0003391746749576,0.000791407574901,0.027699265121537503,0.0055398530243075,0.02215941209723,0.0002261164499717,0.0002261164499717,0.0,0.0405879027699264,0.0109666478236291,0.0296212549462973,0.0483889202939513,0.0342566421707179,0.0141322781232334,0.0022611644997173,0.0010175240248728,0.0012436404748445,0.0,0.0,0.0,0.0507631430186545,0.0064443188241944,0.0443188241944601,0.0109666478236291,0.0106274731486715,0.0003391746749576,0.0013566986998304,0.0013566986998304,0.0,0.0534765404183153,0.0289429055963821,0.0245336348219332,0.0227247032221594,0.0118711136235161,0.0108535895986433,0.0104013566986997,0.0036178631995477,0.006783493499152,0.0018089315997738,0.0009044657998869,0.0009044657998869,0.0082532504239682,0.0036178631995477,0.0046353872244205,0.0031656302996042,0.0022611644997173,0.0009044657998869,0.0048615036743922,0.0031656302996042,0.001695873374788,0.0052006783493498,0.0042962125494629,0.0009044657998869,0.009496890898812801,0.0011305822498586,0.0083663086489542,0.009044657998869299,0.003391746749576,0.0056529112492933,2350
2021-07-01,2021,7,0.7110136452241715,0.1717836257309941,0.5392300194931774,0.0021929824561403,0.0012183235867446,0.0009746588693957,0.0238791423001949,0.0036549707602339,0.020224171539961,0.0014619883040934,0.0010964912280701,0.0003654970760233,0.040448343079922,0.0124269005847953,0.0280214424951267,0.031798245614035,0.0299707602339181,0.0018274853801169,0.0017056530214424,0.0013401559454191,0.0003654970760233,0.0007309941520467,0.0004873294346978,0.0002436647173489,0.06201267056530199,0.0170565302144249,0.0449561403508771,0.011208576998050598,0.0101120857699805,0.0010964912280701,0.0028021442495126,0.0026803118908382,0.0001218323586744,0.0444688109161792,0.0315545808966861,0.0129142300194931,0.0286306042884989,0.0129142300194931,0.0157163742690058,0.0086500974658869,0.0026803118908382,0.0059697855750487,0.0035331384015593,0.003167641325536,0.0003654970760233,0.0102339181286548,0.0085282651072124,0.0017056530214424,0.0023148148148147,0.0020711500974658,0.0002436647173489,0.0030458089668615003,0.0009746588693957,0.0020711500974658,0.0018274853801169,0.0013401559454191,0.0004873294346978,0.018153021442495,0.0082846003898635,0.0098684210526315,0.0071881091617933,0.001583820662768,0.0056042884990253,2534
2021-08-01,2021,8,0.7196861626248215,0.1458630527817403,0.5738231098430813,0.002377555872563,0.0019020446980504,0.0004755111745126,0.0221112696148358,0.0027341892534474,0.0193770803613884,0.0009510223490251,0.000832144555397,0.0001188777936281,0.0374465049928672,0.0165240133143128,0.0209224916785544,0.0194959581550166,0.0164051355206847,0.0030908226343319,0.001664289110794,0.0005943889681407,0.0010699001426533,0.0001188777936281,0.0001188777936281,0.0,0.0860675225867807,0.0272230147408464,0.0588445078459343,0.007964812173086,0.0068949120304327,0.0010699001426533,0.0007132667617689,0.0007132667617689,0.0,0.030908226343318898,0.017475035663338,0.0134331906799809,0.037208749405611,0.0236566809320019,0.0135520684736091,0.0078459343794579,0.0057061340941512,0.0021398002853067,0.0024964336661911,0.0015454113171659,0.0009510223490252,0.0070137898240608,0.0042796005706134,0.0027341892534474,0.0024964336661911003,0.0022586780789348,0.0002377555872563,0.0007132667617688,0.0003566333808844,0.0003566333808844,0.0013076557299096,0.0009510223490252,0.0003566333808844,0.0153352353780313,0.0038040893961008,0.0115311459819305,0.0065382786495482,0.0010699001426533,0.0054683785068949,2290
2021-09-01,2021,9,0.7228674909454227,0.1457474709629074,0.5771200199825153,0.001373797926814,0.0008742350443362,0.0004995628824778,0.030223554389908702,0.0054951917072561,0.0247283626826526,0.0001248907206194,0.0001248907206194,0.0,0.0440864243786686,0.0157362307980517,0.0283501935806169,0.0380916697889346,0.0290995379043337,0.0089921318846009,0.0033720494567253,0.0017484700886724,0.0016235793680529,0.0004995628824777,0.0003746721618583,0.0001248907206194,0.044585987261146404,0.0066192081928312,0.0379667790683152,0.008242787560884101,0.0074934432371674,0.0007493443237167,0.0014986886474334,0.0014986886474334,0.0,0.049706506806544204,0.028100412139378,0.0216060946671662,0.0348445110528286,0.0193580616960159,0.0154864493568127,0.0009991257649556,0.0004995628824778,0.0004995628824778,0.0021231422505307,0.0009991257649556,0.0011240164855751,0.0089921318846008,0.0051205195453977,0.0038716123392031,0.0029973772948669,0.0024978144123891,0.0004995628824778,0.004371175221681,0.0017484700886724,0.0026227051330086,0.0043711752216809,0.002747595853628,0.0016235793680529,0.0084925690021231,0.0011240164855751,0.007368552516548,0.0091170226052203,0.002747595853628,0.0063694267515923,2128
2021-10-01,2021,10,0.7260764169456309,0.1629920350917696,0.5630843818538612,0.0015006348839893,0.0003463003578437,0.0011543345261456,0.019739120397090998,0.0023086690522913,0.0174304513447997,0.0005771672630727,0.0001154334526145,0.0004617338104582,0.043402978183077395,0.0138520143137481,0.0295509638693293,0.0358998037631305,0.0271268613644234,0.0087729423987071,0.0033475701258224005,0.0012697679787602,0.0020778021470622,0.0003463003578437,0.0003463003578437,0.0,0.0370541382892761,0.0057716726307283,0.0312824656585478,0.0137365808611335,0.0131594135980607,0.0005771672630728,0.001846935241833,0.0017315017892185,0.0001154334526145,0.0442110123513793,0.0247027588595174,0.0195082534918619,0.0474431490245872,0.0275885951748816,0.0198545538497056,0.004501904651968,0.0021932355996767,0.0023086690522913,0.0035784370310515,0.0016160683366039,0.0019623686944476,0.0088883758513216,0.0036938704836661,0.0051945053676555,0.0039247373888952,0.0033475701258224,0.0005771672630728,0.0031167032205932,0.0001154334526145,0.0030012697679787,0.0023086690522913,0.0016160683366039,0.0006926007156874,0.0126976797876023,0.0016160683366039,0.0110816114509984,0.0072723075147177,0.0019623686944476,0.0053099388202701,2449
2021-11-01,2021,11,0.7448578691934366,0.1719436098913797,0.5729142593020569,0.002657730529235,0.0018488560203374,0.0008088745088976,0.0253062167783683,0.0045065865495724,0.0207996302287959,0.000115553501271,0.000115553501271,0.0,0.0440258839842847,0.0159463831754102,0.0280795008088745,0.039519297434712206,0.0315461058470071,0.0079731915877051,0.0023110700254217,0.0005777675063554,0.0017333025190663,0.000115553501271,0.0,0.000115553501271,0.035821585394037306,0.0024266235266928,0.0333949618673445,0.0120175641321931,0.0109775826207534,0.0010399815114397,0.0010399815114397,0.0010399815114397,0.0,0.0451814189969955,0.0226484862491333,0.0225329327478622,0.031777212849549305,0.01698636468685,0.0147908481626993,0.0017333025190662999,0.0009244280101687,0.0008088745088976,0.0020799630228794,0.0010399815114397,0.0010399815114397,0.0086665125953316,0.0067021030737231,0.0019644095216085,0.0053154610584698996,0.0041599260457591,0.0011555350127108,0.0011555350127108,0.0004622140050843,0.0006933210076265,0.0019644095216084,0.0011555350127108,0.0008088745088976,0.0071643170788073,0.0010399815114397,0.0061243355673676,0.0091287266004159,0.0021955165241506,0.0069332100762653,2425
2021-12-01,2021,12,0.7688810025507374,0.1604746589774869,0.6084063435732505,0.0015526228235554001,0.0009981146722856,0.0005545081512698,0.0199622934457135,0.002883442386603,0.0170788510591105,0.0004436065210157,0.0003327048907618,0.0001109016302539,0.0293889320173005,0.0079849173782854,0.0214040146390151,0.038039259177109805,0.0322723744039037,0.0057668847732061,0.0021071309748252,0.0003327048907618,0.0017744260840634,0.0001109016302539,0.0001109016302539,0.0,0.0452478651436175,0.0022180326050792,0.0430298325385383,0.010313851613618601,0.009204835311079,0.0011090163025396,0.0005545081512698,0.0005545081512698,0.0,0.0392591771099034,0.0231784407230786,0.0160807363868248,0.0270599977819673,0.0145281135632693,0.012531884218698,0.0016635244538094,0.0004436065210158,0.0012199179327936,0.005988688033714,0.0016635244538094,0.0043251635799046,0.002772540756349,0.0013308195630475,0.0014417211933015,0.0056559831429521005,0.0039924586891427,0.0016635244538094,0.0014417211933014,0.0006654097815237,0.0007763114117777,0.0021071309748253,0.0015526228235555,0.0005545081512698,0.0074304092270156,0.0008872130420317,0.0065431961849839,0.0054341798824442,0.0011090163025396,0.0043251635799046,2286
2022-01-01,2022,1,0.734375,0.1651965725806451,0.5691784274193549,0.0005040322580644,0.0001260080645161,0.0003780241935483,0.0298639112903225,0.00390625,0.0259576612903225,0.0006300403225805999,0.0005040322580645,0.0001260080645161,0.0311239919354837,0.0094506048387096,0.0216733870967741,0.020539314516128997,0.0161290322580645,0.0044102822580645,0.0015120967741934,0.0002520161290322,0.0012600806451612,0.0005040322580644,0.0003780241935483,0.0001260080645161,0.0686743951612902,0.0063004032258064,0.0623739919354838,0.0075604838709676,0.0073084677419354,0.0002520161290322,0.0025201612903225,0.0025201612903225,0.0,0.039944556451612795,0.0238155241935483,0.0161290322580645,0.0283518145161289,0.0199092741935483,0.0084425403225806,0.0015120967741934,0.0003780241935483,0.0011340725806451,0.0031502016129031,0.0012600806451612,0.0018901209677419,0.0039062499999999003,0.0023941532258064,0.0015120967741935,0.0025201612903225,0.0013860887096774,0.0011340725806451,0.0018901209677418,0.0003780241935483,0.0015120967741935,0.0023941532258064,0.0013860887096774,0.001008064516129,0.014868951612903102,0.0034022177419354,0.0114667338709677,0.015246975806451499,0.0018901209677419,0.0133568548387096,2061
2022-02-01,2022,2,0.7395437262357414,0.188466413181242,0.5510773130544994,0.0006337135614701,0.0005069708491761,0.000126742712294,0.021926489226869402,0.0024081115335868,0.0195183776932826,0.0006337135614701,0.0003802281368821,0.000253485424588,0.0396704689480354,0.0130544993662864,0.026615969581749,0.0215462610899872,0.0187579214195183,0.0027883396704689,0.0011406844106463,0.000126742712294,0.0010139416983523,0.0,0.0,0.0,0.0437262357414448,0.006083650190114,0.0376425855513308,0.0166032953105196,0.0150823827629911,0.0015209125475285,0.0013941698352344,0.0013941698352344,0.0,0.0390367553865652,0.0226869455006337,0.0163498098859315,0.0463878326996197,0.0281368821292775,0.0182509505703422,0.0016476552598225001,0.000126742712294,0.0015209125475285,0.0020278833967046,0.0015209125475285,0.0005069708491761,0.0124207858048162,0.0082382762991128,0.0041825095057034,0.003168567807351,0.0025348542458808,0.0006337135614702,0.0011406844106463,0.0,0.0011406844106463,0.0015209125475284,0.0003802281368821,0.0011406844106463,0.010899873257287598,0.0020278833967046,0.008871989860583,0.0065906210392901,0.0016476552598225,0.0049429657794676,2390
2022-03-01,2022,3,0.7245324532453246,0.18998899889989,0.5345434543454346,0.0024202420242023,0.0015401540154015,0.0008800880088008,0.0228822882288228,0.0028602860286028,0.02002200220022,0.0001100110011001,0.0001100110011001,0.0,0.049724972497249706,0.0154015401540154,0.0343234323432343,0.0303630363036303,0.0199119911991199,0.0104510451045104,0.0014301430143014,0.0001100110011001,0.0013201320132013,0.0002200220022002,0.0001100110011001,0.0001100110011001,0.0320132013201319,0.0041804180418041,0.0278327832783278,0.0146314631463145,0.0139713971397139,0.0006600660066006,0.0022002200220022,0.0022002200220022,0.0,0.0504950495049504,0.025082508250825,0.0254125412541254,0.0477447744774476,0.0305830583058305,0.0171617161716171,0.0013201320132012,0.0003300330033003,0.0009900990099009,0.0027502750275026997,0.0004400440044004,0.0023102310231023,0.0097909790979097,0.0034103410341034,0.0063806380638063,0.0041804180418039995,0.0031903190319031,0.0009900990099009,0.0028602860286028,0.0006600660066006,0.0022002200220022,0.0025302530253025,0.0011001100110011,0.0014301430143014,0.0061606160616061,0.0004400440044004,0.0057205720572057,0.0104510451045103,0.0019801980198019,0.0084708470847084,2783
2022-04-01,2022,4,0.7056024741287021,0.1584393957416438,0.5471630783870584,0.002022124420126,0.0013084334483168,0.0007136909718092,0.0309266087783989,0.0032116093731414,0.0277149994052575,0.0017842274295228999,0.0005947424765076,0.0011894849530153,0.0429404068038538,0.0123706435113595,0.0305697632924943,0.022481265611989897,0.015820149875104,0.0066611157368859,0.0032116093731414,0.0010705364577138,0.0021410729154276,0.0003568454859046,0.0,0.0003568454859046,0.0488878315689305,0.0068990127274889,0.0419888188414416,0.0115380040442487,0.0102295705959319,0.0013084334483168,0.0016652789342214,0.0016652789342214,0.0,0.0478172951112167,0.0178422742952301,0.0299750208159866,0.036755085048174,0.0189128107529439,0.0178422742952301,0.0009515879624122,0.0004757939812061,0.0004757939812061,0.0041631973355536,0.0016652789342214,0.0024979184013322,0.011656952539550201,0.0068990127274889,0.0047579398120613,0.0027358153919352,0.0021410729154276,0.0005947424765076,0.0023789699060306002,0.0001189484953015,0.0022600214107291,0.0030926608778398,0.001784227429523,0.0013084334483168,0.0147496134173902,0.0021410729154276,0.0126085405019626,0.0172475318187224,0.0088021886523135,0.0084453431664089,2225
2022-05-01,2022,5,0.7137400414711339,0.1823638546327622,0.5313761868383717,0.0019644221324893003,0.0012004801920768,0.0007639419404125,0.026519698788606202,0.0041471133908108,0.0223725853977954,0.0004365382516642,0.0002182691258321,0.0002182691258321,0.0404889228418639,0.0135326858015933,0.0269562370402706,0.0245552766561169,0.0186620102586489,0.005893266397468,0.0012004801920768,0.0003274036887482,0.0008730765033286,0.0005456728145803,0.0004365382516643,0.000109134562916,0.0444177671068427,0.0061115355233002,0.0383062315835425,0.0169158572519916,0.0154971079340827,0.0014187493179089,0.0012004801920768,0.0012004801920768,0.0,0.055112954272618,0.0258648914111098,0.0292480628615082,0.0337225799410672,0.0229182582123758,0.0108043217286914,0.0009822110662446,0.0003274036887482,0.0006548073774964,0.0025100949470696,0.0010913456291607,0.0014187493179089,0.008839899596202001,0.0051293244570555,0.0037105751391465,0.0048019207683072,0.0038197097020626,0.0009822110662446,0.0012004801920767,0.000109134562916,0.0010913456291607,0.002946633198734,0.0016370184437411,0.0013096147549929,0.0154971079340826,0.0040379788278947,0.0114591291061879,0.0193168176361452,0.0054567281458037,0.0138600894903415,2762
2022-06-01,2022,6,0.7105173780142646,0.1968753537869353,0.5136420242273293,0.0014717536510811,0.0013585418317672,0.0001132118193139,0.030114343937507,0.0038492018566738,0.0262651420808332,0.0011321181931393,0.0007924827351975,0.0003396354579418,0.0374731121929129,0.0134722064983584,0.0240009056945545,0.0198120683799387,0.0146043246914977,0.005207743688441,0.005207743688441,0.0014717536510811,0.0037359900373599,0.0006792709158835,0.0002264236386278,0.0004528472772557,0.0432469149779236,0.0032831427601041,0.0399637722178195,0.0258122948035774,0.0232084229593569,0.0026038718442205,0.0015849654703949999,0.0014717536510811,0.0001132118193139,0.0453979395448884,0.0236612702366127,0.0217366693082757,0.0339635457941808,0.0225291520434733,0.0114343937507075,0.0006792709158835,0.0002264236386278,0.0004528472772557,0.0084908864485452,0.0060002264236386,0.0024906600249066,0.0048681082304992,0.0029435073021623,0.0019246009283369,0.0048681082304992,0.0040756254953017,0.0007924827351975,0.0022642363862786,0.0011321181931393,0.0011321181931393,0.0021510245669647,0.0011321181931393,0.0010189063738254,0.0215102456696478,0.0083776746292312,0.0131325710404166,0.0116608173893354,0.0028302954828484,0.008830521906487,2867
2022-07-01,2022,7,0.7103487064116984,0.1734533183352081,0.5368953880764904,0.0016872890888638,0.0006749156355455,0.0010123734533183,0.026996625421822202,0.0026996625421822,0.02429696287964,0.0006749156355453999,0.0005624296962879,0.0001124859392575,0.0439820022497187,0.0122609673790776,0.0317210348706411,0.032283464566929,0.0236220472440944,0.0086614173228346,0.0024746906636669,0.0004499437570303,0.0020247469066366,0.0011248593925758,0.0006749156355455,0.0004499437570303,0.0419572553430821,0.0059617547806524,0.0359955005624297,0.012710911136107901,0.0122609673790776,0.0004499437570303,0.0006749156355455,0.0006749156355455,0.0,0.0448818897637795,0.0199100112485939,0.0249718785151856,0.0515185601799774,0.0283464566929133,0.0231721034870641,0.0006749156355454,0.0002249718785151,0.0004499437570303,0.0014623172103486,0.0006749156355455,0.0007874015748031,0.0112485939257592,0.0073115860517435,0.0039370078740157,0.0044994375703036,0.0035995500562429,0.0008998875140607,0.0017997750281213,0.0002249718785151,0.0015748031496062,0.0025871766029245,0.0021372328458942,0.0004499437570303,0.0136107986501686,0.0020247469066366,0.011586051743532,0.007761529808773799,0.0026996625421822,0.0050618672665916,2588
2022-08-01,2022,8,0.7196978500871586,0.1853573503776873,0.5343404997094713,0.0024404416037187,0.0013945380592678,0.0010459035444509,0.026961069145845402,0.0029052876234747,0.0240557815223707,0.0001162115049389,0.0001162115049389,0.0,0.0389308541545612,0.01034282393957,0.0285880302149912,0.0208018593840789,0.0165020337013364,0.0042998256827425,0.0020918070889017,0.0005810575246949,0.0015107495642068,0.0001162115049389,0.0001162115049389,0.0,0.0448576409064496,0.0056943637420104,0.0391632771644392,0.0131319000581057,0.0125508425334108,0.0005810575246949,0.0004648460197559,0.0004648460197559,0.0,0.058570598489250406,0.0251016850668216,0.0334689134224288,0.022661243463102797,0.0122022080185938,0.010459035444509,0.0003486345148169,0.0003486345148169,0.0,0.0012783265543287,0.0011621150493898,0.0001162115049389,0.0089482858803021,0.0059267867518884,0.0030214991284137,0.010110400929692,0.0091807088901801,0.0009296920395119,0.0041836141778035,0.0004648460197559,0.0037187681580476,0.0037187681580476,0.0027890761185357,0.0009296920395119,0.0192911098198721,0.0056943637420104,0.0135967460778617,0.0115049389889598,0.0033701336432306,0.0081348053457292,2531
2022-09-01,2022,9,0.7020471740097909,0.1806853582554517,0.5213618157543392,0.0030040053404538,0.0014463729417,0.0015576323987538,0.0157988429016466,0.0027814864263462,0.0130173564753004,0.0007788161993768,0.0004450378282153,0.0003337783711615,0.036159323542500996,0.014018691588785,0.022140631953716,0.022696929238985197,0.018469069870939,0.0042278593680462,0.0018914107699153,0.0005562972852692,0.0013351134846461,0.0002225189141076,0.0001112594570538,0.0001112594570538,0.101246105919003,0.0404984423676012,0.0607476635514018,0.0125723186470849,0.0122385402759234,0.0003337783711615,0.0007788161993769,0.0007788161993769,0.0,0.040720961281708906,0.0238095238095238,0.0169114374721851,0.0240320427236314,0.0122385402759234,0.011793502447708,0.003560302625723,0.0033377837116154,0.0002225189141076,0.0032265242545615,0.0027814864263462,0.0004450378282153,0.0111259457053849,0.0074543836226079,0.003671562082777,0.0038940809968846,0.0030040053404539,0.0008900756564307,0.0016688918558076,0.0008900756564307,0.0007788161993769,0.0026702269692922003,0.0020026702269692,0.000667556742323,0.013573653760569501,0.0033377837116154,0.0102358700489541,0.010235870048954,0.0037828215398308,0.0064530485091232,2923
2022-10-01,2022,10,0.7304327264128635,0.1721447150626625,0.558288011350201,0.0024828564672498997,0.0010640813431071,0.0014187751241428,0.021991014424213598,0.0033104752896665,0.0186805391345471,0.0003546937810356,0.0001182312603452,0.0002364625206904,0.0346417592811538,0.0130054386379758,0.021636320643178,0.0166706077086781,0.0134783636793568,0.0031922440293213,0.001537006384488,0.0003546937810357,0.0011823126034523,0.0008276188224166,0.0007093875620714,0.0001182312603452,0.0455190352329155,0.0083944194845117,0.0371246157484038,0.044454953889808295,0.0438637975880822,0.0005911563017261,0.0023646252069047,0.0023646252069047,0.0,0.0344052967604633,0.0186805391345471,0.0157247576259162,0.0228186332466303,0.0101678883896902,0.0126507448569401,0.0002364625206904,0.0002364625206904,0.0,0.0039016315913926,0.0018917001655237,0.0020099314258689,0.0098131946086544,0.0061480255379522,0.0036651690707022,0.0053204067155355,0.0039016315913927,0.0014187751241428,0.0020099314258689,0.0005911563017261,0.0014187751241428,0.0037834003310474,0.0031922440293213,0.0005911563017261,0.013833057460392501,0.0023646252069047,0.0114684322534878,0.0138330574603924,0.0029557815086308,0.0108772759517616,2542
2022-11-01,2022,11,0.7307124190432905,0.1780479490966935,0.552664469946597,0.0024997159413702,0.001477104874446,0.0010226110669242,0.0280649926144756,0.0042040677195773,0.0238609248948983,0.0003408703556413,0.0002272469037609,0.0001136234518804,0.0402227019656856,0.0155664129076241,0.0246562890580615,0.011816838995568601,0.0085217588910351,0.0032950801045335,0.0026133393932507,0.0005681172594023,0.0020452221338484,0.0002272469037608,0.0001136234518804,0.0001136234518804,0.048858084308601196,0.0129530735143733,0.0359050107942279,0.0165890239745483,0.0152255425519827,0.0013634814225656,0.0022724690376092,0.0021588455857288,0.0001136234518804,0.0343142824679012,0.0171571412339506,0.0171571412339506,0.0293148505851607,0.014089308033178,0.0152255425519827,0.0015907283263264,0.0011362345188046,0.0004544938075218,0.005113055334621,0.0023860924894898,0.0027269628451312,0.0129530735143733,0.0069310305647085,0.0060220429496648,0.0039768208158163,0.0032950801045335,0.0006817407112828,0.0018179752300874,0.0002272469037609,0.0015907283263265,0.003408703556414,0.0013634814225656,0.0020452221338484,0.0173843881377116,0.0035223270082945,0.0138620611294171,0.013862061129417,0.0039768208158163,0.0098852403136007,2530
2022-12-01,2022,12,0.7364844457867713,0.1698882512836001,0.5665961945031712,0.0021141649048625,0.0009060706735125,0.00120809423135,0.0291452733313198,0.0033222591362126,0.0258230141951072,0.000604047115675,0.0003020235578375,0.0003020235578375,0.0289942615524009,0.0078526125037752,0.0211416490486257,0.029749320446994798,0.0228027786167321,0.0069465418302627,0.0027182120205375,0.0010570824524312,0.0016611295681063,0.0003020235578374,0.0001510117789187,0.0001510117789187,0.0374509211718513,0.0021141649048625,0.0353367562669888,0.0117789187556628,0.0110238598610691,0.0007550588945937,0.0024161884627,0.0024161884627,0.0,0.0480217456961642,0.0256720024161884,0.0223497432799758,0.0341286620356386,0.0211416490486257,0.0129870129870129,0.0007550588945937,0.0003020235578375,0.0004530353367562,0.0070975536091814,0.0025672002416188,0.0045303533675626,0.0057384475989126,0.0025672002416188,0.0031712473572938,0.0021141649048625,0.0021141649048625,0.0,0.0019631531259437,0.0001510117789187,0.001812141347025,0.0033222591362124998,0.0022651766837813,0.0010570824524312,0.024010872848082,0.0042283298097251,0.0197825430383569,0.0096647538508003,0.0013591060102688,0.0083056478405315,1794
2023-01-01,2023,1,0.7057831325301205,0.1639759036144578,0.5418072289156627,0.0012048192771084,0.0006024096385542,0.0006024096385542,0.0320481927710842,0.0028915662650602,0.029156626506024,0.0004819277108432,0.0002409638554216,0.0002409638554216,0.0339759036144578,0.0095180722891566,0.0244578313253012,0.020843373493975803,0.0156626506024096,0.0051807228915662,0.003734939759036,0.0018072289156626,0.0019277108433734,0.0006024096385542,0.0006024096385542,0.0,0.046144578313253,0.006144578313253,0.04,0.0173493975903613,0.0160240963855421,0.0013253012048192,0.0025301204819277,0.0025301204819277,0.0,0.0489156626506024,0.0253012048192771,0.0236144578313253,0.0518072289156626,0.0339759036144578,0.0178313253012048,0.0009638554216867,0.0008433734939759,0.0001204819277108,0.0024096385542168,0.0016867469879518,0.000722891566265,0.0073493975903614,0.0036144578313253,0.0037349397590361,0.0032530120481927,0.0028915662650602,0.0003614457831325,0.00144578313253,0.0004819277108433,0.0009638554216867,0.0015662650602409,0.0009638554216867,0.0006024096385542,0.0175903614457831,0.0042168674698795,0.0133734939759036,0.013734939759035999,0.0040963855421686,0.0096385542168674,2389
2023-02-01,2023,2,0.7081459931235123,0.1797143612800846,0.5284316318434277,0.0014546416291985002,0.0005289605924358,0.0009256810367627,0.0284316318434276,0.0025125628140703,0.0259190690293573,0.0,0.0,0.0,0.0321343559904786,0.0105792118487172,0.0215551441417614,0.0231420259190689,0.0173234594022745,0.0058185665167944,0.0067442475535572,0.0006612007405448,0.0060830468130124,0.0001322401481089,0.0001322401481089,0.0,0.0441682094683945,0.0133562549590055,0.030811954509389,0.0193070616239089,0.0181169002909283,0.0011901613329806,0.0009256810367627,0.0009256810367627,0.0,0.055805342501983504,0.0232742660671779,0.0325310764348056,0.0477386934673366,0.0245966675482676,0.023142025919069,0.0007934408886537001,0.0002644802962179,0.0005289605924358,0.0013224014810895,0.0005289605924358,0.0007934408886537,0.011108172441153,0.0055540862205765,0.0055540862205765,0.0044961650357048,0.00383496429516,0.0006612007405448,0.0017191219254164,0.0001322401481089,0.0015868817773075,0.0015868817773075,0.0006612007405448,0.0009256810367627,0.0160010579211848,0.0017191219254165,0.0142819359957683,0.0089923300714096,0.0014546416291986,0.007537688442211,2240
2023-03-01,2023,3,0.7260855006139078,0.2093983703538341,0.5166871302600736,0.0027904900100456,0.0021207724076347,0.0006697176024109,0.026565464895635597,0.0050228820180823,0.0215425828775533,0.0002232392008036,0.0,0.0002232392008036,0.0476615693715816,0.019756669271124,0.0279049001004576,0.0279049001004575,0.0209844848755441,0.0069204152249134,0.005580980020091501,0.0011161960040183,0.0044647840160732,0.0002232392008036,0.0002232392008036,0.0,0.043308404955910096,0.0053577408192878,0.0379506641366223,0.0160732224578635,0.0154035048554526,0.0006697176024109,0.0006697176024109,0.0006697176024109,0.0,0.040741154146668,0.017747516463891,0.022993637682777,0.0213193436767495,0.0122781560442013,0.0090411876325482,0.0007813372028127,0.0001116196004018,0.0006697176024109,0.0023440116084382998,0.0017859136064292,0.0005580980020091,0.0179707556646946,0.0145105480522379,0.0034602076124567,0.005022882018082301,0.0042415448152695,0.0007813372028128,0.0031253488112512,0.0018975332068311,0.0012278156044201,0.001897533206831,0.0013394352048219,0.0005580980020091,0.0125013952450049,0.0042415448152695,0.0082598504297354,0.009822524835361,0.0036834468132604,0.0061390780221006,2993
2023-04-01,2023,4,0.7354126055880441,0.1753086419753086,0.5601039636127355,0.0014294996751135999,0.0006497725795971,0.0007797270955165,0.0252111760883689,0.0022092267706302,0.0230019493177387,0.0005198180636776,0.0003898635477582,0.0001299545159194,0.0460038986354775,0.0181936322287199,0.0278102664067576,0.019753086419753,0.0174139051332033,0.0023391812865497,0.0027290448343078,0.0009096816114359,0.0018193632228719,0.000649772579597,0.0002599090318388,0.0003898635477582,0.0359974009096815,0.0118258609486679,0.0241715399610136,0.024301494476933,0.0231319038336582,0.0011695906432748,0.0019493177387914,0.0019493177387914,0.0,0.044054580896686096,0.0244314489928525,0.0196231319038336,0.017673814165042198,0.0083170890188434,0.0093567251461988,0.0016894087069525001,0.0014294996751137,0.0002599090318388,0.0041585445094216,0.0023391812865497,0.0018193632228719,0.0092267706302793,0.0054580896686159,0.0037686809616634,0.0050682261208576,0.0038986354775828,0.0011695906432748,0.0035087719298245,0.0001299545159194,0.0033788174139051,0.0018193632228718998,0.0012995451591942,0.0005198180636777,0.0180636777128004,0.0033788174139051,0.0146848602988953,0.0106562703053931,0.0023391812865497,0.0083170890188434,2285
2023-05-01,2023,5,0.7066202956154514,0.1993541175009315,0.5072661781145199,0.0023599552850577,0.0013662899018755,0.0009936653831822,0.032169916780524,0.0048441187430132,0.0273257980375108,0.0008694572102843,0.0006210408644888,0.0002484163457955,0.037635076388026295,0.0131660663271643,0.024469010060862,0.0206185567010308,0.0171407278598931,0.0034778288411377,0.0042230778785243,0.0011178735560799,0.0031052043224444,0.000496832691591,0.0002484163457955,0.0002484163457955,0.0361445783132529,0.0124208172897776,0.0237237610234753,0.032418333126319594,0.031673084088933,0.0007452490373866,0.0058377841261955,0.0058377841261955,0.0,0.0480685629114395,0.0270773816917153,0.0209911812197242,0.030555210532853,0.0137871071916532,0.0167681033411998,0.0002484163457955,0.0002484163457955,0.0,0.002732579803751,0.0013662899018755,0.0013662899018755,0.011923984598186499,0.0055893677803999,0.0063346168177866,0.0036020370140355,0.0031052043224444,0.0004968326915911,0.0029809961495465,0.001614706247671,0.0013662899018755,0.0054651596075021,0.0036020370140355,0.0018631225934666,0.0176375605514842,0.0024841634579555,0.0151533970935287,0.0086945721028442,0.0032294124953421,0.0054651596075021,2739
2023-06-01,2023,6,0.6887032842582107,0.1799263873159683,0.5087768969422424,0.002123442808607,0.0008493771234428,0.0012740656851642,0.0325594563986409,0.0041053227633069,0.028454133635334,0.0005662514156285,0.0004246885617214,0.0001415628539071,0.050537938844847,0.0223669309173272,0.0281710079275198,0.02420724801812,0.0184031710079275,0.0058040770101925,0.0016987542468855,0.0002831257078142,0.0014156285390713,0.0002831257078142,0.0002831257078142,0.0,0.0404869762174404,0.0111834654586636,0.0293035107587768,0.042610419026047404,0.0419026047565118,0.0007078142695356,0.0012740656851642,0.0012740656851642,0.0,0.048839184597961396,0.0237825594563986,0.0250566251415628,0.024490373725934197,0.0109003397508493,0.0135900339750849,0.0009909399773499,0.0008493771234428,0.0001415628539071,0.0021234428086069,0.0005662514156285,0.0015571913929784,0.008493771234428,0.0046715741789354,0.0038221970554926,0.002265005662514,0.0019818799546998,0.0002831257078142,0.0025481313703284002,0.0004246885617214,0.002123442808607,0.0036806342015853998,0.0016987542468856,0.0019818799546998,0.017553793884484598,0.002123442808607,0.0154303510758776,0.0155719139297847,0.0028312570781426,0.0127406568516421,2270
2023-07-01,2023,7,0.7152646158332118,0.2100889342469747,0.505175681586237,0.0013121446274967,0.0004373815424989,0.0008747630849978,0.0228896340574427,0.0030616707974923,0.0198279632599504,0.0004373815424989,0.0004373815424989,0.0,0.0396559265199008,0.0161831170724595,0.0234728094474413,0.0236186032949408,0.0179326432424551,0.0056859600524857,0.0024784954074937,0.0002915876949992,0.0021869077124945,0.0,0.0,0.0,0.0285755941099285,0.0055401662049861,0.0230354279049424,0.057880157457355204,0.0565680128298585,0.0013121446274967,0.0024784954074938,0.0024784954074938,0.0,0.0403848957573989,0.0228896340574427,0.0174952616999562,0.025805511007435403,0.0122466831899693,0.0135588278174661,0.0008747630849977,0.0005831753899985,0.0002915876949992,0.0017495261699956,0.0008747630849978,0.0008747630849978,0.0147251785974631,0.0115177139524712,0.0032074646449919,0.0042280215774893,0.0034990523399912,0.0007289692374981,0.0026242892549934,0.0001457938474996,0.0024784954074938,0.0033532584924915003,0.0023327015599941,0.0010205569324974,0.0134130339699664,0.0005831753899985,0.0128298585799679,0.0086018370024784,0.0021869077124945,0.0064149292899839,2481
2023-08-01,2023,8,0.6567433468651329,0.1906480228537062,0.4660953240114268,0.0012028266426101,0.0007517666516313,0.0004510599909788,0.0255600661554653,0.0043602465794617,0.0211998195760036,0.0004510599909787,0.0003007066606525,0.0001503533303262,0.0490151856863629,0.0264621861374229,0.02255299954894,0.0273643061193805,0.0233047662005713,0.0040595399188092,0.0021049466245676,0.000601413321305,0.0015035333032626,0.0,0.0,0.0,0.0876559915802134,0.0387911592241768,0.0488648323560366,0.0423996391520071,0.0417982258307021,0.000601413321305,0.0031574199368516,0.0031574199368516,0.0,0.048113065704405295,0.0296196060742745,0.0184934596301308,0.0239061795218763,0.0136821530596902,0.0102240264621861,0.0013531799729363,0.0012028266426101,0.0001503533303262,0.0034581265975041,0.0009021199819576,0.0025560066155465,0.010975793113817401,0.0070666065253345,0.0039091865884829,0.0036084799278303,0.0030070666065253,0.000601413321305,0.0039091865884829,0.0013531799729364,0.0025560066155465,0.0028567132761989997,0.0016538866335889,0.0012028266426101,0.0130807397383851,0.0016538866335889,0.0114268531047962,0.010224026462186099,0.0039091865884829,0.0063148398737032,2519
2023-09-01,2023,9,0.7101087275932999,0.2278871583896561,0.4822215692036438,0.0022039377020275,0.0011754334410813,0.0010285042609462,0.028798119306494202,0.0044078754040552,0.024390243902439,0.0005877167205406,0.0002938583602703,0.0002938583602703,0.0534822215692035,0.0270349691448721,0.0264472524243314,0.0111666176902732,0.0080811049074346,0.0030855127828386,0.0023508668821627,0.0007346459006758,0.0016162209814869,0.0001469291801351,0.0001469291801351,0.0,0.0386423743755509,0.0080811049074346,0.0305612694681163,0.0443726124008227,0.0433441081398765,0.0010285042609462,0.0030855127828386,0.0027916544225683,0.0002938583602703,0.0348222156920363,0.0158683514545988,0.0189538642374375,0.016749926535409798,0.0077872465471642,0.0089626799882456,0.0041140170437848,0.0039670878636497,0.0001469291801351,0.009550396708786199,0.007640317367029,0.0019100793417572,0.0096973258889214,0.0061710255656773,0.0035263003232441,0.0019100793417572,0.0016162209814869,0.0002938583602703,0.0038201586835144,0.000881575080811,0.0029385836027034,0.0019100793417572,0.0014692918013517,0.0004407875404055,0.0183661475168967,0.0036732295033793,0.0146929180135174,0.0094034675286511,0.0038201586835145,0.0055833088451366,2537
2023-10-01,2023,10,0.6863381528474476,0.1909117733844792,0.4954263794629684,0.0017704337562701998,0.0007376807317792,0.001032753024491,0.0234582472705812,0.0022130421953378,0.0212452050752434,0.0002950722927116,0.0001475361463558,0.0001475361463558,0.0451460607848922,0.0168191206845677,0.0283269401003245,0.0203599881971082,0.0132782531720271,0.0070817350250811,0.0030982590734729,0.0008852168781351,0.0022130421953378,0.0001475361463558,0.0001475361463558,0.0,0.0337857775154912,0.0067866627323694,0.0269991147831218,0.0863086456181764,0.0854234287400413,0.0008852168781351,0.0054588374151667,0.0054588374151667,0.0,0.0355562112717615,0.0199173797580407,0.0156388315137208,0.0233107111242253,0.0079669519032162,0.0153437592210091,0.0020655060489819,0.0013278253172027,0.0007376807317792,0.0039834759516081,0.0023605783416937,0.0016228976099144,0.0112127471230451,0.0057539097078784,0.0054588374151667,0.0048686928297432,0.0047211566833874,0.0001475361463558,0.0022130421953378,0.0002950722927117,0.0019179699026261,0.0028031867807611997,0.002065506048982,0.0007376807317792,0.011065210976689199,0.0013278253172027,0.0097373856594865,0.0095898495131306,0.0036884036588964,0.0059014458542342,2466
2023-11-01,2023,11,0.6935270805812416,0.2024071627770438,0.4911199178041978,0.0020548950535739,0.0007338910905621,0.0013210039630118,0.014384265375018301,0.0019081168354616,0.0124761485395567,0.0001467782181124,0.0001467782181124,0.0,0.046822251577865695,0.0253926317334507,0.021429619844415,0.018494055482166302,0.0130632614120064,0.0054307940701599,0.0014677821811242,0.0002935564362248,0.0011742257448994,0.0004403346543372,0.0001467782181124,0.0002935564362248,0.0833700278878613,0.0359606634375458,0.0474093644503155,0.0515191545574636,0.0507852634669015,0.0007338910905621,0.0054307940701599,0.0054307940701599,0.0,0.0236312931161015,0.0133568178482313,0.0102744752678702,0.0182004990459415,0.006458241596947,0.0117422574489945,0.0029355643622485,0.0024952297079113,0.0004403346543372,0.0038162336709231,0.002054895053574,0.0017613386173491,0.0066050198150593995,0.0046969029795978,0.0019081168354616,0.005137237633935,0.003082342580361,0.002054895053574,0.0032291207984733996,0.001027447526787,0.0022016732716864,0.002054895053574,0.001027447526787,0.001027447526787,0.0104212534859826,0.0026420079260237,0.0077792455599589,0.013943930720681,0.0055775722882724,0.0083663584324086,2543
2023-12-01,2023,12,0.7526466140144513,0.2009746261132582,0.5516719879011931,0.0015123508654006999,0.0008401949252226,0.0006721559401781,0.0188203663249873,0.0016803898504453,0.017139976474542,0.0,0.0,0.0,0.0309191732481935,0.0119307679381616,0.0189884053100319,0.0149554696689631,0.0095782221475382,0.0053772475214249,0.0015123508654006999,0.000336077970089,0.0011762728953117,0.0,0.0,0.0,0.031759368173416194,0.0078978322970929,0.0238615358763233,0.0522601243488488,0.0512518904385817,0.0010082339102671,0.0050411695513359,0.0050411695513359,0.0,0.0320954461435052,0.0173080154595866,0.0147874306839186,0.020164678205343498,0.0131070408334733,0.0070576373718702,0.0006721559401781,0.0,0.0006721559401781,0.008569988237271,0.0052092085363804,0.0033607797008906,0.0050411695513358,0.002856662745757,0.0021845068055788,0.0030247017308015,0.002856662745757,0.0001680389850445,0.0023525457906234,0.0,0.0023525457906234,0.0031927407158459003,0.0021845068055788,0.0010082339102671,0.011930767938161599,0.0023525457906234,0.0095782221475382,0.0105864560578053,0.0042009746261132,0.0063854814316921,1997
2024-01-01,2024,1,0.6886889460154241,0.1841902313624678,0.5044987146529563,0.0017994858611824,0.0014138817480719,0.0003856041131105,0.0260925449871464,0.0055269922879177,0.0205655526992287,0.0007712082262209,0.0006426735218508,0.0001285347043701,0.0368894601542416,0.0177377892030848,0.0191516709511568,0.0192802056555269,0.0107969151670951,0.0084832904884318,0.0023136246786631,0.0008997429305912,0.0014138817480719,0.0008997429305910999,0.0006426735218508,0.0002570694087403,0.0223650385604112,0.0052699228791773,0.0170951156812339,0.0706940874035989,0.0699228791773779,0.000771208226221,0.0057840616966580004,0.0056555269922879,0.0001285347043701,0.0508997429305911,0.018637532133676,0.0322622107969151,0.0399742930591258,0.0302056555269922,0.0097686375321336,0.0003856041131105,0.0,0.0003856041131105,0.0035989717223649,0.0025706940874035,0.0010282776349614,0.0089974293059125,0.0074550128534704,0.0015424164524421,0.0044987146529562,0.0033419023136246,0.0011568123393316,0.0005141388174806,0.0002570694087403,0.0002570694087403,0.0010282776349614,0.0005141388174807,0.0005141388174807,0.0177377892030848,0.005012853470437,0.0127249357326478,0.0089974293059125,0.0034704370179948,0.0055269922879177,2861
2024-02-01,2024,2,0.6216894690598719,0.1912890674030375,0.4304004016568344,0.0002510355215262,0.0002510355215262,0.0,0.0259821764779715,0.0035144973013681,0.0224676791766034,0.0006275888038157,0.0006275888038157,0.0,0.0302497803439186,0.011045562947157,0.0192042173967616,0.010794527425630699,0.0084096899711309,0.0023848374544998,0.0018827664114471,0.0011296598468683,0.0007531065645788,0.00037655328228929997,0.0002510355215262,0.0001255177607631,0.0174469687460775,0.0026358729760261,0.0148110957700514,0.15300615037027732,0.1517509727626459,0.0012551776076314,0.026860800803313503,0.0258566587172084,0.0010041420861051,0.0443077695493911,0.0190786996359984,0.0252290699133927,0.0164428266599722,0.0101669386218149,0.0062758880381573,0.00037655328228929997,0.0001255177607631,0.0002510355215262,0.0047696749089995,0.0041420861051838,0.0006275888038157,0.010041420861051802,0.0086607254926572,0.0013806953683946,0.0028869084975523,0.0026358729760261,0.0002510355215262,0.0031379440190786,0.000878624325342,0.0022593196937366,0.0021338019329734,0.0018827664114472,0.0002510355215262,0.0189531818752353,0.007656583406552,0.0112965984686833,0.014434542487761898,0.0056482992343416,0.0087862432534203,3606
2024-03-01,2024,3,0.7125378239705302,0.2001052493093014,0.5124325746612288,0.0017103012761477,0.0013156163662675,0.0003946849098802,0.028943560057887,0.0040784107354295,0.0248651493224575,0.0003946849098802,0.0002631232732535,0.0001315616366267,0.0385475595316405,0.0152611498487041,0.0232864096829364,0.013813971845809701,0.0086830680173661,0.0051309038284436,0.001578739639521,0.0003946849098802,0.0011840547296408,0.0002631232732535,0.0,0.0002631232732535,0.0338113406130771,0.0053940271016971,0.02841731351138,0.059202736482041704,0.0577555584791474,0.0014471780028943,0.0074990132877252,0.0074990132877252,0.0,0.0361794500723588,0.0124983554795421,0.0236810945928167,0.018550190764373,0.0074990132877252,0.0110511774766478,0.0018418629127745,0.000526246546507,0.0013156163662675,0.0059202736482041,0.0031574792790422,0.0027627943691619,0.0065780818313378,0.0032890409156689,0.0032890409156689,0.006314958558084401,0.0053940271016971,0.0009209314563873,0.0023681094592816,0.0007893698197605,0.0015787396395211,0.0027627943691619,0.0022365478226549,0.000526246546507,0.0178923825812392,0.0051309038284436,0.0127614787527956,0.0111827391132745,0.0028943560057887,0.0082883831074858,2580
2024-04-01,2024,4,0.6616276140085664,0.2236079617031998,0.4380196523053666,0.00251952632905,0.00151171579743,0.00100781053162,0.034013605442176804,0.0075585789871504,0.0264550264550264,0.000251952632905,0.000251952632905,0.0,0.0355253212396069,0.0133534895439657,0.0221718316956412,0.024817334341143797,0.0170068027210884,0.0078105316200554,0.0032753842277651,0.000755857898715,0.0025195263290501,0.000251952632905,0.000251952632905,0.0,0.0292265054169815,0.0100781053162005,0.019148400100781,0.07886117409926931,0.0767195767195767,0.0021415973796926,0.0079365079365079,0.0079365079365079,0.0,0.055933484504913,0.0258251448727639,0.0301083396321491,0.024187452758881303,0.0132275132275132,0.0109599395313681,0.000251952632905,0.000251952632905,0.0,0.0028974552784076,0.0020156210632401,0.0008818342151675,0.0152431342907532,0.0105820105820105,0.0046611237087427,0.0031494079113126,0.0028974552784076,0.000251952632905,0.0035273368606701,0.000755857898715,0.0027714789619551,0.00201562106324,0.0011337868480725,0.0008818342151675,0.0178886369362559,0.0031494079113126,0.0147392290249433,0.0110859158478205,0.0035273368606701,0.0075585789871504,3286
2024-05-01,2024,5,0.58936691150752,0.1896933659787804,0.3996735455287396,0.0010493179433368,0.0004663635303719,0.0005829544129649,0.0254168124052698,0.0033811355951964,0.0220356768100734,0.0006995452955578,0.0005829544129649,0.0001165908825929,0.0375422641949399,0.0165559053282033,0.0209863588667366,0.0170222688585752,0.0129415879678209,0.0040806808907543,0.0012824997085227,0.0005829544129649,0.0006995452955578,0.0003497726477788,0.0001165908825929,0.0002331817651859,0.0349772647778943,0.012242042672263,0.0227352221056313,0.1774513233065174,0.1745365512416929,0.0029147720648245,0.0178384050367261,0.0178384050367261,0.0,0.043371808324588895,0.0221522676926664,0.0212195406319225,0.0211029497493295,0.01212545178967,0.0089774979596595,0.0009327270607438,0.0009327270607438,0.0,0.0024484085344525,0.0017488632388947,0.0006995452955578,0.0090940888422524,0.0069954529555788,0.0020986358866736,0.0062959076600209,0.005712953247056,0.0005829544129649,0.0022152267692665,0.0003497726477789,0.0018654541214876,0.0024484085344525,0.0017488632388947,0.0006995452955578,0.011775679141891,0.0026815902996385,0.0090940888422525,0.0083945435466945,0.0033811355951964,0.0050134079514981,4098
2024-06-01,2024,6,0.6913930549925685,0.1680853938656938,0.5233076611268748,0.0017565193892716,0.0006755843804891,0.0010809350087825,0.029185245237130102,0.0044588569112282,0.0247263883259019,0.0,0.0,0.0,0.038238075935684304,0.0149979732468585,0.0232401026888258,0.0201324145385758,0.0178354276449128,0.002296986893663,0.0040535062829345995,0.0013511687609782,0.0027023375219564,0.0,0.0,0.0,0.0366166734225104,0.0094581813268477,0.0271584920956627,0.0236454533171192,0.0225645183083367,0.0010809350087825,0.0027023375219564,0.0027023375219564,0.0,0.047966491014727705,0.0281043102283475,0.0198621807863802,0.0572895554654776,0.0352655046615322,0.0220240508039454,0.0002702337521956,0.0001351168760978,0.0001351168760978,0.0041886231590325,0.0029725712741521,0.0012160518848804,0.0048642075395216,0.0025672206458586,0.002296986893663,0.0022969868936629,0.0020267531414673,0.0002702337521956,0.0032428050263477,0.0002702337521956,0.0029725712741521,0.0033779219024455,0.0028374543980543,0.0005404675043912,0.021483583299554097,0.0039183894068369,0.0175651938927172,0.0199972976624779,0.0059451425483042,0.0140521551141737,2331
2024-07-01,2024,7,0.7029778569610587,0.1863069483329091,0.5166709086281497,0.0016543649783659002,0.0015271061338763,0.0001272588444896,0.0225248154746754,0.0021634003563247,0.0203614151183507,0.0,0.0,0.0,0.0341053703232374,0.0124713667599898,0.0216340035632476,0.0131076609824382,0.0095444133367269,0.0035632476457113,0.0020361415118349997,0.0008908119114278,0.0011453296004072,0.0,0.0,0.0,0.0565029269534232,0.0201068974293713,0.0363960295240519,0.0243064392975311,0.023542886230593,0.0007635530669381,0.0036905064902009,0.0034359888012216,0.0002545176889793,0.0381776533469075,0.0165436497836599,0.0216340035632476,0.0636294222448459,0.0405955713922117,0.0230338508526342,0.000763553066938,0.000381776533469,0.000381776533469,0.0026724357342834,0.0016543649783659,0.0010180707559175,0.0061084245355051,0.0039450241791804,0.0021634003563247,0.0061084245355051,0.0055993891575464,0.0005090353779587,0.0019088826673452999,0.0006362942224484,0.0012725884448969,0.0029269534232627997,0.0022906592008144,0.0006362942224484,0.0139984728938661,0.0030542122677526,0.0109442606261135,0.009417154492237099,0.0035632476457113,0.0058539068465258,2619
2024-08-01,2024,8,0.7298149417409184,0.212748457847841,0.5170664838930774,0.0015078821110348,0.000548320767649,0.0009595613433858,0.0239890335846469,0.0021932830705962,0.0217957505140507,0.001096641535298,0.000548320767649,0.000548320767649,0.0420836189170664,0.0134338588074023,0.0286497601096641,0.0152159013022617,0.011240575736806,0.0039753255654557,0.0008224811514736,0.0004112405757368,0.0004112405757368,0.0001370801919122,0.0001370801919122,0.0,0.0313913639479095,0.0104180945853324,0.0209732693625771,0.014256339958875899,0.0135709389993146,0.0006854009595613,0.0028786840301575,0.0027416038382453,0.0001370801919122,0.0308430431802603,0.0128855380397532,0.0179575051405071,0.0618231665524331,0.0526387936943111,0.009184372858122,0.00041124057573669996,0.0002741603838245,0.0001370801919122,0.0030157642220698,0.0010966415352981,0.0019191226867717,0.010555174777244498,0.0065798492117888,0.0039753255654557,0.0060315284441398,0.005620287868403,0.0004112405757368,0.0024674434544207,0.0002741603838245,0.0021932830705962,0.002604523646333,0.0016449623029472,0.0009595613433858,0.0167237834132967,0.0030157642220699,0.0137080191912268,0.0100068540095955,0.0042494859492803,0.0057573680603152,2561
2024-09-01,2024,9,0.7433225711769884,0.1893161138831816,0.5540064572938068,0.0011740534194304999,0.0001467566774288,0.0010272967420017,0.0259759319049016,0.0039624302905782,0.0220135016143234,0.0,0.0,0.0,0.038597006163780395,0.0129145876137364,0.025682418550044,0.0174640446140298,0.010713237452304,0.0067508071617258,0.0002935133548576,0.0002935133548576,0.0,0.0,0.0,0.0,0.027296742001761,0.0080716172585852,0.0192251247431758,0.0161432345171704,0.0149691810977399,0.0011740534194305,0.0023481068388611,0.0023481068388611,0.0,0.0397710595832109,0.0137951276783093,0.0259759319049016,0.050631053712943797,0.0375697094217786,0.0130613442911652,0.0004402700322864,0.0,0.0004402700322864,0.0029351335485762998,0.0005870267097152,0.0023481068388611,0.007337833871440999,0.0048429703551511,0.0024948635162899,0.0052832403874375,0.0044027003228646,0.0008805400645729,0.007191077194012199,0.0004402700322864,0.0067508071617258,0.0033754035808628,0.0029351335485764,0.0004402700322864,0.0115937775168769,0.0027883768711476,0.0088054006457293,0.0067508071617258004,0.0026416201937188,0.004109186968007,2098
2024-10-01,2024,10,0.6430038510911424,0.17599486521181,0.4670089858793325,0.0021822849807445,0.0011553273427471,0.0010269576379974,0.0296534017971757,0.0092426187419768,0.0204107830551989,0.0010269576379973,0.000770218228498,0.0002567394094993,0.0386392811296533,0.0137355584082156,0.0249037227214377,0.0261874197689345,0.0183568677792041,0.0078305519897304,0.0001283697047496,0.0001283697047496,0.0,0.0001283697047496,0.0,0.0001283697047496,0.0272143774069318,0.0100128369704749,0.0172015404364569,0.028498074454428698,0.0263157894736842,0.0021822849807445,0.0019255455712451,0.0019255455712451,0.0,0.048523748395378596,0.0218228498074454,0.0267008985879332,0.1177150192554556,0.0736842105263157,0.0440308087291399,0.0008985879332475999,0.000770218228498,0.0001283697047496,0.0023106546854942,0.0011553273427471,0.0011553273427471,0.0109114249037226,0.0065468549422336,0.004364569961489,0.0065468549422335,0.0061617458279845,0.000385109114249,0.0091142490372271,0.0029525032092426,0.0061617458279845,0.0023106546854942,0.0011553273427471,0.0011553273427471,0.0109114249037226,0.0021822849807445,0.0087291399229781,0.0096277278562259,0.0024390243902439,0.007188703465982,2837
2024-11-01,2024,11,0.7229856791552148,0.1552148126717778,0.567770866483437,0.0015912049761318998,0.0010125849848112,0.0005786199913207,0.0368870244466946,0.0069434398958484,0.0299435845508462,0.0002893099956602,0.0001446549978301,0.0001446549978301,0.0350065094749022,0.0105598148416027,0.0244466946332995,0.0164906697526399,0.0112830898307536,0.0052075799218863,0.0005786199913207,0.0005786199913207,0.0,0.0002893099956603,0.0002893099956603,0.0,0.0451323593230145,0.0198177347027339,0.0253146246202806,0.0147548097786778,0.0138868797916968,0.000867929986981,0.0018805149717922,0.0017358599739621,0.0001446549978301,0.0444090843338637,0.0166353247504701,0.0277737595833936,0.031534789526978,0.0192391147114132,0.0122956748155648,0.0017358599739621,0.0011572399826414,0.0005786199913207,0.0049182699262259,0.0015912049761319,0.003327064950094,0.011861709822074299,0.0060755099088673,0.005786199913207,0.0034717199479241,0.0018805149717922,0.0015912049761319,0.0036163749457543,0.0002893099956603,0.003327064950094,0.0028930999566034003,0.0021698249674526,0.0007232749891508,0.0151887747721683,0.0020251699696224,0.0131636048025459,0.0134529147982062,0.0036163749457543,0.0098365398524519,1866
2024-12-01,2024,12,0.8058742542450664,0.1896894599969404,0.616184794248126,0.0018357044515832002,0.0007648768548263,0.0010708275967569,0.0298301973382284,0.006730916322472,0.0230992810157564,0.0,0.0,0.0,0.025240936209270204,0.0088725715159859,0.0163683646932843,0.0111672020804649,0.0081076946611595,0.0030595074193054,0.0004589261128958,0.0004589261128958,0.0,0.0,0.0,0.0,0.0209576258222425,0.0074957931772984,0.0134618326449441,0.00841364540309,0.0065779409515068,0.0018357044515832,0.0003059507419305,0.0003059507419305,0.0,0.0279944928866451,0.0097904237417775,0.0182040691448676,0.0272296160318188,0.0136148080159094,0.0136148080159094,0.0019886798225485,0.0015297537096527,0.0004589261128958,0.0048952118708886,0.0024476059354443,0.0024476059354443,0.0035184335322012,0.0027535566773749,0.0007648768548263,0.0062719902095761,0.0055071133547498,0.0007648768548263,0.0024476059354443,0.0001529753709652,0.0022946305644791,0.0026005813064095,0.0007648768548263,0.0018357044515832,0.0182040691448676,0.0053541379837846,0.012849931161083,0.0059660394676456,0.0015297537096527,0.0044362857579929,1759
2025-01-01,2025,1,0.8319250268858503,0.2243048087263788,0.6076202181594715,0.0010754340144415,0.000614533722538,0.0004609002919035,0.0221232140113688,0.0069135043785527,0.0152097096328161,0.0001536334306345,0.0001536334306345,0.0,0.026732216930404,0.0101398064218774,0.0165924105085266,0.009371639268704799,0.0061453372253802,0.0032263020433246,0.0001536334306345,0.0001536334306345,0.0,0.000307266861269,0.0,0.000307266861269,0.0132124750345674,0.0016899677369795,0.0115225072975879,0.0079889383929942,0.0067598709479182,0.001229067445076,0.0007681671531725,0.0007681671531725,0.0,0.027654017514211,0.0104470732831464,0.0172069442310646,0.0258104163465969,0.0138270087571055,0.0119834075894914,0.0001536334306345,0.0,0.0001536334306345,0.0026117683207865,0.0007681671531725,0.001843601167614,0.0078353049623598,0.0052235366415732,0.0026117683207866,0.0052235366415731,0.0041481026271316,0.0010754340144415,0.0019972345982485,0.0001536334306345,0.001843601167614,0.001536334306345,0.001229067445076,0.000307266861269,0.0106007067137808,0.000921800583807,0.0096789061299738,0.0084498386848977,0.001843601167614,0.0066062375172837,1902
2025-02-01,2025,2,0.8196967422308962,0.2366011109443026,0.5830956312865936,0.000900765650803,0.0001501276084671,0.0007506380423359,0.0283741180003001,0.0063053595556222,0.0220687584446779,0.0007506380423358001,0.0006005104338687,0.0001501276084671,0.025071310614021798,0.008407146074163,0.0166641645398588,0.0174148025821947,0.0109593154181053,0.0064554871640894,0.0,0.0,0.0,0.0003002552169342,0.0001501276084671,0.0001501276084671,0.0193664614922683,0.0063053595556222,0.0130611019366461,0.0096081669419005,0.0082570184656958,0.0013511484762047,0.0001501276084671,0.0,0.0001501276084671,0.0301756493019065,0.0121603362858429,0.0180153130160636,0.020267227143071498,0.0094580393334334,0.0108091878096381,0.0,0.0,0.0,0.0034529349947453997,0.0028524245608767,0.0006005104338687,0.0058549767302206,0.0042035730370815,0.0016514036931391,0.0036030626032126,0.0030025521693439,0.0006005104338687,0.0018015313016062,0.0001501276084671,0.0016514036931391,0.0010508932592702002,0.0006005104338687,0.0004503828254015,0.010508932592703699,0.0021017865185407,0.008407146074163,0.0087074012910973,0.0021017865185407,0.0066056147725566,2065
2025-03-01,2025,3,0.8168843409182712,0.1988689915174364,0.6180153494008348,0.0013464386697185,0.0004039316009155,0.000942507068803,0.0227548135182442,0.0052511108119025,0.0175037027063417,0.0004039316009155,0.0,0.0004039316009155,0.0239666083209909,0.0074054126834522,0.0165611956375387,0.010367577756833099,0.0059243301467618,0.0044432476100713,0.0004039316009155,0.0004039316009155,0.0,0.0001346438669718,0.0001346438669718,0.0,0.0137336744311296,0.0021543018715497,0.0115793725595799,0.0102329338898612,0.009559714555002,0.0006732193348592,0.0005385754678874,0.0005385754678874,0.0,0.0337956106099367,0.0129258112292985,0.0208697993806382,0.0331223912750773,0.0162919079035949,0.0168304833714824,0.0006732193348591999,0.0001346438669718,0.0005385754678874,0.0029621650733808,0.0020196580045778,0.000942507068803,0.0117140164265517,0.009559714555002,0.0021543018715497,0.0033660966742964,0.0021543018715497,0.0012117948027467,0.0009425070688029,0.0001346438669718,0.0008078632018311,0.0009425070688029,0.0006732193348592,0.0002692877339437,0.0103675777568331,0.0022889457385216,0.0080786320183115,0.0059243301467617,0.0013464386697185,0.0045778914770432,2044
2025-04-01,2025,4,0.8311050477489768,0.1971350613915416,0.6339699863574352,0.0013642564802182,0.0006821282401091,0.0006821282401091,0.024829467939972698,0.0073669849931787,0.017462482946794,0.0,0.0,0.0,0.024693042291950802,0.0105047748976807,0.0141882673942701,0.009549795361527901,0.0055934515688949,0.003956343792633,0.0,0.0,0.0,0.0002728512960436,0.0001364256480218,0.0001364256480218,0.020600272851296,0.0073669849931787,0.0132332878581173,0.0066848567530695,0.0058663028649386,0.0008185538881309,0.0004092769440654,0.0004092769440654,0.0,0.0264665757162346,0.0094133697135061,0.0170532060027285,0.0215552523874488,0.0128240109140518,0.008731241473397,0.0008185538881309001,0.0005457025920873,0.0002728512960436,0.0058663028649385005,0.0040927694406548,0.0017735334242837,0.0069577080491131,0.0055934515688949,0.0013642564802182,0.0032742155525238,0.0020463847203274,0.0012278308321964,0.0027285129604364,0.0008185538881309,0.0019099590723055,0.0005457025920872,0.0002728512960436,0.0002728512960436,0.0117326057298771,0.002319236016371,0.0094133697135061,0.005457025920873,0.0013642564802182,0.0040927694406548,1983
2025-05-01,2025,5,0.7982768052516411,0.1917396061269146,0.6065371991247265,0.0017778993435447,0.0013676148796498,0.0004102844638949,0.0328227571115973,0.0084792122538293,0.024343544857768,0.0015043763676148,0.0015043763676148,0.0,0.028446389496717697,0.0135393873085339,0.0149070021881838,0.0101203501094091,0.0069748358862144,0.0031455142231947,0.0,0.0,0.0,0.0013676148796498,0.0008205689277899,0.0005470459518599,0.0257111597374179,0.0087527352297593,0.0169584245076586,0.0083424507658642,0.0079321663019693,0.0004102844638949,0.0005470459518599,0.0005470459518599,0.0,0.0318654266958424,0.0135393873085339,0.0183260393873085,0.0336433260393872,0.0205142231947483,0.0131291028446389,0.0016411378555798,0.0016411378555798,0.0,0.0042396061269145,0.0027352297592997,0.0015043763676148,0.0084792122538292,0.0043763676148796,0.0041028446389496,0.0015043763676148,0.0009573304157549,0.0005470459518599,0.0025984682713347,0.0005470459518599,0.0020514223194748,0.0019146608315098001,0.0012308533916849,0.0006838074398249,0.0082056892778992,0.0013676148796498,0.0068380743982494,0.0039660831509846,0.0005470459518599,0.0034190371991247,2086
2025-06-01,2025,6,0.7909337909337909,0.1751751751751751,0.6157586157586158,0.0028600028600028003,0.0011440011440011,0.0017160017160017,0.0338910338910338,0.009009009009009,0.0248820248820248,0.0,0.0,0.0,0.0288860288860288,0.0135850135850135,0.0153010153010153,0.0164450164450163,0.0088660088660088,0.0075790075790075,0.0002860002860002,0.0002860002860002,0.0,0.0012870012870012,0.0012870012870012,0.0,0.0158730158730158,0.0057200057200057,0.0101530101530101,0.0065780065780065,0.0057200057200057,0.0008580008580008,0.0010010010010009,0.0008580008580008,0.0001430001430001,0.0536250536250536,0.0263120263120263,0.0273130273130273,0.0336050336050335,0.0141570141570141,0.0194480194480194,0.0002860002860002,0.0002860002860002,0.0,0.0034320034320033995,0.001001001001001,0.0024310024310024,0.0025740025740024998,0.0007150007150007,0.0018590018590018,0.0021450021450020998,0.0017160017160017,0.0004290004290004,0.0028600028600028,0.0008580008580008,0.002002002002002,0.0017160017160016,0.0012870012870012,0.0004290004290004,0.007150007150007,0.0018590018590018,0.0052910052910052,0.0060060060060059,0.0024310024310024,0.0035750035750035,1858
2025-07-01,2025,7,0.7726196738558653,0.1713571804313519,0.6012624934245134,0.0022356654392424,0.0015781167806417,0.0006575486586007,0.025118358758548003,0.0080220936349289,0.0170962651236191,0.0,0.0,0.0,0.0222251446607048,0.0082851130983692,0.0139400315623356,0.022882693319305602,0.0167017359284587,0.0061809573908469,0.0002630194634402,0.0002630194634402,0.0,0.0035507627564438002,0.0032877432930036,0.0002630194634402,0.0163072067332982,0.0043398211467648,0.0119673855865334,0.0085481325618095,0.0072330352446081,0.0013150973172014,0.0013150973172014,0.0013150973172014,0.0,0.03577064702788,0.0194634402945818,0.0163072067332982,0.0721988427143608,0.0353761178327196,0.0368227248816412,0.0006575486586007,0.0006575486586007,0.0,0.0035507627564439004,0.0019726459758022,0.0015781167806417,0.0040768016833244,0.0024986849026827,0.0015781167806417,0.0024986849026827,0.0014466070489216,0.0010520778537611,0.0019726459758021,0.0005260389268805,0.0014466070489216,0.0010520778537611,0.000920568122041,0.0001315097317201,0.0115728563913728,0.0024986849026827,0.0090741714886901,0.0053918990005259,0.0010520778537611,0.0043398211467648,2120
2025-08-01,2025,8,0.7731194392019413,0.1621730924777568,0.6109463467241845,0.0020221083850093,0.000943650579671,0.0010784578053383,0.0254785656511189,0.0063359396063629,0.019142626044756,0.0002696144513345,0.0,0.0002696144513345,0.023052035589107497,0.0079536263143704,0.0150984092747371,0.0241304933944458,0.0163116743057427,0.0078188190887031,0.0001348072256672,0.0001348072256672,0.0,0.0008088433540036,0.0004044216770018,0.0004044216770018,0.0343758425451603,0.0113238069560528,0.0230520355891075,0.0155028309517389,0.0138851442437314,0.0016176867080075,0.0006740361283364,0.0006740361283364,0.0,0.0455648422755459,0.023726071717444,0.0218387705581019,0.0385548665408465,0.015502830951739,0.0230520355891075,0.0006740361283363,0.0002696144513345,0.0004044216770018,0.0029657589646804,0.0016176867080075,0.0013480722566729,0.0063359396063628,0.0047182528983553,0.0016176867080075,0.0045834456726879,0.003235373416015,0.0013480722566729,0.0016176867080074,0.0004044216770018,0.0012132650310056,0.0012132650310055,0.000943650579671,0.0002696144513345,0.010649770827716301,0.0031005661903478,0.0075492046373685,0.0070099757346992995,0.0013480722566729,0.0056619034780264,1952
2025-09-01,2025,9,0.7915760024867888,0.1792042275411874,0.6123717749456015,0.000777121541809,0.0003108486167236,0.0004662729250854,0.0320174075225364,0.0094808828100714,0.022536524712465,0.0003108486167236,0.0003108486167236,0.0,0.026111283804787,0.0108797015853279,0.0152315822194591,0.025178737954616,0.0188063413117811,0.0063723966428349,0.0003108486167236,0.0003108486167236,0.0,0.0003108486167236,0.0001554243083618,0.0001554243083618,0.0335716506061547,0.0087037612682623,0.0248678893378924,0.009636307118433201,0.0091700341933478,0.0004662729250854,0.0001554243083618,0.0001554243083618,0.0,0.0337270749145165,0.0166304009947155,0.017096673919801,0.0240907677960832,0.0104134286602424,0.0136773391358408,0.0010879701585327,0.0004662729250854,0.0006216972334473,0.0021759403170655,0.0006216972334473,0.0015542430836182,0.0045073049424929,0.0031084861672365,0.0013988187752564,0.0021759403170654,0.0010879701585327,0.0010879701585327,0.00170966739198,0.0004662729250854,0.0012433944668946,0.0027976375505128,0.0023313646254274,0.0004662729250854,0.0091700341933477,0.0024867889337892,0.0066832452595585,0.0082374883431768,0.0023313646254274,0.0059061237177494,1749
2025-10-01,2025,10,0.7730101539469374,0.1639371110383229,0.6090730429086145,0.0013101867016049,0.0009826400262037,0.0003275466754012,0.0296429741238125,0.0062233868326236,0.0234195872911889,0.0008188666885031,0.0008188666885031,0.0,0.0191614805109727,0.0062233868326236,0.0129380936783491,0.0104814936128397,0.0070422535211267,0.003439240091713,0.0,0.0,0.0,0.0001637733377006,0.0001637733377006,0.0,0.0735342286275793,0.0230920406157877,0.0504421880117916,0.0055682934818211,0.0044218801179168,0.0011464133639043,0.0004913200131018,0.0003275466754012,0.0001637733377006,0.026203734032099496,0.0104814936128398,0.0157222404192597,0.028496560759908203,0.0140845070422535,0.0144120537176547,0.0031116934163117,0.0019652800524074,0.0011464133639043,0.0034392400917129,0.0013101867016049,0.002129053390108,0.004585653455617299,0.0024566000655093,0.002129053390108,0.0022928267278086003,0.0016377333770062,0.0006550933508024,0.0018015067147066999,0.0004913200131018,0.0013101867016049,0.0001637733377006,0.0001637733377006,0.0,0.0080248935473304,0.0013101867016049,0.0067147068457255,0.0111365869636422,0.0018015067147068,0.0093350802489354,1500
2025-11-01,2025,11,0.8193905817174516,0.1876269621421976,0.631763619575254,0.0014773776546629,0.0005540166204986,0.0009233610341643,0.0232686980609418,0.0051708217913204,0.0180978762696214,0.0,0.0,0.0,0.021421975992613,0.0092336103416435,0.0121883656509695,0.0129270544783009,0.0075715604801477,0.0053554939981532,0.0,0.0,0.0,0.0001846722068328,0.0001846722068328,0.0,0.026223453370267602,0.0072022160664819,0.0190212373037857,0.008864265927977701,0.0081255771006463,0.0007386888273314,0.0003693444136657,0.0003693444136657,0.0,0.0317636195752538,0.0140350877192982,0.0177285318559556,0.0253000923361034,0.0110803324099723,0.0142197599261311,0.0003693444136657,0.0003693444136657,0.0,0.0040627885503231,0.0024007386888273,0.0016620498614958,0.0086795937211449,0.0055401662049861,0.0031394275161588,0.0029547553093259,0.0024007386888273,0.0005540166204986,0.0014773776546629,0.0001846722068328,0.0012927054478301,0.0022160664819944,0.0012927054478301,0.0009233610341643,0.0083102493074791,0.0016620498614958,0.0066481994459833,0.0103416435826408,0.0025854108956602,0.0077562326869806,1422
2025-12-01,2025,12,0.8084431429965837,0.1742313323572474,0.6342118106393363,0.0026842362127867,0.0012201073694485,0.0014641288433382,0.0234260614934113,0.0065885797950219,0.0168374816983894,0.0004880429477794,0.0004880429477794,0.0,0.0185456320156173,0.0051244509516837,0.0134211810639336,0.0331869204489994,0.0239141044411908,0.0092728160078086,0.0,0.0,0.0,0.0002440214738897,0.0002440214738897,0.0,0.0156173743289409,0.002440214738897,0.0131771595900439,0.0078086871644704,0.0075646656905807,0.0002440214738897,0.0004880429477794,0.0004880429477794,0.0,0.0397755002440214,0.0226939970717423,0.0170815031722791,0.0285505124450951,0.0153733528550512,0.0131771595900439,0.0014641288433382,0.0009760858955588,0.0004880429477794,0.0036603221083455002,0.0009760858955588,0.0026842362127867,0.0092728160078086,0.0070766227428013,0.0021961932650073,0.0012201073694485,0.0012201073694485,0.0,0.0014641288433382,0.0002440214738897,0.0012201073694485,0.0036603221083455,0.0021961932650073,0.0014641288433382,0.0119570522205953,0.0019521717911176,0.0100048804294777,0.0075646656905807,0.0026842362127867,0.004880429477794,1090
2026-01-01,2026,1,0.8864197530864197,0.2123456790123457,0.674074074074074,0.0,0.0,0.0,0.0123456790123456,0.0049382716049382,0.0074074074074074,0.0,0.0,0.0,0.0074074074074074,0.0,0.0074074074074074,0.0074074074074074,0.0074074074074074,0.0,0.0,0.0,0.0,0.0,0.0,0.0,0.019753086419753,0.0123456790123456,0.0074074074074074,0.0024691358024691,0.0024691358024691,0.0,0.0,0.0,0.0,0.014814814814814701,0.0098765432098765,0.0049382716049382,0.0296296296296295,0.0172839506172839,0.0123456790123456,0.0,0.0,0.0,0.0,0.0,0.0,0.0074074074074073,0.0049382716049382,0.0024691358024691,0.0,0.0,0.0,0.0,0.0,0.0,0.0,0.0,0.0,0.0,0.0,0.0,0.0123456790123456,0.0,0.0123456790123456,110
