date,year,month,-999,cr_-999,nr_-999,activism,cr_activism,nr_activism,arrest,cr_arrest,nr_arrest,censor,cr_censor,nr_censor,cooperate,cr_cooperate,nr_cooperate,corruption,cr_corruption,nr_corruption,coup,cr_coup,nr_coup,defamationcase,cr_defamationcase,nr_defamationcase,disaster,cr_disaster,nr_disaster,electionactivity,cr_electionactivity,nr_electionactivity,electionirregularities,cr_electionirregularities,nr_electionirregularities,legalaction,cr_legalaction,nr_legalaction,legalchange,cr_legalchange,nr_legalchange,martiallaw,cr_martiallaw,nr_martiallaw,mobilizesecurity,cr_mobilizesecurity,nr_mobilizesecurity,protest,cr_protest,nr_protest,purge,cr_purge,nr_purge,raid,cr_raid,nr_raid,threaten,cr_threaten,nr_threaten,violencelethal,cr_violencelethal,nr_violencelethal,violencenonlethal,cr_violencenonlethal,nr_violencenonlethal,-999Norm,cr_-999Norm,nr_-999Norm,activismNorm,cr_activismNorm,nr_activismNorm,arrestNorm,cr_arrestNorm,nr_arrestNorm,censorNorm,cr_censorNorm,nr_censorNorm,cooperateNorm,cr_cooperateNorm,nr_cooperateNorm,corruptionNorm,cr_corruptionNorm,nr_corruptionNorm,coupNorm,cr_coupNorm,nr_coupNorm,defamationcaseNorm,cr_defamationcaseNorm,nr_defamationcaseNorm,disasterNorm,cr_disasterNorm,nr_disasterNorm,electionactivityNorm,cr_electionactivityNorm,nr_electionactivityNorm,electionirregularitiesNorm,cr_electionirregularitiesNorm,nr_electionirregularitiesNorm,legalactionNorm,cr_legalactionNorm,nr_legalactionNorm,legalchangeNorm,cr_legalchangeNorm,nr_legalchangeNorm,martiallawNorm,cr_martiallawNorm,nr_martiallawNorm,mobilizesecurityNorm,cr_mobilizesecurityNorm,nr_mobilizesecurityNorm,protestNorm,cr_protestNorm,nr_protestNorm,purgeNorm,cr_purgeNorm,nr_purgeNorm,raidNorm,cr_raidNorm,nr_raidNorm,threatenNorm,cr_threatenNorm,nr_threatenNorm,violencelethalNorm,cr_violencelethalNorm,nr_violencelethalNorm,violencenonlethalNorm,cr_violencenonlethalNorm,nr_violencenonlethalNorm,total_articles
2012-01-01,2012,1,56,27,29,0,0,0,0,0,0,0,0,0,0,0,0,3,2,1,0,0,0,0,0,0,0,0,0,0,0,0,1,1,0,7,5,2,2,2,0,0,0,0,0,0,0,1,1,0,2,2,0,0,0,0,0,0,0,1,0,1,1,0,1,0.7777777777777778,0.375,0.4027777777777778,0.0,0.0,0.0,0.0,0.0,0.0,0.0,0.0,0.0,0.0,0.0,0.0,0.0416666666666665,0.0277777777777777,0.0138888888888888,0.0,0.0,0.0,0.0,0.0,0.0,0.0,0.0,0.0,0.0,0.0,0.0,0.0138888888888888,0.0138888888888888,0.0,0.0972222222222221,0.0694444444444444,0.0277777777777777,0.0277777777777777,0.0277777777777777,0.0,0.0,0.0,0.0,0.0,0.0,0.0,0.0138888888888888,0.0138888888888888,0.0,0.0277777777777777,0.0277777777777777,0.0,0.0,0.0,0.0,0.0,0.0,0.0,0.0138888888888888,0.0,0.0138888888888888,0.0138888888888888,0.0,0.0138888888888888,38
2012-02-01,2012,2,38,21,17,3,3,0,2,2,0,0,0,0,0,0,0,1,1,0,0,0,0,0,0,0,1,1,0,5,5,0,0,0,0,9,8,1,9,6,3,0,0,0,2,2,0,7,7,0,0,0,0,0,0,0,0,0,0,1,1,0,0,0,0,0.4935064935064934,0.2727272727272727,0.2207792207792207,0.0389610389610389,0.0389610389610389,0.0,0.0259740259740259,0.0259740259740259,0.0,0.0,0.0,0.0,0.0,0.0,0.0,0.0129870129870129,0.0129870129870129,0.0,0.0,0.0,0.0,0.0,0.0,0.0,0.0129870129870129,0.0129870129870129,0.0,0.0649350649350649,0.0649350649350649,0.0,0.0,0.0,0.0,0.1168831168831168,0.1038961038961039,0.0129870129870129,0.11688311688311681,0.0779220779220779,0.0389610389610389,0.0,0.0,0.0,0.0259740259740259,0.0259740259740259,0.0,0.0909090909090909,0.0909090909090909,0.0,0.0,0.0,0.0,0.0,0.0,0.0,0.0,0.0,0.0,0.0129870129870129,0.0129870129870129,0.0,0.0,0.0,0.0,56
2012-03-01,2012,3,75,37,38,0,0,0,1,1,0,0,0,0,4,1,3,1,1,0,0,0,0,0,0,0,0,0,0,27,26,1,1,1,0,5,3,2,5,3,2,0,0,0,0,0,0,1,1,0,0,0,0,0,0,0,0,0,0,0,0,0,0,0,0,0.630252100840336,0.3109243697478991,0.3193277310924369,0.0,0.0,0.0,0.0084033613445378,0.0084033613445378,0.0,0.0,0.0,0.0,0.0336134453781512,0.0084033613445378,0.0252100840336134,0.0084033613445378,0.0084033613445378,0.0,0.0,0.0,0.0,0.0,0.0,0.0,0.0,0.0,0.0,0.22689075630252098,0.2184873949579832,0.0084033613445378,0.0084033613445378,0.0084033613445378,0.0,0.042016806722688996,0.0252100840336134,0.0168067226890756,0.042016806722688996,0.0252100840336134,0.0168067226890756,0.0,0.0,0.0,0.0,0.0,0.0,0.0084033613445378,0.0084033613445378,0.0,0.0,0.0,0.0,0.0,0.0,0.0,0.0,0.0,0.0,0.0,0.0,0.0,0.0,0.0,0.0,73
2012-04-01,2012,4,79,41,38,0,0,0,0,0,0,0,0,0,1,1,0,2,1,1,0,0,0,0,0,0,2,1,1,3,3,0,0,0,0,9,6,3,7,3,4,0,0,0,1,1,0,0,0,0,2,2,0,0,0,0,0,0,0,1,1,0,0,0,0,0.7383177570093457,0.3831775700934579,0.3551401869158878,0.0,0.0,0.0,0.0,0.0,0.0,0.0,0.0,0.0,0.0093457943925233,0.0093457943925233,0.0,0.0186915887850466,0.0093457943925233,0.0093457943925233,0.0,0.0,0.0,0.0,0.0,0.0,0.0186915887850466,0.0093457943925233,0.0093457943925233,0.02803738317757,0.02803738317757,0.0,0.0,0.0,0.0,0.0841121495327101,0.0560747663551401,0.02803738317757,0.06542056074766339,0.02803738317757,0.0373831775700934,0.0,0.0,0.0,0.0093457943925233,0.0093457943925233,0.0,0.0,0.0,0.0,0.0186915887850467,0.0186915887850467,0.0,0.0,0.0,0.0,0.0,0.0,0.0,0.0093457943925233,0.0093457943925233,0.0,0.0,0.0,0.0,60
2012-05-01,2012,5,48,23,25,0,0,0,2,0,2,0,0,0,4,0,4,1,1,0,0,0,0,0,0,0,1,0,1,6,5,1,1,1,0,10,8,2,6,3,3,0,0,0,0,0,0,2,1,1,0,0,0,0,0,0,0,0,0,1,0,1,1,1,0,0.5853658536585367,0.2804878048780488,0.3048780487804878,0.0,0.0,0.0,0.024390243902439,0.0,0.024390243902439,0.0,0.0,0.0,0.048780487804878,0.0,0.048780487804878,0.0121951219512195,0.0121951219512195,0.0,0.0,0.0,0.0,0.0,0.0,0.0,0.0121951219512195,0.0,0.0121951219512195,0.073170731707317,0.0609756097560975,0.0121951219512195,0.0121951219512195,0.0121951219512195,0.0,0.1219512195121951,0.0975609756097561,0.024390243902439,0.073170731707317,0.0365853658536585,0.0365853658536585,0.0,0.0,0.0,0.0,0.0,0.0,0.024390243902439,0.0121951219512195,0.0121951219512195,0.0,0.0,0.0,0.0,0.0,0.0,0.0,0.0,0.0,0.0121951219512195,0.0,0.0121951219512195,0.0121951219512195,0.0121951219512195,0.0,42
2012-06-01,2012,6,793,247,546,4,3,1,59,10,49,0,0,0,30,16,14,17,4,13,3,1,2,0,0,0,36,8,28,42,40,2,2,2,0,85,24,61,22,13,9,0,0,0,4,2,2,12,8,4,11,10,1,1,1,0,2,2,0,47,8,39,14,7,7,0.677198975234842,0.210930828351836,0.466268146883006,0.0034158838599486,0.0025619128949615,0.0008539709649871,0.050384286934244196,0.0085397096498719,0.0418445772843723,0.0,0.0,0.0,0.0256191289496156,0.013663535439795,0.0119555935098206,0.014517506404782101,0.0034158838599487,0.0111016225448334,0.0025619128949614,0.0008539709649871,0.0017079419299743,0.0,0.0,0.0,0.0307429547395388,0.0068317677198975,0.0239111870196413,0.035866780529461906,0.0341588385994876,0.0017079419299743,0.0017079419299743,0.0017079419299743,0.0,0.0725875320239111,0.0204953031596925,0.0520922288642186,0.0187873612297181,0.0111016225448334,0.0076857386848847,0.0,0.0,0.0,0.0034158838599486,0.0017079419299743,0.0017079419299743,0.0102476515798462,0.0068317677198975,0.0034158838599487,0.009393680614859,0.0085397096498719,0.0008539709649871,0.0008539709649871,0.0008539709649871,0.0,0.0017079419299743,0.0017079419299743,0.0,0.0401366353543979,0.0068317677198975,0.0333048676345004,0.0119555935098206,0.0059777967549103,0.0059777967549103,403
2012-07-01,2012,7,832,235,597,3,1,2,55,5,50,3,3,0,34,22,12,9,7,2,1,1,0,0,0,0,51,12,39,31,30,1,5,5,0,78,35,43,37,22,15,0,0,0,3,0,3,24,19,5,5,5,0,2,0,2,6,5,1,43,11,32,14,7,7,0.6764227642276422,0.1910569105691057,0.4853658536585366,0.0024390243902439003,0.0008130081300813,0.0016260162601626,0.0447154471544715,0.0040650406504065,0.040650406504065,0.0024390243902439,0.0024390243902439,0.0,0.0276422764227642,0.0178861788617886,0.0097560975609756,0.0073170731707317,0.0056910569105691,0.0016260162601626,0.0008130081300813,0.0008130081300813,0.0,0.0,0.0,0.0,0.041463414634146295,0.0097560975609756,0.0317073170731707,0.0252032520325203,0.024390243902439,0.0008130081300813,0.0040650406504065,0.0040650406504065,0.0,0.0634146341463414,0.0284552845528455,0.0349593495934959,0.030081300813008104,0.0178861788617886,0.0121951219512195,0.0,0.0,0.0,0.0024390243902439,0.0,0.0024390243902439,0.019512195121951202,0.0154471544715447,0.0040650406504065,0.0040650406504065,0.0040650406504065,0.0,0.0016260162601626,0.0,0.0016260162601626,0.0048780487804878005,0.0040650406504065,0.0008130081300813,0.034959349593495906,0.0089430894308943,0.0260162601626016,0.0113821138211382,0.0056910569105691,0.0056910569105691,421
2012-08-01,2012,8,150,65,85,0,0,0,6,2,4,0,0,0,6,4,2,5,4,1,0,0,0,1,1,0,23,17,6,8,8,0,0,0,0,16,11,5,4,2,2,0,0,0,1,0,1,2,2,0,0,0,0,0,0,0,0,0,0,3,1,2,1,1,0,0.6787330316742081,0.2941176470588235,0.3846153846153846,0.0,0.0,0.0,0.027149321266968302,0.0090497737556561,0.0180995475113122,0.0,0.0,0.0,0.027149321266968302,0.0180995475113122,0.0090497737556561,0.0226244343891402,0.0180995475113122,0.004524886877828,0.0,0.0,0.0,0.004524886877828,0.004524886877828,0.0,0.1040723981900452,0.0769230769230769,0.0271493212669683,0.0361990950226244,0.0361990950226244,0.0,0.0,0.0,0.0,0.0723981900452487,0.0497737556561085,0.0226244343891402,0.0180995475113122,0.0090497737556561,0.0090497737556561,0.0,0.0,0.0,0.004524886877828,0.0,0.004524886877828,0.0090497737556561,0.0090497737556561,0.0,0.0,0.0,0.0,0.0,0.0,0.0,0.0,0.0,0.0,0.0135746606334841,0.004524886877828,0.0090497737556561,0.004524886877828,0.004524886877828,0.0,113
2012-09-01,2012,9,1213,309,904,1,1,0,87,13,74,1,1,0,35,18,17,20,7,13,1,0,1,0,0,0,69,28,41,38,35,3,2,2,0,106,40,66,54,29,25,0,0,0,3,1,2,21,16,5,10,8,2,2,0,2,5,4,1,48,9,39,21,8,13,0.7027809965237543,0.1790266512166859,0.5237543453070683,0.0005793742757821,0.0005793742757821,0.0,0.0504055619930474,0.007531865585168,0.0428736964078794,0.0005793742757821,0.0005793742757821,0.0,0.0202780996523753,0.0104287369640787,0.0098493626882966,0.011587485515643,0.004055619930475,0.007531865585168,0.0005793742757821,0.0,0.0005793742757821,0.0,0.0,0.0,0.0399768250289686,0.0162224797219003,0.0237543453070683,0.022016222479721802,0.0202780996523754,0.0017381228273464,0.0011587485515643,0.0011587485515643,0.0,0.061413673232908396,0.0231749710312862,0.0382387022016222,0.0312862108922363,0.0168018539976825,0.0144843568945538,0.0,0.0,0.0,0.0017381228273463999,0.0005793742757821,0.0011587485515643,0.0121668597914251,0.0092699884125144,0.0028968713789107,0.005793742757821499,0.0046349942062572,0.0011587485515643,0.0011587485515643,0.0,0.0011587485515643,0.0028968713789106998,0.0023174971031286,0.0005793742757821,0.027809965237543297,0.0052143684820393,0.022595596755504,0.0121668597914252,0.0046349942062572,0.007531865585168,526
2012-10-01,2012,10,1045,244,801,4,1,3,78,19,59,0,0,0,34,13,21,35,22,13,0,0,0,3,1,2,44,15,29,48,46,2,2,2,0,115,42,73,49,18,31,0,0,0,4,0,4,29,20,9,10,9,1,4,0,4,1,1,0,71,12,59,20,7,13,0.6656050955414012,0.1554140127388535,0.5101910828025478,0.0025477707006369,0.0006369426751592,0.0019108280254777,0.0496815286624203,0.0121019108280254,0.0375796178343949,0.0,0.0,0.0,0.021656050955413897,0.00828025477707,0.0133757961783439,0.022292993630573098,0.0140127388535031,0.00828025477707,0.0,0.0,0.0,0.0019108280254776,0.0006369426751592,0.0012738853503184,0.0280254777070063,0.0095541401273885,0.0184713375796178,0.0305732484076432,0.0292993630573248,0.0012738853503184,0.0012738853503184,0.0012738853503184,0.0,0.0732484076433121,0.0267515923566879,0.0464968152866242,0.0312101910828025,0.0114649681528662,0.0197452229299363,0.0,0.0,0.0,0.0025477707006369,0.0,0.0025477707006369,0.0184713375796178,0.0127388535031847,0.0057324840764331,0.0063694267515923,0.0057324840764331,0.0006369426751592,0.0025477707006369,0.0,0.0025477707006369,0.0006369426751592,0.0006369426751592,0.0,0.0452229299363057,0.0076433121019108,0.0375796178343949,0.0127388535031846,0.0044585987261146,0.00828025477707,458
2012-11-01,2012,11,1056,224,832,3,2,1,82,17,65,0,0,0,51,23,28,39,22,17,0,0,0,0,0,0,49,21,28,33,26,7,1,0,1,100,38,62,43,17,26,1,1,0,3,0,3,15,11,4,9,7,2,0,0,0,5,3,2,60,12,48,28,5,23,0.6786632390745501,0.1439588688946015,0.5347043701799485,0.0019280205655525001,0.0012853470437017,0.0006426735218508,0.052699228791773606,0.0109254498714652,0.0417737789203084,0.0,0.0,0.0,0.0327763496143957,0.0147814910025706,0.0179948586118251,0.0250642673521849,0.0141388174807197,0.0109254498714652,0.0,0.0,0.0,0.0,0.0,0.0,0.0314910025706939,0.0134961439588688,0.0179948586118251,0.021208226221079502,0.0167095115681233,0.0044987146529562,0.0006426735218508,0.0,0.0006426735218508,0.0642673521850898,0.0244215938303341,0.0398457583547557,0.027634961439588504,0.0109254498714652,0.0167095115681233,0.0006426735218508,0.0006426735218508,0.0,0.0019280205655526,0.0,0.0019280205655526,0.0096401028277633,0.0070694087403598,0.0025706940874035,0.005784061696657901,0.0044987146529562,0.0012853470437017,0.0,0.0,0.0,0.0032133676092543,0.0019280205655526,0.0012853470437017,0.0385604113110538,0.0077120822622107,0.0308483290488431,0.017994858611825,0.0032133676092544,0.0147814910025706,417
2012-12-01,2012,12,1038,239,799,3,1,2,80,11,69,0,0,0,21,13,8,32,12,20,3,1,2,0,0,0,63,23,40,23,21,2,0,0,0,71,31,40,54,26,28,0,0,0,6,1,5,13,8,5,15,15,0,0,0,0,3,0,3,53,10,43,26,13,13,0.700877785280216,0.1613774476704929,0.5395003376097232,0.0020256583389601,0.00067521944632,0.0013504388926401,0.0540175557056042,0.0074274139095205,0.0465901417960837,0.0,0.0,0.0,0.0141796083727211,0.0087778528021607,0.0054017555705604,0.0216070222822416,0.0081026333558406,0.013504388926401,0.0020256583389601,0.00067521944632,0.0013504388926401,0.0,0.0,0.0,0.0425388251181633,0.0155300472653612,0.0270087778528021,0.0155300472653612,0.0141796083727211,0.0013504388926401,0.0,0.0,0.0,0.0479405806887237,0.0209318028359216,0.0270087778528021,0.0364618501012829,0.0175557056043214,0.0189061444969615,0.0,0.0,0.0,0.0040513166779202,0.00067521944632,0.0033760972316002,0.008777852802160601,0.0054017555705604,0.0033760972316002,0.0101282916948008,0.0101282916948008,0.0,0.0,0.0,0.0,0.0020256583389601,0.0,0.0020256583389601,0.0357866306549628,0.0067521944632005,0.0290344361917623,0.0175557056043214,0.0087778528021607,0.0087778528021607,418
2013-01-01,2013,1,2079,613,1466,1,0,1,165,41,124,3,3,0,82,38,44,48,24,24,1,0,1,0,0,0,83,22,61,76,73,3,6,6,0,213,90,123,108,56,52,0,0,0,10,4,6,33,29,4,12,11,1,1,1,0,9,8,1,133,42,91,59,25,34,0.6717285945072697,0.1980613893376413,0.4736672051696284,0.0003231017770597,0.0,0.0003231017770597,0.053311793214862596,0.0132471728594507,0.0400646203554119,0.0009693053311793,0.0009693053311793,0.0,0.0264943457189014,0.0122778675282714,0.01421647819063,0.015508885298869,0.0077544426494345,0.0077544426494345,0.0003231017770597,0.0,0.0003231017770597,0.0,0.0,0.0,0.0268174474959612,0.007108239095315,0.0197092084006462,0.0245557350565427,0.0235864297253634,0.0009693053311793,0.0019386106623586,0.0019386106623586,0.0,0.06882067851373169,0.0290791599353796,0.0397415185783521,0.0348949919224555,0.0180936995153473,0.0168012924071082,0.0,0.0,0.0,0.0032310177705975997,0.001292407108239,0.0019386106623586,0.0106623586429724,0.0093699515347334,0.001292407108239,0.0038772213247172003,0.0035541195476575,0.0003231017770597,0.0003231017770597,0.0003231017770597,0.0,0.0029079159935378003,0.0025848142164781,0.0003231017770597,0.0429725363489499,0.0135702746365105,0.0294022617124394,0.0190630048465266,0.0080775444264943,0.0109854604200323,1074
2013-02-01,2013,2,1965,561,1404,8,2,6,155,37,118,2,2,0,60,32,28,68,52,16,3,0,3,7,7,0,63,19,44,54,50,4,4,4,0,184,87,97,143,100,43,2,1,1,15,12,3,40,28,12,20,20,0,0,0,0,1,1,0,150,27,123,42,19,23,0.6690500510725229,0.1910112359550561,0.4780388151174668,0.0027238678924072,0.0006809669731018,0.0020429009193054,0.0527749404153897,0.0125978890023833,0.0401770514130064,0.0006809669731018,0.0006809669731018,0.0,0.020429009193054,0.0108954715696288,0.0095335376234252,0.0231528770854613,0.0177051413006469,0.0054477357848144,0.0010214504596527,0.0,0.0010214504596527,0.0023833844058563,0.0023833844058563,0.0,0.0214504596527068,0.0064691862444671,0.0149812734082397,0.018386108273748702,0.0170241743275451,0.0013619339462036,0.0013619339462036,0.0013619339462036,0.0,0.062648961525366,0.0296220633299285,0.0330268981954375,0.0486891385767789,0.0340483486550902,0.0146407899216887,0.0006809669731018,0.0003404834865509,0.0003404834865509,0.0051072522982634995,0.0040858018386108,0.0010214504596527,0.013619339462036001,0.0095335376234252,0.0040858018386108,0.006809669731018,0.006809669731018,0.0,0.0,0.0,0.0,0.0003404834865509,0.0003404834865509,0.0,0.051072522982635205,0.0091930541368743,0.0418794688457609,0.0143003064351378,0.0064691862444671,0.0078311201906707,1027
2013-03-01,2013,3,1965,618,1347,11,9,2,131,32,99,1,1,0,59,35,24,15,11,4,1,1,0,2,2,0,94,40,54,71,66,5,5,5,0,151,65,86,61,33,28,0,0,0,14,6,8,26,16,10,14,11,3,1,0,1,0,0,0,186,48,138,32,14,18,0.6945917285259808,0.2184517497348886,0.4761399787910922,0.0038882997525626,0.0031813361611876,0.000706963591375,0.046306115235065295,0.0113114174620007,0.0349946977730646,0.0003534817956875,0.0003534817956875,0.0,0.0208554259455637,0.0123718628490632,0.0084835630965005,0.0053022269353127,0.0038882997525627,0.00141392718275,0.0003534817956875,0.0003534817956875,0.0,0.000706963591375,0.000706963591375,0.0,0.0332272887946269,0.0141392718275008,0.0190880169671261,0.025097207493814,0.0233297985153764,0.0017674089784376,0.0017674089784376,0.0017674089784376,0.0,0.0533757511488158,0.0229763167196889,0.0303994344291269,0.0215623895369388,0.0116648992576882,0.0098974902792506,0.0,0.0,0.0,0.0049487451396251995,0.0021208907741251,0.0028278543655001,0.0091905266878755,0.0056557087310003,0.0035348179568752,0.0049487451396252,0.0038882997525627,0.0010604453870625,0.0003534817956875,0.0,0.0003534817956875,0.0,0.0,0.0,0.065747613997879,0.016967126193001,0.048780487804878,0.0113114174620006,0.0049487451396253,0.0063626723223753,1006
2013-04-01,2013,4,2101,572,1529,5,3,2,164,42,122,0,0,0,62,39,23,39,26,13,1,1,0,0,0,0,106,24,82,51,45,6,8,7,1,197,106,91,71,40,31,0,0,0,4,1,3,22,18,4,23,19,4,1,0,1,5,4,1,117,33,84,32,9,23,0.704560697518444,0.1918175720992622,0.5127431254191818,0.0016767270288396,0.0010060362173038,0.0006706908115358,0.0549966465459423,0.0140845070422535,0.0409121395036888,0.0,0.0,0.0,0.0207914151576122,0.0130784708249496,0.0077129443326626,0.0130784708249496,0.0087189805499664,0.0043594902749832,0.0003353454057679,0.0003353454057679,0.0,0.0,0.0,0.0,0.0355466130114016,0.0080482897384305,0.0274983232729711,0.0171026156941649,0.0150905432595573,0.0020120724346076,0.0026827632461434003,0.0023474178403755,0.0003353454057679,0.0660630449362843,0.0355466130114017,0.0305164319248826,0.0238095238095237,0.0134138162307176,0.0103957075788061,0.0,0.0,0.0,0.0013413816230717001,0.0003353454057679,0.0010060362173038,0.0073775989268946,0.0060362173038229,0.0013413816230717,0.0077129443326625,0.0063715627095908,0.0013413816230717,0.0003353454057679,0.0,0.0003353454057679,0.0016767270288395998,0.0013413816230717,0.0003353454057679,0.039235412474849005,0.011066398390342,0.028169014084507,0.010731052984574,0.0030181086519114,0.0077129443326626,974
2013-05-01,2013,5,2179,602,1577,8,4,4,144,39,105,3,3,0,84,53,31,53,39,14,3,2,1,8,8,0,61,11,50,41,39,2,1,1,0,229,133,96,129,80,49,2,1,1,4,3,1,14,12,2,16,11,5,3,1,2,5,3,2,148,43,105,38,8,30,0.6961661341853035,0.192332268370607,0.5038338658146965,0.0025559105431308,0.0012779552715654,0.0012779552715654,0.046006389776357695,0.0124600638977635,0.0335463258785942,0.0009584664536741,0.0009584664536741,0.0,0.0268370607028753,0.0169329073482428,0.0099041533546325,0.0169329073482427,0.0124600638977635,0.0044728434504792,0.000958466453674,0.0006389776357827,0.0003194888178913,0.0025559105431309,0.0025559105431309,0.0,0.0194888178913737,0.0035143769968051,0.0159744408945686,0.013099041533546199,0.0124600638977635,0.0006389776357827,0.0003194888178913,0.0003194888178913,0.0,0.0731629392971245,0.0424920127795527,0.0306709265175718,0.0412140575079872,0.0255591054313099,0.0156549520766773,0.0006389776357826,0.0003194888178913,0.0003194888178913,0.0012779552715653998,0.0009584664536741,0.0003194888178913,0.0044728434504791,0.0038338658146964,0.0006389776357827,0.005111821086261899,0.0035143769968051,0.0015974440894568,0.000958466453674,0.0003194888178913,0.0006389776357827,0.0015974440894568,0.0009584664536741,0.0006389776357827,0.0472843450479232,0.013738019169329,0.0335463258785942,0.0121405750798721,0.0025559105431309,0.0095846645367412,1065
2013-06-01,2013,6,1931,530,1401,8,5,3,132,25,107,2,2,0,76,41,35,41,29,12,4,0,4,0,0,0,103,49,54,51,48,3,6,6,0,187,110,77,129,72,57,2,1,1,4,3,1,36,32,4,21,17,4,3,2,1,8,3,5,118,33,85,52,17,35,0.669092169092169,0.1836451836451836,0.4854469854469854,0.0027720027720027,0.0017325017325017,0.001039501039501,0.0457380457380456,0.0086625086625086,0.037075537075537,0.0006930006930006,0.0006930006930006,0.0,0.0263340263340263,0.0142065142065142,0.0121275121275121,0.014206514206514101,0.01004851004851,0.0041580041580041,0.0013860013860013,0.0,0.0013860013860013,0.0,0.0,0.0,0.035689535689535604,0.0169785169785169,0.0187110187110187,0.017671517671517603,0.0166320166320166,0.001039501039501,0.002079002079002,0.002079002079002,0.0,0.0647955647955647,0.0381150381150381,0.0266805266805266,0.044698544698544604,0.0249480249480249,0.0197505197505197,0.0006930006930006,0.0003465003465003,0.0003465003465003,0.0013860013860013001,0.001039501039501,0.0003465003465003,0.0124740124740123,0.011088011088011,0.0013860013860013,0.0072765072765071,0.0058905058905058,0.0013860013860013,0.0010395010395009,0.0006930006930006,0.0003465003465003,0.0027720027720027,0.001039501039501,0.0017325017325017,0.0408870408870408,0.0114345114345114,0.0294525294525294,0.0180180180180179,0.0058905058905058,0.0121275121275121,1005
2013-07-01,2013,7,2163,583,1580,3,3,0,154,27,127,2,0,2,64,40,24,28,22,6,8,8,0,0,0,0,91,24,67,69,63,6,13,12,1,176,93,83,106,61,45,3,1,2,10,7,3,30,22,8,10,9,1,13,7,6,8,7,1,129,30,99,55,20,35,0.6926032660902978,0.1866794748639129,0.5059237912263849,0.0009606147934678,0.0009606147934678,0.0,0.0493115593980146,0.0086455331412103,0.0406660262568043,0.0006404098623118,0.0,0.0006404098623118,0.02049311559398,0.0128081972462375,0.0076849183477425,0.0089657380723662,0.0070445084854306,0.0019212295869356,0.0025616394492475,0.0025616394492475,0.0,0.0,0.0,0.0,0.0291386487351904,0.0076849183477425,0.0214537303874479,0.0220941402497598,0.0201729106628242,0.0019212295869356,0.0041626641050271,0.0038424591738712,0.0003202049311559,0.056356067883445396,0.0297790585975024,0.026577009285943,0.0339417227025295,0.0195325008005123,0.0144092219020172,0.0009606147934677,0.0003202049311559,0.0006404098623118,0.0032020493115593,0.0022414345180915,0.0009606147934678,0.0096061479346781,0.0070445084854306,0.0025616394492475,0.0032020493115593,0.0028818443804034,0.0003202049311559,0.0041626641050271,0.0022414345180915,0.0019212295869356,0.0025616394492474,0.0022414345180915,0.0003202049311559,0.0413064361191161,0.0096061479346781,0.031700288184438,0.0176112712135765,0.0064040986231187,0.0112071725904578,1031
2013-08-01,2013,8,2100,558,1542,5,5,0,149,33,116,2,2,0,64,42,22,41,32,9,3,1,2,2,1,1,120,36,84,58,56,2,4,3,1,237,109,128,60,28,32,4,1,3,5,4,1,36,31,5,8,7,1,3,2,1,0,0,0,177,47,130,45,18,27,0.678075556990636,0.1801743622860833,0.4979011947045528,0.0016144656118824,0.0016144656118824,0.0,0.0481110752340974,0.0106554730384242,0.0374556021956732,0.0006457862447529,0.0006457862447529,0.0,0.0206651598320955,0.0135615111398127,0.0071036486922828,0.013238618017436098,0.0103325799160477,0.0029060381013884,0.0009686793671293,0.0003228931223764,0.0006457862447529,0.0006457862447528,0.0003228931223764,0.0003228931223764,0.0387471746851791,0.0116241524055537,0.0271230222796254,0.0187278010978365,0.0180820148530836,0.0006457862447529,0.0012915724895058,0.0009686793671294,0.0003228931223764,0.0765256700032288,0.0351953503390377,0.0413303196641911,0.0193735873425895,0.0090410074265418,0.0103325799160477,0.0012915724895058,0.0003228931223764,0.0009686793671294,0.0016144656118822999,0.0012915724895059,0.0003228931223764,0.0116241524055536,0.0100096867936712,0.0016144656118824,0.0025831449790118003,0.0022602518566354,0.0003228931223764,0.0009686793671293,0.0006457862447529,0.0003228931223764,0.0,0.0,0.0,0.0571520826606392,0.0151759767516951,0.0419761059089441,0.0145301905069421,0.0058120762027768,0.0087181143041653,996
2013-09-01,2013,9,2043,551,1492,15,12,3,144,39,105,3,2,1,54,31,23,55,36,19,0,0,0,8,8,0,74,26,48,59,55,4,7,7,0,181,97,84,107,54,53,2,2,0,5,1,4,50,40,10,10,8,2,3,3,0,6,4,2,137,29,108,45,13,32,0.6883423180592991,0.1856469002695417,0.5026954177897575,0.005053908355795099,0.0040431266846361,0.001010781671159,0.048517520215633304,0.0131401617250673,0.035377358490566,0.0010107816711589,0.0006738544474393,0.0003369272237196,0.0181940700808624,0.0104447439353099,0.0077493261455525,0.0185309973045821,0.0121293800539083,0.0064016172506738,0.0,0.0,0.0,0.0026954177897574,0.0026954177897574,0.0,0.0249326145552559,0.0087601078167115,0.0161725067385444,0.0198787061994609,0.0185309973045822,0.0013477088948787,0.0023584905660377,0.0023584905660377,0.0,0.060983827493261394,0.0326819407008086,0.0283018867924528,0.0360512129380053,0.0181940700808625,0.0178571428571428,0.0006738544474393,0.0006738544474393,0.0,0.0016846361185983,0.0003369272237196,0.0013477088948787,0.0168463611859837,0.013477088948787,0.0033692722371967,0.0033692722371967,0.0026954177897574,0.0006738544474393,0.001010781671159,0.001010781671159,0.0,0.002021563342318,0.0013477088948787,0.0006738544474393,0.046159029649595604,0.0097708894878706,0.036388140161725,0.0151617250673853,0.0043800539083557,0.0107816711590296,992
2013-10-01,2013,10,2286,665,1621,1,1,0,134,32,102,4,4,0,52,26,26,61,49,12,0,0,0,7,5,2,93,26,67,86,81,5,6,6,0,185,97,88,91,52,39,0,0,0,9,2,7,54,35,19,18,14,4,5,3,2,5,4,1,135,32,103,64,22,42,0.7014421601718318,0.2040503221847192,0.4973918379871126,0.0003068425897514,0.0003068425897514,0.0,0.0411169070266952,0.0098189628720466,0.0312979441546486,0.0012273703590058,0.0012273703590058,0.0,0.0159558146670756,0.0079779073335378,0.0079779073335378,0.0187173979748388,0.0150352868978214,0.0036821110770174,0.0,0.0,0.0,0.0021478981282601,0.0015342129487572,0.0006136851795029,0.0285363608468854,0.0079779073335378,0.0205584535133476,0.026388462718625202,0.024854249769868,0.0015342129487572,0.0018410555385087,0.0018410555385087,0.0,0.0567658791040195,0.0297637312058913,0.0270021478981282,0.027922675667382497,0.0159558146670757,0.0119668610003068,0.0,0.0,0.0,0.0027615833077631,0.0006136851795029,0.0021478981282602,0.0165694998465786,0.010739490641301,0.0058300092052776,0.0055231666155262,0.0042957962565204,0.0012273703590058,0.0015342129487572,0.0009205277692543,0.0006136851795029,0.0015342129487571998,0.0012273703590058,0.0003068425897514,0.0414237496164467,0.0098189628720466,0.0316047867444001,0.0196379257440932,0.006750536974532,0.0128873887695612,1129
2013-11-01,2013,11,2213,634,1579,5,5,0,109,28,81,0,0,0,44,24,20,60,36,24,5,2,3,2,2,0,70,16,54,72,62,10,10,10,0,243,115,128,92,54,38,2,2,0,13,7,6,35,33,2,6,5,1,6,4,2,9,7,2,151,40,111,53,23,30,0.7020939086294417,0.2011421319796954,0.5009517766497462,0.0015862944162436,0.0015862944162436,0.0,0.0345812182741116,0.0088832487309644,0.0256979695431472,0.0,0.0,0.0,0.0139593908629441,0.0076142131979695,0.0063451776649746,0.0190355329949238,0.0114213197969543,0.0076142131979695,0.0015862944162435,0.0006345177664974,0.0009517766497461,0.0006345177664974,0.0006345177664974,0.0,0.022208121827410998,0.0050761421319796,0.0171319796954314,0.0228426395939086,0.0196700507614213,0.0031725888324873,0.0031725888324873,0.0031725888324873,0.0,0.07709390862944149,0.036484771573604,0.0406091370558375,0.0291878172588831,0.0171319796954314,0.0120558375634517,0.0006345177664974,0.0006345177664974,0.0,0.0041243654822334,0.0022208121827411,0.0019035532994923,0.011104060913705499,0.0104695431472081,0.0006345177664974,0.0019035532994923,0.0015862944162436,0.0003172588832487,0.0019035532994923,0.0012690355329949,0.0006345177664974,0.0028553299492385,0.0022208121827411,0.0006345177664974,0.0479060913705583,0.0126903553299492,0.0352157360406091,0.0168147208121827,0.0072969543147208,0.0095177664974619,1082
2013-12-01,2013,12,2197,559,1638,4,2,2,130,24,106,2,2,0,42,22,20,45,35,10,0,0,0,0,0,0,87,44,43,82,78,4,9,9,0,121,70,51,86,50,36,3,1,2,7,7,0,24,12,12,17,17,0,2,0,2,2,0,2,125,26,99,56,21,35,0.7274834437086092,0.1850993377483443,0.5423841059602649,0.0013245033112582,0.0006622516556291,0.0006622516556291,0.0430463576158939,0.0079470198675496,0.0350993377483443,0.0006622516556291,0.0006622516556291,0.0,0.013907284768211799,0.0072847682119205,0.0066225165562913,0.014900662251655499,0.0115894039735099,0.0033112582781456,0.0,0.0,0.0,0.0,0.0,0.0,0.0288079470198674,0.014569536423841,0.0142384105960264,0.027152317880794603,0.0258278145695364,0.0013245033112582,0.0029801324503311,0.0029801324503311,0.0,0.0400662251655628,0.0231788079470198,0.016887417218543,0.0284768211920529,0.0165562913907284,0.0119205298013245,0.0009933774834436,0.0003311258278145,0.0006622516556291,0.0023178807947019,0.0023178807947019,0.0,0.0079470198675496,0.0039735099337748,0.0039735099337748,0.0056291390728476,0.0056291390728476,0.0,0.0006622516556291,0.0,0.0006622516556291,0.0006622516556291,0.0,0.0006622516556291,0.0413907284768211,0.0086092715231788,0.0327814569536423,0.0185430463576158,0.0069536423841059,0.0115894039735099,964
2014-01-01,2014,1,1908,566,1342,1,1,0,173,25,148,6,3,3,49,34,15,39,27,12,4,2,2,5,5,0,91,48,43,121,111,10,4,4,0,153,74,79,76,48,28,1,0,1,7,6,1,28,27,1,8,3,5,2,0,2,7,5,2,183,44,139,64,26,38,0.6547700754975978,0.1942347288949897,0.4605353466026081,0.0003431708991077,0.0003431708991077,0.0,0.0593685655456416,0.0085792724776938,0.0507892930679478,0.0020590253946464,0.0010295126973232,0.0010295126973232,0.0168153740562799,0.0116678105696636,0.0051475634866163,0.013383665065202398,0.0092656142759094,0.004118050789293,0.001372683596431,0.0006863417982155,0.0006863417982155,0.0017158544955387,0.0017158544955387,0.0,0.0312285518188056,0.0164722031571722,0.0147563486616334,0.041523678792038304,0.0380919698009608,0.0034317089910775,0.001372683596431,0.001372683596431,0.0,0.052505147563486496,0.0253946465339739,0.0271105010295126,0.0260809883321893,0.0164722031571722,0.0096087851750171,0.0003431708991077,0.0,0.0003431708991077,0.0024021962937542,0.0020590253946465,0.0003431708991077,0.0096087851750171,0.0092656142759094,0.0003431708991077,0.0027453671928619004,0.0010295126973232,0.0017158544955387,0.0006863417982155,0.0,0.0006863417982155,0.0024021962937542003,0.0017158544955387,0.0006863417982155,0.0628002745367192,0.0150995195607412,0.047700754975978,0.0219629375428963,0.0089224433768016,0.0130404941660947,1046
2014-02-01,2014,2,1922,530,1392,6,4,2,188,54,134,2,1,1,44,30,14,51,39,12,9,4,5,15,15,0,96,29,67,216,202,14,16,16,0,224,124,100,56,36,20,4,3,1,3,3,0,13,12,1,13,13,0,2,0,2,6,6,0,147,41,106,49,24,25,0.6326530612244897,0.1744568795260039,0.4581961816984858,0.0019749835418037,0.0013166556945358,0.0006583278472679,0.0618828176431862,0.0177748518762343,0.0441079657669519,0.0006583278472678,0.0003291639236339,0.0003291639236339,0.0144832126398945,0.009874917709019,0.0046082949308755,0.0167873601053324,0.0128373930217248,0.0039499670836076,0.0029624753127056,0.0013166556945358,0.0016458196181698,0.0049374588545095,0.0049374588545095,0.0,0.031599736668861,0.0095457537853851,0.0220539828834759,0.0710994075049373,0.0664911125740618,0.0046082949308755,0.0052666227781435,0.0052666227781435,0.0,0.07373271889400909,0.0408163265306122,0.0329163923633969,0.0184331797235022,0.0118499012508229,0.0065832784726793,0.0013166556945358,0.0009874917709019,0.0003291639236339,0.0009874917709019,0.0009874917709019,0.0,0.0042791310072415,0.0039499670836076,0.0003291639236339,0.0042791310072416,0.0042791310072416,0.0,0.0006583278472679,0.0,0.0006583278472679,0.0019749835418038,0.0019749835418038,0.0,0.0483870967741934,0.0134957208689927,0.0348913759052007,0.0161290322580644,0.0078999341672152,0.0082290980908492,1150
2014-03-01,2014,3,1970,620,1350,7,4,3,190,49,141,5,5,0,36,25,11,59,28,31,6,2,4,4,2,2,78,27,51,160,150,10,37,37,0,168,81,87,65,36,29,2,1,1,13,12,1,33,31,2,9,6,3,4,0,4,2,0,2,182,52,130,77,36,41,0.644633507853403,0.2028795811518324,0.4417539267015706,0.0022905759162303,0.0013089005235602,0.0009816753926701,0.0621727748691098,0.0160340314136125,0.0461387434554973,0.0016361256544502,0.0016361256544502,0.0,0.0117801047120418,0.0081806282722513,0.0035994764397905,0.019306282722513002,0.0091623036649214,0.0101439790575916,0.0019633507853402997,0.0006544502617801,0.0013089005235602,0.0013089005235602,0.0006544502617801,0.0006544502617801,0.025523560209424,0.0088350785340314,0.0166884816753926,0.0523560209424083,0.0490837696335078,0.0032722513089005,0.0121073298429319,0.0121073298429319,0.0,0.0549738219895287,0.0265052356020942,0.0284685863874345,0.0212696335078533,0.0117801047120418,0.0094895287958115,0.00065445026178,0.00032722513089,0.00032722513089,0.0042539267015706,0.0039267015706806,0.00032722513089,0.010798429319371701,0.0101439790575916,0.0006544502617801,0.0029450261780104,0.0019633507853403,0.0009816753926701,0.0013089005235602,0.0,0.0013089005235602,0.0006544502617801,0.0,0.0006544502617801,0.0595549738219895,0.0170157068062827,0.0425392670157068,0.025196335078533902,0.0117801047120418,0.0134162303664921,1181
2014-04-01,2014,4,1849,496,1353,2,1,1,116,35,81,2,2,0,83,60,23,34,21,13,2,1,1,28,19,9,142,49,93,38,37,1,0,0,0,169,97,72,63,22,41,0,0,0,4,2,2,20,18,2,3,3,0,4,0,4,4,1,3,226,83,143,74,29,45,0.6570717839374555,0.1762615493958777,0.4808102345415778,0.0007107320540156,0.0003553660270078,0.0003553660270078,0.0412224591329068,0.0124378109452736,0.0287846481876332,0.0007107320540156,0.0007107320540156,0.0,0.0294953802416488,0.021321961620469,0.0081734186211798,0.0120824449182657,0.0074626865671641,0.0046197583511016,0.0007107320540156,0.0003553660270078,0.0003553660270078,0.009950248756218801,0.0067519545131485,0.0031982942430703,0.05046197583511,0.017412935323383,0.033049040511727,0.013503909026296999,0.0131485429992892,0.0003553660270078,0.0,0.0,0.0,0.0600568585643212,0.0344705046197583,0.0255863539445629,0.0223880597014924,0.0078180525941719,0.0145700071073205,0.0,0.0,0.0,0.0014214641080312,0.0007107320540156,0.0007107320540156,0.007107320540156299,0.0063965884861407,0.0007107320540156,0.0010660980810234,0.0010660980810234,0.0,0.0014214641080312,0.0,0.0014214641080312,0.0014214641080312,0.0003553660270078,0.0010660980810234,0.08031272210376669,0.0294953802416488,0.0508173418621179,0.0262970859985785,0.0103056147832267,0.0159914712153518,945
2014-05-01,2014,5,2164,664,1500,7,7,0,170,56,114,2,2,0,77,51,26,55,42,13,5,3,2,11,9,2,121,42,79,32,31,1,2,2,0,217,125,92,102,54,48,7,3,4,8,3,5,33,31,2,4,3,1,5,0,5,3,3,0,220,66,154,90,35,55,0.6591532135242156,0.2022540359427353,0.4568991775814803,0.0021321961620469,0.0021321961620469,0.0,0.051781906792567695,0.0170575692963752,0.0347243374961925,0.0006091989034419,0.0006091989034419,0.0,0.023454157782515903,0.0155345720377703,0.0079195857447456,0.0167529698446542,0.0127931769722814,0.0039597928723728,0.0015229972586048,0.0009137983551629,0.0006091989034419,0.0033505939689307,0.0027413950654888,0.0006091989034419,0.0368565336582393,0.0127931769722814,0.0240633566859579,0.009747182455071399,0.0094425830033505,0.0003045994517209,0.0006091989034419,0.0006091989034419,0.0,0.06609808102345399,0.0380749314651233,0.0280231495583307,0.0310691440755405,0.0164483703929332,0.0146207736826073,0.0021321961620468,0.0009137983551629,0.0012183978068839,0.0024367956137678,0.0009137983551629,0.0015229972586049,0.010051781906792399,0.0094425830033505,0.0006091989034419,0.0012183978068838,0.0009137983551629,0.0003045994517209,0.0015229972586049,0.0,0.0015229972586049,0.0009137983551629,0.0009137983551629,0.0,0.067011879378617,0.0201035638135851,0.0469083155650319,0.027413950654888698,0.0106609808102345,0.0167529698446542,1191
2014-06-01,2014,6,1994,631,1363,7,6,1,95,24,71,0,0,0,100,68,32,22,16,6,6,1,5,4,4,0,105,17,88,51,51,0,2,2,0,131,72,59,78,50,28,1,1,0,3,2,1,25,24,1,7,5,2,1,1,0,7,4,3,208,54,154,44,22,22,0.6933240611961057,0.2194019471488178,0.4739221140472879,0.002433936022253,0.0020862308762169,0.0003477051460361,0.0330319888734352,0.0083449235048678,0.0246870653685674,0.0,0.0,0.0,0.034770514603616,0.0236439499304589,0.0111265646731571,0.0076495132127953995,0.0055632823365785,0.0020862308762169,0.0020862308762169,0.0003477051460361,0.0017385257301808,0.0013908205841446,0.0013908205841446,0.0,0.0365090403337968,0.0059109874826147,0.0305980528511821,0.0177329624478442,0.0177329624478442,0.0,0.0006954102920723,0.0006954102920723,0.0,0.045549374130737105,0.0250347705146036,0.0205146036161335,0.0271210013908205,0.017385257301808,0.0097357440890125,0.0003477051460361,0.0003477051460361,0.0,0.0010431154381084,0.0006954102920723,0.0003477051460361,0.0086926286509039,0.0083449235048678,0.0003477051460361,0.0024339360222531,0.0017385257301808,0.0006954102920723,0.0003477051460361,0.0003477051460361,0.0,0.002433936022253,0.0013908205841446,0.0010431154381084,0.0723226703755215,0.0187760778859527,0.0535465924895688,0.015299026425591,0.0076495132127955,0.0076495132127955,1045
2014-07-01,2014,7,2088,585,1503,9,5,4,140,44,96,0,0,0,85,51,34,35,27,8,4,0,4,5,2,3,124,40,84,55,52,3,2,2,0,160,85,75,102,64,38,0,0,0,6,2,4,16,15,1,11,9,2,3,2,1,7,7,0,226,78,148,51,16,35,0.672680412371134,0.1884664948453608,0.4842139175257732,0.0028994845360823997,0.001610824742268,0.0012886597938144,0.045103092783505,0.0141752577319587,0.0309278350515463,0.0,0.0,0.0,0.0273840206185566,0.016430412371134,0.0109536082474226,0.0112757731958762,0.0086984536082474,0.0025773195876288,0.0012886597938144,0.0,0.0012886597938144,0.001610824742268,0.0006443298969072,0.0009664948453608,0.0399484536082473,0.0128865979381443,0.027061855670103,0.0177190721649484,0.0167525773195876,0.0009664948453608,0.0006443298969072,0.0006443298969072,0.0,0.0515463917525773,0.0273840206185567,0.0241623711340206,0.032860824742268,0.0206185567010309,0.0122422680412371,0.0,0.0,0.0,0.0019329896907216001,0.0006443298969072,0.0012886597938144,0.0051546391752577,0.0048324742268041,0.0003221649484536,0.0035438144329896,0.0028994845360824,0.0006443298969072,0.0009664948453608001,0.0006443298969072,0.0003221649484536,0.0022551546391752,0.0022551546391752,0.0,0.0728092783505154,0.0251288659793814,0.047680412371134,0.0164304123711339,0.0051546391752577,0.0112757731958762,1070
2014-08-01,2014,8,1710,472,1238,7,4,3,136,31,105,3,1,2,56,38,18,67,59,8,2,1,1,1,1,0,130,42,88,79,70,9,2,2,0,145,89,56,98,59,39,1,1,0,12,7,5,33,25,8,11,10,1,2,0,2,5,3,2,212,57,155,36,14,22,0.6349795766802822,0.175269216487189,0.4597103601930932,0.0025993316004455,0.0014853323431117,0.0011139992573338,0.0505012996658002,0.0115113256591162,0.038989974006684,0.0011139992573337,0.0003713330857779,0.0007426661715558,0.020794652803564698,0.0141106572595618,0.0066839955440029,0.0248793167471221,0.0219086520608986,0.0029706646862235,0.0007426661715558,0.0003713330857779,0.0003713330857779,0.0003713330857779,0.0003713330857779,0.0,0.048273301151132396,0.0155959896026735,0.0326773115484589,0.0293353137764573,0.0259933160044559,0.0033419977720014,0.0007426661715558,0.0007426661715558,0.0,0.053843297437801696,0.0330486446342369,0.0207946528035648,0.0363906424062383,0.0219086520608986,0.0144819903453397,0.0003713330857779,0.0003713330857779,0.0,0.0044559970293352996,0.0025993316004456,0.0018566654288897,0.012253991830671999,0.0092833271444485,0.0029706646862235,0.0040846639435573,0.0037133308577794,0.0003713330857779,0.0007426661715558,0.0,0.0007426661715558,0.0018566654288896,0.0011139992573338,0.0007426661715558,0.0787226141849238,0.0211659858893427,0.0575566282955811,0.0133679910880059,0.0051986632008912,0.0081693278871147,938
2014-09-01,2014,9,1928,532,1396,4,3,1,103,37,66,5,3,2,37,27,10,73,59,14,6,0,6,0,0,0,80,18,62,53,47,6,1,1,0,145,90,55,60,25,35,0,0,0,2,1,1,32,22,10,5,5,0,3,0,3,5,5,0,129,34,95,45,17,28,0.7245396467493423,0.1999248402856069,0.5246148064637355,0.0015031942878616,0.0011273957158962,0.0003757985719654,0.0387072529124388,0.0139045471627207,0.0248027057497181,0.0018789928598269999,0.0011273957158962,0.0007515971439308,0.013904547162720701,0.0101465614430665,0.0037579857196542,0.027433295753476,0.0221721157459601,0.0052611800075159,0.0022547914317925,0.0,0.0022547914317925,0.0,0.0,0.0,0.030063885757234,0.0067643742953776,0.0232995114618564,0.0199173243141675,0.017662532882375,0.0022547914317925,0.0003757985719654,0.0003757985719654,0.0,0.0544907929349867,0.0338218714768883,0.0206689214580984,0.0225479143179255,0.0093949642991356,0.0131529500187899,0.0,0.0,0.0,0.0007515971439308,0.0003757985719654,0.0003757985719654,0.0120255543028935,0.0082675685832393,0.0037579857196542,0.0018789928598271,0.0018789928598271,0.0,0.0011273957158962,0.0,0.0011273957158962,0.0018789928598271,0.0018789928598271,0.0,0.04847801578354,0.0127771514468245,0.0357008643367155,0.0169109357384441,0.0063885757234122,0.0105223600150319,881
2014-10-01,2014,10,2099,585,1514,4,2,2,126,36,90,4,2,2,62,40,22,31,21,10,3,2,1,3,3,0,108,50,58,80,71,9,1,1,0,160,81,79,73,46,27,3,1,2,3,2,1,25,19,6,8,6,2,0,0,0,5,2,3,140,55,85,34,17,17,0.713460231135282,0.1988443235893949,0.5146159075458872,0.001359619306594,0.000679809653297,0.000679809653297,0.0428280081577157,0.0122365737593473,0.0305914343983684,0.001359619306594,0.000679809653297,0.000679809653297,0.0210740992522093,0.0135961930659415,0.0074779061862678,0.0105370496261046,0.0071380013596193,0.0033990482664853,0.0010197144799455001,0.000679809653297,0.0003399048266485,0.0010197144799456,0.0010197144799456,0.0,0.036709721278042104,0.0169952413324269,0.0197144799456152,0.027192386131883,0.0241332426920462,0.0030591434398368,0.0003399048266485,0.0003399048266485,0.0,0.0543847722637661,0.0275322909585316,0.0268524813052345,0.0248130523453432,0.0156356220258327,0.0091774303195105,0.0010197144799455001,0.0003399048266485,0.000679809653297,0.0010197144799455001,0.000679809653297,0.0003399048266485,0.0084976206662134,0.0064581917063222,0.0020394289598912,0.0027192386131882004,0.0020394289598912,0.000679809653297,0.0,0.0,0.0,0.0016995241332426001,0.000679809653297,0.0010197144799456,0.047586675730795294,0.0186947654656696,0.0288919102651257,0.0115567641060502,0.0057783820530251,0.0057783820530251,1020
2014-11-01,2014,11,1930,519,1411,3,0,3,97,28,69,1,1,0,53,29,24,42,32,10,8,8,0,0,0,0,65,19,46,82,72,10,7,7,0,138,80,58,48,31,17,0,0,0,7,6,1,13,11,2,5,3,2,0,0,0,4,2,2,135,47,88,41,22,19,0.7272042200452148,0.1955538809344386,0.5316503391107762,0.0011303692539562,0.0,0.0011303692539562,0.03654860587792,0.0105501130369253,0.0259984928409947,0.0003767897513187,0.0003767897513187,0.0,0.0199698568198944,0.0109269027882441,0.0090429540316503,0.015825169555388,0.0120572720422004,0.0037678975131876,0.0030143180105501,0.0030143180105501,0.0,0.0,0.0,0.0,0.0244913338357196,0.0071590052750565,0.0173323285606631,0.030896759608138598,0.027128862094951,0.0037678975131876,0.0026375282592313,0.0026375282592313,0.0,0.0519969856819894,0.0301431801055011,0.0218538055764883,0.0180859080633005,0.0116804822908816,0.0064054257724189,0.0,0.0,0.0,0.0026375282592312,0.0022607385079125,0.0003767897513187,0.0048982667671439,0.0041446872645064,0.0007535795026375,0.0018839487565936999,0.0011303692539562,0.0007535795026375,0.0,0.0,0.0,0.001507159005275,0.0007535795026375,0.0007535795026375,0.0508666164280331,0.0177091183119819,0.0331574981160512,0.015448379804069299,0.0082893745290128,0.0071590052750565,901
2014-12-01,2014,12,1812,431,1381,2,1,1,111,31,80,1,1,0,31,19,12,60,47,13,4,3,1,2,2,0,55,19,36,71,66,5,2,2,0,106,61,45,49,24,25,1,0,1,7,2,5,12,9,3,13,13,0,3,1,2,7,7,0,170,71,99,33,20,13,0.7204771371769384,0.1713717693836978,0.5491053677932406,0.0007952286282306,0.0003976143141153,0.0003976143141153,0.0441351888667991,0.0123260437375745,0.0318091451292246,0.0003976143141153,0.0003976143141153,0.0,0.0123260437375744,0.0075546719681908,0.0047713717693836,0.023856858846918398,0.0186878727634194,0.005168986083499,0.0015904572564612,0.0011928429423459,0.0003976143141153,0.0007952286282306,0.0007952286282306,0.0,0.0218687872763418,0.0075546719681908,0.014314115308151,0.0282306163021868,0.0262425447316103,0.0019880715705765,0.0007952286282306,0.0007952286282306,0.0,0.0421471172962225,0.0242544731610337,0.0178926441351888,0.01948310139165,0.0095427435387673,0.0099403578528827,0.0003976143141153,0.0,0.0003976143141153,0.0027833001988071,0.0007952286282306,0.0019880715705765,0.0047713717693836,0.0035785288270377,0.0011928429423459,0.005168986083499,0.005168986083499,0.0,0.0011928429423459,0.0003976143141153,0.0007952286282306,0.0027833001988071,0.0027833001988071,0.0,0.0675944333996023,0.0282306163021868,0.0393638170974155,0.0131212723658051,0.0079522862823061,0.005168986083499,803
2015-01-01,2015,1,1800,475,1325,5,4,1,80,20,60,0,0,0,65,45,20,13,9,4,0,0,0,2,1,1,60,22,38,134,128,6,3,3,0,108,60,48,60,29,31,0,0,0,3,2,1,15,11,4,8,7,1,2,1,1,5,5,0,133,43,90,36,22,14,0.7142857142857143,0.1884920634920635,0.5257936507936508,0.0019841269841268,0.0015873015873015,0.0003968253968253,0.0317460317460317,0.0079365079365079,0.0238095238095238,0.0,0.0,0.0,0.025793650793650702,0.0178571428571428,0.0079365079365079,0.00515873015873,0.0035714285714285,0.0015873015873015,0.0,0.0,0.0,0.0007936507936506,0.0003968253968253,0.0003968253968253,0.023809523809523697,0.0087301587301587,0.015079365079365,0.053174603174603007,0.0507936507936507,0.0023809523809523,0.0011904761904761,0.0011904761904761,0.0,0.0428571428571428,0.0238095238095238,0.019047619047619,0.0238095238095238,0.0115079365079365,0.0123015873015873,0.0,0.0,0.0,0.001190476190476,0.0007936507936507,0.0003968253968253,0.0059523809523808,0.0043650793650793,0.0015873015873015,0.003174603174603,0.0027777777777777,0.0003968253968253,0.0007936507936506,0.0003968253968253,0.0003968253968253,0.0019841269841269,0.0019841269841269,0.0,0.0527777777777777,0.017063492063492,0.0357142857142857,0.0142857142857142,0.0087301587301587,0.0055555555555555,879
2015-02-01,2015,2,1684,466,1218,1,1,0,100,36,64,4,4,0,71,51,20,29,23,6,5,2,3,6,5,1,68,21,47,135,127,8,23,23,0,116,62,54,33,19,14,0,0,0,3,3,0,17,13,4,10,10,0,0,0,0,3,3,0,122,52,70,40,25,15,0.6856677524429967,0.1897394136807817,0.495928338762215,0.0004071661237785,0.0004071661237785,0.0,0.0407166123778501,0.014657980456026,0.0260586319218241,0.001628664495114,0.001628664495114,0.0,0.028908794788273497,0.0207654723127035,0.00814332247557,0.0118078175895765,0.0093648208469055,0.002442996742671,0.0020358306188925,0.000814332247557,0.0012214983713355,0.002442996742671,0.0020358306188925,0.0004071661237785,0.027687296416937998,0.0085504885993485,0.0191368078175895,0.0549674267100977,0.0517100977198697,0.003257328990228,0.0093648208469055,0.0093648208469055,0.0,0.0472312703583061,0.0252442996742671,0.021986970684039,0.0134364820846905,0.0077361563517915,0.005700325732899,0.0,0.0,0.0,0.0012214983713355,0.0012214983713355,0.0,0.0069218241042345,0.0052931596091205,0.001628664495114,0.004071661237785,0.004071661237785,0.0,0.0,0.0,0.0,0.0012214983713355,0.0012214983713355,0.0,0.049674267100977096,0.021172638436482,0.0285016286644951,0.01628664495114,0.0101791530944625,0.0061074918566775,935
2015-03-01,2015,3,1836,565,1271,4,2,2,75,30,45,3,3,0,31,20,11,64,54,10,1,0,1,3,3,0,61,22,39,190,183,7,47,47,0,108,79,29,37,24,13,1,0,1,1,0,1,46,32,14,10,10,0,1,0,1,3,3,0,138,50,88,41,24,17,0.693877551020408,0.2135298563869992,0.4803476946334089,0.00151171579743,0.000755857898715,0.000755857898715,0.028344671201813998,0.0113378684807256,0.0170068027210884,0.0011337868480725,0.0011337868480725,0.0,0.011715797430083101,0.0075585789871504,0.0041572184429327,0.0241874527588813,0.0204081632653061,0.0037792894935752,0.0003779289493575,0.0,0.0003779289493575,0.0011337868480725,0.0011337868480725,0.0,0.0230536659108087,0.0083144368858654,0.0147392290249433,0.0718065003779289,0.0691609977324263,0.0026455026455026,0.0177626606198034,0.0177626606198034,0.0,0.0408163265306122,0.0298563869992441,0.0109599395313681,0.0139833711262281,0.0090702947845804,0.0049130763416477,0.0003779289493575,0.0,0.0003779289493575,0.0003779289493575,0.0,0.0003779289493575,0.0173847316704458,0.0120937263794406,0.0052910052910052,0.0037792894935752,0.0037792894935752,0.0,0.0003779289493575,0.0,0.0003779289493575,0.0011337868480725,0.0011337868480725,0.0,0.0521541950113378,0.018896447467876,0.0332577475434618,0.0154950869236582,0.0090702947845804,0.0064247921390778,1105
2015-04-01,2015,4,1694,535,1159,1,1,0,80,26,54,0,0,0,22,12,10,29,24,5,3,1,2,2,2,0,53,20,33,65,63,2,12,11,1,92,47,45,55,42,13,0,0,0,16,13,3,12,11,1,5,2,3,1,1,0,4,4,0,154,82,72,63,46,17,0.7223880597014924,0.2281449893390192,0.4942430703624733,0.0004264392324093,0.0004264392324093,0.0,0.0341151385927505,0.0110874200426439,0.0230277185501066,0.0,0.0,0.0,0.0093816631130063,0.0051172707889125,0.0042643923240938,0.012366737739872,0.0102345415778251,0.0021321961620469,0.001279317697228,0.0004264392324093,0.0008528784648187,0.0008528784648187,0.0008528784648187,0.0,0.0226012793176971,0.0085287846481876,0.0140724946695095,0.0277185501066097,0.026865671641791,0.0008528784648187,0.0051172707889124,0.0046908315565031,0.0004264392324093,0.039232409381663,0.0200426439232409,0.0191897654584221,0.0234541577825159,0.017910447761194,0.0055437100213219,0.0,0.0,0.0,0.0068230277185500005,0.0055437100213219,0.0012793176972281,0.0051172707889124,0.0046908315565031,0.0004264392324093,0.0021321961620468,0.0008528784648187,0.0012793176972281,0.0004264392324093,0.0004264392324093,0.0,0.0017057569296375,0.0017057569296375,0.0,0.06567164179104461,0.0349680170575692,0.0307036247334754,0.026865671641790902,0.0196162046908315,0.0072494669509594,927
2015-05-01,2015,5,1999,557,1442,2,1,1,78,26,52,4,3,1,36,20,16,42,29,13,3,2,1,4,3,1,62,18,44,64,59,5,3,3,0,124,70,54,31,12,19,0,0,0,17,15,2,14,13,1,14,14,0,3,1,2,2,2,0,128,60,68,26,13,13,0.7623951182303585,0.2124332570556827,0.5499618611746758,0.0007627765064836,0.0003813882532418,0.0003813882532418,0.0297482837528604,0.0099160945842868,0.0198321891685736,0.0015255530129672,0.0011441647597254,0.0003813882532418,0.0137299771167048,0.007627765064836,0.0061022120518688,0.0160183066361556,0.0110602593440122,0.0049580472921434,0.0011441647597254,0.0007627765064836,0.0003813882532418,0.0015255530129672,0.0011441647597254,0.0003813882532418,0.023646071700991603,0.0068649885583524,0.0167810831426392,0.0244088482074752,0.0225019069412662,0.001906941266209,0.0011441647597254,0.0011441647597254,0.0,0.047292143401983205,0.026697177726926,0.0205949656750572,0.011823035850495801,0.0045766590389016,0.0072463768115942,0.0,0.0,0.0,0.006483600305110601,0.005720823798627,0.0007627765064836,0.0053394355453852,0.0049580472921434,0.0003813882532418,0.0053394355453852,0.0053394355453852,0.0,0.0011441647597254,0.0003813882532418,0.0007627765064836,0.0007627765064836,0.0007627765064836,0.0,0.0488176964149504,0.022883295194508,0.0259344012204424,0.0099160945842868,0.0049580472921434,0.0049580472921434,899
2015-06-01,2015,6,2161,551,1610,7,3,4,136,41,95,1,1,0,40,14,26,80,62,18,0,0,0,0,0,0,60,14,46,26,26,0,1,1,0,171,86,85,63,31,32,0,0,0,10,6,4,33,23,10,15,12,3,1,0,1,2,2,0,168,69,99,47,33,14,0.7295746117488184,0.1860229574611749,0.5435516542876435,0.0023632680621201,0.00101282916948,0.0013504388926401,0.045914922349763604,0.0138419986495611,0.0320729237002025,0.00033760972316,0.00033760972316,0.0,0.013504388926401,0.0047265361242403,0.0087778528021607,0.027008777852802,0.0209318028359216,0.0060769750168804,0.0,0.0,0.0,0.0,0.0,0.0,0.0202565833896015,0.0047265361242403,0.0155300472653612,0.0087778528021607,0.0087778528021607,0.0,0.00033760972316,0.00033760972316,0.0,0.057731262660364505,0.0290344361917623,0.0286968264686022,0.021269412559081602,0.0104659014179608,0.0108035111411208,0.0,0.0,0.0,0.0033760972316002,0.0020256583389601,0.0013504388926401,0.0111411208642808,0.0077650236326806,0.0033760972316002,0.0050641458474003,0.0040513166779203,0.00101282916948,0.00033760972316,0.0,0.00033760972316,0.00067521944632,0.00067521944632,0.0,0.0567184334908844,0.0232950708980418,0.0334233625928426,0.0158676569885211,0.0111411208642808,0.0047265361242403,930
2015-07-01,2015,7,2505,582,1923,4,3,1,90,30,60,0,0,0,48,27,21,44,33,11,6,6,0,2,2,0,83,24,59,51,46,5,2,2,0,168,104,64,61,27,34,3,3,0,7,7,0,30,21,9,15,10,5,5,2,3,6,5,1,175,70,105,52,31,21,0.7511244377811095,0.1745127436281859,0.5766116941529236,0.00119940029985,0.0008995502248875,0.0002998500749625,0.0269865067466266,0.0089955022488755,0.0179910044977511,0.0,0.0,0.0,0.0143928035982008,0.008095952023988,0.0062968515742128,0.0131934032983508,0.0098950524737631,0.0032983508245877,0.0017991004497751,0.0017991004497751,0.0,0.000599700149925,0.000599700149925,0.0,0.024887556221889,0.0071964017991004,0.0176911544227886,0.015292353823088299,0.0137931034482758,0.0014992503748125,0.000599700149925,0.000599700149925,0.0,0.050374812593703,0.0311844077961019,0.0191904047976011,0.0182908545727136,0.008095952023988,0.0101949025487256,0.0008995502248875,0.0008995502248875,0.0,0.0020989505247376,0.0020989505247376,0.0,0.0089955022488754,0.0062968515742128,0.0026986506746626,0.0044977511244376,0.0029985007496251,0.0014992503748125,0.0014992503748125002,0.000599700149925,0.0008995502248875,0.0017991004497749999,0.0014992503748125,0.0002998500749625,0.0524737631184407,0.0209895052473763,0.0314842578710644,0.0155922038980508,0.009295352323838,0.0062968515742128,1020
2015-08-01,2015,8,2139,526,1613,3,2,1,90,34,56,4,4,0,47,31,16,30,24,6,3,0,3,1,1,0,71,32,39,27,25,2,0,0,0,107,69,38,52,21,31,0,0,0,4,4,0,31,27,4,9,7,2,4,2,2,4,4,0,256,121,135,51,27,24,0.7330363262508567,0.1802604523646333,0.5527758738862234,0.0010281014393419,0.0006854009595613,0.0003427004797806,0.0308430431802604,0.0116518163125428,0.0191912268677176,0.0013708019191226,0.0013708019191226,0.0,0.0161069225496915,0.0106237148732008,0.0054832076764907,0.0102810143934201,0.0082248115147361,0.002056202878684,0.001028101439342,0.0,0.001028101439342,0.0003427004797806,0.0003427004797806,0.0,0.0243317340644275,0.0109664153529814,0.0133653187114461,0.009252912954078,0.0085675119945167,0.0006854009595613,0.0,0.0,0.0,0.0366689513365318,0.0236463331048663,0.0130226182316655,0.0178204249485949,0.0071967100753941,0.0106237148732008,0.0,0.0,0.0,0.0013708019191226,0.0013708019191226,0.0,0.0106237148732007,0.0092529129540781,0.0013708019191226,0.003084304318026,0.0023989033584647,0.0006854009595613,0.0013708019191226,0.0006854009595613,0.0006854009595613,0.0013708019191226,0.0013708019191226,0.0,0.08773132282385179,0.0414667580534612,0.0462645647703906,0.0174777244688142,0.0092529129540781,0.0082248115147361,950
2015-09-01,2015,9,2234,591,1643,6,2,4,104,35,69,0,0,0,42,19,23,51,46,5,3,0,3,1,1,0,93,29,64,45,41,4,8,8,0,144,73,71,94,43,51,1,1,0,3,3,0,24,18,6,6,5,1,2,0,2,3,3,0,145,66,79,40,19,21,0.7416998671978751,0.196215139442231,0.545484727755644,0.0019920318725098,0.0006640106241699,0.0013280212483399,0.0345285524568392,0.0116201859229747,0.0229083665338645,0.0,0.0,0.0,0.0139442231075696,0.0063081009296148,0.0076361221779548,0.0169322709163345,0.0152722443559096,0.0016600265604249,0.0009960159362549,0.0,0.0009960159362549,0.0003320053120849,0.0003320053120849,0.0,0.0308764940239043,0.0096281540504648,0.0212483399734395,0.0149402390438246,0.0136122177954847,0.0013280212483399,0.0026560424966799,0.0026560424966799,0.0,0.047808764940239,0.0242363877822045,0.0235723771580345,0.0312084993359893,0.0142762284196547,0.0169322709163346,0.0003320053120849,0.0003320053120849,0.0,0.0009960159362549,0.0009960159362549,0.0,0.0079681274900397,0.0059760956175298,0.0019920318725099,0.0019920318725098,0.0016600265604249,0.0003320053120849,0.0006640106241699,0.0,0.0006640106241699,0.0009960159362549,0.0009960159362549,0.0,0.0481407702523239,0.0219123505976095,0.0262284196547144,0.0132802124833996,0.0063081009296148,0.0069721115537848,970
2015-10-01,2015,10,2390,627,1763,1,1,0,132,43,89,3,1,2,38,13,25,85,77,8,2,0,2,9,9,0,121,49,72,41,37,4,4,4,0,196,129,67,102,45,57,2,0,2,7,3,4,24,23,1,6,4,2,1,1,0,4,3,1,195,73,122,37,18,19,0.7179333133072995,0.1883448483027936,0.5295884650045058,0.0003003905076599,0.0003003905076599,0.0,0.0396515470111143,0.0129167918293781,0.0267347551817362,0.0009011715229798,0.0003003905076599,0.0006007810153199,0.0114148392910783,0.0039050765995794,0.0075097626914989,0.025533193151096298,0.0231300690898167,0.0024031240612796,0.0006007810153199,0.0,0.0006007810153199,0.0027035145689396,0.0027035145689396,0.0,0.0363472514268548,0.0147191348753379,0.0216281165515169,0.0123160108140582,0.0111144487834184,0.0012015620306398,0.0012015620306398,0.0012015620306398,0.0,0.058876539501351605,0.0387503754881345,0.0201261640132171,0.0306398317813157,0.0135175728446981,0.0171222589366176,0.0006007810153199,0.0,0.0006007810153199,0.0021027335536195997,0.0009011715229798,0.0012015620306398,0.007209372183838899,0.006908981676179,0.0003003905076599,0.0018023430459597,0.0012015620306398,0.0006007810153199,0.0003003905076599,0.0003003905076599,0.0,0.0012015620306397,0.0009011715229798,0.0003003905076599,0.0585761489936917,0.0219285070591769,0.0366476419345148,0.0111144487834184,0.0054070291378792,0.0057074196455392,1094
2015-11-01,2015,11,2230,555,1675,4,1,3,93,32,61,1,0,1,40,22,18,70,65,5,2,0,2,2,2,0,60,20,40,31,30,1,0,0,0,144,81,63,101,40,61,0,0,0,0,0,0,33,22,11,13,10,3,6,2,4,3,3,0,160,48,112,46,19,27,0.7430856381206264,0.1849383538820393,0.5581472842385872,0.0013328890369876,0.0003332222592469,0.0009996667777407,0.030989670109963202,0.0106631122959013,0.0203265578140619,0.0003332222592469,0.0,0.0003332222592469,0.013328890369876601,0.0073308897034321,0.0059980006664445,0.0233255581472841,0.0216594468510496,0.0016661112962345,0.0006664445184938,0.0,0.0006664445184938,0.0006664445184938,0.0006664445184938,0.0,0.019993335554815,0.0066644451849383,0.0133288903698767,0.0103298900366544,0.0099966677774075,0.0003332222592469,0.0,0.0,0.0,0.0479840053315561,0.0269910029990003,0.0209930023325558,0.0336554481839386,0.0133288903698767,0.0203265578140619,0.0,0.0,0.0,0.0,0.0,0.0,0.010996334555148101,0.0073308897034321,0.003665444851716,0.0043318893702098,0.0033322225924691,0.0009996667777407,0.0019993335554814,0.0006664445184938,0.0013328890369876,0.0009996667777407,0.0009996667777407,0.0,0.0533155614795067,0.015994668443852,0.0373208930356547,0.015328223925358101,0.0063312229256914,0.0089970009996667,915
2015-12-01,2015,12,2046,517,1529,5,4,1,82,23,59,1,1,0,34,19,15,86,80,6,5,2,3,2,2,0,60,8,52,45,43,2,2,2,0,142,99,43,102,54,48,0,0,0,7,4,3,18,12,6,11,9,2,6,4,2,14,10,4,188,89,99,43,20,23,0.7178947368421053,0.1814035087719298,0.5364912280701755,0.0017543859649121999,0.0014035087719298,0.0003508771929824,0.028771929824561303,0.0080701754385964,0.0207017543859649,0.0003508771929824,0.0003508771929824,0.0,0.011929824561403402,0.0066666666666666,0.0052631578947368,0.030175438596491102,0.0280701754385964,0.0021052631578947,0.0017543859649122,0.0007017543859649,0.0010526315789473,0.0007017543859649,0.0007017543859649,0.0,0.021052631578947302,0.0028070175438596,0.0182456140350877,0.0157894736842105,0.0150877192982456,0.0007017543859649,0.0007017543859649,0.0007017543859649,0.0,0.0498245614035087,0.0347368421052631,0.0150877192982456,0.0357894736842104,0.0189473684210526,0.0168421052631578,0.0,0.0,0.0,0.0024561403508771,0.0014035087719298,0.0010526315789473,0.006315789473684099,0.0042105263157894,0.0021052631578947,0.003859649122807,0.0031578947368421,0.0007017543859649,0.0021052631578947,0.0014035087719298,0.0007017543859649,0.0049122807017543,0.0035087719298245,0.0014035087719298,0.0659649122807016,0.0312280701754385,0.0347368421052631,0.0150877192982455,0.0070175438596491,0.0080701754385964,957
2016-01-01,2016,1,2759,785,1974,8,5,3,70,28,42,0,0,0,49,25,24,75,58,17,7,1,6,0,0,0,123,19,104,34,30,4,1,1,0,155,104,51,104,39,65,0,0,0,12,7,5,8,7,1,22,17,5,9,6,3,2,1,1,211,72,139,48,26,22,0.753619229718656,0.2144222889920786,0.5391969407265774,0.00218519530183,0.0013657470636438,0.0008194482381862,0.019120458891013298,0.0076481835564053,0.011472275334608,0.0,0.0,0.0,0.013384321223709299,0.006828735318219,0.0065555859054903,0.0204862059546571,0.0158426659382682,0.0046435400163889,0.0019120458891012,0.0002731494127287,0.0016388964763725,0.0,0.0,0.0,0.033597377765637704,0.0051898388418464,0.0284075389237913,0.0092870800327778,0.0081944823818628,0.001092597650915,0.0002731494127287,0.0002731494127287,0.0,0.042338158972958104,0.0284075389237913,0.0139306200491668,0.0284075389237912,0.0106528270964217,0.0177547118273695,0.0,0.0,0.0,0.0032777929527450997,0.0019120458891013,0.0013657470636438,0.00218519530183,0.0019120458891013,0.0002731494127287,0.0060092870800326995,0.0046435400163889,0.0013657470636438,0.0024583447145587,0.0016388964763725,0.0008194482381862,0.0005462988254574,0.0002731494127287,0.0002731494127287,0.0576345260857689,0.0196667577164709,0.037967768369298,0.0131111718109805,0.0071018847309478,0.0060092870800327,1204
2016-02-01,2016,2,2946,692,2254,10,7,3,111,44,67,0,0,0,51,22,29,111,91,20,1,0,1,3,3,0,101,30,71,32,27,5,2,2,0,241,163,78,135,66,69,0,0,0,10,4,6,34,25,9,20,15,5,12,4,8,5,2,3,217,92,125,71,40,31,0.7290274684484038,0.1712447414006434,0.5577827270477604,0.0024746349913387002,0.0017322444939371,0.0007423904974016,0.027468448403860403,0.0108883939618906,0.0165800544419698,0.0,0.0,0.0,0.0126206384558277,0.0054441969809453,0.0071764414748824,0.027468448403860302,0.0225191784211828,0.0049492699826775,0.0002474634991338,0.0,0.0002474634991338,0.0007423904974016,0.0007423904974016,0.0,0.0249938134125216,0.0074239049740163,0.0175699084385053,0.0079188319722839,0.0066815144766146,0.0012373174956693,0.0004949269982677,0.0004949269982677,0.0,0.0596387032912644,0.040336550358822,0.0193021529324424,0.0334075723830734,0.0163325909428359,0.0170749814402375,0.0,0.0,0.0,0.0024746349913387002,0.0009898539965355,0.0014847809948032,0.0084137589705517,0.0061865874783469,0.0022271714922048,0.0049492699826774005,0.0037119524870081,0.0012373174956693,0.0029695619896065,0.0009898539965355,0.001979707993071,0.0012373174956693,0.0004949269982677,0.0007423904974016,0.053699579312051396,0.0227666419203167,0.0309329373917347,0.0175699084385053,0.0098985399653551,0.0076713684731502,1269
2016-03-01,2016,3,3243,811,2432,10,5,5,121,28,93,4,3,1,48,33,15,84,65,19,3,2,1,1,0,1,69,17,52,35,30,5,5,5,0,193,106,87,138,73,65,45,38,7,19,10,9,19,12,7,19,16,3,1,1,0,5,2,3,274,103,171,60,32,28,0.7463751438434982,0.1866513233601841,0.5597238204833141,0.002301495972382,0.001150747986191,0.001150747986191,0.027848101265822697,0.0064441887226697,0.021403912543153,0.0009205983889528,0.0006904487917146,0.0002301495972382,0.0110471806674337,0.0075949367088607,0.003452243958573,0.019332566168009102,0.0149597238204833,0.0043728423475258,0.0006904487917146,0.0004602991944764,0.0002301495972382,0.0002301495972382,0.0,0.0002301495972382,0.015880322209436,0.0039125431530494,0.0119677790563866,0.0080552359033371,0.0069044879171461,0.001150747986191,0.001150747986191,0.001150747986191,0.0,0.0444188722669735,0.0243958573072497,0.0200230149597238,0.031760644418872205,0.0168009205983889,0.0149597238204833,0.0103567318757191,0.0087456846950517,0.0016110471806674,0.0043728423475258,0.002301495972382,0.0020713463751438,0.0043728423475258,0.0027617951668584,0.0016110471806674,0.0043728423475258,0.0036823935558112,0.0006904487917146,0.0002301495972382,0.0002301495972382,0.0,0.001150747986191,0.0004602991944764,0.0006904487917146,0.063060989643268,0.023705408515535,0.039355581127733,0.013808975834292199,0.0073647871116225,0.0064441887226697,1353
2016-04-01,2016,4,2924,689,2235,6,3,3,136,35,101,4,2,2,64,29,35,102,84,18,1,1,0,7,7,0,99,32,67,27,24,3,4,4,0,211,143,68,174,104,70,8,6,2,17,12,5,28,19,9,13,11,2,19,14,5,7,6,1,189,64,125,34,19,15,0.7279063978093104,0.1715210355987055,0.556385362210605,0.0014936519790888,0.0007468259895444,0.0007468259895444,0.0338561115260144,0.0087129698780184,0.025143141647996,0.0009957679860592,0.0004978839930296,0.0004978839930296,0.015932287776947898,0.0072193178989295,0.0087129698780184,0.025392083644510798,0.0209111277072442,0.0044809559372666,0.0002489419965148,0.0002489419965148,0.0,0.0017425939756036,0.0017425939756036,0.0,0.0246452576549663,0.0079661438884739,0.0166791137664924,0.0067214339058998,0.0059746079163554,0.0007468259895444,0.0009957679860592,0.0009957679860592,0.0,0.0525267612646253,0.0355987055016181,0.0169280557630072,0.0433159073935772,0.0258899676375404,0.0174259397560368,0.0019915359721184,0.0014936519790888,0.0004978839930296,0.0042320139407517,0.0029873039581777,0.001244709982574,0.006970375902414699,0.0047298979337814,0.0022404779686333,0.0032362459546925,0.0027383619616629,0.0004978839930296,0.0047298979337813,0.0034851879512073,0.001244709982574,0.0017425939756036,0.0014936519790888,0.0002489419965148,0.0470500373412994,0.0159322877769479,0.0311177495643515,0.0084640278815035,0.0047298979337814,0.0037341299477221,1260
2016-05-01,2016,5,3059,704,2355,19,10,9,160,72,88,0,0,0,108,44,64,63,52,11,7,2,5,6,6,0,108,25,83,44,38,6,6,6,0,213,119,94,80,38,42,2,1,1,7,6,1,22,15,7,18,17,1,7,4,3,9,7,2,118,42,76,38,16,22,0.7549358341559723,0.173741362290227,0.5811944718657454,0.0046890424481736,0.0024679170779861,0.0022211253701875,0.0394866732477787,0.0177690029615004,0.0217176702862783,0.0,0.0,0.0,0.0266535044422506,0.0108588351431391,0.0157946692991115,0.015547877591312799,0.0128331688055281,0.0027147087857847,0.0017275419545902,0.0004935834155972,0.001233958538993,0.0014807502467917,0.0014807502467917,0.0,0.0266535044422506,0.0061697926949654,0.0204837117472852,0.010858835143139099,0.0093780848963474,0.0014807502467917,0.0014807502467917,0.0014807502467917,0.0,0.0525666337611055,0.0293682132280355,0.02319842053307,0.0197433366238893,0.0093780848963474,0.0103652517275419,0.0004935834155972,0.0002467917077986,0.0002467917077986,0.0017275419545903,0.0014807502467917,0.0002467917077986,0.0054294175715695,0.0037018756169792,0.0017275419545903,0.0044422507403751,0.0041954590325765,0.0002467917077986,0.0017275419545902,0.0009871668311944,0.0007403751233958,0.0022211253701875,0.0017275419545903,0.0004935834155972,0.0291214215202368,0.0103652517275419,0.0187561697926949,0.0093780848963473,0.0039486673247778,0.0054294175715695,1190
2016-06-01,2016,6,3092,733,2359,7,3,4,125,46,79,3,2,1,53,29,24,89,68,21,5,1,4,3,2,1,151,46,105,46,44,2,4,4,0,231,119,112,114,49,65,3,2,1,18,14,4,13,8,5,23,20,3,5,3,2,13,12,1,182,58,124,32,15,17,0.7441636582430806,0.1764139590854392,0.5677496991576414,0.0016847172081828,0.0007220216606498,0.000962695547533,0.030084235860409,0.0110709987966305,0.0190132370637785,0.0007220216606497,0.0004813477737665,0.0002406738868832,0.0127557160048134,0.0069795427196149,0.0057761732851985,0.0214199759326112,0.0163658243080625,0.0050541516245487,0.0012033694344162,0.0002406738868832,0.000962695547533,0.0007220216606497,0.0004813477737665,0.0002406738868832,0.0363417569193741,0.0110709987966305,0.0252707581227436,0.0110709987966305,0.010589651022864,0.0004813477737665,0.000962695547533,0.000962695547533,0.0,0.055595667870036,0.0286401925391095,0.0269554753309265,0.027436823104693003,0.0117930204572803,0.0156438026474127,0.0007220216606497,0.0004813477737665,0.0002406738868832,0.0043321299638988,0.0033694344163658,0.000962695547533,0.0031287605294824,0.0019253910950661,0.0012033694344163,0.0055354993983152,0.0048134777376654,0.0007220216606498,0.0012033694344163,0.0007220216606498,0.0004813477737665,0.0031287605294824,0.0028880866425992,0.0002406738868832,0.0438026474127556,0.0139590854392298,0.0298435619735258,0.0077015643802646,0.003610108303249,0.0040914560770156,1237
2016-07-01,2016,7,3136,806,2330,15,12,3,109,37,72,1,0,1,55,34,21,100,82,18,8,5,3,15,12,3,79,25,54,54,47,7,6,6,0,251,177,74,134,93,41,0,0,0,17,11,6,30,22,8,7,7,0,2,1,1,11,10,1,190,82,108,24,9,15,0.7523992322456814,0.1933781190019194,0.559021113243762,0.003598848368522,0.0028790786948176,0.0007197696737044,0.026151631477926998,0.0088771593090211,0.0172744721689059,0.0002399232245681,0.0,0.0002399232245681,0.0131957773512475,0.0081573896353166,0.0050383877159309,0.023992322456813698,0.0196737044145873,0.0043186180422264,0.0019193857965450001,0.0011996161228406,0.0007197696737044,0.003598848368522,0.0028790786948176,0.0007197696737044,0.0189539347408828,0.0059980806142034,0.0129558541266794,0.0129558541266793,0.0112763915547024,0.0016794625719769,0.0014395393474088,0.0014395393474088,0.0,0.060220729366602596,0.0424664107485604,0.0177543186180422,0.0321497120921304,0.0223128598848368,0.0098368522072936,0.0,0.0,0.0,0.0040786948176583,0.0026391554702495,0.0014395393474088,0.0071976967370441,0.005278310940499,0.0019193857965451,0.0016794625719769,0.0016794625719769,0.0,0.0004798464491362,0.0002399232245681,0.0002399232245681,0.0026391554702494,0.0023992322456813,0.0002399232245681,0.0455854126679462,0.0196737044145873,0.0259117082533589,0.0057581573896352,0.0021593090211132,0.003598848368522,1413
2016-08-01,2016,8,2891,682,2209,10,6,4,117,45,72,0,0,0,67,41,26,94,73,21,3,1,2,5,4,1,62,28,34,73,66,7,0,0,0,221,151,70,60,28,32,1,0,1,4,3,1,35,28,7,6,5,1,12,7,5,13,11,2,146,52,94,34,18,16,0.7615911485774499,0.1796628029504741,0.5819283456269758,0.0026343519494203002,0.0015806111696522,0.0010537407797681,0.030821917808219003,0.0118545837723919,0.0189673340358271,0.0,0.0,0.0,0.017650158061116902,0.0108008429926238,0.0068493150684931,0.0247629083245521,0.0192307692307692,0.0055321390937829,0.000790305584826,0.000263435194942,0.000526870389884,0.0013171759747101,0.0010537407797681,0.000263435194942,0.0163329820864067,0.0073761854583772,0.0089567966280295,0.0192307692307692,0.0173867228661749,0.0018440463645943,0.0,0.0,0.0,0.058219178082191694,0.0397787144362486,0.0184404636459431,0.0158061116965226,0.0073761854583772,0.0084299262381454,0.000263435194942,0.0,0.000263435194942,0.0010537407797681,0.0007903055848261,0.000263435194942,0.0092202318229715,0.0073761854583772,0.0018440463645943,0.0015806111696522,0.0013171759747102,0.000263435194942,0.0031612223393045003,0.0018440463645943,0.0013171759747102,0.0034246575342464,0.0028977871443624,0.000526870389884,0.0384615384615384,0.0136986301369863,0.0247629083245521,0.008956796628029399,0.0047418335089567,0.0042149631190727,1206
2016-09-01,2016,9,3090,859,2231,9,5,4,130,52,78,7,4,3,71,38,33,117,100,17,6,2,4,3,1,2,78,27,51,45,37,8,6,6,0,286,200,86,89,55,34,1,1,0,11,6,5,51,40,11,13,11,2,10,5,5,9,7,2,153,55,98,38,24,14,0.7451169520135037,0.2071376898963106,0.5379792621171932,0.0021702435495538,0.0012056908608632,0.0009645526886906,0.031347962382445,0.012539184952978,0.018808777429467,0.0016879672052085,0.0009645526886906,0.0007234145165179,0.0171208102242584,0.0091632505425608,0.0079575596816976,0.0282131661442005,0.0241138172172654,0.0040993489269351,0.0014468290330359001,0.0004822763443453,0.0009645526886906,0.0007234145165179,0.0002411381721726,0.0004822763443453,0.018808777429467,0.0065107306486616,0.0122980467808054,0.0108512177477694,0.0089221123703882,0.0019291053773812,0.0014468290330359,0.0014468290330359,0.0,0.0689655172413792,0.0482276344345309,0.0207378828068483,0.0214612973233662,0.013262599469496,0.0081986978538702,0.0002411381721726,0.0002411381721726,0.0,0.0026525198938991,0.0014468290330359,0.0012056908608632,0.0122980467808053,0.0096455268869061,0.0026525198938992,0.0031347962382445,0.0026525198938992,0.0004822763443453,0.0024113817217264,0.0012056908608632,0.0012056908608632,0.0021702435495538,0.0016879672052085,0.0004822763443453,0.0368941403424161,0.013262599469496,0.0236315408729201,0.0091632505425608,0.0057873161321437,0.0033759344104171,1474
2016-10-01,2016,10,3245,851,2394,8,6,2,154,62,92,4,4,0,104,64,40,107,90,17,2,1,1,0,0,0,81,44,37,48,39,9,3,3,0,255,163,92,130,64,66,0,0,0,4,3,1,56,50,6,18,16,2,12,5,7,16,16,0,190,62,128,41,19,22,0.7338308457711442,0.1924468566259611,0.5413839891451832,0.0018091361374942,0.0013568521031207,0.0004522840343735,0.034825870646766,0.0140208050655811,0.0208050655811849,0.0009045680687471,0.0009045680687471,0.0,0.0235187697874264,0.0144730890999547,0.0090456806874717,0.024197195838986798,0.0203527815468114,0.0038444142921754,0.0004522840343734,0.0002261420171867,0.0002261420171867,0.0,0.0,0.0,0.018317503392130202,0.0099502487562189,0.0083672546359113,0.010854816824966002,0.0088195386702849,0.0020352781546811,0.0006784260515603,0.0006784260515603,0.0,0.0576662143826322,0.0368611488014473,0.0208050655811849,0.029398462234283003,0.0144730890999547,0.0149253731343283,0.0,0.0,0.0,0.000904568068747,0.0006784260515603,0.0002261420171867,0.0126639529624603,0.0113071008593396,0.0013568521031207,0.0040705563093621,0.0036182722749886,0.0004522840343735,0.0027137042062413998,0.0011307100859339,0.0015829941203075,0.0036182722749886,0.0036182722749886,0.0,0.0429669832654906,0.0140208050655811,0.0289461781999095,0.0092718227046584,0.004296698326549,0.0049751243781094,1513
2016-11-01,2016,11,2951,722,2229,15,12,3,87,28,59,1,1,0,90,62,28,130,108,22,1,1,0,0,0,0,83,49,34,83,72,11,3,3,0,221,149,72,88,46,42,0,0,0,6,5,1,27,25,2,12,8,4,8,4,4,22,18,4,180,84,96,56,22,34,0.739413680781759,0.1809070408418942,0.5585066399398647,0.0037584565271860998,0.0030067652217489,0.0007516913054372,0.0217990478576796,0.0070157855174141,0.0147832623402655,0.000250563768479,0.000250563768479,0.0,0.0225507391631169,0.0155349536457028,0.0070157855174141,0.032573289902280096,0.0270608869957404,0.0055124029065397,0.000250563768479,0.000250563768479,0.0,0.0,0.0,0.0,0.020796792783763403,0.0122776246554748,0.0085191681282886,0.0207967927837634,0.0180405913304936,0.0027562014532698,0.0007516913054372,0.0007516913054372,0.0,0.0553745928338762,0.0373340015033826,0.0180405913304936,0.022049611626158698,0.0115259333500375,0.0105236782761212,0.0,0.0,0.0,0.0015033826108742999,0.0012528188423953,0.000250563768479,0.006765221748935,0.0062640942119769,0.0005011275369581,0.0030067652217489003,0.0020045101478326,0.0010022550739163,0.0020045101478326,0.0010022550739163,0.0010022550739163,0.0055124029065397,0.0045101478326234,0.0010022550739163,0.0451014783262339,0.0210473565522425,0.0240541217739914,0.0140315710348283,0.0055124029065397,0.0085191681282886,1356
2016-12-01,2016,12,3109,743,2366,6,5,1,134,33,101,2,2,0,44,33,11,130,108,22,8,2,6,0,0,0,72,28,44,47,36,11,7,6,1,226,148,78,74,35,39,3,2,1,8,5,3,18,16,2,14,13,1,1,0,1,17,17,0,132,46,86,41,19,22,0.7693640188072258,0.1838653798564711,0.5854986389507547,0.0014847809948031,0.0012373174956693,0.0002474634991338,0.0331601088839395,0.0081662954714179,0.0249938134125216,0.0004949269982677,0.0004949269982677,0.0,0.010888393961890501,0.0081662954714179,0.0027220984904726,0.032170254887404,0.0267260579064587,0.0054441969809453,0.0019797079930709,0.0004949269982677,0.0014847809948032,0.0,0.0,0.0,0.0178173719376391,0.0069289779757485,0.0108883939618906,0.011630784459292099,0.0089086859688195,0.0027220984904726,0.0017322444939370002,0.0014847809948032,0.0002474634991338,0.0559267508042563,0.0366245978718139,0.0193021529324424,0.0183122989359069,0.0086612224696857,0.0096510764662212,0.0007423904974015,0.0004949269982677,0.0002474634991338,0.0019797079930709,0.0012373174956693,0.0007423904974016,0.0044543429844097,0.003959415986142,0.0004949269982677,0.0034644889878742,0.0032170254887404,0.0002474634991338,0.0002474634991338,0.0,0.0002474634991338,0.0042068794852759,0.0042068794852759,0.0,0.032665181885671704,0.0113833209601583,0.0212818609255134,0.0101460034644889,0.0047018064835436,0.0054441969809453,1254
2017-01-01,2017,1,2573,579,1994,5,2,3,88,18,70,7,6,1,78,53,25,79,52,27,2,0,2,2,2,0,65,17,48,36,27,9,7,7,0,205,105,100,66,40,26,0,0,0,2,1,1,27,21,6,22,14,8,3,2,1,6,4,2,104,30,74,35,15,20,0.7653182629387268,0.1722189173111243,0.5930993456276026,0.0014872099940510001,0.0005948839976204,0.0008923259964306,0.0261748958953003,0.0053539559785841,0.0208209399167162,0.0020820939916715003,0.0017846519928613,0.0002974419988102,0.023200475907198,0.0157644259369422,0.0074360499702558,0.0234979179060082,0.015466983938132,0.0080309339678762,0.0005948839976204,0.0,0.0005948839976204,0.0005948839976204,0.0005948839976204,0.0,0.019333729922665,0.0050565139797739,0.0142772159428911,0.0107079119571682,0.0080309339678762,0.002676977989292,0.0020820939916716,0.0020820939916716,0.0,0.060975609756097504,0.0312314098750743,0.0297441998810232,0.019631171921475198,0.0118976799524092,0.007733491969066,0.0,0.0,0.0,0.0005948839976204,0.0002974419988102,0.0002974419988102,0.0080309339678761,0.0062462819750148,0.0017846519928613,0.006543723973825,0.0041641879833432,0.0023795359904818,0.0008923259964305999,0.0005948839976204,0.0002974419988102,0.0017846519928613,0.0011897679952409,0.0005948839976204,0.030933967876264,0.0089232599643069,0.0220107079119571,0.010410469958358,0.0044616299821534,0.0059488399762046,967
2017-02-01,2017,2,2499,527,1972,10,6,4,90,24,66,1,1,0,61,36,25,116,92,24,3,1,2,0,0,0,37,14,23,46,44,2,6,6,0,215,123,92,87,38,49,0,0,0,6,5,1,24,18,6,19,11,8,1,1,0,6,4,2,108,41,67,40,7,33,0.7556697913516782,0.1593589355911702,0.596310855760508,0.003023888720895,0.001814333232537,0.001209555488358,0.0272149984880555,0.0072573329301481,0.0199576655579074,0.0003023888720895,0.0003023888720895,0.0,0.0184457211974598,0.0108859993952222,0.0075597218022376,0.0350771091623827,0.0278197762322346,0.0072573329301481,0.0009071666162685,0.0003023888720895,0.000604777744179,0.0,0.0,0.0,0.0111883882673116,0.004233444209253,0.0069549440580586,0.0139098881161173,0.0133051103719383,0.000604777744179,0.001814333232537,0.001814333232537,0.0,0.0650136074992439,0.0371938312670093,0.0278197762322346,0.026307831871787,0.0114907771394012,0.0148170547323858,0.0,0.0,0.0,0.001814333232537,0.0015119443604475,0.0003023888720895,0.007257332930148101,0.0054429996976111,0.001814333232537,0.0057453885697005,0.0033262775929845,0.002419110976716,0.0003023888720895,0.0003023888720895,0.0,0.001814333232537,0.001209555488358,0.000604777744179,0.0326579981856666,0.0123979437556697,0.0202600544299969,0.0120955548835802,0.0021167221046265,0.0099788327789537,949
2017-03-01,2017,3,2677,572,2105,9,6,3,128,19,109,2,2,0,48,24,24,79,57,22,3,0,3,0,0,0,72,26,46,65,62,3,13,12,1,211,108,103,129,56,73,0,0,0,6,2,4,21,17,4,5,4,1,5,2,3,12,11,1,126,38,88,36,16,20,0.7419623059866961,0.1585365853658536,0.5834257206208425,0.0024944567627493,0.0016629711751662,0.0008314855875831,0.0354767184035476,0.0052660753880266,0.030210643015521,0.0005543237250554,0.0005543237250554,0.0,0.0133037694013302,0.0066518847006651,0.0066518847006651,0.0218957871396895,0.0157982261640798,0.0060975609756097,0.0008314855875831,0.0,0.0008314855875831,0.0,0.0,0.0,0.0199556541019955,0.0072062084257206,0.0127494456762749,0.0180155210643015,0.0171840354767184,0.0008314855875831,0.0036031042128602,0.0033259423503325,0.0002771618625277,0.058481152993347996,0.0299334811529933,0.0285476718403547,0.0357538802660753,0.0155210643015521,0.0202328159645232,0.0,0.0,0.0,0.0016629711751661998,0.0005543237250554,0.0011086474501108,0.0058203991130819,0.0047117516629711,0.0011086474501108,0.0013858093126385,0.0011086474501108,0.0002771618625277,0.0013858093126385,0.0005543237250554,0.0008314855875831,0.0033259423503325,0.0030487804878048,0.0002771618625277,0.0349223946784922,0.0105321507760532,0.024390243902439,0.0099778270509977,0.0044345898004434,0.0055432372505543,1007
2017-04-01,2017,4,2723,540,2183,5,2,3,97,20,77,2,0,2,36,18,18,86,55,31,1,1,0,0,0,0,114,59,55,50,49,1,9,9,0,126,69,57,69,32,37,0,0,0,2,2,0,21,16,5,14,11,3,8,2,6,0,0,0,104,23,81,27,9,18,0.7892753623188405,0.1565217391304348,0.6327536231884058,0.0014492753623188,0.0005797101449275,0.0008695652173913,0.0281159420289854,0.0057971014492753,0.0223188405797101,0.0005797101449275,0.0,0.0005797101449275,0.0104347826086956,0.0052173913043478,0.0052173913043478,0.024927536231883998,0.0159420289855072,0.0089855072463768,0.0002898550724637,0.0002898550724637,0.0,0.0,0.0,0.0,0.0330434782608695,0.0171014492753623,0.0159420289855072,0.0144927536231883,0.0142028985507246,0.0002898550724637,0.0026086956521739,0.0026086956521739,0.0,0.0365217391304347,0.02,0.0165217391304347,0.0199999999999999,0.0092753623188405,0.0107246376811594,0.0,0.0,0.0,0.0005797101449275,0.0005797101449275,0.0,0.006086956521739,0.0046376811594202,0.0014492753623188,0.0040579710144927,0.0031884057971014,0.0008695652173913,0.0023188405797101,0.0005797101449275,0.0017391304347826,0.0,0.0,0.0,0.030144927536231797,0.0066666666666666,0.0234782608695652,0.0078260869565217,0.0026086956521739,0.0052173913043478,894
2017-05-01,2017,5,1947,454,1493,4,4,0,91,21,70,1,1,0,40,18,22,60,44,16,3,0,3,1,0,1,40,16,24,62,58,4,4,4,0,132,74,58,57,22,35,0,0,0,4,3,1,19,15,4,14,12,2,1,0,1,4,2,2,63,11,52,15,4,11,0.7692611615962069,0.1793757408139075,0.5898854207822994,0.0015804030027657,0.0015804030027657,0.0,0.0359541683129197,0.0082971157645199,0.0276570525483998,0.0003951007506914,0.0003951007506914,0.0,0.0158040300276569,0.0071118135124456,0.0086922165152113,0.0237060450414855,0.0173844330304227,0.0063216120110628,0.0011853022520742,0.0,0.0011853022520742,0.0003951007506914,0.0,0.0003951007506914,0.015804030027657,0.0063216120110628,0.0094824180165942,0.0244962465428684,0.0229158435401027,0.0015804030027657,0.0015804030027657,0.0015804030027657,0.0,0.0521532990912682,0.0292374555511655,0.0229158435401027,0.0225207427894112,0.0086922165152113,0.0138285262741999,0.0,0.0,0.0,0.0015804030027656,0.0011853022520742,0.0003951007506914,0.007506914263137,0.0059265112603713,0.0015804030027657,0.0055314105096798995,0.0047412090082971,0.0007902015013828,0.0003951007506914,0.0,0.0003951007506914,0.0015804030027656,0.0007902015013828,0.0007902015013828,0.0248913472935597,0.0043461082576056,0.0205452390359541,0.0059265112603713,0.0015804030027657,0.0043461082576056,743
2017-06-01,2017,6,2848,672,2176,7,5,2,101,29,72,5,4,1,43,20,23,87,61,26,5,2,3,1,1,0,126,46,80,58,53,5,9,9,0,175,94,81,77,29,48,1,1,0,6,4,2,10,9,1,11,10,1,5,2,3,10,7,3,132,32,100,58,21,37,0.7631296891747053,0.180064308681672,0.5830653804930332,0.0018756698821007,0.0013397642015005,0.0005359056806002,0.0270632368703108,0.0077706323687031,0.0192926045016077,0.0013397642015005001,0.0010718113612004,0.0002679528403001,0.0115219721329045,0.0053590568060021,0.0061629153269024,0.023311897106109203,0.0163451232583065,0.0069667738478027,0.0013397642015005001,0.0005359056806002,0.0008038585209003,0.0002679528403001,0.0002679528403001,0.0,0.0337620578778134,0.0123258306538049,0.0214362272240085,0.0155412647374061,0.0142015005359056,0.0013397642015005,0.0024115755627009,0.0024115755627009,0.0,0.0468917470525186,0.02518756698821,0.0217041800643086,0.0206323687031082,0.0077706323687031,0.0128617363344051,0.0002679528403001,0.0002679528403001,0.0,0.0016077170418006001,0.0010718113612004,0.0005359056806002,0.0026795284030010002,0.0024115755627009,0.0002679528403001,0.0029474812433011,0.002679528403001,0.0002679528403001,0.0013397642015005001,0.0005359056806002,0.0008038585209003,0.002679528403001,0.0018756698821007,0.0008038585209003,0.0353697749196141,0.0085744908896034,0.0267952840300107,0.0155412647374061,0.0056270096463022,0.0099142550911039,1084
2017-07-01,2017,7,3251,755,2496,1,0,1,111,25,86,2,2,0,48,23,25,75,61,14,4,1,3,1,0,1,122,35,87,149,141,8,6,6,0,204,106,98,162,94,68,1,1,0,7,4,3,15,13,2,30,27,3,5,1,4,9,8,1,153,51,102,31,18,13,0.7483885819521178,0.1738029465930018,0.574585635359116,0.0002302025782688,0.0,0.0002302025782688,0.0255524861878452,0.0057550644567219,0.0197974217311233,0.0004604051565377,0.0004604051565377,0.0,0.011049723756906,0.0052946593001841,0.0057550644567219,0.017265193370165598,0.0140423572744014,0.0032228360957642,0.0009208103130754,0.0002302025782688,0.0006906077348066,0.0002302025782688,0.0,0.0002302025782688,0.0280847145488028,0.0080570902394106,0.0200276243093922,0.034300184162062604,0.0324585635359116,0.001841620626151,0.0013812154696132,0.0013812154696132,0.0,0.0469613259668508,0.0244014732965009,0.0225598526703499,0.037292817679558,0.0216390423572744,0.0156537753222836,0.0002302025782688,0.0002302025782688,0.0,0.0016114180478821,0.0009208103130755,0.0006906077348066,0.003453038674033,0.0029926335174953,0.0004604051565377,0.0069060773480662,0.0062154696132596,0.0006906077348066,0.0011510128913442999,0.0002302025782688,0.0009208103130755,0.0020718232044198,0.001841620626151,0.0002302025782688,0.0352209944751381,0.0117403314917127,0.0234806629834254,0.007136279926335,0.0041436464088397,0.0029926335174953,1339
2017-08-01,2017,8,2467,585,1882,5,5,0,112,30,82,2,2,0,53,36,17,78,62,16,2,1,1,0,0,0,95,35,60,62,58,4,9,9,0,167,92,75,93,56,37,1,0,1,3,1,2,14,11,3,13,13,0,1,1,0,14,11,3,114,34,80,40,18,22,0.7466707021791767,0.1770581113801452,0.5696125907990315,0.0015133171912832,0.0015133171912832,0.0,0.0338983050847457,0.0090799031476997,0.024818401937046,0.0006053268765133,0.0006053268765133,0.0,0.0160411622276028,0.0108958837772397,0.0051452784503631,0.023607748184019298,0.0187651331719128,0.0048426150121065,0.0006053268765132,0.0003026634382566,0.0003026634382566,0.0,0.0,0.0,0.0287530266343825,0.010593220338983,0.0181598062953995,0.0187651331719127,0.0175544794188861,0.0012106537530266,0.0027239709443099,0.0027239709443099,0.0,0.0505447941888618,0.0278450363196125,0.0226997578692493,0.0281476997578691,0.0169491525423728,0.0111985472154963,0.0003026634382566,0.0,0.0003026634382566,0.0009079903147699,0.0003026634382566,0.0006053268765133,0.0042372881355931,0.0033292978208232,0.0009079903147699,0.0039346246973365,0.0039346246973365,0.0,0.0003026634382566,0.0003026634382566,0.0,0.0042372881355931,0.0033292978208232,0.0009079903147699,0.0345036319612589,0.0102905569007263,0.0242130750605326,0.0121065375302662,0.0054479418886198,0.0066585956416464,1024
2017-09-01,2017,9,2730,666,2064,10,5,5,83,19,64,3,2,1,50,29,21,66,52,14,5,2,3,0,0,0,128,56,72,68,63,5,5,5,0,192,117,75,106,63,43,0,0,0,10,6,4,16,8,8,15,8,7,13,5,8,21,17,4,152,35,117,47,16,31,0.7388362652232747,0.1802435723951285,0.5585926928281462,0.0027063599458728,0.0013531799729364,0.0013531799729364,0.0224627875507442,0.0051420838971583,0.0173207036535859,0.0008119079837617,0.0005412719891745,0.0002706359945872,0.0135317997293639,0.0078484438430311,0.0056833558863328,0.017861975642760403,0.0140730717185385,0.0037889039242219,0.0013531799729363,0.0005412719891745,0.0008119079837618,0.0,0.0,0.0,0.034641407307171704,0.0151556156968876,0.0194857916102841,0.018403247631935002,0.0170500676589986,0.0013531799729364,0.0013531799729364,0.0013531799729364,0.0,0.0519621109607577,0.0316644113667117,0.020297699594046,0.0286874154262516,0.0170500676589986,0.011637347767253,0.0,0.0,0.0,0.0027063599458727,0.0016238159675236,0.0010825439783491,0.0043301759133964,0.0021650879566982,0.0021650879566982,0.0040595399188091,0.0021650879566982,0.0018944519621109,0.0035182679296345996,0.0013531799729364,0.0021650879566982,0.0056833558863328,0.0046008119079837,0.0010825439783491,0.0411366711772665,0.0094722598105548,0.0316644113667117,0.012719891745602,0.0043301759133964,0.0083897158322056,1155
2017-10-01,2017,10,2550,668,1882,11,9,2,104,29,75,1,1,0,69,39,30,58,42,16,4,1,3,9,5,4,123,51,72,109,100,9,13,12,1,234,125,109,94,53,41,2,0,2,7,3,4,11,5,6,21,16,5,6,0,6,11,10,1,191,54,137,35,12,23,0.7040309221424628,0.1844284925455549,0.5196024295969078,0.0030369961347321,0.0024848150193263,0.0005521811154058,0.028713418001104198,0.0080066261733848,0.0207067918277194,0.0002760905577029,0.0002760905577029,0.0,0.0190502484815018,0.0107675317504141,0.0082827167310877,0.016013252346769702,0.0115958034235229,0.0044174489232468,0.0011043622308116,0.0002760905577029,0.0008282716731087,0.0024848150193263,0.0013804527885146,0.0011043622308117,0.0339591385974599,0.0140806184428492,0.0198785201546107,0.0300938707896189,0.0276090557702926,0.0024848150193263,0.003589177250138,0.0033130866924351,0.0002760905577029,0.0646051905024847,0.0345113197128658,0.0300938707896189,0.025952512424075,0.0146327995582551,0.0113197128658199,0.0005521811154058,0.0,0.0005521811154058,0.0019326339039204,0.0008282716731087,0.0011043622308117,0.0030369961347321,0.0013804527885146,0.0016565433462175,0.0057979017117614,0.0044174489232468,0.0013804527885146,0.0016565433462175,0.0,0.0016565433462175,0.0030369961347321,0.0027609055770292,0.0002760905577029,0.0527332965212589,0.014908890115958,0.0378244064053009,0.0096631695196024,0.0033130866924351,0.0063500828271673,1208
2017-11-01,2017,11,2540,569,1971,5,2,3,131,35,96,1,0,1,60,18,42,96,72,24,4,2,2,4,2,2,66,22,44,105,97,8,11,11,0,226,151,75,71,35,36,0,0,0,9,4,5,7,6,1,13,10,3,4,1,3,7,4,3,121,25,96,36,13,23,0.7362318840579709,0.164927536231884,0.571304347826087,0.0014492753623188,0.0005797101449275,0.0008695652173913,0.0379710144927535,0.0101449275362318,0.0278260869565217,0.0002898550724637,0.0,0.0002898550724637,0.017391304347826,0.0052173913043478,0.0121739130434782,0.0278260869565217,0.0208695652173913,0.0069565217391304,0.001159420289855,0.0005797101449275,0.0005797101449275,0.001159420289855,0.0005797101449275,0.0005797101449275,0.0191304347826085,0.0063768115942028,0.0127536231884057,0.0304347826086956,0.0281159420289855,0.0023188405797101,0.0031884057971014,0.0031884057971014,0.0,0.0655072463768115,0.0437681159420289,0.0217391304347826,0.020579710144927398,0.0101449275362318,0.0104347826086956,0.0,0.0,0.0,0.0026086956521738,0.001159420289855,0.0014492753623188,0.0020289855072463,0.0017391304347826,0.0002898550724637,0.0037681159420289,0.0028985507246376,0.0008695652173913,0.001159420289855,0.0002898550724637,0.0008695652173913,0.0020289855072463,0.001159420289855,0.0008695652173913,0.0350724637681159,0.0072463768115942,0.0278260869565217,0.0104347826086955,0.0037681159420289,0.0066666666666666,1029
2017-12-01,2017,12,2391,485,1906,12,5,7,123,21,102,2,2,0,45,25,20,69,53,16,7,0,7,2,2,0,76,23,53,120,115,5,6,6,0,184,102,82,66,36,30,2,1,1,1,0,1,12,9,3,21,21,0,4,1,3,3,2,1,146,32,114,38,10,28,0.7280755176613886,0.1476857490864799,0.5803897685749086,0.0036540803897685,0.0015225334957369,0.0021315468940316,0.0374543239951278,0.006394640682095,0.0310596833130328,0.0006090133982947,0.0006090133982947,0.0,0.013702801461632101,0.0076126674786845,0.0060901339829476,0.0210109622411693,0.0161388550548112,0.0048721071863581,0.0021315468940316,0.0,0.0021315468940316,0.0006090133982947,0.0006090133982947,0.0,0.0231425091352009,0.0070036540803897,0.0161388550548112,0.0365408038976857,0.0350182704019488,0.0015225334957369,0.0018270401948842,0.0018270401948842,0.0,0.056029232643118,0.0310596833130328,0.0249695493300852,0.0200974421437271,0.0109622411693057,0.0091352009744214,0.0006090133982946,0.0003045066991473,0.0003045066991473,0.0003045066991473,0.0,0.0003045066991473,0.0036540803897685,0.0027405602923264,0.0009135200974421,0.006394640682095,0.006394640682095,0.0,0.0012180267965894,0.0003045066991473,0.0009135200974421,0.000913520097442,0.0006090133982947,0.0003045066991473,0.0444579780755176,0.0097442143727162,0.0347137637028014,0.0115712545676004,0.0030450669914738,0.0085261875761266,916
2018-01-01,2018,1,1782,642,1140,4,3,1,53,13,40,2,2,0,44,23,21,41,28,13,5,1,4,0,0,0,74,29,45,132,122,10,10,9,1,119,67,52,79,46,33,2,1,1,5,2,3,21,18,3,7,6,1,2,0,2,6,2,4,112,31,81,24,8,16,0.7116613418530351,0.2563897763578275,0.4552715654952076,0.0015974440894568,0.0011980830670926,0.0003993610223642,0.0211661341853034,0.0051916932907348,0.0159744408945686,0.0007987220447284,0.0007987220447284,0.0,0.0175718849840254,0.0091853035143769,0.0083865814696485,0.0163738019169328,0.011182108626198,0.0051916932907348,0.001996805111821,0.0003993610223642,0.0015974440894568,0.0,0.0,0.0,0.029552715654952003,0.0115814696485623,0.0179712460063897,0.0527156549520766,0.0487220447284345,0.0039936102236421,0.0039936102236421,0.0035942492012779,0.0003993610223642,0.0475239616613417,0.0267571884984025,0.0207667731629392,0.031549520766773,0.0183706070287539,0.0131789137380191,0.0007987220447284,0.0003993610223642,0.0003993610223642,0.0019968051118210003,0.0007987220447284,0.0011980830670926,0.0083865814696485,0.0071884984025559,0.0011980830670926,0.0027955271565495,0.0023961661341853,0.0003993610223642,0.0007987220447284,0.0,0.0007987220447284,0.0023961661341852,0.0007987220447284,0.0015974440894568,0.0447284345047922,0.0123801916932907,0.0323482428115015,0.009584664536741101,0.0031948881789137,0.0063897763578274,1037
2018-02-01,2018,2,1545,546,999,5,5,0,80,18,62,2,2,0,62,37,25,49,36,13,2,0,2,0,0,0,51,19,32,235,217,18,25,24,1,146,85,61,41,31,10,1,0,1,8,7,1,10,8,2,10,5,5,3,1,2,3,3,0,98,15,83,36,13,23,0.6464435146443512,0.2284518828451882,0.4179916317991631,0.002092050209205,0.002092050209205,0.0,0.0334728033472802,0.007531380753138,0.0259414225941422,0.000836820083682,0.000836820083682,0.0,0.0259414225941422,0.0154811715481171,0.0104602510460251,0.0205020920502091,0.0150627615062761,0.005439330543933,0.000836820083682,0.0,0.000836820083682,0.0,0.0,0.0,0.0213389121338911,0.007949790794979,0.0133891213389121,0.0983263598326359,0.0907949790794979,0.007531380753138,0.0104602510460251,0.0100418410041841,0.000418410041841,0.0610878661087865,0.0355648535564853,0.0255230125523012,0.0171548117154811,0.0129707112970711,0.00418410041841,0.000418410041841,0.0,0.000418410041841,0.003347280334728,0.002928870292887,0.000418410041841,0.00418410041841,0.003347280334728,0.000836820083682,0.00418410041841,0.002092050209205,0.002092050209205,0.001255230125523,0.000418410041841,0.000836820083682,0.001255230125523,0.001255230125523,0.0,0.041004184100418305,0.006276150627615,0.0347280334728033,0.015062761506276,0.005439330543933,0.009623430962343,1056
2018-03-01,2018,3,1617,545,1072,4,4,0,106,28,78,1,1,0,21,6,15,35,21,14,1,0,1,3,0,3,34,13,21,288,271,17,62,61,1,123,62,61,34,23,11,2,1,1,11,7,4,7,5,2,39,35,4,4,3,1,6,5,1,94,21,73,26,10,16,0.6478365384615383,0.2183493589743589,0.4294871794871794,0.0016025641025641,0.0016025641025641,0.0,0.0424679487179487,0.0112179487179487,0.03125,0.000400641025641,0.000400641025641,0.0,0.008413461538461401,0.0024038461538461,0.0060096153846153,0.014022435897435799,0.0084134615384615,0.0056089743589743,0.000400641025641,0.0,0.000400641025641,0.001201923076923,0.0,0.001201923076923,0.013621794871794799,0.0052083333333333,0.0084134615384615,0.1153846153846153,0.1085737179487179,0.0068108974358974,0.0248397435897435,0.0244391025641025,0.000400641025641,0.049278846153846007,0.0248397435897435,0.0244391025641025,0.013621794871794699,0.0092147435897435,0.0044070512820512,0.000801282051282,0.000400641025641,0.000400641025641,0.0044070512820512005,0.0028044871794871,0.0016025641025641,0.0028044871794870997,0.0020032051282051,0.000801282051282,0.015624999999999901,0.0140224358974358,0.0016025641025641,0.001602564102564,0.001201923076923,0.000400641025641,0.0024038461538460998,0.0020032051282051,0.000400641025641,0.0376602564102563,0.0084134615384615,0.0292467948717948,0.010416666666666598,0.0040064102564102,0.0064102564102564,1109
2018-04-01,2018,4,1732,620,1112,15,13,2,115,25,90,6,4,2,56,39,17,61,47,14,5,2,3,4,3,1,82,42,40,110,106,4,6,6,0,171,100,71,77,41,36,1,0,1,6,4,2,15,13,2,8,8,0,3,3,0,5,2,3,166,44,122,40,19,21,0.6553159288687098,0.2345819144911086,0.4207340143776012,0.0056753688989784005,0.0049186530457813,0.0007567158531971,0.0435111615588346,0.009458948164964,0.0340522133938706,0.0022701475595913,0.0015134317063942,0.0007567158531971,0.0211880438895194,0.0147559591373439,0.0064320847521755,0.0230798335225122,0.0177828225501324,0.0052970109723798,0.0018917896329927,0.0007567158531971,0.0011350737797956,0.0015134317063940999,0.0011350737797956,0.0003783579265985,0.031025349981082,0.0158910329171396,0.0151343170639424,0.0416193719258418,0.0401059402194476,0.0015134317063942,0.0022701475595913,0.0022701475595913,0.0,0.0646992054483541,0.0378357926598562,0.0268634127884979,0.0291335603480892,0.015512674990541,0.0136208853575482,0.0003783579265985,0.0,0.0003783579265985,0.0022701475595913,0.0015134317063942,0.0007567158531971,0.0056753688989784005,0.0049186530457813,0.0007567158531971,0.0030268634127884,0.0030268634127884,0.0,0.0011350737797956,0.0011350737797956,0.0,0.0018917896329927,0.0007567158531971,0.0011350737797956,0.0628074158153613,0.0166477487703367,0.0461596670450246,0.0151343170639424,0.0071888006053726,0.0079455164585698,1105
2018-05-01,2018,5,2019,646,1373,2,1,1,99,20,79,1,0,1,50,34,16,34,27,7,6,0,6,3,1,2,137,62,75,90,83,7,7,7,0,129,68,61,68,30,38,0,0,0,4,4,0,20,12,8,12,12,0,5,1,4,6,5,1,145,38,107,32,14,18,0.7079242636746143,0.226507713884993,0.4814165497896213,0.0007012622720896,0.0003506311360448,0.0003506311360448,0.0347124824684431,0.0070126227208976,0.0276998597475455,0.0003506311360448,0.0,0.0003506311360448,0.0175315568022439,0.0119214586255259,0.005610098176718,0.011921458625525799,0.0094670406732117,0.0024544179523141,0.0021037868162692,0.0,0.0021037868162692,0.0010518934081345,0.0003506311360448,0.0007012622720897,0.048036465638148604,0.0217391304347826,0.026297335203366,0.0315568022440392,0.0291023842917251,0.0024544179523141,0.0024544179523141,0.0024544179523141,0.0,0.0452314165497895,0.0238429172510518,0.0213884992987377,0.023842917251051803,0.0105189340813464,0.0133239831697054,0.0,0.0,0.0,0.0014025245441795,0.0014025245441795,0.0,0.007012622720897499,0.0042075736325385,0.002805049088359,0.0042075736325385,0.0042075736325385,0.0,0.0017531556802242998,0.0003506311360448,0.0014025245441795,0.0021037868162692,0.0017531556802244,0.0003506311360448,0.0508415147265076,0.0133239831697054,0.0375175315568022,0.0112201963534361,0.0049088359046283,0.0063113604488078,1056
2018-06-01,2018,6,1821,593,1228,6,2,4,107,37,70,0,0,0,65,45,20,86,66,20,3,2,1,8,8,0,72,33,39,44,40,4,3,3,0,223,130,93,71,29,42,0,0,0,1,0,1,48,35,13,19,17,2,4,1,3,9,7,2,143,31,112,33,13,20,0.6714601769911503,0.2186578171091445,0.4528023598820059,0.0022123893805309,0.0007374631268436,0.0014749262536873,0.0394542772861356,0.0136430678466076,0.025811209439528,0.0,0.0,0.0,0.0239675516224188,0.0165929203539823,0.0073746312684365,0.0317109144542772,0.0243362831858407,0.0073746312684365,0.0011061946902654,0.0007374631268436,0.0003687315634218,0.0029498525073746,0.0029498525073746,0.0,0.026548672566371598,0.0121681415929203,0.0143805309734513,0.016224188790560402,0.0147492625368731,0.0014749262536873,0.0011061946902654,0.0011061946902654,0.0,0.0822271386430677,0.0479351032448377,0.03429203539823,0.0261799410029498,0.010693215339233,0.0154867256637168,0.0,0.0,0.0,0.0003687315634218,0.0,0.0003687315634218,0.0176991150442477,0.012905604719764,0.0047935103244837,0.0070058997050146,0.006268436578171,0.0007374631268436,0.0014749262536872,0.0003687315634218,0.0011061946902654,0.0033185840707964003,0.0025811209439528,0.0007374631268436,0.0527286135693214,0.0114306784660766,0.0412979351032448,0.0121681415929202,0.0047935103244837,0.0073746312684365,1050
2018-07-01,2018,7,1677,516,1161,2,1,1,109,29,80,0,0,0,60,30,30,46,38,8,2,0,2,0,0,0,108,35,73,138,133,5,4,4,0,186,99,87,57,30,27,1,1,0,7,5,2,32,28,4,13,11,2,5,0,5,8,4,4,152,41,111,58,17,41,0.6361911987860394,0.1957511380880121,0.4404400606980273,0.0007587253414264,0.0003793626707132,0.0003793626707132,0.041350531107738904,0.0110015174506828,0.0303490136570561,0.0,0.0,0.0,0.022761760242792,0.011380880121396,0.011380880121396,0.0174506828528072,0.0144157814871016,0.0030349013657056,0.0007587253414264,0.0,0.0007587253414264,0.0,0.0,0.0,0.040971168437025696,0.013277693474962,0.0276934749620637,0.0523520485584218,0.0504552352048558,0.001896813353566,0.0015174506828528,0.0015174506828528,0.0,0.0705614567526554,0.0375569044006069,0.0330045523520485,0.0216236722306524,0.011380880121396,0.0102427921092564,0.0003793626707132,0.0003793626707132,0.0,0.0026555386949924003,0.001896813353566,0.0007587253414264,0.0121396054628224,0.0106221547799696,0.0015174506828528,0.0049317147192716,0.0041729893778452,0.0007587253414264,0.001896813353566,0.0,0.001896813353566,0.0030349013657056,0.0015174506828528,0.0015174506828528,0.0576631259484066,0.0155538694992412,0.0421092564491654,0.0220030349013656,0.0064491654021244,0.0155538694992412,999
2018-08-01,2018,8,1928,655,1273,2,2,0,125,36,89,1,1,0,52,30,22,115,97,18,3,0,3,0,0,0,131,43,88,54,48,6,5,5,0,197,128,69,94,63,31,0,0,0,8,4,4,14,10,4,8,7,1,5,2,3,7,4,3,142,33,109,43,21,22,0.6682842287694974,0.2270363951473137,0.4412478336221837,0.0006932409012131,0.0006932409012131,0.0,0.0433275563258231,0.012478336221837,0.0308492201039861,0.0003466204506065,0.0003466204506065,0.0,0.0180242634315423,0.0103986135181975,0.0076256499133448,0.0398613518197573,0.0336221837088388,0.0062391681109185,0.0010398613518197,0.0,0.0010398613518197,0.0,0.0,0.0,0.0454072790294626,0.0149046793760831,0.0305025996533795,0.0187175043327556,0.0166377816291161,0.0020797227036395,0.0017331022530329,0.0017331022530329,0.0,0.0682842287694973,0.0443674176776429,0.0239168110918544,0.032582322357018995,0.0218370883882149,0.0107452339688041,0.0,0.0,0.0,0.0027729636048526,0.0013864818024263,0.0013864818024263,0.0048526863084921,0.0034662045060658,0.0013864818024263,0.0027729636048526,0.0024263431542461,0.0003466204506065,0.0017331022530328003,0.0006932409012131,0.0010398613518197,0.002426343154246,0.0013864818024263,0.0010398613518197,0.0492201039861351,0.0114384748700173,0.0377816291161178,0.0149046793760831,0.0072790294627383,0.0076256499133448,1152
2018-09-01,2018,9,1827,572,1255,2,1,1,112,28,84,0,0,0,44,21,23,98,84,14,3,1,2,1,0,1,82,27,55,80,75,5,2,2,0,209,133,76,75,49,26,1,1,0,5,2,3,22,18,4,14,11,3,8,5,3,6,4,2,122,20,102,29,15,14,0.6840134780980905,0.2141520029951329,0.4698614751029576,0.0007487832272556,0.0003743916136278,0.0003743916136278,0.0419318607263197,0.0104829651815799,0.0314488955447398,0.0,0.0,0.0,0.0164732309996255,0.0078622238861849,0.0086110071134406,0.0366903781355297,0.0314488955447398,0.0052414825907899,0.0011231748408835,0.0003743916136278,0.0007487832272557,0.0003743916136278,0.0,0.0003743916136278,0.030700112317484,0.010108573567952,0.020591538749532,0.0299513290902283,0.0280793710220891,0.0018719580681392,0.0007487832272557,0.0007487832272557,0.0,0.0782478472482215,0.0497940846125046,0.0284537626357169,0.028079371022088996,0.0183451890677648,0.0097341819543242,0.0003743916136278,0.0003743916136278,0.0,0.0018719580681392,0.0007487832272557,0.0011231748408835,0.008236615499812699,0.0067390490453013,0.0014975664545114,0.0052414825907899,0.0041183077499064,0.0011231748408835,0.0029951329090227,0.0018719580681392,0.0011231748408835,0.0022463496817671,0.0014975664545114,0.0007487832272557,0.0456757768625981,0.007487832272557,0.0381879445900411,0.0108573567952077,0.0056158742044178,0.0052414825907899,1009
2018-10-01,2018,10,2175,795,1380,3,2,1,133,37,96,1,1,0,50,24,26,96,83,13,4,0,4,2,1,1,132,67,65,92,86,6,8,8,0,220,155,65,113,60,53,0,0,0,9,3,6,11,10,1,7,6,1,0,0,0,22,21,1,149,38,111,30,18,12,0.681604512691946,0.2491382011908492,0.4324663115010968,0.0009401441554371,0.0006267627702914,0.0003133813851457,0.041679724224381,0.0115951112503917,0.0300846129739893,0.0003133813851457,0.0003133813851457,0.0,0.015669069257286,0.0075211532434973,0.0081479160137887,0.0300846129739892,0.0260106549670949,0.0040739580068943,0.0012535255405828,0.0,0.0012535255405828,0.0006267627702914,0.0003133813851457,0.0003133813851457,0.041366342839235196,0.0209965528047633,0.0203697900344719,0.0288310874334064,0.0269507991225321,0.0018802883108743,0.0025070510811657,0.0025070510811657,0.0,0.0689439047320588,0.0485741146975869,0.0203697900344719,0.0354120965214665,0.0188028831087433,0.0166092134127232,0.0,0.0,0.0,0.0028204324663114,0.0009401441554371,0.0018802883108743,0.0034471952366028997,0.0031338138514572,0.0003133813851457,0.00219366969602,0.0018802883108743,0.0003133813851457,0.0,0.0,0.0,0.0068943904732057994,0.0065810090880601,0.0003133813851457,0.0466938263867125,0.0119084926355374,0.0347853337511751,0.0094014415543716,0.005640864932623,0.0037605766217486,1358
2018-11-01,2018,11,2024,606,1418,3,1,2,111,25,86,3,3,0,64,44,20,64,54,10,0,0,0,0,0,0,60,15,45,84,83,1,9,9,0,194,120,74,53,29,24,1,1,0,9,6,3,22,18,4,11,11,0,6,1,5,7,7,0,156,45,111,44,23,21,0.6991364421416235,0.2093264248704663,0.4898100172711572,0.0010362694300518,0.0003454231433506,0.0006908462867012,0.038341968911917004,0.0086355785837651,0.0297063903281519,0.0010362694300518,0.0010362694300518,0.0,0.0221070811744385,0.0151986183074265,0.006908462867012,0.0221070811744386,0.0186528497409326,0.003454231433506,0.0,0.0,0.0,0.0,0.0,0.0,0.0207253886010362,0.005181347150259,0.0155440414507772,0.0290155440414507,0.0286701208981001,0.0003454231433506,0.0031088082901554,0.0031088082901554,0.0,0.0670120898100172,0.0414507772020725,0.0255613126079447,0.018307426597582,0.0100172711571675,0.0082901554404145,0.0003454231433506,0.0003454231433506,0.0,0.0031088082901554,0.0020725388601036,0.0010362694300518,0.0075993091537131996,0.0062176165803108,0.0013816925734024,0.0037996545768566,0.0037996545768566,0.0,0.0020725388601036,0.0003454231433506,0.001727115716753,0.0024179620034542,0.0024179620034542,0.0,0.0538860103626943,0.0155440414507772,0.0383419689119171,0.015198618307426501,0.0079447322970639,0.0072538860103626,1076
2018-12-01,2018,12,2165,601,1564,2,2,0,133,26,107,5,5,0,42,23,19,77,60,17,14,2,12,0,0,0,82,16,66,86,78,8,5,5,0,172,89,83,74,37,37,1,0,1,11,6,5,8,8,0,7,4,3,7,5,2,15,15,0,183,60,123,39,24,15,0.7004205758654157,0.1944354577806535,0.5059851180847622,0.0006470397929472,0.0006470397929472,0.0,0.0430281462309931,0.0084115173083144,0.0346166289226787,0.0016175994823681,0.0016175994823681,0.0,0.0135878356518925,0.0074409576188935,0.006146878032999,0.0249110320284696,0.0194111937884179,0.0054998382400517,0.0045292785506307,0.0006470397929472,0.0038822387576835,0.0,0.0,0.0,0.0265286315108378,0.0051763183435781,0.0213523131672597,0.0278227110967323,0.0252345519249433,0.002588159171789,0.0016175994823681,0.0016175994823681,0.0,0.0556454221934648,0.0287932707861533,0.0268521514073115,0.0239404723390488,0.0119702361695244,0.0119702361695244,0.0003235198964736,0.0,0.0003235198964736,0.0035587188612098003,0.0019411193788417,0.0016175994823681,0.002588159171789,0.002588159171789,0.0,0.0022646392753153002,0.0012940795858945,0.0009705596894208,0.0022646392753153,0.0016175994823681,0.0006470397929472,0.0048527984471044,0.0048527984471044,0.0,0.059204141054674704,0.0194111937884179,0.0397929472662568,0.012617275962471499,0.0077644775153671,0.0048527984471044,1037
2019-01-01,2019,1,2087,712,1375,3,2,1,164,42,122,1,1,0,34,23,11,82,64,18,9,0,9,5,4,1,72,24,48,163,145,18,13,13,0,206,108,98,49,24,25,3,1,2,11,8,3,3,2,1,15,14,1,4,0,4,11,10,1,196,62,134,64,41,23,0.6640152720330893,0.2265351574928412,0.4374801145402481,0.0009545020680877,0.0006363347120585,0.0003181673560292,0.0521794463888004,0.0133630289532293,0.0388164174355711,0.0003181673560292,0.0003181673560292,0.0,0.0108176901049951,0.0073178491886732,0.0034998409163219,0.0260897231944001,0.0203627107858733,0.0057270124085268,0.0028635062042634,0.0,0.0028635062042634,0.0015908367801461998,0.001272669424117,0.0003181673560292,0.0229080496341075,0.0076360165447025,0.015272033089405,0.0518612790327711,0.0461342666242443,0.0057270124085268,0.0041361756283805,0.0041361756283805,0.0,0.06554247534202981,0.0343620744511613,0.0311804008908685,0.015590200445434198,0.0076360165447025,0.0079541839007317,0.0009545020680877,0.0003181673560292,0.0006363347120585,0.0034998409163219,0.0025453388482341,0.0009545020680878,0.0009545020680877,0.0006363347120585,0.0003181673560292,0.0047725103404389,0.0044543429844097,0.0003181673560292,0.001272669424117,0.0,0.001272669424117,0.0034998409163219,0.0031816735602927,0.0003181673560292,0.0623608017817371,0.0197263760738148,0.0426344257079223,0.0203627107858733,0.0130448615972001,0.0073178491886732,1265
2019-02-01,2019,2,2053,618,1435,3,2,1,121,26,95,3,2,1,49,31,18,41,35,6,2,1,1,11,9,2,76,25,51,249,234,15,19,19,0,195,129,66,54,37,17,0,0,0,9,7,2,13,10,3,13,9,4,0,0,0,7,4,3,150,37,113,55,18,37,0.6637568703524086,0.1998060135790494,0.4639508567733592,0.0009699321047526,0.0006466214031684,0.0003233107015842,0.0391205948916908,0.0084060782411897,0.0307145166505011,0.0009699321047526,0.0006466214031684,0.0003233107015842,0.0158422243776268,0.0100226317491108,0.005819592628516,0.013255738764953,0.0113158745554477,0.0019398642095053,0.0006466214031684,0.0003233107015842,0.0003233107015842,0.0035564177174264,0.002909796314258,0.0006466214031684,0.0245716133204008,0.0080827675396055,0.0164888457807953,0.08050436469447131,0.075654704170708,0.0048496605237633,0.0061429033301002,0.0061429033301002,0.0,0.06304558680892319,0.0417070805043646,0.0213385063045586,0.0174587778855479,0.0119624959586162,0.0054962819269317,0.0,0.0,0.0,0.0029097963142579,0.0022631749110895,0.0006466214031684,0.0042030391205948,0.0032331070158422,0.0009699321047526,0.0042030391205948,0.002909796314258,0.0012932428063368,0.0,0.0,0.0,0.0022631749110894,0.0012932428063368,0.0009699321047526,0.0484966052376333,0.0119624959586162,0.0365341092790171,0.0177820885871322,0.005819592628516,0.0119624959586162,1227
2019-03-01,2019,3,2315,721,1594,6,4,2,141,40,101,2,2,0,46,32,14,106,87,19,4,1,3,5,3,2,105,24,81,21,20,1,4,3,1,263,155,108,84,41,43,0,0,0,2,0,2,43,32,11,23,21,2,8,5,3,10,9,1,172,44,128,30,11,19,0.6993957703927491,0.2178247734138972,0.481570996978852,0.0018126888217522,0.0012084592145015,0.0006042296072507,0.042598187311178204,0.0120845921450151,0.0305135951661631,0.0006042296072507,0.0006042296072507,0.0,0.013897280966767199,0.009667673716012,0.0042296072507552,0.0320241691842899,0.0262839879154078,0.0057401812688821,0.0012084592145014,0.0003021148036253,0.0009063444108761,0.0015105740181268,0.0009063444108761,0.0006042296072507,0.0317220543806645,0.007250755287009,0.0244712990936555,0.0063444108761328,0.0060422960725075,0.0003021148036253,0.0012084592145014,0.0009063444108761,0.0003021148036253,0.0794561933534742,0.0468277945619335,0.0326283987915407,0.0253776435045316,0.0123867069486404,0.0129909365558912,0.0,0.0,0.0,0.0006042296072507,0.0,0.0006042296072507,0.012990936555891099,0.009667673716012,0.0033232628398791,0.0069486404833835995,0.0063444108761329,0.0006042296072507,0.0024169184290028997,0.0015105740181268,0.0009063444108761,0.0030211480362536,0.0027190332326283,0.0003021148036253,0.051963746223564894,0.0132930513595166,0.0386706948640483,0.0090634441087612,0.0033232628398791,0.0057401812688821,1194
2019-04-01,2019,4,1992,560,1432,8,6,2,149,33,116,2,2,0,46,31,15,58,49,9,5,5,0,0,0,0,85,25,60,33,30,3,4,3,1,200,118,82,87,54,33,0,0,0,11,6,5,20,17,3,5,4,1,5,4,1,12,9,3,167,46,121,66,27,39,0.6817248459958931,0.191649555099247,0.4900752908966461,0.002737850787132,0.002053388090349,0.000684462696783,0.0509924709103353,0.0112936344969199,0.0396988364134154,0.000684462696783,0.000684462696783,0.0,0.0157426420260094,0.0106091718001368,0.0051334702258726,0.0198494182067077,0.0167693360711841,0.0030800821355236,0.0017111567419575,0.0017111567419575,0.0,0.0,0.0,0.0,0.0290896646132785,0.0085557837097878,0.0205338809034907,0.011293634496919799,0.0102669404517453,0.0010266940451745,0.001368925393566,0.0010266940451745,0.0003422313483915,0.0684462696783024,0.0403832991101984,0.028062970568104,0.0297741273100615,0.0184804928131416,0.0112936344969199,0.0,0.0,0.0,0.0037645448323065,0.002053388090349,0.0017111567419575,0.0068446269678302,0.0058179329226557,0.0010266940451745,0.0017111567419575001,0.001368925393566,0.0003422313483915,0.0017111567419575001,0.001368925393566,0.0003422313483915,0.0041067761806981,0.0030800821355236,0.0010266940451745,0.0571526351813825,0.0157426420260095,0.041409993155373,0.0225872689938397,0.0092402464065708,0.0133470225872689,1002
2019-05-01,2019,5,2566,775,1791,7,6,1,144,42,102,2,1,1,39,25,14,152,132,20,7,2,5,0,0,0,193,94,99,42,34,8,4,4,0,258,163,95,173,109,64,3,3,0,4,2,2,23,17,6,23,20,3,4,3,1,10,7,3,189,46,143,60,25,35,0.6736676292990285,0.2034654765030191,0.4702021527960094,0.0018377526909949,0.0015752165922814,0.0002625360987135,0.0378051982147544,0.01102651614597,0.0267786820687844,0.000525072197427,0.0002625360987135,0.0002625360987135,0.0102389078498293,0.0065634024678393,0.00367550538199,0.039905487004463,0.0346547650301916,0.0052507219742714,0.0018377526909949,0.0005250721974271,0.0013126804935678,0.0,0.0,0.0,0.0506694670517195,0.0246783932790758,0.0259910737726437,0.011026516145969901,0.0089262273562614,0.0021002887897085,0.0010501443948542,0.0010501443948542,0.0,0.0677343134681018,0.0427933840903124,0.0249409293777894,0.045418745077448,0.0286164347597794,0.0168023103176686,0.0007876082961407,0.0007876082961407,0.0,0.0010501443948542,0.0005250721974271,0.0005250721974271,0.0060383302704121004,0.0044631136781307,0.0015752165922814,0.0060383302704121004,0.0052507219742714,0.0007876082961407,0.0010501443948542,0.0007876082961407,0.0002625360987135,0.0026253609871356998,0.001837752690995,0.0007876082961407,0.049619322656865195,0.0120766605408243,0.0375426621160409,0.0157521659228143,0.0065634024678393,0.009188763454975,1430
2019-06-01,2019,6,2746,964,1782,13,9,4,132,33,99,2,1,1,86,48,38,140,106,34,2,2,0,8,6,2,116,38,78,79,67,12,5,5,0,277,165,112,70,32,38,7,7,0,22,11,11,24,21,3,82,70,12,5,4,1,9,8,1,160,53,107,55,20,35,0.6973082783138649,0.244794311833418,0.4525139664804469,0.0033011681056373003,0.0022854240731335,0.0010157440325038,0.0335195530726256,0.0083798882681564,0.0251396648044692,0.0005078720162518,0.0002539360081259,0.0002539360081259,0.0218384966988318,0.0121889283900457,0.0096495683087861,0.0355510411376332,0.0269172168613509,0.0086338242762823,0.0005078720162519,0.0005078720162519,0.0,0.0020314880650076,0.0015236160487557,0.0005078720162519,0.0294565769426103,0.0096495683087861,0.0198070086338242,0.0200609446419502,0.0170137125444388,0.0030472320975114,0.0012696800406297,0.0012696800406297,0.0,0.0703402742508887,0.0418994413407821,0.0284408329101066,0.0177755205688165,0.0081259522600304,0.0096495683087861,0.0017775520568816,0.0017775520568816,0.0,0.0055865921787708,0.0027932960893854,0.0027932960893854,0.0060944641950227,0.0053326561706449,0.0007618080243778,0.020822752666328,0.0177755205688166,0.0030472320975114,0.0012696800406297002,0.0010157440325038,0.0002539360081259,0.0022854240731335,0.0020314880650076,0.0002539360081259,0.0406297613001522,0.0134586084306754,0.0271711528694768,0.0139664804469273,0.005078720162519,0.0088877602844083,1599
2019-07-01,2019,7,2746,795,1951,12,12,0,170,30,140,2,2,0,81,44,37,98,79,19,3,1,2,1,0,1,153,51,102,58,50,8,0,0,0,282,187,95,100,42,58,7,5,2,23,15,8,20,15,5,20,15,5,7,0,7,6,2,4,123,34,89,53,17,36,0.7028410545175325,0.203480931661121,0.4993601228564115,0.0030714102892244,0.0030714102892244,0.0,0.0435116457640132,0.0076785257230611,0.0358331200409521,0.0005119017148707,0.0005119017148707,0.0,0.020732019452265,0.0112618377271563,0.0094701817251087,0.025083184028666397,0.0202201177373944,0.004863066291272,0.000767852572306,0.0002559508574353,0.0005119017148707,0.0002559508574353,0.0,0.0002559508574353,0.0391604811876118,0.0130534937292039,0.0261069874584079,0.0148451497312515,0.0127975428717686,0.0020476068594829,0.0,0.0,0.0,0.0721781417967749,0.0478628103404146,0.0243153314563603,0.0255950857435372,0.0107499360122856,0.0148451497312516,0.0017916560020475002,0.0012797542871768,0.0005119017148707,0.0058868697210134,0.0038392628615305,0.0020476068594829,0.0051190171487073,0.0038392628615305,0.0012797542871768,0.0051190171487073,0.0038392628615305,0.0012797542871768,0.0017916560020476,0.0,0.0017916560020476,0.0015357051446121001,0.0005119017148707,0.0010238034297414,0.0314819554645507,0.0087023291528026,0.0227796263117481,0.013565395444074702,0.0043511645764013,0.0092142308676734,1349
2019-08-01,2019,8,2601,751,1850,10,4,6,178,37,141,1,1,0,87,51,36,114,89,25,3,1,2,1,0,1,117,34,83,50,44,6,1,1,0,302,147,155,101,52,49,2,1,1,12,8,4,9,8,1,26,18,8,5,2,3,9,7,2,140,43,97,65,26,39,0.6912038267339886,0.1995748073345734,0.4916290193994153,0.0026574541589157,0.0010629816635663,0.0015944724953494,0.0473026840287004,0.0098325803879883,0.0374701036407121,0.0002657454158915,0.0002657454158915,0.0,0.023119851182567,0.0135530162104703,0.0095668349720967,0.0302949774116395,0.0236513420143502,0.0066436353972893,0.0007972362476746,0.0002657454158915,0.0005314908317831,0.0002657454158915,0.0,0.0002657454158915,0.0310922136593142,0.0090353441403135,0.0220568695190007,0.0132872707945787,0.0116927982992293,0.0015944724953494,0.0002657454158915,0.0002657454158915,0.0,0.0802551155992558,0.0390645761360616,0.0411905394631942,0.0268402870050491,0.0138187616263619,0.0130215253786872,0.000531490831783,0.0002657454158915,0.0002657454158915,0.0031889449906988996,0.0021259633271326,0.0010629816635663,0.0023917087430241,0.0021259633271326,0.0002657454158915,0.006909380813180899,0.0047834174860483,0.0021259633271326,0.0013287270794578,0.0005314908317831,0.0007972362476747,0.0023917087430241,0.001860217911241,0.0005314908317831,0.0372043582248205,0.0114270528833377,0.0257773053414828,0.0172734520329523,0.0069093808131809,0.0103640712197714,1272
2019-09-01,2019,9,2519,714,1805,12,8,4,214,67,147,10,10,0,118,64,54,140,129,11,0,0,0,1,0,1,101,27,74,46,39,7,3,3,0,239,168,71,98,59,39,9,6,3,19,14,5,17,14,3,14,12,2,4,1,3,8,7,1,154,36,118,39,13,26,0.6860021786492374,0.1944444444444444,0.491557734204793,0.003267973856209,0.0021786492374727,0.0010893246187363,0.058278867102396395,0.0182461873638344,0.040032679738562,0.0027233115468409,0.0027233115468409,0.0,0.0321350762527232,0.0174291938997821,0.0147058823529411,0.038126361655773294,0.0351307189542483,0.002995642701525,0.0,0.0,0.0,0.000272331154684,0.0,0.000272331154684,0.0275054466230935,0.0073529411764705,0.020152505446623,0.0125272331154683,0.0106209150326797,0.0019063180827886,0.0008169934640522,0.0008169934640522,0.0,0.0650871459694989,0.0457516339869281,0.0193355119825708,0.026688453159041302,0.0160675381263616,0.0106209150326797,0.0024509803921567,0.0016339869281045,0.0008169934640522,0.0051742919389977,0.0038126361655773,0.0013616557734204,0.0046296296296295,0.0038126361655773,0.0008169934640522,0.0038126361655772003,0.0032679738562091,0.0005446623093681,0.0010893246187361999,0.000272331154684,0.0008169934640522,0.0021786492374726,0.0019063180827886,0.000272331154684,0.0419389978213507,0.0098039215686274,0.0321350762527233,0.0106209150326796,0.0035403050108932,0.0070806100217864,1308
2019-10-01,2019,10,2628,724,1904,7,6,1,186,52,134,3,3,0,89,54,35,105,75,30,4,1,3,0,0,0,164,57,107,62,52,10,6,6,0,310,193,117,99,67,32,4,3,1,13,10,3,20,15,5,16,10,6,3,1,2,4,4,0,140,43,97,47,16,31,0.6824201506102311,0.1880031160737471,0.494417034536484,0.0018177096857958,0.0015580368735393,0.0002596728122565,0.0482991430797195,0.0135029862373409,0.0347961568423786,0.0007790184367696,0.0007790184367696,0.0,0.0231108802908334,0.014022331861854,0.0090885484289794,0.0272656452869384,0.0194754609192417,0.0077901843676967,0.0010386912490261,0.0002596728122565,0.0007790184367696,0.0,0.0,0.0,0.0425863412100752,0.0148013502986237,0.0277849909114515,0.0160997143599064,0.0135029862373409,0.0025967281225655,0.0015580368735393,0.0015580368735393,0.0,0.0804985717995325,0.0501168527655154,0.0303817190340171,0.0257076084133991,0.0173980784211893,0.0083095299922098,0.0010386912490261,0.0007790184367696,0.0002596728122565,0.0033757465593350997,0.0025967281225655,0.0007790184367696,0.005193456245131,0.0038950921838483,0.0012983640612827,0.004154764996104799,0.0025967281225655,0.0015580368735393,0.0007790184367696,0.0002596728122565,0.0005193456245131,0.0010386912490262,0.0010386912490262,0.0,0.0363541937159179,0.0111659309270319,0.025188262788886,0.0122046221760581,0.0041547649961049,0.0080498571799532,1351
2019-11-01,2019,11,2565,704,1861,7,5,2,167,27,140,0,0,0,61,27,34,106,78,28,3,2,1,4,1,3,116,48,68,41,37,4,4,4,0,353,201,152,135,73,62,0,0,0,13,8,5,25,22,3,48,46,2,2,1,1,4,3,1,135,27,108,41,13,28,0.6836353944562898,0.1876332622601279,0.496002132196162,0.001865671641791,0.0013326226012793,0.0005330490405117,0.044509594882729105,0.0071961620469083,0.0373134328358208,0.0,0.0,0.0,0.0162579957356076,0.0071961620469083,0.0090618336886993,0.0282515991471214,0.0207889125799573,0.0074626865671641,0.0007995735607675,0.0005330490405117,0.0002665245202558,0.0010660980810233,0.0002665245202558,0.0007995735607675,0.030916844349680096,0.0127931769722814,0.0181236673773987,0.010927505330490299,0.0098614072494669,0.0010660980810234,0.0010660980810234,0.0010660980810234,0.0,0.0940831556503197,0.0535714285714285,0.0405117270788912,0.0359808102345415,0.019456289978678,0.0165245202558635,0.0,0.0,0.0,0.0034648187633262,0.0021321961620469,0.0013326226012793,0.0066631130063964,0.0058635394456289,0.0007995735607675,0.012793176972281401,0.0122601279317697,0.0005330490405117,0.0005330490405116,0.0002665245202558,0.0002665245202558,0.0010660980810233,0.0007995735607675,0.0002665245202558,0.0359808102345415,0.0071961620469083,0.0287846481876332,0.0109275053304903,0.0034648187633262,0.0074626865671641,1273
2019-12-01,2019,12,2373,563,1810,6,2,4,159,33,126,2,2,0,69,35,34,112,96,16,4,1,3,4,2,2,92,16,76,31,27,4,1,1,0,266,154,112,98,52,46,1,0,1,9,5,4,20,16,4,6,5,1,6,4,2,6,3,3,153,32,121,42,18,24,0.6989690721649484,0.1658321060382916,0.5331369661266568,0.0017673048600883,0.0005891016200294,0.0011782032400589,0.0468335787923416,0.009720176730486,0.0371134020618556,0.0005891016200294,0.0005891016200294,0.0,0.0203240058910161,0.0103092783505154,0.0100147275405007,0.032989690721649395,0.0282768777614138,0.0047128129602356,0.0011782032400588,0.0002945508100147,0.0008836524300441,0.0011782032400588,0.0005891016200294,0.0005891016200294,0.0270986745213548,0.0047128129602356,0.0223858615611192,0.0091310751104565,0.0079528718703976,0.0011782032400589,0.0002945508100147,0.0002945508100147,0.0,0.0783505154639174,0.045360824742268,0.0329896907216494,0.0288659793814432,0.0153166421207658,0.0135493372606774,0.0002945508100147,0.0,0.0002945508100147,0.0026509572901325,0.0014727540500736,0.0011782032400589,0.0058910162002944995,0.0047128129602356,0.0011782032400589,0.0017673048600883,0.0014727540500736,0.0002945508100147,0.0017673048600883,0.0011782032400589,0.0005891016200294,0.0017673048600882,0.0008836524300441,0.0008836524300441,0.0450662739322532,0.0094256259204712,0.035640648011782,0.0123711340206184,0.005301914580265,0.0070692194403534,1016
2020-01-01,2020,1,2204,590,1614,5,4,1,166,40,126,5,5,0,39,21,18,128,105,23,3,0,3,3,2,1,100,24,76,51,41,10,3,3,0,333,231,102,145,98,47,1,1,0,7,5,2,8,8,0,13,12,1,1,0,1,15,12,3,149,62,87,39,19,20,0.6640554383850557,0.1777643868635131,0.4862910515215426,0.0015064778547755002,0.0012051822838204,0.0003012955709551,0.0500150647785476,0.0120518228382042,0.0379632419403434,0.0015064778547755,0.0015064778547755,0.0,0.0117505272672491,0.0063272069900572,0.0054233202771919,0.0385658330822536,0.0316360349502862,0.0069297981319674,0.0009038867128653,0.0,0.0009038867128653,0.0009038867128653,0.0006025911419102,0.0003012955709551,0.030129557095510597,0.0072310937029225,0.0228984633925881,0.015366074118710299,0.0123531184091593,0.003012955709551,0.0009038867128653,0.0009038867128653,0.0,0.1003314251280506,0.0695992768906297,0.0307321482374209,0.043687857788490395,0.0295269659536004,0.01416089183489,0.0003012955709551,0.0003012955709551,0.0,0.0021090689966857,0.0015064778547755,0.0006025911419102,0.0024103645676408,0.0024103645676408,0.0,0.0039168424224163,0.0036155468514612,0.0003012955709551,0.0003012955709551,0.0,0.0003012955709551,0.0045194335643265,0.0036155468514612,0.0009038867128653,0.0448930400723109,0.0186803253992166,0.0262127146730943,0.011750527267249102,0.005724615848147,0.0060259114191021,1200
2020-02-01,2020,2,2128,735,1393,6,5,1,125,20,105,0,0,0,51,31,20,100,82,18,16,13,3,0,0,0,125,35,90,72,63,9,8,8,0,332,204,128,101,76,25,8,2,6,16,16,0,9,9,0,16,14,2,3,3,0,12,11,1,111,28,83,27,9,18,0.6670846394984326,0.2304075235109718,0.4366771159874608,0.0018808777429466,0.0015673981191222,0.0003134796238244,0.0391849529780563,0.006269592476489,0.0329153605015673,0.0,0.0,0.0,0.0159874608150469,0.0097178683385579,0.006269592476489,0.031347962382445096,0.025705329153605,0.0056426332288401,0.0050156739811911,0.0040752351097178,0.0009404388714733,0.0,0.0,0.0,0.0391849529780564,0.0109717868338558,0.0282131661442006,0.022570532915360403,0.0197492163009404,0.00282131661442,0.0025078369905956,0.0025078369905956,0.0,0.1040752351097177,0.063949843260188,0.0401253918495297,0.0316614420062695,0.0238244514106583,0.0078369905956112,0.0025078369905956,0.0006269592476489,0.0018808777429467,0.0050156739811912,0.0050156739811912,0.0,0.00282131661442,0.00282131661442,0.0,0.0050156739811912,0.0043887147335423,0.0006269592476489,0.0009404388714733,0.0009404388714733,0.0,0.0037617554858933,0.0034482758620689,0.0003134796238244,0.034796238244514,0.0087774294670846,0.0260188087774294,0.008463949843260099,0.00282131661442,0.0056426332288401,1300
2020-03-01,2020,3,2843,645,2198,3,1,2,127,28,99,2,2,0,31,15,16,37,27,10,2,1,1,2,2,0,337,44,293,29,25,4,9,6,3,197,92,105,136,65,71,140,52,88,4,1,3,14,14,0,7,7,0,0,0,0,5,3,2,73,23,50,40,11,29,0.7073898979845732,0.160487683503359,0.5469022144812142,0.0007464543418759,0.0002488181139586,0.0004976362279173,0.0315999004727543,0.0069669071908434,0.0246329932819109,0.0004976362279173,0.0004976362279173,0.0,0.007713361532719501,0.0037322717093804,0.0039810898233391,0.0092062702164716,0.0067180890768847,0.0024881811395869,0.0004976362279172,0.0002488181139586,0.0002488181139586,0.0004976362279173,0.0004976362279173,0.0,0.0838517044040805,0.0109479970141826,0.0729037073898979,0.0072157253048021,0.0062204528489674,0.0009952724558347,0.0022393630256280998,0.0014929086837521,0.000746454341876,0.049017168449863105,0.0228912664842,0.0261259019656631,0.0338392634983826,0.0161731774073152,0.0176660860910674,0.0348345359542174,0.0129385419258522,0.0218959940283652,0.0009952724558345998,0.0002488181139586,0.000746454341876,0.0034834535954217,0.0034834535954217,0.0,0.0017417267977108,0.0017417267977108,0.0,0.0,0.0,0.0,0.0012440905697933,0.000746454341876,0.0004976362279173,0.0181637223189848,0.00572281662105,0.0124409056979348,0.009952724558347701,0.0027369992535456,0.0072157253048021,1052
2020-04-01,2020,4,3184,832,2352,11,5,6,140,31,109,2,1,1,50,24,26,25,18,7,0,0,0,1,1,0,340,37,303,8,7,1,11,10,1,159,98,61,192,118,74,132,55,77,5,4,1,4,3,1,4,4,0,10,4,6,24,16,8,99,19,80,33,14,19,0.7198733891024192,0.1881076192629437,0.5317657698394754,0.002486999773909,0.0011304544426859,0.0013565453312231,0.0316527243952068,0.0070088175446529,0.0246439068505539,0.0004521817770742,0.0002260908885371,0.0002260908885371,0.0113045444268595,0.0054261813248926,0.0058783631019669,0.005652272213429699,0.0040696359936694,0.0015826362197603,0.0,0.0,0.0,0.0002260908885371,0.0002260908885371,0.0,0.07687090210264519,0.0083653628758761,0.0685055392267691,0.0018087271082974,0.0015826362197603,0.0002260908885371,0.0024869997739090004,0.0022609088853719,0.0002260908885371,0.0359484512774135,0.0221569070766448,0.0137915442007687,0.0434094505991408,0.0266787248473886,0.0167307257517522,0.029843997286909202,0.0124349988695455,0.0174089984173637,0.0011304544426857998,0.0009043635541487,0.0002260908885371,0.0009043635541486,0.0006782726656115,0.0002260908885371,0.0009043635541487,0.0009043635541487,0.0,0.0022609088853718,0.0009043635541487,0.0013565453312231,0.0054261813248925005,0.003617454216595,0.0018087271082975,0.022382997965181898,0.0042957268822066,0.0180872710829753,0.0074609993217272,0.0031652724395206,0.0042957268822066,1291
2020-05-01,2020,5,3311,930,2381,12,9,3,96,18,78,2,1,1,101,68,33,15,11,4,3,1,2,0,0,0,427,95,332,27,23,4,11,8,3,119,70,49,236,135,101,125,60,65,6,3,3,21,17,4,15,15,0,3,0,3,14,13,1,76,25,51,33,12,21,0.7125026899074672,0.2001291155584248,0.5123735743490424,0.0025823111684957,0.0019367333763718,0.0006455777921239,0.0206584893479664,0.0038734667527437,0.0167850225952227,0.0004303851947492,0.0002151925973746,0.0002151925973746,0.021734452334839602,0.0146330966214762,0.0071013557133634,0.0032278889606197,0.0023671185711211,0.0008607703894986,0.0006455777921238999,0.0002151925973746,0.0004303851947493,0.0,0.0,0.0,0.0918872390789756,0.0204432967505917,0.0714439423283839,0.0058102001291155,0.0049494297396169,0.0008607703894986,0.0023671185711211,0.0017215407789972,0.0006455777921239,0.0256079190875833,0.0150634818162255,0.0105444372713578,0.0507854529804173,0.0290510006455777,0.0217344523348396,0.0268990746718312,0.012911555842479,0.0139875188293522,0.0012911555842478,0.0006455777921239,0.0006455777921239,0.0045190445448676005,0.003658274155369,0.0008607703894986,0.0032278889606197,0.0032278889606197,0.0,0.0006455777921239,0.0,0.0006455777921239,0.0030126963632449997,0.0027975037658704,0.0002151925973746,0.0163546374004733,0.0053798149343662,0.0109748224661071,0.0071013557133634,0.0025823111684958,0.0045190445448676,1512
2020-06-01,2020,6,2999,902,2097,4,2,2,56,15,41,3,2,1,61,30,31,56,47,9,5,0,5,0,0,0,390,124,266,54,53,1,3,3,0,157,101,56,133,93,40,44,13,31,2,2,0,14,12,2,13,12,1,0,0,0,9,3,6,74,17,57,32,13,19,0.7341493268053856,0.2208078335373317,0.5133414932680539,0.0009791921664626,0.0004895960832313,0.0004895960832313,0.0137086903304773,0.003671970624235,0.0100367197062423,0.0007343941248468999,0.0004895960832313,0.0002447980416156,0.0149326805385556,0.00734394124847,0.0075887392900856,0.0137086903304773,0.0115055079559363,0.002203182374541,0.0012239902080783,0.0,0.0012239902080783,0.0,0.0,0.0,0.0954712362301101,0.0303549571603427,0.0651162790697674,0.013219094247245902,0.0129742962056303,0.0002447980416156,0.000734394124847,0.000734394124847,0.0,0.038433292533659597,0.0247246022031823,0.0137086903304773,0.0325581395348836,0.022766217870257,0.0097919216646266,0.0107711138310892,0.0031823745410036,0.0075887392900856,0.0004895960832313,0.0004895960832313,0.0,0.0034271725826193,0.002937576499388,0.0004895960832313,0.0031823745410036,0.002937576499388,0.0002447980416156,0.0,0.0,0.0,0.002203182374541,0.000734394124847,0.001468788249694,0.0181150550795593,0.0041615667074663,0.013953488372093,0.0078335373317012,0.0031823745410036,0.0046511627906976,1425
2020-07-01,2020,7,2985,831,2154,13,5,8,140,47,93,4,4,0,37,13,24,74,56,18,1,0,1,1,0,1,205,33,172,144,130,14,23,21,2,250,166,84,92,44,48,23,4,19,7,3,4,15,10,5,12,10,2,1,0,1,14,6,8,90,21,69,21,5,16,0.725747629467542,0.2020423048869438,0.5237053245805982,0.0031607099440797,0.0012156576707999,0.0019450522732798,0.0340384147823971,0.011427182105519,0.0226112326768781,0.0009725261366399,0.0009725261366399,0.0,0.0089958667639192,0.0031607099440797,0.0058351568198395,0.0179917335278385,0.0136153659129589,0.0043763676148796,0.0002431315341599,0.0,0.0002431315341599,0.0002431315341599,0.0,0.0002431315341599,0.049841964502795905,0.0080233406272793,0.0418186238755166,0.0350109409190371,0.0316070994407974,0.0034038414782397,0.0055920252856794,0.0051057622173595,0.0004862630683199,0.060782883539994996,0.0403598346705567,0.0204230488694383,0.022368101142718103,0.0106977875030391,0.011670313639679,0.0055920252856795,0.0009725261366399,0.0046194991490396,0.0017019207391198,0.0007293946024799,0.0009725261366399,0.0036469730123996997,0.0024313153415998,0.0012156576707999,0.0029175784099197,0.0024313153415998,0.0004862630683199,0.0002431315341599,0.0,0.0002431315341599,0.0034038414782396,0.0014587892049598,0.0019450522732798,0.0218818380743981,0.0051057622173595,0.0167760758570386,0.0051057622173595,0.0012156576707999,0.0038901045465596,1384
2020-08-01,2020,8,2920,788,2132,1,1,0,108,34,74,0,0,0,58,20,38,76,61,15,3,1,2,1,0,1,198,39,159,64,56,8,2,2,0,236,137,99,86,47,39,7,3,4,2,0,2,3,1,2,19,16,3,5,3,2,17,15,2,87,29,58,16,10,6,0.7545219638242895,0.2036175710594315,0.5509043927648579,0.0002583979328165,0.0002583979328165,0.0,0.0279069767441859,0.0087855297157622,0.0191214470284237,0.0,0.0,0.0,0.0149870801033591,0.0051679586563307,0.0098191214470284,0.0196382428940567,0.0157622739018087,0.003875968992248,0.0007751937984495,0.0002583979328165,0.000516795865633,0.0002583979328165,0.0,0.0002583979328165,0.0511627906976743,0.0100775193798449,0.0410852713178294,0.0165374677002582,0.014470284237726,0.0020671834625322,0.000516795865633,0.000516795865633,0.0,0.060981912144702805,0.0354005167958656,0.0255813953488372,0.0222222222222221,0.0121447028423772,0.0100775193798449,0.0018087855297157,0.0007751937984496,0.0010335917312661,0.000516795865633,0.0,0.000516795865633,0.0007751937984495,0.0002583979328165,0.000516795865633,0.0049095607235141005,0.0041343669250645,0.0007751937984496,0.0012919896640826,0.0007751937984496,0.000516795865633,0.004392764857881,0.003875968992248,0.000516795865633,0.0224806201550386,0.0074935400516795,0.0149870801033591,0.0041343669250645,0.0025839793281653,0.0015503875968992,1234
2020-09-01,2020,9,2779,924,1855,11,10,1,98,35,63,9,9,0,49,21,28,78,64,14,8,2,6,0,0,0,179,42,137,58,54,4,14,14,0,266,185,81,156,104,52,7,4,3,2,2,0,25,21,4,12,10,2,4,3,1,18,15,3,72,24,48,22,12,10,0.7269160345278577,0.2416950039236202,0.4852210306042375,0.0028773214752811,0.0026157467957101,0.000261574679571,0.0256343185979597,0.0091551137849856,0.0164792048129741,0.0023541721161391,0.0023541721161391,0.0,0.0128171592989797,0.0054930682709913,0.0073240910279884,0.0204028250065393,0.0167407794925451,0.0036620455139942,0.0020925974365681,0.000523149359142,0.0015694480774261,0.0,0.0,0.0,0.046821867643212105,0.0109861365419827,0.0358357311012294,0.015171331415118899,0.0141250326968349,0.001046298718284,0.0036620455139942,0.0036620455139942,0.0,0.06957886476589059,0.0483913157206382,0.0211875490452524,0.040805650013078704,0.0272037666753858,0.0136018833376929,0.001831022756997,0.001046298718284,0.000784724038713,0.000523149359142,0.000523149359142,0.0,0.0065393669892753,0.0054930682709913,0.001046298718284,0.0031388961548521003,0.0026157467957101,0.000523149359142,0.001046298718284,0.000784724038713,0.000261574679571,0.004708344232278201,0.0039236201935652,0.000784724038713,0.018833376929113202,0.0062777923097044,0.0125555846194088,0.0057546429505623,0.0031388961548522,0.0026157467957101,1520
2020-10-01,2020,10,3147,1003,2144,8,4,4,106,27,79,3,3,0,40,27,13,93,66,27,2,1,1,0,0,0,226,67,159,64,59,5,4,4,0,329,215,114,165,106,59,8,3,5,5,5,0,38,36,2,19,17,2,3,1,2,14,9,5,71,20,51,31,10,21,0.7291473586654308,0.2323911028730305,0.4967562557924003,0.0018535681186282,0.0009267840593141,0.0009267840593141,0.024559777571825703,0.0062557924003707,0.018303985171455,0.0006950880444856,0.0006950880444856,0.0,0.0092678405931417,0.0062557924003707,0.003012048192771,0.021547729379054602,0.0152919369786839,0.0062557924003707,0.000463392029657,0.0002316960148285,0.0002316960148285,0.0,0.0,0.0,0.0523632993512511,0.0155236329935125,0.0368396663577386,0.0148285449490268,0.0136700648748841,0.0011584800741427,0.0009267840593141,0.0009267840593141,0.0,0.0762279888785912,0.0498146431881371,0.0264133456904541,0.0382298424467098,0.0245597775718257,0.0136700648748841,0.0018535681186282998,0.0006950880444856,0.0011584800741427,0.0011584800741427,0.0011584800741427,0.0,0.0088044485634846,0.0083410565338276,0.000463392029657,0.0044022242817422,0.0039388322520852,0.000463392029657,0.0006950880444855001,0.0002316960148285,0.000463392029657,0.0032437442075995996,0.0020852641334569,0.0011584800741427,0.0164504170528265,0.0046339202965708,0.0118164967562557,0.0071825764596848,0.0023169601482854,0.0048656163113994,1647
2020-11-01,2020,11,3109,968,2141,10,7,3,140,53,87,1,1,0,40,21,19,110,86,24,5,0,5,3,0,3,321,148,173,86,83,3,16,16,0,294,177,117,81,52,29,7,2,5,3,1,2,19,17,2,14,13,1,30,23,7,9,9,0,57,12,45,23,6,17,0.719176497802452,0.2239185750636132,0.4952579227388388,0.0023132084200785,0.001619245894055,0.0006939625260235,0.032384917881101,0.0122600046264168,0.0201249132546842,0.0002313208420078,0.0002313208420078,0.0,0.0092528336803145,0.0048577376821651,0.0043950959981494,0.025445292620865,0.0198935924126763,0.0055517002081887,0.0011566042100393,0.0,0.0011566042100393,0.0006939625260235,0.0,0.0006939625260235,0.07425399028452459,0.034235484617164,0.0400185056673606,0.019893592412676197,0.0191996298866527,0.0006939625260235,0.0037011334721258,0.0037011334721258,0.0,0.06800832755031211,0.040943789035392,0.0270645385149201,0.0187369882026369,0.0120286837844089,0.006708304418228,0.001619245894055,0.0004626416840157,0.0011566042100393,0.0006939625260234999,0.0002313208420078,0.0004626416840157,0.0043950959981494,0.0039324543141337,0.0004626416840157,0.00323849178811,0.0030071709461022,0.0002313208420078,0.0069396252602358,0.0053203793661808,0.001619245894055,0.0020818875780707,0.0020818875780707,0.0,0.013185287994448201,0.0027758501040943,0.0104094378903539,0.0053203793661808,0.0013879250520471,0.0039324543141337,1655
2020-12-01,2020,12,3829,1185,2644,18,9,9,176,56,120,7,7,0,47,28,19,133,109,24,4,0,4,1,0,1,263,84,179,73,72,1,13,13,0,309,209,100,181,92,89,5,1,4,1,0,1,17,16,1,35,34,1,10,6,4,14,12,2,96,37,59,61,29,32,0.7339467126701169,0.2271420356526739,0.506804677017443,0.0034502587694076,0.0017251293847038,0.0017251293847038,0.0337358635230975,0.0107341383937128,0.0230017251293847,0.0013417672992141,0.0013417672992141,0.0,0.0090090090090089,0.0053670691968564,0.0036419398121525,0.025493578685068,0.0208932336591911,0.0046003450258769,0.0007667241709794,0.0,0.0007667241709794,0.0001916810427448,0.0,0.0001916810427448,0.0504121142419013,0.0161012075905692,0.0343109066513321,0.0139927161203756,0.0138010350776308,0.0001916810427448,0.0024918535556833,0.0024918535556833,0.0,0.05922944220816549,0.0400613379336783,0.0191681042744872,0.0346942687368218,0.0176346559325282,0.0170596128042936,0.0009584052137242,0.0001916810427448,0.0007667241709794,0.0001916810427448,0.0,0.0001916810427448,0.0032585777266627,0.0030668966839179,0.0001916810427448,0.0067088364960704,0.0065171554533256,0.0001916810427448,0.0019168104274486,0.0011500862564692,0.0007667241709794,0.0026835345984281,0.0023001725129384,0.0003833620854897,0.0184013801035076,0.0070921985815602,0.0113091815219474,0.011692543607437201,0.0055587502396013,0.0061337933678359,1939
2021-01-01,2021,1,4086,1365,2721,6,6,0,116,27,89,7,7,0,40,16,24,156,137,19,4,0,4,0,0,0,201,42,159,194,184,10,10,10,0,325,229,96,182,116,66,4,2,2,8,6,2,39,30,9,27,26,1,3,2,1,10,9,1,134,41,93,53,29,24,0.7407541696881796,0.2474619289340101,0.4932922407541696,0.001087744742567,0.001087744742567,0.0,0.0210297316896301,0.0048948513415518,0.0161348803480783,0.0012690355329949,0.0012690355329949,0.0,0.0072516316171138,0.0029006526468455,0.0043509789702683,0.028281363306743898,0.0248368382886149,0.003444525018129,0.0007251631617113,0.0,0.0007251631617113,0.0,0.0,0.0,0.036439448875996996,0.0076142131979695,0.0288252356780275,0.0351704133430021,0.0333575054387237,0.0018129079042784,0.0018129079042784,0.0018129079042784,0.0,0.05891950688905,0.0415155910079768,0.0174039158810732,0.0329949238578679,0.0210297316896301,0.0119651921682378,0.0007251631617112,0.0003625815808556,0.0003625815808556,0.0014503263234226,0.001087744742567,0.0003625815808556,0.0070703408266859,0.0054387237128353,0.0016316171138506,0.0048948513415518,0.004713560551124,0.0001812907904278,0.0005438723712834,0.0003625815808556,0.0001812907904278,0.0018129079042784,0.0016316171138506,0.0001812907904278,0.0242929659173313,0.0074329224075416,0.0168600435097897,0.009608411892675799,0.0052574329224075,0.0043509789702683,2209
2021-02-01,2021,2,3907,1423,2484,15,10,5,137,50,87,7,6,1,76,55,21,169,144,25,26,25,1,1,1,0,163,43,120,480,447,33,79,79,0,402,278,124,103,69,34,4,1,3,13,11,2,23,16,7,37,36,1,3,3,0,17,16,1,171,79,92,132,95,37,0.6638912489379778,0.2418011894647408,0.422090059473237,0.0025488530161426,0.0016992353440951,0.0008496176720475,0.0232795242141035,0.0084961767204757,0.0147833474936278,0.0011894647408665,0.001019541206457,0.0001699235344095,0.0129141886151231,0.0093457943925233,0.0035683942225998,0.028717077315208,0.0244689889549702,0.0042480883602378,0.0044180118946473,0.0042480883602378,0.0001699235344095,0.0001699235344095,0.0001699235344095,0.0,0.0276975361087509,0.0073067119796091,0.0203908241291418,0.0815632965165675,0.0759558198810535,0.005607476635514,0.0134239592183517,0.0134239592183517,0.0,0.0683092608326252,0.0472387425658453,0.0210705182667799,0.01750212404418,0.0117247238742565,0.0057774001699235,0.000679694137638,0.0001699235344095,0.0005097706032285,0.0022090059473235998,0.0018691588785046,0.000339847068819,0.0039082412914188,0.0027187765505522,0.0011894647408666,0.006287170773152,0.0061172472387425,0.0001699235344095,0.0005097706032285,0.0005097706032285,0.0,0.0028887000849617,0.0027187765505522,0.0001699235344095,0.0290569243840271,0.0134239592183517,0.0156329651656754,0.0224299065420559,0.0161427357689039,0.006287170773152,2817
2021-03-01,2021,3,4044,1314,2730,21,13,8,191,75,116,10,6,4,53,35,18,195,160,35,4,1,3,2,1,1,241,76,165,281,265,16,53,53,0,493,321,172,214,131,83,5,2,3,14,9,5,34,29,5,21,16,5,13,13,0,12,9,3,122,53,69,61,32,29,0.6790931989924432,0.2206549118387909,0.4584382871536523,0.0035264483627202997,0.0021830394626364,0.0013434089000839,0.0320738874895045,0.0125944584382871,0.0194794290512174,0.0016792611251048,0.0010075566750629,0.0006717044500419,0.0089000839630562,0.0058774139378673,0.0030226700251889,0.0327455919395465,0.0268681780016792,0.0058774139378673,0.0006717044500418,0.0001679261125104,0.0005037783375314,0.0003358522250208,0.0001679261125104,0.0001679261125104,0.0404701931150293,0.0127623845507976,0.0277078085642317,0.0471872376154491,0.0445004198152812,0.0026868178001679,0.0089000839630562,0.0089000839630562,0.0,0.08278757346767421,0.053904282115869,0.0288832913518052,0.0359361880772459,0.0219983207388748,0.0139378673383711,0.0008396305625523,0.0003358522250209,0.0005037783375314,0.0023509655751468,0.0015113350125944,0.0008396305625524,0.0057094878253567,0.0048698572628043,0.0008396305625524,0.0035264483627203,0.0026868178001679,0.0008396305625524,0.0021830394626364,0.0021830394626364,0.0,0.0020151133501258,0.0015113350125944,0.0005037783375314,0.0204869857262803,0.0089000839630562,0.0115869017632241,0.010243492863140101,0.0053736356003358,0.0048698572628043,2512
2021-04-01,2021,4,4627,1382,3245,16,10,6,161,57,104,6,4,2,78,52,26,172,155,17,3,3,0,1,1,0,216,70,146,85,83,2,1,1,0,306,196,110,202,122,80,0,0,0,5,5,0,39,37,2,35,29,6,7,4,3,17,13,4,100,37,63,50,34,16,0.7666942833471416,0.2289975144987572,0.5376967688483845,0.0026512013256006,0.0016570008285004,0.0009942004971002,0.0266777133388566,0.0094449047224523,0.0172328086164043,0.0009942004971001,0.0006628003314001,0.0003314001657,0.0129246064623031,0.0086164043082021,0.004308202154101,0.0285004142502071,0.0256835128417564,0.0028169014084507,0.0004971002485501,0.0004971002485501,0.0,0.00016570008285,0.00016570008285,0.0,0.0357912178956089,0.0115990057995029,0.024192212096106,0.0140845070422534,0.0137531068765534,0.0003314001657,0.00016570008285,0.00016570008285,0.0,0.0507042253521126,0.0324772162386081,0.0182270091135045,0.033471416735708304,0.020215410107705,0.0132560066280033,0.0,0.0,0.0,0.0008285004142502,0.0008285004142502,0.0,0.0064623032311515,0.0061309030654515,0.0003314001657,0.0057995028997514,0.0048053024026512,0.0009942004971002,0.0011599005799502,0.0006628003314001,0.0004971002485501,0.0028169014084506,0.0021541010770505,0.0006628003314001,0.0165700082850041,0.0061309030654515,0.0104391052195526,0.008285004142502,0.0056338028169014,0.0026512013256006,2212
2021-05-01,2021,5,4334,1692,2642,15,11,4,114,50,64,9,7,2,87,63,24,199,178,21,45,43,2,0,0,0,132,50,82,55,54,1,2,2,0,300,201,99,184,112,72,3,2,1,9,8,1,39,37,2,191,183,8,7,3,4,18,14,4,156,53,103,46,20,26,0.7421232876712329,0.2897260273972603,0.4523972602739726,0.0025684931506849,0.0018835616438356,0.0006849315068493,0.0195205479452054,0.0085616438356164,0.010958904109589,0.0015410958904108999,0.0011986301369863,0.0003424657534246,0.0148972602739725,0.0107876712328767,0.0041095890410958,0.0340753424657534,0.0304794520547945,0.0035958904109589,0.0077054794520546996,0.0073630136986301,0.0003424657534246,0.0,0.0,0.0,0.022602739726027297,0.0085616438356164,0.0140410958904109,0.009417808219178,0.0092465753424657,0.0001712328767123,0.0003424657534246,0.0003424657534246,0.0,0.0513698630136985,0.034417808219178,0.0169520547945205,0.0315068493150684,0.0191780821917808,0.0123287671232876,0.0005136986301369001,0.0003424657534246,0.0001712328767123,0.0015410958904109,0.0013698630136986,0.0001712328767123,0.0066780821917807,0.0063356164383561,0.0003424657534246,0.032705479452054695,0.0313356164383561,0.0013698630136986,0.0011986301369862,0.0005136986301369,0.0006849315068493,0.0030821917808219,0.0023972602739726,0.0006849315068493,0.0267123287671232,0.0090753424657534,0.0176369863013698,0.007876712328767,0.0034246575342465,0.0044520547945205,2697
2021-06-01,2021,6,4284,1243,3041,11,6,5,132,63,69,14,10,4,76,32,44,137,124,13,6,6,0,0,0,0,242,77,165,58,55,3,8,8,0,344,206,138,375,165,210,1,0,1,5,3,2,33,28,5,18,14,4,13,6,7,13,10,3,87,19,68,50,17,33,0.7340644276901988,0.2129883481836874,0.5210760795065114,0.0018848526387936,0.001028101439342,0.0008567511994516,0.0226182316655242,0.0107950651130911,0.0118231665524331,0.0023989033584646,0.0017135023989033,0.0006854009595613,0.0130226182316654,0.0054832076764907,0.0075394105551747,0.0234749828649759,0.0212474297464016,0.0022275531185743,0.001028101439342,0.001028101439342,0.0,0.0,0.0,0.0,0.0414667580534612,0.0131939684715558,0.0282727895819054,0.009938313913639401,0.0094242631939684,0.000514050719671,0.0013708019191226,0.0013708019191226,0.0,0.0589444825222754,0.0352981494174091,0.0236463331048663,0.06425633995887589,0.0282727895819054,0.0359835503769705,0.0001713502398903,0.0,0.0001713502398903,0.0008567511994516,0.000514050719671,0.0003427004797806,0.005654557916381,0.0047978067169294,0.0008567511994516,0.003084304318026,0.0023989033584647,0.0006854009595613,0.0022275531185743,0.001028101439342,0.0011994516792323,0.0022275531185743,0.0017135023989033,0.000514050719671,0.0149074708704591,0.0032556545579163,0.0116518163125428,0.0085675119945167,0.0029129540781357,0.005654557916381,2032
2021-07-01,2021,7,4228,1286,2942,10,6,4,193,58,135,18,18,0,53,17,36,250,215,35,2,0,2,0,0,0,244,61,183,35,33,2,2,2,0,439,283,156,344,177,167,4,0,4,11,8,3,47,40,7,26,25,1,7,2,5,11,7,4,101,40,61,64,30,34,0.7096341054044981,0.2158442430345753,0.4937898623699228,0.0016784155756965,0.0010070493454179,0.0006713662302786,0.032393420610943205,0.0097348103390399,0.0226586102719033,0.0030211480362537,0.0030211480362537,0.0,0.0088956025511916,0.0028533064786841,0.0060422960725075,0.0419603893924134,0.0360859348774756,0.0058744545149378,0.0003356831151393,0.0,0.0003356831151393,0.0,0.0,0.0,0.0409533400469956,0.0102383350117489,0.0307150050352467,0.0058744545149378,0.0055387713997985,0.0003356831151393,0.0003356831151393,0.0003356831151393,0.0,0.0736824437730781,0.0474991607922121,0.026183282980866,0.057737495803960995,0.0297079556898288,0.0280295401141322,0.0006713662302786,0.0,0.0006713662302786,0.0018462571332661,0.0013427324605572,0.0005035246727089,0.007888553205773599,0.0067136623027861,0.0011748909029875,0.0043638804968109,0.0041960389392413,0.0001678415575696,0.0011748909029875,0.0003356831151393,0.0008392077878482,0.0018462571332661,0.0011748909029875,0.0006713662302786,0.016951997314535,0.0067136623027861,0.0102383350117489,0.010741859684457799,0.0050352467270896,0.0057066129573682,2197
2021-08-01,2021,8,3779,1062,2717,10,6,4,149,41,108,7,4,3,53,33,20,108,91,17,3,0,3,0,0,0,256,87,169,28,23,5,3,3,0,315,198,117,283,177,106,4,4,0,7,2,5,28,19,9,18,16,2,10,6,4,21,17,4,70,29,41,44,18,26,0.7339289182365507,0.2062536414837832,0.5276752767527675,0.0019421246844046002,0.0011652748106428,0.0007768498737618,0.0289376577976305,0.0079627112060594,0.0209749465915711,0.0013594872790832,0.0007768498737618,0.0005826374053214,0.010293260827345,0.0064090114585356,0.0038842493688094,0.0209749465915711,0.0176733346280831,0.003301611963488,0.0005826374053214,0.0,0.0005826374053214,0.0,0.0,0.0,0.0497183919207612,0.0168964847543212,0.03282190716644,0.0054379491163331,0.0044668867741308,0.0009710623422023,0.0005826374053214,0.0005826374053214,0.0,0.061176927558749206,0.0384540687512138,0.0227228588075354,0.054962128568654005,0.0343756069139638,0.0205865216546902,0.0007768498737618,0.0007768498737618,0.0,0.0013594872790832,0.0003884249368809,0.0009710623422023,0.0054379491163332,0.003690036900369,0.0017479122159642,0.0034958244319284,0.0031073994950475,0.0003884249368809,0.0019421246844046002,0.0011652748106428,0.0007768498737618,0.0040784618372498,0.003301611963488,0.0007768498737618,0.0135948727908331,0.0056321615847737,0.0079627112060594,0.0085453486113808,0.0034958244319285,0.0050495241794523,1802
2021-09-01,2021,9,4280,1382,2898,16,12,4,146,44,102,11,10,1,65,28,37,144,115,29,12,10,2,1,0,1,254,97,157,110,107,3,8,8,0,331,216,115,367,248,119,15,6,9,11,9,2,150,140,10,56,55,1,3,0,3,22,20,2,51,12,39,55,29,26,0.7110815750124604,0.2296062468848645,0.4814753281275959,0.0026582488785512,0.0019936866589134,0.0006645622196378,0.0242565210167801,0.0073101844160159,0.0169463366007642,0.0018275461040039,0.0016614055490945,0.0001661405549094,0.0107991360691143,0.0046519355374646,0.0061472005316497,0.0239242399069612,0.0191061638145871,0.0048180760923741,0.0019936866589134,0.0016614055490945,0.0003322811098189,0.0001661405549094,0.0,0.0001661405549094,0.042199700947001,0.0161156338262169,0.0260840671207841,0.018275461040039798,0.0177770393753115,0.0004984216647283,0.0013291244392756,0.0013291244392756,0.0,0.054992523675029,0.0358863598604419,0.0191061638145871,0.0609735836517693,0.0412028576175444,0.0197707260342249,0.0024921083236417,0.0009968433294567,0.001495264994185,0.0018275461040038999,0.001495264994185,0.0003322811098189,0.0249210832364179,0.0232596776873234,0.0016614055490945,0.0093038710749293,0.0091377305200199,0.0001661405549094,0.0004984216647283,0.0,0.0004984216647283,0.0036550922080079,0.003322811098189,0.0003322811098189,0.008473168300382,0.0019936866589134,0.0064794816414686,0.0091377305200198,0.0048180760923741,0.0043196544276457,2482
2021-10-01,2021,10,4020,1004,3016,17,10,7,97,17,80,8,8,0,66,32,34,117,79,38,5,3,2,0,0,0,152,43,109,67,64,3,1,1,0,296,125,171,215,100,115,7,4,3,6,4,2,91,83,8,38,30,8,7,3,4,12,4,8,77,25,52,33,12,21,0.7639680729760547,0.1908019764348156,0.5731660965412391,0.0032307107563663,0.0019004180919802,0.0013302926643861,0.0184340554922082,0.0032307107563664,0.0152033447358418,0.0015203344735841,0.0015203344735841,0.0,0.0125427594070695,0.0060813378943367,0.0064614215127328,0.0222348916761686,0.0150133029266438,0.0072215887495248,0.00095020904599,0.000570125427594,0.000380083618396,0.0,0.0,0.0,0.028886354998099502,0.008171797795515,0.0207145572025845,0.012732801216267499,0.0121626757886735,0.000570125427594,0.000190041809198,0.000190041809198,0.0,0.0562523755226149,0.0237552261497529,0.032497149372862,0.040858988977575,0.0190041809198023,0.0218548080577727,0.001330292664386,0.000760167236792,0.000570125427594,0.001140250855188,0.000760167236792,0.000380083618396,0.017293804637020002,0.0157734701634359,0.0015203344735841,0.0072215887495248,0.0057012542759407,0.0015203344735841,0.001330292664386,0.000570125427594,0.000760167236792,0.0022805017103761,0.000760167236792,0.0015203344735841,0.014633219308247701,0.0047510452299505,0.0098821740782972,0.006271379703534599,0.0022805017103762,0.0039908779931584,1613
2021-11-01,2021,11,3906,1070,2836,6,6,0,163,64,99,8,8,0,60,32,28,138,107,31,6,1,5,3,2,1,138,49,89,57,52,5,5,5,0,348,195,153,309,193,116,0,0,0,28,20,8,31,20,11,21,18,3,17,15,2,16,9,7,107,22,85,32,13,19,0.736842105263158,0.2018487077909828,0.5349933974721751,0.0011318619128466,0.0011318619128466,0.0,0.0307489152990001,0.0120731937370307,0.0186757215619694,0.0015091492171288,0.0015091492171288,0.0,0.0113186191284662,0.0060365968685153,0.0052820222599509,0.0260328239954724,0.0201848707790982,0.0058479532163742,0.0011318619128466,0.0001886436521411,0.0009432182607055,0.0005659309564233,0.0003772873042822,0.0001886436521411,0.026032823995472403,0.0092435389549141,0.0167892850405583,0.0107526881720429,0.0098094699113374,0.0009432182607055,0.0009432182607055,0.0009432182607055,0.0,0.0656479909451046,0.0367855121675155,0.0288624787775891,0.058290888511601496,0.0364082248632333,0.0218826636483682,0.0,0.0,0.0,0.0052820222599509,0.0037728730428221,0.0015091492171288,0.0058479532163742,0.0037728730428221,0.0020750801735521,0.0039615166949631,0.0033955857385398,0.0005659309564233,0.0032069420863987,0.0028296547821165,0.0003772873042822,0.0030182984342576004,0.0016977928692699,0.0013205055649877,0.0201848707790982,0.0041501603471043,0.0160347104319939,0.0060365968685153,0.0024523674778343,0.003584229390681,1831
2021-12-01,2021,12,3178,823,2355,11,8,3,157,42,115,5,5,0,40,22,18,97,76,21,1,1,0,5,4,1,88,21,67,67,63,4,4,4,0,268,171,97,134,54,80,2,0,2,11,11,0,23,23,0,35,34,1,0,0,0,19,14,5,81,28,53,31,14,17,0.7559467174119886,0.1957659372026641,0.5601807802093245,0.0026165556612749,0.0019029495718363,0.0007136060894386,0.0373453853472882,0.0099904852521408,0.0273549000951474,0.0011893434823977,0.0011893434823977,0.0,0.009514747859181601,0.0052331113225499,0.0042816365366317,0.023073263558515602,0.0180780209324452,0.0049952426260704,0.0002378686964795,0.0002378686964795,0.0,0.0011893434823976,0.0009514747859181,0.0002378686964795,0.0209324452901998,0.0049952426260704,0.0159372026641294,0.0159372026641293,0.0149857278782112,0.0009514747859181,0.0009514747859181,0.0009514747859181,0.0,0.0637488106565176,0.0406755470980019,0.0230732635585157,0.0318744053282587,0.0128449096098953,0.0190294957183634,0.000475737392959,0.0,0.000475737392959,0.0026165556612749,0.0026165556612749,0.0,0.0054709800190294,0.0054709800190294,0.0,0.008325404376783899,0.0080875356803044,0.0002378686964795,0.0,0.0,0.0,0.0045195052331113,0.0033301617507136,0.0011893434823977,0.0192673644148429,0.0066603235014272,0.0126070409134157,0.0073739295908658,0.0033301617507136,0.0040437678401522,1382
2022-01-01,2022,1,3088,865,2223,6,2,4,140,34,106,11,11,0,41,26,15,110,83,27,4,0,4,3,2,1,147,25,122,27,24,3,0,0,0,302,154,148,133,59,74,3,3,0,4,3,1,30,26,4,56,53,3,12,11,1,8,6,2,78,14,64,25,12,13,0.7428433966802983,0.2080827519846042,0.5347606446956941,0.0014433485686792,0.0004811161895597,0.0009622323791195,0.0336781332691844,0.0081789752225162,0.0254991580466682,0.0026461390425787,0.0026461390425787,0.0,0.0098628818859754,0.0062545104642771,0.0036083714216983,0.026461390425787802,0.0199663218667308,0.006495068559057,0.0009622323791195,0.0,0.0009622323791195,0.0007216742843395,0.0004811161895597,0.0002405580947798,0.035362039932643696,0.0060139523694972,0.0293480875631465,0.0064950685590569,0.0057733942747173,0.0007216742843396,0.0,0.0,0.0,0.07264854462352649,0.0370459465961029,0.0356025980274236,0.0319942266057252,0.0141929275920134,0.0178012990137118,0.0007216742843396,0.0007216742843396,0.0,0.0009622323791194,0.0007216742843396,0.0002405580947798,0.0072167428433966,0.0062545104642771,0.0009622323791195,0.013471253307673701,0.0127495790233341,0.0007216742843396,0.0028866971373585,0.0026461390425787,0.0002405580947798,0.0019244647582389999,0.0014433485686793,0.0004811161895597,0.0187635313928313,0.0033678133269184,0.0153957180659129,0.0060139523694971,0.0028866971373586,0.0031272552321385,1364
2022-02-01,2022,2,2652,669,1983,5,3,2,120,15,105,6,4,2,49,19,30,81,54,27,3,2,1,0,0,0,156,36,120,27,27,0,2,2,0,197,86,111,168,80,88,1,1,0,9,4,5,13,9,4,46,37,9,1,0,1,8,5,3,74,14,60,15,4,11,0.7385129490392648,0.1862990810359231,0.5522138680033417,0.0013923698134223,0.0008354218880534,0.0005569479253689,0.033416875522138595,0.0041771094402673,0.0292397660818713,0.0016708437761068,0.0011138958507379,0.0005569479253689,0.0136452241715398,0.0052910052910052,0.0083542188805346,0.0225563909774436,0.0150375939849624,0.0075187969924812,0.0008354218880533,0.0005569479253689,0.0002784739626844,0.0,0.0,0.0,0.0434419381787802,0.0100250626566416,0.0334168755221386,0.0075187969924812,0.0075187969924812,0.0,0.0005569479253689,0.0005569479253689,0.0,0.054859370648844205,0.023948760790866,0.0309106098579782,0.0467836257309941,0.0222779170147591,0.024505708716235,0.0002784739626844,0.0002784739626844,0.0,0.0025062656641603002,0.0011138958507379,0.0013923698134224,0.0036201615148983,0.0025062656641604,0.0011138958507379,0.0128098022834864,0.010303536619326,0.0025062656641604,0.0002784739626844,0.0,0.0002784739626844,0.0022277917014758,0.0013923698134224,0.0008354218880534,0.0206070732386521,0.0038986354775828,0.0167084377610693,0.0041771094402671995,0.0011138958507379,0.0030632135895293,1047
2022-03-01,2022,3,3019,851,2168,6,5,1,238,61,177,1,0,1,74,39,35,79,61,18,2,0,2,3,3,0,84,9,75,29,26,3,0,0,0,296,181,115,222,93,129,28,27,1,11,8,3,26,22,4,27,19,8,6,2,4,8,5,3,75,28,47,29,14,15,0.7179548156956005,0.2023781212841855,0.515576694411415,0.0014268727705112,0.0011890606420927,0.0002378121284185,0.0565992865636147,0.0145065398335315,0.0420927467300832,0.0002378121284185,0.0,0.0002378121284185,0.0175980975029726,0.0092746730083234,0.0083234244946492,0.0187871581450653,0.0145065398335315,0.0042806183115338,0.000475624256837,0.0,0.000475624256837,0.0007134363852556,0.0007134363852556,0.0,0.0199762187871581,0.0021403091557669,0.0178359096313912,0.006896551724137801,0.0061831153388822,0.0007134363852556,0.0,0.0,0.0,0.0703923900118905,0.0430439952437574,0.0273483947681331,0.0527942925089178,0.022116527942925,0.0306777645659928,0.006658739595719301,0.0064209274673008,0.0002378121284185,0.0026159334126039,0.0019024970273483,0.0007134363852556,0.0061831153388821,0.005231866825208,0.0009512485136741,0.006420927467300701,0.0045184304399524,0.0019024970273483,0.0014268727705111,0.000475624256837,0.0009512485136741,0.0019024970273483,0.0011890606420927,0.0007134363852556,0.0178359096313911,0.0066587395957193,0.0111771700356718,0.0068965517241378,0.0033293697978596,0.0035671819262782,1411
2022-04-01,2022,4,2523,684,1839,6,5,1,343,148,195,8,7,1,34,17,17,30,24,6,1,0,1,2,0,2,73,16,57,33,31,2,2,2,0,141,73,68,164,108,56,7,6,1,15,9,6,22,21,1,9,7,2,3,1,2,13,8,5,34,9,25,25,13,12,0.7270893371757925,0.1971181556195965,0.5299711815561959,0.0017291066282419999,0.0014409221902017,0.0002881844380403,0.09884726224783849,0.0426512968299711,0.0561959654178674,0.0023054755043227003,0.0020172910662824,0.0002881844380403,0.0097982708933716,0.0048991354466858,0.0048991354466858,0.008645533141210299,0.0069164265129683,0.001729106628242,0.0002881844380403,0.0,0.0002881844380403,0.0005763688760806,0.0,0.0005763688760806,0.0210374639769452,0.0046109510086455,0.0164265129682997,0.0095100864553313,0.0089337175792507,0.0005763688760806,0.0005763688760806,0.0005763688760806,0.0,0.040634005763688696,0.0210374639769452,0.0195965417867435,0.0472622478386166,0.0311239193083573,0.0161383285302593,0.0020172910662823,0.001729106628242,0.0002881844380403,0.0043227665706051,0.0025936599423631,0.001729106628242,0.0063400576368875,0.0060518731988472,0.0002881844380403,0.002593659942363,0.0020172910662824,0.0005763688760806,0.0008645533141209,0.0002881844380403,0.0005763688760806,0.0037463976945244,0.0023054755043227,0.0014409221902017,0.0097982708933717,0.0025936599423631,0.0072046109510086,0.0072046109510084996,0.0037463976945244,0.0034582132564841,1178
2022-05-01,2022,5,2919,762,2157,11,9,2,280,103,177,9,9,0,62,30,32,60,43,17,5,2,3,3,0,3,148,44,104,25,24,1,4,4,0,183,90,93,115,57,58,8,8,0,7,4,3,29,24,5,13,11,2,4,1,3,7,4,3,61,29,32,23,8,15,0.7416158536585364,0.1935975609756097,0.5480182926829268,0.0027947154471544,0.0022865853658536,0.0005081300813008,0.07113821138211371,0.0261686991869918,0.0449695121951219,0.0022865853658536,0.0022865853658536,0.0,0.0157520325203251,0.0076219512195121,0.008130081300813,0.0152439024390243,0.0109247967479674,0.0043191056910569,0.001270325203252,0.0005081300813008,0.0007621951219512,0.0007621951219512,0.0,0.0007621951219512,0.03760162601626,0.0111788617886178,0.0264227642276422,0.0063516260162601,0.0060975609756097,0.0002540650406504,0.0010162601626016,0.0010162601626016,0.0,0.04649390243902431,0.0228658536585365,0.0236280487804878,0.029217479674796598,0.0144817073170731,0.0147357723577235,0.0020325203252032,0.0020325203252032,0.0,0.0017784552845528001,0.0010162601626016,0.0007621951219512,0.0073678861788617,0.0060975609756097,0.001270325203252,0.0033028455284552,0.0027947154471544,0.0005081300813008,0.0010162601626016,0.0002540650406504,0.0007621951219512,0.0017784552845528001,0.0010162601626016,0.0007621951219512,0.0154979674796747,0.0073678861788617,0.008130081300813,0.0058434959349592,0.0020325203252032,0.003810975609756,1238
2022-06-01,2022,6,2691,778,1913,9,4,5,218,74,144,2,2,0,56,28,28,58,40,18,11,8,3,0,0,0,181,83,98,45,40,5,5,5,0,188,110,78,153,59,94,7,6,1,11,7,4,11,9,2,11,10,1,1,0,1,7,5,2,58,26,32,34,12,22,0.7249461206896552,0.2095905172413793,0.5153556034482759,0.0024245689655171,0.0010775862068965,0.0013469827586206,0.058728448275862,0.0199353448275862,0.0387931034482758,0.0005387931034482,0.0005387931034482,0.0,0.0150862068965516,0.0075431034482758,0.0075431034482758,0.0156249999999999,0.0107758620689655,0.0048491379310344,0.0029633620689654997,0.0021551724137931,0.0008081896551724,0.0,0.0,0.0,0.0487607758620689,0.0223599137931034,0.0264008620689655,0.012122844827586101,0.0107758620689655,0.0013469827586206,0.0013469827586206,0.0013469827586206,0.0,0.0506465517241378,0.0296336206896551,0.0210129310344827,0.041217672413793,0.0158943965517241,0.0253232758620689,0.0018857758620689,0.0016163793103448,0.0002693965517241,0.0029633620689654,0.0018857758620689,0.0010775862068965,0.0029633620689654,0.0024245689655172,0.0005387931034482,0.0029633620689654,0.0026939655172413,0.0002693965517241,0.0002693965517241,0.0,0.0002693965517241,0.0018857758620688,0.0013469827586206,0.0005387931034482,0.0156249999999999,0.0070043103448275,0.0086206896551724,0.0091594827586206,0.0032327586206896,0.005926724137931,1274
2022-07-01,2022,7,2771,784,1987,14,9,5,179,53,126,4,4,0,35,16,19,73,57,16,8,4,4,1,0,1,276,114,162,67,64,3,6,6,0,187,86,101,125,71,54,13,9,4,12,7,5,13,10,3,18,15,3,5,2,3,3,2,1,57,25,32,37,19,18,0.7184340160746694,0.2032667876588021,0.5151672284158673,0.0036297640653356004,0.0023334197562872,0.0012963443090484,0.0464091262639356,0.0137412496759139,0.0326678765880217,0.0010370754472387,0.0010370754472387,0.0,0.0090744101633393,0.0041483017889551,0.0049261083743842,0.0189266269121078,0.0147783251231527,0.0041483017889551,0.0020741508944774,0.0010370754472387,0.0010370754472387,0.0002592688618096,0.0,0.0002592688618096,0.0715582058594762,0.0295566502463054,0.0420015556131708,0.0173710137412495,0.0165932071558205,0.000777806585429,0.0015556131708581,0.0015556131708581,0.0,0.048483277158413204,0.0222971221156339,0.0261861550427793,0.032408607726212,0.0184080891884884,0.0140005185377236,0.0033704952035259004,0.0023334197562872,0.0010370754472387,0.0031112263417162,0.0018148820326678,0.0012963443090484,0.0033704952035259004,0.0025926886180969,0.000777806585429,0.0046668395125744,0.0038890329271454,0.000777806585429,0.0012963443090483,0.0005185377236193,0.000777806585429,0.0007778065854289,0.0005185377236193,0.0002592688618096,0.014778325123152601,0.0064817215452424,0.0082966035779102,0.0095929478869587,0.0049261083743842,0.0046668395125745,1324
2022-08-01,2022,8,2751,708,2043,5,2,3,218,66,152,3,3,0,43,25,18,96,81,15,3,1,2,0,0,0,155,61,94,49,44,5,4,4,0,210,136,74,154,63,91,2,1,1,10,7,3,15,13,2,8,5,3,5,2,3,6,6,0,56,22,34,25,7,18,0.7335999999999999,0.1888,0.5448,0.0013333333333333001,0.0005333333333333,0.0008,0.0581333333333333,0.0176,0.0405333333333333,0.0008,0.0008,0.0,0.0114666666666666,0.0066666666666666,0.0048,0.0256,0.0216,0.004,0.0007999999999999,0.0002666666666666,0.0005333333333333,0.0,0.0,0.0,0.0413333333333332,0.0162666666666666,0.0250666666666666,0.0130666666666666,0.0117333333333333,0.0013333333333333,0.0010666666666666,0.0010666666666666,0.0,0.0559999999999999,0.0362666666666666,0.0197333333333333,0.0410666666666666,0.0168,0.0242666666666666,0.0005333333333332,0.0002666666666666,0.0002666666666666,0.0026666666666666002,0.0018666666666666,0.0008,0.0039999999999999,0.0034666666666666,0.0005333333333333,0.0021333333333333,0.0013333333333333,0.0008,0.0013333333333333001,0.0005333333333333,0.0008,0.0016,0.0016,0.0,0.0149333333333332,0.0058666666666666,0.0090666666666666,0.0066666666666665994,0.0018666666666666,0.0048,1199
2022-09-01,2022,9,2953,861,2092,11,9,2,149,44,105,3,2,1,46,22,24,46,31,15,7,4,3,2,2,0,202,85,117,157,153,4,7,7,0,182,87,95,200,113,87,7,5,2,9,7,2,22,20,2,23,18,5,6,3,3,4,3,1,33,12,21,31,15,16,0.7259095378564404,0.2116519174041297,0.5142576204523107,0.0027040314650933,0.0022123893805309,0.0004916420845624,0.0366273352999016,0.0108161258603736,0.025811209439528,0.0007374631268435999,0.0004916420845624,0.0002458210422812,0.011307767944936,0.0054080629301868,0.0058997050147492,0.0113077679449359,0.0076204523107177,0.0036873156342182,0.0017207472959683999,0.0009832841691248,0.0007374631268436,0.0004916420845624,0.0004916420845624,0.0,0.0496558505408062,0.0208947885939036,0.0287610619469026,0.0385939036381513,0.0376106194690265,0.0009832841691248,0.0017207472959685,0.0017207472959685,0.0,0.0447394296951818,0.021386430678466,0.0233529990167158,0.049164208456243697,0.0277777777777777,0.021386430678466,0.0017207472959683999,0.001229105211406,0.0004916420845624,0.0022123893805309,0.0017207472959685,0.0004916420845624,0.0054080629301867,0.0049164208456243,0.0004916420845624,0.0056538839724679,0.0044247787610619,0.001229105211406,0.0014749262536872,0.0007374631268436,0.0007374631268436,0.0009832841691248,0.0007374631268436,0.0002458210422812,0.008112094395280201,0.0029498525073746,0.0051622418879056,0.0076204523107177,0.0036873156342182,0.0039331366764995,1483
2022-10-01,2022,10,3031,818,2213,5,3,2,194,46,148,6,6,0,38,22,16,55,41,14,0,0,0,1,1,0,340,161,179,86,82,4,11,11,0,200,92,108,156,91,65,8,6,2,26,20,6,8,7,1,25,21,4,3,2,1,8,4,4,49,23,26,36,11,25,0.7115023474178404,0.192018779342723,0.5194835680751174,0.0011737089201877,0.0007042253521126,0.0004694835680751,0.0455399061032863,0.0107981220657277,0.0347417840375586,0.0014084507042253,0.0014084507042253,0.0,0.0089201877934271,0.0051643192488262,0.0037558685446009,0.012910798122065699,0.0096244131455399,0.0032863849765258,0.0,0.0,0.0,0.0002347417840375,0.0002347417840375,0.0,0.07981220657276991,0.0377934272300469,0.042018779342723,0.02018779342723,0.0192488262910798,0.0009389671361502,0.0025821596244131,0.0025821596244131,0.0,0.0469483568075117,0.0215962441314554,0.0253521126760563,0.0366197183098591,0.0213615023474178,0.0152582159624413,0.0018779342723004,0.0014084507042253,0.0004694835680751,0.0061032863849764,0.0046948356807511,0.0014084507042253,0.0018779342723004,0.0016431924882629,0.0002347417840375,0.0058685446009389,0.0049295774647887,0.0009389671361502,0.0007042253521126,0.0004694835680751,0.0002347417840375,0.0018779342723004,0.0009389671361502,0.0009389671361502,0.0115023474178403,0.0053990610328638,0.0061032863849765,0.008450704225352,0.0025821596244131,0.0058685446009389,1452
2022-11-01,2022,11,2793,752,2041,10,10,0,194,45,149,2,0,2,52,21,31,38,23,15,5,3,2,0,0,0,188,82,106,87,83,4,6,6,0,217,100,117,129,74,55,7,6,1,17,8,9,11,8,3,13,11,2,11,6,5,5,4,1,27,6,21,33,9,24,0.7317264867697144,0.1970133612784909,0.5347131254912235,0.0026198585276395,0.0026198585276395,0.0,0.0508252554362063,0.0117893633743777,0.0390358920618286,0.0005239717055279,0.0,0.0005239717055279,0.0136232643437253,0.0055017029080429,0.0081215614356824,0.00995546240503,0.0060256746135708,0.0039297877914592,0.0013099292638197,0.0007859575582918,0.0005239717055279,0.0,0.0,0.0,0.0492533403196226,0.0214828399266439,0.0277705003929787,0.0227927691904637,0.0217448257794079,0.0010479434110558,0.0015719151165837,0.0015719151165837,0.0,0.056850930049777204,0.026198585276395,0.0306523447733822,0.0337961750065495,0.0193869531045323,0.0144092219020172,0.0018339009693476,0.0015719151165837,0.0002619858527639,0.004453759496987101,0.0020958868221116,0.0023578726748755,0.0028818443804034003,0.0020958868221116,0.0007859575582918,0.0034058160859313,0.0028818443804034,0.0005239717055279,0.0028818443804034003,0.0015719151165837,0.0013099292638197,0.0013099292638197,0.0010479434110558,0.0002619858527639,0.0070736180246266005,0.0015719151165837,0.0055017029080429,0.0086455331412103,0.0023578726748755,0.0062876604663348,1241
2022-12-01,2022,12,2515,662,1853,7,6,1,182,66,116,3,3,0,19,11,8,95,82,13,4,2,2,0,0,0,107,30,77,30,28,2,4,4,0,172,95,77,127,62,65,6,5,1,37,29,8,10,9,1,14,11,3,8,5,3,3,3,0,30,11,19,25,8,17,0.7529940119760478,0.1982035928143712,0.5547904191616766,0.0020958083832334,0.0017964071856287,0.0002994011976047,0.0544910179640717,0.0197604790419161,0.0347305389221556,0.0008982035928143,0.0008982035928143,0.0,0.005688622754490899,0.0032934131736526,0.0023952095808383,0.028443113772455002,0.0245508982035928,0.0038922155688622,0.001197604790419,0.0005988023952095,0.0005988023952095,0.0,0.0,0.0,0.0320359281437125,0.0089820359281437,0.0230538922155688,0.0089820359281436,0.0083832335329341,0.0005988023952095,0.0011976047904191,0.0011976047904191,0.0,0.0514970059880238,0.028443113772455,0.0230538922155688,0.038023952095808305,0.018562874251497,0.0194610778443113,0.0017964071856286,0.0014970059880239,0.0002994011976047,0.0110778443113772,0.0086826347305389,0.0023952095808383,0.0029940119760478,0.0026946107784431,0.0002994011976047,0.0041916167664669,0.0032934131736526,0.0008982035928143,0.0023952095808382,0.0014970059880239,0.0008982035928143,0.0008982035928143,0.0008982035928143,0.0,0.0089820359281436,0.0032934131736526,0.005688622754491,0.0074850299401197,0.0023952095808383,0.0050898203592814,1083
2023-01-01,2023,1,2924,813,2111,11,2,9,193,73,120,5,5,0,33,19,14,84,71,13,9,3,6,0,0,0,213,104,109,49,41,8,7,7,0,218,120,98,154,83,71,3,3,0,10,8,2,37,35,2,6,3,3,7,3,4,1,1,0,31,3,28,29,9,20,0.7380111055022716,0.2051993942453306,0.5328117112569409,0.0027763755678948997,0.000504795557799,0.0022715800100959,0.0487127713276122,0.0184250378596668,0.0302877334679454,0.0012619888944977,0.0012619888944977,0.0,0.0083291267036849,0.0047955577990913,0.0035335689045936,0.0212014134275617,0.0179202423018677,0.003281171125694,0.0022715800100957997,0.0007571933366986,0.0015143866733972,0.0,0.0,0.0,0.0537607269056031,0.0262493690055527,0.0275113579000504,0.0123674911660776,0.0103483089348813,0.0020191822311963,0.0017667844522968,0.0017667844522968,0.0,0.0550227158001008,0.0302877334679454,0.0247349823321554,0.0388692579505299,0.0209490156486622,0.0179202423018677,0.0007571933366986,0.0007571933366986,0.0,0.0025239777889953,0.0020191822311963,0.000504795557799,0.0093387178192831,0.0088339222614841,0.000504795557799,0.0015143866733972,0.0007571933366986,0.0007571933366986,0.0017667844522967,0.0007571933366986,0.0010095911155981,0.0002523977788995,0.0002523977788995,0.0,0.0078243311458858,0.0007571933366986,0.0070671378091872,0.0073195355880868,0.0022715800100959,0.0050479555779909,1354
2023-02-01,2023,2,2427,641,1786,7,7,0,130,44,86,1,0,1,45,23,22,65,48,17,2,0,2,0,0,0,122,38,84,69,66,3,6,6,0,206,91,115,78,45,33,3,1,2,14,8,6,0,0,0,15,12,3,3,1,2,5,4,1,34,12,22,16,6,10,0.7582005623242736,0.2002499218994064,0.5579506404248672,0.0021868166198063,0.0021868166198063,0.0,0.0406123086535457,0.0137457044673539,0.0268666041861918,0.000312402374258,0.0,0.000312402374258,0.0140581068416119,0.007185254607935,0.0068728522336769,0.0203061543267728,0.0149953139643861,0.0053108403623867,0.000624804748516,0.0,0.000624804748516,0.0,0.0,0.0,0.0381130896594813,0.0118712902218056,0.0262417994376757,0.021555763823805,0.0206185567010309,0.0009372071227741,0.0018744142455482,0.0018744142455482,0.0,0.0643548890971571,0.028428616057482,0.0359262730396751,0.0243673851921273,0.0140581068416119,0.0103092783505154,0.000937207122774,0.000312402374258,0.000624804748516,0.0043736332396125,0.0024992189940643,0.0018744142455482,0.0,0.0,0.0,0.0046860356138706,0.0037488284910965,0.0009372071227741,0.000937207122774,0.000312402374258,0.000624804748516,0.0015620118712901,0.0012496094970321,0.000312402374258,0.0106216807247734,0.0037488284910965,0.0068728522336769,0.0049984379881286,0.0018744142455482,0.0031240237425804,1022
2023-03-01,2023,3,2809,839,1970,10,9,1,146,41,105,0,0,0,58,22,36,88,68,20,3,0,3,2,2,0,108,43,65,81,76,5,8,8,0,253,132,121,131,72,59,4,3,1,3,3,0,13,11,2,5,5,0,9,5,4,4,3,1,32,15,17,26,11,15,0.7532850630195762,0.2249932957897559,0.5282917672298203,0.0026816840976132002,0.0024135156878519,0.0002681684097613,0.0391525878251541,0.0109949048002145,0.0281576830249396,0.0,0.0,0.0,0.015553767766157,0.0058997050147492,0.0096540627514078,0.023598820058996998,0.0182354518637704,0.0053633681952266,0.0008045052292839,0.0,0.0008045052292839,0.0005363368195226,0.0005363368195226,0.0,0.0289621882542235,0.0115312416197371,0.0174309466344864,0.0217216411906676,0.020380799141861,0.0013408420488066,0.0021453472780906,0.0021453472780906,0.0,0.0678466076696164,0.0353982300884955,0.0324483775811209,0.0351300616787341,0.0193081255028157,0.0158219361759184,0.0010726736390452,0.0008045052292839,0.0002681684097613,0.0008045052292839,0.0008045052292839,0.0,0.0034861893268972,0.0029498525073746,0.0005363368195226,0.0013408420488066,0.0013408420488066,0.0,0.0024135156878519,0.0013408420488066,0.0010726736390453,0.0010726736390452,0.0008045052292839,0.0002681684097613,0.0085813891123625,0.0040225261464199,0.0045588629659426,0.0069723786537945,0.0029498525073746,0.0040225261464199,1321
2023-04-01,2023,4,2472,658,1814,6,3,3,159,44,115,12,12,0,36,22,14,51,36,15,3,0,3,1,1,0,139,53,86,80,74,6,7,7,0,200,111,89,70,28,42,2,0,2,3,0,3,20,19,1,9,6,3,7,3,4,3,2,1,39,19,20,22,6,16,0.7495451788963008,0.1995148574893875,0.5500303214069133,0.0018192844147968,0.0009096422073984,0.0009096422073984,0.0482110369921163,0.0133414190418435,0.0348696179502728,0.0036385688295936,0.0036385688295936,0.0,0.010915706488780999,0.0066707095209217,0.0042449969678593,0.015463917525773101,0.010915706488781,0.0045482110369921,0.0009096422073984,0.0,0.0009096422073984,0.0003032140691328,0.0003032140691328,0.0,0.0421467556094602,0.0160703456640388,0.0260764099454214,0.0242571255306245,0.0224378411158277,0.0018192844147968,0.0021224984839296,0.0021224984839296,0.0,0.06064281382656139,0.0336567616737416,0.0269860521528198,0.0212249848392965,0.0084899939357186,0.0127349909035779,0.0006064281382656,0.0,0.0006064281382656,0.0009096422073984,0.0,0.0009096422073984,0.0060642813826561,0.0057610673135233,0.0003032140691328,0.0027289266221952,0.0018192844147968,0.0009096422073984,0.0021224984839296,0.0009096422073984,0.0012128562765312,0.0009096422073984001,0.0006064281382656,0.0003032140691328,0.0118253486961794,0.0057610673135233,0.0060642813826561,0.0066707095209217,0.0018192844147968,0.0048514251061249,1073
2023-05-01,2023,5,2678,785,1893,5,5,0,150,56,94,4,4,0,65,29,36,71,60,11,3,1,2,1,0,1,108,45,63,76,74,2,6,6,0,271,135,136,71,38,33,2,2,0,15,11,4,28,23,5,13,12,1,8,6,2,10,5,5,50,23,27,24,14,10,0.740187949143173,0.2169707020453289,0.5232172470978441,0.0013819789939192,0.0013819789939192,0.0,0.0414593698175786,0.015478164731896,0.0259812050856826,0.0011055831951354,0.0011055831951354,0.0,0.0179657269209507,0.0080154781647318,0.0099502487562189,0.019624101713653898,0.0165837479270315,0.0030403537866224,0.0008291873963515,0.0002763957987838,0.0005527915975677,0.0002763957987838,0.0,0.0002763957987838,0.029850746268656598,0.0124378109452736,0.017412935323383,0.0210060807075732,0.0204532891100055,0.0005527915975677,0.0016583747927031,0.0016583747927031,0.0,0.0749032614704255,0.0373134328358208,0.0375898286346047,0.0196241017136539,0.0105030403537866,0.0091210613598673,0.0005527915975677,0.0005527915975677,0.0,0.0041459369817578,0.0030403537866224,0.0011055831951354,0.0077390823659479,0.0063571033720287,0.0013819789939192,0.0035931453841901,0.0033167495854063,0.0002763957987838,0.0022111663902708,0.0016583747927031,0.0005527915975677,0.0027639579878384,0.0013819789939192,0.0013819789939192,0.013819789939192799,0.0063571033720287,0.0074626865671641,0.0066334991708125,0.003869541182974,0.0027639579878385,1302
2023-06-01,2023,6,2453,784,1669,13,11,2,176,41,135,6,6,0,30,14,16,67,55,12,2,1,1,0,0,0,92,25,67,129,125,4,11,11,0,250,111,139,132,91,41,2,2,0,3,2,1,9,4,5,13,11,2,4,3,1,4,2,2,38,11,27,20,6,14,0.7191439460568748,0.2298446203459396,0.4892993257109352,0.0038111990618586,0.0032248607446496,0.000586338317209,0.0515977719143946,0.0120199355027851,0.0395778364116095,0.001759014951627,0.001759014951627,0.0,0.008795074758135402,0.0041043682204632,0.0046907065376722,0.0196423336265024,0.0161243037232483,0.0035180299032541,0.000586338317209,0.0002931691586045,0.0002931691586045,0.0,0.0,0.0,0.0269715625916152,0.0073292289651128,0.0196423336265024,0.037818821459982305,0.0366461448255643,0.001172676634418,0.0032248607446496,0.0032248607446496,0.0,0.0732922896511286,0.0325417766051011,0.0407505130460275,0.0386983289357959,0.0266783934330108,0.0120199355027851,0.000586338317209,0.000586338317209,0.0,0.0008795074758135,0.000586338317209,0.0002931691586045,0.0026385224274405,0.001172676634418,0.0014658457930225,0.0038111990618586,0.0032248607446496,0.000586338317209,0.001172676634418,0.0008795074758135,0.0002931691586045,0.001172676634418,0.000586338317209,0.000586338317209,0.0111404280269715,0.0032248607446496,0.0079155672823219,0.0058633831720902,0.001759014951627,0.0041043682204632,1285
2023-07-01,2023,7,2432,722,1710,7,6,1,167,42,125,4,3,1,54,35,19,81,72,9,3,2,1,2,2,0,157,85,72,187,178,9,15,15,0,218,114,104,69,38,31,0,0,0,7,6,1,8,6,2,18,18,0,7,4,3,9,4,5,33,14,19,30,14,16,0.7045191193511007,0.209154113557358,0.4953650057937427,0.0020278099652374,0.0017381228273464,0.000289687137891,0.048377752027809896,0.0121668597914252,0.0362108922363847,0.0011587485515642,0.0008690614136732,0.000289687137891,0.0156431054461181,0.0101390498261877,0.0055040556199304,0.0234646581691771,0.0208574739281575,0.0026071842410196,0.0008690614136731,0.0005793742757821,0.000289687137891,0.0005793742757821,0.0005793742757821,0.0,0.0454808806488991,0.0246234067207416,0.0208574739281575,0.0541714947856314,0.0515643105446118,0.0026071842410196,0.0043453070683661,0.0043453070683661,0.0,0.0631517960602548,0.0330243337195828,0.030127462340672,0.0199884125144843,0.0110081112398609,0.0089803012746234,0.0,0.0,0.0,0.0020278099652374,0.0017381228273464,0.000289687137891,0.0023174971031285,0.0017381228273464,0.0005793742757821,0.0052143684820393,0.0052143684820393,0.0,0.0020278099652375,0.0011587485515643,0.0008690614136732,0.0026071842410196,0.0011587485515643,0.0014484356894553,0.0095596755504054,0.004055619930475,0.0055040556199304,0.0086906141367322,0.004055619930475,0.0046349942062572,1333
2023-08-01,2023,8,2316,651,1665,11,10,1,220,70,150,1,0,1,72,35,37,131,104,27,8,1,7,4,4,0,134,39,95,127,120,7,10,10,0,307,190,117,62,24,38,0,0,0,10,8,2,9,9,0,22,20,2,4,1,3,10,4,6,52,12,40,23,8,15,0.6746286047189046,0.1896300611709874,0.4849985435479172,0.0032041945819981,0.0029129041654529,0.0002912904165452,0.06408389163996489,0.0203903291581706,0.0436935624817943,0.0002912904165452,0.0,0.0002912904165452,0.0209729099912612,0.0101951645790853,0.0107777454121759,0.0381590445674336,0.0302942033207107,0.0078648412467229,0.0023303233323622,0.0002912904165452,0.002039032915817,0.0011651616661811,0.0011651616661811,0.0,0.039032915817069504,0.0113603262452665,0.027672589571803,0.036993882901252405,0.0349548499854354,0.002039032915817,0.0029129041654529,0.0029129041654529,0.0,0.08942615787940561,0.0553451791436061,0.0340809787357995,0.0180600058258082,0.006990969997087,0.0110690358287212,0.0,0.0,0.0,0.0029129041654528,0.0023303233323623,0.0005825808330905,0.0026216137489076,0.0026216137489076,0.0,0.0064083891639964,0.0058258083309059,0.0005825808330905,0.001165161666181,0.0002912904165452,0.0008738712496358,0.0029129041654528,0.0011651616661811,0.0017477424992717,0.0151471016603553,0.0034954849985435,0.0116516166618118,0.0066996795805417,0.0023303233323623,0.0043693562481794,1241
2023-09-01,2023,9,2320,685,1635,6,4,2,215,33,182,0,0,0,79,44,35,83,59,24,6,0,6,7,7,0,152,59,93,91,89,2,4,4,0,236,121,115,77,29,48,3,3,0,4,3,1,16,14,2,12,8,4,7,2,5,4,3,1,36,8,28,26,11,15,0.6977443609022556,0.2060150375939849,0.4917293233082707,0.0018045112781953,0.0012030075187969,0.0006015037593984,0.0646616541353382,0.0099248120300751,0.0547368421052631,0.0,0.0,0.0,0.0237593984962405,0.0132330827067669,0.0105263157894736,0.024962406015037502,0.0177443609022556,0.0072180451127819,0.0018045112781954,0.0,0.0018045112781954,0.0021052631578947,0.0021052631578947,0.0,0.045714285714285596,0.0177443609022556,0.02796992481203,0.027368421052631403,0.026766917293233,0.0006015037593984,0.0012030075187969,0.0012030075187969,0.0,0.0709774436090225,0.036390977443609,0.0345864661654135,0.023157894736842,0.0087218045112781,0.0144360902255639,0.0009022556390977,0.0009022556390977,0.0,0.0012030075187969,0.0009022556390977,0.0003007518796992,0.0048120300751878,0.0042105263157894,0.0006015037593984,0.0036090225563907997,0.0024060150375939,0.0012030075187969,0.0021052631578945998,0.0006015037593984,0.0015037593984962,0.0012030075187969,0.0009022556390977,0.0003007518796992,0.0108270676691728,0.0024060150375939,0.0084210526315789,0.0078195488721804,0.0033082706766917,0.0045112781954887,1145
2023-10-01,2023,10,2346,636,1710,13,11,2,213,42,171,0,0,0,70,35,35,64,48,16,3,1,2,9,9,0,135,65,70,168,157,11,12,12,0,238,108,130,55,27,28,17,15,2,11,8,3,12,11,1,5,4,1,11,7,4,7,6,1,34,11,23,20,6,14,0.6910162002945508,0.1873343151693667,0.5036818851251841,0.0038291605301914,0.003240058910162,0.0005891016200294,0.0627393225331369,0.0123711340206185,0.0503681885125184,0.0,0.0,0.0,0.0206185567010308,0.0103092783505154,0.0103092783505154,0.0188512518409425,0.0141384388807069,0.0047128129602356,0.0008836524300440999,0.0002945508100147,0.0005891016200294,0.0026509572901325,0.0026509572901325,0.0,0.039764359351988104,0.0191458026509572,0.0206185567010309,0.0494845360824742,0.0462444771723122,0.003240058910162,0.0035346097201767,0.0035346097201767,0.0,0.070103092783505,0.0318114874815905,0.0382916053019145,0.0162002945508099,0.0079528718703976,0.0082474226804123,0.0050073637702503,0.0044182621502209,0.0005891016200294,0.0032400589101619,0.0023564064801178,0.0008836524300441,0.0035346097201767,0.003240058910162,0.0002945508100147,0.0014727540500736,0.0011782032400589,0.0002945508100147,0.0032400589101619,0.002061855670103,0.0011782032400589,0.002061855670103,0.0017673048600883,0.0002945508100147,0.0100147275405007,0.003240058910162,0.0067746686303387,0.0058910162002944,0.0017673048600883,0.0041237113402061,1181
2023-11-01,2023,11,2369,637,1732,5,3,2,158,33,125,0,0,0,44,29,15,55,43,12,3,2,1,3,3,0,116,45,71,146,138,8,10,10,0,207,84,123,61,29,32,1,0,1,2,0,2,15,11,4,4,2,2,4,1,3,6,6,0,20,7,13,28,12,16,0.73640037301834,0.1980105688529686,0.5383898041653714,0.0015542430836182,0.0009325458501709,0.0006216972334473,0.049114081442337504,0.0102580043518806,0.0388560770904569,0.0,0.0,0.0,0.013677339135840799,0.009014609884986,0.0046627292508548,0.017096673919800902,0.0133664905191171,0.0037301834006838,0.0009325458501708999,0.0006216972334473,0.0003108486167236,0.0009325458501709,0.0009325458501709,0.0,0.036058439539944004,0.0139881877525645,0.0220702517873795,0.0453838980416536,0.0428971091078644,0.0024867889337892,0.0031084861672365,0.0031084861672365,0.0,0.0643456636617966,0.026111283804787,0.0382343798570096,0.0189617656201429,0.009014609884986,0.0099471557351569,0.0003108486167236,0.0,0.0003108486167236,0.0006216972334473,0.0,0.0006216972334473,0.0046627292508548,0.0034193347839602,0.0012433944668946,0.0012433944668946,0.0006216972334473,0.0006216972334473,0.0012433944668945002,0.0003108486167236,0.0009325458501709,0.0018650917003419,0.0018650917003419,0.0,0.006216972334473,0.0021759403170655,0.0040410320174075,0.0087037612682622,0.0037301834006838,0.0049735778675784,1062
2023-12-01,2023,12,2287,550,1737,6,4,2,216,34,182,1,0,1,33,15,18,66,46,20,5,3,2,9,9,0,114,24,90,120,119,1,10,10,0,197,89,108,59,28,31,2,1,1,8,3,5,10,8,2,5,2,3,4,0,4,6,2,4,39,7,32,25,9,16,0.7221345121566151,0.1736659299021155,0.5484685822544996,0.0018945374171139002,0.0012630249447426,0.0006315124723713,0.06820334701610349,0.0107357120303126,0.0574676349857909,0.0003157562361856,0.0,0.0003157562361856,0.0104199557941268,0.0047363435427849,0.0056836122513419,0.0208399115882537,0.0145247868645405,0.0063151247237132,0.0015787811809282,0.0009472687085569,0.0006315124723713,0.0028418061256709,0.0028418061256709,0.0,0.0359962109251657,0.0075781496684559,0.0284180612567098,0.0378907483422796,0.037574992106094,0.0003157562361856,0.0031575623618566,0.0031575623618566,0.0,0.0622039785285758,0.0281023050205241,0.0341016735080517,0.0186296179349542,0.0088411746131986,0.0097884433217556,0.0006315124723712,0.0003157562361856,0.0003157562361856,0.0025260498894851997,0.0009472687085569,0.0015787811809283,0.0031575623618566,0.0025260498894853,0.0006315124723713,0.0015787811809282,0.0006315124723713,0.0009472687085569,0.0012630249447426,0.0,0.0012630249447426,0.0018945374171139002,0.0006315124723713,0.0012630249447426,0.0123144932112408,0.0022102936532996,0.0101041995579412,0.0078939059046415,0.0028418061256709,0.0050520997789706,924
2024-01-01,2024,1,2386,615,1771,4,3,1,213,44,169,1,1,0,22,8,14,56,44,12,5,2,3,10,10,0,116,37,79,309,304,5,36,36,0,226,105,121,66,37,29,1,1,0,8,5,3,20,13,7,13,11,2,4,0,4,10,10,0,21,5,16,29,17,12,0.678805120910384,0.1749644381223328,0.5038406827880512,0.0011379800853484,0.0008534850640113,0.0002844950213371,0.0605974395448078,0.0125177809388335,0.0480796586059743,0.0002844950213371,0.0002844950213371,0.0,0.0062588904694166995,0.002275960170697,0.0039829302987197,0.015931721194879,0.0125177809388335,0.0034139402560455,0.0014224751066855001,0.0005689900426742,0.0008534850640113,0.0028449502133712,0.0028449502133712,0.0,0.0330014224751066,0.0105263157894736,0.022475106685633,0.08790896159317199,0.0864864864864864,0.0014224751066856,0.0102418207681365,0.0102418207681365,0.0,0.0642958748221905,0.0298719772403982,0.0344238975817923,0.0187766714082502,0.0105263157894736,0.0082503556187766,0.0002844950213371,0.0002844950213371,0.0,0.0022759601706969,0.0014224751066856,0.0008534850640113,0.0056899004267424,0.0036984352773826,0.0019914651493598,0.0036984352773824997,0.0031294452347083,0.0005689900426742,0.0011379800853485,0.0,0.0011379800853485,0.0028449502133712,0.0028449502133712,0.0,0.0059743954480796,0.0014224751066856,0.004551920341394,0.0082503556187766,0.0048364153627311,0.0034139402560455,1274
2024-02-01,2024,2,1733,604,1129,11,8,3,214,61,153,12,10,2,40,17,23,72,56,16,6,5,1,5,5,0,82,28,54,557,549,8,241,239,2,229,129,100,59,27,32,3,2,1,11,9,2,3,2,1,9,7,2,2,0,2,8,8,0,21,6,15,36,23,13,0.5257888349514563,0.183252427184466,0.3425364077669903,0.0033373786407766,0.0024271844660194,0.0009101941747572,0.0649271844660193,0.018507281553398,0.0464199029126213,0.0036407766990289997,0.0030339805825242,0.0006067961165048,0.012135922330096999,0.0051577669902912,0.0069781553398058,0.0218446601941747,0.0169902912621359,0.0048543689320388,0.0018203883495144998,0.0015169902912621,0.0003033980582524,0.0015169902912621,0.0015169902912621,0.0,0.0248786407766989,0.0084951456310679,0.016383495145631,0.16899271844660188,0.1665655339805825,0.0024271844660194,0.0731189320388348,0.07251213592233,0.0006067961165048,0.06947815533980581,0.0391383495145631,0.0303398058252427,0.0179004854368931,0.0081917475728155,0.0097087378640776,0.0009101941747572,0.0006067961165048,0.0003033980582524,0.0033373786407766,0.0027305825242718,0.0006067961165048,0.0009101941747572,0.0006067961165048,0.0003033980582524,0.0027305825242717,0.0021237864077669,0.0006067961165048,0.0006067961165048,0.0,0.0006067961165048,0.0024271844660194,0.0024271844660194,0.0,0.0063713592233008995,0.0018203883495145,0.0045509708737864,0.0109223300970873,0.0069781553398058,0.0039441747572815,1750
2024-03-01,2024,3,1866,539,1327,5,4,1,223,54,169,4,4,0,67,31,36,58,39,19,5,0,5,5,4,1,133,39,94,263,259,4,63,62,1,195,96,99,109,47,62,13,4,9,24,16,8,16,12,4,10,9,1,8,2,6,3,3,0,37,9,28,34,14,20,0.6034928848641656,0.1743208279430789,0.4291720569210867,0.0016170763260025,0.001293661060802,0.0003234152652005,0.0721216041397153,0.0174644243208279,0.0546571798188874,0.001293661060802,0.001293661060802,0.0,0.021668822768434598,0.010025873221216,0.0116429495472186,0.0187580853816299,0.0126131953428201,0.0061448900388098,0.0016170763260025,0.0,0.0016170763260025,0.0016170763260025,0.001293661060802,0.0003234152652005,0.0430142302716687,0.0126131953428201,0.0304010349288486,0.085058214747736,0.083764553686934,0.001293661060802,0.0203751617076325,0.020051746442432,0.0003234152652005,0.0630659767141008,0.0310478654592496,0.0320181112548512,0.0352522639068563,0.0152005174644243,0.020051746442432,0.0042043984476066,0.001293661060802,0.0029107373868046,0.0077619663648123005,0.0051746442432082,0.0025873221216041,0.0051746442432082,0.0038809831824062,0.001293661060802,0.0032341526520051,0.0029107373868046,0.0003234152652005,0.0025873221216041,0.000646830530401,0.0019404915912031,0.0009702457956015,0.0009702457956015,0.0,0.011966364812419,0.0029107373868046,0.0090556274256144,0.010996119016817501,0.0045278137128072,0.0064683053040103,1215
2024-04-01,2024,4,1783,478,1305,10,6,4,271,64,207,2,2,0,87,35,52,85,65,20,10,1,9,1,1,0,121,22,99,57,55,2,19,19,0,274,131,143,128,67,61,4,0,4,13,9,4,14,10,4,25,21,4,7,2,5,5,3,2,38,9,29,21,8,13,0.6135581555402614,0.1644872677219545,0.4490708878183069,0.0034411562284927004,0.0020646937370956,0.0013764624913971,0.0932553337921541,0.0220233998623537,0.0712319339298004,0.0006882312456985,0.0006882312456985,0.0,0.029938059187887098,0.0120440467997247,0.0178940123881624,0.0292498279421885,0.022367515485203,0.0068823124569855,0.0034411562284926,0.0003441156228492,0.0030970406056434,0.0003441156228492,0.0003441156228492,0.0,0.0416379903647625,0.0075705437026841,0.0340674466620784,0.0196145905024087,0.0189263592567102,0.0006882312456985,0.0065381968341362,0.0065381968341362,0.0,0.0942876806607019,0.0450791465932553,0.0492085340674466,0.0440467997247074,0.0230557467309015,0.0209910529938059,0.0013764624913971,0.0,0.0013764624913971,0.0044735030970405,0.0030970406056434,0.0013764624913971,0.0048176187198898,0.0034411562284927,0.0013764624913971,0.0086028905712319,0.0072264280798348,0.0013764624913971,0.0024088093599448,0.0006882312456985,0.0017205781142463,0.0017205781142463,0.0010323468685478,0.0006882312456985,0.013076393668272401,0.0030970406056434,0.009979353062629,0.0072264280798348,0.0027529249827942,0.0044735030970406,956
2024-05-01,2024,5,1718,557,1161,9,7,2,236,56,180,4,4,0,51,14,37,101,71,30,4,2,2,1,0,1,118,32,86,58,58,0,9,9,0,269,128,141,128,75,53,3,1,2,26,12,14,24,21,3,24,19,5,10,2,8,5,5,0,36,13,23,29,13,16,0.6137906395141121,0.1989996427295462,0.4147909967845659,0.0032154340836012,0.0025008931761343,0.0007145409074669,0.0843158270811003,0.0200071454090746,0.0643086816720257,0.0014290818149339,0.0014290818149339,0.0,0.0182207931404072,0.0050017863522686,0.0132190067881386,0.036084315827081,0.0253662022150768,0.0107181136120042,0.0014290818149338,0.0007145409074669,0.0007145409074669,0.0003572704537334,0.0,0.0003572704537334,0.0421579135405501,0.0114326545194712,0.0307252590210789,0.0207216863165416,0.0207216863165416,0.0,0.0032154340836012,0.0032154340836012,0.0,0.096105752054305,0.0457306180778849,0.0503751339764201,0.0457306180778849,0.0267952840300107,0.0189353340478742,0.0010718113612003,0.0003572704537334,0.0007145409074669,0.0092890317970703,0.0042872454448017,0.0050017863522686,0.0085744908896034,0.007502679528403,0.0010718113612004,0.0085744908896033,0.006788138620936,0.0017863522686673,0.0035727045373347,0.0007145409074669,0.0028581636298678,0.0017863522686673,0.0017863522686673,0.0,0.012861736334404999,0.0046445158985351,0.0082172204358699,0.0103608431582707,0.0046445158985351,0.0057163272597356,1054
2024-06-01,2024,6,1571,587,984,15,12,3,142,36,106,4,4,0,84,42,42,63,41,22,9,5,4,10,10,0,381,165,216,74,72,2,5,5,0,209,92,117,75,27,48,19,14,5,7,2,5,14,11,3,17,17,0,3,1,2,6,3,3,21,6,15,15,4,11,0.5861940298507462,0.2190298507462686,0.3671641791044776,0.0055970149253731,0.0044776119402985,0.0011194029850746,0.0529850746268656,0.0134328358208955,0.0395522388059701,0.0014925373134328,0.0014925373134328,0.0,0.0313432835820894,0.0156716417910447,0.0156716417910447,0.023507462686566998,0.0152985074626865,0.0082089552238805,0.0033582089552238,0.001865671641791,0.0014925373134328,0.003731343283582,0.003731343283582,0.0,0.1421641791044775,0.0615671641791044,0.0805970149253731,0.0276119402985074,0.026865671641791,0.0007462686567164,0.001865671641791,0.001865671641791,0.0,0.0779850746268656,0.0343283582089552,0.0436567164179104,0.0279850746268656,0.0100746268656716,0.017910447761194,0.0070895522388059,0.0052238805970149,0.001865671641791,0.0026119402985074003,0.0007462686567164,0.001865671641791,0.005223880597014801,0.0041044776119402,0.0011194029850746,0.0063432835820895,0.0063432835820895,0.0,0.0011194029850746,0.0003731343283582,0.0007462686567164,0.0022388059701492,0.0011194029850746,0.0011194029850746,0.0078358208955223,0.0022388059701492,0.0055970149253731,0.005597014925373,0.0014925373134328,0.0041044776119402,1112
2024-07-01,2024,7,1535,442,1093,8,5,3,186,35,151,3,3,0,96,30,66,70,38,32,3,1,2,4,4,0,237,60,177,77,76,1,21,20,1,231,102,129,117,30,87,7,2,5,15,3,12,5,3,2,8,6,2,3,0,3,5,3,2,36,10,26,19,8,11,0.5856543304082411,0.1686379244563144,0.4170164059519267,0.0030522701259061,0.0019076688286913,0.0011446012972148,0.0709652804273177,0.0133536818008393,0.0576115986264784,0.0011446012972148,0.0011446012972148,0.0,0.0366272415108736,0.011446012972148,0.0251812285387256,0.0267073636016786,0.0144982830980541,0.0122090805036245,0.0011446012972147,0.0003815337657382,0.0007630675314765,0.001526135062953,0.001526135062953,0.0,0.0904235024799694,0.022892025944296,0.0675314765356734,0.0293780999618465,0.0289965661961083,0.0003815337657382,0.008012209080503499,0.0076306753147653,0.0003815337657382,0.08813429988553981,0.0389164441053033,0.0492178557802365,0.0446394505913773,0.011446012972148,0.0331934376192293,0.0026707363601678,0.0007630675314765,0.0019076688286913,0.005723006486074,0.0011446012972148,0.0045784051888592,0.0019076688286913,0.0011446012972148,0.0007630675314765,0.0030522701259061,0.0022892025944296,0.0007630675314765,0.0011446012972148,0.0,0.0011446012972148,0.0019076688286913,0.0011446012972148,0.0007630675314765,0.0137352155665775,0.0038153376573826,0.0099198779091949,0.007249141549027,0.0030522701259061,0.0041968714231209,846
2024-08-01,2024,8,1706,466,1240,6,5,1,211,34,177,1,1,0,75,33,42,62,32,30,5,1,4,2,2,0,185,52,133,47,44,3,14,14,0,241,108,133,99,20,79,2,1,1,10,3,7,6,5,1,8,5,3,5,0,5,4,4,0,53,10,43,19,5,14,0.6295202952029519,0.1719557195571955,0.4575645756457565,0.0022140221402214,0.0018450184501845,0.0003690036900369,0.0778597785977859,0.0125461254612546,0.0653136531365313,0.0003690036900369,0.0003690036900369,0.0,0.0276752767527675,0.0121771217712177,0.0154981549815498,0.022878228782287797,0.0118081180811808,0.011070110701107,0.0018450184501844998,0.0003690036900369,0.0014760147601476,0.0007380073800738,0.0007380073800738,0.0,0.0682656826568265,0.0191881918819188,0.0490774907749077,0.0173431734317343,0.0162361623616236,0.0011070110701107,0.0051660516605166,0.0051660516605166,0.0,0.0889298892988929,0.0398523985239852,0.0490774907749077,0.0365313653136531,0.007380073800738,0.0291512915129151,0.0007380073800738,0.0003690036900369,0.0003690036900369,0.003690036900369,0.0011070110701107,0.0025830258302583,0.0022140221402214,0.0018450184501845,0.0003690036900369,0.0029520295202952003,0.0018450184501845,0.0011070110701107,0.0018450184501845,0.0,0.0018450184501845,0.0014760147601476,0.0014760147601476,0.0,0.019557195571955698,0.003690036900369,0.0158671586715867,0.0070110701107011005,0.0018450184501845,0.0051660516605166,818
2024-09-01,2024,9,1771,595,1176,6,5,1,158,27,131,9,9,0,59,21,38,61,42,19,0,0,0,9,5,4,201,71,130,56,56,0,5,5,0,216,68,148,89,36,53,5,4,1,5,1,4,21,14,7,6,5,1,12,1,11,9,8,1,27,6,21,24,3,21,0.656168951463505,0.2204520192663949,0.43571693219711,0.0022230455724342,0.0018525379770285,0.0003705075954057,0.0585402000741014,0.010003705075954,0.0485364949981474,0.0033345683586513,0.0033345683586513,0.0,0.0218599481289366,0.0077806595035198,0.0140792886254168,0.022600963319748,0.0155613190070396,0.0070396443127084,0.0,0.0,0.0,0.0033345683586513,0.0018525379770285,0.0014820303816228,0.0744720266765468,0.0263060392738051,0.0481659874027417,0.0207484253427195,0.0207484253427195,0.0,0.0018525379770285,0.0018525379770285,0.0,0.08002964060763229,0.0251945164875879,0.0548351241200444,0.0329751759911078,0.0133382734346054,0.0196369025565024,0.0018525379770285,0.0014820303816228,0.0003705075954057,0.0018525379770285,0.0003705075954057,0.0014820303816228,0.0077806595035197,0.0051871063356798,0.0025935531678399,0.0022230455724342,0.0018525379770285,0.0003705075954057,0.0044460911448684,0.0003705075954057,0.0040755835494627,0.0033345683586513,0.0029640607632456,0.0003705075954057,0.010003705075954,0.0022230455724342,0.0077806595035198,0.0088921822897369,0.0011115227862171,0.0077806595035198,952
2024-10-01,2024,10,1763,521,1242,12,7,5,221,36,185,4,4,0,89,33,56,82,45,37,1,1,0,10,6,4,92,35,57,36,36,0,2,2,0,261,112,149,110,38,72,11,5,6,16,11,5,37,24,13,28,17,11,5,0,5,1,1,0,33,14,19,35,9,26,0.6337167505391804,0.1872753414809489,0.4464414090582315,0.0043134435657799,0.0025161754133716,0.0017972681524083,0.07943925233644851,0.01294033069734,0.0664989216391085,0.0014378145219266,0.0014378145219266,0.0,0.0319913731128684,0.011861969805895,0.0201294033069734,0.0294751976994967,0.016175413371675,0.0132997843278217,0.0003594536304816,0.0003594536304816,0.0,0.0035945363048166,0.00215672178289,0.0014378145219266,0.033069734004313296,0.0125808770668583,0.020488856937455,0.01294033069734,0.01294033069734,0.0,0.0007189072609633,0.0007189072609633,0.0,0.0938173975557153,0.0402588066139468,0.0535585909417685,0.0395398993529833,0.0136592379583033,0.02588066139468,0.0039539899352983,0.0017972681524083,0.00215672178289,0.0057512580877066,0.0039539899352983,0.0017972681524083,0.013299784327821602,0.00862688713156,0.0046728971962616,0.0100647016534866,0.0061107117181883,0.0039539899352983,0.0017972681524083,0.0,0.0017972681524083,0.0003594536304816,0.0003594536304816,0.0,0.0118619698058949,0.0050323508267433,0.0068296189791516,0.0125808770668583,0.003235082674335,0.0093457943925233,924
2024-11-01,2024,11,1573,459,1114,21,11,10,228,32,196,1,1,0,71,25,46,96,61,35,1,1,0,4,4,0,152,65,87,49,48,1,1,1,0,249,128,121,110,39,71,14,11,3,13,10,3,27,23,4,5,5,0,3,1,2,1,1,0,26,7,19,11,4,7,0.6118241929210423,0.1785297549591598,0.4332944379618825,0.0081680280046674,0.0042784908595877,0.0038895371450797,0.0886814469078179,0.0124465188642551,0.0762349280435628,0.0003889537145079,0.0003889537145079,0.0,0.027615713730066,0.0097238428626993,0.0178918708673667,0.0373395565927653,0.0237261765849863,0.013613380007779,0.0003889537145079,0.0003889537145079,0.0,0.0015558148580318,0.0015558148580318,0.0,0.05912096460521189,0.0252819914430182,0.0338389731621937,0.019058732010890603,0.0186697782963827,0.0003889537145079,0.0003889537145079,0.0003889537145079,0.0,0.0968494749124854,0.0497860754570206,0.0470633994554648,0.042784908595877004,0.0151691948658109,0.0276157137300661,0.0054453520031116,0.0042784908595877,0.0011668611435239,0.0050563982886036,0.0038895371450797,0.0011668611435239,0.0105017502917151,0.0089459354336833,0.0015558148580318,0.0019447685725398,0.0019447685725398,0.0,0.0011668611435238,0.0003889537145079,0.0007779074290159,0.0003889537145079,0.0003889537145079,0.0,0.010112796577207199,0.0027226760015558,0.0073901205756514,0.0042784908595876,0.0015558148580318,0.0027226760015558,885
2024-12-01,2024,12,1731,414,1317,21,15,6,193,28,165,1,1,0,67,36,31,66,46,20,8,8,0,1,1,0,161,67,94,20,19,1,2,2,0,206,97,109,163,46,117,10,6,4,10,3,7,15,14,1,19,17,2,7,6,1,2,2,0,17,5,12,19,3,16,0.6432552954292083,0.1538461538461538,0.4894091415830546,0.007803790412486,0.0055741360089186,0.0022296544035674,0.0717205499814194,0.0104050538833147,0.0613154960981047,0.0003716090672612,0.0003716090672612,0.0,0.024897807506503,0.0133779264214046,0.0115198810850984,0.024526198439241798,0.017094017094017,0.0074321813452248,0.0029728725380899,0.0029728725380899,0.0,0.0003716090672612,0.0003716090672612,0.0,0.0598290598290597,0.0248978075065031,0.0349312523225566,0.0074321813452247,0.0070605722779635,0.0003716090672612,0.0007432181345224,0.0007432181345224,0.0,0.0765514678558155,0.0360460795243403,0.0405053883314752,0.0605722779635822,0.017094017094017,0.0434782608695652,0.0037160906726123,0.0022296544035674,0.0014864362690449,0.0037160906726123,0.0011148272017837,0.0026012634708286,0.0055741360089185,0.0052025269416573,0.0003716090672612,0.0070605722779635,0.0063173541434411,0.0007432181345224,0.0026012634708286,0.0022296544035674,0.0003716090672612,0.0007432181345224,0.0007432181345224,0.0,0.006317354143441,0.0018580453363062,0.0044593088071348,0.0070605722779635005,0.0011148272017837,0.0059457450761798,807
2025-01-01,2025,1,1814,525,1289,19,12,7,199,39,160,4,4,0,55,17,38,55,38,17,1,1,0,1,0,1,154,53,101,16,14,2,8,8,0,247,95,152,126,64,62,7,3,4,10,9,1,17,13,4,13,10,3,7,1,6,5,2,3,27,1,26,21,2,19,0.6555836646187205,0.1897361763642934,0.4658474882544272,0.0068666425731839,0.0043368268883267,0.0025298156848572,0.0719190458980844,0.0140946873870617,0.0578243585110227,0.0014456089627755,0.0014456089627755,0.0,0.019877123238164,0.0061438380917961,0.0137332851463679,0.019877123238164,0.0137332851463679,0.0061438380917961,0.0003614022406938,0.0003614022406938,0.0,0.0003614022406938,0.0,0.0003614022406938,0.0556559450668593,0.0191543187567762,0.0365016263100831,0.0057824358511021,0.0050596313697144,0.0007228044813877,0.0028912179255511,0.0028912179255511,0.0,0.0892663534513913,0.0343332128659197,0.0549331405854716,0.0455366823274304,0.0231297434044091,0.0224069389230213,0.0025298156848571,0.0010842067220816,0.0014456089627755,0.0036140224069388,0.003252620166245,0.0003614022406938,0.0061438380917961,0.0046982291290206,0.0014456089627755,0.0046982291290205,0.0036140224069389,0.0010842067220816,0.0025298156848571,0.0003614022406938,0.0021684134441633,0.0018070112034692999,0.0007228044813877,0.0010842067220816,0.009757860498735,0.0003614022406938,0.0093964582580412,0.0075894470545716,0.0007228044813877,0.0068666425731839,889
2025-02-01,2025,2,1409,427,982,10,8,2,173,50,123,0,0,0,80,51,29,91,66,25,0,0,0,7,3,4,112,38,74,23,21,2,1,1,0,218,92,126,168,101,67,3,1,2,4,4,0,11,9,2,11,11,0,5,2,3,4,3,1,21,6,15,13,3,10,0.6136759581881532,0.1859756097560975,0.4277003484320557,0.004355400696863999,0.0034843205574912,0.0008710801393728,0.075348432055749,0.0217770034843205,0.0535714285714285,0.0,0.0,0.0,0.0348432055749128,0.0222125435540069,0.0126306620209059,0.0396341463414633,0.0287456445993031,0.0108885017421602,0.0,0.0,0.0,0.0030487804878048,0.0013066202090592,0.0017421602787456,0.048780487804878,0.0165505226480836,0.0322299651567944,0.0100174216027874,0.0091463414634146,0.0008710801393728,0.0004355400696864,0.0004355400696864,0.0,0.0949477351916376,0.0400696864111498,0.0548780487804878,0.073170731707317,0.0439895470383275,0.0291811846689895,0.0013066202090592,0.0004355400696864,0.0008710801393728,0.0017421602787456,0.0017421602787456,0.0,0.004790940766550501,0.0039198606271777,0.0008710801393728,0.0047909407665505,0.0047909407665505,0.0,0.0021777003484319997,0.0008710801393728,0.0013066202090592,0.0017421602787456,0.0013066202090592,0.0004355400696864,0.0091463414634145,0.0026132404181184,0.0065331010452961,0.0056620209059233,0.0013066202090592,0.0043554006968641,851
2025-03-01,2025,3,1176,483,693,20,19,1,85,44,41,0,0,0,29,19,10,32,25,7,1,1,0,4,3,1,45,8,37,12,12,0,1,1,0,154,109,45,43,19,24,0,0,0,1,1,0,7,7,0,10,10,0,4,1,3,7,7,0,20,7,13,3,1,2,0.7232472324723247,0.2970479704797047,0.4261992619926199,0.01230012300123,0.0116851168511685,0.0006150061500615,0.052275522755227496,0.027060270602706,0.0252152521525215,0.0,0.0,0.0,0.017835178351783502,0.0116851168511685,0.006150061500615,0.019680196801968,0.0153751537515375,0.0043050430504305,0.0006150061500615,0.0006150061500615,0.0,0.002460024600246,0.0018450184501845,0.0006150061500615,0.0276752767527675,0.004920049200492,0.0227552275522755,0.007380073800738,0.007380073800738,0.0,0.0006150061500615,0.0006150061500615,0.0,0.094710947109471,0.0670356703567035,0.0276752767527675,0.0264452644526445,0.0116851168511685,0.014760147601476,0.0,0.0,0.0,0.0006150061500615,0.0006150061500615,0.0,0.0043050430504305,0.0043050430504305,0.0,0.006150061500615,0.006150061500615,0.0,0.002460024600246,0.0006150061500615,0.0018450184501845,0.0043050430504305,0.0043050430504305,0.0,0.01230012300123,0.0043050430504305,0.0079950799507995,0.0018450184501844998,0.0006150061500615,0.001230012300123,753
2025-04-01,2025,4,1884,685,1199,10,8,2,113,24,89,1,1,0,75,50,25,52,29,23,1,1,0,1,1,0,55,15,40,21,18,3,2,2,0,264,170,94,45,23,22,0,0,0,10,5,5,10,9,1,11,11,0,5,1,4,6,5,1,20,4,16,7,0,7,0.7388235294117647,0.2686274509803921,0.4701960784313725,0.0039215686274508,0.0031372549019607,0.0007843137254901,0.044313725490196,0.0094117647058823,0.0349019607843137,0.000392156862745,0.000392156862745,0.0,0.029411764705882304,0.0196078431372549,0.0098039215686274,0.020392156862745002,0.0113725490196078,0.0090196078431372,0.000392156862745,0.000392156862745,0.0,0.000392156862745,0.000392156862745,0.0,0.0215686274509803,0.0058823529411764,0.0156862745098039,0.0082352941176469,0.0070588235294117,0.0011764705882352,0.0007843137254901,0.0007843137254901,0.0,0.10352941176470579,0.0666666666666666,0.0368627450980392,0.0176470588235293,0.0090196078431372,0.0086274509803921,0.0,0.0,0.0,0.0039215686274508,0.0019607843137254,0.0019607843137254,0.0039215686274508,0.0035294117647058,0.000392156862745,0.004313725490196,0.004313725490196,0.0,0.0019607843137252998,0.000392156862745,0.0015686274509803,0.0023529411764704,0.0019607843137254,0.000392156862745,0.0078431372549018,0.0015686274509803,0.0062745098039215,0.0027450980392156,0.0,0.0027450980392156,1038
2025-05-01,2025,5,1674,504,1170,11,11,0,149,50,99,2,2,0,54,35,19,89,65,24,1,1,0,0,0,0,78,25,53,24,24,0,1,1,0,233,109,124,94,63,31,2,1,1,2,0,2,6,5,1,11,9,2,3,0,3,3,3,0,20,4,16,16,6,10,0.6977907461442266,0.2100875364735306,0.4877032096706961,0.0045852438516048,0.0045852438516048,0.0,0.062109212171738204,0.0208420175072947,0.0412671946644435,0.0008336807002917,0.0008336807002917,0.0,0.0225093789078781,0.0145894122551062,0.0079199666527719,0.0370987911629845,0.0270946227594831,0.0100041684035014,0.0004168403501458,0.0004168403501458,0.0,0.0,0.0,0.0,0.0325135473113796,0.0104210087536473,0.0220925385577323,0.0100041684035014,0.0100041684035014,0.0,0.0004168403501458,0.0004168403501458,0.0,0.0971238015839932,0.0454355981659024,0.0516882034180908,0.039182992913714,0.0262609420591913,0.0129220508545227,0.0008336807002916,0.0004168403501458,0.0004168403501458,0.0008336807002917,0.0,0.0008336807002917,0.0025010421008752,0.0020842017507294,0.0004168403501458,0.0045852438516047,0.003751563151313,0.0008336807002917,0.0012505210504376,0.0,0.0012505210504376,0.0012505210504376,0.0012505210504376,0.0,0.0083368070029178,0.0016673614005835,0.0066694456023343,0.006669445602334199,0.0025010421008753,0.0041684035014589,864
2025-06-01,2025,6,1483,480,1003,12,12,0,172,35,137,4,3,1,55,17,38,81,61,20,0,0,0,5,4,1,121,52,69,16,16,0,0,0,0,270,167,103,77,40,37,4,1,3,12,7,5,6,4,2,4,4,0,6,3,3,10,9,1,15,2,13,18,8,10,0.6467509812472743,0.2093327518534671,0.4374182293938072,0.0052333187963366,0.0052333187963366,0.0,0.0750109027474923,0.0152638464893153,0.059747056258177,0.0017444395987788,0.0013083296990841,0.0004361098996947,0.023986044483209602,0.0074138682948102,0.0165721761883994,0.0353249018752725,0.0266027038813781,0.0087221979938944,0.0,0.0,0.0,0.0021805494984735,0.0017444395987788,0.0004361098996947,0.0527692978630614,0.0226777147841256,0.0300915830789358,0.0069777583951155,0.0069777583951155,0.0,0.0,0.0,0.0,0.1177496729175751,0.0728303532490187,0.0449193196685564,0.0335804622764936,0.0174443959877889,0.0161360662887047,0.0017444395987788,0.0004361098996947,0.0013083296990841,0.0052333187963366,0.003052769297863,0.0021805494984736,0.0026166593981682,0.0017444395987788,0.0008722197993894,0.0017444395987788,0.0017444395987788,0.0,0.0026166593981682,0.0013083296990841,0.0013083296990841,0.0043610989969472,0.0039249890972525,0.0004361098996947,0.0065416484954208,0.0008722197993894,0.0056694286960314,0.0078499781945049,0.0034888791975577,0.0043610989969472,865
2025-07-01,2025,7,1712,494,1218,6,5,1,155,18,137,1,0,1,65,25,40,66,34,32,0,0,0,3,3,0,134,56,78,23,21,2,0,0,0,248,119,129,76,32,44,0,0,0,6,1,5,3,1,2,9,9,0,7,0,7,2,1,1,11,4,7,16,8,8,0.6878264363198072,0.1984732824427481,0.4893531538770591,0.002410606669345,0.0020088388911209,0.0004017677782241,0.0622740056247488,0.0072318200080353,0.0550421856167135,0.0004017677782241,0.0,0.0004017677782241,0.026114905584572003,0.0100441944556046,0.0160707111289674,0.0265166733627962,0.0136601044596223,0.0128565689031739,0.0,0.0,0.0,0.0012053033346725,0.0012053033346725,0.0,0.05383688228204091,0.0224989955805544,0.0313378867014865,0.0092406588991562,0.0084371233427079,0.0008035355564483,0.0,0.0,0.0,0.09963840899959811,0.0478103656086781,0.05182804339092,0.0305343511450381,0.0128565689031739,0.0176777822418642,0.0,0.0,0.0,0.002410606669345,0.0004017677782241,0.0020088388911209,0.0012053033346724,0.0004017677782241,0.0008035355564483,0.0036159100040176,0.0036159100040176,0.0,0.0028123744475693,0.0,0.0028123744475693,0.0008035355564482,0.0004017677782241,0.0004017677782241,0.004419445560466,0.0016070711128967,0.0028123744475693,0.0064282844515868,0.0032141422257934,0.0032141422257934,803
2025-08-01,2025,8,1604,462,1142,8,6,2,125,23,102,1,1,0,42,21,21,54,33,21,0,0,0,2,2,0,135,56,79,34,33,1,0,0,0,168,84,84,129,87,42,1,1,0,6,3,3,9,8,1,10,5,5,2,0,2,2,0,2,17,5,12,8,3,5,0.6955767562879444,0.2003469210754553,0.4952298352124891,0.0034692107545533,0.002601908065915,0.0008673026886383,0.0542064180398958,0.0099739809193408,0.044232437120555,0.0004336513443191,0.0004336513443191,0.0,0.018213356461405,0.0091066782307025,0.0091066782307025,0.023417172593235003,0.0143104943625325,0.0091066782307025,0.0,0.0,0.0,0.0008673026886383,0.0008673026886383,0.0,0.05854293148308749,0.0242844752818733,0.0342584562012142,0.0147441457068516,0.0143104943625325,0.0004336513443191,0.0,0.0,0.0,0.07285342584562,0.03642671292281,0.03642671292281,0.0559410234171725,0.0377276669557675,0.018213356461405,0.0004336513443191,0.0004336513443191,0.0,0.002601908065915,0.0013009540329575,0.0013009540329575,0.0039028620988724,0.0034692107545533,0.0004336513443191,0.0043365134431916,0.0021682567215958,0.0021682567215958,0.0008673026886383,0.0,0.0008673026886383,0.0008673026886383,0.0,0.0008673026886383,0.0073720728534258,0.0021682567215958,0.00520381613183,0.0034692107545533,0.0013009540329575,0.0021682567215958,802
2025-09-01,2025,9,1587,477,1110,3,3,0,153,23,130,1,1,0,45,14,31,55,36,19,0,0,0,0,0,0,70,30,40,3,3,0,1,1,0,183,78,105,68,21,47,0,0,0,10,6,4,16,13,3,3,2,1,3,2,1,2,0,2,26,6,20,15,4,11,0.7216916780354706,0.2169167803547066,0.504774897680764,0.0013642564802182,0.0013642564802182,0.0,0.0695770804911322,0.0104592996816734,0.0591177808094588,0.0004547521600727,0.0004547521600727,0.0,0.0204638472032741,0.0063665302410186,0.0140973169622555,0.025011368804001698,0.0163710777626193,0.0086402910413824,0.0,0.0,0.0,0.0,0.0,0.0,0.0318326512050932,0.0136425648021828,0.0181900864029104,0.0013642564802182,0.0013642564802182,0.0,0.0004547521600727,0.0004547521600727,0.0,0.0832196452933151,0.0354706684856753,0.0477489768076398,0.0309231468849476,0.0095497953615279,0.0213733515234197,0.0,0.0,0.0,0.0045475216007274995,0.0027285129604365,0.001819008640291,0.007276034561164,0.0059117780809458,0.0013642564802182,0.0013642564802182,0.0009095043201455,0.0004547521600727,0.0013642564802182,0.0009095043201455,0.0004547521600727,0.0009095043201455,0.0,0.0009095043201455,0.0118235561618917,0.0027285129604365,0.0090950432014552,0.0068212824010913005,0.001819008640291,0.0050022737608003,691
2025-10-01,2025,10,1719,431,1288,2,2,0,185,25,160,3,3,0,39,17,22,50,26,24,0,0,0,3,1,2,122,64,58,17,17,0,1,1,0,192,75,117,76,24,52,0,0,0,3,3,0,0,0,0,6,5,1,5,2,3,5,3,2,16,3,13,12,3,9,0.7118012422360248,0.1784679089026915,0.5333333333333333,0.0008281573498964,0.0008281573498964,0.0,0.0766045548654244,0.010351966873706,0.0662525879917184,0.0012422360248447,0.0012422360248447,0.0,0.0161490683229812,0.00703933747412,0.0091097308488612,0.0207039337474119,0.0107660455486542,0.0099378881987577,0.0,0.0,0.0,0.0012422360248446,0.0004140786749482,0.0008281573498964,0.0505175983436852,0.0265010351966873,0.0240165631469979,0.00703933747412,0.00703933747412,0.0,0.0004140786749482,0.0004140786749482,0.0,0.0795031055900621,0.031055900621118,0.0484472049689441,0.0314699792960661,0.0099378881987577,0.0215320910973084,0.0,0.0,0.0,0.0012422360248447,0.0012422360248447,0.0,0.0,0.0,0.0,0.0024844720496894,0.0020703933747412,0.0004140786749482,0.0020703933747411,0.0008281573498964,0.0012422360248447,0.0020703933747411,0.0012422360248447,0.0008281573498964,0.0066252587991718,0.0012422360248447,0.0053830227743271,0.0049689440993788,0.0012422360248447,0.0037267080745341,686
2025-11-01,2025,11,1646,394,1252,6,4,2,145,23,122,1,1,0,59,29,30,24,9,15,0,0,0,0,0,0,53,23,30,30,29,1,1,1,0,175,54,121,46,14,32,2,1,1,10,9,1,1,1,0,5,4,1,14,3,11,5,4,1,24,8,16,12,3,9,0.7348214285714285,0.1758928571428571,0.5589285714285714,0.0026785714285713002,0.0017857142857142,0.0008928571428571,0.0647321428571428,0.0102678571428571,0.0544642857142857,0.0004464285714285,0.0004464285714285,0.0,0.0263392857142856,0.0129464285714285,0.0133928571428571,0.0107142857142856,0.0040178571428571,0.0066964285714285,0.0,0.0,0.0,0.0,0.0,0.0,0.0236607142857142,0.0102678571428571,0.0133928571428571,0.013392857142857,0.0129464285714285,0.0004464285714285,0.0004464285714285,0.0004464285714285,0.0,0.07812499999999989,0.0241071428571428,0.0540178571428571,0.0205357142857142,0.00625,0.0142857142857142,0.000892857142857,0.0004464285714285,0.0004464285714285,0.0044642857142855995,0.0040178571428571,0.0004464285714285,0.0004464285714285,0.0004464285714285,0.0,0.0022321428571427,0.0017857142857142,0.0004464285714285,0.0062499999999999,0.0013392857142857,0.0049107142857142,0.0022321428571427,0.0017857142857142,0.0004464285714285,0.0107142857142856,0.0035714285714285,0.0071428571428571,0.0053571428571428,0.0013392857142857,0.0040178571428571,609
2025-12-01,2025,12,1781,437,1344,6,3,3,134,33,101,3,2,1,37,15,22,38,17,21,0,0,0,0,0,0,75,23,52,27,26,1,1,1,0,163,66,97,61,38,23,0,0,0,9,6,3,8,2,6,8,4,4,2,0,2,2,2,0,20,6,14,11,3,8,0.7517940059096666,0.1844660194174757,0.5673279864921908,0.0025327142254114,0.0012663571127057,0.0012663571127057,0.0565639510341916,0.0139299282397636,0.042634022794428,0.0012663571127056,0.0008442380751371,0.0004221190375685,0.0156184043900379,0.0063317855635289,0.009286618826509,0.0160405234276065,0.0071760236386661,0.0088644997889404,0.0,0.0,0.0,0.0,0.0,0.0,0.0316589278176445,0.0097087378640776,0.0219501899535669,0.011397214014351901,0.0109750949767834,0.0004221190375685,0.0004221190375685,0.0004221190375685,0.0,0.0688054031236808,0.0278598564795272,0.0409455466441536,0.0257492612916841,0.0160405234276065,0.0097087378640776,0.0,0.0,0.0,0.0037990713381172003,0.0025327142254115,0.0012663571127057,0.0033769523005486,0.0008442380751371,0.0025327142254115,0.0033769523005486,0.0016884761502743,0.0016884761502743,0.0008442380751371,0.0,0.0008442380751371,0.0008442380751371,0.0008442380751371,0.0,0.0084423807513718,0.0025327142254115,0.0059096665259603,0.0046433094132544,0.0012663571127057,0.0033769523005487,677
2026-01-01,2026,1,1368,335,1033,0,0,0,97,15,82,0,0,0,47,20,27,34,19,15,2,2,0,0,0,0,83,22,61,19,17,2,1,1,0,133,38,95,40,15,25,0,0,0,2,1,1,8,6,2,1,1,0,4,1,3,1,0,1,12,5,7,6,3,3,0.7475409836065574,0.1830601092896175,0.5644808743169399,0.0,0.0,0.0,0.0530054644808743,0.0081967213114754,0.0448087431693989,0.0,0.0,0.0,0.0256830601092895,0.0109289617486338,0.0147540983606557,0.0185792349726775,0.0103825136612021,0.0081967213114754,0.0010928961748633,0.0010928961748633,0.0,0.0,0.0,0.0,0.0453551912568305,0.0120218579234972,0.0333333333333333,0.010382513661202,0.0092896174863387,0.0010928961748633,0.0005464480874316,0.0005464480874316,0.0,0.0726775956284152,0.0207650273224043,0.0519125683060109,0.0218579234972677,0.0081967213114754,0.0136612021857923,0.0,0.0,0.0,0.0010928961748632,0.0005464480874316,0.0005464480874316,0.0043715846994534,0.0032786885245901,0.0010928961748633,0.0005464480874316,0.0005464480874316,0.0,0.0021857923497266,0.0005464480874316,0.001639344262295,0.0005464480874316,0.0,0.0005464480874316,0.0065573770491801995,0.0027322404371584,0.0038251366120218,0.00327868852459,0.001639344262295,0.001639344262295,486
2026-02-01,2026,2,1223,289,934,3,2,1,80,14,66,1,1,0,39,20,19,40,17,23,0,0,0,2,1,1,89,32,57,23,19,4,1,1,0,119,42,77,35,17,18,2,2,0,4,0,4,0,0,0,3,1,2,3,0,3,1,1,0,10,1,9,3,0,3,0.7434650455927052,0.1756838905775076,0.5677811550151975,0.0018237082066869,0.0012158054711246,0.0006079027355623,0.0486322188449847,0.0085106382978723,0.0401215805471124,0.0006079027355623,0.0006079027355623,0.0,0.02370820668693,0.0121580547112462,0.0115501519756838,0.0243161094224923,0.0103343465045592,0.0139817629179331,0.0,0.0,0.0,0.0012158054711246,0.0006079027355623,0.0006079027355623,0.0541033434650455,0.0194528875379939,0.0346504559270516,0.013981762917932999,0.0115501519756838,0.0024316109422492,0.0006079027355623,0.0006079027355623,0.0,0.0723404255319148,0.025531914893617,0.0468085106382978,0.0212765957446807,0.0103343465045592,0.0109422492401215,0.0012158054711246,0.0012158054711246,0.0,0.0024316109422492,0.0,0.0024316109422492,0.0,0.0,0.0,0.0018237082066869,0.0006079027355623,0.0012158054711246,0.0018237082066869,0.0,0.0018237082066869,0.0006079027355623,0.0006079027355623,0.0,0.006079027355623,0.0006079027355623,0.0054711246200607,0.0018237082066869,0.0,0.0018237082066869,446
2026-03-01,2026,3,1366,327,1039,5,3,2,100,11,89,0,0,0,55,29,26,40,18,22,1,1,0,0,0,0,84,39,45,39,36,3,0,0,0,159,57,102,73,31,42,2,0,2,4,2,2,4,3,1,8,6,2,2,0,2,2,0,2,13,5,8,6,3,3,0.7077720207253886,0.1694300518134715,0.5383419689119171,0.0025906735751295,0.0015544041450777,0.0010362694300518,0.0518134715025906,0.0056994818652849,0.0461139896373057,0.0,0.0,0.0,0.0284974093264247,0.0150259067357512,0.0134715025906735,0.020725388601036197,0.0093264248704663,0.0113989637305699,0.0005181347150259,0.0005181347150259,0.0,0.0,0.0,0.0,0.043523316062176104,0.0202072538860103,0.0233160621761658,0.020207253886010298,0.0186528497409326,0.0015544041450777,0.0,0.0,0.0,0.082383419689119,0.0295336787564766,0.0528497409326424,0.0378238341968911,0.0160621761658031,0.021761658031088,0.0010362694300518,0.0,0.0010362694300518,0.0020725388601036,0.0010362694300518,0.0010362694300518,0.0020725388601036,0.0015544041450777,0.0005181347150259,0.0041450777202072,0.0031088082901554,0.0010362694300518,0.0010362694300518,0.0,0.0010362694300518,0.0010362694300518,0.0,0.0010362694300518,0.006735751295336699,0.0025906735751295,0.0041450777202072,0.0031088082901554,0.0015544041450777,0.0015544041450777,557
2026-04-01,2026,4,1314,283,1031,5,5,0,75,13,62,0,0,0,27,17,10,15,8,7,0,0,0,0,0,0,71,16,55,30,27,3,0,0,0,119,54,65,56,26,30,3,0,3,6,3,3,4,2,2,4,4,0,3,0,3,0,0,0,6,5,1,7,2,5,0.7582227351413733,0.1633006347374495,0.5949221004039238,0.0028851702250432,0.0028851702250432,0.0,0.0432775533756491,0.0075014425851125,0.0357761107905366,0.0,0.0,0.0,0.0155799192152336,0.0098095787651471,0.0057703404500865,0.0086555106751297,0.0046162723600692,0.0040392383150605,0.0,0.0,0.0,0.0,0.0,0.0,0.0409694171956144,0.0092325447201384,0.031736872475476,0.017311021350259498,0.0155799192152336,0.0017311021350259,0.0,0.0,0.0,0.06866705135602989,0.0311598384304673,0.0375072129255626,0.032313906520484596,0.015002885170225,0.0173110213502596,0.0017311021350259,0.0,0.0017311021350259,0.0034622042700518,0.0017311021350259,0.0017311021350259,0.0023081361800346,0.0011540680900173,0.0011540680900173,0.0023081361800346,0.0023081361800346,0.0,0.0017311021350259,0.0,0.0017311021350259,0.0,0.0,0.0,0.0034622042700518,0.0028851702250432,0.0005770340450086,0.0040392383150605,0.0011540680900173,0.0028851702250432,459
2026-05-01,2026,5,1372,314,1058,2,0,2,88,18,70,1,1,0,47,18,29,33,16,17,0,0,0,1,1,0,59,18,41,34,33,1,1,1,0,161,57,104,66,36,30,0,0,0,3,1,2,6,6,0,4,3,1,2,1,1,0,0,0,14,1,13,6,3,3,0.7325146823278162,0.1676454885210891,0.5648691938067272,0.0010678056593699,0.0,0.0010678056593699,0.0469834490122797,0.0096102509343299,0.0373731980779498,0.0005339028296849,0.0005339028296849,0.0,0.0250934329951948,0.0096102509343299,0.0154831820608649,0.0176187933796048,0.0085424452749599,0.0090763481046449,0.0,0.0,0.0,0.0005339028296849,0.0005339028296849,0.0,0.0315002669514147,0.0096102509343299,0.0218900160170848,0.0181526962092898,0.0176187933796049,0.0005339028296849,0.0005339028296849,0.0005339028296849,0.0,0.0859583555792845,0.0304324612920448,0.0555258942872397,0.035237586759209794,0.0192205018686599,0.0160170848905499,0.0,0.0,0.0,0.0016017084890548,0.0005339028296849,0.0010678056593699,0.0032034169781099,0.0032034169781099,0.0,0.0021356113187398,0.0016017084890549,0.0005339028296849,0.0010678056593698,0.0005339028296849,0.0005339028296849,0.0,0.0,0.0,0.0074746396155897996,0.0005339028296849,0.0069407367859049,0.0032034169781098,0.0016017084890549,0.0016017084890549,514
2026-06-01,2026,6,1202,317,885,1,1,0,80,12,68,0,0,0,39,14,25,20,8,12,1,1,0,0,0,0,137,74,63,45,45,0,3,3,0,126,39,87,32,6,26,3,2,1,3,2,1,1,1,0,5,5,0,3,2,1,0,0,0,4,3,1,5,4,1,0.7099822799763733,0.1872415829887773,0.522740696987596,0.0005906674542232,0.0005906674542232,0.0,0.0472533963378617,0.0070880094506792,0.0401653868871825,0.0,0.0,0.0,0.023036030714707598,0.0082693443591258,0.0147666863555818,0.0118133490844653,0.0047253396337861,0.0070880094506792,0.0005906674542232,0.0005906674542232,0.0,0.0,0.0,0.0,0.0809214412285882,0.0437093916125221,0.0372120496160661,0.0265800354400472,0.0265800354400472,0.0,0.0017720023626698,0.0017720023626698,0.0,0.0744240992321322,0.0230360307147076,0.0513880685174246,0.0189013585351446,0.0035440047253396,0.015357353809805,0.0017720023626696998,0.0011813349084465,0.0005906674542232,0.0017720023626696998,0.0011813349084465,0.0005906674542232,0.0005906674542232,0.0005906674542232,0.0,0.0029533372711163,0.0029533372711163,0.0,0.0017720023626696998,0.0011813349084465,0.0005906674542232,0.0,0.0,0.0,0.002362669816893,0.0017720023626698,0.0005906674542232,0.0029533372711161997,0.002362669816893,0.0005906674542232,532
2026-07-01,2026,7,375,116,259,0,0,0,29,0,29,1,1,0,9,5,4,11,4,7,0,0,0,1,1,0,20,10,10,31,29,2,2,2,0,45,18,27,5,2,3,0,0,0,2,1,1,2,2,0,1,1,0,0,0,0,0,0,0,1,1,0,0,0,0,0.7170172084130018,0.2217973231357552,0.4952198852772466,0.0,0.0,0.0,0.0554493307839388,0.0,0.0554493307839388,0.0019120458891013,0.0019120458891013,0.0,0.0172084130019119,0.0095602294455066,0.0076481835564053,0.0210325047801146,0.0076481835564053,0.0133843212237093,0.0,0.0,0.0,0.0019120458891013,0.0019120458891013,0.0,0.0382409177820266,0.0191204588910133,0.0191204588910133,0.0592734225621414,0.0554493307839388,0.0038240917782026,0.0038240917782026,0.0038240917782026,0.0,0.0860420650095601,0.034416826003824,0.0516252390057361,0.0095602294455066,0.0038240917782026,0.005736137667304,0.0,0.0,0.0,0.0038240917782026,0.0019120458891013,0.0019120458891013,0.0038240917782026,0.0038240917782026,0.0,0.0019120458891013,0.0019120458891013,0.0,0.0,0.0,0.0,0.0,0.0,0.0,0.0019120458891013,0.0019120458891013,0.0,0.0,0.0,0.0,188
2026-08-01,2026,8,0,0,0,0,0,0,0,0,0,0,0,0,0,0,0,0,0,0,0,0,0,0,0,0,0,0,0,0,0,0,0,0,0,0,0,0,0,0,0,0,0,0,0,0,0,0,0,0,0,0,0,0,0,0,0,0,0,0,0,0,0,0,0,,,,,,,,,,,,,,,,,,,,,,,,,,,,,,,,,,,,,,,,,,,,,,,,,,,,,,,,,,,,,,,,0
