date,year,month,-999,cr_-999,nr_-999,activism,cr_activism,nr_activism,arrest,cr_arrest,nr_arrest,censor,cr_censor,nr_censor,cooperate,cr_cooperate,nr_cooperate,corruption,cr_corruption,nr_corruption,coup,cr_coup,nr_coup,defamationcase,cr_defamationcase,nr_defamationcase,disaster,cr_disaster,nr_disaster,electionactivity,cr_electionactivity,nr_electionactivity,electionirregularities,cr_electionirregularities,nr_electionirregularities,legalaction,cr_legalaction,nr_legalaction,legalchange,cr_legalchange,nr_legalchange,martiallaw,cr_martiallaw,nr_martiallaw,mobilizesecurity,cr_mobilizesecurity,nr_mobilizesecurity,protest,cr_protest,nr_protest,purge,cr_purge,nr_purge,raid,cr_raid,nr_raid,threaten,cr_threaten,nr_threaten,violencelethal,cr_violencelethal,nr_violencelethal,violencenonlethal,cr_violencenonlethal,nr_violencenonlethal,-999Norm,cr_-999Norm,nr_-999Norm,activismNorm,cr_activismNorm,nr_activismNorm,arrestNorm,cr_arrestNorm,nr_arrestNorm,censorNorm,cr_censorNorm,nr_censorNorm,cooperateNorm,cr_cooperateNorm,nr_cooperateNorm,corruptionNorm,cr_corruptionNorm,nr_corruptionNorm,coupNorm,cr_coupNorm,nr_coupNorm,defamationcaseNorm,cr_defamationcaseNorm,nr_defamationcaseNorm,disasterNorm,cr_disasterNorm,nr_disasterNorm,electionactivityNorm,cr_electionactivityNorm,nr_electionactivityNorm,electionirregularitiesNorm,cr_electionirregularitiesNorm,nr_electionirregularitiesNorm,legalactionNorm,cr_legalactionNorm,nr_legalactionNorm,legalchangeNorm,cr_legalchangeNorm,nr_legalchangeNorm,martiallawNorm,cr_martiallawNorm,nr_martiallawNorm,mobilizesecurityNorm,cr_mobilizesecurityNorm,nr_mobilizesecurityNorm,protestNorm,cr_protestNorm,nr_protestNorm,purgeNorm,cr_purgeNorm,nr_purgeNorm,raidNorm,cr_raidNorm,nr_raidNorm,threatenNorm,cr_threatenNorm,nr_threatenNorm,violencelethalNorm,cr_violencelethalNorm,nr_violencelethalNorm,violencenonlethalNorm,cr_violencenonlethalNorm,nr_violencenonlethalNorm,total_articles
2012-01-01,2012,1,390,152,238,4,3,1,6,4,2,1,1,0,19,11,8,26,18,8,0,0,0,3,3,0,10,2,8,28,28,0,6,6,0,79,56,23,21,13,8,0,0,0,4,3,1,5,3,2,10,10,0,1,1,0,1,0,1,32,29,3,14,11,3,0.6141732283464566,0.2393700787401574,0.3748031496062992,0.006299212598425001,0.0047244094488188,0.0015748031496062,0.009448818897637599,0.0062992125984251,0.0031496062992125,0.0015748031496062,0.0015748031496062,0.0,0.0299212598425195,0.0173228346456692,0.0125984251968503,0.0409448818897636,0.0283464566929133,0.0125984251968503,0.0,0.0,0.0,0.0047244094488188,0.0047244094488188,0.0,0.0157480314960628,0.0031496062992125,0.0125984251968503,0.0440944881889763,0.0440944881889763,0.0,0.0094488188976377,0.0094488188976377,0.0,0.1244094488188975,0.0881889763779527,0.0362204724409448,0.0330708661417321,0.0204724409448818,0.0125984251968503,0.0,0.0,0.0,0.006299212598425001,0.0047244094488188,0.0015748031496062,0.0078740157480313,0.0047244094488188,0.0031496062992125,0.0157480314960629,0.0157480314960629,0.0,0.0015748031496062,0.0015748031496062,0.0,0.0015748031496062,0.0,0.0015748031496062,0.0503937007874014,0.0456692913385826,0.0047244094488188,0.022047244094488,0.0173228346456692,0.0047244094488188,335
2012-02-01,2012,2,466,169,297,2,2,0,5,2,3,0,0,0,15,10,5,22,13,9,0,0,0,0,0,0,9,7,2,27,25,2,6,5,1,46,22,24,37,24,13,0,0,0,1,0,1,11,8,3,8,7,1,1,1,0,4,3,1,6,6,0,12,10,2,0.702865761689291,0.2549019607843137,0.4479638009049774,0.0030165912518853,0.0030165912518853,0.0,0.0075414781297133,0.0030165912518853,0.004524886877828,0.0,0.0,0.0,0.022624434389140198,0.0150829562594268,0.0075414781297134,0.033182503770739,0.0196078431372549,0.0135746606334841,0.0,0.0,0.0,0.0,0.0,0.0,0.013574660633484,0.0105580693815987,0.0030165912518853,0.0407239819004524,0.0377073906485671,0.0030165912518853,0.009049773755656,0.0075414781297134,0.0015082956259426,0.0693815987933634,0.033182503770739,0.0361990950226244,0.055806938159879305,0.0361990950226244,0.0196078431372549,0.0,0.0,0.0,0.0015082956259426,0.0,0.0015082956259426,0.0165912518853694,0.0120663650075414,0.004524886877828,0.0120663650075413,0.0105580693815987,0.0015082956259426,0.0015082956259426,0.0015082956259426,0.0,0.0060331825037706,0.004524886877828,0.0015082956259426,0.0090497737556561,0.0090497737556561,0.0,0.018099547511312097,0.0150829562594268,0.0030165912518853,307
2012-03-01,2012,3,575,191,384,3,2,1,12,8,4,0,0,0,17,15,2,22,13,9,2,2,0,0,0,0,16,9,7,27,25,2,6,5,1,42,21,21,23,10,13,0,0,0,3,3,0,15,8,7,11,11,0,0,0,0,11,9,2,13,10,3,24,19,5,0.7107540173053152,0.2360939431396786,0.4746600741656366,0.0037082818294189002,0.0024721878862793,0.0012360939431396,0.0148331273176761,0.0098887515451174,0.0049443757725587,0.0,0.0,0.0,0.0210135970333744,0.0185414091470951,0.0024721878862793,0.0271940667490729,0.0160692212608158,0.0111248454882571,0.0024721878862793,0.0024721878862793,0.0,0.0,0.0,0.0,0.0197775030902348,0.0111248454882571,0.0086526576019777,0.0333745364647712,0.0309023485784919,0.0024721878862793,0.0074165636588379,0.0061804697156983,0.0012360939431396,0.0519159456118664,0.0259579728059332,0.0259579728059332,0.0284301606922125,0.0123609394313967,0.0160692212608158,0.0,0.0,0.0,0.003708281829419,0.003708281829419,0.0,0.018541409147095102,0.0098887515451174,0.0086526576019777,0.0135970333745364,0.0135970333745364,0.0,0.0,0.0,0.0,0.0135970333745364,0.0111248454882571,0.0024721878862793,0.0160692212608157,0.0123609394313967,0.003708281829419,0.0296662546353521,0.0234857849196538,0.0061804697156983,354
2012-04-01,2012,4,493,171,322,5,3,2,5,1,4,1,1,0,21,13,8,26,17,9,0,0,0,0,0,0,30,16,14,15,13,2,7,7,0,35,22,13,40,16,24,1,0,1,4,3,1,2,1,1,17,15,2,2,2,0,9,7,2,15,10,5,13,12,1,0.6771978021978022,0.2348901098901099,0.4423076923076923,0.0068681318681318,0.0041208791208791,0.0027472527472527,0.006868131868131701,0.0013736263736263,0.0054945054945054,0.0013736263736263,0.0013736263736263,0.0,0.028846153846153702,0.0178571428571428,0.0109890109890109,0.0357142857142856,0.0233516483516483,0.0123626373626373,0.0,0.0,0.0,0.0,0.0,0.0,0.041208791208791104,0.0219780219780219,0.0192307692307692,0.0206043956043955,0.0178571428571428,0.0027472527472527,0.0096153846153846,0.0096153846153846,0.0,0.048076923076923,0.0302197802197802,0.0178571428571428,0.0549450549450548,0.0219780219780219,0.0329670329670329,0.0013736263736263,0.0,0.0013736263736263,0.0054945054945054,0.0041208791208791,0.0013736263736263,0.0027472527472526,0.0013736263736263,0.0013736263736263,0.0233516483516483,0.0206043956043956,0.0027472527472527,0.0027472527472527,0.0027472527472527,0.0,0.012362637362637301,0.0096153846153846,0.0027472527472527,0.0206043956043955,0.0137362637362637,0.0068681318681318,0.0178571428571427,0.0164835164835164,0.0013736263736263,323
2012-05-01,2012,5,558,208,350,8,8,0,9,2,7,0,0,0,14,11,3,24,10,14,0,0,0,1,0,1,30,13,17,29,29,0,0,0,0,56,23,33,24,16,8,2,2,0,2,1,1,6,3,3,15,10,5,0,0,0,13,10,3,20,13,7,36,29,7,0.6739130434782608,0.251207729468599,0.4227053140096618,0.0096618357487922,0.0096618357487922,0.0,0.0108695652173912,0.002415458937198,0.0084541062801932,0.0,0.0,0.0,0.0169082125603864,0.0132850241545893,0.0036231884057971,0.028985507246376697,0.0120772946859903,0.0169082125603864,0.0,0.0,0.0,0.001207729468599,0.0,0.001207729468599,0.0362318840579709,0.0157004830917874,0.0205314009661835,0.0350241545893719,0.0350241545893719,0.0,0.0,0.0,0.0,0.0676328502415458,0.0277777777777777,0.0398550724637681,0.028985507246376697,0.0193236714975845,0.0096618357487922,0.002415458937198,0.002415458937198,0.0,0.002415458937198,0.001207729468599,0.001207729468599,0.0072463768115942,0.0036231884057971,0.0036231884057971,0.0181159420289854,0.0120772946859903,0.0060386473429951,0.0,0.0,0.0,0.0157004830917874,0.0120772946859903,0.0036231884057971,0.024154589371980596,0.0157004830917874,0.0084541062801932,0.0434782608695651,0.0350241545893719,0.0084541062801932,381
2012-06-01,2012,6,535,200,335,4,3,1,7,3,4,1,1,0,20,12,8,19,14,5,0,0,0,0,0,0,17,5,12,28,26,2,4,4,0,57,32,25,42,23,19,0,0,0,3,2,1,2,2,0,8,8,0,1,1,0,10,10,0,11,10,1,23,19,4,0.6894329896907215,0.2577319587628865,0.431701030927835,0.0051546391752576,0.0038659793814432,0.0012886597938144,0.0090206185567009,0.0038659793814432,0.0051546391752577,0.0012886597938144,0.0012886597938144,0.0,0.0257731958762885,0.0154639175257731,0.0103092783505154,0.0244845360824741,0.018041237113402,0.0064432989690721,0.0,0.0,0.0,0.0,0.0,0.0,0.0219072164948452,0.0064432989690721,0.0154639175257731,0.036082474226804,0.0335051546391752,0.0025773195876288,0.0051546391752577,0.0051546391752577,0.0,0.0734536082474226,0.0412371134020618,0.0322164948453608,0.0541237113402061,0.0296391752577319,0.0244845360824742,0.0,0.0,0.0,0.0038659793814432002,0.0025773195876288,0.0012886597938144,0.0025773195876288,0.0025773195876288,0.0,0.0103092783505154,0.0103092783505154,0.0,0.0012886597938144,0.0012886597938144,0.0,0.0128865979381443,0.0128865979381443,0.0,0.0141752577319587,0.0128865979381443,0.0012886597938144,0.0296391752577319,0.0244845360824742,0.0051546391752577,363
2012-07-01,2012,7,595,251,344,8,8,0,16,10,6,4,3,1,21,12,9,20,13,7,1,0,1,1,1,0,10,2,8,37,36,1,8,8,0,66,38,28,24,17,7,0,0,0,11,8,3,2,2,0,7,5,2,0,0,0,9,7,2,30,25,5,19,16,3,0.6761363636363635,0.2852272727272727,0.3909090909090909,0.009090909090909,0.009090909090909,0.0,0.018181818181818098,0.0113636363636363,0.0068181818181818,0.0045454545454545,0.0034090909090909,0.0011363636363636,0.0238636363636363,0.0136363636363636,0.0102272727272727,0.0227272727272726,0.0147727272727272,0.0079545454545454,0.0011363636363636,0.0,0.0011363636363636,0.0011363636363636,0.0011363636363636,0.0,0.011363636363636201,0.0022727272727272,0.009090909090909,0.042045454545454504,0.0409090909090909,0.0011363636363636,0.009090909090909,0.009090909090909,0.0,0.0749999999999999,0.0431818181818181,0.0318181818181818,0.0272727272727272,0.0193181818181818,0.0079545454545454,0.0,0.0,0.0,0.0124999999999999,0.009090909090909,0.0034090909090909,0.0022727272727272,0.0022727272727272,0.0,0.0079545454545453,0.0056818181818181,0.0022727272727272,0.0,0.0,0.0,0.0102272727272726,0.0079545454545454,0.0022727272727272,0.034090909090909,0.0284090909090909,0.0056818181818181,0.021590909090909,0.0181818181818181,0.0034090909090909,457
2012-08-01,2012,8,689,218,471,5,5,0,8,4,4,1,1,0,28,19,9,26,18,8,1,0,1,0,0,0,29,12,17,40,38,2,10,10,0,52,37,15,39,29,10,1,0,1,3,2,1,17,14,3,10,9,1,2,2,0,8,7,1,36,35,1,16,13,3,0.6903807615230461,0.218436873747495,0.4719438877755511,0.0050100200400801,0.0050100200400801,0.0,0.0080160320641282,0.0040080160320641,0.0040080160320641,0.001002004008016,0.001002004008016,0.0,0.0280561122244488,0.0190380761523046,0.0090180360721442,0.0260521042084167,0.0180360721442885,0.0080160320641282,0.001002004008016,0.0,0.001002004008016,0.0,0.0,0.0,0.0290581162324648,0.0120240480961923,0.0170340681362725,0.0400801603206412,0.0380761523046092,0.002004008016032,0.0100200400801603,0.0100200400801603,0.0,0.0521042084168335,0.0370741482965931,0.0150300601202404,0.0390781563126252,0.0290581162324649,0.0100200400801603,0.001002004008016,0.0,0.001002004008016,0.0030060120240480003,0.002004008016032,0.001002004008016,0.0170340681362724,0.0140280561122244,0.003006012024048,0.0100200400801602,0.0090180360721442,0.001002004008016,0.002004008016032,0.002004008016032,0.0,0.0080160320641282,0.0070140280561122,0.001002004008016,0.0360721442885771,0.0350701402805611,0.001002004008016,0.0160320641282564,0.0130260521042084,0.003006012024048,457
2012-09-01,2012,9,464,194,270,1,1,0,10,6,4,0,0,0,23,16,7,21,14,7,1,1,0,0,0,0,10,2,8,35,35,0,4,4,0,54,30,24,31,18,13,2,2,0,6,4,2,27,18,9,13,11,2,1,1,0,6,4,2,43,39,4,38,37,1,0.599483204134367,0.2506459948320413,0.3488372093023256,0.0012919896640826,0.0012919896640826,0.0,0.0129198966408268,0.0077519379844961,0.0051679586563307,0.0,0.0,0.0,0.029715762273901797,0.020671834625323,0.0090439276485788,0.0271317829457364,0.0180878552971576,0.0090439276485788,0.0012919896640826,0.0012919896640826,0.0,0.0,0.0,0.0,0.0129198966408268,0.0025839793281653,0.0103359173126615,0.045219638242894,0.045219638242894,0.0,0.0051679586563307,0.0051679586563307,0.0,0.06976744186046499,0.0387596899224806,0.0310077519379844,0.0400516795865632,0.0232558139534883,0.0167958656330749,0.0025839793281653,0.0025839793281653,0.0,0.007751937984496001,0.0051679586563307,0.0025839793281653,0.0348837209302324,0.0232558139534883,0.0116279069767441,0.0167958656330748,0.0142118863049095,0.0025839793281653,0.0012919896640826,0.0012919896640826,0.0,0.007751937984496001,0.0051679586563307,0.0025839793281653,0.0555555555555555,0.0503875968992248,0.0051679586563307,0.049095607235142,0.0478036175710594,0.0012919896640826,428
2012-10-01,2012,10,483,194,289,1,1,0,7,3,4,1,0,1,24,21,3,16,13,3,2,1,1,0,0,0,6,1,5,24,23,1,2,2,0,68,37,31,33,22,11,1,1,0,8,3,5,13,10,3,10,8,2,7,5,2,13,13,0,26,20,6,22,13,9,0.6372031662269129,0.2559366754617414,0.3812664907651715,0.0013192612137203,0.0013192612137203,0.0,0.0092348284960421,0.0039577836411609,0.0052770448548812,0.0013192612137203,0.0,0.0013192612137203,0.0316622691292875,0.0277044854881266,0.0039577836411609,0.021108179419525003,0.0171503957783641,0.0039577836411609,0.0026385224274406,0.0013192612137203,0.0013192612137203,0.0,0.0,0.0,0.0079155672823218,0.0013192612137203,0.0065963060686015,0.0316622691292875,0.0303430079155672,0.0013192612137203,0.0026385224274406,0.0026385224274406,0.0,0.0897097625329815,0.0488126649076517,0.0408970976253298,0.0435356200527703,0.0290237467018469,0.0145118733509234,0.0013192612137203,0.0013192612137203,0.0,0.0105540897097624,0.0039577836411609,0.0065963060686015,0.017150395778364,0.0131926121372031,0.0039577836411609,0.013192612137203099,0.0105540897097625,0.0026385224274406,0.0092348284960421,0.0065963060686015,0.0026385224274406,0.0171503957783641,0.0171503957783641,0.0,0.0343007915567282,0.0263852242744063,0.0079155672823219,0.029023746701846903,0.0171503957783641,0.0118733509234828,383
2012-11-01,2012,11,499,192,307,1,1,0,8,5,3,0,0,0,29,25,4,10,8,2,0,0,0,3,1,2,12,6,6,36,34,2,5,5,0,62,43,19,37,14,23,2,2,0,9,9,0,22,13,9,5,4,1,1,0,1,6,3,3,37,32,5,34,30,4,0.6183395291201982,0.2379182156133829,0.3804213135068153,0.0012391573729863,0.0012391573729863,0.0,0.0099132589838909,0.0061957868649318,0.0037174721189591,0.0,0.0,0.0,0.0359355638166046,0.0309789343246592,0.0049566294919454,0.0123915737298636,0.0099132589838909,0.0024783147459727,0.0,0.0,0.0,0.003717472118959,0.0012391573729863,0.0024783147459727,0.0148698884758364,0.0074349442379182,0.0074349442379182,0.0446096654275092,0.0421313506815365,0.0024783147459727,0.0061957868649318,0.0061957868649318,0.0,0.0768277571251548,0.0532837670384138,0.023543990086741,0.0458488228004955,0.0173482032218091,0.0285006195786864,0.0024783147459727,0.0024783147459727,0.0,0.0111524163568773,0.0111524163568773,0.0,0.0272614622057001,0.0161090458488228,0.0111524163568773,0.0061957868649317,0.0049566294919454,0.0012391573729863,0.0012391573729863,0.0,0.0012391573729863,0.0074349442379182,0.0037174721189591,0.0037174721189591,0.045848822800495605,0.0396530359355638,0.0061957868649318,0.0421313506815364,0.037174721189591,0.0049566294919454,420
2012-12-01,2012,12,445,213,232,5,1,4,10,6,4,1,1,0,34,28,6,14,10,4,0,0,0,0,0,0,13,7,6,64,62,2,14,14,0,46,25,21,36,18,18,1,1,0,5,3,2,9,3,6,3,3,0,1,0,1,4,3,1,30,27,3,25,22,3,0.59254327563249,0.2836218375499334,0.3089214380825565,0.0066577896138481,0.0013315579227696,0.0053262316910785,0.0133155792276963,0.0079893475366178,0.0053262316910785,0.0013315579227696,0.0013315579227696,0.0,0.0452729693741677,0.0372836218375499,0.0079893475366178,0.018641810918774898,0.0133155792276964,0.0053262316910785,0.0,0.0,0.0,0.0,0.0,0.0,0.0173102529960052,0.0093209054593874,0.0079893475366178,0.0852197070572569,0.0825565912117177,0.0026631158455392,0.0186418109187749,0.0186418109187749,0.0,0.0612516644474034,0.033288948069241,0.0279627163781624,0.047936085219707,0.0239680426098535,0.0239680426098535,0.0013315579227696,0.0013315579227696,0.0,0.0066577896138481,0.0039946737683089,0.0026631158455392,0.0119840213049267,0.0039946737683089,0.0079893475366178,0.0039946737683089,0.0039946737683089,0.0,0.0013315579227696,0.0,0.0013315579227696,0.0053262316910785,0.0039946737683089,0.0013315579227696,0.0399467376830891,0.0359520639147802,0.0039946737683089,0.0332889480692409,0.029294274300932,0.0039946737683089,441
2013-01-01,2013,1,407,171,236,5,4,1,4,2,2,2,1,1,14,9,5,18,8,10,1,1,0,0,0,0,3,1,2,33,32,1,3,3,0,32,18,14,28,10,18,0,0,0,1,1,0,10,6,4,9,7,2,1,1,0,3,3,0,29,18,11,6,5,1,0.6817420435510888,0.2864321608040201,0.3953098827470687,0.0083752093802345,0.0067001675041876,0.0016750418760469,0.0067001675041876,0.0033500837520938,0.0033500837520938,0.0033500837520938,0.0016750418760469,0.0016750418760469,0.023450586264656598,0.0150753768844221,0.0083752093802345,0.0301507537688442,0.0134003350083752,0.016750418760469,0.0016750418760469,0.0016750418760469,0.0,0.0,0.0,0.0,0.005025125628140699,0.0016750418760469,0.0033500837520938,0.055276381909547694,0.0536013400335008,0.0016750418760469,0.0050251256281407,0.0050251256281407,0.0,0.0536013400335008,0.0301507537688442,0.0234505862646566,0.046901172529313195,0.016750418760469,0.0301507537688442,0.0,0.0,0.0,0.0016750418760469,0.0016750418760469,0.0,0.016750418760469,0.0100502512562814,0.0067001675041876,0.0150753768844221,0.0117252931323283,0.0033500837520938,0.0016750418760469,0.0016750418760469,0.0,0.0050251256281407,0.0050251256281407,0.0,0.0485762144053601,0.0301507537688442,0.0184254606365159,0.0100502512562814,0.0083752093802345,0.0016750418760469,298
2013-02-01,2013,2,355,103,252,1,1,0,2,0,2,1,0,1,10,4,6,18,9,9,1,0,1,0,0,0,9,3,6,18,18,0,2,2,0,40,20,20,13,4,9,0,0,0,1,1,0,14,8,6,5,5,0,0,0,0,3,3,0,20,18,2,11,9,2,0.6920077972709551,0.2007797270955165,0.4912280701754385,0.0019493177387914,0.0019493177387914,0.0,0.0038986354775828,0.0,0.0038986354775828,0.0019493177387914,0.0,0.0019493177387914,0.019493177387914097,0.0077972709551656,0.0116959064327485,0.0350877192982456,0.0175438596491228,0.0175438596491228,0.0019493177387914,0.0,0.0019493177387914,0.0,0.0,0.0,0.0175438596491227,0.0058479532163742,0.0116959064327485,0.0350877192982456,0.0350877192982456,0.0,0.0038986354775828,0.0038986354775828,0.0,0.0779727095516568,0.0389863547758284,0.0389863547758284,0.0253411306042884,0.0077972709551656,0.0175438596491228,0.0,0.0,0.0,0.0019493177387914,0.0019493177387914,0.0,0.0272904483430798,0.0155945419103313,0.0116959064327485,0.0097465886939571,0.0097465886939571,0.0,0.0,0.0,0.0,0.0058479532163742,0.0058479532163742,0.0,0.038986354775828395,0.0350877192982456,0.0038986354775828,0.0214424951267056,0.0175438596491228,0.0038986354775828,203
2013-03-01,2013,3,599,318,281,26,19,7,5,0,5,4,4,0,27,20,7,26,23,3,0,0,0,0,0,0,10,3,7,164,162,2,61,60,1,86,66,20,17,8,9,1,1,0,8,5,3,11,9,2,6,6,0,0,0,0,6,5,1,28,25,3,9,7,2,0.5577281191806331,0.2960893854748603,0.2616387337057728,0.0242085661080073,0.0176908752327746,0.0065176908752327,0.0046554934823091,0.0,0.0046554934823091,0.0037243947858473,0.0037243947858473,0.0,0.0251396648044692,0.0186219739292365,0.0065176908752327,0.0242085661080073,0.0214152700186219,0.0027932960893854,0.0,0.0,0.0,0.0,0.0,0.0,0.009310986964618101,0.0027932960893854,0.0065176908752327,0.1527001862197392,0.1508379888268156,0.0018621973929236,0.0567970204841712,0.0558659217877094,0.0009310986964618,0.0800744878957169,0.0614525139664804,0.0186219739292365,0.015828677839851,0.0074487895716946,0.0083798882681564,0.0009310986964618,0.0009310986964618,0.0,0.0074487895716945,0.0046554934823091,0.0027932960893854,0.01024208566108,0.0083798882681564,0.0018621973929236,0.0055865921787709,0.0055865921787709,0.0,0.0,0.0,0.0,0.0055865921787709,0.0046554934823091,0.0009310986964618,0.026070763500931,0.0232774674115456,0.0027932960893854,0.0083798882681563,0.0065176908752327,0.0018621973929236,723
2013-04-01,2013,4,716,339,377,13,12,1,9,3,6,3,2,1,35,30,5,28,23,5,0,0,0,0,0,0,38,20,18,13,13,0,5,5,0,68,52,16,29,19,10,1,0,1,2,0,2,3,2,1,15,13,2,4,2,2,6,3,3,14,11,3,10,7,3,0.722502522704339,0.3420787083753784,0.3804238143289606,0.0131180625630675,0.012108980827447,0.0010090817356205,0.0090817356205852,0.0030272452068617,0.0060544904137235,0.0030272452068616,0.0020181634712411,0.0010090817356205,0.0353178607467204,0.0302724520686175,0.0050454086781029,0.028254288597376297,0.0232088799192734,0.0050454086781029,0.0,0.0,0.0,0.0,0.0,0.0,0.038345105953582204,0.0201816347124117,0.0181634712411705,0.0131180625630676,0.0131180625630676,0.0,0.0050454086781029,0.0050454086781029,0.0,0.0686175580221997,0.0524722502522704,0.0161453077699293,0.029263370332996898,0.0191725529767911,0.0100908173562058,0.0010090817356205,0.0,0.0010090817356205,0.0020181634712411,0.0,0.0020181634712411,0.0030272452068616,0.0020181634712411,0.0010090817356205,0.015136226034308699,0.0131180625630676,0.0020181634712411,0.0040363269424822,0.0020181634712411,0.0020181634712411,0.0060544904137234,0.0030272452068617,0.0030272452068617,0.0141271442986881,0.0110998990918264,0.0030272452068617,0.010090817356205699,0.007063572149344,0.0030272452068617,540
2013-05-01,2013,5,658,259,399,15,9,6,25,13,12,1,1,0,22,16,6,30,20,10,0,0,0,0,0,0,11,3,8,10,9,1,4,4,0,88,61,27,35,22,13,1,0,1,2,2,0,14,14,0,18,16,2,6,5,1,6,4,2,19,12,7,12,8,4,0.6904512067156348,0.2717733473242392,0.4186778593913955,0.0157397691500523,0.0094438614900314,0.0062959076600209,0.0262329485834207,0.0136411332633788,0.0125918153200419,0.0010493179433368,0.0010493179433368,0.0,0.0230849947534101,0.0167890870933892,0.0062959076600209,0.0314795383001049,0.0209863588667366,0.0104931794333683,0.0,0.0,0.0,0.0,0.0,0.0,0.011542497376705,0.0031479538300104,0.0083945435466946,0.0104931794333682,0.0094438614900314,0.0010493179433368,0.0041972717733473,0.0041972717733473,0.0,0.09233997901364101,0.0640083945435466,0.0283315844700944,0.036726128016789,0.0230849947534102,0.0136411332633788,0.0010493179433368,0.0,0.0010493179433368,0.0020986358866736,0.0020986358866736,0.0,0.0146904512067156,0.0146904512067156,0.0,0.0188877229800628,0.0167890870933892,0.0020986358866736,0.006295907660020901,0.0052465897166841,0.0010493179433368,0.006295907660020901,0.0041972717733473,0.0020986358866736,0.0199370409233997,0.0125918153200419,0.0073452256033578,0.0125918153200419,0.0083945435466946,0.0041972717733473,463
2013-06-01,2013,6,646,256,390,12,10,2,13,5,8,7,6,1,34,22,12,40,27,13,1,1,0,0,0,0,10,4,6,19,18,1,3,3,0,82,52,30,53,33,20,0,0,0,2,1,1,36,30,6,14,12,2,2,1,1,9,7,2,20,10,10,12,12,0,0.6538461538461537,0.2591093117408907,0.3947368421052631,0.012145748987854199,0.0101214574898785,0.0020242914979757,0.013157894736842,0.0050607287449392,0.0080971659919028,0.007085020242914901,0.0060728744939271,0.0010121457489878,0.0344129554655869,0.0222672064777327,0.0121457489878542,0.0404858299595141,0.027327935222672,0.0131578947368421,0.0010121457489878,0.0010121457489878,0.0,0.0,0.0,0.0,0.0101214574898785,0.0040485829959514,0.0060728744939271,0.0192307692307691,0.0182186234817813,0.0010121457489878,0.0030364372469635,0.0030364372469635,0.0,0.082995951417004,0.0526315789473684,0.0303643724696356,0.0536437246963561,0.0334008097165991,0.020242914979757,0.0,0.0,0.0,0.0020242914979756,0.0010121457489878,0.0010121457489878,0.0364372469635627,0.0303643724696356,0.0060728744939271,0.0141700404858299,0.0121457489878542,0.0020242914979757,0.0020242914979756,0.0010121457489878,0.0010121457489878,0.0091093117408906,0.0070850202429149,0.0020242914979757,0.020242914979757,0.0101214574898785,0.0101214574898785,0.0121457489878542,0.0121457489878542,0.0,493
2013-07-01,2013,7,809,273,536,15,13,2,18,5,13,1,1,0,36,23,13,37,27,10,2,2,0,1,1,0,15,1,14,30,28,2,8,8,0,93,52,41,62,32,30,0,0,0,5,4,1,32,25,7,12,9,3,5,2,3,20,14,6,22,6,16,16,8,8,0.6674917491749174,0.2252475247524752,0.4422442244224422,0.0123762376237623,0.0107260726072607,0.0016501650165016,0.014851485148514799,0.0041254125412541,0.0107260726072607,0.0008250825082508,0.0008250825082508,0.0,0.0297029702970296,0.0189768976897689,0.0107260726072607,0.030528052805280398,0.0222772277227722,0.0082508250825082,0.0016501650165016,0.0016501650165016,0.0,0.0008250825082508,0.0008250825082508,0.0,0.0123762376237623,0.0008250825082508,0.0115511551155115,0.0247524752475247,0.0231023102310231,0.0016501650165016,0.0066006600660066,0.0066006600660066,0.0,0.0767326732673267,0.0429042904290429,0.0338283828382838,0.0511551155115511,0.0264026402640264,0.0247524752475247,0.0,0.0,0.0,0.0041254125412541,0.0033003300330033,0.0008250825082508,0.0264026402640263,0.0206270627062706,0.0057755775577557,0.0099009900990098,0.0074257425742574,0.0024752475247524,0.004125412541254,0.0016501650165016,0.0024752475247524,0.0165016501650164,0.0115511551155115,0.0049504950495049,0.0181518151815181,0.0049504950495049,0.0132013201320132,0.0132013201320132,0.0066006600660066,0.0066006600660066,515
2013-08-01,2013,8,1004,318,686,15,9,6,13,2,11,0,0,0,45,17,28,50,34,16,1,1,0,2,1,1,54,21,33,27,27,0,15,14,1,99,51,48,47,26,21,2,2,0,10,4,6,4,4,0,14,13,1,10,6,4,11,10,1,35,17,18,12,6,6,0.7016072676450034,0.2222222222222222,0.4793850454227812,0.010482180293501,0.0062893081761006,0.0041928721174004,0.0090845562543675,0.0013976240391334,0.0076869322152341,0.0,0.0,0.0,0.031446540880503096,0.0118798043326345,0.0195667365478686,0.0349406009783367,0.023759608665269,0.0111809923130677,0.0006988120195667,0.0006988120195667,0.0,0.0013976240391334,0.0006988120195667,0.0006988120195667,0.037735849056603696,0.0146750524109014,0.0230607966457023,0.0188679245283018,0.0188679245283018,0.0,0.010482180293501,0.0097833682739343,0.0006988120195667,0.06918238993710679,0.0356394129979035,0.0335429769392033,0.0328441649196365,0.0181691125087351,0.0146750524109014,0.0013976240391334,0.0013976240391334,0.0,0.0069881201956673005,0.0027952480782669,0.0041928721174004,0.0027952480782669,0.0027952480782669,0.0,0.0097833682739342,0.0090845562543675,0.0006988120195667,0.0069881201956673005,0.0041928721174004,0.0027952480782669,0.0076869322152339995,0.0069881201956673,0.0006988120195667,0.0244584206848357,0.0118798043326345,0.0125786163522012,0.0083857442348008,0.0041928721174004,0.0041928721174004,558
2013-09-01,2013,9,1065,443,622,22,18,4,46,11,35,1,0,1,30,20,10,48,35,13,3,3,0,4,4,0,24,5,19,32,29,3,9,9,0,169,110,59,69,36,33,2,2,0,32,24,8,8,7,1,12,11,1,11,7,4,26,25,1,122,100,22,253,180,73,0.5472764645426516,0.2276464542651593,0.3196300102774922,0.0113052415210688,0.0092497430626927,0.0020554984583761,0.0236382322713257,0.0056526207605344,0.0179856115107913,0.000513874614594,0.0,0.000513874614594,0.015416238437821,0.0102774922918807,0.0051387461459403,0.0246659815005138,0.0179856115107913,0.0066803699897225,0.0015416238437821,0.0015416238437821,0.0,0.0020554984583761,0.0020554984583761,0.0,0.0123329907502568,0.0025693730729701,0.0097636176772867,0.016443987667009198,0.0149023638232271,0.0015416238437821,0.0046248715313463,0.0046248715313463,0.0,0.08684480986639259,0.0565262076053443,0.0303186022610483,0.035457348406988595,0.0184994861253854,0.0169578622816032,0.001027749229188,0.001027749229188,0.0,0.0164439876670092,0.0123329907502569,0.0041109969167523,0.0041109969167522,0.0035971223021582,0.000513874614594,0.0061664953751284,0.0056526207605344,0.000513874614594,0.005652620760534299,0.0035971223021582,0.0020554984583761,0.0133607399794449,0.0128468653648509,0.000513874614594,0.06269270298047269,0.0513874614594039,0.0113052415210688,0.1300102774922918,0.092497430626927,0.0375128468653648,1047
2013-10-01,2013,10,997,399,598,11,8,3,46,19,27,4,4,0,29,11,18,68,50,18,4,3,1,0,0,0,18,2,16,28,27,1,5,5,0,165,112,53,54,38,16,0,0,0,13,6,7,23,18,5,21,18,3,16,10,6,19,15,4,46,31,15,81,53,28,0.6223470661672909,0.249063670411985,0.3732833957553059,0.0068664169787764,0.0049937578027465,0.0018726591760299,0.0287141073657926,0.011860174781523,0.0168539325842696,0.0024968789013732,0.0024968789013732,0.0,0.0181023720349562,0.0068664169787765,0.0112359550561797,0.0424469413233457,0.031210986267166,0.0112359550561797,0.0024968789013732,0.0018726591760299,0.0006242197253433,0.0,0.0,0.0,0.0112359550561797,0.0012484394506866,0.0099875156054931,0.0174781523096129,0.0168539325842696,0.0006242197253433,0.0031210986267166,0.0031210986267166,0.0,0.1029962546816479,0.0699126092384519,0.033083645443196,0.0337078651685392,0.0237203495630461,0.0099875156054931,0.0,0.0,0.0,0.0081148564294631,0.0037453183520599,0.0043695380774032,0.0143570536828963,0.0112359550561797,0.0031210986267166,0.0131086142322096,0.0112359550561797,0.0018726591760299,0.0099875156054931,0.0062421972534332,0.0037453183520599,0.011860174781523,0.0093632958801498,0.0024968789013732,0.028714107365792697,0.0193508114856429,0.0093632958801498,0.050561797752808904,0.033083645443196,0.0174781523096129,793
2013-11-01,2013,11,920,328,592,11,8,3,29,12,17,1,1,0,32,23,9,55,36,19,3,3,0,1,0,1,19,6,13,15,15,0,5,5,0,122,58,64,109,66,43,2,2,0,8,8,0,13,10,3,16,14,2,1,1,0,7,6,1,33,11,22,18,12,6,0.6681190994916485,0.2381989832970225,0.429920116194626,0.0079883805374,0.0058097312999273,0.0021786492374727,0.0210602759622366,0.008714596949891,0.0123456790123456,0.0007262164124909,0.0007262164124909,0.0,0.0232389251997095,0.0167029774872912,0.0065359477124183,0.0399419026870007,0.0261437908496732,0.0137981118373275,0.0021786492374727,0.0021786492374727,0.0,0.0007262164124909,0.0,0.0007262164124909,0.0137981118373274,0.0043572984749455,0.0094408133623819,0.0108932461873638,0.0108932461873638,0.0,0.0036310820624546,0.0036310820624546,0.0,0.0885984023238924,0.0421205519244734,0.046477850399419,0.0791575889615104,0.0479302832244008,0.0312273057371096,0.0014524328249818,0.0014524328249818,0.0,0.0058097312999273,0.0058097312999273,0.0,0.0094408133623819,0.0072621641249092,0.0021786492374727,0.0116194625998547,0.0101670297748729,0.0014524328249818,0.0007262164124909,0.0007262164124909,0.0,0.0050835148874364,0.0043572984749455,0.0007262164124909,0.0239651416122003,0.0079883805374001,0.0159767610748002,0.013071895424836501,0.008714596949891,0.0043572984749455,601
2013-12-01,2013,12,811,299,512,10,3,7,14,4,10,1,0,1,66,50,16,29,21,8,5,5,0,2,2,0,32,6,26,21,19,2,10,9,1,81,52,29,59,33,26,0,0,0,10,7,3,35,19,16,4,4,0,2,0,2,15,14,1,35,24,11,32,25,7,0.6467304625199362,0.2384370015948963,0.4082934609250399,0.0079744816586921,0.0023923444976076,0.0055821371610845,0.0111642743221689,0.0031897926634768,0.0079744816586921,0.0007974481658692,0.0,0.0007974481658692,0.0526315789473683,0.0398724082934609,0.0127591706539074,0.0231259968102072,0.0167464114832535,0.0063795853269537,0.003987240829346,0.003987240829346,0.0,0.0015948963317384,0.0015948963317384,0.0,0.025518341307814902,0.0047846889952153,0.0207336523125996,0.0167464114832535,0.0151515151515151,0.0015948963317384,0.0079744816586921,0.0071770334928229,0.0007974481658692,0.06459330143540659,0.0414673046251993,0.0231259968102073,0.0470494417862838,0.0263157894736842,0.0207336523125996,0.0,0.0,0.0,0.0079744816586921,0.0055821371610845,0.0023923444976076,0.0279106858054225,0.0151515151515151,0.0127591706539074,0.0031897926634768,0.0031897926634768,0.0,0.0015948963317384,0.0,0.0015948963317384,0.0119617224880382,0.011164274322169,0.0007974481658692,0.0279106858054226,0.0191387559808612,0.0087719298245614,0.025518341307814902,0.0199362041467304,0.0055821371610845,581
2014-01-01,2014,1,832,298,534,13,10,3,18,7,11,3,1,2,39,24,15,50,37,13,5,5,0,1,0,1,25,8,17,16,16,0,1,0,1,136,69,67,69,27,42,3,3,0,14,11,3,27,16,11,20,17,3,3,0,3,23,16,7,38,21,17,39,27,12,0.6218236173393124,0.2227204783258595,0.3991031390134529,0.0097159940209267,0.007473841554559,0.0022421524663677,0.013452914798206199,0.0052316890881913,0.0082212257100149,0.0022421524663677,0.0007473841554559,0.0014947683109118,0.0291479820627802,0.0179372197309417,0.0112107623318385,0.0373692077727951,0.0276532137518684,0.0097159940209267,0.0037369207772795,0.0037369207772795,0.0,0.0007473841554559,0.0,0.0007473841554559,0.0186846038863975,0.0059790732436472,0.0127055306427503,0.0119581464872944,0.0119581464872944,0.0,0.0007473841554559,0.0,0.0007473841554559,0.1016442451420029,0.0515695067264574,0.0500747384155455,0.0515695067264573,0.0201793721973094,0.0313901345291479,0.0022421524663677,0.0022421524663677,0.0,0.0104633781763826,0.0082212257100149,0.0022421524663677,0.020179372197309302,0.0119581464872944,0.0082212257100149,0.014947683109118001,0.0127055306427503,0.0022421524663677,0.0022421524663677,0.0,0.0022421524663677,0.0171898355754857,0.0119581464872944,0.0052316890881913,0.0284005979073242,0.0156950672645739,0.0127055306427503,0.0291479820627802,0.0201793721973094,0.0089686098654708,588
2014-02-01,2014,2,955,331,624,5,3,2,18,4,14,3,3,0,42,24,18,70,59,11,10,9,1,1,1,0,18,4,14,19,18,1,8,8,0,123,75,48,66,27,39,1,0,1,3,3,0,17,10,7,12,11,1,4,2,2,12,7,5,38,15,23,20,16,4,0.6797153024911031,0.2355871886120996,0.4441281138790036,0.0035587188612098,0.0021352313167259,0.0014234875444839,0.0128113879003558,0.0028469750889679,0.0099644128113879,0.0021352313167259,0.0021352313167259,0.0,0.0298932384341636,0.0170818505338078,0.0128113879003558,0.0498220640569394,0.0419928825622775,0.0078291814946619,0.0071174377224198,0.0064056939501779,0.0007117437722419,0.0007117437722419,0.0007117437722419,0.0,0.0128113879003558,0.0028469750889679,0.0099644128113879,0.0135231316725977,0.0128113879003558,0.0007117437722419,0.0056939501779359,0.0056939501779359,0.0,0.087544483985765,0.0533807829181494,0.0341637010676156,0.0469750889679715,0.0192170818505338,0.0277580071174377,0.0007117437722419,0.0,0.0007117437722419,0.0021352313167259,0.0021352313167259,0.0,0.0120996441281138,0.0071174377224199,0.0049822064056939,0.008540925266903799,0.0078291814946619,0.0007117437722419,0.0028469750889678,0.0014234875444839,0.0014234875444839,0.008540925266903799,0.0049822064056939,0.0035587188612099,0.0270462633451956,0.0106761565836298,0.0163701067615658,0.0142348754448397,0.0113879003558718,0.0028469750889679,598
2014-03-01,2014,3,1027,306,721,5,4,1,18,6,12,3,3,0,33,17,16,53,36,17,3,3,0,2,0,2,27,9,18,16,15,1,11,11,0,134,74,60,70,35,35,1,1,0,10,5,5,22,8,14,12,11,1,8,3,5,14,11,3,55,24,31,28,18,10,0.6796823295830575,0.2025148908007941,0.4771674387822634,0.0033090668431501,0.0026472534745201,0.00066181336863,0.011912640635340699,0.0039708802117802,0.0079417604235605,0.0019854401058901,0.0019854401058901,0.0,0.0218398411647914,0.0112508272667107,0.0105890138980807,0.0350761085373923,0.0238252812706816,0.0112508272667107,0.0019854401058901,0.0019854401058901,0.0,0.00132362673726,0.0,0.00132362673726,0.0178689609530112,0.0059563203176704,0.0119126406353408,0.0105890138980806,0.0099272005294506,0.00066181336863,0.0072799470549305,0.0072799470549305,0.0,0.0886829913964261,0.0489741892786234,0.0397088021178027,0.0463269358041032,0.0231634679020516,0.0231634679020516,0.00066181336863,0.00066181336863,0.0,0.0066181336863004,0.0033090668431502,0.0033090668431502,0.0145598941098609,0.0052945069490403,0.0092653871608206,0.0079417604235605,0.0072799470549305,0.00066181336863,0.0052945069490403,0.0019854401058901,0.0033090668431502,0.0092653871608206,0.0072799470549305,0.0019854401058901,0.0363997352746525,0.0158835208471211,0.0205162144275314,0.0185307743216412,0.0119126406353408,0.0066181336863004,575
2014-04-01,2014,4,948,316,632,6,5,1,38,13,25,0,0,0,34,21,13,69,40,29,10,9,1,1,1,0,26,6,20,16,15,1,6,6,0,112,65,47,70,23,47,1,1,0,10,6,4,11,8,3,20,15,5,6,0,6,7,7,0,43,26,17,29,20,9,0.6718639262934087,0.2239546420978029,0.4479092841956059,0.0042523033309708,0.0035435861091424,0.0007087172218284,0.0269312544294825,0.0092133238837703,0.0177179305457122,0.0,0.0,0.0,0.024096385542168502,0.0148830616583982,0.0092133238837703,0.048901488306165794,0.0283486888731396,0.0205527994330262,0.007087172218284799,0.0063784549964564,0.0007087172218284,0.0007087172218284,0.0007087172218284,0.0,0.0184266477675407,0.0042523033309709,0.0141743444365698,0.0113394755492557,0.0106307583274273,0.0007087172218284,0.0042523033309709,0.0042523033309709,0.0,0.07937632884479079,0.0460666194188518,0.033309709425939,0.049610205527994194,0.0163004961020552,0.033309709425939,0.0007087172218284,0.0007087172218284,0.0,0.007087172218284799,0.0042523033309709,0.0028348688873139,0.0077958894401133,0.0056697377746279,0.0021261516654854,0.014174344436569699,0.0106307583274273,0.0035435861091424,0.0042523033309709,0.0,0.0042523033309709,0.0049610205527994,0.0049610205527994,0.0,0.030474840538625,0.0184266477675407,0.0120481927710843,0.0205527994330262,0.0141743444365698,0.0063784549964564,574
2014-05-01,2014,5,1021,346,675,12,4,8,23,8,15,4,4,0,58,29,29,55,40,15,4,3,1,0,0,0,34,9,25,10,9,1,4,4,0,118,71,47,59,28,31,1,0,1,10,7,3,17,10,7,23,22,1,9,2,7,20,17,3,68,60,8,46,33,13,0.6599870717517776,0.2236586942469295,0.4363283775048481,0.0077569489334194,0.0025856496444731,0.0051712992889463,0.0148674854557207,0.0051712992889463,0.0096961861667744,0.0025856496444731,0.0025856496444731,0.0,0.037491919844861,0.0187459599224305,0.0187459599224305,0.0355526826115061,0.0258564964447317,0.0096961861667744,0.002585649644473,0.0019392372333548,0.0006464124111182,0.0,0.0,0.0,0.0219780219780219,0.0058177117000646,0.0161603102779573,0.0064641241111828,0.0058177117000646,0.0006464124111182,0.0025856496444731,0.0025856496444731,0.0,0.0762766645119585,0.0458952811893988,0.0303813833225597,0.038138332255979304,0.0180995475113122,0.0200387847446671,0.0006464124111182,0.0,0.0006464124111182,0.0064641241111828,0.004524886877828,0.0019392372333548,0.0109890109890109,0.0064641241111829,0.004524886877828,0.0148674854557206,0.0142210730446024,0.0006464124111182,0.0058177117000645,0.0012928248222365,0.004524886877828,0.0129282482223657,0.0109890109890109,0.0019392372333548,0.043956043956043904,0.0387847446670976,0.0051712992889463,0.029734970911441398,0.0213316095669036,0.0084033613445378,671
2014-06-01,2014,6,985,343,642,16,10,6,31,21,10,2,0,2,52,34,18,35,19,16,4,4,0,3,3,0,14,2,12,15,15,0,3,3,0,102,60,42,71,34,37,1,0,1,17,9,8,14,12,2,24,20,4,10,4,6,10,9,1,95,77,18,74,60,14,0.6363049095607234,0.2215762273901808,0.4147286821705426,0.0103359173126614,0.0064599483204134,0.003875968992248,0.0200258397932816,0.0135658914728682,0.0064599483204134,0.0012919896640826,0.0,0.0012919896640826,0.0335917312661497,0.0219638242894056,0.0116279069767441,0.022609819121447,0.0122739018087855,0.0103359173126615,0.0025839793281653,0.0025839793281653,0.0,0.001937984496124,0.001937984496124,0.0,0.0090439276485787,0.0012919896640826,0.0077519379844961,0.0096899224806201,0.0096899224806201,0.0,0.001937984496124,0.001937984496124,0.0,0.065891472868217,0.0387596899224806,0.0271317829457364,0.0458656330749353,0.0219638242894056,0.0239018087855297,0.0006459948320413,0.0,0.0006459948320413,0.010981912144702701,0.005813953488372,0.0051679586563307,0.0090439276485787,0.0077519379844961,0.0012919896640826,0.0155038759689921,0.0129198966408268,0.0025839793281653,0.0064599483204133,0.0025839793281653,0.003875968992248,0.0064599483204133,0.005813953488372,0.0006459948320413,0.0613695090439275,0.0497416020671834,0.0116279069767441,0.0478036175710594,0.0387596899224806,0.0090439276485788,721
2014-07-01,2014,7,1094,349,745,7,4,3,29,9,20,1,0,1,37,20,17,52,34,18,3,3,0,2,2,0,29,7,22,18,17,1,2,2,0,131,69,62,71,32,39,7,4,3,16,8,8,24,21,3,22,20,2,4,3,1,13,8,5,67,43,24,43,28,15,0.6707541385652972,0.2139791538933169,0.4567749846719803,0.0042918454935622,0.0024524831391784,0.0018393623543838,0.0177805027590434,0.0055180870631514,0.012262415695892,0.0006131207847946,0.0,0.0006131207847946,0.0226854690374002,0.012262415695892,0.0104230533415082,0.031882280809319305,0.0208461066830165,0.0110361741263028,0.0018393623543838,0.0018393623543838,0.0,0.0012262415695892,0.0012262415695892,0.0,0.0177805027590435,0.0042918454935622,0.0134886572654813,0.0110361741263028,0.0104230533415082,0.0006131207847946,0.0012262415695892,0.0012262415695892,0.0,0.0803188228080931,0.0423053341508277,0.0380134886572654,0.0435315757204168,0.0196198651134273,0.0239117106069895,0.0042918454935622,0.0024524831391784,0.0018393623543838,0.0098099325567136,0.0049049662783568,0.0049049662783568,0.0147148988350704,0.0128755364806866,0.0018393623543838,0.0134886572654812,0.012262415695892,0.0012262415695892,0.0024524831391784,0.0018393623543838,0.0006131207847946,0.0079705702023298,0.0049049662783568,0.003065603923973,0.0410790925812384,0.0263641937461679,0.0147148988350705,0.0263641937461679,0.0171673819742489,0.009196811771919,657
2014-08-01,2014,8,978,351,627,7,4,3,22,8,14,3,2,1,48,32,16,54,41,13,4,4,0,1,1,0,33,9,24,21,19,2,8,8,0,88,52,36,64,41,23,4,4,0,8,3,5,21,10,11,12,11,1,3,2,1,10,7,3,27,17,10,23,16,7,0.6995708154506437,0.2510729613733906,0.4484978540772532,0.0050071530758225,0.0028612303290414,0.0021459227467811,0.0157367668097281,0.0057224606580829,0.0100143061516452,0.0021459227467809996,0.0014306151645207,0.0007153075822603,0.0343347639484978,0.0228898426323319,0.0114449213161659,0.03862660944206,0.0293276108726752,0.0092989985693848,0.0028612303290414,0.0028612303290414,0.0,0.0007153075822603,0.0007153075822603,0.0,0.0236051502145922,0.0064377682403433,0.0171673819742489,0.0150214592274677,0.013590844062947,0.0014306151645207,0.0057224606580829,0.0057224606580829,0.0,0.06294706723891261,0.0371959942775393,0.0257510729613733,0.0457796852646637,0.0293276108726752,0.0164520743919885,0.0028612303290414,0.0028612303290414,0.0,0.005722460658082899,0.0021459227467811,0.0035765379113018,0.015021459227467698,0.0071530758226037,0.007868383404864,0.0085836909871243,0.007868383404864,0.0007153075822603,0.0021459227467809996,0.0014306151645207,0.0007153075822603,0.0071530758226037005,0.0050071530758226,0.0021459227467811,0.01931330472103,0.0121602288984263,0.0071530758226037,0.0164520743919885,0.0114449213161659,0.0050071530758226,612
2014-09-01,2014,9,997,372,625,1,0,1,25,11,14,3,3,0,43,25,18,71,51,20,6,6,0,4,1,3,31,5,26,13,13,0,3,3,0,145,90,55,36,18,18,2,2,0,5,3,2,26,14,12,22,17,5,5,3,2,16,13,3,35,22,13,32,21,11,0.6773097826086956,0.2527173913043478,0.4245923913043478,0.0006793478260869,0.0,0.0006793478260869,0.0169836956521738,0.0074728260869565,0.0095108695652173,0.0020380434782608,0.0020380434782608,0.0,0.0292119565217391,0.0169836956521739,0.0122282608695652,0.0482336956521738,0.0346467391304347,0.0135869565217391,0.0040760869565217,0.0040760869565217,0.0,0.0027173913043477002,0.0006793478260869,0.0020380434782608,0.0210597826086955,0.0033967391304347,0.0176630434782608,0.0088315217391304,0.0088315217391304,0.0,0.0020380434782608,0.0020380434782608,0.0,0.09850543478260859,0.061141304347826,0.0373641304347826,0.0244565217391304,0.0122282608695652,0.0122282608695652,0.0013586956521739,0.0013586956521739,0.0,0.0033967391304347,0.0020380434782608,0.0013586956521739,0.017663043478260698,0.0095108695652173,0.0081521739130434,0.0149456521739129,0.0115489130434782,0.0033967391304347,0.0033967391304347,0.0020380434782608,0.0013586956521739,0.0108695652173912,0.0088315217391304,0.0020380434782608,0.0237771739130434,0.014945652173913,0.0088315217391304,0.0217391304347825,0.014266304347826,0.0074728260869565,664
2014-10-01,2014,10,952,305,647,15,11,4,23,9,14,2,2,0,51,28,23,54,42,12,7,6,1,5,3,2,17,7,10,7,7,0,2,1,1,151,101,50,60,23,37,6,5,1,2,1,1,30,23,7,31,30,1,7,1,6,19,17,2,31,18,13,25,12,13,0.654295532646048,0.2096219931271477,0.4446735395189003,0.010309278350515299,0.0075601374570446,0.0027491408934707,0.0158075601374569,0.0061855670103092,0.0096219931271477,0.0013745704467353,0.0013745704467353,0.0,0.035051546391752494,0.0192439862542955,0.015807560137457,0.0371134020618556,0.0288659793814433,0.0082474226804123,0.0048109965635736995,0.0041237113402061,0.0006872852233676,0.0034364261168383,0.002061855670103,0.0013745704467353,0.0116838487972507,0.0048109965635738,0.0068728522336769,0.0048109965635738,0.0048109965635738,0.0,0.0013745704467352,0.0006872852233676,0.0006872852233676,0.1037800687285222,0.0694158075601374,0.0343642611683848,0.0412371134020618,0.015807560137457,0.0254295532646048,0.004123711340206,0.0034364261168384,0.0006872852233676,0.0013745704467352,0.0006872852233676,0.0006872852233676,0.0206185567010308,0.015807560137457,0.0048109965635738,0.0213058419243985,0.0206185567010309,0.0006872852233676,0.0048109965635736995,0.0006872852233676,0.0041237113402061,0.0130584192439861,0.0116838487972508,0.0013745704467353,0.0213058419243985,0.0123711340206185,0.00893470790378,0.017182130584192302,0.0082474226804123,0.00893470790378,622
2014-11-01,2014,11,851,313,538,13,8,5,26,6,20,2,1,1,33,22,11,49,34,15,8,8,0,3,3,0,19,7,12,6,6,0,3,3,0,113,64,49,54,30,24,1,1,0,9,8,1,22,19,3,19,15,4,15,9,6,15,15,0,90,76,14,49,42,7,0.6216216216216216,0.2286340394448502,0.3929875821767714,0.0094959824689553,0.0058436815193571,0.0036523009495982,0.0189919649379107,0.0043827611395178,0.0146092037983929,0.0014609203798392,0.0007304601899196,0.0007304601899196,0.024105186267348304,0.0160701241782322,0.0080350620891161,0.0357925493060627,0.024835646457268,0.0109569028487947,0.0058436815193571,0.0058436815193571,0.0,0.0021913805697589,0.0021913805697589,0.0,0.013878743608473201,0.0051132213294375,0.0087655222790357,0.0043827611395178,0.0043827611395178,0.0,0.0021913805697589,0.0021913805697589,0.0,0.0825420014609203,0.0467494521548575,0.0357925493060628,0.0394448502556609,0.0219138056975894,0.0175310445580715,0.0007304601899196,0.0007304601899196,0.0,0.006574141709276699,0.0058436815193571,0.0007304601899196,0.0160701241782322,0.0138787436084733,0.0021913805697589,0.013878743608473201,0.0109569028487947,0.0029218407596785,0.0109569028487946,0.0065741417092768,0.0043827611395178,0.0109569028487947,0.0109569028487947,0.0,0.0657414170927683,0.0555149744338933,0.010226442658875,0.0357925493060627,0.0306793279766252,0.0051132213294375,668
2014-12-01,2014,12,820,292,528,7,2,5,30,9,21,3,2,1,18,10,8,47,27,20,5,5,0,1,1,0,18,5,13,22,19,3,5,5,0,128,78,50,93,71,22,2,2,0,9,5,4,10,7,3,17,17,0,7,3,4,18,14,4,59,42,17,29,19,10,0.6226271829916477,0.2217160212604404,0.4009111617312073,0.0053151100987091,0.0015186028853454,0.0037965072133637,0.022779043280182102,0.0068337129840546,0.0159453302961275,0.0022779043280181,0.0015186028853454,0.0007593014426727,0.013667425968109301,0.0075930144267274,0.0060744115413819,0.0356871678056188,0.020501138952164,0.0151860288534548,0.0037965072133637,0.0037965072133637,0.0,0.0007593014426727,0.0007593014426727,0.0,0.013667425968109301,0.0037965072133637,0.0098709187547456,0.0167046317388002,0.014426727410782,0.0022779043280182,0.0037965072133637,0.0037965072133637,0.0,0.09719058466211081,0.0592255125284738,0.037965072133637,0.0706150341685649,0.0539104024297646,0.0167046317388003,0.0015186028853454,0.0015186028853454,0.0,0.0068337129840546,0.0037965072133637,0.0030372057706909,0.0075930144267273006,0.0053151100987091,0.0022779043280182,0.0129081245254365,0.0129081245254365,0.0,0.0053151100987090995,0.0022779043280182,0.0030372057706909,0.013667425968109199,0.0106302201974183,0.0030372057706909,0.0447987851176916,0.0318906605922551,0.0129081245254365,0.0220197418375094,0.014426727410782,0.0075930144267274,621
2015-01-01,2015,1,892,305,587,12,10,2,16,8,8,4,1,3,42,32,10,47,34,13,3,3,0,4,2,2,20,5,15,23,21,2,2,1,1,121,68,53,62,32,30,3,3,0,3,2,1,30,19,11,11,8,3,6,3,3,12,11,1,36,25,11,32,18,14,0.6641846612062545,0.2271034996276991,0.4370811615785555,0.0089352196574832,0.007446016381236,0.0014892032762472,0.0119136262099776,0.0059568131049888,0.0059568131049888,0.0029784065524944,0.0007446016381236,0.0022338049143708,0.0312732688011913,0.0238272524199553,0.007446016381236,0.0349962769918093,0.0253164556962025,0.0096798212956068,0.0022338049143708,0.0022338049143708,0.0,0.0029784065524944,0.0014892032762472,0.0014892032762472,0.014892032762472,0.003723008190618,0.011169024571854,0.0171258376768428,0.0156366344005956,0.0014892032762472,0.0014892032762472,0.0007446016381236,0.0007446016381236,0.09009679821295599,0.050632911392405,0.039463886820551,0.0461653015636634,0.0238272524199553,0.0223380491437081,0.0022338049143708,0.0022338049143708,0.0,0.0022338049143708,0.0014892032762472,0.0007446016381236,0.022338049143708,0.0141474311243484,0.0081906180193596,0.0081906180193596,0.0059568131049888,0.0022338049143708,0.0044676098287416,0.0022338049143708,0.0022338049143708,0.0089352196574832,0.0081906180193596,0.0007446016381236,0.026805658972449596,0.01861504095309,0.0081906180193596,0.0238272524199552,0.0134028294862248,0.0104244229337304,586
2015-02-01,2015,2,857,269,588,10,8,2,18,5,13,14,7,7,38,21,17,60,39,21,1,1,0,3,2,1,19,2,17,19,19,0,7,6,1,118,57,61,44,20,24,1,1,0,5,5,0,20,14,6,22,18,4,1,0,1,15,10,5,23,16,7,16,14,2,0.6737421383647798,0.2114779874213836,0.4622641509433962,0.0078616352201257,0.0062893081761006,0.0015723270440251,0.014150943396226301,0.0039308176100628,0.0102201257861635,0.011006289308176,0.005503144654088,0.005503144654088,0.029874213836477898,0.0165094339622641,0.0133647798742138,0.047169811320754595,0.0306603773584905,0.0165094339622641,0.0007861635220125,0.0007861635220125,0.0,0.0023584905660376,0.0015723270440251,0.0007861635220125,0.0149371069182389,0.0015723270440251,0.0133647798742138,0.0149371069182389,0.0149371069182389,0.0,0.005503144654087901,0.0047169811320754,0.0007861635220125,0.0927672955974842,0.0448113207547169,0.0479559748427673,0.0345911949685533,0.0157232704402515,0.0188679245283018,0.0007861635220125,0.0007861635220125,0.0,0.0039308176100628,0.0039308176100628,0.0,0.0157232704402515,0.0110062893081761,0.0047169811320754,0.017295597484276698,0.0141509433962264,0.0031446540880503,0.0007861635220125,0.0,0.0007861635220125,0.0117924528301885,0.0078616352201257,0.0039308176100628,0.0180817610062892,0.0125786163522012,0.005503144654088,0.0125786163522012,0.0110062893081761,0.0015723270440251,513
2015-03-01,2015,3,971,317,654,11,7,4,21,10,11,4,3,1,35,20,15,141,111,30,3,3,0,7,6,1,24,1,23,16,15,1,6,5,1,126,75,51,49,20,29,1,1,0,4,3,1,22,14,8,41,37,4,6,1,5,14,11,3,51,39,12,32,25,7,0.6447543160690571,0.2104913678618858,0.4342629482071713,0.007304116865869801,0.0046480743691899,0.0026560424966799,0.0139442231075696,0.0066401062416998,0.0073041168658698,0.0026560424966797997,0.0019920318725099,0.0006640106241699,0.0232403718459495,0.0132802124833997,0.0099601593625498,0.0936254980079681,0.0737051792828685,0.0199203187250996,0.0019920318725099,0.0019920318725099,0.0,0.0046480743691898006,0.0039840637450199,0.0006640106241699,0.0159362549800795,0.0006640106241699,0.0152722443559096,0.0106241699867197,0.0099601593625498,0.0006640106241699,0.0039840637450198,0.0033200531208499,0.0006640106241699,0.08366533864541831,0.049800796812749,0.0338645418326693,0.0325365205843293,0.0132802124833997,0.0192563081009296,0.0006640106241699,0.0006640106241699,0.0,0.0026560424966797997,0.0019920318725099,0.0006640106241699,0.014608233731739601,0.0092961487383798,0.0053120849933598,0.0272244355909694,0.0245683930942895,0.0026560424966799,0.0039840637450198,0.0006640106241699,0.0033200531208499,0.0092961487383797,0.0073041168658698,0.0019920318725099,0.0338645418326692,0.0258964143426294,0.0079681274900398,0.0212483399734395,0.0166002656042496,0.0046480743691899,669
2015-04-01,2015,4,1159,453,706,5,3,2,44,18,26,4,3,1,27,21,6,83,68,15,4,3,1,3,2,1,36,14,22,12,12,0,3,3,0,100,62,38,50,28,22,5,4,1,7,5,2,22,18,4,24,20,4,6,4,2,26,20,6,119,103,16,123,94,29,0.6421052631578947,0.2509695290858725,0.3911357340720222,0.0027700831024929998,0.0016620498614958,0.0011080332409972,0.0243767313019389,0.009972299168975,0.0144044321329639,0.0022160664819944,0.0016620498614958,0.0005540166204986,0.0149584487534625,0.0116343490304709,0.0033240997229916,0.045983379501385,0.0376731301939058,0.0083102493074792,0.0022160664819944,0.0016620498614958,0.0005540166204986,0.0016620498614958001,0.0011080332409972,0.0005540166204986,0.0199445983379501,0.0077562326869806,0.0121883656509695,0.0066481994459833,0.0066481994459833,0.0,0.0016620498614958,0.0016620498614958,0.0,0.0554016620498614,0.0343490304709141,0.0210526315789473,0.0277008310249307,0.0155124653739612,0.0121883656509695,0.002770083102493,0.0022160664819944,0.0005540166204986,0.0038781163434902003,0.002770083102493,0.0011080332409972,0.0121883656509694,0.009972299168975,0.0022160664819944,0.0132963988919667,0.0110803324099723,0.0022160664819944,0.0033240997229916002,0.0022160664819944,0.0011080332409972,0.014404432132963899,0.0110803324099723,0.0033240997229916,0.0659279778393351,0.0570637119113573,0.0088642659279778,0.0681440443213296,0.0520775623268698,0.0160664819944598,912
2015-05-01,2015,5,942,342,600,12,8,4,21,14,7,3,3,0,41,25,16,83,65,18,14,14,0,0,0,0,39,9,30,26,25,1,11,11,0,121,79,42,50,19,31,2,0,2,12,8,4,9,6,3,16,12,4,6,3,3,12,11,1,42,31,11,38,28,10,0.6550764951321278,0.2378303198887343,0.4172461752433936,0.0083449235048677,0.0055632823365785,0.0027816411682892,0.0146036161335187,0.0097357440890125,0.0048678720445062,0.0020862308762169,0.0020862308762169,0.0,0.0285118219749651,0.017385257301808,0.0111265646731571,0.0577190542420027,0.0452016689847009,0.0125173852573018,0.0097357440890125,0.0097357440890125,0.0,0.0,0.0,0.0,0.0271210013908205,0.0062586926286509,0.0208623087621696,0.0180806675938803,0.017385257301808,0.0006954102920723,0.0076495132127955,0.0076495132127955,0.0,0.0841446453407509,0.0549374130737134,0.0292072322670375,0.0347705146036161,0.0132127955493741,0.021557719054242,0.0013908205841446,0.0,0.0013908205841446,0.0083449235048677,0.0055632823365785,0.0027816411682892,0.0062586926286507995,0.0041724617524339,0.0020862308762169,0.011126564673157,0.0083449235048678,0.0027816411682892,0.0041724617524338,0.0020862308762169,0.0020862308762169,0.008344923504867801,0.0076495132127955,0.0006954102920723,0.0292072322670375,0.021557719054242,0.0076495132127955,0.0264255910987482,0.019471488178025,0.0069541029207232,664
2015-06-01,2015,6,1063,372,691,6,3,3,29,11,18,3,2,1,48,33,15,108,77,31,3,3,0,4,1,3,33,5,28,11,9,2,3,3,0,139,72,67,72,39,33,3,2,1,4,2,2,17,14,3,28,21,7,9,3,6,12,9,3,40,27,13,26,16,10,0.6702395964691046,0.2345523329129886,0.435687263556116,0.0037831021437578,0.0018915510718789,0.0018915510718789,0.0182849936948297,0.0069356872635561,0.0113493064312736,0.0018915510718787998,0.0012610340479192,0.0006305170239596,0.030264817150063,0.0208070617906683,0.0094577553593947,0.0680958385876418,0.0485498108448928,0.019546027742749,0.0018915510718789,0.0018915510718789,0.0,0.0025220680958385,0.0006305170239596,0.0018915510718789,0.0208070617906683,0.0031525851197982,0.0176544766708701,0.006935687263556,0.0056746532156368,0.0012610340479192,0.0018915510718789,0.0018915510718789,0.0,0.0876418663303908,0.0453972257250945,0.0422446406052963,0.0453972257250945,0.0245901639344262,0.0208070617906683,0.0018915510718787998,0.0012610340479192,0.0006305170239596,0.0025220680958384,0.0012610340479192,0.0012610340479192,0.0107187894073139,0.008827238335435,0.0018915510718789,0.01765447667087,0.0132408575031525,0.0044136191677175,0.0056746532156366995,0.0018915510718789,0.0037831021437578,0.0075662042875157005,0.0056746532156368,0.0018915510718789,0.025220680958385797,0.0170239596469104,0.0081967213114754,0.0163934426229507,0.0100882723833543,0.0063051702395964,678
2015-07-01,2015,7,1379,580,799,13,10,3,50,11,39,4,2,2,64,45,19,95,82,13,11,11,0,10,6,4,22,1,21,17,17,0,11,11,0,163,100,63,42,26,16,3,2,1,7,5,2,30,18,12,27,23,4,4,0,4,20,18,2,70,49,21,52,31,21,0.6833498513379583,0.2874132804757185,0.3959365708622398,0.006442021803766,0.0049554013875123,0.0014866204162537,0.0247770069375619,0.0054509415262636,0.0193260654112983,0.0019821605550048,0.0009910802775024,0.0009910802775024,0.0317145688800792,0.0222993062438057,0.0094152626362735,0.0470763131813676,0.0406342913776015,0.0064420218037661,0.0054509415262636,0.0054509415262636,0.0,0.0049554013875123,0.0029732408325074,0.0019821605550049,0.0109018830525272,0.0004955401387512,0.010406342913776,0.008424182358771,0.008424182358771,0.0,0.0054509415262636,0.0054509415262636,0.0,0.0807730426164518,0.0495540138751238,0.031219028741328,0.020812685827552,0.0128840436075322,0.0079286422200198,0.0014866204162536,0.0009910802775024,0.0004955401387512,0.0034687809712585,0.0024777006937561,0.0009910802775024,0.014866204162537,0.0089197224975222,0.0059464816650148,0.0133795837462833,0.0113974231912784,0.0019821605550049,0.0019821605550049,0.0,0.0019821605550049,0.0099108027750246,0.0089197224975222,0.0009910802775024,0.0346878097125867,0.0242814667988107,0.010406342913776,0.0257680872150644,0.0153617443012884,0.010406342913776,988
2015-08-01,2015,8,795,265,530,4,2,2,24,11,13,0,0,0,51,31,20,68,51,17,0,0,0,2,1,1,26,8,18,13,13,0,9,9,0,134,83,51,69,39,30,4,4,0,4,4,0,31,25,6,15,15,0,1,0,1,11,8,3,25,15,10,22,10,12,0.6329617834394904,0.2109872611464968,0.4219745222929936,0.003184713375796,0.001592356687898,0.001592356687898,0.0191082802547769,0.0087579617834394,0.0103503184713375,0.0,0.0,0.0,0.0406050955414011,0.0246815286624203,0.0159235668789808,0.0541401273885349,0.0406050955414012,0.0135350318471337,0.0,0.0,0.0,0.001592356687898,0.000796178343949,0.000796178343949,0.0207006369426751,0.0063694267515923,0.0143312101910828,0.0103503184713375,0.0103503184713375,0.0,0.0071656050955414,0.0071656050955414,0.0,0.1066878980891719,0.0660828025477707,0.0406050955414012,0.054936305732484,0.0310509554140127,0.0238853503184713,0.0031847133757961,0.0031847133757961,0.0,0.0031847133757961,0.0031847133757961,0.0,0.0246815286624203,0.0199044585987261,0.0047770700636942,0.0119426751592356,0.0119426751592356,0.0,0.000796178343949,0.0,0.000796178343949,0.0087579617834394,0.0063694267515923,0.0023885350318471,0.019904458598726,0.0119426751592356,0.0079617834394904,0.0175159235668789,0.0079617834394904,0.0095541401273885,556
2015-09-01,2015,9,814,318,496,5,2,3,34,15,19,3,1,2,29,20,9,72,60,12,10,9,1,6,5,1,33,11,22,4,3,1,1,1,0,110,74,36,40,23,17,4,4,0,8,6,2,62,48,14,18,16,2,11,4,7,15,8,7,29,10,19,29,18,11,0.6354410616705698,0.2482435597189695,0.3871975019516003,0.003903200624512,0.0015612802498048,0.0023419203747072,0.0265417642466822,0.0117096018735363,0.0148321623731459,0.0023419203747072,0.0007806401249024,0.0015612802498048,0.0226385636221701,0.0156128024980484,0.0070257611241217,0.056206088992974204,0.0468384074941452,0.009367681498829,0.0078064012490241,0.0070257611241217,0.0007806401249024,0.0046838407494145,0.0039032006245121,0.0007806401249024,0.025761124121779798,0.0085870413739266,0.0171740827478532,0.0031225604996096,0.0023419203747072,0.0007806401249024,0.0007806401249024,0.0007806401249024,0.0,0.0858704137392661,0.057767369242779,0.0281030444964871,0.031225604996096702,0.0179547228727556,0.0132708821233411,0.0031225604996096,0.0031225604996096,0.0,0.0062451209992193,0.0046838407494145,0.0015612802498048,0.0483996877439499,0.0374707259953161,0.0109289617486338,0.0140515222482435,0.0124902419984387,0.0015612802498048,0.008587041373926501,0.0031225604996096,0.0054644808743169,0.0117096018735362,0.0062451209992193,0.0054644808743169,0.0226385636221701,0.0078064012490242,0.0148321623731459,0.0226385636221701,0.0140515222482435,0.0085870413739266,611
2015-10-01,2015,10,906,356,550,7,4,3,33,10,23,2,1,1,31,16,15,89,60,29,7,7,0,4,3,1,35,10,25,18,17,1,10,8,2,126,74,52,67,45,22,1,0,1,5,3,2,19,13,6,23,23,0,2,1,1,11,9,2,32,18,14,21,12,9,0.6579520697167756,0.2585330428467683,0.3994190268700072,0.0050835148874363,0.0029048656499636,0.0021786492374727,0.0239651416122004,0.0072621641249092,0.0167029774872912,0.0014524328249818,0.0007262164124909,0.0007262164124909,0.022512708787218498,0.0116194625998547,0.0108932461873638,0.064633260711692,0.0435729847494553,0.0210602759622367,0.0050835148874364,0.0050835148874364,0.0,0.0029048656499636,0.0021786492374727,0.0007262164124909,0.0254175744371822,0.0072621641249092,0.018155410312273,0.0130718954248365,0.0123456790123456,0.0007262164124909,0.0072621641249091,0.0058097312999273,0.0014524328249818,0.0915032679738561,0.0537400145243282,0.0377632534495279,0.0486564996368917,0.0326797385620915,0.0159767610748002,0.0007262164124909,0.0,0.0007262164124909,0.0036310820624545,0.0021786492374727,0.0014524328249818,0.0137981118373274,0.0094408133623819,0.0043572984749455,0.0167029774872912,0.0167029774872912,0.0,0.0014524328249818,0.0007262164124909,0.0007262164124909,0.0079883805374001,0.0065359477124183,0.0014524328249818,0.0232389251997095,0.0130718954248366,0.0101670297748729,0.0152505446623093,0.008714596949891,0.0065359477124183,640
2015-11-01,2015,11,1061,480,581,7,5,2,40,23,17,1,1,0,54,31,23,147,122,25,4,4,0,3,1,2,63,22,41,12,12,0,3,3,0,107,67,40,40,25,15,1,1,0,16,7,9,11,9,2,46,43,3,2,1,1,5,4,1,26,12,14,28,18,10,0.6689785624211853,0.3026481715006305,0.3663303909205548,0.0044136191677173996,0.0031525851197982,0.0012610340479192,0.0252206809583857,0.0145018915510718,0.0107187894073139,0.0006305170239596,0.0006305170239596,0.0,0.034047919293820804,0.019546027742749,0.0145018915510718,0.092686002522068,0.0769230769230769,0.0157629255989911,0.0025220680958385,0.0025220680958385,0.0,0.0018915510718787998,0.0006305170239596,0.0012610340479192,0.039722572509457696,0.0138713745271122,0.0258511979823455,0.0075662042875157,0.0075662042875157,0.0,0.0018915510718789,0.0018915510718789,0.0,0.0674653215636821,0.0422446406052963,0.0252206809583858,0.0252206809583858,0.0157629255989911,0.0094577553593947,0.0006305170239596,0.0006305170239596,0.0,0.0100882723833543,0.0044136191677175,0.0056746532156368,0.006935687263556,0.0056746532156368,0.0012610340479192,0.0290037831021437,0.0271122320302648,0.0018915510718789,0.0012610340479192,0.0006305170239596,0.0006305170239596,0.0031525851197981,0.0025220680958385,0.0006305170239596,0.0163934426229507,0.0075662042875157,0.008827238335435,0.01765447667087,0.0113493064312736,0.0063051702395964,818
2015-12-01,2015,12,978,345,633,15,10,5,45,15,30,3,1,2,58,38,20,111,94,17,4,3,1,4,2,2,33,8,25,21,20,1,3,3,0,104,66,38,41,21,20,1,0,1,12,11,1,8,6,2,25,22,3,10,5,5,21,14,7,56,43,13,33,24,9,0.6485411140583554,0.2287798408488063,0.4197612732095491,0.009946949602122,0.006631299734748,0.003315649867374,0.029840848806365998,0.009946949602122,0.019893899204244,0.0019893899204244,0.0006631299734748,0.0013262599469496,0.0384615384615384,0.0251989389920424,0.013262599469496,0.07360742705570289,0.0623342175066313,0.0112732095490716,0.0026525198938992,0.0019893899204244,0.0006631299734748,0.0026525198938992,0.0013262599469496,0.0013262599469496,0.0218832891246684,0.0053050397877984,0.01657824933687,0.0139257294429708,0.013262599469496,0.0006631299734748,0.0019893899204244,0.0019893899204244,0.0,0.0689655172413792,0.0437665782493368,0.0251989389920424,0.0271883289124668,0.0139257294429708,0.013262599469496,0.0006631299734748,0.0,0.0006631299734748,0.0079575596816976,0.0072944297082228,0.0006631299734748,0.0053050397877984,0.0039787798408488,0.0013262599469496,0.01657824933687,0.0145888594164456,0.0019893899204244,0.006631299734748,0.003315649867374,0.003315649867374,0.0139257294429708,0.0092838196286472,0.0046419098143236,0.037135278514588796,0.0285145888594164,0.0086206896551724,0.0218832891246684,0.0159151193633952,0.0059681697612732,691
2016-01-01,2016,1,1195,419,776,6,4,2,63,25,38,4,3,1,51,27,24,103,82,21,4,4,0,4,4,0,39,8,31,63,61,2,16,16,0,143,88,55,72,47,25,2,2,0,14,13,1,12,9,3,19,18,1,11,7,4,15,11,4,67,52,15,58,35,23,0.6342887473460722,0.2223991507430998,0.4118895966029724,0.003184713375796,0.0021231422505307,0.0010615711252653,0.033439490445859796,0.0132696390658174,0.0201698513800424,0.0021231422505306,0.001592356687898,0.0005307855626326,0.0270700636942675,0.0143312101910828,0.0127388535031847,0.0546709129511677,0.0435244161358811,0.0111464968152866,0.0021231422505307,0.0021231422505307,0.0,0.0021231422505307,0.0021231422505307,0.0,0.020700636942675002,0.0042462845010615,0.0164543524416135,0.033439490445859706,0.0323779193205944,0.0010615711252653,0.0084925690021231,0.0084925690021231,0.0,0.0759023354564755,0.0467091295116772,0.0291932059447983,0.038216560509554104,0.0249469214437367,0.0132696390658174,0.0010615711252653,0.0010615711252653,0.0,0.0074309978768576,0.006900212314225,0.0005307855626326,0.006369426751592199,0.0047770700636942,0.001592356687898,0.0100849256900211,0.0095541401273885,0.0005307855626326,0.0058386411889595,0.0037154989384288,0.0021231422505307,0.0079617834394903,0.0058386411889596,0.0021231422505307,0.0355626326963906,0.0276008492569002,0.0079617834394904,0.0307855626326963,0.0185774946921443,0.012208067940552,876
2016-02-01,2016,2,1521,467,1054,5,2,3,48,16,32,6,3,3,69,41,28,186,149,37,3,1,2,3,2,1,37,1,36,116,111,5,25,24,1,199,130,69,56,21,35,0,0,0,11,8,3,24,15,9,41,34,7,12,5,7,38,24,14,62,39,23,34,13,21,0.6423141891891891,0.1972128378378378,0.4451013513513513,0.0021114864864863,0.0008445945945945,0.0012668918918918,0.020270270270270202,0.0067567567567567,0.0135135135135135,0.0025337837837836,0.0012668918918918,0.0012668918918918,0.0291385135135134,0.0173141891891891,0.0118243243243243,0.0785472972972973,0.0629222972972973,0.015625,0.0012668918918917,0.0004222972972972,0.0008445945945945,0.0012668918918917,0.0008445945945945,0.0004222972972972,0.0156249999999999,0.0004222972972972,0.0152027027027027,0.0489864864864864,0.046875,0.0021114864864864,0.010557432432432299,0.0101351351351351,0.0004222972972972,0.0840371621621621,0.0548986486486486,0.0291385135135135,0.0236486486486486,0.0088682432432432,0.0147804054054054,0.0,0.0,0.0,0.0046452702702701,0.0033783783783783,0.0012668918918918,0.010135135135135,0.0063344594594594,0.0038006756756756,0.0173141891891891,0.0143581081081081,0.002956081081081,0.0050675675675674,0.0021114864864864,0.002956081081081,0.0160472972972972,0.0101351351351351,0.0059121621621621,0.026182432432432297,0.0164695945945945,0.0097128378378378,0.014358108108108,0.0054898648648648,0.0088682432432432,1009
2016-03-01,2016,3,1706,494,1212,12,9,3,68,25,43,0,0,0,82,33,49,152,117,35,7,7,0,4,3,1,58,9,49,103,96,7,26,26,0,175,103,72,80,36,44,2,1,1,17,10,7,29,18,11,37,23,14,7,2,5,22,16,6,54,29,25,50,20,30,0.654392021480629,0.1894898350594553,0.4649021864211737,0.004602991944764,0.003452243958573,0.001150747986191,0.0260836210203298,0.0095895665515918,0.016494054468738,0.0,0.0,0.0,0.0314537782892212,0.0126582278481012,0.01879555044112,0.0583045646336785,0.0448791714614499,0.0134253931722286,0.0026850786344457,0.0026850786344457,0.0,0.0015343306482546002,0.001150747986191,0.0003835826620636,0.022247794399693,0.003452243958573,0.01879555044112,0.039509014192558395,0.0368239355581127,0.0026850786344457,0.0099731492136555,0.0099731492136555,0.0,0.067126965861143,0.0395090141925585,0.0276179516685845,0.0306866129650938,0.0138089758342922,0.0168776371308016,0.0007671653241272,0.0003835826620636,0.0003835826620636,0.0065209052550824,0.0038358266206367,0.0026850786344457,0.011123897199846501,0.0069044879171461,0.0042194092827004,0.014192558496355898,0.0088224012274645,0.0053701572688914,0.0026850786344456,0.0007671653241273,0.0019179133103183,0.0084388185654007,0.0061373225930187,0.002301495972382,0.020713463751438302,0.0111238971998465,0.0095895665515918,0.0191791331031836,0.0076716532412734,0.0115074798619102,1016
2016-04-01,2016,4,1809,610,1199,15,7,8,37,15,22,4,4,0,100,60,40,132,97,35,5,4,1,2,2,0,80,29,51,45,44,1,5,5,0,176,116,60,89,52,37,0,0,0,10,7,3,60,41,19,29,29,0,4,3,1,25,24,1,46,26,20,43,23,20,0.686267071320182,0.2314112291350531,0.454855842185129,0.005690440060698,0.0026555386949924,0.0030349013657056,0.0140364188163884,0.005690440060698,0.0083459787556904,0.0015174506828528,0.0015174506828528,0.0,0.0379362670713201,0.0227617602427921,0.015174506828528,0.0500758725341425,0.0367981790591805,0.013277693474962,0.001896813353566,0.0015174506828528,0.0003793626707132,0.0007587253414264,0.0007587253414264,0.0,0.030349013657056,0.0110015174506828,0.0193474962063732,0.017071320182094,0.0166919575113808,0.0003793626707132,0.001896813353566,0.001896813353566,0.0,0.0667678300455235,0.0440060698027314,0.0227617602427921,0.0337632776934748,0.0197268588770864,0.0140364188163884,0.0,0.0,0.0,0.003793626707132,0.0026555386949924,0.0011380880121396,0.022761760242792,0.0155538694992412,0.0072078907435508,0.0110015174506828,0.0110015174506828,0.0,0.0015174506828528,0.0011380880121396,0.0003793626707132,0.00948406676783,0.0091047040971168,0.0003793626707132,0.017450682852807202,0.0098634294385432,0.007587253414264,0.016312594840667598,0.0087253414264036,0.007587253414264,1143
2016-05-01,2016,5,1687,522,1165,9,7,2,42,16,26,3,3,0,93,64,29,113,73,40,2,2,0,3,2,1,122,41,81,38,37,1,11,11,0,161,90,71,98,57,41,3,3,0,11,9,2,94,89,5,34,24,10,19,8,11,17,13,4,60,44,16,51,30,21,0.6505977632086386,0.2013112225221751,0.4492865406864635,0.003470883146934,0.0026995757809487,0.0007713073659853,0.0161974546856921,0.0061704589278827,0.0100269957578094,0.001156961048978,0.001156961048978,0.0,0.0358657925183185,0.024681835711531,0.0111839568067875,0.0435788661781719,0.028152718858465,0.0154261473197069,0.0007713073659853,0.0007713073659853,0.0,0.0011569610489779,0.0007713073659853,0.0003856536829926,0.0470497493251059,0.0158118010026995,0.0312379483224064,0.0146548399537214,0.0142691862707288,0.0003856536829926,0.0042421905129193,0.0042421905129193,0.0,0.0620902429618202,0.0347088314693405,0.0273814114924797,0.0377940609332818,0.0219822599305823,0.0158118010026995,0.001156961048978,0.001156961048978,0.0,0.0042421905129193,0.003470883146934,0.0007713073659853,0.0362514462013111,0.0343231777863478,0.0019282684149633,0.0131122252217508,0.0092556883918241,0.0038565368299267,0.007327419976860599,0.0030852294639413,0.0042421905129193,0.0065561126108753,0.0050134978789047,0.0015426147319706,0.0231392209795602,0.0169687620516775,0.0061704589278827,0.019668337832626198,0.0115696104897801,0.0080987273428461,1102
2016-06-01,2016,6,1628,571,1057,15,13,2,69,24,45,4,2,2,146,105,41,82,55,27,4,4,0,1,1,0,63,6,57,30,26,4,9,9,0,200,133,67,101,53,48,2,2,0,14,11,3,61,50,11,30,26,4,2,1,1,32,28,4,81,60,21,40,17,23,0.6379310344827585,0.2237460815047021,0.4141849529780564,0.0058777429467084,0.0050940438871473,0.0007836990595611,0.027037617554858798,0.0094043887147335,0.0176332288401253,0.0015673981191222,0.0007836990595611,0.0007836990595611,0.0572100313479623,0.0411442006269592,0.0160658307210031,0.0321316614420062,0.021551724137931,0.0105799373040752,0.0015673981191222,0.0015673981191222,0.0,0.0003918495297805,0.0003918495297805,0.0,0.0246865203761754,0.0023510971786833,0.0223354231974921,0.0117554858934168,0.0101880877742946,0.0015673981191222,0.003526645768025,0.003526645768025,0.0,0.0783699059561128,0.052115987460815,0.0262539184952978,0.0395768025078369,0.0207680250783699,0.018808777429467,0.0007836990595611,0.0007836990595611,0.0,0.0054858934169278,0.0043103448275862,0.0011755485893416,0.0239028213166144,0.0195924764890282,0.0043103448275862,0.0117554858934168,0.0101880877742946,0.0015673981191222,0.000783699059561,0.0003918495297805,0.0003918495297805,0.012539184952977999,0.0109717868338558,0.0015673981191222,0.0317398119122256,0.0235109717868338,0.0082288401253918,0.0156739811912224,0.0066614420062695,0.0090125391849529,1157
2016-07-01,2016,7,1715,635,1080,19,16,3,92,24,68,0,0,0,91,52,39,94,60,34,7,7,0,4,3,1,72,7,65,48,48,0,18,18,0,226,116,110,89,51,38,0,0,0,20,14,6,61,47,14,40,32,8,17,9,8,25,17,8,71,53,18,61,34,27,0.6370728083209509,0.2358841010401188,0.4011887072808321,0.0070579494799404,0.0059435364041604,0.00111441307578,0.0341753343239227,0.0089153046062407,0.025260029717682,0.0,0.0,0.0,0.0338038632986626,0.0193164933135215,0.0144873699851411,0.0349182763744427,0.0222882615156017,0.012630014858841,0.0026002971768202,0.0026002971768202,0.0,0.00148588410104,0.00111441307578,0.00037147102526,0.0267459138187221,0.0026002971768202,0.0241456166419019,0.0178306092124814,0.0178306092124814,0.0,0.0066864784546805,0.0066864784546805,0.0,0.0839524517087666,0.0430906389301634,0.0408618127786032,0.0330609212481426,0.0189450222882615,0.0141158989598811,0.0,0.0,0.0,0.0074294205052005,0.0052005943536404,0.0022288261515601,0.0226597325408617,0.0174591381872213,0.0052005943536404,0.0148588410104011,0.0118870728083209,0.0029717682020802,0.0063150074294203995,0.0033432392273402,0.0029717682020802,0.0092867756315007,0.0063150074294205,0.0029717682020802,0.026374442793462002,0.0196879643387815,0.0066864784546805,0.0226597325408618,0.012630014858841,0.0100297176820208,1193
2016-08-01,2016,8,1757,524,1233,10,8,2,63,19,44,3,1,2,117,68,49,99,68,31,6,5,1,2,1,1,52,10,42,80,79,1,14,14,0,164,73,91,128,74,54,0,0,0,21,17,4,45,19,26,39,32,7,6,2,4,27,14,13,54,21,33,62,29,33,0.6551081282624907,0.1953765846383296,0.4597315436241611,0.0037285607755405997,0.0029828486204325,0.0007457121551081,0.023489932885906,0.0070842654735272,0.0164056674123788,0.0011185682326621,0.000372856077554,0.0007457121551081,0.0436241610738254,0.0253542132736763,0.0182699478001491,0.0369127516778522,0.0253542132736763,0.0115585384041759,0.0022371364653243,0.0018642803877703,0.000372856077554,0.000745712155108,0.000372856077554,0.000372856077554,0.0193885160328112,0.0037285607755406,0.0156599552572706,0.029828486204325,0.029455630126771,0.000372856077554,0.0052199850857568,0.0052199850857568,0.0,0.061148396718866405,0.0272184936614466,0.0339299030574198,0.0477255779269201,0.0275913497390007,0.0201342281879194,0.0,0.0,0.0,0.0078299776286352,0.006338553318419,0.0014914243102162,0.0167785234899328,0.0070842654735272,0.0096942580164056,0.0145413870246084,0.01193139448173,0.0026099925428784,0.0022371364653243,0.0007457121551081,0.0014914243102162,0.010067114093959599,0.0052199850857568,0.0048471290082028,0.0201342281879194,0.0078299776286353,0.0123042505592841,0.0231170768083519,0.0108128262490678,0.0123042505592841,1037
2016-09-01,2016,9,1623,572,1051,21,13,8,51,19,32,7,6,1,84,50,34,78,64,14,8,8,0,1,1,0,60,20,40,65,64,1,5,5,0,163,111,52,83,43,40,2,1,1,11,8,3,66,49,17,23,21,2,9,1,8,24,23,1,38,22,16,40,27,13,0.6737235367372353,0.2374429223744292,0.4362806143628061,0.0087173100871731,0.0053964300539643,0.0033208800332088,0.0211706102117061,0.0078870900788709,0.0132835201328352,0.0029057700290576996,0.0024906600249066,0.0004151100041511,0.034869240348692404,0.020755500207555,0.0141137401411374,0.0323785803237858,0.0265670402656704,0.0058115400581154,0.0033208800332088,0.0033208800332088,0.0,0.0004151100041511,0.0004151100041511,0.0,0.024906600249065998,0.008302200083022,0.016604400166044,0.0269821502698215,0.0265670402656704,0.0004151100041511,0.0020755500207555,0.0020755500207555,0.0,0.0676629306766293,0.0460772104607721,0.0215857202158572,0.0344541303445413,0.0178497301784973,0.016604400166044,0.0008302200083022,0.0004151100041511,0.0004151100041511,0.0045662100456621,0.0033208800332088,0.0012453300124533,0.0273972602739726,0.0203403902034039,0.0070568700705687,0.0095475300954753,0.0087173100871731,0.0008302200083022,0.0037359900373598997,0.0004151100041511,0.0033208800332088,0.0099626400996264,0.0095475300954753,0.0004151100041511,0.0157741801577418,0.0091324200913242,0.0066417600664176,0.016604400166044,0.0112079701120797,0.0053964300539643,1082
2016-10-01,2016,10,1678,599,1079,16,13,3,47,18,29,4,3,1,73,38,35,138,110,28,9,9,0,8,7,1,57,14,43,54,51,3,14,14,0,194,106,88,45,22,23,9,8,1,12,9,3,45,34,11,29,26,3,15,6,9,27,23,4,79,50,29,63,29,34,0.661150512214342,0.2360126083530339,0.4251379038613081,0.0063041765169424,0.0051221434200157,0.0011820330969267,0.0185185185185184,0.0070921985815602,0.0114263199369582,0.0015760441292356,0.0011820330969267,0.0003940110323089,0.0287628053585499,0.0149724192277383,0.0137903861308116,0.054373522458628795,0.0433412135539795,0.0110323089046493,0.0035460992907801,0.0035460992907801,0.0,0.0031520882584712,0.0027580772261623,0.0003940110323089,0.0224586288416075,0.0055161544523246,0.0169424743892829,0.0212765957446808,0.0200945626477541,0.0011820330969267,0.0055161544523246,0.0055161544523246,0.0,0.07643814026792739,0.0417651694247438,0.0346729708431836,0.0177304964539007,0.0086682427107959,0.0090622537431048,0.0035460992907801,0.0031520882584712,0.0003940110323089,0.0047281323877068,0.0035460992907801,0.0011820330969267,0.0177304964539006,0.0133963750985027,0.0043341213553979,0.0114263199369582,0.0102442868400315,0.0011820330969267,0.0059101654846335,0.0023640661938534,0.0035460992907801,0.0106382978723404,0.0090622537431048,0.0015760441292356,0.031126871552403398,0.0197005516154452,0.0114263199369582,0.024822695035460897,0.0114263199369582,0.0133963750985027,1131
2016-11-01,2016,11,1361,447,914,14,10,4,72,25,47,2,1,1,64,31,33,170,121,49,7,6,1,5,2,3,44,13,31,56,56,0,10,10,0,190,91,99,41,25,16,1,0,1,19,16,3,43,25,18,31,31,0,13,2,11,29,22,7,39,27,12,49,29,20,0.6306765523632993,0.2071362372567191,0.4235403151065802,0.0064874884151990995,0.0046339202965708,0.0018535681186283,0.0333642261353104,0.0115848007414272,0.0217794253938832,0.000926784059314,0.000463392029657,0.000463392029657,0.0296570898980536,0.0143651529193697,0.0152919369786839,0.0787766450417052,0.0560704355885078,0.0227062094531974,0.0032437442075995,0.0027803521779425,0.000463392029657,0.0023169601482852997,0.0009267840593141,0.0013901760889712,0.0203892493049118,0.0060240963855421,0.0143651529193697,0.025949953660797,0.025949953660797,0.0,0.0046339202965708,0.0046339202965708,0.0,0.088044485634847,0.0421686746987951,0.0458758109360519,0.0189990732159406,0.0115848007414272,0.0074142724745134,0.000463392029657,0.0,0.000463392029657,0.0088044485634846,0.0074142724745134,0.0013901760889712,0.0199258572752548,0.0115848007414272,0.0083410565338276,0.0143651529193697,0.0143651529193697,0.0,0.006024096385542001,0.0009267840593141,0.0050973123262279,0.0134383688600555,0.0101946246524559,0.0032437442075996,0.018072289156626398,0.0125115848007414,0.005560704355885,0.0227062094531973,0.0134383688600556,0.0092678405931417,932
2016-12-01,2016,12,1310,455,855,13,6,7,27,4,23,4,3,1,68,42,26,83,58,25,5,4,1,1,1,0,46,15,31,78,77,1,32,32,0,125,80,45,74,54,20,2,0,2,12,9,3,90,47,43,18,18,0,3,2,1,26,23,3,38,18,20,49,28,21,0.638401559454191,0.2217348927875243,0.4166666666666667,0.0063352826510719995,0.0029239766081871,0.0034113060428849,0.013157894736842,0.0019493177387914,0.0112085769980506,0.0019493177387913,0.0014619883040935,0.0004873294346978,0.0331384015594541,0.0204678362573099,0.0126705653021442,0.0404483430799219,0.0282651072124756,0.0121832358674463,0.0024366471734891997,0.0019493177387914,0.0004873294346978,0.0004873294346978,0.0004873294346978,0.0,0.0224171539961013,0.0073099415204678,0.0151072124756335,0.0380116959064326,0.0375243664717348,0.0004873294346978,0.0155945419103313,0.0155945419103313,0.0,0.0609161793372319,0.0389863547758284,0.0219298245614035,0.036062378167641296,0.0263157894736842,0.0097465886939571,0.0009746588693957,0.0,0.0009746588693957,0.005847953216374199,0.0043859649122807,0.0014619883040935,0.043859649122806904,0.0229044834307992,0.0209551656920077,0.0087719298245614,0.0087719298245614,0.0,0.0014619883040935,0.0009746588693957,0.0004873294346978,0.0126705653021441,0.0112085769980506,0.0014619883040935,0.0185185185185185,0.0087719298245614,0.0097465886939571,0.0238791423001948,0.0136452241715399,0.0102339181286549,941
2017-01-01,2017,1,1207,413,794,12,6,6,47,19,28,5,4,1,70,46,24,53,30,23,3,2,1,4,4,0,70,18,52,124,124,0,49,48,1,112,60,52,49,33,16,2,2,0,9,3,6,55,26,29,23,18,5,7,2,5,42,37,5,41,22,19,32,22,10,0.6105209914011127,0.2089023773394031,0.4016186140617097,0.0060698027314112,0.0030349013657056,0.0030349013657056,0.023773394031360598,0.0096105209914011,0.0141628730399595,0.0025290844714212003,0.002023267577137,0.0005058168942842,0.035407182599898696,0.0232675771370763,0.0121396054628224,0.026808295397066098,0.015174506828528,0.0116337885685381,0.0015174506828527002,0.0010116337885685,0.0005058168942842,0.002023267577137,0.002023267577137,0.0,0.0354071825998987,0.0091047040971168,0.0263024785027819,0.0627212948912493,0.0627212948912493,0.0,0.0247850278199291,0.0242792109256449,0.0005058168942842,0.056651492159838,0.0303490136570561,0.0263024785027819,0.024785027819929098,0.0166919575113808,0.0080930703085483,0.0010116337885685,0.0010116337885685,0.0,0.0045523520485583994,0.0015174506828528,0.0030349013657056,0.027819929185634702,0.0131512392513909,0.0146686899342438,0.011633788568538101,0.0091047040971168,0.0025290844714213,0.0035407182599898,0.0010116337885685,0.0025290844714213,0.0212443095599392,0.0187152250885179,0.0025290844714213,0.020738492665655,0.0111279716742539,0.0096105209914011,0.0161861406170965,0.0111279716742539,0.0050581689428426,916
2017-02-01,2017,2,1404,430,974,15,11,4,61,25,36,4,4,0,75,47,28,87,66,21,2,2,0,3,3,0,54,21,33,121,119,2,45,45,0,135,92,43,82,42,40,1,1,0,11,8,3,44,20,24,24,21,3,5,5,0,18,15,3,46,35,11,30,16,14,0.6361576801087448,0.1948346171273221,0.4413230629814227,0.0067965564114181,0.0049841413683733,0.0018124150430448,0.027639329406434,0.0113275940190303,0.0163117353874037,0.0018124150430448,0.0018124150430448,0.0,0.033982782057091,0.021295876755777,0.012686905301314,0.0394200271862256,0.0299048482102401,0.0095151789759855,0.0009062075215224,0.0009062075215224,0.0,0.0013593112822836,0.0013593112822836,0.0,0.024467603081105502,0.0095151789759855,0.01495242410512,0.0548255550521069,0.0539193475305845,0.0009062075215224,0.0203896692342546,0.0203896692342546,0.0,0.0611690077027639,0.0416855459900317,0.0194834617127322,0.0371545083824195,0.019030357951971,0.0181241504304485,0.0004531037607612,0.0004531037607612,0.0,0.0049841413683733,0.0036248300860897,0.0013593112822836,0.0199365654734933,0.0090620752152242,0.0108744902582691,0.0108744902582691,0.0095151789759855,0.0013593112822836,0.002265518803806,0.002265518803806,0.0,0.0081558676937018,0.0067965564114182,0.0013593112822836,0.0208427729950158,0.0158586316266425,0.0049841413683733,0.0135931128228364,0.0072496601721794,0.006343452650657,983
2017-03-01,2017,3,1757,596,1161,17,10,7,59,13,46,5,3,2,68,45,23,83,59,24,6,6,0,5,3,2,60,23,37,119,113,6,17,17,0,172,110,62,98,50,48,8,5,3,12,7,5,57,35,22,24,21,3,15,8,7,23,15,8,56,29,27,50,26,24,0.6642722117202268,0.2253308128544423,0.4389413988657845,0.0064272211720226,0.0037807183364839,0.0026465028355387,0.022306238185255102,0.0049149338374291,0.017391304347826,0.0018903591682418,0.0011342155009451,0.0007561436672967,0.0257088846880906,0.0170132325141776,0.008695652173913,0.0313799621928166,0.0223062381852552,0.0090737240075614,0.0022684310018903,0.0022684310018903,0.0,0.0018903591682418,0.0011342155009451,0.0007561436672967,0.0226843100189035,0.008695652173913,0.0139886578449905,0.0449905482041587,0.0427221172022684,0.0022684310018903,0.0064272211720226,0.0064272211720226,0.0,0.0650283553875235,0.0415879017013232,0.0234404536862003,0.0370510396975424,0.0189035916824196,0.0181474480151228,0.003024574669187,0.0018903591682419,0.0011342155009451,0.0045368620037806,0.0026465028355387,0.0018903591682419,0.0215500945179583,0.0132325141776937,0.0083175803402646,0.0090737240075613,0.0079395085066162,0.0011342155009451,0.0056710775047258,0.0030245746691871,0.0026465028355387,0.0086956521739129,0.0056710775047258,0.0030245746691871,0.021172022684310003,0.0109640831758034,0.0102079395085066,0.018903591682419597,0.0098298676748582,0.0090737240075614,1148
2017-04-01,2017,4,1266,411,855,15,11,4,38,16,22,1,1,0,45,27,18,53,35,18,4,4,0,2,1,1,56,12,44,242,234,8,83,82,1,90,52,38,58,32,26,1,1,0,9,7,2,15,11,4,15,14,1,3,1,2,28,23,5,38,26,12,26,16,10,0.6169590643274854,0.2002923976608187,0.4166666666666667,0.007309941520467799,0.0053606237816764,0.0019493177387914,0.0185185185185184,0.0077972709551656,0.0107212475633528,0.0004873294346978,0.0004873294346978,0.0,0.0219298245614035,0.0131578947368421,0.0087719298245614,0.025828460038986298,0.0170565302144249,0.0087719298245614,0.0019493177387914,0.0019493177387914,0.0,0.0009746588693956,0.0004873294346978,0.0004873294346978,0.0272904483430798,0.0058479532163742,0.0214424951267056,0.117933723196881,0.1140350877192982,0.0038986354775828,0.0404483430799219,0.0399610136452241,0.0004873294346978,0.043859649122806904,0.0253411306042884,0.0185185185185185,0.0282651072124755,0.0155945419103313,0.0126705653021442,0.0004873294346978,0.0004873294346978,0.0,0.0043859649122806,0.0034113060428849,0.0009746588693957,0.007309941520467799,0.0053606237816764,0.0019493177387914,0.0073099415204677005,0.0068226120857699,0.0004873294346978,0.0014619883040935,0.0004873294346978,0.0009746588693957,0.0136452241715398,0.0112085769980506,0.0024366471734892,0.0185185185185184,0.0126705653021442,0.0058479532163742,0.0126705653021441,0.0077972709551656,0.0048732943469785,993
2017-05-01,2017,5,1550,551,999,11,7,4,37,12,25,3,3,0,65,33,32,49,40,9,5,5,0,3,3,0,69,24,45,228,223,5,19,19,0,98,62,36,50,27,23,2,2,0,10,8,2,27,16,11,14,12,2,7,2,5,21,17,4,56,43,13,30,17,13,0.6678155967255492,0.2373976734166307,0.4304179233089186,0.0047393364928908,0.0030159414045669,0.0017233950883239,0.0159414045669968,0.0051701852649719,0.0107712193020249,0.0012925463162429,0.0012925463162429,0.0,0.0280051701852648,0.0142180094786729,0.0137871607065919,0.0211115898319688,0.0172339508832399,0.0038776389487289,0.0021542438604049,0.0021542438604049,0.0,0.0012925463162429,0.0012925463162429,0.0,0.0297285652735888,0.0103403705299439,0.0193881947436449,0.0982335200344678,0.0960792761740629,0.0021542438604049,0.0081861266695389,0.0081861266695389,0.0,0.0422231796639378,0.0267126238690219,0.0155105557949159,0.0215424386040498,0.0116329168461869,0.0099095217578629,0.0008616975441619,0.0008616975441619,0.0,0.0043084877208098,0.0034467901766479,0.0008616975441619,0.011632916846186801,0.0068935803532959,0.0047393364928909,0.0060318828091338005,0.0051701852649719,0.0008616975441619,0.0030159414045667996,0.0008616975441619,0.0021542438604049,0.0090478242137008,0.0073244291253769,0.0017233950883239,0.0241275312365358,0.0185264971994829,0.0056010340370529,0.0129254631624298,0.0073244291253769,0.0056010340370529,1099
2017-06-01,2017,6,1613,549,1064,6,4,2,44,15,29,6,4,2,50,27,23,60,44,16,4,2,2,1,0,1,65,18,47,205,194,11,41,41,0,142,88,54,56,28,28,0,0,0,5,3,2,37,23,14,14,13,1,4,2,2,19,15,4,56,38,18,39,22,17,0.6662536142090044,0.2267657992565055,0.4394878149524989,0.0024783147459726002,0.0016522098306484,0.0008261049153242,0.018174308137133298,0.0061957868649318,0.0119785212722015,0.0024783147459726002,0.0016522098306484,0.0008261049153242,0.0206526228831061,0.0111524163568773,0.0095002065262288,0.0247831474597273,0.0181743081371334,0.0066088393225939,0.0016522098306484,0.0008261049153242,0.0008261049153242,0.0004130524576621,0.0,0.0004130524576621,0.0268484097480379,0.0074349442379182,0.0194134655101197,0.08467575382073511,0.0801321767864518,0.0045435770342833,0.016935150764147,0.016935150764147,0.0,0.0586534489880214,0.0363486162742668,0.0223048327137546,0.0231309376290788,0.0115654688145394,0.0115654688145394,0.0,0.0,0.0,0.0020652622883105,0.0012391573729863,0.0008261049153242,0.0152829409334985,0.0095002065262288,0.0057827344072697,0.0057827344072697,0.0053696819496076,0.0004130524576621,0.0016522098306484,0.0008261049153242,0.0008261049153242,0.0078479966955802,0.0061957868649318,0.0016522098306484,0.0231309376290788,0.0156959933911606,0.0074349442379182,0.0161090458488227,0.0090871540685667,0.007021891780256,1100
2017-07-01,2017,7,1602,590,1012,12,9,3,35,18,17,6,5,1,58,28,30,42,32,10,2,2,0,0,0,0,51,13,38,228,220,8,56,56,0,103,52,51,44,24,20,8,4,4,12,8,4,29,16,13,16,12,4,7,7,0,30,29,1,59,49,10,79,73,6,0.6512195121951219,0.2398373983739837,0.4113821138211382,0.0048780487804877,0.0036585365853658,0.0012195121951219,0.0142276422764227,0.0073170731707317,0.006910569105691,0.0024390243902438,0.0020325203252032,0.0004065040650406,0.0235772357723577,0.0113821138211382,0.0121951219512195,0.0170731707317073,0.0130081300813008,0.0040650406504065,0.0008130081300813,0.0008130081300813,0.0,0.0,0.0,0.0,0.0207317073170731,0.0052845528455284,0.0154471544715447,0.0926829268292682,0.089430894308943,0.0032520325203252,0.0227642276422764,0.0227642276422764,0.0,0.041869918699186895,0.0211382113821138,0.0207317073170731,0.0178861788617886,0.0097560975609756,0.008130081300813,0.0032520325203252,0.0016260162601626,0.0016260162601626,0.0048780487804878005,0.0032520325203252,0.0016260162601626,0.011788617886178802,0.0065040650406504,0.0052845528455284,0.0065040650406503996,0.0048780487804878,0.0016260162601626,0.0028455284552845,0.0028455284552845,0.0,0.0121951219512194,0.0117886178861788,0.0004065040650406,0.0239837398373983,0.0199186991869918,0.0040650406504065,0.0321138211382113,0.0296747967479674,0.0024390243902439,1235
2017-08-01,2017,8,1357,594,763,60,49,11,40,19,21,6,6,0,43,26,17,64,51,13,5,4,1,1,0,1,32,2,30,482,472,10,130,129,1,149,101,48,52,18,34,0,0,0,15,14,1,74,66,8,22,19,3,20,13,7,28,26,2,104,89,15,38,32,6,0.5084301236418134,0.2225552641438741,0.2858748594979393,0.022480329711502402,0.0183589359310603,0.0041213937804421,0.0149868864743349,0.0071187710753091,0.0078681153990258,0.0022480329711502,0.0022480329711502,0.0,0.016110902959910002,0.0097414762083177,0.0063694267515923,0.0239790183589358,0.019108280254777,0.0048707381041588,0.0018733608092917,0.0014986886474334,0.0003746721618583,0.0003746721618583,0.0,0.0003746721618583,0.0119895091794679,0.0007493443237167,0.0112401648557512,0.1805919820157361,0.1768452603971524,0.0037467216185837,0.0487073810415885,0.0483327088797302,0.0003746721618583,0.05582615211689761,0.0378418883476957,0.0179842637692019,0.0194829524166354,0.0067440989134507,0.0127388535031847,0.0,0.0,0.0,0.0056200824278755,0.0052454102660172,0.0003746721618583,0.027725739977519502,0.0247283626826526,0.0029973772948669,0.0082427875608842,0.0071187710753091,0.0011240164855751,0.0074934432371674,0.0048707381041588,0.0026227051330086,0.0104908205320344,0.0097414762083177,0.0007493443237167,0.0389659048332708,0.0333458224053952,0.0056200824278756,0.0142375421506181,0.0119895091794679,0.0022480329711502,1688
2017-09-01,2017,9,1511,625,886,40,33,7,43,20,23,3,2,1,49,33,16,82,68,14,15,14,1,3,2,1,77,20,57,189,188,1,188,188,0,165,115,50,66,49,17,0,0,0,4,1,3,55,40,15,39,38,1,7,3,4,36,31,5,47,34,13,44,34,10,0.5849787069299264,0.2419667053813395,0.3430120015485869,0.0154858691444057,0.0127758420441347,0.002710027100271,0.016647309330236,0.0077429345722028,0.0089043747580332,0.0011614401858303,0.0007742934572202,0.0003871467286101,0.0189701897018969,0.0127758420441347,0.0061943476577622,0.0317460317460317,0.0263259775454897,0.005420054200542,0.0058072009291521,0.005420054200542,0.0003871467286101,0.0011614401858303,0.0007742934572202,0.0003871467286101,0.0298102981029809,0.0077429345722028,0.0220673635307781,0.073170731707317,0.0727835849787069,0.0003871467286101,0.0727835849787069,0.0727835849787069,0.0,0.0638792102206735,0.0445218737901664,0.0193573364305071,0.0255516840882694,0.018970189701897,0.0065814943863724,0.0,0.0,0.0,0.0015485869144405001,0.0003871467286101,0.0011614401858304,0.0212930700735578,0.0154858691444057,0.0058072009291521,0.0150987224157955,0.0147115756871854,0.0003871467286101,0.0027100271002709,0.0011614401858304,0.0015485869144405,0.0139372822299651,0.0120015485869144,0.0019357336430507,0.018195896244676598,0.0131629887727448,0.0050329074719318,0.0170344560588462,0.0131629887727448,0.0038714672861014,1473
2017-10-01,2017,10,1394,573,821,32,30,2,35,17,18,11,7,4,66,52,14,52,38,14,2,2,0,1,0,1,81,18,63,358,356,2,247,247,0,188,140,48,72,58,14,13,12,1,8,5,3,134,123,11,28,25,3,21,9,12,35,31,4,131,108,23,67,56,11,0.4757679180887371,0.1955631399317406,0.2802047781569965,0.0109215017064845,0.0102389078498293,0.0006825938566552,0.011945392491467501,0.0058020477815699,0.0061433447098976,0.003754266211604,0.0023890784982935,0.0013651877133105,0.022525597269624498,0.0177474402730375,0.004778156996587,0.0177474402730375,0.0129692832764505,0.004778156996587,0.0006825938566552,0.0006825938566552,0.0,0.0003412969283276,0.0,0.0003412969283276,0.0276450511945392,0.0061433447098976,0.0215017064846416,0.1221843003412968,0.1215017064846416,0.0006825938566552,0.0843003412969283,0.0843003412969283,0.0,0.0641638225255972,0.0477815699658703,0.0163822525597269,0.0245733788395904,0.0197952218430034,0.004778156996587,0.0044368600682593,0.0040955631399317,0.0003412969283276,0.0027303754266210997,0.0017064846416382,0.0010238907849829,0.0457337883959043,0.0419795221843003,0.003754266211604,0.009556313993174,0.0085324232081911,0.0010238907849829,0.0071672354948805,0.0030716723549488,0.0040955631399317,0.011945392491467399,0.0105802047781569,0.0013651877133105,0.044709897610921395,0.0368600682593856,0.0078498293515358,0.0228668941979521,0.0191126279863481,0.003754266211604,1874
2017-11-01,2017,11,1477,606,871,67,59,8,36,14,22,5,3,2,48,24,24,60,44,16,6,5,1,1,0,1,52,9,43,62,58,4,45,45,0,123,77,46,45,26,19,1,1,0,16,12,4,49,28,21,18,16,2,13,9,4,15,10,5,58,44,14,43,31,12,0.6722803823395539,0.2758306781975421,0.3964497041420118,0.0304961310878469,0.0268548020027309,0.003641329085116,0.016385980883022202,0.0063723258989531,0.0100136549840691,0.0022758306781975,0.0013654984069185,0.000910332271279,0.0218479745106964,0.0109239872553482,0.0109239872553482,0.0273099681383704,0.0200273099681383,0.0072826581702321,0.002730996813837,0.0022758306781975,0.0004551661356395,0.0004551661356395,0.0,0.0004551661356395,0.0236686390532543,0.0040964952207555,0.0195721438324988,0.0282203004096494,0.0263996358670914,0.001820664542558,0.0204824761037778,0.0204824761037778,0.0,0.05598543468365941,0.0350477924442421,0.0209376422394173,0.0204824761037778,0.0118343195266272,0.0086481565771506,0.0004551661356395,0.0004551661356395,0.0,0.0072826581702321,0.0054619936276741,0.001820664542558,0.0223031406463358,0.0127446517979062,0.0095584888484296,0.008192990441511101,0.0072826581702321,0.000910332271279,0.0059171597633135,0.0040964952207555,0.001820664542558,0.0068274920345925,0.004551661356395,0.0022758306781975,0.0263996358670914,0.0200273099681383,0.0063723258989531,0.0195721438324988,0.0141101502048247,0.0054619936276741,1088
2017-12-01,2017,12,1109,354,755,10,7,3,72,17,55,3,2,1,54,31,23,52,35,17,2,1,1,4,0,4,51,9,42,28,28,0,13,12,1,79,36,43,66,27,39,0,0,0,4,2,2,15,8,7,17,10,7,9,0,9,19,13,6,28,11,17,20,15,5,0.6862623762376237,0.219059405940594,0.4672029702970297,0.0061881188118811,0.0043316831683168,0.0018564356435643,0.044554455445544504,0.010519801980198,0.0340346534653465,0.0018564356435643,0.0012376237623762,0.0006188118811881,0.0334158415841583,0.0191831683168316,0.0142326732673267,0.0321782178217821,0.0216584158415841,0.010519801980198,0.0012376237623762,0.0006188118811881,0.0006188118811881,0.0024752475247524,0.0,0.0024752475247524,0.0315594059405939,0.005569306930693,0.0259900990099009,0.0173267326732673,0.0173267326732673,0.0,0.0080445544554455,0.0074257425742574,0.0006188118811881,0.048886138613861305,0.0222772277227722,0.0266089108910891,0.040841584158415795,0.0167079207920792,0.0241336633663366,0.0,0.0,0.0,0.0024752475247524,0.0012376237623762,0.0012376237623762,0.0092821782178217,0.0049504950495049,0.0043316831683168,0.0105198019801979,0.0061881188118811,0.0043316831683168,0.005569306930693,0.0,0.005569306930693,0.0117574257425742,0.0080445544554455,0.0037128712871287,0.0173267326732673,0.0068069306930693,0.010519801980198,0.0123762376237622,0.0092821782178217,0.0030940594059405,598
2018-01-01,2018,1,1281,422,859,25,20,5,45,14,31,33,32,1,63,36,27,36,21,15,8,8,0,1,0,1,66,5,61,40,39,1,29,28,1,116,52,64,60,19,41,1,1,0,4,4,0,22,13,9,31,28,3,9,5,4,15,7,8,36,15,21,42,25,17,0.6630434782608695,0.2184265010351966,0.4446169772256729,0.0129399585921325,0.010351966873706,0.0025879917184265,0.0232919254658385,0.0072463768115942,0.0160455486542443,0.0170807453416149,0.0165631469979296,0.0005175983436853,0.032608695652173905,0.0186335403726708,0.0139751552795031,0.0186335403726708,0.0108695652173913,0.0077639751552795,0.0041407867494824,0.0041407867494824,0.0,0.0005175983436853,0.0,0.0005175983436853,0.034161490683229795,0.0025879917184265,0.0315734989648033,0.020703933747412,0.0201863354037267,0.0005175983436853,0.0150103519668737,0.0144927536231884,0.0005175983436853,0.0600414078674948,0.0269151138716356,0.0331262939958592,0.031055900621118,0.0098343685300207,0.0212215320910973,0.0005175983436853,0.0005175983436853,0.0,0.0020703933747412,0.0020703933747412,0.0,0.0113871635610766,0.0067287784679089,0.0046583850931677,0.0160455486542443,0.0144927536231884,0.0015527950310559,0.0046583850931677,0.0025879917184265,0.0020703933747412,0.0077639751552795,0.0036231884057971,0.0041407867494824,0.0186335403726708,0.0077639751552795,0.0108695652173913,0.0217391304347826,0.0129399585921325,0.0087991718426501,777
2018-02-01,2018,2,1202,373,829,26,20,6,60,38,22,46,41,5,52,19,33,50,32,18,9,6,3,2,2,0,40,7,33,41,40,1,14,14,0,124,81,43,59,30,29,1,0,1,4,3,1,19,13,6,56,47,9,11,8,3,19,15,4,54,26,28,25,15,10,0.6417512012813668,0.199145755472504,0.4426054458088628,0.0138814735718098,0.0106780565936999,0.0032034169781099,0.0320341697810998,0.0202883075280299,0.0117458622530699,0.0245595301655097,0.0218900160170848,0.0026695141484249,0.0277629471436198,0.0101441537640149,0.0176187933796049,0.0266951414842498,0.0170848905499199,0.0096102509343299,0.0048051254671648,0.0032034169781099,0.0016017084890549,0.0010678056593699,0.0010678056593699,0.0,0.0213561131873998,0.0037373198077949,0.0176187933796049,0.0218900160170847,0.0213561131873998,0.0005339028296849,0.0074746396155899,0.0074746396155899,0.0,0.0662039508809395,0.0432461292044847,0.0229578216764548,0.0315002669514148,0.0160170848905499,0.0154831820608649,0.0005339028296849,0.0,0.0005339028296849,0.0021356113187398,0.0016017084890549,0.0005339028296849,0.010144153764014799,0.0069407367859049,0.0032034169781099,0.0298985584623597,0.0250934329951948,0.0048051254671649,0.0058729311265348005,0.0042712226374799,0.0016017084890549,0.0101441537640148,0.0080085424452749,0.0021356113187399,0.0288307528029898,0.0138814735718099,0.0149492792311799,0.0133475707421248,0.0080085424452749,0.0053390282968499,804
2018-03-01,2018,3,1618,530,1088,15,10,5,61,26,35,8,8,0,106,74,32,63,42,21,8,7,1,3,3,0,97,36,61,46,44,2,18,18,0,147,73,74,68,39,29,4,2,2,6,4,2,29,9,20,31,22,9,9,0,9,8,5,3,36,19,17,27,16,11,0.6855932203389831,0.2245762711864407,0.4610169491525424,0.0063559322033898006,0.0042372881355932,0.0021186440677966,0.0258474576271185,0.0110169491525423,0.0148305084745762,0.0033898305084745,0.0033898305084745,0.0,0.0449152542372881,0.0313559322033898,0.0135593220338983,0.0266949152542372,0.0177966101694915,0.0088983050847457,0.0033898305084745003,0.0029661016949152,0.0004237288135593,0.0012711864406779,0.0012711864406779,0.0,0.0411016949152541,0.0152542372881355,0.0258474576271186,0.0194915254237287,0.0186440677966101,0.0008474576271186,0.0076271186440677,0.0076271186440677,0.0,0.0622881355932203,0.0309322033898305,0.0313559322033898,0.028813559322033798,0.0165254237288135,0.0122881355932203,0.0016949152542372,0.0008474576271186,0.0008474576271186,0.0025423728813558,0.0016949152542372,0.0008474576271186,0.0122881355932202,0.0038135593220338,0.0084745762711864,0.0131355932203388,0.009322033898305,0.0038135593220338,0.0038135593220338,0.0,0.0038135593220338,0.0033898305084745003,0.0021186440677966,0.0012711864406779,0.015254237288135498,0.0080508474576271,0.0072033898305084,0.011440677966101601,0.0067796610169491,0.0046610169491525,956
2018-04-01,2018,4,1494,491,1003,9,6,3,43,12,31,10,3,7,76,42,34,58,40,18,3,3,0,3,3,0,93,42,51,18,14,4,10,9,1,123,71,52,92,45,47,0,0,0,8,7,1,31,20,11,33,30,3,11,4,7,17,10,7,32,17,15,33,23,10,0.6945606694560669,0.2282659228265922,0.4662947466294747,0.00418410041841,0.00278940027894,0.00139470013947,0.0199907019990701,0.00557880055788,0.0144119014411901,0.0046490004649,0.00139470013947,0.00325430032543,0.0353324035332402,0.0195258019525801,0.0158066015806601,0.026964202696420102,0.0185960018596001,0.00836820083682,0.00139470013947,0.00139470013947,0.0,0.00139470013947,0.00139470013947,0.0,0.043235704323570295,0.0195258019525801,0.0237099023709902,0.00836820083682,0.00650860065086,0.00185960018596,0.0046490004649,0.00418410041841,0.00046490004649,0.0571827057182705,0.0330079033007903,0.0241748024174802,0.0427708042770804,0.0209205020920502,0.0218503021850302,0.0,0.0,0.0,0.00371920037192,0.00325430032543,0.00046490004649,0.014411901441189999,0.0092980009298,0.00511390051139,0.0153417015341701,0.0139470013947001,0.00139470013947,0.00511390051139,0.00185960018596,0.00325430032543,0.00790330079033,0.0046490004649,0.00325430032543,0.014876801487679999,0.00790330079033,0.00697350069735,0.0153417015341701,0.0106927010692701,0.0046490004649,861
2018-05-01,2018,5,1370,407,963,8,7,1,81,33,48,17,7,10,72,34,38,157,110,47,4,2,2,3,2,1,208,111,97,14,14,0,5,5,0,202,105,97,110,59,51,1,0,1,5,0,5,26,14,12,29,21,8,8,4,4,11,10,1,58,23,35,32,15,17,0.5928169623539593,0.1761142362613587,0.4167027260926006,0.003461704889658,0.0030289917784508,0.0004327131112072,0.0350497620077887,0.0142795326698398,0.0207702293379489,0.0073561228905233995,0.0030289917784508,0.0043271311120726,0.0311553440069233,0.0147122457810471,0.0164430982258762,0.0679359584595412,0.0475984422327996,0.0203375162267416,0.001730852444829,0.0008654262224145,0.0008654262224145,0.0012981393336217,0.0008654262224145,0.0004327131112072,0.090004327131112,0.0480311553440069,0.0419731717871051,0.0060579835569017,0.0060579835569017,0.0,0.0021635655560363,0.0021635655560363,0.0,0.0874080484638684,0.0454348766767633,0.0419731717871051,0.047598442232799604,0.0255300735612289,0.0220683686715707,0.0004327131112072,0.0,0.0004327131112072,0.0021635655560363,0.0,0.0021635655560363,0.0112505408913889,0.0060579835569017,0.0051925573344872,0.0125486802250107,0.0090869753353526,0.0034617048896581,0.003461704889658,0.001730852444829,0.001730852444829,0.0047598442232798,0.0043271311120726,0.0004327131112072,0.025097360450021602,0.0099524015577672,0.0151449588922544,0.013846819558632501,0.006490696668109,0.0073561228905235,908
2018-06-01,2018,6,1344,378,966,15,7,8,71,22,49,1,0,1,81,47,34,187,135,52,8,7,1,5,5,0,101,33,68,22,22,0,5,5,0,181,84,97,97,48,49,4,0,4,6,5,1,12,10,2,36,24,12,11,5,6,11,9,2,54,28,26,30,14,16,0.6236658932714617,0.1754060324825986,0.4482598607888631,0.006960556844547499,0.0032482598607888,0.0037122969837587,0.0329466357308584,0.0102088167053364,0.022737819025522,0.0004640371229698,0.0,0.0004640371229698,0.037587006960556696,0.0218097447795823,0.0157772621809744,0.0867749419953595,0.062645011600928,0.0241299303944315,0.0037122969837586,0.0032482598607888,0.0004640371229698,0.0023201856148491,0.0023201856148491,0.0,0.0468677494199535,0.0153132250580046,0.0315545243619489,0.0102088167053364,0.0102088167053364,0.0,0.0023201856148491,0.0023201856148491,0.0,0.08399071925754051,0.0389791183294663,0.0450116009280742,0.0450116009280742,0.0222737819025522,0.022737819025522,0.0018561484918793,0.0,0.0018561484918793,0.0027842227378189,0.0023201856148491,0.0004640371229698,0.005568445475637901,0.0046403712296983,0.0009280742459396,0.0167053364269141,0.0111368909512761,0.005568445475638,0.0051044083526681,0.0023201856148491,0.002784222737819,0.0051044083526681,0.0041763341067285,0.0009280742459396,0.025058004640371098,0.0129930394431554,0.0120649651972157,0.0139211136890951,0.0064965197215777,0.0074245939675174,803
2018-07-01,2018,7,1525,455,1070,19,14,5,107,23,84,1,0,1,95,56,39,149,101,48,5,3,2,3,1,2,60,8,52,37,35,2,9,9,0,225,116,109,84,35,49,0,0,0,6,3,3,32,23,9,30,22,8,6,2,4,16,12,4,32,11,21,40,21,19,0.646186440677966,0.1927966101694915,0.4533898305084746,0.0080508474576271,0.0059322033898305,0.0021186440677966,0.0453389830508474,0.0097457627118644,0.035593220338983,0.0004237288135593,0.0,0.0004237288135593,0.0402542372881355,0.023728813559322,0.0165254237288135,0.0631355932203389,0.0427966101694915,0.0203389830508474,0.0021186440677965,0.0012711864406779,0.0008474576271186,0.0012711864406779,0.0004237288135593,0.0008474576271186,0.0254237288135592,0.0033898305084745,0.0220338983050847,0.0156779661016948,0.0148305084745762,0.0008474576271186,0.0038135593220338,0.0038135593220338,0.0,0.0953389830508474,0.0491525423728813,0.0461864406779661,0.0355932203389829,0.0148305084745762,0.0207627118644067,0.0,0.0,0.0,0.0025423728813558,0.0012711864406779,0.0012711864406779,0.0135593220338982,0.0097457627118644,0.0038135593220338,0.0127118644067795,0.009322033898305,0.0033898305084745,0.0025423728813558,0.0008474576271186,0.0016949152542372,0.006779661016949,0.0050847457627118,0.0016949152542372,0.0135593220338982,0.0046610169491525,0.0088983050847457,0.0169491525423728,0.0088983050847457,0.0080508474576271,872
2018-08-01,2018,8,1479,447,1032,13,9,4,155,71,84,2,2,0,92,71,21,291,219,72,5,5,0,3,1,2,44,6,38,27,27,0,9,9,0,275,155,120,80,38,42,0,0,0,4,3,1,36,23,13,31,26,5,13,5,8,13,8,5,47,27,20,45,19,26,0.6063960639606395,0.1832718327183271,0.4231242312423124,0.005330053300533,0.003690036900369,0.001640016400164,0.063550635506355,0.029110291102911,0.034440344403444,0.000820008200082,0.000820008200082,0.0,0.037720377203772,0.029110291102911,0.008610086100861,0.1193111931119311,0.0897908979089791,0.029520295202952,0.002050020500205,0.002050020500205,0.0,0.001230012300123,0.000410004100041,0.000820008200082,0.018040180401804,0.002460024600246,0.015580155801558,0.011070110701107,0.011070110701107,0.0,0.003690036900369,0.003690036900369,0.0,0.112751127511275,0.063550635506355,0.04920049200492,0.03280032800328,0.015580155801558,0.017220172201722,0.0,0.0,0.0,0.001640016400164,0.001230012300123,0.000410004100041,0.014760147601475999,0.009430094300943,0.005330053300533,0.012710127101271,0.010660106601066,0.002050020500205,0.005330053300533,0.002050020500205,0.003280032800328,0.005330053300533,0.003280032800328,0.002050020500205,0.019270192701927,0.011070110701107,0.00820008200082,0.018450184501845,0.007790077900779,0.010660106601066,1009
2018-09-01,2018,9,1259,387,872,15,9,6,128,46,82,10,2,8,66,38,28,125,95,30,5,5,0,3,2,1,46,11,35,18,18,0,5,5,0,236,120,116,144,87,57,4,4,0,5,1,4,20,11,9,33,30,3,12,7,5,16,13,3,69,35,34,41,22,19,0.5826006478482184,0.1790837575196668,0.4035168903285516,0.006941230911614801,0.0041647385469689,0.0027764923646459,0.059231837112447804,0.0212864414622859,0.0379453956501619,0.0046274872744098,0.0009254974548819,0.0037019898195279,0.0305414160111058,0.0175844516427579,0.0129569643683479,0.0578435909301248,0.0439611291068949,0.0138824618232299,0.0023137436372049,0.0023137436372049,0.0,0.0013882461823228,0.0009254974548819,0.0004627487274409,0.0212864414622858,0.0050902360018509,0.0161962054604349,0.0083294770939379,0.0083294770939379,0.0,0.0023137436372049,0.0023137436372049,0.0,0.1092086996760758,0.0555298472929199,0.0536788523831559,0.0666358167515038,0.0402591392873669,0.0263766774641369,0.0018509949097639,0.0018509949097639,0.0,0.0023137436372048,0.0004627487274409,0.0018509949097639,0.009254974548819801,0.0050902360018509,0.0041647385469689,0.015270708005552799,0.0138824618232299,0.0013882461823229,0.0055529847292918,0.0032392410920869,0.0023137436372049,0.0074039796390558,0.0060157334567329,0.0013882461823229,0.0319296621934288,0.0161962054604349,0.0157334567329939,0.0189726978250808,0.0101804720037019,0.0087922258213789,874
2018-10-01,2018,10,1622,462,1160,12,8,4,101,19,82,2,0,2,71,33,38,161,102,59,5,5,0,5,4,1,81,25,56,42,40,2,5,5,0,270,126,144,66,33,33,0,0,0,9,7,2,19,9,10,17,12,5,7,1,6,15,14,1,51,20,31,35,12,23,0.6535052377115229,0.1861402095084609,0.467365028203062,0.004834810636583401,0.0032232070910556,0.0016116035455278,0.040692989524576895,0.007655116841257,0.0330378726833199,0.0008058017727639,0.0,0.0008058017727639,0.0286059629331184,0.0132957292506043,0.0153102336825141,0.06486704270749391,0.0410958904109589,0.023771152296535,0.0020145044319097,0.0020145044319097,0.0,0.0020145044319097,0.0016116035455278,0.0004029008863819,0.032634971796937896,0.0100725221595487,0.0225624496373892,0.0169218372280419,0.016116035455278,0.0008058017727639,0.0020145044319097,0.0020145044319097,0.0,0.1087832393231265,0.0507655116841257,0.0580177276390008,0.0265914585012086,0.0132957292506043,0.0132957292506043,0.0,0.0,0.0,0.0036261079774375,0.0028203062046736,0.0008058017727639,0.007655116841257,0.0036261079774375,0.0040290088638195,0.0068493150684931,0.0048348106365834,0.0020145044319097,0.0028203062046736,0.0004029008863819,0.0024174053182917,0.006043513295729199,0.0056406124093473,0.0004029008863819,0.020547945205479402,0.008058017727639,0.0124899274778404,0.0141015310233682,0.0048348106365834,0.0092667203867848,872
2018-11-01,2018,11,1360,350,1010,16,11,5,149,28,121,6,4,2,59,34,25,136,85,51,1,1,0,3,3,0,23,1,22,31,25,6,4,3,1,193,86,107,82,46,36,3,1,2,6,2,4,18,6,12,35,25,10,13,6,7,19,12,7,56,26,30,57,40,17,0.6275957544993078,0.161513613290263,0.4660821412090448,0.0073834794646976,0.0050761421319796,0.002307337332718,0.0687586525149976,0.012921089063221,0.0558375634517766,0.0027688047992616,0.0018458698661744,0.0009229349330872,0.027226580526072797,0.0156898938624826,0.0115366866635902,0.0627595754499307,0.0392247346562067,0.023534840793724,0.0004614674665436,0.0004614674665436,0.0,0.0013844023996308,0.0013844023996308,0.0,0.0106137517305029,0.0004614674665436,0.0101522842639593,0.014305491462851799,0.0115366866635902,0.0027688047992616,0.0018458698661744,0.0013844023996308,0.0004614674665436,0.08906322104291639,0.0396862021227503,0.0493770189201661,0.037840332256575904,0.021227503461006,0.0166128287955699,0.0013844023996308,0.0004614674665436,0.0009229349330872,0.0027688047992616,0.0009229349330872,0.0018458698661744,0.0083064143977849,0.0027688047992616,0.0055376095985233,0.016151361329026198,0.0115366866635902,0.004614674665436,0.0059990770650668,0.0027688047992616,0.0032302722658052,0.0087678818643285,0.0055376095985233,0.0032302722658052,0.025842178126442,0.0119981541301338,0.0138440239963082,0.0263036455929856,0.0184586986617443,0.0078449469312413,738
2018-12-01,2018,12,1207,385,822,16,7,9,87,28,59,4,2,2,67,45,22,109,77,32,3,3,0,1,1,0,20,1,19,28,26,2,7,6,1,174,90,84,60,27,33,2,2,0,10,8,2,17,8,9,14,9,5,8,5,3,14,9,5,60,32,28,21,12,9,0.6531385281385281,0.2083333333333333,0.4448051948051948,0.0086580086580085,0.0037878787878787,0.0048701298701298,0.047077922077921996,0.0151515151515151,0.0319264069264069,0.002164502164502,0.001082251082251,0.001082251082251,0.0362554112554112,0.0243506493506493,0.0119047619047619,0.0589826839826839,0.0416666666666666,0.0173160173160173,0.0016233766233766,0.0016233766233766,0.0,0.0005411255411255,0.0005411255411255,0.0,0.0108225108225107,0.0005411255411255,0.0102813852813852,0.015151515151515001,0.014069264069264,0.001082251082251,0.0037878787878787004,0.0032467532467532,0.0005411255411255,0.0941558441558441,0.0487012987012987,0.0454545454545454,0.0324675324675324,0.0146103896103896,0.0178571428571428,0.001082251082251,0.001082251082251,0.0,0.005411255411255301,0.0043290043290043,0.001082251082251,0.0091991341991341,0.0043290043290043,0.0048701298701298,0.0075757575757575,0.0048701298701298,0.0027056277056277,0.0043290043290043,0.0027056277056277,0.0016233766233766,0.0075757575757575,0.0048701298701298,0.0027056277056277,0.032467532467532395,0.0173160173160173,0.0151515151515151,0.011363636363636201,0.0064935064935064,0.0048701298701298,730
2019-01-01,2019,1,1475,476,999,7,4,3,112,39,73,2,1,1,36,22,14,99,63,36,4,2,2,2,2,0,57,13,44,46,46,0,9,6,3,197,90,107,65,29,36,4,2,2,4,4,0,20,13,7,27,23,4,5,3,2,20,17,3,163,121,42,173,131,42,0.60081466395112,0.1938900203665987,0.4069246435845214,0.0028513238289205,0.0016293279022403,0.0012219959266802,0.045621181262729,0.0158859470468431,0.0297352342158859,0.00081466395112,0.00040733197556,0.00040733197556,0.014663951120162801,0.0089613034623217,0.0057026476578411,0.040325865580448,0.0256619144602851,0.0146639511201629,0.0016293279022402,0.0008146639511201,0.0008146639511201,0.0008146639511201,0.0008146639511201,0.0,0.023217922606924502,0.005295315682281,0.0179226069246435,0.0187372708757637,0.0187372708757637,0.0,0.0036659877800406,0.0024439918533604,0.0012219959266802,0.080244399185336,0.0366598778004073,0.0435845213849287,0.026476578411405202,0.0118126272912423,0.0146639511201629,0.0016293279022402,0.0008146639511201,0.0008146639511201,0.0016293279022403,0.0016293279022403,0.0,0.0081466395112015,0.005295315682281,0.0028513238289205,0.0109979633401221,0.0093686354378818,0.0016293279022403,0.0020366598778003,0.0012219959266802,0.0008146639511201,0.0081466395112015,0.0069246435845213,0.0012219959266802,0.0663951120162932,0.0492871690427698,0.0171079429735234,0.070468431771894,0.0533604887983706,0.0171079429735234,1067
2019-02-01,2019,2,1244,360,884,13,9,4,88,19,69,0,0,0,48,35,13,133,81,52,4,3,1,7,5,2,46,3,43,36,36,0,3,3,0,225,108,117,66,40,26,0,0,0,3,2,1,53,26,27,41,37,4,6,2,4,24,17,7,66,23,43,33,14,19,0.6122047244094487,0.1771653543307086,0.4350393700787401,0.006397637795275499,0.0044291338582677,0.0019685039370078,0.0433070866141732,0.0093503937007874,0.0339566929133858,0.0,0.0,0.0,0.023622047244094398,0.0172244094488189,0.0063976377952755,0.0654527559055117,0.0398622047244094,0.0255905511811023,0.0019685039370078003,0.0014763779527559,0.0004921259842519,0.0034448818897636997,0.0024606299212598,0.0009842519685039,0.0226377952755905,0.0014763779527559,0.0211614173228346,0.0177165354330708,0.0177165354330708,0.0,0.0014763779527559,0.0014763779527559,0.0,0.11072834645669291,0.0531496062992126,0.0575787401574803,0.0324803149606298,0.0196850393700787,0.0127952755905511,0.0,0.0,0.0,0.0014763779527557999,0.0009842519685039,0.0004921259842519,0.0260826771653542,0.0127952755905511,0.0132874015748031,0.0201771653543306,0.0182086614173228,0.0019685039370078,0.0029527559055117,0.0009842519685039,0.0019685039370078,0.0118110236220471,0.0083661417322834,0.0034448818897637,0.0324803149606298,0.0113188976377952,0.0211614173228346,0.0162401574803149,0.0068897637795275,0.0093503937007874,759
2019-03-01,2019,3,1634,427,1207,10,7,3,99,20,79,5,4,1,49,35,14,157,101,56,11,9,2,3,2,1,215,52,163,16,12,4,1,1,0,188,80,108,62,32,30,2,2,0,6,5,1,46,22,24,44,39,5,13,5,8,21,20,1,56,26,30,27,12,15,0.6420432220039292,0.1677799607072691,0.4742632612966601,0.0039292730844793,0.0027504911591355,0.0011787819253438,0.0388998035363457,0.0078585461689587,0.031041257367387,0.0019646365422396,0.0015717092337917,0.0003929273084479,0.0192534381139489,0.0137524557956778,0.0055009823182711,0.061689587426326,0.0396856581532416,0.0220039292730844,0.0043222003929271995,0.0035363457760314,0.0007858546168958,0.0011787819253437,0.0007858546168958,0.0003929273084479,0.0844793713163064,0.0204322200392927,0.0640471512770137,0.006286836935166899,0.0047151277013752,0.0015717092337917,0.0003929273084479,0.0003929273084479,0.0,0.0738703339882121,0.0314341846758349,0.0424361493123772,0.024361493123771998,0.0125736738703339,0.0117878192534381,0.0007858546168958,0.0007858546168958,0.0,0.0023575638506875,0.0019646365422396,0.0003929273084479,0.018074656188605,0.0086444007858546,0.0094302554027504,0.0172888015717091,0.0153241650294695,0.0019646365422396,0.005108055009823,0.0019646365422396,0.0031434184675834,0.0082514734774066,0.0078585461689587,0.0003929273084479,0.0220039292730844,0.0102161100196463,0.0117878192534381,0.0106090373280942,0.0047151277013752,0.005893909626719,845
2019-04-01,2019,4,1525,462,1063,14,9,5,137,38,99,3,2,1,64,38,26,159,96,63,8,6,2,0,0,0,126,29,97,58,56,2,6,5,1,212,91,121,80,36,44,0,0,0,1,1,0,10,4,6,27,20,7,6,0,6,13,11,2,70,20,50,65,35,30,0.6166599272139102,0.1868176304084108,0.4298422968054994,0.0056611403154063,0.0036393044884755,0.0020218358269308,0.0553983016579052,0.0153659522846744,0.0400323493732308,0.0012131014961584,0.0008087343307723,0.0004043671653861,0.0258794985847148,0.0153659522846744,0.0105135463000404,0.064294379296401,0.0388192478770723,0.0254751314193287,0.0032349373230893,0.002426202992317,0.0008087343307723,0.0,0.0,0.0,0.0509502628386574,0.0117266477961989,0.0392236150424585,0.0234532955923978,0.0226445612616255,0.0008087343307723,0.0024262029923169,0.0020218358269308,0.0004043671653861,0.08572583906186809,0.0367974120501415,0.0489284270117266,0.0323493732308936,0.0145572179539021,0.0177921552769915,0.0,0.0,0.0,0.0004043671653861,0.0004043671653861,0.0,0.0040436716538616,0.0016174686615446,0.002426202992317,0.010917913465426499,0.0080873433077234,0.0028305701577031,0.002426202992317,0.0,0.002426202992317,0.005256773150020101,0.0044480388192478,0.0008087343307723,0.0283057015770319,0.0080873433077234,0.0202183582693085,0.026283865750101,0.0141528507885159,0.0121310149615851,896
2019-05-01,2019,5,1572,480,1092,13,7,6,158,58,100,8,6,2,64,37,27,164,115,49,9,4,5,7,5,2,56,13,43,19,16,3,0,0,0,275,131,144,88,49,39,0,0,0,8,8,0,27,17,10,46,37,9,16,7,9,22,18,4,101,28,73,39,16,23,0.6119112495134293,0.1868431296224211,0.4250681198910082,0.0050603347606070995,0.0027247956403269,0.0023355391202802,0.06150253016738019,0.0225768781627092,0.038925652004671,0.0031140521603736,0.0023355391202802,0.0007785130400934,0.024912417282989298,0.0144024912417282,0.0105099260412611,0.0638380692876605,0.0447644998053717,0.0190735694822888,0.0035033086804203,0.0015570260801868,0.0019462826002335,0.0027247956403269,0.0019462826002335,0.0007785130400934,0.021798365122615702,0.0050603347606072,0.0167380303620085,0.0073958738808874,0.0062281043207473,0.0011677695601401,0.0,0.0,0.0,0.1070455430128454,0.0509926041261191,0.0560529388867263,0.0342545737641105,0.0190735694822888,0.0151810042818217,0.0,0.0,0.0,0.0031140521603736,0.0031140521603736,0.0,0.0105099260412611,0.006617360840794,0.0038925652004671,0.0179057999221485,0.0144024912417282,0.0035033086804203,0.0062281043207471996,0.0027247956403269,0.0035033086804203,0.0085636434410275,0.0070066173608407,0.0015570260801868,0.039314908524717695,0.0108991825613079,0.0284157259634098,0.0151810042818216,0.0062281043207473,0.0089528999610743,967
2019-06-01,2019,6,1391,449,942,27,13,14,160,47,113,2,1,1,53,31,22,106,66,40,7,3,4,3,1,2,86,20,66,11,10,1,2,2,0,265,130,135,86,50,36,3,2,1,5,3,2,35,26,9,31,28,3,13,6,7,13,12,1,100,40,60,44,27,17,0.5886584849767245,0.1900126957257723,0.3986457892509522,0.0114261531950909,0.0055014811680067,0.0059246720270842,0.0677105374523909,0.0198899703766398,0.0478205670757511,0.0008463817181548,0.0004231908590774,0.0004231908590774,0.022429115531104403,0.0131189166314007,0.0093101988997037,0.044858231062209,0.0279305966991113,0.0169276343630977,0.0029623360135420003,0.0012695725772323,0.0016927634363097,0.0012695725772322,0.0004231908590774,0.0008463817181548,0.0363944138806601,0.0084638171815488,0.0279305966991113,0.0046550994498518,0.0042319085907744,0.0004231908590774,0.0008463817181548,0.0008463817181548,0.0,0.1121455776555226,0.0550148116800677,0.0571307659754549,0.03639441388066,0.0211595429538721,0.0152348709267879,0.0012695725772322,0.0008463817181548,0.0004231908590774,0.0021159542953871,0.0012695725772323,0.0008463817181548,0.0148116800677104,0.0110029623360135,0.0038087177316969,0.0131189166314007,0.0118493440541684,0.0012695725772323,0.0055014811680067,0.0025391451544646,0.0029623360135421,0.0055014811680067,0.0050782903089293,0.0004231908590774,0.0423190859077443,0.0169276343630977,0.0253914515446466,0.018620397799407398,0.0114261531950909,0.0071942446043165,917
2019-07-01,2019,7,1669,522,1147,19,16,3,196,74,122,12,7,5,68,46,22,188,148,40,2,2,0,6,4,2,56,14,42,13,11,2,1,1,0,306,135,171,66,40,26,2,1,1,7,4,3,21,10,11,61,50,11,10,1,9,12,8,4,65,28,37,41,13,28,0.6250936329588014,0.195505617977528,0.4295880149812734,0.0071161048689136995,0.0059925093632958,0.0011235955056179,0.0734082397003744,0.0277153558052434,0.045692883895131,0.0044943820224718,0.0026217228464419,0.0018726591760299,0.0254681647940074,0.0172284644194756,0.0082397003745318,0.0704119850187265,0.0554307116104868,0.0149812734082397,0.0007490636704119,0.0007490636704119,0.0,0.0022471910112358,0.0014981273408239,0.0007490636704119,0.0209737827715354,0.0052434456928838,0.0157303370786516,0.0048689138576778,0.0041198501872659,0.0007490636704119,0.0003745318352059,0.0003745318352059,0.0,0.1146067415730336,0.0505617977528089,0.0640449438202247,0.024719101123595502,0.0149812734082397,0.0097378277153558,0.0007490636704118,0.0003745318352059,0.0003745318352059,0.0026217228464418003,0.0014981273408239,0.0011235955056179,0.0078651685393258,0.0037453183520599,0.0041198501872659,0.0228464419475655,0.0187265917602996,0.0041198501872659,0.0037453183520598002,0.0003745318352059,0.0033707865168539,0.0044943820224718,0.0029962546816479,0.0014981273408239,0.0243445692883894,0.0104868913857677,0.0138576779026217,0.0153558052434456,0.0048689138576779,0.0104868913857677,1017
2019-08-01,2019,8,1592,490,1102,22,17,5,172,29,143,2,1,1,55,27,28,113,73,40,12,7,5,6,4,2,56,20,36,67,67,0,3,3,0,221,90,131,62,25,37,6,2,4,5,4,1,18,11,7,51,40,11,15,4,11,23,19,4,63,18,45,53,22,31,0.630245447347585,0.1939825811559778,0.4362628661916072,0.0087094220110846,0.0067300079176563,0.0019794140934283,0.068091844813935,0.0114806017418844,0.0566112430720506,0.0007917656373712,0.0003958828186856,0.0003958828186856,0.0217735550277117,0.010688836104513,0.0110847189231987,0.044734758511480496,0.0288994457640538,0.0158353127474267,0.0047505938242279,0.0027711797307996,0.0019794140934283,0.0023752969121139,0.0015835312747426,0.0007917656373713,0.0221694378463973,0.0079176563737133,0.014251781472684,0.0265241488519398,0.0265241488519398,0.0,0.001187648456057,0.001187648456057,0.0,0.0874901029295328,0.0356294536817102,0.0518606492478226,0.024544734758511398,0.0098970704671417,0.0146476642913697,0.0023752969121139,0.0007917656373713,0.0015835312747426,0.0019794140934282,0.0015835312747426,0.0003958828186856,0.0071258907363419,0.0043547110055423,0.0027711797307996,0.020190023752969,0.0158353127474267,0.0043547110055423,0.0059382422802849,0.0015835312747426,0.0043547110055423,0.0091053048297703,0.0075217735550277,0.0015835312747426,0.0249406175771971,0.007125890736342,0.0178147268408551,0.0209817893903404,0.0087094220110847,0.0122723673792557,915
2019-09-01,2019,9,1423,362,1061,12,5,7,159,29,130,10,4,6,50,33,17,111,69,42,6,3,3,3,1,2,99,49,50,33,31,2,3,3,0,223,91,132,82,49,33,2,2,0,6,2,4,30,21,9,28,26,2,14,4,10,13,9,4,73,17,56,38,20,18,0.6107296137339056,0.1553648068669527,0.4553648068669528,0.005150214592274599,0.0021459227467811,0.0030042918454935,0.0682403433476394,0.0124463519313304,0.055793991416309,0.0042918454935621,0.0017167381974248,0.0025751072961373,0.021459227467811,0.0141630901287553,0.0072961373390557,0.0476394849785407,0.0296137339055794,0.0180257510729613,0.0025751072961372,0.0012875536480686,0.0012875536480686,0.0012875536480686,0.0004291845493562,0.0008583690987124,0.042489270386266,0.0210300429184549,0.0214592274678111,0.014163090128755301,0.0133047210300429,0.0008583690987124,0.0012875536480686,0.0012875536480686,0.0,0.0957081545064377,0.0390557939914163,0.0566523605150214,0.0351931330472102,0.0210300429184549,0.0141630901287553,0.0008583690987124,0.0008583690987124,0.0,0.0025751072961372,0.0008583690987124,0.0017167381974248,0.0128755364806866,0.0090128755364806,0.003862660944206,0.012017167381974201,0.0111587982832618,0.0008583690987124,0.006008583690987,0.0017167381974248,0.0042918454935622,0.0055793991416308,0.003862660944206,0.0017167381974248,0.0313304721030042,0.0072961373390557,0.0240343347639485,0.016309012875536398,0.0085836909871244,0.007725321888412,782
2019-10-01,2019,10,1567,408,1159,11,9,2,144,29,115,4,3,1,33,17,16,92,62,30,9,6,3,1,1,0,125,45,80,32,28,4,3,3,0,193,80,113,72,48,24,0,0,0,4,2,2,22,16,6,26,24,2,7,5,2,15,12,3,65,29,36,38,19,19,0.6537338339591156,0.1702127659574468,0.4835210680016688,0.0045890696704212,0.0037546933667083,0.0008343763037129,0.0600750938673341,0.0120984564038381,0.047976637463496,0.0016687526074258,0.0012515644555694,0.0004171881518564,0.0137672090112639,0.0070921985815602,0.0066750104297037,0.0383813099707968,0.0258656654151022,0.0125156445556946,0.0037546933667083,0.0025031289111389,0.0012515644555694,0.0004171881518564,0.0004171881518564,0.0,0.0521485189820608,0.0187734668335419,0.0333750521485189,0.0133500208594075,0.0116812682519816,0.0016687526074259,0.0012515644555694,0.0012515644555694,0.0,0.08051731330830189,0.0333750521485189,0.047142261159783,0.0300375469336669,0.0200250312891113,0.0100125156445556,0.0,0.0,0.0,0.0016687526074258,0.0008343763037129,0.0008343763037129,0.009178139340842599,0.0066750104297037,0.0025031289111389,0.0108468919482685,0.0100125156445556,0.0008343763037129,0.0029203170629953003,0.0020859407592824,0.0008343763037129,0.0062578222778472,0.0050062578222778,0.0012515644555694,0.0271172298706716,0.0120984564038381,0.0150187734668335,0.0158531497705464,0.0079265748852732,0.0079265748852732,806
2019-11-01,2019,11,1430,437,993,19,12,7,118,25,93,1,0,1,78,52,26,103,69,34,4,2,2,1,1,0,121,63,58,33,29,4,13,13,0,164,78,86,76,49,27,1,0,1,5,4,1,18,15,3,26,23,3,5,3,2,9,6,3,55,28,27,52,16,36,0.6305114638447971,0.1926807760141093,0.4378306878306878,0.0083774250440916,0.0052910052910052,0.0030864197530864,0.0520282186948853,0.0110229276895943,0.041005291005291,0.0004409171075837,0.0,0.0004409171075837,0.0343915343915343,0.0229276895943562,0.0114638447971781,0.045414462081128704,0.0304232804232804,0.0149911816578483,0.001763668430335,0.0008818342151675,0.0008818342151675,0.0004409171075837,0.0004409171075837,0.0,0.0533509700176366,0.0277777777777777,0.0255731922398589,0.0145502645502644,0.0127865961199294,0.001763668430335,0.005731922398589,0.005731922398589,0.0,0.0723104056437388,0.0343915343915343,0.0379188712522045,0.0335097001763668,0.0216049382716049,0.0119047619047619,0.0004409171075837,0.0,0.0004409171075837,0.0022045855379187,0.001763668430335,0.0004409171075837,0.0079365079365079,0.0066137566137566,0.0013227513227513,0.0114638447971781,0.0101410934744268,0.0013227513227513,0.0022045855379188,0.0013227513227513,0.0008818342151675,0.0039682539682538995,0.0026455026455026,0.0013227513227513,0.0242504409171075,0.0123456790123456,0.0119047619047619,0.0229276895943561,0.0070546737213403,0.0158730158730158,884
2019-12-01,2019,12,1406,388,1018,12,4,8,126,39,87,2,2,0,27,16,11,139,103,36,5,4,1,4,2,2,151,53,98,18,15,3,8,5,3,178,84,94,51,30,21,1,1,0,4,2,2,25,12,13,35,34,1,15,3,12,27,20,7,75,37,38,32,7,25,0.6293643688451208,0.1736794986571172,0.4556848701880036,0.0053715308863024,0.0017905102954341,0.0035810205908683,0.056401074306177204,0.0174574753804834,0.0389435989256938,0.000895255147717,0.000895255147717,0.0,0.012085944494180701,0.0071620411817367,0.004923903312444,0.0622202327663383,0.0461056401074306,0.0161145926589077,0.0022381378692926,0.0017905102954341,0.0004476275738585,0.001790510295434,0.000895255147717,0.000895255147717,0.0675917636526409,0.0237242614145031,0.0438675022381378,0.0080572963294538,0.0067144136078782,0.0013428827215756,0.0035810205908683003,0.0022381378692927,0.0013428827215756,0.0796777081468217,0.0376007162041181,0.0420769919427036,0.022829006266785898,0.0134288272157564,0.0094001790510295,0.0004476275738585,0.0004476275738585,0.0,0.001790510295434,0.000895255147717,0.000895255147717,0.011190689346463601,0.0053715308863025,0.0058191584601611,0.0156669650850491,0.0152193375111906,0.0004476275738585,0.0067144136078781,0.0013428827215756,0.0053715308863025,0.0120859444941807,0.0089525514771709,0.0031333930170098,0.0335720680393911,0.0165622202327663,0.0170098478066248,0.0143240823634735,0.0031333930170098,0.0111906893464637,784
2020-01-01,2020,1,1555,517,1038,11,8,3,122,35,87,4,2,2,53,36,17,79,60,19,9,8,1,3,1,2,145,10,135,21,19,2,3,3,0,187,77,110,55,19,36,5,3,2,16,10,6,28,19,9,55,48,7,14,5,9,16,10,6,131,78,53,82,56,26,0.6136543014996053,0.2040252565114443,0.409629044988161,0.0043409629044987,0.0031570639305445,0.0011838989739542,0.0481452249408049,0.0138121546961325,0.0343330702446724,0.0015785319652722,0.0007892659826361,0.0007892659826361,0.0209155485398578,0.0142067876874506,0.0067087608524072,0.0311760063141278,0.0236779794790844,0.0074980268350434,0.0035516969218625,0.0031570639305445,0.000394632991318,0.0011838989739541,0.000394632991318,0.0007892659826361,0.057221783741120705,0.0039463299131807,0.05327545382794,0.0082872928176795,0.0074980268350434,0.0007892659826361,0.0011838989739542,0.0011838989739542,0.0,0.0737963693764798,0.0303867403314917,0.0434096290449881,0.021704814522494002,0.0074980268350434,0.0142067876874506,0.0019731649565903,0.0011838989739542,0.0007892659826361,0.0063141278610890994,0.0039463299131807,0.0023677979479084,0.011049723756906,0.0074980268350434,0.0035516969218626,0.021704814522494002,0.0189423835832675,0.0027624309392265,0.0055248618784529,0.0019731649565903,0.0035516969218626,0.0063141278610890994,0.0039463299131807,0.0023677979479084,0.0516969218626676,0.0307813733228097,0.0209155485398579,0.032359905288082004,0.0220994475138121,0.0102604577742699,982
2020-02-01,2020,2,1328,494,834,9,6,3,111,24,87,7,5,2,60,24,36,56,38,18,6,6,0,2,1,1,138,44,94,15,14,1,5,5,0,126,71,55,32,13,19,5,1,4,3,3,0,12,9,3,30,26,4,10,1,9,10,9,1,57,24,33,21,8,13,0.6656641604010025,0.2476190476190476,0.4180451127819549,0.0045112781954886,0.0030075187969924,0.0015037593984962,0.0556390977443608,0.0120300751879699,0.0436090225563909,0.0035087719298245003,0.0025062656641604,0.0010025062656641,0.0300751879699247,0.0120300751879699,0.0180451127819548,0.0280701754385964,0.019047619047619,0.0090225563909774,0.0030075187969924,0.0030075187969924,0.0,0.001002506265664,0.000501253132832,0.000501253132832,0.069172932330827,0.0220551378446115,0.0471177944862155,0.0075187969924811,0.0070175438596491,0.000501253132832,0.0025062656641604,0.0025062656641604,0.0,0.063157894736842,0.0355889724310776,0.0275689223057644,0.0160401002506265,0.006516290726817,0.0095238095238095,0.0025062656641603,0.000501253132832,0.0020050125313283,0.0015037593984962,0.0015037593984962,0.0,0.0060150375939849,0.0045112781954887,0.0015037593984962,0.0150375939849623,0.013032581453634,0.0020050125313283,0.0050125313283207,0.000501253132832,0.0045112781954887,0.0050125313283207,0.0045112781954887,0.000501253132832,0.028571428571428498,0.0120300751879699,0.0165413533834586,0.010526315789473599,0.0040100250626566,0.006516290726817,795
2020-03-01,2020,3,1861,495,1366,13,7,6,84,12,72,10,3,7,60,35,25,101,49,52,6,6,0,2,1,1,399,19,380,14,13,1,8,7,1,201,90,111,76,32,44,92,23,69,14,11,3,25,17,8,40,39,1,18,5,13,25,19,6,55,18,37,38,16,22,0.6081699346405228,0.1617647058823529,0.4464052287581699,0.0042483660130718005,0.0022875816993464,0.0019607843137254,0.0274509803921567,0.0039215686274509,0.0235294117647058,0.0032679738562091,0.0009803921568627,0.0022875816993464,0.019607843137254798,0.011437908496732,0.0081699346405228,0.0330065359477123,0.0160130718954248,0.0169934640522875,0.0019607843137254,0.0019607843137254,0.0,0.0006535947712418,0.0003267973856209,0.0003267973856209,0.130392156862745,0.0062091503267973,0.1241830065359477,0.0045751633986927,0.0042483660130718,0.0003267973856209,0.0026143790849673,0.0022875816993464,0.0003267973856209,0.0656862745098038,0.0294117647058823,0.0362745098039215,0.0248366013071894,0.0104575163398692,0.0143790849673202,0.030065359477124097,0.007516339869281,0.0225490196078431,0.0045751633986927005,0.00359477124183,0.0009803921568627,0.0081699346405228,0.0055555555555555,0.0026143790849673,0.0130718954248365,0.0127450980392156,0.0003267973856209,0.0058823529411763,0.0016339869281045,0.0042483660130718,0.008169934640522701,0.0062091503267973,0.0019607843137254,0.0179738562091502,0.0058823529411764,0.0120915032679738,0.0124183006535947,0.0052287581699346,0.0071895424836601,882
2020-04-01,2020,4,1149,286,863,8,4,4,113,27,86,7,4,3,32,9,23,30,23,7,2,2,0,0,0,0,379,44,335,2,2,0,7,7,0,72,38,34,47,19,28,51,18,33,8,5,3,5,3,2,22,20,2,4,0,4,13,10,3,29,9,20,24,11,13,0.5794251134644477,0.1442259203227433,0.4351991931417044,0.0040342914775592,0.0020171457387796,0.0020171457387796,0.0569843671205243,0.0136157337367624,0.0433686333837619,0.0035300050428643,0.0020171457387796,0.0015128593040847,0.016137165910236898,0.0045385779122541,0.0115985879979828,0.0151285930408471,0.0115985879979828,0.0035300050428643,0.0010085728693898,0.0010085728693898,0.0,0.0,0.0,0.0,0.1911245587493695,0.0221886031265758,0.1689359556227937,0.0010085728693898,0.0010085728693898,0.0,0.0035300050428643,0.0035300050428643,0.0,0.0363086232980332,0.0191628845184064,0.0171457387796268,0.0237014624306605,0.0095814422592032,0.0141200201714573,0.025718608169440202,0.0090771558245083,0.0166414523449319,0.0040342914775592,0.0025214321734745,0.0015128593040847,0.0025214321734745,0.0015128593040847,0.0010085728693898,0.011094301563287902,0.0100857286938981,0.0010085728693898,0.0020171457387796,0.0,0.0020171457387796,0.0065557236510337,0.005042864346949,0.0015128593040847,0.014624306606152201,0.0045385779122541,0.0100857286938981,0.0121028744326776,0.0055471507816439,0.0065557236510337,525
2020-05-01,2020,5,1547,404,1143,10,7,3,88,28,60,4,3,1,53,29,24,67,46,21,21,21,0,1,0,1,519,82,437,22,20,2,7,7,0,117,60,57,55,15,40,36,16,20,4,3,1,17,12,5,54,47,7,5,2,3,13,10,3,46,21,25,33,20,13,0.581578947368421,0.1518796992481203,0.4296992481203007,0.0037593984962405002,0.0026315789473684,0.0011278195488721,0.0330827067669172,0.0105263157894736,0.0225563909774436,0.0015037593984961002,0.0011278195488721,0.000375939849624,0.019924812030075102,0.0109022556390977,0.0090225563909774,0.025187969924811898,0.0172932330827067,0.0078947368421052,0.0078947368421052,0.0078947368421052,0.0,0.000375939849624,0.0,0.000375939849624,0.1951127819548871,0.0308270676691729,0.1642857142857142,0.0082706766917293,0.0075187969924812,0.0007518796992481,0.0026315789473684,0.0026315789473684,0.0,0.043984962406015,0.0225563909774436,0.0214285714285714,0.0206766917293233,0.0056390977443609,0.0150375939849624,0.0135338345864661,0.0060150375939849,0.0075187969924812,0.0015037593984961002,0.0011278195488721,0.000375939849624,0.006390977443609,0.0045112781954887,0.0018796992481203,0.0203007518796992,0.0176691729323308,0.0026315789473684,0.0018796992481202,0.0007518796992481,0.0011278195488721,0.0048872180451127005,0.0037593984962406,0.0011278195488721,0.0172932330827067,0.0078947368421052,0.0093984962406015,0.0124060150375939,0.0075187969924812,0.0048872180451127,813
2020-06-01,2020,6,1495,489,1006,15,6,9,110,19,91,1,1,0,69,41,28,108,65,43,25,23,2,0,0,0,344,24,320,56,55,1,0,0,0,179,86,93,85,47,38,18,10,8,4,1,3,28,27,1,73,68,5,7,5,2,15,10,5,53,21,32,19,11,8,0.5725775564917656,0.1872845653006511,0.3852929911911145,0.0057449253159707996,0.0022979701263883,0.0034469551895825,0.0421294523171197,0.0072769054002297,0.03485254691689,0.0003829950210647,0.0003829950210647,0.0,0.026426656453466,0.0157027958636537,0.0107238605898123,0.0413634622749904,0.0248946763692072,0.0164687859057832,0.0095748755266181,0.0088088854844887,0.0007659900421294,0.0,0.0,0.0,0.1317502872462657,0.0091918805055534,0.1225584067407123,0.0214477211796246,0.0210647261585599,0.0003829950210647,0.0,0.0,0.0,0.0685561087705859,0.0329375718115664,0.0356185369590195,0.032554576790501596,0.0180007659900421,0.0145538108004595,0.006893910379165,0.0038299502106472,0.0030639601685178,0.0015319800842588,0.0003829950210647,0.0011489850631941,0.010723860589812301,0.0103408655687476,0.0003829950210647,0.0279586365377249,0.0260436614324013,0.0019149751053236,0.002680965147453,0.0019149751053236,0.0007659900421294,0.0057449253159708,0.0038299502106472,0.0019149751053236,0.020298736116430398,0.0080428954423592,0.0122558406740712,0.0072769054002297,0.0042129452317119,0.0030639601685178,954
2020-07-01,2020,7,1464,410,1054,21,16,5,122,21,101,3,2,1,54,29,25,112,73,39,11,7,4,2,0,2,377,21,356,21,21,0,1,1,0,203,90,113,64,30,34,21,12,9,2,2,0,18,11,7,42,40,2,11,6,5,15,11,4,32,14,18,37,10,27,0.5745682888540031,0.1609105180533752,0.4136577708006279,0.0082417582417582,0.0062794348508634,0.0019623233908948,0.0478806907378335,0.0082417582417582,0.0396389324960753,0.0011773940345368,0.0007849293563579,0.0003924646781789,0.0211930926216639,0.0113814756671899,0.009811616954474,0.0439560439560438,0.0286499215070643,0.0153061224489795,0.0043171114599685,0.0027472527472527,0.0015698587127158,0.0007849293563579,0.0,0.0007849293563579,0.1479591836734693,0.0082417582417582,0.1397174254317111,0.0082417582417582,0.0082417582417582,0.0,0.0003924646781789,0.0003924646781789,0.0,0.0796703296703296,0.0353218210361067,0.0443485086342229,0.0251177394034536,0.0117739403453689,0.0133437990580847,0.008241758241758101,0.0047095761381475,0.0035321821036106,0.0007849293563579,0.0007849293563579,0.0,0.0070643642072213,0.0043171114599686,0.0027472527472527,0.016483516483516397,0.0156985871271585,0.0007849293563579,0.004317111459968499,0.0023547880690737,0.0019623233908948,0.0058869701726844,0.0043171114599686,0.0015698587127158,0.012558869701726701,0.0054945054945054,0.0070643642072213,0.0145211930926216,0.0039246467817896,0.010596546310832,779
2020-08-01,2020,8,1345,417,928,16,9,7,124,39,85,5,4,1,52,31,21,123,92,31,5,5,0,1,1,0,326,21,305,29,27,2,2,2,0,140,74,66,48,26,22,13,5,8,4,3,1,45,34,11,37,32,5,11,7,4,19,14,5,35,13,22,17,8,9,0.5842745438748913,0.181146828844483,0.4031277150304083,0.0069504778453518,0.0039096437880104,0.0030408340573414,0.0538662033014769,0.0169417897480451,0.0369244135534318,0.0021720243266723,0.0017376194613379,0.0004344048653344,0.0225890529973935,0.0134665508253692,0.0091225021720243,0.0534317984361424,0.0399652476107732,0.0134665508253692,0.0021720243266724,0.0021720243266724,0.0,0.0004344048653344,0.0004344048653344,0.0,0.1416159860990442,0.0091225021720243,0.1324934839270199,0.012597741094700101,0.0117289313640312,0.0008688097306689,0.0008688097306689,0.0008688097306689,0.0,0.0608166811468287,0.0321459600347523,0.0286707211120764,0.0208514335360555,0.0112945264986967,0.0095569070373588,0.0056472632493483,0.0021720243266724,0.0034752389226759,0.0017376194613378001,0.0013032145960034,0.0004344048653344,0.019548218940052098,0.0147697654213727,0.0047784535186794,0.0160729800173761,0.0139009556907037,0.0021720243266724,0.0047784535186793,0.0030408340573414,0.0017376194613379,0.008253692441355199,0.0060816681146828,0.0021720243266724,0.0152041702867071,0.0056472632493483,0.0095569070373588,0.0073848827106863,0.0034752389226759,0.0039096437880104,793
2020-09-01,2020,9,1330,394,936,21,11,10,101,35,66,3,3,0,60,29,31,114,90,24,15,15,0,2,1,1,206,9,197,38,37,1,9,9,0,165,97,68,64,30,34,9,7,2,4,2,2,37,23,14,35,30,5,8,3,5,14,10,4,31,15,16,31,12,19,0.6015377657168701,0.1781999095431931,0.4233378561736771,0.0094979647218452,0.0049751243781094,0.0045228403437358,0.0456806874717322,0.0158299412030755,0.0298507462686567,0.0013568521031207,0.0013568521031207,0.0,0.0271370420624151,0.013116236996834,0.0140208050655811,0.0515603799185888,0.0407055630936228,0.010854816824966,0.0067842605156037,0.0067842605156037,0.0,0.000904568068747,0.0004522840343735,0.0004522840343735,0.09317051108095871,0.0040705563093622,0.0890999547715965,0.017186793306196203,0.0167345092718227,0.0004522840343735,0.0040705563093622,0.0040705563093622,0.0,0.0746268656716417,0.0438715513342379,0.0307553143374038,0.0289461781999094,0.0135685210312075,0.0153776571687019,0.0040705563093622,0.0031659882406151,0.0009045680687471,0.0018091361374942,0.0009045680687471,0.0009045680687471,0.0167345092718226,0.0104025327905924,0.0063319764812302,0.0158299412030754,0.0135685210312075,0.0022614201718679,0.0036182722749886,0.0013568521031207,0.0022614201718679,0.0063319764812301005,0.0045228403437358,0.0018091361374943,0.014020805065581,0.0067842605156037,0.0072365445499773,0.0140208050655811,0.005427408412483,0.0085933966530981,796
2020-10-01,2020,10,1735,560,1175,18,11,7,104,17,87,5,4,1,82,37,45,96,60,36,3,2,1,4,2,2,284,16,268,50,48,2,8,8,0,178,95,83,90,54,36,7,4,3,9,6,3,19,16,3,21,13,8,5,3,2,20,17,3,52,13,39,27,16,11,0.6306797528171574,0.2035623409669211,0.4271174118502363,0.0065430752453653,0.0039985459832788,0.0025445292620865,0.0378044347509995,0.0061795710650672,0.0316248636859323,0.0018175209014902,0.0014540167211922,0.000363504180298,0.029807342784441998,0.0134496546710287,0.0163576881134133,0.034896401308615,0.0218102508178844,0.0130861504907306,0.0010905125408941,0.0007270083605961,0.000363504180298,0.0014540167211922,0.0007270083605961,0.0007270083605961,0.1032351872046527,0.0058160668847691,0.0974191203198836,0.0181752090149036,0.0174482006543075,0.0007270083605961,0.0029080334423845,0.0029080334423845,0.0,0.0647037440930569,0.0345328971283169,0.03017084696474,0.0327153762268265,0.0196292257360959,0.0130861504907306,0.0025445292620863997,0.0014540167211922,0.0010905125408942,0.0032715376226825996,0.0021810250817884,0.0010905125408942,0.0069065794256633,0.0058160668847691,0.0010905125408942,0.0076335877862594,0.0047255543438749,0.0029080334423845,0.0018175209014903,0.0010905125408942,0.0007270083605961,0.0072700836059614,0.0061795710650672,0.0010905125408942,0.0189022173754997,0.0047255543438749,0.0141766630316248,0.0098146128680479,0.0058160668847691,0.0039985459832788,965
2020-11-01,2020,11,1749,533,1216,15,11,4,126,18,108,1,0,1,65,43,22,74,40,34,2,1,1,1,0,1,257,38,219,31,29,2,6,6,0,143,66,77,75,40,35,11,6,5,15,12,3,18,12,6,26,19,7,9,2,7,12,5,7,61,29,32,38,21,17,0.6530993278566094,0.1990291262135922,0.4540702016430172,0.0056011949215831,0.0041075429424943,0.0014936519790888,0.0470500373412994,0.0067214339058999,0.0403286034353995,0.0003734129947722,0.0,0.0003734129947722,0.024271844660194,0.0160567587752053,0.0082150858849887,0.0276325616131441,0.0149365197908887,0.0126960418222554,0.0007468259895444,0.0003734129947722,0.0003734129947722,0.0003734129947722,0.0,0.0003734129947722,0.09596713965645991,0.0141896938013442,0.0817774458551157,0.0115758028379387,0.0108289768483943,0.0007468259895444,0.0022404779686333,0.0022404779686333,0.0,0.053398058252427,0.0246452576549663,0.0287528005974607,0.0280059746079163,0.0149365197908887,0.0130694548170276,0.0041075429424943,0.0022404779686333,0.001867064973861,0.005601194921583201,0.0044809559372666,0.0011202389843166,0.006721433905899901,0.0044809559372666,0.0022404779686333,0.0097087378640776,0.0070948469006721,0.0026138909634055,0.0033607169529499,0.0007468259895444,0.0026138909634055,0.0044809559372665005,0.001867064973861,0.0026138909634055,0.0227781926811052,0.0108289768483943,0.0119492158327109,0.0141896938013442,0.0078416728902165,0.0063480209111277,901
2020-12-01,2020,12,1509,475,1034,15,8,7,74,19,55,0,0,0,82,51,31,64,51,13,12,10,2,2,0,2,192,15,177,73,72,1,12,12,0,168,86,82,68,45,23,4,1,3,13,11,2,62,42,20,40,39,1,1,0,1,24,21,3,43,18,25,31,17,14,0.6204769736842105,0.1953125,0.4251644736842105,0.0061677631578947005,0.0032894736842105,0.0028782894736842,0.0304276315789473,0.0078125,0.0226151315789473,0.0,0.0,0.0,0.0337171052631578,0.0209703947368421,0.0127467105263157,0.026315789473684202,0.0209703947368421,0.0053453947368421,0.004934210526315701,0.0041118421052631,0.0008223684210526,0.0008223684210526,0.0,0.0008223684210526,0.0789473684210526,0.0061677631578947,0.0727796052631579,0.030016447368421,0.0296052631578947,0.0004111842105263,0.0049342105263157,0.0049342105263157,0.0,0.0690789473684209,0.0353618421052631,0.0337171052631578,0.0279605263157894,0.0185032894736842,0.0094572368421052,0.0016447368421052,0.0004111842105263,0.0012335526315789,0.0053453947368420004,0.0045230263157894,0.0008223684210526,0.0254934210526315,0.0172697368421052,0.0082236842105263,0.0164473684210526,0.0160361842105263,0.0004111842105263,0.0004111842105263,0.0,0.0004111842105263,0.009868421052631499,0.0086348684210526,0.0012335526315789,0.0176809210526314,0.0074013157894736,0.0102796052631578,0.0127467105263157,0.0069901315789473,0.0057565789473684,951
2021-01-01,2021,1,1533,509,1024,9,7,2,111,22,89,4,3,1,75,44,31,62,43,19,12,12,0,1,0,1,222,13,209,75,71,4,12,12,0,160,86,74,53,19,34,8,5,3,10,7,3,28,20,8,28,26,2,5,2,3,29,24,5,77,31,46,55,20,35,0.6068883610451306,0.2015043547110055,0.4053840063341251,0.0035629453681709,0.0027711797307996,0.0007917656373713,0.0439429928741092,0.0087094220110847,0.0352335708630245,0.0015835312747426,0.001187648456057,0.0003958828186856,0.029691211401425104,0.0174188440221694,0.0122723673792557,0.024544734758511398,0.0170229612034837,0.0075217735550277,0.004750593824228,0.004750593824228,0.0,0.0003958828186856,0.0,0.0003958828186856,0.08788598574821839,0.0051464766429136,0.0827395091053048,0.0296912114014251,0.0281076801266825,0.0015835312747426,0.004750593824228,0.004750593824228,0.0,0.063341250989707,0.0340459224069675,0.0292953285827395,0.0209817893903404,0.0075217735550277,0.0134600158353127,0.0031670625494853,0.0019794140934283,0.001187648456057,0.0039588281868566,0.0027711797307996,0.001187648456057,0.011084718923198601,0.0079176563737133,0.0031670625494853,0.0110847189231986,0.0102929532858273,0.0007917656373713,0.0019794140934283,0.0007917656373713,0.001187648456057,0.0114806017418843,0.009501187648456,0.0019794140934283,0.030482977038796398,0.0122723673792557,0.0182106096595407,0.0217735550277117,0.0079176563737133,0.0138558986539984,948
2021-02-01,2021,2,1352,444,908,9,5,4,103,22,81,3,3,0,88,45,43,59,49,10,7,7,0,5,2,3,160,6,154,48,43,5,7,7,0,143,61,82,99,41,58,5,2,3,7,3,4,27,12,15,29,27,2,1,1,0,19,14,5,14,4,10,33,21,12,0.6233287229137852,0.2047026279391424,0.4186260949746427,0.0041493775933609004,0.0023052097740894,0.0018441678192715,0.0474873213462424,0.0101429230059935,0.0373443983402489,0.0013831258644536,0.0013831258644536,0.0,0.0405716920239741,0.0207468879668049,0.0198248040571692,0.0272014753342553,0.0225910557860765,0.0046104195481788,0.0032272936837252,0.0032272936837252,0.0,0.0023052097740893,0.0009220839096357,0.0013831258644536,0.07376671277086211,0.0027662517289073,0.0710004610419548,0.0221300138312586,0.0198248040571692,0.0023052097740894,0.0032272936837252,0.0032272936837252,0.0,0.0659289995389579,0.0281235592438911,0.0378054402950668,0.0456431535269709,0.0189027201475334,0.0267404333794375,0.0023052097740893,0.0009220839096357,0.0013831258644536,0.0032272936837251,0.0013831258644536,0.0018441678192715,0.0124481327800829,0.0055325034578146,0.0069156293222683,0.0133702166897186,0.0124481327800829,0.0009220839096357,0.0004610419548178,0.0004610419548178,0.0,0.0087597971415398,0.0064545873674504,0.0023052097740894,0.006454587367450301,0.0018441678192715,0.0046104195481788,0.0152143845089902,0.0096818810511756,0.0055325034578146,780
2021-03-01,2021,3,1759,536,1223,18,13,5,118,40,78,4,1,3,58,29,29,84,53,31,7,6,1,1,0,1,232,35,197,68,65,3,9,9,0,191,99,92,97,38,59,29,23,6,8,6,2,10,5,5,23,22,1,11,5,6,13,10,3,33,13,20,34,14,20,0.6426744610887833,0.195834855681403,0.4468396054073803,0.006576543660942499,0.0047497259773474,0.0018268176835951,0.043112897332846095,0.0146145414687614,0.0284983558640847,0.0014614541468761,0.000365363536719,0.0010960906101571,0.021191085129704,0.010595542564852,0.010595542564852,0.0306905370843989,0.0193642674461088,0.0113262696382901,0.0025575447570332,0.0021921812203142,0.000365363536719,0.000365363536719,0.0,0.000365363536719,0.0847643405188161,0.0127877237851662,0.0719766167336499,0.024844720496894398,0.0237486298867373,0.0010960906101571,0.0032882718304713,0.0032882718304713,0.0,0.0697844355133357,0.0361709901351845,0.0336134453781512,0.0354402630617463,0.0138838143953233,0.021556448666423,0.010595542564852,0.0084033613445378,0.0021921812203142,0.0029229082937522,0.0021921812203142,0.000730727073438,0.0036536353671902,0.0018268176835951,0.0018268176835951,0.0084033613445377,0.0080379978078187,0.000365363536719,0.0040189989039093,0.0018268176835951,0.0021921812203142,0.0047497259773474,0.0036536353671903,0.0010960906101571,0.0120569967117281,0.0047497259773474,0.0073072707343807,0.0124223602484471,0.0051150895140664,0.0073072707343807,980
2021-04-01,2021,4,1644,459,1185,21,17,4,135,21,114,9,4,5,69,35,34,61,39,22,10,10,0,0,0,0,210,21,189,33,25,8,4,4,0,164,71,93,77,31,46,26,9,17,10,6,4,6,3,3,14,13,1,7,6,1,8,6,2,51,20,31,32,13,19,0.6462264150943396,0.1804245283018868,0.4658018867924528,0.008254716981132,0.0066823899371069,0.0015723270440251,0.053066037735848906,0.008254716981132,0.0448113207547169,0.0035377358490565,0.0015723270440251,0.0019654088050314,0.0271226415094339,0.0137578616352201,0.0133647798742138,0.0239779874213835,0.0153301886792452,0.0086477987421383,0.0039308176100628,0.0039308176100628,0.0,0.0,0.0,0.0,0.0825471698113206,0.008254716981132,0.0742924528301886,0.0129716981132075,0.0098270440251572,0.0031446540880503,0.0015723270440251,0.0015723270440251,0.0,0.0644654088050314,0.0279088050314465,0.0365566037735849,0.0302672955974842,0.0121855345911949,0.0180817610062893,0.0102201257861635,0.0035377358490566,0.0066823899371069,0.0039308176100628,0.0023584905660377,0.0015723270440251,0.0023584905660376,0.0011792452830188,0.0011792452830188,0.0055031446540879,0.0051100628930817,0.0003930817610062,0.0027515723270439,0.0023584905660377,0.0003930817610062,0.0031446540880502,0.0023584905660377,0.0007861635220125,0.020047169811320598,0.0078616352201257,0.0121855345911949,0.012578616352201099,0.0051100628930817,0.0074685534591194,784
2021-05-01,2021,5,1637,503,1134,31,15,16,124,25,99,4,4,0,81,47,34,85,56,29,17,17,0,2,1,1,166,27,139,62,61,1,9,9,0,176,89,87,83,51,32,14,9,5,1,1,0,10,9,1,42,39,3,3,2,1,6,2,4,64,22,42,32,10,22,0.6354813664596273,0.1952639751552795,0.4402173913043478,0.0120341614906832,0.0058229813664596,0.0062111801242236,0.0481366459627328,0.0097049689440993,0.0384316770186335,0.0015527950310559,0.0015527950310559,0.0,0.0314440993788819,0.0182453416149068,0.0131987577639751,0.032996894409937805,0.0217391304347826,0.0112577639751552,0.0065993788819875,0.0065993788819875,0.0,0.0007763975155278,0.0003881987577639,0.0003881987577639,0.0644409937888198,0.0104813664596273,0.0539596273291925,0.0240683229813663,0.0236801242236024,0.0003881987577639,0.0034937888198757,0.0034937888198757,0.0,0.0683229813664595,0.0345496894409937,0.0337732919254658,0.0322204968944099,0.0197981366459627,0.0124223602484472,0.0054347826086955,0.0034937888198757,0.0019409937888198,0.0003881987577639,0.0003881987577639,0.0,0.0038819875776396,0.0034937888198757,0.0003881987577639,0.0163043478260869,0.015139751552795,0.0011645962732919,0.0011645962732918,0.0007763975155279,0.0003881987577639,0.0023291925465838,0.0007763975155279,0.0015527950310559,0.0248447204968943,0.0085403726708074,0.0163043478260869,0.0124223602484471,0.0038819875776397,0.0085403726708074,956
2021-06-01,2021,6,1677,461,1216,19,18,1,88,7,81,6,4,2,84,53,31,58,37,21,2,2,0,3,1,2,161,18,143,43,36,7,12,10,2,165,68,97,76,30,46,10,3,7,9,6,3,16,10,6,26,23,3,9,4,5,16,16,0,83,29,54,36,10,26,0.6584216725559481,0.1809972516686297,0.4774244208873184,0.0074597565763642,0.0070671378091872,0.000392618767177,0.0345504515115821,0.0027483313702394,0.0318021201413427,0.0023557126030623,0.0015704750687082,0.0007852375343541,0.0329799764428739,0.0208087946603847,0.0121711817824892,0.02277188849627,0.0145268943855516,0.0082449941107184,0.0007852375343541,0.0007852375343541,0.0,0.0011778563015311,0.000392618767177,0.0007852375343541,0.0632116215155083,0.0070671378091872,0.0561444837063211,0.0168826069886139,0.0141342756183745,0.0027483313702394,0.0047114252061248,0.0039261876717707,0.0007852375343541,0.0647820965842166,0.0266980761680408,0.0380840204161758,0.029839026305457296,0.0117785630153121,0.0180604632901452,0.0039261876717706,0.0011778563015312,0.0027483313702394,0.0035335689045936005,0.0023557126030624,0.0011778563015312,0.006281900274833101,0.0039261876717707,0.0023557126030624,0.0102080879466038,0.0090302316450726,0.0011778563015312,0.0035335689045935,0.0015704750687082,0.0019630938358853,0.0062819002748331,0.0062819002748331,0.0,0.0325873576756968,0.011385944248135,0.0212014134275618,0.0141342756183745,0.0039261876717707,0.0102080879466038,814
2021-07-01,2021,7,1610,438,1172,5,1,4,90,20,70,1,1,0,90,47,43,85,53,32,3,2,1,2,0,2,148,16,132,63,61,2,24,23,1,156,81,75,57,36,21,5,5,0,8,4,4,17,13,4,24,22,2,10,5,5,12,11,1,51,13,38,39,17,22,0.6595657517410896,0.179434657927079,0.4801310938140106,0.0020483408439162997,0.0004096681687832,0.0016386726751331,0.036870135190495604,0.0081933633756657,0.0286767718148299,0.0004096681687832,0.0004096681687832,0.0,0.0368701351904956,0.0192544039328144,0.0176157312576812,0.0348217943465792,0.0217124129455141,0.0131093814010651,0.0012290045063497,0.0008193363375665,0.0004096681687832,0.0008193363375665,0.0,0.0008193363375665,0.0606308889799261,0.0065546907005325,0.0540761982793936,0.0258090946333469,0.0249897582957804,0.0008193363375665,0.0098320360507987,0.0094223678820155,0.0004096681687832,0.0639082343301925,0.0331831216714461,0.0307251126587464,0.0233510856206471,0.0147480540761982,0.0086030315444489,0.0020483408439164,0.0020483408439164,0.0,0.0032773453502662,0.0016386726751331,0.0016386726751331,0.0069643588693158,0.0053256861941827,0.0016386726751331,0.0098320360507987,0.0090126997132322,0.0008193363375665,0.0040966816878328,0.0020483408439164,0.0020483408439164,0.0049160180253993,0.0045063498566161,0.0004096681687832,0.0208930766079475,0.0053256861941827,0.0155673904137648,0.015977058582548,0.0069643588693158,0.0090126997132322,833
2021-08-01,2021,8,1683,445,1238,22,11,11,72,21,51,3,3,0,80,46,34,60,34,26,5,5,0,4,2,2,170,16,154,52,48,4,8,8,0,171,79,92,67,35,32,10,9,1,6,4,2,23,16,7,25,19,6,7,4,3,15,10,5,49,13,36,26,10,16,0.6705179282868525,0.1772908366533864,0.4932270916334661,0.0087649402390438,0.0043824701195219,0.0043824701195219,0.028685258964143298,0.0083665338645418,0.0203187250996015,0.0011952191235059,0.0011952191235059,0.0,0.0318725099601593,0.0183266932270916,0.0135458167330677,0.0239043824701194,0.0135458167330677,0.0103585657370517,0.0019920318725099,0.0019920318725099,0.0,0.0015936254980078,0.0007968127490039,0.0007968127490039,0.0677290836653385,0.0063745019920318,0.0613545816733067,0.0207171314741035,0.0191235059760956,0.0015936254980079,0.0031872509960159,0.0031872509960159,0.0,0.0681274900398405,0.0314741035856573,0.0366533864541832,0.026693227091633402,0.0139442231075697,0.0127490039840637,0.0039840637450198006,0.0035856573705179,0.0003984063745019,0.0023904382470118,0.0015936254980079,0.0007968127490039,0.0091633466135457,0.0063745019920318,0.0027888446215139,0.0099601593625497,0.0075697211155378,0.0023904382470119,0.0027888446215138,0.0015936254980079,0.0011952191235059,0.005976095617529801,0.0039840637450199,0.0019920318725099,0.019521912350597498,0.0051792828685258,0.0143426294820717,0.010358565737051701,0.0039840637450199,0.0063745019920318,815
2021-09-01,2021,9,1842,505,1337,17,16,1,86,23,63,11,3,8,78,44,34,82,45,37,7,3,4,1,0,1,170,21,149,74,73,1,9,9,0,177,87,90,66,33,33,4,2,2,10,5,5,21,16,5,26,18,8,8,3,5,16,11,5,46,15,31,42,20,22,0.6737381126554499,0.1847110460863204,0.4890270665691295,0.0062179956108265,0.0058522311631309,0.0003657644476956,0.0314557425018287,0.0084125822970007,0.023043160204828,0.0040234089246524,0.001097293343087,0.0029261155815654,0.0285296269202632,0.01609363569861,0.0124359912216532,0.029992684711046,0.0164594001463057,0.0135332845647403,0.0025603511338697,0.001097293343087,0.0014630577907827,0.0003657644476956,0.0,0.0003657644476956,0.0621799561082662,0.0076810534016093,0.0544989027066569,0.0270665691294805,0.0267008046817849,0.0003657644476956,0.0032918800292611,0.0032918800292611,0.0,0.064740307242136,0.0318215069495245,0.0329188002926115,0.024140453547915,0.0120702267739575,0.0120702267739575,0.0014630577907826,0.0007315288953913,0.0007315288953913,0.0036576444769568,0.0018288222384784,0.0018288222384784,0.0076810534016093,0.0058522311631309,0.0018288222384784,0.009509875640087699,0.0065837600585223,0.0029261155815654,0.0029261155815654,0.001097293343087,0.0018288222384784,0.0058522311631309006,0.0040234089246525,0.0018288222384784,0.0168251645940014,0.0054864667154352,0.0113386978785662,0.0153621068032186,0.0073152889539136,0.008046817849305,925
2021-10-01,2021,10,1897,617,1280,20,15,5,94,17,77,9,8,1,96,50,46,66,45,21,6,4,2,4,0,4,137,21,116,118,118,0,29,29,0,189,99,90,65,29,36,23,14,9,7,5,2,19,7,12,14,14,0,8,4,4,11,8,3,87,17,70,44,22,22,0.6550414364640884,0.2130524861878453,0.4419889502762431,0.0069060773480662,0.0051795580110497,0.0017265193370165,0.0324585635359115,0.0058701657458563,0.0265883977900552,0.0031077348066298003,0.0027624309392265,0.0003453038674033,0.0331491712707181,0.0172651933701657,0.0158839779005524,0.0227900552486187,0.0155386740331491,0.0072513812154696,0.0020718232044198,0.0013812154696132,0.0006906077348066,0.0013812154696132,0.0,0.0013812154696132,0.0473066298342541,0.0072513812154696,0.0400552486187845,0.0407458563535911,0.0407458563535911,0.0,0.0100138121546961,0.0100138121546961,0.0,0.0652624309392264,0.0341850828729281,0.0310773480662983,0.0224447513812154,0.0100138121546961,0.0124309392265193,0.0079419889502762,0.0048342541436464,0.0031077348066298,0.0024171270718231,0.0017265193370165,0.0006906077348066,0.0065607734806629,0.0024171270718232,0.0041436464088397,0.0048342541436464,0.0048342541436464,0.0,0.0027624309392264,0.0013812154696132,0.0013812154696132,0.0037983425414364,0.0027624309392265,0.0010359116022099,0.0300414364640883,0.0058701657458563,0.024171270718232,0.0151933701657458,0.0075966850828729,0.0075966850828729,1115
2021-11-01,2021,11,2063,691,1372,18,15,3,129,36,93,6,4,2,110,71,39,111,77,34,10,10,0,5,3,2,116,12,104,90,87,3,15,15,0,245,123,122,62,25,37,4,2,2,12,7,5,41,28,13,34,31,3,1,1,0,38,33,5,59,26,33,50,30,20,0.6584743057772102,0.2205553782317267,0.4379189275454835,0.0057452920523458,0.0047877433769549,0.0009575486753909,0.0411745930418128,0.0114905841046919,0.0296840089371209,0.0019150973507818,0.0012767315671879,0.0006383657835939,0.0351101180976698,0.0226619853175869,0.0124481327800829,0.0354293009894668,0.0245770826683689,0.0108522183210979,0.0031918289179699,0.0031918289179699,0.0,0.0015959144589848,0.0009575486753909,0.0006383657835939,0.0370252154484518,0.0038301947015639,0.0331950207468879,0.0287264602617298,0.0277689115863389,0.0009575486753909,0.0047877433769549,0.0047877433769549,0.0,0.0781998084902648,0.0392594956910309,0.0389403127992339,0.0197893392914138,0.0079795722949249,0.0118097669964889,0.0012767315671878,0.0006383657835939,0.0006383657835939,0.0038301947015638,0.0022342802425789,0.0015959144589849,0.0130864985636768,0.0089371209703159,0.0041493775933609,0.0108522183210978,0.0098946696457069,0.0009575486753909,0.0003191828917969,0.0003191828917969,0.0,0.012128949888285799,0.0105330354293009,0.0015959144589849,0.0188317906160228,0.0082987551867219,0.0105330354293009,0.0159591445898498,0.0095754867539099,0.0063836578359399,1272
2021-12-01,2021,12,1690,591,1099,9,5,4,91,16,75,6,5,1,56,32,24,76,44,32,7,7,0,0,0,0,163,23,140,110,105,5,4,4,0,148,69,79,84,54,30,4,1,3,10,4,6,10,8,2,11,11,0,6,2,4,14,9,5,65,19,46,39,18,21,0.662485299882399,0.2316738533908271,0.4308114464915719,0.0035280282242256995,0.0019600156801254,0.0015680125441003,0.035672285378283,0.0062720501764014,0.0294002352018816,0.0023520188161504,0.0019600156801254,0.000392003136025,0.021952175617404902,0.0125441003528028,0.0094080752646021,0.0297922383379066,0.0172481379851038,0.0125441003528028,0.0027440219521756,0.0027440219521756,0.0,0.0,0.0,0.0,0.0638965111720893,0.009016072128577,0.0548804390435123,0.043120344962759606,0.0411603292826342,0.0019600156801254,0.0015680125441003,0.0015680125441003,0.0,0.058016464131712894,0.027048216385731,0.0309682477459819,0.0329282634261073,0.0211681693453547,0.0117600940807526,0.0015680125441002,0.000392003136025,0.0011760094080752,0.0039200313602508,0.0015680125441003,0.0023520188161505,0.0039200313602508,0.0031360250882007,0.0007840062720501,0.0043120344962759,0.0043120344962759,0.0,0.0023520188161504,0.0007840062720501,0.0015680125441003,0.0054880439043511,0.0035280282242257,0.0019600156801254,0.0254802038416306,0.0074480595844766,0.018032144257154,0.015288122304978299,0.0070560564484515,0.0082320658565268,999
2022-01-01,2022,1,1762,590,1172,21,15,6,124,28,96,2,2,0,110,70,40,67,39,28,3,3,0,1,1,0,129,15,114,171,170,1,9,9,0,181,88,93,90,59,31,3,3,0,10,5,5,23,15,8,26,24,2,7,6,1,22,21,1,83,39,44,49,24,25,0.6195499296765119,0.2074542897327707,0.4120956399437412,0.0073839662447257,0.0052742616033755,0.0021097046413502,0.04360056258790421,0.0098452883263009,0.0337552742616033,0.00070323488045,0.00070323488045,0.0,0.0386779184247538,0.0246132208157524,0.0140646976090014,0.023558368495077198,0.0137130801687763,0.0098452883263009,0.0010548523206751,0.0010548523206751,0.0,0.000351617440225,0.000351617440225,0.0,0.045358649789029495,0.0052742616033755,0.040084388185654,0.0601265822784809,0.0597749648382559,0.000351617440225,0.0031645569620253,0.0031645569620253,0.0,0.06364275668073119,0.030942334739803,0.0327004219409282,0.031645569620253,0.020745428973277,0.010900140646976,0.0010548523206751,0.0010548523206751,0.0,0.0035161744022502,0.0017580872011251,0.0017580872011251,0.0080872011251757,0.0052742616033755,0.0028129395218002,0.0091420534458508,0.0084388185654008,0.00070323488045,0.0024613220815752,0.0021097046413502,0.000351617440225,0.0077355836849507,0.0073839662447257,0.000351617440225,0.0291842475386778,0.0137130801687763,0.0154711673699015,0.0172292545710266,0.0084388185654008,0.0087904360056258,1201
2022-02-01,2022,2,1819,671,1148,20,13,7,86,26,60,0,0,0,109,69,40,88,58,30,9,9,0,3,2,1,128,24,104,146,142,4,23,23,0,188,85,103,67,38,29,2,1,1,13,4,9,18,10,8,52,51,1,7,1,6,18,15,3,45,17,28,35,17,18,0.6482537419814682,0.2391304347826087,0.4091233071988596,0.0071275837491089,0.0046329294369208,0.0024946543121881,0.030648610121168804,0.0092658588738417,0.0213827512473271,0.0,0.0,0.0,0.0388453314326443,0.0245901639344262,0.0142551674982181,0.0313613684960797,0.0206699928724162,0.0106913756236635,0.003207412687099,0.003207412687099,0.0,0.0010691375623663,0.0007127583749109,0.0003563791874554,0.045616535994297804,0.0085531004989308,0.037063435495367,0.052031361368495996,0.0506058446186742,0.0014255167498218,0.0081967213114754,0.0081967213114754,0.0,0.066999287241625,0.0302922309337134,0.0367070563079116,0.0238774055595153,0.0135424091233072,0.0103349964362081,0.0007127583749108,0.0003563791874554,0.0003563791874554,0.0046329294369208,0.0014255167498218,0.003207412687099,0.0064148253741981,0.0035637918745545,0.0028510334996436,0.018531717747683397,0.018175338560228,0.0003563791874554,0.0024946543121881003,0.0003563791874554,0.0021382751247327,0.006414825374198,0.0053456878118317,0.0010691375623663,0.0160370634354952,0.0060584461867426,0.0099786172487526,0.012473271560940701,0.0060584461867426,0.0064148253741981,1235
2022-03-01,2022,3,2015,688,1327,15,10,5,99,12,87,3,3,0,125,66,59,74,47,27,9,8,1,1,0,1,99,9,90,217,206,11,22,21,1,173,90,83,74,36,38,3,3,0,17,9,8,18,12,6,15,15,0,7,1,6,19,14,5,64,29,35,46,23,23,0.6550715214564369,0.223667100130039,0.4314044213263979,0.0048764629388815,0.0032509752925877,0.0016254876462938,0.0321846553966189,0.0039011703511053,0.0282834850455136,0.0009752925877763,0.0009752925877763,0.0,0.0406371911573471,0.0214564369310793,0.0191807542262678,0.0240572171651494,0.0152795838751625,0.0087776332899869,0.0029258777633289,0.0026007802340702,0.0003250975292587,0.0003250975292587,0.0,0.0003250975292587,0.0321846553966188,0.0029258777633289,0.0292587776332899,0.0705461638491546,0.0669700910273081,0.0035760728218465,0.007152145643693,0.0068270481144343,0.0003250975292587,0.0562418725617684,0.0292587776332899,0.0269830949284785,0.0240572171651494,0.0117035110533159,0.0123537061118335,0.0009752925877763,0.0009752925877763,0.0,0.0055266579973991,0.0029258777633289,0.0026007802340702,0.0058517555266579,0.0039011703511053,0.0019505851755526,0.0048764629388816,0.0048764629388816,0.0,0.0022756827048113,0.0003250975292587,0.0019505851755526,0.0061768530559166,0.0045513654096228,0.0016254876462938,0.0208062418725617,0.0094278283485045,0.0113784135240572,0.0149544863459036,0.0074772431729518,0.0074772431729518,1284
2022-04-01,2022,4,1906,727,1179,17,15,2,99,23,76,3,3,0,106,57,49,68,46,22,6,6,0,1,1,0,126,26,100,290,274,16,52,52,0,146,84,62,63,24,39,4,2,2,18,12,6,23,20,3,15,14,1,3,2,1,11,10,1,60,22,38,40,27,13,0.6336436170212765,0.241688829787234,0.3919547872340425,0.0056515957446807005,0.0049867021276595,0.0006648936170212,0.0329122340425531,0.0076462765957446,0.0252659574468085,0.0009973404255319,0.0009973404255319,0.0,0.035239361702127506,0.0189494680851063,0.0162898936170212,0.0226063829787233,0.0152925531914893,0.007313829787234,0.0019946808510638,0.0019946808510638,0.0,0.0003324468085106,0.0003324468085106,0.0,0.0418882978723403,0.0086436170212765,0.0332446808510638,0.09640957446808501,0.0910904255319148,0.0053191489361702,0.0172872340425531,0.0172872340425531,0.0,0.0485372340425531,0.0279255319148936,0.0206117021276595,0.0209441489361701,0.0079787234042553,0.0129654255319148,0.0013297872340424,0.0006648936170212,0.0006648936170212,0.005984042553191401,0.0039893617021276,0.0019946808510638,0.0076462765957446,0.0066489361702127,0.0009973404255319,0.0049867021276595,0.0046542553191489,0.0003324468085106,0.0009973404255318,0.0006648936170212,0.0003324468085106,0.0036569148936169004,0.0033244680851063,0.0003324468085106,0.019946808510638202,0.007313829787234,0.0126329787234042,0.0132978723404254,0.0089760638297872,0.0043218085106382,1415
2022-05-01,2022,5,2280,858,1422,18,12,6,88,11,77,1,0,1,89,45,44,76,50,26,7,3,4,1,1,0,116,15,101,277,267,10,37,37,0,172,73,99,65,39,26,5,3,2,12,7,5,13,8,5,16,16,0,6,1,5,26,23,3,57,13,44,40,20,20,0.6789755807027993,0.2555092316855271,0.4234663490172722,0.0053603335318641,0.0035735556879094,0.0017867778439547,0.0262060750446693,0.0032757593805836,0.0229303156640857,0.0002977963073257,0.0,0.0002977963073257,0.0265038713519952,0.0134008338296605,0.0131030375223347,0.0226325193567599,0.0148898153662894,0.0077427039904705,0.0020845741512804,0.0008933889219773,0.0011911852293031,0.0002977963073257,0.0002977963073257,0.0,0.0345443716497915,0.0044669446098868,0.0300774270399047,0.0824895771292435,0.0795116140559857,0.0029779630732578,0.0110184633710541,0.0110184633710541,0.0,0.0512209648600357,0.0217391304347826,0.0294818344252531,0.0193567599761762,0.0116140559857057,0.0077427039904705,0.0014889815366287999,0.0008933889219773,0.0005955926146515,0.0035735556879094,0.0020845741512805,0.0014889815366289,0.0038713519952352,0.0023823704586063,0.0014889815366289,0.0047647409172126,0.0047647409172126,0.0,0.0017867778439546,0.0002977963073257,0.0014889815366289,0.0077427039904704,0.0068493150684931,0.0008933889219773,0.0169743895175699,0.0038713519952352,0.0131030375223347,0.0119118522930314,0.0059559261465157,0.0059559261465157,1477
2022-06-01,2022,6,2123,749,1374,32,22,10,115,22,93,5,3,2,98,52,46,89,52,37,3,3,0,1,1,0,106,11,95,276,265,11,43,42,1,181,93,88,82,43,39,6,3,3,17,13,4,21,14,7,11,9,2,10,4,6,31,21,10,58,21,37,41,18,23,0.6466646360036552,0.2281449893390192,0.418519646664636,0.0097471824550715,0.0067011879378617,0.0030459945172098,0.0350289369479134,0.0067011879378617,0.0283277490100517,0.0015229972586048,0.0009137983551629,0.0006091989034419,0.0298507462686566,0.0158391714894913,0.0140115747791653,0.0271093512031678,0.0158391714894913,0.0112701797136765,0.0009137983551629,0.0009137983551629,0.0,0.0003045994517209,0.0003045994517209,0.0,0.0322875418824245,0.0033505939689308,0.0289369479134937,0.08406944867499229,0.0807188547060615,0.0033505939689308,0.013097776424002299,0.0127931769722814,0.0003045994517209,0.0551325007614985,0.0283277490100517,0.0268047517514468,0.0249771550411208,0.0130977764240024,0.0118793786171184,0.0018275967103258,0.0009137983551629,0.0009137983551629,0.0051781906792567,0.0039597928723728,0.0012183978068839,0.0063965884861407005,0.0042643923240938,0.0021321961620469,0.0033505939689307,0.0027413950654888,0.0006091989034419,0.0030459945172098,0.0012183978068839,0.0018275967103259,0.0094425830033505,0.0063965884861407,0.0030459945172098,0.0176667681998172,0.0063965884861407,0.0112701797136765,0.0124885775205603,0.0054827901309777,0.0070057873895826,1426
2022-07-01,2022,7,2365,899,1466,26,20,6,124,34,90,8,8,0,91,49,42,122,86,36,1,1,0,2,2,0,140,18,122,344,334,10,59,59,0,197,107,90,62,27,35,6,3,3,21,19,2,20,17,3,29,25,4,8,3,5,25,23,2,76,21,55,41,20,21,0.641442907512883,0.2438296718199077,0.3976132356929753,0.0070518036343911,0.005424464334147,0.0016273393002441,0.0336316788717114,0.0092215893680499,0.0244100895036615,0.0021697857336588,0.0021697857336588,0.0,0.0246813127203688,0.0132899376186601,0.0113913751017087,0.0330892324382967,0.0233251966368321,0.0097640358014646,0.0002712232167073,0.0002712232167073,0.0,0.0005424464334147,0.0005424464334147,0.0,0.037971250339029,0.0048820179007323,0.0330892324382967,0.0933007865473284,0.0905885543802549,0.0027122321670735,0.0160021697857336,0.0160021697857336,0.0,0.0534309736913479,0.0290208841876864,0.0244100895036615,0.0168158394358556,0.0073230268510984,0.0094928125847572,0.001627339300244,0.000813669650122,0.000813669650122,0.0056956875508543,0.0051532411174396,0.0005424464334147,0.0054244643341469,0.0046107946840249,0.000813669650122,0.0078654732845131,0.0067805804176837,0.0010848928668294,0.0021697857336587002,0.000813669650122,0.0013561160835367,0.006780580417683701,0.006238133984269,0.0005424464334147,0.0206129644697585,0.0056956875508543,0.0149172769189042,0.0111201518850013,0.005424464334147,0.0056956875508543,1723
2022-08-01,2022,8,1982,954,1028,67,63,4,99,42,57,3,3,0,76,55,21,58,37,21,5,4,1,0,0,0,98,19,79,970,941,29,236,232,4,181,119,62,36,17,19,6,5,1,20,17,3,17,15,2,16,15,1,2,1,1,24,24,0,55,22,33,47,31,16,0.5010111223458037,0.2411526794742163,0.2598584428715874,0.0169362992922143,0.0159251769464105,0.0010111223458038,0.025025278058645,0.0106167846309403,0.0144084934277047,0.0007583417593528,0.0007583417593528,0.0,0.0192113245702729,0.0139029322548028,0.0053083923154701,0.0146612740141556,0.0093528816986855,0.0053083923154701,0.0012639029322547,0.0010111223458038,0.0002527805864509,0.0,0.0,0.0,0.024772497472194,0.0048028311425682,0.0199696663296258,0.2451971688574317,0.2378665318503539,0.0073306370070778,0.059656218402426596,0.0586450960566228,0.0010111223458038,0.045753286147623806,0.0300808897876643,0.0156723963599595,0.009100101112234499,0.0042972699696663,0.0048028311425682,0.0015166835187057,0.0012639029322548,0.0002527805864509,0.0050556117290191,0.0042972699696663,0.0007583417593528,0.0042972699696663,0.0037917087967644,0.0005055611729019,0.0040444893832153,0.0037917087967644,0.0002527805864509,0.0005055611729018,0.0002527805864509,0.0002527805864509,0.006066734074823,0.006066734074823,0.0,0.0139029322548027,0.0055611729019211,0.0083417593528816,0.011880687563195,0.0078361981799797,0.0040444893832153,2590
2022-09-01,2022,9,2373,1172,1201,49,40,9,51,11,40,4,2,2,110,68,42,79,52,27,5,4,1,1,1,0,131,36,95,178,175,3,46,46,0,175,93,82,65,39,26,6,4,2,20,13,7,19,14,5,35,34,1,9,4,5,8,7,1,59,19,40,38,16,22,0.6979411764705882,0.3447058823529412,0.353235294117647,0.0144117647058823,0.0117647058823529,0.0026470588235294,0.014999999999999899,0.003235294117647,0.0117647058823529,0.0011764705882352,0.0005882352941176,0.0005882352941176,0.0323529411764705,0.02,0.0123529411764705,0.023235294117647,0.0152941176470588,0.0079411764705882,0.0014705882352939999,0.0011764705882352,0.0002941176470588,0.0002941176470588,0.0002941176470588,0.0,0.0385294117647058,0.0105882352941176,0.0279411764705882,0.0523529411764705,0.0514705882352941,0.0008823529411764,0.0135294117647058,0.0135294117647058,0.0,0.051470588235294004,0.0273529411764705,0.0241176470588235,0.0191176470588235,0.0114705882352941,0.0076470588235294,0.0017647058823527999,0.0011764705882352,0.0005882352941176,0.005882352941176399,0.0038235294117647,0.0020588235294117,0.0055882352941176005,0.0041176470588235,0.0014705882352941,0.0102941176470588,0.01,0.0002941176470588,0.0026470588235293,0.0011764705882352,0.0014705882352941,0.0023529411764704996,0.0020588235294117,0.0002941176470588,0.017352941176470498,0.0055882352941176,0.0117647058823529,0.011176470588235201,0.0047058823529411,0.0064705882352941,1810
2022-10-01,2022,10,1879,750,1129,36,18,18,69,11,58,3,0,3,95,54,41,115,80,35,4,4,0,3,2,1,135,32,103,36,33,3,6,6,0,236,125,111,54,19,35,1,0,1,8,5,3,24,13,11,46,42,4,8,2,6,18,11,7,74,31,43,39,17,22,0.6717912048623524,0.2681444404719342,0.4036467643904183,0.0128709331426528,0.0064354665713264,0.0064354665713264,0.0246692885234179,0.0039327851269217,0.0207365033964962,0.0010725777618877,0.0,0.0010725777618877,0.0339649624597782,0.0193063997139792,0.014658562745799,0.0411154808723631,0.0286020736503396,0.0125134072220235,0.0014301036825169,0.0014301036825169,0.0,0.0010725777618876,0.0007150518412584,0.0003575259206292,0.0482659992849481,0.0114408294601358,0.0368251698248123,0.0128709331426528,0.0117983553807651,0.0010725777618877,0.0021451555237754,0.0021451555237754,0.0,0.0843761172685019,0.0446907400786557,0.0396853771898462,0.0193063997139791,0.0067929924919556,0.0125134072220235,0.0003575259206292,0.0,0.0003575259206292,0.0028602073650339,0.0017876296031462,0.0010725777618877,0.008580622095101801,0.0046478369681801,0.0039327851269217,0.0164461923489452,0.0150160886664283,0.0014301036825169,0.0028602073650338,0.0007150518412584,0.0021451555237754,0.0064354665713264,0.0039327851269217,0.0025026814444047,0.026456918126564102,0.0110833035395066,0.0153736145870575,0.0139435109045405,0.0060779406506971,0.0078655702538434,1191
2022-11-01,2022,11,1742,584,1158,39,29,10,121,19,102,2,2,0,137,86,51,83,41,42,15,14,1,1,0,1,122,24,98,38,34,4,9,9,0,191,73,118,64,35,29,0,0,0,44,41,3,43,16,27,33,31,2,5,1,4,16,14,2,54,14,40,51,28,23,0.6341463414634145,0.2125955587914088,0.4215507826720058,0.014197306152165901,0.0105569712413542,0.0036403349108117,0.0440480524208227,0.0069166363305424,0.0371314160902803,0.0007280669821623,0.0007280669821623,0.0,0.0498725882781215,0.0313068802329814,0.0185657080451401,0.0302147797597378,0.0149253731343283,0.0152894066254095,0.0054605023662176,0.0050964688751365,0.0003640334910811,0.0003640334910811,0.0,0.0003640334910811,0.0444120859119038,0.0087368037859483,0.0356752821259555,0.0138332726610848,0.0123771386967601,0.0014561339643247,0.0032763014197306,0.0032763014197306,0.0,0.06953039679650519,0.0265744448489261,0.0429559519475791,0.023298143429195402,0.0127411721878412,0.0105569712413542,0.0,0.0,0.0,0.0160174736075718,0.0149253731343283,0.0010921004732435,0.0156534401164906,0.0058245358572988,0.0098289042591918,0.0120131052056788,0.0112850382235165,0.0007280669821623,0.0018201674554058,0.0003640334910811,0.0014561339643247,0.0058245358572988,0.0050964688751365,0.0007280669821623,0.0196578085183836,0.0050964688751365,0.0145613396432471,0.0185657080451401,0.010192937750273,0.0083727702948671,1066
2022-12-01,2022,12,1427,508,919,15,12,3,83,13,70,1,0,1,59,40,19,65,43,22,6,6,0,2,1,1,94,15,79,35,32,3,8,8,0,145,78,67,47,25,22,0,0,0,11,9,2,18,15,3,40,38,2,7,3,4,8,5,3,65,31,34,33,13,20,0.6743856332703212,0.2400756143667296,0.4343100189035916,0.007088846880907201,0.0056710775047258,0.0014177693761814,0.039224952741020704,0.0061436672967863,0.0330812854442344,0.0004725897920604,0.0,0.0004725897920604,0.0278827977315689,0.0189035916824196,0.0089792060491493,0.0307183364839319,0.0203213610586011,0.0103969754253308,0.0028355387523629,0.0028355387523629,0.0,0.0009451795841208,0.0004725897920604,0.0004725897920604,0.044423440453686104,0.0070888468809073,0.0373345935727788,0.0165406427221171,0.0151228733459357,0.0014177693761814,0.0037807183364839,0.0037807183364839,0.0,0.0685255198487712,0.0368620037807183,0.0316635160680529,0.022211720226843,0.0118147448015122,0.0103969754253308,0.0,0.0,0.0,0.0051984877126653,0.0042533081285444,0.0009451795841209,0.008506616257088699,0.0070888468809073,0.0014177693761814,0.018903591682419497,0.0179584120982986,0.0009451795841209,0.0033081285444233003,0.0014177693761814,0.0018903591682419,0.0037807183364837998,0.0023629489603024,0.0014177693761814,0.0307183364839319,0.0146502835538752,0.0160680529300567,0.015595463137996101,0.0061436672967863,0.0094517958412098,859
2023-01-01,2023,1,1567,570,997,14,12,2,110,15,95,1,1,0,97,70,27,68,33,35,8,6,2,4,3,1,75,15,60,43,42,1,15,15,0,172,68,104,69,30,39,4,2,2,12,9,3,30,17,13,21,19,2,4,1,3,17,9,8,98,41,57,39,18,21,0.6483243690525443,0.2358295407529995,0.4124948282995448,0.0057923045097227,0.0049648324369052,0.0008274720728175,0.045510964004964696,0.0062060405461315,0.0393049234588332,0.0004137360364087,0.0004137360364087,0.0,0.0401323955316507,0.0289615225486139,0.0111708729830368,0.0281340504757963,0.0136532892014894,0.0144807612743069,0.0033098882912701,0.0024824162184526,0.0008274720728175,0.001654944145635,0.0012412081092263,0.0004137360364087,0.0310302027306577,0.0062060405461315,0.0248241621845262,0.017790649565577,0.0173769135291683,0.0004137360364087,0.0062060405461315,0.0062060405461315,0.0,0.0711625982623086,0.0281340504757964,0.0430285477865122,0.028547786512205103,0.0124120810922631,0.016135705419942,0.001654944145635,0.0008274720728175,0.0008274720728175,0.0049648324369052,0.0037236243276789,0.0012412081092263,0.0124120810922631,0.0070335126189491,0.005378568473314,0.0086884567645841,0.0078609846917666,0.0008274720728175,0.001654944145635,0.0004137360364087,0.0012412081092263,0.007033512618949,0.0037236243276789,0.0033098882912701,0.0405461315680595,0.0169631774927596,0.0235829540752999,0.0161357054199419,0.0074472486553578,0.0086884567645841,975
2023-02-01,2023,2,1357,455,902,17,14,3,78,16,62,2,1,1,63,33,30,67,36,31,3,3,0,4,1,3,87,27,60,28,27,1,6,6,0,167,81,86,55,30,25,1,1,0,22,17,5,21,12,9,37,30,7,23,10,13,22,19,3,50,26,24,35,20,15,0.6495931067496409,0.2178075634274772,0.4317855433221637,0.0081378650071804,0.0067017711823839,0.0014360938247965,0.0373384394447103,0.0076591670655816,0.0296792723791287,0.0009573958831976,0.0004786979415988,0.0004786979415988,0.0301579703207275,0.015797032072762,0.0143609382479655,0.0320727620871229,0.0172331258975586,0.0148396361895643,0.0014360938247965,0.0014360938247965,0.0,0.0019147917663953,0.0004786979415988,0.0014360938247965,0.041646720919099905,0.0129248444231689,0.028721876495931,0.013403542364767701,0.0129248444231689,0.0004786979415988,0.0028721876495931,0.0028721876495931,0.0,0.0799425562470081,0.0387745332695069,0.0411680229775012,0.0263283867879367,0.0143609382479655,0.0119674485399712,0.0004786979415988,0.0004786979415988,0.0,0.0105313547151746,0.0081378650071804,0.0023934897079942,0.0100526567735758,0.0057443752991862,0.0043082814743896,0.0177118238391574,0.0143609382479655,0.0033508855911919,0.0110100526567735,0.0047869794159885,0.006223073240785,0.0105313547151746,0.0090952608903781,0.0014360938247965,0.0239348970799425,0.0124461464815701,0.0114887505983724,0.0167544279559597,0.009573958831977,0.0071804691239827,839
2023-03-01,2023,3,1513,529,984,14,8,6,81,26,55,4,4,0,73,40,33,68,51,17,8,7,1,1,1,0,90,34,56,21,20,1,6,6,0,206,107,99,63,40,23,4,4,0,16,14,2,135,132,3,24,21,3,9,4,5,33,28,5,78,38,40,65,46,19,0.6142915144133171,0.2147787251319529,0.3995127892813642,0.0056841250507510006,0.003248071457572,0.002436053593179,0.032886723507917104,0.0105562322371092,0.0223304912708079,0.001624035728786,0.001624035728786,0.0,0.029638652050345,0.0162403572878603,0.0133982947624847,0.0276086073893625,0.0207064555420219,0.0069021518473406,0.0032480714575719998,0.0028420625253755,0.0004060089321965,0.0004060089321965,0.0004060089321965,0.0,0.0365408038976856,0.0138043036946812,0.0227365002030044,0.0085261875761266,0.0081201786439301,0.0004060089321965,0.002436053593179,0.002436053593179,0.0,0.08363784003248059,0.0434429557450263,0.0401948842874543,0.025578562728379897,0.0162403572878603,0.0093382054405196,0.001624035728786,0.001624035728786,0.0,0.0064961429151441,0.0056841250507511,0.000812017864393,0.0548112058465286,0.0535931790499391,0.0012180267965895,0.0097442143727161,0.0085261875761266,0.0012180267965895,0.0036540803897685,0.001624035728786,0.0020300446609825,0.0133982947624847,0.0113682501015022,0.0020300446609825,0.0316686967113276,0.0154283394234673,0.0162403572878603,0.0263905805927729,0.0186764108810393,0.0077141697117336,1121
2023-04-01,2023,4,1329,444,885,7,5,2,79,16,63,4,4,0,70,60,10,46,34,12,4,4,0,1,1,0,94,29,65,10,10,0,2,2,0,167,83,84,38,19,19,4,3,1,6,2,4,41,37,4,29,23,6,8,3,5,18,15,3,110,38,72,43,23,20,0.6429608127721335,0.2148040638606676,0.4281567489114659,0.0033865505563618003,0.0024189646831156,0.0009675858732462,0.038219641993226805,0.00774068698597,0.0304789550072568,0.0019351717464925,0.0019351717464925,0.0,0.033865505563618704,0.0290275761973875,0.0048379293662312,0.022254475084663702,0.0164489598451862,0.0058055152394775,0.0019351717464925,0.0019351717464925,0.0,0.0004837929366231,0.0004837929366231,0.0,0.045476536042573706,0.0140299951620706,0.0314465408805031,0.0048379293662312,0.0048379293662312,0.0,0.0009675858732462,0.0009675858732462,0.0,0.0807934204160619,0.0401548137397194,0.0406386066763425,0.0183841315916786,0.0091920657958393,0.0091920657958393,0.0019351717464924,0.0014513788098693,0.0004837929366231,0.0029027576197387,0.0009675858732462,0.0019351717464925,0.019835510401548097,0.0179003386550556,0.0019351717464925,0.0140299951620705,0.0111272375423318,0.0029027576197387,0.0038703434929849003,0.0014513788098693,0.0024189646831156,0.0087082728592161,0.0072568940493468,0.0014513788098693,0.0532172230285437,0.0183841315916787,0.034833091436865,0.0208030962747943,0.0111272375423318,0.0096758587324625,822
2023-05-01,2023,5,1578,513,1065,11,8,3,97,22,75,5,4,1,95,65,30,112,74,38,11,7,4,2,1,1,76,19,57,7,6,1,3,3,0,208,114,94,100,53,47,5,5,0,6,5,1,31,25,6,48,41,7,9,4,5,27,21,6,81,27,54,38,11,27,0.6388663967611337,0.2076923076923077,0.4311740890688259,0.0044534412955465,0.0032388663967611,0.0012145748987854,0.0392712550607287,0.0089068825910931,0.0303643724696356,0.0020242914979756,0.0016194331983805,0.0004048582995951,0.0384615384615384,0.0263157894736842,0.0121457489878542,0.0453441295546557,0.0299595141700404,0.0153846153846153,0.0044534412955464005,0.0028340080971659,0.0016194331983805,0.0008097165991902,0.0004048582995951,0.0004048582995951,0.030769230769230597,0.0076923076923076,0.023076923076923,0.0028340080971659,0.0024291497975708,0.0004048582995951,0.0012145748987854,0.0012145748987854,0.0,0.0842105263157894,0.0461538461538461,0.0380566801619433,0.040485829959514094,0.0214574898785425,0.0190283400809716,0.0020242914979757,0.0020242914979757,0.0,0.0024291497975708,0.0020242914979757,0.0004048582995951,0.012550607287449299,0.0101214574898785,0.0024291497975708,0.0194331983805667,0.0165991902834008,0.0028340080971659,0.0036437246963562,0.0016194331983805,0.0020242914979757,0.0109311740890687,0.0085020242914979,0.0024291497975708,0.0327935222672064,0.0109311740890688,0.0218623481781376,0.015384615384615299,0.0044534412955465,0.0109311740890688,978
2023-06-01,2023,6,1692,574,1118,13,5,8,75,19,56,3,3,0,87,41,46,89,63,26,8,4,4,4,4,0,45,4,41,23,20,3,3,3,0,163,86,77,160,98,62,1,0,1,5,5,0,36,26,10,47,42,5,11,4,7,21,18,3,83,40,43,42,22,20,0.664571877454831,0.225451688923802,0.4391201885310291,0.005106048703849101,0.0019638648860958,0.0031421838177533,0.0294579732914374,0.0074626865671641,0.0219952867242733,0.0011783189316575,0.0011783189316575,0.0,0.034171249018067396,0.0161036920659858,0.0180675569520816,0.0349567949725058,0.0247446975648075,0.0102120974076983,0.0031421838177532,0.0015710919088766,0.0015710919088766,0.0015710919088766,0.0015710919088766,0.0,0.0176747839748624,0.0015710919088766,0.0161036920659858,0.0090337784760408,0.0078554595443833,0.0011783189316575,0.0011783189316575,0.0011783189316575,0.0,0.0640219952867241,0.0337784760408483,0.0302435192458758,0.0628436763550667,0.0384917517674784,0.0243519245875883,0.0003927729772191,0.0,0.0003927729772191,0.0019638648860958,0.0019638648860958,0.0,0.0141398271798899,0.0102120974076983,0.0039277297721916,0.0184603299293008,0.016496465043205,0.0019638648860958,0.0043205027494107005,0.0015710919088766,0.0027494108405341,0.0082482325216025,0.007069913589945,0.0011783189316575,0.0326001571091907,0.0157109190887666,0.0168892380204241,0.0164964650432049,0.0086410054988216,0.0078554595443833,1032
2023-07-01,2023,7,1568,567,1001,15,12,3,100,45,55,1,1,0,138,96,42,59,34,25,12,9,3,7,2,5,40,9,31,14,13,1,6,5,1,204,100,104,89,60,29,3,3,0,16,15,1,127,116,11,9,9,0,12,8,4,41,36,5,109,72,37,65,38,27,0.6051717483597066,0.2188344268622153,0.3863373214974913,0.0057892705519103005,0.0046314164415283,0.001157854110382,0.0385951370127363,0.0173678116557313,0.021227325357005,0.0003859513701273,0.0003859513701273,0.0,0.0532612890775761,0.0370513315322269,0.0162099575453492,0.0227711308375144,0.0131223465843303,0.0096487842531841,0.0046314164415282,0.0034735623311462,0.001157854110382,0.0027016595908915,0.0007719027402547,0.0019297568506368,0.0154380548050944,0.0034735623311462,0.0119644924739482,0.005403319181783,0.0050173678116557,0.0003859513701273,0.0023157082207641002,0.0019297568506368,0.0003859513701273,0.0787340795059822,0.0385951370127364,0.0401389424932458,0.0343496719413353,0.0231570822076418,0.0111925897336935,0.001157854110382,0.001157854110382,0.0,0.0061752219220377,0.0057892705519104,0.0003859513701273,0.0490158240061752,0.0447703589347742,0.004245465071401,0.0034735623311462,0.0034735623311462,0.0,0.0046314164415283,0.0030876109610189,0.0015438054805094,0.0158240061752219,0.0138942493245851,0.0019297568506368,0.0420686993438826,0.0277884986491702,0.0142802006947124,0.0250868390582786,0.0146661520648398,0.0104206869934388,1225
2023-08-01,2023,8,1475,488,987,18,10,8,89,19,70,3,3,0,125,74,51,68,51,17,4,3,1,0,0,0,47,12,35,11,11,0,2,2,0,154,67,87,77,35,42,2,2,0,11,8,3,14,10,4,15,11,4,6,3,3,19,16,3,48,23,25,44,17,27,0.6732085805568234,0.2227293473299863,0.4504792332268371,0.0082154267457781,0.0045641259698767,0.0036513007759014,0.040620721131903105,0.0086718393427658,0.0319488817891373,0.001369237790963,0.001369237790963,0.0,0.0570515746234595,0.033774532177088,0.0232770424463715,0.031036056595162,0.0232770424463715,0.0077590141487905,0.0018256503879506,0.001369237790963,0.0004564125969876,0.0,0.0,0.0,0.0214513920584207,0.0054769511638521,0.0159744408945686,0.0050205385668644,0.0050205385668644,0.0,0.0009128251939753,0.0009128251939753,0.0,0.0702875399361021,0.0305796439981743,0.0397078959379278,0.035143769968051,0.0159744408945686,0.0191693290734824,0.0009128251939753,0.0009128251939753,0.0,0.005020538566864401,0.0036513007759014,0.001369237790963,0.0063897763578274,0.0045641259698767,0.0018256503879507,0.0068461889548151,0.0050205385668644,0.0018256503879507,0.002738475581926,0.001369237790963,0.001369237790963,0.0086718393427658,0.0073026015518028,0.001369237790963,0.0219078046554084,0.0104974897307165,0.0114103149246919,0.0200821542674577,0.0077590141487905,0.0123231401186672,838
2023-09-01,2023,9,1614,538,1076,24,16,8,82,11,71,6,4,2,119,56,63,72,44,28,5,5,0,2,2,0,57,23,34,22,20,2,4,4,0,167,60,107,101,42,59,0,0,0,10,8,2,17,12,5,42,38,4,9,2,7,17,16,1,59,21,38,35,14,21,0.6697095435684648,0.2232365145228216,0.4464730290456432,0.0099585062240662,0.0066390041493775,0.0033195020746887,0.03402489626556,0.004564315352697,0.029460580912863,0.0024896265560164,0.0016597510373443,0.0008298755186721,0.0493775933609957,0.0232365145228215,0.0261410788381742,0.029875518672199,0.0182572614107883,0.0116182572614107,0.0020746887966804,0.0020746887966804,0.0,0.0008298755186721,0.0008298755186721,0.0,0.0236514522821575,0.0095435684647302,0.0141078838174273,0.009128630705394,0.0082987551867219,0.0008298755186721,0.0016597510373443,0.0016597510373443,0.0,0.0692946058091285,0.0248962655601659,0.0443983402489626,0.041908713692945895,0.0174273858921161,0.0244813278008298,0.0,0.0,0.0,0.0041493775933608,0.0033195020746887,0.0008298755186721,0.0070539419087135,0.0049792531120331,0.0020746887966804,0.017427385892116,0.0157676348547717,0.0016597510373443,0.0037344398340247,0.0008298755186721,0.0029045643153526,0.0070539419087135005,0.0066390041493775,0.000414937759336,0.0244813278008297,0.008713692946058,0.0157676348547717,0.014522821576763299,0.0058091286307053,0.008713692946058,907
2023-10-01,2023,10,1703,602,1101,20,12,8,96,23,73,3,3,0,100,59,41,83,54,29,5,5,0,3,1,2,48,14,34,24,22,2,3,2,1,206,95,111,70,33,37,2,1,1,41,34,7,12,10,2,45,42,3,9,5,4,26,24,2,49,21,28,42,24,18,0.6733886911822854,0.2380387504942665,0.4353499406880189,0.007908264136022001,0.0047449584816132,0.0031633056544088,0.0379596678529062,0.0090945037564254,0.0288651640964808,0.0011862396204033,0.0011862396204033,0.0,0.0395413206801106,0.0233293792012653,0.0162119414788453,0.0328192961644918,0.0213523131672597,0.0114669829972321,0.0019770660340055,0.0019770660340055,0.0,0.0011862396204033,0.0003954132068011,0.0007908264136022,0.0189798339264531,0.0055357848952155,0.0134440490312376,0.009489916963226501,0.0086990905496243,0.0007908264136022,0.0011862396204033,0.0007908264136022,0.0003954132068011,0.0814551206010279,0.0375642546461051,0.0438908659549228,0.0276789244760774,0.0130486358244365,0.0146302886516409,0.0007908264136022,0.0003954132068011,0.0003954132068011,0.0162119414788453,0.0134440490312376,0.0027678924476077,0.0047449584816131995,0.003954132068011,0.0007908264136022,0.0177935943060498,0.0166073546856465,0.0011862396204033,0.0035587188612099,0.0019770660340055,0.0015816528272044,0.0102807433768287,0.0094899169632265,0.0007908264136022,0.019375247133254198,0.0083036773428232,0.011071569790431,0.0166073546856464,0.0094899169632265,0.0071174377224199,1048
2023-11-01,2023,11,1608,560,1048,16,13,3,111,22,89,0,0,0,128,55,73,92,60,32,9,6,3,8,3,5,160,73,87,19,14,5,7,7,0,211,106,105,67,26,41,4,3,1,19,14,5,16,10,6,26,25,1,8,2,6,22,14,8,46,19,27,39,11,28,0.6343195266272189,0.2209072978303747,0.4134122287968442,0.0063116370808678,0.0051282051282051,0.0011834319526627,0.0437869822485206,0.0086785009861932,0.0351084812623274,0.0,0.0,0.0,0.050493096646942695,0.0216962524654832,0.0287968441814595,0.0362919132149901,0.0236686390532544,0.0126232741617357,0.0035502958579881,0.0023668639053254,0.0011834319526627,0.0031558185404339,0.0011834319526627,0.0019723865877712,0.0631163708086784,0.0287968441814595,0.0343195266272189,0.0074950690335305,0.0055226824457593,0.0019723865877712,0.0027613412228796,0.0027613412228796,0.0,0.0832347140039447,0.0418145956607495,0.0414201183431952,0.026429980276134,0.0102564102564102,0.0161735700197238,0.0015779092702169,0.0011834319526627,0.0003944773175542,0.0074950690335305,0.0055226824457593,0.0019723865877712,0.0063116370808678,0.0039447731755424,0.0023668639053254,0.010256410256410201,0.009861932938856,0.0003944773175542,0.0031558185404338,0.0007889546351084,0.0023668639053254,0.0086785009861932,0.0055226824457593,0.0031558185404339,0.0181459566074949,0.0074950690335305,0.0106508875739644,0.015384615384615299,0.0043392504930966,0.0110453648915187,992
2023-12-01,2023,12,1513,480,1033,18,10,8,90,20,70,0,0,0,65,36,29,74,53,21,6,4,2,1,0,1,110,34,76,7,7,0,3,3,0,125,65,60,52,27,25,2,1,1,18,14,4,20,14,6,19,16,3,8,3,5,12,7,5,57,23,34,31,10,21,0.6962724344224575,0.2208927749654855,0.4753796594569719,0.0082834790612056,0.0046019328117809,0.0036815462494247,0.0414173953060284,0.0092038656235618,0.0322135296824666,0.0,0.0,0.0,0.0299125632765761,0.0165669581224114,0.0133456051541647,0.0340543028071789,0.024390243902439,0.0096640589047399,0.0027611596870684,0.0018407731247123,0.0009203865623561,0.000460193281178,0.0,0.000460193281178,0.0506212609295904,0.0156465715600552,0.0349746893695352,0.0032213529682466,0.0032213529682466,0.0,0.0013805798435342,0.0013805798435342,0.0,0.057524160147261694,0.0299125632765761,0.0276115968706856,0.0239300506212608,0.0124252185918085,0.0115048320294523,0.000920386562356,0.000460193281178,0.000460193281178,0.0082834790612056,0.0064427059364933,0.0018407731247123,0.009203865623561801,0.0064427059364933,0.0027611596870685,0.0087436723423837,0.0073630924988495,0.0013805798435342,0.0036815462494246,0.0013805798435342,0.0023009664058904,0.005522319374137,0.0032213529682466,0.0023009664058904,0.0262310170271513,0.0105844454670961,0.0156465715600552,0.0142659917165208,0.0046019328117809,0.0096640589047399,788
2024-01-01,2024,1,1388,468,920,10,4,6,117,24,93,1,1,0,79,41,38,89,61,28,2,2,0,3,3,0,59,12,47,17,15,2,3,2,1,192,98,94,68,33,35,0,0,0,9,9,0,46,36,10,28,26,2,5,3,2,24,20,4,56,16,40,50,20,30,0.6361136571952337,0.2144821264894592,0.4216315307057745,0.0045829514207148,0.0018331805682859,0.0027497708524289,0.0536205316223647,0.0109990834097158,0.0426214482126489,0.0004582951420714,0.0004582951420714,0.0,0.0362053162236479,0.0187901008249312,0.0174152153987167,0.0407882676443629,0.0279560036663611,0.0128322639780018,0.0009165902841429,0.0009165902841429,0.0,0.0013748854262144,0.0013748854262144,0.0,0.027039413382218103,0.0054995417048579,0.0215398716773602,0.0077910174152153,0.0068744271310724,0.0009165902841429,0.0013748854262143,0.0009165902841429,0.0004582951420714,0.08799266727772681,0.0449129239230064,0.0430797433547204,0.0311640696608615,0.0151237396883593,0.0160403299725022,0.0,0.0,0.0,0.0041246562786434,0.0041246562786434,0.0,0.0210815765352886,0.0164986251145737,0.0045829514207149,0.0128322639780017,0.0119156736938588,0.0009165902841429,0.0022914757103573,0.0013748854262144,0.0009165902841429,0.010999083409715699,0.0091659028414298,0.0018331805682859,0.0256645279560036,0.0073327222731439,0.0183318056828597,0.0229147571035746,0.0091659028414298,0.0137488542621448,854
2024-02-01,2024,2,1320,410,910,21,12,9,150,19,131,4,0,4,154,75,79,113,83,30,11,6,5,4,1,3,108,40,68,26,25,1,9,9,0,186,62,124,75,28,47,3,1,2,9,4,5,24,12,12,24,18,6,9,1,8,17,6,11,57,19,38,38,13,25,0.5799648506151142,0.180140597539543,0.3998242530755712,0.0092267135325131,0.0052724077328646,0.0039543057996485,0.0659050966608083,0.008347978910369,0.0575571177504393,0.0017574692442882,0.0,0.0017574692442882,0.0676625659050966,0.0329525483304042,0.0347100175746924,0.0496485061511422,0.0364674868189806,0.0131810193321616,0.0048330404217925005,0.0026362038664323,0.0021968365553602,0.0017574692442881,0.000439367311072,0.0013181019332161,0.047451669595781995,0.0175746924428822,0.0298769771528998,0.011423550087873399,0.0109841827768014,0.000439367311072,0.0039543057996485,0.0039543057996485,0.0,0.0817223198594023,0.0272407732864674,0.0544815465729349,0.0329525483304041,0.0123022847100175,0.0206502636203866,0.0013181019332161,0.000439367311072,0.0008787346221441,0.0039543057996483996,0.0017574692442882,0.0021968365553602,0.0105448154657292,0.0052724077328646,0.0052724077328646,0.010544815465729301,0.007908611599297,0.0026362038664323,0.0039543057996483996,0.000439367311072,0.0035149384885764,0.0074692442882249,0.0026362038664323,0.0048330404217926,0.0250439367311071,0.008347978910369,0.0166959578207381,0.0166959578207381,0.0057117750439367,0.0109841827768014,787
2024-03-01,2024,3,1286,403,883,23,7,16,115,17,98,7,3,4,131,68,63,97,62,35,12,10,2,3,2,1,69,6,63,24,24,0,5,5,0,156,56,100,109,50,59,6,5,1,33,30,3,59,34,25,34,31,3,15,1,14,24,11,13,82,28,54,50,25,25,0.5642825800789819,0.1768319438350153,0.3874506362439666,0.0100921456779288,0.0030715225976305,0.0070206230802983,0.050460728389644494,0.007459412022817,0.0430013163668275,0.0030715225976304,0.0013163668275559,0.0017551557700745,0.0574813514699429,0.0298376480912681,0.0276437033786748,0.0425625274243088,0.0272049144361562,0.0153576129881526,0.0052654673102236,0.0043878894251864,0.0008775778850372,0.0013163668275558002,0.0008775778850372,0.0004387889425186,0.0302764370337866,0.0026327336551118,0.0276437033786748,0.0105309346204475,0.0105309346204475,0.0,0.0021939447125932,0.0021939447125932,0.0,0.0684510750329091,0.0245721807810443,0.0438788942518648,0.0478279947345326,0.0219394471259324,0.0258885476086002,0.0026327336551118,0.0021939447125932,0.0004387889425186,0.0144800351031153,0.0131636682755594,0.0013163668275559,0.025888547608600203,0.014918824045634,0.0109697235629662,0.014918824045634,0.0136024572180781,0.0013163668275559,0.0065818341377796,0.0004387889425186,0.006143045195261,0.010530934620447501,0.0048266783677051,0.0057042562527424,0.0359806932865291,0.0122860903905221,0.023694602896007,0.0219394471259324,0.0109697235629662,0.0109697235629662,843
2024-04-01,2024,4,1155,406,749,14,6,8,113,22,91,4,3,1,118,61,57,99,71,28,10,7,3,0,0,0,305,149,156,21,19,2,10,10,0,151,70,81,66,24,42,12,10,2,12,8,4,93,50,43,34,30,4,14,6,8,28,15,13,46,16,30,33,15,18,0.5081390233172018,0.1786185657721073,0.3295204575450945,0.0061592608886933,0.0026396832380114,0.0035195776506819,0.049714034315882,0.0096788385393752,0.0400351957765068,0.0017597888253409,0.0013198416190057,0.0004399472063352,0.0519137703475582,0.0268367795864496,0.0250769907611086,0.0435547734271887,0.031236251649802,0.0123185217773867,0.004399472063352301,0.0030796304443466,0.0013198416190057,0.0,0.0,0.0,0.1341838979322481,0.0655521337439507,0.0686317641882974,0.0092388913330399,0.0083589969203695,0.0008798944126704,0.0043994720633523,0.0043994720633523,0.0,0.0664320281566211,0.0307963044434667,0.0356357237131544,0.0290365156181257,0.0105587329520457,0.01847778266608,0.005279366476022699,0.0043994720633523,0.0008798944126704,0.0052793664760228,0.0035195776506819,0.0017597888253409,0.0409150901891772,0.0219973603167619,0.0189177298724153,0.014958205015398,0.0131984161900571,0.0017597888253409,0.0061592608886933,0.0026396832380114,0.0035195776506819,0.0123185217773866,0.0065992080950285,0.0057193136823581,0.0202375714914209,0.0070391553013638,0.0131984161900571,0.014518257809062799,0.0065992080950285,0.0079190497140343,950
2024-05-01,2024,5,1133,452,681,28,13,15,89,21,68,4,2,2,171,90,81,85,59,26,12,10,2,1,0,1,349,153,196,31,31,0,15,15,0,158,61,97,98,25,73,13,3,10,24,18,6,29,9,20,24,21,3,15,8,7,17,8,9,50,10,40,33,10,23,0.488783433994823,0.1949956859361518,0.2937877480586712,0.012079378774805801,0.0056082830025884,0.0064710957722174,0.03839516824849,0.0090595340811044,0.0293356341673856,0.0017256255392578,0.0008628127696289,0.0008628127696289,0.0737704918032786,0.0388265746333045,0.0349439171699741,0.036669542709232006,0.0254529767040552,0.0112165660051768,0.0051768766177737995,0.0043140638481449,0.0008628127696289,0.0004314063848144,0.0,0.0004314063848144,0.1505608283002587,0.0660051768766177,0.084555651423641,0.0133735979292493,0.0133735979292493,0.0,0.0064710957722174,0.0064710957722174,0.0,0.0681622088006902,0.0263157894736842,0.041846419327006,0.0422778257118204,0.0107851596203623,0.0314926660914581,0.0056082830025883,0.0012942191544434,0.0043140638481449,0.0103537532355478,0.0077653149266609,0.0025884383088869,0.0125107851596203,0.0038826574633304,0.0086281276962899,0.0103537532355478,0.0090595340811044,0.0012942191544434,0.0064710957722173,0.0034512510785159,0.0030198446937014,0.0073339085418463006,0.0034512510785159,0.0038826574633304,0.0215703192407247,0.0043140638481449,0.0172562553925798,0.0142364106988782,0.0043140638481449,0.0099223468507333,975
2024-06-01,2024,6,1065,414,651,38,18,20,97,29,68,7,6,1,139,88,51,68,48,20,9,7,2,1,0,1,50,6,44,25,24,1,18,17,1,121,59,62,234,150,84,8,3,5,60,56,4,220,209,11,19,12,7,4,2,2,35,20,15,108,77,31,59,39,20,0.4570815450643776,0.1776824034334763,0.2793991416309013,0.016309012875536398,0.007725321888412,0.0085836909871244,0.0416309012875535,0.0124463519313304,0.0291845493562231,0.0030042918454935,0.0025751072961373,0.0004291845493562,0.0596566523605149,0.0377682403433476,0.0218884120171673,0.029184549356223097,0.0206008583690987,0.0085836909871244,0.0038626609442059,0.0030042918454935,0.0008583690987124,0.0004291845493562,0.0,0.0004291845493562,0.0214592274678111,0.0025751072961373,0.0188841201716738,0.0107296137339055,0.0103004291845493,0.0004291845493562,0.0077253218884119,0.0072961373390557,0.0004291845493562,0.0519313304721029,0.0253218884120171,0.0266094420600858,0.1004291845493561,0.0643776824034334,0.0360515021459227,0.0034334763948497,0.0012875536480686,0.0021459227467811,0.0257510729613733,0.0240343347639485,0.0017167381974248,0.09442060085836901,0.0896995708154506,0.0047210300429184,0.0081545064377681,0.0051502145922746,0.0030042918454935,0.0017167381974248,0.0008583690987124,0.0008583690987124,0.015021459227467698,0.0085836909871244,0.0064377682403433,0.046351931330471996,0.0330472103004291,0.0133047210300429,0.0253218884120171,0.0167381974248927,0.0085836909871244,1248
2024-07-01,2024,7,1101,529,572,26,19,7,112,42,70,4,4,0,121,79,42,110,82,28,24,19,5,1,1,0,72,11,61,37,37,0,5,3,2,174,98,76,115,71,44,11,11,0,15,14,1,178,158,20,111,104,7,3,1,2,29,21,8,128,70,58,75,45,30,0.4651457541191381,0.2234896493451626,0.2416561047739755,0.010984368398816901,0.0080270384452893,0.0029573299535276,0.0473172792564427,0.017743979721166,0.0295732995352767,0.0016899028305872,0.0016899028305872,0.0,0.051119560625264,0.033375580904098,0.017743979721166,0.046472327841149005,0.0346430080270384,0.0118293198141106,0.010139416983523301,0.0080270384452893,0.002112378538234,0.0004224757076468,0.0004224757076468,0.0,0.0304182509505703,0.0046472327841149,0.0257710181664554,0.0156316011829319,0.0156316011829319,0.0,0.002112378538234,0.0012674271229404,0.0008449514152936,0.07351077313054491,0.0414026193493874,0.0321081537811575,0.0485847063793831,0.0299957752429235,0.0185889311364596,0.0046472327841149,0.0046472327841149,0.0,0.0063371356147021,0.0059146599070553,0.0004224757076468,0.0752006759611322,0.066751161808196,0.0084495141529362,0.0468948035487958,0.0439374735952682,0.0029573299535276,0.0012674271229404,0.0004224757076468,0.0008449514152936,0.012251795521757399,0.008871989860583,0.0033798056611744,0.0540768905787917,0.0295732995352767,0.024503591043515,0.0316856780735107,0.0190114068441064,0.0126742712294043,1352
2024-08-01,2024,8,1092,427,665,25,17,8,102,22,80,1,0,1,120,57,63,77,58,19,23,22,1,5,4,1,89,19,70,34,33,1,3,3,0,128,63,65,67,38,29,2,2,0,19,15,4,97,60,37,45,41,4,8,3,5,17,8,9,43,15,28,45,22,23,0.5501259445843829,0.2151133501259446,0.3350125944584383,0.012594458438287,0.0085642317380352,0.0040302267002518,0.0513853904282114,0.0110831234256926,0.0403022670025188,0.0005037783375314,0.0,0.0005037783375314,0.0604534005037783,0.0287153652392947,0.0317380352644836,0.038790931989924296,0.0292191435768261,0.0095717884130982,0.011586901763224,0.0110831234256926,0.0005037783375314,0.0025188916876572997,0.0020151133501259,0.0005037783375314,0.0448362720403022,0.0095717884130982,0.035264483627204,0.0171284634760704,0.016624685138539,0.0005037783375314,0.0015113350125944,0.0015113350125944,0.0,0.0644836272040302,0.0317380352644836,0.0327455919395466,0.0337531486146094,0.0191435768261964,0.014609571788413,0.0010075566750629,0.0010075566750629,0.0,0.0095717884130981,0.0075566750629722,0.0020151133501259,0.048866498740554,0.0302267002518891,0.0186397984886649,0.0226700251889168,0.0206549118387909,0.0020151133501259,0.0040302267002518,0.0015113350125944,0.0025188916876574,0.0085642317380351,0.0040302267002518,0.0045340050377833,0.0216624685138538,0.0075566750629722,0.0141057934508816,0.022670025188916698,0.0110831234256926,0.0115869017632241,884
2024-09-01,2024,9,1194,429,765,17,10,7,81,20,61,5,3,2,135,48,87,69,54,15,14,14,0,1,0,1,104,14,90,16,16,0,4,4,0,147,86,61,64,32,32,5,4,1,11,8,3,89,40,49,16,16,0,12,4,8,21,13,8,46,13,33,39,13,26,0.5855811672388425,0.2103972535556645,0.375183913683178,0.0083374203040705,0.0049043648847474,0.0034330554193231,0.039725355566454,0.0098087297694948,0.0299166257969592,0.0024521824423736002,0.0014713094654242,0.0009808729769494,0.0662089259440902,0.0235409514467876,0.0426679744973026,0.0338401177047571,0.026483570377636,0.0073565473271211,0.0068661108386463,0.0068661108386463,0.0,0.0004904364884747,0.0,0.0004904364884747,0.0510053948013731,0.0068661108386463,0.0441392839627268,0.0078469838155958,0.0078469838155958,0.0,0.0019617459538989,0.0019617459538989,0.0,0.072094163805787,0.0421775380088278,0.0299166257969592,0.0313879352623834,0.0156939676311917,0.0156939676311917,0.0024521824423736002,0.0019617459538989,0.0004904364884747,0.005394801373222099,0.0039234919077979,0.0014713094654242,0.043648847474252,0.0196174595389897,0.0240313879352623,0.0078469838155958,0.0078469838155958,0.0,0.0058852378616968,0.0019617459538989,0.0039234919077979,0.010299166257969498,0.0063756743501716,0.0039234919077979,0.022560078469838096,0.0063756743501716,0.0161844041196665,0.019127023050514898,0.0063756743501716,0.0127513487003433,803
2024-10-01,2024,10,1340,487,853,23,16,7,86,19,67,2,1,1,104,33,71,97,77,20,35,35,0,4,3,1,50,4,46,28,28,0,5,5,0,209,132,77,53,32,21,2,2,0,14,12,2,33,14,19,61,61,0,13,3,10,17,10,7,53,16,37,35,20,15,0.613834173156207,0.2230874942739349,0.3907466788822721,0.010535959688502,0.0073293632615666,0.0032065964269354,0.0393953275309206,0.0087036188731103,0.0306917086578103,0.0009161704076958,0.0004580852038479,0.0004580852038479,0.047640861200183196,0.0151168117269812,0.032524049473202,0.0444342647732478,0.0352725606962895,0.0091617040769583,0.016032982134677,0.016032982134677,0.0,0.0018323408153916,0.0013742556115437,0.0004580852038479,0.0229042601923957,0.0018323408153916,0.0210719193770041,0.0128263857077416,0.0128263857077416,0.0,0.0022904260192395,0.0022904260192395,0.0,0.0957398076042143,0.0604672469079248,0.0352725606962895,0.0242785158039395,0.0146587265231333,0.0096197892808062,0.0009161704076958,0.0009161704076958,0.0,0.0064131928538707,0.0054970224461749,0.0009161704076958,0.015116811726981101,0.0064131928538708,0.0087036188731103,0.0279431974347228,0.0279431974347228,0.0,0.0059551076500228,0.0013742556115437,0.0045808520384791,0.0077874484654145,0.0045808520384791,0.0032065964269354,0.0242785158039394,0.0073293632615666,0.0169491525423728,0.016032982134677,0.0091617040769583,0.0068712780577187,945
2024-11-01,2024,11,1106,432,674,19,12,7,104,9,95,1,1,0,92,46,46,93,64,29,7,7,0,4,3,1,31,6,25,37,36,1,5,5,0,129,62,67,61,34,27,1,1,0,4,1,3,21,4,17,21,19,2,8,1,7,23,16,7,43,8,35,41,24,17,0.6196078431372548,0.242016806722689,0.3775910364145658,0.0106442577030811,0.0067226890756302,0.0039215686274509,0.0582633053221287,0.0050420168067226,0.0532212885154061,0.0005602240896358,0.0005602240896358,0.0,0.0515406162464986,0.0257703081232493,0.0257703081232493,0.052100840336134296,0.0358543417366946,0.0162464985994397,0.0039215686274509,0.0039215686274509,0.0,0.0022408963585433,0.0016806722689075,0.0005602240896358,0.0173669467787114,0.0033613445378151,0.0140056022408963,0.0207282913165265,0.0201680672268907,0.0005602240896358,0.0028011204481792,0.0028011204481792,0.0,0.07226890756302509,0.0347338935574229,0.0375350140056022,0.034173669467787,0.019047619047619,0.015126050420168,0.0005602240896358,0.0005602240896358,0.0,0.0022408963585433,0.0005602240896358,0.0016806722689075,0.0117647058823529,0.0022408963585434,0.0095238095238095,0.0117647058823529,0.0106442577030812,0.0011204481792717,0.0044817927170867,0.0005602240896358,0.0039215686274509,0.0128851540616245,0.0089635854341736,0.0039215686274509,0.0240896358543417,0.0044817927170868,0.0196078431372549,0.022969187675070002,0.0134453781512605,0.0095238095238095,754
2024-12-01,2024,12,941,337,604,14,12,2,51,11,40,2,1,1,34,22,12,54,28,26,3,3,0,1,1,0,45,7,38,10,10,0,4,4,0,96,40,56,43,26,17,0,0,0,7,2,5,37,29,8,22,19,3,3,1,2,12,8,4,32,12,20,26,12,14,0.6716630977872947,0.2405424696645253,0.4311206281227694,0.0099928622412561,0.0085653104925053,0.0014275517487508,0.0364025695931477,0.0078515346181299,0.0285510349750178,0.0014275517487508,0.0007137758743754,0.0007137758743754,0.0242683797287651,0.0157030692362598,0.0085653104925053,0.0385438972162739,0.0199857244825124,0.0185581727337615,0.0021413276231263,0.0021413276231263,0.0,0.0007137758743754,0.0007137758743754,0.0,0.032119914346895,0.0049964311206281,0.0271234832262669,0.0071377587437544,0.0071377587437544,0.0,0.0028551034975017,0.0028551034975017,0.0,0.0685224839400427,0.0285510349750178,0.0399714489650249,0.030692362598144,0.0185581727337615,0.0121341898643825,0.0,0.0,0.0,0.004996431120628,0.0014275517487508,0.0035688793718772,0.026409707351891402,0.0206995003568879,0.0057102069950035,0.0157030692362597,0.0135617416131334,0.0021413276231263,0.0021413276231262,0.0007137758743754,0.0014275517487508,0.0085653104925052,0.0057102069950035,0.0028551034975017,0.0228408279800142,0.0085653104925053,0.0142755174875089,0.0185581727337615,0.0085653104925053,0.0099928622412562,565
2025-01-01,2025,1,794,304,490,5,3,2,39,10,29,0,0,0,38,27,11,37,19,18,1,1,0,4,4,0,41,6,35,11,11,0,6,3,3,108,51,57,39,20,19,0,0,0,6,5,1,15,12,3,17,14,3,1,0,1,12,4,8,31,10,21,31,18,13,0.656198347107438,0.2512396694214876,0.4049586776859504,0.0041322314049586,0.0024793388429752,0.0016528925619834,0.0322314049586776,0.0082644628099173,0.0239669421487603,0.0,0.0,0.0,0.0314049586776858,0.0223140495867768,0.009090909090909,0.0305785123966941,0.0157024793388429,0.0148760330578512,0.0008264462809917,0.0008264462809917,0.0,0.0033057851239669,0.0033057851239669,0.0,0.0338842975206611,0.0049586776859504,0.0289256198347107,0.009090909090909,0.009090909090909,0.0,0.0049586776859504,0.0024793388429752,0.0024793388429752,0.08925619834710741,0.0421487603305785,0.0471074380165289,0.0322314049586776,0.0165289256198347,0.0157024793388429,0.0,0.0,0.0,0.0049586776859503,0.0041322314049586,0.0008264462809917,0.012396694214875999,0.0099173553719008,0.0024793388429752,0.014049586776859399,0.0115702479338842,0.0024793388429752,0.0008264462809917,0.0,0.0008264462809917,0.0099173553719007,0.0033057851239669,0.0066115702479338,0.0256198347107437,0.0082644628099173,0.0173553719008264,0.0256198347107437,0.0148760330578512,0.0107438016528925,506
2025-02-01,2025,2,1159,483,676,5,3,2,78,19,59,0,0,0,88,50,38,83,54,29,4,4,0,2,2,0,28,7,21,33,31,2,1,1,0,149,68,81,38,16,22,1,0,1,9,7,2,27,19,8,26,24,2,10,2,8,20,16,4,44,16,28,27,15,12,0.5667481662591686,0.2361858190709046,0.330562347188264,0.002444987775061,0.0014669926650366,0.0009779951100244,0.0381418092909534,0.0092909535452322,0.0288508557457212,0.0,0.0,0.0,0.0430317848410757,0.0244498777506112,0.0185819070904645,0.040586797066014604,0.0264058679706601,0.0141809290953545,0.0019559902200488,0.0019559902200488,0.0,0.0009779951100244,0.0009779951100244,0.0,0.013691931540342199,0.0034229828850855,0.0102689486552567,0.0161369193154033,0.0151589242053789,0.0009779951100244,0.0004889975550122,0.0004889975550122,0.0,0.07286063569682141,0.0332518337408312,0.0396088019559902,0.0185819070904644,0.0078239608801955,0.0107579462102689,0.0004889975550122,0.0,0.0004889975550122,0.004400977995109899,0.0034229828850855,0.0009779951100244,0.013202933985329901,0.0092909535452322,0.0039119804400977,0.012713936430317799,0.0117359413202934,0.0009779951100244,0.0048899755501221,0.0009779951100244,0.0039119804400977,0.0097799511002443,0.0078239608801955,0.0019559902200488,0.0215158924205377,0.0078239608801955,0.0136919315403422,0.01320293398533,0.0073349633251833,0.0058679706601467,791
2025-03-01,2025,3,1215,479,736,18,10,8,96,18,78,2,1,1,82,53,29,92,69,23,5,5,0,4,1,3,49,10,39,21,19,2,2,2,0,142,73,69,33,20,13,2,1,1,7,5,2,25,17,8,25,21,4,13,5,8,18,16,2,60,29,31,44,24,20,0.5352422907488986,0.2110132158590308,0.3242290748898678,0.007929515418502099,0.0044052863436123,0.0035242290748898,0.0422907488986784,0.0079295154185022,0.0343612334801762,0.0008810572687224,0.0004405286343612,0.0004405286343612,0.036123348017621,0.0233480176211453,0.0127753303964757,0.0405286343612334,0.0303964757709251,0.0101321585903083,0.0022026431718061,0.0022026431718061,0.0,0.0017621145374449,0.0004405286343612,0.0013215859030837,0.0215859030837004,0.0044052863436123,0.0171806167400881,0.009251101321585799,0.0083700440528634,0.0008810572687224,0.0008810572687224,0.0008810572687224,0.0,0.06255506607929509,0.03215859030837,0.0303964757709251,0.014537444933920599,0.0088105726872246,0.005726872246696,0.0008810572687224,0.0004405286343612,0.0004405286343612,0.0030837004405285,0.0022026431718061,0.0008810572687224,0.0110132158590307,0.0074889867841409,0.0035242290748898,0.0110132158590308,0.0092511013215859,0.0017621145374449,0.0057268722466959,0.0022026431718061,0.0035242290748898,0.0079295154185021,0.0070484581497797,0.0008810572687224,0.0264317180616739,0.0127753303964757,0.0136563876651982,0.0193832599118942,0.0105726872246696,0.0088105726872246,833
2025-04-01,2025,4,1174,484,690,12,8,4,84,14,70,7,4,3,74,43,31,75,46,29,4,4,0,5,3,2,56,15,41,22,20,2,6,6,0,177,81,96,46,21,25,2,0,2,6,3,3,21,13,8,24,22,2,10,4,6,19,14,5,39,22,17,39,21,18,0.5140105078809107,0.2119089316987741,0.3021015761821366,0.0052539404553414,0.0035026269702276,0.0017513134851138,0.036777583187390495,0.0061295971978984,0.0306479859894921,0.0030647985989491,0.0017513134851138,0.0013134851138353,0.0323992994746059,0.0188266199649737,0.0135726795096322,0.0328371278458844,0.0201401050788091,0.0126970227670753,0.0017513134851138,0.0017513134851138,0.0,0.0021891418563922,0.0013134851138353,0.0008756567425569,0.024518388791593602,0.0065674255691768,0.0179509632224168,0.009632224168126001,0.0087565674255691,0.0008756567425569,0.0026269702276707,0.0026269702276707,0.0,0.0774956217162871,0.0354640980735551,0.042031523642732,0.020140105078809,0.0091943957968476,0.0109457092819614,0.0008756567425569,0.0,0.0008756567425569,0.0026269702276706,0.0013134851138353,0.0013134851138353,0.0091943957968475,0.0056917688266199,0.0035026269702276,0.0105078809106829,0.009632224168126,0.0008756567425569,0.0043782837127845,0.0017513134851138,0.0026269702276707,0.0083187390542906,0.0061295971978984,0.0021891418563922,0.0170753064798598,0.009632224168126,0.0074430823117338,0.0170753064798598,0.0091943957968476,0.0078809106830122,816
2025-05-01,2025,5,727,322,405,18,15,3,40,20,20,5,4,1,25,17,8,52,33,19,1,1,0,5,2,3,13,2,11,16,16,0,3,3,0,109,61,48,41,19,22,0,0,0,4,3,1,10,4,6,12,11,1,8,1,7,11,10,1,38,23,15,18,10,8,0.36223218734429485,0.1604384653712008,0.2017937219730941,0.0089686098654708,0.007473841554559,0.0014947683109118,0.0199302441454906,0.0099651220727453,0.0099651220727453,0.0024912805181862,0.001993024414549,0.0004982561036372,0.0124564025909316,0.0084703537618335,0.0039860488290981,0.0259093173891379,0.0164424514200298,0.0094668659691081,0.0004982561036372,0.0004982561036372,0.0,0.0024912805181863,0.0009965122072745,0.0014947683109118,0.0064773293472844004,0.0009965122072745,0.0054808171400099,0.0079720976581963,0.0079720976581963,0.0,0.0014947683109118,0.0014947683109118,0.0,0.0543099152964623,0.0303936223218734,0.0239162929745889,0.020428500249127998,0.0094668659691081,0.0109616342800199,0.0,0.0,0.0,0.001993024414549,0.0014947683109118,0.0004982561036372,0.0049825610363726,0.001993024414549,0.0029895366218236,0.0059790732436471004,0.0054808171400099,0.0004982561036372,0.003986048829098,0.0004982561036372,0.0034877927254608,0.0054808171400098004,0.0049825610363726,0.0004982561036372,0.0189337319382162,0.0114598903836572,0.007473841554559,0.008968609865470701,0.0049825610363726,0.0039860488290981,550
2025-06-01,2025,6,604,277,327,17,12,5,50,19,31,12,8,4,18,9,9,49,31,18,4,4,0,3,1,2,14,4,10,9,8,1,2,2,0,100,58,42,29,15,14,3,3,0,4,4,0,63,63,0,13,13,0,1,0,1,11,10,1,52,33,19,30,19,11,0.3131156039398651,0.1435977190254017,0.1695178849144634,0.0088128564022809,0.0062208398133748,0.0025920165889061,0.0259201658890616,0.0098496630378434,0.0160705028512182,0.0062208398133747,0.0041472265422498,0.0020736132711249,0.0093312597200622,0.0046656298600311,0.0046656298600311,0.0254017625712804,0.0160705028512182,0.0093312597200622,0.0020736132711249,0.0020736132711249,0.0,0.0015552099533436,0.0005184033177812,0.0010368066355624,0.0072576464489371995,0.0020736132711249,0.0051840331778123,0.0046656298600310005,0.0041472265422498,0.0005184033177812,0.0010368066355624,0.0010368066355624,0.0,0.0518403317781233,0.0300673924313115,0.0217729393468118,0.0150336962156557,0.0077760497667185,0.0072576464489372,0.0015552099533437,0.0015552099533437,0.0,0.0020736132711249,0.0020736132711249,0.0,0.0326594090202177,0.0326594090202177,0.0,0.006739243131156,0.006739243131156,0.0,0.0005184033177812,0.0,0.0005184033177812,0.0057024364955935,0.0051840331778123,0.0005184033177812,0.0269569725246241,0.0171073094867807,0.0098496630378434,0.0155520995334369,0.0098496630378434,0.0057024364955935,569
2025-07-01,2025,7,589,249,340,9,8,1,34,15,19,1,1,0,27,17,10,53,36,17,5,5,0,9,8,1,9,3,6,22,22,0,4,4,0,130,78,52,61,34,27,3,1,2,8,8,0,35,33,2,19,19,0,6,4,2,12,12,0,61,49,12,22,16,6,0.2898622047244094,0.1225393700787401,0.1673228346456693,0.0044291338582676,0.0039370078740157,0.0004921259842519,0.0167322834645669,0.0073818897637795,0.0093503937007874,0.0004921259842519,0.0004921259842519,0.0,0.013287401574803,0.0083661417322834,0.0049212598425196,0.0260826771653542,0.0177165354330708,0.0083661417322834,0.0024606299212598,0.0024606299212598,0.0,0.0044291338582676,0.0039370078740157,0.0004921259842519,0.0044291338582677,0.0014763779527559,0.0029527559055118,0.0108267716535433,0.0108267716535433,0.0,0.0019685039370078,0.0019685039370078,0.0,0.0639763779527558,0.0383858267716535,0.0255905511811023,0.030019685039369998,0.0167322834645669,0.0132874015748031,0.0014763779527557999,0.0004921259842519,0.0009842519685039,0.0039370078740157,0.0039370078740157,0.0,0.0172244094488188,0.0162401574803149,0.0009842519685039,0.0093503937007874,0.0093503937007874,0.0,0.0029527559055117,0.0019685039370078,0.0009842519685039,0.0059055118110236,0.0059055118110236,0.0,0.03001968503937,0.0241141732283464,0.0059055118110236,0.010826771653543201,0.0078740157480314,0.0029527559055118,582
2025-08-01,2025,8,518,202,316,9,4,5,12,4,8,1,1,0,16,12,4,52,38,14,1,1,0,7,6,1,27,9,18,14,14,0,2,2,0,75,43,32,33,21,12,0,0,0,2,0,2,8,5,3,11,11,0,3,2,1,6,4,2,12,3,9,13,7,6,0.3374592833876221,0.1315960912052117,0.2058631921824104,0.005863192182410401,0.0026058631921824,0.003257328990228,0.0078175895765472,0.0026058631921824,0.0052117263843648,0.0006514657980456,0.0006514657980456,0.0,0.0104234527687296,0.0078175895765472,0.0026058631921824,0.0338762214983712,0.0247557003257328,0.0091205211726384,0.0006514657980456,0.0006514657980456,0.0,0.0045602605863192,0.0039087947882736,0.0006514657980456,0.0175895765472312,0.0058631921824104,0.0117263843648208,0.0091205211726384,0.0091205211726384,0.0,0.0013029315960912,0.0013029315960912,0.0,0.048859934853420106,0.0280130293159609,0.0208469055374592,0.0214983713355048,0.0136807817589576,0.0078175895765472,0.0,0.0,0.0,0.0013029315960912,0.0,0.0013029315960912,0.0052117263843648,0.003257328990228,0.0019543973941368,0.0071661237785016,0.0071661237785016,0.0,0.0019543973941368,0.0013029315960912,0.0006514657980456,0.0039087947882736,0.0026058631921824,0.0013029315960912,0.0078175895765472,0.0019543973941368,0.0058631921824104,0.0084690553745928,0.0045602605863192,0.0039087947882736,361
2025-09-01,2025,9,494,174,320,7,5,2,38,11,27,2,2,0,19,11,8,42,28,14,1,1,0,2,2,0,7,1,6,26,26,0,2,2,0,85,52,33,18,7,11,1,0,1,7,7,0,16,9,7,7,7,0,2,0,2,2,0,2,9,4,5,16,9,7,0.3493635077793493,0.123055162659123,0.2263083451202263,0.004950495049504899,0.0035360678925035,0.0014144271570014,0.026874115983026702,0.0077793493635077,0.019094766619519,0.0014144271570014,0.0014144271570014,0.0,0.0134370579915133,0.0077793493635077,0.0056577086280056,0.029702970297029698,0.0198019801980198,0.0099009900990099,0.0007072135785007,0.0007072135785007,0.0,0.0014144271570014,0.0014144271570014,0.0,0.004950495049504899,0.0007072135785007,0.0042432814710042,0.0183875530410183,0.0183875530410183,0.0,0.0014144271570014,0.0014144271570014,0.0,0.060113154172559996,0.0367751060820367,0.0233380480905233,0.0127298444130126,0.0049504950495049,0.0077793493635077,0.0007072135785007,0.0,0.0007072135785007,0.0049504950495049,0.0049504950495049,0.0,0.0113154172560112,0.0063649222065063,0.0049504950495049,0.0049504950495049,0.0049504950495049,0.0,0.0014144271570014,0.0,0.0014144271570014,0.0014144271570014,0.0,0.0014144271570014,0.0063649222065063,0.0028288543140028,0.0035360678925035,0.0113154172560112,0.0063649222065063,0.0049504950495049,334
2025-10-01,2025,10,546,249,297,8,8,0,13,4,9,0,0,0,18,13,5,30,14,16,0,0,0,2,1,1,22,2,20,22,20,2,6,6,0,60,29,31,27,16,11,0,0,0,5,4,1,17,12,5,1,1,0,3,1,2,4,2,2,21,15,6,15,11,4,0.358267716535433,0.1633858267716535,0.1948818897637795,0.0052493438320209,0.0052493438320209,0.0,0.008530183727034001,0.0026246719160104,0.0059055118110236,0.0,0.0,0.0,0.011811023622047199,0.0085301837270341,0.0032808398950131,0.0196850393700786,0.0091863517060367,0.0104986876640419,0.0,0.0,0.0,0.0013123359580052,0.0006561679790026,0.0006561679790026,0.0144356955380576,0.0013123359580052,0.0131233595800524,0.0144356955380576,0.0131233595800524,0.0013123359580052,0.0039370078740157,0.0039370078740157,0.0,0.039370078740157397,0.0190288713910761,0.0203412073490813,0.0177165354330707,0.0104986876640419,0.0072178477690288,0.0,0.0,0.0,0.003280839895013,0.0026246719160104,0.0006561679790026,0.011154855643044501,0.0078740157480314,0.0032808398950131,0.0006561679790026,0.0006561679790026,0.0,0.0019685039370078003,0.0006561679790026,0.0013123359580052,0.0026246719160104,0.0013123359580052,0.0013123359580052,0.013779527559055,0.0098425196850393,0.0039370078740157,0.0098425196850392,0.0072178477690288,0.0026246719160104,398
2025-11-01,2025,11,692,234,458,8,8,0,44,11,33,2,1,1,16,8,8,44,24,20,1,1,0,3,2,1,31,20,11,40,38,2,11,11,0,99,47,52,27,11,16,0,0,0,7,3,4,7,5,2,5,5,0,3,2,1,8,6,2,19,7,12,16,6,10,0.33904948554630077,0.1146496815286624,0.2243998040176384,0.0039196472317491,0.0039196472317491,0.0,0.0215580597746202,0.005389514943655,0.0161685448309652,0.0009799118079372,0.0004899559039686,0.0004899559039686,0.0078392944634982,0.0039196472317491,0.0039196472317491,0.0215580597746202,0.0117589416952474,0.0097991180793728,0.0004899559039686,0.0004899559039686,0.0,0.0014698677119058,0.0009799118079372,0.0004899559039686,0.015188633023027802,0.0097991180793728,0.005389514943655,0.019598236158745598,0.0186183243508084,0.0009799118079372,0.005389514943655,0.005389514943655,0.0,0.048505634492895605,0.0230279274865262,0.0254777070063694,0.013228809407153201,0.005389514943655,0.0078392944634982,0.0,0.0,0.0,0.0034296913277804004,0.0014698677119059,0.0019598236158745,0.0034296913277804004,0.0024497795198432,0.0009799118079372,0.0024497795198432,0.0024497795198432,0.0,0.0014698677119058,0.0009799118079372,0.0004899559039686,0.003919647231749,0.0029397354238118,0.0009799118079372,0.0093091621754041,0.0034296913277804,0.0058794708476237,0.0078392944634982,0.0029397354238118,0.0048995590396864,431
2025-12-01,2025,12,691,214,477,8,7,1,35,8,27,2,2,0,20,11,9,31,18,13,0,0,0,0,0,0,12,2,10,18,17,1,7,7,0,76,34,42,10,7,3,3,2,1,6,3,3,7,6,1,8,7,1,4,1,3,5,5,0,11,3,8,12,5,7,0.3998842592592592,0.1238425925925925,0.2760416666666667,0.0046296296296296,0.0040509259259259,0.0005787037037037,0.0202546296296296,0.0046296296296296,0.015625,0.0011574074074074,0.0011574074074074,0.0,0.011574074074074,0.0063657407407407,0.0052083333333333,0.0179398148148147,0.0104166666666666,0.0075231481481481,0.0,0.0,0.0,0.0,0.0,0.0,0.006944444444444401,0.0011574074074074,0.005787037037037,0.0104166666666666,0.0098379629629629,0.0005787037037037,0.0040509259259259,0.0040509259259259,0.0,0.0439814814814814,0.0196759259259259,0.0243055555555555,0.005787037037036999,0.0040509259259259,0.0017361111111111,0.0017361111111111,0.0011574074074074,0.0005787037037037,0.0034722222222222,0.0017361111111111,0.0017361111111111,0.0040509259259259,0.0034722222222222,0.0005787037037037,0.0046296296296296,0.0040509259259259,0.0005787037037037,0.0023148148148148,0.0005787037037037,0.0017361111111111,0.0028935185185185,0.0028935185185185,0.0,0.0063657407407407,0.0017361111111111,0.0046296296296296,0.0069444444444444,0.0028935185185185,0.0040509259259259,343
2026-01-01,2026,1,119,42,77,0,0,0,4,2,2,1,0,1,4,3,1,7,2,5,0,0,0,0,0,0,5,2,3,4,4,0,1,1,0,16,4,12,4,4,0,0,0,0,0,0,0,0,0,0,0,0,0,0,0,0,1,1,0,3,2,1,5,4,1,0.0650628758884636,0.0229633679606342,0.0420995079278294,0.0,0.0,0.0,0.0021869874248222,0.0010934937124111,0.0010934937124111,0.0005467468562055,0.0,0.0005467468562055,0.0021869874248222,0.0016402405686167,0.0005467468562055,0.0038272279934388996,0.0010934937124111,0.0027337342810278,0.0,0.0,0.0,0.0,0.0,0.0,0.0027337342810278,0.0010934937124111,0.0016402405686167,0.0021869874248223,0.0021869874248223,0.0,0.0005467468562055,0.0005467468562055,0.0,0.0087479496992892,0.0021869874248223,0.0065609622744669,0.0021869874248223,0.0021869874248223,0.0,0.0,0.0,0.0,0.0,0.0,0.0,0.0,0.0,0.0,0.0,0.0,0.0,0.0,0.0,0.0,0.0005467468562055,0.0005467468562055,0.0,0.0016402405686166,0.0010934937124111,0.0005467468562055,0.0027337342810278002,0.0021869874248223,0.0005467468562055,69
2026-02-01,2026,2,48,27,21,0,0,0,4,2,2,0,0,0,2,2,0,4,2,2,0,0,0,0,0,0,1,0,1,3,3,0,0,0,0,7,4,3,2,1,1,0,0,0,2,2,0,2,1,1,0,0,0,1,1,0,1,1,0,1,1,0,1,1,0,0.0394088669950738,0.022167487684729,0.0172413793103448,0.0,0.0,0.0,0.0032840722495894,0.0016420361247947,0.0016420361247947,0.0,0.0,0.0,0.0016420361247947,0.0016420361247947,0.0,0.0032840722495894,0.0016420361247947,0.0016420361247947,0.0,0.0,0.0,0.0,0.0,0.0,0.0008210180623973,0.0,0.0008210180623973,0.0024630541871921,0.0024630541871921,0.0,0.0,0.0,0.0,0.0057471264367815,0.0032840722495894,0.0024630541871921,0.0016420361247946,0.0008210180623973,0.0008210180623973,0.0,0.0,0.0,0.0016420361247947,0.0016420361247947,0.0,0.0016420361247946,0.0008210180623973,0.0008210180623973,0.0,0.0,0.0,0.0008210180623973,0.0008210180623973,0.0,0.0008210180623973,0.0008210180623973,0.0,0.0008210180623973,0.0008210180623973,0.0,0.0008210180623973,0.0008210180623973,0.0,46
2026-03-01,2026,3,77,38,39,2,2,0,8,1,7,0,0,0,3,2,1,2,2,0,0,0,0,0,0,0,23,20,3,0,0,0,0,0,0,6,2,4,1,1,0,0,0,0,1,1,0,0,0,0,0,0,0,0,0,0,0,0,0,5,3,2,1,0,1,0.0443548387096773,0.0218894009216589,0.0224654377880184,0.0011520737327188,0.0011520737327188,0.0,0.004608294930875501,0.0005760368663594,0.0040322580645161,0.0,0.0,0.0,0.0017281105990782,0.0011520737327188,0.0005760368663594,0.0011520737327188,0.0011520737327188,0.0,0.0,0.0,0.0,0.0,0.0,0.0,0.013248847926267201,0.0115207373271889,0.0017281105990783,0.0,0.0,0.0,0.0,0.0,0.0,0.0034562211981564997,0.0011520737327188,0.0023041474654377,0.0005760368663594,0.0005760368663594,0.0,0.0,0.0,0.0,0.0005760368663594,0.0005760368663594,0.0,0.0,0.0,0.0,0.0,0.0,0.0,0.0,0.0,0.0,0.0,0.0,0.0,0.0028801843317971,0.0017281105990783,0.0011520737327188,0.0005760368663594,0.0,0.0005760368663594,71
2026-04-01,2026,4,65,25,40,0,0,0,6,0,6,0,0,0,0,0,0,0,0,0,0,0,0,0,0,0,3,1,2,0,0,0,0,0,0,4,1,3,0,0,0,0,0,0,2,2,0,1,1,0,0,0,0,0,0,0,0,0,0,2,1,1,2,0,2,0.0421804023361453,0.0162232316677482,0.0259571706683971,0.0,0.0,0.0,0.0038935756002595,0.0,0.0038935756002595,0.0,0.0,0.0,0.0,0.0,0.0,0.0,0.0,0.0,0.0,0.0,0.0,0.0,0.0,0.0,0.0019467878001296999,0.0006489292667099,0.0012978585334198,0.0,0.0,0.0,0.0,0.0,0.0,0.0025957170668396,0.0006489292667099,0.0019467878001297,0.0,0.0,0.0,0.0,0.0,0.0,0.0012978585334198,0.0012978585334198,0.0,0.0006489292667099,0.0006489292667099,0.0,0.0,0.0,0.0,0.0,0.0,0.0,0.0,0.0,0.0,0.0012978585334198,0.0006489292667099,0.0006489292667099,0.0012978585334198,0.0,0.0012978585334198,31
2026-05-01,2026,5,89,46,43,0,0,0,0,0,0,0,0,0,2,1,1,0,0,0,0,0,0,0,0,0,5,2,3,0,0,0,0,0,0,2,2,0,0,0,0,0,0,0,1,1,0,0,0,0,0,0,0,0,0,0,1,1,0,3,3,0,0,0,0,0.0551425030978933,0.0285006195786864,0.0266418835192069,0.0,0.0,0.0,0.0,0.0,0.0,0.0,0.0,0.0,0.0012391573729862,0.0006195786864931,0.0006195786864931,0.0,0.0,0.0,0.0,0.0,0.0,0.0,0.0,0.0,0.0030978934324658,0.0012391573729863,0.0018587360594795,0.0,0.0,0.0,0.0,0.0,0.0,0.0012391573729863,0.0012391573729863,0.0,0.0,0.0,0.0,0.0,0.0,0.0,0.0006195786864931,0.0006195786864931,0.0,0.0,0.0,0.0,0.0,0.0,0.0,0.0,0.0,0.0,0.0006195786864931,0.0006195786864931,0.0,0.0018587360594795,0.0018587360594795,0.0,0.0,0.0,0.0,56
2026-06-01,2026,6,0,0,0,0,0,0,0,0,0,0,0,0,0,0,0,0,0,0,0,0,0,0,0,0,0,0,0,0,0,0,0,0,0,0,0,0,0,0,0,0,0,0,0,0,0,0,0,0,0,0,0,0,0,0,0,0,0,0,0,0,0,0,0,0.0,0.0,0.0,0.0,0.0,0.0,0.0,0.0,0.0,0.0,0.0,0.0,0.0,0.0,0.0,0.0,0.0,0.0,0.0,0.0,0.0,0.0,0.0,0.0,0.0,0.0,0.0,0.0,0.0,0.0,0.0,0.0,0.0,0.0,0.0,0.0,0.0,0.0,0.0,0.0,0.0,0.0,0.0,0.0,0.0,0.0,0.0,0.0,0.0,0.0,0.0,0.0,0.0,0.0,0.0,0.0,0.0,0.0,0.0,0.0,0.0,0.0,0.0,0
2026-07-01,2026,7,0,0,0,0,0,0,0,0,0,0,0,0,0,0,0,0,0,0,0,0,0,0,0,0,0,0,0,0,0,0,0,0,0,0,0,0,0,0,0,0,0,0,0,0,0,0,0,0,0,0,0,0,0,0,0,0,0,0,0,0,0,0,0,0.0,0.0,0.0,0.0,0.0,0.0,0.0,0.0,0.0,0.0,0.0,0.0,0.0,0.0,0.0,0.0,0.0,0.0,0.0,0.0,0.0,0.0,0.0,0.0,0.0,0.0,0.0,0.0,0.0,0.0,0.0,0.0,0.0,0.0,0.0,0.0,0.0,0.0,0.0,0.0,0.0,0.0,0.0,0.0,0.0,0.0,0.0,0.0,0.0,0.0,0.0,0.0,0.0,0.0,0.0,0.0,0.0,0.0,0.0,0.0,0.0,0.0,0.0,0
