date,year,month,-999,cr_-999,nr_-999,activism,cr_activism,nr_activism,arrest,cr_arrest,nr_arrest,censor,cr_censor,nr_censor,cooperate,cr_cooperate,nr_cooperate,corruption,cr_corruption,nr_corruption,coup,cr_coup,nr_coup,defamationcase,cr_defamationcase,nr_defamationcase,disaster,cr_disaster,nr_disaster,electionactivity,cr_electionactivity,nr_electionactivity,electionirregularities,cr_electionirregularities,nr_electionirregularities,legalaction,cr_legalaction,nr_legalaction,legalchange,cr_legalchange,nr_legalchange,martiallaw,cr_martiallaw,nr_martiallaw,mobilizesecurity,cr_mobilizesecurity,nr_mobilizesecurity,protest,cr_protest,nr_protest,purge,cr_purge,nr_purge,raid,cr_raid,nr_raid,threaten,cr_threaten,nr_threaten,violencelethal,cr_violencelethal,nr_violencelethal,violencenonlethal,cr_violencenonlethal,nr_violencenonlethal,-999Norm,cr_-999Norm,nr_-999Norm,activismNorm,cr_activismNorm,nr_activismNorm,arrestNorm,cr_arrestNorm,nr_arrestNorm,censorNorm,cr_censorNorm,nr_censorNorm,cooperateNorm,cr_cooperateNorm,nr_cooperateNorm,corruptionNorm,cr_corruptionNorm,nr_corruptionNorm,coupNorm,cr_coupNorm,nr_coupNorm,defamationcaseNorm,cr_defamationcaseNorm,nr_defamationcaseNorm,disasterNorm,cr_disasterNorm,nr_disasterNorm,electionactivityNorm,cr_electionactivityNorm,nr_electionactivityNorm,electionirregularitiesNorm,cr_electionirregularitiesNorm,nr_electionirregularitiesNorm,legalactionNorm,cr_legalactionNorm,nr_legalactionNorm,legalchangeNorm,cr_legalchangeNorm,nr_legalchangeNorm,martiallawNorm,cr_martiallawNorm,nr_martiallawNorm,mobilizesecurityNorm,cr_mobilizesecurityNorm,nr_mobilizesecurityNorm,protestNorm,cr_protestNorm,nr_protestNorm,purgeNorm,cr_purgeNorm,nr_purgeNorm,raidNorm,cr_raidNorm,nr_raidNorm,threatenNorm,cr_threatenNorm,nr_threatenNorm,violencelethalNorm,cr_violencelethalNorm,nr_violencelethalNorm,violencenonlethalNorm,cr_violencenonlethalNorm,nr_violencenonlethalNorm,total_articles
2012-01-01,2012,1,1283,434,849,7,6,1,63,20,43,0,0,0,65,42,23,64,49,15,2,1,1,0,0,0,82,7,75,46,44,2,2,2,0,54,28,26,91,52,39,1,1,0,1,1,0,25,19,6,32,23,9,6,2,4,5,3,2,18,1,17,61,10,51,0.6820839978734716,0.2307283359914939,0.4513556618819777,0.0037214247740562,0.0031897926634768,0.0005316321105794,0.033492822966507005,0.0106326422115895,0.0228601807549175,0.0,0.0,0.0,0.034556087187666104,0.0223285486443381,0.012227538543328,0.0340244550770865,0.0260499734183944,0.0079744816586921,0.0010632642211588,0.0005316321105794,0.0005316321105794,0.0,0.0,0.0,0.0435938330675172,0.0037214247740563,0.0398724082934609,0.0244550770866559,0.023391812865497,0.0010632642211589,0.0010632642211589,0.0010632642211589,0.0,0.0287081339712918,0.0148856990962254,0.0138224348750664,0.0483785220627325,0.0276448697501329,0.0207336523125996,0.0005316321105794,0.0005316321105794,0.0,0.0005316321105794,0.0005316321105794,0.0,0.0132908027644869,0.0101010101010101,0.0031897926634768,0.0170122275385433,0.012227538543328,0.0047846889952153,0.0031897926634768,0.0010632642211589,0.0021265284423179,0.0026581605528972997,0.0015948963317384,0.0010632642211589,0.0095693779904305,0.0005316321105794,0.0090377458798511,0.0324295587453481,0.0053163211057947,0.0271132376395534,723
2012-02-01,2012,2,1368,505,863,6,5,1,89,34,55,4,4,0,95,55,40,83,69,14,3,1,2,2,1,1,70,17,53,27,26,1,8,8,0,89,54,35,107,43,64,2,0,2,3,1,2,15,11,4,26,22,4,7,3,4,7,4,3,16,3,13,35,8,27,0.6748889985199802,0.249136655155402,0.4257523433645782,0.0029600394671928003,0.002466699555994,0.0004933399111988,0.0439072520966945,0.0167735569807597,0.0271336951159348,0.0019733596447952,0.0019733596447952,0.0,0.0468672915638874,0.0271336951159348,0.0197335964479526,0.0409472126295017,0.0340404538727183,0.0069067587567834,0.0014800197335964,0.0004933399111988,0.0009866798223976,0.0009866798223976,0.0004933399111988,0.0004933399111988,0.034533793783917,0.0083867784903798,0.0261470152935372,0.013320177602368,0.0128268376911692,0.0004933399111988,0.0039467192895905,0.0039467192895905,0.0,0.0439072520966945,0.026640355204736,0.0172668968919585,0.0527873704982732,0.021213616181549,0.0315737543167242,0.0009866798223976,0.0,0.0009866798223976,0.0014800197335964,0.0004933399111988,0.0009866798223976,0.0074000986679821,0.0054267390231869,0.0019733596447952,0.012826837691169098,0.0108534780463739,0.0019733596447952,0.0034533793783915996,0.0014800197335964,0.0019733596447952,0.0034533793783915996,0.0019733596447952,0.0014800197335964,0.007893438579181001,0.0014800197335964,0.0064134188455846,0.0172668968919585,0.0039467192895905,0.013320177602368,846
2012-03-01,2012,3,1230,437,793,10,10,0,88,18,70,4,0,4,115,71,44,62,43,19,0,0,0,0,0,0,72,11,61,104,102,2,27,27,0,71,44,27,78,43,35,1,1,0,2,1,1,18,14,4,33,24,9,3,1,2,13,8,5,19,3,16,51,2,49,0.6237322515212981,0.2216024340770791,0.402129817444219,0.0050709939148073,0.0050709939148073,0.0,0.044624746450304204,0.0091277890466531,0.0354969574036511,0.0020283975659229,0.0,0.0020283975659229,0.0583164300202839,0.0360040567951318,0.0223123732251521,0.0314401622718052,0.0218052738336714,0.0096348884381338,0.0,0.0,0.0,0.0,0.0,0.0,0.0365111561866125,0.005578093306288,0.0309330628803245,0.0527383367139958,0.0517241379310344,0.0010141987829614,0.0136916835699797,0.0136916835699797,0.0,0.0360040567951318,0.0223123732251521,0.0136916835699797,0.039553752535496894,0.0218052738336714,0.0177484787018255,0.0005070993914807,0.0005070993914807,0.0,0.0010141987829614,0.0005070993914807,0.0005070993914807,0.009127789046653099,0.0070993914807302,0.0020283975659229,0.016734279918864,0.0121703853955375,0.0045638945233265,0.0015212981744421,0.0005070993914807,0.0010141987829614,0.0065922920892494,0.0040567951318458,0.0025354969574036,0.0096348884381337,0.0015212981744421,0.0081135902636916,0.025862068965517102,0.0010141987829614,0.0248478701825557,842
2012-04-01,2012,4,1148,395,753,5,4,1,62,19,43,2,1,1,129,82,47,49,34,15,2,2,0,0,0,0,57,3,54,18,18,0,3,3,0,62,20,42,49,22,27,0,0,0,1,1,0,21,18,3,19,17,2,5,0,5,6,6,0,14,1,13,40,5,35,0.6882494004796162,0.236810551558753,0.4514388489208633,0.0029976019184651,0.0023980815347721,0.000599520383693,0.0371702637889687,0.0113908872901678,0.0257793764988009,0.001199040767386,0.000599520383693,0.000599520383693,0.0773381294964028,0.0491606714628297,0.0281774580335731,0.0293764988009591,0.0203836930455635,0.0089928057553956,0.001199040767386,0.001199040767386,0.0,0.0,0.0,0.0,0.034172661870503496,0.0017985611510791,0.0323741007194244,0.0107913669064748,0.0107913669064748,0.0,0.0017985611510791,0.0017985611510791,0.0,0.0371702637889688,0.0119904076738609,0.0251798561151079,0.0293764988009592,0.013189448441247,0.0161870503597122,0.0,0.0,0.0,0.000599520383693,0.000599520383693,0.0,0.0125899280575539,0.0107913669064748,0.0017985611510791,0.011390887290167701,0.0101918465227817,0.001199040767386,0.0029976019184652,0.0,0.0029976019184652,0.0035971223021582,0.0035971223021582,0.0,0.008393285371702499,0.000599520383693,0.0077937649880095,0.023980815347721698,0.0029976019184652,0.0209832134292565,636
2012-05-01,2012,5,1154,378,776,8,8,0,85,16,69,1,0,1,110,68,42,56,37,19,1,0,1,0,0,0,44,3,41,17,17,0,1,1,0,54,31,23,69,36,33,1,0,1,6,4,2,10,8,2,14,11,3,3,0,3,5,4,1,14,1,13,44,11,33,0.6869047619047619,0.225,0.4619047619047619,0.0047619047619047,0.0047619047619047,0.0,0.050595238095238,0.0095238095238095,0.0410714285714285,0.000595238095238,0.0,0.000595238095238,0.06547619047619041,0.0404761904761904,0.025,0.0333333333333333,0.0220238095238095,0.0113095238095238,0.000595238095238,0.0,0.000595238095238,0.0,0.0,0.0,0.0261904761904761,0.0017857142857142,0.0244047619047619,0.0101190476190476,0.0101190476190476,0.0,0.000595238095238,0.000595238095238,0.0,0.032142857142857,0.0184523809523809,0.0136904761904761,0.0410714285714285,0.0214285714285714,0.0196428571428571,0.000595238095238,0.0,0.000595238095238,0.0035714285714284,0.0023809523809523,0.0011904761904761,0.005952380952380799,0.0047619047619047,0.0011904761904761,0.0083333333333332,0.006547619047619,0.0017857142857142,0.0017857142857142,0.0,0.0017857142857142,0.0029761904761903,0.0023809523809523,0.000595238095238,0.0083333333333332,0.000595238095238,0.0077380952380952,0.0261904761904761,0.006547619047619,0.0196428571428571,624
2012-06-01,2012,6,1212,438,774,5,4,1,87,24,63,2,2,0,98,65,33,58,44,14,5,4,1,1,0,1,26,0,26,13,13,0,1,1,0,66,37,29,74,35,39,2,2,0,3,1,2,12,6,6,22,21,1,2,0,2,1,0,1,7,1,6,42,6,36,0.7083576855639977,0.2559906487434249,0.4523670368205728,0.0029222676797193,0.0023378141437755,0.0005844535359438,0.050847457627118606,0.0140268848626534,0.0368205727644652,0.0011689070718877,0.0011689070718877,0.0,0.0572764465225014,0.037989479836353,0.0192869666861484,0.0338983050847456,0.0257159555815312,0.0081823495032144,0.0029222676797193,0.0023378141437755,0.0005844535359438,0.0005844535359438,0.0,0.0005844535359438,0.0151957919345412,0.0,0.0151957919345412,0.0075978959672706,0.0075978959672706,0.0,0.0005844535359438,0.0005844535359438,0.0,0.0385739333722968,0.021624780829924,0.0169491525423728,0.043249561659848,0.0204558737580362,0.0227936879018118,0.0011689070718877,0.0011689070718877,0.0,0.0017533606078315002,0.0005844535359438,0.0011689070718877,0.0070134424313266,0.0035067212156633,0.0035067212156633,0.0128579777907655,0.0122735242548217,0.0005844535359438,0.0011689070718877,0.0,0.0011689070718877,0.0005844535359438,0.0,0.0005844535359438,0.0040911747516071,0.0005844535359438,0.0035067212156633,0.024547048509643402,0.0035067212156633,0.0210403272939801,683
2012-07-01,2012,7,1139,330,809,4,4,0,103,25,78,4,3,1,82,49,33,72,43,29,2,1,1,0,0,0,45,2,43,19,17,2,0,0,0,75,41,34,70,31,39,0,0,0,2,0,2,3,2,1,26,20,6,6,2,4,4,1,3,10,4,6,34,7,27,0.6861445783132529,0.1987951807228915,0.4873493975903614,0.0024096385542168,0.0024096385542168,0.0,0.0620481927710843,0.0150602409638554,0.0469879518072289,0.0024096385542168,0.0018072289156626,0.0006024096385542,0.0493975903614457,0.0295180722891566,0.0198795180722891,0.043373493975903496,0.0259036144578313,0.0174698795180722,0.0012048192771084,0.0006024096385542,0.0006024096385542,0.0,0.0,0.0,0.0271084337349397,0.0012048192771084,0.0259036144578313,0.01144578313253,0.0102409638554216,0.0012048192771084,0.0,0.0,0.0,0.045180722891566105,0.0246987951807228,0.0204819277108433,0.042168674698795094,0.0186746987951807,0.0234939759036144,0.0,0.0,0.0,0.0012048192771084,0.0,0.0012048192771084,0.0018072289156626001,0.0012048192771084,0.0006024096385542,0.0156626506024096,0.0120481927710843,0.0036144578313253,0.0036144578313252003,0.0012048192771084,0.0024096385542168,0.0024096385542168,0.0006024096385542,0.0018072289156626,0.0060240963855421,0.0024096385542168,0.0036144578313253,0.020481927710843298,0.0042168674698795,0.0162650602409638,564
2012-08-01,2012,8,1302,455,847,5,4,1,63,20,43,8,2,6,169,115,54,57,35,22,3,3,0,0,0,0,29,3,26,25,24,1,1,1,0,79,37,42,57,18,39,2,1,1,2,1,1,9,6,3,37,31,6,5,0,5,3,1,2,15,7,8,41,11,30,0.6921850079744816,0.2418926103136629,0.4502923976608187,0.0026581605528973,0.0021265284423179,0.0005316321105794,0.033492822966507005,0.0106326422115895,0.0228601807549175,0.0042530568846357,0.0010632642211589,0.0031897926634768,0.0898458266879318,0.06113769271664,0.0287081339712918,0.0303030303030302,0.0186071238702817,0.0116959064327485,0.0015948963317384,0.0015948963317384,0.0,0.0,0.0,0.0,0.015417331206804798,0.0015948963317384,0.0138224348750664,0.013290802764486801,0.0127591706539074,0.0005316321105794,0.0005316321105794,0.0005316321105794,0.0,0.0419989367357788,0.0196703880914407,0.0223285486443381,0.0303030303030302,0.0095693779904306,0.0207336523125996,0.0010632642211588,0.0005316321105794,0.0005316321105794,0.0010632642211588,0.0005316321105794,0.0005316321105794,0.0047846889952152,0.0031897926634768,0.0015948963317384,0.019670388091440602,0.0164805954279638,0.0031897926634768,0.0026581605528973,0.0,0.0026581605528973,0.0015948963317383,0.0005316321105794,0.0010632642211589,0.0079744816586921,0.0037214247740563,0.0042530568846358,0.0217969165337585,0.0058479532163742,0.0159489633173843,759
2012-09-01,2012,9,1426,583,843,2,0,2,68,15,53,8,4,4,134,102,32,65,42,23,2,1,1,1,0,1,44,6,38,52,49,3,6,6,0,74,41,33,68,29,39,0,0,0,2,2,0,11,8,3,40,33,7,6,0,6,9,7,2,13,7,6,42,12,30,0.6990196078431372,0.2857843137254902,0.413235294117647,0.0009803921568627,0.0,0.0009803921568627,0.0333333333333332,0.0073529411764705,0.0259803921568627,0.0039215686274508,0.0019607843137254,0.0019607843137254,0.06568627450980391,0.05,0.0156862745098039,0.0318627450980391,0.0205882352941176,0.0112745098039215,0.0009803921568626,0.0004901960784313,0.0004901960784313,0.0004901960784313,0.0,0.0004901960784313,0.0215686274509803,0.0029411764705882,0.0186274509803921,0.0254901960784313,0.0240196078431372,0.0014705882352941,0.0029411764705882,0.0029411764705882,0.0,0.0362745098039214,0.0200980392156862,0.0161764705882352,0.0333333333333333,0.0142156862745098,0.0191176470588235,0.0,0.0,0.0,0.0009803921568627,0.0009803921568627,0.0,0.005392156862745,0.0039215686274509,0.0014705882352941,0.019607843137254798,0.0161764705882352,0.0034313725490196,0.0029411764705882,0.0,0.0029411764705882,0.0044117647058823,0.0034313725490196,0.0009803921568627,0.0063725490196078,0.0034313725490196,0.0029411764705882,0.0205882352941175,0.0058823529411764,0.0147058823529411,929
2012-10-01,2012,10,1645,569,1076,10,8,2,91,35,56,3,2,1,110,66,44,65,35,30,13,13,0,0,0,0,21,0,21,87,80,7,9,9,0,129,62,67,99,40,59,2,2,0,6,3,3,49,44,5,25,20,5,9,0,9,4,2,2,6,3,3,43,12,31,0.6868475991649269,0.2375782881002087,0.4492693110647182,0.0041753653444676,0.0033402922755741,0.0008350730688935,0.037995824634655395,0.0146137787056367,0.0233820459290187,0.0012526096033402,0.0008350730688935,0.0004175365344467,0.045929018789144,0.0275574112734864,0.0183716075156576,0.0271398747390396,0.0146137787056367,0.0125260960334029,0.0054279749478079,0.0054279749478079,0.0,0.0,0.0,0.0,0.008768267223382,0.0,0.008768267223382,0.0363256784968684,0.0334029227557411,0.0029227557411273,0.0037578288100208,0.0037578288100208,0.0,0.0538622129436324,0.0258872651356993,0.0279749478079331,0.041336116910229495,0.0167014613778705,0.024634655532359,0.0008350730688935,0.0008350730688935,0.0,0.0025052192066804,0.0012526096033402,0.0012526096033402,0.020459290187891402,0.0183716075156576,0.0020876826722338,0.010438413361169,0.0083507306889352,0.0020876826722338,0.0037578288100208,0.0,0.0037578288100208,0.001670146137787,0.0008350730688935,0.0008350730688935,0.0025052192066804,0.0012526096033402,0.0012526096033402,0.017954070981210702,0.0050104384133611,0.0129436325678496,991
2012-11-01,2012,11,2230,732,1498,9,9,0,84,19,65,8,2,6,131,88,43,71,46,25,1,1,0,1,0,1,49,10,39,244,227,17,76,73,3,153,65,88,102,39,63,0,0,0,6,5,1,8,7,1,16,14,2,3,0,3,7,5,2,20,4,16,51,10,41,0.6884841000308737,0.2259956776782957,0.462488422352578,0.0027786353812905,0.0027786353812905,0.0,0.025933930225378102,0.0058660080271688,0.0200679221982093,0.0024698981167026,0.0006174745291756,0.001852423587527,0.0404445816610064,0.0271688792837295,0.0132757023772769,0.0219203457857362,0.0142019141710404,0.0077184316146958,0.0003087372645878,0.0003087372645878,0.0,0.0003087372645878,0.0,0.0003087372645878,0.0151281259648038,0.0030873726458783,0.0120407533189255,0.0753318925594319,0.0700833590614387,0.0052485334979932,0.0234640321086755,0.022537820314912,0.0009262117937635,0.0472368014819388,0.0200679221982093,0.0271688792837295,0.0314912009879591,0.0120407533189255,0.0194504476690336,0.0,0.0,0.0,0.0018524235875269,0.0015436863229391,0.0003087372645878,0.0024698981167025997,0.0021611608521148,0.0003087372645878,0.0049397962334053,0.0043223217042297,0.0006174745291756,0.0009262117937635,0.0,0.0009262117937635,0.0021611608521147,0.0015436863229391,0.0006174745291756,0.0061747452917566,0.0012349490583513,0.0049397962334053,0.0157456004939795,0.0030873726458783,0.0126582278481012,1341
2012-12-01,2012,12,2391,732,1659,9,7,2,90,17,73,7,2,5,173,120,53,63,42,21,0,0,0,2,1,1,112,19,93,61,57,4,11,10,1,134,62,72,163,72,91,5,2,3,3,1,2,10,8,2,25,23,2,7,1,6,9,5,4,24,6,18,45,10,35,0.7206148282097649,0.2206148282097649,0.5,0.0027124773960216,0.0021097046413502,0.0006027727546714,0.0271247739602169,0.0051235684147076,0.0220012055455093,0.0021097046413501,0.0006027727546714,0.0015069318866787,0.0521398432790837,0.0361663652802893,0.0159734779987944,0.0189873417721518,0.0126582278481012,0.0063291139240506,0.0,0.0,0.0,0.0006027727546714,0.0003013863773357,0.0003013863773357,0.033755274261603296,0.0057263411693791,0.0280289330922242,0.0183845690174803,0.0171790235081374,0.0012055455093429,0.0033152501506931,0.0030138637733574,0.0003013863773357,0.040385774562989696,0.0186859553948161,0.0216998191681736,0.049125979505726294,0.0216998191681736,0.0274261603375527,0.0015069318866785999,0.0006027727546714,0.0009041591320072,0.0009041591320071,0.0003013863773357,0.0006027727546714,0.0030138637733573,0.0024110910186859,0.0006027727546714,0.0075346594333935,0.0069318866787221,0.0006027727546714,0.0021097046413500998,0.0003013863773357,0.0018083182640144,0.0027124773960216,0.0015069318866787,0.0012055455093429,0.007233273056057799,0.0018083182640144,0.0054249547920434,0.0135623869801084,0.0030138637733574,0.010548523206751,1181
2013-01-01,2013,1,2173,673,1500,5,4,1,88,15,73,8,3,5,117,75,42,55,34,21,2,2,0,2,1,1,90,22,68,46,43,3,4,4,0,106,52,54,111,50,61,3,2,1,10,8,2,9,5,4,26,20,6,4,0,4,4,2,2,31,8,23,65,31,34,0.7406271301976823,0.2293796864349011,0.5112474437627812,0.0017041581458758,0.0013633265167007,0.0003408316291751,0.029993183367416403,0.0051124744376278,0.0248807089297886,0.0027266530334014,0.0010224948875255,0.0017041581458759,0.0398773006134968,0.025562372188139,0.0143149284253578,0.0187457396046352,0.0115882753919563,0.0071574642126789,0.0006816632583503,0.0006816632583503,0.0,0.0006816632583502,0.0003408316291751,0.0003408316291751,0.030674846625766798,0.0074982958418541,0.0231765507839127,0.0156782549420585,0.014655760054533,0.0010224948875255,0.0013633265167007,0.0013633265167007,0.0,0.036128152692569804,0.0177232447171097,0.0184049079754601,0.0378323108384457,0.0170415814587593,0.0207907293796864,0.0010224948875254,0.0006816632583503,0.0003408316291751,0.0034083162917517,0.0027266530334014,0.0006816632583503,0.0030674846625766,0.0017041581458759,0.0013633265167007,0.0088616223585548,0.0068166325835037,0.0020449897750511,0.0013633265167007,0.0,0.0013633265167007,0.0013633265167006,0.0006816632583503,0.0006816632583503,0.0105657805044307,0.0027266530334014,0.0078391274710293,0.0221540558963871,0.0105657805044308,0.0115882753919563,1041
2013-02-01,2013,2,2236,635,1601,7,6,1,106,15,91,6,2,4,143,80,63,73,52,21,1,1,0,3,0,3,52,20,32,25,23,2,2,2,0,160,95,65,97,44,53,0,0,0,14,7,7,12,11,1,31,23,8,5,1,4,9,5,4,18,1,17,70,17,53,0.7357683448502796,0.2089503126028298,0.5268180322474498,0.002303389272787,0.0019743336623889,0.0003290556103981,0.0348798947022046,0.0049358341559723,0.0299440605462323,0.0019743336623889002,0.0006581112207963,0.0013162224415926,0.0470549522869364,0.0263244488318525,0.0207305034550839,0.0240210595590654,0.0171108917407041,0.0069101678183613,0.0003290556103981,0.0003290556103981,0.0,0.0009871668311944,0.0,0.0009871668311944,0.0171108917407041,0.0065811122079631,0.010529779532741,0.0082263902599539,0.0075682790391576,0.0006581112207963,0.0006581112207963,0.0006581112207963,0.0,0.0526488976637051,0.0312602829878249,0.0213886146758802,0.0319183942086212,0.0144784468575189,0.0174399473511023,0.0,0.0,0.0,0.0046067785455742,0.0023033892727871,0.0023033892727871,0.0039486673247778,0.0036196117143797,0.0003290556103981,0.0102007239223428,0.0075682790391576,0.0026324448831852,0.0016452780519907,0.0003290556103981,0.0013162224415926,0.0029615004935833,0.0016452780519907,0.0013162224415926,0.0059230009871667,0.0003290556103981,0.0055939453767686,0.023033892727870903,0.0055939453767686,0.0174399473511023,1021
2013-03-01,2013,3,2077,625,1452,5,2,3,107,26,81,9,5,4,140,85,55,74,46,28,2,2,0,0,0,0,50,11,39,28,24,4,2,2,0,107,50,57,110,51,59,1,0,1,3,1,2,20,17,3,37,29,8,3,0,3,3,2,1,14,5,9,71,8,63,0.7328863796753705,0.2205363443895554,0.5123500352858151,0.0017642907551163002,0.0007057163020465,0.0010585744530698,0.0377558221594918,0.0091743119266055,0.0285815102328863,0.0031757233592095,0.0017642907551164,0.0014114326040931,0.0494001411432603,0.0299929428369795,0.0194071983062808,0.026111503175723198,0.0162314749470712,0.009880028228652,0.0007057163020465,0.0007057163020465,0.0,0.0,0.0,0.0,0.0176429075511643,0.0038814396612561,0.0137614678899082,0.009880028228652,0.0084685956245589,0.0014114326040931,0.0007057163020465,0.0007057163020465,0.0,0.0377558221594918,0.0176429075511644,0.0201129146083274,0.0388143966125617,0.0179957657021877,0.020818630910374,0.0003528581510232,0.0,0.0003528581510232,0.0010585744530697,0.0003528581510232,0.0007057163020465,0.0070571630204657,0.0059985885673959,0.0010585744530698,0.0130557515878616,0.0102328863796753,0.0028228652081863,0.0010585744530698,0.0,0.0010585744530698,0.0010585744530697,0.0007057163020465,0.0003528581510232,0.0049400141143259,0.0017642907551164,0.0031757233592095,0.025052928722653398,0.0028228652081863,0.0222300635144671,978
2013-04-01,2013,4,2539,745,1794,16,13,3,123,27,96,12,6,6,206,145,61,121,90,31,1,1,0,2,0,2,69,18,51,25,24,1,4,4,0,150,60,90,113,39,74,2,2,0,9,9,0,16,11,5,64,55,9,12,3,9,8,5,3,34,9,25,79,22,57,0.7132022471910112,0.2092696629213483,0.5039325842696629,0.0044943820224717995,0.0036516853932584,0.0008426966292134,0.0345505617977527,0.0075842696629213,0.0269662921348314,0.0033707865168538,0.0016853932584269,0.0016853932584269,0.0578651685393257,0.0407303370786516,0.0171348314606741,0.0339887640449437,0.0252808988764044,0.0087078651685393,0.0002808988764044,0.0002808988764044,0.0,0.0005617977528089,0.0,0.0005617977528089,0.01938202247191,0.0050561797752808,0.0143258426966292,0.007022471910112201,0.0067415730337078,0.0002808988764044,0.0011235955056179,0.0011235955056179,0.0,0.042134831460674,0.0168539325842696,0.0252808988764044,0.0317415730337077,0.0109550561797752,0.0207865168539325,0.0005617977528089,0.0005617977528089,0.0,0.0025280898876404,0.0025280898876404,0.0,0.0044943820224718,0.0030898876404494,0.0014044943820224,0.0179775280898875,0.0154494382022471,0.0025280898876404,0.0033707865168538,0.0008426966292134,0.0025280898876404,0.0022471910112358,0.0014044943820224,0.0008426966292134,0.0095505617977527,0.0025280898876404,0.0070224719101123,0.022191011235954898,0.0061797752808988,0.0160112359550561,1265
2013-05-01,2013,5,2559,810,1749,9,8,1,97,27,70,6,3,3,173,103,70,85,50,35,1,0,1,3,1,2,91,26,65,27,23,4,3,3,0,143,60,83,76,31,45,10,10,0,18,13,5,54,39,15,23,19,4,7,1,6,8,6,2,23,5,18,62,22,40,0.7417391304347825,0.2347826086956521,0.5069565217391304,0.0026086956521738,0.0023188405797101,0.0002898550724637,0.028115942028985402,0.0078260869565217,0.0202898550724637,0.0017391304347826,0.0008695652173913,0.0008695652173913,0.0501449275362318,0.0298550724637681,0.0202898550724637,0.0246376811594202,0.0144927536231884,0.0101449275362318,0.0002898550724637,0.0,0.0002898550724637,0.0008695652173912,0.0002898550724637,0.0005797101449275,0.0263768115942028,0.0075362318840579,0.0188405797101449,0.007826086956521601,0.0066666666666666,0.001159420289855,0.0008695652173913,0.0008695652173913,0.0,0.0414492753623187,0.017391304347826,0.0240579710144927,0.0220289855072463,0.0089855072463768,0.0130434782608695,0.0028985507246376,0.0028985507246376,0.0,0.0052173913043477,0.0037681159420289,0.0014492753623188,0.0156521739130434,0.0113043478260869,0.0043478260869565,0.0066666666666665,0.0055072463768115,0.001159420289855,0.0020289855072463,0.0002898550724637,0.0017391304347826,0.0023188405797101,0.0017391304347826,0.0005797101449275,0.0066666666666665994,0.0014492753623188,0.0052173913043478,0.0179710144927535,0.0063768115942028,0.0115942028985507,1245
2013-06-01,2013,6,2649,836,1813,12,12,0,88,31,57,4,1,3,191,116,75,76,48,28,0,0,0,2,1,1,86,16,70,37,30,7,2,1,1,192,100,92,177,64,113,5,5,0,6,5,1,53,48,5,38,32,6,7,0,7,7,6,1,33,9,24,75,22,53,0.7145940113299163,0.2255192878338278,0.4890747234960885,0.0032371189641219,0.0032371189641219,0.0,0.0237388724035607,0.0083625573239816,0.0153763150795791,0.0010790396547072,0.0002697599136768,0.0008092797410304,0.051524143512274,0.031292149986512,0.020231993525762,0.0205017534394388,0.0129484758564877,0.0075532775829511,0.0,0.0,0.0,0.0005395198273536,0.0002697599136768,0.0002697599136768,0.0231993525762071,0.0043161586188292,0.0188831939573779,0.0099811168060425,0.0080927974103048,0.0018883193957377,0.0005395198273536,0.0002697599136768,0.0002697599136768,0.051793903425950805,0.0269759913676827,0.0248179120582681,0.0477475047207984,0.0172646344753169,0.0304828702454815,0.0013487995683841,0.0013487995683841,0.0,0.0016185594820609,0.0013487995683841,0.0002697599136768,0.014297275424871799,0.0129484758564877,0.0013487995683841,0.0102508767197193,0.0086323172376584,0.0016185594820609,0.0018883193957377,0.0,0.0018883193957377,0.0018883193957377,0.0016185594820609,0.0002697599136768,0.008902077151335201,0.0024278392230914,0.0064742379282438,0.020231993525762,0.0059347181008902,0.0142972754248718,1364
2013-07-01,2013,7,2670,785,1885,12,10,2,105,25,80,4,1,3,174,95,79,73,48,25,1,0,1,0,0,0,118,23,95,31,30,1,6,5,1,160,83,77,99,39,60,1,1,0,5,4,1,7,4,3,34,25,9,6,1,5,3,1,2,25,8,17,70,18,52,0.7476897227667318,0.2198263791654998,0.5278633436012321,0.0033604032483897,0.0028003360403248,0.0005600672080649,0.0294035284234107,0.007000840100812,0.0224026883225987,0.0011201344161298,0.0002800336040324,0.0008401008120974,0.048725847101652106,0.0266031923830859,0.0221226547185662,0.0204424530943712,0.0134416129935592,0.007000840100812,0.0002800336040324,0.0,0.0002800336040324,0.0,0.0,0.0,0.033043965275833004,0.0064407728927471,0.0266031923830859,0.008681041725006899,0.0084010081209745,0.0002800336040324,0.0016802016241948,0.0014001680201624,0.0002800336040324,0.044805376645197306,0.0232427891346961,0.0215625875105012,0.027723326799215797,0.0109213105572668,0.016802016241949,0.0002800336040324,0.0002800336040324,0.0,0.0014001680201623,0.0011201344161299,0.0002800336040324,0.0019602352282273,0.0011201344161299,0.0008401008120974,0.0095211425371043,0.007000840100812,0.0025203024362923,0.0016802016241948,0.0002800336040324,0.0014001680201624,0.0008401008120973,0.0002800336040324,0.0005600672080649,0.007000840100812001,0.0022402688322598,0.0047605712685522,0.0196023522822738,0.0050406048725847,0.0145617474096891,1188
2013-08-01,2013,8,2577,671,1906,10,9,1,86,14,72,4,2,2,136,85,51,54,36,18,3,3,0,2,1,1,111,19,92,38,35,3,2,2,0,138,63,75,90,34,56,5,3,2,9,8,1,9,7,2,13,10,3,7,1,6,5,3,2,23,6,17,65,23,42,0.7667360904492709,0.1996429634037488,0.5670931270455222,0.0029753049687592003,0.0026777744718833,0.0002975304968759,0.0255876227313299,0.004165426956263,0.0214221957750669,0.0011901219875036,0.0005950609937518,0.0005950609937518,0.040464147575126404,0.025290092234454,0.0151740553406724,0.016066646831300102,0.0107110978875334,0.0053555489437667,0.0008925914906277,0.0008925914906277,0.0,0.0005950609937518,0.0002975304968759,0.0002975304968759,0.0330258851532281,0.0056530794406426,0.0273728057125855,0.0113061588812852,0.0104135673906575,0.0008925914906277,0.0005950609937518,0.0005950609937518,0.0,0.0410592085688782,0.0187444213031835,0.0223147872656947,0.0267777447188336,0.0101160368937816,0.016661707825052,0.0014876524843795,0.0008925914906277,0.0005950609937518,0.0026777744718833,0.0023802439750074,0.0002975304968759,0.0026777744718833,0.0020827134781315,0.0005950609937518,0.0038678964593869,0.0029753049687592,0.0008925914906277,0.0020827134781314,0.0002975304968759,0.0017851829812555,0.0014876524843795,0.0008925914906277,0.0005950609937518,0.0068432014281463,0.0017851829812555,0.0050580184468908,0.0193394822969353,0.0068432014281463,0.012496280868789,1022
2013-09-01,2013,9,2806,866,1940,16,11,5,88,13,75,8,6,2,257,161,96,67,48,19,5,5,0,1,0,1,87,16,71,45,42,3,8,8,0,84,35,49,93,39,54,4,0,4,11,9,2,12,7,5,20,13,7,4,1,3,8,5,3,30,9,21,40,5,35,0.7633297062023939,0.235582154515778,0.5277475516866159,0.0043525571273122,0.0029923830250272,0.001360174102285,0.023939064200217502,0.0035364526659412,0.0204026115342763,0.0021762785636561,0.0016322089227421,0.000544069640914,0.0699129488574536,0.0437976060935799,0.0261153427638737,0.0182263329706201,0.0130576713819368,0.0051686615886833,0.001360174102285,0.001360174102285,0.0,0.000272034820457,0.0,0.000272034820457,0.0236670293797605,0.0043525571273122,0.0193144722524483,0.0122415669205657,0.0114254624591947,0.000816104461371,0.0021762785636561,0.0021762785636561,0.0,0.022850924918389498,0.0095212187159956,0.0133297062023939,0.025299238302502698,0.0106093579978237,0.014689880304679,0.001088139281828,0.0,0.001088139281828,0.0029923830250271,0.0024483133841131,0.000544069640914,0.0032644178454840998,0.0019042437431991,0.001360174102285,0.0054406964091403,0.0035364526659412,0.0019042437431991,0.001088139281828,0.000272034820457,0.000816104461371,0.0021762785636559997,0.001360174102285,0.000816104461371,0.0081610446137104,0.0024483133841131,0.0057127312295973,0.0108813928182806,0.001360174102285,0.0095212187159956,1289
2013-10-01,2013,10,3050,894,2156,9,7,2,120,31,89,3,2,1,205,124,81,59,38,21,1,1,0,2,0,2,68,12,56,56,49,7,8,7,1,114,49,65,104,45,59,1,1,0,19,17,2,34,22,12,33,29,4,4,0,4,7,5,2,28,8,20,67,13,54,0.7680684966003526,0.2251322085117099,0.5429362880886427,0.0022664316293124,0.0017627801561319,0.0005036514731805,0.030219088390833402,0.0078065978342986,0.0224124905565348,0.0007554772097707,0.0005036514731805,0.0002518257365902,0.051624276001007205,0.0312263913371946,0.0203978846638126,0.014857718458826401,0.0095693779904306,0.0052883404683958,0.0002518257365902,0.0002518257365902,0.0,0.0005036514731805,0.0,0.0005036514731805,0.0171241500881389,0.0030219088390833,0.0141022412490556,0.0141022412490555,0.0123394610929236,0.0017627801561319,0.0020146058927221,0.0017627801561319,0.0002518257365902,0.028708133971291704,0.0123394610929236,0.0163686728783681,0.0261898766053889,0.0113321581465625,0.0148577184588264,0.0002518257365902,0.0002518257365902,0.0,0.0047846889952152,0.0042810375220347,0.0005036514731805,0.0085620750440694,0.0055401662049861,0.0030219088390833,0.0083102493074792,0.0073029463611181,0.0010073029463611,0.0010073029463611,0.0,0.0010073029463611,0.0017627801561318,0.0012591286829513,0.0005036514731805,0.0070511206245277,0.0020146058927222,0.0050365147318055,0.0168723243515486,0.0032737345756736,0.013598589775875,1347
2013-11-01,2013,11,2788,764,2024,13,11,2,135,45,90,3,3,0,221,143,78,112,88,24,3,2,1,1,1,0,46,11,35,31,28,3,2,2,0,116,40,76,144,77,67,1,0,1,9,5,4,18,16,2,31,21,10,3,0,3,8,6,2,42,7,35,64,13,51,0.7450561197220736,0.2041688936397648,0.5408872260823089,0.0034740780331372003,0.0029396044895777,0.0005344735435595,0.0360769641902725,0.0120256547300908,0.0240513094601817,0.0008017103153393,0.0008017103153393,0.0,0.059059326563335,0.0382148583645109,0.0208444681988241,0.029930518439337202,0.0235168359166221,0.0064136825227151,0.0008017103153392,0.0005344735435595,0.0002672367717797,0.0002672367717797,0.0002672367717797,0.0,0.0122928915018705,0.0029396044895777,0.0093532870122928,0.008284339925173599,0.0074826296098343,0.0008017103153393,0.0005344735435595,0.0005344735435595,0.0,0.0309994655264563,0.0106894708711918,0.0203099946552645,0.0384820951362906,0.0205772314270443,0.0179048637092463,0.0002672367717797,0.0,0.0002672367717797,0.002405130946018,0.0013361838588989,0.0010689470871191,0.0048102618920362,0.0042757883484767,0.0005344735435595,0.008284339925173599,0.0056119722073757,0.0026723677177979,0.0008017103153393,0.0,0.0008017103153393,0.0021378941742382,0.0016034206306787,0.0005344735435595,0.0112239444147513,0.0018706574024585,0.0093532870122928,0.0171031533939069,0.0034740780331373,0.0136290753607696,1248
2013-12-01,2013,12,2790,807,1983,19,15,4,131,28,103,2,0,2,169,102,67,130,102,28,4,3,1,0,0,0,55,18,37,39,37,2,1,1,0,131,57,74,160,80,80,4,2,2,10,8,2,17,15,2,48,39,9,7,1,6,6,1,5,33,5,28,72,18,54,0.7371202113606341,0.2132100396301189,0.5239101717305152,0.0050198150594451,0.0039630118890356,0.0010568031704095,0.034610303830911404,0.0073976221928665,0.0272126816380449,0.0005284015852047,0.0,0.0005284015852047,0.0446499339498018,0.0269484808454425,0.0177014531043593,0.034346103038309,0.0269484808454425,0.0073976221928665,0.0010568031704094,0.0007926023778071,0.0002642007926023,0.0,0.0,0.0,0.0145310435931307,0.0047556142668428,0.0097754293262879,0.0103038309114926,0.0097754293262879,0.0005284015852047,0.0002642007926023,0.0002642007926023,0.0,0.034610303830911404,0.0150594451783355,0.0195508586525759,0.0422721268163804,0.0211360634081902,0.0211360634081902,0.0010568031704094,0.0005284015852047,0.0005284015852047,0.0026420079260236996,0.002113606340819,0.0005284015852047,0.0044914134742403,0.0039630118890356,0.0005284015852047,0.0126816380449141,0.0103038309114927,0.0023778071334214,0.0018494055482165,0.0002642007926023,0.0015852047556142,0.0015852047556141,0.0002642007926023,0.0013210039630118,0.0087186261558783,0.0013210039630118,0.0073976221928665,0.0190224570673712,0.0047556142668428,0.0142668428005284,1312
2014-01-01,2014,1,2712,752,1960,20,19,1,120,17,103,3,2,1,183,122,61,82,55,27,0,0,0,0,0,0,70,20,50,93,89,4,8,8,0,109,45,64,163,74,89,3,3,0,15,14,1,7,6,1,34,29,5,9,1,8,9,5,4,33,10,23,83,23,60,0.7266881028938907,0.2015005359056806,0.5251875669882101,0.005359056806002099,0.005091103965702,0.0002679528403001,0.032154340836012804,0.0045551982851018,0.027599142550911,0.0008038585209003001,0.0005359056806002,0.0002679528403001,0.0490353697749195,0.032690246516613,0.0163451232583065,0.021972132904608598,0.0147374062165058,0.0072347266881028,0.0,0.0,0.0,0.0,0.0,0.0,0.0187566988210074,0.0053590568060021,0.0133976420150053,0.0249196141479099,0.0238478027867095,0.0010718113612004,0.0021436227224008,0.0021436227224008,0.0,0.0292068595927116,0.0120578778135048,0.0171489817792068,0.0436763129689174,0.0198285101822079,0.0238478027867095,0.0008038585209003,0.0008038585209003,0.0,0.0040192926045016005,0.0037513397642015,0.0002679528403001,0.0018756698821007,0.0016077170418006,0.0002679528403001,0.0091103965702036,0.0077706323687031,0.0013397642015005,0.0024115755627009,0.0002679528403001,0.0021436227224008,0.0024115755627008998,0.0013397642015005,0.0010718113612004,0.0088424437299034,0.002679528403001,0.0061629153269024,0.022240085744908798,0.0061629153269024,0.0160771704180064,1282
2014-02-01,2014,2,2938,831,2107,8,5,3,141,33,108,2,0,2,206,131,75,100,66,34,0,0,0,1,0,1,57,17,40,36,31,5,1,1,0,124,63,61,170,74,96,3,1,2,10,7,3,12,9,3,38,27,11,4,0,4,9,5,4,32,8,24,54,12,42,0.751983619145124,0.2126951625287944,0.5392884566163296,0.0020476068594829,0.0012797542871768,0.0007678525723061,0.0360890708983874,0.0084463782953672,0.0276426926030202,0.0005119017148707,0.0,0.0005119017148707,0.0527258766316866,0.0335295623240337,0.0191963143076529,0.025595085743537103,0.0168927565907345,0.0087023291528026,0.0,0.0,0.0,0.0002559508574353,0.0,0.0002559508574353,0.0145891988738161,0.0043511645764013,0.0102380342974148,0.0092142308676733,0.0079344765804965,0.0012797542871768,0.0002559508574353,0.0002559508574353,0.0,0.0317379063219861,0.0161249040184284,0.0156130023035577,0.0435116457640132,0.0189403634502175,0.0245712823137957,0.000767852572306,0.0002559508574353,0.0005119017148707,0.0025595085743537,0.0017916560020476,0.0007678525723061,0.0030714102892243998,0.0023035577169183,0.0007678525723061,0.009726132582544,0.006910673150755,0.002815459431789,0.0010238034297414,0.0,0.0010238034297414,0.0023035577169182,0.0012797542871768,0.0010238034297414,0.0081904274379318,0.0020476068594829,0.0061428205784489,0.01382134630151,0.0030714102892244,0.0107499360122856,1302
2014-03-01,2014,3,2817,833,1984,19,17,2,214,29,185,3,3,0,188,111,77,79,55,24,1,1,0,0,0,0,62,13,49,34,30,4,3,2,1,104,43,61,152,70,82,1,0,1,10,7,3,10,10,0,33,29,4,10,0,10,11,8,3,23,4,19,57,12,45,0.7415109239273493,0.2192682284811792,0.5222426954461701,0.0050013161358251,0.0044748618057383,0.0005264543300868,0.0563306133192945,0.0076335877862595,0.048697025533035,0.0007896814951302,0.0007896814951302,0.0,0.049486707028165294,0.029218215319821,0.0202684917083443,0.020794946038431,0.0144774940773887,0.0063174519610423,0.0002632271650434,0.0002632271650434,0.0,0.0,0.0,0.0,0.0163200842326927,0.0034219531455646,0.0128981310871281,0.0089497236114766,0.0078968149513029,0.0010529086601737,0.0007896814951302001,0.0005264543300868,0.0002632271650434,0.0273756251645168,0.0113187680968675,0.0160568570676493,0.0400105290866016,0.0184259015530402,0.0215846275335614,0.0002632271650434,0.0,0.0002632271650434,0.0026322716504342,0.001842590155304,0.0007896814951302,0.0026322716504343,0.0026322716504343,0.0,0.0086864964464332,0.0076335877862595,0.0010529086601737,0.0026322716504343,0.0,0.0026322716504343,0.0028954988154775998,0.0021058173203474,0.0007896814951302,0.006054224795998899,0.0010529086601737,0.0050013161358252,0.015003948407475499,0.0031587259805211,0.0118452224269544,1257
2014-04-01,2014,4,3561,1022,2539,18,17,1,161,26,135,2,1,1,238,141,97,93,72,21,0,0,0,1,0,1,100,20,80,59,53,6,6,6,0,117,64,53,221,122,99,2,2,0,11,10,1,28,22,6,28,22,6,6,1,5,12,5,7,29,8,21,79,20,59,0.7506323777403034,0.2154300168634064,0.5352023608768971,0.0037942664418211,0.00358347386172,0.0002107925801011,0.0339376053962899,0.0054806070826306,0.0284569983136593,0.0004215851602022,0.0002107925801011,0.0002107925801011,0.0501686340640809,0.0297217537942664,0.0204468802698145,0.0196037099494096,0.0151770657672849,0.0044266441821247,0.0,0.0,0.0,0.0002107925801011,0.0,0.0002107925801011,0.021079258010118,0.0042158516020236,0.0168634064080944,0.0124367622259695,0.0111720067453625,0.001264755480607,0.001264755480607,0.001264755480607,0.0,0.024662731871838,0.0134907251264755,0.0111720067453625,0.046585160202360795,0.025716694772344,0.0208684654300168,0.0004215851602023,0.0004215851602023,0.0,0.0023187183811129,0.0021079258010118,0.0002107925801011,0.005902192242832899,0.0046374367622259,0.001264755480607,0.005902192242832899,0.0046374367622259,0.001264755480607,0.001264755480607,0.0002107925801011,0.0010539629005059,0.0025295109612141,0.0010539629005059,0.0014755480607082,0.0061129848229341,0.0016863406408094,0.0044266441821247,0.0166526138279932,0.0042158516020236,0.0124367622259696,1616
2014-05-01,2014,5,3174,791,2383,15,13,2,195,33,162,2,1,1,260,156,104,96,72,24,2,2,0,0,0,0,97,28,69,23,21,2,0,0,0,103,59,44,142,63,79,1,0,1,14,8,6,20,12,8,18,15,3,10,1,9,4,2,2,19,2,17,62,20,42,0.7514204545454546,0.1872632575757575,0.564157196969697,0.0035511363636362998,0.0030776515151515,0.0004734848484848,0.0461647727272727,0.0078125,0.0383522727272727,0.0004734848484848,0.0002367424242424,0.0002367424242424,0.0615530303030302,0.0369318181818181,0.0246212121212121,0.0227272727272726,0.0170454545454545,0.0056818181818181,0.0004734848484848,0.0004734848484848,0.0,0.0,0.0,0.0,0.022964015151515,0.0066287878787878,0.0163352272727272,0.005445075757575701,0.0049715909090909,0.0004734848484848,0.0,0.0,0.0,0.0243844696969696,0.013967803030303,0.0104166666666666,0.0336174242424242,0.0149147727272727,0.0187026515151515,0.0002367424242424,0.0,0.0002367424242424,0.0033143939393938003,0.0018939393939393,0.0014204545454545,0.0047348484848483,0.002840909090909,0.0018939393939393,0.0042613636363635,0.0035511363636363,0.0007102272727272,0.0023674242424242,0.0002367424242424,0.0021306818181818,0.0009469696969696,0.0004734848484848,0.0004734848484848,0.004498106060606,0.0004734848484848,0.0040246212121212,0.0146780303030302,0.0047348484848484,0.0099431818181818,1279
2014-06-01,2014,6,3116,817,2299,10,9,1,134,20,114,6,3,3,216,112,104,114,88,26,3,1,2,1,0,1,78,14,64,32,28,4,3,3,0,124,52,72,268,129,139,0,0,0,4,1,3,14,11,3,30,18,12,6,1,5,10,3,7,20,4,16,64,16,48,0.739089184060721,0.193785578747628,0.545303605313093,0.0023719165085388,0.002134724857685,0.0002371916508538,0.0317836812144211,0.0047438330170777,0.0270398481973434,0.0014231499051232,0.0007115749525616,0.0007115749525616,0.0512333965844401,0.0265654648956356,0.0246679316888045,0.027039848197343397,0.0208728652751423,0.0061669829222011,0.0007115749525615,0.0002371916508538,0.0004743833017077,0.0002371916508538,0.0,0.0002371916508538,0.018500948766603298,0.0033206831119544,0.0151802656546489,0.0075901328273244,0.0066413662239089,0.0009487666034155,0.0007115749525616,0.0007115749525616,0.0,0.0294117647058822,0.0123339658444022,0.01707779886148,0.0635673624288425,0.0305977229601518,0.0329696394686907,0.0,0.0,0.0,0.0009487666034154,0.0002371916508538,0.0007115749525616,0.0033206831119543,0.0026091081593927,0.0007115749525616,0.0071157495256166,0.00426944971537,0.0028462998102466,0.0014231499051232,0.0002371916508538,0.0011859582542694,0.0023719165085388,0.0007115749525616,0.0016603415559772,0.0047438330170777,0.0009487666034155,0.0037950664136622,0.0151802656546489,0.0037950664136622,0.0113851992409867,1312
2014-07-01,2014,7,2227,531,1696,12,12,0,135,20,115,1,0,1,191,106,85,68,46,22,0,0,0,1,1,0,98,9,89,16,15,1,3,3,0,112,39,73,95,40,55,2,1,1,8,6,2,13,8,5,25,19,6,4,1,3,6,3,3,35,8,27,65,15,50,0.7214123744735988,0.1720116618075801,0.5494007126660188,0.0038872691933916,0.0038872691933916,0.0,0.0437317784256559,0.006478781988986,0.0372529964366699,0.0003239390994493,0.0,0.0003239390994493,0.06187236799481691,0.0343375445416261,0.0275348234531908,0.022027858762552498,0.0149011985746679,0.0071266601878846,0.0,0.0,0.0,0.0003239390994493,0.0003239390994493,0.0,0.0317460317460317,0.0029154518950437,0.028830579850988,0.0051830255911888,0.0048590864917395,0.0003239390994493,0.0009718172983479,0.0009718172983479,0.0,0.0362811791383219,0.0126336248785228,0.0236475542597991,0.030774214447683697,0.0129575639779721,0.0178166504697116,0.0006478781988986,0.0003239390994493,0.0003239390994493,0.0025915127955944,0.0019436345966958,0.0006478781988986,0.0042112082928409,0.0025915127955944,0.0016196954972465,0.0080984774862325,0.0061548428895367,0.0019436345966958,0.0012957563977972,0.0003239390994493,0.0009718172983479,0.0019436345966958,0.0009718172983479,0.0009718172983479,0.0113378684807255,0.0025915127955944,0.0087463556851311,0.021056041464204603,0.0048590864917395,0.0161969549724651,865
2014-08-01,2014,8,2170,474,1696,7,6,1,85,13,72,1,0,1,144,69,75,62,38,24,0,0,0,1,1,0,95,15,80,21,20,1,3,3,0,78,39,39,55,15,40,4,0,4,11,10,1,8,8,0,19,11,8,7,0,7,3,2,1,29,9,20,54,10,44,0.7646229739252994,0.1670190274841437,0.5976039464411558,0.0024665257223395,0.0021141649048625,0.000352360817477,0.029950669485553097,0.0045806906272022,0.0253699788583509,0.000352360817477,0.0,0.000352360817477,0.0507399577167018,0.0243128964059196,0.0264270613107822,0.021846370683579898,0.0133897110641296,0.0084566596194503,0.0,0.0,0.0,0.000352360817477,0.000352360817477,0.0,0.0334742776603241,0.0052854122621564,0.0281888653981677,0.0073995771670189,0.0070472163495419,0.000352360817477,0.0010570824524312,0.0010570824524312,0.0,0.0274841437632134,0.0137420718816067,0.0137420718816067,0.0193798449612402,0.0052854122621564,0.0140944326990838,0.0014094432699083,0.0,0.0014094432699083,0.0038759689922479,0.0035236081747709,0.000352360817477,0.0028188865398167,0.0028188865398167,0.0,0.0066948555320647,0.003875968992248,0.0028188865398167,0.0024665257223396,0.0,0.0024665257223396,0.0010570824524311,0.0007047216349541,0.000352360817477,0.0102184637068357,0.0031712473572938,0.0070472163495419,0.0190274841437631,0.0035236081747709,0.0155038759689922,732
2014-09-01,2014,9,2871,799,2072,16,14,2,129,30,99,1,1,0,209,137,72,73,45,28,2,1,1,0,0,0,76,19,57,33,29,4,2,2,0,101,37,64,148,76,72,4,1,3,3,3,0,10,5,5,46,36,10,4,0,4,8,5,3,27,2,25,69,18,51,0.7567211386399579,0.2105956773853453,0.5461254612546126,0.0042171850289931005,0.003690036900369,0.0005271481286241,0.0340010542962572,0.0079072219293621,0.0260938323668951,0.000263574064312,0.000263574064312,0.0,0.0550869794412229,0.0361096468107538,0.0189773326304691,0.0192409066947812,0.0118608328940432,0.007380073800738,0.000527148128624,0.000263574064312,0.000263574064312,0.0,0.0,0.0,0.020031628887717298,0.0050079072219293,0.015023721665788,0.0086979441222982,0.00764364786505,0.0010542962572482,0.0005271481286241,0.0005271481286241,0.0,0.0266209804955191,0.0097522403795466,0.0168687401159725,0.0390089615181865,0.0200316288877174,0.0189773326304691,0.0010542962572481999,0.000263574064312,0.0007907221929362,0.0007907221929362,0.0007907221929362,0.0,0.0026357406431206,0.0013178703215603,0.0013178703215603,0.0121244069583552,0.0094886663152345,0.0026357406431207,0.0010542962572482,0.0,0.0010542962572482,0.0021085925144965,0.0013178703215603,0.0007907221929362,0.0071164997364258,0.0005271481286241,0.0065893516078017,0.0181866104375328,0.0047443331576172,0.0134422772799156,1241
2014-10-01,2014,10,3531,958,2573,22,17,5,131,36,95,0,0,0,193,114,79,104,68,36,1,0,1,1,1,0,116,32,84,28,26,2,6,5,1,122,51,71,230,115,115,1,1,0,4,2,2,13,8,5,40,32,8,5,0,5,12,4,8,29,4,25,98,22,76,0.7603359173126615,0.2062876830318691,0.5540482342807924,0.0047372954349698005,0.0036606373815676,0.0010766580534022,0.0282084409991386,0.0077519379844961,0.0204565030146425,0.0,0.0,0.0,0.0415590008613263,0.024547803617571,0.0170111972437553,0.0223944875107665,0.0146425495262704,0.0077519379844961,0.0002153316106804,0.0,0.0002153316106804,0.0002153316106804,0.0002153316106804,0.0,0.0249784668389319,0.0068906115417743,0.0180878552971576,0.0060292850990524,0.0055986218776916,0.0004306632213608,0.0012919896640826,0.0010766580534022,0.0002153316106804,0.0262704565030146,0.0109819121447028,0.0152885443583118,0.049526270456503,0.0247631352282515,0.0247631352282515,0.0002153316106804,0.0002153316106804,0.0,0.0008613264427216,0.0004306632213608,0.0004306632213608,0.0027993109388457,0.0017226528854435,0.0010766580534022,0.0086132644272178,0.0068906115417743,0.0017226528854435,0.0010766580534022,0.0,0.0010766580534022,0.0025839793281652,0.0008613264427217,0.0017226528854435,0.0062446167097328,0.0008613264427217,0.0053832902670111,0.021102497846683797,0.0047372954349698,0.016365202411714,1476
2014-11-01,2014,11,3244,964,2280,13,12,1,174,32,142,4,4,0,198,120,78,127,89,38,4,3,1,0,0,0,139,61,78,36,34,2,2,2,0,144,76,68,246,103,143,1,1,0,7,6,1,11,5,6,18,15,3,8,3,5,7,5,2,57,15,42,75,13,62,0.7252403308741338,0.2155153141068634,0.5097250167672703,0.0029063268499887,0.0026827632461435,0.0002235636038452,0.038900067069081105,0.0071540353230494,0.0317460317460317,0.0008942544153811,0.0008942544153811,0.0,0.0442655935613681,0.0268276324614352,0.0174379610999329,0.0283925776883522,0.0198971607422311,0.0084954169461211,0.0008942544153809999,0.0006706908115358,0.0002235636038452,0.0,0.0,0.0,0.0310753409344958,0.0136373798345629,0.0174379610999329,0.0080482897384304,0.0076011625307399,0.0004471272076905,0.0004471272076905,0.0004471272076905,0.0,0.0321931589537222,0.0169908338922423,0.0152023250614799,0.0549966465459422,0.0230270511960652,0.031969595349877,0.0002235636038452,0.0002235636038452,0.0,0.0015649452269168999,0.0013413816230717,0.0002235636038452,0.0024591996422980997,0.0011178180192264,0.0013413816230717,0.0040241448692152,0.0033534540576794,0.0006706908115358,0.0017885088307622,0.0006706908115358,0.0011178180192264,0.0015649452269169,0.0011178180192264,0.0004471272076905,0.0127431254191817,0.0033534540576794,0.0093896713615023,0.016767270288396998,0.0029063268499888,0.0138609434384082,1538
2014-12-01,2014,12,3547,1060,2487,15,13,2,161,32,129,5,5,0,211,132,79,136,87,49,0,0,0,0,0,0,131,35,96,31,27,4,4,4,0,143,64,79,224,104,120,1,1,0,15,13,2,13,9,4,41,32,9,6,1,5,5,2,3,50,9,41,74,13,61,0.7439177852348993,0.2223154362416107,0.5216023489932886,0.0031459731543622997,0.002726510067114,0.0004194630872483,0.033766778523489804,0.0067114093959731,0.0270553691275167,0.0010486577181208,0.0010486577181208,0.0,0.044253355704697905,0.0276845637583892,0.0165687919463087,0.028523489932885802,0.018246644295302,0.0102768456375838,0.0,0.0,0.0,0.0,0.0,0.0,0.027474832214765,0.0073406040268456,0.0201342281879194,0.0065016778523489,0.0056627516778523,0.0008389261744966,0.0008389261744966,0.0008389261744966,0.0,0.029991610738255,0.0134228187919463,0.0165687919463087,0.046979865771812,0.0218120805369127,0.0251677852348993,0.0002097315436241,0.0002097315436241,0.0,0.0031459731543622997,0.002726510067114,0.0004194630872483,0.0027265100671140003,0.0018875838926174,0.0008389261744966,0.0085989932885905,0.0067114093959731,0.0018875838926174,0.0012583892617449,0.0002097315436241,0.0010486577181208,0.0010486577181207,0.0004194630872483,0.0006291946308724,0.010486577181208,0.0018875838926174,0.0085989932885906,0.0155201342281878,0.002726510067114,0.0127936241610738,1623
2015-01-01,2015,1,2915,806,2109,19,19,0,147,33,114,4,4,0,105,50,55,97,63,34,3,1,2,0,0,0,113,24,89,27,26,1,3,3,0,117,60,57,228,89,139,1,0,1,4,3,1,21,12,9,28,27,1,8,2,6,6,2,4,47,17,30,106,25,81,0.7349974785678265,0.2032274331820474,0.5317700453857791,0.0047907211296016,0.0047907211296016,0.0,0.0370650529500755,0.0083207261724659,0.0287443267776096,0.0010085728693898,0.0010085728693898,0.0,0.0264750378214825,0.0126071608673726,0.0138678769541099,0.024457892082702902,0.0158850226928895,0.0085728693898134,0.0007564296520423,0.0002521432173474,0.0005042864346949,0.0,0.0,0.0,0.0284921835602621,0.0060514372163388,0.0224407463439233,0.006807866868381101,0.0065557236510337,0.0002521432173474,0.0007564296520423,0.0007564296520423,0.0,0.029500756429651998,0.0151285930408472,0.0143721633888048,0.0574886535552193,0.0224407463439233,0.035047907211296,0.0002521432173474,0.0,0.0002521432173474,0.0010085728693897,0.0007564296520423,0.0002521432173474,0.0052950075642964,0.0030257186081694,0.002269288956127,0.007060010085728601,0.0068078668683812,0.0002521432173474,0.0020171457387796,0.0005042864346949,0.0015128593040847,0.0015128593040847002,0.0005042864346949,0.0010085728693898,0.0118507312153303,0.0042864346949067,0.0075642965204236,0.026727181038829997,0.0063035804336863,0.0204236006051437,1247
2015-02-01,2015,2,3396,909,2487,18,16,2,198,39,159,6,5,1,196,108,88,123,73,50,0,0,0,0,0,0,128,26,102,29,28,1,3,2,1,148,63,85,185,85,100,4,1,3,5,3,2,18,12,6,58,44,14,8,1,7,9,7,2,52,8,44,84,14,70,0.7355425601039636,0.1968810916179337,0.5386614684860299,0.0038986354775828,0.0034654537578514,0.0004331817197314,0.0428849902534112,0.0084470435347628,0.0344379467186484,0.0012995451591942,0.0010829542993285,0.0002165908598657,0.0424518085336798,0.023391812865497,0.0190599956681828,0.0266406757634827,0.0158111327701971,0.0108295429932856,0.0,0.0,0.0,0.0,0.0,0.0,0.0277236300628112,0.0056313623565085,0.0220922677063027,0.0062811349361056,0.0060645440762399,0.0002165908598657,0.0006497725795971,0.0004331817197314,0.0002165908598657,0.0320554472601255,0.0136452241715399,0.0184102230885856,0.0400693090751569,0.0184102230885856,0.0216590859865713,0.0008663634394628,0.0002165908598657,0.0006497725795971,0.0010829542993285,0.0006497725795971,0.0004331817197314,0.0038986354775827,0.0025990903183885,0.0012995451591942,0.0125622698722113,0.0095299978340914,0.0030322720381199,0.0017327268789256,0.0002165908598657,0.0015161360190599,0.0019493177387913002,0.0015161360190599,0.0004331817197314,0.0112627247130171,0.0017327268789257,0.0095299978340914,0.018193632228719798,0.0030322720381199,0.0151613601905999,1420
2015-03-01,2015,3,3408,867,2541,24,20,4,172,39,133,7,5,2,213,130,83,137,91,46,3,2,1,1,0,1,110,32,78,36,33,3,3,3,0,162,84,78,180,86,94,2,2,0,8,7,1,20,10,10,35,28,7,16,8,8,8,3,5,33,10,23,89,21,68,0.7383015597920276,0.1878249566724436,0.550476603119584,0.0051993067590987,0.0043327556325823,0.0008665511265164,0.0372616984402079,0.0084488734835355,0.0288128249566724,0.0015164644714036998,0.0010831889081455,0.0004332755632582,0.0461438474870016,0.028162911611785,0.0179809358752166,0.029679376083188803,0.0197140381282495,0.0099653379549393,0.0006499133448873,0.0004332755632582,0.0002166377816291,0.0002166377816291,0.0,0.0002166377816291,0.0238301559792027,0.0069324090121317,0.016897746967071,0.0077989601386481006,0.0071490467937608,0.0006499133448873,0.0006499133448873,0.0006499133448873,0.0,0.0350953206239167,0.0181975736568457,0.016897746967071,0.038994800693240794,0.0186308492201039,0.0203639514731369,0.0004332755632582,0.0004332755632582,0.0,0.0017331022530329,0.0015164644714038,0.0002166377816291,0.0043327556325822,0.0021663778162911,0.0021663778162911,0.007582322357019,0.0060658578856152,0.0015164644714038,0.0034662045060658,0.0017331022530329,0.0017331022530329,0.0017331022530327998,0.0006499133448873,0.0010831889081455,0.0071490467937607004,0.0021663778162911,0.0049826689774696,0.0192807625649912,0.0045493934142114,0.0147313691507798,1454
2015-04-01,2015,4,3172,937,2235,24,23,1,131,32,99,5,3,2,193,114,79,130,89,41,3,2,1,0,0,0,116,33,83,59,56,3,4,4,0,160,88,72,182,84,98,1,0,1,6,6,0,9,7,2,85,78,7,11,3,8,7,3,4,33,5,28,93,20,73,0.7251943301326017,0.2142203932327389,0.5109739368998628,0.0054869684499314,0.0052583447645176,0.0002286236854138,0.0299497027892088,0.0073159579332418,0.022633744855967,0.001143118427069,0.0006858710562414,0.0004572473708276,0.0441243712848651,0.0260631001371742,0.0180612711476909,0.029721079103794998,0.0203475080018289,0.0093735711019661,0.0006858710562414,0.0004572473708276,0.0002286236854138,0.0,0.0,0.0,0.0265203475080017,0.0075445816186556,0.0189757658893461,0.0134887974394146,0.0128029263831732,0.0006858710562414,0.0009144947416552,0.0009144947416552,0.0,0.0365797896662093,0.0201188843164151,0.0164609053497942,0.041609510745313105,0.0192043895747599,0.0224051211705532,0.0002286236854138,0.0,0.0002286236854138,0.0013717421124828,0.0013717421124828,0.0,0.0020576131687242,0.0016003657978966,0.0004572473708276,0.0194330132601736,0.017832647462277,0.0016003657978966,0.0025148605395517998,0.0006858710562414,0.0018289894833104,0.0016003657978966,0.0006858710562414,0.0009144947416552,0.0075445816186556006,0.001143118427069,0.0064014631915866,0.021262002743484103,0.0045724737082761,0.016689529035208,1554
2015-05-01,2015,5,2598,744,1854,27,23,4,108,39,69,7,5,2,133,73,60,98,63,35,4,2,2,2,2,0,114,41,73,36,33,3,2,2,0,156,83,73,155,83,72,1,0,1,11,7,4,12,10,2,27,15,12,2,1,1,8,2,6,23,4,19,65,14,51,0.7326565143824028,0.2098138747884941,0.5228426395939086,0.0076142131979693994,0.0064861816130851,0.0011280315848843,0.030456852791878097,0.0109983079526226,0.0194585448392555,0.0019740552735475,0.0014100394811054,0.0005640157924421,0.0375070501974054,0.0205865764241398,0.0169204737732656,0.027636773829667102,0.0177664974619289,0.0098702763677382,0.0011280315848842,0.0005640157924421,0.0005640157924421,0.0005640157924421,0.0005640157924421,0.0,0.032148900169204596,0.0115623237450648,0.0205865764241398,0.0101522842639593,0.0093062605752961,0.0008460236886632,0.0005640157924421,0.0005640157924421,0.0,0.0439932318104906,0.0234066553863508,0.0205865764241398,0.0437112239142695,0.0234066553863508,0.0203045685279187,0.000282007896221,0.0,0.000282007896221,0.0031020868584319,0.0019740552735476,0.0011280315848843,0.003384094754653,0.0028200789622109,0.0005640157924421,0.0076142131979695,0.0042301184433164,0.0033840947546531,0.000564015792442,0.000282007896221,0.000282007896221,0.0022560631697686,0.0005640157924421,0.0016920473773265,0.006486181613085,0.0011280315848843,0.0053581500282007,0.0183305132543711,0.0039481105470953,0.0143824027072758,1217
2015-06-01,2015,6,3170,917,2253,27,19,8,103,19,84,5,2,3,179,107,72,129,72,57,2,1,1,4,1,3,142,29,113,58,54,4,2,2,0,151,81,70,261,130,131,2,2,0,7,6,1,22,13,9,57,48,9,11,5,6,7,2,5,43,10,33,81,20,61,0.719147005444646,0.2080308529945553,0.5111161524500908,0.006125226860254,0.0043103448275862,0.0018148820326678,0.0233666061705989,0.0043103448275862,0.0190562613430127,0.0011343012704173,0.0004537205081669,0.0006805807622504,0.040607985480943604,0.0242740471869328,0.0163339382940108,0.0292649727767694,0.0163339382940108,0.0129310344827586,0.0004537205081668,0.0002268602540834,0.0002268602540834,0.0009074410163338,0.0002268602540834,0.0006805807622504,0.0322141560798547,0.006578947368421,0.0256352087114337,0.013157894736842,0.0122504537205081,0.0009074410163339,0.0004537205081669,0.0004537205081669,0.0,0.0342558983666061,0.0183756805807622,0.0158802177858439,0.0592105263157893,0.0294918330308529,0.0297186932849364,0.0004537205081669,0.0004537205081669,0.0,0.0015880217785843001,0.0013611615245009,0.0002268602540834,0.004990925589836499,0.0029491833030852,0.0020417422867513,0.0129310344827585,0.0108892921960072,0.0020417422867513,0.0024954627949183,0.0011343012704174,0.0013611615245009,0.0015880217785843,0.0004537205081669,0.0011343012704174,0.0097549909255897,0.0022686025408348,0.0074863883847549,0.0183756805807621,0.0045372050816696,0.0138384754990925,1518
2015-07-01,2015,7,2943,894,2049,20,16,4,118,46,72,4,2,2,177,99,78,136,95,41,1,0,1,0,0,0,155,28,127,103,99,4,10,10,0,166,93,73,149,60,89,3,2,1,9,9,0,25,17,8,48,34,14,1,0,1,9,6,3,49,17,32,79,28,51,0.7110413143271321,0.2159942014979463,0.4950471128291858,0.0048320850446967,0.0038656680357574,0.0009664170089393,0.028509301763710998,0.0111137956028026,0.0173955061609084,0.0009664170089392,0.0004832085044696,0.0004832085044696,0.0427639526455664,0.023918820971249,0.0188451316743174,0.0328581783039381,0.0229524039623097,0.0099057743416284,0.0002416042522348,0.0,0.0002416042522348,0.0,0.0,0.0,0.0374486590964,0.0067649190625755,0.0306837400338245,0.024885237980188303,0.023918820971249,0.0009664170089393,0.0024160425223483,0.0024160425223483,0.0,0.0401063058709832,0.02246919545784,0.0176371104131432,0.035999033582991,0.0144962551340903,0.0215027784489007,0.0007248127567044,0.0004832085044696,0.0002416042522348,0.0021744382701135,0.0021744382701135,0.0,0.0060401063058709,0.0041072722879922,0.0019328340178787,0.0115970041072722,0.0082145445759845,0.0033824595312877,0.0002416042522348,0.0,0.0002416042522348,0.0021744382701135,0.001449625513409,0.0007248127567045,0.011838608359507001,0.0041072722879922,0.0077313360715148,0.0190867359265523,0.0067649190625755,0.0123218168639768,1516
2015-08-01,2015,8,2094,527,1567,16,14,2,90,26,64,1,1,0,91,64,27,93,61,32,2,0,2,1,1,0,99,18,81,122,121,1,11,11,0,130,70,60,47,20,27,0,0,0,8,8,0,11,8,3,31,24,7,7,3,4,5,2,3,24,4,20,64,22,42,0.722567287784679,0.1818495514147688,0.5407177363699103,0.0055210489993098005,0.0048309178743961,0.0006901311249137,0.031055900621117898,0.0089717046238785,0.0220841959972394,0.0003450655624568,0.0003450655624568,0.0,0.0314009661835748,0.0220841959972394,0.0093167701863354,0.0320910973084885,0.0210489993098688,0.0110420979986197,0.0006901311249137,0.0,0.0006901311249137,0.0003450655624568,0.0003450655624568,0.0,0.0341614906832298,0.0062111801242236,0.0279503105590062,0.0420979986197376,0.0417529330572808,0.0003450655624568,0.0037957211870255,0.0037957211870255,0.0,0.044858523119392604,0.0241545893719806,0.020703933747412,0.016218081435472702,0.0069013112491373,0.0093167701863354,0.0,0.0,0.0,0.0027605244996549,0.0027605244996549,0.0,0.0037957211870255,0.0027605244996549,0.0010351966873706,0.0106970324361628,0.0082815734989648,0.002415458937198,0.0024154589371980003,0.0010351966873706,0.0013802622498274,0.0017253278122843002,0.0006901311249137,0.0010351966873706,0.0082815734989647,0.0013802622498274,0.0069013112491373,0.0220841959972394,0.007591442374051,0.0144927536231884,976
2015-09-01,2015,9,2390,656,1734,7,5,2,142,40,102,9,7,2,144,103,41,100,67,33,0,0,0,2,2,0,79,32,47,157,154,3,24,24,0,107,62,45,53,29,24,7,5,2,7,7,0,8,4,4,11,9,2,11,2,9,17,13,4,43,9,34,81,24,57,0.7144992526158446,0.1961136023916293,0.5183856502242152,0.0020926756352765002,0.0014947683109118,0.0005979073243647,0.0424514200298952,0.0119581464872944,0.0304932735426008,0.0026905829596412,0.0020926756352765,0.0005979073243647,0.04304932735426,0.0307922272047832,0.0122571001494768,0.029895366218236102,0.0200298953662182,0.0098654708520179,0.0,0.0,0.0,0.0005979073243647,0.0005979073243647,0.0,0.023617339312406498,0.0095665171898355,0.014050822122571,0.0469357249626307,0.0460388639760837,0.000896860986547,0.0071748878923766,0.0071748878923766,0.0,0.0319880418535126,0.0185351270553064,0.0134529147982062,0.015844544095665,0.0086696562032884,0.0071748878923766,0.0020926756352765002,0.0014947683109118,0.0005979073243647,0.0020926756352765,0.0020926756352765,0.0,0.0023916292974588,0.0011958146487294,0.0011958146487294,0.0032884902840058998,0.0026905829596412,0.0005979073243647,0.0032884902840058998,0.0005979073243647,0.0026905829596412,0.0050822122571001,0.0038863976083707,0.0011958146487294,0.0128550074738414,0.0026905829596412,0.0101644245142002,0.0242152466367712,0.0071748878923766,0.0170403587443946,1222
2015-10-01,2015,10,2969,823,2146,8,6,2,194,49,145,2,2,0,166,114,52,108,76,32,1,1,0,0,0,0,57,19,38,294,283,11,67,67,0,138,69,69,55,19,36,3,3,0,19,15,4,10,7,3,42,23,19,12,1,11,11,8,3,86,28,58,106,31,75,0.6917520969245107,0.1917520969245107,0.5,0.0018639328984156,0.0013979496738117,0.0004659832246039,0.0452003727865795,0.0114165890027958,0.0337837837837837,0.0004659832246039,0.0004659832246039,0.0,0.0386766076421248,0.0265610438024231,0.0121155638397017,0.0251630941286113,0.0177073625349487,0.0074557315936626,0.0002329916123019,0.0002329916123019,0.0,0.0,0.0,0.0,0.0132805219012114,0.0044268406337371,0.0088536812674743,0.0684995340167753,0.0659366262814538,0.0025629077353215,0.0156104380242311,0.0156104380242311,0.0,0.03215284249767,0.016076421248835,0.016076421248835,0.0128145386766075,0.0044268406337371,0.0083876980428704,0.0006989748369058,0.0006989748369058,0.0,0.0044268406337371,0.0034948741845293,0.0009319664492078,0.0023299161230195,0.0016309412861137,0.0006989748369058,0.0097856477166821,0.005358807082945,0.0044268406337371,0.0027958993476234,0.0002329916123019,0.0025629077353215,0.0025629077353214,0.0018639328984156,0.0006989748369058,0.0200372786579683,0.0065237651444548,0.0135135135135135,0.0246971109040073,0.0072227399813606,0.0174743709226467,1610
2015-11-01,2015,11,3117,889,2228,14,10,4,152,37,115,6,6,0,153,84,69,109,61,48,0,0,0,1,1,0,94,56,38,48,45,3,6,6,0,175,96,79,152,62,90,1,0,1,17,12,5,9,6,3,40,31,9,14,2,12,8,5,3,39,12,27,89,25,64,0.7460507419818094,0.2127812350406893,0.5332695069411202,0.0033508855911919,0.0023934897079942,0.0009573958831977,0.0363810435615126,0.0088559119195787,0.0275251316419339,0.0014360938247965,0.0014360938247965,0.0,0.036620392532312,0.0201053135471517,0.0165150789851603,0.026089037817137298,0.0146002872187649,0.0114887505983724,0.0,0.0,0.0,0.0002393489707994,0.0002393489707994,0.0,0.022498803255145902,0.0134035423647678,0.0090952608903781,0.0114887505983723,0.0107707036859741,0.0007180469123982,0.0014360938247965,0.0014360938247965,0.0,0.0418860698898994,0.0229775011967448,0.0189085686931546,0.0363810435615126,0.0148396361895643,0.0215414073719483,0.0002393489707994,0.0,0.0002393489707994,0.0040689325035902,0.0028721876495931,0.0011967448539971,0.0021541407371947,0.0014360938247965,0.0007180469123982,0.0095739588319769,0.0074198180947821,0.0021541407371948,0.0033508855911918997,0.0004786979415988,0.0028721876495931,0.0019147917663953,0.0011967448539971,0.0007180469123982,0.0093346098611775,0.0028721876495931,0.0064624222115844,0.0213020584011488,0.0059837242699856,0.0153183341311632,1416
2015-12-01,2015,12,3271,892,2379,17,14,3,149,39,110,10,8,2,143,88,55,114,78,36,0,0,0,0,0,0,100,45,55,34,30,4,1,1,0,166,82,84,139,50,89,1,1,0,13,8,5,1,1,0,37,26,11,6,2,4,7,3,4,48,19,29,63,19,44,0.7656835205992509,0.2088014981273408,0.5568820224719101,0.0039794007490636,0.0032771535580524,0.0007022471910112,0.0348782771535579,0.009129213483146,0.0257490636704119,0.0023408239700372997,0.0018726591760299,0.0004681647940074,0.0334737827715354,0.0205992509363295,0.0128745318352059,0.0266853932584269,0.0182584269662921,0.0084269662921348,0.0,0.0,0.0,0.0,0.0,0.0,0.0234082397003744,0.0105337078651685,0.0128745318352059,0.0079588014981272,0.0070224719101123,0.0009363295880149,0.0002340823970037,0.0002340823970037,0.0,0.0388576779026217,0.0191947565543071,0.0196629213483146,0.0325374531835205,0.0117041198501872,0.0208333333333333,0.0002340823970037,0.0002340823970037,0.0,0.0030430711610486,0.0018726591760299,0.0011704119850187,0.0002340823970037,0.0002340823970037,0.0,0.0086610486891384,0.0060861423220973,0.0025749063670411,0.0014044943820223,0.0004681647940074,0.0009363295880149,0.0016385767790261,0.0007022471910112,0.0009363295880149,0.011235955056179699,0.0044475655430711,0.0067883895131086,0.0147471910112358,0.0044475655430711,0.0102996254681647,1381
2016-01-01,2016,1,2756,654,2102,4,4,0,163,27,136,3,2,1,88,42,46,107,65,42,1,1,0,2,1,1,75,30,45,30,29,1,5,5,0,182,91,91,109,43,66,1,0,1,4,3,1,14,6,8,33,27,6,3,0,3,4,3,1,36,15,21,72,23,49,0.7569349079923098,0.1796209832463609,0.5773139247459489,0.0010985992859104,0.0010985992859104,0.0,0.0447679209008513,0.0074155451798956,0.0373523757209557,0.0008239494644328,0.0005492996429552,0.0002746498214776,0.0241691842900301,0.0115352925020598,0.0126338917879703,0.0293875308981048,0.017852238396045,0.0115352925020598,0.0002746498214776,0.0002746498214776,0.0,0.0005492996429552,0.0002746498214776,0.0002746498214776,0.0205987366108211,0.0082394946443284,0.0123592419664927,0.0082394946443284,0.0079648448228508,0.0002746498214776,0.001373249107388,0.001373249107388,0.0,0.049986267508926,0.024993133754463,0.024993133754463,0.02993683054106,0.0118099423235374,0.0181268882175226,0.0002746498214776,0.0,0.0002746498214776,0.0010985992859104,0.0008239494644328,0.0002746498214776,0.0038450975006865,0.0016478989288656,0.0021971985718209,0.0090634441087612,0.0074155451798956,0.0016478989288656,0.0008239494644328,0.0,0.0008239494644328,0.0010985992859104,0.0008239494644328,0.0002746498214776,0.009887393573194101,0.0041197473221642,0.0057676462510299,0.019774787146388202,0.0063169458939851,0.0134578412524031,1047
2016-02-01,2016,2,3010,657,2353,9,7,2,164,37,127,1,0,1,124,68,56,104,64,40,3,1,2,1,1,0,93,39,54,52,50,2,2,2,0,132,70,62,130,58,72,2,2,0,5,4,1,10,8,2,40,37,3,12,2,10,6,4,2,58,15,43,82,28,54,0.7526881720430108,0.164291072768192,0.5883970992748188,0.0022505626406601,0.0017504376094023,0.0005001250312578,0.0410102525631407,0.0092523130782695,0.0317579394848712,0.0002500625156289,0.0,0.0002500625156289,0.0310077519379844,0.0170042510627656,0.0140035008752188,0.0260065016254062,0.01600400100025,0.0100025006251562,0.0007501875468867,0.0002500625156289,0.0005001250312578,0.0002500625156289,0.0002500625156289,0.0,0.0232558139534882,0.0097524381095273,0.0135033758439609,0.0130032508127031,0.0125031257814453,0.0005001250312578,0.0005001250312578,0.0005001250312578,0.0,0.0330082520630157,0.0175043760940235,0.0155038759689922,0.0325081270317579,0.0145036259064766,0.0180045011252813,0.0005001250312578,0.0005001250312578,0.0,0.0012503125781444999,0.0010002500625156,0.0002500625156289,0.0025006251562889998,0.0020005001250312,0.0005001250312578,0.0100025006251562,0.0092523130782695,0.0007501875468867,0.0030007501875468,0.0005001250312578,0.002500625156289,0.0015003750937734,0.0010002500625156,0.0005001250312578,0.0145036259064766,0.0037509377344336,0.010752688172043,0.0205051262815703,0.0070017504376094,0.0135033758439609,1128
2016-03-01,2016,3,3235,778,2457,15,13,2,172,35,137,2,1,1,177,115,62,91,59,32,6,5,1,0,0,0,78,22,56,69,64,5,3,3,0,173,81,92,114,47,67,2,1,1,25,20,5,30,24,6,31,25,6,1,0,1,8,2,6,58,11,47,88,21,67,0.743507239715008,0.178809469087566,0.564697770627442,0.0034474833371637,0.0029878188922086,0.0004596644449551,0.039531142266145604,0.0080441277867156,0.03148701447943,0.000459664444955,0.0002298322224775,0.0002298322224775,0.0406803033785336,0.026430705584923,0.0142495977936106,0.0209147322454607,0.0135601011261778,0.0073546311192829,0.0013789933348654002,0.0011491611123879,0.0002298322224775,0.0,0.0,0.0,0.0179269133532521,0.005056308894507,0.0128706044587451,0.0158584233509537,0.0147092622385658,0.0011491611123879,0.0006894966674327,0.0006894966674327,0.0,0.0397609744886233,0.0186164100206849,0.0211445644679384,0.0262008733624453,0.0108021144564467,0.0153987589059986,0.000459664444955,0.0002298322224775,0.0002298322224775,0.0057458055619397,0.0045966444495518,0.0011491611123879,0.0068949666743276005,0.0055159733394621,0.0013789933348655,0.0071247988968052,0.0057458055619397,0.0013789933348655,0.0002298322224775,0.0,0.0002298322224775,0.0018386577798205999,0.0004596644449551,0.0013789933348655,0.0133302689037002,0.0025281544472535,0.0108021144564467,0.020225235578027998,0.0048264766720294,0.0153987589059986,1312
2016-04-01,2016,4,3178,860,2318,20,16,4,116,20,96,0,0,0,156,97,59,95,63,32,2,2,0,1,0,1,106,56,50,108,103,5,8,8,0,140,71,69,105,49,56,1,1,0,10,7,3,15,11,4,66,60,6,10,6,4,9,7,2,38,7,31,92,21,71,0.7504132231404957,0.2030696576151121,0.5473435655253837,0.0047225501770956,0.0037780401416765,0.0009445100354191,0.027390791027154603,0.0047225501770956,0.022668240850059,0.0,0.0,0.0,0.0368358913813459,0.0229043683589138,0.0139315230224321,0.0224321133412042,0.0148760330578512,0.007556080283353,0.0004722550177095,0.0004722550177095,0.0,0.0002361275088547,0.0,0.0002361275088547,0.0250295159386067,0.0132231404958677,0.011806375442739,0.025501770956316398,0.0243211334120425,0.0011806375442739,0.0018890200708382,0.0018890200708382,0.0,0.0330578512396693,0.0167650531286894,0.0162927981109799,0.0247933884297519,0.0115702479338842,0.0132231404958677,0.0002361275088547,0.0002361275088547,0.0,0.0023612750885477,0.0016528925619834,0.0007083825265643,0.0035419126328215997,0.0025974025974025,0.0009445100354191,0.015584415584415399,0.0141676505312868,0.0014167650531286,0.0023612750885477,0.0014167650531286,0.0009445100354191,0.0021251475796929,0.0016528925619834,0.0004722550177095,0.0089728453364816,0.0016528925619834,0.0073199527744982,0.0217237308146398,0.0049586776859504,0.0167650531286894,1445
2016-05-01,2016,5,2485,546,1939,16,14,2,138,31,107,5,2,3,115,75,40,77,46,31,2,2,0,1,1,0,77,31,46,34,30,4,3,3,0,130,58,72,128,67,61,1,0,1,8,6,2,20,15,5,26,21,5,6,4,2,8,6,2,39,12,27,86,17,69,0.7380457380457379,0.1621621621621621,0.5758835758835759,0.0047520047520046,0.0041580041580041,0.0005940005940005,0.0409860409860409,0.0092070092070092,0.0317790317790317,0.0014850014850013,0.0005940005940005,0.0008910008910008,0.034155034155034,0.0222750222750222,0.0118800118800118,0.0228690228690228,0.0136620136620136,0.0092070092070092,0.0005940005940005,0.0005940005940005,0.0,0.0002970002970002,0.0002970002970002,0.0,0.0228690228690228,0.0092070092070092,0.0136620136620136,0.01009801009801,0.0089100089100089,0.0011880011880011,0.0008910008910008,0.0008910008910008,0.0,0.038610038610038505,0.0172260172260172,0.0213840213840213,0.038016038016038,0.0198990198990199,0.0181170181170181,0.0002970002970002,0.0,0.0002970002970002,0.0023760023760022,0.0017820017820017,0.0005940005940005,0.0059400059400058,0.0044550044550044,0.0014850014850014,0.0077220077220076,0.0062370062370062,0.0014850014850014,0.0017820017820016,0.0011880011880011,0.0005940005940005,0.0023760023760022,0.0017820017820017,0.0005940005940005,0.0115830115830115,0.0035640035640035,0.008019008019008,0.0255420255420254,0.005049005049005,0.0204930204930204,970
2016-06-01,2016,6,2910,800,2110,8,8,0,108,33,75,8,5,3,129,88,41,82,63,19,2,2,0,0,0,0,188,45,143,60,51,9,4,4,0,159,76,83,205,108,97,5,3,2,14,11,3,17,12,5,46,33,13,9,3,6,10,4,6,33,14,19,89,32,57,0.7178095707942772,0.1973359644795264,0.5204736063147508,0.0019733596447952,0.0019733596447952,0.0,0.026640355204736,0.0081401085347804,0.0185002466699556,0.0019733596447952,0.001233349777997,0.0007400098667982,0.0318204242723236,0.0217069560927479,0.0101134681795757,0.0202269363591514,0.0155402072027627,0.0046867291563887,0.0004933399111988,0.0004933399111988,0.0,0.0,0.0,0.0,0.0463739516526886,0.0111001480019733,0.0352738036507153,0.0148001973359644,0.0125801677355698,0.0022200296003946,0.0009866798223976,0.0009866798223976,0.0,0.0392205229403058,0.018746916625555,0.0204736063147508,0.050567340897878496,0.026640355204736,0.0239269856931425,0.001233349777997,0.0007400098667982,0.0004933399111988,0.0034533793783915996,0.0027133695115934,0.0007400098667982,0.0041933892451897995,0.0029600394671928,0.001233349777997,0.0113468179575727,0.0081401085347804,0.0032067094227923,0.0022200296003946,0.0007400098667982,0.0014800197335964,0.002466699555994,0.0009866798223976,0.0014800197335964,0.0081401085347804,0.0034533793783917,0.0046867291563887,0.021953626048347198,0.007893438579181,0.0140601874691662,1375
2016-07-01,2016,7,2449,534,1915,7,3,4,80,23,57,4,3,1,95,57,38,35,25,10,5,5,0,0,0,0,128,35,93,18,16,2,0,0,0,95,54,41,86,41,45,3,1,2,9,6,3,12,9,3,44,35,9,3,0,3,6,3,3,48,15,33,80,26,54,0.766270337922403,0.1670838548185231,0.5991864831038799,0.0021902377972464002,0.000938673341677,0.0012515644555694,0.0250312891113892,0.0071964956195244,0.0178347934918648,0.0012515644555692999,0.000938673341677,0.0003128911138923,0.029724655819774598,0.0178347934918648,0.0118898623279098,0.0109511889862327,0.0078222778473091,0.0031289111389236,0.0015644555694618,0.0015644555694618,0.0,0.0,0.0,0.0,0.0400500625782226,0.0109511889862327,0.0290988735919899,0.0056320400500625,0.0050062578222778,0.0006257822277847,0.0,0.0,0.0,0.029724655819774598,0.0168961201501877,0.0128285356695869,0.0269086357947433,0.0128285356695869,0.0140801001251564,0.000938673341677,0.0003128911138923,0.0006257822277847,0.0028160200250311003,0.0018773466833541,0.000938673341677,0.0037546933667082,0.0028160200250312,0.000938673341677,0.0137672090112639,0.0109511889862327,0.0028160200250312,0.000938673341677,0.0,0.000938673341677,0.001877346683354,0.000938673341677,0.000938673341677,0.0150187734668334,0.0046933667083854,0.010325406758448,0.0250312891113892,0.0081351689612015,0.0168961201501877,886
2016-08-01,2016,8,2519,541,1978,7,5,2,101,37,64,7,2,5,64,41,23,33,17,16,4,4,0,0,0,0,128,53,75,17,15,2,2,2,0,89,44,45,175,116,59,4,3,1,12,7,5,9,4,5,32,26,6,6,1,5,4,3,1,48,20,28,91,38,53,0.7544174902665468,0.1620245582509733,0.5923929320155735,0.0020964360587002,0.001497454327643,0.0005989817310572,0.0302485774183886,0.0110811620245582,0.0191674153938304,0.0020964360587002,0.0005989817310572,0.001497454327643,0.0191674153938304,0.0122791254866726,0.0068882899071578,0.0098831985624438,0.0050913447139862,0.0047918538484576,0.0011979634621144,0.0011979634621144,0.0,0.0,0.0,0.0,0.038334830787660895,0.0158730158730158,0.0224618149146451,0.0050913447139862,0.004492362982929,0.0005989817310572,0.0005989817310572,0.0005989817310572,0.0,0.0266546870320454,0.0131775980832584,0.013477088948787,0.0524109014675051,0.0347409404013177,0.0176699610661874,0.0011979634621144,0.0008984725965858,0.0002994908655286,0.0035938903863432002,0.0020964360587002,0.001497454327643,0.0026954177897574,0.0011979634621144,0.001497454327643,0.0095837076969152,0.0077867625037436,0.0017969451931716,0.0017969451931716001,0.0002994908655286,0.001497454327643,0.0011979634621144,0.0008984725965858,0.0002994908655286,0.014375561545372801,0.005989817310572,0.0083857442348008,0.027253668763102597,0.0113806528900868,0.0158730158730158,976
2016-09-01,2016,9,2781,769,2012,14,11,3,70,14,56,4,3,1,100,75,25,42,28,14,2,2,0,0,0,0,62,27,35,33,28,5,7,7,0,110,66,44,185,144,41,0,0,0,11,9,2,5,2,3,27,20,7,1,1,0,7,3,4,37,6,31,86,39,47,0.7796467619848612,0.2155873282870759,0.5640594336977852,0.0039248668348751,0.0030838239416876,0.0008410428931875,0.0196243341743761,0.0039248668348752,0.0156994673395009,0.00112139052425,0.0008410428931875,0.0002803476310625,0.0280347631062517,0.0210260723296888,0.0070086907765629,0.011774600504625601,0.0078497336697504,0.0039248668348752,0.000560695262125,0.000560695262125,0.0,0.0,0.0,0.0,0.017381553125876,0.0075693860386879,0.0098121670871881,0.0092514718250629,0.0078497336697504,0.0014017381553125,0.0019624334174376,0.0019624334174376,0.0,0.0308382394168768,0.0185029436501261,0.0123352957667507,0.051864311746565694,0.0403700588730025,0.0114942528735632,0.0,0.0,0.0,0.0030838239416876,0.0025231286795626,0.000560695262125,0.0014017381553125,0.000560695262125,0.0008410428931875,0.007569386038687899,0.0056069526212503,0.0019624334174376,0.0002803476310625,0.0002803476310625,0.0,0.0019624334174375,0.0008410428931875,0.00112139052425,0.010372862349313101,0.0016820857863751,0.008690776562938,0.0241098962713764,0.0109335576114381,0.0131763386599383,1245
2016-10-01,2016,10,2856,771,2085,8,8,0,74,19,55,12,7,5,154,116,38,54,34,20,0,0,0,2,1,1,56,16,40,75,71,4,9,9,0,177,72,105,192,131,61,2,0,2,10,5,5,7,6,1,68,46,22,0,0,0,7,5,2,32,4,28,55,16,39,0.7458866544789762,0.2013580569339253,0.5445285975450509,0.002089318359885,0.002089318359885,0.0,0.0193261948289369,0.004962131104727,0.0143640637242099,0.0031339775398275,0.0018281535648994,0.0013058239749281,0.0402193784277878,0.0302951162183337,0.0099242622094541,0.0141028989292243,0.0088796030295116,0.0052232958997127,0.0,0.0,0.0,0.0005223295899712,0.0002611647949856,0.0002611647949856,0.0146252285191955,0.0041786367197701,0.0104465917994254,0.0195873596239226,0.0185427004439801,0.0010446591799425,0.0023504831548707,0.0023504831548707,0.0,0.0462261687124574,0.0188038652389657,0.0274223034734917,0.050143640637242,0.0342125881431183,0.0159310524941237,0.0005223295899712,0.0,0.0005223295899712,0.0026116479498562,0.0013058239749281,0.0013058239749281,0.0018281535648994002,0.0015669887699138,0.0002611647949856,0.0177592060590231,0.0120135805693392,0.0057456254896839,0.0,0.0,0.0,0.0018281535648993,0.0013058239749281,0.0005223295899712,0.0083572734395403,0.0010446591799425,0.0073126142595978,0.0143640637242099,0.0041786367197701,0.0101854270044398,1325
2016-11-01,2016,11,2980,744,2236,16,9,7,87,24,63,5,4,1,136,90,46,75,50,25,4,4,0,0,0,0,131,27,104,96,90,6,17,17,0,169,73,96,136,82,54,3,1,2,6,4,2,5,1,4,50,41,9,2,1,1,9,4,5,41,5,36,80,16,64,0.7409249129786176,0.1849825957235206,0.555942317255097,0.0039781203381401,0.0022376926902038,0.0017404276479363,0.0216310293386374,0.0059671805072103,0.0156638488314271,0.0012431626056687,0.000994530084535,0.0002486325211337,0.0338140228741918,0.0223769269020387,0.0114370959721531,0.018647439085032302,0.0124316260566882,0.0062158130283441,0.000994530084535,0.000994530084535,0.0,0.0,0.0,0.0,0.032570860268522996,0.0067130780706116,0.0258577821979114,0.0238687220288412,0.0223769269020387,0.0014917951268025,0.0042267528592739,0.0042267528592739,0.0,0.042018896071606,0.0181501740427647,0.0238687220288413,0.0338140228741918,0.0203878667329686,0.0134261561412232,0.0007458975634012,0.0002486325211337,0.0004972650422675,0.0014917951268025001,0.000994530084535,0.0004972650422675,0.0012431626056687,0.0002486325211337,0.000994530084535,0.0124316260566881,0.0101939333664843,0.0022376926902038,0.0004972650422674,0.0002486325211337,0.0002486325211337,0.0022376926902038,0.000994530084535,0.0012431626056688,0.0101939333664843,0.0012431626056688,0.0089507707608155,0.0198906016907011,0.0039781203381402,0.0159124813525609,1270
2016-12-01,2016,12,3249,778,2471,13,12,1,70,15,55,2,2,0,113,67,46,68,47,21,5,5,0,0,0,0,118,35,83,208,191,17,51,51,0,123,51,72,167,104,63,29,5,24,8,8,0,3,3,0,35,29,6,4,1,3,8,7,1,53,15,38,69,20,49,0.7417808219178083,0.1776255707762557,0.5641552511415525,0.0029680365296803,0.0027397260273972,0.0002283105022831,0.015981735159817198,0.0034246575342465,0.0125570776255707,0.0004566210045662,0.0004566210045662,0.0,0.0257990867579908,0.015296803652968,0.0105022831050228,0.0155251141552511,0.0107305936073059,0.0047945205479452,0.0011415525114155,0.0011415525114155,0.0,0.0,0.0,0.0,0.026940639269406298,0.0079908675799086,0.0189497716894977,0.0474885844748857,0.043607305936073,0.0038812785388127,0.0116438356164383,0.0116438356164383,0.0,0.028082191780821802,0.0116438356164383,0.0164383561643835,0.0381278538812785,0.0237442922374429,0.0143835616438356,0.00662100456621,0.0011415525114155,0.0054794520547945,0.0018264840182648,0.0018264840182648,0.0,0.0006849315068493,0.0006849315068493,0.0,0.007990867579908599,0.00662100456621,0.0013698630136986,0.0009132420091324,0.0002283105022831,0.0006849315068493,0.0018264840182648,0.0015981735159817,0.0002283105022831,0.0121004566210044,0.0034246575342465,0.0086757990867579,0.015753424657534203,0.0045662100456621,0.0111872146118721,1437
2017-01-01,2017,1,2974,590,2384,16,10,6,75,14,61,8,8,0,90,59,31,39,30,9,0,0,0,0,0,0,279,68,211,61,57,4,15,15,0,128,58,70,93,36,57,3,2,1,5,2,3,19,11,8,19,11,8,5,1,4,7,3,4,48,6,42,106,35,71,0.747423975873335,0.1482784619251068,0.5991455139482282,0.0040211108318672,0.002513194269917,0.0015079165619502,0.018848957024377798,0.0035184719778838,0.015330485046494,0.0020105554159336,0.0020105554159336,0.0,0.022618748429253502,0.0148278461925106,0.0077909022367429,0.0098014576526764,0.0075395828097511,0.0022618748429253,0.0,0.0,0.0,0.0,0.0,0.0,0.070118120130686,0.017089721035436,0.05302839909525,0.015330485046494001,0.0143252073385272,0.0010052777079668,0.0037697914048755,0.0037697914048755,0.0,0.0321688866549383,0.0145765267655189,0.0175923598894194,0.023372706710228598,0.0090474993717014,0.0143252073385272,0.0007539582809751,0.0005026388539834,0.0002513194269917,0.0012565971349585,0.0005026388539834,0.0007539582809751,0.0047750691128423,0.0027645136969087,0.0020105554159336,0.0047750691128423,0.0027645136969087,0.0020105554159336,0.0012565971349585,0.0002513194269917,0.0010052777079668,0.0017592359889418998,0.0007539582809751,0.0010052777079668,0.0120633324956018,0.0015079165619502,0.0105554159336516,0.0266398592611208,0.0087961799447097,0.0178436793164111,1009
2017-02-01,2017,2,3296,810,2486,8,6,2,145,54,91,10,6,4,113,74,39,96,72,24,1,1,0,0,0,0,93,29,64,76,75,1,2,2,0,155,73,82,81,33,48,3,1,2,10,5,5,28,22,6,58,50,8,7,1,6,3,2,1,32,6,26,65,17,48,0.7790120538879697,0.1914441030489246,0.5875679508390451,0.0018908059560386,0.001418104467029,0.0004727014890096,0.0342708579532025,0.0127629402032616,0.0215079177499409,0.0023635074450483002,0.001418104467029,0.0009454029780193,0.0267076341290474,0.0174899550933585,0.0092176790356889,0.022689671472465,0.0170172536043488,0.0056724178681162,0.0002363507445048,0.0002363507445048,0.0,0.0,0.0,0.0,0.0219806192389505,0.0068541715906405,0.01512644764831,0.017962656582368102,0.0177263058378633,0.0002363507445048,0.0004727014890096,0.0004727014890096,0.0,0.0366343653982509,0.0172536043488536,0.0193807610493973,0.0191444103048923,0.0077995745686598,0.0113448357362325,0.0007090522335144,0.0002363507445048,0.0004727014890096,0.0023635074450484,0.0011817537225242,0.0011817537225242,0.0066178208461355,0.0051997163791065,0.001418104467029,0.0137083431812809,0.0118175372252422,0.0018908059560387,0.0016544552115338,0.0002363507445048,0.001418104467029,0.0007090522335144,0.0004727014890096,0.0002363507445048,0.0075632238241549,0.001418104467029,0.0061451193571259,0.015362798392814798,0.0040179626565823,0.0113448357362325,1302
2017-03-01,2017,3,3643,1027,2616,19,16,3,173,80,93,9,7,2,104,74,30,82,60,22,6,6,0,6,4,2,104,44,60,63,60,3,0,0,0,231,129,102,88,36,52,5,1,4,11,5,6,58,49,9,54,44,10,8,1,7,16,8,8,51,14,37,63,14,49,0.7674320623551718,0.2163471666315568,0.551084895723615,0.0040025279123656,0.0033705498209395,0.0006319780914261,0.036444069938908696,0.0168527491046977,0.019591320834211,0.0018959342742784,0.001474615546661,0.0004213187276174,0.0219085738361069,0.0155887929218453,0.0063197809142616,0.017274067832315,0.0126395618285232,0.0046345060037918,0.0012639561828523,0.0012639561828523,0.0,0.0012639561828522,0.0008426374552348,0.0004213187276174,0.0219085738361069,0.0092690120075837,0.0126395618285232,0.0132715399199493,0.0126395618285232,0.0006319780914261,0.0,0.0,0.0,0.0486623130398145,0.027175057931325,0.0214872551084895,0.018538024015167402,0.0075837370971139,0.0109542869180535,0.0010532968190435,0.0002106593638087,0.0008426374552348,0.0023172530018959,0.0010532968190436,0.0012639561828523,0.0122182431009057,0.0103223088266273,0.0018959342742784,0.011375605645670899,0.0092690120075837,0.0021065936380872,0.0016852749104697,0.0002106593638087,0.001474615546661,0.0033705498209394,0.0016852749104697,0.0016852749104697,0.0107436275542446,0.002949231093322,0.0077943964609226,0.0132715399199493,0.002949231093322,0.0103223088266273,1647
2017-04-01,2017,4,3494,853,2641,18,10,8,111,41,70,9,3,6,129,90,39,65,47,18,1,1,0,3,1,2,151,52,99,54,48,6,9,9,0,179,89,90,86,39,47,4,3,1,13,7,6,24,18,6,28,19,9,10,2,8,9,5,4,58,21,37,131,60,71,0.7685877694676638,0.1876374835019797,0.5809502859656841,0.003959524857017,0.0021997360316761,0.0017597888253409,0.0244170699516057,0.0090189177298724,0.0153981522217333,0.0019797624285085,0.0006599208095028,0.0013198416190057,0.028376594808622802,0.0197976242850857,0.0085789705235371,0.0142982842058952,0.0103387593488781,0.0039595248570171,0.0002199736031676,0.0002199736031676,0.0,0.0006599208095028,0.0002199736031676,0.0004399472063352,0.0332160140783105,0.0114386273647162,0.0217773867135943,0.0118785745710514,0.0105587329520457,0.0013198416190057,0.0019797624285085,0.0019797624285085,0.0,0.0393752749670038,0.0195776506819181,0.0197976242850857,0.0189177298724152,0.0085789705235371,0.0103387593488781,0.0008798944126704,0.0006599208095028,0.0002199736031676,0.002859656841179,0.0015398152221733,0.0013198416190057,0.0052793664760228,0.0039595248570171,0.0013198416190057,0.0061592608886931995,0.0041794984601847,0.0019797624285085,0.0021997360316761,0.0004399472063352,0.0017597888253409,0.0019797624285084,0.001099868015838,0.0008798944126704,0.012758468983721901,0.00461944566652,0.0081390233172019,0.028816542014958098,0.0131984161900571,0.015618125824901,1392
2017-05-01,2017,5,3341,788,2553,17,11,6,113,18,95,8,8,0,115,67,48,66,41,25,2,2,0,4,4,0,194,90,104,111,104,7,18,17,1,193,89,104,108,65,43,6,1,5,13,7,6,21,13,8,18,11,7,13,0,13,12,5,7,58,5,53,90,17,73,0.7445954981056385,0.1756184533095609,0.5689770447960776,0.0037887229774904,0.0024515266324938,0.0013371963449966,0.0251838644974369,0.0040115890349899,0.021172275462447,0.0017829284599955,0.0017829284599955,0.0,0.0256295966124358,0.0149320258524626,0.0106975707599732,0.014709159794963102,0.0091375083574771,0.005571651437486,0.0004457321149988,0.0004457321149988,0.0,0.0008914642299977,0.0008914642299977,0.0,0.043236015154891796,0.0200579451749498,0.023178069979942,0.0247381323824381,0.023178069979942,0.0015600624024961,0.0040115890349899,0.0037887229774905,0.0002228660574994,0.0430131490973924,0.0198350791174504,0.023178069979942,0.0240695342099397,0.0144862937374637,0.009583240472476,0.0013371963449966,0.0002228660574994,0.0011143302874972,0.0028972587474927,0.0015600624024961,0.0013371963449966,0.0046801872074882,0.0028972587474927,0.0017829284599955,0.004011589034989899,0.0024515266324938,0.0015600624024961,0.0028972587474927,0.0,0.0028972587474927,0.0026743926899932997,0.0011143302874972,0.0015600624024961,0.0129262313349676,0.0011143302874972,0.0118119010474704,0.0200579451749498,0.0037887229774905,0.0162692221974593,1340
2017-06-01,2017,6,3461,824,2637,12,7,5,116,40,76,14,10,4,121,74,47,90,55,35,0,0,0,3,1,2,116,20,96,112,112,0,4,4,0,324,158,166,136,55,81,1,1,0,22,19,3,14,10,4,40,28,12,12,2,10,15,5,10,51,15,36,85,18,67,0.734975578679125,0.1749840730516033,0.5599915056275218,0.0025483117434699004,0.0014865151836908,0.0010617965597791,0.024633680186876103,0.0084943724782331,0.016139307708643,0.0029730303673815,0.0021235931195582,0.0008494372478233,0.025695476746655198,0.0157145890847313,0.0099808876619239,0.0191123380760246,0.0116797621575706,0.007432575918454,0.0,0.0,0.0,0.0006370779358674,0.0002123593119558,0.0004247186239116,0.0246336801868761,0.0042471862391165,0.0203864939477596,0.0237842429390528,0.0237842429390528,0.0,0.0008494372478233,0.0008494372478233,0.0,0.06880441707368859,0.033552771289021,0.0352516457846676,0.028880866425992698,0.0116797621575706,0.0172011042684221,0.0002123593119558,0.0002123593119558,0.0,0.0046719048630281,0.0040348269271607,0.0006370779358674,0.0029730303673815,0.0021235931195582,0.0008494372478233,0.0084943724782331,0.0059460607347632,0.0025483117434699,0.0025483117434698,0.0004247186239116,0.0021235931195582,0.0031853896793373002,0.0010617965597791,0.0021235931195582,0.0108303249097472,0.0031853896793374,0.0076449352304098,0.0180505415162454,0.0038224676152049,0.0142280739010405,1432
2017-07-01,2017,7,2876,586,2290,11,9,2,80,28,52,10,9,1,113,69,44,78,48,30,0,0,0,0,0,0,118,26,92,136,129,7,6,6,0,306,128,178,44,15,29,0,0,0,3,1,2,20,18,2,23,20,3,6,1,5,10,5,5,34,9,25,72,12,60,0.7338606787445777,0.1495279408012248,0.5843327379433529,0.0028068384792038,0.0022965042102577,0.0005103342689461,0.0204133707578463,0.0071446797652462,0.0132686909926001,0.0025516713447307003,0.0022965042102577,0.000255167134473,0.028833886195458,0.0176065322786425,0.0112273539168155,0.0199030364889001,0.0122480224547078,0.0076550140341923,0.0,0.0,0.0,0.0,0.0,0.0,0.030109721867823302,0.0066343454963,0.0234753763715233,0.0347027302883388,0.0329165603470273,0.0017861699413115,0.0015310028068384,0.0015310028068384,0.0,0.0780811431487624,0.0326613932125542,0.0454197499362082,0.0112273539168154,0.0038275070170961,0.0073998468997193,0.0,0.0,0.0,0.0007655014034191,0.000255167134473,0.0005103342689461,0.0051033426894615,0.0045930084205154,0.0005103342689461,0.0058688440928807,0.0051033426894615,0.0007655014034192,0.0015310028068383,0.000255167134473,0.0012758356723653,0.0025516713447306,0.0012758356723653,0.0012758356723653,0.0086756825720846,0.0022965042102577,0.0063791783618269,0.0183720336820616,0.0030620056136769,0.0153100280683847,1101
2017-08-01,2017,8,2942,710,2232,7,3,4,88,32,56,13,9,4,82,57,25,64,41,23,2,1,1,1,0,1,75,14,61,114,110,4,14,14,0,255,98,157,42,19,23,2,2,0,6,6,0,11,6,5,55,47,8,9,4,5,7,5,2,74,12,62,61,14,47,0.7561038293497815,0.1824723721408378,0.5736314572089437,0.001799023387304,0.0007710100231303,0.0010280133641737,0.022616294011822,0.0082241069133898,0.0143921870984322,0.0033410434335646,0.0023130300693909,0.0010280133641737,0.0210742739655615,0.0146491904394757,0.0064250835260858,0.0164482138267796,0.0105371369827807,0.0059110768439989,0.0005140066820868,0.0002570033410434,0.0002570033410434,0.0002570033410434,0.0,0.0002570033410434,0.0192752505782574,0.003598046774608,0.0156772038036494,0.0292983808789513,0.0282703675147776,0.0010280133641737,0.003598046774608,0.003598046774608,0.0,0.0655358519660754,0.0251863274222564,0.040349524543819,0.0107941403238241,0.0048830634798252,0.0059110768439989,0.0005140066820868,0.0005140066820868,0.0,0.0015420200462606,0.0015420200462606,0.0,0.0028270367514777,0.0015420200462606,0.0012850167052171,0.014135183757388701,0.0120791570290413,0.0020560267283474,0.0023130300693908,0.0010280133641737,0.0012850167052171,0.0017990233873039,0.0012850167052171,0.0005140066820868,0.019018247237214,0.0030840400925212,0.0159342071446928,0.0156772038036493,0.003598046774608,0.0120791570290413,1185
2017-09-01,2017,9,3131,755,2376,16,13,3,96,29,67,7,4,3,136,92,44,69,42,27,4,4,0,4,2,2,50,7,43,127,122,5,26,26,0,289,122,167,49,20,29,4,4,0,8,4,4,19,11,8,17,13,4,5,2,3,14,11,3,56,7,49,83,10,73,0.7483269598470362,0.1804493307839388,0.5678776290630975,0.0038240917782026,0.0031070745697896,0.000717017208413,0.022944550669216,0.0069311663479923,0.0160133843212237,0.0016730401529635999,0.0009560229445506,0.000717017208413,0.0325047801147226,0.0219885277246653,0.0105162523900573,0.016491395793499,0.010038240917782,0.006453154875717,0.0009560229445506,0.0009560229445506,0.0,0.0009560229445506,0.0004780114722753,0.0004780114722753,0.0119502868068832,0.0016730401529636,0.0102772466539196,0.0303537284894837,0.0291586998087954,0.0011950286806883,0.0062141491395793,0.0062141491395793,0.0,0.06907265774378579,0.0291586998087954,0.0399139579349904,0.0117112810707456,0.0047801147227533,0.0069311663479923,0.0009560229445506,0.0009560229445506,0.0,0.0019120458891012,0.0009560229445506,0.0009560229445506,0.0045411089866156,0.0026290630975143,0.0019120458891013,0.0040630975143402005,0.0031070745697896,0.0009560229445506,0.0011950286806882999,0.0004780114722753,0.000717017208413,0.0033460803059273,0.0026290630975143,0.000717017208413,0.013384321223709202,0.0016730401529636,0.0117112810707456,0.0198374760994263,0.0023900573613766,0.0174474187380497,1284
2017-10-01,2017,10,3609,1104,2505,14,14,0,132,58,74,5,5,0,103,70,33,81,59,22,9,9,0,3,3,0,87,8,79,330,313,17,56,56,0,204,90,114,66,23,43,1,1,0,16,13,3,17,14,3,56,47,9,10,2,8,22,17,5,54,19,35,91,23,68,0.7329406986190089,0.2242079610073111,0.5087327376116978,0.0028432168968318,0.0028432168968318,0.0,0.0268074735987002,0.0117790414297319,0.0150284321689683,0.0010154346060113,0.0010154346060113,0.0,0.0209179528838342,0.0142160844841592,0.006701868399675,0.0164500406173842,0.0119821283509342,0.00446791226645,0.0018277822908204,0.0018277822908204,0.0,0.0006092607636068,0.0006092607636068,0.0,0.0176685621445977,0.0016246953696181,0.0160438667749796,0.0670186839967505,0.0635662063363119,0.0034524776604386,0.0113728675873273,0.0113728675873273,0.0,0.041429731925264,0.0182778229082047,0.0231519090170593,0.0134037367993501,0.0046709991876523,0.0087327376116978,0.0002030869212022,0.0002030869212022,0.0,0.0032493907392363,0.0026401299756295,0.0006092607636068,0.0034524776604386003,0.0028432168968318,0.0006092607636068,0.0113728675873273,0.0095450852965069,0.0018277822908204,0.0020308692120226002,0.0004061738424045,0.0016246953696181,0.0044679122664499,0.0034524776604386,0.0010154346060113,0.0109666937449228,0.0038586515028432,0.0071080422420796,0.0184809098294069,0.0046709991876523,0.0138099106417546,1918
2017-11-01,2017,11,3117,868,2249,17,16,1,75,34,41,2,2,0,74,50,24,67,54,13,1,1,0,0,0,0,53,11,42,31,28,3,2,2,0,134,69,65,103,23,80,0,0,0,8,5,3,14,11,3,70,54,16,13,2,11,7,3,4,51,8,43,77,17,60,0.8021101389603706,0.2233659289758106,0.57874420998456,0.0043746783324753995,0.0041173443129181,0.0002573340195573,0.0193000514668039,0.0087493566649511,0.0105506948018528,0.0005146680391147,0.0005146680391147,0.0,0.0190427174472464,0.0128667009778692,0.0061760164693772,0.0172413793103448,0.0138960370560988,0.003345342254246,0.0002573340195573,0.0002573340195573,0.0,0.0,0.0,0.0,0.0136387030365413,0.0028306742151312,0.0108080288214101,0.0079773546062788,0.0072053525476067,0.0007720020586721,0.0005146680391147,0.0005146680391147,0.0,0.0344827586206895,0.0177560473494595,0.01672671127123,0.0265054040144106,0.0059186824498198,0.0205867215645908,0.0,0.0,0.0,0.002058672156459,0.0012866700977869,0.0007720020586721,0.0036026762738033,0.0028306742151312,0.0007720020586721,0.0180133813690169,0.0138960370560988,0.0041173443129181,0.0033453422542459,0.0005146680391147,0.0028306742151312,0.0018013381369015998,0.0007720020586721,0.0010293360782295,0.013124034997426499,0.002058672156459,0.0110653628409675,0.0198147195059186,0.0043746783324755,0.0154400411734431,1233
2017-12-01,2017,12,2655,663,1992,9,8,1,88,21,67,11,9,2,101,74,27,46,35,11,0,0,0,1,0,1,57,7,50,43,43,0,1,1,0,188,70,118,69,28,41,2,1,1,5,3,2,8,5,3,45,40,5,0,0,0,3,0,3,58,10,48,59,10,49,0.77337605592776,0.193125546169531,0.580250509758229,0.0026216137489075,0.0023303233323623,0.0002912904165452,0.025633556655986,0.0061170987474512,0.0195164579085348,0.0032041945819981,0.0026216137489076,0.0005825808330905,0.0294203320710747,0.0215554908243518,0.0078648412467229,0.0133993591610835,0.0101951645790853,0.0032041945819982,0.0,0.0,0.0,0.0002912904165452,0.0,0.0002912904165452,0.0166035537430817,0.002039032915817,0.0145645208272647,0.0125254879114477,0.0125254879114477,0.0,0.0002912904165452,0.0002912904165452,0.0,0.0547625983105154,0.0203903291581706,0.0343722691523448,0.0200990387416253,0.0081561316632682,0.0119429070783571,0.0005825808330904,0.0002912904165452,0.0002912904165452,0.0014564520827263,0.0008738712496358,0.0005825808330905,0.0023303233323622,0.0014564520827264,0.0008738712496358,0.013108068744538199,0.0116516166618118,0.0014564520827264,0.0,0.0,0.0,0.0008738712496358,0.0,0.0008738712496358,0.016894844159626998,0.0029129041654529,0.0139819399941741,0.0171861345761723,0.0029129041654529,0.0142732304107194,1018
2018-01-01,2018,1,2440,437,2003,5,4,1,70,9,61,7,6,1,51,35,16,48,26,22,1,0,1,0,0,0,63,13,50,18,16,2,8,7,1,121,46,75,63,22,41,5,1,4,6,2,4,5,4,1,34,19,15,7,4,3,8,1,7,38,6,32,65,12,53,0.8010505581089954,0.1434668417596848,0.6575837163493106,0.0016414970453052001,0.0013131976362442,0.000328299409061,0.022980958634274302,0.0029546946815495,0.0200262639527248,0.0022980958634273,0.0019697964543663,0.000328299409061,0.0167432698621142,0.0114904793171372,0.005252790544977,0.015758371634931,0.0085357846355876,0.0072225869993434,0.000328299409061,0.0,0.000328299409061,0.0,0.0,0.0,0.0206828627708469,0.0042678923177938,0.0164149704530531,0.0059093893630991,0.005252790544977,0.0006565988181221,0.0026263952724884,0.0022980958634274,0.000328299409061,0.0397242284963886,0.0151017728168089,0.0246224556795797,0.020682862770847,0.0072225869993434,0.0134602757715036,0.0016414970453052001,0.000328299409061,0.0013131976362442,0.0019697964543663,0.0006565988181221,0.0013131976362442,0.0016414970453052001,0.0013131976362442,0.000328299409061,0.0111621799080761,0.0062376887721602,0.0049244911359159,0.0022980958634273,0.0013131976362442,0.0009848982271831,0.0026263952724884,0.000328299409061,0.0022980958634274,0.0124753775443203,0.0019697964543663,0.010505581089954,0.021339461588969,0.0039395929087327,0.0173998686802363,660
2018-02-01,2018,2,2472,573,1899,3,3,0,102,32,70,3,2,1,73,52,21,84,64,20,4,3,1,1,1,0,63,10,53,18,16,2,2,2,0,132,61,71,82,38,44,2,1,1,6,5,1,26,14,12,46,38,8,6,0,6,5,2,3,58,12,46,63,12,51,0.7657992565055762,0.1775092936802974,0.5882899628252788,0.0009293680297397,0.0009293680297397,0.0,0.031598513011152296,0.0099132589838909,0.0216852540272614,0.0009293680297396,0.0006195786864931,0.0003097893432465,0.0226146220570012,0.0161090458488228,0.0065055762081784,0.0260223048327137,0.0198265179677819,0.0061957868649318,0.0012391573729862,0.0009293680297397,0.0003097893432465,0.0003097893432465,0.0003097893432465,0.0,0.019516728624535202,0.0030978934324659,0.0164188351920693,0.0055762081784385,0.0049566294919454,0.0006195786864931,0.0006195786864931,0.0006195786864931,0.0,0.0408921933085501,0.0188971499380421,0.021995043370508,0.0254027261462205,0.0117719950433705,0.01363073110285,0.000619578686493,0.0003097893432465,0.0003097893432465,0.0018587360594794,0.0015489467162329,0.0003097893432465,0.008054522924411299,0.0043370508054522,0.0037174721189591,0.014250309789343201,0.0117719950433705,0.0024783147459727,0.0018587360594795,0.0,0.0018587360594795,0.0015489467162328,0.0006195786864931,0.0009293680297397,0.0179677819083023,0.0037174721189591,0.0142503097893432,0.0195167286245353,0.0037174721189591,0.0157992565055762,925
2018-03-01,2018,3,2544,546,1998,7,5,2,111,33,78,7,3,4,93,64,29,97,59,38,3,2,1,0,0,0,68,11,57,47,45,2,1,0,1,116,54,62,64,26,38,3,2,1,4,3,1,11,6,5,71,59,12,3,2,1,16,4,12,39,4,35,76,7,69,0.7591763652641003,0.1629364368845121,0.5962399283795882,0.0020889286780064998,0.0014920919128618,0.0005968367651447,0.0331244404655325,0.009847806624888,0.0232766338406445,0.0020889286780064,0.000895255147717,0.0011936735302894,0.027752909579229997,0.0190987764846314,0.0086541330945986,0.028946583109519503,0.0176066845717696,0.0113398985377499,0.0008952551477170001,0.0005968367651447,0.0002984183825723,0.0,0.0,0.0,0.0202924500149208,0.003282602208296,0.0170098478066248,0.014025663980901099,0.0134288272157564,0.0005968367651447,0.0002984183825723,0.0,0.0002984183825723,0.034616532378394405,0.0161145926589077,0.0185019397194867,0.0190987764846314,0.0077588779468815,0.0113398985377499,0.0008952551477170001,0.0005968367651447,0.0002984183825723,0.0011936735302893,0.000895255147717,0.0002984183825723,0.0032826022082959,0.0017905102954341,0.0014920919128618,0.0211877051626379,0.0176066845717696,0.0035810205908683,0.0008952551477170001,0.0005968367651447,0.0002984183825723,0.0047746941211577,0.0011936735302894,0.0035810205908683,0.0116383169203222,0.0011936735302894,0.0104446433900328,0.0226797970754997,0.0020889286780065,0.0205908683974932,922
2018-04-01,2018,4,3106,872,2234,10,7,3,137,42,95,1,1,0,99,73,26,103,77,26,8,6,2,0,0,0,88,9,79,47,46,1,2,2,0,113,61,52,46,24,22,3,3,0,6,3,3,40,16,24,145,116,29,2,0,2,8,7,1,47,13,34,86,15,71,0.76596794081381,0.215043156596794,0.5509247842170161,0.002466091245376,0.0017262638717632,0.0007398273736128,0.0337854500616522,0.0103575832305795,0.0234278668310727,0.0002466091245376,0.0002466091245376,0.0,0.024414303329223102,0.0180024660912453,0.0064118372379778,0.025400739827373602,0.0189889025893958,0.0064118372379778,0.0019728729963008,0.0014796547472256,0.0004932182490752,0.0,0.0,0.0,0.0217016029593094,0.0022194821208384,0.019482120838471,0.0115906288532675,0.0113440197287299,0.0002466091245376,0.0004932182490752,0.0004932182490752,0.0,0.0278668310727496,0.015043156596794,0.0128236744759556,0.011344019728729799,0.0059186189889025,0.0054254007398273,0.0007398273736128,0.0007398273736128,0.0,0.0014796547472256,0.0007398273736128,0.0007398273736128,0.009864364981504201,0.0039457459926017,0.0059186189889025,0.035758323057953095,0.0286066584463625,0.0071516646115906,0.0004932182490752,0.0,0.0004932182490752,0.0019728729963008,0.0017262638717632,0.0002466091245376,0.0115906288532675,0.0032059186189889,0.0083847102342786,0.0212083847102342,0.0036991368680641,0.0175092478421701,1363
2018-05-01,2018,5,3053,774,2279,15,14,1,100,25,75,4,2,2,88,66,22,113,80,33,1,0,1,0,0,0,49,9,40,26,24,2,0,0,0,184,89,95,63,40,23,2,1,1,7,2,5,20,9,11,52,40,12,7,0,7,9,7,2,34,3,31,82,11,71,0.7882778208107409,0.1998450813323005,0.5884327394784404,0.0038729666924863,0.0036147689129873,0.000258197779499,0.0258197779499096,0.0064549444874774,0.0193648334624322,0.0010327911179962,0.0005163955589981,0.0005163955589981,0.0227214045959204,0.0170410534469403,0.0056803511489801,0.0291763490833978,0.0206558223599277,0.0085205267234701,0.000258197779499,0.0,0.000258197779499,0.0,0.0,0.0,0.0126516911954556,0.0023237800154918,0.0103279111799638,0.006713142266976399,0.0061967467079783,0.0005163955589981,0.0,0.0,0.0,0.0475083914278336,0.0229796023754195,0.0245287890524141,0.016266460108443,0.0103279111799638,0.0059385489284792,0.000516395558998,0.000258197779499,0.000258197779499,0.0018073844564934999,0.0005163955589981,0.0012909888974954,0.0051639555899818,0.0023237800154918,0.00284017557449,0.0134262845339529,0.0103279111799638,0.0030983733539891,0.0018073844564936,0.0,0.0018073844564936,0.0023237800154917,0.0018073844564936,0.0005163955589981,0.0087787245029691,0.0007745933384972,0.0080041311644719,0.0211722179189258,0.00284017557449,0.0183320423444358,1177
2018-06-01,2018,6,2770,731,2039,11,9,2,122,47,75,3,2,1,112,76,36,154,107,47,0,0,0,1,0,1,57,8,49,20,18,2,0,0,0,204,107,97,67,33,34,4,3,1,1,1,0,18,8,10,40,35,5,4,1,3,6,4,2,43,12,31,105,13,92,0.7529219896711061,0.1986952976352269,0.5542266920358793,0.0029899429192714,0.0024463169339494,0.000543625985322,0.0331611851046479,0.0127752106550693,0.0203859744495786,0.0008154389779830001,0.000543625985322,0.000271812992661,0.0304430551780374,0.0206577874422397,0.0097852677357977,0.0418592008698015,0.0290839902147322,0.0127752106550693,0.0,0.0,0.0,0.000271812992661,0.0,0.000271812992661,0.0154933405816797,0.0021745039412883,0.0133188366403914,0.0054362598532208,0.0048926338678988,0.000543625985322,0.0,0.0,0.0,0.055449850502853906,0.0290839902147322,0.0263658602881217,0.018211470508290202,0.0089698287578146,0.0092416417504756,0.0010872519706441,0.0008154389779831,0.000271812992661,0.000271812992661,0.000271812992661,0.0,0.0048926338678986995,0.0021745039412883,0.0027181299266104,0.0108725197064419,0.0095134547431367,0.0013590649633052,0.0010872519706441,0.000271812992661,0.0008154389779831,0.0016308779559661,0.0010872519706441,0.000543625985322,0.011687958684425,0.0032617559119325,0.0084262027724925,0.028540364229410097,0.0035335689045936,0.0250067953248165,1176
2018-07-01,2018,7,2550,544,2006,9,9,0,98,38,60,4,2,2,75,58,17,85,61,24,1,1,0,0,0,0,88,15,73,64,58,6,1,1,0,141,70,71,43,21,22,1,1,0,6,2,4,1,1,0,34,28,6,2,0,2,9,2,7,40,5,35,99,16,83,0.7689987937273824,0.1640530759951749,0.6049457177322075,0.002714113389626,0.002714113389626,0.0,0.029553679131483702,0.01145958986731,0.0180940892641737,0.0012062726176114,0.0006031363088057,0.0006031363088057,0.0226176115802171,0.0174909529553679,0.0051266586248492,0.025633293124246,0.0183956574185766,0.0072376357056694,0.0003015681544028,0.0003015681544028,0.0,0.0,0.0,0.0,0.026537997587454697,0.0045235223160434,0.0220144752714113,0.0193003618817852,0.0174909529553679,0.0018094089264173,0.0003015681544028,0.0003015681544028,0.0,0.0425211097708081,0.0211097708082026,0.0214113389626055,0.0129674306393243,0.0063329312424607,0.0066344993968636,0.0003015681544028,0.0003015681544028,0.0,0.0018094089264171999,0.0006031363088057,0.0012062726176115,0.0003015681544028,0.0003015681544028,0.0,0.0102533172496983,0.008443908323281,0.0018094089264173,0.0006031363088057,0.0,0.0006031363088057,0.0027141133896259,0.0006031363088057,0.0021109770808202,0.0120627261761157,0.0015078407720144,0.0105548854041013,0.0298552472858865,0.0048250904704463,0.0250301568154402,909
2018-08-01,2018,8,2542,572,1970,17,13,4,66,18,48,0,0,0,65,44,21,78,58,20,3,2,1,0,0,0,91,15,76,48,46,2,10,10,0,91,52,39,62,22,40,3,3,0,8,5,3,11,10,1,38,34,4,2,0,2,4,4,0,27,8,19,92,24,68,0.7872406317745431,0.1771446268194487,0.6100960049550944,0.0052647878600185,0.0040260142458965,0.001238773614122,0.0204397646330132,0.005574481263549,0.0148652833694642,0.0,0.0,0.0,0.0201300712294828,0.0136265097553422,0.0065035614741406,0.024156085475379202,0.0179622174047692,0.00619386807061,0.0009290802105915001,0.000619386807061,0.0003096934035305,0.0,0.0,0.0,0.028182099721275798,0.0046454010529575,0.0235366986683183,0.014865283369464199,0.0142458965624032,0.000619386807061,0.003096934035305,0.003096934035305,0.0,0.028182099721275798,0.0161040569835862,0.0120780427376896,0.0192009910188912,0.0068132548776711,0.0123877361412201,0.0009290802105915,0.0009290802105915,0.0,0.002477547228244,0.0015484670176525,0.0009290802105915,0.0034066274388355002,0.003096934035305,0.0003096934035305,0.0117683493341591,0.0105295757200371,0.001238773614122,0.000619386807061,0.0,0.000619386807061,0.001238773614122,0.001238773614122,0.0,0.0083617218953235,0.002477547228244,0.0058841746670795,0.028491793124806403,0.0074326416847321,0.0210591514400743,925
2018-09-01,2018,9,2888,753,2135,10,9,1,85,34,51,2,0,2,101,73,28,81,57,24,2,2,0,0,0,0,53,11,42,54,51,3,2,2,0,125,43,82,40,17,23,3,1,2,18,15,3,9,4,5,38,30,8,11,5,6,11,5,6,38,9,29,76,15,61,0.7966896551724137,0.2077241379310344,0.5889655172413794,0.0027586206896550998,0.0024827586206896,0.0002758620689655,0.0234482758620688,0.0093793103448275,0.0140689655172413,0.000551724137931,0.0,0.000551724137931,0.0278620689655171,0.0201379310344827,0.0077241379310344,0.022344827586206803,0.0157241379310344,0.0066206896551724,0.000551724137931,0.000551724137931,0.0,0.0,0.0,0.0,0.0146206896551723,0.0030344827586206,0.0115862068965517,0.0148965517241378,0.0140689655172413,0.0008275862068965,0.000551724137931,0.000551724137931,0.0,0.0344827586206896,0.0118620689655172,0.0226206896551724,0.0110344827586205,0.0046896551724137,0.0063448275862068,0.0008275862068965001,0.0002758620689655,0.000551724137931,0.0049655172413792,0.0041379310344827,0.0008275862068965,0.0024827586206895,0.001103448275862,0.0013793103448275,0.0104827586206896,0.0082758620689655,0.0022068965517241,0.0030344827586206,0.0013793103448275,0.0016551724137931,0.0030344827586206,0.0013793103448275,0.0016551724137931,0.0104827586206896,0.0024827586206896,0.008,0.020965517241379197,0.0041379310344827,0.0168275862068965,1125
2018-10-01,2018,10,3142,703,2439,8,6,2,127,37,90,2,1,1,107,79,28,100,68,32,0,0,0,2,0,2,44,14,30,23,21,2,1,0,1,213,92,121,80,29,51,0,0,0,0,0,0,2,2,0,68,51,17,4,0,4,15,5,10,54,5,49,90,13,77,0.7779153255756375,0.1740529834117355,0.603862342163902,0.0019806882891804,0.0014855162168853,0.0004951720722951,0.0314434265907402,0.0091606833374597,0.0222827432532805,0.000495172072295,0.0002475860361475,0.0002475860361475,0.026491705867788998,0.0195592968556573,0.0069324090121317,0.024758603614756,0.0168358504580341,0.0079227531567219,0.0,0.0,0.0,0.0004951720722951,0.0,0.0004951720722951,0.010893785590492599,0.0034662045060658,0.0074275810844268,0.0056944788313937995,0.0051993067590987,0.0004951720722951,0.0002475860361475,0.0,0.0002475860361475,0.0527358256994305,0.0227779153255756,0.0299579103738549,0.0198068828918048,0.0071799950482792,0.0126268878435256,0.0,0.0,0.0,0.0,0.0,0.0,0.0004951720722951,0.0004951720722951,0.0,0.0168358504580341,0.0126268878435256,0.0042089626145085,0.0009903441445902,0.0,0.0009903441445902,0.0037137905422134003,0.0012379301807378,0.0024758603614756,0.0133696459519683,0.0012379301807378,0.0121317157712305,0.0222827432532804,0.0032186184699182,0.0190641247833622,1107
2018-11-01,2018,11,2775,663,2112,10,9,1,78,16,62,5,5,0,99,68,31,80,53,27,3,2,1,0,0,0,41,8,33,11,11,0,0,0,0,116,45,71,64,29,35,1,1,0,5,4,1,5,2,3,33,26,7,4,1,3,10,1,9,52,9,43,82,19,63,0.8043478260869564,0.1921739130434782,0.6121739130434782,0.0028985507246375997,0.0026086956521739,0.0002898550724637,0.0226086956521738,0.0046376811594202,0.0179710144927536,0.0014492753623188,0.0014492753623188,0.0,0.028695652173912997,0.0197101449275362,0.0089855072463768,0.0231884057971014,0.0153623188405797,0.0078260869565217,0.0008695652173912,0.0005797101449275,0.0002898550724637,0.0,0.0,0.0,0.0118840579710144,0.0023188405797101,0.0095652173913043,0.0031884057971014,0.0031884057971014,0.0,0.0,0.0,0.0,0.033623188405797005,0.0130434782608695,0.0205797101449275,0.018550724637681,0.0084057971014492,0.0101449275362318,0.0002898550724637,0.0002898550724637,0.0,0.0014492753623187,0.001159420289855,0.0002898550724637,0.0014492753623188,0.0005797101449275,0.0008695652173913,0.0095652173913042,0.0075362318840579,0.0020289855072463,0.001159420289855,0.0002898550724637,0.0008695652173913,0.0028985507246375997,0.0002898550724637,0.0026086956521739,0.0150724637681159,0.0026086956521739,0.012463768115942,0.023768115942028798,0.0055072463768115,0.0182608695652173,955
2018-12-01,2018,12,2870,689,2181,16,15,1,124,46,78,4,2,2,79,45,34,123,93,30,0,0,0,0,0,0,57,15,42,17,15,2,5,5,0,161,80,81,89,56,33,0,0,0,3,1,2,1,1,0,68,53,15,2,0,2,12,6,6,50,7,43,91,17,74,0.7708836959441311,0.1850658071447757,0.5858178887993554,0.0042976094547408,0.0040290088638195,0.0002686005909213,0.0333064732742412,0.0123556271823798,0.0209508460918614,0.0010744023636852,0.0005372011818426,0.0005372011818426,0.0212194466827827,0.0120870265914585,0.0091324200913242,0.033037872683319904,0.0249798549556809,0.008058017727639,0.0,0.0,0.0,0.0,0.0,0.0,0.0153102336825141,0.0040290088638195,0.0112812248186946,0.0045662100456621,0.0040290088638195,0.0005372011818426,0.0013430029546065,0.0013430029546065,0.0,0.0432446951383293,0.021488047273704,0.0217566478646253,0.0239054525919957,0.0150416330915928,0.0088638195004029,0.0,0.0,0.0,0.0008058017727638999,0.0002686005909213,0.0005372011818426,0.0002686005909213,0.0002686005909213,0.0,0.0182648401826484,0.0142358313188289,0.0040290088638195,0.0005372011818426,0.0,0.0005372011818426,0.0032232070910556,0.0016116035455278,0.0016116035455278,0.013430029546065,0.0018802041364491,0.0115498254096159,0.0244426537738383,0.0045662100456621,0.0198764437281762,1115
2019-01-01,2019,1,2527,611,1916,7,6,1,67,27,40,7,3,4,73,52,21,98,72,26,0,0,0,1,1,0,77,24,53,13,13,0,0,0,0,155,65,90,112,50,62,2,1,1,5,5,0,19,17,2,35,23,12,6,0,6,9,3,6,54,4,50,113,24,89,0.7568134171907757,0.1829889188379754,0.5738244983528002,0.0020964360587001998,0.0017969451931716,0.0002994908655286,0.020065887990416198,0.0080862533692722,0.011979634621144,0.0020964360587001998,0.0008984725965858,0.0011979634621144,0.0218628331835878,0.0155735250074872,0.0062893081761006,0.0293501048218029,0.0215633423180593,0.0077867625037436,0.0,0.0,0.0,0.0002994908655286,0.0002994908655286,0.0,0.023060796645702198,0.0071877807726864,0.0158730158730158,0.0038933812518718,0.0038933812518718,0.0,0.0,0.0,0.0,0.0464210841569331,0.019466906259359,0.0269541778975741,0.0335429769392032,0.01497454327643,0.0185684336627732,0.0005989817310572,0.0002994908655286,0.0002994908655286,0.001497454327643,0.001497454327643,0.0,0.0056903264450434005,0.0050913447139862,0.0005989817310572,0.010482180293501,0.0068882899071578,0.0035938903863432,0.0017969451931716,0.0,0.0017969451931716,0.0026954177897574,0.0008984725965858,0.0017969451931716,0.0161725067385444,0.0011979634621144,0.01497454327643,0.0338424678047319,0.0071877807726864,0.0266546870320455,978
2019-02-01,2019,2,2811,654,2157,19,15,4,81,29,52,2,0,2,91,60,31,103,74,29,2,1,1,0,0,0,74,4,70,26,21,5,3,3,0,192,96,96,108,37,71,0,0,0,4,2,2,5,3,2,57,48,9,4,0,4,7,4,3,51,1,50,90,12,78,0.7626153011394465,0.177428106348345,0.5851871947911015,0.0051546391752577,0.0040694519804666,0.0010851871947911,0.0219750406945197,0.0078676071622354,0.0141074335322843,0.0005425935973955,0.0,0.0005425935973955,0.0246880086814975,0.0162778079218665,0.008410200759631,0.0279435702658707,0.0200759631036353,0.0078676071622354,0.0005425935973954,0.0002712967986977,0.0002712967986977,0.0,0.0,0.0,0.0200759631036353,0.0010851871947911,0.0189907759088442,0.007053716766142,0.0056972327726532,0.0013564839934888,0.0008138903960933,0.0008138903960933,0.0,0.0520889853499728,0.0260444926749864,0.0260444926749864,0.0293000542593596,0.0100379815518176,0.019262072707542,0.0,0.0,0.0,0.001085187194791,0.0005425935973955,0.0005425935973955,0.0013564839934888,0.0008138903960933,0.0005425935973955,0.0154639175257731,0.0130222463374932,0.0024416711882799,0.0010851871947911,0.0,0.0010851871947911,0.0018990775908843999,0.0010851871947911,0.0008138903960933,0.0138361367335864,0.0002712967986977,0.0135648399348887,0.0244167118827997,0.0032555615843733,0.0211611502984264,1033
2019-03-01,2019,3,2928,853,2075,14,13,1,71,28,43,3,1,2,167,129,38,63,44,19,5,2,3,1,0,1,79,6,73,33,28,5,2,2,0,143,75,68,67,31,36,2,2,0,3,3,0,40,31,9,26,20,6,8,4,4,9,5,4,41,9,32,90,36,54,0.7768638896258954,0.2263199787742106,0.5505439108516847,0.0037145131334571,0.0034491907667816,0.0002653223666755,0.0188378880339612,0.0074290262669143,0.0114088617670469,0.0007959671000265,0.0002653223666755,0.000530644733351,0.0443088352348102,0.0342265853011408,0.0100822499336694,0.016715309100557102,0.0116741841337224,0.0050411249668347,0.0013266118333775,0.000530644733351,0.0007959671000265,0.0002653223666755,0.0,0.0002653223666755,0.0209604669673652,0.001591934200053,0.0193685327673122,0.008755638100291799,0.0074290262669143,0.0013266118333775,0.000530644733351,0.000530644733351,0.0,0.037941098434598,0.0198991775006633,0.0180419209339347,0.0177765985672591,0.0082249933669408,0.0095516052003183,0.000530644733351,0.000530644733351,0.0,0.0007959671000265,0.0007959671000265,0.0,0.010612894667020301,0.0082249933669408,0.0023879013000795,0.0068983815335632,0.0053064473335102,0.001591934200053,0.002122578933404,0.001061289466702,0.001061289466702,0.0023879013000795,0.0013266118333775,0.001061289466702,0.010878217033695799,0.0023879013000795,0.0084903157336163,0.0238790130007958,0.0095516052003183,0.0143274078004775,1307
2019-04-01,2019,4,3154,807,2347,20,16,4,102,35,67,4,2,2,155,109,46,100,65,35,0,0,0,1,0,1,60,10,50,56,51,5,3,3,0,215,106,109,83,45,38,6,1,5,4,3,1,41,28,13,54,46,8,14,6,8,14,10,4,56,5,51,101,30,71,0.7511312217194569,0.1921886163372231,0.5589426053822338,0.0047630388187662005,0.003810431055013,0.0009526077637532,0.024291497975708398,0.0083353179328411,0.0159561800428673,0.0009526077637532,0.0004763038818766,0.0004763038818766,0.0369135508454393,0.0259585615622767,0.0109549892831626,0.0238151940938318,0.0154798761609907,0.0083353179328411,0.0,0.0,0.0,0.0002381519409383,0.0,0.0002381519409383,0.014289116456299,0.0023815194093831,0.0119075970469159,0.013336508692545702,0.0121457489878542,0.0011907597046915,0.0007144558228149,0.0007144558228149,0.0,0.0512026673017384,0.0252441057394617,0.0259585615622767,0.0197666110978804,0.0107168373422243,0.0090497737556561,0.0014289116456298,0.0002381519409383,0.0011907597046915,0.0009526077637532,0.0007144558228149,0.0002381519409383,0.009764229578471,0.0066682543462729,0.0030959752321981,0.0128602048106691,0.0109549892831626,0.0019052155275065,0.0033341271731364003,0.0014289116456299,0.0019052155275065,0.0033341271731362997,0.0023815194093831,0.0009526077637532,0.013336508692545702,0.0011907597046915,0.0121457489878542,0.0240533460347701,0.0071445582281495,0.0169087878066206,1346
2019-05-01,2019,5,2828,713,2115,9,6,3,156,68,88,10,7,3,140,96,44,130,80,50,2,2,0,0,0,0,56,7,49,34,31,3,0,0,0,200,98,102,107,48,59,1,0,1,7,3,4,22,9,13,81,60,21,11,5,6,18,5,13,42,9,33,83,20,63,0.7281153450051494,0.1835736354273944,0.5445417095777549,0.0023171987641605997,0.0015447991761071,0.0007723995880535,0.0401647785787847,0.0175077239958805,0.0226570545829042,0.0025746652935117,0.0018022657054582,0.0007723995880535,0.0360453141091657,0.0247167868177136,0.0113285272914521,0.0334706488156539,0.0205973223480947,0.0128733264675592,0.0005149330587023,0.0005149330587023,0.0,0.0,0.0,0.0,0.014418125643666199,0.0018022657054582,0.012615859938208,0.0087538619979402,0.0079814624098867,0.0007723995880535,0.0,0.0,0.0,0.0514933058702368,0.025231719876416,0.0262615859938208,0.027548918640576597,0.0123583934088568,0.0151905252317198,0.0002574665293511,0.0,0.0002574665293511,0.0018022657054582,0.0007723995880535,0.0010298661174047,0.005664263645725901,0.0023171987641606,0.0033470648815653,0.020854788877445803,0.015447991761071,0.0054067971163748,0.002832131822863,0.0012873326467559,0.0015447991761071,0.0046343975283212,0.0012873326467559,0.0033470648815653,0.0108135942327496,0.0023171987641606,0.008496395468589,0.021369721936148202,0.0051493305870236,0.0162203913491246,1231
2019-06-01,2019,6,2925,818,2107,12,11,1,141,47,94,10,6,4,141,96,45,106,78,28,1,1,0,2,1,1,57,11,46,35,32,3,4,4,0,207,125,82,77,43,34,2,2,0,16,12,4,10,8,2,30,23,7,5,1,4,7,2,5,35,5,30,100,17,83,0.7534775888717156,0.2107161257083977,0.5427614631633179,0.0030911901081916,0.002833590932509,0.0002575991756826,0.0363214837712518,0.0121071612570839,0.0242143225141679,0.0025759917568263,0.0015455950540958,0.0010303967027305,0.0363214837712519,0.0247295208655332,0.0115919629057187,0.0273055126223595,0.0200927357032457,0.0072127769191138,0.0002575991756826,0.0002575991756826,0.0,0.0005151983513652,0.0002575991756826,0.0002575991756826,0.0146831530139103,0.002833590932509,0.0118495620814013,0.0090159711488923,0.0082431736218444,0.0007727975270479,0.0010303967027305,0.0010303967027305,0.0,0.05332302936630601,0.0321998969603297,0.0211231324059763,0.019835136527563,0.0110767645543534,0.0087583719732096,0.0005151983513652,0.0005151983513652,0.0,0.0041215868109221,0.0030911901081916,0.0010303967027305,0.0025759917568263,0.0020607934054611,0.0005151983513652,0.007727975270479,0.0059247810407006,0.0018031942297784,0.0012879958784131,0.0002575991756826,0.0010303967027305,0.0018031942297782998,0.0005151983513652,0.0012879958784131,0.0090159711488922,0.0012879958784131,0.0077279752704791,0.0257599175682637,0.0043791859866048,0.0213807315816589,1310
2019-07-01,2019,7,3054,686,2368,14,11,3,118,29,89,4,4,0,184,133,51,94,62,32,4,3,1,1,1,0,91,10,81,12,10,2,2,2,0,224,108,116,53,17,36,0,0,0,9,4,5,28,23,5,24,20,4,6,1,5,11,7,4,74,16,58,100,34,66,0.7520315193302142,0.1689239103669047,0.5831076089633095,0.0034474267421816,0.0027086924402856,0.000738734301896,0.029056882541245898,0.0071410982516621,0.0219157842895838,0.0009849790691947,0.0009849790691947,0.0,0.045309037182959803,0.0327505540507264,0.0125584831322334,0.0231470081260772,0.015267175572519,0.0078798325535582,0.0009849790691946,0.000738734301896,0.0002462447672986,0.0002462447672986,0.0002462447672986,0.0,0.022408273824181098,0.0024624476729869,0.0199458261511942,0.0029549372075842,0.0024624476729869,0.0004924895345973,0.0004924895345973,0.0004924895345973,0.0,0.0551588278749076,0.026594434868259,0.0285643930066486,0.0130509726668308,0.0041861610440778,0.008864811622753,0.0,0.0,0.0,0.0022162029056881,0.0009849790691947,0.0012312238364934,0.0068948534843633,0.0056636296478699,0.0012312238364934,0.0059098744151685,0.0049248953459738,0.0009849790691947,0.001477468603792,0.0002462447672986,0.0012312238364934,0.0027086924402855003,0.0017237133710908,0.0009849790691947,0.0182221127801034,0.0039399162767791,0.0142821965033243,0.0246244767298694,0.0083723220881556,0.0162521546417138,1154
2019-08-01,2019,8,3263,851,2412,14,11,3,257,126,131,12,8,4,93,66,27,135,87,48,20,20,0,1,1,0,67,10,57,8,8,0,0,0,0,382,219,163,42,26,16,5,1,4,16,11,5,21,15,6,37,30,7,35,22,13,10,6,4,49,22,27,142,59,83,0.7215833701901813,0.1881910659000442,0.5333923042901371,0.0030959752321980004,0.0024325519681556,0.0006634232640424,0.0568332596196372,0.0278637770897832,0.028969482529854,0.0026536930561698,0.0017691287041132,0.0008845643520566,0.0205661211853162,0.0145953118089341,0.0059708093763821,0.029854046881910602,0.0192392746572313,0.0106147722246793,0.004422821760283,0.004422821760283,0.0,0.0002211410880141,0.0002211410880141,0.0,0.0148164528969482,0.0022114108801415,0.0126050420168067,0.0017691287041132,0.0017691287041132,0.0,0.0,0.0,0.0,0.0844758956214064,0.0484298982750995,0.0360459973463069,0.0092879256965943,0.0057496682883679,0.0035382574082264,0.0011057054400707,0.0002211410880141,0.0008845643520566,0.0035382574082263004,0.0024325519681556,0.0011057054400707,0.0046439628482971,0.0033171163202122,0.0013268465280849,0.0081822202565235,0.0066342326404245,0.001547987616099,0.0077399380804952,0.0048651039363113,0.0028748341441839,0.0022114108801415,0.0013268465280849,0.0008845643520566,0.0108359133126934,0.0048651039363113,0.0059708093763821,0.0314020344980097,0.013047324192835,0.0183547103051747,1538
2019-09-01,2019,9,3243,839,2404,11,7,4,144,32,112,2,0,2,172,129,43,76,47,29,2,0,2,0,0,0,42,8,34,39,37,2,3,3,0,200,116,84,80,32,48,1,1,0,14,11,3,20,17,3,50,37,13,14,4,10,16,8,8,38,13,25,147,49,98,0.75859649122807,0.1962573099415204,0.5623391812865497,0.0025730994152045,0.0016374269005847,0.0009356725146198,0.0336842105263157,0.007485380116959,0.0261988304093567,0.0004678362573099,0.0,0.0004678362573099,0.0402339181286549,0.0301754385964912,0.0100584795321637,0.017777777777777698,0.0109941520467836,0.0067836257309941,0.0004678362573099,0.0,0.0004678362573099,0.0,0.0,0.0,0.009824561403508701,0.0018713450292397,0.007953216374269,0.0091228070175438,0.0086549707602339,0.0004678362573099,0.0007017543859649,0.0007017543859649,0.0,0.0467836257309941,0.0271345029239766,0.0196491228070175,0.0187134502923975,0.007485380116959,0.0112280701754385,0.0002339181286549,0.0002339181286549,0.0,0.0032748538011695,0.0025730994152046,0.0007017543859649,0.0046783625730994,0.0039766081871345,0.0007017543859649,0.0116959064327485,0.0086549707602339,0.0030409356725146,0.0032748538011695,0.0009356725146198,0.0023391812865497,0.0037426900584794,0.0018713450292397,0.0018713450292397,0.0088888888888888,0.0030409356725146,0.0058479532163742,0.0343859649122806,0.0114619883040935,0.0229239766081871,1367
2019-10-01,2019,10,3350,756,2594,17,14,3,146,53,93,9,4,5,134,94,40,106,64,42,3,3,0,1,1,0,31,3,28,34,31,3,0,0,0,267,119,148,148,62,86,4,1,3,9,5,4,10,9,1,27,19,8,4,2,2,6,0,6,58,9,49,124,16,108,0.7556959169862395,0.1705391382810737,0.5851567787051658,0.0038348748026165998,0.0031581321903902,0.0006767426122264,0.0329348071283554,0.0119557861493345,0.0209790209790209,0.0020302278366794,0.0009023234829686,0.0011279043537108,0.030227836679449498,0.0212046018497631,0.0090232348296864,0.023911572298668998,0.0144371757274983,0.0094743965711707,0.0006767426122264,0.0006767426122264,0.0,0.0002255808707421,0.0002255808707421,0.0,0.0069930069930069,0.0006767426122264,0.0063162643807805,0.0076697496052333,0.0069930069930069,0.0006767426122264,0.0,0.0,0.0,0.0602300924881569,0.0268441236183171,0.0333859688698398,0.0333859688698397,0.0139860139860139,0.0193999548838258,0.0009023234829685001,0.0002255808707421,0.0006767426122264,0.0020302278366794,0.0011279043537108,0.0009023234829686,0.0022558087074215,0.0020302278366794,0.0002255808707421,0.0060906835100382,0.004286036544101,0.0018046469659372,0.0009023234829686,0.0004511617414843,0.0004511617414843,0.0013534852244529,0.0,0.0013534852244529,0.0130836905030452,0.0020302278366794,0.0110534626663658,0.027972027972027802,0.0036092939318745,0.0243627340401533,1232
2019-11-01,2019,11,3193,811,2382,9,5,4,124,46,78,4,2,2,143,92,51,141,95,46,1,1,0,0,0,0,62,11,51,28,28,0,1,1,0,185,102,83,87,34,53,2,1,1,4,2,2,22,18,4,37,30,7,5,1,4,4,3,1,56,23,33,94,25,69,0.770139893873613,0.1956102267245537,0.5745296671490593,0.0021707670043415,0.0012059816690786,0.0009647853352629,0.0299083453931499,0.0110950313555233,0.0188133140376266,0.0009647853352628,0.0004823926676314,0.0004823926676314,0.034491075735648705,0.0221900627110467,0.012301013024602,0.0340086830680172,0.0229136517124939,0.0110950313555233,0.0002411963338157,0.0002411963338157,0.0,0.0,0.0,0.0,0.0149541726965749,0.0026531596719729,0.012301013024602,0.0067534973468403,0.0067534973468403,0.0,0.0002411963338157,0.0002411963338157,0.0,0.0446213217559092,0.024602026049204,0.0200192957067052,0.020984081041968,0.0082006753497346,0.0127834056922334,0.0004823926676314,0.0002411963338157,0.0002411963338157,0.0009647853352628,0.0004823926676314,0.0004823926676314,0.0053063193439459,0.004341534008683,0.0009647853352629,0.0089242643511817,0.0072358900144717,0.00168837433671,0.0012059816690786,0.0002411963338157,0.0009647853352629,0.0009647853352628,0.0007235890014471,0.0002411963338157,0.0135069946936805,0.0055475156777616,0.0079594790159189,0.0226724553786781,0.0060299083453931,0.016642547033285,1292
2019-12-01,2019,12,3461,904,2557,12,11,1,162,53,109,21,12,9,117,79,38,149,104,45,2,1,1,3,3,0,116,6,110,35,31,4,4,4,0,349,205,144,102,48,54,4,3,1,8,6,2,35,29,6,43,32,11,1,0,1,16,10,6,31,7,24,105,24,81,0.734663553385693,0.1918913181914668,0.5427722351942262,0.0025472298874973003,0.0023349607302059,0.0002122691572914,0.0343876034812141,0.0112502653364466,0.0231373381447675,0.0044576523031203,0.0025472298874973,0.001910422415623,0.024835491403099,0.0167692634260241,0.0080662279770749,0.0316281044364253,0.0220759923583103,0.009552112078115,0.0004245383145828,0.0002122691572914,0.0002122691572914,0.0006368074718743,0.0006368074718743,0.0,0.0246232222458076,0.0012736149437486,0.023349607302059,0.0074294205052005,0.0065803438760348,0.0008490766291657,0.0008490766291657,0.0008490766291657,0.0,0.0740819358947144,0.0435151772447463,0.0305667586499681,0.0216514540437273,0.0101889195499893,0.011462534493738,0.0008490766291657,0.0006368074718743,0.0002122691572914,0.0016981532583314,0.0012736149437486,0.0004245383145828,0.0074294205052005,0.0061558055614519,0.0012736149437486,0.0091275737635321,0.0067926130333262,0.0023349607302059,0.0002122691572914,0.0,0.0002122691572914,0.0033963065166629997,0.0021226915729144,0.0012736149437486,0.006580343876034699,0.0014858841010401,0.0050944597749946,0.0222882615156016,0.0050944597749946,0.017193801740607,1528
2020-01-01,2020,1,2652,618,2034,6,6,0,172,63,109,6,4,2,126,79,47,116,83,33,3,1,2,0,0,0,128,24,104,37,36,1,2,2,0,195,90,105,112,67,45,5,5,0,10,6,4,16,11,5,58,41,17,7,2,5,16,6,10,49,6,43,158,50,108,0.6947864815299973,0.1619072570081215,0.5328792245218759,0.0015719151165837,0.0015719151165837,0.0,0.0450615666753994,0.0165051087241288,0.0285564579512706,0.0015719151165837,0.0010479434110558,0.0005239717055279,0.033010217448257696,0.0206968823683521,0.0123133350799056,0.030390358920618202,0.0217448257794079,0.0086455331412103,0.0007859575582918,0.0002619858527639,0.0005239717055279,0.0,0.0,0.0,0.0335341891537856,0.0062876604663348,0.0272465286874508,0.0096934765522661,0.0094314906995022,0.0002619858527639,0.0005239717055279,0.0005239717055279,0.0,0.0510872412889703,0.0235787267487555,0.0275085145402148,0.0293424155095624,0.0175530521351847,0.0117893633743777,0.0013099292638197,0.0013099292638197,0.0,0.0026198585276395,0.0015719151165837,0.0010479434110558,0.0041917736442230995,0.0028818443804034,0.0013099292638197,0.015195179460308999,0.0107414199633219,0.0044537594969871,0.0018339009693476,0.0005239717055279,0.0013099292638197,0.0041917736442232,0.0015719151165837,0.0026198585276395,0.0128373067854335,0.0015719151165837,0.0112653916688498,0.0413937647367041,0.0130992926381975,0.0282944720985066,1163
2020-02-01,2020,2,3221,824,2397,25,20,5,204,78,126,12,7,5,132,84,48,119,76,43,3,3,0,0,0,0,160,12,148,66,66,0,11,11,0,184,73,111,144,77,67,13,7,6,16,8,8,16,13,3,78,59,19,8,4,4,17,5,12,38,13,25,88,26,62,0.7162552812986435,0.1832332666221925,0.5330220146764509,0.0055592617300422,0.0044474093840338,0.0011118523460084,0.0453635757171447,0.0173448965977318,0.0280186791194129,0.0026684456304202,0.0015565932844118,0.0011118523460084,0.029352901934623,0.0186791194129419,0.0106737825216811,0.026462085835001002,0.0169001556593284,0.0095619301756726,0.000667111407605,0.000667111407605,0.0,0.0,0.0,0.0,0.0355792750722703,0.0026684456304202,0.0329108294418501,0.0146764509673115,0.0146764509673115,0.0,0.0024460751612185,0.0024460751612185,0.0,0.0409161663331108,0.0162330442517233,0.0246831220813875,0.032021347565043295,0.0171225261285301,0.0148988214365132,0.0028908160996219,0.0015565932844118,0.0013342228152101,0.003557927507227,0.0017789637536135,0.0017789637536135,0.0035579275072269,0.0028908160996219,0.000667111407605,0.0173448965977318,0.0131198576828997,0.0042250389148321,0.0017789637536134,0.0008894818768067,0.0008894818768067,0.0037802979764286005,0.0011118523460084,0.0026684456304202,0.0084500778296641,0.0028908160996219,0.0055592617300422,0.0195686012897486,0.0057816321992439,0.0137869690905047,1432
2020-03-01,2020,3,4246,893,3353,22,17,5,186,69,117,11,6,5,125,66,59,76,49,27,3,3,0,0,0,0,590,18,572,54,51,3,33,33,0,151,62,89,137,74,63,143,62,81,30,18,12,96,85,11,26,19,7,20,7,13,16,7,9,44,6,38,76,29,47,0.702282500826993,0.1477009593119417,0.5545815415150512,0.0036387694343366,0.0028117763810783,0.0008269930532583,0.0307641415812106,0.0114125041349652,0.0193516374462454,0.0018193847171682999,0.00099239166391,0.0008269930532583,0.0206748263314587,0.0109163083030102,0.0097585180284485,0.0125702944095269,0.0081045319219318,0.0044657624875951,0.000496195831955,0.000496195831955,0.0,0.0,0.0,0.0,0.0975851802844855,0.00297717499173,0.0946080052927555,0.008931524975190099,0.0084353291432351,0.000496195831955,0.0054581541515051,0.0054581541515051,0.0,0.024975190208402102,0.0102547138604035,0.0147204763479986,0.022659609659278802,0.0122394971882236,0.0104201124710552,0.0236520013231888,0.0102547138604035,0.0133972874627853,0.00496195831955,0.00297717499173,0.00198478332782,0.0158782666225602,0.0140588819053919,0.0018193847171683,0.0043003638769433,0.0031425736023817,0.0011577902745616,0.0033079722130332995,0.0011577902745616,0.0021501819384717,0.0026463777704266002,0.0011577902745616,0.001488587495865,0.007277538868673401,0.00099239166391,0.0062851472047634,0.0125702944095269,0.0047965597088984,0.0077737347006285,1547
2020-04-01,2020,4,4412,895,3517,21,15,6,137,32,105,8,6,2,95,43,52,30,18,12,1,0,1,0,0,0,779,42,737,25,21,4,6,5,1,79,30,49,115,46,69,104,39,65,18,7,11,7,5,2,50,39,11,2,1,1,13,6,7,38,6,32,83,11,72,0.7342319853553003,0.1489432517889831,0.5852887335663172,0.0034947578632051,0.0024962556165751,0.00099850224663,0.022799134631386102,0.0053253453153602,0.0174737893160259,0.00133133632884,0.00099850224663,0.00033283408221,0.0158096189049757,0.0071559327675153,0.0086536861374604,0.0049925112331502,0.0029955067398901,0.0019970044932601,0.000166417041105,0.0,0.000166417041105,0.0,0.0,0.0,0.129638875020802,0.0069895157264103,0.1226493592943917,0.0041604260276251,0.0034947578632051,0.00066566816442,0.00099850224663,0.000832085205525,0.000166417041105,0.0131469462472956,0.0049925112331502,0.0081544350141454,0.019137959727076,0.0076551838908304,0.0114827758362456,0.0173073722749208,0.0064902646030953,0.0108171076718255,0.0029955067398901,0.001164919287735,0.0018305874521551,0.001164919287735,0.000832085205525,0.00033283408221,0.0083208520552504,0.0064902646030953,0.0018305874521551,0.00033283408221,0.000166417041105,0.000166417041105,0.0021634215343649997,0.00099850224663,0.001164919287735,0.0063238475619902,0.00099850224663,0.0053253453153602,0.013812614411715699,0.0018305874521551,0.0119820269595606,1260
2020-05-01,2020,5,3957,953,3004,17,14,3,86,39,47,8,3,5,112,69,43,87,67,20,2,2,0,1,1,0,769,50,719,43,39,4,10,10,0,161,84,77,205,110,95,46,10,36,16,7,9,19,14,5,33,23,10,8,1,7,14,10,4,28,8,20,121,47,74,0.6934805467928497,0.1670171749036102,0.5264633718892394,0.0029793200140202,0.0024535576586049,0.0005257623554153,0.015071854188573298,0.0068349106203995,0.0082369435681738,0.0014020329477742,0.0005257623554153,0.0008762705923589,0.0196284612688398,0.0120925341745531,0.0075359270942867,0.0152471083070451,0.0117420259376095,0.0035050823694356,0.0003505082369435,0.0003505082369435,0.0,0.0001752541184717,0.0001752541184717,0.0,0.13477041710480192,0.0087627059235892,0.1260077111812127,0.0075359270942866,0.0068349106203995,0.0007010164738871,0.0017525411847178,0.0017525411847178,0.0,0.0282159130739571,0.0147213459516298,0.0134945671223273,0.0359270942867156,0.0192779530318962,0.0166491412548194,0.008061689449702,0.0017525411847178,0.0063091482649842,0.0028040658955484,0.0012267788293024,0.001577287066246,0.0033298282509638,0.0024535576586049,0.0008762705923589,0.0057833859095688,0.004030844724851,0.0017525411847178,0.0014020329477741,0.0001752541184717,0.0012267788293024,0.0024535576586049,0.0017525411847178,0.0007010164738871,0.0049071153172098,0.0014020329477742,0.0035050823694356,0.0212057483350858,0.0082369435681738,0.012968804766912,1533
2020-06-01,2020,6,3872,913,2959,16,12,4,144,54,90,9,6,3,110,66,44,115,79,36,2,2,0,4,4,0,783,38,745,61,56,5,12,12,0,258,137,121,263,157,106,29,5,24,9,4,5,51,38,13,45,40,5,9,1,8,8,1,7,51,12,39,118,35,83,0.6558265582655827,0.1546409214092141,0.5011856368563685,0.0027100271002709004,0.0020325203252032,0.0006775067750677,0.0243902439024389,0.0091463414634146,0.0152439024390243,0.0015243902439024,0.0010162601626016,0.0005081300813008,0.018631436314363,0.0111788617886178,0.0074525745257452,0.0194783197831977,0.013380758807588,0.0060975609756097,0.0003387533875338,0.0003387533875338,0.0,0.0006775067750677,0.0006775067750677,0.0,0.1326219512195121,0.0064363143631436,0.1261856368563685,0.0103319783197831,0.0094850948509485,0.0008468834688346,0.0020325203252032,0.0020325203252032,0.0,0.043699186991869796,0.0232046070460704,0.0204945799457994,0.044546070460704495,0.0265921409214092,0.0179539295392953,0.0049119241192411,0.0008468834688346,0.0040650406504065,0.0015243902439023,0.0006775067750677,0.0008468834688346,0.0086382113821137,0.0064363143631436,0.0022018970189701,0.0076219512195121,0.0067750677506775,0.0008468834688346,0.0015243902439024,0.0001693766937669,0.0013550135501355,0.0013550135501354,0.0001693766937669,0.0011856368563685,0.0086382113821137,0.0020325203252032,0.0066056910569105,0.0199864498644986,0.0059281842818428,0.0140582655826558,1627
2020-07-01,2020,7,4044,773,3271,41,25,16,70,26,44,3,2,1,91,53,38,44,33,11,2,2,0,0,0,0,736,39,697,132,129,3,25,25,0,96,54,42,69,36,33,36,3,33,12,2,10,7,5,2,31,26,5,6,2,4,12,6,6,69,17,52,55,6,49,0.7269458925040446,0.1389538019054467,0.5879920905985979,0.0073701240337945995,0.004493978069387,0.0028761459644076,0.0125831385942836,0.0046737371921625,0.0079094014021211,0.0005392773683263,0.0003595182455509,0.0001797591227754,0.0163580801725686,0.0095272335071004,0.0068308466654682,0.007909401402121,0.0059320510515908,0.0019773503505302,0.0003595182455509,0.0003595182455509,0.0,0.0,0.0,0.0,0.1323027143627538,0.0070106057882437,0.1252921085745101,0.023728204206363398,0.023188926838037,0.0005392773683264,0.004493978069387,0.004493978069387,0.0,0.017256875786446,0.0097069926298759,0.0075498831565701,0.012403379471508099,0.0064713284199173,0.0059320510515908,0.0064713284199172,0.0005392773683264,0.0059320510515908,0.0021571094733057,0.0003595182455509,0.0017975912277548,0.0012583138594282998,0.0008987956138774,0.0003595182455509,0.0055725328060399005,0.0046737371921625,0.0008987956138774,0.0010785547366528,0.0003595182455509,0.0007190364911019,0.0021571094733056,0.0010785547366528,0.0010785547366528,0.0124033794715081,0.0030559050871831,0.009347474384325,0.0098867517526513,0.0010785547366528,0.0088081970159985,1252
2020-08-01,2020,8,3483,697,2786,22,16,6,129,36,93,9,6,3,92,54,38,64,41,23,1,0,1,0,0,0,484,17,467,267,261,6,33,33,0,140,67,73,73,40,33,6,2,4,6,1,5,14,9,5,40,30,10,11,1,10,15,8,7,31,10,21,97,16,81,0.697716346153846,0.1396233974358974,0.5580929487179487,0.0044070512820512,0.0032051282051282,0.001201923076923,0.025841346153846,0.0072115384615384,0.0186298076923076,0.0018028846153845001,0.001201923076923,0.0006009615384615,0.018429487179487,0.0108173076923076,0.0076121794871794,0.012820512820512699,0.008213141025641,0.0046073717948717,0.0002003205128205,0.0,0.0002003205128205,0.0,0.0,0.0,0.09695512820512811,0.0034054487179487,0.0935496794871794,0.0534855769230768,0.0522836538461538,0.001201923076923,0.0066105769230769,0.0066105769230769,0.0,0.0280448717948717,0.0134214743589743,0.0146233974358974,0.0146233974358974,0.0080128205128205,0.0066105769230769,0.001201923076923,0.000400641025641,0.000801282051282,0.001201923076923,0.0002003205128205,0.0010016025641025,0.0028044871794871,0.0018028846153846,0.0010016025641025,0.0080128205128204,0.0060096153846153,0.0020032051282051,0.0022035256410256,0.0002003205128205,0.0020032051282051,0.0030048076923076,0.0016025641025641,0.0014022435897435,0.006209935897435799,0.0020032051282051,0.0042067307692307,0.019431089743589702,0.0032051282051282,0.0162259615384615,1335
2020-09-01,2020,9,3961,1008,2953,25,16,9,149,55,94,6,6,0,124,86,38,131,104,27,1,1,0,0,0,0,367,19,348,370,344,26,63,61,2,161,79,82,65,37,28,15,5,10,10,5,5,21,18,3,26,18,8,6,1,5,10,6,4,56,12,44,111,25,86,0.7046788827610746,0.1793275217932752,0.5253513609677993,0.0044476071873331,0.0028464685998932,0.0016011385874399,0.026507738836505798,0.009784735812133,0.0167230030243728,0.0010674257249599,0.0010674257249599,0.0,0.0220601316491726,0.0152997687244262,0.0067603629247464,0.0233054616616259,0.0185020458993061,0.0048034157623198,0.0001779042874933,0.0001779042874933,0.0,0.0,0.0,0.0,0.0652908735100515,0.0033801814623732,0.0619106920476783,0.0658245863725315,0.061199074897705,0.0046255114748265,0.0112079701120796,0.010852161537093,0.0003558085749866,0.028642590286425802,0.0140544387119729,0.0145881515744529,0.0115637786870663,0.0065824586372531,0.0049813200498132,0.0026685643123998,0.0008895214374666,0.0017790428749332,0.0017790428749332,0.0008895214374666,0.0008895214374666,0.0037359900373598,0.0032022771748799,0.0005337128624799,0.0046255114748265,0.0032022771748799,0.0014232342999466,0.0010674257249599002,0.0001779042874933,0.0008895214374666,0.0017790428749331999,0.0010674257249599,0.0007116171499733,0.0099626400996263,0.0021348514499199,0.0078277886497064,0.0197473759117594,0.0044476071873332,0.0152997687244262,1865
2020-10-01,2020,10,5534,2219,3315,31,26,5,278,102,176,7,3,4,269,223,46,156,130,26,42,41,1,0,0,0,403,33,370,641,600,41,172,172,0,225,150,75,129,99,30,58,43,15,32,21,11,177,155,22,242,222,20,18,7,11,36,22,14,66,13,53,222,91,131,0.6387349953831948,0.2561172668513389,0.3826177285318559,0.0035780240073868003,0.0030009233610341,0.0005771006463527,0.032086795937211296,0.0117728531855955,0.0203139427516158,0.0008079409048937,0.0003462603878116,0.0004616805170821,0.0310480147737764,0.0257386888273314,0.005309325946445,0.0180055401662049,0.0150046168051708,0.0030009233610341,0.0048476454293628,0.0047322253000923,0.0001154201292705,0.0,0.0,0.0,0.0465143120960294,0.0038088642659279,0.0427054478301015,0.07398430286241911,0.0692520775623268,0.0047322253000923,0.0198522622345337,0.0198522622345337,0.0,0.0259695290858725,0.0173130193905817,0.0086565096952908,0.0148891966759002,0.0114265927977839,0.0034626038781163,0.0066943674976915,0.0049630655586334,0.0017313019390581,0.0036934441366572998,0.0024238227146814,0.0012696214219759,0.020429362880886297,0.0178901200369344,0.0025392428439519,0.0279316712834717,0.0256232686980609,0.0023084025854108,0.0020775623268697,0.0008079409048938,0.0012696214219759,0.0041551246537395,0.0025392428439519,0.0016158818097876,0.0076177285318558005,0.001500461680517,0.0061172668513388,0.0256232686980608,0.0105032317636195,0.0151200369344413,4317
2020-11-01,2020,11,4125,1108,3017,18,15,3,252,86,166,6,4,2,131,78,53,156,101,55,3,3,0,1,0,1,447,17,430,305,298,7,38,37,1,212,105,107,350,293,57,3,0,3,7,5,2,51,38,13,45,35,10,14,4,10,19,8,11,50,6,44,89,12,77,0.661163648020516,0.1775925629107228,0.4835710851097932,0.0028850777368167,0.0024042314473473,0.0004808462894694,0.0403910883154351,0.0137842602981247,0.0266068280173104,0.0009616925789388,0.0006411283859592,0.0003205641929796,0.0209969546401666,0.0125020035262061,0.0084949511139605,0.0250040070524122,0.016188491745472,0.0088155153069402,0.0004808462894694,0.0004808462894694,0.0,0.0001602820964898,0.0,0.0001602820964898,0.0716460971309503,0.0027247956403269,0.0689213014906234,0.048886039429395595,0.0477640647539669,0.0011219746754287,0.0060907196666132,0.0059304375701234,0.0001602820964898,0.0339798044558422,0.0168296201314313,0.0171501843244109,0.0560987337714376,0.0469626542715178,0.0091360794999198,0.0004808462894694,0.0,0.0004808462894694,0.0011219746754287,0.0008014104824491,0.0003205641929796,0.0081743869209808,0.0060907196666132,0.0020836672543676,0.0072126943420419,0.0056098733771437,0.0016028209648982,0.0022439493508574,0.0006411283859592,0.0016028209648982,0.0030453598333065003,0.0012822567719185,0.001763103061388,0.008014104824490999,0.0009616925789389,0.0070524122455521,0.014265106587594101,0.0019233851578778,0.0123417214297163,2204
2020-12-01,2020,12,4283,932,3351,28,22,6,250,82,168,6,3,3,104,63,41,162,103,59,2,1,1,1,0,1,398,14,384,290,284,6,59,59,0,230,109,121,183,130,53,3,2,1,21,15,6,35,25,10,50,36,14,7,3,4,23,14,9,68,10,58,115,15,100,0.6868184733803719,0.1494547787042976,0.5373636946760744,0.0044900577293135,0.0035279025016035,0.00096215522771,0.0400898011545861,0.0131494547787042,0.0269403463758819,0.00096215522771,0.000481077613855,0.000481077613855,0.0166773572803078,0.0101026298909557,0.0065747273893521,0.0259781911481718,0.0165169980756895,0.0094611930724823,0.0003207184092366,0.0001603592046183,0.0001603592046183,0.0001603592046183,0.0,0.0001603592046183,0.0638229634381013,0.0022450288646568,0.0615779345734445,0.04650416933932,0.04554201411161,0.00096215522771,0.0094611930724823,0.0094611930724823,0.0,0.036882617062219306,0.0174791533033996,0.0194034637588197,0.029345734445157,0.0208466966003848,0.0084990378447722,0.0004810776138549,0.0003207184092366,0.0001603592046183,0.0033675432969851,0.0024053880692751,0.00096215522771,0.005612572161642,0.0040089801154586,0.0016035920461834,0.0080179602309172,0.0057729313662604,0.0022450288646568,0.0011225144323283,0.000481077613855,0.0006414368184733,0.0036882617062219004,0.0022450288646568,0.0014432328415651,0.0109044259140474,0.0016035920461834,0.009300833867864,0.0184413085311096,0.0024053880692751,0.0160359204618345,1878
2021-01-01,2021,1,4125,982,3143,10,9,1,317,125,192,12,7,5,89,51,38,181,106,75,1,1,0,2,2,0,401,29,372,463,454,9,80,78,2,218,123,95,121,79,42,1,0,1,17,10,7,40,28,12,42,33,9,12,0,12,21,11,10,45,5,40,96,14,82,0.6666127989657401,0.158694246929541,0.5079185520361991,0.0016160310277956,0.0014544279250161,0.0001616031027795,0.0512281835811246,0.0202003878474466,0.031027795733678,0.0019392372333548,0.001131221719457,0.0008080155138978,0.0143826761473819,0.0082417582417582,0.0061409179056237,0.029250161603102696,0.0171299288946347,0.012120232708468,0.0001616031027795,0.0001616031027795,0.0,0.0003232062055591,0.0003232062055591,0.0,0.0648028442146088,0.0046864899806076,0.0601163542340012,0.0748222365869424,0.0733678086619263,0.0014544279250161,0.012928248222365801,0.0126050420168067,0.0003232062055591,0.0352294764059469,0.0198771816418875,0.0153522947640594,0.0195539754363282,0.0127666451195862,0.006787330316742,0.0001616031027795,0.0,0.0001616031027795,0.0027472527472527,0.0016160310277957,0.001131221719457,0.0064641241111828,0.004524886877828,0.0019392372333548,0.006787330316742,0.0053329023917259,0.0014544279250161,0.0019392372333548,0.0,0.0019392372333548,0.003393665158371,0.0017776341305753,0.0016160310277957,0.007272139625080699,0.0008080155138978,0.0064641241111829,0.015513897866839,0.002262443438914,0.013251454427925,2082
2021-02-01,2021,2,4128,1120,3008,15,10,5,290,112,178,7,6,1,146,87,59,207,137,70,1,1,0,1,1,0,381,34,347,147,141,6,7,7,0,236,123,113,157,120,37,4,0,4,3,1,2,43,26,17,98,80,18,12,2,10,11,2,9,53,8,45,103,18,85,0.6960040465351542,0.1888383071994604,0.5071657393356939,0.0025290844714212,0.0016860563142808,0.0008430281571404,0.048895633114145895,0.018883830719946,0.0300118023941999,0.0011802394199965,0.0010116337885685,0.000168605631428,0.024616422188501,0.0146686899342438,0.0099477322542572,0.034901365705614404,0.0230989715056482,0.0118023941999662,0.000168605631428,0.000168605631428,0.0,0.000168605631428,0.000168605631428,0.0,0.0642387455741021,0.005732591468555,0.0585061541055471,0.0247850278199291,0.0237733940313606,0.0010116337885685,0.0011802394199966,0.0011802394199966,0.0,0.0397909290170291,0.020738492665655,0.0190524363513741,0.02647108413421,0.0202326757713707,0.0062384083628393,0.0006744225257123,0.0,0.0006744225257123,0.0005058168942841,0.000168605631428,0.0003372112628561,0.0072500421514077994,0.0043837464171303,0.0028662957342775,0.0165233518799527,0.0134884505142471,0.0030349013657056,0.0020232675771369,0.0003372112628561,0.0016860563142808,0.0018546619457089,0.0003372112628561,0.0015174506828528,0.0089360984656887,0.0013488450514247,0.007587253414264,0.0173663800370932,0.0030349013657056,0.0143314786713876,1968
2021-03-01,2021,3,4381,985,3396,16,14,2,268,93,175,2,1,1,199,116,83,190,111,79,3,2,1,1,1,0,420,26,394,231,212,19,41,40,1,207,121,86,187,116,71,14,0,14,8,3,5,49,33,16,57,38,19,19,9,10,16,7,9,73,9,64,104,15,89,0.6874313510120821,0.1545582927977404,0.5328730582143417,0.0025105915581358,0.0021967676133689,0.0003138239447669,0.042052408598776,0.0145928134316648,0.0274595951671112,0.0003138239447668,0.0001569119723834,0.0001569119723834,0.031225482504315,0.0182017887964851,0.0130236937078299,0.0298132747528636,0.0174172289345677,0.0123960458182959,0.0004707359171503,0.0003138239447669,0.0001569119723834,0.0001569119723834,0.0001569119723834,0.0,0.06590302840106689,0.0040797112819708,0.0618233171190961,0.036246665620586704,0.0332653381453004,0.0029813274752863,0.006433390867723101,0.0062764788953397,0.0001569119723834,0.0324807782833829,0.0189863486584026,0.0134944296249803,0.029342538835713,0.0182017887964851,0.0111407500392279,0.0021967676133689,0.0,0.0021967676133689,0.0012552957790677999,0.0004707359171504,0.0007845598619174,0.007688686646791,0.0051780950886552,0.0025105915581358,0.008943982425859,0.0059626549505727,0.0029813274752863,0.0029813274752862997,0.0014122077514514,0.0015691197238349,0.0025105915581358,0.0010983838066844,0.0014122077514514,0.0114545739839949,0.0014122077514514,0.0100423662325435,0.0163188451278831,0.0023536795857523,0.0139651655421308,1892
2021-04-01,2021,4,5258,1218,4040,23,20,3,237,69,168,8,4,4,200,146,54,154,85,69,3,1,2,0,0,0,498,24,474,324,309,15,147,146,1,243,130,113,157,72,85,27,1,26,23,15,8,87,63,24,77,55,22,10,3,7,10,3,7,126,59,67,234,87,147,0.6771410173857051,0.1568576947842885,0.5202833226014166,0.00296200901481,0.0025756600128783,0.0003863490019317,0.0305215711526078,0.0088860270444301,0.0216355441081777,0.0010302640051512,0.0005151320025756,0.0005151320025756,0.0257566001287829,0.0188023180940115,0.0069542820347714,0.019832582099162797,0.0109465550547327,0.0088860270444301,0.00038634900193169994,0.0001287830006439,0.0002575660012878,0.0,0.0,0.0,0.0641339343206696,0.0030907920154539,0.0610431423052157,0.0417256922086284,0.0397939471989697,0.0019317450096587,0.018931101094655397,0.0188023180940115,0.0001287830006439,0.0312942691564712,0.0167417900837089,0.0145524790727623,0.0202189311010945,0.0092723760463618,0.0109465550547327,0.0034771410173856,0.0001287830006439,0.0033483580167417,0.0029620090148100003,0.0019317450096587,0.0010302640051513,0.0112041210560205,0.0081133290405666,0.0030907920154539,0.0099162910495814,0.0070830650354153,0.0028332260141661,0.0012878300064391,0.0003863490019317,0.0009014810045074,0.0012878300064391,0.0003863490019317,0.0009014810045074,0.0162266580811332,0.0075981970379909,0.0086284610431423,0.0301352221506761,0.0112041210560206,0.0189311010946555,2473
2021-05-01,2021,5,4714,1223,3491,26,20,6,180,70,110,7,4,3,212,155,57,138,91,47,1,1,0,4,0,4,445,38,407,116,107,9,67,67,0,264,148,116,152,77,75,7,5,2,35,28,7,34,27,7,55,37,18,13,4,9,11,2,9,125,52,73,172,77,95,0.7043179441207231,0.1827282235171074,0.5215897206036157,0.0038846556103391,0.0029881966233378,0.0008964589870013,0.026893769610040197,0.0104586881816823,0.0164350814283579,0.0010458688181681,0.0005976393246675,0.0004482294935006,0.031674884207380696,0.023158523830868,0.0085163603765127,0.0206185567010308,0.013596294636187,0.0070222620648438,0.0001494098311668,0.0001494098311668,0.0,0.0005976393246675,0.0,0.0005976393246675,0.0664873748692663,0.0056775735843418,0.0608098012849245,0.0173315404153593,0.0159868519348573,0.001344688480502,0.0100104586881816,0.0100104586881816,0.0,0.0394441954280591,0.0221126550126998,0.0173315404153593,0.0227102943373673,0.0115045569998505,0.0112057373375168,0.0010458688181681,0.0007470491558344,0.0002988196623337,0.0052293440908411,0.0041834752726729,0.0010458688181682,0.0050799342596742,0.004034065441506,0.0010458688181682,0.0082175407141789,0.0055281637531749,0.002689376961004,0.0019423278051695,0.0005976393246675,0.001344688480502,0.0016435081428357,0.0002988196623337,0.001344688480502,0.0186762288958613,0.0077693112206783,0.010906917675183,0.0256984909607051,0.0115045569998505,0.0141939339608546,2179
2021-06-01,2021,6,4757,1098,3659,21,16,5,249,103,146,5,2,3,167,104,63,183,115,68,3,2,1,2,0,2,464,25,439,193,180,13,24,24,0,226,107,119,187,96,91,17,5,12,21,11,10,86,45,41,44,34,10,10,2,8,13,6,7,83,14,69,102,17,85,0.7047407407407407,0.1626666666666666,0.542074074074074,0.0031111111111110003,0.0023703703703703,0.0007407407407407,0.0368888888888888,0.0152592592592592,0.0216296296296296,0.0007407407407406001,0.0002962962962962,0.0004444444444444,0.0247407407407407,0.0154074074074074,0.0093333333333333,0.027111111111111,0.017037037037037,0.010074074074074,0.00044444444444430005,0.0002962962962962,0.0001481481481481,0.0002962962962962,0.0,0.0002962962962962,0.0687407407407407,0.0037037037037037,0.065037037037037,0.0285925925925925,0.0266666666666666,0.0019259259259259,0.0035555555555555,0.0035555555555555,0.0,0.033481481481481404,0.0158518518518518,0.0176296296296296,0.0277037037037036,0.0142222222222222,0.0134814814814814,0.0025185185185184,0.0007407407407407,0.0017777777777777,0.0031111111111110003,0.0016296296296296,0.0014814814814814,0.012740740740740601,0.0066666666666666,0.006074074074074,0.006518518518518399,0.005037037037037,0.0014814814814814,0.0014814814814813,0.0002962962962962,0.0011851851851851,0.0019259259259258,0.0008888888888888,0.001037037037037,0.012296296296296201,0.002074074074074,0.0102222222222222,0.015111111111111,0.0025185185185185,0.0125925925925925,1947
2021-07-01,2021,7,4175,855,3320,18,14,4,143,62,81,10,7,3,113,74,39,113,84,29,1,1,0,4,3,1,432,47,385,228,213,15,60,59,1,152,77,75,172,98,74,5,2,3,22,16,6,14,8,6,27,19,8,18,2,16,18,9,9,91,16,75,138,43,95,0.7076271186440678,0.1449152542372881,0.5627118644067797,0.0030508474576271,0.0023728813559322,0.0006779661016949,0.024237288135593102,0.0105084745762711,0.013728813559322,0.0016949152542371998,0.0011864406779661,0.0005084745762711,0.0191525423728813,0.0125423728813559,0.0066101694915254,0.0191525423728813,0.0142372881355932,0.0049152542372881,0.0001694915254237,0.0001694915254237,0.0,0.0006779661016948,0.0005084745762711,0.0001694915254237,0.07322033898305069,0.0079661016949152,0.0652542372881355,0.0386440677966101,0.0361016949152542,0.0025423728813559,0.0101694915254237,0.01,0.0001694915254237,0.0257627118644067,0.0130508474576271,0.0127118644067796,0.0291525423728813,0.0166101694915254,0.0125423728813559,0.0008474576271185001,0.0003389830508474,0.0005084745762711,0.0037288135593219,0.0027118644067796,0.0010169491525423,0.0023728813559321,0.0013559322033898,0.0010169491525423,0.004576271186440601,0.0032203389830508,0.0013559322033898,0.0030508474576270003,0.0003389830508474,0.0027118644067796,0.003050847457627,0.0015254237288135,0.0015254237288135,0.0154237288135592,0.0027118644067796,0.0127118644067796,0.0233898305084745,0.0072881355932203,0.0161016949152542,1677
2021-08-01,2021,8,4176,917,3259,15,9,6,161,62,99,3,1,2,129,82,47,80,52,28,3,3,0,1,0,1,372,26,346,115,108,7,6,6,0,129,68,61,119,62,57,4,1,3,20,14,6,25,19,6,49,36,13,18,9,9,10,3,7,93,15,78,153,36,117,0.7412140575079872,0.1627618033368832,0.578452254171104,0.0026624068157613,0.0015974440894568,0.0010649627263045,0.0285764998225061,0.0110046148384806,0.0175718849840255,0.0005324813631522,0.0001774937877174,0.0003549875754348,0.0228966986155484,0.0145544905928292,0.0083422080227192,0.0141995030173943,0.0092296769613063,0.004969826056088,0.0005324813631522,0.0005324813631522,0.0,0.0001774937877174,0.0,0.0001774937877174,0.0660276890308838,0.0046148384806531,0.0614128505502307,0.0204117855875044,0.0191693290734824,0.001242456514022,0.0010649627263045,0.0010649627263045,0.0,0.022896698615548397,0.0120695775647852,0.0108271210507632,0.0211217607383741,0.0110046148384806,0.0101171458998935,0.0007099751508696,0.0001774937877174,0.0005324813631522,0.0035498757543485,0.002484913028044,0.0010649627263045,0.004437344692935601,0.0033723819666311,0.0010649627263045,0.0086971955981539,0.0063897763578274,0.0023074192403265,0.0031948881789136,0.0015974440894568,0.0015974440894568,0.0017749378771742,0.0005324813631522,0.001242456514022,0.0165069222577209,0.0026624068157614,0.0138445154419595,0.0271565495207666,0.0063897763578274,0.0207667731629392,1503
2021-09-01,2021,9,4346,927,3419,12,7,5,251,87,164,6,4,2,183,106,77,153,96,57,7,7,0,3,1,2,316,23,293,226,223,3,16,16,0,217,124,93,140,49,91,6,1,5,13,11,2,34,17,17,66,52,14,20,5,15,12,4,8,94,16,78,109,12,97,0.7072416598860861,0.1508543531326281,0.556387306753458,0.0019528071602928,0.0011391375101708,0.000813669650122,0.0408462164361268,0.0141578519121236,0.0266883645240032,0.0009764035801463999,0.0006509357200976,0.0003254678600488,0.0297803091944669,0.0172497965825874,0.0125305126118795,0.024898291293734602,0.0156224572823433,0.0092758340113913,0.0011391375101708,0.0011391375101708,0.0,0.00048820179007319996,0.0001627339300244,0.0003254678600488,0.0514239218877135,0.0037428803905614,0.0476810414971521,0.0367778681855166,0.0362896663954434,0.0004882017900732,0.0026037428803905,0.0026037428803905,0.0,0.0353132628152969,0.0201790073230268,0.0151342554922701,0.0227827502034173,0.007973962571196,0.0148087876322213,0.0009764035801464,0.0001627339300244,0.000813669650122,0.0021155410903173,0.0017900732302685,0.0003254678600488,0.0055329536208298,0.0027664768104149,0.0027664768104149,0.010740439381611,0.0084621643612693,0.0022782750203417,0.0032546786004881,0.000813669650122,0.0024410089503661,0.0019528071602927998,0.0006509357200976,0.0013018714401952,0.015296989422294401,0.0026037428803905,0.0126932465419039,0.0177379983726606,0.0019528071602929,0.0157851912123677,1745
2021-10-01,2021,10,4428,948,3480,12,11,1,208,70,138,3,2,1,165,90,75,138,83,55,1,0,1,0,0,0,332,16,316,280,271,9,37,37,0,129,54,75,137,51,86,7,0,7,17,15,2,17,10,7,74,65,9,18,5,13,18,7,11,64,10,54,99,23,76,0.7236476548455629,0.1549272756986435,0.5687203791469194,0.0019611047556789,0.0017976793593724,0.0001634253963065,0.0339924824317698,0.011439777741461,0.0225527046903088,0.0004902761889196,0.0003268507926131,0.0001634253963065,0.026965190390586598,0.0147082856675927,0.0122569047229939,0.022552704690308803,0.0135643078934466,0.0089883967968622,0.0001634253963065,0.0,0.0001634253963065,0.0,0.0,0.0,0.0542572315737864,0.0026148063409053,0.0516424252328811,0.045759110965844,0.0442882823990848,0.0014708285667592,0.0060467396633436,0.0060467396633436,0.0,0.0210818761235495,0.0088249714005556,0.0122569047229939,0.022389279294002203,0.0083346952116358,0.0140545840823664,0.0011439777741461,0.0,0.0011439777741461,0.0027782317372118,0.0024513809445987,0.0003268507926131,0.0027782317372119,0.0016342539630658,0.0011439777741461,0.0120934793266872,0.010622650759928,0.0014708285667592,0.0029416571335185,0.0008171269815329,0.0021245301519856,0.0029416571335185004,0.0011439777741461,0.0017976793593724,0.0104592253636214,0.0016342539630658,0.0088249714005556,0.0161791142343519,0.0037587841150514,0.0124203301193005,1732
2021-11-01,2021,11,4237,896,3341,13,11,2,232,104,128,4,2,2,201,132,69,187,147,40,17,16,1,0,0,0,337,25,312,510,490,20,134,133,1,181,85,96,89,35,54,5,2,3,16,13,3,25,11,14,69,49,20,10,2,8,26,11,15,61,7,54,104,23,81,0.6649403640929065,0.1406151914626491,0.5243251726302574,0.0020401757689893,0.0017263025737602,0.0003138731952291,0.036409290646578704,0.0163214061519146,0.0200878844946641,0.0006277463904582,0.0003138731952291,0.0003138731952291,0.0315442561205272,0.0207156308851224,0.0108286252354048,0.029347143753923298,0.0230696798493408,0.0062774639045825,0.0026679221594475,0.002510985561833,0.0001569365976145,0.0,0.0,0.0,0.0528876333961078,0.003923414940364,0.0489642184557438,0.0800376647834274,0.0768989328311362,0.0031387319522912,0.0210295040803514,0.0208725674827369,0.0001569365976145,0.028405524168236003,0.0133396107972379,0.0150659133709981,0.013967357187696101,0.0054927809165097,0.0084745762711864,0.0007846829880727,0.0003138731952291,0.0004708097928436,0.0025109855618329,0.0020401757689893,0.0004708097928436,0.003923414940364,0.0017263025737602,0.0021971123666038,0.0108286252354048,0.0076898932831136,0.0031387319522912,0.0015693659761456002,0.0003138731952291,0.0012554927809165,0.0040803515379786,0.0017263025737602,0.0023540489642184,0.009573132454488301,0.0010985561833019,0.0084745762711864,0.0163214061519145,0.0036095417451349,0.0127118644067796,2123
2021-12-01,2021,12,4680,1017,3663,17,12,5,213,83,130,5,2,3,164,71,93,134,94,40,12,7,5,1,0,1,336,27,309,250,240,10,62,60,2,198,106,92,105,36,69,6,2,4,13,9,4,24,12,12,56,38,18,11,2,9,4,1,3,64,9,55,215,70,145,0.7193359975407316,0.1563172456194282,0.5630187519213035,0.0026129726406393,0.0018444512757454,0.0007685213648939,0.0327390101444819,0.0127574546572394,0.0199815554872425,0.0007685213648937999,0.0003074085459575,0.0004611128189363,0.025207500768521303,0.010913003381494,0.0142944973870273,0.0205963725791576,0.0144482016600061,0.0061481709191515,0.0018444512757454,0.0010759299108515,0.0007685213648939,0.0001537042729787,0.0,0.0001537042729787,0.051644635720872904,0.0041500153704272,0.0474946203504457,0.038426068244697104,0.0368890255149093,0.0015370427297878,0.0095296649246848,0.0092222563787273,0.0003074085459575,0.030433446049800097,0.0162926529357516,0.0141407931140485,0.016138948662772698,0.0055333538272363,0.0106055948355364,0.0009222256378726,0.0003074085459575,0.0006148170919151,0.0019981555487240997,0.001383338456809,0.0006148170919151,0.0036889025514908,0.0018444512757454,0.0018444512757454,0.008607439286812,0.0058407623731939,0.0027666769136181,0.0016907470027665,0.0003074085459575,0.001383338456809,0.0006148170919150001,0.0001537042729787,0.0004611128189363,0.0098370734706423,0.001383338456809,0.0084537350138333,0.033046418690439505,0.0107592991085152,0.0222871195819243,1856
2022-01-01,2022,1,3720,894,2826,22,20,2,251,88,163,11,5,6,100,58,42,77,43,34,1,1,0,0,0,0,338,39,299,73,66,7,6,6,0,159,87,72,98,35,63,13,2,11,59,56,3,44,38,6,41,30,11,18,6,12,9,3,6,85,25,60,143,61,82,0.7118254879448909,0.1710677382319173,0.5407577497129736,0.0042097206276309005,0.0038270187523918,0.0003827018752391,0.048029085342518096,0.0168388825105243,0.0311902028319938,0.0021048603138154,0.0009567546880979,0.0011481056257175,0.0191350937619593,0.0110983543819364,0.0080367393800229,0.0147340221967087,0.0082280903176425,0.0065059318790662,0.0001913509376195,0.0001913509376195,0.0,0.0,0.0,0.0,0.0646766169154228,0.0074626865671641,0.0572139303482587,0.0139686184462303,0.0126291618828932,0.0013394565633371,0.0011481056257175,0.0011481056257175,0.0,0.0304247990815154,0.0166475315729047,0.0137772675086107,0.0187523918867202,0.0066972828166858,0.0120551090700344,0.0024875621890546,0.0003827018752391,0.0021048603138155,0.011289705319555901,0.0107156525066972,0.0005740528128587,0.008419441255262,0.0072713356295445,0.0011481056257175,0.0078453884424033,0.0057405281285878,0.0021048603138155,0.0034443168771526,0.0011481056257175,0.0022962112514351,0.0017221584385761998,0.0005740528128587,0.0011481056257175,0.0162648296976654,0.0047837734404898,0.0114810562571756,0.0273631840796019,0.0116724071947952,0.0156907768848067,1542
2022-02-01,2022,2,3947,977,2970,18,15,3,279,110,169,10,10,0,161,93,68,179,124,55,4,1,3,0,0,0,273,22,251,131,129,2,20,20,0,176,97,79,135,48,87,7,4,3,6,4,2,25,21,4,80,64,16,10,3,7,15,10,5,53,6,47,133,30,103,0.7070942314582587,0.175026872088857,0.5320673593694016,0.0032246506628448002,0.002687208885704,0.0005374417771408,0.0499820852740952,0.019706198495163,0.0302758867789322,0.0017914725904693,0.0017914725904693,0.0,0.028842708706556697,0.0166606950913651,0.0121820136151916,0.032067359369401596,0.0222142601218201,0.0098530992475815,0.0007165890361877,0.0001791472590469,0.0005374417771408,0.0,0.0,0.0,0.0489072017198136,0.0039412396990326,0.044965962020781,0.0234682909351486,0.0231099964170548,0.0003582945180938,0.0035829451809387,0.0035829451809387,0.0,0.0315299175922607,0.0173772841275528,0.0141526334647079,0.024184879971336302,0.0085990684342529,0.0155858115370834,0.0012540308133285,0.0007165890361877,0.0005374417771408,0.0010748835542815,0.0007165890361877,0.0003582945180938,0.0044786814761732996,0.0037620924399856,0.0007165890361877,0.014331780723754801,0.0114654245790039,0.0028663561447509,0.0017914725904692999,0.0005374417771408,0.0012540308133285,0.0026872088857039,0.0017914725904693,0.0008957362952346,0.0094948047294876,0.0010748835542816,0.008419921175206,0.0238265854532424,0.005374417771408,0.0184521676818344,1725
2022-03-01,2022,3,4427,1032,3395,17,15,2,317,126,191,20,17,3,213,128,85,145,76,69,2,0,2,0,0,0,265,37,228,44,41,3,13,11,2,205,87,118,128,44,84,7,3,4,15,11,4,37,30,7,43,23,20,14,1,13,14,7,7,56,21,35,118,27,91,0.7355042365841501,0.1714570526665559,0.5640471839175942,0.0028243894334606997,0.0024921083236418,0.0003322811098189,0.0526665559062967,0.0209337099185911,0.0317328459877056,0.003322811098189,0.0028243894334607,0.0004984216647283,0.0353879381957135,0.02126599102841,0.0141219471673035,0.0240903804618706,0.0126266821731184,0.0114636982887522,0.0003322811098189,0.0,0.0003322811098189,0.0,0.0,0.0,0.044027247051005004,0.0061472005316497,0.0378800465193553,0.0073101844160158,0.0068117627512875,0.0004984216647283,0.0021598272138228,0.0018275461040039,0.0003322811098189,0.0340588137564379,0.0144542282771224,0.0196045854793155,0.021265991028409897,0.0073101844160159,0.013955806612394,0.0011629838843661001,0.0004984216647283,0.0006645622196378,0.0024921083236417,0.0018275461040039,0.0006645622196378,0.006147200531649699,0.0049842166472836,0.0011629838843661,0.007144043861106401,0.0038212327629174,0.003322811098189,0.0023259677687322003,0.0001661405549094,0.0021598272138228,0.0023259677687322,0.0011629838843661,0.0011629838843661,0.0093038710749293,0.0034889516530985,0.0058149194218308,0.0196045854793154,0.0044857949825552,0.0151187904967602,1695
2022-04-01,2022,4,4402,913,3489,9,7,2,276,86,190,11,5,6,241,135,106,162,100,62,8,5,3,0,0,0,185,31,154,65,57,8,3,3,0,230,123,107,141,48,93,3,1,2,8,5,3,25,18,7,50,36,14,16,3,13,16,8,8,54,19,35,121,35,86,0.7413270461434827,0.1537554732233075,0.5875715729201751,0.0015156618390028999,0.0011788480970023,0.0003368137420006,0.0464802963960928,0.0144829909060289,0.0319973054900639,0.0018524755810036,0.0008420343550016,0.001010441226002,0.040586055911081095,0.0227349275850454,0.0178511283260357,0.027281913102054398,0.0168406871000336,0.0104412260020208,0.0013472549680026,0.0008420343550016,0.000505220613001,0.0,0.0,0.0,0.0311552711350622,0.0052206130010104,0.0259346581340518,0.010946446615021699,0.0095991916470191,0.0013472549680026,0.000505220613001,0.000505220613001,0.0,0.0387335803300774,0.0207140451330414,0.018019535197036,0.0237453688110474,0.0080835298080161,0.0156618390030313,0.0005052206130009001,0.0001684068710003,0.0003368137420006,0.0013472549680026,0.0008420343550016,0.000505220613001,0.0042101717750083,0.003031323678006,0.0011788480970023,0.0084203435500168,0.0060626473560121,0.0023576961940047,0.0026945099360053,0.000505220613001,0.0021892893230043,0.0026945099360052,0.0013472549680026,0.0013472549680026,0.009093971034018,0.0031997305490063,0.0058942404850117,0.020377231391040602,0.0058942404850117,0.0144829909060289,1585
2022-05-01,2022,5,3830,756,3074,7,6,1,257,96,161,14,9,5,190,110,80,125,89,36,0,0,0,0,0,0,156,26,130,21,17,4,0,0,0,148,74,74,149,63,86,3,0,3,14,11,3,32,15,17,55,30,25,9,2,7,5,1,4,78,19,59,135,15,120,0.7441227899747425,0.1468816786477559,0.5972411113269865,0.0013600155430347001,0.0011657276083155,0.0001942879347192,0.0499319992228481,0.0186516417330483,0.0312803574897998,0.0027200310860694002,0.0017485914124732,0.0009714396735962,0.0369147075966582,0.0213716728191179,0.0155430347775403,0.0242859918399067,0.0172916261900136,0.0069943656498931,0.0,0.0,0.0,0.0,0.0,0.0,0.030308917816203602,0.0050514863027006,0.025257431513503,0.0040800466291043,0.0033028948902273,0.000777151738877,0.0,0.0,0.0,0.0287546143384494,0.0143773071692247,0.0143773071692247,0.0289489022731687,0.0122401398873129,0.0167087623858558,0.0005828638041577,0.0,0.0005828638041577,0.0027200310860694,0.0021371672819117,0.0005828638041577,0.0062172139110161,0.0029143190207888,0.0033028948902273,0.0106858364095589,0.0058286380415776,0.0048571983679813,0.0017485914124732,0.0003885758694385,0.0013600155430347,0.0009714396735962,0.0001942879347192,0.000777151738877,0.015154458908101699,0.0036914707596658,0.0114629881484359,0.026228871187099198,0.0029143190207888,0.0233145521663104,1280
2022-06-01,2022,6,4427,882,3545,16,10,6,233,85,148,2,2,0,179,98,81,147,100,47,6,5,1,0,0,0,154,34,120,27,24,3,1,1,0,241,125,116,161,49,112,9,1,8,7,6,1,32,18,14,84,62,22,9,1,8,24,15,9,97,16,81,199,65,134,0.7407965194109772,0.1475903614457831,0.5932061579651942,0.002677376171352,0.001673360107095,0.001004016064257,0.038989290495314397,0.0142235609103078,0.0247657295850066,0.000334672021419,0.000334672021419,0.0,0.029953145917001198,0.0163989290495314,0.0135542168674698,0.0245983935742971,0.0167336010709504,0.0078647925033467,0.001004016064257,0.0008366800535475,0.0001673360107095,0.0,0.0,0.0,0.025769745649263598,0.0056894243641231,0.0200803212851405,0.0045180722891566,0.0040160642570281,0.0005020080321285,0.0001673360107095,0.0001673360107095,0.0,0.0403279785809905,0.020917001338688,0.0194109772423025,0.0269410977242302,0.0081994645247657,0.0187416331994645,0.0015060240963855,0.0001673360107095,0.001338688085676,0.0011713520749665,0.001004016064257,0.0001673360107095,0.005354752342704,0.003012048192771,0.002342704149933,0.0140562248995983,0.0103748326639892,0.0036813922356091,0.0015060240963855,0.0001673360107095,0.001338688085676,0.004016064257028,0.0025100401606425,0.0015060240963855,0.0162315930388218,0.002677376171352,0.0135542168674698,0.0332998661311914,0.0108768406961178,0.0224230254350736,1549
2022-07-01,2022,7,4033,711,3322,24,20,4,209,66,143,8,7,1,188,116,72,110,58,52,4,4,0,1,1,0,221,33,188,4,3,1,1,1,0,164,58,106,93,28,65,6,1,5,10,5,5,21,12,9,58,39,19,10,2,8,12,7,5,76,18,58,181,27,154,0.7507446016381236,0.1323529411764706,0.6183916604616531,0.0044676098287416,0.003723008190618,0.0007446016381236,0.0389054355919582,0.0122859270290394,0.0266195085629188,0.0014892032762472,0.0013030528667163,0.0001861504095309,0.0349962769918093,0.0215934475055845,0.0134028294862248,0.020476545048399,0.0107967237527922,0.0096798212956068,0.0007446016381236,0.0007446016381236,0.0,0.0001861504095309,0.0001861504095309,0.0,0.041139240506329,0.0061429635145197,0.0349962769918093,0.0007446016381236,0.0005584512285927,0.0001861504095309,0.0001861504095309,0.0001861504095309,0.0,0.0305286671630677,0.0107967237527922,0.0197319434102755,0.0173119880863737,0.0052122114668652,0.0120997766195085,0.0011169024571854,0.0001861504095309,0.0009307520476545,0.001861504095309,0.0009307520476545,0.0009307520476545,0.0039091586001489,0.0022338049143708,0.0016753536857781,0.0107967237527922,0.0072598659717051,0.0035368577810871,0.001861504095309,0.0003723008190618,0.0014892032762472,0.0022338049143708,0.0013030528667163,0.0009307520476545,0.0141474311243484,0.0033507073715562,0.0107967237527922,0.033693224125093,0.0050260610573343,0.0286671630677587,1185
2022-08-01,2022,8,3792,627,3165,11,6,5,195,59,136,6,2,4,133,76,57,76,42,34,0,0,0,0,0,0,135,33,102,14,11,3,3,3,0,156,64,92,105,32,73,7,3,4,11,9,2,30,12,18,71,51,20,12,2,10,8,5,3,66,13,53,141,22,119,0.7697929354445797,0.1272838002436053,0.6425091352009744,0.0022330491270807,0.0012180267965895,0.0010150223304912,0.0395858708891594,0.0119772634997969,0.0276086073893625,0.0012180267965895002,0.0004060089321965,0.000812017864393,0.026999593991067702,0.0154283394234673,0.0115712545676004,0.015428339423467202,0.0085261875761266,0.0069021518473406,0.0,0.0,0.0,0.0,0.0,0.0,0.027405602923264202,0.0066991473812423,0.0207064555420219,0.0028420625253754,0.0022330491270807,0.0006090133982947,0.0006090133982947,0.0006090133982947,0.0,0.0316686967113275,0.0129922858302882,0.0186764108810393,0.0213154689403166,0.0064961429151441,0.0148193260251725,0.0014210312626877,0.0006090133982947,0.000812017864393,0.0022330491270807,0.0018270401948842,0.0004060089321965,0.0060901339829475005,0.002436053593179,0.0036540803897685,0.0144133170929759,0.0103532277710109,0.004060089321965,0.002436053593179,0.0004060089321965,0.0020300446609825,0.0016240357287859,0.0010150223304912,0.0006090133982947,0.0133982947624847,0.0026390580592773,0.0107592367032074,0.0286236297198537,0.0044660982541615,0.0241575314656922,1047
2022-09-01,2022,9,4333,1324,3009,17,15,2,241,88,153,6,5,1,276,195,81,95,61,34,4,0,4,2,2,0,98,43,55,20,18,2,1,1,0,191,93,98,128,49,79,6,4,2,29,26,3,14,10,4,61,45,16,7,2,5,16,10,6,162,108,54,287,173,114,0.730814639905549,0.2233091583740934,0.5075054815314556,0.0028672626075222,0.0025299375948726,0.0003373250126496,0.0406476640242873,0.0148423005565862,0.0258053634677011,0.0010119750379489999,0.0008433125316242,0.0001686625063248,0.046550851745656804,0.0328891887333445,0.0136616630123123,0.01602293810086,0.0102884128858154,0.0057345252150446,0.0006746500252993,0.0,0.0006746500252993,0.0003373250126496,0.0003373250126496,0.0,0.0165289256198346,0.0072524877719682,0.0092764378478664,0.0033732501264966998,0.0030359251138471,0.0003373250126496,0.0001686625063248,0.0001686625063248,0.0,0.032214538708045096,0.0156856130882104,0.0165289256198347,0.0215888008095799,0.0082644628099173,0.0133243379996626,0.0010119750379489001,0.0006746500252993,0.0003373250126496,0.0048912126834204,0.0043852251644459,0.0005059875189745,0.0023612750885477,0.0016866250632484,0.0006746500252993,0.0102884128858154,0.0075898127846179,0.0026986001011975,0.0011806375442738,0.0003373250126496,0.0008433125316242,0.0026986001011974,0.0016866250632484,0.001011975037949,0.027323326024624603,0.0182155506830831,0.0091077753415415,0.048406139315230204,0.029178613594198,0.0192275257210322,2226
2022-10-01,2022,10,4029,1104,2925,46,39,7,269,126,143,34,21,13,212,142,70,105,56,49,1,1,0,0,0,0,95,27,68,34,33,1,2,2,0,144,72,72,140,65,75,11,3,8,12,11,1,48,38,10,71,61,10,13,8,5,13,9,4,75,21,54,100,23,77,0.7469410456062291,0.2046718576195773,0.5422691879866518,0.0085279940674823,0.007230255839822,0.0012977382276603,0.0498702261772339,0.0233592880978865,0.0265109380793474,0.0063032999629216,0.003893214682981,0.0024100852799406,0.0393029291805709,0.0263255469039673,0.0129773822766036,0.019466073414905402,0.0103819058212829,0.0090841675936225,0.00018539117538,0.00018539117538,0.0,0.0,0.0,0.0,0.0176121616611049,0.0050055617352614,0.0126065999258435,0.0063032999629217,0.0061179087875417,0.00018539117538,0.0003707823507601,0.0003707823507601,0.0,0.0266963292547274,0.0133481646273637,0.0133481646273637,0.0259547645532071,0.0120504263997033,0.0139043381535038,0.0020393029291805,0.0005561735261401,0.0014831294030404,0.0022246941045605,0.0020393029291805,0.00018539117538,0.0088987764182424,0.0070448646644419,0.0018539117538005,0.013162773451983599,0.0113088616981831,0.0018539117538005,0.0024100852799406,0.0014831294030404,0.0009269558769002,0.0024100852799406,0.0016685205784204,0.0007415647015202,0.0139043381535038,0.003893214682981,0.0100111234705228,0.018539117538005,0.0042639970337411,0.0142751205042639,1831
2022-11-01,2022,11,3367,872,2495,26,23,3,257,117,140,31,21,10,165,102,63,86,55,31,1,0,1,3,2,1,94,25,69,43,41,2,1,1,0,168,81,87,173,83,90,4,1,3,1,1,0,28,22,6,60,49,11,8,2,6,12,5,7,50,9,41,74,13,61,0.7321156773211568,0.1896064361817786,0.5425092411393782,0.0056534029136768,0.005001087192868,0.0006523157208088,0.055881713415959905,0.0254403131115459,0.030441400304414,0.006740595781691601,0.0045662100456621,0.0021743857360295,0.0358773646444879,0.0221787345075016,0.0136986301369863,0.0186997173298542,0.0119591215481626,0.0067405957816916,0.0002174385736029,0.0,0.0002174385736029,0.0006523157208088,0.0004348771472059,0.0002174385736029,0.0204392259186779,0.0054359643400739,0.015003261578604,0.0093498586649271,0.0089149815177212,0.0004348771472059,0.0002174385736029,0.0002174385736029,0.0,0.036529680365296704,0.0176125244618395,0.0189171559034572,0.0376168732333115,0.0180474016090454,0.0195694716242661,0.0008697542944117,0.0002174385736029,0.0006523157208088,0.0002174385736029,0.0002174385736029,0.0,0.0060882800608827,0.004783648619265,0.0013046314416177,0.013046314416177401,0.0106544901065449,0.0023918243096325,0.0017395085888236,0.0004348771472059,0.0013046314416177,0.0026092628832354,0.0010871928680147,0.0015220700152207,0.0108719286801478,0.0019569471624266,0.0089149815177212,0.0160904544466187,0.0028267014568384,0.0132637529897803,1493
2022-12-01,2022,12,3677,813,2864,28,25,3,231,81,150,17,13,4,161,95,66,98,60,38,2,2,0,0,0,0,116,26,90,16,11,5,0,0,0,157,75,82,137,65,72,37,7,30,6,4,2,46,36,10,37,33,4,10,1,9,13,9,4,52,0,52,82,17,65,0.7537925379253793,0.1666666666666666,0.5871258712587126,0.005740057400574,0.0051250512505125,0.0006150061500615,0.0473554735547355,0.0166051660516605,0.030750307503075,0.0034850348503485,0.0026650266502665,0.000820008200082,0.0330053300533005,0.0194751947519475,0.013530135301353,0.020090200902009,0.01230012300123,0.007790077900779,0.000410004100041,0.000410004100041,0.0,0.0,0.0,0.0,0.023780237802378,0.005330053300533,0.018450184501845,0.0032800328003279996,0.0022550225502255,0.0010250102501025,0.0,0.0,0.0,0.0321853218532185,0.0153751537515375,0.016810168101681,0.0280852808528085,0.0133251332513325,0.014760147601476,0.0075850758507585,0.0014350143501435,0.006150061500615,0.001230012300123,0.000820008200082,0.000410004100041,0.009430094300943,0.007380073800738,0.002050020500205,0.0075850758507585,0.0067650676506765,0.000820008200082,0.002050020500205,0.0002050020500205,0.0018450184501845,0.0026650266502665,0.0018450184501845,0.000820008200082,0.010660106601066,0.0,0.010660106601066,0.016810168101681,0.0034850348503485,0.0133251332513325,1346
2023-01-01,2023,1,3300,652,2648,14,13,1,234,87,147,7,4,3,144,77,67,95,68,27,1,0,1,1,0,1,127,20,107,8,5,3,0,0,0,166,84,82,134,44,90,14,6,8,5,4,1,21,21,0,39,26,13,17,2,15,6,3,3,70,9,61,81,9,72,0.7459312839059675,0.147377938517179,0.5985533453887885,0.0031645569620253,0.0029385171790235,0.0002260397830018,0.0528933092224231,0.0196654611211573,0.0332278481012658,0.0015822784810125999,0.0009041591320072,0.0006781193490054,0.0325497287522603,0.0174050632911392,0.0151446654611211,0.021473779385171702,0.0153707052441229,0.0061030741410488,0.0002260397830018,0.0,0.0002260397830018,0.0002260397830018,0.0,0.0002260397830018,0.0287070524412295,0.0045207956600361,0.0241862567811934,0.0018083182640144,0.001130198915009,0.0006781193490054,0.0,0.0,0.0,0.037522603978300095,0.0189873417721519,0.0185352622061482,0.030289330922242202,0.0099457504520795,0.0203435804701627,0.0031645569620251997,0.0013562386980108,0.0018083182640144,0.001130198915009,0.0009041591320072,0.0002260397830018,0.0047468354430379,0.0047468354430379,0.0,0.0088155515370705,0.005877034358047,0.0029385171790235,0.0038426763110307,0.0004520795660036,0.0033905967450271,0.0013562386980108,0.0006781193490054,0.0006781193490054,0.0158227848101265,0.0020343580470162,0.0137884267631103,0.0183092224231464,0.0020343580470162,0.0162748643761302,1092
2023-02-01,2023,2,3159,751,2408,16,13,3,246,75,171,7,5,2,141,96,45,104,64,40,1,1,0,0,0,0,173,80,93,18,15,3,2,2,0,158,70,88,135,49,86,3,0,3,9,6,3,8,4,4,25,17,8,13,0,13,11,2,9,51,12,39,69,14,55,0.7361920298298765,0.1750174784432533,0.5611745513866232,0.0037287345607084,0.0030295968305756,0.0006991377301328,0.0573292938708925,0.0174784432533209,0.0398508506175716,0.0016313213703098,0.0011652295502213,0.0004660918200885,0.0328594733162432,0.0223724073642507,0.0104870659519925,0.0242367746446049,0.0149149382428338,0.0093218364017711,0.0002330459100442,0.0002330459100442,0.0,0.0,0.0,0.0,0.040316942437660194,0.0186436728035423,0.0216732696341179,0.0041948263807969,0.0034956886506641,0.0006991377301328,0.0004660918200885,0.0004660918200885,0.0,0.036821253786995994,0.0163132137030995,0.0205080400838965,0.0314611978559775,0.0114192495921696,0.0200419482638079,0.0006991377301328,0.0,0.0006991377301328,0.0020974131903984,0.0013982754602656,0.0006991377301328,0.0018643672803542,0.0009321836401771,0.0009321836401771,0.005826147751106899,0.0039617804707527,0.0018643672803542,0.0030295968305756,0.0,0.0030295968305756,0.002563505010487,0.0004660918200885,0.0020974131903985,0.0118853414122581,0.0027965509205313,0.0090887904917268,0.0160801677930552,0.0032626427406199,0.0128175250524353,1240
2023-03-01,2023,3,3770,767,3003,13,12,1,298,90,208,8,6,2,198,111,87,123,69,54,2,2,0,1,0,1,146,50,96,36,33,3,3,2,1,184,69,115,132,48,84,2,0,2,5,3,2,34,22,12,51,44,7,13,2,11,10,2,8,39,5,34,102,8,94,0.7397959183673469,0.1505102040816326,0.5892857142857143,0.0025510204081631,0.0023547880690737,0.0001962323390894,0.058477237048665504,0.0176609105180533,0.0408163265306122,0.0015698587127157002,0.0011773940345368,0.0003924646781789,0.0388540031397173,0.0217817896389324,0.0170722135007849,0.0241365777080062,0.0135400313971742,0.010596546310832,0.0003924646781789,0.0003924646781789,0.0,0.0001962323390894,0.0,0.0001962323390894,0.028649921507064198,0.009811616954474,0.0188383045525902,0.0070643642072213,0.0064756671899529,0.0005886970172684,0.0005886970172683,0.0003924646781789,0.0001962323390894,0.0361067503924646,0.0135400313971742,0.0225667189952904,0.025902668759811502,0.0094191522762951,0.0164835164835164,0.0003924646781789,0.0,0.0003924646781789,0.0009811616954473,0.0005886970172684,0.0003924646781789,0.0066718995290423,0.0043171114599686,0.0023547880690737,0.010007849293563499,0.0086342229199372,0.0013736263736263,0.0025510204081632,0.0003924646781789,0.0021585557299843,0.0019623233908947,0.0003924646781789,0.0015698587127158,0.0076530612244896995,0.0009811616954474,0.0066718995290423,0.0200156985871271,0.0015698587127158,0.0184458398744113,1306
2023-04-01,2023,4,3588,664,2924,23,19,4,236,83,153,14,11,3,151,81,70,137,87,50,2,2,0,0,0,0,90,29,61,55,50,5,4,4,0,191,88,103,146,75,71,6,4,2,10,7,3,10,6,4,75,61,14,19,5,14,14,3,11,42,4,38,85,21,64,0.7448619472700851,0.1378451318247872,0.607016815445298,0.0047747560722440005,0.0039443637118538,0.0008303923603902,0.0489931492630267,0.0172306414780984,0.0317625077849283,0.0029063732613659,0.0022835789910732,0.0006227942702927,0.0313473116047331,0.0168154452979032,0.0145318663068299,0.028440938343367098,0.0180610338384886,0.0103799045048785,0.0004151961801951,0.0004151961801951,0.0,0.0,0.0,0.0,0.0186838281087813,0.0060203446128295,0.0126634834959518,0.011417894955366301,0.0103799045048785,0.0010379904504878,0.0008303923603902,0.0008303923603902,0.0,0.039651235208636004,0.0182686319285862,0.0213826032800498,0.0303093211542453,0.0155698567573178,0.0147394643969275,0.0012455885405853,0.0008303923603902,0.0004151961801951,0.0020759809009756,0.0014531866306829,0.0006227942702927,0.0020759809009756,0.0012455885405854,0.0008303923603902,0.0155698567573177,0.0126634834959518,0.0029063732613659,0.0039443637118537,0.0010379904504878,0.0029063732613659,0.0029063732613659,0.0006227942702927,0.0022835789910732,0.0087191197840979,0.0008303923603902,0.0078887274237077,0.0176458376582934,0.0043595598920489,0.0132862777662445,1259
2023-05-01,2023,5,3652,873,2779,15,12,3,242,85,157,15,14,1,172,104,68,165,91,74,5,4,1,1,0,1,88,31,57,51,46,5,10,10,0,169,94,75,207,103,104,5,3,2,5,2,3,10,4,6,55,41,14,23,7,16,8,5,3,38,6,32,97,24,73,0.7382251869820093,0.1764705882352941,0.5617545987467152,0.003032140691328,0.0024257125530624,0.0006064281382656,0.048918536486759596,0.0171821305841924,0.0317364059025672,0.003032140691328,0.0028299979785728,0.0002021427127552,0.0347685465938952,0.0210228421265413,0.0137457044673539,0.0333535476046087,0.0183949868607236,0.0149585607438851,0.0010107135637760002,0.0008085708510208,0.0002021427127552,0.0002021427127552,0.0,0.0002021427127552,0.017788558722457902,0.0062664240954113,0.0115221346270466,0.0103092783505154,0.0092985647867394,0.001010713563776,0.002021427127552,0.002021427127552,0.0,0.0341621184556295,0.0190014149989892,0.0151607034566403,0.041843541540327406,0.0208206994137861,0.0210228421265413,0.0010107135637760002,0.0006064281382656,0.0004042854255104,0.0010107135637760002,0.0004042854255104,0.0006064281382656,0.0020214271275520003,0.0008085708510208,0.0012128562765312,0.0111178492015362,0.0082878512229634,0.0028299979785728,0.0046492823933696,0.0014149989892864,0.0032342834040832,0.0016171417020416,0.001010713563776,0.0006064281382656,0.0076814230846977,0.0012128562765312,0.0064685668081665,0.019607843137254798,0.0048514251061249,0.0147564180311299,1511
2023-06-01,2023,6,3452,762,2690,20,15,5,187,81,106,3,0,3,168,98,70,105,56,49,20,19,1,3,2,1,130,34,96,21,18,3,8,8,0,146,70,76,245,131,114,7,1,6,14,10,4,14,5,9,44,31,13,13,2,11,10,4,6,31,3,28,79,22,57,0.7422059772092022,0.1638357342506987,0.5783702429585036,0.0043001505052676,0.0032251128789507,0.0010750376263169,0.040206407224252796,0.0174156095463341,0.0227907976779187,0.0006450225757901,0.0,0.0006450225757901,0.0361212642442484,0.0210707374758116,0.0150505267684368,0.0225757901526553,0.0120404214147495,0.0105353687379058,0.0043001505052675994,0.0040851429800043,0.0002150075252633,0.00064502257579,0.0004300150505267,0.0002150075252633,0.0279509782842398,0.007310255858955,0.0206407224252848,0.0045151580305310005,0.0038701354547409,0.0006450225757901,0.001720060202107,0.001720060202107,0.0,0.031391098688454,0.0150505267684368,0.0163405719200172,0.0526768436895291,0.0281659858095033,0.0245108578800258,0.0015050526768436,0.0002150075252633,0.0012900451515803,0.0030101053536873003,0.0021500752526338,0.0008600301010535,0.0030101053536873,0.0010750376263169,0.0019350677273704,0.0094603311115888,0.0066652332831649,0.0027950978284239,0.0027950978284239,0.0004300150505267,0.0023650827778972,0.0021500752526338,0.0008600301010535,0.0012900451515803,0.0066652332831648,0.0006450225757901,0.0060202107073747,0.016985594495807298,0.0047301655557944,0.0122554289400129,1336
2023-07-01,2023,7,3449,603,2846,17,12,5,175,68,107,11,6,5,156,105,51,76,50,26,2,2,0,0,0,0,97,26,71,37,35,2,8,8,0,133,46,87,155,84,71,12,3,9,5,2,3,6,2,4,28,25,3,15,2,13,32,25,7,57,9,48,94,15,79,0.7622099447513813,0.1332596685082873,0.628950276243094,0.0037569060773480004,0.0026519337016574,0.0011049723756906,0.0386740331491712,0.0150276243093922,0.023646408839779,0.0024309392265193,0.0013259668508287,0.0011049723756906,0.0344751381215468,0.0232044198895027,0.0112707182320441,0.016795580110497102,0.011049723756906,0.0057458563535911,0.0004419889502762,0.0004419889502762,0.0,0.0,0.0,0.0,0.0214364640883977,0.0057458563535911,0.0156906077348066,0.0081767955801104,0.0077348066298342,0.0004419889502762,0.0017679558011049,0.0017679558011049,0.0,0.02939226519337,0.0101657458563535,0.0192265193370165,0.0342541436464088,0.0185635359116022,0.0156906077348066,0.0026519337016573,0.0006629834254143,0.001988950276243,0.0011049723756905,0.0004419889502762,0.0006629834254143,0.0013259668508285999,0.0004419889502762,0.0008839779005524,0.0061878453038673,0.005524861878453,0.0006629834254143,0.0033149171270717,0.0004419889502762,0.0028729281767955,0.0070718232044198,0.005524861878453,0.0015469613259668,0.0125966850828728,0.001988950276243,0.0106077348066298,0.0207734806629834,0.0033149171270718,0.0174585635359116,1107
2023-08-01,2023,8,3506,596,2910,10,8,2,241,80,161,12,6,6,166,97,69,85,44,41,1,1,0,0,0,0,93,31,62,37,35,2,10,10,0,129,58,71,104,28,76,1,0,1,15,10,5,12,4,8,30,22,8,16,3,13,8,1,7,45,7,38,127,10,117,0.7618426770969143,0.1295089091699261,0.6323337679269883,0.0021729682746631,0.0017383746197305,0.0004345936549326,0.0523685354193828,0.0173837461973055,0.0349847892220773,0.0026075619295958,0.0013037809647979,0.0013037809647979,0.0360712733594089,0.0210777922642329,0.014993481095176,0.018470230334637003,0.009561060408518,0.008909169926119,0.0002172968274663,0.0002172968274663,0.0,0.0,0.0,0.0,0.0202086049543675,0.0067362016514558,0.0134724033029117,0.0080399826162537,0.0076053889613211,0.0004345936549326,0.0021729682746631,0.0021729682746631,0.0,0.0280312907431551,0.0126032159930465,0.0154280747501086,0.0225988700564971,0.0060843111690569,0.0165145588874402,0.0002172968274663,0.0,0.0002172968274663,0.0032594524119946003,0.0021729682746631,0.0010864841373315,0.0026075619295957,0.0008691873098652,0.0017383746197305,0.006518904823989501,0.004780530204259,0.0017383746197305,0.003476749239461,0.0006518904823989,0.0028248587570621,0.0017383746197305,0.0002172968274663,0.0015210777922642,0.0097783572359843,0.0015210777922642,0.0082572794437201,0.027596697088222398,0.0021729682746631,0.0254237288135593,1024
2023-09-01,2023,9,3406,687,2719,7,6,1,241,82,159,9,4,5,175,105,70,114,67,47,2,2,0,0,0,0,87,30,57,33,32,1,3,3,0,141,62,79,161,74,87,2,2,0,6,4,2,6,2,4,78,53,25,13,1,12,12,5,7,30,3,27,80,19,61,0.7490653177919507,0.1510886298658456,0.5979766879261051,0.0015394765779634,0.0013195513525401,0.0002199252254233,0.0530019793270287,0.0180338684847151,0.0349681108423136,0.0019793270288101,0.0008797009016934,0.0010996261271167,0.038486914449087195,0.0230921486694523,0.0153947657796349,0.0250714756982625,0.0147349901033648,0.0103364855948977,0.0004398504508467,0.0004398504508467,0.0,0.0,0.0,0.0,0.0191334946118318,0.0065977567627006,0.0125357378491312,0.0072575324389706,0.0070376072135473,0.0002199252254233,0.00065977567627,0.00065977567627,0.0,0.0310094567846931,0.013635363976248,0.0173740928084451,0.0354079612931602,0.0162744666813283,0.0191334946118319,0.0004398504508467,0.0004398504508467,0.0,0.0013195513525401,0.0008797009016934,0.0004398504508467,0.0013195513525401,0.0004398504508467,0.0008797009016934,0.0171541675830217,0.0116560369474378,0.0054981306355839,0.0028590279305035,0.0002199252254233,0.0026391027050802,0.0026391027050801,0.0010996261271167,0.0015394765779634,0.0065977567627005995,0.00065977567627,0.0059379810864306,0.0175940180338684,0.0041785792830437,0.0134154387508247,1215
2023-10-01,2023,10,3475,813,2662,13,13,0,254,82,172,7,2,5,217,152,65,82,40,42,2,1,1,0,0,0,87,30,57,15,12,3,0,0,0,99,31,68,223,106,117,4,2,2,12,6,6,6,4,2,45,39,6,13,2,11,8,3,5,46,5,41,63,20,43,0.7523273435808617,0.1760121238363282,0.5763152197445335,0.0028144620047629,0.0028144620047629,0.0,0.054990257631521905,0.0177527603377354,0.0372374972937865,0.0015154795410261,0.0004329941545789,0.0010824853864472,0.046979865771812,0.0329075557479974,0.0140723100238146,0.0177527603377353,0.0086598830915782,0.0090928772461571,0.0004329941545788,0.0002164970772894,0.0002164970772894,0.0,0.0,0.0,0.0188352457241826,0.0064949123186836,0.012340333405499,0.0032474561593417,0.0025979649274734,0.0006494912318683,0.0,0.0,0.0,0.0214332106516561,0.0067114093959731,0.014721801255683,0.0482788482355488,0.0229486901926824,0.0253301580428664,0.0008659883091578,0.0004329941545789,0.0004329941545789,0.0025979649274734,0.0012989824637367,0.0012989824637367,0.0012989824637367,0.0008659883091578,0.0004329941545789,0.0097423684780255,0.0084433860142888,0.0012989824637367,0.0028144620047629,0.0004329941545789,0.002381467850184,0.0017319766183155,0.0006494912318683,0.0010824853864472,0.0099588655553149,0.0010824853864472,0.0088763801688677,0.0136393158692357,0.0043299415457891,0.0093093743234466,1343
2023-11-01,2023,11,3174,610,2564,16,12,4,228,73,155,6,4,2,166,90,76,93,43,50,2,1,1,0,0,0,88,23,65,10,8,2,2,2,0,124,51,73,133,50,83,10,2,8,5,3,2,12,6,6,43,27,16,8,2,6,9,6,3,41,9,32,69,11,58,0.7584229390681003,0.1457586618876941,0.6126642771804062,0.0038231780167263998,0.0028673835125448,0.0009557945041816,0.0544802867383512,0.0174432497013142,0.037037037037037,0.0014336917562724001,0.0009557945041816,0.0004778972520908,0.039665471923536394,0.021505376344086,0.0181600955794504,0.0222222222222222,0.0102747909199522,0.01194743130227,0.0004778972520908,0.0002389486260454,0.0002389486260454,0.0,0.0,0.0,0.021027479091995198,0.0054958183990442,0.015531660692951,0.002389486260454,0.0019115890083632,0.0004778972520908,0.0004778972520908,0.0004778972520908,0.0,0.029629629629629596,0.0121863799283154,0.0174432497013142,0.0317801672640382,0.01194743130227,0.0198327359617682,0.002389486260454,0.0004778972520908,0.0019115890083632,0.001194743130227,0.0007168458781362,0.0004778972520908,0.0028673835125448,0.0014336917562724,0.0014336917562724,0.0102747909199522,0.0064516129032258,0.0038231780167264,0.0019115890083631999,0.0004778972520908,0.0014336917562724,0.0021505376344086,0.0014336917562724,0.0007168458781362,0.0097968936678614,0.0021505376344086,0.0076463560334528,0.0164874551971326,0.0026284348864994,0.0138590203106332,1009
2023-12-01,2023,12,3481,671,2810,20,18,2,239,67,172,6,4,2,124,70,54,114,59,55,1,1,0,2,2,0,99,25,74,13,11,2,2,2,0,114,52,62,162,68,94,4,0,4,12,7,5,20,10,10,34,23,11,23,6,17,16,5,11,22,5,17,63,17,46,0.7745883400089008,0.1493101913662661,0.6252781486426346,0.0044503782821538,0.0040053404539385,0.0004450378282153,0.053182020471740005,0.0149087672452158,0.0382732532265242,0.001335113484646,0.0008900756564307,0.0004450378282153,0.027592345349354598,0.0155763239875389,0.0120160213618157,0.0253671562082776,0.0131286159323542,0.0122385402759234,0.0002225189141076,0.0002225189141076,0.0,0.0004450378282153,0.0004450378282153,0.0,0.0220293724966621,0.0055629728526924,0.0164663996439697,0.0028927458833999,0.0024477080551846,0.0004450378282153,0.0004450378282153,0.0004450378282153,0.0,0.0253671562082776,0.0115709835336003,0.0137961726746773,0.036048064085447196,0.0151312861593235,0.0209167779261237,0.0008900756564307,0.0,0.0008900756564307,0.0026702269692922,0.0015576323987538,0.0011125945705384,0.0044503782821538,0.0022251891410769,0.0022251891410769,0.007565643079661601,0.005117935024477,0.0024477080551846,0.0051179350244769,0.0013351134846461,0.0037828215398308,0.003560302625723,0.0011125945705384,0.0024477080551846,0.0048954161103691995,0.0011125945705384,0.0037828215398308,0.0140186915887849,0.0037828215398308,0.0102358700489541,1083
2024-01-01,2024,1,2862,606,2256,15,11,4,204,72,132,10,8,2,129,78,51,93,45,48,13,12,1,0,0,0,145,84,61,19,18,1,0,0,0,181,108,73,149,82,67,5,2,3,5,4,1,7,7,0,38,22,16,23,10,13,4,2,2,43,7,36,80,9,71,0.72072525812138,0.1526063963737094,0.5681188617476706,0.0037773860488541002,0.002770083102493,0.0010073029463611,0.051372450264417,0.0181314530345001,0.0332409972299169,0.0025182573659027,0.0020146058927222,0.0005036514731805,0.032485520020146,0.0196424074540418,0.0128431125661042,0.0234197935028959,0.0113321581465625,0.0120876353563334,0.0032737345756735,0.0030219088390833,0.0002518257365902,0.0,0.0,0.0,0.0365147318055904,0.0211533618735834,0.015361369932007,0.0047846889952152,0.004532863258625,0.0002518257365902,0.0,0.0,0.0,0.045580458322840495,0.0271971795517501,0.0183832787710904,0.0375220347519516,0.0206497104004029,0.0168723243515487,0.0012591286829513,0.0005036514731805,0.0007554772097708,0.0012591286829513,0.0010073029463611,0.0002518257365902,0.0017627801561319,0.0017627801561319,0.0,0.0095693779904305,0.0055401662049861,0.0040292117854444,0.005791991941576299,0.0025182573659027,0.0032737345756736,0.001007302946361,0.0005036514731805,0.0005036514731805,0.010828506673381899,0.0017627801561319,0.00906572651725,0.0201460589272223,0.0022664316293125,0.0178796272979098,1166
2024-02-01,2024,2,3166,539,2627,5,4,1,259,86,173,7,5,2,152,81,71,102,56,46,3,2,1,0,0,0,134,49,85,35,33,2,8,7,1,121,59,62,174,76,98,4,1,3,5,4,1,8,5,3,29,20,9,14,4,10,3,2,1,29,7,22,58,8,50,0.7424953095684803,0.1264071294559099,0.6160881801125704,0.0011726078799248001,0.0009380863039399,0.0002345215759849,0.060741088180112396,0.0201688555347091,0.0405722326454033,0.0016416510318948,0.0011726078799249,0.0004690431519699,0.0356472795497185,0.0189962476547842,0.0166510318949343,0.0239212007504689,0.0131332082551594,0.0107879924953095,0.0007035647279548,0.0004690431519699,0.0002345215759849,0.0,0.0,0.0,0.0314258911819887,0.0114915572232645,0.0199343339587242,0.0082082551594745,0.0077392120075046,0.0004690431519699,0.0018761726078798,0.0016416510318949,0.0002345215759849,0.028377110694183798,0.0138367729831144,0.0145403377110694,0.0408067542213882,0.0178236397748592,0.022983114446529,0.0009380863039398,0.0002345215759849,0.0007035647279549,0.0011726078799248001,0.0009380863039399,0.0002345215759849,0.0018761726078798,0.0011726078799249,0.0007035647279549,0.0068011257035646994,0.0046904315196998,0.0021106941838649,0.0032833020637898,0.0009380863039399,0.0023452157598499,0.0007035647279548,0.0004690431519699,0.0002345215759849,0.0068011257035646,0.0016416510318949,0.0051594746716697,0.0136022514071294,0.0018761726078799,0.0117260787992495,1019
2024-03-01,2024,3,2874,526,2348,12,9,3,345,111,234,6,5,1,244,139,105,148,76,72,2,1,1,1,1,0,176,63,113,47,47,0,5,5,0,150,66,84,177,78,99,12,1,11,7,5,2,7,6,1,43,32,11,17,1,16,2,1,1,55,38,17,84,35,49,0.666203059805285,0.1219286045433472,0.5442744552619379,0.0027816411682892,0.0020862308762169,0.0006954102920723,0.079972183588317,0.0257301808066759,0.0542420027816411,0.0013908205841445,0.0011590171534538,0.0002318034306907,0.0565600370885488,0.0322206768660176,0.0243393602225312,0.0343069077422345,0.0176170607324988,0.0166898470097357,0.0004636068613814,0.0002318034306907,0.0002318034306907,0.0002318034306907,0.0002318034306907,0.0,0.0407974038015761,0.0146036161335187,0.0261937876680574,0.0108947612424663,0.0108947612424663,0.0,0.0011590171534538,0.0011590171534538,0.0,0.034770514603616,0.015299026425591,0.019471488178025,0.0410292072322669,0.0180806675938803,0.0229485396383866,0.0027816411682892003,0.0002318034306907,0.0025498377375985,0.0016226240148353001,0.0011590171534538,0.0004636068613815,0.0016226240148353,0.0013908205841446,0.0002318034306907,0.0099675475197032,0.0074177097821047,0.0025498377375985,0.003940658321743,0.0002318034306907,0.0037088548910523,0.0004636068613814,0.0002318034306907,0.0002318034306907,0.012749188687992501,0.0088085303662494,0.0039406583217431,0.0194714881780249,0.008113120074177,0.0113583681038479,1196
2024-04-01,2024,4,3198,613,2585,5,4,1,395,144,251,12,5,7,248,153,95,190,105,85,2,2,0,0,0,0,188,75,113,54,50,4,19,19,0,145,68,77,185,71,114,25,14,11,9,6,3,8,3,5,76,66,10,38,11,27,9,5,4,44,3,41,79,18,61,0.662111801242236,0.1269151138716356,0.5351966873706004,0.0010351966873704999,0.0008281573498964,0.0002070393374741,0.0817805383022773,0.0298136645962732,0.0519668737060041,0.0024844720496894,0.0010351966873706,0.0014492753623188,0.0513457556935817,0.0316770186335403,0.0196687370600414,0.0393374741200828,0.0217391304347826,0.0175983436853002,0.0004140786749482,0.0004140786749482,0.0,0.0,0.0,0.0,0.0389233954451345,0.015527950310559,0.0233954451345755,0.0111801242236024,0.010351966873706,0.0008281573498964,0.0039337474120082,0.0039337474120082,0.0,0.0300207039337473,0.0140786749482401,0.0159420289855072,0.0383022774327121,0.0146997929606625,0.0236024844720496,0.0051759834368529,0.0028985507246376,0.0022774327122153,0.001863354037267,0.0012422360248447,0.0006211180124223,0.0016563146997929002,0.0006211180124223,0.0010351966873706,0.0157349896480331,0.0136645962732919,0.0020703933747412,0.0078674948240165,0.0022774327122153,0.0055900621118012,0.001863354037267,0.0010351966873706,0.0008281573498964,0.0091097308488612,0.0006211180124223,0.0084886128364389,0.0163561076604554,0.0037267080745341,0.0126293995859213,1381
2024-05-01,2024,5,3206,669,2537,11,10,1,326,71,255,1,1,0,287,175,112,89,37,52,5,2,3,0,0,0,131,43,88,26,24,2,7,7,0,93,41,52,200,63,137,11,7,4,14,9,5,46,38,8,42,37,5,41,12,29,19,7,12,40,9,31,147,38,109,0.6844577284372332,0.1428266438941076,0.5416310845431256,0.0023484201537146,0.0021349274124679,0.0002134927412467,0.0695986336464559,0.0151579846285226,0.0544406490179333,0.0002134927412467,0.0002134927412467,0.0,0.06127241673783079,0.0373612297181895,0.0239111870196413,0.0190008539709649,0.0078992314261315,0.0111016225448334,0.0010674637062338,0.0004269854824935,0.0006404782237403,0.0,0.0,0.0,0.0279675491033303,0.0091801878736122,0.0187873612297181,0.005550811272416601,0.0051238257899231,0.0004269854824935,0.0014944491887275,0.0014944491887275,0.0,0.0198548249359521,0.0087532023911187,0.0111016225448334,0.0426985482493594,0.0134500426985482,0.0292485055508112,0.0023484201537146,0.0014944491887275,0.0008539709649871,0.002988898377455,0.0019214346712211,0.0010674637062339,0.0098206660973526,0.0081127241673783,0.0017079419299743,0.0089666951323654,0.0078992314261315,0.0010674637062339,0.0087532023911186,0.0025619128949615,0.0061912894961571,0.004056362083688999,0.0014944491887275,0.0025619128949615,0.0085397096498718,0.0019214346712211,0.0066182749786507,0.031383432963279195,0.0081127241673783,0.0232707087959009,1278
2024-06-01,2024,6,3104,586,2518,15,12,3,229,54,175,5,2,3,196,92,104,86,42,44,2,2,0,1,1,0,204,71,133,45,43,2,6,6,0,143,87,56,267,106,161,11,2,9,5,3,2,13,3,10,81,73,8,26,6,20,12,8,4,49,8,41,60,8,52,0.6885536823425022,0.1299911268855368,0.5585625554569654,0.0033274179236911002,0.0026619343389529,0.0006654835847382,0.0507985803016858,0.0119787045252883,0.0388198757763975,0.001109139307897,0.0004436557231588,0.0006654835847382,0.043478260869565105,0.0204081632653061,0.023070097604259,0.0190771960958296,0.0093167701863354,0.0097604259094942,0.0004436557231588,0.0004436557231588,0.0,0.0002218278615794,0.0002218278615794,0.0,0.045252883762200505,0.0157497781721384,0.0295031055900621,0.009982253771073599,0.0095385980479148,0.0004436557231588,0.0013309671694764,0.0013309671694764,0.0,0.0317213842058562,0.019299023957409,0.0124223602484472,0.059228039041703595,0.0235137533274179,0.0357142857142857,0.0024401064773735,0.0004436557231588,0.0019964507542147,0.001109139307897,0.0006654835847382,0.0004436557231588,0.0028837622005322998,0.0006654835847382,0.0022182786157941,0.0179680567879325,0.0161934338952972,0.0017746228926353,0.0057675244010645995,0.0013309671694764,0.0044365572315882,0.0026619343389529,0.0017746228926353,0.0008873114463176,0.0108695652173912,0.0017746228926353,0.0090949423247559,0.013309671694764802,0.0017746228926353,0.0115350488021295,1191
2024-07-01,2024,7,3377,537,2840,10,6,4,347,154,193,7,2,5,241,140,101,140,77,63,12,12,0,1,1,0,223,70,153,26,26,0,3,3,0,150,66,84,168,47,121,14,11,3,9,4,5,9,6,3,40,36,4,41,6,35,12,3,9,49,10,39,81,11,70,0.6937140509449465,0.1103122432210353,0.5834018077239113,0.0020542317173376,0.0012325390304026,0.000821692686935,0.07128184059161871,0.0316351684470008,0.0396466721446179,0.0014379622021363,0.0004108463434675,0.0010271158586688,0.049506984387838904,0.028759244042728,0.0207477403451109,0.028759244042728,0.0158175842235004,0.0129416598192276,0.0024650780608052,0.0024650780608052,0.0,0.0002054231717337,0.0002054231717337,0.0,0.045809367296631,0.014379622021364,0.031429745275267,0.005341002465078,0.005341002465078,0.0,0.0006162695152013,0.0006162695152013,0.0,0.030813475760065698,0.0135579293344289,0.0172555464256368,0.034511092851273496,0.0096548890714872,0.0248562037797863,0.0028759244042727,0.0022596548890714,0.0006162695152013,0.0018488085456038,0.000821692686935,0.0010271158586688,0.0018488085456039001,0.0012325390304026,0.0006162695152013,0.0082169268693507,0.0073952341824157,0.000821692686935,0.0084223500410846,0.0012325390304026,0.007189811010682,0.0024650780608052,0.0006162695152013,0.0018488085456039,0.0100657354149547,0.0020542317173377,0.008011503697617,0.016639276910435402,0.0022596548890714,0.014379622021364,1172
2024-08-01,2024,8,3287,445,2842,4,2,2,287,82,205,8,2,6,178,87,91,105,51,54,4,3,1,0,0,0,147,49,98,26,23,3,2,2,0,154,50,104,148,52,96,12,1,11,8,8,0,2,2,0,26,23,3,25,4,21,11,4,7,39,4,35,89,6,83,0.7314196706720071,0.0990209167779261,0.632398753894081,0.0008900756564306,0.0004450378282153,0.0004450378282153,0.0638629283489096,0.0182465509568313,0.0456163773920783,0.0017801513128614,0.0004450378282153,0.0013351134846461,0.0396083667111704,0.0193591455273698,0.0202492211838006,0.023364485981308303,0.0113484646194926,0.0120160213618157,0.0008900756564305999,0.000667556742323,0.0002225189141076,0.0,0.0,0.0,0.032710280373831696,0.0109034267912772,0.0218068535825545,0.0057854917668,0.005117935024477,0.000667556742323,0.0004450378282153,0.0004450378282153,0.0,0.0342679127725856,0.0111259457053849,0.0231419670672007,0.0329327992879394,0.0115709835336003,0.0213618157543391,0.0026702269692922003,0.0002225189141076,0.0024477080551846,0.0017801513128615,0.0017801513128615,0.0,0.0004450378282153,0.0004450378282153,0.0,0.0057854917668,0.005117935024477,0.000667556742323,0.005562972852692301,0.0008900756564307,0.0046728971962616,0.0024477080551845,0.0008900756564307,0.0015576323987538,0.0086782376502001,0.0008900756564307,0.0077881619937694,0.0198041833555851,0.0013351134846461,0.018469069870939,859
2024-09-01,2024,9,3448,689,2759,22,19,3,342,109,233,13,8,5,278,154,124,154,75,79,1,1,0,1,1,0,82,39,43,37,37,0,6,6,0,103,57,46,225,112,113,5,2,3,11,7,4,2,0,2,46,34,12,39,6,33,19,12,7,48,7,41,103,12,91,0.7049683091392352,0.1408709875281128,0.5640973216111225,0.0044980576569208005,0.0038846861582498,0.000613371498671,0.0699243508484972,0.0222858311183807,0.0476385197301165,0.0026579431609076998,0.0016356573297894,0.0010222858311183,0.0568390922101819,0.0314864035984461,0.0253526886117358,0.0314864035984461,0.0153342874667757,0.0161521161316704,0.0002044571662236,0.0002044571662236,0.0,0.0002044571662236,0.0002044571662236,0.0,0.016765487630341303,0.0079738294827233,0.008791658147618,0.007564915150276,0.007564915150276,0.0,0.001226742997342,0.001226742997342,0.0,0.0210590881210386,0.0116540584747495,0.0094050296462891,0.046002862400327096,0.0228992026170517,0.0231036597832754,0.0010222858311183,0.0004089143324473,0.000613371498671,0.0022490288284604,0.0014312001635657,0.0008178286648947,0.0004089143324473,0.0,0.0004089143324473,0.009405029646289,0.0069515436516049,0.0024534859946841,0.0079738294827233,0.001226742997342,0.0067470864853813,0.0038846861582497996,0.0024534859946841,0.0014312001635657,0.0098139439787364,0.0014312001635657,0.0083827438151707,0.0210590881210386,0.0024534859946841,0.0186056021263545,1334
2024-10-01,2024,10,3613,623,2990,5,1,4,206,49,157,13,9,4,295,155,140,98,52,46,1,1,0,3,2,1,110,48,62,60,59,1,10,9,1,162,78,84,293,134,159,17,1,16,6,3,3,4,2,2,61,48,13,23,2,21,7,2,5,50,14,36,92,18,74,0.7126232741617357,0.1228796844181459,0.5897435897435898,0.0009861932938855,0.0001972386587771,0.0007889546351084,0.0406311637080866,0.0096646942800788,0.0309664694280078,0.0025641025641023997,0.001775147928994,0.0007889546351084,0.0581854043392504,0.0305719921104536,0.0276134122287968,0.0193293885601577,0.0102564102564102,0.0090729783037475,0.0001972386587771,0.0001972386587771,0.0,0.0005917159763313,0.0003944773175542,0.0001972386587771,0.021696252465483103,0.0094674556213017,0.0122287968441814,0.011834319526627099,0.01163708086785,0.0001972386587771,0.0019723865877711,0.001775147928994,0.0001972386587771,0.0319526627218934,0.0153846153846153,0.0165680473372781,0.0577909270216962,0.0264299802761341,0.0313609467455621,0.0033530571992109997,0.0001972386587771,0.0031558185404339,0.0011834319526626,0.0005917159763313,0.0005917159763313,0.0007889546351084,0.0003944773175542,0.0003944773175542,0.0120315581854042,0.0094674556213017,0.0025641025641025,0.0045364891518737,0.0003944773175542,0.0041420118343195,0.0013806706114398,0.0003944773175542,0.0009861932938856,0.0098619329388559,0.0027613412228796,0.0071005917159763,0.018145956607495,0.0035502958579881,0.0145956607495069,1275
2024-11-01,2024,11,3072,682,2390,4,4,0,197,91,106,6,4,2,246,160,86,89,55,34,5,5,0,3,3,0,96,30,66,133,132,1,57,57,0,109,55,54,175,55,120,16,0,16,5,5,0,10,9,1,28,15,13,25,10,15,18,8,10,36,6,30,65,14,51,0.7062068965517241,0.1567816091954023,0.5494252873563218,0.000919540229885,0.000919540229885,0.0,0.045287356321839,0.020919540229885,0.024367816091954,0.0013793103448275,0.000919540229885,0.0004597701149425,0.056551724137931,0.0367816091954023,0.0197701149425287,0.020459770114942398,0.0126436781609195,0.0078160919540229,0.0011494252873563,0.0011494252873563,0.0,0.0006896551724137,0.0006896551724137,0.0,0.0220689655172413,0.0068965517241379,0.0151724137931034,0.030574712643678,0.0303448275862068,0.0002298850574712,0.013103448275862,0.013103448275862,0.0,0.0250574712643677,0.0126436781609195,0.0124137931034482,0.0402298850574712,0.0126436781609195,0.0275862068965517,0.0036781609195402,0.0,0.0036781609195402,0.0011494252873563,0.0011494252873563,0.0,0.0022988505747125,0.0020689655172413,0.0002298850574712,0.0064367816091953,0.0034482758620689,0.0029885057471264,0.0057471264367815,0.0022988505747126,0.0034482758620689,0.0041379310344827,0.0018390804597701,0.0022988505747126,0.0082758620689654,0.0013793103448275,0.0068965517241379,0.0149425287356321,0.0032183908045977,0.0117241379310344,1369
2024-12-01,2024,12,3543,863,2680,7,4,3,190,90,100,7,6,1,134,74,60,140,105,35,0,0,0,0,0,0,106,31,75,31,28,3,4,4,0,111,61,50,219,90,129,13,5,8,4,2,2,16,11,5,59,50,9,10,3,7,9,6,3,25,5,20,77,6,71,0.7653920933246922,0.1864333549362713,0.5789587383884208,0.0015122056599697,0.0008641175199827,0.000648088139987,0.041045582199179004,0.0194426441996111,0.0216029379995679,0.0015122056599696,0.001296176279974,0.0002160293799956,0.0289479369194209,0.0159861741196802,0.0129617627997407,0.030244113199395,0.0226830848995463,0.0075610282998487,0.0,0.0,0.0,0.0,0.0,0.0,0.0228991142795419,0.006696910779866,0.0162022034996759,0.006696910779866,0.006048822639879,0.000648088139987,0.0008641175199827,0.0008641175199827,0.0,0.0239792611795203,0.0131777921797364,0.0108014689997839,0.047310434219053704,0.0194426441996111,0.0278677900194426,0.0028083819399436997,0.0010801468999783,0.0017282350399654,0.0008641175199826,0.0004320587599913,0.0004320587599913,0.0034564700799306998,0.0023763231799524,0.0010801468999783,0.012745733419745,0.0108014689997839,0.0019442644199611,0.0021602937999567,0.000648088139987,0.0015122056599697,0.0019442644199609998,0.001296176279974,0.000648088139987,0.0054007344998918,0.0010801468999783,0.0043205875999135,0.016634262259667198,0.001296176279974,0.0153380859796932,1391
2025-01-01,2025,1,3035,602,2433,3,1,2,211,94,117,6,3,3,141,83,58,135,94,41,0,0,0,0,0,0,125,23,102,12,10,2,8,8,0,105,52,53,176,57,119,6,3,3,5,0,5,3,3,0,24,14,10,12,0,12,8,6,2,21,2,19,77,14,63,0.7531017369727047,0.149379652605459,0.6037220843672456,0.000744416873449,0.0002481389578163,0.0004962779156327,0.0523573200992555,0.0233250620347394,0.0290322580645161,0.0014888337468982,0.0007444168734491,0.0007444168734491,0.0349875930521091,0.0205955334987593,0.0143920595533498,0.0334987593052108,0.0233250620347394,0.0101736972704714,0.0,0.0,0.0,0.0,0.0,0.0,0.031017369727047,0.0057071960297766,0.0253101736972704,0.0029776674937964003,0.0024813895781637,0.0004962779156327,0.001985111662531,0.001985111662531,0.0,0.026054590570719502,0.0129032258064516,0.0131513647642679,0.0436724565756822,0.0141439205955334,0.0295285359801488,0.0014888337468982,0.0007444168734491,0.0007444168734491,0.0012406947890818,0.0,0.0012406947890818,0.0007444168734491,0.0007444168734491,0.0,0.0059553349875929,0.0034739454094292,0.0024813895781637,0.0029776674937965,0.0,0.0029776674937965,0.0019851116625309,0.0014888337468982,0.0004962779156327,0.0052109181141438,0.0004962779156327,0.0047146401985111,0.0191066997518609,0.0034739454094292,0.0156327543424317,1009
2025-02-01,2025,2,3243,690,2553,0,0,0,271,99,172,3,0,3,204,122,82,125,76,49,0,0,0,0,0,0,121,11,110,26,24,2,6,6,0,115,46,69,207,89,118,2,2,0,2,1,1,2,2,0,69,55,14,15,7,8,6,5,1,44,1,43,69,5,64,0.7277827648114901,0.1548473967684021,0.572935368043088,0.0,0.0,0.0,0.0608168761220825,0.0222172351885098,0.0385996409335727,0.0006732495511669,0.0,0.0006732495511669,0.0457809694793536,0.0273788150807899,0.0184021543985637,0.028052064631956898,0.0170556552962298,0.0109964093357271,0.0,0.0,0.0,0.0,0.0,0.0,0.0271543985637342,0.0024685816876122,0.024685816876122,0.005834829443447,0.0053859964093357,0.0004488330341113,0.0013464991023339,0.0013464991023339,0.0,0.0258078994614003,0.0103231597845601,0.0154847396768402,0.046454219030520605,0.0199730700179533,0.0264811490125673,0.0004488330341113,0.0004488330341113,0.0,0.0004488330341112,0.0002244165170556,0.0002244165170556,0.0004488330341113,0.0004488330341113,0.0,0.0154847396768401,0.012342908438061,0.0031418312387791,0.0033662477558346997,0.0015709156193895,0.0017953321364452,0.0013464991023338,0.0011220825852782,0.0002244165170556,0.009874326750448699,0.0002244165170556,0.0096499102333931,0.015484739676840099,0.0011220825852782,0.0143626570915619,1193
2025-03-01,2025,3,3774,769,3005,5,3,2,220,84,136,9,6,3,234,174,60,108,61,47,1,1,0,0,0,0,141,70,71,19,17,2,2,2,0,96,32,64,184,66,118,2,2,0,10,8,2,11,10,1,47,32,15,13,0,13,8,4,4,25,1,24,45,6,39,0.7739950779327317,0.1577112387202625,0.6162838392124692,0.0010254306808858,0.0006152584085315,0.0004101722723543,0.045118949958982704,0.0172272354388843,0.0278917145200984,0.0018457752255945999,0.0012305168170631,0.0006152584085315,0.047990155865463395,0.0356849876948318,0.0123051681706316,0.0221493027071369,0.0125102543068088,0.0096390484003281,0.0002050861361771,0.0002050861361771,0.0,0.0,0.0,0.0,0.0289171452009844,0.0143560295324036,0.0145611156685808,0.0038966365873666,0.0034864643150123,0.0004101722723543,0.0004101722723543,0.0004101722723543,0.0,0.0196882690730106,0.0065627563576702,0.0131255127153404,0.037735849056603696,0.0135356849876948,0.0242001640689089,0.0004101722723543,0.0004101722723543,0.0,0.0020508613617718,0.0016406890894175,0.0004101722723543,0.002255947497949,0.0020508613617719,0.0002050861361771,0.0096390484003281,0.0065627563576702,0.0030762920426579,0.0026661197703035,0.0,0.0026661197703035,0.0016406890894174,0.0008203445447087,0.0008203445447087,0.0051271534044297,0.0002050861361771,0.0049220672682526,0.009228876127973601,0.0012305168170631,0.0079983593109105,1304
2025-04-01,2025,4,3861,719,3142,5,3,2,226,93,133,4,4,0,214,116,98,88,59,29,2,2,0,0,0,0,85,23,62,42,39,3,4,4,0,107,48,59,213,78,135,7,1,6,11,7,4,8,4,4,33,24,9,20,11,9,15,8,7,25,5,20,82,8,74,0.7723544708941789,0.1438287657531506,0.6285257051410282,0.001000200040008,0.0006001200240048,0.0004000800160032,0.0452090418083616,0.0186037207441488,0.0266053210642128,0.0008001600320064,0.0008001600320064,0.0,0.0428085617123424,0.0232046409281856,0.0196039207841568,0.0176035207041408,0.0118023604720944,0.0058011602320464,0.0004000800160032,0.0004000800160032,0.0,0.0,0.0,0.0,0.017003400680136,0.0046009201840368,0.0124024804960992,0.0084016803360672,0.0078015603120624,0.0006001200240048,0.0008001600320064,0.0008001600320064,0.0,0.0214042808561712,0.0096019203840768,0.0118023604720944,0.0426085217043408,0.0156031206241248,0.027005401080216,0.0014002800560111999,0.0002000400080016,0.0012002400480096,0.0022004400880176,0.0014002800560112,0.0008001600320064,0.0016003200640128,0.0008001600320064,0.0008001600320064,0.0066013202640527995,0.0048009601920384,0.0018003600720144,0.004000800160032,0.0022004400880176,0.0018003600720144,0.0030006001200240003,0.0016003200640128,0.0014002800560112,0.00500100020004,0.001000200040008,0.004000800160032,0.0164032806561312,0.0016003200640128,0.0148029605921184,1221
2025-05-01,2025,5,3356,634,2722,7,6,1,171,61,110,4,1,3,142,71,71,84,40,44,0,0,0,0,0,0,129,41,88,11,10,1,0,0,0,68,30,38,127,41,86,7,1,6,9,6,3,4,2,2,38,29,9,12,5,7,8,2,6,24,1,23,65,6,59,0.7806466620144219,0.1474761572458711,0.6331705047685509,0.0016282856478249,0.0013956734124214,0.0002326122354035,0.0397766922540125,0.0141893463596185,0.025587345894394,0.0009304489416142,0.0002326122354035,0.0006978367062107,0.0330309374273086,0.0165154687136543,0.0165154687136543,0.019539427773900803,0.0093044894161432,0.0102349383577576,0.0,0.0,0.0,0.0,0.0,0.0,0.030006978367062002,0.0095371016515468,0.0204698767155152,0.0025587345894393003,0.0023261223540358,0.0002326122354035,0.0,0.0,0.0,0.015817632007443502,0.0069783670621074,0.0088392649453361,0.029541753896254803,0.0095371016515468,0.020004652244708,0.0016282856478249,0.0002326122354035,0.0013956734124214,0.0020935101186321,0.0013956734124214,0.0006978367062107,0.0009304489416142,0.0004652244708071,0.0004652244708071,0.008839264945336,0.0067457548267038,0.0020935101186322,0.0027913468248429,0.0011630611770179,0.001628285647825,0.0018608978832285001,0.0004652244708071,0.0013956734124214,0.0055826936496858,0.0002326122354035,0.0053500814142823,0.0151197953012327,0.0013956734124214,0.0137241218888113,956
2025-06-01,2025,6,3685,694,2991,10,7,3,215,89,126,3,2,1,199,105,94,113,66,47,1,1,0,0,0,0,120,43,77,24,19,5,1,1,0,93,32,61,221,86,135,2,1,1,14,7,7,2,1,1,18,12,6,19,2,17,14,5,9,29,8,21,64,11,53,0.7528089887640449,0.1417773237997957,0.6110316649642492,0.0020429009193052997,0.0014300306435137,0.0006128702757916,0.043922369765066305,0.0181818181818181,0.0257405515832482,0.0006128702757915,0.000408580183861,0.0002042900919305,0.0406537282941776,0.0214504596527068,0.0192032686414708,0.0230847803881511,0.0134831460674157,0.0096016343207354,0.0002042900919305,0.0002042900919305,0.0,0.0,0.0,0.0,0.0245148110316648,0.0087844739530132,0.0157303370786516,0.0049029622063329,0.0038815117466802,0.0010214504596527,0.0002042900919305,0.0002042900919305,0.0,0.018998978549540302,0.0065372829417773,0.012461695607763,0.045148110316649503,0.0175689479060265,0.027579162410623,0.000408580183861,0.0002042900919305,0.0002042900919305,0.0028600612870274,0.0014300306435137,0.0014300306435137,0.000408580183861,0.0002042900919305,0.0002042900919305,0.0036772216547496,0.0024514811031664,0.0012257405515832,0.0038815117466802,0.000408580183861,0.0034729315628192,0.0028600612870275,0.0010214504596527,0.0018386108273748,0.0059244126659855996,0.0016343207354443,0.0042900919305413,0.0130745658835545,0.0022471910112359,0.0108273748723186,1156
2025-07-01,2025,7,3858,611,3247,9,1,8,202,93,109,8,5,3,191,120,71,137,91,46,0,0,0,0,0,0,180,65,115,8,6,2,2,2,0,96,26,70,158,56,102,4,1,3,13,4,9,5,3,2,37,24,13,34,1,33,5,3,2,11,2,9,67,7,60,0.7626013046056532,0.1207748566910456,0.6418264479146076,0.0017790077090333,0.0001976675232259,0.0015813401858074,0.0399288396916386,0.0183830796600118,0.0215457600316268,0.0015813401858074,0.0009883376161296,0.0005930025696778,0.0377544969361533,0.023720102787112,0.0140343941490413,0.0270804506819528,0.0179877446135599,0.0090927060683929,0.0,0.0,0.0,0.0,0.0,0.0,0.0355801541806681,0.0128483890096857,0.0227317651709824,0.0015813401858074,0.0011860051393556,0.0003953350464518,0.0003953350464518,0.0003953350464518,0.0,0.0189760822296895,0.0051393556038742,0.0138367266258153,0.031231468669697497,0.0110693813006523,0.0201620873690452,0.0007906700929037,0.0001976675232259,0.0005930025696778,0.0025696778019371,0.0007906700929037,0.0017790077090334,0.0009883376161296,0.0005930025696778,0.0003953350464518,0.007313698359359499,0.0047440205574224,0.0025696778019371,0.006720695789681701,0.0001976675232259,0.0065230282664558,0.0009883376161296,0.0005930025696778,0.0003953350464518,0.0021743427554851997,0.0003953350464518,0.0017790077090334,0.0132437240561375,0.0013836726625815,0.011860051393556,1067
2025-08-01,2025,8,3763,577,3186,6,2,4,161,50,111,4,3,1,139,77,62,107,61,46,1,1,0,1,1,0,125,59,66,10,8,2,0,0,0,79,26,53,165,48,117,10,2,8,7,6,1,5,0,5,15,9,6,19,2,17,10,8,2,24,6,18,64,6,58,0.7892197986577181,0.1210151006711409,0.6682046979865772,0.0012583892617449,0.0004194630872483,0.0008389261744966,0.033766778523489804,0.010486577181208,0.0232802013422818,0.0008389261744965,0.0006291946308724,0.0002097315436241,0.029152684563758302,0.0161493288590604,0.0130033557046979,0.0224412751677852,0.0127936241610738,0.0096476510067114,0.0002097315436241,0.0002097315436241,0.0,0.0002097315436241,0.0002097315436241,0.0,0.0262164429530201,0.0123741610738255,0.0138422818791946,0.0020973154362415,0.0016778523489932,0.0004194630872483,0.0,0.0,0.0,0.0165687919463086,0.0054530201342281,0.0111157718120805,0.0346057046979865,0.0100671140939597,0.0245385906040268,0.0020973154362415,0.0004194630872483,0.0016778523489932,0.001468120805369,0.0012583892617449,0.0002097315436241,0.0010486577181208,0.0,0.0010486577181208,0.0031459731543623,0.0018875838926174,0.0012583892617449,0.003984899328859,0.0004194630872483,0.0035654362416107,0.0020973154362415,0.0016778523489932,0.0004194630872483,0.005033557046979701,0.0012583892617449,0.0037751677852348,0.013422818791946201,0.0012583892617449,0.0121644295302013,911
2025-09-01,2025,9,3920,666,3254,5,4,1,268,84,184,3,2,1,186,109,77,182,96,86,2,2,0,1,0,1,94,44,50,83,80,3,8,8,0,107,37,70,207,75,132,2,0,2,4,2,2,5,3,2,35,22,13,32,2,30,7,4,3,31,6,25,73,13,60,0.7483772432226039,0.127147766323024,0.62122947689958,0.0009545628102328001,0.0007636502481863,0.0001909125620465,0.0511645666284841,0.0160366552119129,0.0351279114165712,0.0005727376861396,0.0003818251240931,0.0001909125620465,0.035509736540664305,0.0208094692630775,0.0147002672775868,0.034746086292477996,0.0183276059564719,0.0164184803360061,0.0003818251240931,0.0003818251240931,0.0,0.0001909125620465,0.0,0.0001909125620465,0.017945780832378702,0.0084001527300496,0.0095456281023291,0.0158457426498663,0.0152730049637266,0.0005727376861397,0.0015273004963726,0.0015273004963726,0.0,0.0204276441389842,0.0070637647957235,0.0133638793432607,0.039518900343642596,0.0143184421534937,0.0252004581901489,0.0003818251240931,0.0,0.0003818251240931,0.0007636502481862,0.0003818251240931,0.0003818251240931,0.0009545628102328001,0.0005727376861397,0.0003818251240931,0.0066819396716303,0.0042000763650248,0.0024818633066055,0.0061092019854905,0.0003818251240931,0.0057273768613974,0.001336387934326,0.0007636502481863,0.0005727376861397,0.0059182894234439,0.0011454753722794,0.0047728140511645,0.0139366170294004,0.0024818633066055,0.0114547537227949,1206
2025-10-01,2025,10,3942,660,3282,3,3,0,192,43,149,3,2,1,143,60,83,114,39,75,0,0,0,1,1,0,99,42,57,135,129,6,12,11,1,98,38,60,161,47,114,5,1,4,9,5,4,0,0,0,22,11,11,22,3,19,14,7,7,30,3,27,58,8,50,0.7782823297137216,0.1303060217176702,0.6479763079960513,0.0005923000987166,0.0005923000987166,0.0,0.0379072063178676,0.0084896347482724,0.0294175715695952,0.0005923000987165,0.0003948667324777,0.0001974333662388,0.028232971372161797,0.0118460019743336,0.0163869693978282,0.0225074037512338,0.0076999012833168,0.014807502467917,0.0,0.0,0.0,0.0001974333662388,0.0001974333662388,0.0,0.019545903257650397,0.0082922013820335,0.0112537018756169,0.0266535044422506,0.0254689042448173,0.0011846001974333,0.0023692003948666,0.0021717670286278,0.0001974333662388,0.0193484698914115,0.0075024679170779,0.0118460019743336,0.0317867719644619,0.009279368213228,0.0225074037512339,0.0009871668311943,0.0001974333662388,0.0007897334649555,0.0017769002961499,0.0009871668311944,0.0007897334649555,0.0,0.0,0.0,0.0043435340572556,0.0021717670286278,0.0021717670286278,0.0043435340572555,0.0005923000987166,0.0037512339585389,0.0027640671273444,0.0013820335636722,0.0013820335636722,0.0059230009871667,0.0005923000987166,0.0053307008884501,0.011451135241855799,0.0015794669299111,0.0098716683119447,1093
2025-11-01,2025,11,3559,658,2901,6,3,3,230,66,164,5,3,2,209,130,79,111,57,54,1,1,0,0,0,0,112,43,69,232,221,11,42,42,0,95,54,41,136,39,97,10,3,7,9,6,3,1,1,0,26,19,7,36,7,29,13,9,4,15,2,13,55,6,49,0.7317023026315788,0.1352796052631578,0.596422697368421,0.0012335526315788,0.0006167763157894,0.0006167763157894,0.0472861842105262,0.0135690789473684,0.0337171052631578,0.0010279605263157,0.0006167763157894,0.0004111842105263,0.0429687499999999,0.0267269736842105,0.0162417763157894,0.022820723684210502,0.01171875,0.0111019736842105,0.0002055921052631,0.0002055921052631,0.0,0.0,0.0,0.0,0.0230263157894735,0.0088404605263157,0.0141858552631578,0.047697368421052495,0.0454358552631578,0.0022615131578947,0.0086348684210526,0.0086348684210526,0.0,0.0195312499999999,0.0111019736842105,0.0084292763157894,0.0279605263157894,0.0080180921052631,0.0199424342105263,0.0020559210526315,0.0006167763157894,0.0014391447368421,0.0018503289473683002,0.0012335526315789,0.0006167763157894,0.0002055921052631,0.0002055921052631,0.0,0.0053453947368421,0.00390625,0.0014391447368421,0.0074013157894736005,0.0014391447368421,0.0059621710526315,0.002672697368421,0.0018503289473684,0.0008223684210526,0.0030838815789473,0.0004111842105263,0.002672697368421,0.0113075657894736,0.0012335526315789,0.0100740131578947,1336
2025-12-01,2025,12,4111,747,3364,5,4,1,213,46,167,2,0,2,167,85,82,128,62,66,2,2,0,1,0,1,122,35,87,113,106,7,27,26,1,93,45,48,179,57,122,12,2,10,6,4,2,4,3,1,36,22,14,14,3,11,12,7,5,26,4,22,52,9,43,0.7780090840272521,0.1413701741105223,0.6366389099167298,0.0009462528387585,0.0007570022710068,0.0001892505677517,0.0403103709311127,0.0087055261165783,0.0316048448145344,0.0003785011355034,0.0,0.0003785011355034,0.0316048448145343,0.0160862982588947,0.0155185465556396,0.024224072672218,0.0117335352006056,0.0124905374716124,0.0003785011355034,0.0003785011355034,0.0,0.0001892505677517,0.0,0.0001892505677517,0.0230885692657077,0.0066237698713096,0.0164647993943981,0.0213853141559424,0.0200605601816805,0.0013247539742619,0.0051097653292959,0.0049205147615442,0.0001892505677517,0.017600302800908303,0.0085162755488266,0.0090840272520817,0.0338758516275547,0.010787282361847,0.0230885692657077,0.0022710068130204,0.0003785011355034,0.001892505677517,0.0011355034065102,0.0007570022710068,0.0003785011355034,0.0007570022710068,0.0005677517032551,0.0001892505677517,0.0068130204390612,0.0041635124905374,0.0026495079485238,0.0026495079485238,0.0005677517032551,0.0020817562452687,0.0022710068130204,0.0013247539742619,0.0009462528387585,0.0049205147615442,0.0007570022710068,0.0041635124905374,0.0098410295230885,0.0017032551097653,0.0081377744133232,1245
2026-01-01,2026,1,3070,464,2606,0,0,0,186,40,146,6,5,1,105,48,57,88,35,53,0,0,0,0,0,0,116,27,89,25,23,2,0,0,0,74,33,41,178,61,117,0,0,0,6,2,4,3,3,0,21,13,8,21,2,19,10,3,7,29,7,22,58,7,51,0.7688454795892812,0.1162033558727773,0.6526421237165039,0.0,0.0,0.0,0.0465815176558978,0.0100175306786877,0.0365639869772101,0.001502629601803,0.0012521913348359,0.0002504382669671,0.0262960180315551,0.0120210368144252,0.0142749812171299,0.0220385674931129,0.0087653393438517,0.0132732281492612,0.0,0.0,0.0,0.0,0.0,0.0,0.0290508389681942,0.0067618332081141,0.0222890057600801,0.006260956674179701,0.0057600801402454,0.0005008765339343,0.0,0.0,0.0,0.0185324317555721,0.0082644628099173,0.0102679689456548,0.0445780115201602,0.0152767342849987,0.0293012772351615,0.0,0.0,0.0,0.001502629601803,0.0005008765339343,0.0010017530678687,0.0007513148009015,0.0007513148009015,0.0,0.005259203606311,0.0032556974705735,0.0020035061357375,0.0052592036063109,0.0005008765339343,0.0047583270723766,0.0025043826696718,0.0007513148009015,0.0017530678687703,0.0072627097420485,0.0017530678687703,0.0055096418732782,0.014525419484097099,0.0017530678687703,0.0127723516153268,753
2026-02-01,2026,2,3890,747,3143,3,1,2,259,70,189,3,3,0,146,84,62,155,66,89,1,1,0,0,0,0,62,7,55,50,47,3,15,15,0,78,37,41,152,50,102,3,1,2,7,5,2,2,1,1,126,115,11,27,3,24,17,11,6,16,0,16,47,4,43,0.7699920823436261,0.1478622327790973,0.6221298495645289,0.0005938242280284,0.0001979414093428,0.0003958828186856,0.051266825019794106,0.0138558986539984,0.0374109263657957,0.0005938242280285,0.0005938242280285,0.0,0.028899445764053802,0.0166270783847981,0.0122723673792557,0.0306809184481392,0.013064133016627,0.0176167854315122,0.0001979414093428,0.0001979414093428,0.0,0.0,0.0,0.0,0.0122723673792556,0.0013855898653998,0.0108867775138558,0.009897070467141701,0.0093032462391132,0.0005938242280285,0.0029691211401425,0.0029691211401425,0.0,0.015439429928741,0.0073238321456848,0.0081155977830562,0.0300870942201108,0.0098970704671417,0.0201900237529691,0.0005938242280284,0.0001979414093428,0.0003958828186856,0.0013855898653997,0.0009897070467141,0.0003958828186856,0.0003958828186856,0.0001979414093428,0.0001979414093428,0.024940617577197,0.0227632620744259,0.0021773555027711,0.0053444180522565,0.0005938242280285,0.004750593824228,0.0033650039588281003,0.0021773555027711,0.001187648456057,0.0031670625494853,0.0,0.0031670625494853,0.0093032462391131,0.0007917656373713,0.0085114806017418,1233
2026-03-01,2026,3,4499,810,3689,4,3,1,163,57,106,2,0,2,186,83,103,151,81,70,0,0,0,2,2,0,82,23,59,25,17,8,3,3,0,109,55,54,217,65,152,3,0,3,5,3,2,12,10,2,58,55,3,18,4,14,3,3,0,10,2,8,50,15,35,0.8058391545763925,0.1450832885545405,0.6607558660218521,0.0007164606842197999,0.0005373455131649,0.0001791151710549,0.029195772881963,0.0102095647501343,0.0189862081318287,0.0003582303421099,0.0,0.0003582303421099,0.0333154218162278,0.014866559197564,0.0184488626186638,0.027046390829303102,0.014508328855454,0.0125380619738491,0.0,0.0,0.0,0.0003582303421099,0.0003582303421099,0.0,0.014687444026509,0.0041196489342647,0.0105677950922443,0.0044778792763747,0.0030449579079348,0.0014329213684399,0.0005373455131649,0.0005373455131649,0.0,0.0195235536449936,0.0098513344080243,0.0096722192369693,0.038867992118932396,0.0116424861185742,0.0272255060003582,0.0005373455131649,0.0,0.0005373455131649,0.0008955758552748,0.0005373455131649,0.0003582303421099,0.0021493820526597,0.0017911517105498,0.0003582303421099,0.0103886799211892,0.0098513344080243,0.0005373455131649,0.0032240730789897,0.0007164606842199,0.0025076123947698,0.0005373455131649,0.0005373455131649,0.0,0.0017911517105498001,0.0003582303421099,0.0014329213684399,0.008955758552749299,0.0026867275658248,0.0062690309869245,1236
2026-04-01,2026,4,4441,761,3680,5,3,2,157,51,106,8,3,5,302,144,158,112,56,56,1,1,0,3,2,1,73,30,43,28,26,2,4,4,0,118,55,63,206,80,126,7,3,4,4,2,2,5,4,1,50,35,15,19,1,18,14,9,5,17,3,14,35,5,30,0.7876906704505143,0.1349769421780773,0.652713728272437,0.0008868393047178,0.0005321035828307,0.0003547357218871,0.0278467541681446,0.0090457609081234,0.0188009932600212,0.0014189428875486,0.0005321035828307,0.0008868393047179,0.0535650940049662,0.0255409719758779,0.0280241220290883,0.0198652004256828,0.0099326002128414,0.0099326002128414,0.0001773678609435,0.0001773678609435,0.0,0.0005321035828306,0.0003547357218871,0.0001773678609435,0.0129478538488825,0.0053210358283079,0.0076268180205746,0.0049663001064206,0.0046115643845335,0.0003547357218871,0.0007094714437743,0.0007094714437743,0.0,0.0209294075913444,0.0097552323518978,0.0111741752394466,0.0365377793543809,0.0141894288754877,0.0223483504788932,0.0012415750266049999,0.0005321035828307,0.0007094714437743,0.0007094714437742,0.0003547357218871,0.0003547357218871,0.0008868393047178,0.0007094714437743,0.0001773678609435,0.0088683930471797,0.0062078751330258,0.0026605179141539,0.0033699893579282,0.0001773678609435,0.0031926214969847,0.0024831500532102,0.0015963107484923,0.0008868393047179,0.0030152536360409997,0.0005321035828307,0.0024831500532103,0.006207875133025799,0.0008868393047179,0.0053210358283079,1241
2026-05-01,2026,5,3472,639,2833,7,5,2,78,21,57,1,0,1,202,115,87,52,23,29,0,0,0,0,0,0,79,24,55,22,21,1,3,3,0,68,28,40,182,67,115,6,4,2,15,7,8,7,3,4,20,15,5,8,4,4,9,7,2,7,1,6,35,6,29,0.8104575163398693,0.1491596638655462,0.661297852474323,0.0016339869281044,0.0011671335200746,0.0004668534080298,0.0182072829131652,0.0049019607843137,0.0133053221288515,0.0002334267040149,0.0,0.0002334267040149,0.0471521942110177,0.026844070961718,0.0203081232492997,0.012138188608776801,0.0053688141923436,0.0067693744164332,0.0,0.0,0.0,0.0,0.0,0.0,0.018440709617180102,0.0056022408963585,0.0128384687208216,0.005135387488328601,0.0049019607843137,0.0002334267040149,0.0007002801120448,0.0007002801120448,0.0,0.0158730158730158,0.0065359477124183,0.0093370681605975,0.0424836601307189,0.0156395891690009,0.026844070961718,0.0014005602240895,0.0009337068160597,0.0004668534080298,0.003501400560224,0.0016339869281045,0.0018674136321195,0.0016339869281045,0.0007002801120448,0.0009337068160597,0.0046685340802986,0.003501400560224,0.0011671335200746,0.0018674136321194,0.0009337068160597,0.0009337068160597,0.0021008403361342997,0.0016339869281045,0.0004668534080298,0.0016339869281045,0.0002334267040149,0.0014005602240896,0.0081699346405228,0.0014005602240896,0.0067693744164332,974
2026-06-01,2026,6,4508,735,3773,13,7,6,170,49,121,4,0,4,185,95,90,123,64,59,5,5,0,2,2,0,127,25,102,52,44,8,5,5,0,136,58,78,229,81,148,5,2,3,10,6,4,2,0,2,37,25,12,24,4,20,7,3,4,10,2,8,67,15,52,0.7949215305942514,0.129606771292541,0.6653147593017105,0.0022923646623169997,0.0012343502027861,0.0010580144595309,0.0299770763533767,0.0086404514195027,0.021336624933874,0.0007053429730206,0.0,0.0007053429730206,0.0326221125022041,0.0167518956092399,0.0158702168929642,0.021689296420384398,0.0112854875683301,0.0104038088520543,0.0008816787162757,0.0008816787162757,0.0,0.0003526714865103,0.0003526714865103,0.0,0.0223946393934049,0.0044083935813789,0.017986245812026,0.0091694586492681,0.0077587727032269,0.0014106859460412,0.0008816787162757,0.0008816787162757,0.0,0.023981661082701403,0.0102274731087991,0.0137541879739023,0.040380885205431,0.0142831952036677,0.0260976900017633,0.0008816787162757001,0.0003526714865103,0.0005290072297654,0.0017633574325515,0.0010580144595309,0.0007053429730206,0.0003526714865103,0.0,0.0003526714865103,0.0065244225004406995,0.0044083935813789,0.0021160289190618,0.0042320578381237,0.0007053429730206,0.0035267148651031,0.0012343502027860002,0.0005290072297654,0.0007053429730206,0.0017633574325515002,0.0003526714865103,0.0014106859460412,0.0118144947980955,0.0026450361488273,0.0091694586492682,1189
2026-07-01,2026,7,138,25,113,0,0,0,2,0,2,0,0,0,3,1,2,2,1,1,0,0,0,0,0,0,4,0,4,1,1,0,0,0,0,2,0,2,1,0,1,0,0,0,0,0,0,0,0,0,0,0,0,1,0,1,0,0,0,0,0,0,1,0,1,0.8903225806451612,0.1612903225806451,0.7290322580645161,0.0,0.0,0.0,0.0129032258064516,0.0,0.0129032258064516,0.0,0.0,0.0,0.0193548387096774,0.0064516129032258,0.0129032258064516,0.0129032258064516,0.0064516129032258,0.0064516129032258,0.0,0.0,0.0,0.0,0.0,0.0,0.0258064516129032,0.0,0.0258064516129032,0.0064516129032258,0.0064516129032258,0.0,0.0,0.0,0.0,0.0129032258064516,0.0,0.0129032258064516,0.0064516129032258,0.0,0.0064516129032258,0.0,0.0,0.0,0.0,0.0,0.0,0.0,0.0,0.0,0.0,0.0,0.0,0.0064516129032258,0.0,0.0064516129032258,0.0,0.0,0.0,0.0,0.0,0.0,0.0064516129032258,0.0,0.0064516129032258,28
2026-08-01,2026,8,0,0,0,0,0,0,0,0,0,0,0,0,0,0,0,0,0,0,0,0,0,0,0,0,0,0,0,0,0,0,0,0,0,0,0,0,0,0,0,0,0,0,0,0,0,0,0,0,0,0,0,0,0,0,0,0,0,0,0,0,0,0,0,,,,,,,,,,,,,,,,,,,,,,,,,,,,,,,,,,,,,,,,,,,,,,,,,,,,,,,,,,,,,,,,0
