date,year,month,-999,cr_-999,nr_-999,activism,cr_activism,nr_activism,arrest,cr_arrest,nr_arrest,censor,cr_censor,nr_censor,cooperate,cr_cooperate,nr_cooperate,corruption,cr_corruption,nr_corruption,coup,cr_coup,nr_coup,defamationcase,cr_defamationcase,nr_defamationcase,disaster,cr_disaster,nr_disaster,electionactivity,cr_electionactivity,nr_electionactivity,electionirregularities,cr_electionirregularities,nr_electionirregularities,legalaction,cr_legalaction,nr_legalaction,legalchange,cr_legalchange,nr_legalchange,martiallaw,cr_martiallaw,nr_martiallaw,mobilizesecurity,cr_mobilizesecurity,nr_mobilizesecurity,protest,cr_protest,nr_protest,purge,cr_purge,nr_purge,raid,cr_raid,nr_raid,threaten,cr_threaten,nr_threaten,violencelethal,cr_violencelethal,nr_violencelethal,violencenonlethal,cr_violencenonlethal,nr_violencenonlethal,-999Norm,cr_-999Norm,nr_-999Norm,activismNorm,cr_activismNorm,nr_activismNorm,arrestNorm,cr_arrestNorm,nr_arrestNorm,censorNorm,cr_censorNorm,nr_censorNorm,cooperateNorm,cr_cooperateNorm,nr_cooperateNorm,corruptionNorm,cr_corruptionNorm,nr_corruptionNorm,coupNorm,cr_coupNorm,nr_coupNorm,defamationcaseNorm,cr_defamationcaseNorm,nr_defamationcaseNorm,disasterNorm,cr_disasterNorm,nr_disasterNorm,electionactivityNorm,cr_electionactivityNorm,nr_electionactivityNorm,electionirregularitiesNorm,cr_electionirregularitiesNorm,nr_electionirregularitiesNorm,legalactionNorm,cr_legalactionNorm,nr_legalactionNorm,legalchangeNorm,cr_legalchangeNorm,nr_legalchangeNorm,martiallawNorm,cr_martiallawNorm,nr_martiallawNorm,mobilizesecurityNorm,cr_mobilizesecurityNorm,nr_mobilizesecurityNorm,protestNorm,cr_protestNorm,nr_protestNorm,purgeNorm,cr_purgeNorm,nr_purgeNorm,raidNorm,cr_raidNorm,nr_raidNorm,threatenNorm,cr_threatenNorm,nr_threatenNorm,violencelethalNorm,cr_violencelethalNorm,nr_violencelethalNorm,violencenonlethalNorm,cr_violencenonlethalNorm,nr_violencenonlethalNorm,total_articles
2012-01-01,2012,1,1504,760,744,27,21,6,37,12,25,5,2,3,44,36,8,83,56,27,6,6,0,21,14,7,13,4,9,89,88,1,17,16,1,161,102,59,29,18,11,7,4,3,10,8,2,87,68,19,34,30,4,4,1,3,31,26,5,14,5,9,63,45,18,0.6570554827435561,0.3320227173438183,0.3250327653997378,0.0117955439056356,0.0091743119266055,0.0026212319790301,0.0161642638706858,0.0052424639580602,0.0109217999126256,0.002184359982525,0.00087374399301,0.001310615989515,0.0192223678462209,0.0157273918741808,0.0034949759720401,0.0362603757099169,0.0244648318042813,0.0117955439056356,0.0026212319790301,0.0026212319790301,0.0,0.009174311926605401,0.0061162079510703,0.0030581039755351,0.0056793359545652,0.00174748798602,0.0039318479685452,0.0388816076889471,0.0384447356924421,0.000436871996505,0.0074268239405853005,0.0069899519440803,0.000436871996505,0.0703363914373088,0.0445609436435124,0.0257754477937964,0.0126692878986456,0.0078636959370904,0.0048055919615552,0.0030581039755350004,0.00174748798602,0.001310615989515,0.0043687199650501,0.0034949759720401,0.00087374399301,0.038007863695937005,0.0297072957623416,0.0083005679335954,0.0148536478811707,0.0131061598951507,0.00174748798602,0.00174748798602,0.000436871996505,0.001310615989515,0.0135430318916557,0.0113586719091306,0.0021843599825251,0.006116207951070301,0.0021843599825251,0.0039318479685452,0.027522935779816397,0.019659239842726,0.0078636959370904,1296
2012-02-01,2012,2,1710,800,910,30,25,5,36,18,18,14,5,9,43,26,17,92,73,19,7,5,2,8,7,1,11,4,7,75,72,3,26,25,1,140,89,51,38,28,10,3,3,0,9,9,0,68,50,18,20,18,2,2,2,0,24,17,7,6,2,4,77,48,29,0.708955223880597,0.3316749585406301,0.3772802653399668,0.012437810945273499,0.0103648424543946,0.0020729684908789,0.0149253731343282,0.0074626865671641,0.0074626865671641,0.0058043117744609,0.0020729684908789,0.003731343283582,0.0178275290215587,0.0107794361525704,0.0070480928689883,0.0381426202321724,0.0302653399668325,0.0078772802653399,0.0029021558872304003,0.0020729684908789,0.0008291873963515,0.0033167495854062,0.0029021558872305,0.0004145936981757,0.0045605306799336,0.0016583747927031,0.0029021558872305,0.031094527363183997,0.0298507462686567,0.0012437810945273,0.0107794361525703,0.0103648424543946,0.0004145936981757,0.0580431177446102,0.0368988391376451,0.0211442786069651,0.0157545605306798,0.011608623548922,0.0041459369817578,0.0012437810945273,0.0012437810945273,0.0,0.003731343283582,0.003731343283582,0.0,0.0281923714759534,0.0207296849087893,0.0074626865671641,0.0082918739635156,0.0074626865671641,0.0008291873963515,0.0008291873963515,0.0008291873963515,0.0,0.009950248756218801,0.0070480928689883,0.0029021558872305,0.0024875621890546,0.0008291873963515,0.0016583747927031,0.0319237147595356,0.0199004975124378,0.0120232172470978,1301
2012-03-01,2012,3,1896,873,1023,50,34,16,36,19,17,5,3,2,46,30,16,115,85,30,4,4,0,17,15,2,34,7,27,120,115,5,51,51,0,216,137,79,57,31,26,2,1,1,5,2,3,89,67,22,22,21,1,0,0,0,18,16,2,12,8,4,56,27,29,0.6747330960854092,0.3106761565836299,0.3640569395017793,0.017793594306049702,0.0120996441281138,0.0056939501779359,0.0128113879003558,0.0067615658362989,0.0060498220640569,0.0017793594306048,0.0010676156583629,0.0007117437722419,0.0163701067615657,0.0106761565836298,0.0056939501779359,0.040925266903914403,0.0302491103202846,0.0106761565836298,0.0014234875444839,0.0014234875444839,0.0,0.0060498220640568,0.0053380782918149,0.0007117437722419,0.0120996441281138,0.0024911032028469,0.0096085409252669,0.0427046263345194,0.0409252669039145,0.0017793594306049,0.0181494661921708,0.0181494661921708,0.0,0.0768683274021352,0.0487544483985765,0.0281138790035587,0.0202846975088967,0.0110320284697508,0.0092526690391459,0.0007117437722418,0.0003558718861209,0.0003558718861209,0.0017793594306048,0.0007117437722419,0.0010676156583629,0.0316725978647686,0.0238434163701067,0.0078291814946619,0.0078291814946618,0.0074733096085409,0.0003558718861209,0.0,0.0,0.0,0.0064056939501778,0.0056939501779359,0.0007117437722419,0.004270462633451801,0.0028469750889679,0.0014234875444839,0.0199288256227757,0.0096085409252669,0.0103202846975088,1507
2012-04-01,2012,4,1615,738,877,34,28,6,39,24,15,12,8,4,43,31,12,93,67,26,8,5,3,12,8,4,27,8,19,129,128,1,60,59,1,144,77,67,144,107,37,7,4,3,21,21,0,164,130,34,8,6,2,6,5,1,24,19,5,6,5,1,93,57,36,0.6092040739343643,0.2783855149000377,0.3308185590343266,0.0128253489249338,0.0105620520558279,0.0022632968691059,0.014711429649188798,0.0090531874764239,0.0056582421727649,0.0045265937382118,0.0030177291588079,0.0015088645794039,0.0162202942285928,0.0116937004903809,0.0045265937382119,0.0350811014711428,0.0252734817050169,0.0098076197661259,0.0030177291588078,0.0018860807242549,0.0011316484345529,0.0045265937382118,0.0030177291588079,0.0015088645794039,0.0101848359109768,0.0030177291588079,0.0071671067521689,0.048660882685778804,0.0482836665409279,0.0003772161448509,0.0226329686910598,0.0222557525462089,0.0003772161448509,0.0543191248585438,0.0290456431535269,0.0252734817050169,0.0543191248585438,0.0403621274990569,0.0139569973594869,0.0026405130139568,0.0015088645794039,0.0011316484345529,0.0079215390418709,0.0079215390418709,0.0,0.0618634477555638,0.0490380988306299,0.0128253489249339,0.0030177291588077996,0.0022632968691059,0.0007544322897019,0.0022632968691058,0.0018860807242549,0.0003772161448509,0.0090531874764238,0.0071671067521689,0.0018860807242549,0.0022632968691058,0.0018860807242549,0.0003772161448509,0.0350811014711428,0.0215013202565069,0.0135797812146359,1506
2012-05-01,2012,5,1880,943,937,43,37,6,46,24,22,26,22,4,62,39,23,61,46,15,16,14,2,15,13,2,14,5,9,108,103,5,52,52,0,208,148,60,35,32,3,1,1,0,14,7,7,214,177,37,17,15,2,9,5,4,23,16,7,9,7,2,100,76,24,0.6436152002738789,0.3228346456692913,0.3207805546045875,0.0147209859637109,0.0126668948990071,0.0020540910647038,0.0157480314960629,0.0082163642588154,0.0075316672372475,0.0089010612803834,0.0075316672372475,0.0013693940431359,0.0212256076686065,0.0133515919205751,0.0078740157480314,0.020883259157822503,0.0157480314960629,0.0051352276617596,0.0054775761725435,0.0047928791509756,0.0006846970215679,0.0051352276617596,0.0044505306401917,0.0006846970215679,0.0047928791509756,0.0017117425539198,0.0030811365970558,0.0369736391646695,0.0352618966107497,0.0017117425539198,0.0178021225607668,0.0178021225607668,0.0,0.0712084902430673,0.0506675795960287,0.0205409106470386,0.011982197877439099,0.0109551523450872,0.0010270455323519,0.0003423485107839,0.0003423485107839,0.0,0.0047928791509756,0.0023964395754878,0.0023964395754878,0.0732625813077712,0.0605956864087641,0.0126668948990071,0.0058199246833275,0.0051352276617596,0.0006846970215679,0.0030811365970557,0.0017117425539198,0.0013693940431359,0.007874015748031399,0.0054775761725436,0.0023964395754878,0.0030811365970557,0.0023964395754878,0.0006846970215679,0.0342348510783977,0.0260184868195823,0.0082163642588154,1750
2012-06-01,2012,6,1857,812,1045,35,25,10,10,3,7,12,10,2,43,29,14,132,103,29,6,6,0,14,12,2,33,7,26,118,117,1,44,43,1,180,111,69,78,43,35,2,0,2,8,4,4,56,45,11,19,16,3,3,1,2,25,20,5,6,2,4,29,15,14,0.6952452265069262,0.304005990265818,0.3912392362411082,0.013103706476974801,0.0093597903406963,0.0037439161362785,0.0037439161362784,0.0011231748408835,0.0026207412953949,0.0044926993635342,0.0037439161362785,0.0007487832272557,0.0160988393859976,0.0108573567952077,0.0052414825907899,0.049419692998876705,0.038562336203669,0.0108573567952077,0.0022463496817671,0.0022463496817671,0.0,0.0052414825907899,0.0044926993635342,0.0007487832272557,0.0123549232497191,0.0026207412953949,0.0097341819543242,0.0441782104080868,0.043803818794459,0.0003743916136278,0.0164732309996255,0.0160988393859977,0.0003743916136278,0.06739049045301371,0.0415574691126918,0.0258330213403219,0.0292025458629726,0.0160988393859977,0.0131037064769749,0.0007487832272557,0.0,0.0007487832272557,0.0029951329090228,0.0014975664545114,0.0014975664545114,0.020965930363159798,0.0168476226132534,0.0041183077499064,0.0071134406589291,0.0059902658180456,0.0011231748408835,0.0011231748408835,0.0003743916136278,0.0007487832272557,0.0093597903406962,0.007487832272557,0.0018719580681392,0.0022463496817671,0.0007487832272557,0.0014975664545114,0.0108573567952077,0.0056158742044178,0.0052414825907899,1384
2012-07-01,2012,7,1889,743,1146,30,17,13,35,16,19,8,7,1,62,33,29,75,41,34,12,7,5,16,10,6,24,7,17,90,82,8,25,25,0,144,76,68,82,44,38,0,0,0,11,7,4,53,33,20,22,20,2,11,5,6,21,18,3,13,3,10,48,30,18,0.7139077853363567,0.2808012093726379,0.4331065759637188,0.0113378684807255,0.0064247921390778,0.0049130763416477,0.0132275132275131,0.0060468631897203,0.0071806500377928,0.0030234315948600996,0.0026455026455026,0.0003779289493575,0.023431594860166202,0.0124716553287981,0.0109599395313681,0.028344671201814,0.0154950869236583,0.0128495842781557,0.0045351473922902,0.0026455026455026,0.0018896447467876,0.0060468631897203,0.0037792894935752,0.0022675736961451,0.0090702947845804,0.0026455026455026,0.0064247921390778,0.0340136054421768,0.0309901738473167,0.0030234315948601,0.009448223733938,0.009448223733938,0.0,0.0544217687074829,0.0287226001511715,0.0256991685563114,0.0309901738473166,0.0166288737717309,0.0143613000755857,0.0,0.0,0.0,0.004157218442932599,0.0026455026455026,0.00151171579743,0.0200302343159485,0.0124716553287981,0.0075585789871504,0.0083144368858654,0.0075585789871504,0.000755857898715,0.0041572184429327,0.0018896447467876,0.0022675736961451,0.0079365079365078,0.0068027210884353,0.0011337868480725,0.0049130763416477,0.0011337868480725,0.0037792894935752,0.018140589569160898,0.0113378684807256,0.0068027210884353,1202
2012-08-01,2012,8,1851,735,1116,25,21,4,28,11,17,13,12,1,51,33,18,64,50,14,6,5,1,9,5,4,28,3,25,54,53,1,6,6,0,138,89,49,85,59,26,3,3,0,7,5,2,44,29,15,16,15,1,4,4,0,28,17,11,12,4,8,22,10,12,0.7503040129712202,0.2979327117957033,0.4523713011755168,0.010133765707336699,0.0085123631941629,0.0016214025131738,0.0113498175922172,0.0044588569112282,0.006890960680989,0.005269558167815,0.0048642075395216,0.0004053506282934,0.0206728820429671,0.0133765707336846,0.0072963113092825,0.0259424402107822,0.0202675314146736,0.0056749087961086,0.0024321037697607,0.0020267531414673,0.0004053506282934,0.0036481556546411,0.0020267531414673,0.0016214025131738,0.0113498175922172,0.0012160518848804,0.0101337657073368,0.0218889339278475,0.0214835832995541,0.0004053506282934,0.0024321037697608,0.0024321037697608,0.0,0.0559383867044993,0.0360762059181191,0.0198621807863802,0.0344548034049452,0.0239156870693149,0.0105391163356303,0.0012160518848804,0.0012160518848804,0.0,0.0028374543980542004,0.0020267531414673,0.0008107012565869,0.017835427644912798,0.0117551682205107,0.0060802594244021,0.0064856100526955,0.0060802594244021,0.0004053506282934,0.0016214025131738,0.0016214025131738,0.0,0.0113498175922172,0.006890960680989,0.0044588569112282,0.0048642075395215,0.0016214025131738,0.0032428050263477,0.0089177138224563,0.0040535062829347,0.0048642075395216,1146
2012-09-01,2012,9,1830,775,1055,37,30,7,43,15,28,8,6,2,42,26,16,93,74,19,9,6,3,12,8,4,6,2,4,106,101,5,20,19,1,173,101,72,70,37,33,2,0,2,12,9,3,69,55,14,10,9,1,7,5,2,30,17,13,10,1,9,69,45,24,0.694760820045558,0.2942293090356871,0.4005315110098709,0.0140470766894456,0.0113895216400911,0.0026575550493545,0.0163249810174638,0.0056947608200455,0.0106302201974183,0.0030372057706909003,0.0022779043280182,0.0007593014426727,0.0159453302961275,0.0098709187547456,0.0060744115413819,0.035307517084282404,0.0280941533788914,0.007213363705391,0.0034168564920273,0.0022779043280182,0.0011389521640091,0.0045558086560363,0.0030372057706909,0.0015186028853454,0.0022779043280181,0.0007593014426727,0.0015186028853454,0.0402429764616552,0.0383447228549734,0.0018982536066818,0.0075930144267273006,0.007213363705391,0.0003796507213363,0.065679574791192,0.0383447228549734,0.0273348519362186,0.026575550493545902,0.0140470766894457,0.0125284738041002,0.0007593014426727,0.0,0.0007593014426727,0.0045558086560364,0.0034168564920273,0.0011389521640091,0.026195899772209402,0.0208807896735003,0.0053151100987091,0.0037965072133636004,0.0034168564920273,0.0003796507213363,0.0026575550493545,0.0018982536066818,0.0007593014426727,0.011389521640091,0.0064540622627182,0.0049354593773728,0.0037965072133636004,0.0003796507213363,0.0034168564920273,0.026195899772209402,0.0170842824601366,0.0091116173120728,1323
2012-10-01,2012,10,1951,779,1172,29,23,6,28,5,23,12,9,3,54,37,17,137,110,27,9,6,3,14,11,3,22,6,16,76,73,3,11,11,0,159,95,64,75,39,36,3,2,1,5,3,2,37,26,11,13,10,3,5,3,2,9,8,1,12,6,6,37,19,18,0.7345632530120481,0.2932981927710843,0.4412650602409638,0.0109186746987951,0.0086596385542168,0.0022590361445783,0.0105421686746987,0.0018825301204819,0.0086596385542168,0.0045180722891565005,0.0033885542168674,0.0011295180722891,0.0203313253012047,0.0139307228915662,0.0064006024096385,0.051581325301204795,0.0414156626506024,0.0101656626506024,0.0033885542168674,0.0022590361445783,0.0011295180722891,0.0052710843373493,0.0041415662650602,0.0011295180722891,0.0082831325301204,0.0022590361445783,0.0060240963855421,0.028614457831325203,0.0274849397590361,0.0011295180722891,0.0041415662650602,0.0041415662650602,0.0,0.0598644578313252,0.0357680722891566,0.0240963855421686,0.028237951807228802,0.014683734939759,0.0135542168674698,0.001129518072289,0.0007530120481927,0.0003765060240963,0.0018825301204818,0.0011295180722891,0.0007530120481927,0.013930722891566199,0.009789156626506,0.0041415662650602,0.0048945783132528994,0.0037650602409638,0.0011295180722891,0.0018825301204818,0.0011295180722891,0.0007530120481927,0.0033885542168673,0.003012048192771,0.0003765060240963,0.0045180722891566,0.0022590361445783,0.0022590361445783,0.013930722891566199,0.0071536144578313,0.0067771084337349,1243
2012-11-01,2012,11,1619,768,851,34,27,7,41,10,31,9,6,3,52,36,16,76,61,15,5,5,0,7,7,0,48,22,26,116,113,3,12,12,0,127,76,51,59,34,25,0,0,0,2,2,0,77,53,24,23,17,6,11,4,7,16,12,4,12,4,8,26,13,13,0.6874734607218682,0.3261146496815286,0.3613588110403397,0.0144373673036093,0.0114649681528662,0.0029723991507431,0.0174097664543523,0.0042462845010615,0.0131634819532908,0.0038216560509553,0.0025477707006369,0.0012738853503184,0.022080679405520102,0.0152866242038216,0.0067940552016985,0.032271762208067795,0.0259023354564755,0.0063694267515923,0.0021231422505307,0.0021231422505307,0.0,0.0029723991507431,0.0029723991507431,0.0,0.020382165605095398,0.0093418259023354,0.01104033970276,0.0492569002123141,0.0479830148619957,0.0012738853503184,0.0050955414012738,0.0050955414012738,0.0,0.0539278131634819,0.0322717622080679,0.021656050955414,0.0250530785562632,0.0144373673036093,0.0106157112526539,0.0,0.0,0.0,0.0008492569002123,0.0008492569002123,0.0,0.032696390658174,0.0225053078556263,0.0101910828025477,0.0097664543524415,0.0072186836518046,0.0025477707006369,0.0046709129511677,0.0016985138004246,0.0029723991507431,0.0067940552016984,0.0050955414012738,0.0016985138004246,0.0050955414012738,0.0016985138004246,0.0033970276008492,0.01104033970276,0.00552016985138,0.00552016985138,1266
2012-12-01,2012,12,1371,560,811,23,17,6,29,4,25,2,2,0,37,29,8,83,65,18,2,0,2,12,10,2,33,17,16,105,104,1,15,14,1,138,70,68,34,17,17,1,0,1,7,5,2,59,44,15,17,12,5,4,4,0,14,13,1,7,0,7,42,15,27,0.683790523690773,0.2793017456359102,0.4044887780548628,0.0114713216957605,0.0084788029925187,0.0029925187032418,0.0144638403990024,0.0019950124688279,0.0124688279301745,0.0009975062344139,0.0009975062344139,0.0,0.0184538653366582,0.0144638403990024,0.0039900249376558,0.041396508728179404,0.0324189526184538,0.0089775561097256,0.0009975062344139,0.0,0.0009975062344139,0.0059850374064837,0.0049875311720698,0.0009975062344139,0.0164588528678304,0.0084788029925187,0.0079800498753117,0.052369077306733,0.0518703241895261,0.0004987531172069,0.0074812967581046,0.0069825436408977,0.0004987531172069,0.0688279301745635,0.0349127182044887,0.0339152119700748,0.0169576059850374,0.0084788029925187,0.0084788029925187,0.0004987531172069,0.0,0.0004987531172069,0.0034912718204488,0.0024937655860349,0.0009975062344139,0.029426433915211898,0.0219451371571072,0.0074812967581047,0.0084788029925186,0.0059850374064837,0.0024937655860349,0.0019950124688279,0.0019950124688279,0.0,0.0069825436408976,0.0064837905236907,0.0004987531172069,0.0034912718204488,0.0,0.0034912718204488,0.0209476309226932,0.0074812967581047,0.0134663341645885,976
2013-01-01,2013,1,1691,760,931,23,18,5,32,10,22,9,8,1,41,30,11,73,54,19,12,11,1,21,17,4,33,13,20,117,107,10,49,48,1,162,96,66,41,27,14,2,2,0,18,12,6,73,66,7,18,17,1,3,0,3,19,13,6,21,4,17,38,17,21,0.6896411092985317,0.3099510603588907,0.3796900489396411,0.0093800978792821,0.0073409461663947,0.0020391517128874,0.0130505709624795,0.0040783034257748,0.0089722675367047,0.0036704730831973002,0.0032626427406199,0.0004078303425774,0.0167210440456769,0.0122349102773246,0.0044861337683523,0.0297716150081565,0.0220228384991843,0.0077487765089722,0.0048939641109297,0.0044861337683523,0.0004078303425774,0.008564437194127101,0.0069331158238172,0.0016313213703099,0.013458401305057,0.0053017944535073,0.0081566068515497,0.047716150081565906,0.0436378466557911,0.0040783034257748,0.0199836867862968,0.0195758564437194,0.0004078303425774,0.06606851549755291,0.0391517128874388,0.0269168026101141,0.0167210440456769,0.0110114192495921,0.0057096247960848,0.0008156606851549,0.0008156606851549,0.0,0.007340946166394699,0.0048939641109298,0.0024469820554649,0.0297716150081565,0.0269168026101141,0.0028548123980424,0.0073409461663946005,0.0069331158238172,0.0004078303425774,0.0012234910277324,0.0,0.0012234910277324,0.0077487765089722,0.0053017944535073,0.0024469820554649,0.008564437194127101,0.0016313213703099,0.0069331158238172,0.0154975530179444,0.0069331158238172,0.0085644371941272,1290
2013-02-01,2013,2,1368,693,675,18,12,6,37,17,20,3,2,1,53,33,20,42,33,9,10,9,1,11,8,3,23,4,19,170,168,2,35,34,1,118,68,50,22,12,10,0,0,0,12,11,1,25,18,7,13,13,0,3,1,2,33,23,10,12,3,9,29,19,10,0.6775631500742941,0.3432392273402674,0.3343239227340267,0.0089153046062406,0.0059435364041604,0.0029717682020802,0.0183259039128281,0.008420009905894,0.0099058940069341,0.0014858841010401,0.0009905894006934,0.0004952947003467,0.026250619118375403,0.0163447251114413,0.0099058940069341,0.0208023774145616,0.0163447251114413,0.0044576523031203,0.004952947003467,0.0044576523031203,0.0004952947003467,0.0054482417038136995,0.0039623576027736,0.0014858841010401,0.0113917781079742,0.0019811788013868,0.0094105993065874,0.08420009905893999,0.0832095096582466,0.0009905894006934,0.0173353145121347,0.016840019811788,0.0004952947003467,0.0584447746409113,0.033680039623576,0.0247647350173353,0.010896483407627399,0.0059435364041604,0.004952947003467,0.0,0.0,0.0,0.005943536404160401,0.0054482417038137,0.0004952947003467,0.012382367508667601,0.0089153046062407,0.0034670629024269,0.0064388311045071,0.0064388311045071,0.0,0.0014858841010401,0.0004952947003467,0.0009905894006934,0.0163447251114412,0.0113917781079742,0.004952947003467,0.0059435364041604,0.0014858841010401,0.0044576523031203,0.0143635463100544,0.0094105993065874,0.004952947003467,1167
2013-03-01,2013,3,1618,907,711,26,22,4,46,30,16,12,7,5,54,44,10,65,56,9,7,5,2,21,18,3,13,6,7,220,212,8,48,46,2,143,100,43,20,11,9,3,3,0,31,30,1,31,25,6,15,15,0,10,9,1,20,16,4,90,84,6,95,83,12,0.6327727806022682,0.3547125537739538,0.2780602268283144,0.0101681658193194,0.0086038326163472,0.0015643332029722,0.0179898318341806,0.0117324990222917,0.0062573328118889,0.0046929996089166,0.0027375831052014,0.0019554165037152,0.021118498240125,0.0172076652326945,0.0039108330074305,0.0254204145482987,0.0219006648416112,0.0035197497066875,0.0027375831052013,0.0019554165037152,0.0007821666014861,0.0082127493156041,0.007039499413375,0.0011732499022291,0.0050840829096597,0.0023464998044583,0.0027375831052014,0.0860383261634727,0.0829096597575283,0.0031286664059444,0.018771998435666702,0.0179898318341806,0.0007821666014861,0.0559249120062573,0.0391083300743058,0.0168165819319515,0.0078216660148611,0.0043019163081736,0.0035197497066875,0.0011732499022291,0.0011732499022291,0.0,0.0121235823230347,0.0117324990222917,0.000391083300743,0.0121235823230347,0.0097770825185764,0.0023464998044583,0.0058662495111458,0.0058662495111458,0.0,0.0039108330074305005,0.0035197497066875,0.000391083300743,0.0078216660148611,0.0062573328118889,0.0015643332029722,0.035197497066875104,0.0328509972624168,0.0023464998044583,0.037152913570590404,0.0324599139616738,0.0046929996089166,1700
2013-04-01,2013,4,1645,1068,577,9,7,2,30,19,11,10,10,0,51,35,16,68,60,8,6,4,2,9,9,0,8,4,4,705,668,37,68,68,0,91,67,24,20,17,3,1,1,0,6,5,1,41,36,5,33,32,1,0,0,0,39,35,4,10,6,4,59,46,13,0.568417415342087,0.3690393918451969,0.1993780234968901,0.0031098825155493,0.0024187975120939,0.0006910850034554,0.0103662750518313,0.0065653075328265,0.0038009675190048,0.0034554250172771,0.0034554250172771,0.0,0.0176226675881133,0.0120939875604699,0.0055286800276434,0.0234968901174844,0.0207325501036627,0.0027643400138217,0.0020732550103661996,0.0013821700069108,0.0006910850034554,0.0031098825155494,0.0031098825155494,0.0,0.0027643400138216,0.0013821700069108,0.0013821700069108,0.2436074637180372,0.2308223911541119,0.0127850725639253,0.0234968901174844,0.0234968901174844,0.0,0.0314443676572218,0.0231513476157567,0.0082930200414651,0.0069108500345542,0.0058742225293711,0.0010366275051831,0.0003455425017277,0.0003455425017277,0.0,0.0020732550103662,0.0017277125086385,0.0003455425017277,0.0141672425708361,0.0124395300621976,0.0017277125086385,0.0114029025570145,0.0110573600552868,0.0003455425017277,0.0,0.0,0.0,0.0134761575673807,0.0120939875604699,0.0013821700069108,0.003455425017277,0.0020732550103662,0.0013821700069108,0.0203870076019349,0.0158949550794747,0.0044920525224602,2179
2013-05-01,2013,5,1757,1063,694,35,27,8,75,55,20,11,8,3,40,38,2,86,75,11,16,15,1,4,4,0,29,6,23,393,380,13,156,153,3,148,114,34,39,24,15,3,2,1,11,9,2,137,124,13,36,35,1,8,7,1,34,30,4,17,6,11,39,27,12,0.5792944279591163,0.3504780745136828,0.2288163534454335,0.011539729640619799,0.0089020771513353,0.0026376524892845,0.0247279920870424,0.0181338608638311,0.0065941312232113,0.0036267721727662,0.0026376524892845,0.0009891196834817,0.013188262446422601,0.0125288493241015,0.0006594131223211,0.0283547642598087,0.0247279920870425,0.0036267721727662,0.005275304978569,0.0049455984174085,0.0003297065611605,0.0013188262446422,0.0013188262446422,0.0,0.0095614902736564,0.0019782393669634,0.007583250906693,0.12957467853610277,0.1252884932410155,0.0042861852950873,0.0514342235410484,0.0504451038575667,0.0009891196834817,0.0487965710517638,0.0375865479723046,0.0112100230794592,0.0128585558852621,0.0079129574678536,0.0049455984174085,0.0009891196834816,0.0006594131223211,0.0003297065611605,0.0036267721727662,0.0029673590504451,0.0006594131223211,0.0451697988789976,0.0408836135839103,0.0042861852950873,0.011869436201780301,0.0115397296406198,0.0003297065611605,0.0026376524892843998,0.0023079459281239,0.0003297065611605,0.0112100230794592,0.009891196834817,0.0013188262446422,0.0056050115397296,0.0019782393669634,0.0036267721727662,0.0128585558852621,0.0089020771513353,0.0039564787339268,2159
2013-06-01,2013,6,1788,843,945,36,30,6,53,30,23,16,13,3,65,48,17,58,53,5,4,3,1,12,8,4,101,40,61,137,135,2,79,77,2,190,108,82,78,44,34,4,3,1,10,8,2,82,73,9,33,30,3,9,2,7,25,19,6,22,9,13,27,18,9,0.6408602150537634,0.3021505376344086,0.3387096774193548,0.012903225806451599,0.010752688172043,0.0021505376344086,0.0189964157706093,0.010752688172043,0.0082437275985663,0.0057347670250896,0.0046594982078853,0.0010752688172043,0.0232974910394265,0.0172043010752688,0.0060931899641577,0.020788530465949803,0.0189964157706093,0.0017921146953405,0.0014336917562724,0.0010752688172043,0.0003584229390681,0.0043010752688172,0.0028673835125448,0.0014336917562724,0.0362007168458781,0.014336917562724,0.0218637992831541,0.0491039426523297,0.0483870967741935,0.0007168458781362,0.0283154121863799,0.0275985663082437,0.0007168458781362,0.068100358422939,0.0387096774193548,0.0293906810035842,0.027956989247311798,0.0157706093189964,0.0121863799283154,0.0014336917562724,0.0010752688172043,0.0003584229390681,0.0035842293906809997,0.0028673835125448,0.0007168458781362,0.0293906810035842,0.0261648745519713,0.0032258064516129,0.0118279569892473,0.010752688172043,0.0010752688172043,0.0032258064516128998,0.0007168458781362,0.0025089605734767,0.0089605734767025,0.0068100358422939,0.0021505376344086,0.0078853046594982,0.0032258064516129,0.0046594982078853,0.0096774193548387,0.0064516129032258,0.0032258064516129,1557
2013-07-01,2013,7,2485,993,1492,48,43,5,69,12,57,16,13,3,53,25,28,116,96,20,12,7,5,32,18,14,44,13,31,177,168,9,85,85,0,294,143,151,205,126,79,1,1,0,13,5,8,36,25,11,18,16,2,8,4,4,32,22,10,33,14,19,50,15,35,0.6616080937167199,0.2643769968051118,0.3972310969116081,0.0127795527156549,0.0114483493077742,0.0013312034078807,0.0183706070287539,0.0031948881789137,0.0151757188498402,0.0042598509052182,0.0034611288604898,0.0007987220447284,0.0141107561235356,0.0066560170394036,0.007454739084132,0.0308839190628327,0.0255591054313099,0.0053248136315228,0.0031948881789136997,0.001863684771033,0.0013312034078807,0.0085197018104366,0.0047923322683706,0.003727369542066,0.0117145899893502,0.0034611288604898,0.0082534611288604,0.0471246006389776,0.0447284345047923,0.0023961661341853,0.0226304579339723,0.0226304579339723,0.0,0.07827476038338649,0.0380724174653887,0.0402023429179978,0.0545793397231096,0.0335463258785942,0.0210330138445154,0.0002662406815761,0.0002662406815761,0.0,0.0034611288604898,0.0013312034078807,0.0021299254526091,0.009584664536741101,0.0066560170394036,0.0029286474973375,0.0047923322683705,0.0042598509052183,0.0005324813631522,0.002129925452609,0.0010649627263045,0.0010649627263045,0.0085197018104365,0.0058572949946751,0.0026624068157614,0.0087859424920127,0.003727369542066,0.0050585729499467,0.0133120340788071,0.0039936102236421,0.009318423855165,1792
2013-08-01,2013,8,2317,920,1397,41,31,10,84,15,69,24,6,18,69,51,18,71,57,14,13,10,3,19,13,6,89,12,77,162,159,3,52,52,0,226,130,96,86,38,48,1,1,0,17,5,12,22,16,6,12,10,2,16,3,13,22,16,6,61,19,42,55,15,40,0.6804698972099853,0.2701908957415565,0.4102790014684288,0.012041116005873601,0.0091042584434654,0.0029368575624082,0.024669603524229,0.0044052863436123,0.0202643171806167,0.0070484581497796996,0.0017621145374449,0.0052863436123348,0.0202643171806167,0.0149779735682819,0.0052863436123348,0.0208516886930983,0.0167400881057268,0.0041116005873715,0.0038179148311306,0.0029368575624082,0.0008810572687224,0.0055800293685755,0.0038179148311306,0.0017621145374449,0.0261380323054331,0.0035242290748898,0.0226138032305433,0.0475770925110131,0.0466960352422907,0.0008810572687224,0.0152716593245227,0.0152716593245227,0.0,0.0663729809104258,0.0381791483113069,0.0281938325991189,0.0252569750367106,0.0111600587371512,0.0140969162995594,0.0002936857562408,0.0002936857562408,0.0,0.0049926578560939,0.0014684287812041,0.0035242290748898,0.0064610866372979995,0.0046989720998531,0.0017621145374449,0.0035242290748898,0.0029368575624082,0.0005873715124816,0.004698972099853,0.0008810572687224,0.0038179148311306,0.0064610866372979995,0.0046989720998531,0.0017621145374449,0.0179148311306901,0.0055800293685756,0.0123348017621145,0.0161527165932451,0.0044052863436123,0.0117474302496328,1539
2013-09-01,2013,9,2444,1099,1345,34,23,11,133,44,89,7,5,2,63,37,26,94,73,21,11,6,5,13,9,4,43,6,37,175,173,2,47,47,0,205,98,107,146,84,62,1,1,0,11,7,4,36,25,11,22,21,1,5,2,3,21,12,9,33,7,26,32,13,19,0.6929401757867877,0.3115962574425858,0.3813439183442019,0.0096399206124184,0.0065211227672242,0.0031187978451942,0.0377091012191663,0.0124751913807768,0.0252339098383895,0.0019846895378507,0.0014176353841791,0.0005670541536716,0.017862205840657598,0.0104905018429259,0.0073717039977317,0.0266515452225686,0.0206974766090161,0.0059540686135525,0.0031187978451941,0.001701162461015,0.0014176353841791,0.0036858519988658,0.0025517436915225,0.0011341083073433,0.0121916643039409,0.001701162461015,0.0104905018429259,0.0496172384462715,0.0490501842925999,0.0005670541536716,0.0133257726112843,0.0133257726112843,0.0,0.0581230507513467,0.0277856535299121,0.0303373972214346,0.0413949532180322,0.0238162744542103,0.0175786787638219,0.0002835270768358,0.0002835270768358,0.0,0.0031187978451941,0.0019846895378508,0.0011341083073433,0.0102069747660901,0.0070881769208959,0.0031187978451942,0.006237595690388301,0.0059540686135525,0.0002835270768358,0.0014176353841791,0.0005670541536716,0.0008505812305075,0.0059540686135525,0.00340232492203,0.0025517436915225,0.0093563935355825,0.0019846895378508,0.0073717039977317,0.0090728664587467,0.0036858519988658,0.0053870144598809,1759
2013-10-01,2013,10,2742,1310,1432,35,28,7,62,18,44,27,21,6,89,57,32,109,81,28,9,5,4,16,9,7,84,14,70,216,206,10,31,29,2,206,103,103,221,123,98,2,2,0,4,4,0,46,37,9,42,32,10,5,2,3,38,27,11,33,7,26,35,15,20,0.6856714178544635,0.3275818954738684,0.3580895223805951,0.008752188047011701,0.0070017504376094,0.0017504376094023,0.015503875968992201,0.0045011252813203,0.0110027506876719,0.006751687921980399,0.005251312828207,0.0015003750937734,0.022255563890972697,0.0142535633908477,0.008002000500125,0.027256814203550802,0.0202550637659414,0.0070017504376094,0.0022505626406601,0.0012503125781445,0.0010002500625156,0.0040010002500624,0.0022505626406601,0.0017504376094023,0.0210052513128282,0.0035008752188047,0.0175043760940235,0.054013503375843805,0.0515128782195548,0.002500625156289,0.0077519379844961,0.0072518129532383,0.0005001250312578,0.0515128782195548,0.0257564391097774,0.0257564391097774,0.055263815953988396,0.0307576894223555,0.0245061265316329,0.0005001250312578,0.0005001250312578,0.0,0.0010002500625156,0.0010002500625156,0.0,0.011502875718929599,0.0092523130782695,0.0022505626406601,0.010502625656414,0.008002000500125,0.002500625156289,0.0012503125781445,0.0005001250312578,0.0007501875468867,0.0095023755938983,0.0067516879219804,0.0027506876719179,0.0082520630157538,0.0017504376094023,0.0065016254063515,0.008752188047011701,0.0037509377344336,0.0050012503125781,2093
2013-11-01,2013,11,2266,964,1302,51,38,13,85,17,68,7,6,1,54,35,19,106,70,36,7,4,3,23,15,8,56,13,43,136,133,3,45,45,0,208,95,113,150,77,73,1,1,0,13,7,6,42,26,16,52,50,2,9,4,5,27,24,3,37,8,29,43,15,28,0.6774289985052315,0.2881913303437967,0.3892376681614349,0.0152466367713004,0.0113602391629297,0.0038863976083707,0.0254110612855006,0.0050822122571001,0.0203288490284005,0.0020926756352764,0.0017937219730941,0.0002989536621823,0.0161434977578474,0.0104633781763826,0.0056801195814648,0.0316890881913303,0.0209267563527653,0.010762331838565,0.0020926756352764,0.0011958146487294,0.000896860986547,0.0068759342301942,0.0044843049327354,0.0023916292974588,0.0167414050822122,0.0038863976083707,0.0128550074738415,0.040657698056801105,0.0397608370702541,0.000896860986547,0.0134529147982062,0.0134529147982062,0.0,0.0621823617339311,0.0284005979073243,0.0337817638266068,0.0448430493273542,0.0230194319880418,0.0218236173393124,0.0002989536621823,0.0002989536621823,0.0,0.0038863976083705998,0.0020926756352765,0.0017937219730941,0.012556053811659099,0.0077727952167414,0.0047832585949177,0.0155455904334827,0.014947683109118,0.0005979073243647,0.0026905829596412002,0.0011958146487294,0.0014947683109118,0.0080717488789236,0.0071748878923766,0.000896860986547,0.0110612855007472,0.0023916292974588,0.0086696562032884,0.012855007473841499,0.0044843049327354,0.0083707025411061,1602
2013-12-01,2013,12,2314,1041,1273,42,37,5,65,22,43,23,19,4,70,44,26,86,69,17,15,14,1,13,9,4,182,61,121,86,81,5,14,13,1,149,85,64,108,52,56,0,0,0,10,7,3,87,69,18,22,21,1,10,4,6,21,19,2,24,6,18,43,17,26,0.6938530734632683,0.312143928035982,0.3817091454272863,0.0125937031484256,0.0110944527736131,0.0014992503748125,0.0194902548725637,0.0065967016491754,0.0128935532233883,0.006896551724137801,0.0056971514242878,0.00119940029985,0.0209895052473762,0.0131934032983508,0.0077961019490254,0.0257871064467765,0.0206896551724137,0.0050974512743628,0.0044977511244377,0.0041979010494752,0.0002998500749625,0.0038980509745126,0.0026986506746626,0.00119940029985,0.054572713643178304,0.0182908545727136,0.0362818590704647,0.025787106446776502,0.024287856071964,0.0014992503748125,0.0041979010494751995,0.0038980509745127,0.0002998500749625,0.0446776611694151,0.025487256371814,0.0191904047976011,0.0323838080959519,0.0155922038980509,0.016791604197901,0.0,0.0,0.0,0.0029985007496251,0.0020989505247376,0.0008995502248875,0.026086956521739,0.0206896551724137,0.0053973013493253,0.006596701649175299,0.0062968515742128,0.0002998500749625,0.0029985007496251,0.00119940029985,0.0017991004497751,0.006296851574212801,0.0056971514242878,0.000599700149925,0.0071964017991004,0.0017991004497751,0.0053973013493253,0.012893553223388199,0.0050974512743628,0.0077961019490254,1657
2014-01-01,2014,1,2860,999,1861,46,34,12,134,36,98,30,19,11,93,55,38,122,93,29,19,10,9,32,28,4,134,30,104,92,87,5,20,20,0,325,179,146,141,76,65,5,3,2,45,19,26,118,106,12,45,42,3,54,26,28,52,30,22,38,5,33,104,52,52,0.6489675516224189,0.2266848196051736,0.4222827320172453,0.010437939641479401,0.0077149988654413,0.0027229407760381,0.0304061719990922,0.0081688223281143,0.0222373496709779,0.006807351940095199,0.0043113228953936,0.0024960290447016,0.0211027910142953,0.012480145223508,0.0086226457907873,0.027683231223054102,0.0211027910142954,0.0065804402087587,0.004311322895393601,0.0022691173133651,0.0020422055820285,0.0072611754027682,0.0063535284774222,0.000907646925346,0.0304061719990923,0.0068073519400953,0.023598820058997,0.020875879282958802,0.0197413206262763,0.0011345586566825,0.0045382346267302,0.0045382346267302,0.0,0.0737463126843657,0.0406171999092353,0.0331291127751304,0.0319945541184478,0.0172452915815747,0.0147492625368731,0.0011345586566825,0.0006807351940095,0.000453823462673,0.010211027910142799,0.0043113228953936,0.0058997050147492,0.0267755842977081,0.02405264352167,0.0027229407760381,0.0102110279101429,0.0095302927161334,0.0006807351940095,0.0122532334921714,0.0058997050147492,0.0063535284774222,0.0117994100294985,0.0068073519400953,0.0049920580894032,0.0086226457907873,0.0011345586566825,0.0074880871341048,0.023598820058997,0.0117994100294985,0.0117994100294985,1868
2014-02-01,2014,2,2739,1073,1666,52,38,14,72,13,59,31,20,11,115,61,54,112,98,14,15,6,9,31,23,8,125,27,98,221,209,12,47,46,1,294,175,119,58,39,19,12,2,10,8,6,2,46,36,10,64,57,7,14,4,10,37,27,10,41,15,26,63,28,35,0.6654518950437317,0.260689990281827,0.4047619047619047,0.0126336248785227,0.0092322643343051,0.0034013605442176,0.0174927113702623,0.0031584062196307,0.0143343051506316,0.0075315840621962005,0.0048590864917395,0.0026724975704567,0.0279397473275023,0.0148202137998056,0.0131195335276967,0.027210884353741402,0.0238095238095238,0.0034013605442176,0.0036443148688044998,0.0014577259475218,0.0021865889212827,0.0075315840621962005,0.0055879494655004,0.0019436345966958,0.0303692905733721,0.0065597667638483,0.0238095238095238,0.053692905733722,0.0507774538386783,0.0029154518950437,0.0114188532555878,0.0111758989310009,0.0002429543245869,0.0714285714285713,0.042517006802721,0.0289115646258503,0.0140913508260446,0.0094752186588921,0.0046161321671525,0.0029154518950436003,0.0004859086491739,0.0024295432458697,0.0019436345966956999,0.0014577259475218,0.0004859086491739,0.0111758989310008,0.0087463556851311,0.0024295432458697,0.015549076773566501,0.0138483965014577,0.0017006802721088,0.0034013605442176,0.0009718172983479,0.0024295432458697,0.008989310009718,0.0065597667638483,0.0024295432458697,0.009961127308066,0.0036443148688046,0.0063168124392614,0.0153061224489795,0.0068027210884353,0.0085034013605442,1936
2014-03-01,2014,3,4889,1072,3817,39,28,11,53,11,42,20,11,9,84,47,37,66,43,23,10,3,7,31,23,8,225,46,179,274,262,12,27,27,0,397,174,223,56,20,36,12,2,10,35,15,20,62,50,12,32,28,4,12,3,9,39,25,14,25,6,19,56,26,30,0.7643839899937461,0.1676047529706066,0.5967792370231395,0.0060975609756096,0.0043777360850531,0.0017198248905565,0.008286429018136199,0.0017198248905565,0.0065666041275797,0.0031269543464664,0.0017198248905565,0.0014071294559099,0.013133208255159401,0.0073483427141963,0.0057848655409631,0.0103189493433395,0.006722951844903,0.0035959974984365,0.0015634771732331,0.0004690431519699,0.0010944340212632,0.0048467792370231,0.0035959974984365,0.0012507817385866,0.0351782363977485,0.007191994996873,0.0279862414008755,0.042839274546591505,0.0409631019387116,0.0018761726078799,0.0042213883677298,0.0042213883677298,0.0,0.06207004377736079,0.0272045028142589,0.0348655409631019,0.0087554721701062,0.0031269543464665,0.0056285178236397,0.0018761726078798,0.0003126954346466,0.0015634771732332,0.0054721701063164,0.0023452157598499,0.0031269543464665,0.0096935584740462,0.0078173858661663,0.0018761726078799,0.0050031269543464,0.0043777360850531,0.0006253908692933,0.0018761726078797998,0.0004690431519699,0.0014071294559099,0.0060975609756096,0.0039086929330831,0.0021888680425265,0.0039086929330831004,0.0009380863039399,0.0029706066291432,0.0087554721701063,0.0040650406504065,0.0046904315196998,1870
2014-04-01,2014,4,3795,1169,2626,41,33,8,97,27,70,12,4,8,130,71,59,76,49,27,10,5,5,27,20,7,105,12,93,115,107,8,17,15,2,276,122,154,147,84,63,11,1,10,27,17,10,45,34,11,21,18,3,8,3,5,29,25,4,16,5,11,77,19,58,0.7558255327623978,0.2328221469826727,0.5230033857797252,0.0081657040430192,0.0065723959370643,0.0015933081059549,0.0193188607847041,0.005377414857598,0.0139414459271061,0.0023899621589323,0.0007966540529774,0.0015933081059549,0.0258912567217685,0.0141406094403505,0.011750647281418,0.015136427006572301,0.0097590121489743,0.005377414857598,0.0019916351324436,0.0009958175662218,0.0009958175662218,0.005377414857598,0.0039832702648874,0.0013941445927106,0.0209121688906591,0.0023899621589324,0.0185222067317267,0.0229038040231028,0.0213104959171479,0.0015933081059549,0.0033857797251543,0.0029874526986656,0.0003983270264887,0.054969129655447,0.0242979486158135,0.0306711810396335,0.029277036446922797,0.0167297351125273,0.0125473013343955,0.002190798645688,0.0001991635132443,0.0019916351324437,0.005377414857598,0.0033857797251543,0.0019916351324437,0.008962358095996801,0.0067715594503087,0.0021907986456881,0.0041824337781318,0.0035849432383987,0.0005974905397331,0.0015933081059549001,0.0005974905397331,0.0009958175662218,0.005775741884086701,0.0049790878311093,0.0007966540529774,0.0031866162119099,0.0009958175662218,0.0021907986456881,0.0153355905198166,0.003784106751643,0.0115514837681736,1794
2014-05-01,2014,5,3443,1396,2047,44,32,12,106,42,64,13,8,5,99,57,42,76,61,15,11,8,3,18,15,3,75,17,58,418,399,19,72,72,0,252,164,88,114,64,50,7,5,2,22,13,9,109,96,13,51,47,4,10,3,7,63,55,8,36,12,24,121,63,58,0.6729867083659109,0.272869429241595,0.4001172791243159,0.0086004691164972,0.0062548866301798,0.0023455824863174,0.0207193119624706,0.008209538702111,0.0125097732603596,0.0025410476935104,0.0015637216575449,0.0009773260359655,0.019351055512118798,0.0111415168100078,0.008209538702111,0.0148553557466769,0.0119233776387802,0.0029319781078967,0.0021501172791242,0.0015637216575449,0.0005863956215793,0.003518373729476,0.0029319781078967,0.0005863956215793,0.0146598905394839,0.003322908522283,0.0113369820172009,0.0817044566067239,0.0779906176700547,0.0037138389366692,0.0140734949179046,0.0140734949179046,0.0,0.049257232212666105,0.0320562939796716,0.0172009382329945,0.022283033620015498,0.0125097732603596,0.0097732603596559,0.0013682564503517,0.0009773260359655,0.0003909304143862,0.0043002345582485,0.0025410476935105,0.001759186864738,0.0213057075840499,0.0187646598905394,0.0025410476935105,0.009968725566849,0.0091868647380766,0.0007818608287724,0.0019546520719311,0.0005863956215793,0.0013682564503518,0.0123143080531664,0.0107505863956215,0.0015637216575449,0.0070367474589522,0.0023455824863174,0.0046911649726348,0.023651290070367398,0.0123143080531665,0.0113369820172009,2593
2014-06-01,2014,6,3675,1200,2475,54,39,15,140,41,99,18,11,7,111,35,76,100,66,34,20,11,9,41,36,5,158,26,132,75,71,4,18,18,0,395,206,189,239,133,106,3,2,1,18,5,13,55,35,20,103,91,12,42,12,30,29,17,12,55,13,42,96,28,68,0.6860182938211685,0.2240059734926264,0.4620123203285421,0.0100802688071681,0.0072801941385103,0.0028000746686578,0.0261340302408063,0.0076535374276647,0.0184804928131416,0.0033600896023893,0.002053388090349,0.0013067015120403,0.0207205525480679,0.0065335075602016,0.0141870449878663,0.0186671644577188,0.0123203285420944,0.0063468359156244,0.0037334328915436003,0.002053388090349,0.0016800448011946,0.0076535374276646,0.0067201792047787,0.0009333582228859,0.029494119843195797,0.0048534627590069,0.0246406570841889,0.014000373343289,0.0132536867649803,0.0007466865783087,0.0033600896023893,0.0033600896023893,0.0,0.0737352996079894,0.0384543587829008,0.0352809408250886,0.0446145230539481,0.0248273287287661,0.019787194325182,0.0005600149337314,0.0003733432891543,0.0001866716445771,0.0033600896023893,0.0009333582228859,0.0024267313795034,0.0102669404517453,0.0065335075602016,0.0037334328915437,0.0192271793914503,0.0169871196565241,0.0022400597349262,0.0078402090722418,0.0022400597349262,0.0056001493373156,0.0054134776927384,0.0031734179578122,0.0022400597349262,0.010266940451745301,0.0024267313795034,0.0078402090722419,0.01792047787941,0.0052268060481612,0.0126936718312488,2031
2014-07-01,2014,7,4406,1701,2705,65,51,14,150,20,130,15,11,4,180,91,89,70,51,19,13,9,4,23,18,5,335,98,237,46,46,0,6,6,0,358,176,182,129,56,73,20,8,12,37,20,17,35,28,7,57,48,9,15,3,12,46,39,7,86,48,38,111,56,55,0.7157244964262508,0.2763157894736842,0.4394087069525666,0.0105588044184534,0.0082846003898635,0.0022742040285899,0.024366471734892703,0.0032488628979857,0.021117608836907,0.0024366471734891997,0.0017868745938921,0.0006497725795971,0.029239766081871198,0.0147823261858349,0.0144574398960363,0.011371020142949901,0.0082846003898635,0.0030864197530864,0.0021117608836905997,0.0014619883040935,0.0006497725795971,0.0037361923326835,0.0029239766081871,0.0008122157244964,0.0544184535412605,0.0159194282001299,0.0384990253411306,0.0074723846653671,0.0074723846653671,0.0,0.0009746588693957,0.0009746588693957,0.0,0.0581546458739441,0.0285899935022742,0.0295646523716699,0.0209551656920077,0.0090968161143599,0.0118583495776478,0.0032488628979856,0.0012995451591942,0.0019493177387914,0.0060103963612735,0.0032488628979857,0.0027615334632878,0.0056855100714747996,0.0045484080571799,0.0011371020142949,0.0092592592592591,0.0077972709551656,0.0014619883040935,0.0024366471734891997,0.0004873294346978,0.0019493177387914,0.007472384665367,0.0063352826510721,0.0011371020142949,0.013970110461338399,0.0077972709551656,0.0061728395061728,0.018031189083820502,0.0090968161143599,0.0089343729694606,2543
2014-08-01,2014,8,4046,1737,2309,40,29,11,153,34,119,21,19,2,138,73,65,99,73,26,30,19,11,71,42,29,124,33,91,136,132,4,28,27,1,384,218,166,91,42,49,18,8,10,14,7,7,66,47,19,90,81,9,7,4,3,33,23,10,49,15,34,104,41,63,0.7210835858135805,0.309570486544288,0.4115130992692924,0.007128854036713501,0.0051684191766173,0.0019604348600962,0.0272678666904294,0.0060595259312065,0.0212083407592229,0.0037426483692744998,0.0033862056674389,0.0003564427018356,0.0245945464266618,0.0130101586170023,0.0115843878096595,0.017643913740866102,0.0130101586170023,0.0046337551238638,0.0053466405275351,0.0033862056674389,0.0019604348600962,0.012653715915166501,0.0074852967385492,0.0051684191766173,0.022099447513812098,0.0058813045802887,0.0162181429335234,0.024238103724826102,0.0235252183211548,0.0007128854036713,0.0049901978256994,0.0048119764747816,0.0001782213509178,0.06843699875245049,0.0388522545000891,0.0295847442523614,0.016218142933523298,0.0074852967385492,0.0087328461949741,0.003207984316521,0.0014257708073427,0.0017822135091783,0.0024950989128496,0.0012475494564248,0.0012475494564248,0.011762609160577298,0.0083764034931384,0.0033862056674389,0.0160399215826055,0.014435929424345,0.0016039921582605,0.0012475494564248,0.0007128854036713,0.0005346640527535,0.0058813045802886,0.0040990910711103,0.0017822135091783,0.008732846194974001,0.0026733202637675,0.0060595259312065,0.0185350204954553,0.0073070753876314,0.0112279451078239,2619
2014-09-01,2014,9,4204,1759,2445,62,51,11,275,82,193,14,11,3,128,61,67,153,108,45,17,14,3,34,21,13,106,20,86,183,174,9,22,22,0,532,305,227,199,129,70,9,6,3,27,12,15,52,40,12,39,35,4,18,7,11,54,47,7,54,14,40,77,28,49,0.68782722513089,0.287794502617801,0.400032722513089,0.0101439790575915,0.0083442408376963,0.0017997382198952,0.0449934554973821,0.0134162303664921,0.03157722513089,0.0022905759162302,0.0017997382198952,0.000490837696335,0.0209424083769632,0.0099803664921465,0.0109620418848167,0.0250327225130889,0.0176701570680628,0.0073625654450261,0.0027814136125653,0.0022905759162303,0.000490837696335,0.0055628272251308005,0.0034358638743455,0.0021269633507853,0.0173429319371727,0.0032722513089005,0.0140706806282722,0.029941099476439702,0.0284685863874345,0.0014725130890052,0.0035994764397905,0.0035994764397905,0.0,0.0870418848167538,0.0499018324607329,0.0371400523560209,0.0325589005235601,0.0211060209424083,0.0114528795811518,0.0014725130890051001,0.0009816753926701,0.000490837696335,0.0044175392670156004,0.0019633507853403,0.0024541884816753,0.0085078534031413,0.006544502617801,0.0019633507853403,0.006380890052356,0.0057264397905759,0.0006544502617801,0.0029450261780103,0.0011452879581151,0.0017997382198952,0.0088350785340313,0.0076897905759162,0.0011452879581151,0.0088350785340313,0.0022905759162303,0.006544502617801,0.012598167539266899,0.0045811518324607,0.0080170157068062,2847
2014-10-01,2014,10,4313,1476,2837,57,46,11,200,53,147,25,18,7,132,47,85,157,110,47,16,9,7,32,21,11,227,48,179,52,51,1,6,6,0,469,253,216,278,124,154,6,3,3,27,13,14,80,61,19,41,33,8,17,1,16,57,38,19,82,28,54,110,46,64,0.6887575854359629,0.2357074417119131,0.4530501437240498,0.009102523155541201,0.0073458958799105,0.0017566272756307,0.0319386777387415,0.0084637496007665,0.023474928137975,0.0039923347173426,0.0028744809964867,0.0011178537208559,0.021079527307569297,0.0075055892686042,0.0135739380389651,0.025071862024911996,0.0175662727563078,0.0075055892686042,0.0025550942190991997,0.0014372404982433,0.0011178537208559,0.0051101884381985,0.0033535611625678,0.0017566272756307,0.0362503992334716,0.0076652826572979,0.0285851165761737,0.0083040562120728,0.0081443628233791,0.0001596933886937,0.0009581603321622,0.0009581603321622,0.0,0.074896199297349,0.0404024273395081,0.0344937719578409,0.0443947620568508,0.0198019801980198,0.024592781858831,0.0009581603321622,0.0004790801660811,0.0004790801660811,0.0043117214947301,0.0020760140530182,0.0022357074417119,0.0127754710954965,0.0097412967103161,0.0030341743851804,0.0065474289364419,0.0052698818268923,0.0012775471095496,0.0027147876077929997,0.0001596933886937,0.0025550942190993,0.0091025231555413,0.0060683487703609,0.0030341743851804,0.013094857872884,0.0044714148834238,0.0086234429894602,0.017566272756307802,0.0073458958799105,0.0102203768763973,2404
2014-11-01,2014,11,4564,1625,2939,78,51,27,170,40,130,16,12,4,144,71,73,179,132,47,5,1,4,21,16,5,275,74,201,50,46,4,23,22,1,436,202,234,295,182,113,6,1,5,30,13,17,52,31,21,22,17,5,22,5,17,51,34,17,70,7,63,53,20,33,0.7061736035896642,0.2514312238898344,0.4547423796998298,0.0120686987467119,0.0078910722574655,0.0041776264892464,0.026303574191551802,0.0061890762803651,0.0201144979111867,0.002475630512146,0.0018567228841095,0.0006189076280365,0.022280674609314502,0.0109856103976481,0.0112950642116664,0.027696116354634,0.020423951725205,0.007272164629429,0.0007736345350456,0.0001547269070091,0.0006189076280365,0.0032492650471916,0.002475630512146,0.0007736345350456,0.042549899427510404,0.0114497911186755,0.0311001083088349,0.0077363453504563995,0.0071174377224199,0.0006189076280365,0.0035587188612099,0.0034039919542008,0.0001547269070091,0.06746093145598009,0.031254835215844,0.0362060962401361,0.0456444375676929,0.0281602970756614,0.0174841404920315,0.0009283614420547,0.0001547269070091,0.0007736345350456,0.0046418072102737,0.0020114497911186,0.0026303574191551,0.0080457991644746,0.0047965341172829,0.0032492650471917,0.0034039919542006997,0.0026303574191551,0.0007736345350456,0.0034039919542006997,0.0007736345350456,0.0026303574191551,0.0078910722574654,0.0052607148383103,0.0026303574191551,0.010830883490639001,0.0010830883490639,0.0097477951415751,0.0082005260714837,0.0030945381401825,0.0051059879313012,2537
2014-12-01,2014,12,4365,1446,2919,75,51,24,164,41,123,27,19,8,170,93,77,123,90,33,12,5,7,33,22,11,704,261,443,47,44,3,19,16,3,433,204,229,213,132,81,12,8,4,37,19,18,42,26,16,29,25,4,19,2,17,20,14,6,75,20,55,80,30,50,0.6597642079806529,0.2185610640870616,0.4412031438935913,0.0113361547762998,0.0077085852478839,0.0036275695284159,0.024788391777509,0.0061970979443772,0.0185912938331318,0.0040810157194679,0.0028718258766626,0.0012091898428053,0.025695284159613002,0.0140568319226118,0.0116384522370012,0.0185912938331317,0.0136033857315598,0.0049879081015719,0.0018137847642078998,0.0007557436517533,0.0010580411124546,0.0049879081015719,0.0033252720677146,0.0016626360338573,0.1064087061668681,0.0394498186215235,0.0669588875453446,0.0071039903264811,0.0066505441354292,0.0004534461910519,0.0028718258766625,0.0024183796856106,0.0004534461910519,0.06544740024183779,0.0308343409915356,0.0346130592503022,0.0321946795646915,0.0199516324062877,0.0122430471584038,0.0018137847642079,0.0012091898428053,0.0006045949214026,0.0055925030229744994,0.0028718258766626,0.0027206771463119,0.0063482466747278,0.0039298669891172,0.0024183796856106,0.0043833131801692005,0.0037787182587666,0.0006045949214026,0.0028718258766626,0.0003022974607013,0.0025695284159613,0.0030229746070132,0.0021160822249093,0.0009068923821039,0.0113361547762998,0.0030229746070133,0.0083131801692865,0.0120918984280531,0.0045344619105199,0.0075574365175332,2513
2015-01-01,2015,1,3880,1308,2572,109,62,47,209,49,160,20,16,4,169,103,66,112,80,32,19,7,12,41,23,18,570,196,374,73,72,1,67,67,0,451,218,233,176,85,91,13,6,7,21,10,11,48,36,12,45,31,14,24,4,20,31,23,8,69,20,49,68,26,42,0.6352324819908317,0.2141453831041257,0.421087098886706,0.0178454485920104,0.010150622134905,0.0076948264571054,0.0342174197773411,0.008022265880812,0.0261951538965291,0.0032743942370661,0.0026195153896529,0.0006548788474132,0.027668631303208797,0.0168631303208906,0.0108055009823182,0.0183366077275703,0.0130975769482645,0.0052390307793058,0.0031106745252127,0.0011460379829731,0.0019646365422396,0.0067125081859855,0.003765553372626,0.0029469548133595,0.0933202357563849,0.0320890635232481,0.0612311722331368,0.0119515389652914,0.0117878192534381,0.0001637197118533,0.0109692206941715,0.0109692206941715,0.0,0.0738375900458414,0.0356908971840209,0.0381466928618205,0.028814669286182,0.0139161755075311,0.0148984937786509,0.0021283562540929,0.0009823182711198,0.0011460379829731,0.0034381139489193,0.001637197118533,0.0018009168303863,0.0078585461689586,0.005893909626719,0.0019646365422396,0.007367387033398801,0.0050753110674525,0.0022920759659463,0.0039292730844793,0.0006548788474132,0.0032743942370661,0.0050753110674524,0.003765553372626,0.0013097576948264,0.0112966601178781,0.0032743942370661,0.008022265880812,0.0111329404060248,0.0042567125081859,0.0068762278978389,2374
2015-02-01,2015,2,3667,1445,2222,46,39,7,214,75,139,20,16,4,181,96,85,75,50,25,33,21,12,25,15,10,178,22,156,138,135,3,30,30,0,428,230,198,111,47,64,3,0,3,19,8,11,63,44,19,27,23,4,21,6,15,56,47,9,63,14,49,96,35,61,0.6758201253225211,0.266310357537781,0.4095097677847401,0.0084776999631404,0.0071876151861408,0.0012900847769996,0.039439734611131504,0.0138223368964246,0.0256173977147069,0.0036859565057131,0.0029487652045705,0.0007371913011426,0.0333579063767047,0.0176925912274235,0.0156653151492812,0.013822336896424498,0.009214891264283,0.0046074456321415,0.0060818282344266995,0.0038702543309988,0.0022115739034279,0.0046074456321415,0.0027644673792849,0.0018429782528566,0.0328050129008477,0.0040545521562845,0.0287504607445632,0.0254330998894212,0.0248802064135643,0.0005528934758569,0.0055289347585698,0.0055289347585698,0.0,0.0788794692222631,0.0423884998157021,0.036490969406561,0.020457058606708302,0.008661997788426,0.0117950608182823,0.0005528934758569,0.0,0.0005528934758569,0.0035016586804273997,0.0014743826022852,0.0020272760781422,0.0116107629929966,0.0081091043125691,0.0035016586804275,0.004976041282712801,0.0042388499815702,0.0007371913011426,0.0038702543309988,0.0011057869517139,0.0027644673792849,0.010320678215996899,0.008661997788426,0.0016586804275709,0.011610762992996598,0.0025801695539992,0.0090305934389974,0.0176925912274234,0.0064504238849981,0.0112421673424253,2353
2015-03-01,2015,3,4723,1861,2862,76,55,21,335,166,169,20,16,4,205,109,96,176,126,50,14,10,4,54,43,11,172,20,152,129,125,4,22,21,1,511,292,219,354,218,136,12,5,7,24,12,12,122,117,5,64,55,9,28,17,11,64,48,16,73,11,62,93,44,49,0.6598211791003072,0.2599888236937692,0.3998323554065381,0.010617490919251099,0.0076837105336686,0.0029337803855825,0.0468007823414361,0.0231908354288907,0.0236099469125454,0.0027940765576976003,0.0022352612461581,0.0005588153115395,0.0286392847164011,0.0152277172394523,0.0134115674769488,0.024587873707739502,0.0176026823134953,0.0069851913942442,0.0019558535903883,0.0013970382788488,0.0005588153115395,0.0075440067057836995,0.00600726459905,0.0015367421067337,0.024029058396199898,0.0027940765576976,0.0212349818385023,0.01802179379715,0.0174629784856105,0.0005588153115395,0.0030734842134673,0.0029337803855825,0.0001397038278848,0.0713886560491757,0.0407935177423861,0.0305951383067896,0.049455155071248896,0.0304554344789047,0.0189997205923442,0.0016764459346185001,0.0006985191394244,0.0009779267951941,0.0033528918692372,0.0016764459346186,0.0016764459346186,0.0170438670019558,0.0163453478625314,0.0006985191394244,0.0089410449846325,0.0076837105336686,0.0012573344509639,0.0039117071807767,0.002374965074043,0.0015367421067337,0.0089410449846325,0.0067057837384744,0.0022352612461581,0.0101983794355965,0.0015367421067337,0.0086616373288628,0.0129924559932941,0.0061469684269348,0.0068454875663593,3282
2015-04-01,2015,4,4450,1820,2630,36,23,13,239,69,170,26,20,6,187,98,89,129,91,38,28,22,6,26,19,7,171,32,139,336,328,8,52,51,1,458,238,220,440,291,149,10,6,4,24,18,6,152,130,22,25,23,2,25,6,19,50,39,11,53,14,39,55,18,37,0.6444605358435915,0.2635771180304127,0.3808834178131788,0.0052136133236784,0.0033309196234612,0.0018826937002172,0.0346125995655321,0.0099927588703837,0.0246198406951484,0.0037653874004344,0.002896451846488,0.0008689355539464,0.027081824764663198,0.0141926140477914,0.0128892107168718,0.0186821144098478,0.0131788559015206,0.0055032585083272,0.0040550325850832,0.0031860970311368,0.0008689355539464,0.0037653874004344003,0.0027516292541636,0.0010137581462708,0.0247646632874727,0.0046343229543808,0.0201303403330919,0.0486603910209992,0.047501810282404,0.0011585807385952,0.0075307748008688995,0.0073859522085445,0.0001448225923244,0.0663287472845763,0.0344677769732078,0.0318609703113685,0.063721940622737,0.0421433743664011,0.0215785662563359,0.001448225923244,0.0008689355539464,0.0005792903692976,0.0034757422157856,0.0026068066618392,0.0008689355539464,0.0220130340333091,0.0188269370021723,0.0031860970311368,0.00362056480811,0.0033309196234612,0.0002896451846488,0.00362056480811,0.0008689355539464,0.0027516292541636,0.0072411296162201,0.0056480811006517,0.0015930485155684,0.0076755973931933,0.0020275162925416,0.0056480811006517,0.007965242577841999,0.0026068066618392,0.0053584359160028,3294
2015-05-01,2015,5,4894,2080,2814,64,53,11,286,78,208,18,12,6,197,105,92,239,159,80,23,7,16,34,25,9,173,47,126,268,262,6,53,51,2,463,224,239,192,80,112,4,3,1,40,27,13,81,70,11,63,54,9,18,5,13,34,28,6,98,32,66,120,57,63,0.6734553460850419,0.2862254025044722,0.3872299435805697,0.008806935461675899,0.0072932434292004,0.0015136920324755,0.039355992844364904,0.0107334525939177,0.0286225402504472,0.0024769505985963,0.0016513003990642,0.0008256501995321,0.027108848217971597,0.0144488784918123,0.0126599697261593,0.032888399614696404,0.0218797302876014,0.011008669327095,0.0031649924315397997,0.0009632585661208,0.002201733865419,0.0046786844640153,0.0034402091647172,0.0012384752992981,0.023806247419843,0.0064675932296683,0.0173386541901747,0.036879042245768504,0.0360533920462364,0.0008256501995321,0.0072932434292004005,0.0070180266960231,0.0002752167331773,0.0637126737305627,0.0308242741158662,0.0328883996146965,0.0264208063850281,0.011008669327095,0.0154121370579331,0.0005504334663546,0.000412825099766,0.0001376083665886,0.005504334663547401,0.0037154258978945,0.0017889087656529,0.0111462776936837,0.0096325856612082,0.0015136920324755,0.0086693270950872,0.0074308517957891,0.0012384752992981,0.0024769505985963,0.0006880418329434,0.0017889087656529,0.0046786844640153,0.0038530342644832,0.0008256501995321,0.0134856199256914,0.004403467730838,0.0090821521948534,0.0165130039906425,0.0078436768955552,0.0086693270950873,3385
2015-06-01,2015,6,5014,2219,2795,34,24,10,213,37,176,24,15,9,233,157,76,236,179,57,25,13,12,48,38,10,369,223,146,128,127,1,52,51,1,430,225,205,129,49,80,7,2,5,30,12,18,40,33,7,120,110,10,19,4,15,52,39,13,70,18,52,98,39,59,0.6887362637362637,0.3048076923076923,0.3839285714285714,0.0046703296703295,0.0032967032967032,0.0013736263736263,0.0292582417582416,0.0050824175824175,0.0241758241758241,0.0032967032967032,0.0020604395604395,0.0012362637362637,0.0320054945054944,0.021565934065934,0.0104395604395604,0.0324175824175823,0.024587912087912,0.0078296703296703,0.0034340659340658,0.0017857142857142,0.0016483516483516,0.006593406593406501,0.0052197802197802,0.0013736263736263,0.050686813186813104,0.0306318681318681,0.020054945054945,0.0175824175824175,0.0174450549450549,0.0001373626373626,0.0071428571428571,0.0070054945054945,0.0001373626373626,0.059065934065934,0.0309065934065934,0.0281593406593406,0.0177197802197801,0.0067307692307692,0.0109890109890109,0.0009615384615383,0.0002747252747252,0.0006868131868131,0.004120879120879,0.0016483516483516,0.0024725274725274,0.0054945054945054,0.004532967032967,0.0009615384615384,0.0164835164835164,0.0151098901098901,0.0013736263736263,0.00260989010989,0.0005494505494505,0.0020604395604395,0.0071428571428569995,0.0053571428571428,0.0017857142857142,0.0096153846153845,0.0024725274725274,0.0071428571428571,0.0134615384615384,0.0053571428571428,0.0081043956043956,3512
2015-07-01,2015,7,4568,1979,2589,42,36,6,303,81,222,113,84,29,149,104,45,604,519,85,56,49,7,66,47,19,171,26,145,85,83,2,19,19,0,666,445,221,113,63,50,10,6,4,43,19,24,60,54,6,163,158,5,52,29,23,69,56,13,47,16,31,103,47,56,0.6300689655172413,0.2729655172413793,0.357103448275862,0.0057931034482758,0.0049655172413793,0.0008275862068965,0.0417931034482758,0.0111724137931034,0.0306206896551724,0.0155862068965517,0.0115862068965517,0.004,0.0205517241379309,0.0143448275862068,0.0062068965517241,0.08331034482758609,0.0715862068965517,0.0117241379310344,0.0077241379310344005,0.0067586206896551,0.0009655172413793,0.009103448275862,0.0064827586206896,0.0026206896551724,0.0235862068965517,0.0035862068965517,0.02,0.0117241379310344,0.0114482758620689,0.0002758620689655,0.0026206896551724,0.0026206896551724,0.0,0.0918620689655171,0.0613793103448275,0.0304827586206896,0.0155862068965516,0.0086896551724137,0.0068965517241379,0.0013793103448275,0.0008275862068965,0.000551724137931,0.0059310344827586,0.0026206896551724,0.0033103448275862,0.0082758620689654,0.0074482758620689,0.0008275862068965,0.0224827586206895,0.0217931034482758,0.0006896551724137,0.0071724137931034,0.004,0.0031724137931034,0.0095172413793102,0.0077241379310344,0.0017931034482758,0.0064827586206896,0.0022068965517241,0.0042758620689655,0.014206896551724,0.0064827586206896,0.0077241379310344,3692
2015-08-01,2015,8,4791,2236,2555,41,35,6,237,97,140,49,39,10,203,129,74,611,537,74,126,120,6,36,30,6,138,28,110,117,109,8,19,18,1,493,289,204,136,90,46,12,9,3,42,22,20,235,209,26,147,137,10,21,12,9,67,59,8,68,25,43,66,25,41,0.6486596263200649,0.3027349038721906,0.3459247224478743,0.005551042512862,0.004738694828053,0.000812347684809,0.032087733549959196,0.013132954237747,0.0189547793122122,0.0066341727592742,0.0052802599512591,0.0013539128080151,0.027484430002707796,0.0174654752233956,0.0100189547793122,0.0827240725697265,0.0727051177904143,0.0100189547793122,0.017059301380990897,0.0162469536961819,0.000812347684809,0.0048740861088544,0.0040617384240454,0.000812347684809,0.0186839967506092,0.0037909558624424,0.0148930408881668,0.015840779853777298,0.0147576496073652,0.0010831302464121,0.0025724343352287,0.0024370430544272,0.0001353912808015,0.0667479014351475,0.0391280801516382,0.0276198212835093,0.0184132141890061,0.0121852152721364,0.0062279989168697,0.0016246953696181,0.0012185215272136,0.0004061738424045,0.0056864337936636,0.0029786081776333,0.0027078256160303,0.031816950988356296,0.0282967776875169,0.0035201733008394,0.0199025182778228,0.0185486054698077,0.0013539128080151,0.0028432168968317,0.0016246953696181,0.0012185215272136,0.0090712158137015,0.0079880855672894,0.0010831302464121,0.0092066070945031,0.0033847820200379,0.0058218250744652,0.0089358245329,0.0033847820200379,0.0055510425128621,4020
2015-09-01,2015,9,4283,1876,2407,56,42,14,232,90,142,28,20,8,224,155,69,334,277,57,39,30,9,31,25,6,345,77,268,106,99,7,13,12,1,580,387,193,102,61,41,28,10,18,44,35,9,340,289,51,54,50,4,16,2,14,66,54,12,49,8,41,90,48,42,0.622891215823153,0.2728330424665503,0.3500581733566026,0.0081442699243745,0.0061082024432809,0.0020360674810936,0.033740546829551896,0.013089005235602,0.0206515415939499,0.0040721349621871995,0.0029086678301337,0.0011634671320535,0.0325770796974985,0.0225421756835369,0.0100349040139616,0.048574752763234405,0.0402850494473531,0.0082897033158813,0.0056719022687608,0.0043630017452006,0.0013089005235602,0.0045084351367073,0.0036358347876672,0.0008726003490401,0.050174520069808,0.0111983711460151,0.0389761489237929,0.0154159394997091,0.0143979057591623,0.0010180337405468,0.0018906340895868,0.0017452006980802,0.0001454333915066,0.0843513670738801,0.056282722513089,0.0280686445607911,0.0148342059336822,0.008871436881908,0.0059627690517742,0.0040721349621871995,0.0014543339150668,0.0026178010471204,0.0063990692262942996,0.0050901687027341,0.0013089005235602,0.049447353112274404,0.0420302501454333,0.0074171029668411,0.0078534031413611,0.0072716695753344,0.0005817335660267,0.0023269342641069,0.0002908667830133,0.0020360674810936,0.0095986038394414,0.0078534031413612,0.0017452006980802,0.0071262361838277,0.0011634671320535,0.0059627690517742,0.013089005235602,0.0069808027923211,0.0061082024432809,3499
2015-10-01,2015,10,5220,2115,3105,34,28,6,233,65,168,16,13,3,214,110,104,268,239,29,48,43,5,53,43,10,268,78,190,113,111,2,13,13,0,634,436,198,295,123,172,24,5,19,31,18,13,80,65,15,75,70,5,16,1,15,61,41,20,61,19,42,69,18,51,0.6811064718162838,0.2759655532359081,0.4051409185803757,0.0044363256784966994,0.0036534446764091,0.0007828810020876,0.0304018789144049,0.0084812108559498,0.0219206680584551,0.0020876826722337,0.0016962421711899,0.0003914405010438,0.0279227557411273,0.0143528183716075,0.0135699373695198,0.034968684759916296,0.0311847599164926,0.0037839248434237,0.0062630480167013,0.0056106471816283,0.000652400835073,0.0069154488517744,0.0056106471816283,0.0013048016701461,0.0349686847599164,0.0101774530271398,0.0247912317327766,0.0147442588726513,0.0144832985386221,0.0002609603340292,0.0016962421711899,0.0016962421711899,0.0,0.0827244258872651,0.0568893528183716,0.0258350730688935,0.0384916492693109,0.0160490605427974,0.0224425887265135,0.0031315240083506,0.000652400835073,0.0024791231732776,0.0040448851774529,0.002348643006263,0.0016962421711899,0.010438413361169,0.0084812108559498,0.0019572025052192,0.0097860125260959,0.0091336116910229,0.000652400835073,0.0020876826722338003,0.0001304801670146,0.0019572025052192,0.0079592901878913,0.0053496868475991,0.0026096033402922,0.0079592901878913,0.0024791231732776,0.0054801670146137,0.0090031315240083,0.002348643006263,0.0066544885177453,3494
2015-11-01,2015,11,4955,2130,2825,40,29,11,223,45,178,35,31,4,243,153,90,230,174,56,23,19,4,59,50,9,243,83,160,136,129,7,16,15,1,534,335,199,201,72,129,9,6,3,37,30,7,45,32,13,99,92,7,40,13,27,46,37,9,55,28,27,60,22,38,0.6902075497980219,0.2966987045549519,0.39350884524307,0.0055718066583088,0.0040395598272739,0.0015322468310349,0.0310628221200723,0.0062682824905975,0.0247945396294748,0.0048753308260202,0.0043181501601894,0.0005571806658308,0.0338487254492268,0.0213121604680317,0.0125365649811951,0.0320378882852764,0.0242373589636439,0.0078005293216325,0.0032037888285275,0.0026466081626967,0.0005571806658308,0.0082184148210056,0.0069647583228861,0.0012536564981195,0.033848725449226805,0.011561498815991,0.0222872266332358,0.0189441426382503,0.0179690764730463,0.000975066165204,0.0022287226633234997,0.0020894274968658,0.0001392951664577,0.0743836188884245,0.0466638807633375,0.027719738125087,0.027998328458002403,0.0100292519849561,0.0179690764730463,0.0012536564981194,0.0008357709987463,0.0004178854993731,0.0051539211589357,0.0041788549937317,0.000975066165204,0.0062682824905975,0.0044574453266471,0.0018108371639504,0.0137902214793146,0.0128151553141106,0.000975066165204,0.0055718066583089,0.0018108371639504,0.0037609694943585,0.0064075776570552,0.0051539211589357,0.0012536564981195,0.007661234155174701,0.0039002646608162,0.0037609694943585,0.0083577099874634,0.0030644936620699,0.0052932163253935,3398
2015-12-01,2015,12,4499,1631,2868,54,39,15,196,38,158,42,35,7,197,134,63,200,158,42,18,10,8,32,23,9,253,79,174,79,77,2,9,8,1,405,204,201,321,177,144,5,1,4,25,13,12,47,35,12,34,27,7,24,5,19,41,31,10,47,8,39,69,16,53,0.6913030116779348,0.2506146281499692,0.4406883835279656,0.008297480024585,0.0059926244622003,0.0023048555623847,0.030116779348494098,0.005838967424708,0.0242778119237861,0.0064535955746773,0.0053779963122311,0.0010755992624462,0.030270436385986303,0.0205900430239704,0.0096803933620159,0.030731407498463398,0.0242778119237861,0.0064535955746773,0.0027658266748616,0.0015365703749231,0.0012292562999385,0.004917025199754,0.0035341118623232,0.0013829133374308,0.0388752304855561,0.012138905961893,0.0267363245236631,0.012138905961893,0.0118315918869084,0.0003073140749846,0.0013829133374308,0.0012292562999385,0.0001536570374923,0.0622311001843884,0.0313460356484327,0.0308850645359557,0.0493239090350337,0.0271972956361401,0.0221266133988936,0.0007682851874615,0.0001536570374923,0.0006146281499692,0.0038414259373079004,0.0019975414874001,0.0018438844499078,0.0072218807621389,0.0053779963122311,0.0018438844499078,0.0052243392747387,0.0041487400122925,0.0010755992624462,0.0036877688998155,0.0007682851874615,0.002919483712354,0.0062999385371849004,0.0047633681622618,0.0015365703749231,0.0072218807621388,0.0012292562999385,0.0059926244622003,0.0106023355869698,0.002458512599877,0.0081438229870928,2684
2016-01-01,2016,1,4556,1639,2917,53,35,18,277,89,188,24,12,12,207,129,78,358,310,48,49,37,12,42,33,9,189,44,145,154,148,6,13,13,0,487,277,210,241,85,156,15,3,12,65,37,28,53,47,6,43,33,10,23,5,18,46,34,12,65,24,41,124,49,75,0.6602898550724637,0.2375362318840579,0.4227536231884058,0.007681159420289799,0.0050724637681159,0.0026086956521739,0.0401449275362318,0.0128985507246376,0.0272463768115942,0.0034782608695652,0.0017391304347826,0.0017391304347826,0.0299999999999999,0.018695652173913,0.0113043478260869,0.051884057971014405,0.044927536231884,0.0069565217391304,0.0071014492753623,0.0053623188405797,0.0017391304347826,0.006086956521739,0.0047826086956521,0.0013043478260869,0.027391304347825902,0.0063768115942028,0.0210144927536231,0.0223188405797101,0.0214492753623188,0.0008695652173913,0.0018840579710144,0.0018840579710144,0.0,0.0705797101449274,0.0401449275362318,0.0304347826086956,0.034927536231884,0.0123188405797101,0.0226086956521739,0.0021739130434782,0.0004347826086956,0.0017391304347826,0.0094202898550724,0.0053623188405797,0.0040579710144927,0.0076811594202898,0.0068115942028985,0.0008695652173913,0.0062318840579709,0.0047826086956521,0.0014492753623188,0.0033333333333332997,0.0007246376811594,0.0026086956521739,0.0066666666666665994,0.004927536231884,0.0017391304347826,0.0094202898550724,0.0034782608695652,0.0059420289855072,0.017971014492753602,0.0071014492753623,0.0108695652173913,2923
2016-02-01,2016,2,4314,1629,2685,45,35,10,200,35,165,64,51,13,168,100,68,275,238,37,46,39,7,35,27,8,277,90,187,118,118,0,7,7,0,486,275,211,175,67,108,1,1,0,16,9,7,51,40,11,101,95,6,17,5,12,41,28,13,55,8,47,79,17,62,0.6683191324554608,0.2523625096824167,0.4159566227730441,0.0069713400464755,0.005422153369481,0.0015491866769945,0.0309837335398915,0.005422153369481,0.0255615801704105,0.0099147947327652,0.0079008520526723,0.0020139426800929,0.0260263361735088,0.0154918667699457,0.0105344694035631,0.042602633617350796,0.0368706429124709,0.0057319907048799,0.007126258714175,0.0060418280402788,0.0010844306738962,0.0054221533694809,0.0041828040278853,0.0012393493415956,0.0429124709527498,0.0139426800929512,0.0289697908597986,0.018280402788536,0.018280402788536,0.0,0.0010844306738962,0.0010844306738962,0.0,0.0752904725019363,0.0426026336173508,0.0326878388845855,0.027110766847405002,0.0103795507358636,0.0167312161115414,0.0001549186676994,0.0001549186676994,0.0,0.0024786986831913,0.0013942680092951,0.0010844306738962,0.0079008520526723,0.0061967467079783,0.001704105344694,0.0156467854376451,0.0147172734314484,0.0009295120061967,0.0026336173508906,0.0007745933384972,0.0018590240123934,0.0063516653756777,0.0043377226955848,0.0020139426800929,0.0085205267234701,0.0012393493415956,0.0072811773818745,0.012238574748257,0.0026336173508907,0.0096049573973663,2790
2016-03-01,2016,3,5314,2167,3147,61,49,12,244,84,160,77,68,9,207,122,85,419,344,75,82,80,2,52,40,12,216,48,168,118,113,5,23,22,1,573,326,247,213,102,111,13,5,8,27,20,7,63,52,11,105,98,7,25,6,19,53,46,7,56,24,32,99,48,51,0.6812820512820512,0.2778205128205128,0.4034615384615385,0.007820512820512701,0.0062820512820512,0.0015384615384615,0.0312820512820512,0.0107692307692307,0.0205128205128205,0.0098717948717948,0.0087179487179487,0.0011538461538461,0.0265384615384614,0.0156410256410256,0.0108974358974358,0.0537179487179487,0.0441025641025641,0.0096153846153846,0.0105128205128204,0.0102564102564102,0.0002564102564102,0.0066666666666665994,0.0051282051282051,0.0015384615384615,0.0276923076923076,0.0061538461538461,0.0215384615384615,0.015128205128205001,0.0144871794871794,0.0006410256410256,0.0029487179487179,0.0028205128205128,0.0001282051282051,0.0734615384615384,0.0417948717948718,0.0316666666666666,0.0273076923076922,0.013076923076923,0.0142307692307692,0.0016666666666666002,0.0006410256410256,0.001025641025641,0.0034615384615383,0.0025641025641025,0.0008974358974358,0.008076923076923,0.0066666666666666,0.0014102564102564,0.0134615384615383,0.0125641025641025,0.0008974358974358,0.0032051282051281,0.0007692307692307,0.0024358974358974,0.0067948717948716,0.0058974358974358,0.0008974358974358,0.0071794871794871006,0.003076923076923,0.0041025641025641,0.0126923076923076,0.0061538461538461,0.0065384615384615,3672
2016-04-01,2016,4,5054,1981,3073,52,38,14,301,97,204,53,43,10,173,90,83,409,312,97,41,33,8,70,58,12,234,39,195,414,405,9,22,22,0,581,369,212,144,70,74,15,1,14,27,13,14,69,48,21,79,63,16,31,7,24,47,41,6,65,14,51,139,57,82,0.6477826198410663,0.2539092540374263,0.3938733658036401,0.006664957703153,0.0048705460138426,0.0017944116893104,0.0385798513201742,0.0124327095616508,0.0261471417585234,0.0067931299666750995,0.0055114073314534,0.0012817226352217,0.022173801589336,0.0115355037169956,0.0106382978723404,0.052422455780569005,0.0399897462189182,0.0124327095616508,0.005255062804409,0.0042296846962317,0.0010253781081773,0.008972058446552,0.007433991284286,0.001538067162266,0.0299923096641885,0.0049987182773647,0.0249935913868238,0.0530633170981798,0.0519097667264803,0.0011535503716995,0.0028197897974878,0.0028197897974878,0.0,0.07446808510638289,0.0472955652396821,0.0271725198667008,0.0184568059471929,0.0089720584465521,0.0094847475006408,0.0019225839528325,0.0001281722635221,0.0017944116893104,0.0034606511150986003,0.0016662394257882,0.0017944116893104,0.0088438861830299,0.0061522686490643,0.0026916175339656,0.010125608818251601,0.0080748526018969,0.0020507562163547,0.0039733401691873,0.0008972058446552,0.0030761343245321,0.0060240963855421,0.0052550628044091,0.000769033581133,0.0083311971289412,0.0017944116893104,0.0065367854396308,0.0178159446295821,0.0073058190207639,0.0105101256088182,3629
2016-05-01,2016,5,4811,1769,3042,51,41,10,253,48,205,19,14,5,181,116,65,283,231,52,31,22,9,75,63,12,299,46,253,638,623,15,67,66,1,577,322,255,290,180,110,3,2,1,25,14,11,34,24,10,81,71,10,36,13,23,46,40,6,66,14,52,67,19,48,0.6218976215098241,0.2286711478800413,0.3932264736297828,0.0065925542916235,0.0052998965873836,0.0012926577042399,0.0327042399172699,0.0062047569803516,0.0264994829369183,0.0024560496380557,0.0018097207859358,0.0006463288521199,0.023397104446742402,0.014994829369183,0.0084022750775594,0.0365822130299895,0.029860392967942,0.0067218200620475,0.0040072388831437,0.0028438469493278,0.0011633919338159,0.009694932781799299,0.0081437435367114,0.0015511892450879,0.0386504653567735,0.0059462254395036,0.0327042399172699,0.0824715615305066,0.0805325749741468,0.0019389865563598,0.0086608066184073,0.0085315408479834,0.0001292657704239,0.0745863495346431,0.0416235780765253,0.0329627714581178,0.0374870734229575,0.0232678386763185,0.014219234746639,0.0003877973112718,0.0002585315408479,0.0001292657704239,0.0032316442605997003,0.0018097207859358,0.0014219234746639,0.0043950361944157,0.0031023784901758,0.0012926577042399,0.0104705274043433,0.0091778697001034,0.0012926577042399,0.0046535677352636,0.0016804550155118,0.0029731127197518,0.0059462254395035,0.0051706308169596,0.0007755946225439,0.0085315408479833,0.0018097207859358,0.0067218200620475,0.0086608066184074,0.0024560496380558,0.0062047569803516,3571
2016-06-01,2016,6,4490,1729,2761,56,35,21,321,64,257,12,11,1,180,92,88,265,203,62,18,10,8,50,35,15,183,21,162,470,455,15,32,32,0,579,287,292,226,111,115,12,0,12,19,10,9,34,23,11,121,109,12,29,5,24,45,38,7,69,38,31,120,58,62,0.6301754385964912,0.2426666666666666,0.3875087719298246,0.0078596491228069,0.0049122807017543,0.0029473684210526,0.0450526315789472,0.0089824561403508,0.0360701754385964,0.0016842105263157,0.0015438596491228,0.0001403508771929,0.025263157894736703,0.0129122807017543,0.0123508771929824,0.0371929824561403,0.0284912280701754,0.0087017543859649,0.0025263157894735997,0.0014035087719298,0.0011228070175438,0.007017543859649001,0.0049122807017543,0.0021052631578947,0.025684210526315702,0.0029473684210526,0.0227368421052631,0.0659649122807017,0.063859649122807,0.0021052631578947,0.0044912280701754,0.0044912280701754,0.0,0.0812631578947367,0.0402807017543859,0.0409824561403508,0.0317192982456139,0.015578947368421,0.0161403508771929,0.0016842105263157,0.0,0.0016842105263157,0.0026666666666666002,0.0014035087719298,0.0012631578947368,0.004771929824561301,0.0032280701754385,0.0015438596491228,0.0169824561403507,0.015298245614035,0.0016842105263157,0.0040701754385964,0.0007017543859649,0.0033684210526315,0.0063157894736841,0.0053333333333333,0.0009824561403508,0.009684210526315701,0.0053333333333333,0.0043508771929824,0.016842105263157797,0.0081403508771929,0.0087017543859649,3214
2016-07-01,2016,7,4095,1579,2516,42,25,17,239,52,187,21,16,5,243,167,76,324,278,46,29,25,4,39,28,11,231,34,197,170,167,3,57,57,0,514,283,231,178,74,104,11,2,9,40,28,12,65,59,6,60,56,4,15,5,10,57,50,7,91,35,56,172,91,81,0.6280674846625766,0.2421779141104294,0.3858895705521472,0.0064417177914109,0.0038343558282208,0.0026073619631901,0.036656441717791304,0.0079754601226993,0.028680981595092,0.0032208588957054,0.0024539877300613,0.0007668711656441,0.0372699386503067,0.0256134969325153,0.0116564417177914,0.0496932515337422,0.0426380368098159,0.0070552147239263,0.0044478527607360995,0.0038343558282208,0.0006134969325153,0.0059815950920243995,0.0042944785276073,0.0016871165644171,0.0354294478527606,0.0052147239263803,0.0302147239263803,0.0260736196319018,0.0256134969325153,0.0004601226993865,0.0087423312883435,0.0087423312883435,0.0,0.07883435582822079,0.0434049079754601,0.0354294478527607,0.0273006134969324,0.0113496932515337,0.0159509202453987,0.0016871165644170999,0.0003067484662576,0.0013803680981595,0.0061349693251533,0.0042944785276073,0.001840490797546,0.0099693251533742,0.0090490797546012,0.000920245398773,0.00920245398773,0.0085889570552147,0.0006134969325153,0.0023006134969324,0.0007668711656441,0.0015337423312883,0.008742331288343501,0.0076687116564417,0.0010736196319018,0.013957055214723901,0.0053680981595092,0.0085889570552147,0.0263803680981594,0.0139570552147239,0.0124233128834355,2965
2016-08-01,2016,8,5037,1743,3294,44,30,14,446,132,314,9,4,5,196,109,87,368,313,55,35,26,9,33,18,15,220,47,173,99,96,3,24,23,1,631,340,291,193,98,95,10,2,8,34,27,7,132,109,23,30,28,2,25,3,22,49,37,12,67,28,39,116,31,85,0.6660055533518444,0.2304641015470051,0.4355414518048393,0.0058177971704349,0.0039666798889329,0.001851117281502,0.0589713076821366,0.017453391511305,0.0415179161708316,0.0011900039666798,0.0005288906518577,0.0006611133148221,0.0259156419410286,0.0144122702631231,0.0115033716779055,0.048657939970910905,0.0413856935078672,0.0072722464630437,0.004627793203755,0.0034377892370752,0.0011900039666798,0.0043633478778261,0.0023800079333597,0.0019833399444664,0.029088985852175,0.0062144651593283,0.0228745206928467,0.0130900436334786,0.0126933756445854,0.0003966679888932,0.0031733439111463,0.0030411212481819,0.0001322226629644,0.0834325003305566,0.0449557054079069,0.0384767949226497,0.0255189739521353,0.0129578209705143,0.012561152981621,0.0013222266296442002,0.0002644453259288,0.0010577813037154,0.0044955705407906,0.0035700119000396,0.000925558640751,0.017453391511305,0.0144122702631231,0.0030411212481819,0.0039666798889328005,0.003702234563004,0.0002644453259288,0.0033055665741106998,0.0003966679888932,0.0029088985852175,0.006478910485257,0.0048922385296839,0.0015866719555731,0.0088589184186168,0.003702234563004,0.0051566838556128,0.015337828903874,0.0040989025518973,0.0112389263519767,3056
2016-09-01,2016,9,4469,1607,2862,39,23,16,298,82,216,16,6,10,195,113,82,229,182,47,16,10,6,25,17,8,380,56,324,193,184,9,81,79,2,527,282,245,185,86,99,15,3,12,25,19,6,53,44,9,43,32,11,29,8,21,44,33,11,92,21,71,115,57,58,0.6473059096176129,0.2327636152954808,0.4145422943221321,0.0056488991888759,0.0033314020857473,0.0023174971031286,0.0431633835457704,0.0118771726535341,0.0312862108922363,0.0023174971031285,0.0008690614136732,0.0014484356894553,0.0282444959443799,0.0163673232908458,0.0118771726535341,0.0331691772885283,0.026361529548088,0.0068076477404403,0.0023174971031285,0.0014484356894553,0.0008690614136732,0.0036210892236383995,0.0024623406720741,0.0011587485515643,0.055040556199304605,0.0081112398609501,0.0469293163383545,0.027954808806488898,0.0266512166859791,0.0013035921205098,0.011732329084588499,0.0114426419466975,0.000289687137891,0.0763325608342989,0.0408458864426419,0.035486674391657,0.0267960602549246,0.0124565469293163,0.0143395133256083,0.002172653534183,0.0004345307068366,0.0017381228273464,0.0036210892236384004,0.0027520278099652,0.0008690614136732,0.0076767091541135,0.0063731170336037,0.0013035921205098,0.0062282734646581,0.0046349942062572,0.0015932792584009,0.0042004634994206,0.0011587485515643,0.0030417149478563,0.0063731170336036,0.0047798377752027,0.0015932792584009,0.013325608342989499,0.0030417149478563,0.0102838933951332,0.0166570104287369,0.0082560834298957,0.0084009269988412,2817
2016-10-01,2016,10,5185,1702,3483,47,34,13,357,119,238,13,11,2,197,117,80,320,281,39,28,16,12,44,32,12,406,66,340,117,110,7,53,53,0,564,302,262,349,168,181,9,3,6,31,23,8,98,78,20,49,41,8,26,9,17,61,46,15,62,14,48,157,70,87,0.6504830008781834,0.2135240245891356,0.4369589762890478,0.005896374357044201,0.0042654623008405,0.0016309120562037,0.044787354158825704,0.0149291180529419,0.0298582361058838,0.0016309120562036,0.0013800025090954,0.0002509095471082,0.024714590390164298,0.0146782085058336,0.0100363818843307,0.0401455275373227,0.0352527913687115,0.0048927361686112,0.0035127336595157004,0.0020072763768661,0.0015054572826496,0.0055200100363818,0.0040145527537322,0.0015054572826496,0.050934638062978196,0.0082800150545728,0.0426546230084054,0.0146782085058336,0.0138000250909547,0.0008781834148789,0.006649102998369,0.006649102998369,0.0,0.07075649228453129,0.0378873416133483,0.032869150671183,0.0437837159703926,0.0210764019570944,0.0227073140132982,0.0011290929619872001,0.0003763643206624,0.0007527286413248,0.0038890979801779997,0.002885459791745,0.001003638188433,0.012294567808304999,0.0097854723372224,0.0025090954710826,0.0061472839041524,0.0051436457157194,0.001003638188433,0.0032618241124073998,0.0011290929619872,0.0021327311504202,0.0076527411868021,0.0057709195834901,0.001881821603312,0.007778195960356201,0.0017563668297578,0.0060218291305984,0.019696399447998898,0.0087818341487893,0.0109145652992096,3123
2016-11-01,2016,11,5025,1958,3067,54,45,9,414,196,218,26,20,6,238,139,99,293,233,60,25,10,15,42,32,10,321,89,232,146,138,8,20,16,4,587,325,262,311,164,147,11,8,3,37,24,13,240,214,26,48,42,6,48,23,25,91,72,19,56,14,42,145,82,63,0.6289898610589559,0.2450869946175992,0.3839028664413568,0.0067592940292902,0.0056327450244085,0.0011265490048817,0.0518212542245587,0.0245337338840906,0.0272875203404681,0.0032544749029915,0.0025034422330704,0.0007510326699211,0.0297909625735385,0.0173989235198397,0.0123920390536988,0.0366754287144823,0.0291651020152709,0.0075103266992114,0.003129302791338,0.0012517211165352,0.0018775816748028,0.0052572286894479,0.0040055075729127,0.0012517211165352,0.040180247840781,0.0111403179371636,0.0290399299036174,0.0182751283014143,0.0172737514081862,0.0010013768932281,0.0025034422330703003,0.0020027537864563,0.000500688446614,0.0734760295406182,0.0406809362873951,0.0327950932532231,0.038928526724245696,0.0205282263111778,0.0184003004130679,0.0013768932281886,0.0010013768932281,0.0003755163349605,0.0046313681311802996,0.0030041306796845,0.0016272374514958,0.0300413067968456,0.026786831893854,0.0032544749029916,0.006008261359369,0.0052572286894479,0.0007510326699211,0.006008261359369,0.002878958568031,0.003129302791338,0.0113906621604705,0.0090123920390536,0.0023782701214169,0.0070096382525972,0.0017524095631493,0.0052572286894479,0.0181499561897608,0.0102641131555889,0.0078858430341719,3685
2016-12-01,2016,12,4578,1547,3031,64,50,14,269,61,208,11,5,6,213,123,90,188,158,30,26,13,13,38,28,10,388,95,293,113,107,6,7,7,0,579,302,277,182,100,82,12,4,8,13,7,6,56,48,8,32,28,4,24,5,19,39,32,7,80,28,52,103,36,67,0.6663755458515284,0.2251819505094614,0.441193595342067,0.0093158660844249,0.007278020378457,0.0020378457059679,0.0391557496360989,0.0088791848617176,0.0302765647743813,0.0016011644832605002,0.0007278020378457,0.0008733624454148,0.031004366812227,0.0179039301310043,0.0131004366812227,0.0273653566229985,0.0229985443959243,0.0043668122270742,0.0037845705967976,0.0018922852983988,0.0018922852983988,0.0055312954876273,0.0040756914119359,0.0014556040756914,0.0564774381368267,0.0138282387190684,0.0426491994177583,0.0164483260553129,0.0155749636098981,0.0008733624454148,0.0010189228529839,0.0010189228529839,0.0,0.0842794759825327,0.0439592430858806,0.0403202328966521,0.0264919941775836,0.0145560407569141,0.0119359534206695,0.0017467248908296,0.0005822416302765,0.0011644832605531,0.0018922852983987001,0.0010189228529839,0.0008733624454148,0.0081513828238718,0.0069868995633187,0.0011644832605531,0.0046579330422124,0.0040756914119359,0.0005822416302765,0.0034934497816593003,0.0007278020378457,0.0027656477438136,0.0056768558951964,0.0046579330422125,0.0010189228529839,0.011644832605531199,0.0040756914119359,0.0075691411935953,0.014992721979621398,0.005240174672489,0.0097525473071324,2658
2017-01-01,2017,1,4499,1366,3133,51,38,13,378,108,270,11,8,3,190,101,89,380,302,78,35,8,27,49,33,16,705,269,436,153,151,2,34,34,0,537,253,284,177,66,111,9,3,6,18,6,12,49,31,18,31,26,5,36,8,28,30,26,4,70,22,48,113,28,85,0.6159638554216866,0.1870208105147864,0.4289430449069003,0.0069824753559693,0.0052026286966046,0.0017798466593647,0.0517524644030667,0.0147864184008762,0.0369660460021905,0.0015060240963854,0.0010952902519167,0.0004107338444687,0.026013143483022902,0.013828039430449,0.0121851040525739,0.0520262869660459,0.0413472070098576,0.0106790799561883,0.0047918948521357,0.0010952902519167,0.003696604600219,0.0067086527929901,0.0045180722891566,0.0021905805038335,0.09652245345016419,0.0368291347207009,0.0596933187294633,0.0209474260679079,0.0206736035049288,0.0002738225629791,0.0046549835706462,0.0046549835706462,0.0,0.0735213581599123,0.0346385542168674,0.0388828039430449,0.0242332968236582,0.0090361445783132,0.015197152245345,0.0012322015334062,0.0004107338444687,0.0008214676889375,0.0024644030668126,0.0008214676889375,0.0016429353778751,0.0067086527929901,0.0042442497261774,0.0024644030668127,0.0042442497261773,0.0035596933187294,0.0006845564074479,0.0049288061336253,0.0010952902519167,0.0038335158817086,0.0041073384446877,0.0035596933187294,0.0005476451259583,0.0095837897042715,0.003012048192771,0.0065717415115005,0.015470974808324099,0.0038335158817086,0.0116374589266155,2702
2017-02-01,2017,2,4723,1906,2817,43,33,10,462,212,250,13,8,5,233,146,87,325,263,62,32,9,23,46,38,8,303,80,223,215,208,7,25,23,2,571,347,224,144,76,68,10,2,8,35,26,9,65,50,15,77,73,4,45,15,30,40,28,12,169,117,52,102,34,68,0.6362656607840496,0.2567695002020746,0.3794961605819749,0.0057928061430688,0.0044456419237505,0.0013471642193183,0.062238986932507,0.0285598814495487,0.0336791054829583,0.0017513134851137,0.0010777313754546,0.0006735821096591,0.031388926310117096,0.0196685976020476,0.0117203287080695,0.043782837127845795,0.0354304189680722,0.0083524181597736,0.0043109255018186,0.0012124477973865,0.0030984777044321,0.0061969554088642,0.0051192240334096,0.0010777313754546,0.0408190758453454,0.0107773137545466,0.0300417620907988,0.0289640307153441,0.0280210157618213,0.0009430149535228,0.0033679105482957,0.0030984777044321,0.0002694328438636,0.0769230769230769,0.0467465984103462,0.0301764785127307,0.0193991647581839,0.0102384480668193,0.0091607166913646,0.0013471642193182,0.0002694328438636,0.0010777313754546,0.0047150747676141,0.0035026269702276,0.0012124477973865,0.0087565674255691,0.0067358210965916,0.0020207463289775,0.0103731644887511,0.0098342988010238,0.0005388656877273,0.0060622389869325,0.0020207463289775,0.004041492657955,0.0053886568772732995,0.0037720598140913,0.001616597063182,0.0227670753064798,0.0157618213660245,0.0070052539404553,0.0137410750370469,0.0045803583456823,0.0091607166913646,3475
2017-03-01,2017,3,5305,2181,3124,33,29,4,343,145,198,68,46,22,276,168,108,332,273,59,13,8,5,31,25,6,211,29,182,114,111,3,37,36,1,657,341,316,310,157,153,23,9,14,25,19,6,38,26,12,82,78,4,25,13,12,40,35,5,77,27,50,87,40,47,0.6722848815105817,0.2763908249904955,0.3958940565200862,0.0041819794702825,0.0036750728678241,0.0005069066024584,0.0434672411608161,0.0183753643391205,0.0250918768216956,0.0086174122417944,0.0058294259282727,0.0027879863135217,0.0349765555696362,0.0212900773032568,0.0136864782663794,0.0420732480040552,0.0345963756177924,0.0074768723862628,0.00164744645799,0.0010138132049169,0.0006336332530731,0.0039285261690533,0.0031681662653656,0.0007603599036877,0.026739323279685697,0.0036750728678241,0.0230642504118616,0.014446838170066999,0.0140666582182232,0.0003801799518438,0.0046888860727410005,0.0045621594221264,0.0001267266506146,0.083259409453808,0.0432137878595868,0.0400456215942212,0.0392852616905335,0.019896084146496,0.0193891775440375,0.0029147129641363,0.0011405398555316,0.0017741731086047,0.0031681662653655,0.0024078063616778,0.0007603599036877,0.0048156127233556,0.0032948929159802,0.0015207198073754,0.010391585350399,0.0098846787479406,0.0005069066024584,0.0031681662653655,0.0016474464579901,0.0015207198073754,0.005069066024584901,0.0044354327715118,0.0006336332530731,0.009757952097326,0.0034216195665948,0.0063363325307312,0.011025218603472199,0.0050690660245849,0.0059561525788873,3593
2017-04-01,2017,4,4378,1493,2885,54,47,7,343,84,259,26,21,5,173,82,91,388,300,88,7,4,3,48,36,12,185,45,140,124,123,1,43,43,0,596,333,263,276,117,159,6,2,4,13,4,9,32,21,11,36,35,1,13,4,9,41,30,11,56,16,40,89,27,62,0.6576535977166892,0.224275199038606,0.4333783986780832,0.0081117620549797,0.007060237344149,0.0010515247108307,0.051524710830704396,0.0126182965299684,0.038906414300736,0.0039056632116568,0.0031545741324921,0.0007510890791647,0.0259876821391016,0.0123178608983025,0.0136698212407991,0.0582845125431875,0.0450653447498873,0.0132191677933002,0.0010515247108306,0.0006008712633318,0.0004506534474988,0.0072104551599818,0.0054078413699864,0.0018026137899954,0.0277902959290971,0.0067598017124831,0.021030494216614,0.0186270091632867,0.0184767913474538,0.0001502178158329,0.0064593660808171,0.0064593660808171,0.0,0.08952981823644279,0.0500225326723749,0.0395072855640679,0.0414601171698962,0.017575484452456,0.0238846327174402,0.0009013068949977,0.0003004356316659,0.0006008712633318,0.0019528316058284,0.0006008712633318,0.0013519603424966,0.0048069701066546,0.0031545741324921,0.0016523959741625,0.0054078413699864,0.0052576235541535,0.0001502178158329,0.0019528316058284,0.0006008712633318,0.0013519603424966,0.0061589304491512,0.0045065344749887,0.0016523959741625,0.0084121976866456,0.0024034850533273,0.0060087126333183,0.013369385609133099,0.0040558810274898,0.0093135045816433,2669
2017-05-01,2017,5,4472,1593,2879,59,31,28,359,126,233,24,21,3,209,84,125,368,280,88,22,8,14,27,21,6,172,25,147,168,164,4,29,28,1,435,242,193,126,44,82,12,7,5,33,14,19,29,17,12,58,52,6,27,5,22,25,21,4,92,46,46,124,35,89,0.6758349705304518,0.2407435393682938,0.4350914311621581,0.0089164273840108,0.0046849025238023,0.0042315248602085,0.05425419374338811,0.0190418618709384,0.0352123318724497,0.0036270213087501,0.0031736436451564,0.0004533776635937,0.031585310563699495,0.0126945745806256,0.0188907359830739,0.0556143267341695,0.0423152486020855,0.013299078132084,0.0033247695330209,0.0012090071029167,0.0021157624301042,0.0040803989723439,0.0031736436451564,0.0009067553271875,0.0259936527127096,0.0037781471966147,0.0222155055160949,0.0253891491612512,0.0247846456097929,0.0006045035514583,0.004382650748073,0.0042315248602085,0.0001511258878645,0.06573976122109709,0.036572464863231,0.0291672963578661,0.0190418618709384,0.006649539066042,0.0123923228048964,0.0018135106543749999,0.0010578812150521,0.0007556294393229,0.0049871542995314,0.0021157624301042,0.0028713918694272,0.004382650748073,0.002569140093698,0.001813510654375,0.0087653014961462,0.0078585461689587,0.0009067553271875,0.0040803989723439005,0.0007556294393229,0.003324769533021,0.0037781471966147,0.0031736436451564,0.0006045035514583,0.0139035816835422,0.0069517908417711,0.0069517908417711,0.0187396100952092,0.0052894060752606,0.0134502040199486,2681
2017-06-01,2017,6,4228,1265,2963,35,22,13,303,57,246,14,11,3,159,66,93,410,304,106,17,8,9,23,19,4,192,38,154,96,95,1,34,33,1,497,245,252,132,30,102,9,0,9,46,29,17,19,18,1,45,34,11,25,9,16,33,20,13,92,39,53,123,48,75,0.6685641998734978,0.2000316255534472,0.4685325743200506,0.005534471853257301,0.0034788108791903,0.002055660974067,0.0479127134724857,0.0090132827324478,0.0388994307400379,0.0022137887413028,0.0017394054395951,0.0004743833017077,0.0251423149905122,0.0104364326375711,0.0147058823529411,0.06483238456672989,0.0480708412397217,0.0167615433270082,0.0026881720430107,0.0012650221378874,0.0014231499051233,0.0036369386464263,0.0030044275774826,0.0006325110689437,0.0303605313092979,0.0060088551549652,0.0243516761543327,0.015180265654648901,0.015022137887413,0.0001581277672359,0.0053763440860214,0.0052182163187855,0.0001581277672359,0.0785895003162555,0.038741302972802,0.0398481973434535,0.020872865275142198,0.0047438330170777,0.0161290322580645,0.0014231499051233,0.0,0.0014231499051233,0.0072738772928525,0.0045857052498418,0.0026881720430107,0.0030044275774825,0.0028462998102466,0.0001581277672359,0.0071157495256166,0.0053763440860215,0.0017394054395951,0.0039531941808981005,0.0014231499051233,0.0025300442757748,0.0052182163187855,0.0031625553447185,0.002055660974067,0.0145477545857052,0.0061669829222011,0.0083807716635041,0.0194497153700188,0.0075901328273244,0.0118595825426944,2235
2017-07-01,2017,7,5100,1705,3395,39,24,15,330,83,247,30,14,16,204,81,123,361,275,86,26,17,9,44,38,6,306,27,279,221,217,4,38,38,0,561,307,254,218,75,143,12,4,8,38,15,23,26,17,9,36,26,10,36,4,32,39,29,10,58,11,47,95,29,66,0.6730896133034182,0.2250230962122212,0.448066517091197,0.0051471558664378005,0.0031674805331925,0.0019796753332453,0.0435528573313975,0.0109542035106242,0.0325986538207733,0.0039593506664906,0.0018476969776956,0.002111653688795,0.0269235845321366,0.0106902467995248,0.0162333377326118,0.047644186353438,0.0362940477761647,0.0113501385772733,0.0034314372442919,0.0022436320443447,0.0011878051999472,0.0058070476441863,0.0050151775108882,0.0007918701332981,0.040385376798205,0.0035634155998416,0.0368219611983634,0.0291672165764814,0.0286393031542827,0.0005279134221987,0.0050151775108882,0.0050151775108882,0.0,0.07403985746337591,0.0405173551537547,0.0335225023096212,0.0287712815098323,0.0098983766662267,0.0188729048436056,0.0015837402665962001,0.0005279134221987,0.0010558268443975,0.0050151775108881,0.0019796753332453,0.0030355021776428,0.0034314372442919,0.0022436320443447,0.0011878051999472,0.0047512207997887,0.0034314372442919,0.0013197835554968,0.0047512207997887,0.0005279134221987,0.00422330737759,0.0051471558664378,0.003827372310941,0.0013197835554968,0.0076547446218819,0.0014517619110465,0.0062029827108354,0.012537943777220499,0.003827372310941,0.0087105714662795,2859
2017-08-01,2017,8,5918,1852,4066,39,27,12,354,100,254,14,8,6,243,143,100,424,315,109,33,20,13,32,27,5,269,93,176,188,186,2,20,20,0,715,372,343,199,66,133,6,2,4,39,15,24,53,40,13,39,32,7,64,31,33,35,26,9,67,30,37,143,63,80,0.6891813206009083,0.2156748573424944,0.4735064632584139,0.0045417491557004,0.0031442878770234,0.001397461278677,0.0412251077209735,0.0116455106556422,0.0295795970653313,0.0016303714917898,0.0009316408524513,0.0006987306393385,0.0282985908932106,0.0166530802375684,0.0116455106556422,0.049376965179923,0.036683358565273,0.01269360661465,0.0038430185163618,0.0023291021311284,0.0015139163852334,0.0037265634098055,0.0031442878770234,0.0005822755327821,0.0313264236636775,0.0108303249097472,0.0204960987539303,0.0218935600326073,0.0216606498194945,0.0002329102131128,0.0023291021311284,0.0023291021311284,0.0,0.08326540118784201,0.0433212996389891,0.0399441015488529,0.0231745662047279,0.0076860370327238,0.0154885291720041,0.0006987306393384,0.0002329102131128,0.0004658204262256,0.0045417491557004,0.0017468265983463,0.0027949225573541,0.006172120647490301,0.0046582042622569,0.0015139163852334,0.0045417491557004,0.0037265634098055,0.0008151857458949,0.0074531268196109,0.003610108303249,0.0038430185163619,0.004075928729474701,0.0030278327704669,0.0010480959590078,0.0078024921392802,0.0034936531966926,0.0043088389425876,0.0166530802375684,0.0073366717130546,0.0093164085245138,3243
2017-09-01,2017,9,5078,1652,3426,50,35,15,376,95,281,15,9,6,239,119,120,270,192,78,26,13,13,25,17,8,589,191,398,177,170,7,20,20,0,556,247,309,131,61,70,6,2,4,21,12,9,65,54,11,27,23,4,34,5,29,28,21,7,50,12,38,98,36,62,0.6608537220197813,0.2149921915668922,0.4458615304528891,0.0065070275897968,0.0045549193128578,0.001952108276939,0.0489328474752732,0.0123633524206142,0.036569495054659,0.0019521082769389999,0.0011712649661634,0.0007808433107756,0.0311035918792295,0.0154867256637168,0.0156168662155127,0.0351379489849036,0.0249869859448204,0.0101509630400832,0.0033836543466944,0.0016918271733472,0.0016918271733472,0.0032535137948984,0.0022123893805309,0.0010411244143675,0.0766527850078083,0.0248568453930244,0.0517959396147839,0.0230348776678812,0.0221238938053097,0.0009109838625715,0.0026028110359187,0.0026028110359187,0.0,0.0723581467985423,0.032144716293597,0.0402134305049453,0.017048412285268003,0.0079385736595523,0.0091098386257157,0.0007808433107755,0.0002602811035918,0.0005205622071837,0.0027329515877146,0.0015616866215512,0.0011712649661634,0.008459135866736,0.0070275897969807,0.0014315460697553,0.0035137948984902997,0.0029932326913066,0.0005205622071837,0.0044247787610618,0.0006507027589796,0.0037740760020822,0.0036439354502862003,0.0027329515877147,0.0009109838625715,0.0065070275897969,0.0015616866215512,0.0049453409682457,0.012753774076002,0.0046850598646538,0.0080687142113482,2851
2017-10-01,2017,10,5808,1677,4131,48,33,15,540,181,359,31,18,13,268,119,149,378,289,89,29,15,14,40,33,7,368,115,253,192,189,3,27,26,1,778,422,356,282,84,198,6,0,6,33,19,14,45,35,10,34,17,17,21,3,18,30,25,5,75,32,43,114,28,86,0.657757644394111,0.189920724801812,0.467836919592299,0.0054360135900339,0.0037372593431483,0.0016987542468856,0.0611551528878822,0.0204983012457531,0.0406568516421291,0.0035107587768969002,0.0020385050962627,0.0014722536806342,0.0303510758776896,0.0134767836919592,0.0168742921857304,0.042808607021517404,0.0327293318233295,0.0100792751981879,0.0032842582106455,0.0016987542468856,0.0015855039637599,0.0045300113250282,0.0037372593431483,0.0007927519818799,0.0416761041902603,0.0130237825594563,0.028652321630804,0.0217440543601358,0.0214043035107587,0.0003397508493771,0.0030577576443941,0.0029445073612684,0.0001132502831257,0.0881087202718006,0.0477916194790487,0.0403171007927519,0.0319365798414495,0.0095130237825594,0.0224235560588901,0.0006795016987542,0.0,0.0006795016987542,0.0037372593431483003,0.0021517553793884,0.0015855039637599,0.0050962627406567,0.0039637599093997,0.001132502831257,0.003850509626274,0.001925254813137,0.001925254813137,0.0023782559456398,0.0003397508493771,0.0020385050962627,0.0033975084937711,0.0028312570781426,0.0005662514156285,0.008493771234428,0.0036240090600226,0.0048697621744054,0.012910532276330601,0.0031710079275198,0.0097395243488108,3121
2017-11-01,2017,11,5663,1730,3933,87,55,32,378,71,307,24,17,7,262,120,142,318,218,100,17,4,13,62,52,10,736,308,428,168,163,5,26,26,0,642,319,323,260,96,164,11,3,8,52,32,20,35,27,8,32,23,9,36,5,31,33,26,7,55,21,34,93,37,56,0.6472739741684764,0.1977368842153389,0.4495370899531375,0.0099439935992684,0.0062864327351697,0.0036575608640987,0.043204937707166505,0.0081152131672191,0.0350897245399474,0.002743170648074,0.0019430792090524,0.0008000914390216,0.0299462795748085,0.0137158532403703,0.0162304263344382,0.036347011086981296,0.0249171333866727,0.0114298777003086,0.0019430792090523999,0.0004571951080123,0.0014858841010401,0.0070865241741912,0.0059435364041604,0.0011429877700308,0.0841238998742713,0.0352040233169505,0.0489198765573208,0.0192021945365184,0.018630700651503,0.0005714938850154,0.0029717682020802,0.0029717682020802,0.0,0.0733798148359812,0.0364613098639844,0.0369185049719968,0.0297176820208023,0.0109726825922962,0.0187449994285061,0.0012572865470338,0.0003428963310092,0.0009143902160246,0.005943536404160401,0.0036575608640987,0.0022859755400617,0.0040004571951079,0.0030860669790833,0.0009143902160246,0.0036575608640985998,0.0026288718710709,0.0010286889930277,0.004114755972111,0.0005714938850154,0.0035432620870956,0.0037718596411018,0.0029717682020802,0.0008000914390216,0.0062864327351697,0.0024002743170648,0.0038861584181049,0.0106297862612869,0.0042290547491141,0.0064007315121728,3190
2017-12-01,2017,12,4827,1580,3247,42,28,14,400,68,332,20,16,4,153,74,79,294,202,92,24,6,18,28,19,9,424,152,272,227,226,1,57,57,0,649,287,362,138,57,81,11,2,9,47,31,16,77,69,8,23,16,7,25,1,24,51,42,9,100,21,79,98,18,80,0.6430855315747401,0.2104982680522248,0.4325872635225153,0.005595523581134999,0.00373034905409,0.001865174527045,0.053290700772715,0.0090594191313615,0.0442312816413535,0.0026645350386356997,0.0021316280309086,0.0005329070077271,0.0203836930455635,0.0098587796429523,0.0105249134026112,0.0391686650679455,0.0269118038902211,0.0122568611777244,0.0031974420463628,0.0007993605115907,0.0023980815347721,0.0037303490540899,0.0025313082867039,0.001199040767386,0.056488142819078005,0.0202504662936317,0.0362376765254463,0.030242472688515702,0.030109245936584,0.0001332267519317,0.0075939248601119,0.0075939248601119,0.0,0.0864641620037303,0.0382360778044231,0.0482280841993072,0.018385291766586702,0.0075939248601119,0.0107913669064748,0.0014654942712495,0.0002664535038635,0.001199040767386,0.006261657340793999,0.0041300293098854,0.0021316280309086,0.0102584598987476,0.0091926458832933,0.0010658140154543,0.0030642152944310996,0.0021316280309086,0.0009325872635225,0.0033306687982946,0.0001332267519317,0.0031974420463629,0.006794564348521,0.005595523581135,0.001199040767386,0.0133226751931787,0.0027977617905675,0.0105249134026112,0.0130562216893151,0.0023980815347721,0.010658140154543,2834
2018-01-01,2018,1,5276,1832,3444,44,29,15,471,100,371,21,17,4,191,94,97,346,220,126,32,15,17,36,27,9,468,178,290,413,407,6,100,100,0,707,290,417,132,54,78,8,1,7,24,12,12,39,23,16,34,24,10,44,16,28,38,26,12,76,14,62,120,26,94,0.6335254562920267,0.2199807877041306,0.4135446685878962,0.0052833813640729,0.0034822286263208,0.0018011527377521,0.0565561959654178,0.0120076849183477,0.0445485110470701,0.002521613832853,0.0020413064361191,0.0004803073967339,0.0229346781940441,0.0112872238232468,0.0116474543707973,0.0415465898174831,0.026416906820365,0.0151296829971181,0.0038424591738712,0.0018011527377521,0.0020413064361191,0.0043227665706049995,0.0032420749279538,0.0010806916426512,0.0561959654178673,0.0213736791546589,0.0348222862632084,0.0495917387127761,0.0488712776176753,0.0007204610951008,0.0120076849183477,0.0120076849183477,0.0,0.0848943323727184,0.0348222862632084,0.05007204610951,0.015850144092218903,0.0064841498559077,0.0093659942363112,0.0009606147934677,0.0001200768491834,0.0008405379442843,0.0028818443804034,0.0014409221902017,0.0014409221902017,0.0046829971181555005,0.0027617675312199,0.0019212295869356,0.0040826128722381,0.0028818443804034,0.0012007684918347,0.0052833813640729005,0.0019212295869356,0.0033621517771373,0.0045629202689721,0.0031219980787704,0.0014409221902017,0.0091258405379442,0.0016810758885686,0.0074447646493756,0.0144092219020172,0.0031219980787704,0.0112872238232468,3327
2018-02-01,2018,2,4410,1320,3090,29,18,11,390,80,310,17,7,10,165,81,84,306,199,107,27,7,20,47,32,15,245,46,199,252,244,8,53,53,0,594,235,359,129,90,39,6,1,5,31,12,19,20,11,9,15,13,2,42,5,37,20,11,9,68,11,57,98,29,69,0.6551775367701679,0.1961075620264448,0.4590699747437231,0.004308423711187,0.0026741940276333,0.0016342296835537,0.0579408705987223,0.0118853067894815,0.0460555638092408,0.0025256276927647,0.0010399643440796,0.0014856633486851,0.0245134452533055,0.01203387312435,0.0124795721289555,0.045461298469766695,0.0295647006388352,0.0158965978309315,0.0040112910414499,0.0010399643440796,0.0029713266973703,0.0069826177388203,0.0047541227157926,0.0022284950230277,0.036398752042787,0.0068340514039518,0.0295647006388352,0.0374387163868666,0.0362501857079185,0.0011885306789481,0.0078740157480314,0.0078740157480314,0.0,0.0882484029119001,0.0349130886941019,0.0533353142177982,0.0191650571980388,0.0133709701381666,0.0057940870598722,0.0008913980092110001,0.0001485663348685,0.0007428316743425,0.004605556380924,0.0017827960184222,0.0028227603625018,0.0029713266973703002,0.0016342296835537,0.0013370970138166,0.0022284950230277,0.0019313623532907,0.000297132669737,0.006239786064477599,0.0007428316743425,0.0054969543901351,0.0029713266973703002,0.0016342296835537,0.0013370970138166,0.010102510771059201,0.0016342296835537,0.0084682810875055,0.0145595008171147,0.004308423711187,0.0102510771059277,2354
2018-03-01,2018,3,5471,2205,3266,36,30,6,316,79,237,19,16,3,182,92,90,364,273,91,22,9,13,47,34,13,208,34,174,576,560,16,124,123,1,639,306,333,303,226,77,10,3,7,33,26,7,55,46,9,51,46,5,21,4,17,65,59,6,67,25,42,105,31,74,0.6476089015151515,0.2610085227272727,0.3866003787878788,0.0042613636363635,0.0035511363636363,0.0007102272727272,0.0374053030303029,0.0093513257575757,0.0280539772727272,0.0022490530303029,0.0018939393939393,0.0003551136363636,0.0215435606060605,0.0108901515151515,0.010653409090909,0.0430871212121212,0.0323153409090909,0.0107717803030303,0.0026041666666666,0.0010653409090909,0.0015388257575757,0.0055634469696969,0.0040246212121212,0.0015388257575757,0.0246212121212121,0.0040246212121212,0.0205965909090909,0.068181818181818,0.0662878787878787,0.0018939393939393,0.0146780303030302,0.014559659090909,0.0001183712121212,0.0756392045454545,0.0362215909090909,0.0394176136363636,0.035866477272727196,0.0267518939393939,0.0091145833333333,0.001183712121212,0.0003551136363636,0.0008285984848484,0.0039062499999999,0.0030776515151515,0.0008285984848484,0.0065104166666666,0.0054450757575757,0.0010653409090909,0.0060369318181817,0.0054450757575757,0.000591856060606,0.0024857954545454,0.0004734848484848,0.0020123106060606,0.0076941287878787,0.0069839015151515,0.0007102272727272,0.0079308712121212,0.0029592803030303,0.0049715909090909,0.0124289772727271,0.0036695075757575,0.0087594696969696,4039
2018-04-01,2018,4,6043,2892,3151,36,24,12,238,76,162,16,15,1,162,100,62,210,172,38,21,11,10,37,27,10,101,22,79,1810,1735,75,186,185,1,509,329,180,190,157,33,11,5,6,31,20,11,42,40,2,138,131,7,20,8,12,74,64,10,70,44,26,92,39,53,0.6104040404040404,0.2921212121212121,0.3182828282828283,0.0036363636363636,0.0024242424242424,0.0012121212121212,0.0240404040404039,0.0076767676767676,0.0163636363636363,0.0016161616161616,0.0015151515151515,0.0001010101010101,0.0163636363636363,0.0101010101010101,0.0062626262626262,0.021212121212121102,0.0173737373737373,0.0038383838383838,0.0021212121212121,0.0011111111111111,0.001010101010101,0.0037373737373737,0.0027272727272727,0.001010101010101,0.0102020202020201,0.0022222222222222,0.0079797979797979,0.18282828282828267,0.1752525252525252,0.0075757575757575,0.0187878787878787,0.0186868686868686,0.0001010101010101,0.0514141414141413,0.0332323232323232,0.0181818181818181,0.0191919191919191,0.0158585858585858,0.0033333333333333,0.0011111111111111,0.0005050505050505,0.0006060606060606,0.0031313131313131,0.002020202020202,0.0011111111111111,0.0042424242424241995,0.004040404040404,0.0002020202020202,0.013939393939393899,0.0132323232323232,0.0007070707070707,0.002020202020202,0.0008080808080808,0.0012121212121212,0.0074747474747474,0.0064646464646464,0.001010101010101,0.007070707070707,0.0044444444444444,0.0026262626262626,0.0092929292929292,0.0039393939393939,0.0053535353535353,5987
2018-05-01,2018,5,7989,4420,3569,53,37,16,199,38,161,41,38,3,410,314,96,480,409,71,60,54,6,54,46,8,127,34,93,1191,1142,49,135,134,1,760,507,253,231,153,78,13,8,5,38,31,7,28,23,5,231,212,19,142,92,50,64,49,15,52,17,35,80,41,39,0.6595393379014283,0.3648972178651036,0.2946421200363246,0.0043754643771154,0.0030545694708164,0.001320894906299,0.0164286303970939,0.0031371254024601,0.0132915049946338,0.0033847931973911,0.0031371254024601,0.000247667794931,0.0338479319739123,0.0259225625361182,0.0079253694377941,0.0396268471889704,0.0337653760422686,0.0058614711467018,0.0049533558986212,0.0044580203087591,0.0004953355898621,0.0044580203087591,0.0037975728556096,0.0006604474531495,0.0104846033187484,0.0028069016758854,0.007677701642863,0.098324114587633,0.0942788739370923,0.0040452406505407,0.01114505077189789,0.0110624948402542,8.25559316436886e-05,0.0627425080492033,0.0418558573433501,0.0208866507058532,0.019070420209691998,0.0126310575414843,0.0064393626682077,0.0010732271113679,0.0006604474531495,0.0004127796582184,0.0031371254024601,0.0025592338809543,0.0005778915215058,0.0023115660860232,0.0018987864278048,0.0004127796582184,0.0190704202096919,0.0175018575084619,0.00156856270123,0.0117229422934037,0.0075951457112193,0.0041277965821844,0.005283579625195999,0.0040452406505407,0.0012383389746553,0.0042929084454718,0.0014034508379427,0.0028894576075291,0.006604474531495,0.0033847931973912,0.0032196813341038,7565
2018-06-01,2018,6,6743,3096,3647,51,37,14,239,69,170,16,8,8,313,165,148,582,464,118,25,20,5,45,28,17,152,22,130,443,435,8,32,32,0,680,412,268,251,128,123,5,0,5,27,15,12,34,28,6,175,156,19,68,37,31,21,17,4,50,6,44,67,15,52,0.6954414191419143,0.3193069306930693,0.3761344884488449,0.0052599009900989,0.00381600660066,0.0014438943894389,0.0246493399339933,0.0071163366336633,0.01753300330033,0.0016501650165016,0.0008250825082508,0.0008250825082508,0.0322813531353134,0.0170173267326732,0.0152640264026402,0.060024752475247405,0.0478547854785478,0.0121699669966996,0.0025783828382837,0.002062706270627,0.0005156765676567,0.0046410891089108,0.0028877887788778,0.001753300330033,0.0156765676567656,0.0022689768976897,0.0134075907590759,0.0456889438943894,0.0448638613861386,0.0008250825082508,0.0033003300330033,0.0033003300330033,0.0,0.07013201320132001,0.0424917491749174,0.0276402640264026,0.0258869636963696,0.0132013201320132,0.0126856435643564,0.0005156765676567,0.0,0.0005156765676567,0.0027846534653464,0.0015470297029702,0.0012376237623762,0.0035066006600659,0.0028877887788778,0.0006188118811881,0.018048679867986698,0.016089108910891,0.0019595709570957,0.0070132013201319,0.00381600660066,0.0031971947194719,0.0021658415841584,0.001753300330033,0.0004125412541254,0.0051567656765676,0.0006188118811881,0.0045379537953795,0.006910066006600499,0.0015470297029702,0.0053630363036303,4931
2018-07-01,2018,7,6763,2811,3952,71,52,19,373,117,256,18,16,2,342,170,172,553,450,103,23,8,15,52,29,23,217,39,178,406,393,13,36,35,1,890,536,354,411,193,218,16,7,9,20,16,4,95,80,15,142,123,19,40,8,32,31,23,8,48,9,39,77,26,51,0.6621952413590522,0.2752374424752766,0.3869577988837755,0.0069519240184077995,0.0050915499853128,0.001860374033095,0.03652207970234,0.0114559874669538,0.0250660922353862,0.0017624596103005,0.0015666307647116,0.0001958288455889,0.033486732595711194,0.0166454518750611,0.0168412807206501,0.054146675805346,0.0440614902575149,0.0100851855478311,0.0022520317242729,0.0007833153823558,0.0014687163419171,0.0050915499853127,0.0028395182610398,0.0022520317242729,0.0212474297464016,0.0038186624889846,0.017428767257417,0.0397532556545579,0.0384803681582297,0.0012728874963282,0.0035249192206011776,0.0034270047978067,9.791442279447762e-05,0.087143836287085,0.05248213061784,0.034661705669245,0.0402428277685302,0.0188974835993341,0.0213453441691961,0.0015666307647115,0.0006854009595613,0.0008812298051502,0.0019582884558895,0.0015666307647116,0.0003916576911779,0.0093018701654753,0.0078331538235582,0.0014687163419171,0.0139038480368157,0.0120434740037207,0.001860374033095,0.003916576911779,0.0007833153823558,0.0031332615294232,0.0030353471066287,0.0022520317242729,0.0007833153823558,0.0046998922941348,0.0008812298051502,0.0038186624889846,0.0075394105551746995,0.0025457749926564,0.0049936355625183,4817
2018-08-01,2018,8,5804,2211,3593,68,49,19,192,55,137,22,16,6,222,102,120,411,325,86,14,7,7,28,17,11,141,17,124,312,300,12,34,34,0,671,412,259,305,139,166,5,0,5,19,8,11,34,29,5,83,66,17,19,8,11,31,23,8,37,8,29,66,13,53,0.7033446437227338,0.2679350460494425,0.4354095976732913,0.0082404265632573,0.0059379544352884,0.0023024721279689,0.0232670867668444,0.0066650508967523,0.0166020358700921,0.0026660203587008,0.001938923897237,0.0007270964614638,0.026902569074163697,0.012360639844886,0.0145419292292777,0.0498061076102762,0.0393843916626272,0.010421715947649,0.0016965584100824,0.0008482792050412,0.0008482792050412,0.0033931168201647,0.0020601066408143,0.0013330101793504,0.017086766844401302,0.0020601066408143,0.015026660203587,0.037809015996122,0.0363548230731943,0.0014541929229277,0.0041202132816286,0.0041202132816286,0.0,0.081313620940378,0.0499272903538536,0.0313863305865244,0.0369607367910809,0.0168444013572467,0.0201163354338342,0.0006059137178865,0.0,0.0006059137178865,0.0023024721279689,0.0009694619486185,0.0013330101793504,0.0041202132816286,0.0035142995637421,0.0006059137178865,0.010058167716917,0.0079980610761027,0.0020601066408143,0.0023024721279689,0.0009694619486185,0.0013330101793504,0.0037566650508967002,0.0027872031022782,0.0009694619486185,0.0044837615123606,0.0009694619486185,0.0035142995637421,0.0079980610761026,0.001575375666505,0.0064226854095976,3642
2018-09-01,2018,9,5582,2286,3296,37,25,12,348,122,226,20,11,9,296,152,144,551,477,74,24,7,17,53,42,11,243,69,174,544,527,17,124,124,0,725,436,289,313,142,171,5,2,3,13,6,7,50,42,8,102,79,23,56,17,39,47,37,10,53,14,39,73,14,59,0.6293122886133031,0.2577226606538895,0.3715896279594137,0.0041713641488161,0.0028184892897406,0.0013528748590755,0.0392333709131905,0.0137542277339346,0.0254791431792559,0.0022547914317925,0.0012401352874859,0.0010146561443066,0.0333709131905298,0.0171364148816234,0.0162344983089064,0.0621195039458849,0.0537767756482525,0.0083427282976324,0.0027057497181509,0.0007891770011273,0.0019165727170236,0.0059751972942502,0.0047350620067643,0.0012401352874859,0.027395715896279503,0.0077790304396843,0.0196166854565952,0.0613303269447575,0.0594137542277339,0.0019165727170236,0.0139797068771138,0.0139797068771138,0.0,0.08173618940248009,0.0491544532130777,0.0325817361894024,0.0352874859075534,0.0160090191657271,0.0192784667418263,0.000563697857948,0.0002254791431792,0.0003382187147688,0.001465614430665,0.0006764374295377,0.0007891770011273,0.0056369785794813,0.0047350620067643,0.000901916572717,0.011499436302142,0.0089064261555806,0.0025930101465614,0.0063134160090190005,0.0019165727170236,0.0043968432919954,0.0052987598647124,0.0041713641488162,0.0011273957158962,0.0059751972942501,0.0015783540022547,0.0043968432919954,0.0082299887260427,0.0015783540022547,0.006651634723788,4295
2018-10-01,2018,10,6118,2307,3811,51,34,17,323,112,211,18,9,9,267,131,136,639,514,125,17,10,7,35,25,10,298,122,176,523,510,13,125,125,0,876,528,348,385,193,192,9,1,8,27,15,12,42,26,16,62,50,12,41,9,32,34,27,7,52,9,43,55,16,39,0.6388221781351153,0.240889631408583,0.3979325467265323,0.005325258431659,0.0035501722877727,0.0017750861438863,0.0337266367338414,0.0116946851832515,0.0220319515505899,0.0018795029758796,0.0009397514879398,0.0009397514879398,0.0278792941422156,0.0136786049911245,0.0142006891510911,0.06672235564372969,0.0536702516445651,0.0130521039991646,0.0017750861438863,0.0010441683199331,0.0007309178239532,0.003654589119766,0.0026104207998329,0.0010441683199331,0.0311162159340085,0.0127388535031847,0.0183773624308238,0.0546100031325049,0.0532525843165918,0.0013574188159131,0.0130521039991646,0.0130521039991646,0.0,0.0914691448261459,0.0551320872924715,0.0363370575336744,0.040200480317427095,0.0201524485747102,0.0200480317427169,0.0009397514879398,0.0001044168319933,0.0008353346559465,0.0028192544638195,0.0015662524798997,0.0012530019839198,0.0043855069437192,0.0027148376318262,0.001670669311893,0.0064738435835856,0.0052208415996658,0.0012530019839198,0.0042810901117259,0.0009397514879398,0.0033413386237861,0.0035501722877727,0.0028192544638195,0.0007309178239532,0.0054296752636523995,0.0009397514879398,0.0044899237757126,0.0057429257596323,0.001670669311893,0.0040722564477393,4441
2018-11-01,2018,11,5768,2166,3602,33,21,12,298,89,209,24,15,9,278,117,161,540,443,97,32,21,11,50,36,14,151,42,109,283,273,10,100,100,0,797,489,308,410,144,266,16,6,10,46,25,21,122,104,18,82,61,21,23,4,19,49,29,20,44,7,37,129,68,61,0.6489648964896488,0.2436993699369937,0.4052655265526552,0.0037128712871286,0.0023627362736273,0.0013501350135013,0.0335283528352835,0.010013501350135,0.0235148514851485,0.0027002700270026,0.0016876687668766,0.001012601260126,0.0312781278127812,0.0131638163816381,0.0181143114311431,0.0607560756075607,0.0498424842484248,0.0109135913591359,0.0036003600360035,0.0023627362736273,0.0012376237623762,0.005625562556255501,0.004050405040504,0.0015751575157515,0.0169891989198919,0.0047254725472547,0.0122637263726372,0.0318406840684068,0.0307155715571557,0.0011251125112511,0.0112511251125112,0.0112511251125112,0.0,0.0896714671467146,0.05501800180018,0.0346534653465346,0.0461296129612961,0.0162016201620162,0.0299279927992799,0.0018001800180017001,0.0006750675067506,0.0011251125112511,0.0051755175517551,0.0028127812781278,0.0023627362736273,0.013726372637263699,0.0117011701170117,0.002025202520252,0.0092259225922591,0.0068631863186318,0.0023627362736273,0.0025877587758775,0.0004500450045004,0.0021377137713771,0.0055130513051304,0.0032628262826282,0.0022502250225022,0.0049504950495048005,0.0007875787578757,0.0041629162916291,0.014513951395139401,0.0076507650765076,0.0068631863186318,3960
2018-12-01,2018,12,5771,2529,3242,55,41,14,249,88,161,17,13,4,217,125,92,406,344,62,71,55,16,36,29,7,171,45,126,213,204,9,50,48,2,595,375,220,271,122,149,16,3,13,30,24,6,159,134,25,140,132,8,18,1,17,63,45,18,52,9,43,95,36,59,0.6857991681521092,0.3005347593582887,0.3852644087938205,0.0065359477124182,0.0048722519310754,0.0016636957813428,0.0295900178253118,0.0104575163398692,0.0191325014854426,0.0020202020202019,0.0015448603683897,0.0004753416518122,0.025787284610813997,0.0148544266191325,0.0109328579916815,0.0482471776589423,0.0408793820558526,0.0073677956030897,0.0084373143196672,0.0065359477124183,0.0019013666072489,0.0042780748663101,0.0034462269756387,0.0008318478906714,0.0203208556149732,0.0053475935828877,0.0149732620320855,0.0253119429590017,0.0242424242424242,0.0010695187165775,0.0059417706476529,0.0057040998217468,0.0002376708259061,0.07070707070707069,0.0445632798573975,0.0261437908496732,0.032204396910279195,0.0144979203802733,0.0177064765300059,0.0019013666072488,0.0003565062388591,0.0015448603683897,0.0035650623885917,0.0028520499108734,0.0007130124777183,0.0188948306595365,0.01592394533571,0.0029708853238265,0.0166369578134283,0.0156862745098039,0.0009506833036244,0.0021390374331549996,0.000118835412953,0.002020202020202,0.007486631016042701,0.0053475935828877,0.002139037433155,0.006179441473559,0.0010695187165775,0.0051099227569815,0.0112893642305406,0.0042780748663101,0.0070112893642305,4168
2019-01-01,2019,1,5752,2151,3601,46,36,10,355,96,259,19,16,3,269,112,157,508,420,88,53,37,16,22,19,3,183,49,134,551,531,20,67,66,1,699,392,307,289,110,179,12,2,10,17,10,7,23,14,9,83,74,9,41,11,30,61,47,14,70,13,57,80,21,59,0.6476748113951132,0.2422024546785272,0.405472356716586,0.005179596892241799,0.0040535975678414,0.0011259993244004,0.039972976016214204,0.0108095935142438,0.0291633825019704,0.0021393987163607,0.0018015989190406,0.0003377997973201,0.030289381826370802,0.0126111924332845,0.0176781893930863,0.0572007656795405,0.047291971624817,0.0099087940547235,0.0059677964193221005,0.0041661975002815,0.0018015989190406,0.0024771985136808,0.0021393987163607,0.0003377997973201,0.0206057876365273,0.0055173966895619,0.0150883909469654,0.0620425627744623,0.0597905641256615,0.0022519986488008,0.0075441954734825995,0.0074315955410426,0.00011259993244,0.0787073527755882,0.0441391735164958,0.0345681792590924,0.0325413804751716,0.0123859925684044,0.0201553879067672,0.0013511991892804,0.00022519986488,0.0011259993244004,0.0019141988514805998,0.0011259993244004,0.0007881995270802,0.0025897984461208,0.0015763990541605,0.0010133993919603,0.0093457943925233,0.008332395000563,0.0010133993919603,0.0046165972300416,0.0012385992568404,0.0033779979732012,0.0068685958788424,0.0052921968246819,0.0015763990541605,0.0078819952708028,0.0014637991217205,0.0064181961490823,0.0090079945952031,0.0023645985812408,0.0066433960139623,3969
2019-02-01,2019,2,5165,1961,3204,53,31,22,403,78,325,16,8,8,318,167,151,519,436,83,55,36,19,62,44,18,212,19,193,364,349,15,58,58,0,852,561,291,172,62,110,15,3,12,20,10,10,23,17,6,68,64,4,26,3,23,45,32,13,58,16,42,108,43,65,0.6243200773600869,0.2370361416656593,0.3872839356944276,0.0064063822071799,0.0037471292155203,0.0026592529916596,0.048712679801764594,0.0094282606067931,0.0392844191949715,0.0019340021757524,0.0009670010878762,0.0009670010878762,0.038438293243079805,0.0201861477094161,0.0182521455336637,0.06273419557597,0.0527015592892542,0.0100326362867158,0.006648132479149,0.004351504895443,0.002296627583706,0.0074942584310407,0.0053185059833192,0.0021757524477215,0.0256255288287199,0.002296627583706,0.0233289012450139,0.0439985494983681,0.0421854224586002,0.0018131270397679,0.0070107578871026,0.0070107578871026,0.0,0.1029856158588178,0.0678109512873202,0.0351746645714976,0.0207905233893387,0.0074942584310407,0.013296264958298,0.0018131270397678,0.0003626254079535,0.0014505016318143,0.0024175027196904,0.0012087513598452,0.0012087513598452,0.0027801281276439997,0.0020548773117369,0.0007252508159071,0.0082195092469478,0.0077360087030097,0.0004835005439381,0.0031427535355976,0.0003626254079535,0.0027801281276441,0.0054393811193036,0.0038680043515048,0.0015713767677988,0.0070107578871025,0.0019340021757524,0.0050767557113501,0.013054514686329,0.0051976308473347,0.0078568838389943,3720
2019-03-01,2019,3,9231,2914,6317,68,52,16,377,100,277,16,11,5,371,194,177,473,353,120,35,21,14,46,34,12,373,58,315,377,360,17,45,45,0,949,575,374,348,178,170,24,8,16,37,16,21,107,94,13,86,72,14,28,9,19,63,45,18,91,32,59,191,95,96,0.7108971890643049,0.2244127839815171,0.4864844050827878,0.0052368117058143,0.004004620716211,0.0012321909896033,0.0290335001925297,0.0077011936850211,0.0213323065075086,0.0012321909896032999,0.0008471313053523,0.000385059684251,0.0285714285714284,0.014940315748941,0.0136311128224874,0.0364266461301501,0.0271852137081247,0.0092414324220254,0.0026954177897573,0.0016172506738544,0.0010781671159029,0.0035425490951097,0.0026184058529072,0.0009241432422025,0.0287254524451289,0.0044666923373122,0.0242587601078167,0.0290335001925298,0.0277242972660762,0.0013092029264536,0.0034655371582595,0.0034655371582595,0.0,0.0730843280708509,0.0442818636888717,0.0288024643819792,0.0268001540238736,0.0137081247593376,0.013092029264536,0.0018482864844049,0.0006160954948016,0.0012321909896033,0.0028494416634577,0.0012321909896033,0.0016172506738544,0.008240277242972601,0.0072391220639199,0.0010011551790527,0.0066230265691181,0.0055448594532152,0.0010781671159029,0.0021563342318058998,0.0006931074316519,0.001463226800154,0.0048517520215633,0.0034655371582595,0.0013862148633038,0.0070080862533691,0.0024643819792067,0.0045437042741624,0.0147092799383904,0.0073161340007701,0.0073931459376203,5001
2019-04-01,2019,4,11591,2790,8801,66,53,13,354,94,260,16,11,5,406,182,224,601,458,143,28,21,7,30,26,4,293,32,261,401,386,15,53,53,0,919,543,376,448,253,195,11,4,7,51,33,18,50,43,7,115,98,17,30,12,18,43,30,13,84,35,49,136,51,85,0.7563458401305057,0.1820554649265905,0.5742903752039151,0.0043066884176181,0.003458401305057,0.0008482871125611,0.0230995106035888,0.0061337683523654,0.0169657422512234,0.0010440456769982,0.0007177814029363,0.0003262642740619,0.026492659053833502,0.0118760195758564,0.0146166394779771,0.0392169657422512,0.0298858075040783,0.0093311582381729,0.001827079934747,0.0013703099510603,0.0004567699836867,0.0019575856443718002,0.0016965742251223,0.0002610114192495,0.0191190864600325,0.0020880913539967,0.0170309951060358,0.0261663947797715,0.0251876019575856,0.0009787928221859,0.003458401305057,0.003458401305057,0.0,0.0599673735725937,0.0354323001631321,0.0245350734094616,0.029233278955954303,0.0165089722675367,0.0127243066884176,0.0007177814029362,0.0002610114192495,0.0004567699836867,0.0033278955954322,0.0021533442088091,0.0011745513866231,0.0032626427406198,0.0028058727569331,0.0004567699836867,0.0075040783034257,0.006394779771615,0.0011092985318107,0.0019575856443718002,0.0007830342577487,0.0011745513866231,0.002805872756933,0.0019575856443719,0.0008482871125611,0.0054812398042414,0.0022838499184339,0.0031973898858075,0.0088743882544861,0.0033278955954323,0.0055464926590538,4888
2019-05-01,2019,5,11090,2636,8454,98,69,29,443,112,331,16,12,4,324,150,174,494,375,119,30,16,14,33,25,8,207,25,182,258,246,12,42,42,0,786,456,330,270,119,151,18,6,12,45,22,23,61,45,16,56,51,5,34,13,21,63,46,17,90,26,64,92,23,69,0.7784641302821844,0.1850343956198231,0.5934297346623614,0.0068791239646216005,0.0048434648322336,0.002035659132388,0.0310964481257895,0.0078618559595675,0.023234592166222,0.0011231222799380999,0.0008423417099536,0.0002807805699845,0.022743226168749,0.0105292713744208,0.0122139547943282,0.0346764003930927,0.0263231784360522,0.0083532219570405,0.0021058542748840997,0.0011231222799382,0.0009827319949459,0.0023164397023725,0.0017548785624034,0.0005615611399691,0.0145303944967007,0.0017548785624034,0.0127755159342973,0.0181103467640038,0.0172680050540502,0.0008423417099536,0.0029481959848378,0.0029481959848378,0.0,0.0551733820019654,0.0320089849782395,0.0231643970237259,0.0189526884739575,0.0083532219570405,0.010599466516917,0.0012635125649303998,0.0004211708549768,0.0008423417099536,0.0031587814123262,0.001544293134915,0.0016144882774112,0.0042819036922644,0.0031587814123262,0.0011231222799382,0.0039309279797837,0.0035799522673031,0.0003509757124806,0.0023866348448687,0.0009125368524498,0.0014740979924189,0.0044222939772567,0.0032289765548224,0.0011933174224343,0.0063175628246525,0.0018250737048996,0.0044924891197529,0.0064579531096448,0.0016144882774112,0.0048434648322336,4277
2019-06-01,2019,6,9643,2152,7491,70,48,22,353,34,319,7,3,4,264,101,163,414,342,72,30,17,13,29,17,12,389,42,347,104,99,5,10,10,0,686,326,360,171,77,94,17,5,12,35,12,23,38,26,12,74,60,14,39,2,37,27,21,6,132,26,106,121,27,94,0.7757219853591826,0.1731155981015203,0.6026063872576622,0.005631083581369,0.0038613144557959,0.0017697691255731,0.0283967500603329,0.0027350977395221,0.0256616523208108,0.0005631083581368,0.0002413321534872,0.0003217762046496,0.0212372295068778,0.008124849167404,0.0131123803394738,0.0333038371812403,0.0275118654975464,0.0057919716836939,0.0024133215348724002,0.001367548869761,0.0010457726651114,0.0023328774837099,0.001367548869761,0.0009653286139489,0.0312927359021799,0.0033786501488214,0.0279140857533585,0.0083661813208912,0.0079639610650792,0.000402220255812,0.0008044405116241,0.0008044405116241,0.0,0.0551846190974176,0.0262247606789477,0.0289598584184699,0.013755932748773101,0.006194191939506,0.0075617408092671,0.0013675488697609,0.000402220255812,0.0009653286139489,0.0028155417906844,0.0009653286139489,0.0018502131767355,0.0030568739441717,0.0020915453302228,0.0009653286139489,0.0059528597860187,0.0048266430697449,0.0011262167162738,0.0031373179953342,0.0001608881023248,0.0029764298930094,0.0021719893813851,0.0016893250744107,0.0004826643069744,0.0106186147534389,0.0020915453302228,0.0085270694232161,0.0097337301906523,0.0021719893813852,0.0075617408092671,3267
2019-07-01,2019,7,12129,2911,9218,83,43,40,502,94,408,19,18,1,350,154,196,577,465,112,37,13,24,68,48,20,357,36,321,169,163,6,19,19,0,977,537,440,487,280,207,23,6,17,39,13,26,70,50,20,95,85,10,38,1,37,64,41,23,106,18,88,152,33,119,0.7594865372573576,0.1822792736380714,0.5772072636192862,0.0051972448340638,0.0026925485284909,0.0025046963055729,0.0314339386349404,0.0058860363180964,0.025547902316844,0.0011897307451471239,0.0011271133375078,6.261740763932373e-05,0.021916092673763203,0.0096430807764558,0.0122730118973074,0.036130244207889704,0.0291170945522855,0.0070131496556042,0.0023168440826549,0.0008140262993112,0.0015028177833437,0.0042579837194739,0.0030056355666875,0.0012523481527864,0.0223544145272385,0.0022542266750156,0.0201001878522229,0.0105823418910456,0.0102066374452097,0.0003757044458359,0.0011897307451471,0.0011897307451471,0.0,0.06117720726361921,0.0336255479023168,0.0275516593613024,0.0304946775203506,0.0175328741390106,0.01296180338134,0.0014402003757044,0.0003757044458359,0.0010644959298685,0.0024420788979336,0.0008140262993112,0.0016280525986224,0.0043832185347525,0.0031308703819661,0.0012523481527864,0.0059486537257357,0.0053224796493425,0.0006261740763932,0.002379461490294224,6.261740763932373e-05,0.0023168440826549,0.0040075140889166,0.0025673137132122,0.0014402003757044,0.0066374452097682,0.0011271133375078,0.0055103318722604,0.0095178459611771,0.0020663744520976,0.0074514715090795,4725
2019-08-01,2019,8,11028,2484,8544,79,52,27,370,60,310,47,37,10,359,165,194,415,330,85,32,15,17,54,35,19,407,65,342,114,109,5,21,21,0,846,473,373,254,94,160,10,1,9,34,10,24,79,66,13,74,64,10,30,1,29,66,51,15,117,11,106,153,39,114,0.7725935266918873,0.1740226986128625,0.5985708280790248,0.0055345383214235,0.0036429872495446,0.0018915510718789,0.0259212554294521,0.0042034468263976,0.0217178086030545,0.0032927000140113996,0.0025921255429452,0.0007005744710662,0.0251506235112792,0.0115594787725935,0.0135911447386857,0.029073840549250298,0.023118957545187,0.0059548830040633,0.002241838307412,0.0010508617065994,0.0011909766008126,0.0037831021437578,0.0024520106487319,0.0013310914950259,0.0285133809723972,0.0045537340619307,0.0239596469104665,0.0079865489701554,0.0076362617346223,0.0003502872355331,0.0014712063892391,0.0014712063892391,0.0,0.0592686002522067,0.0331371724814347,0.026131427770772,0.0177945915650832,0.0065854000280229,0.0112091915370603,0.0007005744710662274,7.005744710662743e-05,0.0006305170239596,0.0023819532016252,0.0007005744710662,0.001681378730559,0.0055345383214235,0.0046237915090374,0.0009107468123861,0.0051842510858903,0.0044836766148241,0.0007005744710662,0.0021017234131987276,7.005744710662743e-05,0.0020316659660921,0.0046237915090373,0.0035729298024379,0.0010508617065994,0.0081967213114754,0.0007706319181729,0.0074260893933025,0.0107187894073139,0.0027322404371584,0.0079865489701555,3936
2019-09-01,2019,9,10102,2305,7797,55,37,18,348,75,273,23,12,11,384,183,201,383,313,70,18,10,8,30,27,3,521,152,369,126,122,4,12,12,0,738,448,290,267,100,167,37,9,28,39,20,19,76,46,30,38,34,4,71,17,54,53,38,15,128,33,95,102,33,69,0.7602347983142685,0.1734647802528597,0.5867700180614088,0.004139072847682,0.0027844671884406,0.0013546056592414,0.026189042745334,0.0056441902468392,0.0205448524984948,0.0017308850090306,0.0009030704394942,0.0008278145695364,0.0288982540638168,0.0137718242022877,0.0151264298615291,0.028822998193859,0.0235550872968091,0.0052679108970499,0.0013546056592413,0.0007525586995785,0.0006020469596628,0.0022576760987355997,0.0020319084888621,0.0002257676098735,0.0392083082480433,0.0114388922335942,0.0277694160144491,0.0094822396146899,0.0091812161348585,0.0003010234798314,0.0009030704394942,0.0009030704394942,0.0,0.0555388320288982,0.0337146297411198,0.0218242022877784,0.0200933172787476,0.0075255869957856,0.012567730282962,0.0027844671884406,0.0006773028296207,0.0021071643588199,0.0029349789283563002,0.0015051173991571,0.0014298615291992,0.005719446116797099,0.0034617700180614,0.0022576760987357,0.0028597230583985,0.0025586995785671,0.0003010234798314,0.0053431667670077,0.0012793497892835,0.0040638169777242,0.0039885611077663,0.0028597230583985,0.0011288380493678,0.0096327513546055,0.0024834437086092,0.0071493076459963,0.0076760987357013,0.0024834437086092,0.0051926550270921,3803
2019-10-01,2019,10,7615,2179,5436,53,35,18,468,97,371,50,26,24,376,153,223,441,352,89,35,16,19,47,33,14,325,99,226,242,240,2,37,37,0,830,453,377,456,151,305,6,0,6,30,15,15,105,69,36,43,32,11,22,3,19,42,28,14,82,9,73,103,30,73,0.6840025150453605,0.1957244228869127,0.4882780921584478,0.004760621575496201,0.0031438067007994,0.0016168148746968,0.042037186742117996,0.0087128357136441,0.0333243510284739,0.0044911524297134,0.002335399263451,0.0021557531662624,0.0337734662714452,0.0137429264349232,0.020030539836522,0.0396119644300726,0.0316177131051827,0.0079942513248899,0.0031438067007994,0.0014371687775083,0.0017066379232911,0.0042216832839305,0.0029641606036108,0.0012575226803197,0.0291924907931374,0.0088924818108326,0.0203000089823048,0.021737177759813098,0.0215575316626246,0.0001796460971885,0.0033234527979879,0.0033234527979879,0.0,0.0745531303332434,0.0406898410132039,0.0338632893200395,0.0409593101589867,0.0135632803377346,0.0273960298212521,0.0005389382915656,0.0,0.0005389382915656,0.002694691457828,0.001347345728914,0.001347345728914,0.0094314201023981,0.0061977903530045,0.0032336297493936,0.0038623910895535,0.0028743375550166,0.0009880535345369,0.0019761070690739,0.0002694691457828,0.0017066379232911,0.0037725680409592,0.0025150453606395,0.0012575226803197,0.00736548998473,0.0008084074373484,0.0065570825473816,0.0092517740052096,0.002694691457828,0.0065570825473816,3844
2019-11-01,2019,11,5573,2190,3383,30,17,13,228,56,172,15,13,2,321,173,148,401,341,60,48,37,11,24,17,7,224,52,172,423,407,16,79,79,0,778,483,295,301,127,174,9,7,2,14,6,8,41,34,7,122,114,8,33,4,29,40,31,9,42,11,31,65,36,29,0.6534943714821764,0.2568011257035647,0.3966932457786116,0.0035178236397748,0.0019934333958724,0.0015243902439024,0.0267354596622888,0.0065666041275797,0.0201688555347091,0.0017589118198873001,0.0015243902439024,0.0002345215759849,0.037640712945590904,0.0202861163227016,0.0173545966228893,0.0470215759849906,0.0399859287054409,0.0070356472795497,0.005628517823639699,0.0043386491557223,0.0012898686679174,0.0028142589118198003,0.0019934333958724,0.0008208255159474,0.0262664165103188,0.0060975609756097,0.0201688555347091,0.0496013133208254,0.0477251407129455,0.0018761726078799,0.0092636022514071,0.0092636022514071,0.0,0.0912288930581613,0.0566369606003752,0.0345919324577861,0.035295497185741,0.0148921200750469,0.0204033771106941,0.0010553470919323,0.0008208255159474,0.0002345215759849,0.0016416510318948,0.0007035647279549,0.0009380863039399,0.0048076923076922,0.0039868667917448,0.0008208255159474,0.0143058161350843,0.0133677298311444,0.0009380863039399,0.0038696060037521998,0.0004690431519699,0.0034005628517823,0.0046904315196997,0.0036350844277673,0.0010553470919324,0.0049249530956847,0.0012898686679174,0.0036350844277673,0.0076219512195120995,0.0042213883677298,0.0034005628517823,3998
2019-12-01,2019,12,5216,1960,3256,58,37,21,178,29,149,12,10,2,268,127,141,273,212,61,23,10,13,31,19,12,480,170,310,182,177,5,39,38,1,599,336,263,270,122,148,8,0,8,30,14,16,60,47,13,68,65,3,25,4,21,43,38,5,38,8,30,79,35,44,0.6691468890314305,0.2514432328415651,0.4177036561898653,0.0074406670942911,0.004746632456703,0.0026940346375881,0.0228351507376523,0.0037203335471456,0.0191148171905067,0.0015394483643359999,0.0012828736369467,0.0002565747273893,0.0343810134701731,0.0162924951892238,0.0180885182809493,0.0350224502886465,0.0271969211032713,0.0078255291853752,0.0029506093649773997,0.0012828736369467,0.0016677357280307,0.0039769082745348995,0.0024374599101988,0.0015394483643361,0.061577934573444404,0.0218088518280949,0.0397690827453495,0.0233483001924309,0.0227068633739576,0.0006414368184733,0.0050032071840922,0.0048749198203976,0.0001282873636946,0.0768441308531109,0.0431045542014111,0.0337395766516998,0.0346375881975624,0.0156510583707504,0.018986529826812,0.0010262989095574,0.0,0.0010262989095574,0.0038486209108402,0.0017960230917254,0.0020525978191148,0.0076972418216804004,0.0060295060936497,0.0016677357280307,0.0087235407312379,0.0083386786401539,0.000384862091084,0.0032071840923668,0.0005131494547787,0.0026940346375881,0.0055163566388709,0.0048749198203976,0.0006414368184733,0.0048749198203976,0.0010262989095574,0.0038486209108402,0.0101347017318793,0.0044900577293136,0.0056446440025657,3324
2020-01-01,2020,1,5578,1682,3896,42,22,20,212,39,173,8,6,2,260,111,149,445,366,79,32,18,14,46,35,11,486,28,458,301,297,4,42,42,0,826,538,288,207,81,126,44,10,34,33,12,21,37,31,6,99,82,17,31,9,22,44,36,8,29,8,21,51,23,28,0.6536974100550802,0.1971170748857377,0.4565803351693425,0.0049220672682525005,0.0025782257119418,0.0023438415563107,0.0248447204968943,0.004570491034806,0.0202742294620883,0.0009375366225241999,0.0007031524668932,0.000234384155631,0.030469940232040298,0.0130083206375249,0.0174616195945154,0.0521504746279151,0.0428923004804875,0.0092581741474276,0.0037501464900972,0.0021094574006797,0.0016406890894175,0.0053908355795147,0.0041017227235438,0.0012891128559709,0.0569553498183522,0.0032813781788351,0.0536739716395171,0.035274815422477304,0.0348060471112152,0.0004687683112621,0.0049220672682526,0.0049220672682526,0.0,0.0968006562756357,0.0630493378647603,0.0337513184108754,0.0242587601078166,0.0094925583030587,0.0147662018047579,0.0051564514238835995,0.0011719207781553,0.0039845306457283,0.0038673385679127,0.0014063049337864,0.0024610336341263,0.0043361068791749,0.0036329544122817,0.0007031524668932,0.0116020157037383,0.0096097503808742,0.0019922653228641,0.0036329544122816002,0.0010547287003398,0.0025782257119418,0.0051564514238837,0.0042189148013594,0.0009375366225243,0.0033985702566506,0.0009375366225243,0.0024610336341263,0.0059767959685925,0.0026954177897574,0.0032813781788351,3223
2020-02-01,2020,2,5028,1937,3091,76,35,41,140,25,115,21,13,8,431,242,189,391,346,45,78,55,23,23,21,2,568,43,525,217,214,3,20,20,0,624,395,229,173,58,115,44,8,36,17,12,5,29,20,9,121,115,6,14,1,13,39,29,10,39,6,33,59,18,41,0.633967973773799,0.2442314966586811,0.3897364771151179,0.0095826503593493,0.0044130626654898,0.0051695876938595,0.017652250661959298,0.003152187618207,0.0145000630437523,0.0026478375992938,0.0016391375614676,0.0010087000378262,0.0543437145378892,0.0305131761442441,0.0238305383936451,0.0493002143487579,0.0436262766359853,0.0056739377127726,0.0098348253688058,0.0069348127600554,0.0029000126087504,0.0029000126087504003,0.0026478375992939,0.0002521750094565,0.0716177026856638,0.0054217627033161,0.0661959399823477,0.027360988526036998,0.0269827260118522,0.0003782625141848,0.0025217500945656,0.0025217500945656,0.0,0.0786786029504475,0.0498045643676711,0.0288740385827764,0.0218131383179926,0.0073130752742403,0.0145000630437523,0.0055478502080443,0.0010087000378262,0.0045391501702181,0.0021434875803807,0.0015130500567393,0.0006304375236414,0.0036565376371201,0.0025217500945656,0.0011347875425545,0.015256588072121898,0.0145000630437523,0.0007565250283696,0.0017652250661958,0.0001260875047282,0.0016391375614676,0.0049174126844029,0.0036565376371201,0.0012608750472828,0.0049174126844028,0.0007565250283696,0.0041608876560332,0.0074391627789685,0.002269575085109,0.0051695876938595,3411
2020-03-01,2020,3,7694,2677,5017,73,47,26,282,47,235,19,10,9,488,211,277,302,246,56,67,60,7,16,13,3,1022,77,945,144,143,1,60,59,1,493,288,205,273,87,186,261,51,210,130,72,58,40,27,13,142,134,8,27,3,24,43,23,20,36,2,34,44,19,25,0.6712030009596092,0.2335339788885981,0.4376690220710111,0.006368315449707699,0.0041001483032365,0.0022681671464712,0.024600889819419,0.0041001483032365,0.0205007415161825,0.0016575067608828,0.000872371979412,0.0007851347814708,0.0425717525953065,0.0184070487655936,0.0241647038297129,0.026345633778243,0.0214603506935357,0.0048852830847073,0.005844892262060501,0.0052342318764721,0.0006106603855884,0.0013957951670592,0.0011340835732356,0.0002617115938236,0.0891564162959085,0.0067172642414725,0.082439152054436,0.012562156503533102,0.0124749193055919,8.723719794120213e-05,0.005234231876472102,0.0051469946785309,8.723719794120213e-05,0.0430079385850126,0.0251243130070662,0.0178836255779464,0.023815755037948,0.0075896362208845,0.0162261188170635,0.0227689086626537,0.0044490970950013,0.0183198115676524,0.0113408357323562,0.0062810782517665,0.0050597574805897,0.0034894879176479996,0.0023554043444124,0.0011340835732356,0.0123876821076506,0.011689784524121,0.0006978975835296,0.0023554043444124003,0.0002617115938236,0.0020936927505888,0.0037511995114715996,0.0020064555526476,0.001744743958824,0.0031405391258832,0.0001744743958824,0.0029660647300008,0.0038384367094128,0.0016575067608828,0.00218092994853,4136
2020-04-01,2020,4,7239,1422,5817,90,41,49,367,56,311,19,9,10,351,90,261,121,79,42,22,11,11,19,12,7,877,37,840,35,34,1,18,18,0,448,191,257,239,55,184,180,20,160,77,34,43,11,8,3,53,48,5,25,1,24,32,19,13,24,0,24,51,15,36,0.7095667516173298,0.1393844344246226,0.5701823171927073,0.008821799647128,0.0040188198392472,0.0048029798078808,0.035973338561066395,0.0054891197804352,0.0304842187806312,0.0018623799255048,0.0008821799647128,0.000980199960792,0.0344050186237992,0.008821799647128,0.0255832189766712,0.011860419525583199,0.0077435796902568,0.0041168398353264,0.0021564399137424,0.0010782199568712,0.0010782199568712,0.0018623799255048,0.0011762399529504,0.0006861399725544,0.0859635365614585,0.0036267398549304,0.0823367967065281,0.003430699862772,0.0033326798666928,9.801999607920016e-05,0.0017643599294256,0.0017643599294256,0.0,0.0439129582434816,0.0187218192511272,0.0251911389923544,0.0234267790629288,0.005391099784356,0.0180356792785728,0.017643599294255997,0.001960399921584,0.015683199372672,0.0075475396980984,0.0033326798666928,0.0042148598314056,0.0010782199568712,0.0007841599686336,0.0002940599882376,0.005195059792197599,0.0047049598118016,0.000490099980396,0.00245049990198,9.801999607920016e-05,0.0023524799059008,0.0031366398745344,0.0018623799255048,0.0012742599490296,0.0023524799059008,0.0,0.0023524799059008,0.0049990198000392,0.001470299941188,0.0035287198588512,2131
2020-05-01,2020,5,5916,1751,4165,52,27,25,296,46,250,43,32,11,232,112,120,202,172,30,56,46,10,13,9,4,680,46,634,134,132,2,28,28,0,450,234,216,302,92,210,126,23,103,84,31,53,12,8,4,120,115,5,54,9,45,44,24,20,17,1,16,31,6,25,0.6761915647502571,0.2001371585324037,0.4760544062178534,0.0059435364041604,0.0030860669790833,0.0028574694250771,0.0338324379929134,0.0052577437421419,0.0285746942507715,0.0049148474111326,0.0036575608640987,0.0012572865470339,0.0265173162647159,0.0128014630243456,0.0137158532403703,0.0230883529546233,0.0196593896445308,0.0034289633100925,0.0064007315121727,0.0052577437421419,0.0011429877700308,0.00148588410104,0.0010286889930277,0.0004571951080123,0.0777231683620984,0.0052577437421419,0.0724654246199565,0.0153160361184134,0.0150874385644073,0.0002285975540061,0.0032003657560864,0.0032003657560864,0.0,0.0514344496513886,0.0267459138187221,0.0246885358326665,0.0345182306549319,0.0105154874842839,0.024002743170648,0.0144016459023887,0.0026288718710709,0.0117727740313178,0.0096010972682591,0.0035432620870956,0.0060578351811635,0.0013715853240369,0.0009143902160246,0.0004571951080123,0.013715853240370201,0.0131443593553548,0.0005714938850154,0.0061721339581665,0.0010286889930277,0.0051434449651388,0.0050291461881357,0.002743170648074,0.0022859755400617,0.0019430792090523001,0.000114298777003,0.0018287804320493,0.0035432620870956,0.0006857926620185,0.0028574694250771,2823
2020-06-01,2020,6,5692,1799,3893,47,34,13,385,87,298,28,19,9,307,135,172,400,318,82,54,39,15,16,12,4,518,68,450,278,271,7,24,22,2,656,392,264,306,79,227,56,15,41,38,16,22,33,27,6,106,97,9,40,3,37,47,35,12,34,3,31,34,17,17,0.647333105879677,0.204594563857614,0.442738542022063,0.0053451609234618,0.0038667121573979,0.0014784487660639,0.0437848288411235,0.0098942340498123,0.0338905947913112,0.0031843511884451997,0.0021608097350164,0.0010235414534288,0.034914136244740004,0.0153531218014329,0.0195610144433071,0.045490731263505,0.0361651313544865,0.0093255999090185,0.0061412487205731005,0.0044353462981917,0.0017059024223814,0.0018196292505401,0.0013647219379051,0.000454907312635,0.058910496986239,0.0077334243147958,0.0511770726714432,0.0316160582281359,0.0308199704310246,0.0007960877971113,0.0027294438758102,0.0025019902194927,0.0002274536563175,0.07460479927214819,0.0445809166382349,0.0300238826339133,0.0348004094165813,0.0089844194245422,0.0258159899920391,0.0063687023768906,0.0017059024223814,0.0046627999545092,0.0043216194700329,0.0018196292505402,0.0025019902194927,0.003752985329239,0.0030706243602865,0.0006823609689525,0.0120550437848287,0.0110315023313999,0.0010235414534288,0.0045490731263504,0.0003411804844762,0.0042078926418742,0.0053451609234617,0.0039804389855566,0.0013647219379051,0.0038667121573978,0.0003411804844762,0.0035255316729216,0.0038667121573978,0.0019333560786989,0.0019333560786989,3244
2020-07-01,2020,7,6705,2118,4587,72,49,23,387,87,300,51,42,9,393,169,224,529,446,83,59,43,16,49,38,11,532,65,467,326,321,5,44,43,1,1032,643,389,311,130,181,56,13,43,47,18,29,28,22,6,124,117,7,38,6,32,39,28,11,32,5,27,65,19,46,0.6391801715919924,0.201906577693041,0.4372735938989514,0.0068636796949475,0.0046711153479504,0.0021925643469971,0.0368922783603431,0.0082936129647283,0.0285986653956148,0.0048617731172544,0.004003813155386,0.0008579599618684,0.0374642516682554,0.0161105815061963,0.0213536701620591,0.050428979980934194,0.0425166825548141,0.0079122974261201,0.0056244041944708,0.0040991420400381,0.0015252621544327,0.0046711153479503005,0.0036224976167778,0.0010486177311725,0.0507149666348903,0.0061963775023832,0.0445185891325071,0.0310772163965681,0.0306005719733079,0.0004766444232602,0.00419447092469015,0.0040991420400381,9.532888465204957e-05,0.098379408960915,0.0612964728312678,0.0370829361296472,0.0296472831267873,0.0123927550047664,0.0172545281220209,0.0053384175405147,0.0012392755004766,0.0040991420400381,0.0044804575786462,0.0017159199237368,0.0027645376549094,0.0026692087702572,0.002097235462345,0.0005719733079122,0.0118207816968541,0.0111534795042898,0.0006673021925643,0.0036224976167777,0.0005719733079122,0.0030505243088655,0.0037178265014298,0.0026692087702573,0.0010486177311725,0.0030505243088655,0.0004766444232602,0.0025738798856053,0.0061963775023831,0.0018112488083889,0.0043851286939942,4060
2020-08-01,2020,8,6114,1907,4207,29,17,12,384,100,284,13,8,5,270,145,125,497,412,85,26,20,6,27,23,4,385,30,355,512,502,10,47,47,0,738,420,318,314,138,176,70,11,59,28,19,9,18,11,7,76,66,10,54,25,29,34,22,12,43,14,29,62,18,44,0.6518123667377398,0.2033049040511727,0.4485074626865671,0.0030916844349679,0.0018123667377398,0.0012793176972281,0.0409381663113005,0.0106609808102345,0.030277185501066,0.0013859275053303998,0.0008528784648187,0.0005330490405117,0.0287846481876331,0.01545842217484,0.0133262260127931,0.052985074626865594,0.0439232409381663,0.0090618336886993,0.0027718550106609003,0.0021321961620469,0.000639658848614,0.0028784648187632,0.0024520255863539,0.0004264392324093,0.041044776119402895,0.0031982942430703,0.0378464818763326,0.054584221748400795,0.0535181236673774,0.0010660980810234,0.0050106609808102,0.0050106609808102,0.0,0.0786780383795308,0.044776119402985,0.0339019189765458,0.0334754797441363,0.0147121535181236,0.0187633262260127,0.007462686567163999,0.0011727078891257,0.0062899786780383,0.0029850746268655997,0.0020255863539445,0.0009594882729211,0.0019189765458421,0.0011727078891257,0.0007462686567164,0.0081023454157781,0.0070362473347547,0.0010660980810234,0.0057569296375266,0.0026652452025586,0.003091684434968,0.0036247334754796,0.0023454157782515,0.0012793176972281,0.0045842217484008,0.0014925373134328,0.003091684434968,0.0066098081023453,0.0019189765458422,0.0046908315565031,3649
2020-09-01,2020,9,7767,2384,5383,50,36,14,373,60,313,18,13,5,370,195,175,438,346,92,64,49,15,32,20,12,660,72,588,837,808,29,60,59,1,764,396,368,193,64,129,99,28,71,48,22,26,19,15,4,71,63,8,22,0,22,37,26,11,50,9,41,68,16,52,0.6617534293260628,0.2031183436994121,0.4586350856266508,0.0042600323762459,0.0030672233108971,0.0011928090653488,0.0317798415267955,0.0051120388514952,0.0266678026753003,0.0015336116554485,0.0011076084178239,0.0004260032376246,0.0315242395842208,0.0166141262673596,0.0149101133168612,0.0373178836159154,0.0294794240436227,0.0078384595722927,0.0054528414415949,0.0041748317287211,0.0012780097128738,0.0027264207207974003,0.0017040129504984,0.001022407770299,0.0562324273664479,0.0061344466217943,0.0500979807446536,0.071312941978359,0.0688421232001363,0.0024708187782227,0.005112038851495222,0.0050268382039703,8.520064752492119e-05,0.0650932947090396,0.0337394564198687,0.0313538382891709,0.0164437249723097,0.0054528414415949,0.0109908835307148,0.008434864104967101,0.0023856181306977,0.0060492459742694,0.0040896310811961,0.0018744142455482,0.0022152168356479,0.0016188123029734001,0.0012780097128738,0.0003408025900996,0.0060492459742693,0.00536764079407,0.0006816051801993,0.0018744142455482,0.0,0.0018744142455482,0.0031524239584220003,0.0022152168356479,0.0009372071227741,0.0042600323762459,0.0007668058277242,0.0034932265485217,0.0057936440316946,0.0013632103603987,0.0044304336712959,4451
2020-10-01,2020,10,8420,2279,6141,52,32,20,492,81,411,20,15,5,380,270,110,364,274,90,49,36,13,35,28,7,1114,120,994,174,171,3,83,82,1,848,466,382,213,89,124,264,96,168,97,52,45,33,25,8,55,48,7,59,11,48,33,24,9,67,11,56,62,12,50,0.6676181414525848,0.1807009197589597,0.4869172216936251,0.0041230574056453,0.0025372660957817,0.0015857913098636,0.039010466222645,0.0064224548049476,0.0325880114176974,0.0015857913098636,0.0011893434823977,0.0003964478274659,0.030130034887408702,0.0214081826831588,0.0087218522042499,0.0288614018395178,0.0217253409451316,0.0071360608943862,0.0038851887091658002,0.0028544243577545,0.0010307643514113,0.0027751347922612,0.002220107833809,0.0005550269584522,0.0883285759594037,0.0095147478591817,0.078813828100222,0.0137963843958134,0.0135585156993339,0.0002378686964795,0.0065810339359339805,0.0065017443704408,7.92895654931811e-05,0.0672375515382174,0.0369489375198223,0.0302886140183951,0.0168886774500475,0.0070567713288931,0.0098319061211544,0.0209324452901997,0.0076117982873453,0.0133206470028544,0.0076910878528385004,0.0041230574056454,0.0035680304471931,0.0026165556612749,0.0019822391373295,0.0006343165239454,0.0043609261021248,0.0038058991436726,0.0005550269584522,0.0046780843640975,0.0008721852204249,0.0038058991436726,0.0026165556612749,0.0019029495718363,0.0007136060894386,0.0053124008880429995,0.0008721852204249,0.0044402156676181,0.0049159530605771,0.0009514747859181,0.003964478274659,3988
2020-11-01,2020,11,8911,2027,6884,55,29,26,469,67,402,18,12,6,377,145,232,247,138,109,25,15,10,36,28,8,868,106,762,202,196,6,58,57,1,495,209,286,470,185,285,120,34,86,63,42,21,32,22,10,43,34,9,40,3,37,33,23,10,91,32,59,90,27,63,0.7105493979746431,0.1616298540786221,0.548919543896021,0.0043856151822023,0.0023124152778885,0.0020731999043138,0.0373973367355074,0.005342476676501,0.0320548600590064,0.001435292241448,0.0009568614942987,0.0004784307471493,0.0300613986125508,0.0115620763894426,0.0184993222231082,0.019695399090981502,0.011003907184435,0.0086914919065465,0.0019934614464555,0.0011960768678733,0.0007973845785822,0.0028705844828961,0.0022326768200303,0.0006379076628658,0.0692129814209392,0.0084522765329718,0.0607607048879674,0.0161071684873614,0.0156287377402121,0.0004784307471493,0.004624830555777025,0.0045450920979188,7.973845785822502e-05,0.0394705366398213,0.016665337692369,0.0228051989474523,0.0374770751933657,0.0147516147037716,0.0227254604895941,0.0095686149429869,0.0027111075671796,0.0068575073758073,0.0050235228450681004,0.0033490152300454,0.0016745076150227,0.0025516306514631,0.0017542460728809,0.0007973845785822,0.0034287536879036,0.0027111075671796,0.000717646120724,0.0031895383143289,0.0002392153735746,0.0029503229407543,0.0026313691093213,0.0018339845307391,0.0007973845785822,0.0072561996650984,0.0025516306514632,0.0047045690136352,0.0071764612072400995,0.002152938362172,0.0050235228450681,3320
2020-12-01,2020,12,8533,1914,6619,70,38,32,403,57,346,14,5,9,447,251,196,381,269,112,43,25,18,29,21,8,782,93,689,181,173,8,44,41,3,670,293,377,317,105,212,77,21,56,29,12,17,27,17,10,73,63,10,47,2,45,37,17,20,58,13,45,74,22,52,0.7082503320053121,0.1588645418326693,0.5493857901726428,0.0058100929614873,0.0031540504648074,0.0026560424966799,0.033449535192563,0.0047310756972111,0.0287184594953519,0.0011620185922974,0.0004150066401062,0.0007470119521912,0.037101593625497906,0.0208333333333333,0.0162682602921646,0.0316235059760956,0.0223273572377158,0.0092961487383798,0.0035690571049136,0.0020750332005312,0.0014940239043824,0.0024070385126161,0.0017430278884462,0.0006640106241699,0.0649070385126161,0.007719123505976,0.0571879150066401,0.0150232403718458,0.0143592297476759,0.0006640106241699,0.0036520584329348,0.0034030544488711,0.0002490039840637,0.055610889774236304,0.0243193891102257,0.0312915006640106,0.026311420982735603,0.008715139442231,0.0175962815405046,0.0063911022576361,0.0017430278884462,0.0046480743691899,0.0024070385126161,0.0009960159362549,0.0014110225763612,0.0022410358565736,0.0014110225763612,0.0008300132802124,0.006059096945551,0.0052290836653386,0.0008300132802124,0.0039010624169985,0.0001660026560424,0.0037350597609561,0.0030710491367861,0.0014110225763612,0.0016600265604249,0.0048140770252323,0.0010790172642762,0.0037350597609561,0.006142098273572301,0.0018260292164674,0.0043160690571049,3246
2021-01-01,2021,1,9212,2025,7187,66,33,33,395,58,337,21,13,8,340,151,189,273,188,85,51,37,14,15,9,6,1323,282,1041,182,179,3,37,37,0,686,326,360,224,94,130,213,90,123,74,45,29,32,21,11,87,66,21,40,3,37,33,22,11,51,12,39,75,25,50,0.6965068803871162,0.1531075154997731,0.5433993648873431,0.004990170875548,0.002495085437774,0.002495085437774,0.029865416603659403,0.004385301678512,0.0254801149251474,0.0015877816422198,0.0009829124451837,0.0006048691970361,0.0257069408740359,0.0114169060940571,0.0142900347799788,0.020641161348858197,0.0142144261303493,0.0064267352185089,0.0038560411311053,0.0027975200362921,0.0010585210948132,0.0011341297444427,0.0006804778466656,0.0004536518977771,0.1000302434598517,0.0213216391955239,0.0787086042643278,0.0137607742325721,0.0135339482836836,0.0002268259488885,0.0027975200362921,0.0027975200362921,0.0,0.05186753364584901,0.0246484197792227,0.0272191138666263,0.0169363375170118,0.0071072130651746,0.0098291244518372,0.0161046423710871,0.0068047784666565,0.0092998639044306,0.0055950400725842,0.0034023892333282,0.002192650839256,0.0024194767881444,0.0015877816422198,0.0008316951459246,0.0065779525177678995,0.0049901708755481,0.0015877816422198,0.0030243459851805998,0.0002268259488885,0.0027975200362921,0.0024950854377738998,0.0016633902918493,0.0008316951459246,0.0038560411311053,0.0009073037955542,0.0029487373355511,0.0056706487222137,0.0018902162407379,0.0037804324814758,3584
2021-02-01,2021,2,7740,1337,6403,62,40,22,384,75,309,31,20,11,242,77,165,354,275,79,75,49,26,44,28,16,712,62,650,64,60,4,12,12,0,732,399,333,223,74,149,69,14,55,51,12,39,18,12,6,49,38,11,43,5,38,29,18,11,49,8,41,70,14,56,0.7204691426975706,0.1244531322721772,0.5960160104253933,0.005771199851065801,0.0037233547426231,0.0020478451084427,0.0357442055291817,0.0069812901424183,0.0287629153867634,0.0028855999255327997,0.0018616773713115,0.0010239225542213,0.0225262961928697,0.0071674578795494,0.0153588383133203,0.0329516894722144,0.0255980638555338,0.0073536256166806,0.0069812901424183005,0.0045611095597133,0.002420180582705,0.0040956902168853004,0.0026063483198361,0.0014893418970492,0.0662757144186912,0.0057711998510658,0.0605045145676254,0.0059573675881969,0.0055850321139346,0.0003723354742623,0.0011170064227869,0.0011170064227869,0.0,0.0681373917900027,0.0371404635576654,0.0309969282323373,0.0207577026901237,0.0068882062738527,0.013869496416271,0.0064227869310247,0.001303174159918,0.0051196127711067,0.0047472772968444,0.0011170064227869,0.0036302708740575,0.0016755096341802998,0.0011170064227869,0.0005585032113934,0.0045611095597132,0.0035371870054919,0.0010239225542213,0.0040026063483197,0.0004654193428278,0.0035371870054919,0.0026994321884015997,0.0016755096341803,0.0010239225542213,0.0045611095597132,0.0007446709485246,0.0038164386111886,0.006515870799590299,0.001303174159918,0.0052126966396723,2393
2021-03-01,2021,3,8971,2259,6712,76,48,28,415,80,335,23,17,6,459,249,210,434,313,121,61,32,29,49,41,8,621,44,577,227,221,6,78,78,0,737,389,348,318,155,163,51,14,37,53,27,26,39,36,3,91,82,9,50,4,46,33,23,10,54,13,41,71,28,43,0.713740154347999,0.1797279019810645,0.5340122523669345,0.0060466226430104,0.0038189195640066,0.0022277030790038,0.0330177420638077,0.0063648659400111,0.0266528761237966,0.0018298989577530999,0.0013525340122523,0.0004773649455008,0.036518418330813804,0.0198106452382846,0.0167077730925292,0.0345293977245603,0.0249025379902935,0.0096268597342668,0.0048532102792583996,0.0025459463760044,0.002307263903254,0.0038984803882568,0.0032619937942557,0.0006364865940011,0.049407271859336396,0.0035006762670061,0.0459065955923303,0.0180603071047815,0.0175829421592807,0.0004773649455008,0.0062057442915108,0.0062057442915108,0.0,0.0586363274723525,0.0309491606333041,0.0276871668390484,0.0253003421115441,0.0123319277587715,0.0129684143527726,0.004057602036757001,0.0011138515395019,0.0029437504972551,0.0042167236852573,0.0021481422547537,0.0020685814305036,0.0031028721457554,0.002864189673005,0.0002386824727504,0.007240035006762601,0.0065239875885114,0.0007160474182512,0.0039780412125069,0.0003182432970005,0.0036597979155064,0.0026255072002545,0.0018298989577532,0.0007956082425013,0.0042962845095075005,0.0010342907152518,0.0032619937942557,0.0056488185217597,0.0022277030790038,0.0034211154427559,3898
2021-04-01,2021,4,8249,1773,6476,56,35,21,458,76,382,21,15,6,346,167,179,347,240,107,42,26,16,47,28,19,625,34,591,192,189,3,31,31,0,745,358,387,209,77,132,97,15,82,72,27,45,34,24,10,56,51,5,76,1,75,38,16,22,60,18,42,90,20,70,0.710753058762709,0.1527658107875237,0.5579872479751853,0.0048250904704462,0.0030156815440289,0.0018094089264173,0.0394623470618644,0.0065483370670342,0.0329140099948302,0.0018094089264171999,0.0012924349474409,0.0005169739789763,0.0298121661209718,0.0143891090815095,0.0154230570394623,0.029898328450801197,0.0206789591590556,0.0092193692917456,0.0036188178528346,0.0022402205755643,0.0013785972772703,0.0040496295019816,0.0024125452352231,0.0016370842667585,0.053851456143374,0.0029295192141995,0.0509219369291745,0.016543167327244403,0.0162846803377563,0.0002584869894881,0.0026710322247113,0.0026710322247113,0.0,0.0641909357229018,0.0308461140789246,0.0333448216439772,0.0180079269343442,0.0066344993968636,0.0113734275374806,0.0083577459934515,0.0012924349474409,0.0070653110460106,0.0062036877477166,0.0023263829053937,0.0038773048423229,0.0029295192141994,0.0020678959159055,0.0008616232982939,0.0048250904704462,0.0043942788212993,0.0004308116491469,0.006548337067034199,8.616232982939858e-05,0.0064621747372048,0.003274168533517,0.0013785972772703,0.0018955712562467,0.0051697397897638,0.0015509219369291,0.0036188178528347,0.0077546096846458,0.0017232465965879,0.0060313630880579,3033
2021-05-01,2021,5,8630,1616,7014,67,31,36,368,71,297,24,17,7,261,111,150,331,244,87,54,28,26,30,24,6,1150,93,1057,108,106,2,33,32,1,735,359,376,206,75,131,272,51,221,109,45,64,44,33,11,61,46,15,58,5,53,42,25,17,67,23,44,112,46,66,0.689407253554881,0.129094104489535,0.5603131490653459,0.0053522926985141005,0.0024764339351334,0.0028758587633807,0.0293976673590029,0.0056718325611119,0.023725834797891,0.0019172391755870998,0.0013580444160409,0.0005591947595462,0.0208499760345102,0.0088672311870905,0.0119827448474197,0.026441923629972802,0.0194919316184694,0.0069499920115034,0.004313788145070999,0.002236779038185,0.002077009106886,0.0023965489694838,0.0019172391755871,0.0004793097938967,0.0918677104968844,0.0074293018054002,0.0844384086914842,0.0086275762901421,0.0084678063588432,0.0001597699312989,0.0026362038664322646,0.0025563189007828,7.988496564946476e-05,0.0587154497523565,0.0286787026681578,0.0300367470841987,0.0164563029237896,0.0059913724237098,0.0104649305000798,0.0217287106566544,0.0040741332481227,0.0176545774085317,0.0087074612557916,0.0035948234542259,0.0051126378015657,0.0035149384885764003,0.0026362038664323,0.0008787346221441,0.0048729829046172,0.0036747084198753,0.0011982744847419,0.0046333280076689,0.0003994248282473,0.0042339031794216,0.0033551685572774997,0.0019971241412366,0.0013580444160409,0.005352292698514,0.0018373542099376,0.0035149384885764,0.0089471161527399,0.0036747084198753,0.0052724077328646,2901
2021-06-01,2021,6,9575,1699,7876,95,45,50,426,73,353,14,2,12,384,151,233,204,125,79,28,10,18,21,15,6,847,45,802,79,75,4,42,42,0,611,271,340,198,57,141,170,28,142,54,27,27,25,14,11,38,32,6,53,6,47,18,13,5,34,7,27,68,16,52,0.7472879107156793,0.1325997034262077,0.6146882072894716,0.007414344806056201,0.0035120580660266,0.0039022867400296,0.0332474830250526,0.0056973386404433,0.0275501443846093,0.0010926402872082001,0.0001560914696011,0.0009365488176071,0.0299695621634277,0.0117849059548895,0.0181846562085382,0.0159213298993209,0.0097557168500741,0.0061656130492468,0.0021852805744165,0.0007804573480059,0.0014048232264106,0.0016389604308123,0.0011706860220088,0.0004682744088035,0.0661047373761023,0.0035120580660266,0.0625926793100757,0.006165613049246701,0.0058534301100444,0.0003121829392023,0.0032779208616249,0.0032779208616249,0.0,0.0476859439631623,0.0211503941309607,0.0265355498322016,0.015453055490517401,0.0044486068836338,0.0110044486068836,0.0132677749161008,0.0021852805744166,0.0110824943416842,0.004214469679232,0.002107234839616,0.002107234839616,0.0019511433700148,0.0010926402872083,0.0008585030828065,0.0029657379224224,0.0024974635136189,0.0004682744088035,0.0041364239444313,0.0004682744088035,0.0036681495356278,0.0014048232264106,0.0010145945524077,0.0003902286740029,0.0026535549832200998,0.0005463201436041,0.002107234839616,0.0053071099664402,0.0012487317568094,0.0040583782096308,2643
2021-07-01,2021,7,9800,1940,7860,108,58,50,392,62,330,11,7,4,308,115,193,290,229,61,38,26,12,28,17,11,903,54,849,99,93,6,48,46,2,659,328,331,270,115,155,103,31,72,73,29,44,134,77,57,60,52,8,50,7,43,40,23,17,65,6,59,74,16,58,0.7361778846153846,0.145733173076923,0.5904447115384616,0.0081129807692307,0.0043569711538461,0.0037560096153846,0.0294471153846153,0.0046574519230769,0.0247896634615384,0.0008263221153845001,0.0005258413461538,0.0003004807692307,0.0231370192307692,0.0086388221153846,0.0144981971153846,0.021784855769230702,0.0172025240384615,0.0045823317307692,0.0028545673076923,0.001953125,0.0009014423076923,0.0021033653846153,0.0012770432692307,0.0008263221153846,0.06783353365384599,0.0040564903846153,0.0637770432692307,0.0074368990384614,0.0069861778846153,0.0004507211538461,0.0036057692307691,0.0034555288461538,0.0001502403846153,0.0495042067307691,0.024639423076923,0.0248647836538461,0.0202824519230769,0.0086388221153846,0.0116436298076923,0.0077373798076922,0.0023287259615384,0.0054086538461538,0.005483774038461399,0.002178485576923,0.0033052884615384,0.0100661057692307,0.0057842548076923,0.0042818509615384,0.0045072115384615,0.00390625,0.0006009615384615,0.0037560096153845,0.0005258413461538,0.0032301682692307,0.0030048076923076,0.0017277644230769,0.0012770432692307,0.0048828124999999,0.0004507211538461,0.0044320913461538,0.0055588942307691,0.001201923076923,0.0043569711538461,3142
2021-08-01,2021,8,9312,2744,6568,70,44,26,302,55,247,9,9,0,434,282,152,252,202,50,35,20,15,44,30,14,1021,109,912,171,168,3,57,56,1,563,298,265,205,70,135,74,18,56,41,28,13,55,47,8,158,151,7,24,4,20,38,25,13,92,33,59,66,24,42,0.7269888359747052,0.2142243734873916,0.5127644624873136,0.005464907486923199,0.003435084706066,0.0020298227808572,0.0235771723007259,0.0042938558825825,0.0192833164181434,0.0007026309626044,0.0007026309626044,0.0,0.0338824264189241,0.0220157701616051,0.011866656257319,0.019673666952923698,0.0157701616051214,0.0039035053478023,0.0027324537434615,0.0015614021391209,0.0011710516043406,0.0034350847060659,0.0023421032086813,0.0010929814973846,0.0797095792021234,0.008509641658209,0.0711999375439144,0.0133499882894839,0.0131157779686158,0.0002342103208681,0.004449996096494647,0.0043719259895386,7.807010695604653e-05,0.0439534702162541,0.0232648918729018,0.0206885783433523,0.0160043719259894,0.0054649074869232,0.0105394644390662,0.0057771879147474,0.0014052619252088,0.0043719259895386,0.0032008743851979,0.0021859629947693,0.0010149113904286,0.0042938558825824,0.0036692950269341,0.0006245608556483,0.0123350768990553,0.011788586150363,0.0005464907486923,0.001873682566945,0.0003122804278241,0.0015614021391209,0.0029666640643297,0.0019517526739011,0.0010149113904286,0.0071824498399562,0.0025763135295495,0.0046061363104067,0.005152627059099,0.0018736825669451,0.0032789444921539,4255
2021-09-01,2021,9,9887,1758,8129,67,38,29,324,65,259,15,8,7,494,239,255,309,217,92,23,11,12,32,22,10,811,80,731,118,115,3,20,20,0,577,286,291,459,210,249,56,12,44,48,18,30,26,17,9,42,37,5,43,5,38,29,15,14,41,11,30,45,10,35,0.7471472833068843,0.1328496939469508,0.6142975893599335,0.005063099826192,0.0028716088566462,0.0021914909695458,0.0244842439356154,0.0049119625179475,0.0195722814176679,0.0011335298118339,0.0006045492329781,0.0005289805788558,0.0373309151364013,0.0180609083352225,0.0192700068011788,0.0233507141237814,0.0163983979445326,0.0069523161792488,0.0017380790448121,0.0008312551953449,0.0009068238494672,0.0024181969319126,0.0016625103906899,0.0007556865412227,0.061286178493160995,0.0060454923297816,0.0552406861633794,0.0089171011864278,0.008690395224061,0.0002267059623668,0.0015113730824454,0.0015113730824454,0.0,0.0436031134285497,0.0216126350789692,0.0219904783495805,0.0346860122421219,0.0158694173656767,0.0188165948764452,0.004231844630847,0.0009068238494672,0.0033250207813798,0.0036272953978689,0.0013602357742008,0.0022670596236681,0.0019647850071789,0.0012846671200785,0.0006801178871004,0.0031738834731352,0.0027960402025239,0.0003778432706113,0.0032494521272575,0.0003778432706113,0.0028716088566462,0.0021914909695457,0.001133529811834,0.0010579611577117,0.003098314819013,0.0008312551953449,0.0022670596236681,0.0034005894355021,0.0007556865412227,0.0026449028942794,3031
2021-10-01,2021,10,9627,1945,7682,47,32,15,243,44,199,13,10,3,502,245,257,330,247,83,26,14,12,41,32,9,642,70,572,354,350,4,86,86,0,613,326,287,551,235,316,40,6,34,47,21,26,19,13,6,74,66,8,26,3,23,21,12,9,69,15,54,39,12,27,0.7315349544072948,0.1477963525835866,0.5837386018237082,0.0035714285714284998,0.0024316109422492,0.0011398176291793,0.0184650455927051,0.0033434650455927,0.0151215805471124,0.0009878419452886002,0.0007598784194528,0.0002279635258358,0.038145896656534894,0.0186170212765957,0.0195288753799392,0.025075987841945202,0.0187689969604863,0.0063069908814589,0.0019756838905774,0.001063829787234,0.0009118541033434,0.0031155015197567,0.0024316109422492,0.0006838905775075,0.0487841945288753,0.0053191489361702,0.0434650455927051,0.026899696048632103,0.026595744680851,0.0003039513677811,0.0065349544072948,0.0065349544072948,0.0,0.0465805471124619,0.0247720364741641,0.0218085106382978,0.041869300911854,0.0178571428571428,0.0240121580547112,0.0030395136778115,0.0004559270516717,0.0025835866261398,0.0035714285714284998,0.001595744680851,0.0019756838905775,0.0014437689969603999,0.0009878419452887,0.0004559270516717,0.0056231003039513,0.005015197568389,0.0006079027355623,0.0019756838905774,0.0002279635258358,0.0017477203647416,0.0015957446808509,0.0009118541033434,0.0006838905775075,0.0052431610942248,0.0011398176291793,0.0041033434650455,0.0029635258358661,0.0009118541033434,0.0020516717325227,3599
2021-11-01,2021,11,8539,1966,6573,32,15,17,258,32,226,23,9,14,410,169,241,264,198,66,16,9,7,28,20,8,634,86,548,993,970,23,109,109,0,506,230,276,320,140,180,28,13,15,35,20,15,22,16,6,43,39,4,38,7,31,30,25,5,47,4,43,69,21,48,0.6958116036505866,0.1602020860495436,0.535609517601043,0.0026075619295957,0.001222294654498,0.0013852672750977,0.0210234680573663,0.0026075619295958,0.0184159061277705,0.0018741851368969,0.0007333767926988,0.0011408083441981,0.0334093872229464,0.0137711864406779,0.0196382007822685,0.0215123859191654,0.0161342894393741,0.0053780964797913,0.0013037809647978,0.0007333767926988,0.000570404172099,0.0022816166883962,0.0016297262059973,0.0006518904823989,0.0516623207301172,0.0070078226857887,0.0446544980443285,0.0809159061277705,0.0790417209908735,0.001874185136897,0.0088820078226857,0.0088820078226857,0.0,0.041232073011734,0.01874185136897,0.022490221642764,0.0260756192959582,0.0114080834419817,0.0146675358539765,0.0022816166883963002,0.0010593220338983,0.001222294654498,0.0028520208604953,0.0016297262059973,0.001222294654498,0.0017926988265971,0.0013037809647979,0.0004889178617992,0.0035039113428943,0.0031779661016949,0.0003259452411994,0.0030964797913949,0.000570404172099,0.0025260756192959,0.002444589308996,0.0020371577574967,0.0004074315514993,0.0038298565840937,0.0003259452411994,0.0035039113428943,0.005622555410690899,0.0017112125162972,0.0039113428943937,3972
2021-12-01,2021,12,8564,1806,6758,91,55,36,249,39,210,13,11,2,371,181,190,328,259,69,21,7,14,16,10,6,1977,571,1406,610,594,16,85,85,0,524,286,238,391,162,229,41,7,34,82,56,26,18,10,8,50,42,8,14,2,12,26,17,9,72,6,66,69,16,53,0.640203334080885,0.1350078492935635,0.5051954847873216,0.0068027210884353,0.0041115347237796,0.0026911863646557,0.018614039022202197,0.0029154518950437,0.0156985871271585,0.0009718172983478001,0.0008223069447559,0.0001495103535919,0.0277341705913133,0.0135306870000747,0.0142034835912386,0.024519697989085702,0.0193615907901622,0.0051581071989235,0.0015698587127158,0.0005232862375719,0.0010465724751439,0.0011960828287358,0.0007475517679599,0.0004485310607759,0.1477909845256783,0.042685205950512,0.1051057785751663,0.045600657845555705,0.0444045750168199,0.0011960828287358,0.0063541900276594,0.0063541900276594,0.0,0.039171712641100295,0.021379980563654,0.0177917320774463,0.029229274127233203,0.0121103386409508,0.0171189354862824,0.0030649622486356,0.0005232862375719,0.0025416760110637,0.0061299244972714,0.0041862899005756,0.0019436345966958,0.0013455931823278,0.0007475517679599,0.0005980414143679,0.0037377588397996,0.0031397174254317,0.0005980414143679,0.0010465724751438,0.0001495103535919,0.0008970621215519,0.0019436345966957,0.0012708380055318,0.0006727965911639,0.0053823727293114,0.0004485310607759,0.0049338416685355,0.0051581071989234,0.0011960828287358,0.0039620243701876,4042
2022-01-01,2022,1,7954,1648,6306,83,46,37,381,71,310,8,6,2,322,151,171,526,409,117,21,8,13,63,49,14,1128,230,898,327,317,10,34,34,0,861,438,423,175,68,107,37,5,32,66,27,39,58,51,7,96,88,8,25,0,25,31,20,11,79,13,66,54,29,25,0.6651613982271283,0.1378156882421809,0.5273457099849473,0.0069409600267601994,0.0038467971232647,0.0030941629034955,0.031861515303562404,0.0059374477337347,0.0259240675698277,0.0006690081953502,0.0005017561465127,0.0001672520488375,0.0269275798628532,0.0126275296872386,0.0143000501756146,0.0439872888442882,0.0342030439872888,0.0097842448569994,0.0017561465127946,0.0006690081953503,0.0010871383174443,0.0052684395383842,0.0040976751965211,0.0011707643418631,0.09433015554440541,0.0192339856163238,0.0750961699280816,0.0273457099849472,0.0265094497407593,0.0008362602441879,0.0028432848302391,0.0028432848302391,0.0,0.072002007024586,0.036628198695434,0.035373808329152,0.014634554273289802,0.0056865696604783,0.0089479846128115,0.0030941629034954,0.0004181301220939,0.0026760327814015,0.0055193176116406,0.0022579026593075,0.0032614149523331,0.004850309416290201,0.0042649272453587,0.0005853821709315,0.0080280983442046,0.0073590901488543,0.0006690081953503,0.0020906506104699,0.0,0.0020906506104699,0.0025924067569826,0.0016725204883759,0.0009198862686067,0.006606455929085001,0.0010871383174443,0.0055193176116407,0.004515805318615,0.0024251547081451,0.0020906506104699,3436
2022-02-01,2022,2,7172,1598,5574,27,21,6,230,40,190,6,5,1,355,161,194,355,283,72,11,4,7,46,32,14,795,116,679,643,632,11,49,48,1,551,303,248,159,86,73,18,2,16,45,30,15,15,10,5,38,34,4,35,8,27,30,21,9,66,3,63,42,12,30,0.6886221795487277,0.1534325492078732,0.5351896303408545,0.0025924147863657,0.0020163226116178,0.0005760921747479,0.0220835333653384,0.0038406144983197,0.0182429188670187,0.0005760921747478933,0.0004800768122899,9.601536245799327e-05,0.0340854536725875,0.0154584733557369,0.0186269803168506,0.0340854536725876,0.0271723475756121,0.0069131060969755,0.0010561689870378001,0.0003840614498319,0.0006721075372059,0.0044167066730676,0.0030724915986557,0.0013442150744119,0.0763322131541046,0.0111377820451272,0.0651944311089774,0.0617378780604896,0.0606817090734517,0.0010561689870379,0.004704752760441593,0.0046087373979836,9.601536245799327e-05,0.0529044647143542,0.0290926548247719,0.0238118098895823,0.0152664426308209,0.0082573211713874,0.0070091214594335,0.0017282765242437,0.0001920307249159,0.0015362457993278,0.0043206913106095,0.0028804608737397,0.0014402304368698,0.0014402304368698001,0.0009601536245799,0.0004800768122899,0.0036485837734036002,0.0032645223235717,0.0003840614498319,0.0033605376860297003,0.0007681228996639,0.0025924147863658,0.0028804608737397,0.0020163226116178,0.0008641382621219,0.0063370139222274,0.0002880460873739,0.0060489678348535,0.0040326452232356,0.0011521843494959,0.0028804608737397,3241
2022-03-01,2022,3,9044,2264,6780,34,24,10,269,49,220,10,7,3,405,174,231,379,302,77,40,30,10,34,25,9,738,183,555,759,733,26,100,99,1,622,347,275,359,147,212,19,1,18,41,24,17,29,18,11,55,53,2,27,2,25,23,16,7,61,11,50,75,23,52,0.7040323836213608,0.176241631636307,0.5277907519850538,0.0026467382842908,0.0018682858477347,0.0007784524365561,0.0209403705433597,0.003814416939125,0.0171259536042347,0.000778452436556,0.0005449167055892,0.0002335357309668,0.0315273236805231,0.0135450723960766,0.0179822512844465,0.0295033473454771,0.023509263583995,0.0059940837614821,0.0031138097462244,0.0023353573096683,0.0007784524365561,0.0026467382842908,0.0019461310913903,0.0007006071929005,0.0574497898178421,0.0142456795889771,0.043204110228865,0.059084539934609895,0.057060563599564,0.0020239763350459,0.007784524365561213,0.0077066791219056,7.784524365561264e-05,0.048419741553790904,0.0270122995484975,0.0214074420052934,0.0279464424723648,0.011443250817375,0.0165031916549898,0.0014790596294566127,7.784524365561264e-05,0.001401214385801,0.0031916549898801,0.0018682858477347,0.0013233691421454,0.0022575120660127002,0.001401214385801,0.0008562976802117,0.0042814884010586,0.0041257979137474,0.0001556904873112,0.0021018215787015,0.0001556904873112,0.0019461310913903,0.001790440604079,0.0012455238984898,0.0005449167055892,0.0047485598629923,0.0008562976802117,0.0038922621827806,0.0058383932741708005,0.001790440604079,0.0040479526700918,4314
2022-04-01,2022,4,7704,1464,6240,53,36,17,455,89,366,16,7,9,373,181,192,359,257,102,30,11,19,38,32,6,481,32,449,205,203,2,19,19,0,736,332,404,323,144,179,19,4,15,68,23,45,25,21,4,39,31,8,35,6,29,11,7,4,70,17,53,107,35,72,0.7076979606834466,0.1344846591952967,0.5732133014881499,0.0048686386184088,0.0033069998162777,0.0015616388021311,0.0417968032335108,0.0081756384346867,0.0336211647988241,0.0014697776961234,0.000643027742054,0.0008267499540694,0.0342641925408781,0.0166268601873966,0.0176373323534815,0.03297813705677,0.023608304243983,0.009369832812787,0.0027558331802314,0.0010104721660848,0.0017453610141466,0.0034907220282931,0.0029395553922469,0.0005511666360462,0.0441851919897115,0.0029395553922469,0.0412456365974646,0.0188315267315818,0.0186478045195664,0.0001837222120154,0.0017453610141466,0.0017453610141466,0.0,0.0676097740216792,0.0304978871945618,0.0371118868271174,0.0296711372404923,0.0132279992651111,0.0164431379753812,0.0017453610141465001,0.0003674444240308,0.0013779165901157,0.0062465552085245995,0.0021128054381774,0.0041337497703472,0.0022965276501928,0.001929083226162,0.0003674444240308,0.0035825831343008997,0.0028476942862392,0.0007348888480617,0.0032151387102699,0.0005511666360462,0.0026639720742237,0.0010104721660847999,0.000643027742054,0.0003674444240308,0.00643027742054,0.0015616388021311,0.0048686386184089,0.0098291383428255,0.00321513871027,0.0066139996325555,2755
2022-05-01,2022,5,7207,1460,5747,28,10,18,284,26,258,10,7,3,352,148,204,258,194,64,21,10,11,15,12,3,557,70,487,193,192,1,47,47,0,519,209,310,212,86,126,11,0,11,15,5,10,41,26,15,58,53,5,11,1,10,15,15,0,60,8,52,65,14,51,0.7338356582832705,0.1486610324814173,0.5851746258018532,0.0028510334996435,0.0010182262498727,0.0018328072497708,0.028917625496385203,0.002647388249669,0.0262702372467162,0.0010182262498727,0.0007127583749109,0.0003054678749618,0.0358415639955197,0.0150697484981162,0.0207718154974035,0.026270237246716198,0.0197535892475308,0.0065166479991854,0.0021382751247326,0.0010182262498727,0.0011200488748599,0.0015273393748089998,0.0012218714998472,0.0003054678749618,0.05671520211791051,0.007127583749109,0.0495876183688015,0.0196517666225434,0.0195499439975562,0.0001018226249872,0.0047856633744017,0.0047856633744017,0.0,0.0528459423683941,0.0212809286223398,0.0315650137460543,0.0215863964973016,0.0087567457489054,0.0128296507483962,0.0011200488748599,0.0,0.0011200488748599,0.0015273393748089998,0.0005091131249363,0.0010182262498727,0.004174727624478,0.002647388249669,0.001527339374809,0.0059057122492617,0.0053965991243254,0.0005091131249363,0.0011200488748598998,0.0001018226249872,0.0010182262498727,0.001527339374809,0.001527339374809,0.0,0.006109357499236199,0.0008145809998981,0.0052947764993381,0.0066184706241726,0.0014255167498218,0.0051929538743508,2474
2022-06-01,2022,6,7682,1714,5968,38,21,17,310,50,260,13,7,6,399,169,230,406,320,86,30,20,10,23,17,6,384,36,348,228,218,10,44,44,0,630,331,299,314,136,178,12,0,12,17,6,11,54,41,13,44,37,7,26,2,24,13,10,3,70,4,66,70,21,49,0.7264989597125024,0.1620957064497825,0.5644032532627199,0.0035937204463778,0.0019860034045772,0.0016077170418006,0.0293171931151881,0.0047285795347077,0.0245886135804804,0.0012294306790239001,0.000662001134859,0.0005674295441649,0.0377340646869679,0.0159825988273122,0.0217514658596557,0.038396065821827,0.0302629090221297,0.0081331567996973,0.0028371477208246,0.0018914318138831,0.0009457159069415,0.0021751465859655,0.0016077170418006,0.0005674295441649,0.0363154908265556,0.0034045772649895,0.0329109135615661,0.021562322678267302,0.0206166067713258,0.0009457159069415,0.0041611499905428,0.0041611499905428,0.0,0.059580102137317806,0.0313031965197654,0.0282769056175524,0.0296954794779647,0.0128617363344051,0.0168337431435596,0.0011348590883298,0.0,0.0011348590883298,0.0016077170418006001,0.0005674295441649,0.0010402874976357,0.0051068658974843,0.0038774352184603,0.001229430679024,0.0041611499905427,0.0034991488556837,0.000662001134859,0.002458861358048,0.0001891431813883,0.0022697181766597,0.0012294306790239,0.0009457159069415,0.0002837147720824,0.0066200113485908,0.0003782863627766,0.0062417249858142,0.0066200113485908,0.0019860034045772,0.0046340079440136,3024
2022-07-01,2022,7,8188,1745,6443,53,36,17,362,43,319,20,9,11,422,177,245,408,299,109,36,13,23,38,21,17,576,81,495,181,173,8,27,27,0,810,356,454,474,234,240,10,6,4,36,7,29,65,49,16,35,32,3,40,7,33,37,25,12,72,11,61,67,18,49,0.7013876991605277,0.1494774713037519,0.5519102278567758,0.0045400034264176,0.0030837759122837,0.0014562275141339,0.0310090800068527,0.0036833990063388,0.0273256810005139,0.0017132088401575,0.0007709439780709,0.0009422648620866,0.0361487065273255,0.0151618982353948,0.0209868082919307,0.034949460339215296,0.0256124721603563,0.009336988178859,0.0030837759122835998,0.0011135857461024,0.0019701901661812,0.0032550967962993,0.0017988692821654,0.0014562275141339,0.0493404145965392,0.0069384958026383,0.0424019187939009,0.0155045400034263,0.0148192564673633,0.000685283536063,0.0023128319342127,0.0023128319342127,0.0,0.06938495802638331,0.0304951173548055,0.0388898406715778,0.0406030495117354,0.0200445434298441,0.0205585060818913,0.0008566044200787,0.0005139626520472,0.0003426417680315,0.0030837759122835998,0.0005996230940551,0.0024841528182285,0.0055679287305121,0.0041973616583861,0.001370567072126,0.0029981154702757,0.0027411341442521,0.0002569813260236,0.0034264176803150996,0.0005996230940551,0.00282679458626,0.0031694363542915,0.002141511050197,0.0010279253040945,0.0061675518245673,0.0009422648620866,0.0052252869624807,0.0057392496145279,0.0015418879561418,0.0041973616583861,3179
2022-08-01,2022,8,8440,2154,6286,45,34,11,419,47,372,16,9,7,354,170,184,639,498,141,32,12,20,51,38,13,433,65,368,282,270,12,27,27,0,927,608,319,414,154,260,9,3,6,34,18,16,45,27,18,76,65,11,42,2,40,42,28,14,63,4,59,106,36,70,0.6997181230310063,0.1785773503564914,0.521140772674515,0.0037307245896202,0.0028187696899353,0.0009119548996849,0.0347371911789088,0.0038965345713811,0.0308406566075277,0.0013264798540870999,0.000746144917924,0.0005803349361631,0.0293483667716795,0.0140938484496766,0.0152545183220029,0.052976289172608,0.0412866854584645,0.0116896037141435,0.0026529597081744,0.0009948598905654,0.001658099817609,0.0042281545349029,0.0031503896534571,0.0010777648814458,0.0358978610512352,0.0053888244072293,0.0305090366440059,0.0233792074282871,0.0223843475377217,0.0009948598905654,0.0022384347537721,0.0022384347537721,0.0,0.076852926546178,0.0504062344553142,0.0264466920908638,0.0343226662245066,0.0127673685955894,0.0215552976289172,0.000746144917924,0.0002487149726413,0.0004974299452827,0.0028187696899353003,0.0014922898358481,0.0013264798540872,0.0037307245896202003,0.0022384347537721,0.0014922898358481,0.0063007793069142,0.0053888244072293,0.0009119548996849,0.0034820096169788997,0.0001658099817609,0.003316199635218,0.0034820096169788997,0.0023213397446526,0.0011606698723263,0.0052230144254684,0.0003316199635218,0.0048913944619466,0.0087879290333277,0.0029845796716962,0.0058033493616315,3918
2022-09-01,2022,9,8236,2157,6079,57,44,13,513,79,434,12,9,3,401,194,207,607,479,128,44,15,29,60,46,14,579,126,453,443,435,8,56,56,0,1019,551,468,233,111,122,14,5,9,45,26,19,25,18,7,31,27,4,47,4,43,19,10,9,78,8,70,130,18,112,0.677971682581495,0.1775600921962463,0.5004115903852486,0.0046921303918339,0.0036219953901876,0.0010701350016463,0.0422291735265063,0.0065031280869278,0.0357260454395785,0.0009878169245965,0.0007408626934474,0.0002469542311491,0.033009548896937704,0.0159697069476457,0.017039841949292,0.04996707276918,0.0394303589068159,0.0105367138623641,0.0036219953901876,0.0012347711557458,0.0023872242344418,0.0049390846229831,0.0037866315442871,0.001152453078696,0.047662166611787904,0.0103720777082647,0.0372900889035232,0.0364669081330259,0.0358083635166282,0.0006585446163977,0.0046098123147843,0.0046098123147843,0.0,0.0838821205136647,0.0453572604543957,0.038524860059269,0.0191801119525847,0.0091373065525189,0.0100428054000658,0.001152453078696,0.0004115903852486,0.0007408626934474,0.0037043134672373,0.0021402700032927,0.0015640434639446,0.0020579519262429,0.0014817253868949,0.000576226539348,0.0025518603885412,0.0022225880803424,0.0003292723081988,0.0038689496213367,0.0003292723081988,0.0035396773131379,0.0015640434639446,0.0008231807704972,0.0007408626934474,0.0064208100098781,0.0006585446163977,0.0057622653934804,0.010701350016463499,0.0014817253868949,0.0092196246295686,4029
2022-10-01,2022,10,9326,2871,6455,72,52,20,307,57,250,11,9,2,464,300,164,328,243,85,46,29,17,40,29,11,617,201,416,1655,1570,85,120,118,2,648,339,309,287,111,176,8,3,5,55,40,15,12,5,7,158,147,11,28,2,26,33,25,8,49,10,39,84,24,60,0.6636777682892114,0.2043125533731853,0.4593652149160261,0.0051238257899231,0.0037005408482778,0.0014232849416453,0.021847423854255497,0.0040563620836891,0.0177910617705664,0.0007828067179048001,0.0006404782237403,0.0001423284941645,0.0330202106461713,0.0213492741246797,0.0116709365214916,0.023341873042983102,0.0172929120409906,0.0060489610019925,0.0032735553657842,0.0020637631653857,0.0012097922003985,0.0028465698832906,0.0020637631653857,0.0007828067179049,0.043908340449758,0.0143040136635354,0.0296043267862226,0.11777682892114989,0.1117278679191574,0.0060489610019925,0.0085397096498718,0.0083973811557073,0.0001423284941645,0.0461144321093082,0.0241246797608881,0.0219897523484201,0.020424138912610197,0.0078992314261315,0.0125249074864787,0.000569313976658,0.0002134927412467,0.0003558212354113,0.0039140335895245,0.0028465698832906,0.0010674637062339,0.0008539709649871,0.0003558212354113,0.0004981497295758,0.011243951038997899,0.010461144321093,0.0007828067179049,0.0019925989183034,0.0001423284941645,0.0018502704241389,0.0023484201537147,0.0017791061770566,0.0005693139766581,0.0034870481070309,0.0007116424708226,0.0027754056362083,0.0059777967549102,0.0017079419299743,0.0042698548249359,5973
2022-11-01,2022,11,10680,4349,6331,48,40,8,263,74,189,11,8,3,664,545,119,292,231,61,21,13,8,59,47,12,675,236,439,2483,2315,168,197,195,2,553,329,224,131,73,58,21,16,5,73,57,16,49,44,5,96,89,7,29,7,22,58,48,10,37,9,28,88,42,46,0.6540510747749403,0.2663359666850389,0.3877151080899014,0.0029395553922469,0.0024496294935391,0.0004899258987078,0.016106313920019502,0.0045318145630473,0.0115744993569722,0.0006736481107232,0.0004899258987078,0.0001837222120154,0.040663849592749,0.0333762018494702,0.0072876477432788,0.017882295302835402,0.0141466103251883,0.0037356849776471,0.0012860554841080001,0.0007961295854002,0.0004899258987078,0.0036132035029701,0.0028783146549084,0.0007348888480617,0.041337497703472295,0.0144528140118807,0.0268846836915916,0.15206075081143972,0.1417723069385755,0.0102884438728642,0.01206442525568,0.0119419437810031,0.0001224814746769,0.033866127748178,0.0201482025843591,0.0137179251638189,0.0080225365913404,0.0044705738257088,0.0035519627656316,0.0012860554841079,0.0009798517974156,0.0003062036866923,0.0044705738257088,0.0034907220282932,0.0009798517974156,0.0030007961295853,0.002694592442893,0.0003062036866923,0.0058791107844938,0.0054504256231245,0.0004286851613693,0.0017759813828158002,0.0004286851613693,0.0013472962214465,0.0035519627656316,0.0029395553922469,0.0006124073733847,0.0022659072815235,0.0005511666360462,0.0017147406454773,0.0053891848857858995,0.002572110968216,0.0028170739175699,8612
2022-12-01,2022,12,8455,2407,6048,55,36,19,291,26,265,16,9,7,548,299,249,310,229,81,28,9,19,42,37,5,1413,541,872,324,313,11,30,28,2,558,286,272,283,117,166,14,4,10,46,26,20,11,5,6,147,128,19,21,3,18,24,16,8,63,10,53,62,17,45,0.6762917933130699,0.1925291953287474,0.4837625979843225,0.0043992961126219,0.0028795392737162,0.0015197568389057,0.0232762757958725,0.0020796672532394,0.0211966085426331,0.0012797952327627,0.000719884818429,0.0005599104143337,0.0438329867221244,0.023916173412254,0.0199168133098704,0.024796032634778302,0.0183170692689169,0.0064789633658614,0.0022396416573347002,0.000719884818429,0.0015197568389057,0.0033594624860021,0.0029595264757638,0.0003999360102383,0.113021916493361,0.0432730763077907,0.0697488401855703,0.0259158534634457,0.0250359942409214,0.0008798592225243,0.0023996160614301,0.0022396416573348,0.0001599744040953,0.0446328587426011,0.0228763397856343,0.0217565189569668,0.0226363781794912,0.0093585026395776,0.0132778755399136,0.0011198208286673,0.0003199488081906,0.0007998720204767,0.0036794112941928,0.0020796672532394,0.0015997440409534,0.0008798592225243,0.0003999360102383,0.000479923212286,0.011758118701007701,0.010238361862102,0.0015197568389057,0.0016797312430011,0.000239961606143,0.0014397696368581,0.001919692849144,0.0012797952327627,0.0006398976163813,0.0050391937290033,0.0007998720204767,0.0042393217085266,0.0049592065269556,0.0013597824348104,0.0035994240921452,4371
2023-01-01,2023,1,8422,2180,6242,60,38,22,395,64,331,20,8,12,461,207,254,382,246,136,81,43,38,30,24,6,561,148,413,253,251,2,39,39,0,698,296,402,246,105,141,13,1,12,32,11,21,17,14,3,161,147,14,27,4,23,27,18,9,70,12,58,81,28,53,0.7163392021774262,0.185421451050438,0.5309177511269881,0.0051033426894615,0.003232117036659,0.0018712256528025,0.0335970060389555,0.0054435655354257,0.0281534405035298,0.0017011142298205,0.0006804456919282,0.0010206685378923,0.0392106829973632,0.0176065322786425,0.0216041507187207,0.0324912817895721,0.0209237050267925,0.0115675767627796,0.0068895126307731,0.0036573955941141,0.003232117036659,0.0025516713447307,0.0020413370757846,0.0005103342689461,0.047716254146465804,0.0125882453006719,0.0351280088457939,0.0215190950072296,0.0213489835842476,0.000170111422982,0.00331717274815,0.00331717274815,0.0,0.0593688866207365,0.0251764906013438,0.0341923960193927,0.020923705026792402,0.0089308497065577,0.0119928553202347,0.0011057242493833265,8.505571149102662e-05,0.0010206685378923,0.0027217827677127,0.0009356128264012,0.0017861699413115,0.0014459470953472999,0.0011907799608743,0.000255167134473,0.0136939695500552,0.0125031895891809,0.0011907799608743,0.0022965042102576997,0.0003402228459641,0.0019562813642936,0.0022965042102576,0.0015310028068384,0.0007655014034192,0.0059538998043717995,0.0010206685378923,0.0049332312664795,0.0068895126307731,0.0023815599217487,0.0045079527090244,3688
2023-02-01,2023,2,8455,2095,6360,53,34,19,399,81,318,21,13,8,448,175,273,601,449,152,26,11,15,41,33,8,449,156,293,256,250,6,32,32,0,805,401,404,342,119,223,7,0,7,45,30,15,32,18,14,68,58,10,40,6,34,16,15,1,41,10,31,98,15,83,0.7142857142857142,0.1769874123511024,0.5372983019346118,0.004477485849455,0.0028723494128579,0.0016051364365971,0.0337078651685392,0.0068429500718087,0.0268649150967305,0.0017740981667651,0.0010982512460927,0.0006758469206724,0.0378474275576581,0.0147841513897102,0.0230632761679479,0.050772999915519,0.0379319084227422,0.0128410914927768,0.0021965024921854,0.0009292895159246,0.0012672129762608,0.0034637154684463,0.0027878685477739,0.0006758469206724,0.0379319084227422,0.0131790149531131,0.0247528934696291,0.0216271014615189,0.0211202162710146,0.0005068851905043,0.0027033876826898,0.0027033876826898,0.0,0.068007096392667,0.0338768268987074,0.0341302694939596,0.0288924558587479,0.0100532229450029,0.018839232913745,0.0005913660555884,0.0,0.0005913660555884,0.0038016389287825,0.0025344259525217,0.0012672129762608,0.0027033876826898,0.001520655571513,0.0011827321111768,0.0057446988257158,0.0048998901748753,0.0008448086508405,0.0033792346033622,0.0005068851905043,0.0028723494128579,0.0013516938413448585,0.0012672129762608,8.448086508405846e-05,0.0034637154684463,0.0008448086508405,0.0026189068176058,0.0082791247782376,0.0012672129762608,0.0070119118019768,3684
2023-03-01,2023,3,9321,2258,7063,64,35,29,336,68,268,29,15,14,454,186,268,564,413,151,46,34,12,83,60,23,771,305,466,327,320,7,46,46,0,884,464,420,440,165,275,7,4,3,34,19,15,40,30,10,67,58,9,46,7,39,59,33,26,28,3,25,78,23,55,0.7034186099162327,0.1704022337936759,0.5330163761225568,0.004829824164213899,0.0026413100898045,0.0021885140744094,0.0253565768621235,0.0051316881744773,0.0202248886876462,0.0021885140744094,0.0011319900384876,0.0010565240359218,0.034261565164893204,0.014036676477247,0.0202248886876462,0.042562825447136,0.0311674590596936,0.0113953663874424,0.0034714361180286997,0.0025658440872386,0.0009055920307901,0.006263678212965,0.0045279601539506,0.0017357180590144,0.0581842879782657,0.0230171307825824,0.0351671571956833,0.024677382839031002,0.0241491208210701,0.0005282620179609,0.0034714361180288,0.0034714361180288,0.0,0.06671194626820609,0.0350162251905516,0.0316957210776545,0.0332050411289713,0.0124518904233642,0.0207531507056071,0.0005282620179608,0.0003018640102633,0.0002263980076975,0.0025658440872386003,0.001433854048751,0.0011319900384876,0.0030186401026336997,0.0022639800769753,0.0007546600256584,0.0050562221719114,0.0043770281488189,0.0006791940230925,0.0034714361180288,0.0005282620179609,0.0029431741000679,0.0044524941513847,0.0024903780846728,0.0019621160667119,0.0021130480718436,0.0002263980076975,0.0018866500641461,0.0058863482001358,0.0017357180590144,0.0041506301411214,4210
2023-04-01,2023,4,7577,1467,6110,45,27,18,378,61,317,10,8,2,367,157,210,353,250,103,29,15,14,55,42,13,355,55,300,141,139,2,8,8,0,637,292,345,220,61,159,7,2,5,49,16,33,59,32,27,35,30,5,12,2,10,13,7,6,55,5,50,92,33,59,0.7438641272334576,0.1440212055762811,0.5998429216571766,0.0044178283919103,0.0026506970351462,0.0017671313567641,0.0371097584920478,0.0059886118201452,0.0311211466719026,0.0009817396426466999,0.0007853917141174,0.0001963479285293,0.0360298448851363,0.0154133123895542,0.0206165324955821,0.0346554093854309,0.0245434910661692,0.0101119183192617,0.0028470449636754996,0.0014726094639701,0.0013744354997054,0.0053995680345572,0.0041233064991164,0.0012762615354408,0.0348517573139603,0.0053995680345572,0.0294521892794031,0.0138425289613194,0.0136461810327901,0.0001963479285293,0.0007853917141174,0.0007853917141174,0.0,0.0625368152365991,0.0286667975652856,0.0338700176713135,0.021598272138228798,0.0059886118201452,0.0156096603180836,0.0006872177498526,0.0001963479285293,0.0004908698213233,0.0048105242489691,0.0015707834282348,0.0032397408207343,0.005792263891615799,0.0031415668564696,0.0026506970351462,0.0034360887492636,0.0029452189279403,0.0004908698213233,0.0011780875711760001,0.0001963479285293,0.0009817396426467,0.0012762615354407,0.0006872177498527,0.000589043785588,0.0053995680345571,0.0004908698213233,0.0049086982132338,0.0090320047123502,0.0032397408207343,0.0057922638916159,2490
2023-05-01,2023,5,8626,1906,6720,43,18,25,420,59,361,16,10,6,526,261,265,357,272,85,56,36,20,67,44,23,338,31,307,231,227,4,17,17,0,741,330,411,305,119,186,9,1,8,25,10,15,30,19,11,45,37,8,40,4,36,23,12,11,70,7,63,74,12,62,0.7346904011583341,0.1623371092751895,0.5723532918831445,0.0036623796950855,0.0015330891746869,0.0021292905203986,0.0357720807426965,0.0050251256281407,0.0307469551145558,0.0013627459330549999,0.0008517162081594,0.0005110297248956,0.0448002725491865,0.0222297930329614,0.0225704795162251,0.030406268631292,0.0231666808619368,0.0072395877693552,0.0047696107656927,0.0030661783493739,0.0017034324163188,0.0057064985946682,0.0037475513159015,0.0019589472787667,0.028788007835789,0.0026403202452942,0.0261476875904948,0.019674644408483,0.0193339579252193,0.0003406864832637,0.001447917553871,0.001447917553871,0.0,0.0631121710246145,0.0281066348692615,0.035005536155353,0.0259773443488629,0.0101354228770973,0.0158419214717656,0.0007665445873434441,8.517162081594413e-05,0.0006813729665275,0.0021292905203985,0.0008517162081594,0.0012775743122391,0.0025551486244782,0.0016182607955029,0.0009368878289753,0.0038327229367174,0.0031513499701899,0.0006813729665275,0.0034068648326376003,0.0003406864832637,0.0030661783493739,0.0019589472787666,0.0010220594497913,0.0009368878289753,0.005962013457116,0.0005962013457116,0.0053658121114044,0.0063026999403798,0.0010220594497913,0.0052806404905885,3200
2023-06-01,2023,6,7993,1962,6031,35,21,14,305,32,273,14,9,5,406,173,233,219,161,58,22,5,17,45,31,14,208,24,184,396,386,10,28,28,0,589,258,331,273,83,190,7,0,7,23,9,14,29,18,11,95,82,13,26,3,23,46,31,15,60,11,49,61,10,51,0.7479880217106494,0.1836047164514317,0.5643833052592176,0.0032753134942915003,0.0019651880965749,0.0013101253977166,0.028542017593112402,0.002994572337638,0.0255474452554744,0.0013101253977165,0.0008422234699606,0.0004679019277559,0.0379936365337825,0.0161894067003556,0.0218042298334269,0.0204941044357102,0.0150664420737413,0.0054276623619689,0.0020587684821260998,0.0004679019277559,0.0015908665543702,0.0042111173498034,0.0029009919520868,0.0013101253977166,0.019464720194647102,0.0022459292532285,0.0172187909414186,0.0370578326782705,0.0361220288227587,0.0009358038555118,0.0026202507954332,0.0026202507954332,0.0,0.0551188470896499,0.0241437394722066,0.0309751076174433,0.0255474452554744,0.0077671720007486,0.0177802732547258,0.0006550626988583,0.0,0.0006550626988583,0.0021523488676772,0.0008422234699606,0.0013101253977166,0.0027138311809843,0.0016844469399213,0.001029384241063,0.0088901366273628,0.0076735916151974,0.0012165450121654,0.0024330900243308,0.0002807411566535,0.0021523488676773,0.0043046977353546,0.0029009919520868,0.0014037057832678,0.0056148231330712,0.001029384241063,0.0045854388920082,0.0057084035186224,0.0009358038555118,0.0047725996631106,3205
2023-07-01,2023,7,7922,1877,6045,48,33,15,359,92,267,18,11,7,439,191,248,361,280,81,19,11,8,56,38,18,270,31,239,917,901,16,57,56,1,692,335,357,223,112,111,4,1,3,41,30,11,25,20,5,49,44,5,26,4,22,48,36,12,69,2,67,98,38,60,0.6907315371872002,0.1636585578515999,0.5270729793356003,0.0041851948731361,0.0028773214752811,0.001307873397855,0.031301769988665004,0.0080216235068445,0.0232801464818205,0.0015694480774259998,0.000959107158427,0.000610340918999,0.038277094777225504,0.0166535879326881,0.0216235068445374,0.031476153108379,0.0244136367599616,0.0070625163484174,0.001656639637283,0.000959107158427,0.000697532478856,0.0048827273519923,0.0033132792745662,0.0015694480774261,0.0235417211613914,0.0027029383555671,0.0208387828058243,0.0799546603888742,0.0785595954311622,0.001395064957712,0.0049699189118493055,0.0048827273519923,8.719155985700585e-05,0.0603365594210479,0.0292091725520969,0.031127386868951,0.019443717848112198,0.0097654547039846,0.0096782631441276,0.0003487662394280058,8.719155985700585e-05,0.000261574679571,0.0035748539541371003,0.0026157467957101,0.000959107158427,0.0021797889964250998,0.0017438311971401,0.000435957799285,0.0042723864329932,0.0038364286337082,0.000435957799285,0.0022669805562821,0.000348766239428,0.0019182143168541,0.0041851948731362,0.0031388961548522,0.001046298718284,0.0060162176301333005,0.000174383119714,0.0058418345104193,0.0085447728659865,0.0033132792745662,0.0052314935914203,3949
2023-08-01,2023,8,8047,2220,5827,42,32,10,267,50,217,21,16,5,365,156,209,281,218,63,18,13,5,78,58,20,290,24,266,997,967,30,52,52,0,706,392,314,147,53,94,3,0,3,45,32,13,28,20,8,59,51,8,34,7,27,36,29,7,51,7,44,79,23,56,0.7069313889132918,0.1950276728454713,0.5119037160678205,0.0036897127295087997,0.0028112096986734,0.0008785030308354,0.0234560309233066,0.0043925151541772,0.0190635157691294,0.0018448563647543998,0.0014056048493367,0.0004392515154177,0.0320653606254941,0.0137046472810331,0.018360713344461,0.0246859351664762,0.0191513660722129,0.0055345690942633,0.0015813054555037,0.001142053940086,0.0004392515154177,0.0068523236405165,0.0050953175788456,0.0017570060616709,0.0254765878942281,0.002108407274005,0.0233681806202231,0.0875867521742949,0.0849512430817886,0.0026355090925063,0.0045682157603443,0.0045682157603443,0.0,0.0620223139769831,0.0344373188087498,0.0275849951682333,0.0129139945532811,0.0046560660634279,0.0082579284898532,0.0002635509092506,0.0,0.0002635509092506,0.0039532636387594,0.0028112096986734,0.001142053940086,0.0024598084863391998,0.0017570060616709,0.0007028024246683,0.0051831678819291,0.0044803654572608,0.0007028024246683,0.0029869103048405002,0.0006149521215848,0.0023719581832557,0.0031626109110076002,0.0025476587894228,0.0006149521215848,0.0044803654572608,0.0006149521215848,0.003865413335676,0.0069401739436,0.0020205569709215,0.0049196169726785,4214
2023-09-01,2023,9,7427,1733,5694,38,27,11,299,61,238,24,19,5,387,138,249,268,190,78,19,6,13,18,16,2,273,86,187,395,373,22,37,36,1,579,301,278,213,77,136,3,1,2,52,27,25,72,61,11,55,52,3,27,3,24,32,28,4,45,5,40,70,24,46,0.7337482710926695,0.171211223078443,0.5625370480142264,0.0037541987749454995,0.0026674570243034,0.0010867417506421,0.029539616676546098,0.0060264769808338,0.0235131396957123,0.0023710729104919,0.0018770993874728,0.0004939735230191,0.0382335506816833,0.0136336692353289,0.0245998814463544,0.0264769808338272,0.0187709938747283,0.0077059869590989,0.0018770993874726999,0.0005927682276229,0.0012843311598498,0.0017783046828689,0.0015807152736613,0.0001975894092076,0.0269709543568464,0.0084963445959296,0.0184746097609168,0.0390239083185141,0.0368504248172298,0.0021734835012843,0.0036554040703417334,0.0035566093657379,9.879470460383324e-05,0.0572021339656194,0.0297372060857538,0.0274649278798656,0.0210432720806164,0.0076071922544951,0.0134360798261213,0.0002963841138114333,9.879470460383324e-05,0.0001975894092076,0.0051373246393992,0.0026674570243034,0.0024698676150958,0.0071132187314759,0.0060264769808338,0.0010867417506421,0.0054337087532107,0.0051373246393993,0.0002963841138114,0.0026674570243032996,0.0002963841138114,0.0023710729104919,0.0031614305473226,0.0027662517289073,0.0003951788184153,0.0044457617071724,0.0004939735230191,0.0039517881841533,0.0069156293222681995,0.0023710729104919,0.0045445564117763,3114
2023-10-01,2023,10,7830,1743,6087,48,29,19,275,38,237,31,23,8,425,161,264,304,201,103,23,7,16,35,23,12,289,71,218,235,229,6,17,17,0,561,255,306,288,94,194,3,1,2,39,24,15,78,59,19,52,48,4,37,8,29,45,35,10,46,16,30,77,24,53,0.7468523464326593,0.1662533384204502,0.5805990080122091,0.0045784051888591,0.0027661198016024,0.0018122853872567,0.0262304463945058,0.0036245707745135,0.0226058756199923,0.0029568866844715,0.002193819152995,0.0007630675314765,0.040537962609690795,0.0153567340709652,0.0251812285387256,0.0289965661961082,0.0191720717283479,0.0098244944677603,0.0021938191529949002,0.0006676840900419,0.001526135062953,0.0033384204502098,0.002193819152995,0.0011446012972148,0.027565814574589703,0.0067722243418542,0.0207935902327355,0.0224151087371232,0.0218428080885158,0.0005723006486074,0.0016215185043876,0.0016215185043876,0.0,0.0535101106447919,0.0243227775658145,0.0291873330789774,0.027470431133155098,0.0089660434948492,0.0185043876383059,0.00028615032430366697,9.538344143456696e-05,0.0001907668828691,0.0037199542159481,0.0022892025944296,0.0014307516215185,0.0074399084318961,0.0056276230446394,0.0018122853872567,0.0049599389545974,0.0045784051888592,0.0003815337657382,0.0035291873330789,0.0007630675314765,0.0027661198016024,0.0042922548645554,0.0033384204502098,0.0009538344143456,0.00438763830599,0.001526135062953,0.002861503243037,0.0073445249904616,0.0022892025944296,0.005055322396032,2942
2023-11-01,2023,11,7662,1902,5760,42,33,9,241,30,211,17,10,7,411,181,230,294,198,96,19,13,6,44,30,14,421,172,249,250,241,9,13,13,0,582,267,315,321,141,180,3,1,2,37,27,10,28,23,5,39,37,2,23,7,16,59,25,34,38,5,33,75,23,52,0.7382925419155907,0.1832723068028522,0.5550202351127385,0.0040470225476969,0.0031798034303333,0.0008672191173636,0.0232222008094044,0.0028907303912121,0.0203314704181923,0.0016380805550202,0.0009635767970707,0.0006745037579495,0.0396030063596068,0.0174407400269801,0.0221622663326267,0.0283291578338792,0.0190788205820003,0.0092503372518789,0.0018307959144343,0.0012526498361919,0.0005781460782424,0.0042397379071111,0.0028907303912121,0.001349007515899,0.0405665831566774,0.0165735209096164,0.023993062247061,0.0240894199267681,0.0232222008094045,0.0008672191173636,0.0012526498361919,0.0012526498361919,0.0,0.0560801695895161,0.0257275004817883,0.0303526691077278,0.030930815185970198,0.0135864328386972,0.017344382347273,0.00028907303912117265,9.635767970707263e-05,0.0001927153594141,0.0035652341491616,0.0026016573520909,0.0009635767970707,0.0026980150317979,0.0022162266332626,0.0004817883985353,0.0037579495085757002,0.0035652341491616,0.0001927153594141,0.0022162266332626,0.0006745037579495,0.0015417228753131,0.0056851031027172,0.0024089419926768,0.0032761611100404,0.0036615918288686,0.0004817883985353,0.0031798034303333,0.0072268259780303,0.0022162266332626,0.0050105993447677,3221
2023-12-01,2023,12,7125,1470,5655,51,26,25,293,19,274,27,19,8,308,107,201,191,134,57,25,10,15,26,23,3,676,239,437,138,136,2,19,19,0,585,198,387,209,72,137,6,1,5,33,16,17,36,31,5,153,138,15,20,2,18,12,8,4,108,8,100,47,12,35,0.7175949239601168,0.1480511632591399,0.5695437607009769,0.0051364689293986,0.0026185920032228,0.0025178769261758,0.0295095175747809,0.0019135864638936,0.0275959311108873,0.0027193070802698,0.0019135864638936,0.0008057206163762,0.031020243730486396,0.0107765132440326,0.0202437304864538,0.0192365797159834,0.0134958203243025,0.0057407593916809,0.0025178769261757997,0.0010071507704703,0.0015107261557055,0.0026185920032228,0.0023164467720817,0.0003021452311411,0.0680833920837949,0.0240709034142411,0.0440124886695538,0.0138986806324906,0.0136972504783966,0.000201430154094,0.0019135864638936,0.0019135864638936,0.0,0.058918320072514796,0.0199415852553127,0.0389767348172021,0.021049451102829998,0.0072514855473864,0.0137979655554436,0.0006042904622821,0.000100715077047,0.0005035753852351,0.003323597542552,0.0016114412327525,0.0017121563097995,0.0036257427736931,0.003122167388458,0.0005035753852351,0.0154094067881961,0.0138986806324906,0.0015107261557055,0.0020143015409406,0.000201430154094,0.0018128713868466,0.0012085809245643,0.0008057206163762,0.0004028603081881,0.010877228321079499,0.0008057206163762,0.0100715077047033,0.0047336086212105,0.0012085809245644,0.0035250276966461,2575
2024-01-01,2024,1,7285,1634,5651,46,26,20,510,49,461,18,10,8,289,113,176,426,317,109,58,30,28,31,28,3,572,257,315,32,28,4,4,4,0,821,417,404,181,69,112,5,1,4,28,11,17,24,13,11,25,13,12,46,7,39,29,18,11,76,9,67,99,28,71,0.7100389863547758,0.1592592592592592,0.5507797270955166,0.0044834307992202005,0.0025341130604288,0.0019493177387914,0.0497076023391812,0.0047758284600389,0.0449317738791423,0.0017543859649121999,0.0009746588693957,0.0007797270955165,0.028167641325536,0.0110136452241715,0.0171539961013645,0.0415204678362572,0.030896686159844,0.0106237816764132,0.005653021442495,0.0029239766081871,0.0027290448343079,0.0030214424951266,0.0027290448343079,0.0002923976608187,0.0557504873294346,0.0250487329434697,0.0307017543859649,0.0031189083820661,0.0027290448343079,0.0003898635477582,0.0003898635477582,0.0003898635477582,0.0,0.0800194931773878,0.0406432748538011,0.0393762183235867,0.017641325536062298,0.0067251461988304,0.0109161793372319,0.00048732943469777116,9.746588693957116e-05,0.0003898635477582,0.0027290448343079,0.0010721247563352,0.0016569200779727,0.0023391812865496,0.0012670565302144,0.0010721247563352,0.0024366471734892,0.0012670565302144,0.0011695906432748,0.0044834307992201,0.0006822612085769,0.0038011695906432,0.0028265107212474003,0.0017543859649122,0.0010721247563352,0.0074074074074073,0.0008771929824561,0.0065302144249512,0.0096491228070174,0.0027290448343079,0.0069200779727095,2821
2024-02-01,2024,2,6698,1668,5030,51,31,20,394,45,349,11,7,4,313,103,210,315,220,95,18,7,11,35,25,10,298,36,262,68,59,9,4,4,0,634,286,348,207,102,105,6,1,5,29,10,19,36,34,2,49,37,12,31,2,29,48,26,22,56,2,54,61,11,50,0.7338665497973046,0.1827544647748438,0.5511120850224608,0.0055878163690149,0.0033965158321463,0.0021913005368686,0.043168620576311996,0.0049304262079544,0.0382381943683576,0.0012052152952777,0.000766955187904,0.0004382601073737,0.034293853401994,0.0112851977648734,0.0230086556371206,0.0345129834556809,0.0241043059055549,0.010408677550126,0.0019721704831817,0.000766955187904,0.0012052152952777,0.00383477593952,0.0027391256710857,0.0010956502684343,0.0326503779993425,0.0039443409663635,0.028706037032979,0.0074504218253531995,0.0064643365837624,0.0009860852415908,0.0004382601073737,0.0004382601073737,0.0,0.0694642270187355,0.0313355976772214,0.0381286293415141,0.0226799605565903,0.01117563273803,0.0115043278185603,0.0006573901610605001,0.0001095650268434,0.0005478251342171,0.0031773857784595,0.0010956502684343,0.0020817355100252,0.0039443409663634,0.0037252109126766,0.0002191300536868,0.005368686315328001,0.0040539059932069,0.0013147803221211,0.0033965158321463,0.0002191300536868,0.0031773857784595,0.0052591212884846,0.0028486906979292,0.0024104305905554,0.0061356415032321,0.0002191300536868,0.0059165114495453,0.0066834666374492,0.0012052152952777,0.0054782513421715,2551
2024-03-01,2024,3,7752,1585,6167,43,28,15,435,71,364,16,10,6,400,128,272,287,195,92,33,6,27,34,16,18,333,36,297,66,66,0,4,4,0,561,226,335,382,188,194,8,4,4,27,11,16,41,31,10,34,25,9,54,3,51,32,13,19,87,15,72,105,37,68,0.7394124380007631,0.1511827546737886,0.5882296833269745,0.0041014879816863,0.0026707363601678,0.0014307516215185,0.0414917970240365,0.0067722243418542,0.0347195726821823,0.001526135062953,0.0009538344143456,0.0005723006486074,0.0381533765738267,0.0122090805036245,0.0259442960702022,0.0273750476917206,0.0185997710797405,0.0087752766119801,0.0031476535673407,0.0005723006486074,0.0025753529187333,0.0032430370087752,0.001526135062953,0.0017169019458222,0.031762685997710705,0.0034338038916444,0.0283288821060663,0.0062953071346814,0.0062953071346814,0.0,0.0003815337657382,0.0003815337657382,0.0,0.053510110644792,0.0215566577642121,0.0319534528805799,0.036436474628004395,0.0179320869896985,0.0185043876383059,0.0007630675314764,0.0003815337657382,0.0003815337657382,0.0025753529187332,0.0010492178557802,0.001526135062953,0.0039107210988171,0.0029568866844715,0.0009538344143456,0.0032430370087752,0.0023845860358641,0.0008584509729111,0.0051507058374666,0.0002861503243037,0.0048645555131629,0.003052270125906,0.0012399847386493,0.0018122853872567,0.0082983594048073,0.0014307516215185,0.0068676077832888,0.0100152613506294,0.0035291873330789,0.0064860740175505,2524
2024-04-01,2024,4,6500,1465,5035,32,24,8,435,72,363,32,20,12,425,179,246,298,222,76,34,4,30,34,25,9,414,98,316,277,272,5,37,37,0,710,278,432,186,56,130,12,3,9,57,18,39,18,14,4,25,15,10,29,4,25,28,19,9,64,14,50,178,61,117,0.6770128111655036,0.1525882720549942,0.5244245391105093,0.0033329861472762,0.0024997396104572,0.000833246536819,0.0453077804395375,0.0074992188313717,0.0378085616081658,0.0033329861472763,0.0020831163420477,0.0012498698052286,0.0442662222685136,0.0186438912613269,0.0256223310071867,0.0310384334965107,0.0231225913967295,0.0079158420997812,0.003541297781481,0.0004166232684095,0.0031246745130715,0.003541297781481,0.0026038954275596,0.0009374023539214,0.043120508280387396,0.0102072700760337,0.0329132382043537,0.028851161337360598,0.0283303822518487,0.0005207790855119,0.0038537652327882,0.0038537652327882,0.0,0.07395063014269329,0.028955317154463,0.0449953129882303,0.0193729819810435,0.0058327257577335,0.01354025622331,0.0012498698052285,0.0003124674513071,0.0009374023539214,0.005936881574835901,0.0018748047078429,0.004062076866993,0.0018748047078428,0.0014581814394333,0.0004166232684095,0.0026038954275595,0.0015623372565357,0.0010415581710238,0.0030205186959691,0.0004166232684095,0.0026038954275596,0.0029163628788667,0.0019789605249453,0.0009374023539214,0.0066659722945525,0.0014581814394333,0.0052077908551192,0.018539735444224402,0.0063535048432454,0.012186230600979,2731
2024-05-01,2024,5,7398,1584,5814,58,41,17,563,84,479,22,17,5,549,210,339,339,250,89,28,13,15,45,31,14,365,77,288,276,268,8,23,23,0,770,293,477,201,52,149,2,0,2,64,38,26,53,29,24,28,27,1,65,5,60,48,41,7,101,53,48,207,61,146,0.6773484709760116,0.1450283830800219,0.5323200878959897,0.0053103827137885,0.0037538912287126,0.0015564914850759,0.051547335652810805,0.0076908991027284,0.0438564365500824,0.0020142830983334997,0.0015564914850759,0.0004577916132576,0.0502655191356893,0.019227247756821,0.0310382713788683,0.0310382713788682,0.0228895806628822,0.008148690715986,0.0025636330342427,0.0011902581944698,0.0013733748397729,0.0041201245193187,0.0028383080021973,0.0012818165171214,0.033418787767808,0.0070499908441677,0.0263687969236403,0.0252700970518219,0.0245376304706097,0.0007324665812122,0.0021058414209851,0.0021058414209851,0.0,0.0704999084416773,0.026826588536898,0.0436733199047793,0.0184032228529573,0.0047610327778795,0.0136421900750778,0.000183116645303,0.0,0.000183116645303,0.0058597326496978,0.0034792162607581,0.0023805163889397,0.004852591100530899,0.0026551913568943,0.0021973997436366,0.002563633034242729,0.0024720747115912,9.155832265152902e-05,0.0059512909723493,0.0004577916132576,0.0054934993590917,0.0043947994872733,0.0037538912287126,0.0006409082585607,0.0092473905878043,0.004852591100531,0.0043947994872733,0.0189525727888664,0.0055850576817432,0.0133675151071232,3000
2024-06-01,2024,6,6412,1199,5213,43,25,18,496,105,391,37,19,18,480,153,327,326,238,88,45,10,35,26,14,12,349,42,307,287,282,5,33,33,0,661,239,422,253,57,196,4,1,3,41,20,21,56,44,12,20,20,0,45,2,43,31,22,9,85,24,61,125,20,105,0.6686828657837105,0.1250391073104599,0.5436437584732506,0.0044843049327353,0.0026071540306601,0.0018771509020752,0.0517259359682969,0.0109500469287725,0.0407758890395244,0.0038585879653768003,0.0019814370633016,0.0018771509020752,0.0500573573886745,0.01595578266764,0.0341015747210345,0.033997288559808,0.0248201063718844,0.0091771821879236,0.0046928772551881005,0.001042861612264,0.0036500156429241,0.0027114401918864,0.0014600062571696,0.0012514339347168,0.036395870268015405,0.004380018771509,0.0320158514965064,0.0299301282719782,0.0294086974658462,0.000521430806132,0.0034414433204713,0.0034414433204713,0.0,0.0689331525706538,0.0249243925331108,0.044008760037543,0.0263843987902804,0.005944311189905,0.0204400876003754,0.0004171446449056,0.0001042861612264,0.0003128584836792,0.0042757326102826,0.0020857232245281,0.0021900093857545,0.0058400250286786,0.0045885910939618,0.0012514339347168,0.0020857232245281,0.0020857232245281,0.0,0.0046928772551882,0.0002085723224528,0.0044843049327354,0.0032328709980185,0.0022942955469809,0.0009385754510376,0.0088643237042444,0.0025028678694337,0.0063614558348107,0.0130357701533006,0.0020857232245281,0.0109500469287725,2382
2024-07-01,2024,7,6509,1476,5033,39,26,13,407,50,357,24,16,8,331,118,213,257,135,122,47,15,32,14,12,2,253,34,219,207,207,0,23,23,0,650,217,433,305,124,181,8,3,5,32,20,12,47,40,7,35,31,4,38,2,36,32,26,6,69,22,47,71,22,49,0.7066550863098469,0.1602431874932146,0.5464118988166323,0.004234067962219,0.0028227119748127,0.0014113559874063,0.0441862989903376,0.0054282922592552,0.0387580067310824,0.0026055802844424,0.0017370535229616,0.0008685267614808,0.0359352947562696,0.0128107697318423,0.0231245250244273,0.0279014222125718,0.0146563890999891,0.0132450331125827,0.0051025947236998,0.0016284876777765,0.0034741070459233,0.0015199218325914,0.0013027901422212,0.0002171316903702,0.0274671588318314,0.0036912387362935,0.0237759200955379,0.0224731299533166,0.0224731299533166,0.0,0.0024970144392574,0.0024970144392574,0.0,0.070567799370318,0.0235587884051677,0.0470090109651503,0.033112582781456804,0.0134621648029529,0.0196504179785039,0.0008685267614808,0.0003256975355553,0.0005428292259255,0.0034741070459232,0.002171316903702,0.0013027901422212,0.0051025947236998,0.0043426338074041,0.0007599609162957,0.0037998045814786,0.0033655412007382,0.0004342633807404,0.0041255021170339,0.0002171316903702,0.0039083704266637,0.0034741070459233,0.0028227119748127,0.0006513950711106,0.0074910433177722,0.0023884485940723,0.0051025947236999,0.007708175008142399,0.0023884485940723,0.0053197264140701,2520
2024-08-01,2024,8,6505,1660,4845,42,25,17,374,47,327,40,32,8,305,141,164,252,163,89,35,6,29,20,12,8,362,48,314,259,253,6,20,20,0,643,246,397,171,78,93,10,4,6,28,8,20,43,37,6,41,33,8,31,0,31,31,22,9,101,17,84,98,21,77,0.7061441597915763,0.1801997394702562,0.52594442032132,0.0045592705167172,0.002713851498046,0.0018454190186712,0.0405992184107685,0.0051020408163265,0.035497177594442,0.0043421623968736,0.0034737299174989,0.0008684324793747,0.0331089882761614,0.0153061224489795,0.0178028658271819,0.0273556231003038,0.01769431176726,0.0096613113330438,0.0037993920972643,0.000651324359531,0.0031480677377333,0.0021710811984367003,0.001302648719062,0.0008684324793747,0.0392965696917063,0.0052105948762483,0.034085974815458,0.0281155015197567,0.0274641771602257,0.000651324359531,0.0021710811984368,0.0021710811984368,0.0,0.0698002605297438,0.0267042987407729,0.0430959617889709,0.0185627442466348,0.0084672166739036,0.0100955275727312,0.0010855405992183,0.0004342162396873,0.000651324359531,0.0030395136778115003,0.0008684324793747,0.0021710811984368,0.0046678245766391,0.0040165002171081,0.000651324359531,0.0044507164567954,0.0035822839774207,0.0008684324793747,0.003365175857577,0.0,0.003365175857577,0.0033651758575769996,0.0023881893182805,0.0009769865392965,0.0109639600521058,0.0018454190186712,0.0091185410334346,0.0106382978723403,0.0022796352583586,0.0083586626139817,2752
2024-09-01,2024,9,6071,1419,4652,33,16,17,371,40,331,15,10,5,309,141,168,219,125,94,5,4,1,22,17,5,379,72,307,238,232,6,24,24,0,632,191,441,157,57,100,11,4,7,31,10,21,24,18,6,36,29,7,70,5,65,32,24,8,62,12,50,95,16,79,0.699585157870477,0.1635169393869555,0.5360682184835216,0.0038027195206267,0.0018437427978796,0.0019589767227471,0.0427517861258354,0.0046093569946992,0.0381424291311362,0.0017285088730122,0.0011523392486748,0.0005761696243374,0.0356072827840516,0.0162479834063148,0.0193592993777368,0.0252362295459783,0.0144042406084351,0.0108319889375432,0.0005761696243373,0.0004609356994699,0.0001152339248674,0.0025351463470845,0.0019589767227471,0.0005761696243374,0.0436736575247752,0.0082968425904586,0.0353768149343166,0.0274256741184603,0.0267342705692555,0.0006914035492048,0.0027656141968195,0.0027656141968195,0.0,0.07282784051624791,0.0220096796496888,0.0508181608665591,0.0180917262041944,0.0065683337174464,0.011523392486748,0.0012675731735422,0.0004609356994699,0.0008066374740723,0.0035722516708919,0.0011523392486748,0.0024199124222171,0.0027656141968193998,0.0020742106476146,0.0006914035492048,0.0041484212952292,0.0033417838211569,0.0008066374740723,0.0080663747407236,0.0005761696243374,0.0074902051163862,0.0036874855957593,0.0027656141968195,0.0009218713989398,0.0071445033417837,0.0013828070984097,0.005761696243374,0.0109472228624105,0.0018437427978796,0.0091034800645309,2377
2024-10-01,2024,10,6668,1509,5159,39,24,15,402,45,357,9,5,4,324,115,209,269,191,78,3,3,0,19,17,2,441,142,299,66,64,2,8,8,0,698,255,443,308,116,192,2,0,2,33,20,13,34,27,7,27,18,9,42,13,29,9,7,2,64,14,50,125,34,91,0.7089092068892195,0.1604295130767595,0.5484796938124601,0.0041462896023814,0.0025515628322347,0.0015947267701467,0.0427386774399319,0.0047841803104401,0.0379544971294918,0.000956836062088,0.0005315755900489,0.0004252604720391,0.034446098235169004,0.0122262385711248,0.0222198596640442,0.028598766744631,0.0203061875398681,0.0082925792047629,0.0003189453540293,0.0003189453540293,0.0,0.0020199872421857,0.0018073570061662,0.0002126302360195,0.0468849670423134,0.0150967467573889,0.0317882202849245,0.0070167977886454,0.0068041675526259,0.0002126302360195,0.0008505209440782,0.0008505209440782,0.0,0.074207952370827,0.0271103550924941,0.0470975972783329,0.0327450563470124,0.0123325536891345,0.0204125026578779,0.0002126302360195,0.0,0.0002126302360195,0.0035083988943227,0.0021263023601956,0.0013820965341271,0.0036147140123323996,0.002870508186264,0.0007442058260684,0.002870508186264,0.001913672124176,0.000956836062088,0.0044652349564107,0.0013820965341271,0.0030831384222836,0.0009568360620879001,0.0007442058260684,0.0002126302360195,0.006804167552625901,0.0014884116521369,0.005315755900489,0.0132893897512225,0.0036147140123325,0.00967467573889,2500
2024-11-01,2024,11,6174,1296,4878,27,10,17,360,33,327,23,16,7,335,151,184,336,259,77,1,1,0,27,14,13,451,124,327,79,79,0,8,8,0,571,189,382,227,83,144,2,1,1,27,13,14,13,9,4,39,32,7,31,5,26,29,16,13,85,16,69,84,21,63,0.706811677160847,0.1483686319404693,0.5584430452203778,0.0030910131654263004,0.0011448196908986,0.0019461934745277,0.0412135088723525,0.0037779049799656,0.0374356038923869,0.0026330852890668003,0.0018317115054378,0.000801373783629,0.0383514596451058,0.0172867773325701,0.0210646823125357,0.0384659416141957,0.0296508299942759,0.0088151116199198,0.0001144819690898,0.0001144819690898,0.0,0.0030910131654263,0.0016027475672581,0.0014882655981682,0.0516313680595305,0.0141957641671436,0.0374356038923869,0.0090440755580996,0.0090440755580996,0.0,0.0009158557527189,0.0009158557527189,0.0,0.06536920435031479,0.0216370921579851,0.0437321121923297,0.025987406983399998,0.009502003434459,0.016485403548941,0.0002289639381796,0.0001144819690898,0.0001144819690898,0.0030910131654263,0.0014882655981682,0.0016027475672581,0.0014882655981682002,0.0010303377218088,0.0004579278763594,0.0044647967945047,0.0036634230108757,0.000801373783629,0.0035489410417858004,0.0005724098454493,0.0029765311963365,0.003319977103606,0.0018317115054378,0.0014882655981682,0.009730967372638701,0.0018317115054378,0.0078992558672009,0.0096164854035489,0.0024041213508872,0.0072123640526617,2241
2024-12-01,2024,12,5961,1372,4589,29,18,11,242,32,210,7,4,3,139,60,79,221,166,55,4,4,0,38,34,4,400,157,243,35,34,1,2,2,0,491,195,296,200,87,113,9,4,5,28,15,13,33,28,5,23,19,4,26,0,26,16,10,6,52,3,49,49,10,39,0.7610111068556108,0.1751563896336014,0.5858547172220094,0.0037022852036256,0.0022979701263883,0.0014043150772373,0.030894931699221202,0.0040852802246904,0.0268096514745308,0.000893655049151,0.0005106600280863,0.0003829950210647,0.0177454359759989,0.0076599004212945,0.0100855355547044,0.0282139665517681,0.0211923911655815,0.0070215753861866,0.0005106600280863,0.0005106600280863,0.0,0.0048512702668198,0.0043406102387335,0.0005106600280863,0.0510660028086301,0.0200434061023873,0.0310225967062428,0.0044682752457549995,0.0043406102387335,0.0001276650070215,0.0002553300140431,0.0002553300140431,0.0,0.0626835184475935,0.0248946763692072,0.0377888420783863,0.025533001404315,0.011106855610877,0.014426145793438,0.0011489850631941,0.0005106600280863,0.0006383250351078,0.003574620196604,0.0019149751053236,0.0016596450912804,0.0042129452317119,0.0035746201966041,0.0006383250351078,0.0029362951614962003,0.0024256351334099,0.0005106600280863,0.0033192901825609,0.0,0.0033192901825609,0.0020426401123451003,0.0012766500702157,0.0007659900421294,0.0066385803651218,0.0003829950210647,0.0062555853440571,0.006255585344057101,0.0012766500702157,0.0049789352738414,2122
2025-01-01,2025,1,6820,1562,5258,15,10,5,417,60,357,9,4,5,198,110,88,288,190,98,1,1,0,27,16,11,320,112,208,41,34,7,1,1,0,594,228,366,110,25,85,5,2,3,50,23,27,60,55,5,26,16,10,37,2,35,27,14,13,74,11,63,98,20,78,0.7597192826111172,0.1740002227915784,0.5857190598195389,0.0016709368385873999,0.0011139578923916,0.0005569789461958,0.046452044112732495,0.00668374735435,0.0397682967583825,0.0010025621031524,0.0004455831569566,0.0005569789461958,0.0220563662693549,0.0122535368163083,0.0098028294530466,0.0320819873008799,0.0211651999554416,0.0109167873454383,0.0001113957892391,0.0001113957892391,0.0,0.0030076863094573997,0.0017823326278266,0.0012253536816308,0.0356466525565332,0.0124763283947866,0.0231703241617466,0.0045672273588057,0.0037874568341316,0.0007797705246741,0.0001113957892391,0.0001113957892391,0.0,0.066169098808065,0.02539823994653,0.040770858861535,0.0122535368163082,0.0027848947309791,0.0094686420853291,0.0005569789461958,0.0002227915784783,0.0003341873677175,0.0055697894619583,0.0025621031525008,0.0030076863094575,0.0066837473543499,0.0061267684081541,0.0005569789461958,0.0028962905202182,0.0017823326278266,0.0011139578923916,0.0041216442018491,0.0002227915784783,0.0038988526233708,0.0030076863094573997,0.0015595410493483,0.0014481452601091,0.0082432884036983,0.0012253536816308,0.0070179347220675,0.0109167873454383,0.0022279157847833,0.008688871560655,2345
2025-02-01,2025,2,7229,1641,5588,14,10,4,242,37,205,20,11,9,237,107,130,267,187,80,0,0,0,15,10,5,269,85,184,73,68,5,3,3,0,562,229,333,281,133,148,6,1,5,27,15,12,15,8,7,27,21,6,33,1,32,10,7,3,56,6,50,83,9,74,0.7809225451010046,0.1772712541860213,0.6036512909149833,0.0015123690180403,0.0010802635843145,0.0004321054337258,0.0261423787404126,0.0039969752619639,0.0221454034784487,0.0021605271686291,0.001188289942746,0.0009722372258831,0.0256022469482553,0.0115588203521659,0.0140434265960894,0.028843037701199,0.0202009290266825,0.0086421086745165,0.0,0.0,0.0,0.0016203953764717,0.0010802635843145,0.0005401317921572,0.0290590904180619,0.0091822404666738,0.0198768499513881,0.007885924165496199,0.007345792373339,0.0005401317921572,0.0003240790752943,0.0003240790752943,0.0,0.060710813438478894,0.0247380360808037,0.0359727773576752,0.0303554067192394,0.0143675056713838,0.0159879010478556,0.0006481581505886,0.0001080263584314,0.0005401317921572,0.0029167116776492,0.0016203953764718,0.0012963163011774,0.0016203953764718,0.0008642108674516,0.0007561845090202,0.0029167116776493,0.0022685535270606,0.0006481581505887,0.003564869828238,0.0001080263584314,0.0034568434698066,0.0010802635843145001,0.0007561845090202,0.0003240790752943,0.0060494760721615,0.0006481581505887,0.0054013179215728,0.0089661877498109,0.0009722372258831,0.0079939505239278,2441
2025-03-01,2025,3,6581,1278,5303,21,15,6,283,61,222,15,6,9,148,47,101,280,210,70,2,2,0,9,7,2,291,108,183,110,107,3,3,3,0,521,201,320,217,91,126,7,6,1,41,19,22,7,6,1,32,24,8,29,4,25,17,14,3,62,10,52,99,31,68,0.7678217244195543,0.1491074553727686,0.6187142690467857,0.0024501225061252,0.0017500875043752,0.00070003500175,0.0330183175825457,0.0071170225177925,0.0259012950647532,0.0017500875043751,0.00070003500175,0.0010500525026251,0.017267530043168798,0.005483607513709,0.0117839225294598,0.0326683000816706,0.024501225061253,0.0081670750204176,0.0002333450005833,0.0002333450005833,0.0,0.001050052502625,0.0008167075020417,0.0002333450005833,0.0339516975848791,0.0126006300315015,0.0213510675533776,0.012833975032084801,0.0124839575312098,0.000350017500875,0.000350017500875,0.000350017500875,0.0,0.0607863726519659,0.0234511725586279,0.037335200093338,0.0253179325632947,0.0106171975265429,0.0147007350367518,0.0008167075020416,0.00070003500175,0.0001166725002916,0.0047835725119588,0.0022167775055419,0.0025667950064169,0.0008167075020416,0.00070003500175,0.0001166725002916,0.0037335200093337,0.0028001400070003,0.0009333800023334,0.0033835025084587,0.0004666900011667,0.002916812507292,0.0019834325049585,0.0016334150040835,0.000350017500875,0.0072336950180842,0.0011667250029168,0.0060669700151674,0.0115505775288764,0.0036168475090421,0.0079337300198343,2092
2025-04-01,2025,4,7077,1423,5654,30,22,8,226,41,185,9,5,4,310,168,142,190,132,58,1,1,0,7,0,7,484,101,383,185,169,16,16,16,0,473,186,287,146,54,92,0,0,0,40,20,20,22,19,3,22,20,2,32,1,31,34,24,10,49,5,44,78,14,64,0.7599055084290776,0.1527971652528723,0.6071083431762053,0.0032213035541715004,0.0023622892730591,0.0008590142811124,0.024267153441425802,0.0044024481907011,0.0198647052507247,0.0009663910662514,0.0005368839256952,0.0004295071405562,0.0332868033931063,0.0180392999033608,0.0152475034897455,0.0204015891764199,0.0141737356383549,0.006227853538065,0.000107376785139,0.000107376785139,0.0,0.0007516374959733,0.0,0.0007516374959733,0.051970364007301505,0.0108450552990443,0.0411253087082572,0.0198647052507247,0.0181466766884999,0.0017180285622248,0.0017180285622248,0.0017180285622248,0.0,0.050789219370771896,0.0199720820358638,0.0308171373349081,0.0156770106303016,0.0057983463975088,0.0098786642327928,0.0,0.0,0.0,0.004295071405562,0.002147535702781,0.002147535702781,0.0023622892730591,0.002040158917642,0.0003221303554171,0.0023622892730591,0.002147535702781,0.0002147535702781,0.0034360571244496,0.000107376785139,0.0033286803393106,0.0036508106947277,0.0025770428433372,0.0010737678513905,0.0052614624718135,0.0005368839256952,0.0047245785461183,0.008375389240846,0.0015032749919467,0.0068721142488993,2346
2025-05-01,2025,5,7217,1572,5645,12,7,5,285,34,251,9,2,7,317,179,138,247,153,94,3,3,0,20,12,8,158,35,123,164,156,8,17,16,1,433,162,271,142,37,105,1,0,1,21,10,11,30,20,10,59,54,5,27,5,22,17,11,6,38,2,36,75,18,57,0.793076923076923,0.1727472527472527,0.6203296703296703,0.0013186813186811999,0.0007692307692307,0.0005494505494505,0.0313186813186812,0.0037362637362637,0.0275824175824175,0.0009890109890108999,0.0002197802197802,0.0007692307692307,0.0348351648351647,0.0196703296703296,0.0151648351648351,0.0271428571428571,0.0168131868131868,0.0103296703296703,0.0003296703296703,0.0003296703296703,0.0,0.0021978021978021,0.0013186813186813,0.0008791208791208,0.0173626373626373,0.0038461538461538,0.0135164835164835,0.0180219780219779,0.0171428571428571,0.0008791208791208,0.0018681318681317998,0.0017582417582417,0.0001098901098901,0.047582417582417505,0.0178021978021978,0.0297802197802197,0.015604395604395499,0.004065934065934,0.0115384615384615,0.0001098901098901,0.0,0.0001098901098901,0.0023076923076922,0.001098901098901,0.0012087912087912,0.0032967032967031,0.0021978021978021,0.001098901098901,0.0064835164835164,0.0059340659340659,0.0005494505494505,0.0029670329670328996,0.0005494505494505,0.0024175824175824,0.0018681318681317998,0.0012087912087912,0.0006593406593406,0.0041758241758241,0.0002197802197802,0.0039560439560439,0.0082417582417581,0.0019780219780219,0.0062637362637362,2376
2025-06-01,2025,6,6492,1265,5227,23,17,6,218,41,177,8,6,2,217,93,124,258,180,78,1,1,0,15,9,6,206,40,166,32,30,2,3,3,0,483,205,278,171,46,125,0,0,0,16,3,13,24,24,0,48,41,7,27,6,21,21,11,10,69,8,61,65,21,44,0.7920937042459737,0.1543435822352367,0.637750122010737,0.0028062469497315,0.0020741825280624,0.0007320644216691,0.0265983406539774,0.0050024402147388,0.0215959004392386,0.0009760858955588,0.0007320644216691,0.0002440214738897,0.0264763299170326,0.0113469985358711,0.0151293313811615,0.0314787701317715,0.0219619326500732,0.0095168374816983,0.0001220107369448,0.0001220107369448,0.0,0.0018301610541727,0.0010980966325036,0.0007320644216691,0.0251342118106392,0.004880429477794,0.0202537823328452,0.0039043435822352,0.0036603221083455,0.0002440214738897,0.0003660322108345,0.0003660322108345,0.0,0.058931185944363,0.0250122010736944,0.0339189848706686,0.0208638360175694,0.0056124938994631,0.0152513421181063,0.0,0.0,0.0,0.0019521717911175,0.0003660322108345,0.001586139580283,0.0029282576866764,0.0029282576866764,0.0,0.0058565153733527,0.0050024402147388,0.0008540751586139,0.0032942898975109,0.0007320644216691,0.0025622254758418,0.0025622254758418,0.0013421181063933,0.0012201073694485,0.0084187408491947,0.0009760858955588,0.0074426549536359,0.0079306979014152,0.0025622254758418,0.0053684724255734,1915
2025-07-01,2025,7,8057,1822,6235,33,24,9,285,47,238,7,2,5,402,279,123,214,132,82,2,2,0,29,15,14,212,34,178,59,57,2,11,11,0,567,206,361,284,103,181,3,3,0,21,12,9,66,55,11,30,24,6,65,4,61,36,23,13,59,13,46,78,16,62,0.7763538253998843,0.1755636924262864,0.600790132973598,0.0031798034303333,0.0023125843129697,0.0008672191173636,0.0274619387165156,0.0045288109462324,0.0229331277702832,0.0006745037579494,0.0001927153594141,0.0004817883985353,0.038735787242243094,0.0268837926382732,0.0118519946039699,0.0206205434573134,0.0127192137213335,0.0079013297359799,0.0001927153594141,0.0001927153594141,0.0,0.0027943727115049997,0.001445365195606,0.001349007515899,0.0204278280978993,0.0032761611100404,0.0171516669878589,0.0056851031027172,0.0054923877433031,0.0001927153594141,0.0010599344767777,0.0010599344767777,0.0,0.0546348043939101,0.0198496820196569,0.0347851223742532,0.0273655810368085,0.0099248410098284,0.0174407400269801,0.0002890730391212,0.0002890730391212,0.0,0.0020235112738484,0.0011562921564848,0.0008672191173636,0.0063596068606666,0.0052996723838889,0.0010599344767777,0.0028907303912121,0.0023125843129697,0.0005781460782424,0.0062632491809596,0.0003854307188282,0.0058778184621314,0.0034688764694544997,0.0022162266332626,0.0012526498361919,0.005685103102717201,0.0012526498361919,0.0044324532665253,0.007515899017151599,0.0015417228753131,0.0059741761418385,2793
2025-08-01,2025,8,8177,1527,6650,31,21,10,322,45,277,13,8,5,269,136,133,207,123,84,0,0,0,38,25,13,211,82,129,49,45,4,2,2,0,671,270,401,330,102,228,1,1,0,32,20,12,49,40,9,24,16,8,42,1,41,35,21,14,58,8,50,141,47,94,0.776616962674518,0.1450280178554468,0.6315889448190711,0.0029442492164498003,0.0019944914046918,0.000949757811758,0.0305822015386076,0.004273910152911,0.0263082913856966,0.0012346851552854,0.0007598062494064,0.000474878905879,0.025548485136290197,0.0129167062399088,0.0126317788963814,0.0196599867033906,0.0116820210846234,0.0079779656187672,0.0,0.0,0.0,0.0036090796846804003,0.002374394529395,0.0012346851552854,0.0200398898280938,0.0077880140564156,0.0122518757716782,0.0046538132776142,0.004273910152911,0.0003799031247032,0.0001899515623516,0.0001899515623516,0.0,0.06372874916896179,0.025643460917466,0.0380852882514958,0.031342007788014,0.0096875296799316,0.0216544781080824,9.497578117580016e-05,9.497578117580016e-05,0.0,0.0030392249976256003,0.001899515623516,0.0011397093741096,0.0046538132776141996,0.003799031247032,0.0008547820305822,0.0022794187482191998,0.0015196124988128,0.0007598062494064,0.0039889828093836,9.497578117580016e-05,0.0038940070282078,0.0033241523411530003,0.0019944914046918,0.0013296609364612,0.0055085953081964005,0.0007598062494064,0.00474878905879,0.013391585145787801,0.0044638617152626,0.0089277234305252,2443
2025-09-01,2025,9,7109,1257,5852,18,11,7,270,43,227,17,15,2,201,110,91,237,122,115,7,7,0,18,11,7,318,142,176,63,61,2,5,4,1,498,193,305,183,59,124,4,4,0,28,12,16,22,18,4,20,14,6,30,3,27,34,18,16,49,5,44,80,36,44,0.7859590934217799,0.138971807628524,0.6469872857932559,0.0019900497512437,0.0012161415146489,0.0007739082365948,0.0298507462686566,0.0047540077390823,0.0250967385295743,0.0018794914317301,0.0016583747927031,0.000221116639027,0.0222222222222221,0.0121614151464897,0.0100608070757324,0.0262023217247096,0.0134881149806522,0.0127142067440574,0.0007739082365948,0.0007739082365948,0.0,0.0019900497512437,0.0012161415146489,0.0007739082365948,0.0351575456053067,0.0156992813709231,0.0194582642343836,0.0069651741293531005,0.0067440574903261,0.000221116639027,0.0005527915975676,0.0004422332780541,0.0001105583195135,0.055058043117744496,0.0213377556661138,0.0337202874516307,0.020232172470978298,0.006522940851299,0.0137092316196793,0.0004422332780541,0.0004422332780541,0.0,0.0030956329463791,0.0013266998341625,0.0017689331122166,0.0024322830292978,0.0019900497512437,0.0004422332780541,0.0022111663902707997,0.0015478164731896,0.0006633499170812,0.0033167495854062,0.0003316749585406,0.0029850746268656,0.0037589828634603,0.0019900497512437,0.0017689331122166,0.005417357656163599,0.0005527915975677,0.0048645660585959,0.0088446655610834,0.0039800995024875,0.0048645660585959,2065
2025-10-01,2025,10,6927,1564,5363,43,34,9,210,27,183,9,6,3,285,174,111,166,106,60,0,0,0,20,11,9,246,67,179,91,87,4,8,7,1,392,153,239,188,61,127,7,5,2,49,25,24,42,37,5,27,23,4,26,3,23,28,16,12,64,7,57,56,9,47,0.7889521640091115,0.178132118451025,0.6108200455580866,0.0048974943052391,0.0038724373576309,0.0010250569476082,0.0239179954441913,0.0030751708428246,0.0208428246013667,0.0010250569476081,0.0006833712984054,0.0003416856492027,0.0324601366742596,0.0198177676537585,0.0126423690205011,0.018906605922551098,0.0120728929384965,0.0068337129840546,0.0,0.0,0.0,0.0022779043280182,0.00125284738041,0.0010250569476082,0.0280182232346241,0.007630979498861,0.0203872437357631,0.0103644646924828,0.0099088838268792,0.0004555808656036,0.0009111617312072,0.0007972665148063,0.0001138952164009,0.044646924829157095,0.0174259681093394,0.0272209567198177,0.021412300683371202,0.0069476082004555,0.0144646924829157,0.0007972665148063,0.0005694760820045,0.0002277904328018,0.0055808656036445,0.0028473804100227,0.0027334851936218,0.004783599088838199,0.0042141230068337,0.0005694760820045,0.0030751708428244998,0.0026195899772209,0.0004555808656036,0.0029612756264236,0.0003416856492027,0.0026195899772209,0.0031890660592253997,0.0018223234624145,0.0013667425968109,0.0072892938496582,0.0007972665148063,0.0064920273348519,0.006378132118451,0.0010250569476082,0.0053530751708428,2351
2025-11-01,2025,11,6760,1331,5429,22,14,8,226,43,183,15,12,3,197,113,84,190,132,58,0,0,0,15,11,4,490,199,291,378,357,21,18,18,0,400,162,238,157,49,108,1,0,1,36,21,15,29,23,6,69,66,3,27,3,24,27,18,9,47,5,42,62,21,41,0.7489474850432085,0.1474628849988921,0.6014846000443164,0.0024374030578329,0.0015510746731664,0.0008863283846665,0.0250387768668291,0.0047640150675825,0.0202747617992466,0.0016618657212496,0.0013294925769997,0.0003323731442499,0.0218258364724129,0.0125193884334145,0.0093064480389984,0.0210502991358297,0.0146244183469975,0.0064258807888322,0.0,0.0,0.0,0.0016618657212496,0.0012187015289164,0.0004431641923332,0.0542876135608242,0.0220474185685796,0.0322401949922446,0.041879016175493,0.0395524041657434,0.0023266120097496,0.0019942388654996,0.0019942388654996,0.0,0.044316419233325896,0.017948149789497,0.0263682694438289,0.0173941945490804,0.0054287613560824,0.011965433192998,0.0001107910480833,0.0,0.0001107910480833,0.0039884777309993,0.0023266120097496,0.0016618657212497,0.003212940394416,0.0025481941059162,0.0006647462884998,0.0076445823177486,0.0073122091734987,0.0003323731442499,0.0029913582982494004,0.0003323731442499,0.0026589851539995,0.0029913582982494004,0.0019942388654996,0.0009971194327498,0.0052071792599157,0.0005539552404165,0.0046532240194992,0.0068690449811655,0.0023266120097496,0.0045424329714159,2498
2025-12-01,2025,12,6054,1193,4861,23,16,7,210,24,186,6,5,1,189,91,98,236,181,55,2,2,0,17,10,7,423,183,240,76,75,1,6,6,0,510,212,298,176,77,99,1,0,1,26,10,16,12,6,6,92,82,10,43,8,35,9,7,2,55,10,45,61,22,39,0.7513963013528608,0.1480700012411567,0.6033263001117041,0.0028546605436265,0.0019858508129576,0.0008688097306689,0.0260642919200694,0.0029787762194365,0.0230855157006329,0.000744694054859,0.0006205783790492,0.0001241156758098,0.023457862728062398,0.0112945264986967,0.0121633362293657,0.029291299491125702,0.0224649373215837,0.006826362169542,0.0002482313516197,0.0002482313516197,0.0,0.0021099664887674,0.0012411567580985,0.0008688097306689,0.052500930867568504,0.0227131686732034,0.0297877621943651,0.0094327913615489,0.0093086756857391,0.0001241156758098,0.0007446940548591,0.0007446940548591,0.0,0.0632989946630259,0.0263125232716892,0.0369864713913367,0.0218443589425344,0.0095569070373588,0.0122874519051756,0.0001241156758098,0.0,0.0001241156758098,0.0032270075710561,0.0012411567580985,0.0019858508129576,0.0014893881097182,0.0007446940548591,0.0007446940548591,0.0114186421745065,0.010177485416408,0.0012411567580985,0.0053369740598237,0.0009929254064788,0.0043440486533449,0.0011170410822886,0.0008688097306689,0.0002482313516197,0.0068263621695419,0.0012411567580985,0.0055852054114434,0.0075710562244011,0.0027305448678168,0.0048405113565843,2090
2026-01-01,2026,1,6266,1200,5066,15,9,6,250,50,200,11,8,3,146,67,79,349,264,85,2,2,0,28,17,11,301,83,218,130,128,2,12,12,0,583,270,313,235,127,108,8,5,3,18,8,10,14,10,4,36,27,9,34,4,30,18,13,5,41,7,34,60,23,37,0.7560328185328185,0.1447876447876447,0.6112451737451737,0.0018098455598454999,0.0010859073359073,0.0007239382239382,0.0301640926640926,0.0060328185328185,0.0241312741312741,0.00132722007722,0.0009652509652509,0.0003619691119691,0.01761583011583,0.0080839768339768,0.0095318532818532,0.042109073359073296,0.0318532818532818,0.0102557915057915,0.0002413127413127,0.0002413127413127,0.0,0.0033783783783783,0.0020511583011583,0.00132722007722,0.0363175675675675,0.0100144787644787,0.0263030888030888,0.0156853281853281,0.0154440154440154,0.0002413127413127,0.0014478764478764,0.0014478764478764,0.0,0.070342664092664,0.03257722007722,0.037765444015444,0.028354247104247,0.015323359073359,0.013030888030888,0.0009652509652509,0.0006032818532818,0.0003619691119691,0.0021718146718146,0.0009652509652509,0.0012065637065637,0.0016891891891891,0.0012065637065637,0.0004826254826254,0.0043436293436293,0.003257722007722,0.0010859073359073,0.0041023166023165,0.0004826254826254,0.0036196911196911,0.0021718146718146,0.0015685328185328,0.0006032818532818,0.0049469111969111,0.0008445945945945,0.0041023166023166,0.007239382239382201,0.0027750965250965,0.0044642857142857,2147
2026-02-01,2026,2,4850,1007,3843,15,11,4,210,30,180,4,3,1,143,69,74,235,174,61,6,6,0,25,17,8,253,69,184,59,55,4,0,0,0,466,199,267,170,77,93,5,4,1,34,8,26,15,13,2,52,48,4,32,4,28,23,13,10,66,13,53,53,13,40,0.7440932801472844,0.1544952439398588,0.5895980362074256,0.0023013194231359,0.001687634243633,0.0006136851795029,0.0322184719239029,0.0046026388462718,0.0276158330776311,0.0006136851795028,0.0004602638846271,0.0001534212948757,0.0219392451672291,0.0105860693464252,0.0113531758208039,0.0360540042957962,0.0266953053083768,0.0093586989874194,0.0009205277692543,0.0009205277692543,0.0,0.0038355323718930997,0.0026081620128873,0.0012273703590058,0.0388155876035592,0.0105860693464252,0.028229518257134,0.009051856397667899,0.008438171218165,0.0006136851795029,0.0,0.0,0.0,0.0714943234120895,0.03053083768027,0.0409634857318195,0.0260816201288738,0.0118134397054311,0.0142681804234427,0.0007671064743785999,0.0006136851795029,0.0001534212948757,0.0052163240257747,0.0012273703590058,0.0039889536667689,0.0023013194231358,0.0019944768333844,0.0003068425897514,0.007977907333537801,0.0073642221540349,0.0006136851795029,0.004909481436023299,0.0006136851795029,0.0042957962565204,0.0035286897821416,0.0019944768333844,0.0015342129487572,0.010125805461798,0.0019944768333844,0.0081313286284136,0.0081313286284135,0.0019944768333844,0.0061368517950291,1687
2026-03-01,2026,3,5502,1177,4325,22,15,7,267,31,236,9,6,3,130,73,57,195,127,68,11,11,0,20,10,10,243,52,191,53,51,2,11,11,0,405,180,225,151,78,73,3,0,3,46,21,25,12,10,2,38,31,7,24,5,19,29,23,6,44,5,39,65,24,41,0.7697257974258533,0.1646614437604924,0.6050643536653609,0.0030777839955231003,0.0020984890878567,0.0009792949076664,0.0373531057638499,0.0043368774482372,0.0330162283156127,0.0012590934527139,0.0008393956351426,0.0004196978175713,0.0181869054280917,0.0102126468942361,0.0079742585338556,0.0272803581421376,0.0177672076105204,0.0095131505316172,0.0015388919977616,0.0015388919977616,0.0,0.0027979854504756,0.0013989927252378,0.0013989927252378,0.0339955232232792,0.0072747621712367,0.0267207610520425,0.007414661443760399,0.0071348628987129,0.0002797985450475,0.0015388919977616,0.0015388919977616,0.0,0.056659205372131996,0.0251818690542809,0.0314773363178511,0.021124790151091102,0.010912143256855,0.0102126468942361,0.0004196978175713,0.0,0.0004196978175713,0.0064353665360939,0.0029378847229994,0.0034974818130945,0.0016787912702853,0.0013989927252378,0.0002797985450475,0.0053161723559036,0.0043368774482372,0.0009792949076664,0.0033575825405707,0.0006994963626189,0.0026580861779518,0.0040570789031896,0.003217683268047,0.0008393956351426,0.0061555679910464,0.0006994963626189,0.0054560716284275,0.0090934527140457,0.0033575825405707,0.005735870173475,1858
2026-04-01,2026,4,5561,1049,4512,29,23,6,281,34,247,13,9,4,160,74,86,207,128,79,8,8,0,17,8,9,192,55,137,48,44,4,15,15,0,427,163,264,100,43,57,3,3,0,34,7,27,23,18,5,40,32,8,39,5,34,16,10,6,38,15,23,63,20,43,0.7770015369568255,0.1465697918122118,0.6304317451446136,0.0040519770853708,0.0032136369987424,0.0008383400866284,0.0392622607237669,0.004750593824228,0.0345116668995389,0.0018164035210282998,0.0012575101299427,0.0005588933910856,0.022355735643425897,0.0103395277350845,0.0120162079083414,0.0289227329886823,0.0178845885147408,0.0110381444739415,0.0011177867821713,0.0011177867821713,0.0,0.0023752969121139996,0.0011177867821713,0.0012575101299427,0.0268268827721111,0.0076847841274276,0.0191420986446835,0.0067067206930277,0.0061478273019421,0.0005588933910856,0.0020958502165711,0.0020958502165711,0.0,0.0596618694983931,0.0227749056867402,0.0368869638116529,0.0139723347771412,0.0060081039541707,0.0079642308229705,0.0004191700433142,0.0004191700433142,0.0,0.0047505938242279,0.0009780634343998,0.0037725303898281,0.0032136369987423997,0.0025150202598854,0.000698616738857,0.0055889339108564995,0.0044711471286852,0.0011177867821713,0.005449210563085,0.000698616738857,0.004750593824228,0.0022355735643425,0.0013972334777141,0.0008383400866284,0.0053094872153134996,0.0020958502165711,0.0032136369987424,0.008802570909598899,0.0027944669554282,0.0060081039541707,1665
2026-05-01,2026,5,5694,1037,4657,13,8,5,213,22,191,8,3,5,150,68,82,162,98,64,4,4,0,9,3,6,196,40,156,83,80,3,3,3,0,399,128,271,121,52,69,5,1,4,8,2,6,10,8,2,37,33,4,31,0,31,17,14,3,66,7,59,60,10,50,0.7953624807934069,0.1448526330493085,0.6505098477440984,0.0018158960748706,0.0011174745076127,0.0006984215672579,0.0297527587651905,0.0030730548959351,0.0266797038692554,0.0011174745076126,0.0004190529403547,0.0006984215672579,0.0209526470177398,0.0094985333147087,0.0114541137030311,0.022628858779159003,0.0136890627182567,0.0089397960609023,0.0005587372538063,0.0005587372538063,0.0,0.0012571588210642001,0.0004190529403547,0.0008381058807095,0.027378125436513398,0.0055873725380639,0.0217907528984495,0.0115937980164826,0.0111747450761279,0.0004190529403547,0.0004190529403547,0.0004190529403547,0.0,0.0557340410671881,0.0178795921218047,0.0378544489453834,0.0169018019276434,0.0072635842994831,0.0096382176281603,0.0006984215672578,0.0001396843134515,0.0005587372538063,0.0011174745076126,0.0002793686269031,0.0008381058807095,0.0013968431345158,0.0011174745076127,0.0002793686269031,0.005168319597709,0.0046095823439027,0.0005587372538063,0.0043302137169995,0.0,0.0043302137169995,0.002374633328677,0.0019555803883223,0.0004190529403547,0.0092191646878054,0.0009777901941611,0.0082413744936443,0.0083810588070958,0.0013968431345159,0.0069842156725799,1552
2026-06-01,2026,6,111,17,94,0,0,0,6,0,6,0,0,0,7,6,1,2,0,2,0,0,0,0,0,0,4,1,3,6,6,0,1,1,0,5,2,3,7,3,4,0,0,0,0,0,0,0,0,0,1,1,0,2,0,2,0,0,0,0,0,0,2,1,1,0.7254901960784315,0.1111111111111111,0.6143790849673203,0.0,0.0,0.0,0.0392156862745098,0.0,0.0392156862745098,0.0,0.0,0.0,0.0457516339869281,0.0392156862745098,0.0065359477124183,0.0130718954248366,0.0,0.0130718954248366,0.0,0.0,0.0,0.0,0.0,0.0,0.0261437908496732,0.0065359477124183,0.0196078431372549,0.0392156862745098,0.0392156862745098,0.0,0.0065359477124183,0.0065359477124183,0.0,0.0326797385620915,0.0130718954248366,0.0196078431372549,0.0457516339869281,0.0196078431372549,0.0261437908496732,0.0,0.0,0.0,0.0,0.0,0.0,0.0,0.0,0.0,0.0065359477124183,0.0065359477124183,0.0,0.0130718954248366,0.0,0.0130718954248366,0.0,0.0,0.0,0.0,0.0,0.0,0.0130718954248366,0.0065359477124183,0.0065359477124183,38
