date,year,month,-999Norm,cr_-999Norm,nr_-999Norm,activismNorm,cr_activismNorm,nr_activismNorm,arrestNorm,cr_arrestNorm,nr_arrestNorm,censorNorm,cr_censorNorm,nr_censorNorm,cooperateNorm,cr_cooperateNorm,nr_cooperateNorm,corruptionNorm,cr_corruptionNorm,nr_corruptionNorm,coupNorm,cr_coupNorm,nr_coupNorm,defamationcaseNorm,cr_defamationcaseNorm,nr_defamationcaseNorm,disasterNorm,cr_disasterNorm,nr_disasterNorm,electionactivityNorm,cr_electionactivityNorm,nr_electionactivityNorm,electionirregularitiesNorm,cr_electionirregularitiesNorm,nr_electionirregularitiesNorm,legalactionNorm,cr_legalactionNorm,nr_legalactionNorm,legalchangeNorm,cr_legalchangeNorm,nr_legalchangeNorm,martiallawNorm,cr_martiallawNorm,nr_martiallawNorm,mobilizesecurityNorm,cr_mobilizesecurityNorm,nr_mobilizesecurityNorm,protestNorm,cr_protestNorm,nr_protestNorm,purgeNorm,cr_purgeNorm,nr_purgeNorm,raidNorm,cr_raidNorm,nr_raidNorm,threatenNorm,cr_threatenNorm,nr_threatenNorm,violencelethalNorm,cr_violencelethalNorm,nr_violencelethalNorm,violencenonlethalNorm,cr_violencenonlethalNorm,nr_violencenonlethalNorm,total_articles
2012-01-01,2012,1,0.7169179229480738,0.254606365159129,0.4623115577889447,0.0150753768844221,0.0083752093802345,0.0067001675041876,0.0301507537688442,0.0067001675041876,0.0234505862646566,0.0016750418760469,0.0016750418760469,0.0,0.0217755443886097,0.0134003350083752,0.0083752093802345,0.0184254606365159,0.0067001675041876,0.0117252931323283,0.0033500837520938,0.0033500837520938,0.0,0.0,0.0,0.0,0.028475711892797302,0.0050251256281407,0.0234505862646566,0.0134003350083752,0.0134003350083752,0.0,0.0033500837520938,0.0033500837520938,0.0,0.038525963149078704,0.0251256281407035,0.0134003350083752,0.0083752093802345,0.0016750418760469,0.0067001675041876,0.0,0.0,0.0,0.0083752093802345,0.0067001675041876,0.0016750418760469,0.0402010050251256,0.0368509212730318,0.0033500837520938,0.0117252931323283,0.0100502512562814,0.0016750418760469,0.0033500837520938,0.0016750418760469,0.0016750418760469,0.0134003350083752,0.0100502512562814,0.0033500837520938,0.0100502512562814,0.0016750418760469,0.0083752093802345,0.0251256281407035,0.0150753768844221,0.0100502512562814,253
2012-02-01,2012,2,0.7657992565055762,0.3178438661710037,0.4479553903345725,0.0241635687732341,0.0185873605947955,0.0055762081784386,0.027881040892193197,0.0148698884758364,0.0130111524163568,0.003717472118959,0.0018587360594795,0.0018587360594795,0.0074349442379182,0.0074349442379182,0.0,0.0334572490706319,0.0278810408921933,0.0055762081784386,0.003717472118959,0.0018587360594795,0.0018587360594795,0.0055762081784386,0.0018587360594795,0.0037174721189591,0.0167286245353159,0.0092936802973977,0.0074349442379182,0.0185873605947954,0.0167286245353159,0.0018587360594795,0.0018587360594795,0.0018587360594795,0.0,0.0371747211895909,0.020446096654275,0.0167286245353159,0.0148698884758364,0.0111524163568773,0.0037174721189591,0.0018587360594795,0.0018587360594795,0.0,0.0,0.0,0.0,0.020446096654275003,0.0185873605947955,0.0018587360594795,0.0055762081784386,0.0055762081784386,0.0,0.003717472118959,0.0018587360594795,0.0018587360594795,0.003717472118959,0.0018587360594795,0.0018587360594795,0.0111524163568773,0.0037174721189591,0.0074349442379182,0.0111524163568773,0.0074349442379182,0.0037174721189591,259
2012-03-01,2012,3,0.7758620689655171,0.3120689655172414,0.4637931034482758,0.0086206896551724,0.0086206896551724,0.0,0.0344827586206895,0.0120689655172413,0.0224137931034482,0.0017241379310344,0.0017241379310344,0.0,0.0293103448275861,0.0189655172413793,0.0103448275862068,0.0206896551724137,0.0155172413793103,0.0051724137931034,0.0206896551724137,0.0206896551724137,0.0,0.0017241379310344,0.0017241379310344,0.0,0.0,0.0,0.0,0.0068965517241379,0.0068965517241379,0.0,0.0034482758620689,0.0034482758620689,0.0,0.0310344827586205,0.0206896551724137,0.0103448275862068,0.0086206896551723,0.0051724137931034,0.0034482758620689,0.0017241379310344,0.0017241379310344,0.0,0.0034482758620689,0.0034482758620689,0.0,0.0172413793103448,0.0172413793103448,0.0,0.013793103448275699,0.0103448275862068,0.0034482758620689,0.0017241379310344,0.0,0.0017241379310344,0.0206896551724137,0.0189655172413793,0.0017241379310344,0.0051724137931033,0.0017241379310344,0.0034482758620689,0.006896551724137799,0.0051724137931034,0.0017241379310344,276
2012-04-01,2012,4,0.851685393258427,0.4191011235955056,0.4325842696629213,0.007865168539325701,0.0056179775280898,0.0022471910112359,0.0168539325842695,0.0056179775280898,0.0112359550561797,0.0022471910112359,0.0022471910112359,0.0,0.0213483146067414,0.0157303370786516,0.0056179775280898,0.0235955056179774,0.0168539325842696,0.0067415730337078,0.0101123595505617,0.0101123595505617,0.0,0.0,0.0,0.0,0.0078651685393258,0.0044943820224719,0.0033707865168539,0.0089887640449437,0.0056179775280898,0.0033707865168539,0.0011235955056179,0.0011235955056179,0.0,0.0280898876404494,0.0146067415730337,0.0134831460674157,0.005617977528089801,0.0033707865168539,0.0022471910112359,0.0,0.0,0.0,0.0011235955056179,0.0,0.0011235955056179,0.0022471910112358,0.0011235955056179,0.0011235955056179,0.0213483146067415,0.0213483146067415,0.0,0.0,0.0,0.0,0.0011235955056179,0.0011235955056179,0.0,0.0011235955056179,0.0,0.0011235955056179,0.0022471910112358,0.0011235955056179,0.0011235955056179,462
2012-05-01,2012,5,0.7338709677419354,0.3052995391705069,0.4285714285714285,0.0046082949308755,0.0046082949308755,0.0,0.026497695852534503,0.0149769585253456,0.0115207373271889,0.0023041474654377,0.0023041474654377,0.0,0.0230414746543778,0.0126728110599078,0.01036866359447,0.0472350230414745,0.0264976958525345,0.02073732718894,0.0172811059907833,0.0149769585253456,0.0023041474654377,0.0011520737327188,0.0,0.0011520737327188,0.0046082949308754,0.0023041474654377,0.0023041474654377,0.0161290322580644,0.0149769585253456,0.0011520737327188,0.0023041474654377,0.0023041474654377,0.0,0.0587557603686635,0.0276497695852534,0.0311059907834101,0.0414746543778801,0.0264976958525345,0.0149769585253456,0.0011520737327188,0.0011520737327188,0.0,0.0,0.0,0.0,0.0103686635944699,0.0080645161290322,0.0023041474654377,0.0276497695852534,0.0184331797235023,0.0092165898617511,0.0011520737327188,0.0,0.0011520737327188,0.0080645161290321,0.0046082949308755,0.0034562211981566,0.0034562211981566,0.0,0.0034562211981566,0.005760368663594299,0.0023041474654377,0.0034562211981566,407
2012-06-01,2012,6,0.7686139747995417,0.3138602520045819,0.4547537227949599,0.0080183276059563,0.0022909507445589,0.0057273768613974,0.021764032073310298,0.0045819014891179,0.0171821305841924,0.004581901489117799,0.0034364261168384,0.0011454753722794,0.0194730813287513,0.0148911798396334,0.0045819014891179,0.0355097365406643,0.0217640320733104,0.0137457044673539,0.004581901489117799,0.0034364261168384,0.0011454753722794,0.0011454753722794,0.0,0.0011454753722794,0.0080183276059563,0.0022909507445589,0.0057273768613974,0.014891179839633301,0.0126002290950744,0.0022909507445589,0.0011454753722794,0.0011454753722794,0.0,0.054982817869415695,0.0343642611683848,0.0206185567010309,0.0400916380297823,0.0252004581901489,0.0148911798396334,0.0,0.0,0.0,0.0022909507445589,0.0,0.0022909507445589,0.0114547537227948,0.0057273768613974,0.0057273768613974,0.0080183276059563,0.0045819014891179,0.0034364261168384,0.0022909507445589,0.0,0.0022909507445589,0.0126002290950743,0.0114547537227949,0.0011454753722794,0.0045819014891179,0.0,0.0045819014891179,0.004581901489117799,0.0011454753722794,0.0034364261168384,388
2012-07-01,2012,7,0.7219069239500566,0.2553916004540295,0.4665153234960272,0.011350737797956801,0.0079455164585698,0.003405221339387,0.0397275822928489,0.0113507377979568,0.0283768444948921,0.0011350737797956,0.0011350737797956,0.0,0.0317820658342792,0.0158910329171396,0.0158910329171396,0.0454029511918274,0.0249716231555051,0.0204313280363223,0.0022701475595913,0.0022701475595913,0.0,0.0011350737797956,0.0,0.0011350737797956,0.003405221339387,0.0,0.003405221339387,0.0204313280363222,0.0192962542565266,0.0011350737797956,0.0011350737797956,0.0011350737797956,0.0,0.053348467650397205,0.0192962542565266,0.0340522133938706,0.0204313280363222,0.0090805902383654,0.0113507377979568,0.0011350737797956,0.0011350737797956,0.0,0.0022701475595913,0.0022701475595913,0.0,0.0261066969353007,0.0102156640181611,0.0158910329171396,0.0136208853575481,0.0113507377979568,0.0022701475595913,0.0079455164585697,0.0022701475595913,0.0056753688989784,0.0034052213393869,0.0022701475595913,0.0011350737797956,0.0102156640181611,0.0022701475595913,0.0079455164585698,0.013620885357548199,0.0079455164585698,0.0056753688989784,346
2012-08-01,2012,8,0.6939461883408071,0.2443946188340807,0.4495515695067265,0.0190582959641254,0.0156950672645739,0.0033632286995515,0.0325112107623317,0.0033632286995515,0.0291479820627802,0.0011210762331838,0.0,0.0011210762331838,0.0336322869955156,0.0235426008968609,0.0100896860986547,0.0437219730941703,0.0213004484304932,0.0224215246636771,0.0022421524663677,0.0022421524663677,0.0,0.0022421524663676,0.0011210762331838,0.0011210762331838,0.0100896860986547,0.0,0.0100896860986547,0.040358744394618694,0.0392376681614349,0.0011210762331838,0.0022421524663677,0.0022421524663677,0.0,0.0706278026905829,0.0302690582959641,0.0403587443946188,0.0179372197309416,0.0067264573991031,0.0112107623318385,0.0,0.0,0.0,0.0,0.0,0.0,0.020179372197309302,0.0044843049327354,0.0156950672645739,0.0112107623318384,0.0056053811659192,0.0056053811659192,0.0033632286995515003,0.0011210762331838,0.0022421524663677,0.012331838565022301,0.0078475336322869,0.0044843049327354,0.0089686098654707,0.0033632286995515,0.0056053811659192,0.008968609865470701,0.0011210762331838,0.0078475336322869,355
2012-09-01,2012,9,0.7621951219512195,0.282520325203252,0.4796747967479675,0.010162601626016201,0.008130081300813,0.0020325203252032,0.0223577235772357,0.0040650406504065,0.0182926829268292,0.0010162601626016,0.0,0.0010162601626016,0.041666666666666595,0.0315040650406504,0.0101626016260162,0.0355691056910568,0.0213414634146341,0.0142276422764227,0.0020325203252032,0.0010162601626016,0.0010162601626016,0.0010162601626016,0.0010162601626016,0.0,0.0101626016260161,0.0030487804878048,0.0071138211382113,0.0264227642276422,0.0264227642276422,0.0,0.0020325203252032,0.0020325203252032,0.0,0.0355691056910568,0.0213414634146341,0.0142276422764227,0.0152439024390243,0.008130081300813,0.0071138211382113,0.0,0.0,0.0,0.0010162601626016,0.0,0.0010162601626016,0.0233739837398373,0.0182926829268292,0.0050813008130081,0.010162601626016201,0.0091463414634146,0.0010162601626016,0.0010162601626016,0.0010162601626016,0.0,0.0020325203252032,0.0010162601626016,0.0010162601626016,0.0091463414634145,0.0020325203252032,0.0071138211382113,0.0101626016260162,0.0050813008130081,0.0050813008130081,424
2012-10-01,2012,10,0.7073394495412844,0.2587155963302752,0.4486238532110091,0.0128440366972476,0.0082568807339449,0.0045871559633027,0.040366972477064195,0.0165137614678899,0.0238532110091743,0.0036697247706422,0.0036697247706422,0.0,0.0422018348623852,0.028440366972477,0.0137614678899082,0.0339449541284403,0.0211009174311926,0.0128440366972477,0.0009174311926605,0.0,0.0009174311926605,0.0027522935779816,0.0027522935779816,0.0,0.014678899082568699,0.0027522935779816,0.0119266055045871,0.0339449541284403,0.0321100917431192,0.0018348623853211,0.0064220183486238,0.0064220183486238,0.0,0.0458715596330274,0.0247706422018348,0.0211009174311926,0.027522935779816397,0.0155963302752293,0.0119266055045871,0.0009174311926605,0.0,0.0009174311926605,0.0027522935779816,0.0018348623853211,0.0009174311926605,0.011009174311926499,0.0045871559633027,0.0064220183486238,0.010091743119266,0.0064220183486238,0.0036697247706422,0.0009174311926605,0.0,0.0009174311926605,0.008256880733944899,0.0045871559633027,0.0036697247706422,0.0055045871559632,0.0009174311926605,0.0045871559633027,0.0110091743119266,0.0091743119266055,0.0018348623853211,472
2012-11-01,2012,11,0.7105014191106906,0.2535477767265847,0.4569536423841059,0.0189214758751182,0.0160832544938505,0.0028382213812677,0.031220435193945,0.0066225165562913,0.0245979186376537,0.0,0.0,0.0,0.0359508041627246,0.0245979186376537,0.0113528855250709,0.0274361400189214,0.0198675496688741,0.0075685903500473,0.0009460737937559,0.0009460737937559,0.0,0.0018921475875118,0.0009460737937559,0.0009460737937559,0.0179754020813622,0.0037842951750236,0.0141911069063386,0.02081362346263,0.02081362346263,0.0,0.0047303689687795,0.0047303689687795,0.0,0.0454115421002837,0.0283822138126773,0.0170293282876064,0.0454115421002837,0.0312204351939451,0.0141911069063386,0.0,0.0,0.0,0.0018921475875118,0.0009460737937559,0.0009460737937559,0.0075685903500472,0.0056764427625354,0.0018921475875118,0.0198675496688741,0.0179754020813623,0.0018921475875118,0.0018921475875118,0.0018921475875118,0.0,0.0075685903500472,0.0056764427625354,0.0018921475875118,0.0056764427625354,0.0,0.0056764427625354,0.0113528855250708,0.0056764427625354,0.0056764427625354,462
2012-12-01,2012,12,0.7148936170212765,0.2737588652482269,0.4411347517730496,0.0141843971631205,0.0141843971631205,0.0,0.0340425531914893,0.0028368794326241,0.0312056737588652,0.0028368794326241,0.0028368794326241,0.0,0.0382978723404254,0.0184397163120567,0.0198581560283687,0.0241134751773049,0.0184397163120567,0.0056737588652482,0.0,0.0,0.0,0.001418439716312,0.001418439716312,0.0,0.019858156028368698,0.0085106382978723,0.0113475177304964,0.0184397163120567,0.0184397163120567,0.0,0.0099290780141843,0.0099290780141843,0.0,0.026950354609928902,0.0099290780141843,0.0170212765957446,0.0141843971631204,0.0070921985815602,0.0070921985815602,0.0028368794326241,0.0028368794326241,0.0,0.0028368794326241,0.0028368794326241,0.0,0.0340425531914893,0.0283687943262411,0.0056737588652482,0.028368794326241,0.026950354609929,0.001418439716312,0.001418439716312,0.001418439716312,0.0,0.0070921985815602,0.0042553191489361,0.0028368794326241,0.0085106382978722,0.001418439716312,0.0070921985815602,0.011347517730496401,0.0028368794326241,0.0085106382978723,314
2013-01-01,2013,1,0.7166156982670744,0.254841997961264,0.4617737003058104,0.0132517838939856,0.0081549439347604,0.0050968399592252,0.039755351681957096,0.0061162079510703,0.0336391437308868,0.00203873598369,0.001019367991845,0.001019367991845,0.0295616717635065,0.0224260958205912,0.0071355759429153,0.0417940876656472,0.0295616717635066,0.0122324159021406,0.001019367991845,0.0,0.001019367991845,0.0020387359836901,0.0020387359836901,0.0,0.0254841997961263,0.0132517838939857,0.0122324159021406,0.016309887869520798,0.0132517838939857,0.0030581039755351,0.0050968399592252,0.0050968399592252,0.0,0.0489296636085626,0.0265035677879714,0.0224260958205912,0.0183486238532109,0.0122324159021406,0.0061162079510703,0.001019367991845,0.001019367991845,0.0,0.0050968399592252,0.0020387359836901,0.0030581039755351,0.0285423037716615,0.0244648318042813,0.0040774719673802,0.006116207951070301,0.0040774719673802,0.0020387359836901,0.0020387359836901,0.0,0.0020387359836901,0.0030581039755351,0.0030581039755351,0.0,0.0071355759429152996,0.0020387359836901,0.0050968399592252,0.0132517838939856,0.0071355759429153,0.0061162079510703,413
2013-02-01,2013,2,0.7058823529411764,0.2636165577342048,0.4422657952069717,0.011982570806100101,0.0108932461873638,0.0010893246187363,0.0185185185185184,0.0021786492374727,0.0163398692810457,0.0010893246187363,0.0010893246187363,0.0,0.022875816993464,0.0163398692810457,0.0065359477124183,0.037037037037036896,0.0283224400871459,0.008714596949891,0.0,0.0,0.0,0.0010893246187363,0.0010893246187363,0.0,0.0217864923747276,0.0119825708061002,0.0098039215686274,0.0174291938997821,0.0174291938997821,0.0,0.0032679738562091,0.0032679738562091,0.0,0.0413943355119825,0.0294117647058823,0.0119825708061002,0.0337690631808278,0.0174291938997821,0.0163398692810457,0.0,0.0,0.0,0.0021786492374726,0.0010893246187363,0.0010893246187363,0.059912854030501,0.0555555555555555,0.0043572984749455,0.011982570806100101,0.0108932461873638,0.0010893246187363,0.003267973856209,0.0021786492374727,0.0010893246187363,0.0098039215686273,0.0076252723311546,0.0021786492374727,0.0043572984749454,0.0010893246187363,0.0032679738562091,0.0108932461873638,0.0043572984749455,0.0065359477124183,435
2013-03-01,2013,3,0.6975369458128079,0.2620689655172414,0.4354679802955665,0.0078817733990146,0.005911330049261,0.0019704433497536,0.0354679802955664,0.0118226600985221,0.0236453201970443,0.0029556650246304,0.0019704433497536,0.0009852216748768,0.0334975369458127,0.025615763546798,0.0078817733990147,0.024630541871921097,0.0167487684729064,0.0078817733990147,0.031527093596059,0.0305418719211822,0.0009852216748768,0.0009852216748768,0.0009852216748768,0.0,0.0078817733990147,0.0009852216748768,0.0068965517241379,0.020689655172413703,0.0197044334975369,0.0009852216748768,0.005911330049261,0.005911330049261,0.0,0.0541871921182265,0.0344827586206896,0.0197044334975369,0.023645320197044198,0.0137931034482758,0.0098522167487684,0.0,0.0,0.0,0.0019704433497536,0.0019704433497536,0.0,0.0157635467980295,0.012807881773399,0.0029556650246305,0.0108374384236452,0.0078817733990147,0.0029556650246305,0.0009852216748768,0.0009852216748768,0.0,0.0197044334975369,0.0147783251231527,0.0049261083743842,0.0049261083743841,0.0009852216748768,0.0039408866995073,0.0167487684729063,0.0088669950738916,0.0078817733990147,474
2013-04-01,2013,4,0.7343623070674248,0.2599512591389114,0.4744110479285134,0.0089358245328999,0.0073111291632818,0.0016246953696181,0.0243704305442728,0.0024370430544272,0.0219333874898456,0.0056864337936635,0.0040617384240454,0.0016246953696181,0.0276198212835092,0.0203086921202274,0.0073111291632818,0.023558082859463703,0.0138099106417546,0.0097481722177091,0.0,0.0,0.0,0.0048740861088544,0.0024370430544272,0.0024370430544272,0.0113728675873272,0.0032493907392363,0.0081234768480909,0.051177904142973,0.0487408610885458,0.0024370430544272,0.0032493907392362,0.0024370430544272,0.000812347684809,0.0438667749796912,0.0259951259138911,0.0178716490658001,0.0243704305442728,0.0105605199025182,0.0138099106417546,0.0,0.0,0.0,0.0016246953696181,0.0016246953696181,0.0,0.009748172217709,0.0064987814784727,0.0032493907392363,0.009748172217709,0.0056864337936636,0.0040617384240454,0.0032493907392362,0.0024370430544272,0.000812347684809,0.017871649065799997,0.0162469536961819,0.0016246953696181,0.0064987814784726,0.0024370430544272,0.0040617384240454,0.0073111291632817,0.0016246953696181,0.0056864337936636,529
2013-05-01,2013,5,0.7711301044634377,0.2773029439696106,0.4938271604938271,0.0123456790123456,0.0075973409306742,0.0047483380816714,0.0351377018043683,0.0056980056980056,0.0294396961063627,0.0028490028490027,0.0018993352326685,0.0009496676163342,0.0189933523266855,0.0113960113960113,0.0075973409306742,0.0227920227920227,0.0199430199430199,0.0028490028490028,0.0009496676163342,0.0,0.0009496676163342,0.0028490028490027,0.0018993352326685,0.0009496676163342,0.0018993352326685,0.0,0.0018993352326685,0.017094017094017,0.017094017094017,0.0,0.0047483380816714,0.0047483380816714,0.0,0.0493827160493826,0.0313390313390313,0.0180436847103513,0.0294396961063627,0.0199430199430199,0.0094966761633428,0.0,0.0,0.0,0.003798670465337,0.0018993352326685,0.0018993352326685,0.0094966761633427,0.0056980056980056,0.0037986704653371,0.0066476733143399,0.0066476733143399,0.0,0.0,0.0,0.0,0.010446343779676999,0.0085470085470085,0.0018993352326685,0.0094966761633427,0.0018993352326685,0.0075973409306742,0.010446343779677,0.0094966761633428,0.0009496676163342,438
2013-06-01,2013,6,0.7106145251396647,0.2234636871508379,0.4871508379888268,0.0212290502793296,0.0212290502793296,0.0,0.0324022346368714,0.0033519553072625,0.0290502793296089,0.0044692737430167,0.0044692737430167,0.0,0.0290502793296088,0.0134078212290502,0.0156424581005586,0.0290502793296088,0.0167597765363128,0.012290502793296,0.0022346368715083,0.0022346368715083,0.0,0.0,0.0,0.0,0.0044692737430167,0.0,0.0044692737430167,0.0379888268156423,0.035754189944134,0.0022346368715083,0.0044692737430167,0.0044692737430167,0.0,0.041340782122905,0.0223463687150838,0.0189944134078212,0.041340782122905,0.0201117318435754,0.0212290502793296,0.0,0.0,0.0,0.006703910614525,0.0033519553072625,0.0033519553072625,0.0134078212290502,0.0089385474860335,0.0044692737430167,0.0111731843575419,0.0111731843575419,0.0,0.0022346368715082,0.0011173184357541,0.0011173184357541,0.012290502793296,0.0100558659217877,0.0022346368715083,0.0089385474860334,0.0044692737430167,0.0044692737430167,0.0078212290502792,0.0022346368715083,0.0055865921787709,357
2013-07-01,2013,7,0.763023493360572,0.2482124616956077,0.5148110316649642,0.008171603677221601,0.0051072522982635,0.0030643513789581,0.0316649642492339,0.0020429009193054,0.0296220633299285,0.0,0.0,0.0,0.022471910112359397,0.0143003064351378,0.0081716036772216,0.0265577119509703,0.0183861082737487,0.0081716036772216,0.0,0.0,0.0,0.0071501532175689,0.0040858018386108,0.0030643513789581,0.0112359550561797,0.0010214504596527,0.010214504596527,0.0367722165474974,0.0326864147088866,0.0040858018386108,0.0091930541368743,0.0091930541368743,0.0,0.0500510725229825,0.0255362614913176,0.0245148110316649,0.008171603677221601,0.0030643513789581,0.0051072522982635,0.0,0.0,0.0,0.0020429009193054,0.0010214504596527,0.0010214504596527,0.0081716036772216,0.0040858018386108,0.0040858018386108,0.015321756894790501,0.0122574055158324,0.0030643513789581,0.0010214504596527,0.0,0.0010214504596527,0.0051072522982635,0.0030643513789581,0.0020429009193054,0.0020429009193054,0.0020429009193054,0.0,0.0122574055158324,0.010214504596527,0.0020429009193054,377
2013-08-01,2013,8,0.7594936708860759,0.2462600690448791,0.5132336018411968,0.0161104718066742,0.0115074798619102,0.004602991944764,0.0218642117376293,0.004602991944764,0.0172612197928653,0.001150747986191,0.001150747986191,0.0,0.029919447640966497,0.0126582278481012,0.0172612197928653,0.0149597238204832,0.0126582278481012,0.002301495972382,0.0,0.0,0.0,0.008055235903337,0.003452243958573,0.004602991944764,0.0057537399309550005,0.001150747986191,0.004602991944764,0.0368239355581127,0.0356731875719217,0.001150747986191,0.012658227848101201,0.0115074798619102,0.001150747986191,0.049482163406213905,0.0230149597238204,0.0264672036823935,0.0126582278481012,0.0103567318757192,0.002301495972382,0.0,0.0,0.0,0.004602991944764,0.003452243958573,0.001150747986191,0.004602991944764,0.002301495972382,0.002301495972382,0.006904487917146001,0.004602991944764,0.002301495972382,0.0,0.0,0.0,0.0057537399309550005,0.004602991944764,0.001150747986191,0.0115074798619102,0.0057537399309551,0.0057537399309551,0.0161104718066742,0.0126582278481012,0.003452243958573,343
2013-09-01,2013,9,0.7562841530054645,0.2087431693989071,0.5475409836065573,0.008743169398907,0.0076502732240437,0.0010928961748633,0.042622950819672004,0.0098360655737704,0.0327868852459016,0.0021857923497267,0.0021857923497267,0.0,0.0163934426229508,0.0076502732240437,0.0087431693989071,0.0579234972677595,0.033879781420765,0.0240437158469945,0.0,0.0,0.0,0.0021857923497266,0.0010928961748633,0.0010928961748633,0.0043715846994534,0.0010928961748633,0.0032786885245901,0.0437158469945354,0.0404371584699453,0.0032786885245901,0.0098360655737704,0.0098360655737704,0.0,0.0371584699453551,0.0163934426229508,0.0207650273224043,0.0054644808743168,0.0021857923497267,0.0032786885245901,0.0010928961748633,0.0010928961748633,0.0,0.0,0.0,0.0,0.012021857923497201,0.0087431693989071,0.0032786885245901,0.0098360655737704,0.0087431693989071,0.0010928961748633,0.0043715846994534,0.0021857923497267,0.0021857923497267,0.0076502732240436005,0.0043715846994535,0.0032786885245901,0.0054644808743168,0.0010928961748633,0.0043715846994535,0.0153005464480874,0.0076502732240437,0.0076502732240437,326
2013-10-01,2013,10,0.705771050141911,0.2374645222327341,0.4683065279091769,0.0160832544938504,0.0094607379375591,0.0066225165562913,0.0350047303689686,0.0132450331125827,0.0217596972563859,0.0018921475875118,0.0018921475875118,0.0,0.0236518448438978,0.0160832544938505,0.0075685903500473,0.10596026490066221,0.0813623462630085,0.0245979186376537,0.0028382213812677,0.0028382213812677,0.0,0.0018921475875118,0.0009460737937559,0.0009460737937559,0.0113528855250709,0.0018921475875118,0.0094607379375591,0.0245979186376536,0.0217596972563859,0.0028382213812677,0.0047303689687795,0.0047303689687795,0.0,0.0340586565752128,0.0151371807000946,0.0189214758751182,0.0160832544938504,0.0094607379375591,0.0066225165562913,0.0,0.0,0.0,0.0018921475875118,0.0009460737937559,0.0009460737937559,0.0170293282876063,0.010406811731315,0.0066225165562913,0.0227057710501418,0.0198675496688741,0.0028382213812677,0.0018921475875118,0.0,0.0018921475875118,0.0085146641438031,0.0047303689687795,0.0037842951750236,0.0085146641438031,0.0037842951750236,0.0047303689687795,0.0113528855250709,0.0037842951750236,0.0075685903500473,451
2013-11-01,2013,11,0.7134502923976608,0.2202729044834308,0.49317738791423,0.0068226120857699,0.0058479532163742,0.0009746588693957,0.0311890838206626,0.0058479532163742,0.0253411306042884,0.0029239766081871,0.0029239766081871,0.0,0.023391812865497,0.0146198830409356,0.0087719298245614,0.0896686159844054,0.043859649122807,0.0458089668615984,0.0019493177387914,0.0019493177387914,0.0,0.0019493177387914,0.0019493177387914,0.0,0.0068226120857699,0.0009746588693957,0.0058479532163742,0.019493177387914198,0.0175438596491228,0.0019493177387914,0.0019493177387914,0.0019493177387914,0.0,0.0828460038986353,0.0506822612085769,0.0321637426900584,0.0214424951267056,0.0097465886939571,0.0116959064327485,0.0009746588693957,0.0009746588693957,0.0,0.0019493177387914,0.0,0.0019493177387914,0.0087719298245613,0.0058479532163742,0.0029239766081871,0.014619883040935599,0.0116959064327485,0.0029239766081871,0.0038986354775828,0.0009746588693957,0.0029239766081871,0.0058479532163742,0.0029239766081871,0.0029239766081871,0.009746588693957,0.0019493177387914,0.0077972709551656,0.014619883040935599,0.0029239766081871,0.0116959064327485,385
2013-12-01,2013,12,0.7159956474428726,0.2285092491838955,0.4874863982589771,0.0076169749727964,0.0065288356909684,0.001088139281828,0.0130576713819368,0.001088139281828,0.0119695321001088,0.001088139281828,0.001088139281828,0.0,0.0141458106637648,0.0054406964091403,0.0087051142546245,0.08052230685527739,0.0478781284004352,0.0326441784548422,0.002176278563656,0.001088139281828,0.001088139281828,0.0,0.0,0.0,0.0087051142546245,0.0054406964091403,0.0032644178454842,0.059847660500544,0.058759521218716,0.001088139281828,0.0141458106637649,0.0141458106637649,0.0,0.0598476605005439,0.0261153427638737,0.0337323177366702,0.014145810663764899,0.0076169749727965,0.0065288356909684,0.0,0.0,0.0,0.001088139281828,0.001088139281828,0.0,0.0087051142546245,0.0076169749727965,0.001088139281828,0.0087051142546245,0.0065288356909684,0.0021762785636561,0.0032644178454840998,0.0021762785636561,0.001088139281828,0.0097932535364526,0.0065288356909684,0.0032644178454842,0.0087051142546244,0.0043525571273122,0.0043525571273122,0.009793253536452499,0.0043525571273122,0.0054406964091403,380
2014-01-01,2014,1,0.6884272997032641,0.2532146389713155,0.4352126607319486,0.0168150346191889,0.0128585558852621,0.0039564787339268,0.0276953511374876,0.0059347181008902,0.0217606330365974,0.0049455984174085,0.0039564787339268,0.0009891196834817,0.0158259149357072,0.0118694362017804,0.0039564787339268,0.0613254203758654,0.0326409495548961,0.0286844708209693,0.0009891196834817,0.0,0.0009891196834817,0.0009891196834817,0.0009891196834817,0.0,0.0108803165182987,0.0029673590504451,0.0079129574678536,0.0771513353115727,0.0751730959446093,0.0019782393669634,0.009891196834817,0.009891196834817,0.0,0.058358061325420305,0.0375865479723046,0.0207715133531157,0.0128585558852621,0.0039564787339268,0.0089020771513353,0.0,0.0,0.0,0.0,0.0,0.0,0.0059347181008902,0.0049455984174085,0.0009891196834817,0.019782393669634,0.0158259149357072,0.0039564787339268,0.0009891196834817,0.0009891196834817,0.0,0.011869436201780399,0.0079129574678536,0.0039564787339268,0.0049455984174085,0.0009891196834817,0.0039564787339268,0.0108803165182987,0.0059347181008902,0.0049455984174085,472
2014-02-01,2014,2,0.7098121085594989,0.2066805845511482,0.5031315240083507,0.0083507306889352,0.0052192066805845,0.0031315240083507,0.024008350730688802,0.0062630480167014,0.0177453027139874,0.0031315240083506996,0.0020876826722338,0.0010438413361169,0.0135699373695197,0.0073068893528183,0.0062630480167014,0.0626304801670145,0.0375782881002087,0.0250521920668058,0.0,0.0,0.0,0.0010438413361169,0.0010438413361169,0.0,0.014613778705636701,0.0031315240083507,0.011482254697286,0.0845511482254696,0.080375782881002,0.0041753653444676,0.0083507306889352,0.0083507306889352,0.0,0.048016701461377806,0.022964509394572,0.0250521920668058,0.017745302713987297,0.0093945720250521,0.0083507306889352,0.0,0.0,0.0,0.0010438413361169,0.0,0.0010438413361169,0.0093945720250521,0.0052192066805845,0.0041753653444676,0.011482254697286,0.0104384133611691,0.0010438413361169,0.0,0.0,0.0,0.0052192066805845,0.0041753653444676,0.0010438413361169,0.0020876826722338,0.0010438413361169,0.0010438413361169,0.0083507306889352,0.0020876826722338,0.0062630480167014,378
2014-03-01,2014,3,0.7703016241299304,0.2296983758700696,0.5406032482598608,0.0127610208816704,0.0092807424593967,0.0034802784222737,0.0208816705336426,0.0069605568445475,0.0139211136890951,0.0023201856148491,0.0,0.0023201856148491,0.025522041763340997,0.0116009280742459,0.0139211136890951,0.0336426914153131,0.019721577726218,0.0139211136890951,0.0011600928074245,0.0011600928074245,0.0,0.0034802784222735996,0.0023201856148491,0.0011600928074245,0.0069605568445475,0.0,0.0069605568445475,0.044083526682134395,0.0429234338747099,0.0011600928074245,0.0174013921113689,0.0174013921113689,0.0,0.0429234338747099,0.025522041763341,0.0174013921113689,0.008120649651972,0.0023201856148491,0.0058004640371229,0.0,0.0,0.0,0.0011600928074245,0.0011600928074245,0.0,0.0046403712296982,0.0023201856148491,0.0023201856148491,0.0081206496519721,0.0081206496519721,0.0,0.0,0.0,0.0,0.0046403712296982,0.0023201856148491,0.0023201856148491,0.0046403712296982,0.0011600928074245,0.0034802784222737,0.013921113689095,0.0104408352668213,0.0034802784222737,326
2014-04-01,2014,4,0.733015494636472,0.2050059594755661,0.5280095351609059,0.0059594755661501,0.0047675804529201,0.00119189511323,0.0178784266984504,0.00238379022646,0.0154946364719904,0.00119189511323,0.00119189511323,0.0,0.026221692491060704,0.0095351609058402,0.0166865315852205,0.0250297973778307,0.0143027413587604,0.0107270560190703,0.0,0.0,0.0,0.0,0.0,0.0,0.0083432657926101,0.00238379022646,0.0059594755661501,0.0834326579261024,0.0822407628128724,0.00119189511323,0.0214541120381406,0.0214541120381406,0.0,0.0405244338498212,0.0238379022646007,0.0166865315852205,0.021454112038140502,0.0059594755661501,0.0154946364719904,0.0,0.0,0.0,0.00119189511323,0.00119189511323,0.0,0.0035756853396899995,0.00238379022646,0.00119189511323,0.0071513706793802,0.0071513706793802,0.0,0.0,0.0,0.0,0.00476758045292,0.00238379022646,0.00238379022646,0.0059594755661501,0.00119189511323,0.0047675804529201,0.0143027413587603,0.0119189511323003,0.00238379022646,325
2014-05-01,2014,5,0.6063193851409051,0.2194705380017079,0.3868488471391972,0.006831767719897399,0.0025619128949615,0.0042698548249359,0.0128095644748077,0.0025619128949615,0.0102476515798462,0.0017079419299742,0.0008539709649871,0.0008539709649871,0.013663535439795,0.0068317677198975,0.0068317677198975,0.031596925704526005,0.0162254483347566,0.0153714773697694,0.0017079419299743,0.0017079419299743,0.0,0.0017079419299742,0.0008539709649871,0.0008539709649871,0.0017079419299743,0.0,0.0017079419299743,0.16652433817250212,0.1511528608027327,0.0153714773697694,0.085397096498719,0.085397096498719,0.0,0.0367207514944491,0.0153714773697694,0.0213492741246797,0.0034158838599486,0.0017079419299743,0.0017079419299743,0.0008539709649871,0.0008539709649871,0.0,0.0034158838599487,0.0034158838599487,0.0,0.009393680614859,0.0068317677198975,0.0025619128949615,0.0111016225448333,0.009393680614859,0.0017079419299743,0.0025619128949615,0.0025619128949615,0.0,0.0076857386848846,0.0059777967549103,0.0017079419299743,0.009393680614859,0.0042698548249359,0.0051238257899231,0.0076857386848846,0.0025619128949615,0.0051238257899231,619
2014-06-01,2014,6,0.7822222222222222,0.2924444444444444,0.4897777777777777,0.0088888888888888,0.008,0.0008888888888888,0.0213333333333332,0.0035555555555555,0.0177777777777777,0.0,0.0,0.0,0.039111111111111,0.0142222222222222,0.0248888888888888,0.031999999999999904,0.0248888888888888,0.0071111111111111,0.0,0.0,0.0,0.0008888888888888,0.0,0.0008888888888888,0.0062222222222221004,0.0017777777777777,0.0044444444444444,0.039111111111111,0.0382222222222222,0.0008888888888888,0.0026666666666666,0.0026666666666666,0.0,0.0328888888888888,0.0168888888888888,0.016,0.023111111111111,0.0124444444444444,0.0106666666666666,0.0,0.0,0.0,0.0017777777777777,0.0,0.0017777777777777,0.0026666666666665,0.0017777777777777,0.0008888888888888,0.0097777777777777,0.0071111111111111,0.0026666666666666,0.0017777777777776,0.0008888888888888,0.0008888888888888,0.0053333333333332004,0.0017777777777777,0.0035555555555555,0.008,0.0,0.008,0.0026666666666665,0.0017777777777777,0.0008888888888888,467
2014-07-01,2014,7,0.7352941176470588,0.213235294117647,0.5220588235294118,0.0091911764705881,0.0036764705882352,0.0055147058823529,0.0275735294117646,0.0027573529411764,0.0248161764705882,0.0009191176470588,0.0009191176470588,0.0,0.0211397058823529,0.0091911764705882,0.0119485294117647,0.056066176470588105,0.0266544117647058,0.0294117647058823,0.0,0.0,0.0,0.0018382352941176,0.0018382352941176,0.0,0.0220588235294116,0.0036764705882352,0.0183823529411764,0.0248161764705881,0.0229779411764705,0.0018382352941176,0.0110294117647058,0.0110294117647058,0.0,0.056985294117646995,0.03125,0.025735294117647,0.032169117647058695,0.0137867647058823,0.0183823529411764,0.0,0.0,0.0,0.0064338235294117,0.0009191176470588,0.0055147058823529,0.0027573529411764,0.0018382352941176,0.0009191176470588,0.0183823529411764,0.0128676470588235,0.0055147058823529,0.0018382352941176,0.0,0.0018382352941176,0.004595588235294,0.0027573529411764,0.0018382352941176,0.006433823529411699,0.0018382352941176,0.0045955882352941,0.0101102941176469,0.0036764705882352,0.0064338235294117,370
2014-08-01,2014,8,0.7702922077922078,0.1956168831168831,0.5746753246753247,0.0105519480519479,0.0064935064935064,0.0040584415584415,0.030844155844155702,0.0064935064935064,0.0243506493506493,0.0008116883116883,0.0008116883116883,0.0,0.0365259740259739,0.0194805194805194,0.0170454545454545,0.041396103896103806,0.0251623376623376,0.0162337662337662,0.0008116883116883,0.0,0.0008116883116883,0.0,0.0,0.0,0.0137987012987012,0.0040584415584415,0.0097402597402597,0.0178571428571428,0.0170454545454545,0.0008116883116883,0.0040584415584415,0.0040584415584415,0.0,0.053571428571428506,0.0251623376623376,0.0284090909090909,0.021103896103896,0.0121753246753246,0.0089285714285714,0.0,0.0,0.0,0.0024350649350649003,0.0008116883116883,0.0016233766233766,0.0032467532467532,0.0024350649350649,0.0008116883116883,0.014610389610389499,0.0137987012987012,0.0008116883116883,0.0008116883116883,0.0008116883116883,0.0,0.0056818181818181004,0.0040584415584415,0.0016233766233766,0.0048701298701298,0.0008116883116883,0.0040584415584415,0.0016233766233766,0.0016233766233766,0.0,395
2014-09-01,2014,9,0.7518315018315017,0.2197802197802197,0.532051282051282,0.0073260073260072,0.0018315018315018,0.0054945054945054,0.035714285714285594,0.0018315018315018,0.0338827838827838,0.0009157509157509,0.0009157509157509,0.0,0.0393772893772893,0.0173992673992674,0.0219780219780219,0.0393772893772893,0.0192307692307692,0.0201465201465201,0.0027472527472527,0.0027472527472527,0.0,0.0009157509157509,0.0,0.0009157509157509,0.0137362637362636,0.0027472527472527,0.0109890109890109,0.015567765567765499,0.0128205128205128,0.0027472527472527,0.0054945054945054,0.0054945054945054,0.0,0.0402930402930402,0.0146520146520146,0.0256410256410256,0.0247252747252746,0.01007326007326,0.0146520146520146,0.0,0.0,0.0,0.0018315018315018,0.0018315018315018,0.0,0.0082417582417581,0.0045787545787545,0.0036630036630036,0.0146520146520146,0.0137362637362637,0.0009157509157509,0.0018315018315018,0.0,0.0018315018315018,0.0036630036630036,0.0009157509157509,0.0027472527472527,0.0119047619047619,0.0,0.0119047619047619,0.010073260073260001,0.0018315018315018,0.0082417582417582,351
2014-10-01,2014,10,0.7467532467532467,0.1956168831168831,0.5511363636363636,0.0056818181818181004,0.0040584415584415,0.0016233766233766,0.046266233766233705,0.0097402597402597,0.036525974025974,0.0,0.0,0.0,0.030032467532467397,0.0129870129870129,0.0170454545454545,0.083603896103896,0.0389610389610389,0.0446428571428571,0.0032467532467532,0.0032467532467532,0.0,0.0016233766233766,0.0008116883116883,0.0008116883116883,0.0121753246753246,0.0016233766233766,0.010551948051948,0.0154220779220779,0.0154220779220779,0.0,0.0081168831168831,0.0081168831168831,0.0,0.0551948051948051,0.0194805194805194,0.0357142857142857,0.012987012987012901,0.0048701298701298,0.0081168831168831,0.0008116883116883,0.0008116883116883,0.0,0.0,0.0,0.0,0.0032467532467532,0.0016233766233766,0.0016233766233766,0.0113636363636363,0.0089285714285714,0.0024350649350649,0.0008116883116883,0.0,0.0008116883116883,0.0032467532467532,0.0024350649350649,0.0008116883116883,0.009740259740259601,0.0032467532467532,0.0064935064935064,0.0097402597402596,0.0040584415584415,0.0056818181818181,386
2014-11-01,2014,11,0.7742616033755274,0.2120253164556962,0.5622362869198312,0.0073839662447257,0.0073839662447257,0.0,0.036919831223628595,0.0042194092827004,0.0327004219409282,0.0021097046413502,0.0021097046413502,0.0,0.0179324894514767,0.0073839662447257,0.010548523206751,0.0548523206751054,0.0274261603375527,0.0274261603375527,0.0010548523206751,0.0,0.0010548523206751,0.0,0.0,0.0,0.0116033755274261,0.0031645569620253,0.0084388185654008,0.0084388185654008,0.0084388185654008,0.0,0.0021097046413502,0.0021097046413502,0.0,0.0316455696202531,0.0116033755274261,0.020042194092827,0.021097046413501998,0.0094936708860759,0.0116033755274261,0.0,0.0,0.0,0.0021097046413502,0.0010548523206751,0.0010548523206751,0.0147679324894514,0.010548523206751,0.0042194092827004,0.010548523206751,0.0073839662447257,0.0031645569620253,0.0010548523206751,0.0,0.0010548523206751,0.0073839662447257,0.0063291139240506,0.0010548523206751,0.0126582278481012,0.0031645569620253,0.0094936708860759,0.0126582278481012,0.0042194092827004,0.0084388185654008,300
2014-12-01,2014,12,0.8133802816901409,0.2535211267605634,0.5598591549295775,0.0093896713615022,0.0082159624413145,0.0011737089201877,0.025821596244131398,0.0093896713615023,0.0164319248826291,0.0,0.0,0.0,0.0234741784037558,0.0093896713615023,0.0140845070422535,0.034037558685445904,0.022300469483568,0.0117370892018779,0.0,0.0,0.0,0.0011737089201877,0.0011737089201877,0.0,0.011737089201877802,0.0023474178403755,0.0093896713615023,0.0058685446009389,0.0058685446009389,0.0,0.0023474178403755,0.0023474178403755,0.0,0.022300469483568,0.0129107981220657,0.0093896713615023,0.0082159624413144,0.0035211267605633,0.0046948356807511,0.0,0.0,0.0,0.0,0.0,0.0,0.0199530516431924,0.0140845070422535,0.0058685446009389,0.0152582159624412,0.0140845070422535,0.0011737089201877,0.0011737089201877,0.0,0.0011737089201877,0.0058685446009388,0.0046948356807511,0.0011737089201877,0.01056338028169,0.0035211267605633,0.0070422535211267,0.0082159624413144,0.0023474178403755,0.0058685446009389,305
2015-01-01,2015,1,0.6362467866323906,0.2300771208226221,0.4061696658097686,0.017994858611825,0.0141388174807197,0.0038560411311053,0.0295629820051412,0.0089974293059125,0.0205655526992287,0.0,0.0,0.0,0.0231362467866322,0.0179948586118251,0.0051413881748071,0.030848329048843,0.0205655526992287,0.0102827763496143,0.0025706940874034,0.0012853470437017,0.0012853470437017,0.0025706940874034,0.0012853470437017,0.0012853470437017,0.1285347043701798,0.0912596401028277,0.0372750642673521,0.0102827763496143,0.0102827763496143,0.0,0.0051413881748071,0.0051413881748071,0.0,0.043701799485861004,0.0282776349614395,0.0154241645244215,0.017994858611825,0.0115681233933161,0.0064267352185089,0.0051413881748071,0.0051413881748071,0.0,0.005141388174807,0.0038560411311053,0.0012853470437017,0.0205655526992286,0.0192802056555269,0.0012853470437017,0.0115681233933161,0.0115681233933161,0.0,0.0,0.0,0.0,0.0077120822622106,0.0064267352185089,0.0012853470437017,0.0141388174807196,0.0077120822622107,0.0064267352185089,0.011568123393316,0.0012853470437017,0.0102827763496143,373
2015-02-01,2015,2,0.6605019815059445,0.2311756935270806,0.4293262879788639,0.0264200792602377,0.0171730515191545,0.0092470277410832,0.0435931307793923,0.0092470277410832,0.0343461030383091,0.0013210039630118,0.0013210039630118,0.0,0.023778071334214,0.011889035667107,0.011889035667107,0.0396301188903566,0.023778071334214,0.0158520475561426,0.0026420079260236,0.0013210039630118,0.0013210039630118,0.0013210039630118,0.0013210039630118,0.0,0.0752972258916775,0.0383091149273447,0.0369881109643328,0.0039630118890355,0.0026420079260237,0.0013210039630118,0.0026420079260237,0.0026420079260237,0.0,0.0501981505944517,0.0290620871862615,0.0211360634081902,0.0620871862615587,0.0198150594451783,0.0422721268163804,0.0013210039630118,0.0013210039630118,0.0,0.0013210039630118,0.0013210039630118,0.0,0.0105680317040951,0.0105680317040951,0.0,0.0145310435931307,0.0145310435931307,0.0,0.0013210039630118,0.0,0.0013210039630118,0.0,0.0,0.0,0.0052840158520474,0.0013210039630118,0.0039630118890356,0.0052840158520474,0.0039630118890356,0.0013210039630118,304
2015-03-01,2015,3,0.722636815920398,0.2027363184079602,0.5199004975124378,0.0111940298507462,0.0062189054726368,0.0049751243781094,0.044776119402985,0.0049751243781094,0.0398009950248756,0.0,0.0,0.0,0.0236318407960198,0.0111940298507462,0.0124378109452736,0.0634328358208954,0.0385572139303482,0.0248756218905472,0.0012437810945273,0.0012437810945273,0.0,0.0062189054726367,0.003731343283582,0.0024875621890547,0.026119402985074598,0.0099502487562189,0.0161691542288557,0.0049751243781094,0.0049751243781094,0.0,0.0,0.0,0.0,0.0671641791044775,0.0323383084577114,0.0348258706467661,0.0199004975124377,0.0074626865671641,0.0124378109452736,0.0,0.0,0.0,0.0012437810945273,0.0,0.0012437810945273,0.012437810945273499,0.0074626865671641,0.0049751243781094,0.0124378109452735,0.0111940298507462,0.0012437810945273,0.0062189054726368,0.0,0.0062189054726368,0.0099502487562188,0.0074626865671641,0.0024875621890547,0.0074626865671641,0.0024875621890547,0.0049751243781094,0.0099502487562188,0.003731343283582,0.0062189054726368,264
2015-04-01,2015,4,0.7055900621118012,0.1900621118012422,0.515527950310559,0.0149068322981365,0.0111801242236024,0.0037267080745341,0.043478260869565105,0.0074534161490683,0.0360248447204968,0.0,0.0,0.0,0.0360248447204968,0.0161490683229813,0.0198757763975155,0.0472049689440993,0.0273291925465838,0.0198757763975155,0.0012422360248447,0.0,0.0012422360248447,0.0024844720496894,0.0024844720496894,0.0,0.0136645962732918,0.0037267080745341,0.0099378881987577,0.0049689440993788,0.0049689440993788,0.0,0.0037267080745341,0.0037267080745341,0.0,0.0546583850931676,0.031055900621118,0.0236024844720496,0.0310559006211179,0.0136645962732919,0.017391304347826,0.0,0.0,0.0,0.0074534161490682,0.0024844720496894,0.0049689440993788,0.0124223602484471,0.008695652173913,0.0037267080745341,0.017391304347826,0.0124223602484472,0.0049689440993788,0.0024844720496894,0.0,0.0024844720496894,0.0037267080745341,0.0012422360248447,0.0024844720496894,0.0111801242236024,0.0024844720496894,0.008695652173913,0.0198757763975155,0.0124223602484472,0.0074534161490683,267
2015-05-01,2015,5,0.7987072945521698,0.260387811634349,0.5383194829178208,0.0073868882733148,0.0064635272391505,0.0009233610341643,0.0277008310249307,0.0064635272391505,0.0212373037857802,0.0,0.0,0.0,0.0129270544783009,0.0036934441366574,0.0092336103416435,0.040627885503231695,0.0304709141274238,0.0101569713758079,0.0,0.0,0.0,0.0027700831024929998,0.0018467220683287,0.0009233610341643,0.010156971375807901,0.0018467220683287,0.0083102493074792,0.0036934441366573,0.002770083102493,0.0009233610341643,0.0064635272391505,0.0064635272391505,0.0,0.0443213296398891,0.025854108956602,0.0184672206832871,0.0332409972299168,0.0138504155124653,0.0193905817174515,0.002770083102493,0.002770083102493,0.0,0.0036934441366573,0.002770083102493,0.0009233610341643,0.0083102493074792,0.0083102493074792,0.0,0.0129270544783009,0.0101569713758079,0.002770083102493,0.0,0.0,0.0,0.0027700831024929998,0.0018467220683287,0.0009233610341643,0.0092336103416434,0.0046168051708217,0.0046168051708217,0.0027700831024929998,0.0009233610341643,0.0018467220683287,401
2015-06-01,2015,6,0.7753378378378377,0.2043918918918918,0.5709459459459459,0.0160472972972972,0.0135135135135135,0.0025337837837837,0.0168918918918918,0.0016891891891891,0.0152027027027027,0.0,0.0,0.0,0.0304054054054053,0.0135135135135135,0.0168918918918918,0.0472972972972972,0.0287162162162162,0.018581081081081,0.0025337837837837,0.0025337837837837,0.0,0.0,0.0,0.0,0.0092905405405404,0.0033783783783783,0.0059121621621621,0.0033783783783782,0.0025337837837837,0.0008445945945945,0.0008445945945945,0.0008445945945945,0.0,0.0447635135135134,0.0194256756756756,0.0253378378378378,0.0363175675675674,0.0202702702702702,0.0160472972972972,0.0,0.0,0.0,0.0025337837837836,0.0016891891891891,0.0008445945945945,0.0025337837837837,0.0025337837837837,0.0,0.0143581081081081,0.0143581081081081,0.0,0.0016891891891891,0.0,0.0016891891891891,0.0033783783783782,0.0025337837837837,0.0008445945945945,0.0109797297297296,0.0033783783783783,0.0076013513513513,0.0109797297297297,0.0,0.0109797297297297,379
2015-07-01,2015,7,0.78790141896938,0.2001493651979088,0.5877520537714712,0.0074682598954443,0.005227781926811,0.0022404779686333,0.0321135175504107,0.0029873039581777,0.029126213592233,0.0,0.0,0.0,0.0253920836445108,0.0104555638536221,0.0149365197908887,0.0351008215085884,0.0194174757281553,0.0156833457804331,0.0007468259895444,0.0007468259895444,0.0,0.0029873039581776,0.0014936519790888,0.0014936519790888,0.015683345780433,0.0014936519790888,0.0141896938013442,0.0097087378640776,0.0097087378640776,0.0,0.0014936519790888,0.0014936519790888,0.0,0.0477968633308439,0.0186706497386109,0.029126213592233,0.0179238237490664,0.0067214339058999,0.0112023898431665,0.0007468259895444,0.0007468259895444,0.0,0.0007468259895444,0.0,0.0007468259895444,0.0014936519790888,0.0014936519790888,0.0,0.0074682598954443,0.0044809559372666,0.0029873039581777,0.0022404779686332,0.0014936519790888,0.0007468259895444,0.0052277819268109,0.0037341299477221,0.0014936519790888,0.011949215832710901,0.0029873039581777,0.0089619118745332,0.0097087378640776,0.0044809559372666,0.005227781926811,382
2015-08-01,2015,8,0.7788018433179723,0.1682027649769585,0.6105990783410138,0.0061443932411674,0.0030721966205837,0.0030721966205837,0.0330261136712748,0.0023041474654377,0.0307219662058371,0.0,0.0,0.0,0.0176651305683563,0.0069124423963133,0.010752688172043,0.0445468509984638,0.0230414746543778,0.021505376344086,0.0023041474654377,0.0015360983102918,0.0007680491551459,0.0023041474654377,0.0007680491551459,0.0015360983102918,0.0069124423963132,0.0023041474654377,0.0046082949308755,0.023809523809523697,0.021505376344086,0.0023041474654377,0.0061443932411674,0.0053763440860215,0.0007680491551459,0.0414746543778801,0.0115207373271889,0.0299539170506912,0.0176651305683563,0.0069124423963133,0.010752688172043,0.0,0.0,0.0,0.0007680491551459,0.0007680491551459,0.0,0.0038402457757294997,0.0023041474654377,0.0015360983102918,0.022273425499231902,0.0184331797235023,0.0038402457757296,0.0007680491551459,0.0007680491551459,0.0,0.0046082949308754,0.0023041474654377,0.0023041474654377,0.006912442396313299,0.0015360983102918,0.0053763440860215,0.0076804915514592,0.0023041474654377,0.0053763440860215,353
2015-09-01,2015,9,0.7547723935389133,0.1674008810572687,0.5873715124816447,0.0044052863436123,0.0044052863436123,0.0,0.0528634361233479,0.0036710719530102,0.0491923641703377,0.0014684287812041,0.0014684287812041,0.0,0.0168869309838472,0.0073421439060205,0.0095447870778267,0.0418502202643171,0.0161527165932452,0.0256975036710719,0.001468428781204,0.000734214390602,0.000734214390602,0.0029368575624082,0.0029368575624082,0.0,0.0256975036710718,0.0036710719530102,0.0220264317180616,0.0044052863436123,0.0044052863436123,0.0,0.0022026431718061,0.0022026431718061,0.0,0.0491923641703377,0.0146842878120411,0.0345080763582966,0.0286343612334801,0.013215859030837,0.0154185022026431,0.0,0.0,0.0,0.000734214390602,0.000734214390602,0.0,0.0044052863436123,0.0014684287812041,0.0029368575624082,0.014684287812041001,0.0095447870778267,0.0051395007342143,0.001468428781204,0.000734214390602,0.000734214390602,0.006607929515418399,0.0022026431718061,0.0044052863436123,0.0088105726872246,0.0022026431718061,0.0066079295154185,0.0110132158590308,0.0044052863436123,0.0066079295154185,343
2015-10-01,2015,10,0.7905084745762712,0.1857627118644068,0.6047457627118644,0.008813559322033801,0.0067796610169491,0.0020338983050847,0.0393220338983049,0.0040677966101694,0.0352542372881355,0.0013559322033898,0.0006779661016949,0.0006779661016949,0.0216949152542372,0.0081355932203389,0.0135593220338983,0.0325423728813558,0.0128813559322033,0.0196610169491525,0.0027118644067796,0.0020338983050847,0.0006779661016949,0.0033898305084745,0.0020338983050847,0.0013559322033898,0.0298305084745761,0.0040677966101694,0.0257627118644067,0.0027118644067796,0.0020338983050847,0.0006779661016949,0.0027118644067796,0.0020338983050847,0.0006779661016949,0.0338983050847457,0.0142372881355932,0.0196610169491525,0.0216949152542372,0.0122033898305084,0.0094915254237288,0.0,0.0,0.0,0.0,0.0,0.0,0.0054237288135592,0.0040677966101694,0.0013559322033898,0.0067796610169490994,0.0047457627118644,0.0020338983050847,0.0,0.0,0.0,0.0074576271186440005,0.0061016949152542,0.0013559322033898,0.0081355932203389,0.0013559322033898,0.0067796610169491,0.010847457627118499,0.0020338983050847,0.0088135593220338,388
2015-11-01,2015,11,0.7544459644322845,0.1935704514363885,0.560875512995896,0.0123119015047878,0.008891928864569,0.0034199726402188,0.0348837209302325,0.0068399452804377,0.0280437756497948,0.002735978112175,0.0020519835841313,0.0006839945280437,0.021203830369357,0.0027359781121751,0.0184678522571819,0.0341997264021887,0.0157318741450068,0.0184678522571819,0.0,0.0,0.0,0.0020519835841312003,0.0013679890560875,0.0006839945280437,0.0170998632010943,0.0034199726402188,0.0136798905608755,0.0109439124487004,0.0109439124487004,0.0,0.0020519835841313,0.0020519835841313,0.0,0.0540355677154582,0.0259917920656634,0.0280437756497948,0.045143638850889095,0.0246238030095759,0.0205198358413132,0.0013679890560874,0.0006839945280437,0.0006839945280437,0.002735978112175,0.0006839945280437,0.0020519835841313,0.0082079343365252,0.0034199726402188,0.0047879616963064,0.0075239398084814,0.0061559507523939,0.0013679890560875,0.0,0.0,0.0,0.0082079343365252,0.0075239398084815,0.0006839945280437,0.0041039671682626,0.0013679890560875,0.0027359781121751,0.0068399452804377,0.0027359781121751,0.0041039671682626,450
2015-12-01,2015,12,0.7614011896893588,0.1883674818241903,0.5730337078651685,0.0105750165234632,0.0066093853271645,0.0039656311962987,0.0350297422339722,0.0046265697290152,0.030403172504957,0.0013218770654328,0.0006609385327164,0.0006609385327164,0.0165234633179113,0.0066093853271645,0.0099140779907468,0.0389953734302708,0.021810971579643,0.0171844018506278,0.0013218770654329,0.0013218770654329,0.0,0.0019828155981493,0.0,0.0019828155981493,0.029081295439524,0.0099140779907468,0.0191672174487772,0.0158625247851949,0.014540647719762,0.0013218770654329,0.0033046926635822,0.0033046926635822,0.0,0.047587574355584805,0.0211500330469266,0.0264375413086582,0.02048909451421,0.0125578321216126,0.0079312623925974,0.0,0.0,0.0,0.0019828155981493,0.0006609385327164,0.0013218770654329,0.0046265697290151,0.0019828155981493,0.0026437541308658,0.009914077990746801,0.007270323859881,0.0026437541308658,0.0,0.0,0.0,0.005948446794448,0.0033046926635822,0.0026437541308658,0.011235955056179699,0.0013218770654329,0.0099140779907468,0.009914077990746801,0.0039656311962987,0.0059484467944481,451
2016-01-01,2016,1,0.7532894736842105,0.194078947368421,0.5592105263157895,0.007894736842105201,0.006578947368421,0.0013157894736842,0.0460526315789473,0.0046052631578947,0.0414473684210526,0.0,0.0,0.0,0.016447368421052502,0.0105263157894736,0.0059210526315789,0.0453947368421051,0.0217105263157894,0.0236842105263157,0.0006578947368421,0.0006578947368421,0.0,0.0,0.0,0.0,0.0328947368421051,0.0085526315789473,0.0243421052631578,0.0052631578947368,0.0046052631578947,0.0006578947368421,0.0032894736842105,0.0032894736842105,0.0,0.0546052631578946,0.0210526315789473,0.0335526315789473,0.0177631578947367,0.0092105263157894,0.0085526315789473,0.0,0.0,0.0,0.0013157894736842,0.0,0.0013157894736842,0.0026315789473684,0.0026315789473684,0.0,0.0072368421052631,0.0059210526315789,0.0013157894736842,0.0032894736842105,0.0006578947368421,0.0026315789473684,0.010526315789473599,0.0072368421052631,0.0032894736842105,0.013157894736841999,0.0019736842105263,0.0111842105263157,0.0092105263157894,0.0032894736842105,0.0059210526315789,449
2016-02-01,2016,2,0.7197802197802198,0.1971153846153846,0.5226648351648352,0.0123626373626372,0.0068681318681318,0.0054945054945054,0.052197802197802096,0.0123626373626373,0.0398351648351648,0.0006868131868131,0.0006868131868131,0.0,0.0254120879120878,0.0096153846153846,0.0157967032967032,0.0364010989010988,0.0240384615384615,0.0123626373626373,0.0123626373626373,0.0123626373626373,0.0,0.0006868131868131,0.0006868131868131,0.0,0.022664835164835,0.0061813186813186,0.0164835164835164,0.009615384615384501,0.007554945054945,0.0020604395604395,0.0,0.0,0.0,0.0377747252747251,0.0219780219780219,0.0157967032967032,0.030906593406593297,0.0151098901098901,0.0157967032967032,0.0020604395604395,0.0020604395604395,0.0,0.0013736263736263,0.0013736263736263,0.0,0.007554945054944901,0.0054945054945054,0.0020604395604395,0.0164835164835164,0.0123626373626373,0.0041208791208791,0.0061813186813186,0.0034340659340659,0.0027472527472527,0.0061813186813186,0.0048076923076923,0.0013736263736263,0.0096153846153845,0.0006868131868131,0.0089285714285714,0.0144230769230769,0.0048076923076923,0.0096153846153846,489
2016-03-01,2016,3,0.7550387596899224,0.2108527131782945,0.5441860465116279,0.0085271317829456,0.0046511627906976,0.003875968992248,0.0434108527131782,0.0108527131782945,0.0325581395348837,0.0007751937984496,0.0007751937984496,0.0,0.0186046511627906,0.0046511627906976,0.013953488372093,0.0379844961240309,0.0248062015503875,0.0131782945736434,0.0015503875968992,0.0015503875968992,0.0,0.0015503875968992,0.0007751937984496,0.0007751937984496,0.012403100775193701,0.0023255813953488,0.0100775193798449,0.0085271317829457,0.0085271317829457,0.0,0.0015503875968992,0.0015503875968992,0.0,0.047286821705426196,0.0224806201550387,0.0248062015503875,0.0279069767441859,0.0162790697674418,0.0116279069767441,0.0007751937984496,0.0007751937984496,0.0,0.0007751937984496,0.0,0.0007751937984496,0.0062015503875968,0.0031007751937984,0.0031007751937984,0.0193798449612402,0.0131782945736434,0.0062015503875968,0.0046511627906976,0.003875968992248,0.0007751937984496,0.0108527131782945,0.0069767441860465,0.003875968992248,0.0108527131782945,0.0031007751937984,0.0077519379844961,0.0093023255813952,0.0031007751937984,0.0062015503875968,421
2016-04-01,2016,4,0.6885245901639344,0.19150521609538,0.4970193740685544,0.0081967213114754,0.007451564828614,0.0007451564828614,0.049925484351713796,0.0067064083457526,0.0432190760059612,0.0007451564828614,0.0007451564828614,0.0,0.0327868852459016,0.0238450074515648,0.0089418777943368,0.044709388971684,0.0253353204172876,0.0193740685543964,0.0007451564828614,0.0007451564828614,0.0,0.0007451564828614,0.0007451564828614,0.0,0.0365126676602086,0.0081967213114754,0.0283159463487332,0.0089418777943368,0.0089418777943368,0.0,0.0022354694485842,0.0022354694485842,0.0,0.050670640834575204,0.026080476900149,0.0245901639344262,0.0208643815201192,0.007451564828614,0.0134128166915052,0.003725782414307,0.003725782414307,0.0,0.003725782414307,0.0007451564828614,0.0029806259314456,0.0089418777943368,0.0044709388971684,0.0044709388971684,0.0238450074515648,0.0193740685543964,0.0044709388971684,0.0029806259314456,0.0007451564828614,0.0022354694485842,0.007451564828614,0.0044709388971684,0.0029806259314456,0.011177347242921,0.0029806259314456,0.0081967213114754,0.022354694485842,0.0119225037257824,0.0104321907600596,459
2016-05-01,2016,5,0.7329105003523608,0.1945031712473573,0.5384073291050036,0.007751937984496,0.0070472163495419,0.0007047216349541,0.0458069062720225,0.0091613812544045,0.036645525017618,0.0,0.0,0.0,0.0246652572233967,0.0091613812544045,0.0155038759689922,0.057082452431289496,0.0352360817477096,0.0218463706835799,0.0007047216349541,0.0007047216349541,0.0,0.0,0.0,0.0,0.0246652572233967,0.0070472163495419,0.0176180408738548,0.0049330514446793,0.0049330514446793,0.0,0.0021141649048625,0.0021141649048625,0.0,0.055673009161381196,0.0274841437632135,0.0281888653981677,0.0310077519379844,0.0140944326990838,0.0169133192389006,0.0014094432699082,0.0007047216349541,0.0007047216349541,0.0028188865398166,0.0007047216349541,0.0021141649048625,0.009866102889358599,0.0056377730796335,0.0042283298097251,0.008456659619450201,0.0063424947145877,0.0021141649048625,0.0007047216349541,0.0007047216349541,0.0,0.004228329809725,0.0028188865398167,0.0014094432699083,0.0169133192389005,0.0056377730796335,0.011275546159267,0.005637773079633399,0.0014094432699083,0.0042283298097251,450
2016-06-01,2016,6,0.7313961729270021,0.2090715804394047,0.5223245924875974,0.0106307583274272,0.0099220411055988,0.0007087172218284,0.041814316087880804,0.0042523033309709,0.0375620127569099,0.0028348688873138,0.0014174344436569,0.0014174344436569,0.0333097094259389,0.0163004961020552,0.0170092133238837,0.0439404677533663,0.0269312544294826,0.0170092133238837,0.0021261516654854,0.0021261516654854,0.0,0.0021261516654853003,0.0007087172218284,0.0014174344436569,0.0120481927710842,0.0021261516654854,0.0099220411055988,0.0085046066619417,0.0077958894401133,0.0007087172218284,0.0021261516654854,0.0021261516654854,0.0,0.0481927710843372,0.0226789510985116,0.0255138199858256,0.0354358610914245,0.0141743444365698,0.0212615166548547,0.0,0.0,0.0,0.0014174344436569,0.0014174344436569,0.0,0.0198440822111977,0.0141743444365698,0.0056697377746279,0.009922041105598701,0.0092133238837703,0.0007087172218284,0.0007087172218284,0.0,0.0007087172218284,0.0099220411055987,0.0077958894401133,0.0021261516654854,0.0049610205527993,0.0014174344436569,0.0035435861091424,0.0127569099929127,0.0077958894401133,0.0049610205527994,484
2016-07-01,2016,7,0.6976744186046511,0.1643410852713178,0.5333333333333333,0.0085271317829456,0.003875968992248,0.0046511627906976,0.048837209302325504,0.0077519379844961,0.0410852713178294,0.0007751937984496,0.0007751937984496,0.0,0.028682170542635603,0.0147286821705426,0.013953488372093,0.0434108527131782,0.0240310077519379,0.0193798449612403,0.0,0.0,0.0,0.0,0.0,0.0,0.012403100775193701,0.0015503875968992,0.0108527131782945,0.0093023255813953,0.0085271317829457,0.0007751937984496,0.0023255813953488,0.0023255813953488,0.0,0.0449612403100774,0.0209302325581395,0.0240310077519379,0.045736434108527,0.0224806201550387,0.0232558139534883,0.0,0.0,0.0,0.0023255813953488,0.0015503875968992,0.0007751937984496,0.0209302325581394,0.017829457364341,0.0031007751937984,0.0162790697674417,0.0124031007751937,0.003875968992248,0.0023255813953488,0.0007751937984496,0.0015503875968992,0.0069767441860464005,0.0062015503875968,0.0007751937984496,0.011627906976744101,0.0015503875968992,0.0100775193798449,0.0170542635658913,0.0124031007751937,0.0046511627906976,409
2016-08-01,2016,8,0.7184391736801836,0.188982402448355,0.5294567712318287,0.0076511094108645,0.0045906656465187,0.0030604437643458,0.0397857689364957,0.0038255547054322,0.0359602142310635,0.0,0.0,0.0,0.030604437643458198,0.0191277735271614,0.0114766641162968,0.06503442999234879,0.0543228768171384,0.0107115531752104,0.0015302218821729,0.0015302218821729,0.0,0.0007651109410864,0.0,0.0007651109410864,0.0153022188217291,0.0015302218821729,0.0137719969395562,0.012241775057383301,0.0107115531752104,0.0015302218821729,0.0030604437643458,0.0030604437643458,0.0,0.0596786534047436,0.0359602142310635,0.0237184391736801,0.029839326702371702,0.0099464422341239,0.0198928844682478,0.0,0.0,0.0,0.0,0.0,0.0,0.010711553175210302,0.0091813312930374,0.0015302218821729,0.0107115531752103,0.0099464422341239,0.0007651109410864,0.0015302218821729,0.0,0.0015302218821729,0.0091813312930374,0.0045906656465187,0.0045906656465187,0.013006885998469699,0.0007651109410864,0.0122417750573833,0.008416220351950901,0.0022953328232593,0.0061208875286916,434
2016-09-01,2016,9,0.6971990915972748,0.198334595003785,0.4988644965934898,0.0166540499621498,0.0105980317940953,0.0060560181680545,0.0454201362604087,0.0128690386071158,0.0325510976532929,0.0,0.0,0.0,0.0264950794852383,0.0151400454201362,0.0113550340651021,0.0582891748675245,0.0431491294473883,0.0151400454201362,0.0007570022710068,0.0007570022710068,0.0,0.0030280090840272,0.0022710068130204,0.0007570022710068,0.0196820590461771,0.0015140045420136,0.0181680545041635,0.0098410295230885,0.0098410295230885,0.0,0.0007570022710068,0.0007570022710068,0.0,0.0764572293716881,0.0355791067373202,0.0408781226343679,0.0249810749432247,0.0098410295230885,0.0151400454201362,0.0,0.0,0.0,0.0007570022710068,0.0007570022710068,0.0,0.0189250567751702,0.0143830431491294,0.0045420136260408,0.0196820590461771,0.0181680545041635,0.0015140045420136,0.0,0.0,0.0,0.0068130204390613,0.0068130204390613,0.0,0.0052990158970476,0.0030280090840272,0.0022710068130204,0.0098410295230884,0.0045420136260408,0.0052990158970476,474
2016-10-01,2016,10,0.7507218479307025,0.2059672762271414,0.5447545717035611,0.0019249278152069,0.0,0.0019249278152069,0.0298363811357073,0.0115495668912415,0.0182868142444658,0.0009624639076034,0.0,0.0009624639076034,0.023099133782483003,0.0057747834456207,0.0173243503368623,0.0404234841193455,0.026948989412897,0.0134744947064485,0.0038498556304138,0.0038498556304138,0.0,0.0019249278152069,0.0,0.0019249278152069,0.0134744947064484,0.0009624639076034,0.012512030798845,0.0182868142444658,0.0182868142444658,0.0,0.0076997112608276,0.0067372473532242,0.0009624639076034,0.064485081809432,0.0279114533205004,0.0365736284889316,0.026948989412897,0.0134744947064485,0.0134744947064485,0.0,0.0,0.0,0.0009624639076034,0.0,0.0009624639076034,0.0125120307988449,0.0096246390760346,0.0028873917228103,0.0067372473532241,0.0057747834456207,0.0009624639076034,0.0009624639076034,0.0009624639076034,0.0,0.0096246390760345,0.0057747834456207,0.0038498556304138,0.0057747834456207,0.0,0.0057747834456207,0.0057747834456206995,0.0019249278152069,0.0038498556304138,344
2016-11-01,2016,11,0.7191830780452224,0.199854121079504,0.5193289569657185,0.0094821298322392,0.0058351568198395,0.0036469730123997,0.0335521517140772,0.0051057622173595,0.0284463894967177,0.0021881838074398,0.0021881838074398,0.0,0.020423048869438302,0.0072939460247994,0.0131291028446389,0.049598832968635896,0.0357403355215171,0.0138584974471188,0.0,0.0,0.0,0.0021881838074398,0.0021881838074398,0.0,0.0218818380743982,0.012399708242159,0.0094821298322392,0.0138584974471188,0.012399708242159,0.0014587892049598,0.0051057622173595,0.0051057622173595,0.0,0.0634573304157548,0.024070021881838,0.0393873085339168,0.0269876002917578,0.0145878920495988,0.012399708242159,0.0,0.0,0.0,0.0021881838074397,0.0007293946024799,0.0014587892049598,0.0160466812545586,0.0094821298322392,0.0065645514223194,0.0065645514223194,0.0043763676148796,0.0021881838074398,0.0021881838074398,0.0021881838074398,0.0,0.0131291028446388,0.0102115244347191,0.0029175784099197,0.0087527352297592,0.0036469730123997,0.0051057622173595,0.0102115244347191,0.0036469730123997,0.0065645514223194,476
2016-12-01,2016,12,0.7313207547169811,0.2143396226415094,0.5169811320754717,0.0173584905660377,0.0143396226415094,0.0030188679245283,0.030943396226414996,0.0090566037735849,0.0218867924528301,0.000754716981132,0.000754716981132,0.0,0.0196226415094338,0.0098113207547169,0.0098113207547169,0.0369811320754716,0.030943396226415,0.0060377358490566,0.0052830188679245,0.0030188679245283,0.0022641509433962,0.000754716981132,0.0,0.000754716981132,0.0241509433962263,0.0083018867924528,0.0158490566037735,0.0128301886792452,0.0120754716981132,0.000754716981132,0.0,0.0,0.0,0.0498113207547168,0.0249056603773584,0.0249056603773584,0.044528301886792396,0.030188679245283,0.0143396226415094,0.0,0.0,0.0,0.0022641509433961,0.000754716981132,0.0015094339622641,0.020377358490566,0.0173584905660377,0.0030188679245283,0.0120754716981131,0.0113207547169811,0.000754716981132,0.0015094339622641,0.0,0.0015094339622641,0.0037735849056603,0.0030188679245283,0.000754716981132,0.0045283018867924,0.0,0.0045283018867924,0.0045283018867923,0.0037735849056603,0.000754716981132,498
2017-01-01,2017,1,0.7016011644832605,0.168122270742358,0.5334788937409025,0.0043668122270742,0.0014556040756914,0.0029112081513828,0.025473071324599597,0.0021834061135371,0.0232896652110625,0.0058224163027656,0.0050946142649199,0.0007278020378457,0.0203784570596796,0.0109170305676855,0.0094614264919941,0.0902474526928674,0.0662299854439592,0.0240174672489082,0.0029112081513828,0.0029112081513828,0.0,0.0029112081513828,0.0021834061135371,0.0007278020378457,0.0254730713245996,0.0036390101892285,0.0218340611353711,0.021834061135371098,0.0211062590975254,0.0007278020378457,0.0014556040756914,0.0014556040756914,0.0,0.0887918486171761,0.0502183406113537,0.0385735080058224,0.0152838427947597,0.0065502183406113,0.0087336244541484,0.0,0.0,0.0,0.0014556040756914,0.0014556040756914,0.0,0.0029112081513828,0.0029112081513828,0.0,0.0167394468704512,0.0138282387190684,0.0029112081513828,0.0014556040756914,0.0014556040756914,0.0,0.0101892285298398,0.0094614264919941,0.0007278020378457,0.0080058224163027,0.0,0.0080058224163027,0.0131004366812226,0.007278020378457,0.0058224163027656,465
2017-02-01,2017,2,0.6823785351704132,0.1936185641769398,0.4887599709934735,0.0137781000725162,0.0101522842639593,0.0036258158085569,0.0261058738216098,0.0072516316171138,0.018854242204496,0.0007251631617113,0.0,0.0007251631617113,0.0268310369833211,0.0116026105873821,0.015228426395939,0.07759245830311809,0.0601885424220449,0.0174039158810732,0.0021754894851341,0.0021754894851341,0.0,0.0043509789702682,0.0029006526468455,0.0014503263234227,0.040609137055837505,0.0137781000725163,0.0268310369833212,0.005801305293691,0.005801305293691,0.0,0.0029006526468455,0.0029006526468455,0.0,0.0797679477882522,0.0536620739666424,0.0261058738216098,0.038433647570703305,0.0217548948513415,0.0166787527193618,0.0,0.0,0.0,0.0007251631617113,0.0007251631617113,0.0,0.011602610587382,0.0101522842639593,0.0014503263234227,0.0203045685279186,0.015228426395939,0.0050761421319796,0.0050761421319796,0.0029006526468455,0.0021754894851341,0.0043509789702683,0.0043509789702683,0.0,0.0108774474256707,0.0036258158085569,0.0072516316171138,0.0094271211022479,0.005801305293691,0.0036258158085569,525
2017-03-01,2017,3,0.7140127388535031,0.1770700636942675,0.5369426751592357,0.010191082802547699,0.00828025477707,0.0019108280254777,0.056050955414012595,0.0133757961783439,0.0426751592356687,0.0019108280254776,0.0006369426751592,0.0012738853503184,0.01656050955414,0.0070063694267515,0.0095541401273885,0.05923566878980879,0.0401273885350318,0.019108280254777,0.0019108280254777,0.0019108280254777,0.0,0.0006369426751592,0.0,0.0006369426751592,0.0171974522292993,0.0038216560509554,0.0133757961783439,0.0140127388535031,0.0127388535031847,0.0012738853503184,0.0070063694267515,0.0070063694267515,0.0,0.0579617834394904,0.0305732484076433,0.0273885350318471,0.0229299363057323,0.0140127388535031,0.0089171974522292,0.0006369426751592,0.0006369426751592,0.0,0.0044585987261146,0.0038216560509554,0.0006369426751592,0.0146496815286623,0.0063694267515923,0.00828025477707,0.0095541401273884,0.0063694267515923,0.0031847133757961,0.0025477707006369,0.0025477707006369,0.0,0.011464968152866201,0.0076433121019108,0.0038216560509554,0.00828025477707,0.0,0.00828025477707,0.0159235668789808,0.0057324840764331,0.0101910828025477,504
2017-04-01,2017,4,0.7084745762711864,0.1640677966101695,0.5444067796610169,0.0122033898305083,0.0081355932203389,0.0040677966101694,0.0494915254237287,0.0088135593220338,0.0406779661016949,0.0006779661016949,0.0006779661016949,0.0,0.0237288135593219,0.0088135593220338,0.0149152542372881,0.0501694915254236,0.0325423728813559,0.0176271186440677,0.0006779661016949,0.0006779661016949,0.0,0.0006779661016949,0.0006779661016949,0.0,0.0223728813559321,0.0047457627118644,0.0176271186440677,0.012881355932203301,0.0115254237288135,0.0013559322033898,0.0115254237288135,0.0115254237288135,0.0,0.052881355932203306,0.0244067796610169,0.0284745762711864,0.0196610169491524,0.0088135593220338,0.0108474576271186,0.0,0.0,0.0,0.0027118644067796,0.0013559322033898,0.0013559322033898,0.0094915254237287,0.0081355932203389,0.0013559322033898,0.014915254237288001,0.0115254237288135,0.0033898305084745,0.0040677966101694,0.0027118644067796,0.0013559322033898,0.009491525423728699,0.007457627118644,0.0020338983050847,0.0108474576271186,0.0006779661016949,0.0101694915254237,0.0101694915254237,0.0047457627118644,0.0054237288135593,455
2017-05-01,2017,5,0.7388704318936876,0.2219269102990033,0.5169435215946844,0.0066445182724251,0.0046511627906976,0.0019933554817275,0.043189368770764,0.0079734219269102,0.0352159468438538,0.0,0.0,0.0,0.0265780730897009,0.0119601328903654,0.0146179401993355,0.0518272425249168,0.0372093023255813,0.0146179401993355,0.0,0.0,0.0,0.001328903654485,0.001328903654485,0.0,0.0093023255813953,0.0026578073089701,0.0066445182724252,0.0126245847176079,0.0119601328903654,0.0006644518272425,0.0053156146179402,0.0053156146179402,0.0,0.0485049833887043,0.0212624584717608,0.0272425249169435,0.0272425249169434,0.0119601328903654,0.015282392026578,0.0,0.0,0.0,0.001328903654485,0.0,0.001328903654485,0.010631229235880299,0.0079734219269102,0.0026578073089701,0.0139534883720929,0.0099667774086378,0.0039867109634551,0.001328903654485,0.0,0.001328903654485,0.007308970099667699,0.0046511627906976,0.0026578073089701,0.0146179401993354,0.0019933554817275,0.0126245847176079,0.0073089700996677,0.001328903654485,0.0059800664451827,526
2017-06-01,2017,6,0.7483787289234759,0.1913099870298313,0.5570687418936446,0.0090791180285342,0.0051880674448767,0.0038910505836575,0.0317769130998702,0.0064850843060959,0.0252918287937743,0.0,0.0,0.0,0.023994811932555,0.0136186770428015,0.0103761348897535,0.0466926070038909,0.0317769130998702,0.0149156939040207,0.0019455252918287,0.0019455252918287,0.0,0.0019455252918286,0.0012970168612191,0.0006485084306095,0.011024643320363,0.0006485084306095,0.0103761348897535,0.0071335927367055,0.0071335927367055,0.0,0.004539559014267,0.0038910505836575,0.0006485084306095,0.0473411154345006,0.0226977950713359,0.0246433203631647,0.0233463035019454,0.0103761348897535,0.0129701686121919,0.0006485084306095,0.0006485084306095,0.0,0.0025940337224382,0.0012970168612191,0.0012970168612191,0.0330739299610894,0.0201037613488975,0.0129701686121919,0.0103761348897534,0.0077821011673151,0.0025940337224383,0.0012970168612191,0.0,0.0012970168612191,0.0103761348897534,0.0077821011673151,0.0025940337224383,0.0051880674448766,0.0006485084306095,0.0045395590142671,0.011024643320363,0.0045395590142671,0.0064850843060959,493
2017-07-01,2017,7,0.7372210223182145,0.2145428365730741,0.5226781857451404,0.0079193664506838,0.005759539236861,0.0021598272138228,0.0518358531317494,0.0093592512598992,0.0424766018718502,0.0021598272138228,0.0007199424046076,0.0014398848092152,0.0323974082073433,0.0165586753059755,0.0158387329013678,0.050395968322534096,0.0266378689704823,0.0237580993520518,0.0,0.0,0.0,0.0014398848092152,0.0014398848092152,0.0,0.011519078473722001,0.0050395968322534,0.0064794816414686,0.0129589632829373,0.0129589632829373,0.0,0.0021598272138228,0.0021598272138228,0.0,0.0655147588192943,0.0295176385889128,0.0359971202303815,0.017278617710583102,0.0071994240460763,0.0100791936645068,0.0,0.0,0.0,0.0014398848092152,0.0014398848092152,0.0,0.013678905687544901,0.0093592512598992,0.0043196544276457,0.008639308855291501,0.0071994240460763,0.0014398848092152,0.0007199424046076,0.0,0.0007199424046076,0.0064794816414686,0.005759539236861,0.0007199424046076,0.0093592512598991,0.0035997120230381,0.005759539236861,0.0107991360691144,0.0035997120230381,0.0071994240460763,473
2017-08-01,2017,8,0.7221818181818181,0.1970909090909091,0.525090909090909,0.013090909090909,0.0087272727272727,0.0043636363636363,0.042181818181818,0.005090909090909,0.037090909090909,0.0058181818181818,0.0058181818181818,0.0,0.0254545454545453,0.013090909090909,0.0123636363636363,0.0429090909090908,0.0283636363636363,0.0145454545454545,0.0007272727272727,0.0,0.0007272727272727,0.0029090909090908,0.0014545454545454,0.0014545454545454,0.0174545454545454,0.0007272727272727,0.0167272727272727,0.0247272727272726,0.0225454545454545,0.0021818181818181,0.005090909090908999,0.0043636363636363,0.0007272727272727,0.045090909090909,0.0203636363636363,0.0247272727272727,0.0174545454545454,0.0109090909090909,0.0065454545454545,0.0007272727272727,0.0,0.0007272727272727,0.0007272727272727,0.0007272727272727,0.0,0.0218181818181818,0.0138181818181818,0.008,0.0058181818181817,0.0043636363636363,0.0014545454545454,0.0058181818181817,0.0036363636363636,0.0021818181818181,0.0101818181818181,0.0087272727272727,0.0014545454545454,0.0058181818181817,0.0014545454545454,0.0043636363636363,0.0116363636363636,0.0029090909090909,0.0087272727272727,467
2017-09-01,2017,9,0.7107215104517869,0.184086311530681,0.5266351989211059,0.0080917060013486,0.0040458530006743,0.0040458530006743,0.055293324342548696,0.0107889413351314,0.0445043830074173,0.0020229265003371,0.0020229265003371,0.0,0.0215778826702629,0.0128118678354686,0.0087660148347943,0.0674308833445717,0.0445043830074173,0.0229265003371544,0.0,0.0,0.0,0.0,0.0,0.0,0.0107889413351314,0.0,0.0107889413351314,0.0182063385030343,0.0175320296695886,0.0006743088334457,0.0033715441672285,0.0033715441672285,0.0,0.0654079568442345,0.0397842211732973,0.0256237356709372,0.0202292650033715,0.0121375590020229,0.0080917060013486,0.0,0.0,0.0,0.0013486176668914,0.0013486176668914,0.0,0.0060687795010113,0.0026972353337828,0.0033715441672285,0.0134861766689143,0.0114632501685772,0.0020229265003371,0.0020229265003371003,0.0006743088334457,0.0013486176668914,0.00472016183412,0.0040458530006743,0.0006743088334457,0.0182063385030343,0.00472016183412,0.0134861766689143,0.0161834120026972,0.00472016183412,0.0114632501685772,491
2017-10-01,2017,10,0.6923076923076923,0.1933471933471933,0.498960498960499,0.0069300069300068,0.0041580041580041,0.0027720027720027,0.0512820512820511,0.0103950103950103,0.0408870408870408,0.0006930006930006,0.0006930006930006,0.0,0.0249480249480249,0.009009009009009,0.0159390159390159,0.036036036036035904,0.02009702009702,0.0159390159390159,0.0006930006930006,0.0,0.0006930006930006,0.0013860013860013,0.0013860013860013,0.0,0.0187110187110186,0.0034650034650034,0.0152460152460152,0.0388080388080387,0.0367290367290367,0.002079002079002,0.002079002079002,0.002079002079002,0.0,0.054054054054053904,0.02009702009702,0.0339570339570339,0.0242550242550241,0.0124740124740124,0.0117810117810117,0.0041580041580039995,0.0006930006930006,0.0034650034650034,0.0006930006930006,0.0006930006930006,0.0,0.0055440055440054,0.0013860013860013,0.0041580041580041,0.011088011088011,0.0097020097020097,0.0013860013860013,0.0027720027720026,0.0013860013860013,0.0013860013860013,0.0041580041580039995,0.0034650034650034,0.0006930006930006,0.0187110187110186,0.0055440055440055,0.0131670131670131,0.0256410256410255,0.011088011088011,0.0145530145530145,484
2017-11-01,2017,11,0.7135785007072135,0.2157001414427157,0.4978783592644978,0.0134370579915134,0.0113154172560113,0.0021216407355021,0.0332390381895332,0.0028288543140028,0.0304101838755304,0.0014144271570014,0.0014144271570014,0.0,0.0169731258840168,0.0084865629420084,0.0084865629420084,0.051626591230551494,0.0261669024045261,0.0254596888260254,0.0035360678925035,0.0028288543140028,0.0007072135785007,0.0035360678925035,0.0014144271570014,0.0021216407355021,0.0275813295615275,0.0042432814710042,0.0233380480905233,0.0091937765205091,0.0091937765205091,0.0,0.0035360678925035,0.0035360678925035,0.0,0.0792079207920791,0.0282885431400282,0.0509193776520509,0.0396039603960395,0.0254596888260254,0.0141442715700141,0.0,0.0,0.0,0.0021216407355021,0.0021216407355021,0.0,0.0077793493635077,0.0077793493635077,0.0,0.0091937765205091,0.0042432814710042,0.0049504950495049,0.0014144271570014,0.0,0.0014144271570014,0.007072135785007,0.0042432814710042,0.0028288543140028,0.0063649222065063,0.0049504950495049,0.0014144271570014,0.0120226308345119,0.0056577086280056,0.0063649222065063,496
2017-12-01,2017,12,0.7057837384744342,0.1760268231349539,0.5297569153394803,0.0058675607711651,0.0033528918692372,0.0025146689019279,0.0402347024308465,0.0067057837384744,0.0335289186923721,0.0008382229673093,0.0008382229673093,0.0,0.0159262363788767,0.0075440067057837,0.008382229673093,0.041072925398155796,0.0234702430846605,0.0176026823134953,0.0016764459346186,0.0016764459346186,0.0,0.0,0.0,0.0,0.0368818105616093,0.0108968985750209,0.0259849119865884,0.0176026823134953,0.0159262363788767,0.0016764459346186,0.008382229673093,0.008382229673093,0.0,0.049455155071248896,0.0217937971500419,0.027661357921207,0.0427493713327744,0.0284995808885163,0.0142497904442581,0.0033528918692372,0.0025146689019279,0.0008382229673093,0.0025146689019279,0.0,0.0025146689019279,0.015088013411567399,0.0134115674769488,0.0016764459346186,0.0108968985750209,0.0058675607711651,0.0050293378038558,0.0,0.0,0.0,0.0041911148365465,0.0041911148365465,0.0,0.0108968985750209,0.0041911148365465,0.0067057837384744,0.0125733445096395,0.0025146689019279,0.0100586756077116,389
2018-01-01,2018,1,0.6885007278020377,0.1863173216885007,0.5021834061135371,0.0080058224163027,0.0043668122270742,0.0036390101892285,0.0458515283842794,0.0050946142649199,0.0407569141193595,0.0014556040756914,0.0007278020378457,0.0007278020378457,0.021106259097525303,0.0116448326055312,0.0094614264919941,0.0705967976710334,0.0451237263464337,0.0254730713245997,0.0014556040756914,0.0,0.0014556040756914,0.0029112081513828,0.0007278020378457,0.0021834061135371,0.0363901018922852,0.0087336244541484,0.0276564774381368,0.0232896652110625,0.0225618631732168,0.0007278020378457,0.0007278020378457,0.0007278020378457,0.0,0.07278020378457051,0.0305676855895196,0.0422125181950509,0.021106259097525303,0.0094614264919941,0.0116448326055312,0.0,0.0,0.0,0.0014556040756914,0.0014556040756914,0.0,0.0043668122270742,0.0021834061135371,0.0021834061135371,0.0174672489082969,0.0152838427947598,0.0021834061135371,0.0021834061135371,0.0007278020378457,0.0014556040756914,0.0101892285298398,0.007278020378457,0.0029112081513828,0.0101892285298398,0.0021834061135371,0.0080058224163027,0.0094614264919941,0.0043668122270742,0.0050946142649199,462
2018-02-01,2018,2,0.7414040114613181,0.1941260744985673,0.5472779369627507,0.0050143266475643,0.0028653295128939,0.0021489971346704,0.0415472779369626,0.0071633237822349,0.0343839541547277,0.0028653295128939,0.0028653295128939,0.0,0.018624641833810802,0.0078796561604584,0.0107449856733524,0.0515759312320916,0.0401146131805157,0.0114613180515759,0.0014326647564469,0.0014326647564469,0.0,0.0021489971346703002,0.0014326647564469,0.0007163323782234,0.038681948424068704,0.0071633237822349,0.0315186246418338,0.0164756446991404,0.0164756446991404,0.0,0.0021489971346704,0.0021489971346704,0.0,0.0608882521489971,0.0315186246418338,0.0293696275071633,0.0171919770773638,0.0071633237822349,0.0100286532951289,0.0,0.0,0.0,0.0014326647564469,0.0014326647564469,0.0,0.0021489971346703002,0.0014326647564469,0.0007163323782234,0.0057306590257878,0.0050143266475644,0.0007163323782234,0.0014326647564468,0.0007163323782234,0.0007163323782234,0.0028653295128939,0.0028653295128939,0.0,0.0114613180515758,0.0014326647564469,0.0100286532951289,0.0107449856733523,0.0057306590257879,0.0050143266475644,443
2018-03-01,2018,3,0.7306350314026517,0.1967899511514305,0.5338450802512212,0.0090718771807396,0.0041870202372644,0.0048848569434752,0.035589672016748,0.0034891835310537,0.0321004884856943,0.0,0.0,0.0,0.022330774598743802,0.0118632240055826,0.0104675505931612,0.0614096301465456,0.041172365666434,0.0202372644801116,0.0,0.0,0.0,0.0048848569434751,0.0041870202372644,0.0006978367062107,0.021632937892533,0.0069783670621074,0.0146545708304256,0.020935101186322302,0.0202372644801116,0.0006978367062107,0.0027913468248429,0.0027913468248429,0.0,0.0697836706210746,0.0390788555478018,0.0307048150732728,0.0209351011863223,0.0097697138869504,0.0111653872993719,0.0020935101186321,0.0006978367062107,0.0013956734124214,0.0013956734124214,0.0,0.0013956734124214,0.0041870202372644,0.0041870202372644,0.0,0.0111653872993719,0.0104675505931612,0.0006978367062107,0.0013956734124214,0.0,0.0013956734124214,0.0083740404745288,0.0041870202372644,0.0041870202372644,0.0083740404745289,0.0006978367062107,0.0076762037683182,0.012561060711793401,0.0048848569434752,0.0076762037683182,477
2018-04-01,2018,4,0.684941013185288,0.2213740458015267,0.4635669673837613,0.015267175572518998,0.0124913254684247,0.0027758501040943,0.044413601665510005,0.0090215128383067,0.0353920888272033,0.0,0.0,0.0,0.0263705759888965,0.0166551006245662,0.0097154753643303,0.0367800138792505,0.0235947258848022,0.0131852879944483,0.0,0.0,0.0,0.0020818875780706,0.0013879250520471,0.0006939625260235,0.0229007633587785,0.0048577376821651,0.0180430256766134,0.0451075641915335,0.0423317140874392,0.0027758501040943,0.0062456627342122,0.0048577376821651,0.0013879250520471,0.052047189451769504,0.0242886884108258,0.0277585010409437,0.0173490631505898,0.0097154753643303,0.0076335877862595,0.0006939625260235,0.0006939625260235,0.0,0.0041637751561414,0.0020818875780707,0.0020818875780707,0.0284524635669673,0.0235947258848022,0.0048577376821651,0.009715475364330201,0.0090215128383067,0.0006939625260235,0.0006939625260235,0.0006939625260235,0.0,0.0062456627342122,0.0048577376821651,0.0013879250520471,0.0083275503122831,0.0,0.0083275503122831,0.013185287994448201,0.0062456627342123,0.0069396252602359,581
2018-05-01,2018,5,0.706798866855524,0.2230878186968838,0.4837110481586402,0.009915014164305899,0.0056657223796034,0.0042492917847025,0.0467422096317279,0.0077903682719546,0.0389518413597733,0.0014164305949008,0.0014164305949008,0.0,0.0332861189801698,0.0191218130311614,0.0141643059490084,0.0446175637393767,0.0318696883852691,0.0127478753541076,0.0007082152974504,0.0007082152974504,0.0,0.0042492917847025,0.0028328611898017,0.0014164305949008,0.014164305949008499,0.0028328611898017,0.0113314447592068,0.046033994334277496,0.0396600566572237,0.0063739376770538,0.0028328611898017,0.0028328611898017,0.0,0.0502832861189801,0.0269121813031161,0.023371104815864,0.0212464589235127,0.0092067988668555,0.0120396600566572,0.0,0.0,0.0,0.0,0.0,0.0,0.0070821529745042,0.0056657223796034,0.0014164305949008,0.0092067988668554,0.0077903682719546,0.0014164305949008,0.0007082152974504,0.0,0.0007082152974504,0.0042492917847025,0.0028328611898017,0.0014164305949008,0.0092067988668555,0.0028328611898017,0.0063739376770538,0.0191218130311614,0.0120396600566572,0.0070821529745042,545
2018-06-01,2018,6,0.6850507982583454,0.2075471698113207,0.4775036284470246,0.0108853410740202,0.0079825834542815,0.0029027576197387,0.038461538461538304,0.0007256894049346,0.0377358490566037,0.002177068214804,0.002177068214804,0.0,0.0290275761973874,0.0166908563134978,0.0123367198838896,0.0377358490566037,0.0275761973875181,0.0101596516690856,0.0007256894049346,0.0007256894049346,0.0,0.006531204644412101,0.0029027576197387,0.0036284470246734,0.0101596516690855,0.002177068214804,0.0079825834542815,0.0558780841799709,0.0500725689404934,0.0058055152394775,0.0043541364296081,0.0043541364296081,0.0,0.0457184325108852,0.0246734397677793,0.0210449927431059,0.0355587808417997,0.0239477503628447,0.011611030478955,0.0,0.0,0.0,0.0007256894049346,0.0007256894049346,0.0,0.0108853410740202,0.0087082728592162,0.002177068214804,0.0079825834542815,0.0079825834542815,0.0,0.0036284470246733002,0.0029027576197387,0.0007256894049346,0.0108853410740202,0.0079825834542815,0.0029027576197387,0.013788098693759,0.0,0.013788098693759,0.021044992743105798,0.0123367198838896,0.0087082728592162,541
2018-07-01,2018,7,0.6467958271236959,0.2295081967213114,0.4172876304023845,0.0104321907600596,0.0104321907600596,0.0,0.05663189269746639,0.0052160953800298,0.0514157973174366,0.0007451564828614,0.0,0.0007451564828614,0.026825633383010403,0.014903129657228,0.0119225037257824,0.0678092399403874,0.0499254843517138,0.0178837555886736,0.0014903129657228,0.0014903129657228,0.0,0.0,0.0,0.0,0.0089418777943368,0.0007451564828614,0.0081967213114754,0.0529061102831594,0.052160953800298,0.0007451564828614,0.0178837555886736,0.0178837555886736,0.0,0.055886736214605,0.0245901639344262,0.0312965722801788,0.0193740685543964,0.0119225037257824,0.007451564828614,0.0014903129657228,0.0007451564828614,0.0007451564828614,0.0029806259314456,0.0022354694485842,0.0007451564828614,0.0089418777943368,0.0059612518628912,0.0029806259314456,0.0230998509687034,0.022354694485842,0.0007451564828614,0.0014903129657228,0.0014903129657228,0.0,0.0119225037257824,0.011177347242921,0.0007451564828614,0.013412816691505201,0.0014903129657228,0.0119225037257824,0.0104321907600596,0.0029806259314456,0.007451564828614,591
2018-08-01,2018,8,0.6648648648648647,0.1938223938223938,0.471042471042471,0.0077220077220076,0.0046332046332046,0.003088803088803,0.0432432432432431,0.003088803088803,0.0401544401544401,0.0,0.0,0.0,0.0277992277992277,0.0162162162162162,0.0115830115830115,0.061003861003860904,0.0386100386100386,0.0223938223938223,0.0015444015444015,0.0015444015444015,0.0,0.003088803088803,0.0023166023166023,0.0007722007722007,0.0146718146718146,0.0,0.0146718146718146,0.058687258687258596,0.0571428571428571,0.0015444015444015,0.01003861003861,0.01003861003861,0.0,0.0733590733590732,0.0308880308880308,0.0424710424710424,0.013127413127413001,0.0069498069498069,0.0061776061776061,0.0,0.0,0.0,0.0038610038610038,0.0023166023166023,0.0015444015444015,0.013127413127413,0.0115830115830115,0.0015444015444015,0.013127413127413,0.0123552123552123,0.0007722007722007,0.0015444015444014,0.0007722007722007,0.0007722007722007,0.0092664092664092,0.0077220077220077,0.0015444015444015,0.0100386100386099,0.0007722007722007,0.0092664092664092,0.0169884169884169,0.0108108108108108,0.0061776061776061,497
2018-09-01,2018,9,0.6753968253968254,0.1952380952380952,0.4801587301587302,0.0134920634920634,0.0095238095238095,0.0039682539682539,0.0468253968253967,0.0031746031746031,0.0436507936507936,0.0023809523809523,0.0023809523809523,0.0,0.0277777777777777,0.0166666666666666,0.0111111111111111,0.0269841269841269,0.0206349206349206,0.0063492063492063,0.0,0.0,0.0,0.0015873015873015,0.0,0.0015873015873015,0.0079365079365078,0.0007936507936507,0.0071428571428571,0.0769841269841268,0.0753968253968253,0.0015873015873015,0.0071428571428571,0.0071428571428571,0.0,0.042063492063492,0.0222222222222222,0.0198412698412698,0.019047619047619,0.0079365079365079,0.0111111111111111,0.0007936507936507,0.0,0.0007936507936507,0.0007936507936507,0.0007936507936507,0.0,0.0198412698412697,0.0166666666666666,0.0031746031746031,0.0071428571428571,0.0071428571428571,0.0,0.0031746031746030003,0.0007936507936507,0.0023809523809523,0.0119047619047618,0.0111111111111111,0.0007936507936507,0.0158730158730157,0.0007936507936507,0.015079365079365,0.0142857142857142,0.0087301587301587,0.0055555555555555,496
2018-10-01,2018,10,0.7003105590062112,0.1793478260869565,0.5209627329192547,0.013975155279503,0.0069875776397515,0.0069875776397515,0.0380434782608695,0.0062111801242236,0.0318322981366459,0.0,0.0,0.0,0.0318322981366459,0.0225155279503105,0.0093167701863354,0.031055900621118,0.0217391304347826,0.0093167701863354,0.0,0.0,0.0,0.0015527950310558,0.0007763975155279,0.0007763975155279,0.0232919254658384,0.0023291925465838,0.0209627329192546,0.046583850931677,0.0434782608695652,0.0031055900621118,0.0116459627329192,0.0116459627329192,0.0,0.0504658385093167,0.0263975155279503,0.0240683229813664,0.0155279503105589,0.0085403726708074,0.0069875776397515,0.0,0.0,0.0,0.0015527950310558,0.0007763975155279,0.0007763975155279,0.0124223602484472,0.0077639751552795,0.0046583850931677,0.0124223602484471,0.0085403726708074,0.0038819875776397,0.0015527950310558,0.0007763975155279,0.0007763975155279,0.0124223602484472,0.0108695652173913,0.0015527950310559,0.0038819875776397,0.0,0.0038819875776397,0.0124223602484472,0.0031055900621118,0.0093167701863354,451
2018-11-01,2018,11,0.6874536005939124,0.2108389012620638,0.4766146993318486,0.011878247958426,0.0103934669636228,0.0014847809948032,0.0267260579064587,0.0014847809948032,0.0252412769116555,0.0,0.0,0.0,0.0252412769116554,0.0148478099480326,0.0103934669636228,0.0237564959168522,0.0163325909428359,0.0074239049740163,0.0014847809948032,0.0007423904974016,0.0007423904974016,0.0,0.0,0.0,0.026726057906458697,0.0051967334818114,0.0215293244246473,0.0527097253155158,0.050482553823311,0.0022271714922048,0.0118782479584261,0.0118782479584261,0.0,0.0408314773570897,0.0267260579064587,0.014105419450631,0.0296956198960652,0.0148478099480326,0.0148478099480326,0.0,0.0,0.0,0.0022271714922048004,0.0014847809948032,0.0007423904974016,0.0044543429844096,0.0022271714922048,0.0022271714922048,0.0163325909428358,0.0133630289532293,0.0029695619896065,0.0022271714922048004,0.0014847809948032,0.0007423904974016,0.0089086859688195,0.0051967334818114,0.0037119524870081,0.0289532293986636,0.0215293244246473,0.0074239049740163,0.0126206384558277,0.0051967334818114,0.0074239049740163,546
2018-12-01,2018,12,0.6763330215154348,0.1777362020579981,0.4985968194574368,0.0121608980355471,0.0084190832553788,0.0037418147801683,0.0449017773620205,0.0056127221702525,0.039289055191768,0.0,0.0,0.0,0.0196445275958839,0.0112254443405051,0.0084190832553788,0.043966323666978405,0.0271281571562207,0.0168381665107577,0.0028063610851261,0.000935453695042,0.0018709073900841,0.0,0.0,0.0,0.037418147801683704,0.0074836295603367,0.029934518241347,0.0645463049579045,0.0617399438727783,0.0028063610851262,0.0056127221702525,0.0056127221702525,0.0,0.040224508886810006,0.0233863423760523,0.0168381665107577,0.039289055191767897,0.0252572497661365,0.0140318054256314,0.0,0.0,0.0,0.0037418147801682004,0.000935453695042,0.0028063610851262,0.0093545369504208,0.0074836295603367,0.0018709073900841,0.0065481758652945,0.0056127221702525,0.000935453695042,0.001870907390084,0.000935453695042,0.000935453695042,0.000935453695042,0.000935453695042,0.0,0.011225444340505,0.0037418147801683,0.0074836295603367,0.0084190832553787,0.0046772684752104,0.0037418147801683,388
2019-01-01,2019,1,0.6296596434359805,0.1871961102106969,0.4424635332252836,0.0072933549432738,0.006482982171799,0.0008103727714748,0.0672609400324148,0.012965964343598,0.0542949756888168,0.0008103727714748,0.0008103727714748,0.0,0.0235008103727714,0.0170178282009724,0.006482982171799,0.0356564019448945,0.0226904376012965,0.012965964343598,0.0,0.0,0.0,0.0048622366288492,0.0016207455429497,0.0032414910858995,0.0356564019448946,0.006482982171799,0.0291734197730956,0.07131280388978921,0.0696920583468395,0.0016207455429497,0.0145867098865478,0.0145867098865478,0.0,0.0656401944894651,0.0405186385737439,0.0251215559157212,0.012155591572122999,0.0040518638573743,0.0081037277147487,0.0016207455429497,0.0016207455429497,0.0,0.0008103727714748,0.0008103727714748,0.0,0.0097244732576984,0.0081037277147487,0.0016207455429497,0.0105348460291733,0.0081037277147487,0.0024311183144246,0.0016207455429496,0.0008103727714748,0.0008103727714748,0.0113452188006482,0.0056726094003241,0.0056726094003241,0.0089141004862235,0.0008103727714748,0.0081037277147487,0.0226904376012965,0.0170178282009724,0.0056726094003241,503
2019-02-01,2019,2,0.688953488372093,0.2311046511627907,0.4578488372093023,0.010174418604651101,0.0079941860465116,0.0021802325581395,0.0363372093023255,0.0065406976744186,0.0297965116279069,0.002906976744186,0.002906976744186,0.0,0.0225290697674417,0.0116279069767441,0.0109011627906976,0.0254360465116278,0.0138081395348837,0.0116279069767441,0.0,0.0,0.0,0.0,0.0,0.0,0.0159883720930232,0.002906976744186,0.0130813953488372,0.09011627906976731,0.0843023255813953,0.005813953488372,0.0050872093023255,0.0050872093023255,0.0,0.051598837209302195,0.0181686046511627,0.0334302325581395,0.0174418604651161,0.005813953488372,0.0116279069767441,0.0007267441860465,0.0,0.0007267441860465,0.0021802325581395,0.0021802325581395,0.0,0.0065406976744186,0.0065406976744186,0.0,0.011627906976744101,0.0109011627906976,0.0007267441860465,0.0021802325581395,0.001453488372093,0.0007267441860465,0.007267441860465001,0.0050872093023255,0.0021802325581395,0.0072674418604651,0.0007267441860465,0.0065406976744186,0.014534883720930099,0.005813953488372,0.0087209302325581,568
2019-03-01,2019,3,0.6153846153846153,0.1896652965355255,0.4257193188490898,0.01174398120963,0.0064591896652965,0.0052847915443335,0.029359953024075097,0.0052847915443335,0.0240751614797416,0.0005871990604815,0.0,0.0005871990604815,0.0193775689958895,0.010569583088667,0.0088079859072225,0.018203170874926497,0.0088079859072225,0.009395184967704,0.0,0.0,0.0,0.0,0.0,0.0,0.1720493247210804,0.0986494421608925,0.0733998825601879,0.0452143276570757,0.0428655314151497,0.002348796241926,0.007046388725778,0.007046388725778,0.0,0.033470346447445495,0.0158543746330005,0.017615971814445,0.018203170874926497,0.008220786846741,0.0099823840281855,0.0005871990604815,0.0,0.0005871990604815,0.002348796241926,0.0017615971814445,0.0005871990604815,0.0088079859072225,0.0088079859072225,0.0,0.005871990604815,0.003523194362889,0.002348796241926,0.0,0.0,0.0,0.0064591896652965,0.005871990604815,0.0005871990604815,0.006459189665296499,0.002348796241926,0.0041103934233705,0.0099823840281855,0.0052847915443335,0.004697592483852,708
2019-04-01,2019,4,0.6820330969267139,0.2074468085106383,0.4745862884160756,0.0147754137115838,0.0070921985815602,0.0076832151300236,0.0260047281323876,0.0082742316784869,0.0177304964539007,0.0017730496453900002,0.0011820330969267,0.0005910165484633,0.018912529550827298,0.0112293144208037,0.0076832151300236,0.020094562647754,0.0124113475177304,0.0076832151300236,0.0,0.0,0.0,0.0017730496453900002,0.0005910165484633,0.0011820330969267,0.0650118203309691,0.0236406619385342,0.0413711583924349,0.059101654846335595,0.0555555555555555,0.0035460992907801,0.0070921985815602,0.0070921985815602,0.0,0.0419621749408982,0.0212765957446808,0.0206855791962174,0.018912529550827298,0.0082742316784869,0.0106382978723404,0.0,0.0,0.0,0.00354609929078,0.0029550827423167,0.0005910165484633,0.0065011820330969,0.0053191489361702,0.0011820330969267,0.0082742316784869,0.0065011820330969,0.00177304964539,0.00177304964539,0.00177304964539,0.0,0.0088652482269503,0.0076832151300236,0.0011820330969267,0.0065011820330968,0.0005910165484633,0.0059101654846335,0.0212765957446807,0.0165484633569739,0.0047281323877068,676
2019-05-01,2019,5,0.5937136204889405,0.2211874272409778,0.3725261932479627,0.008731082654249,0.0052386495925494,0.0034924330616996,0.027357392316647203,0.0116414435389988,0.0157159487776484,0.0011641443538998,0.0011641443538998,0.0,0.0128055878928986,0.0064027939464493,0.0064027939464493,0.0180442374854481,0.0133876600698486,0.0046565774155995,0.0017462165308498,0.0017462165308498,0.0,0.0023282887077997,0.0005820721769499,0.0017462165308498,0.019208381839348,0.0064027939464493,0.0128055878928987,0.16938300349243302,0.1589057043073341,0.0104772991850989,0.0419091967403957,0.0413271245634458,0.0005820721769499,0.0302677532013969,0.0174621653084982,0.0128055878928987,0.0093131548311989,0.0052386495925494,0.0040745052386495,0.0005820721769499,0.0005820721769499,0.0,0.0058207217694993,0.0040745052386495,0.0017462165308498,0.0075669383003492,0.0058207217694994,0.0017462165308498,0.0122235157159487,0.009895227008149,0.0023282887077997,0.0005820721769499,0.0005820721769499,0.0,0.0116414435389988,0.009895227008149,0.0017462165308498,0.0139697322467986,0.0069848661233993,0.0069848661233993,0.0250291036088474,0.0162980209545983,0.0087310826542491,921
2019-06-01,2019,6,0.6437037037037037,0.2362962962962963,0.4074074074074074,0.0096296296296296,0.0096296296296296,0.0,0.030370370370370298,0.0081481481481481,0.0222222222222222,0.0044444444444444,0.0037037037037037,0.0007407407407407,0.0296296296296295,0.0155555555555555,0.014074074074074,0.048148148148147996,0.034074074074074,0.014074074074074,0.0029629629629629,0.0022222222222222,0.0007407407407407,0.0014814814814814,0.0014814814814814,0.0,0.011111111111111,0.0007407407407407,0.0103703703703703,0.0444444444444444,0.04,0.0044444444444444,0.0244444444444444,0.0237037037037037,0.0007407407407407,0.068148148148148,0.0414814814814814,0.0266666666666666,0.0207407407407407,0.0096296296296296,0.0111111111111111,0.0007407407407407,0.0007407407407407,0.0,0.0022222222222221004,0.0014814814814814,0.0007407407407407,0.0488888888888888,0.0474074074074074,0.0014814814814814,0.0118518518518518,0.0118518518518518,0.0,0.0051851851851851,0.0051851851851851,0.0,0.0155555555555555,0.0133333333333333,0.0022222222222222,0.0037037037037035998,0.0007407407407407,0.0029629629629629,0.014814814814814701,0.0103703703703703,0.0044444444444444,660
2019-07-01,2019,7,0.6389797253106605,0.1962066710268149,0.4427730542838456,0.0163505559189011,0.0104643557880967,0.0058862001308044,0.0405493786788749,0.0130804447351209,0.027468933943754,0.0045781556572923,0.0045781556572923,0.0,0.0385873119686068,0.0196206671026814,0.0189666448659254,0.054283845650752,0.0366252452583387,0.0176586003924133,0.000654022236756,0.000654022236756,0.0,0.001962066710268,0.001308044473512,0.000654022236756,0.015042511445389,0.0032701111837802,0.0117724002616088,0.0261608894702419,0.0255068672334859,0.000654022236756,0.0058862001308044,0.0058862001308044,0.0,0.0660562459123609,0.039895356442119,0.0261608894702419,0.015696533682145,0.0039241334205362,0.0117724002616088,0.000654022236756,0.000654022236756,0.0,0.0052321778940483,0.0052321778940483,0.0,0.0640941792020927,0.0588620013080444,0.0052321778940483,0.0071942446043164,0.0058862001308044,0.001308044473512,0.000654022236756,0.000654022236756,0.0,0.0176586003924132,0.0156965336821451,0.0019620667102681,0.0058862001308043,0.001308044473512,0.0045781556572923,0.0196206671026813,0.0156965336821451,0.0039241334205362,666
2019-08-01,2019,8,0.6575846833578791,0.1899852724594992,0.46759941089838,0.010309278350515401,0.0095729013254786,0.0007363770250368,0.0287187039764358,0.0058910162002945,0.0228276877761413,0.0022091310751104,0.0007363770250368,0.0014727540500736,0.0382916053019145,0.0235640648011782,0.0147275405007363,0.0463917525773195,0.0353460972017673,0.0110456553755522,0.0014727540500736,0.0,0.0014727540500736,0.0,0.0,0.0,0.0191458026509572,0.0051546391752577,0.0139911634756995,0.0162002945508099,0.0139911634756995,0.0022091310751104,0.0228276877761413,0.0220913107511045,0.0007363770250368,0.08100147275405001,0.0596465390279823,0.0213549337260677,0.0184094256259204,0.0051546391752577,0.0132547864506627,0.0029455081001472,0.0029455081001472,0.0,0.0073637702503681,0.0066273932253313,0.0007363770250368,0.036082474226803996,0.03240058910162,0.003681885125184,0.0051546391752577,0.0044182621502209,0.0007363770250368,0.0007363770250368,0.0007363770250368,0.0,0.0051546391752577,0.0051546391752577,0.0,0.0103092783505154,0.0014727540500736,0.0088365243004418,0.0257731958762885,0.0184094256259204,0.0073637702503681,565
2019-09-01,2019,9,0.7135802469135801,0.1907407407407407,0.5228395061728395,0.0111111111111111,0.0074074074074074,0.0037037037037037,0.0240740740740739,0.0043209876543209,0.019753086419753,0.0012345679012345,0.0012345679012345,0.0,0.037037037037036896,0.0160493827160493,0.0209876543209876,0.0401234567901234,0.0265432098765432,0.0135802469135802,0.0012345679012344,0.0006172839506172,0.0006172839506172,0.0012345679012344,0.0006172839506172,0.0006172839506172,0.0117283950617283,0.0030864197530864,0.0086419753086419,0.014197530864197401,0.0129629629629629,0.0012345679012345,0.0141975308641975,0.0141975308641975,0.0,0.0685185185185184,0.0425925925925925,0.0259259259259259,0.0191358024691357,0.0104938271604938,0.0086419753086419,0.0006172839506172,0.0006172839506172,0.0,0.0049382716049382,0.0030864197530864,0.0018518518518518,0.0314814814814814,0.0277777777777777,0.0037037037037037,0.0055555555555554,0.0043209876543209,0.0012345679012345,0.0012345679012344,0.0006172839506172,0.0006172839506172,0.0086419753086419,0.0055555555555555,0.0030864197530864,0.011111111111110999,0.0067901234567901,0.0043209876543209,0.014814814814814701,0.0098765432098765,0.0049382716049382,594
2019-10-01,2019,10,0.6604215456674472,0.1774004683840749,0.4830210772833723,0.0111241217798594,0.0099531615925058,0.0011709601873536,0.0292740046838407,0.0081967213114754,0.0210772833723653,0.0023419203747072,0.0023419203747072,0.0,0.0327868852459015,0.0146370023419203,0.0181498829039812,0.0362997658079624,0.0269320843091334,0.009367681498829,0.0035128805620608,0.0035128805620608,0.0,0.0,0.0,0.0,0.0310304449648711,0.0046838407494145,0.0263466042154566,0.027517564402810203,0.0257611241217798,0.0017564402810304,0.0128805620608899,0.0122950819672131,0.0005854800936768,0.06615925058548,0.0374707259953161,0.0286885245901639,0.0158079625292739,0.0064402810304449,0.009367681498829,0.0017564402810304,0.0011709601873536,0.0005854800936768,0.0046838407494144,0.0035128805620608,0.0011709601873536,0.0316159250585479,0.0210772833723653,0.0105386416861826,0.0040983606557377,0.0040983606557377,0.0,0.0023419203747072,0.0005854800936768,0.0017564402810304,0.0105386416861826,0.0081967213114754,0.0023419203747072,0.0181498829039812,0.009367681498829,0.0087822014051522,0.029274004683840702,0.0169789227166276,0.0122950819672131,635
2019-11-01,2019,11,0.7037990985189955,0.1455247907276239,0.5582743077913715,0.0103026400515131,0.0083708950418544,0.0019317450096587,0.027044430135221998,0.0032195750160978,0.0238248551191242,0.0025756600128782,0.0019317450096587,0.0006439150032195,0.0315518351577591,0.0077269800386349,0.0238248551191242,0.043786220218931096,0.0283322601416613,0.0154539600772698,0.0025756600128782,0.0006439150032195,0.0019317450096587,0.0006439150032195,0.0006439150032195,0.0,0.0186735350933676,0.0025756600128783,0.0160978750804893,0.0186735350933676,0.0160978750804893,0.0025756600128783,0.0173857050869285,0.0173857050869285,0.0,0.0740502253702511,0.0405666452028332,0.0334835801674179,0.0186735350933676,0.0064391500321957,0.0122343850611719,0.0006439150032195,0.0,0.0006439150032195,0.0038634900193174,0.0038634900193174,0.0,0.0193174500965872,0.0148100450740502,0.004507405022537,0.0064391500321957,0.0051513200257566,0.0012878300064391,0.0025756600128782,0.0012878300064391,0.0012878300064391,0.0083708950418544,0.0057952350289761,0.0025756600128783,0.0141661300708306,0.0051513200257566,0.009014810045074,0.0122343850611718,0.0032195750160978,0.009014810045074,458
2019-12-01,2019,12,0.7254588986432562,0.1779728651237031,0.547486033519553,0.006384676775738099,0.0055865921787709,0.0007980845969672,0.0295291300877892,0.0055865921787709,0.0239425379090183,0.0007980845969672,0.0007980845969672,0.0,0.0383080606544293,0.0183559457302474,0.0199521149241819,0.0327214684756584,0.0255387071029529,0.0071827613727055,0.0,0.0,0.0,0.0,0.0,0.0,0.0191540303272145,0.0039904229848363,0.0151636073423782,0.0159616919393454,0.0151636073423782,0.0007980845969672,0.0199521149241819,0.0199521149241819,0.0,0.057462090981643996,0.0351157222665602,0.0223463687150838,0.0127693535514764,0.0063846767757382,0.0063846767757382,0.0,0.0,0.0,0.0031923383878691,0.0031923383878691,0.0,0.00877893056664,0.0071827613727055,0.0015961691939345,0.0183559457302473,0.014365522745411,0.0039904229848363,0.0007980845969672,0.0,0.0007980845969672,0.0055865921787709005,0.0031923383878691,0.0023942537909018,0.011173184357541801,0.0015961691939345,0.0095770151636073,0.0215482841181164,0.0063846767757382,0.0151636073423782,413
2020-01-01,2020,1,0.6448189762796503,0.1704119850187266,0.4744069912609238,0.0068664169787764,0.0056179775280898,0.0012484394506866,0.0455680399500623,0.011860174781523,0.0337078651685393,0.0006242197253433,0.0006242197253433,0.0,0.0237203495630461,0.0112359550561797,0.0124843945068664,0.07490636704119841,0.0530586766541822,0.0218476903870162,0.0006242197253433,0.0006242197253433,0.0,0.0018726591760299001,0.0012484394506866,0.0006242197253433,0.0349563046192259,0.0049937578027465,0.0299625468164794,0.0168539325842696,0.0162297128589263,0.0006242197253433,0.011860174781523,0.011860174781523,0.0,0.0861423220973781,0.0387016229712858,0.0474406991260923,0.011860174781523,0.0049937578027465,0.0068664169787765,0.0012484394506866,0.0012484394506866,0.0,0.0037453183520599,0.0037453183520599,0.0,0.030586766541822602,0.0237203495630461,0.0068664169787765,0.0106117353308364,0.0074906367041198,0.0031210986267166,0.005617977528089801,0.0031210986267166,0.0024968789013732,0.0106117353308363,0.0087390761548064,0.0018726591760299,0.0131086142322096,0.0012484394506866,0.011860174781523,0.0143570536828962,0.0056179775280898,0.0087390761548064,571
2020-02-01,2020,2,0.6517498565691336,0.2162937464142283,0.4354561101549053,0.0057372346528972,0.0034423407917383,0.0022948938611589,0.0240963855421686,0.0040160642570281,0.0200803212851405,0.0,0.0,0.0,0.0304073436603556,0.02122776821572,0.0091795754446356,0.0355708548479632,0.0304073436603557,0.0051635111876075,0.0011474469305794,0.0011474469305794,0.0,0.0011474469305794,0.0011474469305794,0.0,0.0246701090074583,0.0040160642570281,0.0206540447504302,0.046471600688468,0.0453241537578886,0.0011474469305794,0.0533562822719449,0.0533562822719449,0.0,0.052208835341365396,0.0344234079173838,0.0177854274239816,0.0258175559380378,0.0172117039586919,0.0086058519793459,0.0017211703958691003,0.0005737234652897,0.0011474469305794,0.0022948938611588,0.0005737234652897,0.0017211703958691,0.0206540447504302,0.0195065978198508,0.0011474469305794,0.0160642570281123,0.0149168100975329,0.0011474469305794,0.0011474469305794,0.0,0.0011474469305794,0.008032128514056101,0.0068846815834767,0.0011474469305794,0.0114744693057945,0.0028686173264486,0.0086058519793459,0.015490533562822602,0.0086058519793459,0.0068846815834767,803
2020-03-01,2020,3,0.6850937808489634,0.1836130306021717,0.5014807502467917,0.0093780848963474,0.0069101678183613,0.0024679170779861,0.0355380059230009,0.008390918065153,0.0271470878578479,0.0014807502467916,0.0009871668311944,0.0004935834155972,0.031589338598223,0.0182625863770977,0.0133267522211253,0.0394866732477788,0.0276406712734452,0.0118460019743336,0.0004935834155972,0.0004935834155972,0.0,0.0014807502467916,0.0009871668311944,0.0004935834155972,0.0281342546890424,0.0044422507403751,0.0236920039486673,0.031095755182625803,0.0306021717670286,0.0004935834155972,0.0172754195459032,0.0172754195459032,0.0,0.052813425468904204,0.0276406712734452,0.025172754195459,0.0187561697926949,0.0103652517275419,0.008390918065153,0.005923000987166699,0.0019743336623889,0.0039486673247778,0.0039486673247778,0.0029615004935834,0.0009871668311944,0.010365251727541899,0.0088845014807502,0.0014807502467917,0.0182625863770977,0.0153010858835143,0.0029615004935834,0.0009871668311944,0.0004935834155972,0.0004935834155972,0.0064165844027640005,0.0059230009871668,0.0004935834155972,0.0167818361303059,0.0044422507403751,0.0123395853899308,0.016781836130306,0.0069101678183613,0.0098716683119447,736
2020-04-01,2020,4,0.6549586776859503,0.1823347107438016,0.4726239669421487,0.0077479338842974,0.0051652892561983,0.0025826446280991,0.027892561983470898,0.0041322314049586,0.0237603305785123,0.0025826446280991,0.0020661157024793,0.0005165289256198,0.0191115702479338,0.0108471074380165,0.0082644628099173,0.027376033057851197,0.0196280991735537,0.0077479338842975,0.0020661157024793,0.0020661157024793,0.0,0.0020661157024793,0.0015495867768595,0.0005165289256198,0.0748966942148759,0.0010330578512396,0.0738636363636363,0.0289256198347107,0.0289256198347107,0.0,0.024793388429752,0.024793388429752,0.0,0.0423553719008264,0.0258264462809917,0.0165289256198347,0.0129132231404958,0.0046487603305785,0.0082644628099173,0.0211776859504131,0.0098140495867768,0.0113636363636363,0.0046487603305785,0.003099173553719,0.0015495867768595,0.016012396694214802,0.009297520661157,0.0067148760330578,0.013429752066115599,0.0113636363636363,0.0020661157024793,0.003099173553719,0.0015495867768595,0.0015495867768595,0.0108471074380164,0.0098140495867768,0.0010330578512396,0.010847107438016399,0.0020661157024793,0.0087809917355371,0.016012396694214802,0.0077479338842975,0.0082644628099173,680
2020-05-01,2020,5,0.6334716459197787,0.2203780544029506,0.413093591516828,0.0059935454126324,0.0046104195481788,0.0013831258644536,0.0235131396957122,0.0027662517289073,0.0207468879668049,0.0023052097740893,0.0013831258644536,0.0009220839096357,0.025818349469801598,0.0133702166897187,0.0124481327800829,0.0304287690179806,0.0225910557860765,0.0078377132319041,0.0032272936837251,0.0027662517289073,0.0004610419548178,0.0009220839096356,0.0004610419548178,0.0004610419548178,0.0705394190871368,0.0013831258644536,0.0691562932226832,0.077916090364223,0.0765329644997694,0.0013831258644536,0.0262793914246196,0.0262793914246196,0.0,0.0424158598432456,0.0248962655601659,0.0175195942830797,0.014753342554172301,0.0064545873674504,0.0082987551867219,0.0013831258644535,0.0004610419548178,0.0009220839096357,0.0004610419548178,0.0004610419548178,0.0,0.0073766712770861,0.0046104195481788,0.0027662517289073,0.0193637621023512,0.0170585523282618,0.0023052097740894,0.0009220839096357,0.0009220839096357,0.0,0.0096818810511756,0.0064545873674504,0.0032272936837252,0.0101429230059935,0.0032272936837252,0.0069156293222683,0.0193637621023512,0.0124481327800829,0.0069156293222683,935
2020-06-01,2020,6,0.6224105461393596,0.2650659133709981,0.3573446327683616,0.0037664783427494002,0.0032956685499058,0.0004708097928436,0.0254237288135592,0.0070621468926553,0.0183615819209039,0.0004708097928436,0.0004708097928436,0.0,0.0112994350282485,0.0070621468926553,0.0042372881355932,0.021186440677966,0.0150659133709981,0.0061205273069679,0.0009416195856873,0.0009416195856873,0.0,0.0004708097928436,0.0004708097928436,0.0,0.0456685499058379,0.0018832391713747,0.0437853107344632,0.1426553672316384,0.1379472693032015,0.0047080979284369,0.0277777777777776,0.027306967984934,0.0004708097928436,0.0357815442561204,0.0225988700564971,0.0131826741996233,0.0183615819209038,0.0117702448210922,0.0065913370998116,0.0009416195856872,0.0004708097928436,0.0004708097928436,0.0028248587570620003,0.0023540489642184,0.0004708097928436,0.0103578154425611,0.0084745762711864,0.0018832391713747,0.015065913370998,0.0117702448210922,0.0032956685499058,0.0004708097928436,0.0,0.0004708097928436,0.0084745762711863,0.0061205273069679,0.0023540489642184,0.0070621468926552,0.001412429378531,0.0056497175141242,0.016007532956685402,0.0089453860640301,0.0070621468926553,1119
2020-07-01,2020,7,0.6589108910891088,0.2148514851485148,0.444059405940594,0.0059405940594058,0.0049504950495049,0.0009900990099009,0.06237623762376229,0.0163366336633663,0.046039603960396,0.0009900990099009,0.0009900990099009,0.0,0.0272277227722771,0.0128712871287128,0.0143564356435643,0.0658415841584157,0.0346534653465346,0.0311881188118811,0.0,0.0,0.0,0.0004950495049504,0.0004950495049504,0.0,0.0663366336633662,0.0059405940594059,0.0603960396039603,0.0113861386138612,0.0108910891089108,0.0004950495049504,0.0004950495049504,0.0004950495049504,0.0,0.0767326732673267,0.0287128712871287,0.048019801980198,0.0217821782178216,0.0103960396039603,0.0113861386138613,0.0034653465346533,0.0004950495049504,0.0029702970297029,0.0,0.0,0.0,0.0084158415841583,0.0064356435643564,0.0019801980198019,0.0173267326732672,0.0163366336633663,0.0009900990099009,0.0019801980198018,0.0004950495049504,0.0014851485148514,0.0049504950495048,0.0034653465346534,0.0014851485148514,0.0099009900990098,0.0014851485148514,0.0084158415841584,0.0074257425742573005,0.0029702970297029,0.0044554455445544,706
2020-08-01,2020,8,0.7071973827699018,0.1886586695747001,0.5185387131952017,0.0081788440567066,0.0065430752453653,0.0016357688113413,0.044711014176663004,0.0054525627044711,0.0392584514721919,0.0005452562704471,0.0005452562704471,0.0,0.0245365321701199,0.0114503816793893,0.0130861504907306,0.0479825517993456,0.0239912758996728,0.0239912758996728,0.0005452562704471,0.0,0.0005452562704471,0.0010905125408942,0.0005452562704471,0.0005452562704471,0.0381679389312976,0.0032715376226826,0.034896401308615,0.0130861504907306,0.0119956379498364,0.0010905125408942,0.0021810250817884,0.0021810250817884,0.0,0.0703380588876771,0.0256270447110141,0.044711014176663,0.024536532170119897,0.0081788440567066,0.0163576881134133,0.0032715376226826,0.0016357688113413,0.0016357688113413,0.0027262813522355,0.0021810250817884,0.0005452562704471,0.005452562704471,0.0038167938931297,0.0016357688113413,0.014176663031624799,0.0109051254089422,0.0032715376226826,0.0016357688113412998,0.0010905125408942,0.0005452562704471,0.0032715376226825996,0.0021810250817884,0.0010905125408942,0.0114503816793892,0.0032715376226826,0.0081788440567066,0.010359869138495001,0.0032715376226826,0.0070883315158124,553
2020-09-01,2020,9,0.6979166666666666,0.2077850877192982,0.4901315789473684,0.0126096491228069,0.0104166666666666,0.0021929824561403,0.0328947368421052,0.0060307017543859,0.0268640350877193,0.000548245614035,0.000548245614035,0.0,0.0290570175438596,0.012609649122807,0.0164473684210526,0.044407894736841994,0.0263157894736842,0.0180921052631578,0.000548245614035,0.000548245614035,0.0,0.0016447368421052,0.0016447368421052,0.0,0.026864035087719198,0.0010964912280701,0.0257675438596491,0.0241228070175437,0.0230263157894736,0.0010964912280701,0.0043859649122807,0.0043859649122807,0.0,0.0641447368421051,0.0274122807017543,0.0367324561403508,0.0400219298245613,0.025219298245614,0.0148026315789473,0.0010964912280701,0.0010964912280701,0.0,0.0016447368421051,0.000548245614035,0.0010964912280701,0.009320175438596399,0.0038377192982456,0.0054824561403508,0.013157894736842,0.0104166666666666,0.0027412280701754,0.00109649122807,0.000548245614035,0.000548245614035,0.0054824561403508,0.0038377192982456,0.0016447368421052,0.0126096491228069,0.0016447368421052,0.0109649122807017,0.0120614035087718,0.0027412280701754,0.0093201754385964,643
2020-10-01,2020,10,0.6678481012658227,0.1984810126582278,0.4693670886075949,0.0116455696202531,0.0075949367088607,0.0040506329113924,0.037974683544303695,0.0040506329113924,0.0339240506329113,0.0015189873417721,0.0010126582278481,0.000506329113924,0.031392405063290996,0.0146835443037974,0.0167088607594936,0.0683544303797468,0.0430379746835443,0.0253164556962025,0.000506329113924,0.0,0.000506329113924,0.0020253164556962,0.0010126582278481,0.0010126582278481,0.034936708860759405,0.0020253164556962,0.0329113924050632,0.0253164556962025,0.0243037974683544,0.0010126582278481,0.0030379746835443,0.0030379746835443,0.0,0.0825316455696202,0.040506329113924,0.0420253164556962,0.031392405063290996,0.0167088607594936,0.0146835443037974,0.0,0.0,0.0,0.0020253164556962,0.0010126582278481,0.0010126582278481,0.0131645569620252,0.0086075949367088,0.0045569620253164,0.0065822784810126,0.0060759493670886,0.000506329113924,0.000506329113924,0.0,0.000506329113924,0.010126582278481,0.0050632911392405,0.0050632911392405,0.011645569620253099,0.0010126582278481,0.010632911392405,0.010632911392405001,0.0020253164556962,0.0086075949367088,691
2020-11-01,2020,11,0.6673924877517692,0.1551442569406641,0.512248230811105,0.004354926510615,0.0027218290691344,0.0016330974414806,0.0626020685900925,0.0108873162765378,0.0517147523135547,0.0016330974414806,0.0016330974414806,0.0,0.0353837778987478,0.014697876973326,0.0206859009254218,0.0816548720740337,0.0555253130103429,0.0261295590636908,0.0010887316276537,0.0,0.0010887316276537,0.0038105606967880996,0.0010887316276537,0.0027218290691344,0.0185084376701142,0.0010887316276537,0.0174197060424605,0.019597169297768,0.0185084376701143,0.0010887316276537,0.0076211213935763,0.0070767555797495,0.0005443658138268,0.0887316276537832,0.0484485574305933,0.0402830702231899,0.0114316820903646,0.0070767555797495,0.0043549265106151,0.0,0.0,0.0,0.0010887316276537,0.0,0.0010887316276537,0.0125204137180185,0.0065323897659227,0.0059880239520958,0.0157866086009797,0.0076211213935764,0.0081654872074033,0.0032661948829612,0.0010887316276537,0.0021774632553075,0.0087098530212302,0.0059880239520958,0.0027218290691344,0.014153511159499099,0.0038105606967882,0.0103429504627109,0.0065323897659226,0.0005443658138268,0.0059880239520958,565
2020-12-01,2020,12,0.7062982005141387,0.1658097686375321,0.5404884318766067,0.011568123393316001,0.0064267352185089,0.0051413881748071,0.0456298200514137,0.005784061696658,0.0398457583547557,0.0012853470437017,0.0,0.0012853470437017,0.0199228791773777,0.0089974293059125,0.0109254498714652,0.0552699228791772,0.037917737789203,0.0173521850899742,0.0,0.0,0.0,0.0006426735218508,0.0,0.0006426735218508,0.0417737789203083,0.0109254498714652,0.0308483290488431,0.0160668380462724,0.0160668380462724,0.0,0.0012853470437017,0.0012853470437017,0.0,0.0713367609254497,0.0347043701799485,0.0366323907455012,0.0147814910025705,0.0070694087403598,0.0077120822622107,0.0012853470437016,0.0006426735218508,0.0006426735218508,0.0025706940874035,0.0025706940874035,0.0,0.0083547557840615,0.0077120822622107,0.0006426735218508,0.0083547557840615,0.0064267352185089,0.0019280205655526,0.0025706940874034,0.0006426735218508,0.0019280205655526,0.0038560411311052,0.0019280205655526,0.0019280205655526,0.011568123393316001,0.0032133676092544,0.0083547557840616,0.0167095115681232,0.0038560411311053,0.0128534704370179,461
2021-01-01,2021,1,0.7309608540925266,0.1736654804270462,0.5572953736654804,0.0085409252669038,0.0042704626334519,0.0042704626334519,0.037010676156583495,0.0028469750889679,0.0341637010676156,0.0028469750889678,0.0021352313167259,0.0007117437722419,0.0113879003558718,0.0049822064056939,0.0064056939501779,0.0341637010676156,0.0192170818505338,0.0149466192170818,0.0,0.0,0.0,0.0007117437722419,0.0007117437722419,0.0,0.059786476868327304,0.0113879003558718,0.0483985765124555,0.008540925266903799,0.0078291814946619,0.0007117437722419,0.0021352313167259,0.0021352313167259,0.0,0.0612099644128113,0.0256227758007117,0.0355871886120996,0.0099644128113878,0.0042704626334519,0.0056939501779359,0.0056939501779358,0.0028469750889679,0.0028469750889679,0.0007117437722419,0.0,0.0007117437722419,0.0113879003558718,0.0078291814946619,0.0035587188612099,0.004270462633451801,0.0028469750889679,0.0014234875444839,0.0035587188612098,0.0014234875444839,0.0021352313167259,0.0049822064056938,0.0035587188612099,0.0014234875444839,0.013523131672597801,0.0035587188612099,0.0099644128113879,0.0135231316725978,0.0056939501779359,0.0078291814946619,387
2021-02-01,2021,2,0.6839309428950863,0.150730411686587,0.5332005312084993,0.0099601593625497,0.0053120849933598,0.0046480743691899,0.050464807436918904,0.0126162018592297,0.0378486055776892,0.0006640106241699,0.0,0.0006640106241699,0.0172642762284196,0.0079681274900398,0.0092961487383798,0.051792828685258904,0.0298804780876494,0.0219123505976095,0.0026560424966797997,0.0019920318725099,0.0006640106241699,0.0019920318725098,0.0013280212483399,0.0006640106241699,0.0318725099601592,0.0053120849933598,0.0265604249667994,0.0239043824701194,0.0205843293492695,0.0033200531208499,0.0073041168658698,0.0073041168658698,0.0,0.099601593625498,0.0444887118193891,0.0551128818061089,0.006640106241699801,0.0019920318725099,0.0046480743691899,0.0,0.0,0.0,0.0013280212483399,0.0013280212483399,0.0,0.007304116865869801,0.0026560424966799,0.0046480743691899,0.0172642762284195,0.0106241699867197,0.0066401062416998,0.0,0.0,0.0,0.0086321381142098,0.0046480743691899,0.0039840637450199,0.0073041168658698,0.0,0.0073041168658698,0.015272244355909601,0.0059760956175298,0.0092961487383798,437
2021-03-01,2021,3,0.6768534238822863,0.1777023203169213,0.499151103565365,0.0107526881720429,0.0067911714770797,0.0039615166949632,0.0396151669496321,0.0039615166949632,0.0356536502546689,0.0016977928692699,0.0011318619128466,0.0005659309564233,0.022637238256932597,0.0079230333899264,0.0147142048670062,0.0424448217317486,0.0288624787775891,0.0135823429541595,0.0011318619128466,0.0005659309564233,0.0005659309564233,0.0011318619128466,0.0005659309564233,0.0005659309564233,0.0215053763440859,0.0033955857385398,0.0181097906055461,0.037351443123938795,0.0345217883418223,0.0028296547821165,0.0045274476513865,0.0045274476513865,0.0,0.0945104697226937,0.0401810979060554,0.0543293718166383,0.0260328239954725,0.0118845500848896,0.0141482739105829,0.0,0.0,0.0,0.0005659309564233,0.0,0.0005659309564233,0.0141482739105828,0.010752688172043,0.0033955857385398,0.0158460667798528,0.0113186191284663,0.0045274476513865,0.0016977928692699,0.0005659309564233,0.0011318619128466,0.0067911714770797,0.0028296547821165,0.0039615166949632,0.0056593095642331,0.0011318619128466,0.0045274476513865,0.0141482739105828,0.0062252405206564,0.0079230333899264,582
2021-04-01,2021,4,0.7048894062863795,0.160069848661234,0.5448195576251456,0.008731082654249,0.0040745052386495,0.0046565774155995,0.048894062863794996,0.0075669383003492,0.0413271245634458,0.0011641443538998,0.0011641443538998,0.0,0.0273573923166471,0.009313154831199,0.0180442374854481,0.05587892898719431,0.0325960419091967,0.0232828870779976,0.0,0.0,0.0,0.0011641443538998,0.0011641443538998,0.0,0.0209545983701979,0.0,0.0209545983701979,0.009313154831198999,0.0075669383003492,0.0017462165308498,0.0017462165308498,0.0017462165308498,0.0,0.1001164144353899,0.0547147846332945,0.0454016298020954,0.0174621653084981,0.0081490104772991,0.009313154831199,0.0005820721769499,0.0005820721769499,0.0,0.0,0.0,0.0,0.0174621653084982,0.009895227008149,0.0075669383003492,0.0139697322467985,0.0116414435389988,0.0023282887077997,0.0023282887077997,0.0,0.0023282887077997,0.0034924330616996,0.0029103608847497,0.0005820721769499,0.009313154831198999,0.0017462165308498,0.0075669383003492,0.0040745052386495,0.0017462165308498,0.0023282887077997,499
2021-05-01,2021,5,0.7618737800910864,0.1802212101496421,0.5816525699414443,0.0065061808718281,0.0039037085230969,0.0026024723487312,0.0416395575797006,0.0039037085230969,0.0377358490566037,0.0006506180871828,0.0006506180871828,0.0,0.0208197787898503,0.0065061808718282,0.0143135979180221,0.0468445022771632,0.0338321405335068,0.0130123617436564,0.0019518542615484,0.0013012361743656,0.0006506180871828,0.0026024723487312,0.0013012361743656,0.0013012361743656,0.0104098893949251,0.0006506180871828,0.0097592713077423,0.0065061808718282,0.0058555627846454,0.0006506180871828,0.0013012361743656,0.0006506180871828,0.0006506180871828,0.08002602472348719,0.0338321405335068,0.0461938841899804,0.0182173064411189,0.0045543266102797,0.0136629798308392,0.0006506180871828,0.0006506180871828,0.0,0.0013012361743656,0.0,0.0013012361743656,0.0039037085230969,0.0006506180871828,0.0032530904359141,0.0065061808718282,0.0058555627846454,0.0006506180871828,0.0013012361743656,0.0,0.0013012361743656,0.0026024723487312,0.0026024723487312,0.0,0.0117111255692907,0.0065061808718282,0.0052049446974625,0.007807417046193799,0.0006506180871828,0.007156798959011,419
2021-06-01,2021,6,0.7175,0.14625,0.57125,0.00625,0.003125,0.003125,0.046875,0.005,0.041875,0.0,0.0,0.0,0.0275,0.006875,0.020625,0.05625,0.039375,0.016875,0.000625,0.000625,0.0,0.0037500000000000003,0.003125,0.000625,0.020625,0.00125,0.019375,0.02,0.019375,0.000625,0.005,0.005,0.0,0.080625,0.043125,0.0375,0.0175,0.004375,0.013125,0.00125,0.0,0.00125,0.0025,0.000625,0.001875,0.01125,0.006875,0.004375,0.013125,0.009375,0.00375,0.00125,0.0,0.00125,0.0037500000000000003,0.003125,0.000625,0.005,0.0,0.005,0.004375,0.00125,0.003125,430
2021-07-01,2021,7,0.7242547425474255,0.1808943089430894,0.5433604336043361,0.0033875338753387003,0.002710027100271,0.0006775067750677,0.0420054200542004,0.0033875338753387,0.0386178861788617,0.0020325203252032,0.0013550135501355,0.0006775067750677,0.0277777777777777,0.0115176151761517,0.016260162601626,0.0481029810298102,0.029810298102981,0.0182926829268292,0.0,0.0,0.0,0.0,0.0,0.0,0.0257452574525745,0.002710027100271,0.0230352303523035,0.008130081300813,0.0067750677506775,0.0013550135501355,0.0,0.0,0.0,0.0718157181571814,0.0304878048780487,0.0413279132791327,0.031165311653116402,0.0182926829268292,0.0128726287262872,0.0013550135501354,0.0006775067750677,0.0006775067750677,0.0033875338753387,0.0033875338753387,0.0,0.013550135501355,0.008130081300813,0.005420054200542,0.0074525745257452,0.0060975609756097,0.0013550135501355,0.0040650406504065,0.002710027100271,0.0013550135501355,0.0060975609756097,0.0047425474254742,0.0013550135501355,0.0054200542005419,0.0006775067750677,0.0047425474254742,0.006097560975609701,0.0020325203252032,0.0040650406504065,445
2021-08-01,2021,8,0.7465408805031446,0.1716981132075471,0.5748427672955975,0.0037735849056602998,0.0025157232704402,0.0012578616352201,0.054716981132075404,0.0132075471698113,0.0415094339622641,0.0018867924528301,0.0018867924528301,0.0,0.0264150943396225,0.0094339622641509,0.0169811320754716,0.061635220125786,0.0339622641509433,0.0276729559748427,0.0,0.0,0.0,0.0018867924528300998,0.00062893081761,0.0012578616352201,0.0081761006289307,0.0012578616352201,0.0069182389937106,0.005660377358490501,0.0050314465408805,0.00062893081761,0.0025157232704402,0.0025157232704402,0.0,0.0729559748427672,0.030817610062893,0.0421383647798742,0.0176100628930816,0.0056603773584905,0.0119496855345911,0.0,0.0,0.0,0.00125786163522,0.00062893081761,0.00062893081761,0.0018867924528300998,0.0012578616352201,0.00062893081761,0.0157232704402515,0.0132075471698113,0.0025157232704402,0.0025157232704401,0.00062893081761,0.0018867924528301,0.0050314465408804,0.0031446540880503,0.0018867924528301,0.008805031446540799,0.0031446540880503,0.0056603773584905,0.0132075471698112,0.0018867924528301,0.0113207547169811,440
2021-09-01,2021,9,0.7704194260485651,0.1230684326710816,0.6473509933774835,0.0044150110375275,0.0016556291390728,0.0027593818984547,0.0540838852097129,0.0082781456953642,0.0458057395143487,0.0011037527593818,0.0005518763796909,0.0005518763796909,0.0176600441501103,0.0082781456953642,0.0093818984547461,0.0491169977924944,0.0242825607064017,0.0248344370860927,0.0005518763796909,0.0005518763796909,0.0,0.0033112582781456,0.0016556291390728,0.0016556291390728,0.0115894039735099,0.0,0.0115894039735099,0.0121412803532008,0.0121412803532008,0.0,0.0005518763796909,0.0,0.0005518763796909,0.0706401766004414,0.0353200883002207,0.0353200883002207,0.0137969094922736,0.0044150110375275,0.0093818984547461,0.0011037527593818,0.0005518763796909,0.0005518763796909,0.0005518763796909,0.0005518763796909,0.0,0.0060706401766003,0.0027593818984547,0.0033112582781456,0.0077262693156731,0.0055187637969094,0.0022075055187637,0.0016556291390727,0.0005518763796909,0.0011037527593818,0.0011037527593818,0.0011037527593818,0.0,0.0082781456953641,0.0022075055187637,0.0060706401766004,0.0071743929359823,0.0,0.0071743929359823,387
2021-10-01,2021,10,0.7434210526315788,0.1342105263157894,0.6092105263157894,0.007236842105263101,0.0046052631578947,0.0026315789473684,0.0493421052631578,0.0072368421052631,0.0421052631578947,0.0006578947368421,0.0,0.0006578947368421,0.0223684210526314,0.0111842105263157,0.0111842105263157,0.0480263157894736,0.0276315789473684,0.0203947368421052,0.0013157894736842,0.0013157894736842,0.0,0.0032894736842105,0.0019736842105263,0.0013157894736842,0.021710526315789402,0.0013157894736842,0.0203947368421052,0.0144736842105263,0.0144736842105263,0.0,0.0013157894736842,0.0013157894736842,0.0,0.0703947368421052,0.0269736842105263,0.0434210526315789,0.0177631578947367,0.006578947368421,0.0111842105263157,0.0013157894736842,0.0,0.0013157894736842,0.0013157894736842,0.0006578947368421,0.0006578947368421,0.0059210526315789,0.0019736842105263,0.0039473684210526,0.0072368421052631,0.0032894736842105,0.0039473684210526,0.0019736842105263,0.0,0.0019736842105263,0.0046052631578947,0.0026315789473684,0.0019736842105263,0.007894736842105201,0.0013157894736842,0.006578947368421,0.0118421052631578,0.0046052631578947,0.0072368421052631,352
2021-11-01,2021,11,0.7315885575167377,0.1631162507608034,0.5684723067559343,0.0066950699939135,0.0042604990870359,0.0024345709068776,0.0377358490566037,0.0048691418137553,0.0328667072428484,0.0024345709068776,0.0024345709068776,0.0,0.0304321363359707,0.01034692635423,0.0200852099817407,0.0365185636031648,0.0219111381618989,0.0146074254412659,0.0,0.0,0.0,0.0024345709068776,0.0018259281801582,0.0006086427267194,0.0194765672550212,0.0012172854534388,0.0182592818015824,0.0054777845404747,0.0048691418137553,0.0006086427267194,0.0,0.0,0.0,0.0626902008520997,0.0255629945222154,0.0371272063298843,0.0334753499695677,0.0115642118076688,0.0219111381618989,0.0018259281801582,0.0012172854534388,0.0006086427267194,0.0036518563603164,0.0036518563603164,0.0,0.020085209981740598,0.0152160681679853,0.0048691418137553,0.011564211807668801,0.01034692635423,0.0012172854534388,0.0024345709068776,0.0006086427267194,0.0018259281801582,0.0066950699939134,0.0036518563603164,0.003043213633597,0.0097382836275106,0.0006086427267194,0.0091296409007912,0.0054777845404747,0.0012172854534388,0.0042604990870359,448
2021-12-01,2021,12,0.7295556986477785,0.1397295556986477,0.5898261429491307,0.0083708950418544,0.0064391500321957,0.0019317450096587,0.0618158403090791,0.0115904700579523,0.0502253702511268,0.0006439150032195,0.0006439150032195,0.0,0.018029620090148,0.0057952350289761,0.0122343850611719,0.0566645202833225,0.0354153251770766,0.0212491951062459,0.0,0.0,0.0,0.0,0.0,0.0,0.0218931101094655,0.0019317450096587,0.0199613650998068,0.0096587250482936,0.0096587250482936,0.0,0.0006439150032195,0.0006439150032195,0.0,0.06181584030907909,0.0251126851255634,0.0367031551835157,0.0212491951062459,0.0109465550547327,0.0103026400515132,0.0025756600128782,0.0019317450096587,0.0006439150032195,0.0012878300064391,0.0,0.0012878300064391,0.009014810045074,0.009014810045074,0.0,0.0122343850611719,0.0103026400515132,0.0019317450096587,0.0038634900193174,0.0012878300064391,0.0025756600128783,0.0083708950418544,0.0057952350289761,0.0025756600128783,0.0083708950418544,0.0012878300064391,0.0070830650354153,0.006439150032195601,0.0006439150032195,0.0057952350289761,396
2022-01-01,2022,1,0.6979301423027167,0.1597671410090556,0.538163001293661,0.0122897800776196,0.0097024579560155,0.0025873221216041,0.038809831824062,0.0090556274256144,0.0297542043984476,0.000646830530401,0.000646830530401,0.0,0.0097024579560155,0.0038809831824062,0.0058214747736093,0.0795601552393272,0.0595084087968952,0.020051746442432,0.000646830530401,0.000646830530401,0.0,0.0058214747736092,0.0051746442432082,0.000646830530401,0.0575679172056921,0.0297542043984476,0.0278137128072445,0.0058214747736092,0.0051746442432082,0.000646830530401,0.000646830530401,0.000646830530401,0.0,0.0834411384217334,0.0323415265200517,0.0510996119016817,0.0097024579560155,0.0058214747736093,0.0038809831824062,0.001293661060802,0.0,0.001293661060802,0.0019404915912029999,0.001293661060802,0.000646830530401,0.0064683053040103,0.0045278137128072,0.0019404915912031,0.023932729624838202,0.0226390685640362,0.001293661060802,0.000646830530401,0.000646830530401,0.0,0.0097024579560155,0.0058214747736093,0.0038809831824062,0.0045278137128071,0.001293661060802,0.0032341526520051,0.0090556274256144,0.0025873221216041,0.0064683053040103,494
2022-02-01,2022,2,0.6923525977816696,0.1599532983070636,0.532399299474606,0.0070052539404552,0.002918855808523,0.0040863981319322,0.0490367775831873,0.0035026269702276,0.0455341506129597,0.0005837711617046,0.0,0.0005837711617046,0.0198482194979567,0.0058377116170461,0.0140105078809106,0.043199065966141204,0.0262697022767075,0.0169293636894337,0.0011675423234092,0.0005837711617046,0.0005837711617046,0.005837711617046,0.0035026269702276,0.0023350846468184,0.0490367775831873,0.0192644483362521,0.0297723292469352,0.0075890251021599,0.0075890251021599,0.0,0.0,0.0,0.0,0.08523058960887331,0.0402802101576182,0.0449503794512551,0.0175131348511383,0.0070052539404553,0.010507880910683,0.0011675423234092,0.0005837711617046,0.0005837711617046,0.0011675423234092,0.0005837711617046,0.0005837711617046,0.0081727962638645,0.0052539404553415,0.002918855808523,0.0198482194979567,0.0157618213660245,0.0040863981319322,0.0005837711617046,0.0,0.0005837711617046,0.002918855808523,0.0017513134851138,0.0011675423234092,0.0110916520723876,0.0011675423234092,0.0099241097489784,0.013426736719206,0.0023350846468184,0.0110916520723876,488
2022-03-01,2022,3,0.7169312169312169,0.1396825396825396,0.5772486772486772,0.0042328042328040995,0.0026455026455026,0.0015873015873015,0.055555555555555504,0.0037037037037037,0.0518518518518518,0.0005291005291005,0.0005291005291005,0.0,0.028571428571428498,0.01005291005291,0.0185185185185185,0.049735449735449605,0.028042328042328,0.0216931216931216,0.001058201058201,0.0005291005291005,0.0005291005291005,0.0037037037037035998,0.0015873015873015,0.0021164021164021,0.0301587301587301,0.0079365079365079,0.0222222222222222,0.0037037037037035998,0.0031746031746031,0.0005291005291005,0.0,0.0,0.0,0.0671957671957671,0.0275132275132275,0.0396825396825396,0.019047619047618897,0.0089947089947089,0.01005291005291,0.0005291005291005,0.0,0.0005291005291005,0.0005291005291005,0.0005291005291005,0.0,0.013756613756613599,0.0089947089947089,0.0047619047619047,0.0084656084656084,0.0063492063492063,0.0021164021164021,0.0026455026455024996,0.001058201058201,0.0015873015873015,0.0095238095238094,0.0042328042328042,0.0052910052910052,0.0126984126984126,0.0037037037037037,0.0089947089947089,0.012169312169312,0.0031746031746031,0.0089947089947089,458
2022-04-01,2022,4,0.7575221238938054,0.1457227138643068,0.6117994100294986,0.0088495575221238,0.0053097345132743,0.0035398230088495,0.0371681415929203,0.0070796460176991,0.0300884955752212,0.0005899705014749,0.0005899705014749,0.0,0.0206489675516223,0.0100294985250737,0.0106194690265486,0.047787610619469,0.0342182890855457,0.0135693215339233,0.0,0.0,0.0,0.0029498525073746,0.0023598820058997,0.0005899705014749,0.0147492625368731,0.0053097345132743,0.0094395280235988,0.0023598820058997,0.0023598820058997,0.0,0.0011799410029498,0.0011799410029498,0.0,0.07079646017699101,0.0330383480825958,0.0377581120943952,0.0112094395280235,0.0041297935103244,0.0070796460176991,0.0011799410029498,0.0011799410029498,0.0,0.0005899705014749,0.0,0.0005899705014749,0.0088495575221238,0.0058997050147492,0.0029498525073746,0.0123893805309733,0.0088495575221238,0.0035398230088495,0.0011799410029498,0.0,0.0011799410029498,0.0088495575221238,0.0041297935103244,0.0047197640117994,0.0123893805309734,0.0005899705014749,0.0117994100294985,0.0100294985250736,0.0017699115044247,0.0082595870206489,430
2022-05-01,2022,5,0.7596101786681104,0.1580942068218733,0.6015159718462372,0.0054141851651326,0.0027070925825663,0.0027070925825663,0.0557661072008662,0.0092041147807255,0.0465619924201407,0.0,0.0,0.0,0.0211153221440172,0.0070384407146724,0.0140768814293448,0.0422306442880346,0.0319436924742826,0.010286951813752,0.0005414185165132,0.0,0.0005414185165132,0.0016242555495397,0.0010828370330265,0.0005414185165132,0.0157011369788846,0.0027070925825663,0.0129940443963183,0.0043313481321061,0.0043313481321061,0.0,0.0,0.0,0.0,0.0682187330806712,0.0265295073091499,0.0416892257715213,0.010828370330265201,0.0064970221981591,0.0043313481321061,0.0010828370330264,0.0005414185165132,0.0005414185165132,0.0005414185165132,0.0005414185165132,0.0,0.010286951813752,0.0075798592311857,0.0027070925825663,0.0097455332972387,0.0070384407146724,0.0027070925825663,0.0005414185165132,0.0,0.0005414185165132,0.0037899296155927,0.002165674066053,0.0016242555495397,0.0097455332972387,0.0010828370330265,0.0086626962642122,0.0119112073632917,0.0032485110990795,0.0086626962642122,462
2022-06-01,2022,6,0.7558760683760684,0.1308760683760683,0.625,0.0064102564102563,0.0037393162393162,0.0026709401709401,0.0448717948717948,0.0053418803418803,0.0395299145299145,0.0037393162393161,0.001068376068376,0.0026709401709401,0.0229700854700854,0.0101495726495726,0.0128205128205128,0.0502136752136751,0.0336538461538461,0.016559829059829,0.0021367521367521,0.0021367521367521,0.0,0.0026709401709401,0.0021367521367521,0.000534188034188,0.0133547008547007,0.001068376068376,0.0122863247863247,0.0021367521367520997,0.0016025641025641,0.000534188034188,0.001068376068376,0.001068376068376,0.0,0.06944444444444431,0.032051282051282,0.0373931623931623,0.0160256410256409,0.0074786324786324,0.0085470085470085,0.0,0.0,0.0,0.001602564102564,0.000534188034188,0.001068376068376,0.004273504273504199,0.0026709401709401,0.0016025641025641,0.0138888888888888,0.0117521367521367,0.0021367521367521,0.0032051282051282,0.0016025641025641,0.0016025641025641,0.0021367521367520997,0.0016025641025641,0.000534188034188,0.0080128205128204,0.001068376068376,0.0069444444444444,0.013888888888888801,0.0026709401709401,0.0112179487179487,433
2022-07-01,2022,7,0.7489473684210526,0.1473684210526315,0.6015789473684211,0.0084210526315789,0.0052631578947368,0.0031578947368421,0.047368421052631504,0.01,0.0373684210526315,0.0021052631578946,0.0010526315789473,0.0010526315789473,0.0184210526315788,0.0073684210526315,0.0110526315789473,0.045789473684210505,0.0294736842105263,0.0163157894736842,0.0005263157894736,0.0005263157894736,0.0,0.0015789473684209,0.0010526315789473,0.0005263157894736,0.0110526315789473,0.0021052631578947,0.0089473684210526,0.01,0.01,0.0,0.0,0.0,0.0,0.062105263157894594,0.0305263157894736,0.031578947368421,0.0168421052631578,0.0110526315789473,0.0057894736842105,0.0,0.0,0.0,0.0026315789473684,0.0026315789473684,0.0,0.0142105263157893,0.0136842105263157,0.0005263157894736,0.0099999999999999,0.0068421052631578,0.0031578947368421,0.001578947368421,0.0,0.001578947368421,0.0042105263157894,0.0031578947368421,0.0010526315789473,0.0089473684210526,0.0026315789473684,0.0063157894736842,0.0178947368421052,0.0057894736842105,0.0121052631578947,520
2022-08-01,2022,8,0.7665071770334928,0.1488038277511961,0.6177033492822966,0.0043062200956937,0.0033492822966507,0.000956937799043,0.0550239234449759,0.0076555023923444,0.0473684210526315,0.0033492822966506002,0.0019138755980861,0.0014354066985645,0.0181818181818181,0.0095693779904306,0.0086124401913875,0.041626794258373095,0.0272727272727272,0.0143540669856459,0.0,0.0,0.0,0.000956937799043,0.0,0.000956937799043,0.0114832535885167,0.0004784688995215,0.0110047846889952,0.012440191387559701,0.0105263157894736,0.0019138755980861,0.0014354066985645,0.0014354066985645,0.0,0.0593301435406698,0.0282296650717703,0.0311004784688995,0.023923444976076402,0.009090909090909,0.0148325358851674,0.0,0.0,0.0,0.0,0.0,0.0,0.0052631578947367,0.0038277511961722,0.0014354066985645,0.0071770334928229,0.0052631578947368,0.0019138755980861,0.0,0.0,0.0,0.002870813397129,0.0014354066985645,0.0014354066985645,0.0057416267942583,0.0,0.0057416267942583,0.0114832535885167,0.0033492822966507,0.008133971291866,510
2022-09-01,2022,9,0.7864554888039322,0.1267067176406335,0.6597487711632988,0.0043691971600217,0.0027307482250136,0.0016384489350081,0.0333151283451665,0.0027307482250136,0.0305843801201529,0.0010922992900054,0.0005461496450027,0.0005461496450027,0.020207536865101,0.00600764609503,0.014199890770071,0.0305843801201529,0.0196613872200983,0.0109229929000546,0.0016384489350081,0.0010922992900054,0.0005461496450027,0.0049153468050244994,0.0043691971600218,0.0005461496450027,0.0152921900600764,0.0021845985800109,0.0131075914800655,0.0060076460950299,0.0043691971600218,0.0016384489350081,0.0005461496450027,0.0,0.0005461496450027,0.060076460950300295,0.0305843801201529,0.0294920808301474,0.0141998907700709,0.0087383943200436,0.0054614964500273,0.0,0.0,0.0,0.0010922992900054,0.0,0.0010922992900054,0.0092845439650464,0.0070999453850355,0.0021845985800109,0.0081922446750408,0.0065537957400327,0.0016384489350081,0.0027307482250135996,0.0005461496450027,0.0021845985800109,0.007099945385035399,0.0027307482250136,0.0043691971600218,0.0098306936100491,0.0005461496450027,0.0092845439650464,0.010922992900054499,0.0027307482250136,0.0081922446750409,389
2022-10-01,2022,10,0.7772337821297429,0.1481028151774786,0.6291309669522643,0.0055079559363524,0.0030599755201958,0.0024479804161566,0.0336597307221541,0.0061199510403916,0.0275397796817625,0.0006119951040391,0.0006119951040391,0.0,0.02203182374541,0.00734394124847,0.01468788249694,0.053855569155446606,0.0348837209302325,0.0189718482252141,0.0,0.0,0.0,0.0006119951040391,0.0006119951040391,0.0,0.0097919216646266,0.0018359853121175,0.0079559363525091,0.0055079559363524,0.0030599755201958,0.0024479804161566,0.0,0.0,0.0,0.05140758873929,0.025703794369645,0.025703794369645,0.0134638922888616,0.0055079559363525,0.0079559363525091,0.0006119951040391,0.0006119951040391,0.0,0.0012239902080782,0.0006119951040391,0.0006119951040391,0.0214198286413707,0.0189718482252141,0.0024479804161566,0.014075887392900801,0.0128518971848225,0.0012239902080783,0.0024479804161566,0.0024479804161566,0.0,0.0012239902080783,0.0012239902080783,0.0,0.014075887392900801,0.003671970624235,0.0104039167686658,0.0097919216646266,0.0018359853121175,0.0079559363525091,419
2022-11-01,2022,11,0.7486102532427424,0.153798641136504,0.5948116121062385,0.007411982705373599,0.0043236565781346,0.003088326127239,0.0450895614576899,0.0092649783817171,0.0358245830759728,0.0006176652254478,0.0,0.0006176652254478,0.0154416306361951,0.0055589870290302,0.0098826436071649,0.060531192093885,0.0401482396541074,0.0203829524397776,0.0012353304508956,0.0,0.0012353304508956,0.0012353304508956,0.0012353304508956,0.0,0.026559604694255598,0.0037059913526868,0.0228536133415688,0.0037059913526868,0.0037059913526868,0.0,0.0006176652254478,0.0006176652254478,0.0,0.06794317479925871,0.0296479308214947,0.038295243977764,0.0135886349598516,0.0055589870290302,0.0080296479308214,0.0006176652254478,0.0006176652254478,0.0,0.0037059913526867995,0.0024706609017912,0.0012353304508956,0.0055589870290302,0.0049413218035824,0.0006176652254478,0.022235948116121,0.0185299567634342,0.0037059913526868,0.0024706609017912,0.0018529956763434,0.0006176652254478,0.0043236565781346,0.0024706609017912,0.0018529956763434,0.0086473131562692,0.0012353304508956,0.0074119827053736,0.007411982705373599,0.003088326127239,0.0043236565781346,426
2022-12-01,2022,12,0.7411444141689374,0.1587193460490463,0.582425068119891,0.0068119891008174005,0.0047683923705722,0.0020435967302452,0.0551771117166211,0.0088555858310626,0.0463215258855585,0.0,0.0,0.0,0.0217983651226157,0.0074931880108991,0.0143051771117166,0.0504087193460489,0.0354223433242506,0.0149863760217983,0.0013623978201634,0.0013623978201634,0.0,0.0020435967302451,0.0006811989100817,0.0013623978201634,0.0374659400544958,0.0054495912806539,0.0320163487738419,0.006130790190735601,0.0047683923705722,0.0013623978201634,0.0,0.0,0.0,0.0470027247956402,0.0231607629427792,0.023841961852861,0.023841961852861,0.0095367847411444,0.0143051771117166,0.0,0.0,0.0,0.0006811989100817,0.0,0.0006811989100817,0.005449591280653801,0.0040871934604904,0.0013623978201634,0.013623978201634801,0.0115803814713896,0.0020435967302452,0.0006811989100817,0.0006811989100817,0.0,0.0047683923705721,0.0034059945504087,0.0013623978201634,0.0095367847411443,0.0006811989100817,0.0088555858310626,0.0095367847411443,0.0034059945504087,0.0061307901907356,385
2023-01-01,2023,1,0.7097591888466412,0.1482889733840304,0.5614702154626109,0.013307984790874399,0.0101394169835234,0.003168567807351,0.0449936628643852,0.0057034220532319,0.0392902408111533,0.0,0.0,0.0,0.0253485424588085,0.0095057034220532,0.0158428390367553,0.0361216730038022,0.0215462610899873,0.0145754119138149,0.0006337135614702,0.0,0.0006337135614702,0.003168567807351,0.0019011406844106,0.0012674271229404,0.0544993662864384,0.0101394169835234,0.044359949302915,0.0076045627376425,0.0063371356147021,0.0012674271229404,0.0,0.0,0.0,0.053231939163498,0.0202788339670468,0.0329531051964512,0.0164765525982255,0.0025348542458808,0.0139416983523447,0.0019011406844106,0.0019011406844106,0.0,0.0,0.0,0.0,0.012040557667934,0.0107731305449936,0.0012674271229404,0.0114068441064638,0.0057034220532319,0.0057034220532319,0.003168567807351,0.0,0.003168567807351,0.0044359949302914,0.0012674271229404,0.003168567807351,0.0221799746514575,0.0012674271229404,0.0209125475285171,0.0107731305449936,0.0,0.0107731305449936,381
2023-02-01,2023,2,0.6682692307692307,0.1618589743589743,0.5064102564102564,0.0088141025641025,0.0040064102564102,0.0048076923076923,0.0633012820512819,0.0104166666666666,0.0528846153846153,0.0,0.0,0.0,0.0256410256410256,0.0080128205128205,0.0176282051282051,0.0600961538461538,0.0392628205128205,0.0208333333333333,0.0,0.0,0.0,0.0096153846153845,0.0056089743589743,0.0040064102564102,0.0408653846153845,0.0072115384615384,0.0336538461538461,0.0056089743589743,0.0048076923076923,0.000801282051282,0.0,0.0,0.0,0.0905448717948717,0.0432692307692307,0.047275641025641,0.0160256410256409,0.0088141025641025,0.0072115384615384,0.0016025641025641,0.0016025641025641,0.0,0.001602564102564,0.000801282051282,0.000801282051282,0.009615384615384501,0.0072115384615384,0.0024038461538461,0.016826923076923,0.0152243589743589,0.0016025641025641,0.0040064102564102,0.0032051282051282,0.000801282051282,0.004807692307692299,0.0032051282051282,0.0016025641025641,0.0104166666666666,0.000801282051282,0.0096153846153846,0.0144230769230769,0.0016025641025641,0.0128205128205128,372
2023-03-01,2023,3,0.6549560853199499,0.1493099121706399,0.5056461731493099,0.0119196988707653,0.0050188205771643,0.006900878293601,0.042659974905897,0.0043914680050188,0.0382685069008782,0.0,0.0,0.0,0.028858218318695,0.0094102885821831,0.0194479297365119,0.0213299874529485,0.0125470514429109,0.0087829360100376,0.0,0.0,0.0,0.0006273525721455,0.0006273525721455,0.0,0.1624843161856963,0.0664993726474278,0.0959849435382685,0.0031367628607276003,0.0025094102885821,0.0006273525721455,0.0,0.0,0.0,0.031367628607277195,0.0119196988707653,0.0194479297365119,0.014429109159347501,0.0031367628607277,0.0112923462986198,0.0031367628607276003,0.0025094102885821,0.0006273525721455,0.0031367628607276,0.0018820577164366,0.001254705144291,0.0037641154328731004,0.001254705144291,0.0025094102885821,0.0050188205771643,0.0050188205771643,0.0,0.0025094102885821,0.0,0.0025094102885821,0.0018820577164364999,0.001254705144291,0.0006273525721455,0.0138017565872019,0.0006273525721455,0.0131744040150564,0.010664993726474201,0.0018820577164366,0.0087829360100376,433
2023-04-01,2023,4,0.7071260767423649,0.1581832419733751,0.5489428347689899,0.009397024275645899,0.0062646828504306,0.0031323414252153,0.0540328895849646,0.0062646828504306,0.047768206734534,0.0007830853563038,0.0,0.0007830853563038,0.028191072826938002,0.0078308535630383,0.0203602192638997,0.0266249021143303,0.0164447924823805,0.0101801096319498,0.0007830853563038,0.0007830853563038,0.0,0.0007830853563038,0.0,0.0007830853563038,0.0720438527799529,0.018794048551292,0.0532498042286609,0.0148786217697728,0.014095536413469,0.0007830853563038,0.0,0.0,0.0,0.047768206734534,0.0180109631949882,0.0297572435395458,0.029757243539545702,0.0133124510571652,0.0164447924823805,0.0,0.0,0.0,0.0007830853563038,0.0,0.0007830853563038,0.0031323414252152,0.0015661707126076,0.0015661707126076,0.0062646828504306,0.004698512137823,0.0015661707126076,0.0015661707126076,0.0,0.0015661707126076,0.0031323414252152,0.0015661707126076,0.0015661707126076,0.004698512137823,0.0,0.004698512137823,0.007830853563038299,0.0023492560689115,0.0054815974941268,334
2023-05-01,2023,5,0.6615661566156615,0.1611161116111611,0.5004500450045004,0.0081008100810081,0.0036003600360036,0.0045004500450045,0.0792079207920792,0.0126012601260126,0.0666066606660666,0.0,0.0,0.0,0.029702970297029698,0.0189018901890189,0.0108010801080108,0.035103510351035094,0.0234023402340234,0.0117011701170117,0.0,0.0,0.0,0.0,0.0,0.0,0.029702970297029698,0.0063006300630063,0.0234023402340234,0.0072007200720072,0.0072007200720072,0.0,0.0,0.0,0.0,0.0999099909990999,0.0423042304230423,0.0576057605760576,0.0261026102610261,0.009000900090009,0.0171017101710171,0.0,0.0,0.0,0.0027002700270027003,0.0018001800180018,0.0009000900090009,0.0054005400540054005,0.0036003600360036,0.0018001800180018,0.0063006300630063,0.0054005400540054,0.0009000900090009,0.0009000900090009,0.0,0.0009000900090009,0.008100810081008101,0.0072007200720072,0.0009000900090009,0.0117011701170117,0.0,0.0117011701170117,0.0162016201620162,0.0072007200720072,0.009000900090009,325
2023-06-01,2023,6,0.7081881533101044,0.1864111498257839,0.5217770034843205,0.014808362369337899,0.009581881533101,0.0052264808362369,0.0749128919860626,0.0130662020905923,0.0618466898954703,0.0,0.0,0.0,0.022648083623693298,0.009581881533101,0.0130662020905923,0.049651567944250796,0.0278745644599303,0.0217770034843205,0.0,0.0,0.0,0.0008710801393728,0.0,0.0008710801393728,0.0209059233449477,0.0043554006968641,0.0165505226480836,0.0078397212543554,0.0078397212543554,0.0,0.0008710801393728,0.0008710801393728,0.0,0.0792682926829268,0.0322299651567944,0.0470383275261324,0.0165505226480835,0.0069686411149825,0.009581881533101,0.0008710801393728,0.0008710801393728,0.0,0.0,0.0,0.0,0.0087108013937281,0.0069686411149825,0.0017421602787456,0.0113240418118466,0.0087108013937282,0.0026132404181184,0.0,0.0,0.0,0.004355400696863999,0.0034843205574912,0.0008710801393728,0.0104529616724738,0.0,0.0104529616724738,0.009581881533101,0.0008710801393728,0.0087108013937282,343
2023-07-01,2023,7,0.7517361111111112,0.1840277777777778,0.5677083333333334,0.0086805555555555,0.0052083333333333,0.0034722222222222,0.0399305555555554,0.0060763888888888,0.0338541666666666,0.0,0.0,0.0,0.028645833333333197,0.0104166666666666,0.0182291666666666,0.0460069444444444,0.0269097222222222,0.0190972222222222,0.0,0.0,0.0,0.0,0.0,0.0,0.007812499999999899,0.0008680555555555,0.0069444444444444,0.0164930555555554,0.0138888888888888,0.0026041666666666,0.0008680555555555,0.0008680555555555,0.0,0.0729166666666666,0.03125,0.0416666666666666,0.018229166666666498,0.0060763888888888,0.0121527777777777,0.0,0.0,0.0,0.0,0.0,0.0,0.0138888888888888,0.0095486111111111,0.0043402777777777,0.0086805555555555,0.0034722222222222,0.0052083333333333,0.0026041666666666,0.0017361111111111,0.0008680555555555,0.001736111111111,0.0008680555555555,0.0008680555555555,0.0130208333333332,0.0008680555555555,0.0121527777777777,0.001736111111111,0.0008680555555555,0.0008680555555555,329
2023-08-01,2023,8,0.711243611584327,0.1729131175468483,0.5383304940374787,0.0059625212947188,0.0008517887563884,0.0051107325383304,0.0502555366269164,0.0017035775127768,0.0485519591141396,0.0,0.0,0.0,0.0374787052810902,0.0136286201022146,0.0238500851788756,0.041737649063032296,0.0298126064735945,0.0119250425894378,0.0017035775127768,0.0017035775127768,0.0,0.0,0.0,0.0,0.0212947189097103,0.0017035775127768,0.0195911413969335,0.014480408858603,0.0127768313458262,0.0017035775127768,0.0034071550255536,0.0034071550255536,0.0,0.0766609880749573,0.0357751277683134,0.0408858603066439,0.017035775127768202,0.0093696763202725,0.0076660988074957,0.0,0.0,0.0,0.0,0.0,0.0,0.0093696763202725,0.0059625212947189,0.0034071550255536,0.0093696763202724,0.004258943781942,0.0051107325383304,0.0017035775127768,0.0,0.0017035775127768,0.0076660988074955996,0.0051107325383304,0.0025553662691652,0.0102214650766609,0.0008517887563884,0.0093696763202725,0.011073253833049301,0.0008517887563884,0.0102214650766609,329
2023-09-01,2023,9,0.7311446317657497,0.1721384205856255,0.5590062111801242,0.0124223602484472,0.0062111801242236,0.0062111801242236,0.0488021295474711,0.0053238686779059,0.0434782608695652,0.0,0.0,0.0,0.0381543921916592,0.0141969831410825,0.0239574090505767,0.039041703637976904,0.0266193433895297,0.0124223602484472,0.0008873114463176,0.0008873114463176,0.0,0.0,0.0,0.0,0.0266193433895297,0.0,0.0266193433895297,0.014196983141082399,0.0133096716947648,0.0008873114463176,0.0017746228926353,0.0017746228926353,0.0,0.06832298136645949,0.0301685891748003,0.0381543921916592,0.0106477373558118,0.0053238686779059,0.0053238686779059,0.0017746228926353,0.0017746228926353,0.0,0.0,0.0,0.0,0.0017746228926353,0.0017746228926353,0.0,0.0070984915705411995,0.0053238686779059,0.0017746228926353,0.0026619343389529,0.0,0.0026619343389529,0.0035492457852705,0.0026619343389529,0.0008873114463176,0.014196983141082399,0.0044365572315882,0.0097604259094942,0.007985803016858799,0.0026619343389529,0.0053238686779059,311
2023-10-01,2023,10,0.7377495462794917,0.1479128856624319,0.5898366606170599,0.0090744101633393,0.0036297640653357,0.0054446460980036,0.057168784029037994,0.0045372050816696,0.0526315789473684,0.0018148820326678,0.0009074410163339,0.0009074410163339,0.019056261343012602,0.0027223230490018,0.0163339382940108,0.0344827586206895,0.0208711433756805,0.013611615245009,0.0009074410163339,0.0,0.0009074410163339,0.0018148820326678,0.0009074410163339,0.0009074410163339,0.029945553539019898,0.0054446460980036,0.0245009074410163,0.0090744101633393,0.0090744101633393,0.0,0.0,0.0,0.0,0.0780399274047186,0.0317604355716878,0.0462794918330308,0.0072595281306714,0.0018148820326678,0.0054446460980036,0.0,0.0,0.0,0.0027223230490018,0.0027223230490018,0.0,0.0054446460980035,0.0018148820326678,0.0036297640653357,0.0054446460980035,0.0036297640653357,0.0018148820326678,0.0,0.0,0.0,0.0018148820326678,0.0009074410163339,0.0009074410163339,0.013611615245008899,0.0018148820326678,0.0117967332123411,0.0117967332123411,0.0018148820326678,0.0099818511796733,249
2023-11-01,2023,11,0.713965646004481,0.2128454070201643,0.5011202389843167,0.0097087378640776,0.0044809559372666,0.005227781926811,0.061239731142643694,0.005227781926811,0.0560119492158327,0.0007468259895444,0.0007468259895444,0.0,0.0336071695294996,0.0126960418222554,0.0209111277072442,0.0231516056758774,0.0149365197908887,0.0082150858849887,0.0,0.0,0.0,0.0037341299477221,0.0029873039581777,0.0007468259895444,0.0313666915608663,0.0022404779686333,0.029126213592233,0.0171769977595219,0.0164301717699775,0.0007468259895444,0.0022404779686333,0.0022404779686333,0.0,0.0530246452576549,0.0261389096340552,0.0268857356235997,0.0231516056758775,0.0104555638536221,0.0126960418222554,0.0007468259895444,0.0007468259895444,0.0,0.0014936519790888,0.0,0.0014936519790888,0.0156833457804331,0.0126960418222554,0.0029873039581777,0.0029873039581777,0.0029873039581777,0.0,0.0022404779686333,0.0,0.0022404779686333,0.005227781926811,0.0029873039581777,0.0022404779686333,0.0059746079163554,0.0,0.0059746079163554,0.0119492158327109,0.0014936519790888,0.0104555638536221,429
2023-12-01,2023,12,0.6760563380281689,0.1906103286384976,0.4854460093896713,0.0131455399061032,0.0103286384976525,0.0028169014084507,0.0657276995305164,0.0028169014084507,0.0629107981220657,0.0,0.0,0.0,0.0338028169014083,0.0103286384976525,0.0234741784037558,0.0281690140845069,0.0150234741784037,0.0131455399061032,0.0009389671361502,0.0009389671361502,0.0,0.0009389671361502,0.0,0.0009389671361502,0.026291079812206502,0.0028169014084507,0.0234741784037558,0.0225352112676055,0.0206572769953051,0.0018779342723004,0.0018779342723004,0.0018779342723004,0.0,0.0901408450704225,0.0431924882629108,0.0469483568075117,0.018779342723004598,0.0084507042253521,0.0103286384976525,0.0,0.0,0.0,0.0037558685446009,0.0009389671361502,0.0028169014084507,0.0084507042253521,0.0056338028169014,0.0028169014084507,0.014084507042253402,0.0093896713615023,0.0046948356807511,0.0,0.0,0.0,0.0028169014084506,0.0009389671361502,0.0018779342723004,0.0056338028169014,0.0,0.0056338028169014,0.0103286384976525,0.0046948356807511,0.0056338028169014,337
2024-01-01,2024,1,0.6783114992721979,0.1688500727802037,0.5094614264919942,0.0058224163027656,0.0058224163027656,0.0,0.08515283842794749,0.0080058224163027,0.0771470160116448,0.0,0.0,0.0,0.0225618631732167,0.0116448326055312,0.0109170305676855,0.0327510917030567,0.019650655021834,0.0131004366812227,0.0,0.0,0.0,0.0029112081513828,0.0021834061135371,0.0007278020378457,0.0371179039301309,0.0087336244541484,0.0283842794759825,0.0167394468704512,0.0152838427947598,0.0014556040756914,0.0007278020378457,0.0007278020378457,0.0,0.0756914119359533,0.0342066957787481,0.0414847161572052,0.014556040756914,0.0080058224163027,0.0065502183406113,0.0007278020378457,0.0,0.0007278020378457,0.0007278020378457,0.0007278020378457,0.0,0.007278020378457,0.0043668122270742,0.0029112081513828,0.020378457059679698,0.0181950509461426,0.0021834061135371,0.0007278020378457,0.0,0.0007278020378457,0.0036390101892285,0.0021834061135371,0.0014556040756914,0.0116448326055312,0.0,0.0116448326055312,0.0123726346433769,0.0058224163027656,0.0065502183406113,409
2024-02-01,2024,2,0.6727423363711682,0.2104391052195526,0.4623032311516156,0.0107705053852526,0.0049710024855012,0.0057995028997514,0.0695940347970173,0.0024855012427506,0.0671085335542667,0.0008285004142502,0.0,0.0008285004142502,0.0422535211267605,0.0115990057995029,0.0306545153272576,0.0339685169842584,0.0198840099420049,0.0140845070422535,0.0016570008285004,0.0016570008285004,0.0,0.0008285004142502,0.0008285004142502,0.0,0.0231980115990057,0.0049710024855012,0.0182270091135045,0.0182270091135045,0.0165700082850041,0.0016570008285004,0.0024855012427506,0.0024855012427506,0.0,0.055509527754763796,0.0198840099420049,0.0356255178127589,0.0331400165700082,0.0173985086992543,0.0157415078707539,0.0008285004142502,0.0,0.0008285004142502,0.0033140016570008,0.0033140016570008,0.0,0.0057995028997514,0.0033140016570008,0.0024855012427506,0.009113504556752201,0.0049710024855012,0.004142502071251,0.0016570008285004,0.0016570008285004,0.0,0.008285004142502,0.0057995028997514,0.0024855012427506,0.0091135045567522,0.0,0.0091135045567522,0.022369511184755497,0.0132560066280033,0.0091135045567522,402
2024-03-01,2024,3,0.6075441412520064,0.1829855537720706,0.4245585874799358,0.0152487961476724,0.0056179775280898,0.0096308186195826,0.07223113964686981,0.0072231139646869,0.0650080256821829,0.0016051364365971,0.0016051364365971,0.0,0.0617977528089887,0.0232744783306581,0.0385232744783306,0.0288924558587479,0.0192616372391653,0.0096308186195826,0.0008025682182985,0.0,0.0008025682182985,0.0008025682182985,0.0,0.0008025682182985,0.054574638844301596,0.0200642054574638,0.0345104333868378,0.0337078651685393,0.0337078651685393,0.0,0.0104333868378812,0.0104333868378812,0.0,0.043338683788121904,0.0184590690208667,0.0248796147672552,0.0337078651685393,0.0176565008025682,0.0160513643659711,0.0040128410914927,0.0040128410914927,0.0,0.0,0.0,0.0,0.011235955056179699,0.0064205457463884,0.0048154093097913,0.008828250401284,0.0072231139646869,0.0016051364365971,0.0016051364365971,0.0,0.0016051364365971,0.0040128410914927,0.0032102728731942,0.0008025682182985,0.008828250401284,0.0016051364365971,0.0072231139646869,0.0176565008025681,0.0056179775280898,0.0120385232744783,443
2024-04-01,2024,4,0.5964523281596451,0.1707317073170731,0.425720620842572,0.0140428677014042,0.008130081300813,0.0059127864005912,0.0687361419068736,0.0088691796008869,0.0598669623059867,0.0007390983000739,0.0007390983000739,0.0,0.060606060606060504,0.0251293422025129,0.0354767184035476,0.0665188470066518,0.0421286031042128,0.024390243902439,0.0036954915003695,0.0,0.0036954915003695,0.0014781966001478,0.0007390983000739,0.0007390983000739,0.039911308203991,0.0125646711012564,0.0273466371027346,0.0332594235033259,0.032520325203252,0.0007390983000739,0.0059127864005912,0.0059127864005912,0.0,0.073170731707317,0.0413895048041389,0.0317812269031781,0.023651145602364997,0.0140428677014042,0.0096082779009608,0.0029563932002956,0.0029563932002956,0.0,0.0007390983000739,0.0,0.0007390983000739,0.010347376201034701,0.0088691796008869,0.0014781966001478,0.008130081300813,0.008130081300813,0.0,0.0014781966001478,0.0007390983000739,0.0007390983000739,0.0096082779009607,0.0066518847006651,0.0029563932002956,0.0110864745011085,0.0036954915003695,0.007390983000739,0.0169992609016998,0.0044345898004434,0.0125646711012564,497
2024-05-01,2024,5,0.6650124069478908,0.2332506203473945,0.4317617866004963,0.0190239867659221,0.0090984284532671,0.009925558312655,0.046319272125723704,0.0041356492969396,0.0421836228287841,0.0041356492969396,0.0041356492969396,0.0,0.0595533498759305,0.0206782464846981,0.0388751033912324,0.0512820512820512,0.0413564929693962,0.009925558312655,0.004135649296939501,0.0033085194375516,0.0008271298593879,0.0008271298593879,0.0008271298593879,0.0,0.0248138957816376,0.009925558312655,0.0148883374689826,0.030603804797353102,0.0289495450785773,0.0016542597187758,0.0057899090157154,0.0057899090157154,0.0,0.0479735318444995,0.0314309346567411,0.0165425971877584,0.0173697270471463,0.0090984284532671,0.0082712985938792,0.0,0.0,0.0,0.0016542597187758,0.0,0.0016542597187758,0.01985111662531,0.0165425971877584,0.0033085194375516,0.0115798180314309,0.010752688172043,0.0008271298593879,0.0008271298593879,0.0,0.0008271298593879,0.0049627791563274,0.0024813895781637,0.0024813895781637,0.0057899090157154,0.0,0.0057899090157154,0.011579818031430801,0.0049627791563275,0.0066170388751033,499
2024-06-01,2024,6,0.6811751904243744,0.352557127312296,0.3286180631120783,0.0141458106637648,0.0087051142546245,0.0054406964091403,0.0239390642002176,0.0119695321001088,0.0119695321001088,0.0021762785636561,0.0021762785636561,0.0,0.059847660500544006,0.0228509249183895,0.0369967355821545,0.030467899891186,0.0250272034820457,0.0054406964091403,0.0032644178454840998,0.0021762785636561,0.001088139281828,0.0021762785636561,0.0,0.0021762785636561,0.0435255712731228,0.0337323177366702,0.0097932535364526,0.0217627856365614,0.0217627856365614,0.0,0.0043525571273122,0.0043525571273122,0.0,0.047878128400435205,0.0206746463547334,0.0272034820457018,0.0250272034820456,0.0184983677910772,0.0065288356909684,0.0021762785636561,0.0021762785636561,0.0,0.0054406964091403,0.0032644178454842,0.0021762785636561,0.0272034820457018,0.0206746463547334,0.0065288356909684,0.0119695321001087,0.0108813928182807,0.001088139281828,0.001088139281828,0.001088139281828,0.0,0.007616974972796399,0.0054406964091403,0.0021762785636561,0.0032644178454840998,0.0021762785636561,0.001088139281828,0.0054406964091403,0.0054406964091403,0.0,513
2024-07-01,2024,7,0.6680851063829786,0.2446808510638297,0.4234042553191489,0.014893617021276501,0.0063829787234042,0.0085106382978723,0.0148936170212765,0.0042553191489361,0.0106382978723404,0.0,0.0,0.0,0.0744680851063829,0.0276595744680851,0.0468085106382978,0.049999999999999906,0.0361702127659574,0.0138297872340425,0.005319148936170101,0.0031914893617021,0.002127659574468,0.0,0.0,0.0,0.0180851063829787,0.0053191489361702,0.0127659574468085,0.0574468085106383,0.0574468085106383,0.0,0.0074468085106382,0.0074468085106382,0.0,0.052127659574467994,0.0319148936170212,0.0202127659574468,0.0202127659574467,0.0085106382978723,0.0117021276595744,0.001063829787234,0.001063829787234,0.0,0.001063829787234,0.0,0.001063829787234,0.012765957446808399,0.0106382978723404,0.002127659574468,0.0063829787234042,0.0063829787234042,0.0,0.001063829787234,0.001063829787234,0.0,0.0148936170212765,0.0117021276595744,0.0031914893617021,0.0031914893617021,0.0,0.0031914893617021,0.0074468085106382,0.0031914893617021,0.0042553191489361,420
2024-08-01,2024,8,0.6366782006920414,0.2583621683967704,0.378316032295271,0.0149942329873124,0.008073817762399,0.0069204152249134,0.0138408304498269,0.0034602076124567,0.0103806228373702,0.0011534025374855,0.0011534025374855,0.0,0.091118800461361,0.0461361014994233,0.0449826989619377,0.0311418685121106,0.0230680507497116,0.008073817762399,0.0023068050749711,0.0023068050749711,0.0,0.0,0.0,0.0,0.0311418685121106,0.0092272202998846,0.021914648212226,0.0957324106113033,0.091118800461361,0.0046136101499423,0.0173010380622837,0.0173010380622837,0.0,0.0265282583621683,0.0184544405997693,0.008073817762399,0.0184544405997692,0.0092272202998846,0.0092272202998846,0.0,0.0,0.0,0.0011534025374855,0.0011534025374855,0.0,0.011534025374855698,0.0092272202998846,0.0023068050749711,0.0046136101499422,0.0034602076124567,0.0011534025374855,0.0,0.0,0.0,0.0092272202998845,0.008073817762399,0.0011534025374855,0.0,0.0,0.0,0.0103806228373701,0.0034602076124567,0.0069204152249134,436
2024-09-01,2024,9,0.6889153754469606,0.2753277711561382,0.4135876042908224,0.0154946364719904,0.0083432657926102,0.0071513706793802,0.0131108462455303,0.00119189511323,0.0119189511323003,0.0,0.0,0.0,0.09177592371871271,0.033373063170441,0.0584028605482717,0.0166865315852204,0.0119189511323003,0.0047675804529201,0.0,0.0,0.0,0.00119189511323,0.0,0.00119189511323,0.020262216924910502,0.0071513706793802,0.0131108462455303,0.0572109654350417,0.0572109654350417,0.0,0.0119189511323003,0.0119189511323003,0.0,0.019070321811680502,0.0083432657926102,0.0107270560190703,0.021454112038140603,0.0035756853396901,0.0178784266984505,0.00119189511323,0.0,0.00119189511323,0.00119189511323,0.00119189511323,0.0,0.0119189511323003,0.0107270560190703,0.00119189511323,0.0119189511323003,0.0119189511323003,0.0,0.0059594755661501,0.00119189511323,0.0047675804529201,0.0119189511323003,0.0071513706793802,0.0047675804529201,0.00119189511323,0.0,0.00119189511323,0.0035756853396901,0.0035756853396901,0.0,380
2024-10-01,2024,10,0.594420600858369,0.1995708154506437,0.3948497854077253,0.0139484978540771,0.0085836909871244,0.0053648068669527,0.0236051502145922,0.0150214592274678,0.0085836909871244,0.0021459227467811,0.0021459227467811,0.0,0.0783261802575107,0.0278969957081545,0.0504291845493562,0.062231759656652196,0.0461373390557939,0.0160944206008583,0.0,0.0,0.0,0.0085836909871244,0.0085836909871244,0.0,0.0257510729613733,0.0139484978540772,0.0118025751072961,0.0482832618025751,0.0482832618025751,0.0,0.0418454935622317,0.0418454935622317,0.0,0.0622317596566523,0.0429184549356223,0.01931330472103,0.0160944206008583,0.0075107296137339,0.0085836909871244,0.0010729613733905,0.0,0.0010729613733905,0.0010729613733905,0.0010729613733905,0.0,0.0193133047210299,0.0160944206008583,0.0032188841201716,0.0118025751072961,0.0118025751072961,0.0,0.0021459227467811,0.0021459227467811,0.0,0.0171673819742489,0.0171673819742489,0.0,0.0021459227467811,0.0021459227467811,0.0,0.008583690987124401,0.0075107296137339,0.0010729613733905,458
2024-11-01,2024,11,0.730909090909091,0.3660606060606061,0.3648484848484848,0.0072727272727272,0.0024242424242424,0.0048484848484848,0.0,0.0,0.0,0.0,0.0,0.0,0.0484848484848484,0.0242424242424242,0.0242424242424242,0.0399999999999999,0.0351515151515151,0.0048484848484848,0.0024242424242424,0.0024242424242424,0.0,0.0024242424242424,0.0024242424242424,0.0,0.0133333333333332,0.0084848484848484,0.0048484848484848,0.0472727272727272,0.0472727272727272,0.0,0.0169696969696969,0.0169696969696969,0.0,0.05090909090909081,0.0327272727272727,0.0181818181818181,0.0230303030303029,0.0157575757575757,0.0072727272727272,0.0012121212121212,0.0,0.0012121212121212,0.0036363636363636,0.0024242424242424,0.0012121212121212,0.0145454545454545,0.0133333333333333,0.0012121212121212,0.0048484848484848,0.0048484848484848,0.0,0.0012121212121212,0.0,0.0012121212121212,0.0048484848484848,0.0048484848484848,0.0,0.0,0.0,0.0,0.0109090909090908,0.0084848484848484,0.0024242424242424,469
2024-12-01,2024,12,0.7306226175349426,0.3532401524777636,0.3773824650571791,0.0038119440914866,0.0,0.0038119440914866,0.0063532401524777,0.0050825921219822,0.0012706480304955,0.0,0.0,0.0,0.0444726810673442,0.025412960609911,0.0190597204574332,0.0368487928843709,0.025412960609911,0.0114358322744599,0.0012706480304955,0.0012706480304955,0.0,0.0025412960609911,0.0025412960609911,0.0,0.029224904701397603,0.0165184243964421,0.0127064803049555,0.0355781448538754,0.0355781448538754,0.0,0.013977128335451,0.013977128335451,0.0,0.0533672172808131,0.0317662007623888,0.0216010165184243,0.0355781448538753,0.0165184243964421,0.0190597204574332,0.0,0.0,0.0,0.0038119440914866,0.0,0.0038119440914866,0.0050825921219822,0.0050825921219822,0.0,0.0063532401524777,0.0063532401524777,0.0,0.0012706480304955,0.0012706480304955,0.0,0.0,0.0,0.0,0.002541296060991,0.0012706480304955,0.0012706480304955,0.0076238881829733,0.0025412960609911,0.0050825921219822,418
2025-01-01,2025,1,0.7559055118110236,0.3215223097112861,0.4343832020997375,0.006561679790026101,0.0039370078740157,0.0026246719160104,0.028871391076115402,0.0118110236220472,0.0170603674540682,0.0,0.0,0.0,0.0328083989501311,0.0183727034120734,0.0144356955380577,0.0459317585301836,0.0314960629921259,0.0144356955380577,0.0,0.0,0.0,0.0013123359580052,0.0,0.0013123359580052,0.0157480314960629,0.0039370078740157,0.0118110236220472,0.0236220472440944,0.0236220472440944,0.0,0.0039370078740157,0.0039370078740157,0.0,0.0498687664041994,0.0249343832020997,0.0249343832020997,0.028871391076115402,0.0196850393700787,0.0091863517060367,0.0013123359580052,0.0013123359580052,0.0,0.0026246719160104,0.0026246719160104,0.0,0.0039370078740157,0.0039370078740157,0.0,0.0078740157480314,0.0065616797900262,0.0013123359580052,0.0,0.0,0.0,0.0052493438320209,0.0052493438320209,0.0,0.0065616797900262,0.0065616797900262,0.0,0.0144356955380576,0.0104986876640419,0.0039370078740157,366
2025-02-01,2025,2,0.7576177285318559,0.3157894736842105,0.4418282548476454,0.0166204986149583,0.0096952908587257,0.0069252077562326,0.0083102493074791,0.0013850415512465,0.0069252077562326,0.0013850415512465,0.0013850415512465,0.0,0.0554016620498614,0.0360110803324099,0.0193905817174515,0.0304709141274238,0.0263157894736842,0.0041551246537396,0.0,0.0,0.0,0.0013850415512465,0.0,0.0013850415512465,0.0138504155124652,0.0069252077562326,0.0069252077562326,0.020775623268698,0.020775623268698,0.0,0.002770083102493,0.002770083102493,0.0,0.030470914127423802,0.0193905817174515,0.0110803324099723,0.041551246537396,0.0318559556786703,0.0096952908587257,0.0,0.0,0.0,0.0069252077562326,0.0055401662049861,0.0013850415512465,0.0069252077562326,0.0041551246537396,0.002770083102493,0.0083102493074792,0.0083102493074792,0.0,0.002770083102493,0.0,0.002770083102493,0.0041551246537396,0.0041551246537396,0.0,0.002770083102493,0.002770083102493,0.0,0.0096952908587257,0.0083102493074792,0.0013850415512465,352
2025-03-01,2025,3,0.7539797395079595,0.2272069464544139,0.5267727930535456,0.008683068017366,0.0072358900144717,0.0014471780028943,0.0159189580318378,0.0057887120115774,0.0101302460202604,0.0014471780028943,0.0014471780028943,0.0,0.0318379160636758,0.0130246020260492,0.0188133140376266,0.0419681620839362,0.0231548480463096,0.0188133140376266,0.0,0.0,0.0,0.0,0.0,0.0,0.0231548480463096,0.0159189580318379,0.0072358900144717,0.0274963820549927,0.0260492040520984,0.0014471780028943,0.0072358900144717,0.0072358900144717,0.0,0.039073806078147505,0.0144717800289435,0.024602026049204,0.0361794500723588,0.0188133140376266,0.0173661360347322,0.0,0.0,0.0,0.0028943560057887,0.0028943560057887,0.0,0.0188133140376266,0.0130246020260492,0.0057887120115774,0.0028943560057887,0.0028943560057887,0.0,0.0,0.0,0.0,0.0072358900144717,0.0057887120115774,0.0014471780028943,0.0,0.0,0.0,0.008683068017366,0.004341534008683,0.004341534008683,262
2025-04-01,2025,4,0.7872968980797637,0.2274741506646972,0.5598227474150664,0.0177252584933529,0.0059084194977843,0.0118168389955686,0.0059084194977843,0.0,0.0059084194977843,0.0044313146233382,0.0,0.0044313146233382,0.0295420974889216,0.0147710487444608,0.0147710487444608,0.0324963072378138,0.0132939438700147,0.0192023633677991,0.0,0.0,0.0,0.0,0.0,0.0,0.0118168389955686,0.0044313146233382,0.0073855243722304,0.0339734121122599,0.0339734121122599,0.0,0.0059084194977843,0.0059084194977843,0.0,0.0457902511078285,0.0236336779911373,0.0221565731166912,0.0251107828655834,0.0103397341211226,0.0147710487444608,0.0,0.0,0.0,0.001477104874446,0.001477104874446,0.0,0.0073855243722303,0.0044313146233382,0.0029542097488921,0.0,0.0,0.0,0.001477104874446,0.0,0.001477104874446,0.002954209748892,0.001477104874446,0.001477104874446,0.001477104874446,0.0,0.001477104874446,0.0073855243722303,0.0044313146233382,0.0029542097488921,232
2025-05-01,2025,5,0.7713815789473684,0.2648026315789473,0.506578947368421,0.008223684210526199,0.0049342105263157,0.0032894736842105,0.0049342105263157,0.0016447368421052,0.0032894736842105,0.0,0.0,0.0,0.0411184210526315,0.0082236842105263,0.0328947368421052,0.0279605263157894,0.0197368421052631,0.0082236842105263,0.0,0.0,0.0,0.0016447368421052,0.0,0.0016447368421052,0.006578947368421,0.0,0.006578947368421,0.0394736842105263,0.0394736842105263,0.0,0.0131578947368421,0.0131578947368421,0.0,0.0624999999999999,0.0427631578947368,0.0197368421052631,0.024671052631578802,0.0098684210526315,0.0148026315789473,0.0,0.0,0.0,0.0032894736842105,0.0032894736842105,0.0,0.0065789473684209,0.0016447368421052,0.0049342105263157,0.0016447368421052,0.0016447368421052,0.0,0.0,0.0,0.0,0.0049342105263157,0.0032894736842105,0.0016447368421052,0.0,0.0,0.0,0.0032894736842104,0.0016447368421052,0.0016447368421052,244
2025-06-01,2025,6,0.7752403846153846,0.2475961538461538,0.5276442307692307,0.0108173076923076,0.0060096153846153,0.0048076923076923,0.0144230769230768,0.0024038461538461,0.0120192307692307,0.0024038461538461,0.0024038461538461,0.0,0.036057692307692304,0.0204326923076923,0.015625,0.0420673076923076,0.0276442307692307,0.0144230769230769,0.001201923076923,0.001201923076923,0.0,0.002403846153846,0.001201923076923,0.001201923076923,0.0072115384615384,0.0024038461538461,0.0048076923076923,0.0360576923076922,0.0348557692307692,0.001201923076923,0.0084134615384615,0.0084134615384615,0.0,0.0408653846153845,0.0228365384615384,0.0180288461538461,0.0120192307692307,0.0072115384615384,0.0048076923076923,0.0,0.0,0.0,0.0024038461538461,0.0024038461538461,0.0,0.015624999999999901,0.0120192307692307,0.0036057692307692,0.0096153846153846,0.0096153846153846,0.0,0.0,0.0,0.0,0.0036057692307692,0.0036057692307692,0.0,0.001201923076923,0.001201923076923,0.0,0.0084134615384615,0.0048076923076923,0.0036057692307692,333
2025-07-01,2025,7,0.7479861910241656,0.2566168009205984,0.4913693901035673,0.017261219792865302,0.0115074798619102,0.0057537399309551,0.0092059838895281,0.003452243958573,0.0057537399309551,0.0,0.0,0.0,0.0310701956271575,0.0184119677790563,0.0126582278481012,0.0276179516685844,0.0230149597238204,0.004602991944764,0.0,0.0,0.0,0.002301495972382,0.002301495972382,0.0,0.002301495972382,0.0,0.002301495972382,0.050632911392404896,0.0471806674338319,0.003452243958573,0.0080552359033371,0.0080552359033371,0.0,0.040276179516685696,0.0310701956271576,0.0092059838895281,0.019562715765247297,0.0092059838895281,0.0103567318757192,0.0,0.0,0.0,0.002301495972382,0.001150747986191,0.001150747986191,0.0069044879171461,0.0069044879171461,0.0,0.0069044879171461,0.0069044879171461,0.0,0.0,0.0,0.0,0.003452243958573,0.003452243958573,0.0,0.002301495972382,0.001150747986191,0.001150747986191,0.004602991944764,0.002301495972382,0.002301495972382,361
2025-08-01,2025,8,0.7573062261753494,0.2579415501905972,0.4993646759847522,0.0152477763659465,0.0114358322744599,0.0038119440914866,0.0025412960609911,0.0,0.0025412960609911,0.0012706480304955,0.0,0.0012706480304955,0.0444726810673442,0.0190597204574332,0.025412960609911,0.0228716645489198,0.0114358322744599,0.0114358322744599,0.0,0.0,0.0,0.0,0.0,0.0,0.010165184243964301,0.0038119440914866,0.0063532401524777,0.0813214739517153,0.0749682337992376,0.0063532401524777,0.0050825921219822,0.0050825921219822,0.0,0.030495552731893104,0.0165184243964421,0.013977128335451,0.025412960609910898,0.013977128335451,0.0114358322744599,0.0,0.0,0.0,0.0,0.0,0.0,0.0088945362134688,0.0076238881829733,0.0012706480304955,0.0025412960609911,0.0025412960609911,0.0,0.0025412960609911,0.0,0.0025412960609911,0.0025412960609911,0.0025412960609911,0.0,0.0,0.0,0.0,0.0050825921219821,0.0038119440914866,0.0012706480304955,333
2025-09-01,2025,9,0.6820083682008369,0.2719665271966527,0.4100418410041841,0.00836820083682,0.00697350069735,0.00139470013947,0.00418410041841,0.0,0.00418410041841,0.0,0.0,0.0,0.01673640167364,0.00697350069735,0.00976290097629,0.012552301255229999,0.00836820083682,0.00418410041841,0.0,0.0,0.0,0.00139470013947,0.00139470013947,0.0,0.00836820083682,0.0,0.00836820083682,0.1813110181311017,0.1715481171548117,0.00976290097629,0.0348675034867503,0.0348675034867503,0.0,0.0195258019525801,0.0153417015341701,0.00418410041841,0.012552301255230101,0.0111576011157601,0.00139470013947,0.0,0.0,0.0,0.00557880055788,0.00557880055788,0.0,0.00418410041841,0.00418410041841,0.0,0.00557880055788,0.00557880055788,0.0,0.0,0.0,0.0,0.00557880055788,0.00557880055788,0.0,0.0,0.0,0.0,0.00278940027894,0.00278940027894,0.0,390
2025-10-01,2025,10,0.7907608695652173,0.296195652173913,0.4945652173913043,0.013586956521739,0.0067934782608695,0.0067934782608695,0.0067934782608695,0.0013586956521739,0.0054347826086956,0.0,0.0,0.0,0.0230978260869565,0.0108695652173913,0.0122282608695652,0.027173913043478097,0.0176630434782608,0.0095108695652173,0.0,0.0,0.0,0.0,0.0,0.0,0.0135869565217391,0.0027173913043478,0.0108695652173913,0.0203804347826086,0.0203804347826086,0.0,0.0027173913043478,0.0027173913043478,0.0,0.0339673913043478,0.0122282608695652,0.0217391304347826,0.0122282608695651,0.0040760869565217,0.0081521739130434,0.0,0.0,0.0,0.0027173913043478,0.0027173913043478,0.0,0.0,0.0,0.0,0.0108695652173913,0.0108695652173913,0.0,0.0027173913043478,0.0013586956521739,0.0013586956521739,0.0027173913043478,0.0027173913043478,0.0,0.0,0.0,0.0,0.0095108695652173,0.0081521739130434,0.0013586956521739,288
2025-11-01,2025,11,0.6711309523809523,0.1949404761904762,0.4761904761904761,0.0089285714285714,0.0044642857142857,0.0044642857142857,0.0148809523809523,0.0059523809523809,0.0089285714285714,0.0,0.0,0.0,0.028273809523809403,0.0148809523809523,0.0133928571428571,0.0386904761904761,0.0282738095238095,0.0104166666666666,0.0014880952380952,0.0014880952380952,0.0,0.0,0.0,0.0,0.0044642857142856,0.0014880952380952,0.0029761904761904,0.0074404761904761,0.0059523809523809,0.0014880952380952,0.0029761904761904,0.0029761904761904,0.0,0.050595238095238,0.0342261904761904,0.0163690476190476,0.025297619047618902,0.0148809523809523,0.0104166666666666,0.0044642857142857,0.0044642857142857,0.0,0.0029761904761904,0.0014880952380952,0.0014880952380952,0.0044642857142857,0.0044642857142857,0.0,0.0089285714285714,0.0089285714285714,0.0,0.0014880952380952,0.0014880952380952,0.0,0.0029761904761904,0.0014880952380952,0.0014880952380952,0.0029761904761904,0.0014880952380952,0.0014880952380952,0.0044642857142856,0.0029761904761904,0.0014880952380952,213
2025-12-01,2025,12,0.1010498687664041,0.0157480314960629,0.0853018372703412,0.0013123359580052,0.0013123359580052,0.0,0.0026246719160104,0.0,0.0026246719160104,0.0,0.0,0.0,0.0039370078740157,0.0,0.0039370078740157,0.0039370078740156005,0.0026246719160104,0.0013123359580052,0.0,0.0,0.0,0.0,0.0,0.0,0.0039370078740157,0.0,0.0039370078740157,0.0,0.0,0.0,0.0,0.0,0.0,0.0039370078740156005,0.0013123359580052,0.0026246719160104,0.0104986876640418,0.0078740157480314,0.0026246719160104,0.0,0.0,0.0,0.0,0.0,0.0,0.0013123359580052,0.0013123359580052,0.0,0.0,0.0,0.0,0.0,0.0,0.0,0.0,0.0,0.0,0.0,0.0,0.0,0.0026246719160104,0.0,0.0026246719160104,23
2026-01-01,2026,1,0.029891304347825998,0.0040760869565217,0.0258152173913043,0.0,0.0,0.0,0.0027173913043478,0.0,0.0027173913043478,0.0,0.0,0.0,0.0054347826086956,0.0,0.0054347826086956,0.0,0.0,0.0,0.0,0.0,0.0,0.0,0.0,0.0,0.0,0.0,0.0,0.0,0.0,0.0,0.0,0.0,0.0,0.0054347826086956,0.0013586956521739,0.0040760869565217,0.0013586956521739,0.0,0.0013586956521739,0.0013586956521739,0.0,0.0013586956521739,0.0,0.0,0.0,0.0,0.0,0.0,0.0,0.0,0.0,0.0,0.0,0.0,0.0027173913043478,0.0027173913043478,0.0,0.0,0.0,0.0,0.0013586956521739,0.0,0.0013586956521739,6
2026-02-01,2026,2,0.0242587601078166,0.0107816711590296,0.013477088948787,0.0,0.0,0.0,0.0026954177897574,0.0026954177897574,0.0,0.0,0.0,0.0,0.0013477088948787,0.0013477088948787,0.0,0.0040431266846361,0.0040431266846361,0.0,0.0,0.0,0.0,0.0,0.0,0.0,0.0013477088948787,0.0,0.0013477088948787,0.0,0.0,0.0,0.0,0.0,0.0,0.0040431266846361,0.0013477088948787,0.0026954177897574,0.0,0.0,0.0,0.0,0.0,0.0,0.0,0.0,0.0,0.0013477088948787,0.0013477088948787,0.0,0.0013477088948787,0.0013477088948787,0.0,0.0,0.0,0.0,0.0,0.0,0.0,0.0,0.0,0.0,0.0,0.0,0.0,15
2026-03-01,2026,3,0.084076433121019,0.0254777070063694,0.0585987261146496,0.0025477707006369,0.0,0.0025477707006369,0.0012738853503184,0.0012738853503184,0.0,0.0,0.0,0.0,0.0089171974522292,0.0012738853503184,0.0076433121019108,0.0063694267515923,0.0038216560509554,0.0025477707006369,0.0,0.0,0.0,0.0,0.0,0.0,0.0012738853503184,0.0,0.0012738853503184,0.0025477707006369,0.0025477707006369,0.0,0.0,0.0,0.0,0.0152866242038215,0.0063694267515923,0.0089171974522292,0.0025477707006369,0.0,0.0025477707006369,0.0,0.0,0.0,0.0,0.0,0.0,0.0,0.0,0.0,0.0012738853503184,0.0012738853503184,0.0,0.0,0.0,0.0,0.0,0.0,0.0,0.0,0.0,0.0,0.0,0.0,0.0,30
2026-04-01,2026,4,0.1104565537555227,0.0338733431516936,0.0765832106038291,0.0029455081001472,0.0029455081001472,0.0,0.0073637702503681,0.0044182621502209,0.0029455081001472,0.0,0.0,0.0,0.0029455081001472,0.0014727540500736,0.0014727540500736,0.0044182621502209,0.0044182621502209,0.0,0.0,0.0,0.0,0.0014727540500736,0.0,0.0014727540500736,0.0,0.0,0.0,0.0014727540500736,0.0014727540500736,0.0,0.0014727540500736,0.0014727540500736,0.0,0.0103092783505154,0.0044182621502209,0.0058910162002945,0.0029455081001472,0.0029455081001472,0.0,0.0,0.0,0.0,0.0014727540500736,0.0,0.0014727540500736,0.0,0.0,0.0,0.0014727540500736,0.0014727540500736,0.0,0.0,0.0,0.0,0.0,0.0,0.0,0.0,0.0,0.0,0.0,0.0,0.0,38
2026-05-01,2026,5,,,,,,,,,,,,,,,,,,,,,,,,,,,,,,,,,,,,,,,,,,,,,,,,,,,,,,,,,,,,,,,,0
