date,year,month,-999Norm,cr_-999Norm,nr_-999Norm,activismNorm,cr_activismNorm,nr_activismNorm,arrestNorm,cr_arrestNorm,nr_arrestNorm,censorNorm,cr_censorNorm,nr_censorNorm,cooperateNorm,cr_cooperateNorm,nr_cooperateNorm,corruptionNorm,cr_corruptionNorm,nr_corruptionNorm,coupNorm,cr_coupNorm,nr_coupNorm,defamationcaseNorm,cr_defamationcaseNorm,nr_defamationcaseNorm,disasterNorm,cr_disasterNorm,nr_disasterNorm,electionactivityNorm,cr_electionactivityNorm,nr_electionactivityNorm,electionirregularitiesNorm,cr_electionirregularitiesNorm,nr_electionirregularitiesNorm,legalactionNorm,cr_legalactionNorm,nr_legalactionNorm,legalchangeNorm,cr_legalchangeNorm,nr_legalchangeNorm,martiallawNorm,cr_martiallawNorm,nr_martiallawNorm,mobilizesecurityNorm,cr_mobilizesecurityNorm,nr_mobilizesecurityNorm,protestNorm,cr_protestNorm,nr_protestNorm,purgeNorm,cr_purgeNorm,nr_purgeNorm,raidNorm,cr_raidNorm,nr_raidNorm,threatenNorm,cr_threatenNorm,nr_threatenNorm,violencelethalNorm,cr_violencelethalNorm,nr_violencelethalNorm,violencenonlethalNorm,cr_violencenonlethalNorm,nr_violencenonlethalNorm,total_articles
2012-01-01,2012,1,0.7430167597765363,0.2793296089385474,0.4636871508379888,0.0,0.0,0.0,0.0,0.0,0.0,0.0,0.0,0.0,0.0111731843575419,0.0111731843575419,0.0,0.0111731843575419,0.0111731843575419,0.0,0.0,0.0,0.0,0.0,0.0,0.0,0.0167597765363128,0.0055865921787709,0.0111731843575419,0.0614525139664804,0.0614525139664804,0.0,0.0,0.0,0.0,0.0055865921787709,0.0055865921787709,0.0,0.0055865921787709,0.0,0.0055865921787709,0.0,0.0,0.0,0.0111731843575419,0.0111731843575419,0.0,0.0055865921787709,0.0055865921787709,0.0,0.0055865921787709,0.0,0.0055865921787709,0.0,0.0,0.0,0.0111731843575419,0.0111731843575419,0.0,0.0279329608938547,0.0279329608938547,0.0,0.0726256983240223,0.0726256983240223,0.0,90
2012-02-01,2012,2,0.7653846153846153,0.2807692307692307,0.4846153846153846,0.0,0.0,0.0,0.0038461538461538,0.0,0.0038461538461538,0.0,0.0,0.0,0.0269230769230768,0.0192307692307692,0.0076923076923076,0.0076923076923076,0.0076923076923076,0.0,0.0076923076923076,0.0076923076923076,0.0,0.0,0.0,0.0,0.0115384615384614,0.0076923076923076,0.0038461538461538,0.0307692307692307,0.0307692307692307,0.0,0.0076923076923076,0.0076923076923076,0.0,0.0076923076923076,0.0038461538461538,0.0038461538461538,0.0076923076923076,0.0,0.0076923076923076,0.0,0.0,0.0,0.0115384615384615,0.0115384615384615,0.0,0.0076923076923076,0.0076923076923076,0.0,0.0,0.0,0.0,0.0,0.0,0.0,0.0,0.0,0.0,0.0307692307692307,0.0307692307692307,0.0,0.073076923076923,0.073076923076923,0.0,127
2012-03-01,2012,3,0.6047619047619047,0.346031746031746,0.2587301587301587,0.0,0.0,0.0,0.007936507936507799,0.0063492063492063,0.0015873015873015,0.0015873015873015,0.0015873015873015,0.0,0.0222222222222222,0.0222222222222222,0.0,0.003174603174603,0.0015873015873015,0.0015873015873015,0.146031746031746,0.146031746031746,0.0,0.0,0.0,0.0,0.0015873015873015,0.0015873015873015,0.0,0.0492063492063491,0.046031746031746,0.0031746031746031,0.0047619047619047,0.0047619047619047,0.0,0.0063492063492062,0.0015873015873015,0.0047619047619047,0.0095238095238095,0.0095238095238095,0.0,0.0015873015873015,0.0,0.0015873015873015,0.0047619047619047,0.0047619047619047,0.0,0.0285714285714285,0.0238095238095238,0.0047619047619047,0.0079365079365079,0.0079365079365079,0.0,0.0015873015873015,0.0,0.0015873015873015,0.0095238095238094,0.0079365079365079,0.0015873015873015,0.0063492063492063,0.0063492063492063,0.0,0.0761904761904761,0.0714285714285714,0.0047619047619047,447
2012-04-01,2012,4,0.7666666666666666,0.5380952380952381,0.2285714285714285,0.0011904761904761,0.0011904761904761,0.0,0.0226190476190475,0.0172619047619047,0.0053571428571428,0.0,0.0,0.0,0.042857142857142705,0.0422619047619047,0.000595238095238,0.005952380952380799,0.0047619047619047,0.0011904761904761,0.0214285714285713,0.0208333333333333,0.000595238095238,0.000595238095238,0.000595238095238,0.0,0.0017857142857142,0.0017857142857142,0.0,0.0119047619047618,0.0107142857142857,0.0011904761904761,0.0011904761904761,0.0011904761904761,0.0,0.0089285714285713,0.0083333333333333,0.000595238095238,0.0041666666666665,0.0035714285714285,0.000595238095238,0.000595238095238,0.000595238095238,0.0,0.0154761904761903,0.0142857142857142,0.0011904761904761,0.0077380952380951004,0.0071428571428571,0.000595238095238,0.0124999999999999,0.0119047619047619,0.000595238095238,0.000595238095238,0.0,0.000595238095238,0.0095238095238095,0.0095238095238095,0.0,0.0065476190476188995,0.0053571428571428,0.0011904761904761,0.0553571428571428,0.0494047619047619,0.0059523809523809,1257
2012-05-01,2012,5,0.7740906190172303,0.4607530312699425,0.3133375877472878,0.0044671346522016,0.0044671346522016,0.0,0.0102105934907466,0.0070197830248883,0.0031908104658583,0.0019144862795149,0.0019144862795149,0.0,0.0319081046585832,0.0293554562858966,0.0025526483726866,0.0019144862795149001,0.0006381620931716,0.0012763241863433,0.0229738353541799,0.0229738353541799,0.0,0.0006381620931716,0.0006381620931716,0.0,0.0031908104658583,0.0031908104658583,0.0,0.0051052967453733,0.0051052967453733,0.0,0.0019144862795149001,0.0006381620931716,0.0012763241863433,0.008934269304403199,0.0070197830248883,0.0019144862795149,0.0063816209317166,0.0051052967453733,0.0012763241863433,0.0006381620931716,0.0006381620931716,0.0,0.0153158902361199,0.0153158902361199,0.0,0.0134014039566049,0.0121250797702616,0.0012763241863433,0.0051052967453732,0.0044671346522016,0.0006381620931716,0.0019144862795149,0.0019144862795149,0.0,0.0063816209317165,0.0057434588385449,0.0006381620931716,0.0236119974473516,0.0236119974473516,0.0,0.0587109125717931,0.0472239948947032,0.0114869176770899,1033
2012-06-01,2012,6,0.7681415929203539,0.4230088495575221,0.3451327433628318,0.0035398230088495,0.0035398230088495,0.0,0.0097345132743361,0.0088495575221238,0.0008849557522123,0.004424778761061799,0.0035398230088495,0.0008849557522123,0.0442477876106193,0.0353982300884955,0.0088495575221238,0.0053097345132743,0.0053097345132743,0.0,0.0035398230088495,0.0035398230088495,0.0,0.0,0.0,0.0,0.0106194690265485,0.0088495575221238,0.0017699115044247,0.0079646017699114,0.0061946902654867,0.0017699115044247,0.0,0.0,0.0,0.015929203539822898,0.0106194690265486,0.0053097345132743,0.0053097345132742,0.0044247787610619,0.0008849557522123,0.0008849557522123,0.0008849557522123,0.0,0.0230088495575221,0.0230088495575221,0.0,0.011504424778761,0.011504424778761,0.0,0.0061946902654867,0.0061946902654867,0.0,0.0008849557522123,0.0008849557522123,0.0,0.0026548672566371,0.0026548672566371,0.0,0.0221238938053096,0.0212389380530973,0.0008849557522123,0.0522123893805309,0.0486725663716814,0.0035398230088495,709
2012-07-01,2012,7,0.7984330484330484,0.4807692307692308,0.3176638176638177,0.0028490028490028,0.0028490028490028,0.0,0.0078347578347578,0.0078347578347578,0.0,0.0021367521367521,0.0014245014245014,0.0007122507122507,0.0349002849002848,0.0313390313390313,0.0035612535612535,0.0028490028490028,0.0021367521367521,0.0007122507122507,0.0028490028490028,0.0028490028490028,0.0,0.0,0.0,0.0,0.0106837606837606,0.0042735042735042,0.0064102564102564,0.0049857549857549,0.0035612535612535,0.0014245014245014,0.0,0.0,0.0,0.012108262108262,0.0099715099715099,0.0021367521367521,0.0021367521367521,0.0014245014245014,0.0007122507122507,0.0,0.0,0.0,0.012820512820512699,0.0113960113960113,0.0014245014245014,0.0156695156695156,0.0149572649572649,0.0007122507122507,0.0113960113960113,0.0113960113960113,0.0,0.0,0.0,0.0,0.0028490028490028,0.0028490028490028,0.0,0.0042735042735042,0.0035612535612535,0.0007122507122507,0.0705128205128204,0.0591168091168091,0.0113960113960113,915
2012-08-01,2012,8,0.7922077922077921,0.4285714285714285,0.3636363636363636,0.001082251082251,0.001082251082251,0.0,0.014069264069263999,0.0108225108225108,0.0032467532467532,0.0032467532467531,0.0021645021645021,0.001082251082251,0.0562770562770562,0.0519480519480519,0.0043290043290043,0.0021645021645021,0.0021645021645021,0.0,0.001082251082251,0.001082251082251,0.0,0.0,0.0,0.0,0.0162337662337661,0.0064935064935064,0.0097402597402597,0.0043290043290043,0.0043290043290043,0.0,0.0,0.0,0.0,0.015151515151515,0.0129870129870129,0.0021645021645021,0.0108225108225108,0.0108225108225108,0.0,0.0,0.0,0.0,0.0086580086580086,0.0086580086580086,0.0,0.0140692640692639,0.0129870129870129,0.001082251082251,0.0054112554112553,0.0032467532467532,0.0021645021645021,0.001082251082251,0.001082251082251,0.0,0.0086580086580085,0.0064935064935064,0.0021645021645021,0.007575757575757401,0.0064935064935064,0.001082251082251,0.0357142857142857,0.0303030303030303,0.0054112554112554,556
2012-09-01,2012,9,0.8174178762414056,0.4675324675324675,0.3498854087089381,0.0,0.0,0.0,0.010695187165775298,0.0084033613445378,0.0022918258212375,0.001527883880825,0.001527883880825,0.0,0.0351413292589762,0.0282658517952635,0.0068754774637127,0.00305576776165,0.0022918258212375,0.0007639419404125,0.0030557677616501,0.0030557677616501,0.0,0.0,0.0,0.0,0.0106951871657753,0.0045836516424751,0.0061115355233002,0.0084033613445377,0.0076394194041252,0.0007639419404125,0.0,0.0,0.0,0.0114591291061879,0.0053475935828877,0.0061115355233002,0.001527883880825,0.0007639419404125,0.0007639419404125,0.0007639419404125,0.0007639419404125,0.0,0.0198624904507256,0.0175706646294881,0.0022918258212375,0.0061115355233002,0.0061115355233002,0.0,0.0038197097020626,0.0038197097020626,0.0,0.0,0.0,0.0,0.0068754774637127,0.0068754774637127,0.0,0.0259740259740258,0.0236822001527883,0.0022918258212375,0.0328495034377387,0.027501909854851,0.0053475935828877,805
2012-10-01,2012,10,0.8271186440677967,0.4711864406779661,0.3559322033898305,0.0011299435028248,0.0005649717514124,0.0005649717514124,0.0056497175141242,0.0022598870056497,0.0033898305084745,0.0011299435028248,0.0011299435028248,0.0,0.0451977401129943,0.0412429378531073,0.003954802259887,0.0050847457627118,0.003954802259887,0.0011299435028248,0.0022598870056497,0.0022598870056497,0.0,0.0,0.0,0.0,0.0028248587570621,0.0022598870056497,0.0005649717514124,0.0112994350282485,0.0112994350282485,0.0,0.0045197740112994,0.0045197740112994,0.0,0.0079096045197739,0.0050847457627118,0.0028248587570621,0.0084745762711863,0.0056497175141242,0.0028248587570621,0.0,0.0,0.0,0.0209039548022598,0.0209039548022598,0.0,0.020903954802259803,0.0186440677966101,0.0022598870056497,0.0039548022598869,0.0033898305084745,0.0005649717514124,0.0005649717514124,0.0005649717514124,0.0,0.0056497175141242,0.0050847457627118,0.0005649717514124,0.0084745762711863,0.0073446327683615,0.0011299435028248,0.0175141242937852,0.0163841807909604,0.0011299435028248,1102
2012-11-01,2012,11,0.7980456026058632,0.4273615635179153,0.3706840390879479,0.0013029315960912,0.0013029315960912,0.0,0.014983713355048799,0.0091205211726384,0.0058631921824104,0.0013029315960912,0.0,0.0013029315960912,0.0508143322475569,0.0403908794788273,0.0104234527687296,0.006514657980456,0.0052117263843648,0.0013029315960912,0.0013029315960912,0.0013029315960912,0.0,0.0,0.0,0.0,0.0026058631921824,0.0013029315960912,0.0013029315960912,0.014983713355048799,0.0136807817589576,0.0013029315960912,0.0026058631921824,0.0026058631921824,0.0,0.0149837133550488,0.0123778501628664,0.0026058631921824,0.0039087947882736,0.003257328990228,0.0006514657980456,0.0,0.0,0.0,0.0182410423452768,0.0175895765472312,0.0006514657980456,0.0110749185667752,0.0071661237785016,0.0039087947882736,0.0058631921824104,0.0058631921824104,0.0,0.0006514657980456,0.0006514657980456,0.0,0.0045602605863192,0.0045602605863192,0.0,0.0065146579804559995,0.0058631921824104,0.0006514657980456,0.0403908794788273,0.0338762214983713,0.006514657980456,910
2012-12-01,2012,12,0.7579062159214831,0.4830970556161396,0.2748091603053435,0.0010905125408942,0.0010905125408942,0.0,0.0163576881134132,0.0141766630316248,0.0021810250817884,0.0,0.0,0.0,0.0425299890948745,0.0338058887677208,0.0087241003271537,0.0021810250817884,0.0021810250817884,0.0,0.0087241003271537,0.0087241003271537,0.0,0.0,0.0,0.0,0.0043620501635768,0.0010905125408942,0.0032715376226826,0.0065430752453653,0.0054525627044711,0.0010905125408942,0.0,0.0,0.0,0.0207197382769901,0.0185387131952017,0.0021810250817884,0.005452562704471,0.0021810250817884,0.0032715376226826,0.0032715376226826,0.0032715376226826,0.0,0.0305343511450381,0.0294438386041439,0.0010905125408942,0.0087241003271537,0.0054525627044711,0.0032715376226826,0.034896401308615,0.0338058887677208,0.0010905125408942,0.0,0.0,0.0,0.0076335877862595,0.0065430752453653,0.0010905125408942,0.0021810250817884,0.0021810250817884,0.0,0.0436205016357687,0.0359869138495092,0.0076335877862595,630
2013-01-01,2013,1,0.6982078853046594,0.4437275985663082,0.2544802867383512,0.0019115890083632,0.0019115890083632,0.0,0.004778972520908,0.0038231780167264,0.0009557945041816,0.0002389486260454,0.0002389486260454,0.0,0.031063321385902,0.0281959378733572,0.0028673835125448,0.003584229390681,0.0033452807646356,0.0002389486260454,0.0009557945041816,0.0009557945041816,0.0,0.0,0.0,0.0,0.0033452807646356,0.0014336917562724,0.0019115890083632,0.004778972520907999,0.0045400238948626,0.0002389486260454,0.0004778972520908,0.0004778972520908,0.0,0.0052568697729987995,0.0045400238948626,0.0007168458781362,0.0014336917562724001,0.0009557945041816,0.0004778972520908,0.0064516129032258,0.0064516129032258,0.0,0.1017921146953405,0.0996415770609319,0.0021505376344086,0.0109916367980884,0.0081242532855436,0.0028673835125448,0.0009557945041816,0.0009557945041816,0.0,0.0033452807646356,0.0031063321385902,0.0002389486260454,0.0040621266427718,0.0038231780167264,0.0002389486260454,0.0236559139784946,0.0222222222222222,0.0014336917562724,0.0826762246117084,0.0790919952210274,0.003584229390681,3001
2013-02-01,2013,2,0.6943830163644404,0.4148606811145511,0.2795223352498894,0.0026536930561698,0.0022114108801415,0.0004422821760283,0.0238832375055284,0.0185758513931888,0.0053073861123396,0.0008845643520566,0.0008845643520566,0.0,0.0168067226890756,0.0150375939849624,0.0017691287041132,0.0008845643520566,0.0008845643520566,0.0,0.0008845643520566,0.0008845643520566,0.0,0.0,0.0,0.0,0.010172490048651,0.0075187969924812,0.0026536930561698,0.0119416187527642,0.0119416187527642,0.0,0.0,0.0,0.0,0.0092879256965943,0.0066342326404245,0.0026536930561698,0.0035382574082264,0.0013268465280849,0.0022114108801415,0.0,0.0,0.0,0.0561698363555948,0.0544007076514816,0.0017691287041132,0.0004422821760283,0.0,0.0004422821760283,0.0008845643520566,0.0004422821760283,0.0004422821760283,0.0026536930561698,0.0022114108801415,0.0004422821760283,0.0026536930561698,0.0022114108801415,0.0004422821760283,0.062361786819991105,0.059265811587793,0.0030959752321981,0.095532950022114,0.091110128261831,0.004422821760283,1559
2013-03-01,2013,3,0.6819672131147541,0.3983606557377049,0.2836065573770492,0.0010928961748633,0.0010928961748633,0.0,0.028415300546448,0.0251366120218579,0.0032786885245901,0.0021857923497267,0.0021857923497267,0.0,0.0174863387978141,0.0158469945355191,0.001639344262295,0.001639344262295,0.0,0.001639344262295,0.001639344262295,0.001639344262295,0.0,0.0,0.0,0.0,0.0054644808743168,0.0032786885245901,0.0021857923497267,0.0327868852459015,0.0322404371584699,0.0005464480874316,0.001639344262295,0.001639344262295,0.0,0.014754098360655601,0.0136612021857923,0.0010928961748633,0.0027322404371583,0.001639344262295,0.0010928961748633,0.0005464480874316,0.0,0.0005464480874316,0.0306010928961747,0.0295081967213114,0.0010928961748633,0.0049180327868852,0.0049180327868852,0.0,0.0054644808743168,0.0043715846994535,0.0010928961748633,0.0,0.0,0.0,0.00327868852459,0.0021857923497267,0.0010928961748633,0.1207650273224043,0.1131147540983606,0.0076502732240437,0.0404371584699453,0.0360655737704918,0.0043715846994535,1257
2013-04-01,2013,4,0.7300962379702537,0.4063867016622922,0.3237095363079615,0.0030621172353455,0.0030621172353455,0.0,0.0166229221347331,0.0126859142607174,0.0039370078740157,0.0,0.0,0.0,0.017935258092738302,0.0157480314960629,0.0021872265966754,0.0034995625546805,0.0026246719160104,0.0008748906386701,0.0008748906386701,0.0008748906386701,0.0,0.0,0.0,0.0,0.0061242344706911,0.0017497812773403,0.0043744531933508,0.07261592300962369,0.0708661417322834,0.0017497812773403,0.0043744531933508,0.0043744531933508,0.0,0.0183727034120734,0.0122484689413823,0.0061242344706911,0.0030621172353454003,0.0026246719160104,0.000437445319335,0.0048118985126858,0.0043744531933508,0.000437445319335,0.0511811023622046,0.0503062117235345,0.0008748906386701,0.0043744531933507,0.0026246719160104,0.0017497812773403,0.0052493438320209,0.0048118985126859,0.000437445319335,0.000437445319335,0.000437445319335,0.0,0.0043744531933507,0.0030621172353455,0.0013123359580052,0.0253718285214347,0.0249343832020997,0.000437445319335,0.025809273840769798,0.0240594925634295,0.0017497812773403,1481
2013-05-01,2013,5,0.7312588401697312,0.4222065063649222,0.309052333804809,0.0035360678925035,0.0035360678925035,0.0,0.0127298444130126,0.0091937765205091,0.0035360678925035,0.0,0.0,0.0,0.043140028288543006,0.0374823196605374,0.0056577086280056,0.0056577086280056,0.0049504950495049,0.0007072135785007,0.0,0.0,0.0,0.0,0.0,0.0,0.007072135785007,0.0035360678925035,0.0035360678925035,0.0813295615275813,0.0785007072135785,0.0028288543140028,0.0021216407355021,0.0021216407355021,0.0,0.012729844413012701,0.0113154172560113,0.0014144271570014,0.0099009900990098,0.0063649222065063,0.0035360678925035,0.0014144271570014,0.0007072135785007,0.0007072135785007,0.0261669024045261,0.0261669024045261,0.0,0.0028288543140028,0.0028288543140028,0.0,0.0014144271570014,0.0007072135785007,0.0007072135785007,0.0007072135785007,0.0,0.0007072135785007,0.0028288543140028,0.0028288543140028,0.0,0.0247524752475247,0.024045261669024,0.0007072135785007,0.0289957567185289,0.0275813295615275,0.0014144271570014,938
2013-06-01,2013,6,0.6598360655737705,0.3877049180327869,0.2721311475409836,0.0032786885245901,0.0032786885245901,0.0,0.0098360655737704,0.0081967213114754,0.001639344262295,0.0008196721311475,0.0008196721311475,0.0,0.1172131147540983,0.1,0.0172131147540983,0.0040983606557377,0.0040983606557377,0.0,0.0,0.0,0.0,0.0,0.0,0.0,0.0008196721311475,0.0008196721311475,0.0,0.0778688524590163,0.0745901639344262,0.0032786885245901,0.0081967213114754,0.0081967213114754,0.0,0.0049180327868851,0.0032786885245901,0.001639344262295,0.008196721311475301,0.0065573770491803,0.001639344262295,0.0040983606557377,0.0040983606557377,0.0,0.030327868852459,0.030327868852459,0.0,0.0049180327868851,0.0032786885245901,0.001639344262295,0.0057377049180327,0.0057377049180327,0.0,0.0024590163934425,0.0008196721311475,0.001639344262295,0.0057377049180327,0.0057377049180327,0.0,0.0180327868852458,0.0172131147540983,0.0008196721311475,0.0311475409836064,0.0295081967213114,0.001639344262295,846
2013-07-01,2013,7,0.6129343629343629,0.3363899613899614,0.2765444015444015,0.0033783783783783,0.0019305019305019,0.0014478764478764,0.0033783783783783,0.0019305019305019,0.0014478764478764,0.0,0.0,0.0,0.0159266409266408,0.0139961389961389,0.0019305019305019,0.0053088803088802,0.0043436293436293,0.0009652509652509,0.0028957528957528,0.0028957528957528,0.0,0.0004826254826254,0.0,0.0004826254826254,0.0019305019305019,0.0019305019305019,0.0,0.23503861003860987,0.2263513513513513,0.0086872586872586,0.0197876447876447,0.0197876447876447,0.0,0.0057915057915057,0.0043436293436293,0.0014478764478764,0.0038610038610037,0.0028957528957528,0.0009652509652509,0.0057915057915057,0.0057915057915057,0.0,0.026061776061775902,0.025096525096525,0.0009652509652509,0.0091698841698841,0.0048262548262548,0.0043436293436293,0.0038610038610037,0.0033783783783783,0.0004826254826254,0.0,0.0,0.0,0.0024131274131273,0.0019305019305019,0.0004826254826254,0.019787644787644602,0.0139961389961389,0.0057915057915057,0.0202702702702702,0.0188223938223938,0.0014478764478764,1431
2013-08-01,2013,8,0.6571268237934904,0.3608305274971942,0.2962962962962963,0.0022446689113354,0.0016835016835016,0.0005611672278338,0.011223344556677799,0.0078563411896745,0.0033670033670033,0.0,0.0,0.0,0.012906846240179501,0.0101010101010101,0.0028058361391694,0.0061728395061726995,0.005050505050505,0.0011223344556677,0.0005611672278338,0.0005611672278338,0.0,0.0,0.0,0.0,0.0185185185185184,0.0106621773288439,0.0078563411896745,0.2261503928170594,0.2188552188552188,0.0072951739618406,0.015712682379348898,0.0151515151515151,0.0005611672278338,0.0033670033670032,0.0022446689113355,0.0011223344556677,0.0056116722783388,0.0033670033670033,0.0022446689113355,0.0,0.0,0.0,0.012345679012345501,0.0112233445566778,0.0011223344556677,0.0050505050505049,0.0033670033670033,0.0016835016835016,0.004489337822671,0.0039281705948372,0.0005611672278338,0.0,0.0,0.0,0.0056116722783388,0.0033670033670033,0.0022446689113355,0.0061728395061726995,0.005050505050505,0.0011223344556677,0.0061728395061727,0.0056116722783389,0.0005611672278338,1190
2013-09-01,2013,9,0.8082376772451045,0.4692775151924375,0.3389601620526671,0.0020256583389601,0.0013504388926401,0.00067521944632,0.0067521944632004,0.0047265361242403,0.0020256583389601,0.0,0.0,0.0,0.0283592167454422,0.0243079000675219,0.0040513166779203,0.0081026333558405,0.0074274139095205,0.00067521944632,0.0020256583389601,0.0020256583389601,0.0,0.0,0.0,0.0,0.019581363943281402,0.0074274139095205,0.0121539500337609,0.0216070222822417,0.0216070222822417,0.0,0.00067521944632,0.00067521944632,0.0,0.0121539500337608,0.0074274139095205,0.0047265361242403,0.0033760972316002,0.00067521944632,0.0027008777852802,0.0,0.0,0.0,0.0108035111411208,0.0108035111411208,0.0,0.0054017555705604,0.0040513166779203,0.0013504388926401,0.0067521944632005,0.0054017555705604,0.0013504388926401,0.00067521944632,0.0,0.00067521944632,0.0033760972316002,0.0027008777852802,0.00067521944632,0.0189061444969615,0.0189061444969615,0.0,0.0405131667792032,0.0351114112086428,0.0054017555705604,923
2013-10-01,2013,10,0.7523570081709616,0.3783783783783784,0.3739786297925833,0.0018856065367692,0.0012570710245128,0.0006285355122564,0.0119421747328723,0.0087994971715901,0.0031426775612822,0.0,0.0,0.0,0.028284098051539797,0.021370207416719,0.0069138906348208,0.0037712130735386,0.0037712130735386,0.0,0.004399748585795,0.004399748585795,0.0,0.0,0.0,0.0,0.0175989943431803,0.0031426775612822,0.0144563167818981,0.055311125078566795,0.0527969830295411,0.0025141420490257,0.0025141420490257,0.0025141420490257,0.0,0.0213702074167189,0.0175989943431803,0.0037712130735386,0.0069138906348207,0.0025141420490257,0.004399748585795,0.0,0.0,0.0,0.0188560653676932,0.0182275298554368,0.0006285355122564,0.0037712130735386,0.0037712130735386,0.0,0.0069138906348208,0.0062853551225644,0.0006285355122564,0.0006285355122564,0.0,0.0006285355122564,0.0006285355122564,0.0006285355122564,0.0,0.0270270270270269,0.0232558139534883,0.0037712130735386,0.0351979886863607,0.0339409176618479,0.0012570710245128,927
2013-11-01,2013,11,0.6689847009735743,0.3412146499768196,0.3277700509967547,0.0018544274455261,0.0018544274455261,0.0,0.0190078813166434,0.0139082058414464,0.005099675475197,0.0,0.0,0.0,0.0157626332869725,0.0139082058414464,0.0018544274455261,0.0088085303662493,0.0064904960593416,0.0023180343069077,0.0027816411682892,0.0027816411682892,0.0,0.0,0.0,0.0,0.001854427445526,0.000927213722763,0.000927213722763,0.0936485859990727,0.0857672693555864,0.0078813166434863,0.0055632823365785,0.0055632823365785,0.0,0.0282800185442743,0.0190078813166434,0.0092721372276309,0.0106629578117755,0.0041724617524339,0.0064904960593416,0.0,0.0,0.0,0.017617060732498697,0.0166898470097357,0.000927213722763,0.0180806675938803,0.0148354195642095,0.0032452480296708,0.0041724617524338,0.0037088548910523,0.0004636068613815,0.0004636068613815,0.0004636068613815,0.0,0.0027816411682892,0.0023180343069077,0.0004636068613815,0.0718590635141399,0.0653685674547983,0.0064904960593416,0.0282800185442744,0.0241075567918405,0.0041724617524339,1340
2013-12-01,2013,12,0.7046289493019837,0.3056576047024247,0.3989713445995591,0.002939015429831,0.002939015429831,0.0,0.0220426157237325,0.0161645848640705,0.005878030859662,0.0,0.0,0.0,0.016899338721528198,0.0102865540044085,0.0066127847171197,0.0154298310066127,0.0154298310066127,0.0,0.0029390154298308997,0.0022042615723732,0.0007347538574577,0.0,0.0,0.0,0.0044085231447464,0.0007347538574577,0.0036737692872887,0.08449669360764141,0.0800881704628949,0.0044085231447465,0.0044085231447465,0.0044085231447465,0.0,0.0345334313005142,0.026451138868479,0.0080822924320352,0.0088170462894929,0.0066127847171197,0.0022042615723732,0.0,0.0,0.0,0.008817046289493,0.008817046289493,0.0,0.013225569434239498,0.008817046289493,0.0044085231447465,0.0044085231447464,0.0036737692872887,0.0007347538574577,0.0,0.0,0.0,0.0022042615723732,0.0007347538574577,0.0014695077149155,0.0529022777369581,0.0470242468772961,0.005878030859662,0.020573108008816902,0.0168993387215282,0.0036737692872887,752
2014-01-01,2014,1,0.8183015141540486,0.3936800526662278,0.4246214614878209,0.0013166556945358,0.0,0.0013166556945358,0.009216589861751,0.0065832784726793,0.0026333113890717,0.0,0.0,0.0,0.026333113890717498,0.0223831468071099,0.0039499670836076,0.0230414746543777,0.0197498354180381,0.0032916392363396,0.0006583278472679,0.0006583278472679,0.0,0.0,0.0,0.0,0.0059249506254113,0.0013166556945358,0.0046082949308755,0.0276497695852534,0.0276497695852534,0.0,0.0013166556945358,0.0013166556945358,0.0,0.0236998025016458,0.0151415404871626,0.0085582620144832,0.009874917709019,0.0072416063199473,0.0026333113890717,0.0,0.0,0.0,0.010533245556287,0.010533245556287,0.0,0.009874917709019,0.0052666227781435,0.0046082949308755,0.0118499012508228,0.010533245556287,0.0013166556945358,0.0,0.0,0.0,0.0019749835418038,0.0019749835418038,0.0,0.0059249506254114,0.0059249506254114,0.0,0.0184331797235022,0.0144832126398946,0.0039499670836076,817
2014-02-01,2014,2,0.8103161397670549,0.4176372712146423,0.3926788685524126,0.0008319467554076,0.0008319467554076,0.0,0.0074875207986688005,0.0041597337770382,0.0033277870216306,0.0,0.0,0.0,0.059068219633943396,0.0540765391014975,0.0049916805324459,0.0074875207986688005,0.0058236272878535,0.0016638935108153,0.0008319467554076,0.0008319467554076,0.0,0.0,0.0,0.0,0.0033277870216306,0.0016638935108153,0.0016638935108153,0.0116472545757071,0.0116472545757071,0.0,0.0024958402662229,0.0024958402662229,0.0,0.0133111480865224,0.0108153078202995,0.0024958402662229,0.0033277870216306,0.0033277870216306,0.0,0.0,0.0,0.0,0.0083194675540765,0.0066555740432612,0.0016638935108153,0.0108153078202994,0.0033277870216306,0.0074875207986688,0.0099833610648918,0.0083194675540765,0.0016638935108153,0.0,0.0,0.0,0.0024958402662229,0.0024958402662229,0.0,0.0199667221297836,0.019134775374376,0.0008319467554076,0.029118136439267802,0.0266222961730449,0.0024958402662229,696
2014-03-01,2014,3,0.8066914498141262,0.345724907063197,0.4609665427509293,0.0009293680297397,0.0009293680297397,0.0,0.012081784386617,0.0065055762081784,0.0055762081784386,0.0,0.0,0.0,0.0343866171003716,0.0297397769516728,0.0046468401486988,0.0111524163568773,0.0074349442379182,0.0037174721189591,0.0009293680297397,0.0009293680297397,0.0,0.0,0.0,0.0,0.0157992565055761,0.0065055762081784,0.0092936802973977,0.0185873605947954,0.0176579925650557,0.0009293680297397,0.0046468401486988,0.0046468401486988,0.0,0.028810408921932998,0.0195167286245353,0.0092936802973977,0.0046468401486988,0.0027881040892193,0.0018587360594795,0.0,0.0,0.0,0.003717472118959,0.0027881040892193,0.0009293680297397,0.0111524163568772,0.0083643122676579,0.0027881040892193,0.0027881040892193,0.0027881040892193,0.0,0.0,0.0,0.0,0.0018587360594794,0.0009293680297397,0.0009293680297397,0.0232342007434944,0.0232342007434944,0.0,0.018587360594795498,0.0148698884758364,0.0037174721189591,533
2014-04-01,2014,4,0.8144062297209604,0.3789746917585983,0.4354315379623621,0.0006489292667099,0.0,0.0006489292667099,0.0110317975340687,0.0103828682673588,0.0006489292667099,0.0,0.0,0.0,0.0343932511356261,0.0259571706683971,0.008436080467229,0.0071382219338092,0.0071382219338092,0.0,0.0019467878001297,0.0019467878001297,0.0,0.0006489292667099,0.0,0.0006489292667099,0.024010382868267302,0.0077871512005191,0.0162232316677482,0.0051914341336794,0.0051914341336794,0.0,0.0006489292667099,0.0006489292667099,0.0,0.0201168072680077,0.0155743024010382,0.0045425048669695,0.0064892926670991995,0.0038935756002595,0.0025957170668397,0.0006489292667099,0.0006489292667099,0.0,0.0038935756002595,0.0032446463335496,0.0006489292667099,0.0116807268007786,0.0077871512005191,0.0038935756002595,0.0181700194678779,0.017521090201168,0.0006489292667099,0.0006489292667099,0.0006489292667099,0.0,0.0006489292667099,0.0006489292667099,0.0,0.0136275146009084,0.0123296560674886,0.0012978585334198,0.026606099935107,0.0233614536015574,0.0032446463335496,804
2014-05-01,2014,5,0.758454106280193,0.3985507246376811,0.359903381642512,0.0014492753623188,0.0014492753623188,0.0,0.007729468599033701,0.0067632850241545,0.0009661835748792,0.0,0.0,0.0,0.0487922705314009,0.0410628019323671,0.0077294685990338,0.0082125603864734,0.0072463768115942,0.0009661835748792,0.0009661835748792,0.0009661835748792,0.0,0.0,0.0,0.0,0.0043478260869563995,0.0009661835748792,0.0033816425120772,0.0033816425120772,0.002415458937198,0.0009661835748792,0.0004830917874396,0.0004830917874396,0.0,0.012560386473429799,0.0091787439613526,0.0033816425120772,0.0028985507246375997,0.002415458937198,0.0004830917874396,0.0004830917874396,0.0004830917874396,0.0,0.0159420289855072,0.0154589371980676,0.0004830917874396,0.0135265700483091,0.0120772946859903,0.0014492753623188,0.0164251207729468,0.0164251207729468,0.0,0.0,0.0,0.0,0.0004830917874396,0.0004830917874396,0.0,0.045893719806763204,0.044927536231884,0.0009661835748792,0.0579710144927535,0.0555555555555555,0.002415458937198,1277
2014-06-01,2014,6,0.7999044890162368,0.3681948424068768,0.43170964660936,0.0019102196752625,0.0014326647564469,0.0004775549188156,0.0133715377268385,0.0100286532951289,0.0033428844317096,0.0019102196752626,0.0019102196752626,0.0,0.0577841451766952,0.046800382043935,0.0109837631327602,0.013371537726838498,0.0081184336198662,0.0052531041069723,0.0057306590257879,0.0057306590257879,0.0,0.0009551098376313,0.0,0.0009551098376313,0.009073543457497599,0.0038204393505253,0.0052531041069723,0.0195797516714422,0.0195797516714422,0.0,0.0062082139446036,0.0062082139446036,0.0,0.0171919770773638,0.0085959885386819,0.0085959885386819,0.0100286532951288,0.0071633237822349,0.0028653295128939,0.0009551098376313,0.0,0.0009551098376313,0.0057306590257879,0.0057306590257879,0.0,0.0023877745940782,0.0004775549188156,0.0019102196752626,0.0114613180515759,0.0114613180515759,0.0,0.0,0.0,0.0,0.0009551098376312,0.0004775549188156,0.0004775549188156,0.0133715377268385,0.0114613180515759,0.0019102196752626,0.0128939828080229,0.0128939828080229,0.0,1104
2014-07-01,2014,7,0.7641395908543922,0.3459687123947051,0.4181708784596871,0.0012033694344163,0.0012033694344163,0.0,0.0078219013237063,0.0060168471720818,0.0018050541516245,0.0,0.0,0.0,0.061371841155234495,0.05294825511432,0.0084235860409145,0.010228640192539001,0.0078219013237063,0.0024067388688327,0.0030084235860409,0.0030084235860409,0.0,0.0,0.0,0.0,0.0391095066185317,0.003610108303249,0.0354993983152827,0.009626955475330799,0.0084235860409145,0.0012033694344163,0.0018050541516245,0.0018050541516245,0.0,0.016847172081829,0.0108303249097472,0.0060168471720818,0.0060168471720817,0.0042117930204572,0.0018050541516245,0.0,0.0,0.0,0.0102286401925391,0.0102286401925391,0.0,0.0054151624548736,0.0030084235860409,0.0024067388688327,0.0054151624548736,0.0054151624548736,0.0,0.0,0.0,0.0,0.0,0.0,0.0,0.034897713598074497,0.0342960288808664,0.0006016847172081,0.022262334536702698,0.0192539109506618,0.0030084235860409,859
2014-08-01,2014,8,0.782367447595561,0.3304562268803945,0.4519112207151665,0.004932182490752101,0.0043156596794081,0.000616522811344,0.0166461159062884,0.0117139334155363,0.0049321824907521,0.0,0.0,0.0,0.0394574599260172,0.0283600493218249,0.0110974106041923,0.0123304562268802,0.0061652281134401,0.0061652281134401,0.001849568434032,0.001233045622688,0.000616522811344,0.001849568434032,0.001849568434032,0.0,0.0147965474722563,0.0055487053020961,0.0092478421701602,0.0067817509247841,0.0055487053020961,0.001233045622688,0.0,0.0,0.0,0.0209617755856965,0.0184956843403205,0.002466091245376,0.0141800246609123,0.002466091245376,0.0117139334155363,0.000616522811344,0.000616522811344,0.0,0.0061652281134401,0.0061652281134401,0.0,0.022194821208384598,0.0154130702836004,0.0067817509247842,0.0073982737361281,0.0061652281134401,0.001233045622688,0.001233045622688,0.0,0.001233045622688,0.004315659679408,0.001849568434032,0.002466091245376,0.0228113440197286,0.0203452527743526,0.002466091245376,0.0215782983970406,0.0203452527743526,0.001233045622688,787
2014-09-01,2014,9,0.8320158102766798,0.3893280632411067,0.4426877470355731,0.0014822134387351,0.000494071146245,0.0009881422924901,0.0064229249011857,0.0064229249011857,0.0,0.0,0.0,0.0,0.0395256916996046,0.0296442687747035,0.0098814229249011,0.0059288537549406,0.0044466403162055,0.0014822134387351,0.0,0.0,0.0,0.0,0.0,0.0,0.0148221343873517,0.0069169960474308,0.0079051383399209,0.0163043478260868,0.0158102766798418,0.000494071146245,0.0009881422924901,0.0009881422924901,0.0,0.011363636363636201,0.008893280632411,0.0024703557312252,0.009881422924901101,0.008893280632411,0.0009881422924901,0.0,0.0,0.0,0.0029644268774703,0.0029644268774703,0.0,0.0148221343873517,0.0143280632411067,0.000494071146245,0.0049407114624505,0.0049407114624505,0.0,0.0,0.0,0.0,0.0039525691699604,0.0029644268774703,0.0009881422924901,0.0242094861660078,0.0217391304347826,0.0024703557312252,0.011857707509881299,0.0098814229249011,0.0019762845849802,1067
2014-10-01,2014,10,0.7518319491939423,0.3448949682462139,0.4069369809477284,0.0014655593551537,0.0004885197850512,0.0009770395701025,0.0122129946262823,0.0073277967757694,0.0048851978505129,0.0014655593551538,0.0014655593551538,0.0,0.0302882266731802,0.0244259892525647,0.0058622374206155,0.026380068392769802,0.0224719101123595,0.0039081582804103,0.0009770395701025,0.0009770395701025,0.0,0.0004885197850512,0.0004885197850512,0.0,0.0425012212994626,0.0180752320468979,0.0244259892525647,0.0097703957010258,0.0097703957010258,0.0,0.0,0.0,0.0,0.0161211529066926,0.0122129946262823,0.0039081582804103,0.0112359550561797,0.0073277967757694,0.0039081582804103,0.0009770395701024,0.0004885197850512,0.0004885197850512,0.0102589154860771,0.0102589154860771,0.0,0.0078163165608206,0.0048851978505129,0.0029311187103077,0.0039081582804102,0.003419638495359,0.0004885197850512,0.0024425989252563,0.0019540791402051,0.0004885197850512,0.0048851978505128,0.0043966780654616,0.0004885197850512,0.033219345383488,0.033219345383488,0.0,0.03957010258915469,0.0371275036638983,0.0024425989252564,1102
2014-11-01,2014,11,0.7631968426245683,0.34583127775037,0.4173655648741983,0.002466699555994,0.0009866798223976,0.0014800197335964,0.0069067587567833,0.0054267390231869,0.0014800197335964,0.0,0.0,0.0,0.0281203749383324,0.0167735569807597,0.0113468179575727,0.0148001973359644,0.0123334977799704,0.002466699555994,0.0019733596447952,0.0014800197335964,0.0004933399111988,0.0,0.0,0.0,0.0730143068574246,0.0365071534287123,0.0365071534287123,0.007893438579181,0.0074000986679822,0.0004933399111988,0.0,0.0,0.0,0.021213616181549,0.0162802170695609,0.0049333991119881,0.0088801184015785,0.0059200789343857,0.0029600394671928,0.0059200789343856995,0.0044400592007893,0.0014800197335964,0.0098667982239763,0.0098667982239763,0.0,0.0078934385791809,0.0019733596447952,0.0059200789343857,0.0069067587567834005,0.0064134188455846,0.0004933399111988,0.0004933399111988,0.0004933399111988,0.0,0.0019733596447952,0.0009866798223976,0.0009866798223976,0.0162802170695608,0.0138135175135668,0.002466699555994,0.0231869758263442,0.0182535767143561,0.0049333991119881,1022
2014-12-01,2014,12,0.8409405255878284,0.4209313047487321,0.4200092208390963,0.0050714615029966,0.0046104195481788,0.0004610419548178,0.0069156293222681995,0.0041493775933609,0.0027662517289073,0.0,0.0,0.0,0.0276625172890732,0.0216689718764407,0.0059935454126325,0.0092208390963577,0.0073766712770862,0.0018441678192715,0.0009220839096357,0.0009220839096357,0.0,0.0,0.0,0.0,0.0235131396957122,0.0193637621023513,0.0041493775933609,0.009681881051175501,0.0087597971415398,0.0009220839096357,0.0,0.0,0.0,0.0138312586445366,0.0110650069156293,0.0027662517289073,0.010603964960811299,0.0046104195481788,0.0059935454126325,0.0018441678192714,0.0009220839096357,0.0009220839096357,0.0018441678192715,0.0018441678192715,0.0,0.005071461502996599,0.0041493775933609,0.0009220839096357,0.0087597971415397,0.0082987551867219,0.0004610419548178,0.0,0.0,0.0,0.0027662517289072,0.0023052097740894,0.0004610419548178,0.0124481327800829,0.0124481327800829,0.0,0.0189027201475333,0.0179806362378976,0.0009220839096357,1195
2015-01-01,2015,1,0.774584487534626,0.3846952908587258,0.3898891966759003,0.0020775623268697,0.0017313019390581,0.0003462603878116,0.0020775623268697,0.0003462603878116,0.0017313019390581,0.0006925207756232,0.0006925207756232,0.0,0.025969529085872498,0.0221606648199446,0.0038088642659279,0.0051939058171745,0.0041551246537396,0.0010387811634349,0.0024238227146814,0.0024238227146814,0.0,0.0,0.0,0.0,0.01696675900277,0.0096952908587257,0.0072714681440443,0.0117728531855955,0.0117728531855955,0.0,0.0,0.0,0.0,0.0058864265927977,0.0041551246537396,0.0017313019390581,0.0051939058171745,0.0031163434903047,0.0020775623268698,0.0003462603878116,0.0003462603878116,0.0,0.0045013850415512,0.0045013850415512,0.0,0.024930747922437598,0.0221606648199446,0.002770083102493,0.013850415512465299,0.0131578947368421,0.0006925207756232,0.0003462603878116,0.0003462603878116,0.0,0.0048476454293628,0.0038088642659279,0.0010387811634349,0.0418975069252077,0.0405124653739612,0.0013850415512465,0.0564404432132963,0.0512465373961218,0.0051939058171745,1676
2015-02-01,2015,2,0.8319357092941999,0.4077568134171908,0.4241788958770091,0.0017470300489168,0.0017470300489168,0.0,0.0087351502445841,0.0059399021663172,0.0027952480782669,0.0003494060097833,0.0003494060097833,0.0,0.0422781271837875,0.0359888190076869,0.0062893081761006,0.0087351502445841,0.0045422781271837,0.0041928721174004,0.0020964360587001,0.0017470300489168,0.0003494060097833,0.0003494060097833,0.0003494060097833,0.0,0.0055904961565338,0.0017470300489168,0.003843466107617,0.026205450733752602,0.0241090146750524,0.0020964360587002,0.0048916841369671,0.0048916841369671,0.0,0.0059399021663172,0.0048916841369671,0.0010482180293501,0.016422082459818202,0.0118798043326345,0.0045422781271837,0.0,0.0,0.0,0.0080363382250174,0.0069881201956673,0.0010482180293501,0.0080363382250173,0.0066387141858839,0.0013976240391334,0.0017470300489168,0.0017470300489168,0.0,0.0013976240391334,0.0006988120195667,0.0006988120195667,0.0034940600978336,0.0031446540880503,0.0003494060097833,0.0101327742837176,0.0094339622641509,0.0006988120195667,0.0146750524109013,0.0132774283717679,0.0013976240391334,1565
2015-03-01,2015,3,0.7769416014449126,0.3753762793497893,0.4015653220951234,0.0003010234798314,0.0003010234798314,0.0,0.009331727874774199,0.0048163756773028,0.0045153521974714,0.0006020469596628,0.0006020469596628,0.0,0.0490668272125225,0.0385310054184226,0.0105358217940999,0.003612281757977,0.0027092113184828,0.0009030704394942,0.0009030704394942,0.0009030704394942,0.0,0.0,0.0,0.0,0.007826610475617,0.0039133052378085,0.0039133052378085,0.013546056592414101,0.0114388922335942,0.0021071643588199,0.0069235400361228,0.0069235400361228,0.0,0.0174593618302227,0.0117399157134256,0.0057194461167971,0.007826610475617,0.0045153521974714,0.0033112582781456,0.0003010234798314,0.0003010234798314,0.0,0.006923540036122699,0.0042143287176399,0.0027092113184828,0.0060204695966285,0.0045153521974714,0.0015051173991571,0.0045153521974713,0.0036122817579771,0.0009030704394942,0.0006020469596628,0.0003010234798314,0.0003010234798314,0.0006020469596628,0.0006020469596628,0.0,0.0421432871763996,0.0355207706201083,0.0066225165562913,0.0448524984948825,0.0355207706201083,0.0093317278747742,1813
2015-04-01,2015,4,0.8012170385395537,0.3839466821211243,0.4172703564184294,0.0031874818893074,0.0028977108084613,0.0002897710808461,0.0078238191828455,0.0046363372935381,0.0031874818893074,0.0,0.0,0.0,0.025789626195305598,0.0208635178209214,0.0049261083743842,0.0081135902636916,0.0081135902636916,0.0,0.002318168646769,0.002318168646769,0.0,0.0,0.0,0.0,0.011301072152999001,0.0049261083743842,0.0063749637786148,0.019994204578383003,0.0156476383656911,0.0043465662126919,0.0043465662126919,0.0040567951318458,0.0002897710808461,0.007823819182845401,0.0052158794552303,0.0026079397276151,0.0040567951318458,0.0028977108084613,0.0011590843233845,0.0008693132425383,0.0,0.0008693132425383,0.0034772529701535,0.0034772529701535,0.0,0.0072442770211532,0.0028977108084613,0.0043465662126919,0.0049261083743841,0.0043465662126919,0.0005795421616922,0.0002897710808461,0.0,0.0002897710808461,0.0011590843233844,0.0005795421616922,0.0005795421616922,0.0425963488843812,0.0382497826716893,0.0043465662126919,0.044914517531150305,0.0405679513184584,0.0043465662126919,1877
2015-05-01,2015,5,0.7877245508982035,0.4143712574850299,0.3733532934131736,0.0029940119760478,0.0026946107784431,0.0002994011976047,0.0080838323353293,0.0059880239520958,0.0020958083832335,0.0,0.0,0.0,0.0332335329341316,0.0251497005988023,0.0080838323353293,0.0137724550898202,0.0128742514970059,0.0008982035928143,0.0008982035928143,0.0008982035928143,0.0,0.0,0.0,0.0,0.0044910179640717,0.0008982035928143,0.0035928143712574,0.0107784431137724,0.0107784431137724,0.0,0.0008982035928143,0.0008982035928143,0.0,0.0077844311377245,0.005688622754491,0.0020958083832335,0.0104790419161676,0.005688622754491,0.0047904191616766,0.0,0.0,0.0,0.006586826347305201,0.0062874251497005,0.0002994011976047,0.015568862275449,0.0143712574850299,0.0011976047904191,0.0023952095808383,0.0023952095808383,0.0,0.0,0.0,0.0,0.0014970059880239,0.0014970059880239,0.0,0.0383233532934131,0.0362275449101796,0.0020958083832335,0.0553892215568862,0.0497005988023952,0.005688622754491,1990
2015-06-01,2015,6,0.8306148055207025,0.3776662484316185,0.452948557089084,0.0015683814303637,0.001254705144291,0.0003136762860727,0.0059598494353825995,0.0053324968632371,0.0006273525721455,0.0,0.0,0.0,0.0279171894604767,0.0235257214554579,0.0043914680050188,0.010351317440401402,0.0047051442910915,0.0056461731493099,0.0006273525721455,0.0006273525721455,0.0,0.0,0.0,0.0,0.0034504391468004,0.0003136762860727,0.0031367628607277,0.0200752823086574,0.0181932245922208,0.0018820577164366,0.001254705144291,0.001254705144291,0.0,0.0112923462986197,0.0050188205771643,0.0062735257214554,0.0159974905897113,0.0087829360100376,0.0072145545796737,0.0,0.0,0.0,0.0065872020075281,0.0059598494353826,0.0006273525721455,0.006273525721455401,0.0043914680050188,0.0018820577164366,0.0062735257214554,0.0053324968632371,0.0009410288582183,0.0006273525721455,0.0006273525721455,0.0,0.0009410288582182001,0.0003136762860727,0.0006273525721455,0.0169385194479296,0.0153701380175658,0.0015683814303638,0.0329360100376411,0.0288582183186951,0.004077791718946,1617
2015-07-01,2015,7,0.8131642098045937,0.338361330133699,0.4748028796708947,0.0010284538909838,0.0010284538909838,0.0,0.0263969832019197,0.0185121700377099,0.0078848131642098,0.0,0.0,0.0,0.0164552622557421,0.0113129928008227,0.0051422694549194,0.0133699005827904,0.0095989029825162,0.0037709976002742,0.0003428179636612,0.0003428179636612,0.0,0.0,0.0,0.0,0.008227631127871001,0.0020569077819677,0.0061707233459033,0.027768255056564897,0.0205690778196777,0.0071991772368872,0.0034281796366129,0.0034281796366129,0.0,0.010627356873499999,0.0085704490915323,0.0020569077819677,0.0054850874185806,0.0037709976002742,0.0017140898183064,0.0,0.0,0.0,0.0061707233459032,0.0047994514912581,0.0013712718546451,0.0071991772368870995,0.0041138155639355,0.0030853616729516,0.0085704490915323,0.0082276311278711,0.0003428179636612,0.001371271854645,0.0006856359273225,0.0006856359273225,0.0037709976002741003,0.0027425437092903,0.0010284538909838,0.0219403496743228,0.0195406239286938,0.002399725745629,0.0257113472745971,0.0219403496743229,0.0037709976002742,1395
2015-08-01,2015,8,0.7575395640489697,0.3568229322185727,0.4007166318303971,0.0032845625559868,0.0026873693639892,0.0005971931919976,0.0122424604359509,0.0092564944759629,0.002985965959988,0.0005971931919976,0.0005971931919976,0.0,0.0176171991639294,0.0104508808599581,0.0071663183039713,0.0080621080919677,0.0053747387279785,0.0026873693639892,0.0002985965959988,0.0002985965959988,0.0,0.0,0.0,0.0,0.0056733353239772,0.0038817557479844,0.0017915795759928,0.0388175574798447,0.0382203642878471,0.0005971931919976,0.0053747387279785,0.0053747387279785,0.0,0.0101522842639593,0.0086593012839653,0.001492982979994,0.0035831591519855997,0.0020901761719916,0.001492982979994,0.0002985965959988,0.0002985965959988,0.0,0.0056733353239773,0.0053747387279785,0.0002985965959988,0.0128396536279485,0.0095550910719617,0.0032845625559868,0.0083607046879665,0.0074649148999701,0.0008957897879964,0.0005971931919976,0.0,0.0005971931919976,0.0041803523439832,0.0032845625559868,0.0008957897879964,0.045983875783816,0.0456852791878172,0.0002985965959988,0.060913705583756306,0.0495670349358017,0.0113466706479546,1887
2015-09-01,2015,9,0.784692417739628,0.355865522174535,0.428826895565093,0.0010729613733904,0.0003576537911301,0.0007153075822603,0.0171673819742488,0.0114449213161659,0.0057224606580829,0.0003576537911301,0.0003576537911301,0.0,0.0178826895565092,0.0118025751072961,0.0060801144492131,0.005722460658082899,0.0035765379113018,0.0021459227467811,0.0017882689556509,0.0017882689556509,0.0,0.0,0.0,0.0,0.0085836909871243,0.0028612303290414,0.0057224606580829,0.0561516452074391,0.0518597997138769,0.0042918454935622,0.0246781115879828,0.0246781115879828,0.0,0.0185979971387695,0.0132331902718168,0.0053648068669527,0.0035765379113018,0.0010729613733905,0.0025035765379113,0.0,0.0,0.0,0.0050071530758225,0.0042918454935622,0.0007153075822603,0.0050071530758225,0.0028612303290414,0.0021459227467811,0.0075107296137338,0.0067954220314735,0.0007153075822603,0.0017882689556509,0.0017882689556509,0.0,0.0028612303290414002,0.0025035765379113,0.0003576537911301,0.016452074391988397,0.0160944206008583,0.0003576537911301,0.0218168812589412,0.0185979971387696,0.0032188841201716,1484
2015-10-01,2015,10,0.8418653576437587,0.3565918653576437,0.485273492286115,0.0059607293127628,0.0038569424964936,0.0021037868162692,0.0094670406732117,0.0049088359046283,0.0045582047685834,0.0,0.0,0.0,0.0262973352033659,0.0206872370266479,0.005610098176718,0.008415147265077,0.005610098176718,0.002805049088359,0.0003506311360448,0.0003506311360448,0.0,0.0,0.0,0.0,0.0070126227208976,0.0017531556802244,0.0052594670406732,0.0178821879382889,0.0178821879382889,0.0,0.0017531556802244,0.0017531556802244,0.0,0.0164796633941093,0.0094670406732117,0.0070126227208976,0.0133239831697054,0.0042075736325385,0.0091164095371669,0.0010518934081346,0.0010518934081346,0.0,0.0031556802244039,0.0031556802244039,0.0,0.0101683029453015,0.0091164095371669,0.0010518934081346,0.0056100981767180005,0.0052594670406732,0.0003506311360448,0.0,0.0,0.0,0.0007012622720897,0.0,0.0007012622720897,0.0217391304347825,0.0189340813464235,0.002805049088359,0.0101683029453015,0.008765778401122,0.0014025245441795,1346
2015-11-01,2015,11,0.7206320810971973,0.3029218843172331,0.4177101967799642,0.0020870602265949997,0.0011926058437686,0.0008944543828264,0.0149075730471078,0.0068574836016696,0.0080500894454382,0.0014907573047107,0.0011926058437686,0.0002981514609421,0.016398330351818702,0.0107334525939177,0.005664877757901,0.007751937984496001,0.0065593321407274,0.0011926058437686,0.0008944543828264,0.0008944543828264,0.0,0.0,0.0,0.0,0.0038759689922478998,0.0023852116875372,0.0014907573047107,0.0113297555158019,0.0110316040548598,0.0002981514609421,0.0014907573047107,0.0011926058437686,0.0002981514609421,0.0140131186642813,0.0080500894454382,0.0059630292188431,0.0098389982110912,0.0071556350626118,0.0026833631484794,0.0065593321407274,0.005664877757901,0.0008944543828264,0.0137149672033392,0.0122242098986285,0.0014907573047107,0.009838998211091101,0.0047704233750745,0.0050685748360166,0.0035778175313058,0.0026833631484794,0.0008944543828264,0.0029815146094215,0.0029815146094215,0.0,0.0020870602265949997,0.0011926058437686,0.0008944543828264,0.0611210494931424,0.0563506261180679,0.0047704233750745,0.094215861657722,0.0667859272510435,0.0274299344066785,1716
2015-12-01,2015,12,0.8161200279134682,0.3702023726448011,0.4459176552686671,0.0059316120027912995,0.0034891835310537,0.0024424284717376,0.0062805303558967004,0.0024424284717376,0.0038381018841591,0.0006978367062107,0.0006978367062107,0.0,0.020586182833217,0.0157013258897418,0.0048848569434752,0.0132588974180041,0.0115143056524773,0.0017445917655268,0.0006978367062107,0.0006978367062107,0.0,0.0,0.0,0.0,0.0062805303558966,0.0020935101186322,0.0041870202372644,0.0125610607117933,0.0108164689462665,0.0017445917655268,0.0006978367062107,0.0006978367062107,0.0,0.0115143056524772,0.0080251221214235,0.0034891835310537,0.0087229588276342,0.0041870202372644,0.0045359385903698,0.014305652477320201,0.0139567341242149,0.0003489183531053,0.006629448709002,0.006629448709002,0.0,0.012212142358688,0.0062805303558967,0.0059316120027913,0.006629448709002001,0.0059316120027913,0.0006978367062107,0.0006978367062107,0.0,0.0006978367062107,0.0013956734124214,0.0013956734124214,0.0,0.0195394277739008,0.017794836008374,0.0017445917655268,0.0348918353105373,0.0244242847173761,0.0104675505931612,1452
2016-01-01,2016,1,0.8398597311513734,0.3828170660432495,0.4570426651081239,0.0026300409117475,0.0026300409117475,0.0,0.0043834015195791,0.0023378141437755,0.0020455873758036,0.0008766803039157,0.0005844535359438,0.0002922267679719,0.0201636469900642,0.0154880187025131,0.0046756282875511,0.0113968439509058,0.010812390414962,0.0005844535359438,0.0014611338398596001,0.0011689070718877,0.0002922267679719,0.0002922267679719,0.0002922267679719,0.0,0.0032144944476913,0.0020455873758036,0.0011689070718877,0.016949152542372798,0.0143191116306253,0.0026300409117475,0.0058445353594389,0.0058445353594389,0.0,0.010812390414962,0.0070134424313267,0.0037989479836353,0.011104617182933799,0.0081823495032144,0.0029222676797194,0.0023378141437755,0.0023378141437755,0.0,0.0052600818234949,0.004967855055523,0.0002922267679719,0.0064289888953828,0.0026300409117475,0.0037989479836353,0.0131502045587375,0.0122735242548217,0.0008766803039158,0.0005844535359438,0.0005844535359438,0.0,0.0008766803039157,0.0002922267679719,0.0005844535359438,0.015780245470485,0.0143191116306253,0.0014611338398597,0.029514903565166402,0.0201636469900642,0.0093512565751022,1739
2016-02-01,2016,2,0.8327263899004612,0.3449866472444768,0.4877397426559844,0.0031561058509346,0.0024277737314882,0.0007283321194464,0.0053411022092739995,0.0024277737314882,0.0029133284777858,0.001213886865744,0.0009711094925952,0.0002427773731488,0.0182083029861615,0.0128672007768875,0.005341102209274,0.0087399854333575,0.0058266569555717,0.0029133284777858,0.0007283321194464,0.0007283321194464,0.0,0.0,0.0,0.0,0.0024277737314882,0.0002427773731488,0.0021849963583394,0.017237193493566297,0.0162660840009711,0.0009711094925952,0.0024277737314882,0.0024277737314882,0.0,0.008982762806506301,0.0063122117018693,0.002670551104637,0.0155377518815246,0.0087399854333576,0.006797766448167,0.0004855547462976,0.0004855547462976,0.0,0.0058266569555716005,0.005341102209274,0.0004855547462976,0.0087399854333575,0.0041272153435299,0.0046127700898276,0.0016994416120417,0.0014566642388929,0.0002427773731488,0.0016994416120417002,0.0012138868657441,0.0004855547462976,0.0024277737314881,0.0019422189851905,0.0004855547462976,0.0330177227482398,0.0293760621510075,0.0036416605972323,0.0305899490167515,0.0254916241806263,0.0050983248361252,1948
2016-03-01,2016,3,0.8444970923971569,0.3637734223562351,0.4807236700409218,0.0036614258022829,0.0023691578720654,0.0012922679302175,0.0105535214301097,0.0064613396510876,0.0040921817790221,0.0004307559767391,0.0004307559767391,0.0,0.0200301529183717,0.0144303252207624,0.0055998276976093,0.0079689855696747,0.0064613396510876,0.0015076459185871,0.0012922679302175,0.0012922679302175,0.0,0.0012922679302174,0.0010768899418479,0.0002153779883695,0.0079689855696746,0.0019384018953262,0.0060305836743484,0.0092612534998922,0.0079689855696747,0.0012922679302175,0.0004307559767391,0.0004307559767391,0.0,0.023045444755545902,0.0187378849881542,0.0043075597673917,0.0107688994184793,0.0060305836743484,0.0047383157441309,0.0,0.0,0.0,0.0032306698255437,0.0030152918371742,0.0002153779883695,0.009907387465001,0.0047383157441309,0.0051690717208701,0.001507645918587,0.0010768899418479,0.0004307559767391,0.0002153779883695,0.0002153779883695,0.0,0.0027999138488045,0.0021537798836958,0.0006461339651087,0.012922679302175201,0.0101227654533706,0.0027999138488046,0.0305836743484815,0.025629980615981,0.0049536937325005,2212
2016-04-01,2016,4,0.8256628314157077,0.3436718359179589,0.4819909954977489,0.0030015007503751,0.0025012506253126,0.0005002501250625,0.023261630815407598,0.0162581290645322,0.0070035017508754,0.0007503751875937001,0.0005002501250625,0.0002501250625312,0.0170085042521259,0.0082541270635317,0.0087543771885942,0.0070035017508753,0.0052526263131565,0.0017508754377188,0.0017508754377186999,0.0015007503751875,0.0002501250625312,0.001000500250125,0.001000500250125,0.0,0.0062531265632816005,0.0005002501250625,0.0057528764382191,0.0100050025012505,0.0082541270635317,0.0017508754377188,0.001000500250125,0.001000500250125,0.0,0.0167583791895947,0.0135067533766883,0.0032516258129064,0.022761380690345098,0.0185092546273136,0.0042521260630315,0.0060030015007503,0.0060030015007503,0.0,0.0035017508754375997,0.0027513756878439,0.0007503751875937,0.0152576288144071,0.0110055027513756,0.0042521260630315,0.0035017508754377,0.0035017508754377,0.0,0.0005002501250625,0.0005002501250625,0.0,0.0017508754377187,0.0007503751875937,0.001000500250125,0.0240120060030014,0.0227613806903451,0.0012506253126563,0.010505252626313102,0.008504252126063,0.0020010005002501,1900
2016-05-01,2016,5,0.8355776045357902,0.3708953460902433,0.4646822584455469,0.0018899125915426002,0.0016536735175998,0.0002362390739428,0.0120481927710842,0.0061422159225135,0.0059059768485707,0.0,0.0,0.0,0.0101582801795416,0.006850933144342,0.0033073470351996,0.0108669974013701,0.0075596503661705,0.0033073470351996,0.0016536735175998,0.0016536735175998,0.0,0.0,0.0,0.0,0.0056697377746278,0.0004724781478856,0.0051972596267422,0.0096858020316559,0.0085046066619418,0.0011811953697141,0.0,0.0,0.0,0.019607843137254798,0.0125206709189699,0.0070871722182849,0.0122844318450271,0.0075596503661705,0.0047247814788566,0.0,0.0,0.0,0.0035435861091424,0.0035435861091424,0.0,0.0300023623907393,0.0274037325773682,0.0025986298133711,0.0056697377746278,0.0044885424049137,0.0011811953697141,0.0002362390739428,0.0002362390739428,0.0,0.0042523033309708,0.0021261516654854,0.0021261516654854,0.0233876683203401,0.0210252775809118,0.0023623907394283,0.0146468225844554,0.0129931490668556,0.0016536735175998,2096
2016-06-01,2016,6,0.870560988162635,0.3821410190427174,0.4884199691199176,0.0033453422542459002,0.0025733401955738,0.0007720020586721,0.0038600102933607,0.0015440041173443,0.0023160061760164,0.0,0.0,0.0,0.0190427174472464,0.0126093669583118,0.0064333504889346,0.0077200205867214,0.0023160061760164,0.005404014410705,0.0007720020586721,0.0007720020586721,0.0,0.0,0.0,0.0,0.0033453422542459,0.0010293360782295,0.0023160061760164,0.012609366958311701,0.0108080288214101,0.0018013381369016,0.0,0.0,0.0,0.0072053525476066995,0.0046320123520329,0.0025733401955738,0.0105506948018527,0.0056613484302624,0.0048893463715903,0.0,0.0,0.0,0.0100360267627379,0.0095213587236232,0.0005146680391147,0.0079773546062788,0.0038600102933607,0.0041173443129181,0.0043746783324753995,0.0041173443129181,0.0002573340195573,0.0,0.0,0.0,0.002058672156459,0.002058672156459,0.0,0.0203293875450333,0.0182707153885743,0.002058672156459,0.017241379310344702,0.0149253731343283,0.0023160061760164,1851
2016-07-01,2016,7,0.7727272727272726,0.3292464114832535,0.4434808612440191,0.0020933014354065998,0.0005980861244019,0.0014952153110047,0.0089712918660286,0.006877990430622,0.0020933014354066,0.0,0.0,0.0,0.0296052631578946,0.0170454545454545,0.0125598086124401,0.008074162679425699,0.0071770334928229,0.0008971291866028,0.0011961722488038,0.0011961722488038,0.0,0.0,0.0,0.0,0.006578947368421,0.0032894736842105,0.0032894736842105,0.0146531100478468,0.0143540669856459,0.0002990430622009,0.0008971291866028,0.0008971291866028,0.0,0.010765550239234301,0.0077751196172248,0.0029904306220095,0.0074760765550238,0.0044856459330143,0.0029904306220095,0.0071770334928229,0.0071770334928229,0.0,0.0053827751196171,0.0038875598086124,0.0014952153110047,0.0296052631578947,0.0248205741626794,0.0047846889952153,0.0101674641148325,0.0095693779904306,0.0005980861244019,0.0,0.0,0.0,0.0017942583732056,0.0008971291866028,0.0008971291866028,0.043062200956937705,0.0400717703349282,0.0029904306220095,0.040968899521530995,0.0370813397129186,0.0038875598086124,1722
2016-08-01,2016,8,0.81729920564872,0.3161959399823477,0.5011032656663724,0.0028684907325683003,0.0019858781994704,0.0008826125330979,0.008164165931156101,0.0030891438658428,0.0050750220653133,0.0028684907325684,0.0028684907325684,0.0,0.018534863195057302,0.0132391879964695,0.0052956751985878,0.0081641659311561,0.0066195939982347,0.0015445719329214,0.0002206531332744,0.0002206531332744,0.0,0.0004413062665489,0.0004413062665489,0.0,0.0110326566637245,0.0050750220653133,0.0059576345984112,0.0253751103265665,0.0249338040600176,0.0004413062665489,0.0022065313327449,0.0022065313327449,0.0,0.0291262135922329,0.0214033539276257,0.0077228596646072,0.0110326566637245,0.0079435127978817,0.0030891438658428,0.0017652250661959,0.0017652250661959,0.0,0.0024271844660193,0.0019858781994704,0.0004413062665489,0.0136804942630184,0.0103706972639011,0.0033097969991173,0.0063989408649602,0.0052956751985878,0.0011032656663724,0.0002206531332744,0.0,0.0002206531332744,0.0030891438658428,0.0006619593998234,0.0024271844660194,0.014121800529567399,0.012577228596646,0.0015445719329214,0.022065313327449203,0.0172109443954104,0.0048543689320388,2062
2016-09-01,2016,9,0.8263305322128851,0.3585434173669468,0.4677871148459384,0.0006224712107065,0.0006224712107065,0.0,0.0046685340802987,0.0034235916588857,0.001244942421413,0.0,0.0,0.0,0.0164954870837223,0.0146280734516028,0.0018674136321195,0.002489884842826,0.001244942421413,0.001244942421413,0.0021786492374727,0.0021786492374727,0.0,0.0,0.0,0.0,0.0084033613445377,0.0015561780267662,0.0068471833177715,0.0174291938997821,0.0168067226890756,0.0006224712107065,0.009959539371304,0.009959539371304,0.0,0.020541549953314503,0.01244942421413,0.0080921257391845,0.0333022097727979,0.0305010893246187,0.0028011204481792,0.0015561780267662,0.001244942421413,0.0003112356053532,0.0052910052910052005,0.0043572984749455,0.0009337068160597,0.0071584189231247,0.0046685340802987,0.002489884842826,0.0121381886087767,0.011204481792717,0.0009337068160597,0.0003112356053532,0.0,0.0003112356053532,0.0040460628695922,0.0040460628695922,0.0,0.011826953003423499,0.0090258325552443,0.0028011204481792,0.0155617802676625,0.0118269530034235,0.003734827264239,1601
2016-10-01,2016,10,0.8163446591161447,0.3533200088829669,0.4630246502331779,0.0031090384188317997,0.0026648900732844,0.0004441483455474,0.0033311125916055,0.0015545192094159,0.0017765933821896,0.0,0.0,0.0,0.0199866755496335,0.0106595602931379,0.0093271152564956,0.0084388185654008,0.007550521874306,0.0008882966910948,0.0004441483455474,0.0004441483455474,0.0,0.0,0.0,0.0,0.00599600266489,0.0017765933821896,0.0042194092827004,0.03775260937153,0.0359760159893404,0.0017765933821896,0.0039973351099267,0.0039973351099267,0.0,0.009327115256495499,0.0068842993559848,0.0024428159005107,0.0142127470575171,0.0102154119475904,0.0039973351099267,0.0002220741727737,0.0,0.0002220741727737,0.0039973351099266,0.0026648900732844,0.0013324450366422,0.0264268265600709,0.0204308238951809,0.00599600266489,0.0066622251832111,0.0064401510104374,0.0002220741727737,0.0024428159005107,0.0006662225183211,0.0017765933821896,0.002220741727737,0.0011103708638685,0.0011103708638685,0.0190983788585387,0.0182100821674439,0.0008882966910948,0.0164334887852541,0.013546524539196,0.0028869642460581,2241
2016-11-01,2016,11,0.7361904761904762,0.305952380952381,0.4302380952380952,0.0011904761904761,0.0007142857142857,0.0004761904761904,0.0095238095238094,0.0061904761904761,0.0033333333333333,0.0,0.0,0.0,0.012142857142857101,0.0088095238095238,0.0033333333333333,0.008095238095238,0.0059523809523809,0.0021428571428571,0.0042857142857142,0.0038095238095238,0.0004761904761904,0.0,0.0,0.0,0.0021428571428571,0.0007142857142857,0.0014285714285714,0.11785714285714269,0.1116666666666666,0.0061904761904761,0.0183333333333333,0.0183333333333333,0.0,0.024047619047619,0.0126190476190476,0.0114285714285714,0.0111904761904761,0.0071428571428571,0.004047619047619,0.0007142857142857,0.0,0.0007142857142857,0.0033333333333332,0.0028571428571428,0.0004761904761904,0.0071428571428571,0.0052380952380952,0.0019047619047619,0.0028571428571428,0.0028571428571428,0.0,0.0007142857142857,0.0,0.0007142857142857,0.0016666666666666,0.0014285714285714,0.0002380952380952,0.0152380952380951,0.014047619047619,0.0011904761904761,0.025476190476190298,0.0211904761904761,0.0042857142857142,2217
2016-12-01,2016,12,0.7929457870672763,0.3226649248856956,0.4702808621815806,0.0022860875244937002,0.0009797517962116,0.0013063357282821,0.0071848465055518,0.0048987589810581,0.0022860875244937,0.0,0.0,0.0,0.0238406270411495,0.0140431090790333,0.0097975179621162,0.012736773350751,0.0104506858262573,0.0022860875244937,0.0032658393207053,0.0029392553886348,0.0003265839320705,0.0,0.0,0.0,0.004572175048987499,0.0026126714565643,0.0019595035924232,0.0297191378184192,0.0271064663618549,0.0026126714565643,0.0026126714565643,0.0026126714565643,0.0,0.0532331809274983,0.039190071848465,0.0140431090790333,0.0156760287393859,0.0081645983017635,0.0075114304376224,0.0,0.0,0.0,0.006858262573481299,0.0062050947093403,0.000653167864141,0.0075114304376224,0.0048987589810581,0.0026126714565643,0.0071848465055518,0.0068582625734813,0.0003265839320705,0.0009797517962116,0.0,0.0009797517962116,0.0042455911169169,0.0029392553886348,0.0013063357282821,0.0065316786414108,0.0055519268451992,0.0009797517962116,0.0218811234487263,0.0163291966035271,0.0055519268451992,1456
2017-01-01,2017,1,0.8029810298102981,0.3615176151761518,0.4414634146341463,0.002710027100271,0.002710027100271,0.0,0.0121951219512195,0.0086720867208672,0.0035230352303523,0.0,0.0,0.0,0.0203252032520325,0.0154471544715447,0.0048780487804878,0.0065040650406504,0.0051490514905149,0.0013550135501355,0.0010840108401084,0.0010840108401084,0.0,0.0,0.0,0.0,0.0024390243902439003,0.0010840108401084,0.0013550135501355,0.0146341463414634,0.013550135501355,0.0010840108401084,0.0010840108401084,0.0010840108401084,0.0,0.0065040650406503996,0.0048780487804878,0.0016260162601626,0.0092140921409214,0.0040650406504065,0.0051490514905149,0.0,0.0,0.0,0.013550135501355,0.0084010840108401,0.0051490514905149,0.0159891598915989,0.0146341463414634,0.0013550135501355,0.0056910569105691,0.0051490514905149,0.0005420054200542,0.0002710027100271,0.0002710027100271,0.0,0.0051490514905148995,0.002710027100271,0.0024390243902439,0.046341463414634104,0.0411924119241192,0.0051490514905149,0.033875338753387496,0.0276422764227642,0.0062330623306233,1914
2017-02-01,2017,2,0.8396108755300573,0.3499625841855824,0.4896482913444749,0.0044898977301071,0.0032427039161885,0.0012471938139186,0.0087303566974307,0.0044898977301072,0.0042404589673235,0.0002494387627837,0.0002494387627837,0.0,0.0194562234971314,0.0104764280369169,0.0089797954602145,0.006984285357944499,0.0057370915440259,0.0012471938139186,0.0004988775255674,0.0004988775255674,0.0,0.0,0.0,0.0,0.0082314791718632,0.0019955101022698,0.0062359690695934,0.0234472437016712,0.02269892741332,0.0007483162883512,0.0,0.0,0.0,0.007483162883512,0.0054876527812422,0.0019955101022698,0.008730356697430601,0.0047393364928909,0.0039910202045397,0.0002494387627837,0.0002494387627837,0.0,0.011224744325267998,0.0094786729857819,0.0017460713394861,0.0204539785482663,0.0159640808181591,0.0044898977301072,0.0044898977301072,0.0042404589673235,0.0002494387627837,0.0004988775255674,0.0,0.0004988775255674,0.003741581441756,0.0027438263906211,0.0009977550511349,0.015714642055375302,0.0134696931903217,0.0022449488650536,0.016961835869294,0.0104764280369169,0.0064854078323771,1867
2017-03-01,2017,3,0.8344070627535194,0.327606776425674,0.5068002863278454,0.0014316392269146999,0.0004772130756382,0.0009544261512765,0.0052493438320209,0.0033404915294679,0.001908852302553,0.0,0.0,0.0,0.019804342638988198,0.0119303268909568,0.0078740157480314,0.0052493438320209,0.0031018849916487,0.0021474588403722,0.0004772130756382,0.0004772130756382,0.0,0.0014316392269148,0.0014316392269148,0.0,0.0042949176807444,0.0007158196134574,0.003579098067287,0.0202815557146265,0.0174182772607969,0.0028632784538296,0.001908852302553,0.0016702457647339,0.0002386065378191,0.010975900739680201,0.008828441899308,0.0021474588403722,0.0231448341684561,0.0202815557146265,0.0028632784538296,0.0026246719160103998,0.0016702457647339,0.0009544261512765,0.0007158196134574,0.0007158196134574,0.0,0.0286327845382963,0.0152708184204247,0.0133619661178716,0.0052493438320209,0.003579098067287,0.0016702457647339,0.0002386065378191,0.0002386065378191,0.0,0.0011930326890956,0.0009544261512765,0.0002386065378191,0.0181340968742542,0.0162252445717012,0.001908852302553,0.0167024576473394,0.0121689334287759,0.0045335242185635,1869
2017-04-01,2017,4,0.8136123136123136,0.3405483405483405,0.4730639730639731,0.0016835016835016,0.0016835016835016,0.0,0.0026455026455026003,0.0014430014430014,0.0012025012025012,0.0019240019240019,0.0019240019240019,0.0,0.0305435305435305,0.0221260221260221,0.0084175084175084,0.0048100048100047,0.0028860028860028,0.0019240019240019,0.0002405002405002,0.0002405002405002,0.0,0.0012025012025011,0.0009620009620009,0.0002405002405002,0.0016835016835016,0.0004810004810004,0.0012025012025012,0.0177970177970177,0.0173160173160173,0.0004810004810004,0.0007215007215007,0.0007215007215007,0.0,0.0144300144300143,0.0076960076960076,0.0067340067340067,0.015151515151515,0.0093795093795093,0.0057720057720057,0.0045695045695045,0.0043290043290043,0.0002405002405002,0.0048100048100047,0.004088504088504,0.0007215007215007,0.0336700336700335,0.017075517075517,0.0165945165945165,0.0091390091390091,0.0079365079365079,0.0012025012025012,0.0002405002405002,0.0002405002405002,0.0,0.0021645021645021,0.0019240019240019,0.0002405002405002,0.0238095238095238,0.0226070226070226,0.0012025012025012,0.0168350168350168,0.0144300144300144,0.0024050024050024,1992
2017-05-01,2017,5,0.8468468468468469,0.3502526917161063,0.4965941551307405,0.002417051197539,0.000878927708196,0.001538123489343,0.0063722258844210004,0.002856515051637,0.003515710832784,0.000439463854098,0.000439463854098,0.0,0.018018018018018,0.010766864425401,0.007251153592617,0.003955174686882,0.003076246978686,0.000878927708196,0.004174906613931,0.002636783124588,0.001538123489343,0.001538123489343,0.000659195781147,0.000878927708196,0.002856515051637,0.000878927708196,0.001977587343441,0.023291584267194,0.021313996923753,0.001977587343441,0.000878927708196,0.000878927708196,0.0,0.0074708855196659995,0.004834102395078,0.002636783124588,0.020874533069654998,0.012744451768842,0.008130081300813,0.000659195781147,0.000659195781147,0.0,0.005713030103274,0.005273566249176,0.000439463854098,0.015161502966381,0.007031421665568,0.008130081300813,0.002856515051637,0.001757855416392,0.001098659635245,0.000219731927049,0.000219731927049,0.0,0.001318391562294,0.001098659635245,0.000219731927049,0.020215337288508,0.01757855416392,0.002636783124588,0.016699626455724,0.013843111404087,0.002856515051637,2088
2017-06-01,2017,6,0.7100871731008715,0.3317559153175591,0.3783312577833125,0.0054794520547944,0.0052303860523038,0.0002490660024906,0.0027397260273971996,0.0022415940224159,0.0004981320049813,0.0009962640099626,0.0009962640099626,0.0,0.0179327521793274,0.0119551681195516,0.0059775840597758,0.0047322540473223994,0.0044831880448318,0.0002490660024906,0.0009962640099626,0.0009962640099626,0.0,0.0039850560398505,0.0037359900373599,0.0002490660024906,0.0014943960149439,0.0004981320049813,0.0009962640099626,0.0273972602739725,0.0254047322540473,0.0019925280199252,0.0052303860523038,0.0052303860523038,0.0,0.014196762141967599,0.0129514321295143,0.0012453300124533,0.1051058530510584,0.09813200498132,0.0069738480697384,0.0002490660024906,0.0002490660024906,0.0,0.0069738480697384,0.0062266500622665,0.0007471980074719,0.0189290161892901,0.0171855541718555,0.0017434620174346,0.0032378580323785,0.0032378580323785,0.0,0.0009962640099625,0.0007471980074719,0.0002490660024906,0.0039850560398505,0.0029887920298879,0.0009962640099626,0.035118306351183,0.0333748443337484,0.0017434620174346,0.0346201743462016,0.0281444582814445,0.0064757160647571,2375
2017-07-01,2017,7,0.7603503184713375,0.3683651804670912,0.3919851380042463,0.001592356687898,0.0013269639065817,0.0002653927813163,0.005838641188959499,0.0042462845010615,0.001592356687898,0.0,0.0,0.0,0.022292993630573202,0.0161889596602972,0.006104033970276,0.0076963906581740005,0.0058386411889596,0.0018577494692144,0.0013269639065817,0.0013269639065817,0.0,0.001592356687898,0.001592356687898,0.0,0.0108811040339702,0.006104033970276,0.0047770700636942,0.0153927813163481,0.0153927813163481,0.0,0.0013269639065817,0.0013269639065817,0.0,0.0148619957537154,0.012208067940552,0.0026539278131634,0.0761677282377918,0.066348195329087,0.0098195329087048,0.0,0.0,0.0,0.006104033970276,0.006104033970276,0.0,0.0180467091295116,0.0138004246284501,0.0042462845010615,0.0039808917197451,0.0031847133757961,0.000796178343949,0.0,0.0,0.0,0.0026539278131634,0.0026539278131634,0.0,0.0196390658174097,0.0177813163481953,0.0018577494692144,0.0321125265392781,0.0291932059447983,0.0029193205944798,2151
2017-08-01,2017,8,0.796487315305269,0.3387231669919152,0.4577641483133537,0.0027878449958182,0.0027878449958182,0.0,0.0039029829941454,0.0027878449958182,0.0011151379983272,0.0,0.0,0.0,0.0192361304711457,0.0142180094786729,0.0050181209924728,0.0097574574853637,0.0075271814887092,0.0022302759966545,0.0002787844995818,0.0002787844995818,0.0,0.0011151379983272,0.0011151379983272,0.0,0.0052969054920546,0.0002787844995818,0.0050181209924728,0.0136604404795093,0.0119877334820184,0.0016727069974909,0.0027878449958182,0.0027878449958182,0.0,0.026484527460273098,0.0189573459715639,0.0075271814887092,0.0515751324226372,0.0451630889322553,0.0064120434903819,0.0,0.0,0.0,0.0016727069974909,0.0016727069974909,0.0,0.020351268469473,0.0158907164761639,0.0044605519933091,0.0052969054920546,0.0052969054920546,0.0,0.0002787844995818,0.0002787844995818,0.0,0.0027878449958181,0.0019514914970727,0.0008363534987454,0.0170058544744911,0.0136604404795093,0.0033454139949818,0.0228603289657094,0.0186785614719821,0.0041817674937273,1798
2017-09-01,2017,9,0.8269073010664478,0.3490566037735849,0.477850697292863,0.0028712059064806,0.0024610336341263,0.0004101722723543,0.0057424118129613,0.0016406890894175,0.0041017227235438,0.0,0.0,0.0,0.0184577522559474,0.0114848236259228,0.0069729286300246,0.0082034454470877,0.0057424118129614,0.0024610336341263,0.0,0.0,0.0,0.0008203445447087,0.0008203445447087,0.0,0.0065627563576701,0.0045118949958982,0.0020508613617719,0.0393765381460212,0.0381460213289581,0.0012305168170631,0.0045118949958982,0.0045118949958982,0.0,0.007793273174733301,0.005332239540607,0.0024610336341263,0.012715340442986,0.0094339622641509,0.0032813781788351,0.0,0.0,0.0,0.0041017227235438,0.0032813781788351,0.0008203445447087,0.0061525840853157,0.0024610336341263,0.0036915504511894,0.0082034454470877,0.0049220672682526,0.0032813781788351,0.0,0.0,0.0,0.0077932731747333,0.0069729286300246,0.0008203445447087,0.019688269073010602,0.0164068908941755,0.0032813781788351,0.0217391304347825,0.0176374077112387,0.0041017227235438,1179
2017-10-01,2017,10,0.7978309232480534,0.3381535038932147,0.4596774193548387,0.0041713014460511,0.0019466073414905,0.0022246941045606,0.0044493882091212,0.0022246941045606,0.0022246941045606,0.0,0.0,0.0,0.0200222469410455,0.0127919911012235,0.007230255839822,0.0158509454949943,0.0130700778642936,0.0027808676307007,0.0019466073414905,0.0019466073414905,0.0,0.0,0.0,0.0,0.005839822024471499,0.0027808676307007,0.0030589543937708,0.046162402669632896,0.0425472747497219,0.003615127919911,0.0066740823136818,0.0066740823136818,0.0,0.0150166852057841,0.0111234705228031,0.003893214682981,0.0094549499443825,0.003893214682981,0.0055617352614015,0.0022246941045605,0.0019466073414905,0.00027808676307,0.0036151279199108997,0.0030589543937708,0.0005561735261401,0.018353726362625,0.0114015572858731,0.0069521690767519,0.0088987764182424,0.0058398220244716,0.0030589543937708,0.0008342602892102,0.0008342602892102,0.0,0.0025027808676305998,0.0022246941045606,0.00027808676307,0.023637374860956503,0.0219688542825361,0.0016685205784204,0.015294771968854199,0.0127919911012235,0.0025027808676307,1779
2017-11-01,2017,11,0.7624341720304271,0.3019309537741369,0.4605032182562902,0.0046811000585136,0.002925687536571,0.0017554125219426,0.0064365125804562995,0.0040959625511995,0.0023405500292568,0.0002925687536571,0.0002925687536571,0.0,0.0131655939145698,0.0078993563487419,0.0052662375658279,0.0134581626682269,0.010825043885313,0.0026331187829139,0.0011702750146284,0.0011702750146284,0.0,0.0008777062609713,0.0008777062609713,0.0,0.0038033937975424,0.0005851375073142,0.0032182562902282,0.052954944411936704,0.0506143943826799,0.0023405500292568,0.0169689877121123,0.0169689877121123,0.0,0.0222352252779402,0.0172615564657694,0.0049736688121708,0.0119953188999413,0.0061439438267992,0.0058513750731421,0.0002925687536571,0.0002925687536571,0.0,0.0090696313633703,0.008191925102399,0.0008777062609713,0.0122878876535985,0.0090696313633703,0.0032182562902282,0.007021650087770601,0.0067290813341135,0.0002925687536571,0.0008777062609712999,0.0002925687536571,0.0005851375073142,0.0058513750731421,0.0046811000585137,0.0011702750146284,0.031012287887653502,0.0283791691047396,0.0026331187829139,0.024575775307197102,0.0213575190169689,0.0032182562902282,1706
2017-12-01,2017,12,0.8130936227951152,0.3426051560379918,0.4704884667571234,0.0050881953867028,0.0020352781546811,0.0030529172320217,0.005427408412483,0.0030529172320217,0.0023744911804613,0.0,0.0,0.0,0.0186567164179104,0.0098371777476255,0.0088195386702849,0.0057666214382631,0.0044097693351424,0.0013568521031207,0.0,0.0,0.0,0.0,0.0,0.0,0.0111940298507461,0.003731343283582,0.0074626865671641,0.0335820895522387,0.0312075983717774,0.0023744911804613,0.010854816824966,0.010854816824966,0.0,0.0105156037991858,0.0074626865671641,0.0030529172320217,0.0047489823609226,0.0023744911804613,0.0023744911804613,0.0010176390773404,0.0003392130257801,0.0006784260515603,0.0023744911804613,0.0023744911804613,0.0,0.015264586160108399,0.0074626865671641,0.0078018995929443,0.0196743554952509,0.0193351424694708,0.0003392130257801,0.0010176390773404,0.0006784260515603,0.0003392130257801,0.0023744911804612,0.0016960651289009,0.0006784260515603,0.0223880597014924,0.0189959294436906,0.0033921302578018,0.0172998643147895,0.0135685210312075,0.003731343283582,1420
2018-01-01,2018,1,0.7829677419354838,0.3489032258064516,0.4340645161290322,0.0036129032258064003,0.0025806451612903,0.0010322580645161,0.0072258064516128,0.0041290322580645,0.0030967741935483,0.000516129032258,0.000516129032258,0.0,0.0203870967741935,0.0139354838709677,0.0064516129032258,0.0064516129032257,0.0049032258064516,0.0015483870967741,0.000516129032258,0.000516129032258,0.0,0.001290322580645,0.000774193548387,0.000516129032258,0.0033548387096773,0.0015483870967741,0.0018064516129032,0.053161290322580504,0.0503225806451612,0.0028387096774193,0.0018064516129032,0.0018064516129032,0.0,0.0121290322580644,0.0098064516129032,0.0023225806451612,0.0131612903225806,0.0072258064516129,0.0059354838709677,0.000258064516129,0.000258064516129,0.0,0.0074838709677418,0.0059354838709677,0.0015483870967741,0.0159999999999999,0.0105806451612903,0.0054193548387096,0.0185806451612902,0.0170322580645161,0.0015483870967741,0.000516129032258,0.0,0.000516129032258,0.0033548387096773,0.0028387096774193,0.000516129032258,0.0268387096774193,0.0250322580645161,0.0018064516129032,0.0234838709677418,0.0196129032258064,0.0038709677419354,2041
2018-02-01,2018,2,0.8042565107812938,0.357042845141417,0.4472136656398768,0.0042005040604872,0.0042005040604872,0.0,0.014281713805656602,0.0064407728927471,0.0078409409129095,0.0005600672080648,0.0002800336040324,0.0002800336040324,0.0173620834500139,0.0109213105572668,0.0064407728927471,0.0056006720806496,0.0033604032483898,0.0022402688322598,0.0005600672080649,0.0005600672080649,0.0,0.0,0.0,0.0,0.007000840100812001,0.0039204704564547,0.0030803696443573,0.0534864183702044,0.0518062167460095,0.0016802016241949,0.0022402688322598,0.0022402688322598,0.0,0.0092411089330719,0.0067208064967796,0.0025203024362923,0.0086810417250069,0.0050406048725847,0.0036404368524222,0.0005600672080649,0.0005600672080649,0.0,0.0050406048725846,0.0039204704564547,0.0011201344161299,0.0061607392887146,0.0044805376645197,0.0016802016241949,0.0061607392887145,0.0058807056846821,0.0002800336040324,0.0005600672080648,0.0002800336040324,0.0002800336040324,0.0044805376645196005,0.0036404368524222,0.0008401008120974,0.0327639316718005,0.0302436292355082,0.0025203024362923,0.017082049845981502,0.0137216465975917,0.0033604032483898,1840
2018-03-01,2018,3,0.7894188167839458,0.3713838936669273,0.4180349231170185,0.0015637216575448,0.0010424811050299,0.0005212405525149,0.0059942663539222,0.0020849622100599,0.0039093041438623,0.0002606202762574,0.0,0.0002606202762574,0.0182434193380244,0.0130310138128746,0.0052124055251498,0.0083398488402397,0.0065155069064373,0.0018243419338024,0.0020849622100599,0.0020849622100599,0.0,0.0,0.0,0.0,0.0023455824863173,0.0010424811050299,0.0013031013812874,0.0784467031535053,0.0755798801146729,0.0028668230388324,0.0046911649726348,0.0046911649726348,0.0,0.0067761271826947,0.0054730258014073,0.0013031013812874,0.014334115194162,0.0096429502215272,0.0046911649726348,0.0010424811050299,0.0010424811050299,0.0,0.0072973677352097,0.0059942663539223,0.0013031013812874,0.0078186082877247,0.0057336460776648,0.0020849622100599,0.0023455824863173,0.0018243419338024,0.0005212405525149,0.0005212405525149,0.0,0.0005212405525149,0.0028668230388323,0.0013031013812874,0.0015637216575449,0.0174615585092519,0.0145947354704195,0.0028668230388324,0.0294500912170966,0.0276257492832942,0.0018243419338024,2110
2018-04-01,2018,4,0.7290322580645161,0.3489481065918653,0.3800841514726508,0.002805049088359,0.0022440392706872,0.0005610098176718,0.005610098176718,0.002805049088359,0.002805049088359,0.0011220196353436,0.0011220196353436,0.0,0.017391304347826,0.0100981767180925,0.0072931276297335,0.010939691444600198,0.0078541374474053,0.0030855539971949,0.0014025245441795,0.0014025245441795,0.0,0.0002805049088359,0.0002805049088359,0.0,0.0058906030855539,0.002805049088359,0.0030855539971949,0.0948106591865357,0.091164095371669,0.0036465638148667,0.0039270687237026,0.0039270687237026,0.0,0.0143057503506311,0.0134642356241234,0.0008415147265077,0.0154277699859746,0.0117812061711079,0.0036465638148667,0.0002805049088359,0.0,0.0002805049088359,0.0030855539971949,0.002805049088359,0.0002805049088359,0.010659186535764201,0.0058906030855539,0.0047685834502103,0.0044880785413744,0.0030855539971949,0.0014025245441795,0.0,0.0,0.0,0.0033660589060308,0.0025245441795231,0.0008415147265077,0.0398316970546984,0.0364656381486676,0.0033660589060308,0.037307152875175206,0.0328190743338008,0.0044880785413744,2068
2018-05-01,2018,5,0.7309941520467835,0.3590643274853801,0.3719298245614035,0.0005847953216374,0.0002923976608187,0.0002923976608187,0.002923976608187,0.0011695906432748,0.0017543859649122,0.0017543859649122,0.0017543859649122,0.0,0.015789473684210402,0.0102339181286549,0.0055555555555555,0.006140350877192899,0.0049707602339181,0.0011695906432748,0.0005847953216374,0.0005847953216374,0.0,0.0,0.0,0.0,0.0026315789473683,0.0014619883040935,0.0011695906432748,0.1421052631578946,0.1385964912280701,0.0035087719298245,0.0020467836257309,0.0020467836257309,0.0,0.008771929824561299,0.0049707602339181,0.0038011695906432,0.0105263157894735,0.0064327485380116,0.0040935672514619,0.0002923976608187,0.0002923976608187,0.0,0.0046783625730993,0.0035087719298245,0.0011695906432748,0.0181286549707601,0.0078947368421052,0.0102339181286549,0.017543859649122702,0.0160818713450292,0.0014619883040935,0.0,0.0,0.0,0.0023391812865497,0.0023391812865497,0.0,0.017251461988304,0.0157894736842105,0.0014619883040935,0.015789473684210402,0.0122807017543859,0.0035087719298245,2014
2018-06-01,2018,6,0.6566347469220246,0.3255813953488372,0.3310533515731874,0.0047879616963063,0.0044459644322845,0.0003419972640218,0.0078659370725033,0.0037619699042407,0.0041039671682626,0.0003419972640218,0.0003419972640218,0.0,0.0174418604651162,0.011969904240766,0.0054719562243502,0.0064979480164158,0.0037619699042407,0.0027359781121751,0.0003419972640218,0.0003419972640218,0.0,0.0,0.0,0.0,0.0054719562243501,0.0013679890560875,0.0041039671682626,0.1385088919288645,0.13406292749658,0.0044459644322845,0.012311901504787798,0.0116279069767441,0.0006839945280437,0.011285909712722201,0.0092339261285909,0.0020519835841313,0.0109439124487003,0.008891928864569,0.0020519835841313,0.0020519835841312003,0.0013679890560875,0.0006839945280437,0.0071819425444596,0.0054719562243502,0.0017099863201094,0.045485636114911,0.0403556771545827,0.0051299589603283,0.0020519835841313,0.0020519835841313,0.0,0.0006839945280436,0.0003419972640218,0.0003419972640218,0.0013679890560875,0.0013679890560875,0.0,0.0420656634746921,0.0386456908344733,0.0034199726402188,0.027359781121751,0.0249658002735978,0.0023939808481532,1840
2018-07-01,2018,7,0.5957943925233644,0.3294392523364486,0.2663551401869158,0.0023364485981307997,0.0020768431983385,0.0002596053997923,0.0038940809968846003,0.0023364485981308,0.0015576323987538,0.0,0.0,0.0,0.014018691588785,0.0103842159916926,0.0036344755970924,0.0057113187954308,0.0044132917964693,0.0012980269989615,0.0002596053997923,0.0002596053997923,0.0,0.0,0.0,0.0,0.0012980269989615,0.0007788161993769,0.0005192107995846,0.2795950155763239,0.2723260643821391,0.0072689511941848,0.0264797507788162,0.0264797507788162,0.0,0.0036344755970923,0.0025960539979231,0.0010384215991692,0.0031152647975077,0.0012980269989615,0.0018172377985462,0.0,0.0,0.0,0.0054517133956385,0.0049325025960539,0.0005192107995846,0.0059709241952231006,0.0028556593977154,0.0031152647975077,0.0033748701973001,0.0033748701973001,0.0,0.0007788161993769,0.0007788161993769,0.0,0.0031152647975077,0.0025960539979231,0.0005192107995846,0.021806853582554398,0.0210280373831775,0.0007788161993769,0.024143302180685302,0.0223260643821391,0.0018172377985462,2733
2018-08-01,2018,8,0.5148982558139534,0.2739825581395348,0.2409156976744186,0.001453488372093,0.001453488372093,0.0,0.010537790697674299,0.0087209302325581,0.0018168604651162,0.0050872093023255,0.0050872093023255,0.0,0.013444767441860399,0.0101744186046511,0.0032703488372093,0.0069040697674417,0.005813953488372,0.0010901162790697,0.001453488372093,0.001453488372093,0.0,0.0007267441860465,0.0007267441860465,0.0,0.0079941860465115,0.0025436046511627,0.0054505813953488,0.2925145348837208,0.2867005813953488,0.005813953488372,0.068313953488372,0.0679505813953488,0.0003633720930232,0.0076308139534883,0.0061773255813953,0.001453488372093,0.0036337209302325004,0.001453488372093,0.0021802325581395,0.0003633720930232,0.0003633720930232,0.0,0.0061773255813953,0.0047238372093023,0.001453488372093,0.0225290697674418,0.0218023255813953,0.0007267441860465,0.002906976744186,0.002906976744186,0.0,0.001453488372093,0.001453488372093,0.0,0.004360465116279,0.004360465116279,0.0,0.0239825581395348,0.0218023255813953,0.0021802325581395,0.0054505813953487,0.004360465116279,0.0010901162790697,2016
2018-09-01,2018,9,0.7641083521444695,0.3950338600451467,0.3690744920993228,0.0022573363431150004,0.00150489089541,0.000752445447705,0.0116629044394281,0.0075244544770504,0.0041384499623777,0.0,0.0,0.0,0.0191873589164784,0.0139202407825432,0.0052671181339352,0.0086531226486079,0.0086531226486079,0.0,0.0018811136192626,0.0018811136192626,0.0,0.0,0.0,0.0,0.0173062452972158,0.0052671181339352,0.0120391271632806,0.053423626787057796,0.0507900677200902,0.0026335590669676,0.0142964635063957,0.0142964635063957,0.0,0.0094055680963129,0.0086531226486079,0.000752445447705,0.0127915726109856,0.0067720090293453,0.0060195635816403,0.000752445447705,0.000752445447705,0.0,0.0048908954100827,0.0041384499623777,0.000752445447705,0.030474040632054,0.0270880361173814,0.0033860045146726,0.0063957863054928,0.0060195635816403,0.0003762227238525,0.0018811136192625,0.000752445447705,0.0011286681715575,0.0033860045146726,0.0033860045146726,0.0,0.0233258088788562,0.0191873589164785,0.0041384499623777,0.0150489089541008,0.0131677953348382,0.0018811136192626,1562
2018-10-01,2018,10,0.8008373205741626,0.3657296650717703,0.4351076555023923,0.0017942583732056998,0.0011961722488038,0.0005980861244019,0.0032894736842104,0.0017942583732057,0.0014952153110047,0.0,0.0,0.0,0.026016746411483202,0.0200358851674641,0.0059808612440191,0.0056818181818181,0.0050837320574162,0.0005980861244019,0.0,0.0,0.0,0.0,0.0,0.0,0.0050837320574161,0.0014952153110047,0.0035885167464114,0.0325956937799042,0.0311004784688995,0.0014952153110047,0.0131578947368421,0.0131578947368421,0.0,0.0068779904306219,0.0044856459330143,0.0023923444976076,0.0236244019138755,0.0131578947368421,0.0104665071770334,0.0014952153110047,0.0014952153110047,0.0,0.0017942583732056998,0.0011961722488038,0.0005980861244019,0.0382775119617223,0.0257177033492822,0.0125598086124401,0.009569377990430599,0.0089712918660287,0.0005980861244019,0.0002990430622009,0.0,0.0002990430622009,0.0041866028708133,0.0026913875598086,0.0014952153110047,0.0149521531100477,0.0128588516746411,0.0020933014354066,0.0110645933014353,0.0098684210526315,0.0011961722488038,1737
2018-11-01,2018,11,0.8206033376123234,0.358793324775353,0.4618100128369705,0.0025673940949934,0.0022464698331193,0.0003209242618741,0.0077021822849806,0.0028883183568677,0.0048138639281129,0.0,0.0,0.0,0.0311296534017971,0.0250320924261874,0.0060975609756097,0.005134788189987,0.0016046213093709,0.0035301668806161,0.0003209242618741,0.0003209242618741,0.0,0.0,0.0,0.0,0.0048138639281128,0.0016046213093709,0.0032092426187419,0.0086649550706032,0.0067394094993581,0.0019255455712451,0.0025673940949935,0.0025673940949935,0.0,0.0182926829268292,0.0131578947368421,0.0051347881899871,0.0218228498074453,0.0157252888318356,0.0060975609756097,0.0009627727856224,0.0006418485237483,0.0003209242618741,0.0019255455712451,0.0019255455712451,0.0,0.0218228498074453,0.0173299101412066,0.0044929396662387,0.0022464698331192,0.0016046213093709,0.0006418485237483,0.0032092426187419,0.0032092426187419,0.0,0.0012836970474967,0.0012836970474967,0.0,0.0250320924261873,0.0231065468549422,0.0019255455712451,0.020539152759948498,0.0166880616174582,0.0038510911424903,1547
2018-12-01,2018,12,0.7612732095490716,0.3107869142351901,0.4504862953138815,0.0061892130857648,0.0057471264367816,0.0004420866489832,0.0079575596816976,0.0030946065428824,0.0048629531388152,0.0008841732979664,0.0008841732979664,0.0,0.029177718832891202,0.0212201591511936,0.0079575596816976,0.0150309460654288,0.0141467727674624,0.0008841732979664,0.0,0.0,0.0,0.0030946065428824002,0.0026525198938992,0.0004420866489832,0.007515473032714401,0.0026525198938992,0.0048629531388152,0.0070733863837312,0.0057471264367816,0.0013262599469496,0.0039787798408488,0.0039787798408488,0.0,0.0274093722369584,0.0172413793103448,0.0101679929266136,0.0229885057471264,0.015473032714412,0.0075154730327144,0.0008841732979664,0.0008841732979664,0.0,0.0053050397877983995,0.0035366931918656,0.0017683465959328,0.0468611847922192,0.03315649867374,0.0137046861184792,0.0066312997347480005,0.0053050397877984,0.0013262599469496,0.0,0.0,0.0,0.0017683465959328,0.0017683465959328,0.0,0.0291777188328912,0.0269672855879752,0.002210433244916,0.0203359858532272,0.0159151193633952,0.004420866489832,1104
2019-01-01,2019,1,0.7740112994350281,0.333000997008973,0.4410103024260551,0.0019940179461615,0.0006646726487205,0.001329345297441,0.0096377534064472,0.0029910269192422,0.006646726487205,0.0,0.0,0.0,0.0229312063808573,0.0172814888667331,0.0056497175141242,0.003988035892323,0.002658690594882,0.001329345297441,0.0003323363243602,0.0003323363243602,0.0,0.0,0.0,0.0,0.007643735460285701,0.0023263542705217,0.005317381189764,0.007976071784646,0.0073113991359255,0.0006646726487205,0.0,0.0,0.0,0.0126287803256895,0.0103024260551678,0.0023263542705217,0.025257560651379102,0.0232635427052176,0.0019940179461615,0.0006646726487205,0.0006646726487205,0.0,0.0089730807577267,0.0073113991359255,0.0016616816218012,0.0348953140578265,0.0216018610834164,0.0132934529744101,0.0063143901628447,0.0059820538384845,0.0003323363243602,0.0003323363243602,0.0003323363243602,0.0,0.0033233632436024,0.0023263542705217,0.0009970089730807,0.0455300764373545,0.0392156862745098,0.0063143901628447,0.0335659687603854,0.0299102691924227,0.0036556995679627,1527
2019-02-01,2019,2,0.8203928905519177,0.3451824134705332,0.4752104770813845,0.0012472715933894,0.0012472715933894,0.0,0.0031181789834736004,0.0006236357966947,0.0024945431867789,0.0,0.0,0.0,0.0364826941066416,0.0286872466479575,0.0077954474586841,0.008419083255378799,0.0062363579669473,0.0021827252884315,0.0015590894917368,0.0015590894917368,0.0,0.0,0.0,0.0,0.0053009042719051,0.0028063610851262,0.0024945431867789,0.0081072653570314,0.0077954474586841,0.0003118178983473,0.0003118178983473,0.0,0.0003118178983473,0.0053009042719051,0.003429996881821,0.0018709073900841,0.024633613969441803,0.0168381665107577,0.0077954474586841,0.0003118178983473,0.0,0.0003118178983473,0.0021827252884314002,0.0012472715933894,0.000935453695042,0.022762706579357597,0.010289990645463,0.0124727159338946,0.007795447458684,0.0074836295603367,0.0003118178983473,0.000935453695042,0.0006236357966947,0.0003118178983473,0.0024945431867788,0.0012472715933894,0.0012472715933894,0.027439975054568,0.0252572497661365,0.0021827252884315,0.0218272528843155,0.0193327096975366,0.0024945431867789,1537
2019-03-01,2019,3,0.7689855072463768,0.3423188405797101,0.4266666666666667,0.0028985507246376,0.0023188405797101,0.0005797101449275,0.0101449275362318,0.004927536231884,0.0052173913043478,0.0002898550724637,0.0002898550724637,0.0,0.027826086956521598,0.017391304347826,0.0104347826086956,0.0156521739130434,0.0144927536231884,0.001159420289855,0.0008695652173912,0.0002898550724637,0.0005797101449275,0.0002898550724637,0.0002898550724637,0.0,0.0034782608695651,0.0028985507246376,0.0005797101449275,0.011884057971014399,0.0113043478260869,0.0005797101449275,0.0002898550724637,0.0002898550724637,0.0,0.0150724637681159,0.012463768115942,0.0026086956521739,0.0144927536231883,0.0107246376811594,0.0037681159420289,0.0002898550724637,0.0002898550724637,0.0,0.0028985507246376,0.0023188405797101,0.0005797101449275,0.0368115942028985,0.0243478260869565,0.012463768115942,0.008405797101449201,0.0081159420289855,0.0002898550724637,0.0008695652173912,0.0002898550724637,0.0005797101449275,0.001159420289855,0.0008695652173913,0.0002898550724637,0.0533333333333333,0.0498550724637681,0.0034782608695652,0.025507246376811503,0.0220289855072463,0.0034782608695652,1818
2019-04-01,2019,4,0.788109229173868,0.388178361562392,0.399930867611476,0.0010369858278603,0.0010369858278603,0.0,0.0072589007950224,0.003110957483581,0.0041479433114414,0.0020739716557207,0.0020739716557207,0.0,0.0241963359834081,0.0186657449014863,0.0055305910819218,0.0103698582786034,0.0096785343933632,0.0006913238852402,0.0006913238852402,0.0006913238852402,0.0,0.0010369858278603,0.0010369858278603,0.0,0.006221914967162,0.0027652955409609,0.0034566194262011,0.0093328724507431,0.0093328724507431,0.0,0.0006913238852402,0.0003456619426201,0.0003456619426201,0.0179744210162461,0.0138264777048047,0.0041479433114414,0.0245419979260283,0.0217767023850674,0.0027652955409609,0.0003456619426201,0.0003456619426201,0.0,0.003110957483581,0.003110957483581,0.0,0.0283442792948496,0.0197027307293467,0.0086415485655029,0.0210853784998271,0.020739716557207,0.0003456619426201,0.0003456619426201,0.0003456619426201,0.0,0.0024196335983407,0.0017283097131005,0.0006913238852402,0.0349118562046317,0.0331835464915312,0.0017283097131005,0.0193570687867264,0.0155547874179052,0.0038022813688212,1632
2019-05-01,2019,5,0.8249636098981077,0.4166666666666667,0.408296943231441,0.0018195050946142,0.0018195050946142,0.0,0.0040029112081513005,0.0025473071324599,0.0014556040756914,0.0,0.0,0.0,0.0342066957787481,0.0269286754002911,0.007278020378457,0.0105531295487627,0.009825327510917,0.0007278020378457,0.0,0.0,0.0,0.0,0.0,0.0,0.0211062590975254,0.0061863173216885,0.0149199417758369,0.0058224163027656,0.0058224163027656,0.0,0.0007278020378457,0.0007278020378457,0.0,0.015283842794759701,0.0094614264919941,0.0058224163027656,0.0087336244541484,0.0058224163027656,0.0029112081513828,0.0,0.0,0.0,0.0021834061135371,0.0014556040756914,0.0007278020378457,0.0109170305676854,0.0054585152838427,0.0054585152838427,0.0043668122270742,0.0021834061135371,0.0021834061135371,0.0007278020378456,0.0003639010189228,0.0003639010189228,0.0025473071324599,0.0025473071324599,0.0,0.0363901018922852,0.0331149927219796,0.0032751091703056,0.0189228529839882,0.0141921397379912,0.004730713245997,1491
2019-06-01,2019,6,0.767458603311735,0.3909287257019438,0.3765298776097912,0.0021598272138228,0.001799856011519,0.0003599712023038,0.0053995680345571995,0.0025197984161267,0.0028797696184305,0.0003599712023038,0.0003599712023038,0.0,0.0302375809935204,0.0269978401727861,0.0032397408207343,0.0111591072714182,0.0107991360691144,0.0003599712023038,0.0,0.0,0.0,0.001799856011519,0.001799856011519,0.0,0.009719222462203001,0.0046796256299496,0.0050395968322534,0.0053995680345572,0.0046796256299496,0.0007199424046076,0.0007199424046076,0.0007199424046076,0.0,0.0086393088552915,0.0061195104391648,0.0025197984161267,0.0205183585313174,0.0158387329013678,0.0046796256299496,0.0,0.0,0.0,0.0086393088552915,0.0086393088552915,0.0,0.0187185025197983,0.015478761699064,0.0032397408207343,0.0064794816414686,0.0061195104391648,0.0003599712023038,0.0,0.0,0.0,0.0010799136069114,0.0010799136069114,0.0,0.0748740100791936,0.0655147588192944,0.0093592512598992,0.0298776097912166,0.023398128149748,0.0064794816414686,1624
2019-07-01,2019,7,0.798984468339307,0.3563321385902031,0.4426523297491039,0.0041816009557944,0.0032855436081242,0.0008960573476702,0.0041816009557944,0.0020908004778972,0.0020908004778972,0.0,0.0,0.0,0.0361409796893667,0.0289725209080047,0.007168458781362,0.0283751493428912,0.0229988052568697,0.0053763440860215,0.0002986857825567,0.0002986857825567,0.0,0.003584229390681,0.003584229390681,0.0,0.0089605734767025,0.004778972520908,0.0041816009557945,0.0101553166069294,0.0086618876941457,0.0014934289127837,0.0,0.0,0.0,0.0235961768219832,0.0200119474313022,0.003584229390681,0.0170250896057347,0.0116487455197132,0.0053763440860215,0.001194743130227,0.0005973715651135,0.0005973715651135,0.0086618876941457,0.0086618876941457,0.0,0.0092592592592592,0.008363201911589,0.0008960573476702,0.0008960573476701999,0.0002986857825567,0.0005973715651135,0.0002986857825567,0.0,0.0002986857825567,0.0077658303464755,0.0077658303464755,0.0,0.0218040621266427,0.017921146953405,0.0038829151732377,0.0227001194743129,0.0176224611708482,0.0050776583034647,1728
2019-08-01,2019,8,0.8040865384615383,0.3413461538461538,0.4627403846153846,0.0056089743589743,0.0036057692307692,0.0020032051282051,0.0060096153846153,0.0028044871794871,0.0032051282051282,0.0,0.0,0.0,0.033253205128204996,0.0260416666666666,0.0072115384615384,0.0236378205128204,0.0196314102564102,0.0040064102564102,0.0,0.0,0.0,0.0,0.0,0.0,0.0088141025641025,0.0020032051282051,0.0068108974358974,0.0140224358974358,0.0104166666666666,0.0036057692307692,0.000801282051282,0.000400641025641,0.000400641025641,0.0080128205128205,0.0064102564102564,0.0016025641025641,0.013621794871794799,0.0072115384615384,0.0064102564102564,0.000801282051282,0.000400641025641,0.000400641025641,0.008413461538461401,0.0072115384615384,0.001201923076923,0.0196314102564101,0.0108173076923076,0.0088141025641025,0.0052083333333331995,0.0044070512820512,0.000801282051282,0.002003205128205,0.001201923076923,0.000801282051282,0.0048076923076922,0.0036057692307692,0.001201923076923,0.026842948717948602,0.0248397435897435,0.0020032051282051,0.017227564102564,0.0136217948717948,0.0036057692307692,1209
2019-09-01,2019,9,0.800129785853342,0.3676184295911746,0.4325113562621674,0.0025957170668397,0.0025957170668397,0.0,0.0142764438676183,0.0068137573004542,0.0074626865671641,0.0,0.0,0.0,0.0402336145360155,0.0308241401687216,0.0094094743672939,0.0340687865022712,0.0308241401687216,0.0032446463335496,0.0006489292667099,0.0006489292667099,0.0,0.0,0.0,0.0,0.0155743024010382,0.008436080467229,0.0071382219338092,0.007462686567164,0.0064892926670992,0.0009733939000648,0.0,0.0,0.0,0.022712524334847398,0.0133030499675535,0.0094094743672939,0.006164828033744201,0.0032446463335496,0.0029201817001946,0.0,0.0,0.0,0.0042180402336144,0.0038935756002595,0.0003244646333549,0.018170019467877902,0.0158987670343932,0.0022712524334847,0.0032446463335495997,0.0025957170668397,0.0006489292667099,0.0,0.0,0.0,0.0029201817001946,0.0022712524334847,0.0006489292667099,0.0158987670343932,0.0133030499675535,0.0025957170668397,0.0158987670343932,0.0133030499675535,0.0025957170668397,1602
2019-10-01,2019,10,0.7604726100966701,0.3544575725026853,0.4060150375939849,0.0028643036161833,0.0025062656641604,0.0003580379520229,0.012531328320802,0.0075187969924812,0.0050125313283208,0.0,0.0,0.0,0.0368779090583601,0.0318653777300393,0.0050125313283208,0.0300751879699247,0.0272108843537414,0.0028643036161833,0.0028643036161833,0.0028643036161833,0.0,0.0,0.0,0.0,0.0046544933762978,0.0021482277121374,0.0025062656641604,0.0053705692803437,0.0050125313283208,0.0003580379520229,0.0003580379520229,0.0003580379520229,0.0,0.022556390977443497,0.0146795560329394,0.0078768349445041,0.0107411385606874,0.0053705692803437,0.0053705692803437,0.0021482277121374,0.0021482277121374,0.0,0.0046544933762978,0.0046544933762978,0.0,0.016469745793054,0.0103831006086645,0.0060866451843895,0.0007160759040458,0.0007160759040458,0.0,0.0017901897601145,0.0014321518080916,0.0003580379520229,0.0021482277121374,0.0021482277121374,0.0,0.043322592194772504,0.0386680988184747,0.0046544933762978,0.043680630146795504,0.0372359470103831,0.0064446831364124,1532
2019-11-01,2019,11,0.748099891422367,0.3988418385812523,0.3492580528411147,0.0018096272167933,0.0018096272167933,0.0,0.011943539630836001,0.006514657980456,0.00542888165038,0.0,0.0,0.0,0.013029315960911999,0.0112196887441187,0.0018096272167933,0.022077452044878598,0.019543973941368,0.0025334781035106,0.0,0.0,0.0,0.0,0.0,0.0,0.024972855591748,0.019543973941368,0.00542888165038,0.0057908070937386005,0.0050669562070213,0.0007238508867173,0.0014477017734346,0.0014477017734346,0.0,0.0191820484980093,0.013029315960912,0.0061527325370973,0.0057908070937386005,0.004343105320304,0.0014477017734346,0.0,0.0,0.0,0.0115816141874773,0.0112196887441187,0.0003619254433586,0.018458197611292,0.014115092290988,0.004343105320304,0.0014477017734346,0.0014477017734346,0.0,0.0003619254433586,0.0003619254433586,0.0,0.0025334781035106,0.0025334781035106,0.0,0.0850524791892869,0.0832428519724936,0.0018096272167933,0.0289540354686934,0.0256967064784654,0.003257328990228,1706
2019-12-01,2019,12,0.7637499999999999,0.3754166666666667,0.3883333333333333,0.0045833333333332995,0.00375,0.0008333333333333,0.0083333333333333,0.005,0.0033333333333333,0.0008333333333333,0.0008333333333333,0.0,0.0541666666666666,0.0458333333333333,0.0083333333333333,0.03,0.02625,0.00375,0.0,0.0,0.0,0.0,0.0,0.0,0.0083333333333332,0.0041666666666666,0.0041666666666666,0.01125,0.01125,0.0,0.0,0.0,0.0,0.0195833333333333,0.01375,0.0058333333333333,0.01375,0.00625,0.0075,0.0,0.0,0.0,0.0054166666666666,0.005,0.0004166666666666,0.0079166666666666,0.00375,0.0041666666666666,0.0049999999999999,0.0045833333333333,0.0004166666666666,0.0008333333333333,0.0008333333333333,0.0,0.0054166666666666,0.0029166666666666,0.0025,0.0458333333333333,0.0433333333333333,0.0025,0.0179166666666666,0.0141666666666666,0.00375,1355
2020-01-01,2020,1,0.7324271844660193,0.356504854368932,0.3759223300970873,0.0031067961165048,0.0031067961165048,0.0,0.0062135922330096,0.0023300970873786,0.003883495145631,0.0,0.0,0.0,0.0314563106796115,0.0271844660194174,0.0042718446601941,0.0314563106796115,0.0260194174757281,0.0054368932038834,0.0015533980582524,0.0015533980582524,0.0,0.0003883495145631,0.0003883495145631,0.0,0.0042718446601941,0.0019417475728155,0.0023300970873786,0.0287378640776698,0.0283495145631067,0.0003883495145631,0.0019417475728155,0.0019417475728155,0.0,0.0244660194174756,0.0132038834951456,0.01126213592233,0.0100970873786407,0.0066019417475728,0.0034951456310679,0.0,0.0,0.0,0.0163106796116504,0.0159223300970873,0.0003883495145631,0.033009708737864,0.0201941747572815,0.0128155339805825,0.0054368932038834,0.0050485436893203,0.0003883495145631,0.0007766990291262,0.0007766990291262,0.0,0.0054368932038834005,0.0046601941747572,0.0007766990291262,0.0388349514563106,0.0361165048543689,0.0027184466019417,0.0291262135922329,0.025631067961165,0.0034951456310679,1478
2020-02-01,2020,2,0.7070452911574406,0.3058950395398993,0.4011502516175413,0.0017972681524083,0.0007189072609633,0.001078360891445,0.010424155283968301,0.0061107117181883,0.00431344356578,0.0,0.0,0.0,0.03450754852624,0.0265995686556434,0.0079079798705966,0.015456506110711601,0.0136592379583033,0.0017972681524083,0.0003594536304816,0.0003594536304816,0.0,0.0,0.0,0.0,0.0079079798705966,0.0014378145219266,0.00647016534867,0.061466570812365104,0.0589503953989935,0.0025161754133716,0.007907979870596599,0.007548526240115,0.0003594536304816,0.0122214234363766,0.00647016534867,0.0057512580877066,0.0089863407620416,0.005391804457225,0.0035945363048166,0.0,0.0,0.0,0.0316319194823867,0.0283968368080517,0.003235082674335,0.0219266714593817,0.011861969805895,0.0100647016534867,0.0039539899352983,0.0039539899352983,0.0,0.0007189072609633,0.0007189072609633,0.0,0.0028756290438532,0.0025161754133716,0.0003594536304816,0.0445722501797267,0.0409777138749101,0.0035945363048166,0.0294751976994967,0.0255212077641984,0.0039539899352983,1516
2020-03-01,2020,3,0.6544066620402498,0.2696044413601665,0.3848022206800833,0.0024288688410824,0.0017349063150589,0.0006939625260235,0.0072866065232476,0.0045107564191533,0.0027758501040943,0.0,0.0,0.0,0.0256766134628729,0.0194309507286606,0.0062456627342123,0.014920194309507199,0.0121443442054129,0.0027758501040943,0.0010409437890352,0.0003469812630117,0.0006939625260235,0.0,0.0,0.0,0.0503122831367105,0.0048577376821651,0.0454545454545454,0.1148507980569048,0.1096460791117279,0.0052047189451769,0.0069396252602359,0.0069396252602359,0.0,0.017002081887578,0.0097154753643303,0.0072866065232477,0.0111034004163774,0.0052047189451769,0.0058986814712005,0.006592643997224,0.0041637751561415,0.0024288688410825,0.0079805690492712,0.0062456627342123,0.0017349063150589,0.0190839694656488,0.0131852879944483,0.0058986814712005,0.0038167938931296004,0.0034698126301179,0.0003469812630117,0.0003469812630117,0.0003469812630117,0.0,0.001387925052047,0.0006939625260235,0.0006939625260235,0.0281054823039554,0.0270645385149201,0.0010409437890353,0.0294934073560027,0.0249826509368494,0.0045107564191533,1504
2020-04-01,2020,4,0.6693360026693359,0.2512512512512512,0.4180847514180847,0.0010010010010009,0.0003336670003336,0.0006673340006673,0.014681348014681298,0.008008008008008,0.0066733400066733,0.0003336670003336,0.0,0.0003336670003336,0.0090090090090089,0.0066733400066733,0.0023356690023356,0.0113446780113446,0.007007007007007,0.0043376710043376,0.0033366700033366,0.0033366700033366,0.0,0.0,0.0,0.0,0.0627293960627293,0.0156823490156823,0.047047047047047,0.1251251251251251,0.1181181181181181,0.007007007007007,0.012012012012011901,0.0116783450116783,0.0003336670003336,0.0156823490156823,0.009009009009009,0.0066733400066733,0.0186853520186853,0.0106773440106773,0.008008008008008,0.0026693360026692,0.0013346680013346,0.0013346680013346,0.0026693360026692997,0.002002002002002,0.0006673340006673,0.0056723390056723,0.004004004004004,0.0016683350016683,0.0013346680013346,0.001001001001001,0.0003336670003336,0.0,0.0,0.0,0.0006673340006673,0.0,0.0006673340006673,0.0230230230230229,0.0206873540206873,0.0023356690023356,0.0236903570236903,0.02002002002002,0.0036703370036703,1467
2020-05-01,2020,5,0.7062995410930328,0.3308302044221944,0.3754693366708385,0.0029203170629954,0.0029203170629954,0.0,0.0179390905298289,0.0087609511889862,0.0091781393408427,0.0004171881518564,0.0004171881518564,0.0,0.008343763037129701,0.0062578222778473,0.0020859407592824,0.0179390905298289,0.0125156445556946,0.0054234459741343,0.0008343763037129,0.0008343763037129,0.0,0.0004171881518564,0.0004171881518564,0.0,0.0546516478931997,0.0050062578222778,0.0496453900709219,0.0559032123487692,0.0550688360450563,0.0008343763037129,0.0045890696704213,0.0045890696704213,0.0,0.012932832707550999,0.0104297037964121,0.0025031289111389,0.011264080100125001,0.0079265748852732,0.0033375052148518,0.0037546933667083,0.0016687526074259,0.0020859407592824,0.0050062578222778,0.0050062578222778,0.0,0.0271172298706716,0.0250312891113892,0.0020859407592824,0.009178139340842599,0.0087609511889862,0.0004171881518564,0.0004171881518564,0.0,0.0004171881518564,0.0037546933667083,0.0037546933667083,0.0,0.0358781810596578,0.032540675844806,0.0033375052148518,0.0287859824780975,0.0246141009595327,0.0041718815185648,1297
2020-06-01,2020,6,0.7808349146110056,0.4285262492093611,0.3523086654016445,0.0037950664136622,0.0037950664136622,0.0,0.0050600885515496,0.0018975332068311,0.0031625553447185,0.0,0.0,0.0,0.0243516761543326,0.0211891208096141,0.0031625553447185,0.0063251106894369,0.004111321948134,0.0022137887413029,0.0034788108791903,0.0034788108791903,0.0,0.0003162555344718,0.0003162555344718,0.0,0.024984187223276298,0.0022137887413029,0.0227703984819734,0.0132827324478178,0.0132827324478178,0.0,0.0012650221378874,0.0012650221378874,0.0,0.0110689437065148,0.0053763440860215,0.0056925996204933,0.0053763440860214,0.0037950664136622,0.0015812776723592,0.0009487666034155,0.0003162555344718,0.0006325110689437,0.0044275774826059,0.0037950664136622,0.0006325110689437,0.0338393421884882,0.0309930423782416,0.0028462998102466,0.0177103099304237,0.01707779886148,0.0006325110689437,0.0006325110689436,0.0003162555344718,0.0003162555344718,0.0031625553447185,0.0031625553447185,0.0,0.0452245414294749,0.0420619860847564,0.0031625553447185,0.0139152435167614,0.0123339658444022,0.0015812776723592,1894
2020-07-01,2020,7,0.7327935222672064,0.4419184054811585,0.2908751167860479,0.0031142946122703,0.0031142946122703,0.0,0.0068514481469946,0.0052943008408595,0.0015571473061351,0.0012457178449081,0.0012457178449081,0.0,0.0451572718779196,0.0417315478044223,0.0034257240734973,0.0084085954531298,0.0062285892245406,0.0021800062285892,0.0062285892245406,0.0062285892245406,0.0,0.0,0.0,0.0,0.0121457489878541,0.0015571473061351,0.010588601681719,0.007474307069448701,0.0071628776082217,0.000311429461227,0.0015571473061351,0.0015571473061351,0.0,0.0189971971348489,0.0158829025225786,0.0031142946122703,0.0074743070694487,0.0062285892245406,0.0012457178449081,0.000934288383681,0.000934288383681,0.0,0.008097165991902699,0.0065400186857676,0.0015571473061351,0.047960137028962804,0.0436001245717844,0.0043600124571784,0.0186857676736218,0.0180629087511678,0.000622858922454,0.0012457178449081,0.0012457178449081,0.0,0.0034257240734973,0.0034257240734973,0.0,0.046091560261600606,0.0426658361881033,0.0034257240734973,0.0261600747430706,0.0211772033634381,0.0049828713796325,2159
2020-08-01,2020,8,0.7262118491921004,0.4467384799521244,0.279473369239976,0.0011968880909634,0.0011968880909634,0.0,0.011968880909634801,0.009275882704967,0.0026929982046678,0.0002992220227408,0.0002992220227408,0.0,0.0391980849790543,0.03770197486535,0.0014961101137043,0.014063435068821,0.0113704368641532,0.0026929982046678,0.0700179533213644,0.0700179533213644,0.0,0.0,0.0,0.0,0.010771992818671399,0.0017953321364452,0.0089766606822262,0.014063435068821,0.0131657690005984,0.0008976660682226,0.0002992220227408,0.0002992220227408,0.0,0.0107719928186714,0.0086774386594853,0.0020945541591861,0.0065828845002991,0.0050867743865948,0.0014961101137043,0.0005984440454816,0.0002992220227408,0.0002992220227408,0.0035906642728904,0.0035906642728904,0.0,0.038001196888090796,0.0356074207061639,0.0023937761819269,0.0128665469778574,0.011669658886894,0.0011968880909634,0.0008976660682226,0.0008976660682226,0.0,0.0023937761819269,0.0023937761819269,0.0,0.0194494314781567,0.0179533213644524,0.0014961101137043,0.0209455415918611,0.0155595451825254,0.0053859964093357,2306
2020-09-01,2020,9,0.8225108225108224,0.4625374625374625,0.35997335997336,0.0023310023310023,0.0023310023310023,0.0,0.0083250083250082,0.0039960039960039,0.0043290043290043,0.0,0.0,0.0,0.0356310356310355,0.0309690309690309,0.0046620046620046,0.013986013986013901,0.0126540126540126,0.0013320013320013,0.0123210123210123,0.0123210123210123,0.0,0.0,0.0,0.0,0.0089910089910089,0.0056610056610056,0.0033300033300033,0.0109890109890109,0.0109890109890109,0.0,0.0003330003330003,0.0003330003330003,0.0,0.0196470196470195,0.0149850149850149,0.0046620046620046,0.0079920079920079,0.0076590076590076,0.0003330003330003,0.0016650016650016,0.0016650016650016,0.0,0.0029970029970029,0.0029970029970029,0.0,0.0103230103230102,0.0069930069930069,0.0033300033300033,0.0026640026640026,0.0026640026640026,0.0,0.0003330003330003,0.0003330003330003,0.0,0.0059940059940059,0.0059940059940059,0.0,0.0249750249750248,0.0229770229770229,0.0019980019980019,0.0096570096570095,0.0076590076590076,0.0019980019980019,1845
2020-10-01,2020,10,0.7947986045036473,0.4316523945448779,0.3631462099587694,0.0019029495718362,0.0012686330478908,0.0006343165239454,0.0111005391690453,0.009197589597209,0.0019029495718363,0.0,0.0,0.0,0.027909927053599702,0.0234697113859816,0.0044402156676181,0.0152235965746907,0.014906438312718,0.0003171582619727,0.0072946400253726,0.0072946400253726,0.0,0.0,0.0,0.0,0.0091975895972089,0.0034887408816999,0.005708848715509,0.0177608626704724,0.0168093878845543,0.0009514747859181,0.0003171582619727,0.0003171582619727,0.0,0.0253726609578179,0.0145892800507453,0.0107833809070726,0.0034887408816999003,0.0015857913098636,0.0019029495718363,0.0006343165239454,0.0006343165239454,0.0,0.0069774817633999,0.0066603235014272,0.0003171582619727,0.0168093878845543,0.0130034887408817,0.0038058991436726,0.0041230574056453,0.0038058991436726,0.0003171582619727,0.0009514747859181,0.0009514747859181,0.0,0.0053916904535362,0.0041230574056454,0.0012686330478908,0.0329844592451632,0.0282270853155724,0.0047573739295908,0.0202981287662543,0.014906438312718,0.0053916904535363,1874
2020-11-01,2020,11,0.7845977887914601,0.3656118947769729,0.4189858940144872,0.0026686999618756,0.0022874571101791,0.0003812428516965,0.0038124285169652,0.0022874571101791,0.0015249714067861,0.000762485703393,0.000762485703393,0.0,0.0327868852459016,0.0263057567670606,0.006481128478841,0.024399542508577902,0.0236370568051849,0.000762485703393,0.0011437285550895,0.0011437285550895,0.0,0.0,0.0,0.0,0.0099123141441097,0.0015249714067861,0.0083873427373236,0.0171559283263438,0.0163934426229508,0.000762485703393,0.0015249714067861,0.0015249714067861,0.0,0.0121997712542888,0.0060998856271444,0.0060998856271444,0.004956157072054801,0.0041936713686618,0.000762485703393,0.0011437285550895,0.0011437285550895,0.0,0.006481128478841,0.006481128478841,0.0,0.0316431566908119,0.0221120853983987,0.0095310712924132,0.0041936713686618,0.0038124285169653,0.0003812428516965,0.0,0.0,0.0,0.0045749142203583,0.0038124285169653,0.000762485703393,0.0373617994662599,0.0369805566145634,0.0003812428516965,0.0217308425467021,0.019443385436523,0.0022874571101791,1424
2020-12-01,2020,12,0.7467811158798282,0.357176919408679,0.3896041964711492,0.0014306151645207,0.0014306151645207,0.0,0.0200286123032903,0.0090605627086313,0.010968049594659,0.0009537434430138,0.0009537434430138,0.0,0.025751072961373297,0.0238435860753457,0.0019074868860276,0.010968049594659,0.0100143061516452,0.0009537434430138,0.0019074868860276,0.0019074868860276,0.0,0.0,0.0,0.0,0.0257510729613733,0.0047687172150691,0.0209823557463042,0.019074868860276498,0.0176442536957558,0.0014306151645207,0.0009537434430138,0.0009537434430138,0.0,0.0314735336194563,0.0181211254172627,0.0133524082021936,0.016213638531235,0.0085836909871244,0.0076299475441106,0.0095374344301382,0.0066762041010968,0.0028612303290414,0.0085836909871244,0.0081068192656175,0.0004768717215069,0.0252742012398664,0.016690510252742,0.0085836909871244,0.0057224606580829,0.0057224606580829,0.0,0.0004768717215069,0.0,0.0004768717215069,0.0023843586075345,0.0023843586075345,0.0,0.0267048164043871,0.0247973295183595,0.0019074868860276,0.0224129709108249,0.0171673819742489,0.005245588936576,1120
2021-01-01,2021,1,0.7633410672853826,0.369572422936692,0.3937686443486907,0.0026516407026846,0.0023201856148491,0.0003314550878355,0.0066291017567118,0.0046403712296983,0.0019887305270135,0.0016572754391779,0.0016572754391779,0.0,0.0198873052701358,0.0155783891282731,0.0043089161418627,0.0026516407026846,0.0023201856148491,0.0003314550878355,0.0043089161418627,0.0043089161418627,0.0,0.0,0.0,0.0,0.0109380178985746,0.0016572754391779,0.0092807424593967,0.0162412993039442,0.0152469340404375,0.0009943652635067,0.0,0.0,0.0,0.0208816705336426,0.0149154789526019,0.0059661915810407,0.012263838249917001,0.0082863771958899,0.0039774610540271,0.0019887305270134,0.0013258203513423,0.0006629101756711,0.0062976466688763,0.0062976466688763,0.0,0.0178985747431222,0.0159098442161087,0.0019887305270135,0.0076234670202185995,0.0059661915810407,0.0016572754391779,0.0009943652635067,0.0009943652635067,0.0,0.0003314550878355,0.0003314550878355,0.0,0.0656281073914483,0.0599933708982432,0.0056347364932051,0.038117335101093705,0.0328140536957242,0.0053032814053695,1701
2021-02-01,2021,2,0.7772346368715083,0.3491620111731843,0.428072625698324,0.0031424581005584998,0.0027932960893854,0.0003491620111731,0.0052374301675976,0.0027932960893854,0.0024441340782122,0.0,0.0,0.0,0.0443435754189943,0.0296787709497206,0.0146648044692737,0.014664804469273601,0.011522346368715,0.0031424581005586,0.0052374301675977,0.0052374301675977,0.0,0.0,0.0,0.0,0.0076815642458099,0.0027932960893854,0.0048882681564245,0.030027932960893698,0.0293296089385474,0.0006983240223463,0.0013966480446927,0.0013966480446927,0.0,0.0150139664804468,0.0104748603351955,0.0045391061452513,0.0094273743016759,0.0059357541899441,0.0034916201117318,0.0003491620111731,0.0003491620111731,0.0,0.0108240223463687,0.0108240223463687,0.0,0.0136173184357541,0.0048882681564245,0.0087290502793296,0.0059357541899441,0.0059357541899441,0.0,0.0003491620111731,0.0003491620111731,0.0,0.0034916201117317,0.0024441340782122,0.0010474860335195,0.027932960893854598,0.0251396648044692,0.0027932960893854,0.0240921787709496,0.0188547486033519,0.0052374301675977,1489
2021-03-01,2021,3,0.773749580396106,0.3564954682779456,0.4172541121181604,0.0023497818059751,0.0020140986908358,0.0003356831151393,0.0083920778784826,0.0036925142665323,0.0046995636119503,0.0,0.0,0.0,0.0208123531386371,0.0127559583752937,0.0080563947633434,0.0134273246055723,0.0120845921450151,0.0013427324605572,0.0040281973816716,0.0030211480362537,0.0010070493454179,0.0,0.0,0.0,0.0053709298422288,0.0026854649211144,0.0026854649211144,0.0281973816717019,0.0278616985565626,0.0003356831151393,0.0006713662302786,0.0006713662302786,0.0,0.0292044310171198,0.0201409869083585,0.0090634441087613,0.011748909029875701,0.0053709298422289,0.0063779791876468,0.0,0.0,0.0,0.0040281973816717,0.0040281973816717,0.0,0.0154414232964081,0.0063779791876468,0.0090634441087613,0.0040281973816716,0.0030211480362537,0.0010070493454179,0.0003356831151393,0.0003356831151393,0.0,0.0010070493454178999,0.0003356831151393,0.0006713662302786,0.0527022490768714,0.0516951997314535,0.0010070493454179,0.026518966096005202,0.0228264518294729,0.0036925142665323,1590
2021-04-01,2021,4,0.7320312499999999,0.340234375,0.391796875,0.004296875,0.00390625,0.000390625,0.00703125,0.001171875,0.005859375,0.0,0.0,0.0,0.023828125,0.016796875,0.00703125,0.011328125000000001,0.010546875,0.00078125,0.004296875,0.004296875,0.0,0.000390625,0.000390625,0.0,0.005859375,0.0015625,0.004296875,0.053515625,0.052734375,0.00078125,0.0015625,0.0015625,0.0,0.023046875,0.01640625,0.006640625,0.015625,0.0109375,0.0046875,0.00234375,0.001171875,0.001171875,0.009375,0.008984375,0.000390625,0.018750000000000003,0.0125,0.00625,0.00703125,0.00625,0.00078125,0.00078125,0.00078125,0.0,0.004296875,0.001953125,0.00234375,0.04453125,0.04140625,0.003125,0.031640625,0.028125,0.003515625,1434
2021-05-01,2021,5,0.721368178324366,0.3950807071483474,0.3262874711760185,0.0003843197540353,0.0003843197540353,0.0,0.018831667947732403,0.0138355111452728,0.0049961568024596,0.0,0.0,0.0,0.0222905457340507,0.0188316679477325,0.0034588777863182,0.0122982321291313,0.0092236740968485,0.0030745580322828,0.0365103766333589,0.0365103766333589,0.0,0.0003843197540353,0.0,0.0003843197540353,0.011913912375096,0.0061491160645657,0.0057647963105303,0.0207532667179092,0.0196003074558032,0.001152959262106,0.0007686395080707,0.0007686395080707,0.0,0.0157571099154496,0.0122982321291314,0.0034588777863182,0.0103766333589546,0.0076863950807071,0.0026902382782475,0.0007686395080706,0.0003843197540353,0.0003843197540353,0.0057647963105302,0.0046118370484242,0.001152959262106,0.0342044581091467,0.0257494235203689,0.0084550345887778,0.0303612605687932,0.0295926210607225,0.0007686395080707,0.0003843197540353,0.0,0.0003843197540353,0.0107609531129899,0.0099923136049192,0.0007686395080707,0.0207532667179092,0.0192159877017678,0.0015372790161414,0.029208301306687102,0.026902382782475,0.0023059185242121,1649
2021-06-01,2021,6,0.8118944203140661,0.4363514868025392,0.3755429335115269,0.0,0.0,0.0,0.011025726695623,0.0080187103240895,0.0030070163715335,0.0,0.0,0.0,0.0233879051119277,0.0197126628800534,0.0036752422318743,0.0106916137654526,0.0096892749749415,0.0010023387905111,0.0116939525559639,0.0116939525559639,0.0,0.0,0.0,0.0,0.006014032743066999,0.0010023387905111,0.0050116939525559,0.0270631473438021,0.0263949214834614,0.0006682258603407,0.0003341129301703,0.0,0.0003341129301703,0.007350484463748599,0.0050116939525559,0.0023387905111927,0.006348145673237399,0.0046775810223855,0.0016705646508519,0.0003341129301703,0.0003341129301703,0.0,0.0036752422318743,0.0036752422318743,0.0,0.0153691947878382,0.0120280654861343,0.0033411293017039,0.0046775810223855,0.0046775810223855,0.0,0.0,0.0,0.0,0.004343468092215,0.0033411293017039,0.0010023387905111,0.030404276645506,0.0297360507851653,0.0006682258603407,0.0263949214834613,0.0237220180420982,0.0026729034413631,1795
2021-07-01,2021,7,0.7532797291578501,0.385103681760474,0.3681760473973762,0.0029623360135421,0.0029623360135421,0.0,0.019466779517562302,0.014388489208633,0.0050782903089293,0.0,0.0,0.0,0.0241218789674143,0.0173508252221752,0.0067710537452391,0.0093101988997037,0.0071942446043165,0.0021159542953872,0.0097333897587812,0.0097333897587812,0.0,0.0,0.0,0.0,0.0084638171815488,0.0042319085907744,0.0042319085907744,0.0279305966991112,0.0270842149809564,0.0008463817181548,0.0,0.0,0.0,0.0279305966991112,0.0186203977994075,0.0093101988997037,0.008040626322471399,0.0050782903089293,0.0029623360135421,0.0012695725772322,0.0008463817181548,0.0004231908590774,0.0084638171815488,0.0080406263224714,0.0004231908590774,0.0177740160812525,0.0114261531950909,0.0063478628861616,0.0042319085907744,0.0029623360135421,0.0012695725772323,0.0004231908590774,0.0004231908590774,0.0,0.0025391451544646,0.0025391451544646,0.0,0.0359712230215826,0.0317393144308082,0.0042319085907744,0.0397799407532797,0.0368176047397376,0.0029623360135421,1384
2021-08-01,2021,8,0.779211956521739,0.3692255434782608,0.4099864130434782,0.0037364130434782003,0.0030570652173913,0.0006793478260869,0.0176630434782608,0.0146059782608695,0.0030570652173913,0.0006793478260868,0.0003396739130434,0.0003396739130434,0.022078804347826,0.015625,0.006453804347826,0.0166440217391304,0.0135869565217391,0.0030570652173913,0.0010190217391304,0.0010190217391304,0.0,0.0016983695652173,0.0016983695652173,0.0,0.0118885869565216,0.0016983695652173,0.0101902173913043,0.0264945652173912,0.0247961956521739,0.0016983695652173,0.0027173913043478,0.0027173913043478,0.0,0.0207201086956521,0.0166440217391304,0.0040760869565217,0.0115489130434781,0.006453804347826,0.0050951086956521,0.0003396739130434,0.0003396739130434,0.0,0.0078124999999999,0.0061141304347826,0.0016983695652173,0.0139266304347825,0.0095108695652173,0.0044157608695652,0.0013586956521738,0.0010190217391304,0.0003396739130434,0.0003396739130434,0.0003396739130434,0.0,0.0013586956521738,0.0010190217391304,0.0003396739130434,0.0421195652173913,0.0421195652173913,0.0,0.0224184782608695,0.0186820652173913,0.0037364130434782,1603
2021-09-01,2021,9,0.764585764294049,0.3766044340723454,0.3879813302217036,0.0014585764294048,0.0008751458576429,0.0005834305717619,0.0157526254375728,0.0090431738623103,0.0067094515752625,0.0002917152858809,0.0002917152858809,0.0,0.0227537922987164,0.0198366394399066,0.0029171528588098,0.0306301050175028,0.028004667444574,0.0026254375729288,0.0064177362893815,0.0064177362893815,0.0,0.0,0.0,0.0,0.0078763127187863,0.0032088681446907,0.0046674445740956,0.0315052508751458,0.0303383897316219,0.0011668611435239,0.0067094515752625,0.0067094515752625,0.0,0.0198366394399066,0.014294049008168,0.0055425904317386,0.0128354725787631,0.0072928821470245,0.0055425904317386,0.0,0.0,0.0,0.0064177362893815,0.0064177362893815,0.0,0.013710618436406,0.0107934655775962,0.0029171528588098,0.0081680280046673,0.0049591598599766,0.0032088681446907,0.0002917152858809,0.0002917152858809,0.0,0.0148774795799299,0.0128354725787631,0.0020420070011668,0.027712952158693,0.0265460910151691,0.0011668611435239,0.013127187864643999,0.0096266044340723,0.0035005834305717,1955
2021-10-01,2021,10,0.7828251400124455,0.3942128189172371,0.3886123210952085,0.0028002489110142002,0.0018668326073428,0.0009334163036714,0.0077784691972619,0.0043559427504667,0.0034225264467952,0.0,0.0,0.0,0.0314250155569383,0.0273802115743621,0.0040448039825762,0.0180460485376477,0.0171126322339763,0.0009334163036714,0.0009334163036713,0.0006222775357809,0.0003111387678904,0.0,0.0,0.0,0.0040448039825761,0.0015556938394523,0.0024891101431238,0.0311138767890478,0.0301804604853764,0.0009334163036714,0.0043559427504667,0.0043559427504667,0.0,0.0205351586807715,0.0155569383945239,0.0049782202862476,0.015245799626633399,0.0074673304293715,0.0077784691972619,0.0,0.0,0.0,0.0049782202862475,0.0046670815183571,0.0003111387678904,0.0177349097697572,0.0099564405724953,0.0077784691972619,0.0121344119477286,0.0115121344119477,0.0006222775357809,0.0003111387678904,0.0003111387678904,0.0,0.0031113876789047,0.0018668326073428,0.0012445550715619,0.0261356565028001,0.0245799626633478,0.0015556938394523,0.0177349097697572,0.0164903546981953,0.0012445550715619,1842
2021-11-01,2021,11,0.7814062959694027,0.3477493380406001,0.4336569579288026,0.0029420417769931003,0.0023536334215945,0.0005884083553986,0.0079435127978816,0.0044130626654898,0.0035304501323918,0.0,0.0,0.0,0.0223595175051484,0.0150044130626654,0.007355104442483,0.0223595175051484,0.0200058840835539,0.0023536334215945,0.0038246543100912,0.0038246543100912,0.0,0.0,0.0,0.0,0.0035304501323917,0.0011768167107972,0.0023536334215945,0.0150044130626654,0.0147102088849661,0.0002942041776993,0.0017652250661959,0.0017652250661959,0.0,0.0453074433656957,0.0344218887908208,0.0108855545748749,0.0152986172403647,0.008237716975581,0.0070609002647837,0.0,0.0,0.0,0.006472491909385,0.0061782877316857,0.0002942041776993,0.0144160047072668,0.0055898793762871,0.0088261253309797,0.006472491909385,0.0052956751985878,0.0011768167107972,0.0,0.0,0.0,0.0211827007943512,0.0203000882612533,0.0008826125330979,0.0194174757281553,0.0167696381288614,0.0026478375992939,0.015298617240364699,0.0135333921741688,0.0017652250661959,1760
2021-12-01,2021,12,0.7932659932659931,0.3727272727272727,0.4205387205387205,0.0010101010101009,0.0006734006734006,0.0003367003367003,0.0107744107744107,0.0057239057239057,0.005050505050505,0.0003367003367003,0.0003367003367003,0.0,0.0232323232323231,0.0164983164983164,0.0067340067340067,0.0138047138047137,0.0127946127946127,0.001010101010101,0.0006734006734006,0.0006734006734006,0.0,0.0,0.0,0.0,0.0037037037037035998,0.003030303030303,0.0006734006734006,0.0178451178451178,0.0175084175084175,0.0003367003367003,0.0023569023569023,0.0023569023569023,0.0,0.0303030303030302,0.0225589225589225,0.0077441077441077,0.0175084175084174,0.006060606060606,0.0114478114478114,0.0,0.0,0.0,0.014141414141414,0.0134680134680134,0.0006734006734006,0.0124579124579123,0.008080808080808,0.0043771043771043,0.0020202020202019,0.0013468013468013,0.0006734006734006,0.0003367003367003,0.0003367003367003,0.0,0.007070707070707,0.0067340067340067,0.0003367003367003,0.0343434343434342,0.0326599326599326,0.0016835016835016,0.0191919191919191,0.0161616161616161,0.003030303030303,1592
2022-01-01,2022,1,0.7795303189624956,0.4728356116368735,0.3066947073256221,0.0028040658955485,0.0028040658955485,0.0,0.0049071153172099,0.0021030494216614,0.0028040658955485,0.0,0.0,0.0,0.032947774272695296,0.0297932001402032,0.0031545741324921,0.0087627059235892,0.0077111812127585,0.0010515247108307,0.0098142306344199,0.0098142306344199,0.0,0.0,0.0,0.0,0.0028040658955484996,0.0007010164738871,0.0021030494216614,0.0150718541885733,0.0147213459516298,0.0003505082369435,0.0028040658955485,0.0028040658955485,0.0,0.0084121976866455,0.0070101647388713,0.0014020329477742,0.0031545741324921,0.0031545741324921,0.0,0.0031545741324920003,0.0028040658955485,0.0003505082369435,0.0217315106905011,0.0213810024535576,0.0003505082369435,0.0234840518752189,0.0220820189274447,0.0014020329477742,0.010515247108307,0.010515247108307,0.0,0.0,0.0,0.0,0.044514546091833,0.0441640378548895,0.0003505082369435,0.0157728706624604,0.0143708377146862,0.0014020329477742,0.011917280056081201,0.010515247108307,0.0014020329477742,1931
2022-02-01,2022,2,0.7805203468979318,0.4419613075383589,0.338559039359573,0.000667111407605,0.000667111407605,0.0,0.0053368912608405,0.0020013342228152,0.0033355570380253,0.0010006671114076,0.0010006671114076,0.0,0.0263509006004002,0.0233488992661774,0.0030020013342228,0.011007338225483599,0.0080053368912608,0.0030020013342228,0.0103402268178785,0.0103402268178785,0.0,0.0,0.0,0.0,0.0083388925950633,0.0016677785190126,0.0066711140760507,0.0113408939292861,0.0110073382254836,0.0003335557038025,0.0003335557038025,0.0003335557038025,0.0,0.0113408939292861,0.0096731154102735,0.0016677785190126,0.0203468979319546,0.0173448965977318,0.0030020013342228,0.0003335557038025,0.0003335557038025,0.0,0.0413609072715143,0.0403602401601067,0.0010006671114076,0.0116744496330887,0.0086724482988659,0.0030020013342228,0.0206804536357571,0.0203468979319546,0.0003335557038025,0.0003335557038025,0.0003335557038025,0.0,0.0146764509673115,0.0146764509673115,0.0,0.0160106737825216,0.015010006671114,0.0010006671114076,0.0093395597064709,0.0090060040026684,0.0003335557038025,1904
2022-03-01,2022,3,0.8105377120173223,0.3691808011548178,0.4413569108625045,0.0032479249368459,0.0032479249368459,0.0,0.0043305665824611,0.0028870443883074,0.0014435221941537,0.0064958498736918,0.0064958498736918,0.0,0.0230963551064596,0.0180440274269216,0.005052327679538,0.0119090581017682,0.0093828942619992,0.002526163839769,0.0014435221941537,0.0014435221941537,0.0,0.0,0.0,0.0,0.0028870443883074,0.0007217610970768,0.0021652832912306,0.0122699386503067,0.0111872970046914,0.0010826416456153,0.0,0.0,0.0,0.027066041140382403,0.0220137134608444,0.005052327679538,0.0075784915193071,0.0054132082280765,0.0021652832912306,0.0007217610970768,0.0,0.0007217610970768,0.0093828942619992,0.0086611331649224,0.0007217610970768,0.0032479249368459,0.0021652832912306,0.0010826416456153,0.0032479249368458003,0.0028870443883074,0.0003608805485384,0.0018044027426921002,0.0014435221941537,0.0003608805485384,0.007578491519307,0.0072176109707686,0.0003608805485384,0.0465535907614578,0.0447491880187657,0.0018044027426921,0.0202093107181522,0.0162396246842295,0.0039696860339227,1475
2022-04-01,2022,4,0.7934272300469483,0.3516858728126333,0.4417413572343149,0.0008536064874092,0.0004268032437046,0.0004268032437046,0.0106700810926162,0.0076824583866837,0.0029876227059325,0.0038412291933418,0.0034144259496372,0.0004268032437046,0.0132309005548441,0.0102432778489116,0.0029876227059325,0.0174989329918907,0.0166453265044814,0.0008536064874093,0.0029876227059325,0.0012804097311139,0.0017072129748186,0.0017072129748186,0.0017072129748186,0.0,0.008536064874092999,0.0034144259496372,0.0051216389244558,0.0110968843363209,0.0106700810926163,0.0004268032437046,0.0,0.0,0.0,0.0303030303030302,0.028169014084507,0.0021340162185232,0.0029876227059324996,0.0004268032437046,0.0025608194622279,0.0004268032437046,0.0,0.0004268032437046,0.0128040973111395,0.0119504908237302,0.0008536064874093,0.0110968843363209,0.008536064874093,0.0025608194622279,0.0106700810926162,0.0076824583866837,0.0029876227059325,0.0008536064874092,0.0004268032437046,0.0004268032437046,0.007255655142979,0.007255655142979,0.0,0.0448143405889884,0.0439607341015791,0.0008536064874093,0.0230473751600511,0.0217669654289372,0.0012804097311139,1243
2022-05-01,2022,5,0.8014911463187324,0.4068033550792171,0.3946877912395153,0.0018639328984156,0.0009319664492078,0.0009319664492078,0.0037278657968312,0.0027958993476234,0.0009319664492078,0.0004659832246039,0.0004659832246039,0.0,0.0260950605778191,0.0205032618825722,0.0055917986952469,0.0172413793103447,0.015843429636533,0.0013979496738117,0.0144454799627213,0.0139794967381174,0.0004659832246039,0.0,0.0,0.0,0.0051258154706429,0.0023299161230195,0.0027958993476234,0.0093196644920782,0.0074557315936626,0.0018639328984156,0.0009319664492078,0.0009319664492078,0.0,0.021901211556383898,0.0167753960857409,0.005125815470643,0.0195712954333643,0.0121155638397017,0.0074557315936626,0.0,0.0,0.0,0.009785647716682099,0.0093196644920782,0.0004659832246039,0.015377446411929101,0.0102516309412861,0.005125815470643,0.0074557315936625,0.0055917986952469,0.0018639328984156,0.0,0.0,0.0,0.0074557315936626,0.0074557315936626,0.0,0.0209692451071761,0.0200372786579683,0.0009319664492078,0.0200372786579682,0.0153774464119291,0.0046598322460391,1215
2022-06-01,2022,6,0.748822605965463,0.3622448979591837,0.3865777080062794,0.0023547880690737,0.0023547880690737,0.0,0.0113814756671898,0.0066718995290423,0.0047095761381475,0.0,0.0,0.0,0.0180533751962322,0.0125588697017268,0.0054945054945054,0.018053375196232298,0.0137362637362637,0.0043171114599686,0.0003924646781789,0.0003924646781789,0.0,0.0,0.0,0.0,0.0054945054945054,0.0023547880690737,0.0031397174254317,0.019230769230769197,0.0184458398744113,0.0007849293563579,0.0011773940345368,0.0011773940345368,0.0,0.0117739403453689,0.0086342229199372,0.0031397174254317,0.0769230769230768,0.0655416012558869,0.0113814756671899,0.0003924646781789,0.0003924646781789,0.0,0.0058869701726844,0.0058869701726844,0.0,0.010204081632652899,0.0078492935635792,0.0023547880690737,0.0011773940345368,0.0011773940345368,0.0,0.0003924646781789,0.0003924646781789,0.0,0.0023547880690737,0.0019623233908948,0.0003924646781789,0.054552590266875894,0.0529827315541601,0.0015698587127158,0.0172684458398743,0.0160910518053375,0.0011773940345368,1477
2022-07-01,2022,7,0.7304429783223373,0.384071630537229,0.3463713477851083,0.0004712535344015,0.0004712535344015,0.0,0.037229029217719,0.0339302544769085,0.0032987747408105,0.0,0.0,0.0,0.0188501413760602,0.0174363807728557,0.0014137606032045,0.0089538171536286,0.0080113100848256,0.000942507068803,0.0023562676720075,0.0023562676720075,0.0,0.0004712535344015,0.0004712535344015,0.0,0.0089538171536285,0.0042412818096135,0.004712535344015,0.0193213949104618,0.0188501413760603,0.0004712535344015,0.0004712535344015,0.0004712535344015,0.0,0.0150801131008481,0.0108388312912346,0.0042412818096135,0.0428840716305372,0.0367577756833176,0.0061262959472196,0.0,0.0,0.0,0.0084825636192271,0.0065975494816211,0.001885014137606,0.0032987747408104997,0.0023562676720075,0.000942507068803,0.0169651272384542,0.0155513666352497,0.0014137606032045,0.000942507068803,0.0004712535344015,0.0004712535344015,0.003770028275212,0.003770028275212,0.0,0.0282752120640904,0.0268614514608859,0.0014137606032045,0.0556079170593778,0.0508953817153628,0.004712535344015,1321
2022-08-01,2022,8,0.8021186440677966,0.4,0.4021186440677966,0.0012711864406779,0.0008474576271186,0.0004237288135593,0.0152542372881355,0.011864406779661,0.0033898305084745,0.0004237288135593,0.0,0.0004237288135593,0.0275423728813559,0.025,0.0025423728813559,0.011440677966101601,0.0084745762711864,0.0029661016949152,0.0021186440677966,0.0021186440677966,0.0,0.0008474576271186,0.0,0.0008474576271186,0.0063559322033897,0.0025423728813559,0.0038135593220338,0.0144067796610169,0.0144067796610169,0.0,0.0029661016949152,0.0029661016949152,0.0,0.0173728813559321,0.0152542372881355,0.0021186440677966,0.022457627118643998,0.0101694915254237,0.0122881355932203,0.0008474576271186,0.0008474576271186,0.0,0.027118644067796502,0.0266949152542372,0.0004237288135593,0.0021186440677965,0.0016949152542372,0.0004237288135593,0.0033898305084745003,0.0021186440677966,0.0012711864406779,0.0,0.0,0.0,0.0029661016949151,0.0016949152542372,0.0012711864406779,0.0326271186440677,0.0326271186440677,0.0,0.0127118644067796,0.0122881355932203,0.0004237288135593,1345
2022-09-01,2022,9,0.8156066274719402,0.4414751469802245,0.3741314804917157,0.0005344735435595,0.0005344735435595,0.0,0.028861571352218,0.0251202565473009,0.0037413148049171,0.0,0.0,0.0,0.0283270978086584,0.0229823623730625,0.0053447354355959,0.0171031533939069,0.0122928915018706,0.0048102618920363,0.0021378941742382,0.0016034206306787,0.0005344735435595,0.0005344735435595,0.0005344735435595,0.0,0.0128273650454301,0.0016034206306787,0.0112239444147514,0.0080171031533939,0.0080171031533939,0.0,0.0,0.0,0.0,0.021378941742383698,0.0160342063067878,0.0053447354355959,0.009620523784072599,0.0069481560662747,0.0026723677177979,0.0021378941742382,0.0005344735435595,0.0016034206306787,0.0080171031533939,0.0080171031533939,0.0,0.0058792089791553995,0.0032068412613575,0.0026723677177979,0.0032068412613575,0.0032068412613575,0.0,0.0,0.0,0.0,0.0106894708711917,0.0101549973276322,0.0005344735435595,0.0133618385889897,0.0128273650454302,0.0005344735435595,0.0176376269374665,0.0165686798503474,0.0010689470871191,1105
2022-10-01,2022,10,0.7616915422885572,0.3358208955223881,0.4258706467661691,0.0009950248756218,0.0009950248756218,0.0,0.0169154228855721,0.0124378109452736,0.0044776119402985,0.0,0.0,0.0,0.017412935323383,0.008955223880597,0.008457711442786,0.0129353233830844,0.0074626865671641,0.0054726368159203,0.0034825870646765,0.0029850746268656,0.0004975124378109,0.0,0.0,0.0,0.0159203980099501,0.0074626865671641,0.008457711442786,0.0238805970149253,0.0203980099502487,0.0034825870646766,0.0,0.0,0.0,0.0159203980099502,0.0099502487562189,0.0059701492537313,0.0796019900497511,0.0731343283582089,0.0064676616915422,0.0,0.0,0.0,0.0064676616915422,0.0064676616915422,0.0,0.0084577114427859,0.0064676616915422,0.0019900497512437,0.0024875621890546,0.0014925373134328,0.0009950248756218,0.0004975124378109,0.0,0.0004975124378109,0.0039800995024875,0.0039800995024875,0.0,0.0174129353233829,0.0164179104477611,0.0009950248756218,0.0129353233830845,0.0104477611940298,0.0024875621890547,1055
2022-11-01,2022,11,0.7289017341040462,0.3236994219653179,0.4052023121387283,0.0017341040462427,0.0011560693641618,0.0005780346820809,0.013294797687861102,0.0086705202312138,0.0046242774566473,0.006936416184971,0.0063583815028901,0.0005780346820809,0.0225433526011559,0.0115606936416184,0.0109826589595375,0.026011560693641498,0.0231213872832369,0.0028901734104046,0.0017341040462427,0.0017341040462427,0.0,0.0,0.0,0.0,0.0040462427745664,0.0011560693641618,0.0028901734104046,0.013872832369942101,0.0127167630057803,0.0011560693641618,0.0011560693641618,0.0011560693641618,0.0,0.0248554913294797,0.0127167630057803,0.0121387283236994,0.06705202312138721,0.0595375722543352,0.007514450867052,0.0,0.0,0.0,0.0289017341040462,0.0289017341040462,0.0,0.0248554913294797,0.0167630057803468,0.0080924855491329,0.0023121387283236,0.0023121387283236,0.0,0.0011560693641618,0.0011560693641618,0.0,0.0005780346820809,0.0,0.0005780346820809,0.0132947976878612,0.0132947976878612,0.0,0.0190751445086704,0.0184971098265895,0.0005780346820809,941
2022-12-01,2022,12,0.7891156462585034,0.3510204081632653,0.4380952380952381,0.0020408163265304997,0.001360544217687,0.0006802721088435,0.0129251700680271,0.010204081632653,0.0027210884353741,0.0047619047619047,0.0040816326530612,0.0006802721088435,0.0299319727891156,0.0183673469387755,0.0115646258503401,0.0353741496598639,0.0312925170068027,0.0040816326530612,0.001360544217687,0.001360544217687,0.0,0.0,0.0,0.0,0.0074829931972787995,0.0034013605442176,0.0040816326530612,0.0163265306122448,0.0142857142857142,0.0020408163265306,0.0,0.0,0.0,0.0285714285714284,0.0251700680272108,0.0034013605442176,0.0333333333333332,0.0272108843537414,0.0061224489795918,0.0,0.0,0.0,0.0040816326530612,0.0040816326530612,0.0,0.0088435374149659,0.0047619047619047,0.0040816326530612,0.0047619047619047,0.0027210884353741,0.0020408163265306,0.0,0.0,0.0,0.0047619047619047,0.0040816326530612,0.0006802721088435,0.0136054421768707,0.0136054421768707,0.0,0.0136054421768706,0.010204081632653,0.0034013605442176,762
2023-01-01,2023,1,0.7972405518896222,0.4349130173965207,0.3623275344931014,0.0023995200959808,0.0023995200959808,0.0,0.0113977204559088,0.0047990401919616,0.0065986802639472,0.0,0.0,0.0,0.014397120575884801,0.0131973605278944,0.0011997600479904,0.0161967606478704,0.0113977204559088,0.0047990401919616,0.0005998800239952,0.0005998800239952,0.0,0.0,0.0,0.0,0.0011997600479904,0.0011997600479904,0.0,0.0323935212957408,0.02999400119976,0.0023995200959808,0.0005998800239952,0.0005998800239952,0.0,0.0197960407918416,0.017996400719856,0.0017996400719856,0.0251949610077984,0.0245950809838032,0.0005998800239952,0.0005998800239952,0.0005998800239952,0.0,0.012597480503899201,0.0113977204559088,0.0011997600479904,0.0047990401919616,0.0035992801439712,0.0011997600479904,0.0101979604079184,0.0083983203359328,0.0017996400719856,0.0,0.0,0.0,0.0011997600479904,0.0011997600479904,0.0,0.02999400119976,0.0251949610077984,0.0047990401919616,0.0203959208158368,0.0185962807438512,0.0017996400719856,1018
2023-02-01,2023,2,0.7916666666666665,0.4135021097046413,0.3781645569620253,0.0021097046413502,0.0021097046413502,0.0,0.004746835443037899,0.0010548523206751,0.0036919831223628,0.0,0.0,0.0,0.0263713080168776,0.0221518987341772,0.0042194092827004,0.0147679324894514,0.0131856540084388,0.0015822784810126,0.0,0.0,0.0,0.0063291139240506,0.0042194092827004,0.0021097046413502,0.0021097046413501,0.0015822784810126,0.0005274261603375,0.0179324894514767,0.0179324894514767,0.0,0.0063291139240506,0.0063291139240506,0.0,0.0216244725738396,0.0142405063291139,0.0073839662447257,0.0284810126582278,0.0263713080168776,0.0021097046413502,0.0,0.0,0.0,0.005801687763713,0.005801687763713,0.0,0.0079113924050632,0.0047468354430379,0.0031645569620253,0.0189873417721518,0.0158227848101265,0.0031645569620253,0.0,0.0,0.0,0.0042194092827004,0.0042194092827004,0.0,0.0284810126582277,0.0279535864978902,0.0005274261603375,0.018987341772151802,0.0174050632911392,0.0015822784810126,1127
2023-03-01,2023,3,0.7667519181585678,0.3728900255754476,0.3938618925831202,0.0030690537084398003,0.0025575447570332,0.0005115089514066,0.0097186700767262,0.0030690537084398,0.0066496163682864,0.0010230179028132,0.0010230179028132,0.0,0.0245524296675191,0.0148337595907928,0.0097186700767263,0.0092071611253195,0.0081841432225063,0.0010230179028132,0.0015345268542199,0.0015345268542199,0.0,0.0,0.0,0.0,0.004092071611253,0.0010230179028132,0.0030690537084398,0.0117647058823529,0.0117647058823529,0.0,0.0097186700767263,0.0097186700767263,0.0,0.0214833759590792,0.0148337595907928,0.0066496163682864,0.0803069053708439,0.0777493606138107,0.0025575447570332,0.0010230179028132,0.0010230179028132,0.0,0.0030690537084398,0.0030690537084398,0.0,0.0168797953964193,0.008695652173913,0.0081841432225063,0.0005115089514066,0.0,0.0005115089514066,0.0015345268542198,0.0010230179028132,0.0005115089514066,0.0061381074168797,0.0056265984654731,0.0005115089514066,0.0138107416879794,0.0132992327365728,0.0005115089514066,0.015856777493606,0.0148337595907928,0.0010230179028132,1106
2023-04-01,2023,4,0.7475928473177442,0.3562585969738652,0.391334250343879,0.0,0.0,0.0,0.0034387895460797,0.0013755158184319,0.0020632737276478,0.0020632737276478,0.0020632737276478,0.0,0.0123796423658871,0.0096286107290233,0.0027510316368638,0.0123796423658871,0.0096286107290233,0.0027510316368638,0.0006877579092159,0.0006877579092159,0.0,0.0,0.0,0.0,0.0130674002751031,0.0061898211829436,0.0068775790921595,0.0123796423658871,0.0116918844566712,0.0006877579092159,0.0,0.0,0.0,0.0233837689133424,0.014442916093535,0.0089408528198074,0.0605226960110041,0.0529573590096286,0.0075653370013755,0.0,0.0,0.0,0.0075653370013755005,0.0061898211829436,0.0013755158184319,0.0123796423658871,0.0082530949105914,0.0041265474552957,0.0061898211829435005,0.0048143053645116,0.0013755158184319,0.0013755158184319,0.0,0.0013755158184319,0.0034387895460797,0.0013755158184319,0.0020632737276478,0.037138927097661596,0.0357634112792297,0.0013755158184319,0.0460797799174689,0.0412654745529573,0.0048143053645116,818
2023-05-01,2023,5,0.8097421203438395,0.4315186246418338,0.3782234957020057,0.0040114613180515,0.0040114613180515,0.0,0.0040114613180514,0.0011461318051575,0.0028653295128939,0.0,0.0,0.0,0.010888252148997,0.0045845272206303,0.0063037249283667,0.0183381088825214,0.0160458452722063,0.0022922636103151,0.0,0.0,0.0,0.0,0.0,0.0,0.0028653295128938,0.0011461318051575,0.0017191977077363,0.0320916905444125,0.0303724928366762,0.0017191977077363,0.0017191977077363,0.0017191977077363,0.0,0.0234957020057305,0.0206303724928366,0.0028653295128939,0.0481375358166188,0.0418338108882521,0.0063037249283667,0.0,0.0,0.0,0.0074498567335243,0.0074498567335243,0.0,0.008022922636103,0.0034383954154727,0.0045845272206303,0.0045845272206303,0.0045845272206303,0.0,0.0,0.0,0.0,0.0080229226361031,0.0080229226361031,0.0,0.016618911174785,0.0160458452722063,0.0005730659025787,0.005157593123209,0.0034383954154727,0.0017191977077363,1033
2023-06-01,2023,6,0.7359116022099446,0.3950276243093922,0.3408839779005524,0.0016574585635359,0.0016574585635359,0.0,0.0016574585635359,0.0,0.0016574585635359,0.0011049723756906,0.0011049723756906,0.0,0.0127071823204419,0.0093922651933701,0.0033149171270718,0.0143646408839778,0.0121546961325966,0.0022099447513812,0.0016574585635359,0.0016574585635359,0.0,0.0,0.0,0.0,0.0044198895027624,0.0016574585635359,0.0027624309392265,0.1005524861878452,0.0961325966850828,0.0044198895027624,0.0077348066298342,0.0077348066298342,0.0,0.0132596685082872,0.0088397790055248,0.0044198895027624,0.0707182320441988,0.0685082872928176,0.0022099447513812,0.0,0.0,0.0,0.0044198895027624,0.0038674033149171,0.0005524861878453,0.0027624309392265,0.0016574585635359,0.0011049723756906,0.0099447513812154,0.0093922651933701,0.0005524861878453,0.0,0.0,0.0,0.0033149171270718,0.0033149171270718,0.0,0.011049723756906,0.0093922651933701,0.0016574585635359,0.0044198895027624,0.0038674033149171,0.0005524861878453,1149
2023-07-01,2023,7,0.8013447432762837,0.3918092909535452,0.4095354523227384,0.0036674816625916,0.0036674816625916,0.0,0.0097799511002444,0.0024449877750611,0.0073349633251833,0.0006112469437652,0.0006112469437652,0.0,0.0226161369193153,0.0122249388753056,0.0103911980440097,0.0146699266503666,0.0134474327628361,0.0012224938875305,0.0128361858190709,0.0128361858190709,0.0,0.0006112469437652,0.0,0.0006112469437652,0.002444987775061,0.0012224938875305,0.0012224938875305,0.023227383863080597,0.0220048899755501,0.0012224938875305,0.0036674816625916,0.0036674816625916,0.0,0.020171149144254198,0.0128361858190709,0.0073349633251833,0.0244498777506111,0.0177261613691931,0.006723716381418,0.0,0.0,0.0,0.0030562347188264,0.0030562347188264,0.0,0.0140586797066013,0.0097799511002444,0.0042787286063569,0.0195599022004889,0.0189486552567237,0.0006112469437652,0.0,0.0,0.0,0.0079462102689485,0.006723716381418,0.0012224938875305,0.0091687041564792,0.0091687041564792,0.0,0.0103911980440097,0.0091687041564792,0.0012224938875305,899
2023-08-01,2023,8,0.7564389697648376,0.4148936170212766,0.341545352743561,0.0022396416573348,0.0022396416573348,0.0,0.011758118701007701,0.0061590145576707,0.005599104143337,0.0016797312430011,0.0016797312430011,0.0,0.0291153415453527,0.0201567749160134,0.0089585666293393,0.0240761478163493,0.0201567749160134,0.0039193729003359,0.0235162374020156,0.0235162374020156,0.0,0.0011198208286674,0.0,0.0011198208286674,0.0044792833146696,0.0005599104143337,0.0039193729003359,0.0212765957446808,0.0201567749160134,0.0011198208286674,0.0016797312430011,0.0016797312430011,0.0,0.011758118701007701,0.0078387458006718,0.0039193729003359,0.026315789473684098,0.0117581187010078,0.0145576707726763,0.0005599104143337,0.0005599104143337,0.0,0.0117581187010078,0.0117581187010078,0.0,0.0072788353863380995,0.005599104143337,0.0016797312430011,0.0072788353863381,0.0061590145576707,0.0011198208286674,0.0005599104143337,0.0005599104143337,0.0,0.0106382978723404,0.0106382978723404,0.0,0.0240761478163493,0.0229563269876819,0.0011198208286674,0.0251959686450167,0.024636058230683,0.0005599104143337,1093
2023-09-01,2023,9,0.7572700296735906,0.3827893175074184,0.3744807121661721,0.0,0.0,0.0,0.0094955489614242,0.002373887240356,0.0071216617210682,0.001186943620178,0.001186943620178,0.0,0.0231454005934718,0.0201780415430267,0.0029673590504451,0.0195845697329376,0.0172106824925816,0.002373887240356,0.0035608308605341,0.0035608308605341,0.0,0.001780415430267,0.000593471810089,0.001186943620178,0.015430267062314502,0.0059347181008902,0.0094955489614243,0.0112759643916913,0.0100890207715133,0.001186943620178,0.0213649851632047,0.0213649851632047,0.0,0.0231454005934717,0.0166172106824925,0.0065281899109792,0.0089020771513352,0.0047477744807121,0.0041543026706231,0.001780415430267,0.001186943620178,0.000593471810089,0.0118694362017804,0.0118694362017804,0.0,0.0041543026706231,0.0029673590504451,0.001186943620178,0.0029673590504451,0.0029673590504451,0.0,0.000593471810089,0.0,0.000593471810089,0.001780415430267,0.001186943620178,0.000593471810089,0.036795252225519194,0.0326409495548961,0.0041543026706231,0.0504451038575667,0.0468842729970326,0.0035608308605341,980
2023-10-01,2023,10,0.7750263435194942,0.3767123287671233,0.3983140147523709,0.0015806111696521,0.000526870389884,0.0010537407797681,0.0047418335089567006,0.0010537407797681,0.0036880927291886,0.000526870389884,0.0,0.000526870389884,0.0158061116965226,0.0131717597471022,0.0026343519494204,0.027397260273972497,0.0210748155953635,0.006322444678609,0.0036880927291886,0.0036880927291886,0.0,0.0,0.0,0.0,0.0047418335089567006,0.0026343519494204,0.0021074815595363,0.011591148577449799,0.0100105374077976,0.0015806111696522,0.0316122233930452,0.030031612223393,0.0015806111696522,0.0073761854583771,0.0047418335089567,0.0026343519494204,0.0200210748155953,0.0079030558482613,0.012118018967334,0.0,0.0,0.0,0.0295047418335089,0.0295047418335089,0.0,0.0189673340358271,0.012118018967334,0.0068493150684931,0.0084299262381454,0.0084299262381454,0.0,0.0,0.0,0.0,0.000526870389884,0.000526870389884,0.0,0.0115911485774499,0.0115911485774499,0.0,0.028451001053740703,0.0273972602739726,0.0010537407797681,1062
2023-11-01,2023,11,0.8247269116186693,0.3897715988083416,0.4349553128103277,0.0024826216484607,0.0019860973187686,0.0004965243296921,0.0074478649453822,0.0059582919563058,0.0014895729890764,0.0,0.0,0.0,0.022343594836146903,0.0158887785501489,0.006454816285998,0.0238331678252233,0.0178748758689175,0.0059582919563058,0.0009930486593843,0.0009930486593843,0.0,0.0,0.0,0.0,0.0079443892750744,0.0024826216484607,0.0054617676266137,0.0143992055610724,0.0139026812313803,0.0004965243296921,0.0,0.0,0.0,0.0183714001986097,0.0163853028798411,0.0019860973187686,0.0074478649453822,0.0029791459781529,0.0044687189672293,0.0009930486593843,0.0,0.0009930486593843,0.0134061569016881,0.012909632571996,0.0004965243296921,0.0074478649453822,0.0029791459781529,0.0044687189672293,0.0069513406156901,0.0059582919563058,0.0009930486593843,0.0009930486593843,0.0009930486593843,0.0,0.0024826216484607,0.0024826216484607,0.0,0.0089374379344587,0.0089374379344587,0.0,0.0332671300893743,0.0332671300893743,0.0,1072
2023-12-01,2023,12,0.8070291777188328,0.3554376657824933,0.4515915119363395,0.0039787798408488,0.003315649867374,0.0006631299734748,0.012599469496021202,0.0046419098143236,0.0079575596816976,0.0019893899204244,0.0019893899204244,0.0,0.023209549071618,0.0112732095490716,0.0119363395225464,0.0344827586206896,0.0338196286472148,0.0006631299734748,0.0006631299734748,0.0006631299734748,0.0,0.0,0.0,0.0,0.0066312997347480005,0.0013262599469496,0.0053050397877984,0.01657824933687,0.0159151193633952,0.0006631299734748,0.0006631299734748,0.0006631299734748,0.0,0.014588859416445601,0.0106100795755968,0.0039787798408488,0.0192307692307692,0.0086206896551724,0.0106100795755968,0.0013262599469496,0.0013262599469496,0.0,0.0139257294429708,0.013262599469496,0.0006631299734748,0.003315649867374,0.003315649867374,0.0,0.0046419098143236,0.0039787798408488,0.0006631299734748,0.0,0.0,0.0,0.0013262599469496,0.0013262599469496,0.0,0.0139257294429708,0.0106100795755968,0.003315649867374,0.0212201591511936,0.019893899204244,0.0013262599469496,756
2024-01-01,2024,1,0.8336336336336335,0.3777777777777777,0.4558558558558558,0.0,0.0,0.0,0.0096096096096096,0.0054054054054054,0.0042042042042042,0.0006006006006006,0.0006006006006006,0.0,0.038438438438438395,0.0342342342342342,0.0042042042042042,0.018018018018018,0.0162162162162162,0.0018018018018018,0.0006006006006006,0.0006006006006006,0.0,0.0006006006006006,0.0006006006006006,0.0,0.018018018018018,0.0078078078078078,0.0102102102102102,0.0138138138138138,0.0138138138138138,0.0,0.0012012012012012,0.0012012012012012,0.0,0.0216216216216216,0.0162162162162162,0.0054054054054054,0.006006006006006001,0.0024024024024024,0.0036036036036036,0.0,0.0,0.0,0.0036036036036035998,0.003003003003003,0.0006006006006006,0.0030030030030030004,0.0024024024024024,0.0006006006006006,0.0036036036036036,0.0024024024024024,0.0012012012012012,0.0,0.0,0.0,0.0012012012012012,0.0012012012012012,0.0,0.0096096096096096,0.0096096096096096,0.0,0.0186186186186186,0.0174174174174174,0.0012012012012012,853
2024-02-01,2024,2,0.7664179104477612,0.4044776119402985,0.3619402985074627,0.0,0.0,0.0,0.017910447761194,0.0126865671641791,0.0052238805970149,0.0007462686567164,0.0007462686567164,0.0,0.0567164179104476,0.0492537313432835,0.0074626865671641,0.0462686567164178,0.035820895522388,0.0104477611940298,0.0007462686567164,0.0007462686567164,0.0,0.0,0.0,0.0,0.0097014925373134,0.0,0.0097014925373134,0.0194029850746268,0.0194029850746268,0.0,0.0082089552238805,0.0082089552238805,0.0,0.0201492537313432,0.0074626865671641,0.0126865671641791,0.0097014925373133,0.0067164179104477,0.0029850746268656,0.0022388059701492,0.0022388059701492,0.0,0.0022388059701492,0.0014925373134328,0.0007462686567164,0.003731343283582,0.0007462686567164,0.0029850746268656,0.0141791044776118,0.0104477611940298,0.003731343283582,0.0014925373134328,0.0,0.0014925373134328,0.003731343283582,0.003731343283582,0.0,0.010447761194029799,0.0097014925373134,0.0007462686567164,0.0156716417910447,0.0141791044776119,0.0014925373134328,779
2024-03-01,2024,3,0.7049180327868851,0.3891285591026747,0.3157894736842105,0.0025884383088869,0.0025884383088869,0.0,0.0172562553925797,0.0094909404659188,0.0077653149266609,0.0043140638481449,0.0043140638481449,0.0,0.0647109577221742,0.0491803278688524,0.0155306298533218,0.0232959447799827,0.0155306298533218,0.0077653149266609,0.0094909404659188,0.0086281276962899,0.0008628127696289,0.0,0.0,0.0,0.0060396893874028,0.0025884383088869,0.0034512510785159,0.036238136324417504,0.0336496980155306,0.0025884383088869,0.0060396893874029,0.0060396893874029,0.0,0.0276100086281276,0.0129421915444348,0.0146678170836928,0.0094909404659188,0.0086281276962899,0.0008628127696289,0.0017256255392578,0.0008628127696289,0.0008628127696289,0.0025884383088869,0.0025884383088869,0.0,0.0025884383088868,0.0017256255392579,0.0008628127696289,0.029335634167385598,0.0250215703192407,0.0043140638481449,0.0,0.0,0.0,0.0051768766177737995,0.0043140638481449,0.0008628127696289,0.0163934426229507,0.0155306298533218,0.0008628127696289,0.0353753235547885,0.0319240724762726,0.0034512510785159,722
2024-04-01,2024,4,0.6248794599807135,0.3567984570877531,0.2680810028929604,0.0028929604628736,0.0028929604628736,0.0,0.017357762777241898,0.0106075216972034,0.0067502410800385,0.0250723240115718,0.0250723240115718,0.0,0.1002892960462873,0.0838958534233365,0.0163934426229508,0.026036644165863,0.0125361620057859,0.0135004821600771,0.0038572806171648,0.0028929604628736,0.0009643201542912,0.0,0.0,0.0,0.019286403085824397,0.0106075216972034,0.008678881388621,0.0289296046287367,0.0279652844744455,0.0009643201542912,0.0028929604628736,0.0028929604628736,0.0,0.0241080038572805,0.0144648023143683,0.0096432015429122,0.0337512054001928,0.0279652844744455,0.0057859209257473,0.0019286403085824,0.0019286403085824,0.0,0.0038572806171648,0.0038572806171648,0.0,0.0154291224686595,0.0125361620057859,0.0028929604628736,0.0202507232401157,0.0202507232401157,0.0,0.0,0.0,0.0,0.0019286403085824,0.0019286403085824,0.0,0.022179363548698,0.0192864030858244,0.0028929604628736,0.0308582449373191,0.0289296046287367,0.0019286403085824,688
2024-05-01,2024,5,0.7283849918433931,0.4119086460032626,0.3164763458401305,0.0057096247960848,0.0057096247960848,0.0,0.0154975530179444,0.0114192495921696,0.0040783034257748,0.0008156606851549,0.0008156606851549,0.0,0.0864600326264273,0.0693311582381729,0.0171288743882544,0.0244698205546492,0.0195758564437194,0.0048939641109298,0.0081566068515497,0.0081566068515497,0.0,0.0,0.0,0.0,0.013866231647634501,0.0040783034257748,0.0097879282218597,0.0171288743882544,0.0171288743882544,0.0,0.0016313213703099,0.0016313213703099,0.0,0.0293637846655791,0.0228384991843393,0.0065252854812398,0.011419249592169601,0.0032626427406199,0.0081566068515497,0.0,0.0,0.0,0.0048939641109298,0.0048939641109298,0.0,0.0065252854812397,0.0048939641109298,0.0016313213703099,0.0016313213703099,0.0016313213703099,0.0,0.0024469820554649,0.0024469820554649,0.0,0.0024469820554647997,0.0016313213703099,0.0008156606851549,0.0212071778140293,0.0187601957585644,0.0024469820554649,0.025285481239804102,0.0244698205546492,0.0008156606851549,772
2024-06-01,2024,6,0.7470010905125408,0.3195201744820065,0.4274809160305343,0.0021810250817884,0.0,0.0021810250817884,0.0468920392584513,0.0370774263904034,0.0098146128680479,0.0010905125408942,0.0010905125408942,0.0,0.0348964013086149,0.025081788440567,0.0098146128680479,0.029443838604143797,0.0098146128680479,0.0196292257360959,0.0130861504907306,0.0130861504907306,0.0,0.0,0.0,0.0,0.0065430752453653,0.0010905125408942,0.0054525627044711,0.0098146128680479,0.0098146128680479,0.0,0.0,0.0,0.0,0.049073064340239794,0.044711014176663,0.0043620501635768,0.0130861504907306,0.0065430752453653,0.0065430752453653,0.0010905125408942,0.0,0.0010905125408942,0.005452562704471,0.0043620501635768,0.0010905125408942,0.0119956379498364,0.0054525627044711,0.0065430752453653,0.007633587786259499,0.0054525627044711,0.0021810250817884,0.0,0.0,0.0,0.0021810250817884,0.0010905125408942,0.0010905125408942,0.0098146128680479,0.0087241003271537,0.0010905125408942,0.015267175572519,0.015267175572519,0.0,463
2024-07-01,2024,7,0.6488188976377951,0.3338582677165354,0.3149606299212598,0.0,0.0,0.0,0.0141732283464565,0.0078740157480314,0.0062992125984251,0.0070866141732283,0.0070866141732283,0.0,0.0488188976377951,0.0346456692913385,0.0141732283464566,0.0385826771653542,0.0220472440944881,0.0165354330708661,0.016535433070866003,0.0157480314960629,0.0007874015748031,0.0,0.0,0.0,0.018110236220472302,0.0047244094488188,0.0133858267716535,0.029921259842519598,0.0259842519685039,0.0039370078740157,0.0047244094488188,0.0047244094488188,0.0,0.053543307086614,0.0346456692913385,0.0188976377952755,0.0464566929133857,0.0409448818897637,0.005511811023622,0.0,0.0,0.0,0.0094488188976377,0.0094488188976377,0.0,0.0062992125984251005,0.0023622047244094,0.0039370078740157,0.0173228346456691,0.0094488188976377,0.0078740157480314,0.0015748031496062,0.0015748031496062,0.0,0.0015748031496062,0.0015748031496062,0.0,0.032283464566929,0.0314960629921259,0.0007874015748031,0.0196850393700786,0.0188976377952755,0.0007874015748031,758
2024-08-01,2024,8,0.6871741397288842,0.3753910323253389,0.3117831074035453,0.0062565172054222,0.0041710114702815,0.0020855057351407,0.0093847758081334,0.0041710114702815,0.0052137643378519,0.0031282586027111,0.0031282586027111,0.0,0.02711157455683,0.0208550573514077,0.0062565172054223,0.0323253388946819,0.013555787278415,0.0187695516162669,0.0041710114702815,0.0041710114702815,0.0,0.0,0.0,0.0,0.042752867570385704,0.0312825860271115,0.0114702815432742,0.0062565172054223,0.0062565172054223,0.0,0.0010427528675703,0.0010427528675703,0.0,0.062565172054223,0.0312825860271115,0.0312825860271115,0.008342022940563,0.0020855057351407,0.0062565172054223,0.008342022940563,0.008342022940563,0.0,0.0041710114702815,0.0041710114702815,0.0,0.0031282586027111,0.0031282586027111,0.0,0.0260688216892596,0.0260688216892596,0.0,0.0010427528675703,0.0010427528675703,0.0,0.0020855057351407,0.0020855057351407,0.0,0.0291970802919707,0.0281543274244004,0.0010427528675703,0.0510948905109489,0.0510948905109489,0.0,587
2024-09-01,2024,9,0.6342637151106834,0.3455245428296439,0.2887391722810394,0.0028873917228103,0.0028873917228103,0.0,0.0173243503368623,0.0067372473532242,0.0105871029836381,0.0048123195380173,0.0048123195380173,0.0,0.0587102983638112,0.0279114533205004,0.0307988450433108,0.0211742059672762,0.0105871029836381,0.0105871029836381,0.0,0.0,0.0,0.0,0.0,0.0,0.0529355149181904,0.0279114533205004,0.02502406159769,0.0038498556304138,0.0038498556304138,0.0,0.0009624639076034,0.0009624639076034,0.0,0.049085659287776605,0.0336862367661212,0.0153994225216554,0.009624639076034499,0.0028873917228103,0.0067372473532242,0.0076997112608276,0.0067372473532242,0.0009624639076034,0.0067372473532242,0.0067372473532242,0.0,0.0028873917228103,0.0009624639076034,0.0019249278152069,0.0057747834456206995,0.0048123195380173,0.0009624639076034,0.0019249278152069,0.0019249278152069,0.0,0.0019249278152069,0.0,0.0019249278152069,0.040423484119345404,0.0384985563041385,0.0019249278152069,0.0837343599615013,0.080846968238691,0.0028873917228103,629
2024-10-01,2024,10,0.7022900763358778,0.3463740458015267,0.3559160305343511,0.0028625954198473,0.0028625954198473,0.0,0.0181297709923663,0.006679389312977,0.0114503816793893,0.0,0.0,0.0,0.047709923664121995,0.0209923664122137,0.0267175572519083,0.0209923664122137,0.0114503816793893,0.0095419847328244,0.0009541984732824,0.0009541984732824,0.0,0.0,0.0,0.0,0.037213740458015204,0.0257633587786259,0.0114503816793893,0.0209923664122136,0.0200381679389312,0.0009541984732824,0.0009541984732824,0.0009541984732824,0.0,0.0591603053435113,0.0219465648854961,0.0372137404580152,0.0181297709923663,0.0057251908396946,0.0124045801526717,0.0,0.0,0.0,0.0047709923664122,0.0047709923664122,0.0,0.006679389312977,0.0038167938931297,0.0028625954198473,0.0019083969465648,0.0019083969465648,0.0,0.0,0.0,0.0,0.006679389312977,0.0019083969465648,0.0047709923664122,0.0219465648854961,0.0219465648854961,0.0,0.033396946564885406,0.032442748091603,0.0009541984732824,555
2024-11-01,2024,11,0.7091633466135459,0.3944223107569721,0.3147410358565737,0.0039840637450199,0.0039840637450199,0.0,0.0328685258964143,0.0149402390438247,0.0179282868525896,0.0079681274900398,0.0079681274900398,0.0,0.047808764940239,0.0298804780876494,0.0179282868525896,0.0249003984063744,0.0109561752988047,0.0139442231075697,0.0009960159362549,0.0009960159362549,0.0,0.0,0.0,0.0,0.0129482071713146,0.0059760956175298,0.0069721115537848,0.0278884462151394,0.0239043824701195,0.0039840637450199,0.0019920318725099,0.0019920318725099,0.0,0.0358565737051792,0.0258964143426294,0.0099601593625498,0.0268924302788843,0.0159362549800796,0.0109561752988047,0.0019920318725099,0.0,0.0019920318725099,0.0019920318725099,0.0019920318725099,0.0,0.0049800796812748006,0.0039840637450199,0.0009960159362549,0.0288844621513943,0.0278884462151394,0.0009960159362549,0.0,0.0,0.0,0.0019920318725099,0.0019920318725099,0.0,0.0119521912350596,0.0109561752988047,0.0009960159362549,0.0189243027888445,0.0169322709163346,0.0019920318725099,601
2024-12-01,2024,12,0.6891304347826086,0.3739130434782609,0.3152173913043478,0.0086956521739129,0.0065217391304347,0.0021739130434782,0.0249999999999999,0.0184782608695652,0.0065217391304347,0.0021739130434782,0.0021739130434782,0.0,0.0771739130434782,0.0543478260869565,0.0228260869565217,0.0249999999999999,0.0195652173913043,0.0054347826086956,0.0021739130434782,0.0021739130434782,0.0,0.0,0.0,0.0,0.0130434782608695,0.0054347826086956,0.0076086956521739,0.033695652173913,0.033695652173913,0.0,0.0010869565217391,0.0010869565217391,0.0,0.0239130434782608,0.0163043478260869,0.0076086956521739,0.033695652173912904,0.0163043478260869,0.017391304347826,0.0032608695652173,0.0032608695652173,0.0,0.0076086956521739,0.0076086956521739,0.0,0.0032608695652173005,0.0010869565217391,0.0021739130434782,0.008695652173913,0.008695652173913,0.0,0.0,0.0,0.0,0.0010869565217391,0.0,0.0010869565217391,0.0271739130434782,0.0260869565217391,0.0010869565217391,0.0239130434782608,0.0228260869565217,0.0010869565217391,566
2025-01-01,2025,1,0.7547547547547547,0.4184184184184184,0.3363363363363363,0.0,0.0,0.0,0.009009009009009,0.006006006006006,0.003003003003003,0.0,0.0,0.0,0.061061061061060996,0.04004004004004,0.021021021021021,0.02002002002002,0.012012012012012,0.008008008008008,0.004004004004004,0.004004004004004,0.0,0.0,0.0,0.0,0.007007007007007,0.002002002002002,0.005005005005005,0.024024024024024,0.024024024024024,0.0,0.009009009009009,0.009009009009009,0.0,0.011011011011011,0.009009009009009,0.002002002002002,0.012012012012012,0.009009009009009,0.003003003003003,0.0,0.0,0.0,0.017017017017017,0.017017017017017,0.0,0.007007007007007,0.007007007007007,0.0,0.027027027027026997,0.021021021021021,0.006006006006006,0.001001001001001,0.0,0.001001001001001,0.003003003003003,0.0,0.003003003003003,0.013013013013013,0.013013013013013,0.0,0.023023023023023,0.02002002002002,0.003003003003003,607
2025-02-01,2025,2,0.7126929674099485,0.3490566037735849,0.3636363636363636,0.0008576329331046,0.0008576329331046,0.0,0.012864493996569401,0.006861063464837,0.0060034305317324,0.0,0.0,0.0,0.0626072041166379,0.04631217838765,0.0162950257289879,0.0274442538593481,0.0120068610634648,0.0154373927958833,0.0008576329331046,0.0008576329331046,0.0,0.0034305317324185,0.0034305317324185,0.0,0.0205831903945111,0.006861063464837,0.0137221269296741,0.0162950257289879,0.0154373927958833,0.0008576329331046,0.0,0.0,0.0,0.0128644939965694,0.0120068610634648,0.0008576329331046,0.0754716981132075,0.0411663807890223,0.0343053173241852,0.0025728987993137997,0.0008576329331046,0.0017152658662092,0.006003430531732299,0.0042881646655231,0.0017152658662092,0.0034305317324184,0.0008576329331046,0.0025728987993138,0.0120068610634648,0.0120068610634648,0.0,0.0017152658662092,0.0008576329331046,0.0008576329331046,0.0,0.0,0.0,0.0188679245283017,0.0162950257289879,0.0025728987993138,0.0145797598627787,0.0145797598627787,0.0,630
2025-03-01,2025,3,0.7714285714285714,0.3598214285714285,0.4116071428571428,0.0008928571428571,0.0008928571428571,0.0,0.0133928571428571,0.0071428571428571,0.00625,0.0008928571428571,0.0,0.0008928571428571,0.036607142857142796,0.0241071428571428,0.0125,0.0455357142857142,0.0285714285714285,0.0169642857142857,0.0008928571428571,0.0008928571428571,0.0,0.0,0.0,0.0,0.0107142857142857,0.0,0.0107142857142857,0.0107142857142856,0.0098214285714285,0.0008928571428571,0.0026785714285714,0.0026785714285714,0.0,0.0223214285714285,0.0178571428571428,0.0044642857142857,0.0392857142857142,0.01875,0.0205357142857142,0.0026785714285714,0.0,0.0026785714285714,0.0053571428571428,0.0053571428571428,0.0,0.0098214285714285,0.0053571428571428,0.0044642857142857,0.0017857142857142,0.0017857142857142,0.0,0.0,0.0,0.0,0.0026785714285713002,0.0017857142857142,0.0008928571428571,0.0160714285714285,0.0160714285714285,0.0,0.0196428571428571,0.0196428571428571,0.0,576
2025-04-01,2025,4,0.8322925958965209,0.5173951828724354,0.3148974130240856,0.0008920606601248,0.0008920606601248,0.0,0.0107047279214986,0.0053523639607493,0.0053523639607493,0.0017841213202496,0.0008920606601248,0.0008920606601248,0.030330062444246103,0.0249776984834968,0.0053523639607493,0.0107047279214986,0.0062444246208742,0.0044603033006244,0.0,0.0,0.0,0.0017841213202497,0.0017841213202497,0.0,0.013380909901873201,0.0026761819803746,0.0107047279214986,0.0044603033006244,0.0044603033006244,0.0,0.0,0.0,0.0,0.0178412132024977,0.0142729705619982,0.0035682426404995,0.016057091882247902,0.0142729705619982,0.0017841213202497,0.0,0.0,0.0,0.0026761819803746,0.0026761819803746,0.0,0.0160570918822479,0.0098126672613737,0.0062444246208742,0.0062444246208742,0.0062444246208742,0.0,0.0026761819803746,0.0,0.0026761819803746,0.0008920606601248,0.0008920606601248,0.0,0.011596788581623399,0.0098126672613737,0.0017841213202497,0.023193577163247,0.0223015165031222,0.0008920606601248,720
2025-05-01,2025,5,0.8188908145580589,0.5025996533795494,0.3162911611785095,0.0017331022530329,0.0017331022530329,0.0,0.0077989601386481,0.0043327556325823,0.0034662045060658,0.0043327556325823,0.0043327556325823,0.0,0.0398613518197572,0.0268630849220103,0.0129982668977469,0.0173310225303292,0.0095320623916811,0.0077989601386481,0.0043327556325823,0.0043327556325823,0.0,0.0,0.0,0.0,0.0060658578856152,0.0017331022530329,0.0043327556325823,0.0051993067590987,0.0051993067590987,0.0,0.0034662045060658,0.0034662045060658,0.0,0.020797227036395,0.0103986135181975,0.0103986135181975,0.0355285961871749,0.0346620450606585,0.0008665511265164,0.0,0.0,0.0,0.0,0.0,0.0,0.0051993067590987,0.0051993067590987,0.0,0.0069324090121316,0.0060658578856152,0.0008665511265164,0.0008665511265164,0.0008665511265164,0.0,0.0025996533795493,0.0025996533795493,0.0,0.0043327556325822,0.0025996533795493,0.0017331022530329,0.019064124783362103,0.0181975736568457,0.0008665511265164,742
2025-06-01,2025,6,0.7788259958071277,0.4360587002096436,0.3427672955974842,0.0010482180293501,0.0,0.0010482180293501,0.0052410901467505,0.0031446540880503,0.0020964360587002,0.0010482180293501,0.0010482180293501,0.0,0.041928721174004105,0.0335429769392033,0.0083857442348008,0.0041928721174004,0.0010482180293501,0.0031446540880503,0.0010482180293501,0.0010482180293501,0.0,0.0,0.0,0.0,0.0115303983228511,0.0073375262054507,0.0041928721174004,0.0062893081761006,0.0052410901467505,0.0010482180293501,0.0020964360587002,0.0020964360587002,0.0,0.037735849056603696,0.0220125786163522,0.0157232704402515,0.0241090146750523,0.0136268343815513,0.010482180293501,0.0052410901467505,0.0020964360587002,0.0031446540880503,0.0083857442348008,0.0062893081761006,0.0020964360587002,0.0010482180293501,0.0,0.0010482180293501,0.0031446540880503,0.0031446540880503,0.0,0.0020964360587002,0.0020964360587002,0.0,0.0,0.0,0.0,0.016771488469601598,0.0157232704402515,0.0010482180293501,0.0513626834381551,0.0513626834381551,0.0,578
2025-07-01,2025,7,0.7806324110671936,0.4219367588932806,0.358695652173913,0.0019762845849802,0.0009881422924901,0.0009881422924901,0.0069169960474307,0.0049407114624505,0.0019762845849802,0.0,0.0,0.0,0.0316205533596837,0.0227272727272727,0.008893280632411,0.011857707509881299,0.0079051383399209,0.0039525691699604,0.0,0.0,0.0,0.0009881422924901,0.0009881422924901,0.0,0.0098814229249011,0.0079051383399209,0.0019762845849802,0.0029644268774703,0.0029644268774703,0.0,0.0019762845849802,0.0019762845849802,0.0,0.0395256916996047,0.0266798418972332,0.0128458498023715,0.0375494071146244,0.0276679841897233,0.0098814229249011,0.005928853754940601,0.0039525691699604,0.0019762845849802,0.0029644268774703005,0.0019762845849802,0.0009881422924901,0.0009881422924901,0.0,0.0009881422924901,0.0029644268774703005,0.0009881422924901,0.0019762845849802,0.0019762845849802,0.0019762845849802,0.0,0.0029644268774703005,0.0019762845849802,0.0009881422924901,0.0148221343873517,0.0148221343873517,0.0,0.045454545454545296,0.042490118577075,0.0029644268774703,600
2025-08-01,2025,8,0.746054519368723,0.3859397417503586,0.3601147776183644,0.0014347202295552,0.0,0.0014347202295552,0.0631276901004303,0.0545193687230989,0.0086083213773314,0.0,0.0,0.0,0.024390243902438997,0.0200860832137733,0.0043041606886657,0.0272596843615494,0.0258249641319942,0.0014347202295552,0.0057388809182209,0.0057388809182209,0.0,0.0,0.0,0.0,0.020086083213773198,0.0114777618364418,0.0086083213773314,0.0057388809182208995,0.0043041606886657,0.0014347202295552,0.0028694404591104,0.0028694404591104,0.0,0.053084648493543704,0.0473457675753228,0.0057388809182209,0.0243902439024389,0.0129124820659971,0.0114777618364418,0.0014347202295552,0.0,0.0014347202295552,0.0043041606886656,0.0028694404591104,0.0014347202295552,0.0,0.0,0.0,0.0043041606886657,0.0043041606886657,0.0,0.0014347202295552,0.0014347202295552,0.0,0.0,0.0,0.0,0.0100430416068865,0.0071736011477761,0.0028694404591104,0.0286944045911046,0.0258249641319942,0.0028694404591104,413
2025-09-01,2025,9,0.7946768060836501,0.338403041825095,0.4562737642585551,0.0,0.0,0.0,0.0076045627376425,0.0076045627376425,0.0,0.0038022813688212,0.0038022813688212,0.0,0.045627376425855404,0.026615969581749,0.0190114068441064,0.0038022813688212,0.0,0.0038022813688212,0.0,0.0,0.0,0.0,0.0,0.0,0.0114068441064637,0.0076045627376425,0.0038022813688212,0.0152091254752851,0.0152091254752851,0.0,0.0,0.0,0.0,0.015209125475285001,0.0114068441064638,0.0038022813688212,0.015209125475285001,0.0038022813688212,0.0114068441064638,0.0038022813688212,0.0038022813688212,0.0,0.0076045627376424,0.0038022813688212,0.0038022813688212,0.0,0.0,0.0,0.0,0.0,0.0,0.0038022813688212,0.0038022813688212,0.0,0.0038022813688212,0.0038022813688212,0.0,0.0038022813688212,0.0038022813688212,0.0,0.0646387832699619,0.0646387832699619,0.0,131
2025-10-01,2025,10,0.5,0.0,0.5,0.0,0.0,0.0,0.0,0.0,0.0,0.0,0.0,0.0,0.0,0.0,0.0,0.0,0.0,0.0,0.0,0.0,0.0,0.0,0.0,0.0,0.5,0.5,0.0,0.0,0.0,0.0,0.0,0.0,0.0,0.0,0.0,0.0,0.0,0.0,0.0,0.0,0.0,0.0,0.0,0.0,0.0,0.0,0.0,0.0,0.0,0.0,0.0,0.0,0.0,0.0,0.0,0.0,0.0,0.0,0.0,0.0,0.0,0.0,0.0,1
2025-11-01,2025,11,,,,,,,,,,,,,,,,,,,,,,,,,,,,,,,,,,,,,,,,,,,,,,,,,,,,,,,,,,,,,,,,0
2025-12-01,2025,12,,,,,,,,,,,,,,,,,,,,,,,,,,,,,,,,,,,,,,,,,,,,,,,,,,,,,,,,,,,,,,,,0
