date,year,month,-999,cr_-999,nr_-999,activism,cr_activism,nr_activism,arrest,cr_arrest,nr_arrest,censor,cr_censor,nr_censor,cooperate,cr_cooperate,nr_cooperate,corruption,cr_corruption,nr_corruption,coup,cr_coup,nr_coup,defamationcase,cr_defamationcase,nr_defamationcase,disaster,cr_disaster,nr_disaster,electionactivity,cr_electionactivity,nr_electionactivity,electionirregularities,cr_electionirregularities,nr_electionirregularities,legalaction,cr_legalaction,nr_legalaction,legalchange,cr_legalchange,nr_legalchange,martiallaw,cr_martiallaw,nr_martiallaw,mobilizesecurity,cr_mobilizesecurity,nr_mobilizesecurity,protest,cr_protest,nr_protest,purge,cr_purge,nr_purge,raid,cr_raid,nr_raid,threaten,cr_threaten,nr_threaten,violencelethal,cr_violencelethal,nr_violencelethal,violencenonlethal,cr_violencenonlethal,nr_violencenonlethal,-999Norm,cr_-999Norm,nr_-999Norm,activismNorm,cr_activismNorm,nr_activismNorm,arrestNorm,cr_arrestNorm,nr_arrestNorm,censorNorm,cr_censorNorm,nr_censorNorm,cooperateNorm,cr_cooperateNorm,nr_cooperateNorm,corruptionNorm,cr_corruptionNorm,nr_corruptionNorm,coupNorm,cr_coupNorm,nr_coupNorm,defamationcaseNorm,cr_defamationcaseNorm,nr_defamationcaseNorm,disasterNorm,cr_disasterNorm,nr_disasterNorm,electionactivityNorm,cr_electionactivityNorm,nr_electionactivityNorm,electionirregularitiesNorm,cr_electionirregularitiesNorm,nr_electionirregularitiesNorm,legalactionNorm,cr_legalactionNorm,nr_legalactionNorm,legalchangeNorm,cr_legalchangeNorm,nr_legalchangeNorm,martiallawNorm,cr_martiallawNorm,nr_martiallawNorm,mobilizesecurityNorm,cr_mobilizesecurityNorm,nr_mobilizesecurityNorm,protestNorm,cr_protestNorm,nr_protestNorm,purgeNorm,cr_purgeNorm,nr_purgeNorm,raidNorm,cr_raidNorm,nr_raidNorm,threatenNorm,cr_threatenNorm,nr_threatenNorm,violencelethalNorm,cr_violencelethalNorm,nr_violencelethalNorm,violencenonlethalNorm,cr_violencenonlethalNorm,nr_violencenonlethalNorm,total_articles
2012-01-01,2012,1,8,3,5,0,0,0,0,0,0,0,0,0,0,0,0,0,0,0,0,0,0,0,0,0,1,0,1,1,1,0,0,0,0,0,0,0,0,0,0,0,0,0,0,0,0,0,0,0,1,0,1,0,0,0,0,0,0,1,1,0,2,2,0,0.5714285714285713,0.2142857142857142,0.3571428571428571,0.0,0.0,0.0,0.0,0.0,0.0,0.0,0.0,0.0,0.0,0.0,0.0,0.0,0.0,0.0,0.0,0.0,0.0,0.0,0.0,0.0,0.0714285714285714,0.0,0.0714285714285714,0.0714285714285714,0.0714285714285714,0.0,0.0,0.0,0.0,0.0,0.0,0.0,0.0,0.0,0.0,0.0,0.0,0.0,0.0,0.0,0.0,0.0,0.0,0.0,0.0714285714285714,0.0,0.0714285714285714,0.0,0.0,0.0,0.0,0.0,0.0,0.0714285714285714,0.0714285714285714,0.0,0.1428571428571428,0.1428571428571428,0.0,7
2012-02-01,2012,2,15,1,14,0,0,0,0,0,0,0,0,0,0,0,0,0,0,0,0,0,0,0,0,0,0,0,0,1,1,0,0,0,0,1,1,0,0,0,0,0,0,0,0,0,0,1,1,0,1,1,0,0,0,0,2,2,0,1,1,0,0,0,0,0.6818181818181818,0.0454545454545454,0.6363636363636364,0.0,0.0,0.0,0.0,0.0,0.0,0.0,0.0,0.0,0.0,0.0,0.0,0.0,0.0,0.0,0.0,0.0,0.0,0.0,0.0,0.0,0.0,0.0,0.0,0.0454545454545454,0.0454545454545454,0.0,0.0,0.0,0.0,0.0454545454545454,0.0454545454545454,0.0,0.0,0.0,0.0,0.0,0.0,0.0,0.0,0.0,0.0,0.0454545454545454,0.0454545454545454,0.0,0.0454545454545454,0.0454545454545454,0.0,0.0,0.0,0.0,0.0909090909090909,0.0909090909090909,0.0,0.0454545454545454,0.0454545454545454,0.0,0.0,0.0,0.0,8
2012-03-01,2012,3,49,22,27,0,0,0,0,0,0,0,0,0,0,0,0,0,0,0,0,0,0,0,0,0,0,0,0,0,0,0,0,0,0,1,0,1,0,0,0,0,0,0,1,1,0,0,0,0,0,0,0,0,0,0,1,1,0,1,1,0,0,0,0,0.9074074074074074,0.4074074074074074,0.5,0.0,0.0,0.0,0.0,0.0,0.0,0.0,0.0,0.0,0.0,0.0,0.0,0.0,0.0,0.0,0.0,0.0,0.0,0.0,0.0,0.0,0.0,0.0,0.0,0.0,0.0,0.0,0.0,0.0,0.0,0.0185185185185185,0.0,0.0185185185185185,0.0,0.0,0.0,0.0,0.0,0.0,0.0185185185185185,0.0185185185185185,0.0,0.0,0.0,0.0,0.0,0.0,0.0,0.0,0.0,0.0,0.0185185185185185,0.0185185185185185,0.0,0.0185185185185185,0.0185185185185185,0.0,0.0,0.0,0.0,25
2012-04-01,2012,4,23,5,18,1,1,0,0,0,0,0,0,0,0,0,0,0,0,0,0,0,0,0,0,0,1,1,0,0,0,0,0,0,0,0,0,0,1,0,1,0,0,0,0,0,0,0,0,0,0,0,0,0,0,0,0,0,0,1,1,0,2,1,1,0.7931034482758621,0.1724137931034483,0.6206896551724138,0.0344827586206896,0.0344827586206896,0.0,0.0,0.0,0.0,0.0,0.0,0.0,0.0,0.0,0.0,0.0,0.0,0.0,0.0,0.0,0.0,0.0,0.0,0.0,0.0344827586206896,0.0344827586206896,0.0,0.0,0.0,0.0,0.0,0.0,0.0,0.0,0.0,0.0,0.0344827586206896,0.0,0.0344827586206896,0.0,0.0,0.0,0.0,0.0,0.0,0.0,0.0,0.0,0.0,0.0,0.0,0.0,0.0,0.0,0.0,0.0,0.0,0.0344827586206896,0.0344827586206896,0.0,0.0689655172413792,0.0344827586206896,0.0344827586206896,9
2012-05-01,2012,5,25,9,16,0,0,0,0,0,0,0,0,0,1,1,0,0,0,0,0,0,0,0,0,0,20,11,9,1,1,0,0,0,0,0,0,0,6,5,1,0,0,0,0,0,0,1,1,0,5,5,0,0,0,0,0,0,0,0,0,0,1,1,0,0.390625,0.140625,0.25,0.0,0.0,0.0,0.0,0.0,0.0,0.0,0.0,0.0,0.015625,0.015625,0.0,0.0,0.0,0.0,0.0,0.0,0.0,0.0,0.0,0.0,0.3125,0.171875,0.140625,0.015625,0.015625,0.0,0.0,0.0,0.0,0.0,0.0,0.0,0.09375,0.078125,0.015625,0.0,0.0,0.0,0.0,0.0,0.0,0.015625,0.015625,0.0,0.078125,0.078125,0.0,0.0,0.0,0.0,0.0,0.0,0.0,0.0,0.0,0.0,0.015625,0.015625,0.0,34
2012-06-01,2012,6,17,3,14,0,0,0,0,0,0,0,0,0,0,0,0,0,0,0,0,0,0,0,0,0,1,1,0,1,1,0,0,0,0,0,0,0,1,1,0,0,0,0,0,0,0,0,0,0,0,0,0,0,0,0,0,0,0,1,1,0,0,0,0,0.8095238095238094,0.1428571428571428,0.6666666666666666,0.0,0.0,0.0,0.0,0.0,0.0,0.0,0.0,0.0,0.0,0.0,0.0,0.0,0.0,0.0,0.0,0.0,0.0,0.0,0.0,0.0,0.0476190476190476,0.0476190476190476,0.0,0.0476190476190476,0.0476190476190476,0.0,0.0,0.0,0.0,0.0,0.0,0.0,0.0476190476190476,0.0476190476190476,0.0,0.0,0.0,0.0,0.0,0.0,0.0,0.0,0.0,0.0,0.0,0.0,0.0,0.0,0.0,0.0,0.0,0.0,0.0,0.0476190476190476,0.0476190476190476,0.0,0.0,0.0,0.0,7
2012-07-01,2012,7,17,2,15,1,0,1,0,0,0,0,0,0,0,0,0,0,0,0,0,0,0,0,0,0,4,3,1,0,0,0,2,2,0,1,0,1,0,0,0,0,0,0,0,0,0,0,0,0,0,0,0,0,0,0,0,0,0,0,0,0,1,1,0,0.6538461538461537,0.0769230769230769,0.5769230769230769,0.0384615384615384,0.0,0.0384615384615384,0.0,0.0,0.0,0.0,0.0,0.0,0.0,0.0,0.0,0.0,0.0,0.0,0.0,0.0,0.0,0.0,0.0,0.0,0.1538461538461537,0.1153846153846153,0.0384615384615384,0.0,0.0,0.0,0.0769230769230769,0.0769230769230769,0.0,0.0384615384615384,0.0,0.0384615384615384,0.0,0.0,0.0,0.0,0.0,0.0,0.0,0.0,0.0,0.0,0.0,0.0,0.0,0.0,0.0,0.0,0.0,0.0,0.0,0.0,0.0,0.0,0.0,0.0,0.0384615384615384,0.0384615384615384,0.0,8
2012-08-01,2012,8,16,1,15,0,0,0,0,0,0,0,0,0,0,0,0,2,2,0,0,0,0,0,0,0,2,2,0,0,0,0,0,0,0,0,0,0,1,1,0,0,0,0,0,0,0,1,0,1,2,2,0,0,0,0,0,0,0,1,0,1,2,2,0,0.64,0.04,0.6,0.0,0.0,0.0,0.0,0.0,0.0,0.0,0.0,0.0,0.0,0.0,0.0,0.08,0.08,0.0,0.0,0.0,0.0,0.0,0.0,0.0,0.08,0.08,0.0,0.0,0.0,0.0,0.0,0.0,0.0,0.0,0.0,0.0,0.04,0.04,0.0,0.0,0.0,0.0,0.0,0.0,0.0,0.04,0.0,0.04,0.08,0.08,0.0,0.0,0.0,0.0,0.0,0.0,0.0,0.04,0.0,0.04,0.08,0.08,0.0,8
2012-09-01,2012,9,42,16,26,0,0,0,0,0,0,0,0,0,1,0,1,0,0,0,0,0,0,0,0,0,25,12,13,0,0,0,0,0,0,0,0,0,0,0,0,0,0,0,1,1,0,1,0,1,0,0,0,0,0,0,0,0,0,4,4,0,0,0,0,0.5454545454545454,0.2077922077922078,0.3376623376623376,0.0,0.0,0.0,0.0,0.0,0.0,0.0,0.0,0.0,0.0129870129870129,0.0,0.0129870129870129,0.0,0.0,0.0,0.0,0.0,0.0,0.0,0.0,0.0,0.3246753246753246,0.1558441558441558,0.1688311688311688,0.0,0.0,0.0,0.0,0.0,0.0,0.0,0.0,0.0,0.0,0.0,0.0,0.0,0.0,0.0,0.0129870129870129,0.0129870129870129,0.0,0.0129870129870129,0.0,0.0129870129870129,0.0,0.0,0.0,0.0,0.0,0.0,0.0,0.0,0.0,0.0519480519480519,0.0519480519480519,0.0,0.0,0.0,0.0,33
2012-10-01,2012,10,16,3,13,0,0,0,0,0,0,0,0,0,0,0,0,0,0,0,0,0,0,0,0,0,3,2,1,0,0,0,0,0,0,0,0,0,1,1,0,0,0,0,1,0,1,0,0,0,1,1,0,0,0,0,0,0,0,2,1,1,1,1,0,0.64,0.12,0.52,0.0,0.0,0.0,0.0,0.0,0.0,0.0,0.0,0.0,0.0,0.0,0.0,0.0,0.0,0.0,0.0,0.0,0.0,0.0,0.0,0.0,0.12,0.08,0.04,0.0,0.0,0.0,0.0,0.0,0.0,0.0,0.0,0.0,0.04,0.04,0.0,0.0,0.0,0.0,0.04,0.0,0.04,0.0,0.0,0.0,0.04,0.04,0.0,0.0,0.0,0.0,0.0,0.0,0.0,0.08,0.04,0.04,0.04,0.04,0.0,9
2012-11-01,2012,11,21,6,15,0,0,0,0,0,0,0,0,0,0,0,0,1,1,0,0,0,0,0,0,0,0,0,0,1,1,0,0,0,0,3,2,1,0,0,0,0,0,0,0,0,0,1,1,0,0,0,0,0,0,0,0,0,0,1,0,1,2,2,0,0.7241379310344828,0.2068965517241379,0.5172413793103449,0.0,0.0,0.0,0.0,0.0,0.0,0.0,0.0,0.0,0.0,0.0,0.0,0.0344827586206896,0.0344827586206896,0.0,0.0,0.0,0.0,0.0,0.0,0.0,0.0,0.0,0.0,0.0344827586206896,0.0344827586206896,0.0,0.0,0.0,0.0,0.1034482758620689,0.0689655172413793,0.0344827586206896,0.0,0.0,0.0,0.0,0.0,0.0,0.0,0.0,0.0,0.0344827586206896,0.0344827586206896,0.0,0.0,0.0,0.0,0.0,0.0,0.0,0.0,0.0,0.0,0.0344827586206896,0.0,0.0344827586206896,0.0689655172413793,0.0689655172413793,0.0,12
2012-12-01,2012,12,17,6,11,0,0,0,1,1,0,0,0,0,0,0,0,0,0,0,0,0,0,0,0,0,1,0,1,0,0,0,0,0,0,0,0,0,1,0,1,0,0,0,0,0,0,0,0,0,0,0,0,0,0,0,0,0,0,1,1,0,0,0,0,0.8095238095238095,0.2857142857142857,0.5238095238095238,0.0,0.0,0.0,0.0476190476190476,0.0476190476190476,0.0,0.0,0.0,0.0,0.0,0.0,0.0,0.0,0.0,0.0,0.0,0.0,0.0,0.0,0.0,0.0,0.0476190476190476,0.0,0.0476190476190476,0.0,0.0,0.0,0.0,0.0,0.0,0.0,0.0,0.0,0.0476190476190476,0.0,0.0476190476190476,0.0,0.0,0.0,0.0,0.0,0.0,0.0,0.0,0.0,0.0,0.0,0.0,0.0,0.0,0.0,0.0,0.0,0.0,0.0476190476190476,0.0476190476190476,0.0,0.0,0.0,0.0,8
2013-01-01,2013,1,22,6,16,0,0,0,2,2,0,0,0,0,0,0,0,0,0,0,0,0,0,0,0,0,3,2,1,1,1,0,0,0,0,5,5,0,0,0,0,0,0,0,0,0,0,8,8,0,0,0,0,0,0,0,0,0,0,0,0,0,3,3,0,0.4583333333333333,0.125,0.3333333333333333,0.0,0.0,0.0,0.0416666666666666,0.0416666666666666,0.0,0.0,0.0,0.0,0.0,0.0,0.0,0.0,0.0,0.0,0.0,0.0,0.0,0.0,0.0,0.0,0.0624999999999999,0.0416666666666666,0.0208333333333333,0.0208333333333333,0.0208333333333333,0.0,0.0,0.0,0.0,0.1041666666666666,0.1041666666666666,0.0,0.0,0.0,0.0,0.0,0.0,0.0,0.0,0.0,0.0,0.1666666666666666,0.1666666666666666,0.0,0.0,0.0,0.0,0.0,0.0,0.0,0.0,0.0,0.0,0.0,0.0,0.0,0.0625,0.0625,0.0,27
2013-02-01,2013,2,28,8,20,0,0,0,0,0,0,0,0,0,3,3,0,0,0,0,0,0,0,0,0,0,1,0,1,0,0,0,0,0,0,0,0,0,1,0,1,0,0,0,0,0,0,1,0,1,1,1,0,0,0,0,0,0,0,0,0,0,0,0,0,0.7777777777777778,0.2222222222222222,0.5555555555555556,0.0,0.0,0.0,0.0,0.0,0.0,0.0,0.0,0.0,0.0833333333333333,0.0833333333333333,0.0,0.0,0.0,0.0,0.0,0.0,0.0,0.0,0.0,0.0,0.0277777777777777,0.0,0.0277777777777777,0.0,0.0,0.0,0.0,0.0,0.0,0.0,0.0,0.0,0.0277777777777777,0.0,0.0277777777777777,0.0,0.0,0.0,0.0,0.0,0.0,0.0277777777777777,0.0,0.0277777777777777,0.0277777777777777,0.0277777777777777,0.0,0.0,0.0,0.0,0.0,0.0,0.0,0.0,0.0,0.0,0.0,0.0,0.0,12
2013-03-01,2013,3,27,8,19,0,0,0,3,3,0,2,2,0,0,0,0,0,0,0,0,0,0,0,0,0,3,0,3,1,1,0,0,0,0,0,0,0,0,0,0,0,0,0,0,0,0,0,0,0,0,0,0,1,1,0,0,0,0,0,0,0,1,0,1,0.6923076923076922,0.2051282051282051,0.4871794871794871,0.0,0.0,0.0,0.0769230769230769,0.0769230769230769,0.0,0.0512820512820512,0.0512820512820512,0.0,0.0,0.0,0.0,0.0,0.0,0.0,0.0,0.0,0.0,0.0,0.0,0.0,0.0769230769230769,0.0,0.0769230769230769,0.0256410256410256,0.0256410256410256,0.0,0.0,0.0,0.0,0.0,0.0,0.0,0.0,0.0,0.0,0.0,0.0,0.0,0.0,0.0,0.0,0.0,0.0,0.0,0.0,0.0,0.0,0.0256410256410256,0.0256410256410256,0.0,0.0,0.0,0.0,0.0,0.0,0.0,0.0256410256410256,0.0,0.0256410256410256,15
2013-04-01,2013,4,26,8,18,0,0,0,0,0,0,0,0,0,0,0,0,0,0,0,0,0,0,0,0,0,1,1,0,1,1,0,0,0,0,1,0,1,0,0,0,0,0,0,0,0,0,0,0,0,1,1,0,0,0,0,0,0,0,1,0,1,4,1,3,0.7428571428571428,0.2285714285714285,0.5142857142857142,0.0,0.0,0.0,0.0,0.0,0.0,0.0,0.0,0.0,0.0,0.0,0.0,0.0,0.0,0.0,0.0,0.0,0.0,0.0,0.0,0.0,0.0285714285714285,0.0285714285714285,0.0,0.0285714285714285,0.0285714285714285,0.0,0.0,0.0,0.0,0.0285714285714285,0.0,0.0285714285714285,0.0,0.0,0.0,0.0,0.0,0.0,0.0,0.0,0.0,0.0,0.0,0.0,0.0285714285714285,0.0285714285714285,0.0,0.0,0.0,0.0,0.0,0.0,0.0,0.0285714285714285,0.0,0.0285714285714285,0.1142857142857142,0.0285714285714285,0.0857142857142857,12
2013-05-01,2013,5,31,5,26,1,1,0,0,0,0,0,0,0,0,0,0,0,0,0,0,0,0,0,0,0,5,2,3,0,0,0,0,0,0,0,0,0,1,1,0,0,0,0,0,0,0,6,3,3,0,0,0,0,0,0,0,0,0,1,0,1,1,0,1,0.6458333333333333,0.1041666666666666,0.5416666666666666,0.0208333333333333,0.0208333333333333,0.0,0.0,0.0,0.0,0.0,0.0,0.0,0.0,0.0,0.0,0.0,0.0,0.0,0.0,0.0,0.0,0.0,0.0,0.0,0.1041666666666666,0.0416666666666666,0.0625,0.0,0.0,0.0,0.0,0.0,0.0,0.0,0.0,0.0,0.0208333333333333,0.0208333333333333,0.0,0.0,0.0,0.0,0.0,0.0,0.0,0.125,0.0625,0.0625,0.0,0.0,0.0,0.0,0.0,0.0,0.0,0.0,0.0,0.0208333333333333,0.0,0.0208333333333333,0.0208333333333333,0.0,0.0208333333333333,12
2013-06-01,2013,6,16,1,15,0,0,0,0,0,0,0,0,0,0,0,0,0,0,0,0,0,0,0,0,0,2,2,0,1,1,0,0,0,0,0,0,0,1,0,1,0,0,0,0,0,0,1,1,0,0,0,0,0,0,0,0,0,0,1,1,0,0,0,0,0.7272727272727272,0.0454545454545454,0.6818181818181818,0.0,0.0,0.0,0.0,0.0,0.0,0.0,0.0,0.0,0.0,0.0,0.0,0.0,0.0,0.0,0.0,0.0,0.0,0.0,0.0,0.0,0.0909090909090909,0.0909090909090909,0.0,0.0454545454545454,0.0454545454545454,0.0,0.0,0.0,0.0,0.0,0.0,0.0,0.0454545454545454,0.0,0.0454545454545454,0.0,0.0,0.0,0.0,0.0,0.0,0.0454545454545454,0.0454545454545454,0.0,0.0,0.0,0.0,0.0,0.0,0.0,0.0,0.0,0.0,0.0454545454545454,0.0454545454545454,0.0,0.0,0.0,0.0,6
2013-07-01,2013,7,23,5,18,1,0,1,1,1,0,0,0,0,0,0,0,0,0,0,0,0,0,0,0,0,3,1,2,0,0,0,0,0,0,0,0,0,0,0,0,0,0,0,0,0,0,0,0,0,0,0,0,0,0,0,0,0,0,0,0,0,1,1,0,0.7931034482758621,0.1724137931034483,0.6206896551724138,0.0344827586206896,0.0,0.0344827586206896,0.0344827586206896,0.0344827586206896,0.0,0.0,0.0,0.0,0.0,0.0,0.0,0.0,0.0,0.0,0.0,0.0,0.0,0.0,0.0,0.0,0.1034482758620689,0.0344827586206896,0.0689655172413793,0.0,0.0,0.0,0.0,0.0,0.0,0.0,0.0,0.0,0.0,0.0,0.0,0.0,0.0,0.0,0.0,0.0,0.0,0.0,0.0,0.0,0.0,0.0,0.0,0.0,0.0,0.0,0.0,0.0,0.0,0.0,0.0,0.0,0.0344827586206896,0.0344827586206896,0.0,8
2013-08-01,2013,8,82,28,54,1,1,0,6,3,3,0,0,0,6,4,2,2,2,0,0,0,0,0,0,0,4,1,3,6,5,1,3,3,0,3,3,0,5,1,4,0,0,0,1,1,0,4,4,0,2,0,2,0,0,0,0,0,0,2,2,0,1,0,1,0.6307692307692307,0.2153846153846154,0.4153846153846154,0.0076923076923076,0.0076923076923076,0.0,0.046153846153846,0.023076923076923,0.023076923076923,0.0,0.0,0.0,0.046153846153846004,0.0307692307692307,0.0153846153846153,0.0153846153846153,0.0153846153846153,0.0,0.0,0.0,0.0,0.0,0.0,0.0,0.030769230769230597,0.0076923076923076,0.023076923076923,0.046153846153846004,0.0384615384615384,0.0076923076923076,0.023076923076923,0.023076923076923,0.0,0.023076923076923,0.023076923076923,0.0,0.038461538461538304,0.0076923076923076,0.0307692307692307,0.0,0.0,0.0,0.0076923076923076,0.0076923076923076,0.0,0.0307692307692307,0.0307692307692307,0.0,0.0153846153846153,0.0,0.0153846153846153,0.0,0.0,0.0,0.0,0.0,0.0,0.0153846153846153,0.0153846153846153,0.0,0.0076923076923076,0.0,0.0076923076923076,57
2013-09-01,2013,9,162,58,104,1,1,0,2,0,2,0,0,0,13,11,2,1,1,0,2,2,0,0,0,0,5,0,5,29,26,3,8,8,0,4,4,0,1,1,0,0,0,0,1,0,1,4,3,1,3,3,0,2,1,1,1,1,0,3,3,0,5,5,0,0.6532258064516128,0.2338709677419354,0.4193548387096774,0.0040322580645161,0.0040322580645161,0.0,0.0080645161290322,0.0,0.0080645161290322,0.0,0.0,0.0,0.0524193548387096,0.0443548387096774,0.0080645161290322,0.0040322580645161,0.0040322580645161,0.0,0.0080645161290322,0.0080645161290322,0.0,0.0,0.0,0.0,0.0201612903225806,0.0,0.0201612903225806,0.11693548387096761,0.1048387096774193,0.0120967741935483,0.032258064516129,0.032258064516129,0.0,0.0161290322580645,0.0161290322580645,0.0,0.0040322580645161,0.0040322580645161,0.0,0.0,0.0,0.0,0.0040322580645161,0.0,0.0040322580645161,0.0161290322580644,0.0120967741935483,0.0040322580645161,0.0120967741935483,0.0120967741935483,0.0,0.0080645161290322,0.0040322580645161,0.0040322580645161,0.0040322580645161,0.0040322580645161,0.0,0.0120967741935483,0.0120967741935483,0.0,0.0201612903225806,0.0201612903225806,0.0,127
2013-10-01,2013,10,24,7,17,1,1,0,2,0,2,0,0,0,0,0,0,0,0,0,0,0,0,0,0,0,5,1,4,0,0,0,0,0,0,3,3,0,0,0,0,0,0,0,0,0,0,0,0,0,0,0,0,0,0,0,0,0,0,0,0,0,0,0,0,0.6857142857142857,0.2,0.4857142857142857,0.0285714285714285,0.0285714285714285,0.0,0.0571428571428571,0.0,0.0571428571428571,0.0,0.0,0.0,0.0,0.0,0.0,0.0,0.0,0.0,0.0,0.0,0.0,0.0,0.0,0.0,0.1428571428571427,0.0285714285714285,0.1142857142857142,0.0,0.0,0.0,0.0,0.0,0.0,0.0857142857142857,0.0857142857142857,0.0,0.0,0.0,0.0,0.0,0.0,0.0,0.0,0.0,0.0,0.0,0.0,0.0,0.0,0.0,0.0,0.0,0.0,0.0,0.0,0.0,0.0,0.0,0.0,0.0,0.0,0.0,0.0,12
2013-11-01,2013,11,39,18,21,0,0,0,1,0,1,0,0,0,2,2,0,1,1,0,0,0,0,0,0,0,0,0,0,12,12,0,4,4,0,1,1,0,2,2,0,0,0,0,0,0,0,4,4,0,0,0,0,0,0,0,1,1,0,0,0,0,2,2,0,0.5571428571428572,0.2571428571428571,0.3,0.0,0.0,0.0,0.0142857142857142,0.0,0.0142857142857142,0.0,0.0,0.0,0.0285714285714285,0.0285714285714285,0.0,0.0142857142857142,0.0142857142857142,0.0,0.0,0.0,0.0,0.0,0.0,0.0,0.0,0.0,0.0,0.1714285714285714,0.1714285714285714,0.0,0.0571428571428571,0.0571428571428571,0.0,0.0142857142857142,0.0142857142857142,0.0,0.0285714285714285,0.0285714285714285,0.0,0.0,0.0,0.0,0.0,0.0,0.0,0.0571428571428571,0.0571428571428571,0.0,0.0,0.0,0.0,0.0,0.0,0.0,0.0142857142857142,0.0142857142857142,0.0,0.0,0.0,0.0,0.0285714285714285,0.0285714285714285,0.0,46
2013-12-01,2013,12,30,8,22,1,1,0,0,0,0,0,0,0,2,2,0,0,0,0,0,0,0,0,0,0,1,0,1,1,1,0,0,0,0,0,0,0,0,0,0,0,0,0,0,0,0,0,0,0,0,0,0,0,0,0,0,0,0,2,1,1,0,0,0,0.7894736842105262,0.2105263157894736,0.5789473684210527,0.0263157894736842,0.0263157894736842,0.0,0.0,0.0,0.0,0.0,0.0,0.0,0.0526315789473684,0.0526315789473684,0.0,0.0,0.0,0.0,0.0,0.0,0.0,0.0,0.0,0.0,0.0263157894736842,0.0,0.0263157894736842,0.0263157894736842,0.0263157894736842,0.0,0.0,0.0,0.0,0.0,0.0,0.0,0.0,0.0,0.0,0.0,0.0,0.0,0.0,0.0,0.0,0.0,0.0,0.0,0.0,0.0,0.0,0.0,0.0,0.0,0.0,0.0,0.0,0.0526315789473684,0.0263157894736842,0.0263157894736842,0.0,0.0,0.0,13
2014-01-01,2014,1,228,40,188,7,1,6,7,1,6,1,0,1,35,18,17,7,3,4,1,0,1,0,0,0,3,1,2,12,7,5,2,1,1,15,10,5,25,8,17,0,0,0,1,1,0,13,7,6,3,2,1,0,0,0,2,2,0,2,0,2,4,1,3,0.628099173553719,0.1101928374655647,0.5179063360881543,0.019283746556473802,0.0027548209366391,0.0165289256198347,0.019283746556473802,0.0027548209366391,0.0165289256198347,0.0027548209366391,0.0,0.0027548209366391,0.0964187327823691,0.0495867768595041,0.046831955922865,0.019283746556473698,0.0082644628099173,0.0110192837465564,0.0027548209366391,0.0,0.0027548209366391,0.0,0.0,0.0,0.0082644628099173,0.0027548209366391,0.0055096418732782,0.0330578512396693,0.0192837465564738,0.0137741046831955,0.0055096418732782,0.0027548209366391,0.0027548209366391,0.0413223140495866,0.0275482093663911,0.0137741046831955,0.06887052341597791,0.0220385674931129,0.046831955922865,0.0,0.0,0.0,0.0027548209366391,0.0027548209366391,0.0,0.0358126721763085,0.0192837465564738,0.0165289256198347,0.0082644628099173,0.0055096418732782,0.0027548209366391,0.0,0.0,0.0,0.0055096418732782,0.0055096418732782,0.0,0.0055096418732782,0.0,0.0055096418732782,0.0110192837465564,0.0027548209366391,0.0082644628099173,100
2014-02-01,2014,2,237,44,193,3,2,1,8,0,8,0,0,0,20,5,15,5,1,4,2,1,1,0,0,0,14,1,13,7,6,1,0,0,0,8,5,3,21,8,13,1,1,0,3,1,2,5,1,4,1,1,0,1,0,1,4,3,1,1,1,0,2,2,0,0.6970588235294117,0.1294117647058823,0.5676470588235294,0.0088235294117646,0.0058823529411764,0.0029411764705882,0.0235294117647058,0.0,0.0235294117647058,0.0,0.0,0.0,0.058823529411764594,0.0147058823529411,0.0441176470588235,0.0147058823529411,0.0029411764705882,0.0117647058823529,0.0058823529411764,0.0029411764705882,0.0029411764705882,0.0,0.0,0.0,0.041176470588235196,0.0029411764705882,0.038235294117647,0.0205882352941176,0.0176470588235294,0.0029411764705882,0.0,0.0,0.0,0.0235294117647058,0.0147058823529411,0.0088235294117647,0.0617647058823528,0.0235294117647058,0.038235294117647,0.0029411764705882,0.0029411764705882,0.0,0.0088235294117646,0.0029411764705882,0.0058823529411764,0.0147058823529411,0.0029411764705882,0.0117647058823529,0.0029411764705882,0.0029411764705882,0.0,0.0029411764705882,0.0,0.0029411764705882,0.011764705882352901,0.0088235294117647,0.0029411764705882,0.0029411764705882,0.0029411764705882,0.0,0.0058823529411764,0.0058823529411764,0.0,82
2014-03-01,2014,3,240,33,207,3,2,1,6,2,4,0,0,0,33,13,20,5,1,4,1,1,0,0,0,0,6,1,5,10,7,3,5,4,1,10,4,6,21,5,16,0,0,0,3,3,0,16,12,4,2,1,1,1,1,0,2,1,1,0,0,0,1,1,0,0.6521739130434782,0.0896739130434782,0.5625,0.0081521739130434,0.0054347826086956,0.0027173913043478,0.0163043478260869,0.0054347826086956,0.0108695652173913,0.0,0.0,0.0,0.0896739130434782,0.0353260869565217,0.0543478260869565,0.0135869565217391,0.0027173913043478,0.0108695652173913,0.0027173913043478,0.0027173913043478,0.0,0.0,0.0,0.0,0.0163043478260869,0.0027173913043478,0.0135869565217391,0.0271739130434781,0.0190217391304347,0.0081521739130434,0.0135869565217391,0.0108695652173913,0.0027173913043478,0.0271739130434782,0.0108695652173913,0.0163043478260869,0.0570652173913043,0.0135869565217391,0.0434782608695652,0.0,0.0,0.0,0.0081521739130434,0.0081521739130434,0.0,0.0434782608695652,0.0326086956521739,0.0108695652173913,0.0054347826086956,0.0027173913043478,0.0027173913043478,0.0027173913043478,0.0027173913043478,0.0,0.0054347826086956,0.0027173913043478,0.0027173913043478,0.0,0.0,0.0,0.0027173913043478,0.0027173913043478,0.0,92
2014-04-01,2014,4,264,70,194,2,2,0,3,0,3,0,0,0,41,21,20,8,2,6,1,1,0,1,1,0,16,4,12,13,11,2,2,1,1,10,3,7,21,11,10,0,0,0,1,0,1,10,7,3,1,0,1,0,0,0,7,4,3,5,4,1,5,2,3,0.6470588235294117,0.1715686274509804,0.4754901960784313,0.0049019607843137,0.0049019607843137,0.0,0.0073529411764705,0.0,0.0073529411764705,0.0,0.0,0.0,0.1004901960784313,0.0514705882352941,0.0490196078431372,0.0196078431372548,0.0049019607843137,0.0147058823529411,0.0024509803921568,0.0024509803921568,0.0,0.0024509803921568,0.0024509803921568,0.0,0.0392156862745097,0.0098039215686274,0.0294117647058823,0.0318627450980391,0.0269607843137254,0.0049019607843137,0.0049019607843136,0.0024509803921568,0.0024509803921568,0.0245098039215685,0.0073529411764705,0.017156862745098,0.051470588235294004,0.0269607843137254,0.0245098039215686,0.0,0.0,0.0,0.0024509803921568,0.0,0.0024509803921568,0.0245098039215685,0.017156862745098,0.0073529411764705,0.0024509803921568,0.0,0.0024509803921568,0.0,0.0,0.0,0.017156862745097902,0.0098039215686274,0.0073529411764705,0.0122549019607842,0.0098039215686274,0.0024509803921568,0.0122549019607842,0.0049019607843137,0.0073529411764705,141
2014-05-01,2014,5,192,41,151,0,0,0,13,5,8,0,0,0,41,16,25,14,7,7,2,0,2,0,0,0,10,2,8,14,11,3,7,4,3,9,4,5,22,9,13,1,1,0,1,1,0,14,8,6,1,1,0,0,0,0,0,0,0,2,1,1,2,0,2,0.5748502994011975,0.122754491017964,0.4520958083832335,0.0,0.0,0.0,0.0389221556886227,0.0149700598802395,0.0239520958083832,0.0,0.0,0.0,0.122754491017964,0.0479041916167664,0.0748502994011976,0.0419161676646706,0.0209580838323353,0.0209580838323353,0.0059880239520958,0.0,0.0059880239520958,0.0,0.0,0.0,0.029940119760479,0.0059880239520958,0.0239520958083832,0.0419161676646706,0.0329341317365269,0.0089820359281437,0.0209580838323353,0.0119760479041916,0.0089820359281437,0.0269461077844311,0.0119760479041916,0.0149700598802395,0.0658682634730538,0.0269461077844311,0.0389221556886227,0.0029940119760479,0.0029940119760479,0.0,0.0029940119760479,0.0029940119760479,0.0,0.0419161676646706,0.0239520958083832,0.0179640718562874,0.0029940119760479,0.0029940119760479,0.0,0.0,0.0,0.0,0.0,0.0,0.0,0.0059880239520958,0.0029940119760479,0.0029940119760479,0.0059880239520958,0.0,0.0059880239520958,105
2014-06-01,2014,6,267,71,196,1,1,0,9,2,7,0,0,0,25,15,10,11,7,4,1,1,0,0,0,0,10,3,7,12,11,1,3,2,1,7,4,3,16,7,9,0,0,0,1,1,0,2,1,1,4,2,2,0,0,0,2,0,2,0,0,0,3,1,2,0.7295081967213115,0.1939890710382513,0.5355191256830601,0.0027322404371584,0.0027322404371584,0.0,0.0245901639344261,0.0054644808743169,0.0191256830601092,0.0,0.0,0.0,0.0683060109289617,0.040983606557377,0.0273224043715847,0.030054644808743,0.0191256830601092,0.0109289617486338,0.0027322404371584,0.0027322404371584,0.0,0.0,0.0,0.0,0.027322404371584598,0.0081967213114754,0.0191256830601092,0.032786885245901495,0.0300546448087431,0.0027322404371584,0.008196721311475301,0.0054644808743169,0.0027322404371584,0.0191256830601092,0.0109289617486338,0.0081967213114754,0.0437158469945354,0.0191256830601092,0.0245901639344262,0.0,0.0,0.0,0.0027322404371584,0.0027322404371584,0.0,0.0054644808743168,0.0027322404371584,0.0027322404371584,0.0109289617486338,0.0054644808743169,0.0054644808743169,0.0,0.0,0.0,0.0054644808743169,0.0,0.0054644808743169,0.0,0.0,0.0,0.008196721311475301,0.0027322404371584,0.0054644808743169,124
2014-07-01,2014,7,461,160,301,3,3,0,15,7,8,0,0,0,53,26,27,15,13,2,2,0,2,0,0,0,14,5,9,22,21,1,3,3,0,11,9,2,39,13,26,1,0,1,5,4,1,12,6,6,7,6,1,3,2,1,5,3,2,3,1,2,5,1,4,0.6870342771982115,0.2384500745156482,0.4485842026825633,0.0044709388971684,0.0044709388971684,0.0,0.022354694485842,0.0104321907600596,0.0119225037257824,0.0,0.0,0.0,0.0789865871833084,0.0387481371087928,0.0402384500745156,0.022354694485842,0.0193740685543964,0.0029806259314456,0.0029806259314456,0.0,0.0029806259314456,0.0,0.0,0.0,0.0208643815201192,0.007451564828614,0.0134128166915052,0.0327868852459016,0.0312965722801788,0.0014903129657228,0.0044709388971684,0.0044709388971684,0.0,0.0163934426229508,0.0134128166915052,0.0029806259314456,0.05812220566318921,0.0193740685543964,0.0387481371087928,0.0014903129657228,0.0,0.0014903129657228,0.007451564828614,0.0059612518628912,0.0014903129657228,0.0178837555886736,0.0089418777943368,0.0089418777943368,0.0104321907600596,0.0089418777943368,0.0014903129657228,0.0044709388971684,0.0029806259314456,0.0014903129657228,0.007451564828614,0.0044709388971684,0.0029806259314456,0.0044709388971684,0.0014903129657228,0.0029806259314456,0.007451564828614,0.0014903129657228,0.0059612518628912,273
2014-08-01,2014,8,551,197,354,5,3,2,29,5,24,4,3,1,62,42,20,25,19,6,1,1,0,1,0,1,67,36,31,9,8,1,2,2,0,25,18,7,29,10,19,0,0,0,1,0,1,14,5,9,10,6,4,6,3,3,10,8,2,15,7,8,10,4,6,0.6444444444444444,0.2304093567251462,0.4140350877192982,0.005847953216374199,0.0035087719298245,0.0023391812865497,0.033918128654970604,0.0058479532163742,0.0280701754385964,0.0046783625730993,0.0035087719298245,0.0011695906432748,0.0725146198830408,0.0491228070175438,0.023391812865497,0.0292397660818713,0.0222222222222222,0.0070175438596491,0.0011695906432748,0.0011695906432748,0.0,0.0011695906432748,0.0,0.0011695906432748,0.0783625730994151,0.0421052631578947,0.0362573099415204,0.010526315789473599,0.0093567251461988,0.0011695906432748,0.0023391812865497,0.0023391812865497,0.0,0.029239766081871198,0.0210526315789473,0.0081871345029239,0.033918128654970695,0.0116959064327485,0.0222222222222222,0.0,0.0,0.0,0.0011695906432748,0.0,0.0011695906432748,0.0163742690058478,0.0058479532163742,0.0105263157894736,0.0116959064327485,0.0070175438596491,0.0046783625730994,0.007017543859649,0.0035087719298245,0.0035087719298245,0.0116959064327485,0.0093567251461988,0.0023391812865497,0.017543859649122702,0.0081871345029239,0.0093567251461988,0.0116959064327485,0.0046783625730994,0.0070175438596491,360
2014-09-01,2014,9,506,180,326,5,4,1,15,1,14,0,0,0,66,42,24,22,19,3,3,2,1,1,0,1,17,2,15,11,10,1,4,3,1,30,22,8,21,13,8,0,0,0,2,2,0,18,9,9,7,6,1,3,0,3,5,3,2,1,1,0,7,3,4,0.6922024623803009,0.2462380300957592,0.4459644322845417,0.0068399452804377,0.0054719562243502,0.0013679890560875,0.0205198358413132,0.0013679890560875,0.0191518467852257,0.0,0.0,0.0,0.0902872777017783,0.0574555403556771,0.0328317373461012,0.030095759233926003,0.0259917920656634,0.0041039671682626,0.0041039671682626,0.0027359781121751,0.0013679890560875,0.0013679890560875,0.0,0.0013679890560875,0.0232558139534883,0.0027359781121751,0.0205198358413132,0.015047879616963002,0.0136798905608755,0.0013679890560875,0.0054719562243501,0.0041039671682626,0.0013679890560875,0.0410396716826265,0.0300957592339261,0.0109439124487004,0.0287277701778385,0.0177838577291381,0.0109439124487004,0.0,0.0,0.0,0.0027359781121751,0.0027359781121751,0.0,0.0246238030095758,0.0123119015047879,0.0123119015047879,0.0095759233926128,0.0082079343365253,0.0013679890560875,0.0041039671682626,0.0,0.0041039671682626,0.0068399452804377,0.0041039671682626,0.0027359781121751,0.0013679890560875,0.0013679890560875,0.0,0.0095759233926128,0.0041039671682626,0.0054719562243502,312
2014-10-01,2014,10,415,130,285,8,3,5,16,5,11,1,0,1,55,36,19,17,13,4,1,1,0,0,0,0,54,34,20,10,10,0,3,3,0,16,7,9,22,11,11,0,0,0,3,2,1,6,3,3,3,3,0,0,0,0,5,4,1,6,5,1,1,1,0,0.6535433070866141,0.2047244094488189,0.4488188976377952,0.012598425196850201,0.0047244094488188,0.0078740157480314,0.0251968503937006,0.0078740157480314,0.0173228346456692,0.0015748031496062,0.0,0.0015748031496062,0.0866141732283463,0.0566929133858267,0.0299212598425196,0.0267716535433069,0.0204724409448818,0.0062992125984251,0.0015748031496062,0.0015748031496062,0.0,0.0,0.0,0.0,0.08503937007874,0.0535433070866141,0.0314960629921259,0.0157480314960629,0.0157480314960629,0.0,0.0047244094488188,0.0047244094488188,0.0,0.0251968503937006,0.011023622047244,0.0141732283464566,0.0346456692913384,0.0173228346456692,0.0173228346456692,0.0,0.0,0.0,0.0047244094488187,0.0031496062992125,0.0015748031496062,0.0094488188976376,0.0047244094488188,0.0047244094488188,0.0047244094488188,0.0047244094488188,0.0,0.0,0.0,0.0,0.0078740157480313,0.0062992125984251,0.0015748031496062,0.0094488188976376,0.0078740157480314,0.0015748031496062,0.0015748031496062,0.0015748031496062,0.0,262
2014-11-01,2014,11,498,173,325,8,2,6,11,1,10,1,0,1,71,46,25,14,7,7,1,0,1,0,0,0,11,0,11,3,3,0,6,6,0,15,8,7,27,12,15,1,0,1,8,5,3,14,10,4,5,3,2,2,1,1,4,2,2,3,2,1,9,5,4,0.7094017094017093,0.2464387464387464,0.4629629629629629,0.0113960113960113,0.0028490028490028,0.0085470085470085,0.0156695156695156,0.0014245014245014,0.0142450142450142,0.0014245014245014,0.0,0.0014245014245014,0.1011396011396011,0.0655270655270655,0.0356125356125356,0.0199430199430198,0.0099715099715099,0.0099715099715099,0.0014245014245014,0.0,0.0014245014245014,0.0,0.0,0.0,0.0156695156695156,0.0,0.0156695156695156,0.0042735042735042,0.0042735042735042,0.0,0.0085470085470085,0.0085470085470085,0.0,0.0213675213675212,0.0113960113960113,0.0099715099715099,0.0384615384615383,0.017094017094017,0.0213675213675213,0.0014245014245014,0.0,0.0014245014245014,0.011396011396011301,0.0071225071225071,0.0042735042735042,0.0199430199430198,0.0142450142450142,0.0056980056980056,0.007122507122507,0.0042735042735042,0.0028490028490028,0.0028490028490028,0.0014245014245014,0.0014245014245014,0.0056980056980056,0.0028490028490028,0.0028490028490028,0.0042735042735042,0.0028490028490028,0.0014245014245014,0.0128205128205127,0.0071225071225071,0.0056980056980056,280
2014-12-01,2014,12,517,161,356,7,4,3,23,6,17,1,0,1,57,27,30,20,12,8,0,0,0,0,0,0,4,1,3,8,6,2,3,2,1,15,10,5,33,17,16,0,0,0,0,0,0,22,11,11,3,2,1,4,0,4,3,2,1,15,11,4,7,5,2,0.7072503419972639,0.2202462380300957,0.4870041039671682,0.0095759233926128,0.0054719562243502,0.0041039671682626,0.031463748290013596,0.0082079343365253,0.0232558139534883,0.0013679890560875,0.0,0.0013679890560875,0.0779753761969903,0.0369357045143638,0.0410396716826265,0.027359781121751,0.0164158686730506,0.0109439124487004,0.0,0.0,0.0,0.0,0.0,0.0,0.0054719562243501,0.0013679890560875,0.0041039671682626,0.0109439124487004,0.0082079343365253,0.0027359781121751,0.0041039671682626,0.0027359781121751,0.0013679890560875,0.0205198358413132,0.0136798905608755,0.0068399452804377,0.045143638850889095,0.0232558139534883,0.0218878248974008,0.0,0.0,0.0,0.0,0.0,0.0,0.030095759233926,0.015047879616963,0.015047879616963,0.0041039671682626,0.0027359781121751,0.0013679890560875,0.0054719562243502,0.0,0.0054719562243502,0.0041039671682626,0.0027359781121751,0.0013679890560875,0.0205198358413132,0.015047879616963,0.0054719562243502,0.0095759233926128,0.0068399452804377,0.0027359781121751,271
2015-01-01,2015,1,502,194,308,5,3,2,15,4,11,0,0,0,66,41,25,13,6,7,5,4,1,0,0,0,5,0,5,11,10,1,0,0,0,5,3,2,43,27,16,2,1,1,5,4,1,23,19,4,9,7,2,1,0,1,7,6,1,7,7,0,12,9,3,0.6876712328767123,0.2657534246575342,0.421917808219178,0.006849315068492999,0.0041095890410958,0.0027397260273972,0.020547945205479402,0.0054794520547945,0.0150684931506849,0.0,0.0,0.0,0.0904109589041095,0.0561643835616438,0.0342465753424657,0.017808219178082098,0.0082191780821917,0.0095890410958904,0.0068493150684931,0.0054794520547945,0.0013698630136986,0.0,0.0,0.0,0.0068493150684931,0.0,0.0068493150684931,0.0150684931506849,0.0136986301369863,0.0013698630136986,0.0,0.0,0.0,0.006849315068492999,0.0041095890410958,0.0027397260273972,0.058904109589041,0.036986301369863,0.021917808219178,0.0027397260273972,0.0013698630136986,0.0013698630136986,0.0068493150684931,0.0054794520547945,0.0013698630136986,0.0315068493150684,0.0260273972602739,0.0054794520547945,0.0123287671232876,0.0095890410958904,0.0027397260273972,0.0013698630136986,0.0,0.0013698630136986,0.0095890410958903,0.0082191780821917,0.0013698630136986,0.0095890410958904,0.0095890410958904,0.0,0.0164383561643834,0.0123287671232876,0.0041095890410958,341
2015-02-01,2015,2,469,175,294,2,0,2,8,2,6,0,0,0,56,37,19,10,5,5,2,2,0,0,0,0,8,0,8,7,7,0,5,5,0,9,6,3,25,11,14,1,1,0,5,3,2,17,8,9,5,4,1,1,0,1,4,4,0,6,4,2,3,2,1,0.7362637362637362,0.2747252747252747,0.4615384615384615,0.0031397174254317,0.0,0.0031397174254317,0.0125588697017268,0.0031397174254317,0.0094191522762951,0.0,0.0,0.0,0.0879120879120878,0.0580847723704866,0.0298273155416012,0.0156985871271584,0.0078492935635792,0.0078492935635792,0.0031397174254317,0.0031397174254317,0.0,0.0,0.0,0.0,0.0125588697017268,0.0,0.0125588697017268,0.0109890109890109,0.0109890109890109,0.0,0.0078492935635792,0.0078492935635792,0.0,0.0141287284144426,0.0094191522762951,0.0047095761381475,0.0392464678178963,0.0172684458398744,0.0219780219780219,0.0015698587127158,0.0015698587127158,0.0,0.007849293563579201,0.0047095761381475,0.0031397174254317,0.0266875981161695,0.0125588697017268,0.0141287284144427,0.007849293563579201,0.0062794348508634,0.0015698587127158,0.0015698587127158,0.0,0.0015698587127158,0.0062794348508634,0.0062794348508634,0.0,0.0094191522762951,0.0062794348508634,0.0031397174254317,0.0047095761381475,0.0031397174254317,0.0015698587127158,274
2015-03-01,2015,3,460,143,317,3,3,0,23,6,17,0,0,0,69,49,20,18,11,7,3,1,2,1,1,0,13,3,10,7,7,0,1,1,0,17,10,7,28,11,17,0,0,0,2,2,0,22,13,9,6,5,1,2,0,2,4,3,1,6,4,2,6,4,2,0.6794682422451993,0.2112259970457902,0.4682422451994091,0.0044313146233382,0.0044313146233382,0.0,0.033973412112259904,0.0088626292466765,0.0251107828655834,0.0,0.0,0.0,0.10192023633677989,0.0723781388478582,0.0295420974889217,0.0265878877400295,0.0162481536189069,0.0103397341211226,0.0044313146233381,0.001477104874446,0.0029542097488921,0.001477104874446,0.001477104874446,0.0,0.019202363367799,0.0044313146233382,0.0147710487444608,0.0103397341211226,0.0103397341211226,0.0,0.001477104874446,0.001477104874446,0.0,0.0251107828655834,0.0147710487444608,0.0103397341211226,0.0413589364844903,0.0162481536189069,0.0251107828655834,0.0,0.0,0.0,0.0029542097488921,0.0029542097488921,0.0,0.0324963072378138,0.0192023633677991,0.0132939438700147,0.0088626292466764,0.0073855243722304,0.001477104874446,0.0029542097488921,0.0,0.0029542097488921,0.0059084194977842,0.0044313146233382,0.001477104874446,0.0088626292466764,0.0059084194977843,0.0029542097488921,0.0088626292466764,0.0059084194977843,0.0029542097488921,268
2015-04-01,2015,4,854,359,495,18,15,3,11,1,10,0,0,0,46,27,19,17,8,9,1,0,1,0,0,0,560,496,64,10,9,1,4,4,0,14,5,9,23,14,9,4,3,1,4,3,1,21,16,5,4,3,1,0,0,0,3,1,2,20,17,3,10,8,2,0.5153892576946288,0.2166566083283041,0.2987326493663247,0.0108630054315026,0.0090525045262522,0.0018105009052504,0.0066385033192516,0.0006035003017501,0.0060350030175015,0.0,0.0,0.0,0.0277610138805068,0.016294508147254,0.0114665057332528,0.010259505129752499,0.0048280024140012,0.0054315027157513,0.0006035003017501,0.0,0.0006035003017501,0.0,0.0,0.0,0.3379601689800844,0.2993361496680748,0.0386240193120096,0.0060350030175014,0.0054315027157513,0.0006035003017501,0.0024140012070006,0.0024140012070006,0.0,0.008449004224502,0.0030175015087507,0.0054315027157513,0.0138805069402534,0.0084490042245021,0.0054315027157513,0.0024140012070005,0.0018105009052504,0.0006035003017501,0.0024140012070005,0.0018105009052504,0.0006035003017501,0.0126735063367531,0.0096560048280024,0.0030175015087507,0.0024140012070005,0.0018105009052504,0.0006035003017501,0.0,0.0,0.0,0.0018105009052504,0.0006035003017501,0.0012070006035003,0.012070006035002901,0.0102595051297525,0.0018105009052504,0.0060350030175015,0.0048280024140012,0.0012070006035003,985
2015-05-01,2015,5,792,350,442,23,18,5,8,2,6,0,0,0,42,26,16,4,3,1,0,0,0,0,0,0,464,376,88,3,2,1,1,1,0,4,1,3,10,1,9,1,0,1,16,12,4,1,0,1,6,5,1,3,0,3,2,1,1,13,8,5,11,5,6,0.5561797752808988,0.2457865168539325,0.3103932584269663,0.0161516853932583,0.0126404494382022,0.0035112359550561,0.0056179775280898,0.0014044943820224,0.0042134831460674,0.0,0.0,0.0,0.029494382022471802,0.0182584269662921,0.0112359550561797,0.0028089887640449,0.0021067415730337,0.0007022471910112,0.0,0.0,0.0,0.0,0.0,0.0,0.3258426966292134,0.2640449438202247,0.0617977528089887,0.0021067415730336003,0.0014044943820224,0.0007022471910112,0.0007022471910112,0.0007022471910112,0.0,0.0028089887640449,0.0007022471910112,0.0021067415730337,0.0070224719101123,0.0007022471910112,0.0063202247191011,0.0007022471910112,0.0,0.0007022471910112,0.0112359550561797,0.0084269662921348,0.0028089887640449,0.0007022471910112,0.0,0.0007022471910112,0.0042134831460673,0.0035112359550561,0.0007022471910112,0.0021067415730337,0.0,0.0021067415730337,0.0014044943820224,0.0007022471910112,0.0007022471910112,0.009129213483145899,0.0056179775280898,0.0035112359550561,0.0077247191011235,0.0035112359550561,0.0042134831460674,809
2015-06-01,2015,6,1317,378,939,23,13,10,111,9,102,2,1,1,155,85,70,23,12,11,3,1,2,1,1,0,421,168,253,16,13,3,6,5,1,36,20,16,120,71,49,4,2,2,7,1,6,37,18,19,6,5,1,7,0,7,12,7,5,34,1,33,35,8,27,0.5589983022071305,0.1604414261460101,0.3985568760611205,0.0097623089983021,0.0055178268251273,0.0042444821731748,0.047113752122241004,0.0038200339558573,0.0432937181663837,0.0008488964346348,0.0004244482173174,0.0004244482173174,0.0657894736842105,0.0360780984719864,0.0297113752122241,0.0097623089983021,0.0050933786078098,0.0046689303904923,0.0012733446519523,0.0004244482173174,0.0008488964346349,0.0004244482173174,0.0004244482173174,0.0,0.178692699490662,0.0713073005093378,0.1073853989813242,0.0067911714770797,0.0055178268251273,0.0012733446519524,0.0025466893039048,0.0021222410865874,0.0004244482173174,0.015280135823429401,0.0084889643463497,0.0067911714770797,0.0509337860780983,0.0301358234295415,0.0207979626485568,0.0016977928692698,0.0008488964346349,0.0008488964346349,0.0029711375212223,0.0004244482173174,0.0025466893039049,0.0157045840407469,0.0076400679117147,0.0080645161290322,0.0025466893039048,0.0021222410865874,0.0004244482173174,0.0029711375212224,0.0,0.0029711375212224,0.0050933786078098,0.0029711375212224,0.0021222410865874,0.0144312393887944,0.0004244482173174,0.014006791171477,0.0148556876061119,0.0033955857385398,0.0114601018675721,808
2015-07-01,2015,7,1516,378,1138,29,14,15,156,21,135,1,1,0,176,90,86,39,19,20,7,2,5,0,0,0,330,109,221,26,18,8,7,6,1,29,10,19,342,200,142,7,2,5,8,5,3,80,42,38,15,10,5,9,2,7,21,16,5,57,9,48,73,24,49,0.5234806629834253,0.130524861878453,0.3929558011049723,0.0100138121546961,0.0048342541436464,0.0051795580110497,0.0538674033149171,0.0072513812154696,0.0466160220994475,0.0003453038674033,0.0003453038674033,0.0,0.0607734806629833,0.0310773480662983,0.029696132596685,0.0134668508287291,0.0065607734806629,0.0069060773480662,0.0024171270718231,0.0006906077348066,0.0017265193370165,0.0,0.0,0.0,0.1139502762430939,0.0376381215469613,0.0763121546961326,0.008977900552486099,0.0062154696132596,0.0027624309392265,0.0024171270718231002,0.0020718232044198,0.0003453038674033,0.010013812154696,0.0034530386740331,0.0065607734806629,0.11809392265193361,0.0690607734806629,0.0490331491712707,0.0024171270718231,0.0006906077348066,0.0017265193370165,0.0027624309392264,0.0017265193370165,0.0010359116022099,0.027624309392265102,0.0145027624309392,0.0131215469613259,0.0051795580110495995,0.0034530386740331,0.0017265193370165,0.0031077348066298,0.0006906077348066,0.0024171270718232,0.0072513812154695,0.005524861878453,0.0017265193370165,0.0196823204419889,0.0031077348066298,0.0165745856353591,0.025207182320441904,0.0082872928176795,0.0169198895027624,961
2015-08-01,2015,8,1366,368,998,26,15,11,138,25,113,4,3,1,207,115,92,40,15,25,11,6,5,0,0,0,250,87,163,13,8,5,15,11,4,52,30,22,159,84,75,70,21,49,32,24,8,239,135,104,22,17,5,11,4,7,23,14,9,105,64,41,98,45,53,0.4796348314606741,0.1292134831460674,0.3504213483146067,0.0091292134831459,0.0052668539325842,0.0038623595505617,0.0484550561797752,0.0087780898876404,0.0396769662921348,0.0014044943820223999,0.0010533707865168,0.0003511235955056,0.0726825842696628,0.040379213483146,0.0323033707865168,0.0140449438202246,0.0052668539325842,0.0087780898876404,0.0038623595505617,0.0021067415730337,0.001755617977528,0.0,0.0,0.0,0.08778089887640439,0.0305477528089887,0.0572331460674157,0.0045646067415729,0.0028089887640449,0.001755617977528,0.0052668539325841,0.0038623595505617,0.0014044943820224,0.018258426966292,0.0105337078651685,0.0077247191011235,0.0558286516853932,0.0294943820224719,0.0263342696629213,0.024578651685393103,0.0073735955056179,0.0172050561797752,0.0112359550561797,0.0084269662921348,0.0028089887640449,0.08391853932584259,0.0474016853932584,0.0365168539325842,0.0077247191011235,0.0059691011235955,0.001755617977528,0.0038623595505617005,0.0014044943820224,0.0024578651685393,0.008075842696629101,0.0049157303370786,0.0031601123595505,0.036867977528089804,0.0224719101123595,0.0143960674157303,0.0344101123595505,0.0158005617977528,0.0186095505617977,1081
2015-09-01,2015,9,1404,422,982,29,21,8,157,32,125,12,10,2,331,239,92,35,14,21,10,6,4,0,0,0,142,32,110,25,20,5,16,14,2,48,29,19,298,208,90,92,22,70,37,23,14,298,195,103,26,21,5,3,0,3,26,19,7,102,61,41,137,64,73,0.43875,0.131875,0.306875,0.0090625,0.0065625,0.0025,0.0490625,0.01,0.0390625,0.0037500000000000003,0.003125,0.000625,0.1034375,0.0746875,0.02875,0.0109375,0.004375,0.0065625,0.003125,0.001875,0.00125,0.0,0.0,0.0,0.044375000000000005,0.01,0.034375,0.0078125,0.00625,0.0015625,0.005,0.004375,0.000625,0.015,0.0090625,0.0059375,0.093125,0.065,0.028125,0.028749999999999998,0.006875,0.021875,0.0115625,0.0071875,0.004375,0.093125,0.0609375,0.0321875,0.008125,0.0065625,0.0015625,0.0009375,0.0,0.0009375,0.008125,0.0059375,0.0021875,0.031875,0.0190625,0.0128125,0.0428125,0.02,0.0228125,1442
2015-10-01,2015,10,1533,465,1068,11,7,4,138,12,126,3,2,1,298,212,86,14,6,8,10,4,6,0,0,0,168,45,123,225,210,15,16,14,2,12,4,8,75,40,35,32,24,8,15,2,13,139,93,46,53,48,5,3,0,3,19,16,3,46,7,39,93,30,63,0.5297166551485832,0.1606772633033863,0.3690393918451969,0.0038009675190047,0.0024187975120939,0.0013821700069108,0.0476848652384242,0.0041465100207325,0.0435383552176917,0.0010366275051830998,0.0006910850034554,0.0003455425017277,0.1029716655148582,0.073255010366275,0.0297166551485832,0.0048375950241879,0.0020732550103662,0.0027643400138217,0.003455425017277,0.0013821700069108,0.0020732550103662,0.0,0.0,0.0,0.0580511402902556,0.015549412577747,0.0425017277125086,0.0777470628887352,0.0725639253628196,0.0051831375259156,0.0055286800276433,0.0048375950241879,0.0006910850034554,0.0041465100207325,0.0013821700069108,0.0027643400138217,0.0259156876295784,0.0138217000691085,0.0120939875604699,0.0110573600552868,0.0082930200414651,0.0027643400138217,0.0051831375259156,0.0006910850034554,0.0044920525224602,0.0480304077401519,0.0321354526606772,0.0158949550794747,0.0183137525915687,0.0165860400829302,0.0017277125086385,0.0010366275051831,0.0,0.0010366275051831,0.0065653075328265,0.0055286800276434,0.0010366275051831,0.0158949550794746,0.0024187975120939,0.0134761575673807,0.032135452660677105,0.0103662750518313,0.0217691776088458,1235
2015-11-01,2015,11,1524,476,1048,33,17,16,137,20,117,4,2,2,362,239,123,25,10,15,8,6,2,0,0,0,170,33,137,31,25,6,9,8,1,33,20,13,68,39,29,32,14,18,23,11,12,231,167,64,38,31,7,14,2,12,18,18,0,72,36,36,155,58,97,0.5129585997980477,0.1602154156849545,0.3527431841130932,0.011107371255469501,0.0057219791316055,0.005385392123864,0.0461124200605856,0.00673174015483,0.0393806799057556,0.001346348030966,0.000673174015483,0.000673174015483,0.12184449680242329,0.0804442948502187,0.0414002019522046,0.0084146751935375,0.003365870077415,0.0050488051161225,0.002692696061932,0.002019522046449,0.000673174015483,0.0,0.0,0.0,0.0572197913160551,0.0111073712554695,0.0461124200605856,0.0104341972399865,0.0084146751935375,0.002019522046449,0.0030292830696735,0.002692696061932,0.0003365870077415,0.011107371255469501,0.00673174015483,0.0043756311006395,0.022887916526421997,0.0131268933019185,0.0097610232245035,0.010770784247728,0.004712218108381,0.006058566139347,0.0077415011780545,0.0037024570851565,0.004039044092898,0.07775159878828669,0.0562100302928307,0.021541568495456,0.012790306294177,0.0104341972399865,0.0023561090541905,0.004712218108381,0.000673174015483,0.004039044092898,0.006058566139347,0.006058566139347,0.0,0.024234264557388,0.012117132278694,0.012117132278694,0.0521709861999326,0.019522046449007,0.0326489397509256,1227
2015-12-01,2015,12,1561,462,1099,22,15,7,159,38,121,2,2,0,405,276,129,71,43,28,9,4,5,0,0,0,235,62,173,23,14,9,11,8,3,70,35,35,139,94,45,26,15,11,8,2,6,174,129,45,36,29,7,17,4,13,21,19,2,61,14,47,135,50,85,0.4979266347687399,0.1473684210526315,0.3505582137161084,0.0070175438596491,0.0047846889952153,0.0022328548644338,0.0507177033492822,0.0121212121212121,0.0385964912280701,0.0006379585326953,0.0006379585326953,0.0,0.1291866028708133,0.0880382775119617,0.0411483253588516,0.0226475279106857,0.0137161084529505,0.0089314194577352,0.0028708133971291,0.0012759170653907,0.0015948963317384,0.0,0.0,0.0,0.0749601275917065,0.0197767145135566,0.0551834130781499,0.0073365231259967,0.0044657097288676,0.0028708133971291,0.0035087719298243997,0.0025518341307814,0.000956937799043,0.022328548644338,0.011164274322169,0.011164274322169,0.044338118022328496,0.0299840510366826,0.0143540669856459,0.0082934609250398,0.0047846889952153,0.0035087719298245,0.0025518341307814,0.0006379585326953,0.0019138755980861,0.0555023923444975,0.0411483253588516,0.0143540669856459,0.0114832535885167,0.0092503987240829,0.0022328548644338,0.0054226475279106,0.0012759170653907,0.0041467304625199,0.0066985645933013,0.006060606060606,0.0006379585326953,0.0194577352472089,0.0044657097288676,0.0149920255183413,0.043062200956937705,0.0159489633173843,0.0271132376395534,1288
2016-01-01,2016,1,1666,454,1212,16,10,6,173,24,149,5,2,3,351,218,133,70,34,36,6,2,4,0,0,0,224,65,159,51,43,8,15,14,1,65,35,30,161,107,54,12,4,8,15,4,11,122,79,43,14,9,5,12,0,12,12,9,3,72,33,39,78,27,51,0.5389841475250727,0.1468780329990294,0.3921061145260433,0.005176318343578,0.0032351989647363,0.0019411193788417,0.055968942089938405,0.0077644775153671,0.0482044645745713,0.001617599482368,0.0006470397929472,0.0009705596894208,0.1135554836622452,0.070527337431252,0.0430281462309932,0.0226463927531542,0.0109996764801035,0.0116467162730507,0.0019411193788417,0.0006470397929472,0.0012940795858945,0.0,0.0,0.0,0.0724684568100937,0.0210287932707861,0.0514396635393076,0.0164995147201552,0.0139113555483662,0.002588159171789,0.0048527984471044,0.0045292785506308,0.0003235198964736,0.021028793270786002,0.0113231963765771,0.0097055968942089,0.052086703332254805,0.0346166289226787,0.0174700744095761,0.0038822387576835002,0.0012940795858945,0.002588159171789,0.0048527984471044006,0.0012940795858945,0.0035587188612099,0.0394694273697832,0.025558071821417,0.0139113555483662,0.0045292785506307,0.0029116790682626,0.0016175994823681,0.0038822387576835,0.0,0.0038822387576835,0.0038822387576834,0.0029116790682626,0.0009705596894208,0.0232934325461014,0.0106761565836298,0.0126172759624716,0.0252345519249432,0.008735037204788,0.0164995147201552,1150
2016-02-01,2016,2,1599,484,1115,11,10,1,174,20,154,2,2,0,260,154,106,44,34,10,12,5,7,0,0,0,232,33,199,100,81,19,10,8,2,47,33,14,80,40,40,7,3,4,9,7,2,70,38,32,15,11,4,14,0,14,22,17,5,67,19,48,69,20,49,0.5692417230331078,0.1723033107867568,0.396938412246351,0.0039159843360625,0.0035599857600569,0.0003559985760056,0.061943752224990996,0.0071199715201139,0.0548237807048771,0.0007119971520113,0.0007119971520113,0.0,0.0925596297614808,0.0548237807048771,0.0377358490566037,0.0156639373442505,0.0121039515841936,0.0035599857600569,0.0042719829120682,0.0017799928800284,0.0024919900320398,0.0,0.0,0.0,0.0825916696333214,0.0117479530081879,0.0708437166251335,0.0355998576005695,0.0288358846564613,0.0067639729441082,0.0035599857600568,0.0028479886080455,0.0007119971520113,0.0167319330722676,0.0117479530081879,0.0049839800640797,0.0284798860804556,0.0142399430402278,0.0142399430402278,0.0024919900320397002,0.001067995728017,0.0014239943040227,0.0032039871840511,0.0024919900320398,0.0007119971520113,0.0249199003203986,0.0135279458882164,0.0113919544321822,0.005339978640085299,0.0039159843360626,0.0014239943040227,0.0049839800640797,0.0,0.0049839800640797,0.0078319686721252,0.0060519757920968,0.0017799928800284,0.023851904592381602,0.0067639729441082,0.0170879316482734,0.024563901744392998,0.0071199715201139,0.0174439302242791,991
2016-03-01,2016,3,1738,522,1216,15,8,7,198,24,174,5,3,2,279,159,120,64,31,33,10,4,6,0,0,0,225,49,176,199,160,39,14,12,2,52,31,21,69,31,38,4,2,2,7,2,5,53,36,17,9,4,5,17,2,15,24,17,7,48,12,36,40,8,32,0.5764510779436152,0.1731343283582089,0.4033167495854063,0.0049751243781094,0.002653399668325,0.0023217247097844,0.0656716417910447,0.0079601990049751,0.0577114427860696,0.001658374792703,0.0009950248756218,0.0006633499170812,0.0925373134328358,0.0527363184079602,0.0398009950248756,0.0212271973466002,0.0102819237147595,0.0109452736318407,0.0033167495854062,0.0013266998341625,0.0019900497512437,0.0,0.0,0.0,0.0746268656716417,0.0162520729684908,0.0583747927031509,0.0660033167495853,0.0530679933665008,0.0129353233830845,0.0046434494195687,0.0039800995024875,0.0006633499170812,0.0172470978441127,0.0102819237147595,0.0069651741293532,0.022885572139303402,0.0102819237147595,0.0126036484245439,0.0013266998341624,0.0006633499170812,0.0006633499170812,0.0023217247097842997,0.0006633499170812,0.0016583747927031,0.0175787728026533,0.0119402985074626,0.0056384742951907,0.0029850746268656,0.0013266998341625,0.0016583747927031,0.0056384742951905995,0.0006633499170812,0.0049751243781094,0.0079601990049751,0.0056384742951907,0.0023217247097844,0.0159203980099501,0.0039800995024875,0.0119402985074626,0.0132669983416251,0.002653399668325,0.0106135986733001,1092
2016-04-01,2016,4,1623,463,1160,14,10,4,169,15,154,1,0,1,190,111,79,74,38,36,6,4,2,0,0,0,326,100,226,79,65,14,7,3,4,71,38,33,76,51,25,3,1,2,10,3,7,74,50,24,28,19,9,3,1,2,15,12,3,52,6,46,54,25,29,0.5747167138810196,0.1639518413597733,0.4107648725212464,0.0049575070821529,0.0035410764872521,0.0014164305949008,0.0598441926345608,0.0053116147308781,0.0545325779036827,0.0003541076487252,0.0,0.0003541076487252,0.0672804532577902,0.0393059490084985,0.0279745042492917,0.026203966005665602,0.013456090651558,0.0127478753541076,0.0021246458923512,0.0014164305949008,0.0007082152974504,0.0,0.0,0.0,0.11543909348441919,0.0354107648725212,0.080028328611898,0.0279745042492917,0.0230169971671388,0.0049575070821529,0.0024787535410764,0.0010623229461756,0.0014164305949008,0.02514164305949,0.013456090651558,0.011685552407932,0.026912181303116102,0.0180594900849858,0.0088526912181303,0.0010623229461756,0.0003541076487252,0.0007082152974504,0.003541076487252,0.0010623229461756,0.0024787535410764,0.0262039660056657,0.0177053824362606,0.0084985835694051,0.0099150141643059,0.006728045325779,0.0031869688385269,0.0010623229461756,0.0003541076487252,0.0007082152974504,0.0053116147308780995,0.0042492917847025,0.0010623229461756,0.0184135977337109,0.0021246458923512,0.0162889518413597,0.0191218130311614,0.0088526912181303,0.0102691218130311,992
2016-05-01,2016,5,1711,445,1266,28,17,11,166,21,145,7,6,1,260,175,85,68,44,24,22,13,9,1,1,0,255,44,211,35,32,3,11,11,0,75,45,30,100,46,54,1,0,1,8,5,3,102,72,30,41,37,4,9,0,9,14,11,3,54,4,50,66,11,55,0.5747396708095398,0.1494793416190796,0.4252603291904602,0.0094054417198521,0.0057104467584816,0.0036949949613705,0.055760833053409405,0.0070540812898891,0.0487067517635203,0.0023513604299628997,0.0020154517971111,0.0003359086328518,0.0873362445414846,0.0587840107490762,0.0285522337924084,0.0228417870339267,0.014779979845482,0.0080618071884447,0.007389989922740901,0.0043668122270742,0.0030231776956667,0.0003359086328518,0.0003359086328518,0.0,0.08565670137722531,0.014779979845482,0.0708767215317433,0.0117568021498151,0.0107490762512596,0.0010077258985555,0.0036949949613705,0.0036949949613705,0.0,0.0251931474638897,0.0151158884783338,0.0100772589855559,0.033590863285186304,0.0154517971111857,0.0181390661740006,0.0003359086328518,0.0,0.0003359086328518,0.0026872690628148,0.0016795431642593,0.0010077258985555,0.0342626805508901,0.0241854215653342,0.0100772589855559,0.013772253946926301,0.0124286194155189,0.0013436345314074,0.0030231776956667,0.0,0.0030231776956667,0.004702720859926001,0.0036949949613705,0.0010077258985555,0.0181390661740006,0.0013436345314074,0.0167954316425932,0.022169969768223,0.0036949949613705,0.0184749748068525,1001
2016-06-01,2016,6,1576,398,1178,16,9,7,176,21,155,0,0,0,198,126,72,39,21,18,12,7,5,1,1,0,260,62,198,53,44,9,14,12,2,65,38,27,119,65,54,7,4,3,13,11,2,52,31,21,28,25,3,6,1,5,9,8,1,86,38,48,80,27,53,0.5667026249550521,0.1431139877741819,0.4235886371808702,0.0057533261416755,0.0032362459546925,0.002517080186983,0.0632865875584321,0.0075512405609492,0.0557353469974829,0.0,0.0,0.0,0.0711974110032361,0.0453074433656957,0.0258899676375404,0.0140237324703343,0.0075512405609492,0.0064724919093851,0.0043149946062565996,0.002517080186983,0.0017979144192736,0.0003595828838547,0.0003595828838547,0.0,0.0934915498022293,0.0222941387989931,0.0711974110032362,0.0190578928443005,0.015821646889608,0.0032362459546925,0.0050341603739661005,0.0043149946062567,0.0007191657677094,0.023372887450557198,0.0136641495864796,0.0097087378640776,0.0427903631787126,0.0233728874505573,0.0194174757281553,0.002517080186983,0.0014383315354189,0.0010787486515641,0.0046745774901114,0.003955411722402,0.0007191657677094,0.0186983099604457,0.0111470693994965,0.0075512405609492,0.0100683207479323,0.0089895720963682,0.0010787486515641,0.0021574973031283,0.0003595828838547,0.0017979144192736,0.0032362459546925,0.0028766630708378,0.0003595828838547,0.0309241280115065,0.0136641495864796,0.0172599784250269,0.0287666307083782,0.0097087378640776,0.0190578928443006,933
2016-07-01,2016,7,1625,482,1143,16,8,8,135,24,111,1,1,0,248,168,80,56,33,23,46,35,11,1,1,0,487,127,360,58,51,7,20,15,5,87,56,31,114,56,58,8,4,4,5,3,2,80,44,36,75,71,4,9,2,7,17,14,3,66,11,55,63,18,45,0.5126182965299684,0.1520504731861198,0.3605678233438485,0.0050473186119872,0.0025236593059936,0.0025236593059936,0.04258675078864339,0.007570977917981,0.0350157728706624,0.0003154574132492,0.0003154574132492,0.0,0.0782334384858044,0.0529968454258675,0.0252365930599369,0.0176656151419557,0.0104100946372239,0.0072555205047318,0.014511041009463599,0.0110410094637223,0.0034700315457413,0.0003154574132492,0.0003154574132492,0.0,0.1536277602523658,0.0400630914826498,0.113564668769716,0.0182965299684541,0.0160883280757097,0.0022082018927444,0.0063091482649841,0.0047318611987381,0.001577287066246,0.0274447949526813,0.0176656151419558,0.0097791798107255,0.03596214511041,0.0176656151419558,0.0182965299684542,0.0025236593059936,0.0012618296529968,0.0012618296529968,0.0015772870662460001,0.0009463722397476,0.0006309148264984,0.0252365930599369,0.0138801261829653,0.0113564668769716,0.023659305993690802,0.022397476340694,0.0012618296529968,0.0028391167192428,0.0006309148264984,0.0022082018927444,0.0053627760252365,0.0044164037854889,0.0009463722397476,0.0208201892744479,0.0034700315457413,0.0173501577287066,0.0198738170347003,0.0056782334384858,0.0141955835962145,1196
2016-08-01,2016,8,1687,504,1183,19,10,9,136,16,120,4,1,3,233,143,90,42,26,16,16,9,7,1,0,1,329,43,286,102,84,18,20,18,2,59,35,24,98,61,37,6,2,4,8,0,8,40,25,15,38,33,5,12,2,10,8,4,4,80,14,66,52,5,47,0.5705106526885356,0.1704430165708488,0.4000676361176868,0.0064254311802502,0.0033818058843422,0.003043625295908,0.045992560027054305,0.0054108894149475,0.0405816706121068,0.0013527223537368,0.0003381805884342,0.0010145417653026,0.0787960771051741,0.048359824146094,0.0304362529590801,0.0142035847142373,0.0087926952992898,0.0054108894149475,0.0054108894149475,0.003043625295908,0.0023672641190395,0.0003381805884342,0.0,0.0003381805884342,0.1112614135948596,0.0145417653026716,0.096719648292188,0.0344944200202908,0.0284071694284748,0.006087250591816,0.0067636117686844,0.006087250591816,0.0006763611768684,0.0199526547176191,0.0118363205951978,0.0081163341224213,0.033141697666553796,0.0206290158944876,0.0125126817720662,0.0020290835306052,0.0006763611768684,0.0013527223537368,0.0027054447074737,0.0,0.0027054447074737,0.0135272235373688,0.0084545147108555,0.0050727088265133,0.012850862360500401,0.0111599594183293,0.0016909029421711,0.0040581670612106005,0.0006763611768684,0.0033818058843422,0.0027054447074736,0.0013527223537368,0.0013527223537368,0.027054447074737798,0.0047345282380791,0.0223199188366587,0.0175853905985796,0.0016909029421711,0.0158944876564085,1015
2016-09-01,2016,9,1766,505,1261,19,9,10,135,22,113,3,3,0,183,104,79,44,28,16,7,2,5,0,0,0,284,55,229,47,38,9,15,14,1,65,44,21,157,104,53,6,2,4,17,7,10,52,29,23,16,14,2,5,1,4,16,11,5,49,7,42,74,18,56,0.6031420765027322,0.1724726775956284,0.4306693989071038,0.0064890710382512,0.0030737704918032,0.003415300546448,0.046106557377048996,0.0075136612021857,0.0385928961748633,0.0010245901639344,0.0010245901639344,0.0,0.0624999999999999,0.0355191256830601,0.0269808743169398,0.0150273224043715,0.0095628415300546,0.0054644808743169,0.0023907103825136,0.0006830601092896,0.001707650273224,0.0,0.0,0.0,0.09699453551912561,0.0187841530054644,0.0782103825136612,0.0160519125683059,0.0129781420765027,0.0030737704918032,0.0051229508196721,0.0047814207650273,0.0003415300546448,0.0221994535519124,0.0150273224043715,0.0071721311475409,0.0536202185792349,0.0355191256830601,0.0181010928961748,0.0020491803278688,0.0006830601092896,0.0013661202185792,0.005806010928961601,0.0023907103825136,0.003415300546448,0.017759562841529998,0.0099043715846994,0.0078551912568306,0.0054644808743169,0.0047814207650273,0.0006830601092896,0.001707650273224,0.0003415300546448,0.0013661202185792,0.0054644808743168,0.0037568306010928,0.001707650273224,0.0167349726775955,0.0023907103825136,0.0143442622950819,0.0252732240437157,0.0061475409836065,0.0191256830601092,997
2016-10-01,2016,10,1585,409,1176,14,5,9,102,16,86,1,1,0,155,94,61,41,26,15,12,11,1,1,1,0,244,36,208,22,17,5,9,9,0,29,20,9,126,78,48,6,2,4,11,3,8,31,19,12,60,57,3,5,1,4,19,16,3,57,10,47,53,6,47,0.6213249705997648,0.160329282634261,0.4609956879655037,0.0054880439043511,0.0019600156801254,0.0035280282242257,0.0399843198745589,0.0062720501764014,0.0337122696981575,0.000392003136025,0.000392003136025,0.0,0.060760486083888496,0.0368482947863582,0.0239121912975303,0.0160721285770285,0.0101920815366522,0.0058800470403763,0.0047040376323009,0.0043120344962759,0.000392003136025,0.000392003136025,0.000392003136025,0.0,0.0956487651901214,0.0141121128969031,0.0815366522932183,0.0086240689925518,0.0066640533124264,0.0019600156801254,0.0035280282242257,0.0035280282242257,0.0,0.0113680909447274,0.0078400627205017,0.0035280282242257,0.049392395139161,0.0305762446099568,0.0188161505292042,0.0023520188161504,0.0007840062720501,0.0015680125441003,0.0043120344962759,0.0011760094080752,0.0031360250882007,0.0121520972167776,0.0074480595844766,0.004704037632301,0.023520188161505202,0.02234417875343,0.0011760094080752,0.0019600156801252997,0.000392003136025,0.0015680125441003,0.0074480595844766,0.0062720501764014,0.0011760094080752,0.022344178753429898,0.0039200313602508,0.0184241473931791,0.020776166209329597,0.0023520188161505,0.0184241473931791,816
2016-11-01,2016,11,1572,443,1129,16,8,8,110,27,83,0,0,0,200,111,89,42,26,16,9,4,5,0,0,0,171,24,147,57,51,6,12,12,0,37,22,15,235,183,52,6,3,3,7,3,4,90,58,32,25,24,1,4,1,3,20,17,3,51,8,43,67,28,39,0.5826538176426983,0.1641957005189029,0.4184581171237954,0.005930318754633,0.0029651593773165,0.0029651593773165,0.0407709414381022,0.0100074128984432,0.030763528539659,0.0,0.0,0.0,0.0741289844329132,0.0411415863602668,0.0329873980726464,0.0155670867309117,0.0096367679762787,0.005930318754633,0.0033358042994810003,0.0014825796886582,0.0018532246108228,0.0,0.0,0.0,0.0633802816901407,0.0088954781319495,0.0544848035581912,0.0211267605633801,0.0189028910303928,0.0022238695329873,0.0044477390659747,0.0044477390659747,0.0,0.0137138621200888,0.0081541882876204,0.0055596738324684,0.087101556708673,0.0678280207561156,0.0192735359525574,0.0022238695329872,0.0011119347664936,0.0011119347664936,0.0025945144551518,0.0011119347664936,0.0014825796886582,0.0333580429948109,0.0214974054855448,0.0118606375092661,0.009266123054113999,0.0088954781319495,0.0003706449221645,0.0014825796886580999,0.0003706449221645,0.0011119347664936,0.0074128984432912,0.0063009636767976,0.0011119347664936,0.0189028910303928,0.0029651593773165,0.0159377316530763,0.0248332097850258,0.0103780578206078,0.014455151964418,1032
2016-12-01,2016,12,1633,390,1243,25,10,15,119,15,104,0,0,0,230,126,104,43,21,22,11,5,6,1,0,1,171,26,145,74,69,5,42,40,2,61,32,29,210,147,63,11,5,6,8,3,5,180,129,51,37,26,11,6,1,5,22,17,5,56,16,40,75,26,49,0.5468854655056932,0.130609511051574,0.4162759544541192,0.008372404554588,0.0033489618218352,0.0050234427327528,0.0398526456798392,0.0050234427327528,0.0348292029470864,0.0,0.0,0.0,0.0770261219022103,0.0421969189551239,0.0348292029470864,0.0144005358338914,0.0070328198258539,0.0073677160080375,0.0036838580040187,0.0016744809109176,0.0020093770931011,0.0003348961821835,0.0,0.0003348961821835,0.0572672471533824,0.0087073007367716,0.0485599464166108,0.0247823174815806,0.023107836570663,0.0016744809109176,0.0140656396517079,0.0133958472873409,0.000669792364367,0.0204286671131948,0.0107166778298727,0.0097119892833221,0.0703281982585397,0.0492297387809778,0.0210984594775619,0.0036838580040187,0.0016744809109176,0.0020093770931011,0.0026791694574681,0.0010046885465505,0.0016744809109176,0.060281312793034,0.0432016075016744,0.0170797052913596,0.0123911587407903,0.0087073007367716,0.0036838580040187,0.0020093770931011,0.0003348961821835,0.0016744809109176,0.0073677160080374,0.0056932350971198,0.0016744809109176,0.0187541862022772,0.0053583389149363,0.0133958472873409,0.0251172136637642,0.0087073007367716,0.0164099129269926,1094
2017-01-01,2017,1,1763,450,1313,15,7,8,143,15,128,2,2,0,161,85,76,49,28,21,11,4,7,1,0,1,149,23,126,79,74,5,38,36,2,50,28,22,188,124,64,2,2,0,6,3,3,69,51,18,47,38,9,6,0,6,11,8,3,63,6,57,51,13,38,0.6149284966864318,0.1569584931984653,0.4579700034879665,0.0052319497732820994,0.002441576560865,0.0027903732124171,0.0498779211719566,0.0052319497732821,0.0446459713986745,0.0006975933031042,0.0006975933031042,0.0,0.0561562608998953,0.0296477153819323,0.026508545517963,0.017091035926055,0.00976630624346,0.007324729682595,0.0038367631670735,0.0013951866062085,0.002441576560865,0.0003487966515521,0.0,0.0003487966515521,0.0519707010812695,0.0080223229856993,0.0439483780955702,0.027554935472619398,0.0258109522148587,0.0017439832577607,0.0132542727589814,0.0125566794558772,0.0006975933031042,0.0174398325776071,0.00976630624346,0.0076735263341471,0.0655737704918031,0.0432507847924659,0.0223229856993372,0.0006975933031042,0.0006975933031042,0.0,0.0020927799093128,0.0010463899546564,0.0010463899546564,0.024066968957098,0.0177886292291594,0.0062783397279386,0.0163934426229508,0.0132542727589815,0.0031391698639693,0.0020927799093128,0.0,0.0020927799093128,0.0038367631670735,0.0027903732124171,0.0010463899546564,0.021974189047785003,0.0020927799093128,0.0198814091384722,0.0177886292291593,0.0045343564701778,0.0132542727589815,978
2017-02-01,2017,2,1475,366,1109,9,6,3,126,15,111,1,1,0,187,94,93,26,14,12,6,3,3,0,0,0,128,29,99,205,195,10,88,83,5,44,24,20,136,82,54,7,4,3,10,5,5,81,51,30,18,15,3,10,3,7,19,15,4,54,7,47,77,26,51,0.5479197622585437,0.1359583952451708,0.4119613670133729,0.0033432392273401003,0.0022288261515601,0.00111441307578,0.046805349182763696,0.0055720653789004,0.0412332838038633,0.00037147102526,0.00037147102526,0.0,0.0694650817236254,0.0349182763744427,0.0345468053491827,0.0096582466567607,0.0052005943536404,0.0044576523031203,0.00222882615156,0.00111441307578,0.00111441307578,0.0,0.0,0.0,0.047548291233283704,0.0107726597325408,0.0367756315007429,0.076151560178306,0.0724368499257058,0.0037147102526002,0.0326894502228825,0.0308320950965824,0.0018573551263001,0.0163447251114412,0.0089153046062407,0.0074294205052005,0.050520059435364,0.0304606240713224,0.0200594353640416,0.0026002971768201,0.0014858841010401,0.00111441307578,0.0037147102526002,0.0018573551263001,0.0018573551263001,0.0300891530460623,0.0189450222882615,0.0111441307578008,0.0066864784546804,0.0055720653789004,0.00111441307578,0.0037147102526002,0.00111441307578,0.0026002971768202,0.0070579494799405,0.0055720653789004,0.0014858841010401,0.0200594353640415,0.0026002971768202,0.0174591381872213,0.0286032689450222,0.0096582466567607,0.0189450222882615,1032
2017-03-01,2017,3,1663,486,1177,11,4,7,121,16,105,1,0,1,230,138,92,34,18,16,9,4,5,0,0,0,150,20,130,224,214,10,86,81,5,75,43,32,133,80,53,10,3,7,37,27,10,106,77,29,44,34,10,6,3,3,36,29,7,110,47,63,90,45,45,0.5260993356532743,0.1537488136665612,0.3723505219867131,0.0034799114204365003,0.0012654223347042,0.0022144890857323,0.038279025624802204,0.0050616893388168,0.0332173362859854,0.000316355583676,0.0,0.000316355583676,0.07276178424549179,0.0436570705472951,0.0291047136981967,0.0107560898449857,0.0056944005061689,0.0050616893388168,0.0028472002530844,0.0012654223347042,0.0015817779183802,0.0,0.0,0.0,0.0474533375514077,0.006327111673521,0.0411262258778867,0.0708636507434356,0.0677000949066751,0.0031635558367605,0.0272065801961404,0.0256248022777602,0.0015817779183802,0.0237266687757038,0.0136032900980702,0.0101233786776336,0.0420752926289148,0.0253084466940841,0.0167668459348307,0.0031635558367604003,0.0009490667510281,0.0022144890857323,0.0117051565960139,0.0085416007592534,0.0031635558367605,0.0335336918696614,0.0243593799430559,0.0091743119266055,0.013919645681746199,0.0107560898449857,0.0031635558367605,0.0018981335020562,0.0009490667510281,0.0009490667510281,0.0113888010123378,0.0091743119266055,0.0022144890857323,0.0347991142043656,0.0148687124327744,0.0199304017715912,0.0284720025308446,0.0142360012654223,0.0142360012654223,1360
2017-04-01,2017,4,1476,384,1092,9,7,2,113,21,92,0,0,0,244,158,86,32,22,10,8,5,3,0,0,0,220,36,184,297,288,9,123,115,8,79,58,21,140,90,50,6,5,1,22,15,7,61,43,18,33,27,6,9,4,5,11,10,1,46,8,38,80,25,55,0.4951358604495135,0.1288158336128815,0.366320026836632,0.0030191211003018,0.0023482053002348,0.000670915800067,0.037906742703790595,0.0070446159007044,0.0308621268030862,0.0,0.0,0.0,0.0818517276081851,0.0530023482053002,0.0288493794028849,0.0107346528010734,0.007380073800738,0.0033545790003354,0.0026836632002683,0.0016772895001677,0.0010063737001006,0.0,0.0,0.0,0.07380073800737999,0.0120764844012076,0.0617242536061724,0.099630996309963,0.0966118752096611,0.0030191211003019,0.041261321704126,0.0385776585038577,0.0026836632002683,0.026501174102650002,0.0194565582019456,0.0070446159007044,0.046964106004696304,0.0301912110030191,0.0167728950016772,0.0020127474002012,0.0016772895001677,0.0003354579000335,0.0073800738007379005,0.0050318685005031,0.0023482053002348,0.0204629319020462,0.0144246897014424,0.0060382422006038,0.0110701107011069,0.0090573633009057,0.0020127474002012,0.0030191211003018,0.0013418316001341,0.0016772895001677,0.0036900369003689,0.0033545790003354,0.0003354579000335,0.015431063401543,0.0026836632002683,0.0127474002012747,0.026836632002683602,0.0083864475008386,0.018450184501845,1301
2017-05-01,2017,5,1293,367,926,13,6,7,95,17,78,4,3,1,178,119,59,43,25,18,17,11,6,0,0,0,128,12,116,743,686,57,167,159,8,57,37,20,97,41,56,12,9,3,32,26,6,51,42,9,101,95,6,2,0,2,17,16,1,54,23,31,88,47,41,0.4086599241466497,0.115992414664981,0.2926675094816687,0.0041087231352717,0.0018963337547408,0.0022123893805309,0.0300252844500631,0.0053729456384323,0.0246523388116308,0.0012642225031605,0.0009481668773704,0.0003160556257901,0.0562579013906447,0.0376106194690265,0.0186472819216182,0.013590391908975898,0.0079013906447534,0.0056890012642225,0.0053729456384323,0.0034766118836915,0.0018963337547408,0.0,0.0,0.0,0.0404551201011377,0.0037926675094816,0.0366624525916561,0.2348293299620733,0.2168141592920354,0.0180151706700379,0.052781289506953204,0.0502528445006321,0.0025284450063211,0.0180151706700378,0.0116940581542351,0.0063211125158027,0.0306573957016434,0.0129582806573957,0.0176991150442477,0.0037926675094816,0.0028445006321112,0.0009481668773704,0.010113780025284399,0.0082174462705436,0.0018963337547408,0.016118836915297002,0.0132743362831858,0.0028445006321112,0.031921618204804,0.0300252844500632,0.0018963337547408,0.0006321112515802,0.0,0.0006321112515802,0.005372945638432301,0.0050568900126422,0.0003160556257901,0.0170670037926674,0.0072692793931731,0.0097977243994943,0.0278128950695322,0.0148546144121365,0.0129582806573957,1720
2017-06-01,2017,6,1446,403,1043,13,10,3,120,40,80,4,3,1,165,103,62,67,42,25,9,5,4,0,0,0,151,26,125,480,441,39,173,167,6,60,30,30,83,46,37,13,8,5,27,18,9,69,56,13,24,20,4,8,4,4,9,8,1,43,9,34,112,58,54,0.4772277227722772,0.133003300330033,0.3442244224422442,0.004290429042904199,0.0033003300330033,0.0009900990099009,0.0396039603960396,0.0132013201320132,0.0264026402640264,0.0013201320132012,0.0009900990099009,0.0003300330033003,0.0544554455445543,0.0339933993399339,0.0204620462046204,0.022112211221122002,0.0138613861386138,0.0082508250825082,0.0029702970297029,0.0016501650165016,0.0013201320132013,0.0,0.0,0.0,0.049834983498349694,0.0085808580858085,0.0412541254125412,0.1584158415841583,0.1455445544554455,0.0128712871287128,0.057095709570957,0.0551155115511551,0.0019801980198019,0.0198019801980198,0.0099009900990099,0.0099009900990099,0.0273927392739273,0.0151815181518151,0.0122112211221122,0.0042904290429042,0.0026402640264026,0.0016501650165016,0.0089108910891088,0.0059405940594059,0.0029702970297029,0.022772277227722598,0.0184818481848184,0.0042904290429042,0.0079207920792079,0.0066006600660066,0.0013201320132013,0.0026402640264026,0.0013201320132013,0.0013201320132013,0.0029702970297029,0.0026402640264026,0.0003300330033003,0.0141914191419141,0.0029702970297029,0.0112211221122112,0.036963696369636895,0.0191419141914191,0.0178217821782178,1469
2017-07-01,2017,7,1640,405,1235,15,7,8,100,11,89,3,1,2,169,101,68,59,42,17,6,1,5,0,0,0,270,51,219,380,349,31,68,66,2,72,41,31,159,86,73,10,4,6,13,4,9,39,20,19,32,27,5,7,5,2,7,4,3,46,7,39,35,9,26,0.5310880829015543,0.1311528497409326,0.3999352331606217,0.0048575129533678,0.0022668393782383,0.0025906735751295,0.0323834196891191,0.0035621761658031,0.028821243523316,0.0009715025906733999,0.0003238341968911,0.0006476683937823,0.0547279792746113,0.0327072538860103,0.022020725388601,0.0191062176165802,0.01360103626943,0.0055051813471502,0.001943005181347,0.0003238341968911,0.0016191709844559,0.0,0.0,0.0,0.0874352331606216,0.0165155440414507,0.0709196891191709,0.1230569948186528,0.1130181347150259,0.0100388601036269,0.0220207253886009,0.0213730569948186,0.0006476683937823,0.0233160621761657,0.0132772020725388,0.0100388601036269,0.0514896373056993,0.0278497409326424,0.0236398963730569,0.0032383419689118002,0.0012953367875647,0.0019430051813471,0.0042098445595854005,0.0012953367875647,0.0029145077720207,0.0126295336787564,0.0064766839378238,0.0061528497409326,0.010362694300518,0.0087435233160621,0.0016191709844559,0.0022668393782382,0.0016191709844559,0.0006476683937823,0.0022668393782382,0.0012953367875647,0.0009715025906735,0.0148963730569947,0.0022668393782383,0.0126295336787564,0.011334196891191601,0.0029145077720207,0.0084196891191709,1207
2017-08-01,2017,8,1492,368,1124,19,11,8,72,10,62,1,0,1,264,143,121,81,48,33,6,2,4,1,1,0,634,197,437,188,180,8,41,41,0,72,42,30,153,76,77,8,5,3,23,12,11,74,36,38,29,22,7,10,2,8,22,17,5,29,7,22,39,12,27,0.46077825818406415,0.1136504014823965,0.3471278567016677,0.005867819641754099,0.0033971587399629,0.0024706609017912,0.022235948116121,0.003088326127239,0.019147621988882,0.0003088326127239,0.0,0.0003088326127239,0.08153180975911051,0.0441630636195182,0.0373687461395923,0.0250154416306361,0.0148239654107473,0.0101914762198888,0.0018529956763433998,0.0006176652254478,0.0012353304508956,0.0003088326127239,0.0003088326127239,0.0,0.1957998764669549,0.060840024706609,0.1349598517603459,0.0580605311920938,0.0555898702903026,0.0024706609017912,0.01266213712168,0.01266213712168,0.0,0.022235948116121,0.0129709697344039,0.0092649783817171,0.0472513897467571,0.0234712785670166,0.0237801111797405,0.0024706609017912,0.0015441630636195,0.0009264978381717,0.0071031500926496995,0.0037059913526868,0.0033971587399629,0.0228536133415688,0.0111179740580605,0.0117356392835083,0.0089561457689931,0.0067943174799258,0.0021618282890673,0.003088326127239,0.0006176652254478,0.0024706609017912,0.0067943174799258,0.0052501544163063,0.0015441630636195,0.0089561457689931,0.0021618282890673,0.0067943174799258,0.0120444718962321,0.0037059913526868,0.0083384805435453,1200
2017-09-01,2017,9,1466,358,1108,8,5,3,81,8,73,2,1,1,134,65,69,64,40,24,4,1,3,1,0,1,183,39,144,387,348,39,77,72,5,42,22,20,99,47,52,7,5,2,28,14,14,47,25,22,40,33,7,16,3,13,15,9,6,20,7,13,53,29,24,0.5321234119782213,0.1299455535390199,0.4021778584392014,0.0029038112522685,0.0018148820326678,0.0010889292196007,0.0294010889292196,0.0029038112522686,0.026497277676951,0.000725952813067,0.0003629764065335,0.0003629764065335,0.0486388384754989,0.0235934664246823,0.0250453720508166,0.0232304900181488,0.014519056261343,0.0087114337568058,0.0014519056261342,0.0003629764065335,0.0010889292196007,0.0003629764065335,0.0,0.0003629764065335,0.0664246823956442,0.0141560798548094,0.0522686025408348,0.1404718693284936,0.1263157894736842,0.0141560798548094,0.0279491833030852,0.0261343012704174,0.0018148820326678,0.0152450090744101,0.0079854809437386,0.0072595281306715,0.0359346642468239,0.017059891107078,0.0188747731397459,0.0025408348457349,0.0018148820326678,0.0007259528130671,0.01016333938294,0.00508166969147,0.00508166969147,0.017059891107077903,0.0090744101633393,0.0079854809437386,0.0145190562613429,0.0119782214156079,0.002540834845735,0.005807622504537101,0.0010889292196007,0.0047186932849364,0.0054446460980035,0.0032667876588021,0.0021778584392014,0.0072595281306714,0.002540834845735,0.0047186932849364,0.019237749546279402,0.0105263157894736,0.0087114337568058,1111
2017-10-01,2017,10,1366,337,1029,10,7,3,82,17,65,1,0,1,225,169,56,33,22,11,17,14,3,0,0,0,162,24,138,358,330,28,64,60,4,34,18,16,107,34,73,17,3,14,16,9,7,56,30,26,57,46,11,8,0,8,16,13,3,53,20,33,21,3,18,0.5076179858788553,0.1252322556670382,0.3823857302118171,0.0037160906726123,0.0026012634708286,0.0011148272017837,0.0304719435154217,0.0063173541434411,0.0241545893719806,0.0003716090672612,0.0,0.0003716090672612,0.08361204013377921,0.0628019323671497,0.0208101077666295,0.0122630992196209,0.0081753994797473,0.0040876997398736,0.006317354143440999,0.0052025269416573,0.0011148272017837,0.0,0.0,0.0,0.0602006688963209,0.0089186176142697,0.0512820512820512,0.1330360460795242,0.1226309921962095,0.0104050538833147,0.0237829803047193,0.0222965440356744,0.0014864362690449,0.0126347082868821,0.0066889632107023,0.0059457450761798,0.0397621701969528,0.0126347082868822,0.0271274619100706,0.006317354143440999,0.0011148272017837,0.0052025269416573,0.0059457450761797,0.0033444816053511,0.0026012634708286,0.0208101077666294,0.0111482720178372,0.0096618357487922,0.0211817168338906,0.017094017094017,0.0040876997398736,0.0029728725380899,0.0,0.0029728725380899,0.005945745076179801,0.0048309178743961,0.0011148272017837,0.0196952805648457,0.0074321813452248,0.0122630992196209,0.007803790412486,0.0011148272017837,0.0066889632107023,1140
2017-11-01,2017,11,1485,405,1080,14,10,4,120,47,73,4,3,1,162,86,76,58,34,24,4,1,3,0,0,0,88,19,69,597,502,95,113,107,6,56,32,24,60,17,43,21,12,9,33,23,10,19,11,8,15,10,5,1,0,1,23,17,6,23,6,17,176,117,59,0.4878449408672798,0.1330486202365308,0.354796320630749,0.0045992115637318,0.0032851511169513,0.0013140604467805,0.0394218134034164,0.0154402102496714,0.023981603153745,0.0013140604467804999,0.0009855453350854,0.0003285151116951,0.0532194480946122,0.0282522996057818,0.0249671484888304,0.0190538764783179,0.0111695137976346,0.0078843626806833,0.0013140604467804999,0.0003285151116951,0.0009855453350854,0.0,0.0,0.0,0.0289093298291721,0.0062417871222076,0.0226675427069645,0.19612352168199731,0.1649145860709592,0.0312089356110381,0.0371222076215505,0.0351511169513797,0.0019710906701708,0.0183968462549277,0.0105124835742444,0.0078843626806833,0.0197109067017082,0.0055847568988173,0.0141261498028909,0.0068988173455978,0.0039421813403416,0.0029566360052562,0.0108409986859394,0.0075558475689881,0.0032851511169513,0.0062417871222076,0.0036136662286465,0.0026281208935611,0.0049277266754269,0.0032851511169513,0.0016425755584756,0.0003285151116951,0.0,0.0003285151116951,0.0075558475689881,0.0055847568988173,0.0019710906701708,0.0075558475689881,0.0019710906701708,0.0055847568988173,0.0578186596583442,0.0384362680683311,0.0193823915900131,1435
2017-12-01,2017,12,1555,445,1110,16,9,7,92,26,66,2,2,0,211,127,84,32,19,13,17,10,7,0,0,0,101,19,82,708,619,89,90,82,8,51,29,22,85,36,49,14,7,7,33,20,13,24,15,9,18,17,1,2,1,1,8,3,5,27,10,17,113,64,49,0.4877666248431618,0.1395859473023839,0.3481806775407779,0.0050188205771643,0.0028230865746549,0.0021957340025094,0.028858218318695,0.008155583437892,0.020702634880803,0.0006273525721455,0.0006273525721455,0.0,0.06618569636135499,0.0398368883312421,0.0263488080301129,0.0100376411543286,0.0059598494353826,0.004077791718946,0.005332496863237101,0.0031367628607277,0.0021957340025094,0.0,0.0,0.0,0.0316813048933499,0.0059598494353826,0.0257214554579673,0.22208281053952308,0.1941656210790464,0.0279171894604767,0.0282308657465494,0.0257214554579673,0.0025094102885821,0.0159974905897114,0.0090966122961104,0.006900878293601,0.0266624843161856,0.0112923462986198,0.0153701380175658,0.0043914680050188,0.0021957340025094,0.0021957340025094,0.0103513174404014,0.0062735257214554,0.004077791718946,0.0075282308657464,0.0047051442910915,0.0028230865746549,0.0056461731493098,0.0053324968632371,0.0003136762860727,0.0006273525721454,0.0003136762860727,0.0003136762860727,0.0025094102885821,0.0009410288582183,0.0015683814303638,0.0084692597239648,0.0031367628607277,0.0053324968632371,0.0354454203262232,0.0200752823086574,0.0153701380175658,1546
2018-01-01,2018,1,1753,490,1263,18,6,12,113,11,102,6,5,1,228,133,95,69,32,37,13,3,10,3,3,0,194,22,172,209,191,18,32,28,4,87,44,43,66,22,44,11,0,11,8,4,4,139,96,43,29,23,6,6,0,6,11,8,3,36,9,27,42,9,33,0.579504132231405,0.1619834710743801,0.4175206611570248,0.0059504132231404,0.0019834710743801,0.0039669421487603,0.0373553719008264,0.0036363636363636,0.0337190082644628,0.00198347107438,0.0016528925619834,0.0003305785123966,0.0753719008264462,0.0439669421487603,0.0314049586776859,0.0228099173553718,0.0105785123966942,0.0122314049586776,0.0042975206611569,0.00099173553719,0.0033057851239669,0.00099173553719,0.00099173553719,0.0,0.06413223140495859,0.0072727272727272,0.0568595041322314,0.069090909090909,0.0631404958677686,0.0059504132231404,0.0105785123966941,0.0092561983471074,0.0013223140495867,0.0287603305785123,0.0145454545454545,0.0142148760330578,0.021818181818181702,0.0072727272727272,0.0145454545454545,0.0036363636363636,0.0,0.0036363636363636,0.0026446280991734,0.0013223140495867,0.0013223140495867,0.0459504132231404,0.0317355371900826,0.0142148760330578,0.009586776859504001,0.0076033057851239,0.0019834710743801,0.0019834710743801,0.0,0.0019834710743801,0.0036363636363635,0.0026446280991735,0.00099173553719,0.011900826446280901,0.0029752066115702,0.0089256198347107,0.0138842975206611,0.0029752066115702,0.0109090909090909,1110
2018-02-01,2018,2,1799,641,1158,13,8,5,118,20,98,5,4,1,263,177,86,47,28,19,5,1,4,0,0,0,107,15,92,247,229,18,15,14,1,80,41,39,72,31,41,7,2,5,6,1,5,41,33,8,58,46,12,4,1,3,16,11,5,38,12,26,43,19,24,0.6063363667003707,0.2160431412200876,0.3902932254802831,0.0043815301651499,0.0026963262554769,0.001685203909673,0.0397708122682843,0.0067408156386922,0.0330299966295921,0.001685203909673,0.0013481631277384,0.0003370407819346,0.0886417256488034,0.0596562184024266,0.0289855072463768,0.0158409167509267,0.0094371418941691,0.0064037748567576,0.001685203909673,0.0003370407819346,0.0013481631277384,0.0,0.0,0.0,0.0360633636670036,0.0050556117290192,0.0310077519379844,0.0832490731378496,0.0771823390630266,0.006066734074823,0.0050556117290191,0.0047185709470845,0.0003370407819346,0.026963262554769,0.0138186720593191,0.0131445904954499,0.0242669362992921,0.010448264239973,0.0138186720593191,0.0023592854735422003,0.0006740815638692,0.001685203909673,0.0020222446916076,0.0003370407819346,0.001685203909673,0.013818672059319099,0.0111223458038422,0.0026963262554769,0.019548365352207497,0.0155038759689922,0.0040444893832153,0.0013481631277384,0.0003370407819346,0.0010111223458038,0.0053926525109537,0.0037074486012807,0.001685203909673,0.0128075497135152,0.0040444893832153,0.0087630603302999,0.0144927536231883,0.0064037748567576,0.0080889787664307,1315
2018-03-01,2018,3,1739,499,1240,13,5,8,159,27,132,3,1,2,219,115,104,63,42,21,10,6,4,3,1,2,222,43,179,180,165,15,24,20,4,80,47,33,80,33,47,6,4,2,7,3,4,58,30,28,55,41,14,8,3,5,21,19,2,49,7,42,74,20,54,0.5696036685227643,0.163445791025221,0.4061578774975434,0.0042581067802161,0.0016377333770062,0.0026203734032099,0.0520799213887978,0.0088437602358336,0.0432361611529642,0.0009826400262036,0.0003275466754012,0.0006550933508024,0.0717327219128725,0.0376678676711431,0.0340648542417294,0.0206354405502783,0.0137569603668522,0.0068784801834261,0.0032754667540123,0.0019652800524074,0.0013101867016049,0.0009826400262036,0.0003275466754012,0.0006550933508024,0.0727153619390763,0.0140845070422535,0.0586308548968228,0.0589584015722239,0.0540452014412053,0.0049132001310186,0.0078611202096297,0.0065509335080248,0.0013101867016049,0.0262037340320995,0.0153946937438585,0.010809040288241,0.0262037340320995,0.010809040288241,0.0153946937438585,0.0019652800524072997,0.0013101867016049,0.0006550933508024,0.0022928267278086,0.0009826400262037,0.0013101867016049,0.0189977071732721,0.0098264002620373,0.0091713069112348,0.018015067147068402,0.013429413691451,0.0045856534556174,0.0026203734032099,0.0009826400262037,0.0016377333770062,0.006878480183426,0.0062233868326236,0.0006550933508024,0.0160497870946609,0.0022928267278087,0.0137569603668522,0.024238453979692,0.0065509335080248,0.0176875204716672,1108
2018-04-01,2018,4,1882,521,1361,10,2,8,154,27,127,3,2,1,257,144,113,53,31,22,7,4,3,0,0,0,149,18,131,33,25,8,10,8,2,41,15,26,108,43,65,5,5,0,11,1,10,38,22,16,30,24,6,7,1,6,20,14,6,32,5,27,82,39,43,0.6451834076105588,0.1786081590675351,0.4665752485430237,0.0034281796366128,0.0006856359273225,0.0027425437092903,0.052793966403839404,0.0092560850188549,0.0435378813849845,0.0010284538909837,0.0006856359273225,0.0003428179636612,0.088104216660953,0.0493657867672266,0.0387384298937264,0.0181693520740486,0.0106273568735001,0.0075419952005485,0.0023997257456289,0.0013712718546451,0.0010284538909838,0.0,0.0,0.0,0.051079876585533,0.0061707233459033,0.0449091532396297,0.0113129928008226,0.0085704490915323,0.0027425437092903,0.0034281796366128,0.0027425437092903,0.0006856359273225,0.014055536510113001,0.0051422694549194,0.0089132670551936,0.0370243400754199,0.0147411724374357,0.0222831676379842,0.0017140898183064,0.0017140898183064,0.0,0.0037709976002741,0.0003428179636612,0.0034281796366129,0.0130270826191292,0.0075419952005485,0.0054850874185807,0.0102845389098388,0.0082276311278711,0.0020569077819677,0.0023997257456289,0.0003428179636612,0.0020569077819677,0.0068563592732258,0.0047994514912581,0.0020569077819677,0.0109701748371613,0.0017140898183064,0.0092560850188549,0.028111073020226203,0.0133699005827905,0.0147411724374357,933
2018-05-01,2018,5,1945,573,1372,13,6,7,182,37,145,3,3,0,231,141,90,33,17,16,10,4,6,0,0,0,148,16,132,37,33,4,2,2,0,114,39,75,120,47,73,9,4,5,11,5,6,53,21,32,17,11,6,14,3,11,10,5,5,33,7,26,53,18,35,0.6393819855358317,0.1883629191321499,0.4510190664036818,0.004273504273504199,0.0019723865877712,0.002301117685733,0.0598290598290597,0.012163050624589,0.0476660092044707,0.0009861932938856,0.0009861932938856,0.0,0.0759368836291912,0.0463510848126232,0.029585798816568,0.0108481262327415,0.0055884286653517,0.0052596975673898,0.0032873109796185997,0.0013149243918474,0.0019723865877712,0.0,0.0,0.0,0.0486522024983562,0.0052596975673898,0.0433925049309664,0.012163050624589,0.0108481262327416,0.0013149243918474,0.0006574621959237,0.0006574621959237,0.0,0.0374753451676528,0.0128205128205128,0.02465483234714,0.039447731755424,0.0154503616042077,0.0239973701512163,0.0029585798816567,0.0013149243918474,0.0016436554898093,0.0036160420775805,0.0016436554898093,0.0019723865877712,0.0174227481919789,0.0069033530571992,0.0105193951347797,0.0055884286653517,0.0036160420775805,0.0019723865877712,0.0046022353714661,0.0009861932938856,0.0036160420775805,0.0032873109796186,0.0016436554898093,0.0016436554898093,0.0108481262327415,0.002301117685733,0.0085470085470085,0.0174227481919789,0.0059171597633136,0.0115055884286653,981
2018-06-01,2018,6,1556,438,1118,17,9,8,120,17,103,2,2,0,187,96,91,55,24,31,6,2,4,0,0,0,140,30,110,27,25,2,12,12,0,62,20,42,143,65,78,7,4,3,9,5,4,51,26,25,29,24,5,29,4,25,15,8,7,38,8,30,33,10,23,0.6189339697692919,0.1742243436754176,0.4447096260938743,0.0067621320604614,0.0035799522673031,0.0031821797931583,0.047732696897374596,0.0067621320604614,0.0409705648369132,0.0007955449482895,0.0007955449482895,0.0,0.0743834526650755,0.0381861575178997,0.0361972951471758,0.021877486077963297,0.0095465393794749,0.0123309466984884,0.0023866348448686,0.0007955449482895,0.0015910898965791,0.0,0.0,0.0,0.055688146380270406,0.0119331742243436,0.0437549721559268,0.0107398568019092,0.0099443118536197,0.0007955449482895,0.0047732696897374,0.0047732696897374,0.0,0.024661893396976803,0.0079554494828957,0.0167064439140811,0.0568814638027047,0.0258552108194112,0.0310262529832935,0.0027844073190134,0.0015910898965791,0.0011933174224343,0.003579952267303,0.0019888623707239,0.0015910898965791,0.020286396181384198,0.0103420843277645,0.0099443118536197,0.0115354017501988,0.0095465393794749,0.0019888623707239,0.0115354017501988,0.0015910898965791,0.0099443118536197,0.0059665871121718,0.0031821797931583,0.0027844073190135,0.0151153540175019,0.0031821797931583,0.0119331742243436,0.0131264916467779,0.0039777247414478,0.0091487669053301,814
2018-07-01,2018,7,1514,394,1120,18,12,6,145,33,112,1,1,0,196,103,93,46,29,17,11,7,4,1,1,0,291,62,229,22,18,4,16,13,3,58,38,20,135,49,86,6,4,2,4,1,3,168,103,65,46,38,8,10,2,8,23,17,6,22,1,21,42,24,18,0.5509461426491994,0.1433770014556041,0.4075691411935953,0.0065502183406113,0.0043668122270742,0.0021834061135371,0.0527656477438136,0.0120087336244541,0.0407569141193595,0.0003639010189228,0.0003639010189228,0.0,0.07132459970887911,0.0374818049490538,0.0338427947598253,0.0167394468704512,0.0105531295487627,0.0061863173216885,0.0040029112081513005,0.0025473071324599,0.0014556040756914,0.0003639010189228,0.0003639010189228,0.0,0.1058951965065501,0.0225618631732168,0.0833333333333333,0.0080058224163027,0.0065502183406113,0.0014556040756914,0.0058224163027655,0.004730713245997,0.0010917030567685,0.0211062590975254,0.0138282387190684,0.007278020378457,0.049126637554585004,0.0178311499272197,0.0312954876273653,0.0021834061135371,0.0014556040756914,0.0007278020378457,0.0014556040756913,0.0003639010189228,0.0010917030567685,0.0611353711790392,0.0374818049490538,0.0236535662299854,0.0167394468704512,0.0138282387190684,0.0029112081513828,0.0036390101892285003,0.0007278020378457,0.0029112081513828,0.0083697234352256,0.0061863173216885,0.0021834061135371,0.0080058224163027,0.0003639010189228,0.0076419213973799,0.0152838427947597,0.0087336244541484,0.0065502183406113,927
2018-08-01,2018,8,1481,424,1057,17,9,8,128,28,100,5,2,3,189,97,92,27,13,14,8,4,4,0,0,0,207,34,173,14,12,2,4,3,1,88,35,53,165,57,108,25,6,19,10,6,4,73,46,27,33,22,11,11,5,6,17,13,4,60,22,38,53,15,38,0.5667814772292384,0.162265595101416,0.4045158821278224,0.0065059318790661,0.0034443168771526,0.0030616150019135,0.048985840030616,0.0107156525066972,0.0382701875239188,0.0019135093761957999,0.0007654037504783,0.0011481056257175,0.0723306544202066,0.0371220818982013,0.0352085725220053,0.010332950631458001,0.0049751243781094,0.0053578262533486,0.0030616150019134,0.0015308075009567,0.0015308075009567,0.0,0.0,0.0,0.079219288174512,0.0130118637581324,0.0662074244163796,0.0053578262533485,0.0045924225028702,0.0007654037504783,0.0015308075009566,0.0011481056257175,0.0003827018752391,0.0336777650210486,0.0133945656333716,0.020283199387677,0.063145809414466,0.0218140068886337,0.0413318025258323,0.0095675468809796,0.0022962112514351,0.0072713356295445,0.0038270187523918,0.0022962112514351,0.0015308075009567,0.027937236892460603,0.0176042862610026,0.010332950631458,0.012629161882893099,0.0084194412552621,0.004209720627631,0.004209720627631,0.0019135093761959,0.0022962112514351,0.0065059318790661,0.0049751243781094,0.0015308075009567,0.0229621125143512,0.0084194412552621,0.0145426712590891,0.0202831993876769,0.0057405281285878,0.0145426712590891,845
2018-09-01,2018,9,1397,381,1016,18,7,11,128,18,110,4,1,3,165,94,71,56,34,22,2,0,2,0,0,0,157,28,129,15,10,5,4,4,0,93,40,53,116,52,64,7,1,6,10,6,4,101,72,29,41,31,10,3,1,2,14,7,7,40,12,28,54,12,42,0.5818408996251561,0.1586838817159516,0.4231570179092045,0.0074968763015409,0.0029154518950437,0.0045814244064972,0.0533111203665139,0.007496876301541,0.0458142440649729,0.0016659725114534,0.0004164931278633,0.0012494793835901,0.0687213660974593,0.0391503540191586,0.0295710120783007,0.023323615160349698,0.0141607663473552,0.0091628488129945,0.0008329862557267,0.0,0.0008329862557267,0.0,0.0,0.0,0.0653894210745522,0.0116618075801749,0.0537276134943773,0.0062473969179508,0.0041649312786339,0.0020824656393169,0.0016659725114535,0.0016659725114535,0.0,0.0387338608912952,0.0166597251145356,0.0220741357767596,0.048313202832153096,0.0216576426488962,0.0266555601832569,0.0029154518950436003,0.0004164931278633,0.0024989587671803,0.0041649312786338,0.0024989587671803,0.0016659725114535,0.0420658059142023,0.029987505206164,0.0120783007080383,0.0170762182423989,0.012911286963765,0.0041649312786339,0.00124947938359,0.0004164931278633,0.0008329862557267,0.0058309037900874,0.0029154518950437,0.0029154518950437,0.0166597251145355,0.0049979175343606,0.0116618075801749,0.022490628904622903,0.0049979175343606,0.0174927113702623,792
2018-10-01,2018,10,1520,361,1159,14,11,3,134,23,111,5,3,2,139,75,64,68,52,16,13,8,5,0,0,0,130,20,110,32,31,1,12,11,1,54,28,26,76,32,44,15,3,12,14,5,9,42,31,11,49,31,18,5,0,5,23,20,3,40,14,26,37,5,32,0.6351859590472211,0.150856665273715,0.4843292937735061,0.0058503969912243005,0.0045967404931048,0.0012536564981195,0.0559966569160049,0.0096113664855829,0.046385290430422,0.0020894274968658,0.0012536564981195,0.0008357709987463,0.0580860844128707,0.0313414124529878,0.0267446719598829,0.028416213957375598,0.0217300459674049,0.0066861679899707,0.0054325114918511,0.0033430839949853,0.0020894274968658,0.0,0.0,0.0,0.0543251149185122,0.0083577099874634,0.0459674049310488,0.0133723359799414,0.0129544504805683,0.0004178854993731,0.0050146259924779,0.0045967404931048,0.0004178854993731,0.0225658169661512,0.0117007939824488,0.0108650229837024,0.0317592979523609,0.0133723359799414,0.0183869619724195,0.0062682824905975,0.0012536564981195,0.005014625992478,0.0058503969912243,0.0020894274968658,0.0037609694943585,0.0175511909736731,0.0129544504805683,0.0045967404931048,0.0204763894692853,0.0129544504805683,0.007521938988717,0.0020894274968658,0.0,0.0020894274968658,0.0096113664855829,0.0083577099874634,0.0012536564981195,0.0167154199749268,0.0058503969912244,0.0108650229837024,0.0154617634768072,0.0020894274968658,0.0133723359799414,727
2018-11-01,2018,11,1459,403,1056,21,11,10,99,10,89,5,4,1,148,76,72,63,47,16,6,3,3,0,0,0,89,12,77,17,16,1,9,7,2,60,40,20,112,46,66,4,1,3,6,3,3,49,34,15,32,23,9,3,0,3,16,10,6,55,20,35,52,13,39,0.6444346289752649,0.1780035335689045,0.4664310954063604,0.0092756183745582,0.0048586572438162,0.004416961130742,0.0437279151943462,0.004416961130742,0.0393109540636042,0.002208480565371,0.0017667844522968,0.0004416961130742,0.0653710247349822,0.0335689045936395,0.0318021201413427,0.0278268551236748,0.0207597173144876,0.0070671378091872,0.0026501766784452,0.0013250883392226,0.0013250883392226,0.0,0.0,0.0,0.0393109540636041,0.0053003533568904,0.0340106007067137,0.0075088339222614,0.0070671378091872,0.0004416961130742,0.0039752650176678,0.0030918727915194,0.0008833922261484,0.026501766784452298,0.0176678445229682,0.0088339222614841,0.0494699646643109,0.0203180212014134,0.0291519434628975,0.0017667844522968,0.0004416961130742,0.0013250883392226,0.0026501766784452,0.0013250883392226,0.0013250883392226,0.021643109540635898,0.0150176678445229,0.006625441696113,0.0141342756183745,0.0101590106007067,0.0039752650176678,0.0013250883392226,0.0,0.0013250883392226,0.0070671378091872,0.004416961130742,0.0026501766784452,0.024293286219081202,0.0088339222614841,0.0154593639575971,0.0229681978798585,0.0057420494699646,0.0172261484098939,743
2018-12-01,2018,12,1497,429,1068,13,9,4,95,22,73,2,2,0,163,98,65,83,63,20,2,1,1,0,0,0,99,16,83,20,18,2,5,4,1,106,65,41,123,52,71,1,0,1,7,3,4,72,55,17,25,18,7,6,0,6,13,12,1,20,5,15,30,4,26,0.6422136422136421,0.184041184041184,0.4581724581724581,0.0055770055770055,0.0038610038610038,0.0017160017160017,0.0407550407550407,0.0094380094380094,0.0313170313170313,0.0008580008580008,0.0008580008580008,0.0,0.06992706992706979,0.042042042042042,0.0278850278850278,0.0356070356070355,0.027027027027027,0.0085800085800085,0.0008580008580008,0.0004290004290004,0.0004290004290004,0.0,0.0,0.0,0.0424710424710424,0.0068640068640068,0.0356070356070356,0.0085800085800085,0.0077220077220077,0.0008580008580008,0.0021450021450020998,0.0017160017160017,0.0004290004290004,0.0454740454740453,0.0278850278850278,0.0175890175890175,0.052767052767052694,0.0223080223080223,0.0304590304590304,0.0004290004290004,0.0,0.0004290004290004,0.0030030030030028998,0.0012870012870012,0.0017160017160017,0.030888030888030698,0.0235950235950235,0.0072930072930072,0.0107250107250107,0.0077220077220077,0.003003003003003,0.0025740025740025,0.0,0.0025740025740025,0.0055770055770055,0.0051480051480051,0.0004290004290004,0.0085800085800085,0.0021450021450021,0.0064350064350064,0.0128700128700128,0.0017160017160017,0.0111540111540111,834
2019-01-01,2019,1,1401,409,992,19,6,13,91,9,82,3,2,1,135,73,62,111,69,42,11,10,1,0,0,0,104,17,87,9,7,2,5,4,1,99,60,39,140,53,87,6,2,4,12,6,6,101,73,28,34,24,10,11,0,11,24,18,6,30,10,20,29,9,20,0.6030994403788204,0.1760654326302195,0.4270340077486009,0.0081790787774429,0.0025828669823504,0.0055962117950925,0.039173482565647795,0.0038743004735256,0.0352991820921222,0.0012914334911751,0.0008609556607834,0.0004304778303917,0.0581145071028841,0.0314248816185966,0.0266896254842875,0.047783039173482506,0.0297029702970297,0.0180800688764528,0.004735256134309,0.0043047783039173,0.0004304778303917,0.0,0.0,0.0,0.0447696943607403,0.0073181231166594,0.0374515712440809,0.0038743004735255,0.0030133448127421,0.0008609556607834,0.0021523891519586,0.0017219113215669,0.0004304778303917,0.0426173052087816,0.025828669823504,0.0167886353852776,0.0602668962548428,0.0228153250107619,0.0374515712440809,0.0025828669823503,0.0008609556607834,0.0017219113215669,0.0051657339647008,0.0025828669823504,0.0025828669823504,0.0434782608695651,0.0314248816185966,0.0120533792509685,0.0146362462333189,0.0103314679294016,0.0043047783039173,0.004735256134309,0.0,0.004735256134309,0.0103314679294016,0.0077486009470512,0.0025828669823504,0.0129143349117519,0.0043047783039173,0.0086095566078346,0.012483857081360199,0.0038743004735256,0.0086095566078346,821
2019-02-01,2019,2,1395,388,1007,11,1,10,98,22,76,7,3,4,106,58,48,86,70,16,9,2,7,1,0,1,100,21,79,10,10,0,6,5,1,61,38,23,109,53,56,5,1,4,10,2,8,62,35,27,43,30,13,7,2,5,25,18,7,36,15,21,36,16,20,0.6413793103448275,0.1783908045977011,0.4629885057471264,0.0050574712643677,0.0004597701149425,0.0045977011494252,0.045057471264367696,0.0101149425287356,0.0349425287356321,0.0032183908045976,0.0013793103448275,0.0018390804597701,0.048735632183907904,0.0266666666666666,0.0220689655172413,0.0395402298850574,0.032183908045977,0.0073563218390804,0.0041379310344827,0.000919540229885,0.0032183908045977,0.0004597701149425,0.0,0.0004597701149425,0.045977011494252804,0.0096551724137931,0.0363218390804597,0.0045977011494252,0.0045977011494252,0.0,0.0027586206896550998,0.0022988505747126,0.0004597701149425,0.0280459770114941,0.017471264367816,0.0105747126436781,0.0501149425287356,0.024367816091954,0.0257471264367816,0.0022988505747126,0.0004597701149425,0.0018390804597701,0.0045977011494252,0.000919540229885,0.0036781609195402,0.0285057471264367,0.0160919540229885,0.0124137931034482,0.0197701149425286,0.0137931034482758,0.0059770114942528,0.0032183908045975997,0.000919540229885,0.0022988505747126,0.011494252873563201,0.0082758620689655,0.0032183908045977,0.016551724137931,0.0068965517241379,0.0096551724137931,0.0165517241379309,0.0073563218390804,0.0091954022988505,745
2019-03-01,2019,3,1470,372,1098,15,9,6,97,34,63,8,7,1,138,73,65,67,51,16,5,3,2,0,0,0,98,24,74,18,10,8,3,3,0,111,68,43,101,51,50,3,1,2,11,4,7,55,36,19,23,19,4,7,3,4,16,11,5,25,7,18,43,22,21,0.6484340538156154,0.1640935156594618,0.4843405381561535,0.0066166740185266,0.003970004411116,0.0026466696074106,0.0427878253198058,0.0149977944419938,0.027790030877812,0.0035288928098808,0.0030877812086457,0.0004411116012351,0.060873400970445496,0.0322011468901632,0.0286722540802823,0.029554477282752498,0.0224966916629907,0.0070577856197618,0.0022055580061755,0.0013233348037053,0.0008822232024702,0.0,0.0,0.0,0.043228936921040996,0.0105866784296427,0.0326422584913983,0.007940008822232,0.0044111160123511,0.0035288928098809,0.0013233348037053,0.0013233348037053,0.0,0.048963387737097394,0.0299955888839876,0.0189677988531098,0.044552271724746295,0.0224966916629907,0.0220555800617556,0.0013233348037053,0.0004411116012351,0.0008822232024702,0.0048522276135861,0.0017644464049404,0.0030877812086457,0.0242611380679311,0.015880017644464,0.0083811204234671,0.0101455668284075,0.0083811204234671,0.0017644464049404,0.0030877812086457,0.0013233348037053,0.0017644464049404,0.0070577856197617,0.0048522276135862,0.0022055580061755,0.011027790030877699,0.0030877812086457,0.007940008822232,0.018967798853109702,0.0097044552271724,0.0092633436259373,771
2019-04-01,2019,4,1458,362,1096,16,7,9,78,24,54,8,7,1,100,43,57,44,30,14,8,3,5,2,2,0,208,62,146,27,24,3,3,3,0,50,26,24,87,41,46,6,2,4,9,3,6,49,32,17,13,11,2,7,3,4,10,7,3,26,9,17,28,7,21,0.6576454668470906,0.1632837167343256,0.494361750112765,0.007216959855660799,0.0031574199368516,0.0040595399188092,0.0351826792963464,0.0108254397834912,0.0243572395128552,0.0036084799278304,0.0031574199368516,0.0004510599909788,0.045105999097880004,0.0193955796120884,0.0257104194857916,0.0198466396030672,0.013531799729364,0.0063148398737032,0.0036084799278303997,0.0013531799729364,0.002255299954894,0.0009021199819576,0.0009021199819576,0.0,0.0938204781235904,0.0279657194406856,0.0658547586829048,0.0121786197564276,0.0108254397834912,0.0013531799729364,0.0013531799729364,0.0013531799729364,0.0,0.022552999548940002,0.0117275597654488,0.0108254397834912,0.039242219215155597,0.0184934596301308,0.0207487595850248,0.0027063599458728,0.0009021199819576,0.0018042399639152,0.0040595399188092,0.0013531799729364,0.0027063599458728,0.0221019395579612,0.0144339197113216,0.0076680198466396,0.0058637798827244,0.0049616599007668,0.0009021199819576,0.0031574199368516,0.0013531799729364,0.0018042399639152,0.004510599909788,0.0031574199368516,0.0013531799729364,0.0117275597654488,0.0040595399188092,0.0076680198466396,0.0126296797474064,0.0031574199368516,0.0094722598105548,689
2019-05-01,2019,5,1640,413,1227,13,8,5,85,17,68,11,8,3,113,52,61,46,30,16,13,7,6,0,0,0,94,11,83,20,19,1,4,3,1,52,25,27,154,86,68,5,2,3,10,7,3,67,46,21,15,12,3,6,0,6,16,13,3,58,29,29,44,14,30,0.6672091131000814,0.1680227827502034,0.4991863303498779,0.005288852725793301,0.0032546786004882,0.0020341741253051,0.0345809601301871,0.0069161920260374,0.0276647681041497,0.0044751830756712,0.0032546786004882,0.001220504475183,0.0459723352318958,0.0211554109031733,0.0248169243287225,0.0187144019528071,0.0122050447518307,0.0065093572009764,0.0052888527257932,0.0028478437754271,0.0024410089503661,0.0,0.0,0.0,0.0382424735557362,0.0044751830756712,0.033767290480065,0.0081366965012204,0.0077298616761594,0.000406834825061,0.001627339300244,0.001220504475183,0.000406834825061,0.021155410903173202,0.0101708706265256,0.0109845402766476,0.0626525630593978,0.0349877949552481,0.0276647681041497,0.002034174125305,0.000813669650122,0.001220504475183,0.0040683482506101,0.0028478437754271,0.001220504475183,0.027257933279088598,0.0187144019528071,0.0085435313262815,0.0061025223759153,0.0048820179007323,0.001220504475183,0.0024410089503661,0.0,0.0024410089503661,0.0065093572009763,0.0052888527257933,0.001220504475183,0.0235964198535394,0.0117982099267697,0.0117982099267697,0.017900732302685,0.0056956875508543,0.0122050447518307,785
2019-06-01,2019,6,1393,347,1046,23,14,9,101,16,85,9,6,3,119,57,62,46,33,13,2,1,1,2,0,2,126,24,102,8,7,1,4,4,0,65,40,25,145,56,89,2,0,2,7,3,4,80,52,28,20,18,2,3,0,3,9,7,2,19,8,11,33,8,25,0.6363636363636362,0.1585198720877113,0.477843764275925,0.0105070808588396,0.0063956144358154,0.0041114664230242,0.046139789858382706,0.0073092736409319,0.0388305162174508,0.0041114664230240995,0.0027409776153494,0.0013704888076747,0.054362722704431196,0.02603928734582,0.0283234353586112,0.0210141617176792,0.0150753768844221,0.0059387848332571,0.0009136592051164,0.0004568296025582,0.0004568296025582,0.0009136592051164,0.0,0.0009136592051164,0.0575605299223389,0.0109639104613979,0.046596619460941,0.0036546368204659003,0.0031978072179077,0.0004568296025582,0.0018273184102329,0.0018273184102329,0.0,0.029693924166285898,0.0182731841023298,0.0114207400639561,0.0662402923709455,0.0255824577432617,0.0406578346276838,0.0009136592051164,0.0,0.0009136592051164,0.0031978072179076,0.0013704888076747,0.0018273184102329,0.0365463682046595,0.0237551393330287,0.0127912288716308,0.0091365920511648,0.0082229328460484,0.0009136592051164,0.0013704888076747,0.0,0.0013704888076747,0.0041114664230241,0.0031978072179077,0.0009136592051164,0.0086797624486066,0.0036546368204659,0.0050251256281407,0.015075376884421999,0.0036546368204659,0.0114207400639561,678
2019-07-01,2019,7,1290,299,991,12,7,5,122,29,93,3,2,1,119,52,67,52,36,16,8,2,6,1,0,1,307,128,179,10,8,2,4,4,0,62,31,31,92,37,55,4,2,2,6,4,2,40,28,12,22,17,5,8,3,5,11,8,3,31,18,13,41,21,20,0.582392776523702,0.1349887133182844,0.4474040632054176,0.005417607223476201,0.0031602708803611,0.0022573363431151,0.055079006772009,0.0130925507900677,0.0419864559819413,0.0013544018058689999,0.000902934537246,0.000451467268623,0.0537246049661398,0.0234762979683972,0.0302483069977426,0.0234762979683971,0.0162528216704288,0.0072234762979683,0.0036117381489841,0.000902934537246,0.0027088036117381,0.000451467268623,0.0,0.000451467268623,0.13860045146726852,0.0577878103837471,0.0808126410835214,0.0045146726862301,0.0036117381489841,0.000902934537246,0.001805869074492,0.001805869074492,0.0,0.0279909706546274,0.0139954853273137,0.0139954853273137,0.041534988713318205,0.0167042889390519,0.0248306997742663,0.001805869074492,0.000902934537246,0.000902934537246,0.0027088036117379997,0.001805869074492,0.000902934537246,0.0180586907449208,0.0126410835214446,0.0054176072234762,0.0099322799097065,0.0076749435665914,0.0022573363431151,0.0036117381489841,0.001354401805869,0.0022573363431151,0.0049661399548531,0.0036117381489841,0.001354401805869,0.013995485327313699,0.0081264108352144,0.0058690744920993,0.0185101580135439,0.0094808126410835,0.0090293453724604,708
2019-08-01,2019,8,1379,365,1014,18,8,10,122,26,96,2,1,1,134,65,69,58,33,25,6,1,5,0,0,0,143,27,116,19,17,2,6,6,0,79,40,39,122,49,73,5,1,4,2,0,2,41,31,10,33,29,4,10,1,9,14,7,7,25,7,18,43,19,24,0.6189407540394972,0.1638240574506283,0.4551166965888689,0.0080789946140035,0.0035906642728904,0.0044883303411131,0.0547576301615798,0.011669658886894,0.0430879712746858,0.0008976660682226,0.0004488330341113,0.0004488330341113,0.0601436265709155,0.0291741472172351,0.0309694793536804,0.0260323159784559,0.0148114901256732,0.0112208258527827,0.0026929982046678003,0.0004488330341113,0.0022441651705565,0.0,0.0,0.0,0.0641831238779173,0.0121184919210053,0.052064631956912,0.0085278276481148,0.0076301615798922,0.0008976660682226,0.0026929982046678,0.0026929982046678,0.0,0.0354578096947935,0.0179533213644524,0.0175044883303411,0.05475763016157979,0.0219928186714542,0.0327648114901256,0.0022441651705564997,0.0004488330341113,0.0017953321364452,0.0008976660682226,0.0,0.0008976660682226,0.0184021543985637,0.0139138240574506,0.0044883303411131,0.014811490125673201,0.013016157989228,0.0017953321364452,0.004488330341112999,0.0004488330341113,0.0040394973070017,0.0062836624775582,0.0031418312387791,0.0031418312387791,0.0112208258527826,0.0031418312387791,0.0080789946140035,0.0192998204667863,0.0085278276481149,0.0107719928186714,711
2019-09-01,2019,9,1565,418,1147,15,7,8,118,39,79,3,2,1,131,61,70,40,26,14,7,1,6,1,0,1,155,32,123,34,32,2,4,4,0,49,24,25,117,60,57,2,1,1,10,3,7,48,32,16,16,8,8,5,3,2,15,12,3,17,4,13,45,13,32,0.6611744824672581,0.1765948457963667,0.4845796366708914,0.006337135614702,0.0029573299535276,0.0033798056611744,0.0498521335023236,0.0164765525982256,0.033375580904098,0.0012674271229404,0.0008449514152936,0.0004224757076468,0.0553443177017321,0.0257710181664554,0.0295732995352767,0.0168990283058723,0.010984368398817,0.0059146599070553,0.0029573299535276,0.0004224757076468,0.0025348542458808,0.0004224757076468,0.0,0.0004224757076468,0.0654837346852555,0.0135192226446979,0.0519645120405576,0.0143641740599915,0.0135192226446979,0.0008449514152936,0.0016899028305872,0.0016899028305872,0.0,0.0207013096746936,0.0101394169835234,0.0105618926911702,0.0494296577946767,0.0253485424588086,0.0240811153358681,0.0008449514152936,0.0004224757076468,0.0004224757076468,0.004224757076468,0.0012674271229404,0.0029573299535276,0.0202788339670468,0.0135192226446979,0.0067596113223489,0.0067596113223488,0.0033798056611744,0.0033798056611744,0.002112378538234,0.0012674271229404,0.0008449514152936,0.0063371356147021,0.0050697084917617,0.0012674271229404,0.0071820870299957,0.0016899028305872,0.0054921841994085,0.0190114068441064,0.0054921841994085,0.0135192226446979,762
2019-10-01,2019,10,1266,338,928,10,7,3,137,42,95,2,2,0,116,69,47,29,16,13,2,1,1,0,0,0,65,8,57,49,48,1,10,10,0,69,27,42,39,14,25,5,1,4,13,4,9,23,14,9,29,23,6,5,2,3,13,10,3,36,12,24,30,10,20,0.6508997429305913,0.1737789203084833,0.477120822622108,0.0051413881748071,0.003598971722365,0.0015424164524421,0.0704370179948585,0.0215938303341902,0.0488431876606683,0.0010282776349614,0.0010282776349614,0.0,0.0596401028277634,0.0354755784061696,0.0241645244215938,0.014910025706940801,0.0082262210796915,0.0066838046272493,0.0010282776349614,0.0005141388174807,0.0005141388174807,0.0,0.0,0.0,0.0334190231362467,0.0041131105398457,0.029305912596401,0.0251928020565552,0.0246786632390745,0.0005141388174807,0.0051413881748071,0.0051413881748071,0.0,0.0354755784061696,0.0138817480719794,0.0215938303341902,0.0200514138817479,0.00719794344473,0.0128534704370179,0.0025706940874035003,0.0005141388174807,0.0020565552699228,0.0066838046272492,0.0020565552699228,0.0046272493573264,0.0118251928020564,0.00719794344473,0.0046272493573264,0.0149100257069408,0.0118251928020565,0.0030848329048843,0.0025706940874035003,0.0010282776349614,0.0015424164524421,0.0066838046272492,0.0051413881748071,0.0015424164524421,0.0185089974293058,0.0061696658097686,0.0123393316195372,0.0154241645244214,0.0051413881748071,0.0102827763496143,648
2019-11-01,2019,11,1501,401,1100,37,17,20,128,33,95,0,0,0,117,65,52,65,34,31,5,2,3,4,1,3,78,27,51,130,118,12,11,9,2,90,41,49,63,26,37,6,3,3,17,8,9,71,50,21,75,63,12,6,3,3,7,4,3,24,6,18,44,21,23,0.6202479338842974,0.1657024793388429,0.4545454545454545,0.015289256198347,0.0070247933884297,0.0082644628099173,0.052892561983471,0.0136363636363636,0.0392561983471074,0.0,0.0,0.0,0.0483471074380165,0.0268595041322314,0.0214876033057851,0.0268595041322314,0.0140495867768595,0.0128099173553719,0.0020661157024793,0.0008264462809917,0.0012396694214876,0.0016528925619834,0.0004132231404958,0.0012396694214876,0.0322314049586776,0.0111570247933884,0.0210743801652892,0.0537190082644627,0.0487603305785123,0.0049586776859504,0.0045454545454545,0.0037190082644628,0.0008264462809917,0.037190082644628,0.0169421487603305,0.0202479338842975,0.026033057851239598,0.0107438016528925,0.0152892561983471,0.0024793388429752,0.0012396694214876,0.0012396694214876,0.0070247933884296995,0.0033057851239669,0.0037190082644628,0.0293388429752065,0.0206611570247933,0.0086776859504132,0.03099173553719,0.0260330578512396,0.0049586776859504,0.0024793388429752,0.0012396694214876,0.0012396694214876,0.002892561983471,0.0016528925619834,0.0012396694214876,0.0099173553719008,0.0024793388429752,0.0074380165289256,0.0181818181818181,0.0086776859504132,0.0095041322314049,901
2019-12-01,2019,12,1573,331,1242,26,12,14,121,26,95,3,2,1,115,55,60,58,37,21,7,3,4,1,0,1,82,11,71,102,94,8,10,10,0,55,28,27,112,42,70,5,1,4,10,5,5,40,23,17,30,22,8,9,3,6,8,3,5,30,9,21,49,12,37,0.6526970954356845,0.1373443983402489,0.5153526970954356,0.0107883817427384,0.0049792531120331,0.0058091286307053,0.0502074688796679,0.0107883817427385,0.0394190871369294,0.0012448132780081,0.0008298755186721,0.000414937759336,0.0477178423236513,0.0228215767634854,0.0248962655601659,0.0240663900414936,0.0153526970954356,0.008713692946058,0.0029045643153525003,0.0012448132780082,0.0016597510373443,0.000414937759336,0.0,0.000414937759336,0.03402489626556,0.004564315352697,0.029460580912863,0.042323651452282,0.0390041493775933,0.0033195020746887,0.0041493775933609,0.0041493775933609,0.0,0.0228215767634853,0.0116182572614107,0.0112033195020746,0.046473029045643,0.0174273858921161,0.0290456431535269,0.0020746887966803,0.000414937759336,0.0016597510373443,0.0041493775933608,0.0020746887966804,0.0020746887966804,0.0165975103734438,0.0095435684647302,0.0070539419087136,0.0124481327800828,0.0091286307053941,0.0033195020746887,0.0037344398340247,0.0012448132780082,0.0024896265560165,0.0033195020746886,0.0012448132780082,0.0020746887966804,0.0124481327800828,0.0037344398340248,0.008713692946058,0.0203319502074687,0.0049792531120331,0.0153526970954356,705
2020-01-01,2020,1,1612,384,1228,17,7,10,142,37,105,3,1,2,107,42,65,81,57,24,4,1,3,1,1,0,141,23,118,89,82,7,17,16,1,68,39,29,111,44,67,7,0,7,12,7,5,36,22,14,37,28,9,8,1,7,7,4,3,39,12,27,56,28,28,0.6311667971808927,0.1503523884103367,0.480814408770556,0.0066562255285825,0.0027407987470634,0.0039154267815191,0.0555990602975723,0.0144870790916209,0.0411119812059514,0.0011746280344557,0.0003915426781519,0.0007830853563038,0.041895066562255195,0.0164447924823805,0.0254502740798747,0.0317149569303053,0.0223179326546593,0.009397024275646,0.0015661707126076,0.0003915426781519,0.0011746280344557,0.0003915426781519,0.0003915426781519,0.0,0.0552075176194204,0.0090054815974941,0.0462020360219263,0.0348472983555207,0.0321064996084573,0.0027407987470634,0.0066562255285825,0.0062646828504306,0.0003915426781519,0.026624902114330398,0.0152701644479248,0.0113547376664056,0.043461237274862896,0.0172278778386844,0.0262333594361785,0.0027407987470634,0.0,0.0027407987470634,0.0046985121378229,0.0027407987470634,0.0019577133907595,0.014095536413469,0.0086139389193422,0.0054815974941268,0.0144870790916209,0.0109631949882537,0.0035238841033672,0.0031323414252153,0.0003915426781519,0.0027407987470634,0.0027407987470633,0.0015661707126076,0.0011746280344557,0.015270164447924799,0.004698512137823,0.0105716523101018,0.0219263899765074,0.0109631949882537,0.0109631949882537,800
2020-02-01,2020,2,1577,400,1177,13,10,3,100,28,72,9,6,3,102,55,47,151,109,42,8,5,3,7,4,3,160,16,144,19,15,4,4,4,0,145,79,66,101,49,52,17,3,14,5,1,4,41,23,18,42,35,7,5,0,5,10,9,1,25,7,18,27,3,24,0.6415785191212366,0.16273393002441,0.4788445890968267,0.0052888527257932,0.0040683482506102,0.001220504475183,0.0406834825061025,0.0113913751017087,0.0292921074043938,0.0036615134255491002,0.0024410089503661,0.001220504475183,0.041497152156224404,0.0223759153783563,0.0191212367778681,0.0614320585842147,0.0443449959316517,0.017087062652563,0.0032546786004881,0.0020341741253051,0.001220504475183,0.0028478437754271,0.0016273393002441,0.001220504475183,0.065093572009764,0.0065093572009764,0.0585842148087876,0.0077298616761593995,0.0061025223759153,0.0016273393002441,0.0016273393002441,0.0016273393002441,0.0,0.058991049633848505,0.0321399511798209,0.0268510984540276,0.0410903173311635,0.0199349064279902,0.0211554109031733,0.006916192026037301,0.001220504475183,0.0056956875508543,0.0020341741253051,0.000406834825061,0.0016273393002441,0.0166802278275019,0.0093572009764035,0.0073230268510984,0.0170870626525629,0.0142392188771358,0.0028478437754271,0.0020341741253051,0.0,0.0020341741253051,0.0040683482506102,0.0036615134255492,0.000406834825061,0.0101708706265255,0.0028478437754271,0.0073230268510984,0.0109845402766476,0.001220504475183,0.0097640358014646,784
2020-03-01,2020,3,1766,379,1387,14,2,12,105,26,79,5,1,4,152,78,74,31,25,6,7,0,7,3,1,2,289,21,268,12,8,4,13,11,2,44,16,28,92,33,59,204,61,143,19,6,13,15,8,7,22,20,2,4,0,4,8,5,3,28,11,17,31,13,18,0.6187806587245969,0.1327960756832515,0.4859845830413454,0.004905395935529,0.0007007708479327,0.0042046250875963,0.036790469516468,0.0091100210231254,0.0276804484933426,0.0017519271198317,0.0003503854239663,0.0014015416958654,0.0532585844428871,0.0273300630693763,0.0259285213735108,0.0108619481429571,0.008759635599159,0.0021023125437981,0.0024526979677645,0.0,0.0024526979677645,0.001051156271899,0.0003503854239663,0.0007007708479327,0.1012613875262788,0.0073580939032936,0.0939032936229852,0.0042046250875963,0.0028030833917309,0.0014015416958654,0.0045550105115625995,0.0038542396636299,0.0007007708479327,0.0154169586545199,0.0056061667834618,0.0098107918710581,0.0322354590049053,0.0115627189908899,0.0206727400140154,0.071478626489138,0.0213735108619481,0.0501051156271899,0.006657323055360801,0.0021023125437981,0.0045550105115627,0.0052557813594954,0.0028030833917309,0.0024526979677645,0.0077084793272599005,0.0070077084793272,0.0007007708479327,0.0014015416958654,0.0,0.0014015416958654,0.0028030833917308,0.0017519271198318,0.001051156271899,0.009810791871058,0.0038542396636299,0.0059565522074281,0.010861948142957201,0.0045550105115627,0.0063069376313945,712
2020-04-01,2020,4,1655,383,1272,20,13,7,68,15,53,12,5,7,135,78,57,20,7,13,2,0,2,2,1,1,432,39,393,9,8,1,2,2,0,64,35,29,89,49,40,201,44,157,23,12,11,11,6,5,10,6,4,9,1,8,5,2,3,28,8,20,26,10,16,0.5856334041047416,0.1355272469922151,0.4501061571125265,0.0070771408351026,0.0046001415428167,0.0024769992922859,0.0240622788393488,0.0053078556263269,0.0187544232130219,0.0042462845010615,0.0017692852087756,0.0024769992922859,0.047770700636942595,0.0276008492569002,0.0201698513800424,0.0070771408351026,0.0024769992922859,0.0046001415428167,0.0007077140835102,0.0,0.0007077140835102,0.0007077140835102,0.0003538570417551,0.0003538570417551,0.1528662420382165,0.0138004246284501,0.1390658174097664,0.0031847133757960996,0.002830856334041,0.0003538570417551,0.0007077140835102,0.0007077140835102,0.0,0.0226468506723282,0.0123849964614295,0.0102618542108987,0.0314932767162066,0.0173389950460014,0.0141542816702052,0.07112526539278119,0.0155697098372257,0.0555555555555555,0.0081387119603679,0.0042462845010615,0.0038924274593064,0.0038924274593063,0.0021231422505307,0.0017692852087756,0.0035385704175511998,0.0021231422505307,0.0014154281670205,0.0031847133757960996,0.0003538570417551,0.002830856334041,0.0017692852087755,0.0007077140835102,0.0010615711252653,0.0099079971691436,0.002830856334041,0.0070771408351026,0.0092002830856333,0.0035385704175513,0.005661712668082,720
2020-05-01,2020,5,1779,508,1271,15,9,6,51,17,34,5,4,1,143,98,45,19,14,5,9,5,4,1,0,1,593,49,544,4,2,2,5,5,0,44,24,20,122,66,56,137,30,107,43,33,10,26,17,9,4,4,0,15,1,14,6,6,0,38,5,33,34,19,15,0.576287657920311,0.1645610625202462,0.4117265954000648,0.0048590864917395,0.0029154518950437,0.0019436345966958,0.0165208940719144,0.0055069646906381,0.0110139293812763,0.0016196954972465,0.0012957563977972,0.0003239390994493,0.0463232912212503,0.0317460317460317,0.0145772594752186,0.0061548428895367,0.0045351473922902,0.0016196954972465,0.0029154518950437,0.0016196954972465,0.0012957563977972,0.0003239390994493,0.0,0.0003239390994493,0.19209588597343688,0.0158730158730158,0.1762228701004211,0.0012957563977972,0.0006478781988986,0.0006478781988986,0.0016196954972465,0.0016196954972465,0.0,0.0142533203757692,0.0077745383867832,0.006478781988986,0.0395205701328149,0.021379980563654,0.0181405895691609,0.0443796566245545,0.0097181729834791,0.0346614836410754,0.01392938127632,0.010689990281827,0.003239390994493,0.0084224165856818,0.0055069646906381,0.0029154518950437,0.0012957563977972,0.0012957563977972,0.0,0.0048590864917395,0.0003239390994493,0.0045351473922902,0.0019436345966958,0.0019436345966958,0.0,0.0123096857790735,0.0016196954972465,0.010689990281827,0.0110139293812762,0.0061548428895367,0.0048590864917395,907
2020-06-01,2020,6,1475,383,1092,20,12,8,85,27,58,5,2,3,113,69,44,38,29,9,12,10,2,0,0,0,606,50,556,12,11,1,5,5,0,55,34,21,169,98,71,82,23,59,13,10,3,77,62,15,18,15,3,5,1,4,9,6,3,51,22,29,39,19,20,0.5142956764295676,0.1335425383542538,0.3807531380753138,0.0069735006973499995,0.00418410041841,0.00278940027894,0.0296373779637377,0.0094142259414225,0.0202231520223152,0.0017433751743374999,0.000697350069735,0.0010460251046025,0.0394002789400278,0.0240585774058577,0.0153417015341701,0.0132496513249651,0.0101115760111576,0.0031380753138075,0.00418410041841,0.003486750348675,0.000697350069735,0.0,0.0,0.0,0.211297071129707,0.0174337517433751,0.1938633193863319,0.00418410041841,0.0038354253835425,0.0003486750348675,0.0017433751743375,0.0017433751743375,0.0,0.0191771269177126,0.0118549511854951,0.0073221757322175,0.058926080892608,0.0341701534170153,0.0247559274755927,0.0285913528591352,0.0080195258019525,0.0205718270571827,0.0045327754532775,0.003486750348675,0.0010460251046025,0.0268479776847977,0.0216178521617852,0.0052301255230125,0.006276150627615,0.0052301255230125,0.0010460251046025,0.0017433751743375,0.0003486750348675,0.00139470013947,0.0031380753138074997,0.002092050209205,0.0010460251046025,0.0177824267782426,0.007670850767085,0.0101115760111576,0.013598326359832501,0.0066248256624825,0.00697350069735,870
2020-07-01,2020,7,1508,373,1135,16,10,6,86,25,61,21,16,5,173,123,50,47,33,14,15,12,3,0,0,0,725,171,554,18,17,1,25,24,1,58,26,32,77,25,52,56,4,52,5,2,3,63,39,24,37,32,5,5,1,4,7,3,4,35,9,26,41,19,22,0.5040106951871657,0.1246657754010695,0.3793449197860962,0.0053475935828876005,0.0033422459893048,0.0020053475935828,0.0287433155080213,0.008355614973262,0.0203877005347593,0.0070187165775401,0.0053475935828877,0.0016711229946524,0.0578208556149731,0.0411096256684491,0.016711229946524,0.0157085561497325,0.0110294117647058,0.0046791443850267,0.0050133689839571005,0.0040106951871657,0.0010026737967914,0.0,0.0,0.0,0.2423128342245989,0.0571524064171123,0.1851604278074866,0.0060160427807485,0.0056818181818181,0.0003342245989304,0.008355614973261899,0.0080213903743315,0.0003342245989304,0.0193850267379679,0.0086898395721925,0.0106951871657754,0.025735294117647,0.008355614973262,0.017379679144385,0.0187165775401069,0.0013368983957219,0.017379679144385,0.0016711229946523,0.0006684491978609,0.0010026737967914,0.0210561497326202,0.0130347593582887,0.0080213903743315,0.012366310160427801,0.0106951871657754,0.0016711229946524,0.0016711229946523,0.0003342245989304,0.0013368983957219,0.0023395721925133,0.0010026737967914,0.0013368983957219,0.0116978609625668,0.0030080213903743,0.0086898395721925,0.0137032085561496,0.0063502673796791,0.0073529411764705,940
2020-08-01,2020,8,1290,250,1040,13,8,5,47,14,33,7,4,3,91,64,27,25,16,9,5,4,1,0,0,0,692,113,579,9,8,1,4,3,1,28,13,15,51,9,42,122,17,105,9,7,2,20,12,8,10,9,1,12,3,9,9,7,2,34,13,21,28,7,21,0.5168269230769231,0.1001602564102564,0.4166666666666667,0.005208333333333299,0.0032051282051282,0.0020032051282051,0.0188301282051281,0.0056089743589743,0.0132211538461538,0.0028044871794871,0.0016025641025641,0.001201923076923,0.0364583333333332,0.0256410256410256,0.0108173076923076,0.0100160256410256,0.0064102564102564,0.0036057692307692,0.0020032051282051,0.0016025641025641,0.000400641025641,0.0,0.0,0.0,0.2772435897435896,0.0452724358974358,0.2319711538461538,0.0036057692307691997,0.0032051282051282,0.000400641025641,0.001602564102564,0.001201923076923,0.000400641025641,0.0112179487179486,0.0052083333333333,0.0060096153846153,0.0204326923076922,0.0036057692307692,0.016826923076923,0.048878205128204996,0.0068108974358974,0.0420673076923076,0.0036057692307691,0.0028044871794871,0.000801282051282,0.0080128205128205,0.0048076923076923,0.0032051282051282,0.0040064102564102005,0.0036057692307692,0.000400641025641,0.0048076923076922,0.001201923076923,0.0036057692307692,0.0036057692307691,0.0028044871794871,0.000801282051282,0.013621794871794799,0.0052083333333333,0.0084134615384615,0.0112179487179486,0.0028044871794871,0.0084134615384615,571
2020-09-01,2020,9,1351,294,1057,21,14,7,68,14,54,6,3,3,74,39,35,26,19,7,7,1,6,1,1,0,547,85,462,16,15,1,6,6,0,45,21,24,73,18,55,48,15,33,10,6,4,46,32,14,29,27,2,6,4,2,3,1,2,42,5,37,28,13,15,0.5521046178994686,0.1201471189211279,0.4319574989783408,0.008581937065794699,0.0057212913771965,0.0028606456885982,0.0277891295463832,0.0057212913771965,0.0220678381691867,0.0024519820187984,0.0012259910093992,0.0012259910093992,0.0302411115651818,0.0159378831221904,0.0143032284429914,0.0106252554147935,0.0077646097261953,0.0028606456885982,0.0028606456885982004,0.0004086636697997,0.0024519820187985,0.0004086636697997,0.0004086636697997,0.0,0.2235390273804658,0.0347364119329791,0.1888026154474867,0.0065386187167960005,0.0061299550469963,0.0004086636697997,0.0024519820187985,0.0024519820187985,0.0,0.0183898651409889,0.0085819370657948,0.0098079280751941,0.029832447895382003,0.0073559460563955,0.0224765018389865,0.019615856150388203,0.0061299550469963,0.0134859011033919,0.0040866366979975,0.0024519820187985,0.001634654679199,0.018798528810788598,0.0130772374335921,0.0057212913771965,0.0118512464241928,0.0110339190845933,0.0008173273395995,0.0024519820187984998,0.001634654679199,0.0008173273395995,0.0012259910093992,0.0004086636697997,0.0008173273395995,0.0171638741315896,0.0020433183489987,0.0151205557825909,0.0114425827543931,0.0053126277073968,0.0061299550469963,622
2020-10-01,2020,10,1285,331,954,9,6,3,56,11,45,7,5,2,125,79,46,32,20,12,6,5,1,2,1,1,411,37,374,22,19,3,5,5,0,30,14,16,55,16,39,18,3,15,11,5,6,38,25,13,38,35,3,8,1,7,7,4,3,36,11,25,30,22,8,0.5796120884077581,0.1493008570139828,0.4303112313937753,0.0040595399188092,0.0027063599458728,0.0013531799729364,0.025259359494812797,0.0049616599007668,0.020297699594046,0.0031574199368516,0.002255299954894,0.0009021199819576,0.05638249887235,0.0356337392873252,0.0207487595850248,0.014433919711321599,0.009021199819576,0.0054127198917456,0.0027063599458728,0.002255299954894,0.0004510599909788,0.0009021199819576,0.0004510599909788,0.0004510599909788,0.18538565629228682,0.0166892196662156,0.1686964366260712,0.0099233198015336,0.0085701398285972,0.0013531799729364,0.002255299954894,0.002255299954894,0.0,0.013531799729364,0.0063148398737032,0.0072169598556608,0.024808299503834,0.0072169598556608,0.0175913396481732,0.0081190798376184,0.0013531799729364,0.006765899864682,0.0049616599007668,0.002255299954894,0.0027063599458728,0.017140279657194397,0.01127649977447,0.0058637798827244,0.0171402796571944,0.015787099684258,0.0013531799729364,0.0036084799278304,0.0004510599909788,0.0031574199368516,0.0031574199368516,0.0018042399639152,0.0013531799729364,0.0162381596752368,0.0049616599007668,0.01127649977447,0.013531799729364,0.0099233198015336,0.0036084799278304,645
2020-11-01,2020,11,1350,390,960,19,11,8,64,13,51,1,0,1,140,111,29,25,12,13,1,0,1,0,0,0,340,20,320,50,45,5,5,5,0,34,21,13,40,13,27,12,4,8,6,3,3,27,13,14,14,12,2,6,1,5,5,3,2,30,8,22,20,8,12,0.6198347107438016,0.1790633608815427,0.4407713498622589,0.0087235996326904,0.005050505050505,0.0036730945821854,0.0293847566574839,0.0059687786960514,0.0234159779614325,0.0004591368227731,0.0,0.0004591368227731,0.064279155188246,0.0509641873278236,0.0133149678604224,0.0114784205693296,0.0055096418732782,0.0059687786960514,0.0004591368227731,0.0,0.0004591368227731,0.0,0.0,0.0,0.15610651974288328,0.0091827364554637,0.1469237832874196,0.022956841138659197,0.0206611570247933,0.0022956841138659,0.0022956841138659,0.0022956841138659,0.0,0.015610651974288299,0.0096418732782369,0.0059687786960514,0.0183654729109274,0.0059687786960514,0.012396694214876,0.0055096418732781,0.0018365472910927,0.0036730945821854,0.002754820936639,0.0013774104683195,0.0013774104683195,0.012396694214875999,0.0059687786960514,0.0064279155188246,0.0064279155188245,0.0055096418732782,0.0009182736455463,0.0027548209366389997,0.0004591368227731,0.0022956841138659,0.0022956841138658,0.0013774104683195,0.0009182736455463,0.0137741046831955,0.0036730945821854,0.0101010101010101,0.0091827364554636,0.0036730945821854,0.0055096418732782,688
2020-12-01,2020,12,1621,547,1074,27,21,6,81,29,52,2,0,2,195,137,58,45,33,12,40,38,2,1,1,0,278,18,260,72,69,3,18,18,0,76,58,18,103,53,50,15,5,10,9,6,3,137,106,31,85,79,6,9,3,6,6,3,3,26,9,17,23,8,15,0.5709756956674885,0.1926734765762592,0.3783022190912293,0.0095103909827403,0.0073969707643536,0.0021134202183867,0.0285311729482211,0.0102148643888693,0.0183163085593518,0.0007044734061289,0.0,0.0007044734061289,0.0686861570975695,0.0482564283198309,0.0204297287777386,0.0158506516379006,0.0116238112011271,0.0042268404367735,0.0140894681225783,0.0133849947164494,0.0007044734061289,0.0003522367030644,0.0003522367030644,0.0,0.0979218034519196,0.0063402606551602,0.0915815427967594,0.0253610426206409,0.0243043325114476,0.0010567101091933,0.0063402606551602,0.0063402606551602,0.0,0.0267699894328988,0.0204297287777386,0.0063402606551602,0.0362803804156392,0.0186685452624163,0.0176118351532229,0.0052835505459667,0.0017611835153222,0.0035223670306445,0.00317013032758,0.0021134202183867,0.0010567101091933,0.0482564283198308,0.0373370905248326,0.0109193377949982,0.0299401197604789,0.0278266995420922,0.0021134202183867,0.00317013032758,0.0010567101091933,0.0021134202183867,0.0021134202183866,0.0010567101091933,0.0010567101091933,0.0091581542796759,0.0031701303275801,0.0059880239520958,0.0081014441704824,0.0028178936245156,0.0052835505459668,1218
2021-01-01,2021,1,1583,544,1039,21,18,3,84,23,61,0,0,0,126,76,50,41,27,14,35,30,5,1,1,0,234,25,209,64,57,7,24,20,4,87,76,11,67,36,31,8,2,6,9,5,4,118,96,22,56,55,1,3,0,3,13,11,2,15,4,11,29,13,16,0.6111969111969111,0.21003861003861,0.4011583011583011,0.008108108108108,0.0069498069498069,0.0011583011583011,0.0324324324324323,0.0088803088803088,0.0235521235521235,0.0,0.0,0.0,0.0486486486486486,0.0293436293436293,0.0193050193050193,0.0158301158301158,0.0104247104247104,0.0054054054054054,0.0135135135135134,0.0115830115830115,0.0019305019305019,0.0003861003861003,0.0003861003861003,0.0,0.0903474903474903,0.0096525096525096,0.0806949806949807,0.0247104247104247,0.022007722007722,0.0027027027027027,0.0092664092664092,0.0077220077220077,0.0015444015444015,0.0335907335907335,0.0293436293436293,0.0042471042471042,0.025868725868725698,0.0138996138996138,0.0119691119691119,0.003088803088803,0.0007722007722007,0.0023166023166023,0.0034749034749034,0.0019305019305019,0.0015444015444015,0.0455598455598454,0.037065637065637,0.0084942084942084,0.0216216216216215,0.0212355212355212,0.0003861003861003,0.0011583011583011,0.0,0.0011583011583011,0.0050193050193049,0.0042471042471042,0.0007722007722007,0.0057915057915057,0.0015444015444015,0.0042471042471042,0.0111969111969111,0.005019305019305,0.0061776061776061,1100
2021-02-01,2021,2,1401,526,875,19,14,5,71,27,44,4,2,2,111,78,33,19,14,5,44,40,4,1,0,1,152,21,131,59,55,4,32,31,1,91,63,28,64,34,30,7,5,2,6,3,3,131,104,27,41,36,5,0,0,0,11,8,3,26,6,20,22,15,7,0.6083369518019974,0.2283977420755536,0.3799392097264438,0.008250108554059901,0.0060790273556231,0.0021710811984368,0.030829353017802798,0.0117238384715588,0.019105514546244,0.0017368649587494,0.0008684324793747,0.0008684324793747,0.0481980026052974,0.0338688666956144,0.014329135909683,0.008250108554059901,0.0060790273556231,0.0021710811984368,0.0191055145462439,0.0173686495874945,0.0017368649587494,0.0004342162396873,0.0,0.0004342162396873,0.0660008684324793,0.0091185410334346,0.0568823273990447,0.025618758141554402,0.023881893182805,0.0017368649587494,0.0138949196699955,0.0134607034303082,0.0004342162396873,0.0395136778115501,0.0273556231003039,0.0121580547112462,0.0277898393399912,0.0147633521493703,0.0130264871906209,0.0030395136778115003,0.0021710811984368,0.0008684324793747,0.002605297438124,0.001302648719062,0.001302648719062,0.0568823273990446,0.0451584889274858,0.0117238384715588,0.0178028658271819,0.0156317846287451,0.0021710811984368,0.0,0.0,0.0,0.0047763786365609,0.0034737299174989,0.001302648719062,0.011289622231871299,0.0026052974381241,0.0086843247937472,0.0095527572731219,0.0065132435953104,0.0030395136778115,1073
2021-03-01,2021,3,1668,537,1131,16,11,5,71,8,63,2,1,1,219,154,65,29,15,14,19,12,7,3,3,0,193,29,164,35,34,1,9,9,0,53,32,21,56,28,28,12,4,8,7,6,1,34,23,11,45,43,2,4,0,4,10,8,2,38,13,25,28,11,17,0.6579881656804734,0.2118343195266272,0.4461538461538462,0.0063116370808678005,0.0043392504930966,0.0019723865877712,0.028007889546351,0.0031558185404339,0.0248520710059171,0.0007889546351084,0.0003944773175542,0.0003944773175542,0.08639053254437859,0.060749506903353,0.0256410256410256,0.0114398422090729,0.0059171597633136,0.0055226824457593,0.0074950690335304,0.0047337278106508,0.0027613412228796,0.0011834319526627,0.0011834319526627,0.0,0.0761341222879683,0.0114398422090729,0.0646942800788954,0.0138067061143983,0.0134122287968441,0.0003944773175542,0.0035502958579881,0.0035502958579881,0.0,0.020907297830374698,0.0126232741617357,0.008284023668639,0.0220907297830374,0.0110453648915187,0.0110453648915187,0.0047337278106508,0.0015779092702169,0.0031558185404339,0.0027613412228796,0.0023668639053254,0.0003944773175542,0.0134122287968441,0.0090729783037475,0.0043392504930966,0.0177514792899407,0.0169625246548323,0.0007889546351084,0.0015779092702169,0.0,0.0015779092702169,0.0039447731755423,0.0031558185404339,0.0007889546351084,0.0149901380670611,0.0051282051282051,0.009861932938856,0.0110453648915186,0.0043392504930966,0.006706114398422,966
2021-04-01,2021,4,1512,430,1082,13,10,3,53,10,43,4,4,0,133,90,43,20,13,7,14,11,3,0,0,0,374,25,349,58,56,2,14,13,1,37,25,12,53,12,41,82,21,61,6,3,3,19,11,8,71,70,1,6,0,6,10,8,2,28,5,23,17,6,11,0.5992865636147443,0.170432025366627,0.4288545382481173,0.0051525961157351,0.0039635354736424,0.0011890606420927,0.0210067380103051,0.0039635354736424,0.0170432025366627,0.0015854141894569,0.0015854141894569,0.0,0.0527150217994451,0.0356718192627824,0.0170432025366627,0.0079270709472849,0.0051525961157352,0.0027744748315497,0.0055489496630994,0.0043598890210067,0.0011890606420927,0.0,0.0,0.0,0.14823622671422898,0.0099088386841062,0.1383273880301228,0.022988505747126298,0.0221957986523979,0.0007927070947284,0.0055489496630994,0.0051525961157352,0.0003963535473642,0.0146650812524771,0.0099088386841062,0.0047562425683709,0.0210067380103051,0.0047562425683709,0.0162504954419342,0.0325009908838683,0.0083234244946492,0.0241775663892191,0.0023781212841854,0.0011890606420927,0.0011890606420927,0.0075307173999206,0.0043598890210067,0.0031708283789139,0.0281411018628616,0.0277447483154974,0.0003963535473642,0.0023781212841854,0.0,0.0023781212841854,0.0039635354736423,0.0031708283789139,0.0007927070947284,0.0110978993261989,0.0019817677368212,0.0091161315893777,0.0067380103051921,0.0023781212841854,0.0043598890210067,816
2021-05-01,2021,5,1911,568,1343,44,31,13,33,3,30,9,4,5,143,98,45,26,23,3,20,18,2,0,0,0,520,59,461,114,109,5,21,18,3,76,56,20,81,26,55,90,12,78,4,3,1,15,13,2,61,58,3,9,3,6,10,10,0,20,6,14,17,6,11,0.5901791229153798,0.1754169240271772,0.4147621988882026,0.0135886349598517,0.009573810994441,0.0040148239654107,0.010191476219888801,0.0009264978381717,0.0092649783817171,0.0027794935145151,0.0012353304508956,0.0015441630636195,0.0441630636195181,0.0302655960469425,0.0138974675725756,0.0080296479308214,0.0071031500926497,0.0009264978381717,0.006176652254478,0.0055589870290302,0.0006176652254478,0.0,0.0,0.0,0.1605929586164298,0.0182211241507103,0.1423718344657195,0.0352069178505249,0.0336627547869054,0.0015441630636195,0.006485484867201899,0.0055589870290302,0.0009264978381717,0.0234712785670166,0.0172946263125386,0.006176652254478,0.0250154416306361,0.0080296479308214,0.0169857936998147,0.0277949351451512,0.0037059913526868,0.0240889437924644,0.0012353304508956,0.0009264978381717,0.0003088326127239,0.0046324891908585,0.0040148239654107,0.0006176652254478,0.0188387893761581,0.0179122915379864,0.0009264978381717,0.0027794935145151,0.0009264978381717,0.0018529956763434,0.003088326127239,0.003088326127239,0.0,0.006176652254478,0.0018529956763434,0.0043236565781346,0.0052501544163063,0.0018529956763434,0.0033971587399629,1109
2021-06-01,2021,6,1627,505,1122,36,24,12,47,8,39,5,2,3,112,61,51,28,20,8,9,7,2,0,0,0,336,58,278,53,49,4,14,14,0,63,43,20,89,41,48,70,9,61,3,0,3,27,14,13,74,68,6,3,1,2,12,10,2,14,3,11,31,16,15,0.6146581035134113,0.1907820173781639,0.4238760861352474,0.013600302228938401,0.0090668681526256,0.0045334340763128,0.0177559501322251,0.0030222893842085,0.0147336607480166,0.0018889308651303,0.0007555723460521,0.0011333585190782,0.042312051378919496,0.0230449565545901,0.0192670948243294,0.010578012844729801,0.0075557234605213,0.0030222893842085,0.0034000755572345,0.0026445032111824,0.0007555723460521,0.0,0.0,0.0,0.1269361541367586,0.0219115980355119,0.1050245561012467,0.0200226671703814,0.0185115224782772,0.0015111446921042,0.0052890064223649,0.0052890064223649,0.0,0.023800528900642097,0.0162448054401208,0.0075557234605213,0.0336229693993199,0.0154892330940687,0.0181337363052512,0.026445032111824703,0.0034000755572346,0.0230449565545901,0.0011333585190782,0.0,0.0011333585190782,0.0102002266717037,0.0052890064223649,0.0049112202493388,0.0279561768039289,0.0256894597657725,0.0022667170381564,0.0011333585190781,0.000377786173026,0.0007555723460521,0.0045334340763126995,0.0037778617302606,0.0007555723460521,0.0052890064223649,0.0011333585190782,0.0041556479032867,0.011711371363808,0.006044578768417,0.005666792595391,935
2021-07-01,2021,7,1829,607,1222,23,14,9,52,11,41,2,1,1,167,108,59,38,27,11,12,10,2,1,1,0,239,45,194,72,69,3,23,23,0,80,56,24,85,34,51,37,5,32,8,4,4,48,32,16,47,37,10,11,4,7,12,10,2,30,6,24,22,10,12,0.6495028409090908,0.2155539772727272,0.4339488636363636,0.008167613636363601,0.0049715909090909,0.0031960227272727,0.018465909090908998,0.00390625,0.014559659090909,0.0007102272727272,0.0003551136363636,0.0003551136363636,0.059303977272727196,0.0383522727272727,0.0209517045454545,0.0134943181818181,0.0095880681818181,0.00390625,0.0042613636363635,0.0035511363636363,0.0007102272727272,0.0003551136363636,0.0003551136363636,0.0,0.084872159090909,0.0159801136363636,0.0688920454545454,0.025568181818181802,0.0245028409090909,0.0010653409090909,0.0081676136363636,0.0081676136363636,0.0,0.0284090909090908,0.0198863636363636,0.0085227272727272,0.030184659090908998,0.0120738636363636,0.0181107954545454,0.0131392045454544,0.0017755681818181,0.0113636363636363,0.002840909090909,0.0014204545454545,0.0014204545454545,0.0170454545454544,0.0113636363636363,0.0056818181818181,0.0166903409090908,0.0131392045454545,0.0035511363636363,0.0039062499999999,0.0014204545454545,0.0024857954545454,0.0042613636363635,0.0035511363636363,0.0007102272727272,0.010653409090908998,0.0021306818181818,0.0085227272727272,0.007812499999999899,0.0035511363636363,0.0042613636363636,1098
2021-08-01,2021,8,1752,574,1178,16,12,4,69,8,61,1,0,1,119,84,35,40,27,13,4,3,1,0,0,0,262,46,216,53,53,0,15,13,2,67,45,22,79,39,40,20,1,19,1,0,1,51,35,16,69,57,12,11,3,8,13,10,3,18,8,10,40,24,16,0.6527570789865871,0.213859910581222,0.4388971684053651,0.0059612518628912,0.0044709388971684,0.0014903129657228,0.025707898658718302,0.0029806259314456,0.0227272727272727,0.0003725782414307,0.0,0.0003725782414307,0.0443368107302533,0.0312965722801788,0.0130402384500745,0.014903129657227999,0.0100596125186289,0.0048435171385991,0.0014903129657228,0.0011177347242921,0.0003725782414307,0.0,0.0,0.0,0.09761549925484339,0.0171385991058122,0.0804769001490312,0.0197466467958271,0.0197466467958271,0.0,0.0055886736214605,0.0048435171385991,0.0007451564828614,0.0249627421758569,0.0167660208643815,0.0081967213114754,0.0294336810730253,0.0145305514157973,0.014903129657228,0.007451564828614,0.0003725782414307,0.0070789865871833,0.0003725782414307,0.0,0.0003725782414307,0.019001490312965698,0.0130402384500745,0.0059612518628912,0.0257078986587183,0.0212369597615499,0.0044709388971684,0.0040983606557377,0.0011177347242921,0.0029806259314456,0.0048435171385991,0.003725782414307,0.0011177347242921,0.006706408345752601,0.0029806259314456,0.003725782414307,0.014903129657228,0.0089418777943368,0.0059612518628912,1030
2021-09-01,2021,9,1589,527,1062,11,8,3,67,9,58,2,1,1,127,85,42,22,13,9,4,4,0,0,0,0,146,25,121,89,88,1,16,14,2,59,31,28,125,60,65,6,1,5,8,2,6,43,35,8,32,25,7,5,4,1,10,7,3,25,5,20,30,13,17,0.6604322527015793,0.2190357439733998,0.4413965087281795,0.0045719035743972,0.0033250207813798,0.0012468827930174,0.0278470490440564,0.0037406483790523,0.0241064006650041,0.0008312551953448,0.0004156275976724,0.0004156275976724,0.052784704904405504,0.0353283458021612,0.0174563591022443,0.0091438071487946,0.0054031587697423,0.0037406483790523,0.0016625103906899,0.0016625103906899,0.0,0.0,0.0,0.0,0.0606816292601828,0.0103906899418121,0.0502909393183707,0.0369908561928511,0.0365752285951787,0.0004156275976724,0.0066500415627596,0.0058187863674147,0.0008312551953449,0.0245220282626765,0.012884455527847,0.0116375727348295,0.0519534497090606,0.0249376558603491,0.0270157938487115,0.0024937655860348,0.0004156275976724,0.0020781379883624,0.0033250207813798,0.0008312551953449,0.0024937655860349,0.0178719866999167,0.0145469659185369,0.0033250207813798,0.013300083125519401,0.0103906899418121,0.0029093931837073,0.0020781379883623,0.0016625103906899,0.0004156275976724,0.0041562759767247,0.0029093931837073,0.0012468827930174,0.0103906899418121,0.0020781379883624,0.0083125519534497,0.0124688279301745,0.0054031587697423,0.0070656691604322,947
2021-10-01,2021,10,1466,440,1026,9,7,2,44,6,38,4,2,2,76,46,30,30,26,4,6,5,1,0,0,0,274,99,175,79,74,5,24,24,0,39,20,19,59,26,33,7,4,3,7,3,4,36,29,7,71,67,4,3,0,3,6,5,1,27,14,13,21,12,9,0.6412948381452317,0.1924759405074365,0.4488188976377952,0.0039370078740156005,0.0030621172353455,0.0008748906386701,0.019247594050743503,0.0026246719160104,0.0166229221347331,0.0017497812773402,0.0008748906386701,0.0008748906386701,0.033245844269466196,0.0201224846894138,0.0131233595800524,0.013123359580052401,0.0113735783027121,0.0017497812773403,0.0026246719160104,0.0021872265966754,0.000437445319335,0.0,0.0,0.0,0.1198600174978127,0.0433070866141732,0.0765529308836395,0.034558180227471494,0.0323709536307961,0.0021872265966754,0.0104986876640419,0.0104986876640419,0.0,0.017060367454068102,0.0087489063867016,0.0083114610673665,0.0258092738407698,0.0113735783027121,0.0144356955380577,0.0030621172353455,0.0017497812773403,0.0013123359580052,0.0030621172353455,0.0013123359580052,0.0017497812773403,0.0157480314960629,0.0126859142607174,0.0030621172353455,0.0310586176727908,0.0293088363954505,0.0017497812773403,0.0013123359580052,0.0,0.0013123359580052,0.0026246719160104,0.0021872265966754,0.000437445319335,0.0118110236220471,0.0061242344706911,0.005686789151356,0.0091863517060366,0.0052493438320209,0.0039370078740157,893
2021-11-01,2021,11,1326,482,844,8,6,2,40,9,31,4,4,0,95,67,28,18,17,1,4,4,0,1,1,0,135,30,105,183,169,14,11,10,1,27,22,5,38,18,20,7,2,5,10,7,3,79,65,14,49,46,3,1,0,1,7,4,3,14,1,13,15,10,5,0.6390361445783133,0.232289156626506,0.4067469879518072,0.0038554216867468997,0.0028915662650602,0.0009638554216867,0.0192771084337348,0.0043373493975903,0.0149397590361445,0.0019277108433734,0.0019277108433734,0.0,0.045783132530120396,0.032289156626506,0.0134939759036144,0.0086746987951806,0.0081927710843373,0.0004819277108433,0.0019277108433734,0.0019277108433734,0.0,0.0004819277108433,0.0004819277108433,0.0,0.0650602409638554,0.0144578313253012,0.0506024096385542,0.0881927710843373,0.0814457831325301,0.0067469879518072,0.005301204819277,0.0048192771084337,0.0004819277108433,0.013012048192770999,0.0106024096385542,0.0024096385542168,0.0183132530120481,0.0086746987951807,0.0096385542168674,0.0033734939759035,0.0009638554216867,0.0024096385542168,0.0048192771084337,0.0033734939759036,0.0014457831325301,0.0380722891566264,0.0313253012048192,0.0067469879518072,0.0236144578313252,0.0221686746987951,0.0014457831325301,0.0004819277108433,0.0,0.0004819277108433,0.0033734939759035,0.0019277108433734,0.0014457831325301,0.0067469879518071004,0.0004819277108433,0.0062650602409638,0.007228915662650499,0.0048192771084337,0.0024096385542168,963
2021-12-01,2021,12,1387,474,913,7,5,2,45,5,40,5,4,1,82,40,42,23,15,8,7,4,3,0,0,0,132,19,113,270,250,20,10,10,0,29,19,10,44,21,23,12,2,10,8,5,3,31,17,14,29,27,2,1,0,1,6,5,1,29,10,19,15,8,7,0.6406466512702077,0.2189376443418013,0.4217090069284064,0.0032332563510391998,0.0023094688221709,0.0009237875288683,0.020785219399538098,0.0023094688221709,0.0184757505773672,0.0023094688221708,0.0018475750577367,0.0004618937644341,0.037875288683602695,0.0184757505773672,0.0193995381062355,0.0106235565819861,0.0069284064665127,0.0036951501154734,0.0032332563510391998,0.0018475750577367,0.0013856812933025,0.0,0.0,0.0,0.060969976905311696,0.0087759815242494,0.0521939953810623,0.1247113163972286,0.115473441108545,0.0092378752886836,0.0046189376443418,0.0046189376443418,0.0,0.013394919168591198,0.0087759815242494,0.0046189376443418,0.0203233256351038,0.0096997690531177,0.0106235565819861,0.005542725173210099,0.0009237875288683,0.0046189376443418,0.0036951501154734,0.0023094688221709,0.0013856812933025,0.0143187066974595,0.007852193995381,0.0064665127020785,0.013394919168591101,0.0124711316397228,0.0009237875288683,0.0004618937644341,0.0,0.0004618937644341,0.0027713625866049997,0.0023094688221709,0.0004618937644341,0.013394919168591198,0.0046189376443418,0.0087759815242494,0.0069284064665126,0.0036951501154734,0.0032332563510392,931
2022-01-01,2022,1,1309,317,992,8,5,3,45,3,42,4,2,2,107,69,38,40,28,12,9,3,6,1,1,0,259,42,217,174,169,5,55,51,4,45,25,20,50,23,27,19,5,14,5,2,3,37,25,12,17,13,4,3,0,3,11,9,2,29,6,23,15,5,10,0.5893741557856821,0.1427285006753714,0.4466456551103107,0.0036019810895992,0.0022512381809995,0.0013507429085997,0.0202611436289959,0.0013507429085997,0.0189104007203962,0.0018009905447996,0.0009004952723998,0.0009004952723998,0.0481764970733902,0.0310670868977937,0.0171094101755965,0.0180099054479963,0.0126069338135974,0.0054029716343989,0.0040522287257991,0.0013507429085997,0.0027014858171994,0.0004502476361999,0.0004502476361999,0.0,0.11661413777577659,0.0189104007203962,0.0977037370553804,0.0783430886987842,0.0760918505177847,0.0022512381809995,0.024763619990995,0.0229626294461954,0.0018009905447996,0.0202611436289958,0.0112561909049977,0.0090049527239981,0.0225123818099954,0.0103556956325979,0.0121566861773975,0.0085547050877982,0.0022512381809995,0.0063034669067987,0.0022512381809995,0.0009004952723998,0.0013507429085997,0.0166591625393966,0.0112561909049977,0.0054029716343989,0.0076542098153984,0.0058532192705988,0.0018009905447996,0.0013507429085997,0.0,0.0013507429085997,0.0049527239981989,0.0040522287257991,0.0009004952723998,0.0130571814497973,0.0027014858171994,0.0103556956325979,0.0067537145429985,0.0022512381809995,0.004502476361999,790
2022-02-01,2022,2,1402,442,960,13,11,2,71,13,58,0,0,0,182,117,65,28,18,10,7,4,3,0,0,0,117,26,91,91,89,2,23,22,1,51,29,22,47,20,27,7,3,4,9,8,1,82,66,16,44,43,1,4,1,3,13,12,1,20,3,17,28,19,9,0.6306792622582096,0.1988304093567251,0.4318488529014845,0.0058479532163742,0.0049482681061628,0.0008996851102114,0.0319388214125055,0.0058479532163742,0.0260908681961313,0.0,0.0,0.0,0.08187134502923969,0.0526315789473684,0.0292397660818713,0.012595591542959899,0.0080971659919028,0.0044984255510571,0.0031488978857399,0.0017993702204228,0.0013495276653171,0.0,0.0,0.0,0.05263157894736829,0.0116959064327485,0.0409356725146198,0.0409356725146198,0.0400359874044084,0.0008996851102114,0.0103463787674313,0.0098965362123256,0.0004498425551057,0.0229419703103912,0.0130454340980656,0.0098965362123256,0.0211426000899684,0.0089968511021142,0.0121457489878542,0.0031488978857399,0.0013495276653171,0.0017993702204228,0.0040485829959514,0.0035987404408457,0.0004498425551057,0.0368870895186684,0.029689608636977,0.0071974808816914,0.0197930724246513,0.0193432298695456,0.0004498425551057,0.0017993702204228,0.0004498425551057,0.0013495276653171,0.0058479532163742,0.0053981106612685,0.0004498425551057,0.008996851102114201,0.0013495276653171,0.0076473234367971,0.012595591542959899,0.0085470085470085,0.0040485829959514,933
2022-03-01,2022,3,1543,549,994,17,13,4,51,7,44,3,3,0,200,159,41,30,27,3,2,1,1,0,0,0,118,25,93,176,168,8,39,37,2,60,41,19,58,29,29,11,4,7,8,5,3,29,19,10,47,42,5,1,0,1,7,5,2,23,2,21,32,12,20,0.6344572368421052,0.2257401315789473,0.4087171052631579,0.0069901315789473,0.0053453947368421,0.0016447368421052,0.020970394736841997,0.0028782894736842,0.0180921052631578,0.0012335526315789,0.0012335526315789,0.0,0.0822368421052631,0.0653782894736842,0.0168585526315789,0.012335526315789401,0.0111019736842105,0.0012335526315789,0.0008223684210526,0.0004111842105263,0.0004111842105263,0.0,0.0,0.0,0.0485197368421051,0.0102796052631578,0.0382401315789473,0.0723684210526315,0.069078947368421,0.0032894736842105,0.0160361842105262,0.0152138157894736,0.0008223684210526,0.0246710526315789,0.0168585526315789,0.0078125,0.0238486842105262,0.0119243421052631,0.0119243421052631,0.0045230263157894,0.0016447368421052,0.0028782894736842,0.0032894736842104,0.0020559210526315,0.0012335526315789,0.011924342105263101,0.0078125,0.0041118421052631,0.019325657894736697,0.0172697368421052,0.0020559210526315,0.0004111842105263,0.0,0.0004111842105263,0.0028782894736840998,0.0020559210526315,0.0008223684210526,0.009457236842105199,0.0008223684210526,0.0086348684210526,0.013157894736842,0.0049342105263157,0.0082236842105263,1126
2022-04-01,2022,4,1434,598,836,11,9,2,40,6,34,1,1,0,176,139,37,36,25,11,3,2,1,0,0,0,90,30,60,500,476,24,53,48,5,50,36,14,47,19,28,3,0,3,6,5,1,20,13,7,58,51,7,1,1,0,14,11,3,23,11,12,21,11,10,0.5586287495130502,0.2329567588624854,0.3256719906505648,0.0042851577717179,0.0035060381768601,0.0007791195948578,0.0155823918971561,0.0023373587845734,0.0132450331125827,0.0003895597974289,0.0003895597974289,0.0,0.0685625243474872,0.0541488118426178,0.0144137125048694,0.0140241527074405,0.0097389949357226,0.0042851577717179,0.0011686793922866998,0.0007791195948578,0.0003895597974289,0.0,0.0,0.0,0.0350603817686014,0.0116867939228671,0.0233735878457343,0.1947798987144526,0.1854304635761589,0.0093494351382937,0.0206466692637319,0.0186988702765874,0.0019477989871445,0.0194779898714451,0.0140241527074405,0.0054538371640046,0.0183093104791585,0.0074016361511492,0.0109076743280093,0.0011686793922867,0.0,0.0011686793922867,0.0023373587845734,0.0019477989871445,0.0003895597974289,0.007791195948578,0.0050642773665757,0.0027269185820023,0.0225944682508764,0.0198675496688741,0.0027269185820023,0.0003895597974289,0.0003895597974289,0.0,0.0054538371640046,0.0042851577717179,0.0011686793922867,0.0089598753408647,0.0042851577717179,0.0046747175691468,0.0081807557460069,0.0042851577717179,0.003895597974289,1477
2022-05-01,2022,5,1467,555,912,12,9,3,45,10,35,3,3,0,105,66,39,20,15,5,5,4,1,1,0,1,155,40,115,1217,1138,79,107,100,7,60,41,19,96,33,63,10,3,7,14,13,1,26,14,12,17,16,1,1,1,0,6,5,1,23,9,14,68,54,14,0.4244791666666667,0.1605902777777778,0.2638888888888889,0.0034722222222221,0.0026041666666666,0.0008680555555555,0.013020833333333301,0.0028935185185185,0.0101273148148148,0.0008680555555555,0.0008680555555555,0.0,0.0303819444444444,0.0190972222222222,0.0112847222222222,0.0057870370370369,0.0043402777777777,0.0014467592592592,0.0014467592592592,0.0011574074074074,0.0002893518518518,0.0002893518518518,0.0,0.0002893518518518,0.0448495370370369,0.011574074074074,0.0332754629629629,0.3521412037037036,0.3292824074074074,0.0228587962962962,0.030960648148147998,0.0289351851851851,0.0020254629629629,0.017361111111111,0.0118634259259259,0.0054976851851851,0.0277777777777777,0.0095486111111111,0.0182291666666666,0.0028935185185184,0.0008680555555555,0.0020254629629629,0.0040509259259258,0.003761574074074,0.0002893518518518,0.0075231481481481,0.0040509259259259,0.0034722222222222,0.0049189814814814,0.0046296296296296,0.0002893518518518,0.0002893518518518,0.0002893518518518,0.0,0.001736111111111,0.0014467592592592,0.0002893518518518,0.0066550925925925,0.0026041666666666,0.0040509259259259,0.0196759259259259,0.015625,0.0040509259259259,2120
2022-06-01,2022,6,1618,487,1131,7,4,3,71,16,55,1,0,1,137,79,58,67,54,13,3,2,1,0,0,0,183,47,136,131,122,9,21,20,1,73,47,26,109,49,60,2,1,1,4,3,1,48,27,21,70,60,10,5,1,4,11,7,4,40,5,35,29,5,24,0.6281055900621118,0.1890527950310559,0.4390527950310559,0.0027173913043478,0.0015527950310559,0.0011645962732919,0.0275621118012422,0.0062111801242236,0.0213509316770186,0.0003881987577639,0.0,0.0003881987577639,0.0531832298136645,0.030667701863354,0.0225155279503105,0.0260093167701862,0.0209627329192546,0.0050465838509316,0.0011645962732918,0.0007763975155279,0.0003881987577639,0.0,0.0,0.0,0.0710403726708074,0.0182453416149068,0.0527950310559006,0.0508540372670806,0.0473602484472049,0.0034937888198757,0.0081521739130434,0.0077639751552795,0.0003881987577639,0.0283385093167701,0.0182453416149068,0.0100931677018633,0.0423136645962732,0.0190217391304347,0.0232919254658385,0.0007763975155278,0.0003881987577639,0.0003881987577639,0.0015527950310558,0.0011645962732919,0.0003881987577639,0.0186335403726707,0.0104813664596273,0.0081521739130434,0.0271739130434782,0.0232919254658385,0.0038819875776397,0.0019409937888198,0.0003881987577639,0.0015527950310559,0.0042701863354037,0.0027173913043478,0.0015527950310559,0.0155279503105589,0.0019409937888198,0.0135869565217391,0.0112577639751552,0.0019409937888198,0.0093167701863354,993
2022-07-01,2022,7,1534,515,1019,12,7,5,52,6,46,1,1,0,161,106,55,91,68,23,6,2,4,1,1,0,202,62,140,111,107,4,9,9,0,88,56,32,166,72,94,13,3,10,6,3,3,36,23,13,68,61,7,9,3,6,3,2,1,32,4,28,17,8,9,0.6041748719968492,0.2028357621110673,0.4013391098857818,0.0047262701851121,0.0027569909413154,0.0019692792437967,0.0204805041354863,0.0023631350925561,0.0181173690429302,0.0003938558487593,0.0003938558487593,0.0,0.0634107916502559,0.0417487199684915,0.0216620716817644,0.0358408822371011,0.026782197715636,0.0090586845214651,0.0023631350925561,0.0007877116975187,0.0015754233950374,0.0003938558487593,0.0003938558487593,0.0,0.0795588814493894,0.0244190626230799,0.0551398188263095,0.0437179992122882,0.0421425758172508,0.0015754233950374,0.0035447026388341,0.0035447026388341,0.0,0.034659314690823104,0.0220559275305238,0.0126033871602993,0.0653800708940526,0.0283576211106734,0.0370224497833792,0.0051201260338715,0.001181567546278,0.0039385584875935,0.002363135092556,0.001181567546278,0.001181567546278,0.0141788105553367,0.0090586845214651,0.0051201260338716,0.026782197715635902,0.0240252067743205,0.0027569909413154,0.0035447026388341,0.001181567546278,0.0023631350925561,0.001181567546278,0.0007877116975187,0.0003938558487593,0.0126033871602993,0.0015754233950374,0.0110279637652619,0.0066955494289089,0.0031508467900748,0.0035447026388341,1059
2022-08-01,2022,8,1494,500,994,19,16,3,61,9,52,1,0,1,163,110,53,49,39,10,5,2,3,1,1,0,170,53,117,193,186,7,24,22,2,60,44,16,138,72,66,4,1,3,10,6,4,35,23,12,38,35,3,6,3,3,7,3,4,23,5,18,25,6,19,0.6002410606669345,0.2008838891120932,0.3993571715548413,0.0076335877862594,0.0064282844515869,0.0012053033346725,0.024507834471675198,0.0036159100040176,0.0208919244676576,0.0004017677782241,0.0,0.0004017677782241,0.0654881478505423,0.0441944556046605,0.0212936922458818,0.019686621132985,0.0156689433507432,0.0040176777822418,0.0020088388911208,0.0008035355564483,0.0012053033346725,0.0004017677782241,0.0004017677782241,0.0,0.06830052229811161,0.0212936922458818,0.0470068300522298,0.0775411811972679,0.0747288067496986,0.0028123744475693,0.009642426677380399,0.0088388911209321,0.0008035355564483,0.024106066693451098,0.0176777822418642,0.0064282844515869,0.0554439533949377,0.0289272800321414,0.0265166733627963,0.0016070711128966,0.0004017677782241,0.0012053033346725,0.0040176777822418,0.0024106066693451,0.0016070711128967,0.0140618722378464,0.0092406588991562,0.0048212133386902,0.015267175572519,0.0140618722378465,0.0012053033346725,0.002410606669345,0.0012053033346725,0.0012053033346725,0.0028123744475692,0.0012053033346725,0.0016070711128967,0.0092406588991562,0.0020088388911209,0.0072318200080353,0.0100441944556046,0.0024106066693451,0.0076335877862595,1105
2022-09-01,2022,9,1380,456,924,16,12,4,44,11,33,4,2,2,126,89,37,39,31,8,2,2,0,2,1,1,161,55,106,172,154,18,20,18,2,77,45,32,120,67,53,3,0,3,14,9,5,21,17,4,30,26,4,3,0,3,11,9,2,15,1,14,17,6,11,0.6119733924611973,0.2022172949002217,0.4097560975609756,0.0070953436807094,0.0053215077605321,0.0017738359201773,0.0195121951219512,0.0048780487804878,0.0146341463414634,0.0017738359201772,0.0008869179600886,0.0008869179600886,0.055875831485587404,0.0394678492239467,0.0164079822616407,0.0172949002217294,0.0137472283813747,0.0035476718403547,0.0008869179600886,0.0008869179600886,0.0,0.0008869179600886,0.0004434589800443,0.0004434589800443,0.0713968957871396,0.024390243902439,0.0470066518847006,0.0762749445676274,0.0682926829268292,0.0079822616407982,0.0088691796008868,0.0079822616407982,0.0008869179600886,0.0341463414634145,0.0199556541019955,0.014190687361419,0.053215077605321404,0.0297117516629711,0.0235033259423503,0.001330376940133,0.0,0.001330376940133,0.0062084257206208,0.0039911308203991,0.0022172949002217,0.0093126385809311,0.0075388026607538,0.0017738359201773,0.0133037694013302,0.0115299334811529,0.0017738359201773,0.001330376940133,0.0,0.001330376940133,0.0048780487804877,0.0039911308203991,0.0008869179600886,0.0066518847006651,0.0004434589800443,0.0062084257206208,0.0075388026607538,0.002660753880266,0.0048780487804878,991
2022-10-01,2022,10,1106,357,749,9,6,3,35,3,32,2,2,0,53,39,14,11,7,4,8,6,2,0,0,0,138,67,71,376,350,26,37,36,1,37,18,19,24,10,14,3,1,2,3,3,0,5,4,1,28,27,1,0,0,0,8,6,2,23,7,16,8,2,6,0.5805774278215223,0.1874015748031496,0.3931758530183727,0.0047244094488187,0.0031496062992125,0.0015748031496062,0.0183727034120733,0.0015748031496062,0.0167979002624671,0.0010498687664041,0.0010498687664041,0.0,0.0278215223097111,0.0204724409448818,0.0073490813648293,0.0057742782152229,0.0036745406824146,0.0020997375328083,0.0041994750656166,0.0031496062992125,0.0010498687664041,0.0,0.0,0.0,0.0724409448818896,0.0351706036745406,0.037270341207349,0.19737532808398942,0.1837270341207349,0.0136482939632545,0.0194225721784775,0.0188976377952755,0.000524934383202,0.0194225721784775,0.0094488188976377,0.0099737532808398,0.0125984251968502,0.0052493438320209,0.0073490813648293,0.0015748031496061,0.000524934383202,0.0010498687664041,0.0015748031496062,0.0015748031496062,0.0,0.0026246719160103,0.0020997375328083,0.000524934383202,0.014698162729658602,0.0141732283464566,0.000524934383202,0.0,0.0,0.0,0.0041994750656166,0.0031496062992125,0.0010498687664041,0.0120734908136481,0.0036745406824146,0.0083989501312335,0.0041994750656166,0.0010498687664041,0.0031496062992125,946
2022-11-01,2022,11,1315,465,850,15,11,4,27,15,12,5,4,1,75,46,29,14,14,0,5,3,2,0,0,0,105,58,47,1008,895,113,117,113,4,37,26,11,33,16,17,2,2,0,13,9,4,17,14,3,19,18,1,1,1,0,5,5,0,16,8,8,28,22,6,0.4617275280898876,0.1632724719101123,0.2984550561797753,0.0052668539325841,0.0038623595505617,0.0014044943820224,0.009480337078651601,0.0052668539325842,0.0042134831460674,0.001755617977528,0.0014044943820224,0.0003511235955056,0.0263342696629213,0.0161516853932584,0.0101825842696629,0.0049157303370786,0.0049157303370786,0.0,0.001755617977528,0.0010533707865168,0.0007022471910112,0.0,0.0,0.0,0.0368679775280898,0.0203651685393258,0.016502808988764,0.3539325842696629,0.3142556179775281,0.0396769662921348,0.041081460674157196,0.0396769662921348,0.0014044943820224,0.0129915730337077,0.009129213483146,0.0038623595505617,0.0115870786516853,0.0056179775280898,0.0059691011235955,0.0007022471910112,0.0007022471910112,0.0,0.0045646067415729,0.0031601123595505,0.0014044943820224,0.0059691011235954005,0.0049157303370786,0.0010533707865168,0.0066713483146067,0.0063202247191011,0.0003511235955056,0.0003511235955056,0.0003511235955056,0.0,0.001755617977528,0.001755617977528,0.0,0.0056179775280898,0.0028089887640449,0.0028089887640449,0.009831460674157199,0.0077247191011235,0.0021067415730337,1734
2022-12-01,2022,12,1621,596,1025,25,15,10,52,6,46,5,4,1,205,136,69,33,27,6,8,4,4,1,0,1,92,27,65,287,268,19,12,11,1,72,51,21,52,27,25,4,2,2,3,2,1,41,24,17,41,35,6,4,0,4,3,2,1,20,8,12,22,14,8,0.6263523956723338,0.2302936630602782,0.3960587326120556,0.0096599690880988,0.0057959814528593,0.0038639876352395,0.020092735703245698,0.0023183925811437,0.017774343122102,0.0019319938176197,0.0015455950540958,0.0003863987635239,0.0792117465224111,0.0525502318392581,0.026661514683153,0.0127511591962905,0.0104327666151468,0.0023183925811437,0.0030911901081916,0.0015455950540958,0.0015455950540958,0.0003863987635239,0.0,0.0003863987635239,0.035548686244203896,0.0104327666151468,0.0251159196290571,0.1108964451313755,0.1035548686244204,0.0073415765069551,0.0046367851622874,0.0042503863987635,0.0003863987635239,0.027820710973724704,0.0197063369397217,0.008114374034003,0.020092735703245698,0.0104327666151468,0.0096599690880989,0.0015455950540958,0.0007727975270479,0.0007727975270479,0.0011591962905718,0.0007727975270479,0.0003863987635239,0.015842349304482098,0.0092735703245749,0.0065687789799072,0.015842349304482098,0.0135239567233384,0.0023183925811437,0.0015455950540958,0.0,0.0015455950540958,0.0011591962905718,0.0007727975270479,0.0003863987635239,0.007727975270479,0.0030911901081916,0.0046367851622874,0.0085007727975269,0.0054095826893353,0.0030911901081916,1242
2023-01-01,2023,1,1866,711,1155,7,6,1,60,9,51,1,1,0,121,105,16,48,34,14,4,1,3,0,0,0,190,44,146,252,244,8,5,5,0,97,62,35,43,16,27,2,0,2,0,0,0,17,14,3,38,33,5,1,0,1,4,4,0,22,7,15,7,2,5,0.6726748377793799,0.2563085796683489,0.416366258111031,0.0025234318673394004,0.0021629416005767,0.0003604902667627,0.0216294160057677,0.0032444124008651,0.0183850036049026,0.0003604902667627,0.0003604902667627,0.0,0.0436193222782984,0.0378514780100937,0.0057678442682047,0.0173035328046142,0.0122566690699351,0.0050468637346791,0.001441961067051,0.0003604902667627,0.0010814708002883,0.0,0.0,0.0,0.06849315068493139,0.015861571737563,0.0526315789473684,0.0908435472242248,0.0879596250901225,0.0028839221341023,0.0018024513338139,0.0018024513338139,0.0,0.0349675558759913,0.0223503965392934,0.0126171593366979,0.0155010814708002,0.0057678442682047,0.0097332372025955,0.0007209805335255,0.0,0.0007209805335255,0.0,0.0,0.0,0.0061283345349674,0.0050468637346791,0.0010814708002883,0.0136986301369862,0.0118961788031723,0.0018024513338139,0.0003604902667627,0.0,0.0003604902667627,0.0014419610670511,0.0014419610670511,0.0,0.0079307858687814,0.0025234318673395,0.0054073540014419,0.0025234318673394,0.0007209805335255,0.0018024513338139,1280
2023-02-01,2023,2,1689,655,1034,7,5,2,77,17,60,1,1,0,154,120,34,40,31,9,1,1,0,0,0,0,60,23,37,153,147,6,7,7,0,115,83,32,68,41,27,1,0,1,1,1,0,34,21,13,73,65,8,2,1,1,1,1,0,15,0,15,18,10,8,0.6788585209003215,0.2632636655948553,0.4155948553054662,0.0028135048231511,0.0020096463022508,0.0008038585209003,0.0309485530546623,0.0068327974276527,0.0241157556270096,0.0004019292604501,0.0004019292604501,0.0,0.0618971061093246,0.0482315112540192,0.0136655948553054,0.016077170418006298,0.0124598070739549,0.0036173633440514,0.0004019292604501,0.0004019292604501,0.0,0.0,0.0,0.0,0.024115755627009502,0.0092443729903536,0.0148713826366559,0.0614951768488745,0.0590836012861736,0.0024115755627009,0.0028135048231511,0.0028135048231511,0.0,0.0462218649517684,0.0333601286173633,0.0128617363344051,0.027331189710610798,0.0164790996784565,0.0108520900321543,0.0004019292604501,0.0,0.0004019292604501,0.0004019292604501,0.0004019292604501,0.0,0.0136655948553053,0.0084405144694533,0.005225080385852,0.0293408360128616,0.0261254019292604,0.0032154340836012,0.0008038585209002,0.0004019292604501,0.0004019292604501,0.0004019292604501,0.0004019292604501,0.0,0.0060289389067524,0.0,0.0060289389067524,0.007234726688102799,0.0040192926045016,0.0032154340836012,1210
2023-03-01,2023,3,1748,614,1134,7,7,0,64,25,39,3,2,1,104,75,29,37,29,8,2,0,2,1,1,0,54,17,37,261,245,16,19,17,2,87,69,18,79,42,37,3,3,0,3,2,1,36,32,4,28,21,7,1,0,1,3,2,1,16,6,10,18,12,6,0.687918142463597,0.2416371507280598,0.4462809917355372,0.0027548209366391,0.0027548209366391,0.0,0.025186934277843298,0.0098386462022825,0.0153482880755608,0.0011806375442739,0.0007870916961826,0.0003935458480913,0.0409287682014954,0.0295159386068477,0.0114128295946477,0.0145611963793781,0.0114128295946477,0.0031483667847304,0.0007870916961826,0.0,0.0007870916961826,0.0003935458480913,0.0003935458480913,0.0,0.0212514757969302,0.0066902794175521,0.0145611963793781,0.10271546635182989,0.0964187327823691,0.0062967335694608,0.0074773711137347005,0.0066902794175521,0.0007870916961826,0.0342384887839432,0.0271546635182998,0.0070838252656434,0.0310901219992128,0.0165289256198347,0.0145611963793781,0.0011806375442739,0.0011806375442739,0.0,0.0011806375442739,0.0007870916961826,0.0003935458480913,0.0141676505312868,0.0125934671389216,0.0015741833923652,0.0110192837465564,0.0082644628099173,0.0027548209366391,0.0003935458480913,0.0,0.0003935458480913,0.0011806375442739,0.0007870916961826,0.0003935458480913,0.0062967335694608,0.0023612750885478,0.003935458480913,0.0070838252656434,0.0047225501770956,0.0023612750885478,1196
2023-04-01,2023,4,1620,499,1121,5,2,3,58,13,45,1,0,1,98,60,38,48,37,11,0,0,0,0,0,0,110,19,91,147,136,11,12,12,0,89,65,24,48,27,21,1,0,1,2,1,1,26,21,5,17,16,1,0,0,0,6,5,1,24,7,17,27,15,12,0.7003891050583657,0.2157371379161262,0.4846519671422395,0.0021616947686985,0.0008646779074794,0.0012970168612191,0.0250756593169044,0.0056204063986165,0.0194552529182879,0.0004323389537397,0.0,0.0004323389537397,0.042369217466493705,0.0259403372243839,0.0164288802421098,0.020752269779507,0.01599654128837,0.004755728491137,0.0,0.0,0.0,0.0,0.0,0.0,0.0475572849113705,0.0082144401210549,0.0393428447903156,0.06355382619974051,0.0587980977086035,0.004755728491137,0.0051880674448767,0.0051880674448767,0.0,0.038478166882836,0.0281020319930825,0.0103761348897535,0.020752269779507,0.0116731517509727,0.0090791180285343,0.0004323389537397,0.0,0.0004323389537397,0.0008646779074794,0.0004323389537397,0.0004323389537397,0.0112408127972329,0.0090791180285343,0.0021616947686986,0.0073497622135754,0.0069174232598357,0.0004323389537397,0.0,0.0,0.0,0.0025940337224383,0.0021616947686986,0.0004323389537397,0.010376134889753499,0.0030263726761781,0.0073497622135754,0.0116731517509726,0.0064850843060959,0.0051880674448767,916
2023-05-01,2023,5,1963,624,1339,6,3,3,105,39,66,4,3,1,109,82,27,86,60,26,3,3,0,0,0,0,104,18,86,30,29,1,2,2,0,112,81,31,88,33,55,1,1,0,3,2,1,41,33,8,29,24,5,1,0,1,9,7,2,18,3,15,20,4,16,0.7321894815367399,0.2327489742633345,0.4994405072734054,0.0022379709063782,0.0011189854531891,0.0011189854531891,0.0391644908616187,0.0145468108914584,0.0246176799701603,0.0014919806042521001,0.0011189854531891,0.000372995151063,0.0406564714658708,0.0305856023871689,0.0100708690787019,0.032077582991421,0.0223797090637821,0.0096978739276389,0.0011189854531891,0.0011189854531891,0.0,0.0,0.0,0.0,0.0387914957105557,0.0067139127191346,0.0320775829914211,0.011189854531890999,0.010816859380828,0.000372995151063,0.000745990302126,0.000745990302126,0.0,0.04177545691906,0.0302126072361059,0.0115628496829541,0.032823573293547,0.0123088399850801,0.0205147333084669,0.000372995151063,0.000372995151063,0.0,0.001118985453189,0.000745990302126,0.000372995151063,0.0152928011935843,0.0123088399850801,0.0029839612085042,0.0108168593808279,0.0089518836255128,0.0018649757553151,0.000372995151063,0.0,0.000372995151063,0.0033569563595672,0.0026109660574412,0.000745990302126,0.006713912719134601,0.0011189854531891,0.0055949272659455,0.0074599030212606,0.0014919806042521,0.0059679224170085,1014
2023-06-01,2023,6,1613,431,1182,11,8,3,71,14,57,7,2,5,96,61,35,82,51,31,3,3,0,1,1,0,128,36,92,37,31,6,15,15,0,119,86,33,98,44,54,3,0,3,2,2,0,36,23,13,23,20,3,4,0,4,9,7,2,22,4,18,21,12,9,0.691977691977692,0.1848991848991849,0.5070785070785071,0.0047190047190045995,0.0034320034320034,0.0012870012870012,0.0304590304590304,0.006006006006006,0.0244530244530244,0.0030030030030029,0.0008580008580008,0.0021450021450021,0.0411840411840411,0.0261690261690261,0.015015015015015,0.035178035178035,0.0218790218790218,0.0132990132990132,0.0012870012870012,0.0012870012870012,0.0,0.0004290004290004,0.0004290004290004,0.0,0.0549120549120548,0.0154440154440154,0.0394680394680394,0.0158730158730157,0.0132990132990132,0.0025740025740025,0.0064350064350064,0.0064350064350064,0.0,0.0510510510510509,0.0368940368940368,0.0141570141570141,0.0420420420420419,0.0188760188760188,0.0231660231660231,0.0012870012870012,0.0,0.0012870012870012,0.0008580008580008,0.0008580008580008,0.0,0.0154440154440153,0.0098670098670098,0.0055770055770055,0.0098670098670097,0.0085800085800085,0.0012870012870012,0.0017160017160017,0.0,0.0017160017160017,0.0038610038610038,0.003003003003003,0.0008580008580008,0.0094380094380094,0.0017160017160017,0.0077220077220077,0.0090090090090089,0.0051480051480051,0.0038610038610038,808
2023-07-01,2023,7,1633,551,1082,7,5,2,124,20,104,5,2,3,99,68,31,60,40,20,2,1,1,1,0,1,140,36,104,24,23,1,11,10,1,106,64,42,82,30,52,0,0,0,2,0,2,26,16,10,42,40,2,5,0,5,7,3,4,21,3,18,25,8,17,0.6855583543240974,0.2313182199832074,0.45424013434089,0.0029387069689335,0.0020990764063811,0.0008396305625524,0.0520570948782535,0.0083963056255247,0.0436607892527288,0.0020990764063811,0.0008396305625524,0.0012594458438287,0.0415617128463475,0.0285474391267842,0.0130142737195633,0.0251889168765742,0.0167926112510495,0.0083963056255247,0.0008396305625524,0.0004198152812762,0.0004198152812762,0.0004198152812762,0.0,0.0004198152812762,0.058774139378673304,0.0151133501259445,0.0436607892527288,0.010075566750629601,0.0096557514693534,0.0004198152812762,0.0046179680940385,0.0041981528127623,0.0004198152812762,0.0445004198152812,0.0268681780016792,0.017632241813602,0.0344248530646515,0.0125944584382871,0.0218303946263644,0.0,0.0,0.0,0.0008396305625524,0.0,0.0008396305625524,0.0109151973131821,0.0067170445004198,0.0041981528127623,0.0176322418136019,0.0167926112510495,0.0008396305625524,0.0020990764063811,0.0,0.0020990764063811,0.0029387069689336,0.0012594458438287,0.0016792611251049,0.0088161209068009,0.0012594458438287,0.0075566750629722,0.0104953820319059,0.0033585222502099,0.007136859781696,896
2023-08-01,2023,8,1926,507,1419,6,5,1,98,23,75,0,0,0,123,93,30,71,46,25,3,2,1,1,1,0,131,35,96,51,47,4,13,13,0,128,71,57,65,27,38,3,1,2,2,2,0,24,14,10,21,20,1,0,0,0,7,5,2,20,4,16,15,5,10,0.7259705993215227,0.1911044101017715,0.5348661892197513,0.0022615906520919,0.0018846588767433,0.0003769317753486,0.036939313984168796,0.0086694308330192,0.0282698831511496,0.0,0.0,0.0,0.046362608367885305,0.0350546551074255,0.0113079532604598,0.026762156049754897,0.0173388616660384,0.0094232943837165,0.0011307953260458999,0.0007538635506973,0.0003769317753486,0.0003769317753486,0.0003769317753486,0.0,0.049378062570674605,0.0131926121372031,0.0361854504334715,0.019223520542781702,0.0177157934413871,0.0015077271013946,0.0049001130795326,0.0049001130795326,0.0,0.048247267244628605,0.0267621560497549,0.0214851111948737,0.0245005653976629,0.0101771579344138,0.0143234074632491,0.0011307953260458999,0.0003769317753486,0.0007538635506973,0.0007538635506973,0.0007538635506973,0.0,0.0090463626083678,0.0052770448548812,0.0037693177534866,0.0079155672823218,0.0075386355069732,0.0003769317753486,0.0,0.0,0.0,0.0026385224274405998,0.0018846588767433,0.0007538635506973,0.0075386355069731,0.0015077271013946,0.0060309084055785,0.005653976630229899,0.0018846588767433,0.0037693177534866,888
2023-09-01,2023,9,1593,522,1071,3,2,1,84,9,75,1,0,1,124,83,41,40,26,14,2,2,0,0,0,0,63,13,50,64,58,6,6,6,0,99,52,47,90,46,44,13,5,8,6,2,4,66,48,18,23,18,5,3,0,3,7,5,2,24,6,18,27,17,10,0.6878238341968911,0.2253886010362694,0.4624352331606217,0.0012953367875646999,0.0008635578583765,0.0004317789291882,0.0362694300518134,0.0038860103626943,0.0323834196891191,0.0004317789291882,0.0,0.0004317789291882,0.0535405872193436,0.0358376511226252,0.0177029360967184,0.0172711571675301,0.0112262521588946,0.0060449050086355,0.0008635578583765,0.0008635578583765,0.0,0.0,0.0,0.0,0.02720207253886,0.0056131260794473,0.0215889464594127,0.027633851468048302,0.0250431778929188,0.0025906735751295,0.0025906735751295,0.0025906735751295,0.0,0.0427461139896372,0.0224525043177892,0.020293609671848,0.0388601036269429,0.0198618307426597,0.0189982728842832,0.0056131260794472,0.0021588946459412,0.003454231433506,0.0025906735751295,0.0008635578583765,0.001727115716753,0.0284974093264248,0.0207253886010362,0.0077720207253886,0.0099309153713298,0.0077720207253886,0.0021588946459412,0.0012953367875647,0.0,0.0012953367875647,0.0030224525043177,0.0021588946459412,0.0008635578583765,0.0103626943005181,0.0025906735751295,0.0077720207253886,0.0116580310880828,0.0073402417962003,0.0043177892918825,905
2023-10-01,2023,10,1587,587,1000,7,6,1,53,10,43,0,0,0,113,73,40,44,33,11,4,3,1,0,0,0,104,48,56,54,51,3,11,11,0,73,44,29,63,26,37,17,10,7,9,5,4,25,20,5,25,22,3,6,3,3,2,1,1,49,29,20,49,36,13,0.6997354497354498,0.2588183421516755,0.4409171075837742,0.0030864197530863,0.0026455026455026,0.0004409171075837,0.023368606701939902,0.0044091710758377,0.0189594356261022,0.0,0.0,0.0,0.0498236331569664,0.0321869488536155,0.0176366843033509,0.019400352733686,0.0145502645502645,0.0048500881834215,0.001763668430335,0.0013227513227513,0.0004409171075837,0.0,0.0,0.0,0.0458553791887124,0.0211640211640211,0.0246913580246913,0.023809523809523697,0.0224867724867724,0.0013227513227513,0.0048500881834215,0.0048500881834215,0.0,0.0321869488536154,0.019400352733686,0.0127865961199294,0.0277777777777777,0.0114638447971781,0.0163139329805996,0.007495590828924099,0.0044091710758377,0.0030864197530864,0.0039682539682538,0.0022045855379188,0.001763668430335,0.0110229276895942,0.0088183421516754,0.0022045855379188,0.0110229276895943,0.009700176366843,0.0013227513227513,0.0026455026455026,0.0013227513227513,0.0013227513227513,0.0008818342151674,0.0004409171075837,0.0004409171075837,0.0216049382716048,0.0127865961199294,0.0088183421516754,0.0216049382716048,0.0158730158730158,0.005731922398589,995
2023-11-01,2023,11,1324,549,775,16,12,4,60,14,46,20,12,8,145,116,29,27,23,4,4,2,2,0,0,0,229,178,51,39,38,1,7,7,0,68,49,19,41,12,29,12,9,3,20,16,4,40,31,9,25,22,3,7,6,1,5,4,1,40,10,30,24,15,9,0.6192703461178672,0.2567820392890552,0.362488306828812,0.0074836295603366,0.0056127221702525,0.0018709073900841,0.0280636108512627,0.0065481758652946,0.0215154349859681,0.009354536950420801,0.0056127221702525,0.0037418147801683,0.0678203928905518,0.0542563143124415,0.0135640785781103,0.012628624883068101,0.010757717492984,0.0018709073900841,0.001870907390084,0.000935453695042,0.000935453695042,0.0,0.0,0.0,0.1071094480823199,0.0832553788587465,0.0238540692235734,0.0182413470533208,0.0177736202057998,0.000467726847521,0.0032740879326473,0.0032740879326473,0.0,0.0318054256314312,0.0229186155285313,0.0088868101028999,0.0191768007483628,0.0056127221702525,0.0135640785781103,0.0056127221702525,0.0042095416276894,0.0014031805425631,0.0093545369504208,0.0074836295603367,0.0018709073900841,0.0187090739008418,0.0144995322731524,0.0042095416276894,0.0116931711880261,0.010289990645463,0.0014031805425631,0.0032740879326472,0.0028063610851262,0.000467726847521,0.0023386342376051,0.0018709073900841,0.000467726847521,0.0187090739008418,0.0046772684752104,0.0140318054256314,0.011225444340505101,0.0070159027128157,0.0042095416276894,1106
2023-12-01,2023,12,1342,477,865,12,7,5,104,31,73,4,2,2,124,91,33,58,42,16,3,2,1,0,0,0,80,22,58,63,59,4,14,14,0,110,51,59,66,38,28,6,5,1,8,4,4,41,28,13,40,37,3,3,1,2,8,4,4,67,31,36,31,12,19,0.6262249183387774,0.2225851609892674,0.40363975734951,0.0055996266915538,0.0032664489034064,0.0023331777881474,0.048530097993467,0.0144657022865142,0.0340643957069528,0.0018665422305178,0.0009332711152589,0.0009332711152589,0.057862809146056904,0.0424638357442837,0.0153989734017732,0.0270648623425104,0.0195986934204386,0.0074661689220718,0.0013999066728883,0.0009332711152589,0.0004666355576294,0.0,0.0,0.0,0.0373308446103592,0.0102659822678488,0.0270648623425104,0.029398040130657797,0.0275314979001399,0.0018665422305179,0.0065328978068128,0.0065328978068128,0.0,0.0513299113392439,0.023798413439104,0.0275314979001399,0.030797946803546302,0.0177321511899206,0.0130657956136257,0.0027998133457768,0.0023331777881474,0.0004666355576294,0.0037330844610358,0.0018665422305179,0.0018665422305179,0.019132057862809,0.0130657956136257,0.0060662622491833,0.0186654223051795,0.0172655156322911,0.0013999066728884,0.0013999066728883,0.0004666355576294,0.0009332711152589,0.0037330844610358,0.0018665422305179,0.0018665422305179,0.0312645823611758,0.0144657022865142,0.0167988800746616,0.014465702286514101,0.0055996266915538,0.0088660755949603,927
2024-01-01,2024,1,1238,387,851,8,5,3,91,22,69,1,1,0,154,105,49,52,35,17,2,1,1,3,1,2,76,17,59,148,145,3,20,20,0,93,40,53,50,30,20,12,7,5,7,5,2,36,19,17,40,36,4,10,3,7,3,3,0,55,26,29,23,10,13,0.5951923076923077,0.1860576923076923,0.4091346153846154,0.0038461538461537002,0.0024038461538461,0.0014423076923076,0.0437499999999999,0.010576923076923,0.0331730769230769,0.0004807692307692,0.0004807692307692,0.0,0.0740384615384615,0.0504807692307692,0.0235576923076923,0.024999999999999897,0.016826923076923,0.0081730769230769,0.0009615384615384,0.0004807692307692,0.0004807692307692,0.0014423076923076,0.0004807692307692,0.0009615384615384,0.0365384615384615,0.0081730769230769,0.0283653846153846,0.071153846153846,0.0697115384615384,0.0014423076923076,0.0096153846153846,0.0096153846153846,0.0,0.0447115384615384,0.0192307692307692,0.0254807692307692,0.0240384615384615,0.0144230769230769,0.0096153846153846,0.0057692307692307,0.0033653846153846,0.0024038461538461,0.0033653846153845,0.0024038461538461,0.0009615384615384,0.017307692307692198,0.0091346153846153,0.0081730769230769,0.0192307692307692,0.0173076923076923,0.0019230769230769,0.0048076923076922,0.0014423076923076,0.0033653846153846,0.0014423076923076,0.0014423076923076,0.0,0.0264423076923076,0.0125,0.0139423076923076,0.0110576923076923,0.0048076923076923,0.00625,888
2024-02-01,2024,2,1407,535,872,9,8,1,127,18,109,3,3,0,142,101,41,97,70,27,3,2,1,0,0,0,57,13,44,66,66,0,8,8,0,101,54,47,82,44,38,17,9,8,4,4,0,30,20,10,53,46,7,5,1,4,12,9,3,32,6,26,19,8,11,0.638095238095238,0.2426303854875283,0.3954648526077097,0.0040816326530611,0.0036281179138321,0.000453514739229,0.0575963718820861,0.0081632653061224,0.0494331065759637,0.001360544217687,0.001360544217687,0.0,0.0643990929705215,0.0458049886621315,0.01859410430839,0.0439909297052153,0.0317460317460317,0.0122448979591836,0.001360544217687,0.000907029478458,0.000453514739229,0.0,0.0,0.0,0.0258503401360543,0.0058956916099773,0.019954648526077,0.0299319727891156,0.0299319727891156,0.0,0.0036281179138321,0.0036281179138321,0.0,0.045804988662131396,0.0244897959183673,0.0213151927437641,0.0371882086167799,0.019954648526077,0.0172335600907029,0.007709750566893299,0.0040816326530612,0.0036281179138321,0.001814058956916,0.001814058956916,0.0,0.0136054421768706,0.0090702947845804,0.0045351473922902,0.0240362811791382,0.0208616780045351,0.0031746031746031,0.002267573696145,0.000453514739229,0.001814058956916,0.005442176870748199,0.0040816326530612,0.001360544217687,0.0145124716553287,0.0027210884353741,0.0117913832199546,0.0086167800453513,0.0036281179138321,0.0049886621315192,976
2024-03-01,2024,3,1367,591,776,6,3,3,118,36,82,4,2,2,210,174,36,76,58,18,8,5,3,0,0,0,98,8,90,122,122,0,14,14,0,114,65,49,58,39,19,2,0,2,10,5,5,24,15,9,85,80,5,2,1,1,6,5,1,44,12,32,20,11,9,0.5846877673224978,0.2527801539777587,0.3319076133447391,0.0025662959794696,0.0012831479897348,0.0012831479897348,0.050470487596236,0.0153977758768177,0.0350727117194183,0.001710863986313,0.0008554319931565,0.0008554319931565,0.089820359281437,0.0744225834046193,0.0153977758768177,0.0325064157399485,0.0248075278015397,0.0076988879384088,0.0034217279726260997,0.0021385799828913,0.0012831479897348,0.0,0.0,0.0,0.041916167664670496,0.0034217279726261,0.0384944396920444,0.0521813515825491,0.0521813515825491,0.0,0.0059880239520958,0.0059880239520958,0.0,0.0487596236099229,0.0278015397775876,0.0209580838323353,0.0248075278015397,0.0166809238665526,0.0081266039349871,0.0008554319931565,0.0,0.0008554319931565,0.0042771599657826,0.0021385799828913,0.0021385799828913,0.010265183917878399,0.006415739948674,0.0038494439692044,0.036355859709153,0.0342172797262617,0.0021385799828913,0.0008554319931564,0.0004277159965782,0.0004277159965782,0.0025662959794695,0.0021385799828913,0.0004277159965782,0.018819503849443902,0.0051325919589392,0.0136869118905047,0.0085543199315653,0.0047048759623609,0.0038494439692044,1203
2024-04-01,2024,4,1202,496,706,7,6,1,104,29,75,8,7,1,134,98,36,101,84,17,6,1,5,3,2,1,138,26,112,192,191,1,30,30,0,114,84,30,44,26,18,16,9,7,8,5,3,32,31,1,98,89,9,2,0,2,15,11,4,20,5,15,36,22,14,0.5390134529147982,0.2224215246636771,0.3165919282511211,0.0031390134529146996,0.0026905829596412,0.0004484304932735,0.0466367713004483,0.0130044843049327,0.0336322869955156,0.0035874439461882,0.0031390134529147,0.0004484304932735,0.0600896860986546,0.0439461883408071,0.0161434977578475,0.0452914798206277,0.0376681614349775,0.0076233183856502,0.0026905829596412,0.0004484304932735,0.0022421524663677,0.0013452914798205,0.000896860986547,0.0004484304932735,0.0618834080717488,0.0116591928251121,0.0502242152466367,0.0860986547085201,0.0856502242152466,0.0004484304932735,0.0134529147982062,0.0134529147982062,0.0,0.051121076233183696,0.0376681614349775,0.0134529147982062,0.0197309417040358,0.0116591928251121,0.0080717488789237,0.0071748878923765,0.0040358744394618,0.0031390134529147,0.0035874439461882996,0.0022421524663677,0.0013452914798206,0.0143497757847533,0.0139013452914798,0.0004484304932735,0.043946188340807005,0.0399103139013452,0.0040358744394618,0.000896860986547,0.0,0.000896860986547,0.006726457399103,0.0049327354260089,0.0017937219730941,0.0089686098654708,0.0022421524663677,0.0067264573991031,0.0161434977578474,0.0098654708520179,0.0062780269058295,1187
2024-05-01,2024,5,1328,506,822,33,26,7,139,39,100,7,5,2,196,159,37,114,91,23,12,7,5,1,1,0,143,28,115,89,85,4,31,31,0,127,99,28,61,30,31,12,3,9,3,3,0,44,38,6,55,51,4,4,1,3,12,12,0,48,7,41,21,10,11,0.554951943167572,0.2114500626828249,0.3435018804847471,0.0137902214793146,0.0108650229837024,0.0029251984956122,0.0580860844128708,0.0162975344755537,0.0417885499373171,0.0029251984956121,0.0020894274968658,0.0008357709987463,0.0819055578771416,0.0664437944003343,0.0154617634768073,0.047638946928541495,0.0380275804429586,0.0096113664855829,0.005014625992478,0.0029251984956122,0.0020894274968658,0.0004178854993731,0.0004178854993731,0.0,0.0597576264103635,0.0117007939824488,0.0480568324279147,0.0371918094442122,0.0355202674467196,0.0016715419974926,0.0129544504805683,0.0129544504805683,0.0,0.053071458420392806,0.041370664437944,0.0117007939824488,0.025491015461763397,0.0125365649811951,0.0129544504805683,0.005014625992478,0.0012536564981195,0.0037609694943585,0.0012536564981195,0.0012536564981195,0.0,0.0183869619724195,0.0158796489761805,0.002507312996239,0.0229837024655243,0.0213121604680317,0.0016715419974926,0.0016715419974926,0.0004178854993731,0.0012536564981195,0.005014625992478,0.005014625992478,0.0,0.0200585039699122,0.0029251984956122,0.0171333054743,0.0087755954868365,0.0041788549937317,0.0045967404931048,1165
2024-06-01,2024,6,1389,541,848,12,7,5,104,26,78,3,1,2,122,87,35,125,98,27,7,4,3,2,2,0,171,47,124,65,62,3,15,14,1,122,96,26,87,42,45,1,0,1,6,2,4,44,26,18,56,54,2,3,1,2,9,8,1,36,6,30,20,4,16,0.603388357949609,0.23501303214596,0.368375325803649,0.0052128583840138,0.0030408340573414,0.0021720243266724,0.045178105994787,0.0112945264986967,0.0338835794960903,0.0013032145960033,0.0004344048653344,0.0008688097306689,0.052997393570807905,0.0377932232841007,0.0152041702867072,0.0543006081668113,0.0425716768027801,0.0117289313640312,0.0030408340573413,0.0017376194613379,0.0013032145960034,0.0008688097306689,0.0008688097306689,0.0,0.074283231972198,0.0204170286707211,0.0538662033014769,0.0282363162467418,0.0269331016507384,0.0013032145960034,0.0065160729800172,0.0060816681146828,0.0004344048653344,0.0529973935708079,0.0417028670721112,0.0112945264986967,0.0377932232841007,0.0182450043440486,0.0195482189400521,0.0004344048653344,0.0,0.0004344048653344,0.0026064291920068,0.0008688097306689,0.0017376194613379,0.0191138140747175,0.0112945264986967,0.0078192875760208,0.024326672458731397,0.0234578627280625,0.0008688097306689,0.0013032145960033,0.0004344048653344,0.0008688097306689,0.0039096437880103,0.0034752389226759,0.0004344048653344,0.0156385751520416,0.0026064291920069,0.0130321459600347,0.0086880973066897,0.0017376194613379,0.0069504778453518,1053
2024-07-01,2024,7,1488,660,828,12,10,2,75,13,62,2,1,1,179,150,29,75,62,13,10,8,2,1,1,0,405,132,273,102,102,0,11,11,0,90,64,26,76,41,35,3,0,3,8,0,8,19,12,7,116,112,4,4,2,2,11,10,1,43,14,29,19,8,11,0.5535714285714285,0.2455357142857142,0.3080357142857143,0.0044642857142856,0.003720238095238,0.0007440476190476,0.0279017857142856,0.0048363095238095,0.0230654761904761,0.0007440476190476,0.0003720238095238,0.0003720238095238,0.0665922619047618,0.0558035714285714,0.0107886904761904,0.0279017857142856,0.0230654761904761,0.0048363095238095,0.003720238095238,0.0029761904761904,0.0007440476190476,0.0003720238095238,0.0003720238095238,0.0,0.1506696428571428,0.0491071428571428,0.1015625,0.0379464285714285,0.0379464285714285,0.0,0.0040922619047619,0.0040922619047619,0.0,0.0334821428571428,0.0238095238095238,0.009672619047619,0.0282738095238094,0.0152529761904761,0.0130208333333333,0.0011160714285714,0.0,0.0011160714285714,0.0029761904761904,0.0,0.0029761904761904,0.0070684523809523,0.0044642857142857,0.0026041666666666,0.0431547619047618,0.0416666666666666,0.0014880952380952,0.0014880952380952,0.0007440476190476,0.0007440476190476,0.0040922619047618,0.003720238095238,0.0003720238095238,0.0159970238095237,0.0052083333333333,0.0107886904761904,0.0070684523809523,0.0029761904761904,0.0040922619047619,1361
2024-08-01,2024,8,1400,509,891,14,9,5,55,9,46,11,4,7,178,137,41,57,42,15,4,4,0,1,1,0,278,82,196,60,57,3,3,3,0,57,43,14,134,100,34,5,1,4,7,6,1,34,23,11,45,39,6,7,1,6,5,4,1,53,12,41,19,7,12,0.5862646566164154,0.2131490787269681,0.3731155778894472,0.0058626465661641,0.0037688442211055,0.0020938023450586,0.0230318257956448,0.0037688442211055,0.0192629815745393,0.0046063651591289004,0.0016750418760469,0.002931323283082,0.074539363484087,0.0573701842546063,0.0171691792294807,0.0238693467336682,0.0175879396984924,0.0062814070351758,0.0016750418760469,0.0016750418760469,0.0,0.0004187604690117,0.0004187604690117,0.0,0.11641541038525952,0.0343383584589614,0.0820770519262981,0.0251256281407034,0.0238693467336683,0.0012562814070351,0.0012562814070351,0.0012562814070351,0.0,0.023869346733668202,0.0180067001675041,0.0058626465661641,0.0561139028475711,0.0418760469011725,0.0142378559463986,0.0020938023450586,0.0004187604690117,0.0016750418760469,0.002931323283082,0.0025125628140703,0.0004187604690117,0.014237855946398498,0.0096314907872696,0.0046063651591289,0.0188442211055275,0.0163316582914572,0.0025125628140703,0.002931323283082,0.0004187604690117,0.0025125628140703,0.0020938023450586,0.0016750418760469,0.0004187604690117,0.022194304857621402,0.0050251256281407,0.0171691792294807,0.0079564489112227,0.002931323283082,0.0050251256281407,1067
2024-09-01,2024,9,1598,527,1071,11,8,3,107,30,77,9,4,5,131,96,35,85,68,17,3,3,0,0,0,0,286,131,155,65,58,7,6,5,1,85,59,26,57,41,16,4,1,3,10,7,3,33,24,9,58,56,2,2,0,2,7,6,1,46,7,39,13,5,8,0.6232449297971918,0.2055382215288611,0.4177067082683307,0.0042901716068642,0.0031201248049922,0.001170046801872,0.041731669266770605,0.0117004680187207,0.0300312012480499,0.0035101404056161996,0.0015600624024961,0.0019500780031201,0.0510920436817472,0.0374414976599064,0.0136505460218408,0.0331513260530421,0.0265210608424337,0.0066302652106084,0.001170046801872,0.001170046801872,0.0,0.0,0.0,0.0,0.111544461778471,0.0510920436817472,0.0604524180967238,0.0253510140405615,0.0226209048361934,0.0027301092043681,0.0023400936037441,0.0019500780031201,0.000390015600624,0.033151326053041996,0.0230109204368174,0.0101404056162246,0.0222308892355694,0.015990639625585,0.0062402496099844,0.001560062402496,0.000390015600624,0.001170046801872,0.0039001560062400997,0.0027301092043681,0.001170046801872,0.0128705148205928,0.0093603744149766,0.0035101404056162,0.0226209048361934,0.0218408736349454,0.000780031201248,0.000780031201248,0.0,0.000780031201248,0.0027301092043681,0.0023400936037441,0.000390015600624,0.017940717628705,0.0027301092043681,0.0152106084243369,0.0050702028081122995,0.0019500780031201,0.0031201248049922,1094
2024-10-01,2024,10,1446,392,1054,6,5,1,112,37,75,0,0,0,113,75,38,64,54,10,1,1,0,1,1,0,184,85,99,27,25,2,1,1,0,62,42,20,23,14,9,4,3,1,10,9,1,23,17,6,14,11,3,1,1,0,3,1,2,44,8,36,20,14,6,0.6849834201800095,0.1856939838938891,0.4992894362861203,0.0028422548555185998,0.0023685457129322,0.0004737091425864,0.0530554239696825,0.0175272382756987,0.0355281856939838,0.0,0.0,0.0,0.053529133112268895,0.0355281856939838,0.0180009474182851,0.0303173851255329,0.0255802936996684,0.0047370914258645,0.0004737091425864,0.0004737091425864,0.0,0.0004737091425864,0.0004737091425864,0.0,0.0871624822359071,0.0402652771198484,0.0468972051160587,0.0127901468498341,0.0118427285646612,0.0009474182851729,0.0004737091425864,0.0004737091425864,0.0,0.029369966840359897,0.0198957839886309,0.009474182851729,0.010895310279488299,0.0066319279962103,0.004263382283278,0.0018948365703457001,0.0014211274277593,0.0004737091425864,0.0047370914258644,0.004263382283278,0.0004737091425864,0.0108953102794883,0.0080530554239696,0.0028422548555187,0.0066319279962102,0.0052108005684509,0.0014211274277593,0.0004737091425864,0.0004737091425864,0.0,0.0014211274277593,0.0004737091425864,0.0009474182851729,0.0208432022738038,0.0037896731406916,0.0170535291331122,0.009474182851729001,0.0066319279962103,0.0028422548555187,757
2024-11-01,2024,11,1585,532,1053,12,7,5,137,37,100,2,2,0,106,66,40,48,37,11,0,0,0,0,0,0,85,16,69,139,131,8,8,8,0,70,43,27,22,9,13,3,2,1,5,3,2,18,14,4,14,11,3,2,0,2,10,6,4,46,9,37,26,11,15,0.6894301870378425,0.2314049586776859,0.4580252283601566,0.005219660722052899,0.0030448020878642,0.0021748586341887,0.0595911265767724,0.0160939538929969,0.0434971726837755,0.0008699434536755,0.0008699434536755,0.0,0.046107003044802,0.0287081339712918,0.0173988690735102,0.0208786428882122,0.0160939538929969,0.0047846889952153,0.0,0.0,0.0,0.0,0.0,0.0,0.0369725967812091,0.006959547629404,0.0300130491518051,0.0604610700304479,0.0569812962157459,0.003479773814702,0.003479773814702,0.003479773814702,0.0,0.0304480208786428,0.0187037842540234,0.0117442366246194,0.009569377990430599,0.0039147455415398,0.0056546324488908,0.0013049151805132001,0.0008699434536755,0.0004349717268377,0.0021748586341887,0.0013049151805132,0.0008699434536755,0.007829491083079499,0.0060896041757285,0.001739886907351,0.0060896041757285005,0.0047846889952153,0.0013049151805132,0.0008699434536755,0.0,0.0008699434536755,0.0043497172683775,0.0026098303610265,0.001739886907351,0.0200086994345367,0.0039147455415398,0.0160939538929969,0.0113092648977816,0.0047846889952153,0.0065245759025663,914
2024-12-01,2024,12,1939,745,1194,17,11,6,139,32,107,3,3,0,154,109,45,99,86,13,1,1,0,2,2,0,55,25,30,140,137,3,9,8,1,120,78,42,83,39,44,1,0,1,2,2,0,7,5,2,21,21,0,2,1,1,4,4,0,44,15,29,20,13,7,0.6992426974395961,0.2686620988099531,0.430580598629643,0.0061305445366028,0.0039668229354489,0.0021637216011539,0.05012621709340061,0.0115398485394879,0.0385863685539127,0.0010818608005769,0.0010818608005769,0.0,0.0555355210962855,0.0393076090876307,0.0162279120086548,0.0357014064190406,0.0310133429498737,0.0046880634691669,0.0003606202668589,0.0003606202668589,0.0,0.0007212405337179,0.0007212405337179,0.0,0.019834114677244802,0.0090155066714749,0.0108186080057699,0.0504868373602595,0.0494049765596826,0.0010818608005769,0.0032455824017308,0.0028849621348719,0.0003606202668589,0.0432744320230796,0.0281283808150018,0.0151460512080778,0.029931482149296702,0.0140641904075009,0.0158672917417958,0.0003606202668589,0.0,0.0003606202668589,0.0007212405337179,0.0007212405337179,0.0,0.0025243418680128,0.0018031013342949,0.0007212405337179,0.0075730256040389,0.0075730256040389,0.0,0.0007212405337178,0.0003606202668589,0.0003606202668589,0.0014424810674359,0.0014424810674359,0.0,0.0158672917417958,0.0054093040028849,0.0104579877389109,0.0072124053371797996,0.0046880634691669,0.0025243418680129,1257
2025-01-01,2025,1,1911,687,1224,17,11,6,132,29,103,0,0,0,165,121,44,144,75,69,5,5,0,1,0,1,111,53,58,58,55,3,7,7,0,149,71,78,152,96,56,0,0,0,6,4,2,31,24,7,29,22,7,3,0,3,7,5,2,43,4,39,20,13,7,0.6672486033519552,0.2398743016759776,0.4273743016759777,0.0059357541899441,0.003840782122905,0.0020949720670391,0.046089385474860196,0.0101256983240223,0.0359636871508379,0.0,0.0,0.0,0.0576117318435754,0.0422486033519553,0.0153631284916201,0.050279329608938494,0.0261871508379888,0.0240921787709497,0.0017458100558659,0.0017458100558659,0.0,0.0003491620111731,0.0,0.0003491620111731,0.038756983240223294,0.0185055865921787,0.0202513966480446,0.0202513966480446,0.0192039106145251,0.0010474860335195,0.0024441340782122,0.0024441340782122,0.0,0.0520251396648043,0.024790502793296,0.0272346368715083,0.053072625698323994,0.0335195530726257,0.0195530726256983,0.0,0.0,0.0,0.002094972067039,0.0013966480446927,0.0006983240223463,0.0108240223463686,0.0083798882681564,0.0024441340782122,0.0101256983240222,0.00768156424581,0.0024441340782122,0.0010474860335195,0.0,0.0010474860335195,0.0024441340782122,0.0017458100558659,0.0006983240223463,0.015013966480446799,0.0013966480446927,0.0136173184357541,0.006983240223463499,0.0045391061452513,0.0024441340782122,1219
2025-02-01,2025,2,1703,585,1118,9,6,3,105,15,90,5,3,2,99,70,29,52,23,29,0,0,0,0,0,0,92,17,75,54,48,6,1,1,0,76,44,32,162,84,78,2,0,2,7,2,5,26,21,5,14,10,4,7,1,6,7,7,0,49,11,38,30,16,14,0.6925579503863359,0.2379015860105734,0.4546563643757625,0.0036600244001625997,0.0024400162667751,0.0012200081333875,0.0427002846685643,0.0061000406669377,0.0366002440016266,0.0020333468889792,0.0012200081333875,0.0008133387555917,0.0402602684017893,0.0284668564457096,0.0117934119560797,0.0211468076453842,0.0093533956893045,0.0117934119560797,0.0,0.0,0.0,0.0,0.0,0.0,0.0374135827572182,0.0069133794225294,0.0305002033346888,0.021960146400975898,0.0195201301342008,0.0024400162667751,0.0004066693777958,0.0004066693777958,0.0,0.0309068727124846,0.0178934526230174,0.0130134200894672,0.06588043920292791,0.0341602277348515,0.0317202114680764,0.0008133387555917,0.0,0.0008133387555917,0.0028466856445709,0.0008133387555917,0.0020333468889792,0.010573403822692,0.0085400569337128,0.0020333468889792,0.0056933712891419005,0.0040666937779585,0.0016266775111834,0.0028466856445709,0.0004066693777958,0.0024400162667751,0.0028466856445709,0.0028466856445709,0.0,0.0199267995119966,0.0044733631557543,0.0154534363562423,0.0122000813338755,0.0065067100447336,0.0056933712891419,949
2025-03-01,2025,3,1895,718,1177,9,8,1,136,31,105,3,3,0,94,70,24,37,27,10,1,1,0,0,0,0,89,20,69,119,99,20,30,29,1,78,44,34,119,65,54,13,6,7,12,7,5,97,85,12,40,30,10,3,0,3,18,13,5,59,18,41,57,32,25,0.65684575389948,0.2488734835355286,0.4079722703639514,0.0031195840554591,0.0027729636048526,0.0003466204506065,0.0471403812824956,0.0107452339688041,0.0363951473136915,0.0010398613518197,0.0010398613518197,0.0,0.032582322357019,0.024263431542461,0.008318890814558,0.0128249566724436,0.0093587521663778,0.0034662045060658,0.0003466204506065,0.0003466204506065,0.0,0.0,0.0,0.0,0.030849220103986098,0.0069324090121317,0.0239168110918544,0.0412478336221836,0.0343154246100519,0.0069324090121317,0.010398613518197401,0.0100519930675909,0.0003466204506065,0.0270363951473136,0.0152512998266897,0.0117850953206239,0.0412478336221836,0.022530329289428,0.0187175043327556,0.0045060658578855994,0.0020797227036395,0.0024263431542461,0.004159445407279,0.0024263431542461,0.0017331022530329,0.033622183708838696,0.0294627383015597,0.004159445407279,0.0138648180242633,0.0103986135181975,0.0034662045060658,0.0010398613518197,0.0,0.0010398613518197,0.0062391681109185,0.0045060658578856,0.0017331022530329,0.0204506065857885,0.0062391681109185,0.01421143847487,0.019757365684575298,0.0110918544194107,0.0086655112651646,1291
2025-04-01,2025,4,2128,653,1475,19,12,7,136,41,95,2,2,0,170,92,78,75,55,20,5,5,0,1,1,0,156,55,101,34,28,6,2,1,1,105,59,46,96,32,64,10,4,6,10,7,3,99,80,19,49,43,6,2,1,1,6,3,3,49,13,36,34,20,14,0.6790044671346521,0.2083599234205488,0.4706445437141033,0.0060625398851307,0.0038289725590299,0.0022335673261008,0.0433950223356732,0.0130823229100191,0.0303126994256541,0.0006381620931716,0.0006381620931716,0.0,0.0542437779195915,0.0293554562858966,0.0248883216336949,0.0239310784939374,0.0175494575622208,0.0063816209317166,0.0015954052329291,0.0015954052329291,0.0,0.0003190810465858,0.0003190810465858,0.0,0.0497766432673899,0.0175494575622208,0.0322271857051691,0.0108487555839182,0.0089342693044033,0.0019144862795149,0.0006381620931716,0.0003190810465858,0.0003190810465858,0.0335035098915124,0.0188257817485641,0.0146777281429483,0.0306317804722399,0.0102105934907466,0.0204211869814933,0.0031908104658581998,0.0012763241863433,0.0019144862795149,0.0031908104658582,0.0022335673261008,0.0009572431397574,0.0315890236119974,0.0255264837268666,0.0060625398851308,0.0156349712827057,0.0137204850031908,0.0019144862795149,0.0006381620931716,0.0003190810465858,0.0003190810465858,0.0019144862795148,0.0009572431397574,0.0009572431397574,0.0156349712827057,0.0041480536056158,0.0114869176770899,0.0108487555839182,0.0063816209317166,0.0044671346522016,1173
2025-05-01,2025,5,2061,702,1359,17,11,6,108,28,80,2,1,1,141,107,34,89,62,27,0,0,0,0,0,0,116,21,95,38,34,4,6,5,1,140,86,54,102,30,72,3,2,1,14,7,7,36,30,6,47,46,1,4,3,1,13,9,4,35,10,25,50,24,26,0.6967545638945233,0.2373225152129817,0.4594320486815416,0.0057471264367815,0.0037187288708586,0.0020283975659229,0.036511156186612395,0.0094658553076402,0.0270453008789722,0.0006761325219742,0.0003380662609871,0.0003380662609871,0.0476673427991886,0.0361730899256254,0.0114942528735632,0.030087897227856604,0.0209601081812035,0.0091277890466531,0.0,0.0,0.0,0.0,0.0,0.0,0.0392156862745097,0.0070993914807302,0.0321162947937795,0.0128465179175118,0.0114942528735632,0.0013522650439486,0.0020283975659228,0.0016903313049357,0.0003380662609871,0.047329276538201404,0.0290736984448952,0.0182555780933062,0.0344827586206896,0.0101419878296146,0.024340770791075,0.0010141987829614002,0.0006761325219743,0.0003380662609871,0.00473292765382,0.00236646382691,0.00236646382691,0.012170385395537501,0.0101419878296146,0.0020283975659229,0.0158891142663961,0.015551048005409,0.0003380662609871,0.0013522650439484999,0.0010141987829614,0.0003380662609871,0.0043948613928329,0.0030425963488843,0.0013522650439486,0.0118323191345503,0.0033806626098715,0.0084516565246788,0.0169033130493575,0.0081135902636916,0.0087897227856659,1173
2025-06-01,2025,6,1896,659,1237,8,7,1,138,31,107,4,4,0,131,81,50,126,97,29,1,1,0,1,1,0,125,23,102,55,50,5,20,20,0,164,114,50,135,46,89,6,3,3,5,2,3,33,20,13,35,33,2,4,2,2,14,12,2,32,7,25,37,20,17,0.66016713091922,0.2294568245125348,0.4307103064066852,0.0027855153203340997,0.0024373259052924,0.0003481894150417,0.0480501392757659,0.0107938718662952,0.0372562674094707,0.0013927576601671,0.0013927576601671,0.0,0.0456128133704735,0.0282033426183844,0.0174094707520891,0.0438718662952646,0.0337743732590529,0.0100974930362117,0.0003481894150417,0.0003481894150417,0.0,0.0003481894150417,0.0003481894150417,0.0,0.0435236768802228,0.008008356545961,0.0355153203342618,0.019150417827298,0.0174094707520891,0.0017409470752089,0.0069637883008356,0.0069637883008356,0.0,0.057103064066852297,0.0396935933147632,0.0174094707520891,0.0470055710306406,0.016016713091922,0.0309888579387186,0.0020891364902506,0.0010445682451253,0.0010445682451253,0.0017409470752088002,0.0006963788300835,0.0010445682451253,0.0114902506963787,0.0069637883008356,0.0045264623955431,0.0121866295264623,0.0114902506963788,0.0006963788300835,0.001392757660167,0.0006963788300835,0.0006963788300835,0.0048746518105848005,0.0041782729805013,0.0006963788300835,0.0111420612813369,0.0024373259052924,0.0087047353760445,0.0128830083565459,0.0069637883008356,0.0059192200557103,1158
2025-07-01,2025,7,1982,672,1310,7,6,1,115,20,95,2,2,0,110,72,38,125,101,24,1,1,0,0,0,0,190,55,135,57,55,2,10,10,0,99,65,34,147,60,87,1,1,0,5,3,2,27,18,9,68,62,6,1,0,1,6,6,0,50,11,39,27,12,15,0.6709546377792822,0.2274881516587677,0.4434664861205145,0.0023696682464453,0.0020311442112389,0.0003385240352064,0.038930264048747304,0.0067704807041299,0.0321597833446174,0.0006770480704129,0.0006770480704129,0.0,0.0372376438727148,0.0243737305348679,0.0128639133378469,0.0423155044008123,0.0341909275558564,0.0081245768449559,0.0003385240352064,0.0003385240352064,0.0,0.0,0.0,0.0,0.0643195666892348,0.0186188219363574,0.0457007447528774,0.0192958700067703,0.0186188219363574,0.0006770480704129,0.0033852403520649,0.0033852403520649,0.0,0.0335138794854433,0.0220040622884224,0.0115098171970209,0.0497630331753553,0.0203114421123899,0.0294515910629654,0.0003385240352064,0.0003385240352064,0.0,0.0016926201760323,0.0010155721056194,0.0006770480704129,0.0091401489505753,0.0060934326337169,0.0030467163168584,0.0230196343940418,0.0209884901828029,0.0020311442112389,0.0003385240352064,0.0,0.0003385240352064,0.0020311442112389,0.0020311442112389,0.0,0.016926201760324798,0.0037237643872714,0.0132024373730534,0.0091401489505753,0.0040622884224779,0.0050778605280974,1178
2025-08-01,2025,8,1912,666,1246,12,9,3,114,16,98,3,3,0,136,102,34,72,41,31,2,2,0,1,0,1,134,34,100,71,65,6,11,11,0,107,57,50,150,54,96,2,1,1,4,1,3,45,30,15,70,64,6,2,1,1,4,2,2,44,11,33,35,16,19,0.6645811609315257,0.2314911366006256,0.4330900243309002,0.004171011470281399,0.0031282586027111,0.0010427528675703,0.039624608967674606,0.005561348627042,0.0340632603406326,0.0010427528675703,0.0010427528675703,0.0,0.047271463329857405,0.0354535974973931,0.0118178658324643,0.0250260688216891,0.0142509558567952,0.0107751129648939,0.0006951685783802,0.0006951685783802,0.0,0.0003475842891901,0.0,0.0003475842891901,0.04657629475147709,0.0118178658324643,0.0347584289190128,0.024678484532499,0.0225929787973583,0.0020855057351407,0.0038234271810914,0.0038234271810914,0.0,0.0371915189433437,0.0198123044838373,0.0173792144595064,0.0521376433785192,0.0187695516162669,0.0333680917622523,0.0006951685783802,0.0003475842891901,0.0003475842891901,0.0013903371567604,0.0003475842891901,0.0010427528675703,0.0156412930135557,0.0104275286757038,0.0052137643378519,0.0243309002433089,0.0222453945081682,0.0020855057351407,0.0006951685783802,0.0003475842891901,0.0003475842891901,0.0013903371567604,0.0006951685783802,0.0006951685783802,0.0152937087243656,0.0038234271810914,0.0114702815432742,0.0121654501216544,0.005561348627042,0.0066041014946124,1160
2025-09-01,2025,9,2204,959,1245,11,9,2,87,26,61,34,32,2,147,112,35,59,50,9,16,16,0,0,0,0,140,36,104,104,100,4,8,8,0,49,40,9,72,44,28,62,19,43,26,20,6,174,153,21,88,82,6,8,1,7,7,5,2,111,64,47,144,81,63,0.6277413842210195,0.2731415551125035,0.3545998291085161,0.003133010538308,0.0025633722586157,0.0005696382796923,0.024779265166619102,0.0074052976360011,0.017373967530618,0.0096838507547706,0.0091142124750783,0.0005696382796923,0.041868413557391,0.0318997436627741,0.0099686698946169,0.0168043292509255,0.0142409569923098,0.0025633722586157,0.0045571062375391,0.0045571062375391,0.0,0.0,0.0,0.0,0.0398746795784676,0.0102534890344631,0.0296211905440045,0.0296211905440044,0.0284819139846197,0.0011392765593847,0.0022785531187695,0.0022785531187695,0.0,0.0139561378524636,0.0113927655938479,0.0025633722586157,0.0205069780689261,0.0125320421532326,0.0079749359156935,0.0176587866704642,0.0054115636570777,0.0122472230133865,0.007405297636001,0.0056963827969239,0.0017089148390771,0.049558530333238295,0.0435773283964682,0.0059812019367701,0.025064084306465298,0.0233551694673882,0.0017089148390771,0.0022785531187694,0.0002848191398461,0.0019937339789233,0.0019937339789232,0.0014240956992309,0.0005696382796923,0.0316149245229278,0.0182284249501566,0.0133864995727712,0.0410139561378524,0.023070350327542,0.0179436058103104,1824
2025-10-01,2025,10,2129,797,1332,12,12,0,93,27,66,2,2,0,170,138,32,50,42,8,5,5,0,0,0,0,178,47,131,119,114,5,9,9,0,95,64,31,35,20,15,2,2,0,16,10,6,33,29,4,44,39,5,4,0,4,9,4,5,51,15,36,34,16,18,0.6978039986889544,0.261225827597509,0.4365781710914454,0.0039331366764995,0.0039331366764995,0.0,0.030481809242871,0.0088495575221238,0.0216322517207472,0.0006555227794165,0.0006555227794165,0.0,0.0557194362504096,0.0452310717797443,0.0104883644706653,0.0163880694854145,0.0137659783677482,0.0026220911176663,0.0016388069485414,0.0016388069485414,0.0,0.0,0.0,0.0,0.058341527368076,0.0154047853162897,0.0429367420517863,0.0390036053752867,0.0373647984267453,0.0016388069485414,0.0029498525073746,0.0029498525073746,0.0,0.031137332022287703,0.0209767289413307,0.010160603080957,0.0114716486397901,0.0065552277941658,0.0049164208456243,0.0006555227794165,0.0006555227794165,0.0,0.005244182235332601,0.0032776138970829,0.0019665683382497,0.0108161258603735,0.0095050803015404,0.0013110455588331,0.0144215011471648,0.0127826941986234,0.0016388069485414,0.0013110455588331,0.0,0.0013110455588331,0.0029498525073745003,0.0013110455588331,0.0016388069485414,0.0167158308751228,0.0049164208456243,0.0117994100294985,0.0111438872500818,0.0052441822353326,0.0058997050147492,1360
2025-11-01,2025,11,2197,879,1318,12,10,2,133,24,109,1,1,0,177,131,46,59,44,15,4,3,1,0,0,0,79,28,51,294,288,6,30,30,0,83,59,24,56,38,18,4,3,1,14,11,3,62,44,18,62,56,6,3,2,1,5,3,2,26,5,21,40,22,18,0.6651528913109295,0.2661217075386012,0.3990311837723282,0.0036330608537692003,0.0030275507114744,0.0006055101422948,0.040266424462609696,0.0072661217075386,0.0330003027550711,0.0003027550711474,0.0003027550711474,0.0,0.0535876475930971,0.0396609143203148,0.0139267332727823,0.017862549197699,0.0133212231304874,0.0045413260672116,0.0012110202845897,0.0009082652134423,0.0003027550711474,0.0,0.0,0.0,0.023917650620647803,0.0084771419921283,0.0154405086285195,0.08900999091734779,0.0871934604904632,0.0018165304268846,0.0090826521344232,0.0090826521344232,0.0,0.025128670905237602,0.017862549197699,0.0072661217075386,0.0169542839842566,0.0115046927036027,0.0054495912806539,0.0012110202845897,0.0009082652134423,0.0003027550711474,0.0042385709960641,0.0033303057826218,0.0009082652134423,0.0187708144111413,0.0133212231304874,0.0054495912806539,0.018770814411141302,0.0169542839842567,0.0018165304268846,0.0009082652134422,0.0006055101422948,0.0003027550711474,0.0015137753557371001,0.0009082652134423,0.0006055101422948,0.0078716318498334,0.0015137753557372,0.0063578564940962,0.012110202845897599,0.0066606115652437,0.0054495912806539,1654
2025-12-01,2025,12,1983,775,1208,9,8,1,111,25,86,0,0,0,168,125,43,95,70,25,2,2,0,2,2,0,58,10,48,436,413,23,22,22,0,109,78,31,42,27,15,3,1,2,5,5,0,27,19,8,45,42,3,8,5,3,12,9,3,27,2,25,26,8,18,0.6351697629724535,0.2482383087764253,0.3869314541960282,0.0028827674567584,0.0025624599615631,0.0003203074951953,0.0355541319666879,0.0080076873798846,0.0275464445868033,0.0,0.0,0.0,0.053811659192825004,0.0400384368994234,0.0137732222934016,0.0304292120435617,0.0224215246636771,0.0080076873798846,0.0006406149903907,0.0006406149903907,0.0,0.0006406149903907,0.0006406149903907,0.0,0.0185778347213324,0.0032030749519538,0.0153747597693786,0.13965406790518892,0.132286995515695,0.0073670723894939,0.0070467648942985,0.0070467648942985,0.0,0.0349135169762972,0.0249839846252402,0.009929532351057,0.0134529147982062,0.0086483023702754,0.0048046124279308,0.0009609224855859999,0.0003203074951953,0.0006406149903907,0.0016015374759769,0.0016015374759769,0.0,0.0086483023702754,0.0060858424087123,0.0025624599615631,0.014413837283792301,0.0134529147982062,0.0009609224855861,0.002562459961563,0.0016015374759769,0.0009609224855861,0.0038436899423444997,0.0028827674567584,0.0009609224855861,0.0086483023702753,0.0006406149903907,0.0080076873798846,0.00832799487508,0.0025624599615631,0.0057655349135169,1604
2026-01-01,2026,1,1942,871,1071,11,10,1,61,4,57,3,3,0,113,89,24,50,31,19,1,1,0,0,0,0,57,10,47,829,796,33,37,37,0,85,66,19,26,12,14,13,5,8,10,10,0,28,24,4,63,59,4,3,1,2,6,5,1,28,7,21,20,3,17,0.580394500896593,0.2603108188882247,0.3200836820083682,0.0032875074716078,0.0029886431560071,0.0002988643156007,0.018230723251643603,0.0011954572624028,0.0170352659892408,0.0008965929468021,0.0008965929468021,0.0,0.033771667662881,0.0265989240884638,0.0071727435744172,0.0149432157800358,0.0092647937836222,0.0056784219964136,0.0002988643156007,0.0002988643156007,0.0,0.0,0.0,0.0,0.0170352659892408,0.0029886431560071,0.0140466228332337,0.2477585176329945,0.2378959952181709,0.0098625224148236,0.0110579796772265,0.0110579796772265,0.0,0.0254034668260609,0.0197250448296473,0.0056784219964136,0.0077704722056186,0.0035863717872086,0.00418410041841,0.0038852361028091998,0.0014943215780035,0.0023909145248057,0.0029886431560071,0.0029886431560071,0.0,0.00836820083682,0.0071727435744172,0.0011954572624028,0.018828451882845102,0.0176329946204423,0.0011954572624028,0.0008965929468021,0.0002988643156007,0.0005977286312014,0.0017931858936041998,0.0014943215780035,0.0002988643156007,0.00836820083682,0.002092050209205,0.006276150627615,0.0059772863120142,0.0008965929468021,0.0050806933652121,2019
2026-02-01,2026,2,1638,639,999,3,2,1,99,26,73,0,0,0,60,45,15,36,23,13,1,1,0,1,0,1,85,20,65,438,406,32,46,43,3,51,35,16,52,27,25,20,8,12,39,34,5,5,3,2,8,8,0,1,1,0,3,3,0,36,13,23,32,20,12,0.6239999999999999,0.2434285714285714,0.3805714285714285,0.001142857142857,0.0007619047619047,0.0003809523809523,0.0377142857142857,0.0099047619047619,0.0278095238095238,0.0,0.0,0.0,0.022857142857142798,0.0171428571428571,0.0057142857142857,0.013714285714285599,0.0087619047619047,0.0049523809523809,0.0003809523809523,0.0003809523809523,0.0,0.0003809523809523,0.0,0.0003809523809523,0.0323809523809523,0.0076190476190476,0.0247619047619047,0.1668571428571427,0.1546666666666666,0.0121904761904761,0.0175238095238094,0.0163809523809523,0.0011428571428571,0.0194285714285713,0.0133333333333333,0.006095238095238,0.0198095238095237,0.0102857142857142,0.0095238095238095,0.007619047619047499,0.003047619047619,0.0045714285714285,0.0148571428571428,0.0129523809523809,0.0019047619047619,0.0019047619047618,0.0011428571428571,0.0007619047619047,0.003047619047619,0.003047619047619,0.0,0.0003809523809523,0.0003809523809523,0.0,0.0011428571428571,0.0011428571428571,0.0,0.013714285714285599,0.0049523809523809,0.0087619047619047,0.012190476190476099,0.0076190476190476,0.0045714285714285,1339
2026-03-01,2026,3,1943,880,1063,9,5,4,140,64,76,1,1,0,104,82,22,68,54,14,3,3,0,0,0,0,90,17,73,958,884,74,37,36,1,123,82,41,32,20,12,0,0,0,13,8,5,40,33,7,34,33,1,2,1,1,11,11,0,44,19,25,37,27,10,0.534966960352423,0.2422907488986784,0.2926762114537445,0.0024779735682818,0.0013766519823788,0.001101321585903,0.0385462555066078,0.0176211453744493,0.0209251101321585,0.0002753303964757,0.0002753303964757,0.0,0.0286343612334801,0.0225770925110132,0.0060572687224669,0.0187224669603523,0.0148678414096916,0.0038546255506607,0.0008259911894273,0.0008259911894273,0.0,0.0,0.0,0.0,0.024779735682819302,0.0046806167400881,0.0200991189427312,0.2637665198237885,0.2433920704845815,0.020374449339207,0.0101872246696034,0.0099118942731277,0.0002753303964757,0.0338656387665198,0.0225770925110132,0.0112885462555066,0.0088105726872246,0.0055066079295154,0.0033039647577092,0.0,0.0,0.0,0.0035792951541849,0.0022026431718061,0.0013766519823788,0.0110132158590307,0.0090859030837004,0.0019273127753303,0.0093612334801761,0.0090859030837004,0.0002753303964757,0.0005506607929514,0.0002753303964757,0.0002753303964757,0.0030286343612334,0.0030286343612334,0.0,0.0121145374449338,0.0052312775330396,0.0068832599118942,0.0101872246696035,0.0074339207048458,0.0027533039647577,2216
2026-04-01,2026,4,2077,755,1322,15,10,5,168,39,129,4,3,1,158,111,47,99,61,38,0,0,0,1,1,0,73,15,58,119,115,4,9,9,0,111,71,40,109,60,49,2,1,1,10,8,2,28,21,7,62,55,7,4,1,3,8,7,1,18,4,14,33,14,19,0.6884322174345376,0.2502485913158767,0.4381836261186609,0.0049718263175338,0.0033145508783559,0.0016572754391779,0.055684454756380404,0.0129267484255883,0.0427577063307921,0.0013258203513422,0.0009943652635067,0.0003314550878355,0.052369903878024496,0.0367915147497514,0.0155783891282731,0.0328140536957241,0.0202187603579714,0.0125952933377527,0.0,0.0,0.0,0.0003314550878355,0.0003314550878355,0.0,0.024196221411998602,0.0049718263175339,0.0192243950944647,0.0394431554524361,0.0381173351010938,0.0013258203513423,0.0029830957905203,0.0029830957905203,0.0,0.0367915147497513,0.0235333112363274,0.0132582035134239,0.0361286045740801,0.0198873052701358,0.0162412993039443,0.000662910175671,0.0003314550878355,0.0003314550878355,0.0033145508783558003,0.0026516407026847,0.0006629101756711,0.0092807424593966,0.0069605568445475,0.0023201856148491,0.020550215445807003,0.0182300298309579,0.0023201856148491,0.0013258203513422,0.0003314550878355,0.0009943652635067,0.0026516407026846,0.0023201856148491,0.0003314550878355,0.0059661915810406,0.0013258203513423,0.0046403712296983,0.010938017898574601,0.0046403712296983,0.0062976466688763,1308
2026-05-01,2026,5,2306,911,1395,14,10,4,111,14,97,5,5,0,133,99,34,72,53,19,0,0,0,2,2,0,93,17,76,58,48,10,12,11,1,108,83,25,152,93,59,1,0,1,2,2,0,43,23,20,51,43,8,8,4,4,9,9,0,29,9,20,36,19,17,0.7244737668865848,0.2862079798931825,0.4382657869934024,0.0043983663210806,0.0031416902293433,0.0012566760917373,0.0348727615457115,0.0043983663210807,0.0304743952246308,0.0015708451146716,0.0015708451146716,0.0,0.041784480050267,0.0311027332704995,0.0106817467797675,0.022620169651272302,0.0166509582155199,0.0059692114357524,0.0,0.0,0.0,0.0006283380458686,0.0006283380458686,0.0,0.0292177191328934,0.0053408733898837,0.0238768457430097,0.0182218033301915,0.0150801131008482,0.0031416902293433,0.003770028275212,0.0034558592522777,0.0003141690229343,0.0339302544769085,0.0260760289035501,0.0078542255733584,0.0477536914860193,0.0292177191328934,0.0185359723531259,0.0003141690229343,0.0,0.0003141690229343,0.0006283380458686,0.0006283380458686,0.0,0.0135092679861764,0.0072258875274897,0.0062833804586867,0.0160226201696512,0.0135092679861765,0.0025133521834747,0.0025133521834746,0.0012566760917373,0.0012566760917373,0.002827521206409,0.002827521206409,0.0,0.0091109016650957,0.002827521206409,0.0062833804586867,0.0113100848256361,0.0059692114357524,0.0053408733898837,1410
2026-06-01,2026,6,298,136,162,0,0,0,31,4,27,1,1,0,21,20,1,13,5,8,1,1,0,0,0,0,15,5,10,5,5,0,7,7,0,15,12,3,17,6,11,1,0,1,0,0,0,10,7,3,10,10,0,1,0,1,1,1,0,5,0,5,4,2,2,0.672686230248307,0.3069977426636568,0.3656884875846501,0.0,0.0,0.0,0.0699774266365687,0.0090293453724604,0.0609480812641083,0.0022573363431151,0.0022573363431151,0.0,0.0474040632054175,0.0451467268623024,0.0022573363431151,0.029345372460496504,0.0112866817155756,0.0180586907449209,0.0022573363431151,0.0022573363431151,0.0,0.0,0.0,0.0,0.0338600451467268,0.0112866817155756,0.0225733634311512,0.0112866817155756,0.0112866817155756,0.0,0.0158013544018058,0.0158013544018058,0.0,0.0338600451467267,0.0270880361173814,0.0067720090293453,0.038374717832957,0.0135440180586907,0.0248306997742663,0.0022573363431151,0.0,0.0022573363431151,0.0,0.0,0.0,0.0225733634311511,0.0158013544018058,0.0067720090293453,0.0225733634311512,0.0225733634311512,0.0,0.0022573363431151,0.0,0.0022573363431151,0.0022573363431151,0.0022573363431151,0.0,0.0112866817155756,0.0,0.0112866817155756,0.0090293453724604,0.0045146726862302,0.0045146726862302,217
