date,year,month,-999,cr_-999,nr_-999,activism,cr_activism,nr_activism,arrest,cr_arrest,nr_arrest,censor,cr_censor,nr_censor,cooperate,cr_cooperate,nr_cooperate,corruption,cr_corruption,nr_corruption,coup,cr_coup,nr_coup,defamationcase,cr_defamationcase,nr_defamationcase,disaster,cr_disaster,nr_disaster,electionactivity,cr_electionactivity,nr_electionactivity,electionirregularities,cr_electionirregularities,nr_electionirregularities,legalaction,cr_legalaction,nr_legalaction,legalchange,cr_legalchange,nr_legalchange,martiallaw,cr_martiallaw,nr_martiallaw,mobilizesecurity,cr_mobilizesecurity,nr_mobilizesecurity,protest,cr_protest,nr_protest,purge,cr_purge,nr_purge,raid,cr_raid,nr_raid,threaten,cr_threaten,nr_threaten,violencelethal,cr_violencelethal,nr_violencelethal,violencenonlethal,cr_violencenonlethal,nr_violencenonlethal,-999Norm,cr_-999Norm,nr_-999Norm,activismNorm,cr_activismNorm,nr_activismNorm,arrestNorm,cr_arrestNorm,nr_arrestNorm,censorNorm,cr_censorNorm,nr_censorNorm,cooperateNorm,cr_cooperateNorm,nr_cooperateNorm,corruptionNorm,cr_corruptionNorm,nr_corruptionNorm,coupNorm,cr_coupNorm,nr_coupNorm,defamationcaseNorm,cr_defamationcaseNorm,nr_defamationcaseNorm,disasterNorm,cr_disasterNorm,nr_disasterNorm,electionactivityNorm,cr_electionactivityNorm,nr_electionactivityNorm,electionirregularitiesNorm,cr_electionirregularitiesNorm,nr_electionirregularitiesNorm,legalactionNorm,cr_legalactionNorm,nr_legalactionNorm,legalchangeNorm,cr_legalchangeNorm,nr_legalchangeNorm,martiallawNorm,cr_martiallawNorm,nr_martiallawNorm,mobilizesecurityNorm,cr_mobilizesecurityNorm,nr_mobilizesecurityNorm,protestNorm,cr_protestNorm,nr_protestNorm,purgeNorm,cr_purgeNorm,nr_purgeNorm,raidNorm,cr_raidNorm,nr_raidNorm,threatenNorm,cr_threatenNorm,nr_threatenNorm,violencelethalNorm,cr_violencelethalNorm,nr_violencelethalNorm,violencenonlethalNorm,cr_violencenonlethalNorm,nr_violencenonlethalNorm,total_articles
2012-01-01,2012,1,723,235,488,2,2,0,3,2,1,1,1,0,21,15,6,12,8,4,1,1,0,1,1,0,13,4,9,31,31,0,3,3,0,32,22,10,15,3,12,0,0,0,2,2,0,12,10,2,7,5,2,0,0,0,2,2,0,7,1,6,14,10,4,0.8087248322147651,0.2628635346756152,0.5458612975391499,0.0022371364653243,0.0022371364653243,0.0,0.0033557046979864,0.0022371364653243,0.0011185682326621,0.0011185682326621,0.0011185682326621,0.0,0.0234899328859059,0.0167785234899328,0.0067114093959731,0.013422818791946201,0.0089485458612975,0.0044742729306487,0.0011185682326621,0.0011185682326621,0.0,0.0011185682326621,0.0011185682326621,0.0,0.0145413870246084,0.0044742729306487,0.0100671140939597,0.0346756152125279,0.0346756152125279,0.0,0.0033557046979865,0.0033557046979865,0.0,0.0357941834451901,0.0246085011185682,0.0111856823266219,0.0167785234899328,0.0033557046979865,0.0134228187919463,0.0,0.0,0.0,0.0022371364653243,0.0022371364653243,0.0,0.013422818791946201,0.0111856823266219,0.0022371364653243,0.0078299776286352,0.0055928411633109,0.0022371364653243,0.0,0.0,0.0,0.0022371364653243,0.0022371364653243,0.0,0.0078299776286352,0.0011185682326621,0.0067114093959731,0.0156599552572706,0.0111856823266219,0.0044742729306487,353
2012-02-01,2012,2,542,149,393,0,0,0,6,1,5,0,0,0,16,7,9,8,5,3,1,1,0,3,2,1,5,4,1,12,12,0,3,3,0,21,13,8,15,7,8,1,0,1,5,3,2,9,5,4,4,4,0,0,0,0,4,3,1,7,3,4,10,7,3,0.8174962292609351,0.22473604826546,0.5927601809954751,0.0,0.0,0.0,0.009049773755656,0.0015082956259426,0.0075414781297134,0.0,0.0,0.0,0.0241327300150828,0.0105580693815987,0.0135746606334841,0.0120663650075414,0.0075414781297134,0.004524886877828,0.0015082956259426,0.0015082956259426,0.0,0.0045248868778278994,0.0030165912518853,0.0015082956259426,0.0075414781297133,0.0060331825037707,0.0015082956259426,0.0180995475113122,0.0180995475113122,0.0,0.004524886877828,0.004524886877828,0.0,0.0316742081447963,0.0196078431372549,0.0120663650075414,0.0226244343891401,0.0105580693815987,0.0120663650075414,0.0015082956259426,0.0,0.0015082956259426,0.0075414781297133,0.004524886877828,0.0030165912518853,0.0135746606334841,0.0075414781297134,0.0060331825037707,0.0060331825037707,0.0060331825037707,0.0,0.0,0.0,0.0,0.0060331825037706,0.004524886877828,0.0015082956259426,0.0105580693815987,0.004524886877828,0.0060331825037707,0.0150829562594267,0.0105580693815987,0.004524886877828,224
2012-03-01,2012,3,611,137,474,3,1,2,9,3,6,0,0,0,30,15,15,6,5,1,2,1,1,0,0,0,9,3,6,7,6,1,1,1,0,23,8,15,23,8,15,0,0,0,1,0,1,18,13,5,7,7,0,1,1,0,1,1,0,8,6,2,11,6,5,0.7935064935064935,0.1779220779220779,0.6155844155844156,0.0038961038961036996,0.0012987012987012,0.0025974025974025,0.0116883116883115,0.0038961038961038,0.0077922077922077,0.0,0.0,0.0,0.0389610389610388,0.0194805194805194,0.0194805194805194,0.0077922077922076005,0.0064935064935064,0.0012987012987012,0.0025974025974024,0.0012987012987012,0.0012987012987012,0.0,0.0,0.0,0.0116883116883115,0.0038961038961038,0.0077922077922077,0.0090909090909089,0.0077922077922077,0.0012987012987012,0.0012987012987012,0.0012987012987012,0.0,0.0298701298701297,0.0103896103896103,0.0194805194805194,0.0298701298701297,0.0103896103896103,0.0194805194805194,0.0,0.0,0.0,0.0012987012987012,0.0,0.0012987012987012,0.023376623376623197,0.0168831168831168,0.0064935064935064,0.009090909090909,0.009090909090909,0.0,0.0012987012987012,0.0012987012987012,0.0,0.0012987012987012,0.0012987012987012,0.0,0.0103896103896102,0.0077922077922077,0.0025974025974025,0.0142857142857141,0.0077922077922077,0.0064935064935064,222
2012-04-01,2012,4,507,112,395,3,2,1,5,2,3,0,0,0,11,6,5,8,6,2,3,2,1,0,0,0,19,11,8,12,11,1,1,1,0,21,10,11,15,9,6,0,0,0,1,1,0,7,6,1,0,0,0,1,0,1,1,1,0,14,8,6,4,0,4,0.8086124401913876,0.1786283891547049,0.6299840510366826,0.0047846889952152,0.0031897926634768,0.0015948963317384,0.0079744816586921,0.0031897926634768,0.0047846889952153,0.0,0.0,0.0,0.017543859649122702,0.0095693779904306,0.0079744816586921,0.0127591706539074,0.0095693779904306,0.0031897926634768,0.0047846889952152,0.0031897926634768,0.0015948963317384,0.0,0.0,0.0,0.0303030303030302,0.0175438596491228,0.0127591706539074,0.019138755980861198,0.0175438596491228,0.0015948963317384,0.0015948963317384,0.0015948963317384,0.0,0.0334928229665071,0.0159489633173843,0.0175438596491228,0.0239234449760765,0.0143540669856459,0.0095693779904306,0.0,0.0,0.0,0.0015948963317384,0.0015948963317384,0.0,0.011164274322169002,0.0095693779904306,0.0015948963317384,0.0,0.0,0.0,0.0015948963317384,0.0,0.0015948963317384,0.0015948963317384,0.0015948963317384,0.0,0.022328548644338003,0.0127591706539074,0.0095693779904306,0.0063795853269537,0.0,0.0063795853269537,184
2012-05-01,2012,5,667,189,478,1,0,1,11,5,6,0,0,0,12,6,6,7,5,2,1,1,0,1,0,1,24,8,16,11,11,0,1,1,0,27,18,9,17,13,4,0,0,0,1,1,0,29,21,8,7,6,1,3,0,3,2,1,1,7,4,3,9,6,3,0.8007202881152461,0.226890756302521,0.5738295318127251,0.0012004801920768,0.0,0.0012004801920768,0.013205282112845,0.0060024009603841,0.0072028811524609,0.0,0.0,0.0,0.0144057623049218,0.0072028811524609,0.0072028811524609,0.0084033613445377,0.0060024009603841,0.0024009603841536,0.0012004801920768,0.0012004801920768,0.0,0.0012004801920768,0.0,0.0012004801920768,0.0288115246098438,0.0096038415366146,0.0192076830732292,0.0132052821128451,0.0132052821128451,0.0,0.0012004801920768,0.0012004801920768,0.0,0.0324129651860743,0.0216086434573829,0.0108043217286914,0.020408163265306,0.0156062424969987,0.0048019207683073,0.0,0.0,0.0,0.0012004801920768,0.0012004801920768,0.0,0.034813925570228,0.0252100840336134,0.0096038415366146,0.0084033613445377,0.0072028811524609,0.0012004801920768,0.0036014405762304,0.0,0.0036014405762304,0.0024009603841536,0.0012004801920768,0.0012004801920768,0.0084033613445377,0.0048019207683073,0.0036014405762304,0.0108043217286913,0.0072028811524609,0.0036014405762304,293
2012-06-01,2012,6,436,118,318,0,0,0,10,3,7,0,0,0,8,4,4,6,5,1,1,1,0,0,0,0,7,3,4,8,5,3,1,1,0,21,12,9,18,9,9,1,0,1,4,3,1,11,5,6,4,4,0,0,0,0,2,2,0,4,3,1,1,1,0,0.8089053803339518,0.2189239332096475,0.5899814471243042,0.0,0.0,0.0,0.0185528756957327,0.0055658627087198,0.0129870129870129,0.0,0.0,0.0,0.0148423005565862,0.0074211502782931,0.0074211502782931,0.0111317254174396,0.0092764378478664,0.0018552875695732,0.0018552875695732,0.0018552875695732,0.0,0.0,0.0,0.0,0.012987012987012901,0.0055658627087198,0.0074211502782931,0.0148423005565862,0.0092764378478664,0.0055658627087198,0.0018552875695732,0.0018552875695732,0.0,0.0389610389610389,0.0222634508348794,0.0166975881261595,0.033395176252319,0.0166975881261595,0.0166975881261595,0.0018552875695732,0.0,0.0018552875695732,0.007421150278293,0.0055658627087198,0.0018552875695732,0.0204081632653061,0.0092764378478664,0.0111317254174397,0.0074211502782931,0.0074211502782931,0.0,0.0,0.0,0.0,0.0037105751391465,0.0037105751391465,0.0,0.007421150278293,0.0055658627087198,0.0018552875695732,0.0018552875695732,0.0018552875695732,0.0,175
2012-07-01,2012,7,655,155,500,2,0,2,7,2,5,0,0,0,8,5,3,9,4,5,1,0,1,0,0,0,14,3,11,28,27,1,7,7,0,29,13,16,15,8,7,2,2,0,3,1,2,28,23,5,8,7,1,1,0,1,1,0,1,10,2,8,9,5,4,0.7872596153846153,0.1862980769230769,0.6009615384615384,0.0024038461538461,0.0,0.0024038461538461,0.008413461538461401,0.0024038461538461,0.0060096153846153,0.0,0.0,0.0,0.0096153846153845,0.0060096153846153,0.0036057692307692,0.0108173076923076,0.0048076923076923,0.0060096153846153,0.001201923076923,0.0,0.001201923076923,0.0,0.0,0.0,0.016826923076923,0.0036057692307692,0.0132211538461538,0.033653846153846007,0.032451923076923,0.001201923076923,0.0084134615384615,0.0084134615384615,0.0,0.034855769230769204,0.015625,0.0192307692307692,0.0180288461538461,0.0096153846153846,0.0084134615384615,0.0024038461538461,0.0024038461538461,0.0,0.0036057692307691,0.001201923076923,0.0024038461538461,0.033653846153846,0.0276442307692307,0.0060096153846153,0.0096153846153845,0.0084134615384615,0.001201923076923,0.001201923076923,0.0,0.001201923076923,0.001201923076923,0.0,0.001201923076923,0.0120192307692307,0.0024038461538461,0.0096153846153846,0.0108173076923076,0.0060096153846153,0.0048076923076923,261
2012-08-01,2012,8,579,131,448,0,0,0,14,6,8,0,0,0,14,8,6,21,13,8,1,1,0,0,0,0,36,20,16,29,24,5,4,4,0,55,26,29,12,5,7,1,0,1,4,1,3,25,21,4,9,4,5,1,0,1,2,2,0,15,7,8,10,3,7,0.7086903304773561,0.1603427172582619,0.5483476132190942,0.0,0.0,0.0,0.0171358629130966,0.00734394124847,0.0097919216646266,0.0,0.0,0.0,0.0171358629130966,0.0097919216646266,0.00734394124847,0.0257037943696449,0.0159118727050183,0.0097919216646266,0.0012239902080783,0.0012239902080783,0.0,0.0,0.0,0.0,0.04406364749081999,0.0244798041615667,0.0195838433292533,0.0354957160342716,0.02937576499388,0.0061199510403916,0.0048959608323133,0.0048959608323133,0.0,0.06731946144430839,0.0318237454100367,0.0354957160342717,0.0146878824969399,0.0061199510403916,0.0085679314565483,0.0012239902080783,0.0,0.0012239902080783,0.0048959608323133,0.0012239902080783,0.003671970624235,0.0305997552019583,0.025703794369645,0.0048959608323133,0.011015911872704901,0.0048959608323133,0.0061199510403916,0.0012239902080783,0.0,0.0012239902080783,0.0024479804161566,0.0024479804161566,0.0,0.0183598531211749,0.0085679314565483,0.0097919216646266,0.0122399020807833,0.003671970624235,0.0085679314565483,268
2012-09-01,2012,9,448,111,337,1,1,0,8,3,5,0,0,0,10,9,1,15,9,6,0,0,0,0,0,0,41,30,11,14,12,2,2,2,0,33,17,16,8,5,3,0,0,0,3,2,1,5,5,0,3,3,0,0,0,0,1,1,0,6,2,4,7,5,2,0.7554806070826307,0.1871838111298482,0.5682967959527825,0.0016863406408094,0.0016863406408094,0.0,0.013490725126475499,0.0050590219224283,0.0084317032040472,0.0,0.0,0.0,0.0168634064080943,0.0151770657672849,0.0016863406408094,0.0252951096121415,0.0151770657672849,0.0101180438448566,0.0,0.0,0.0,0.0,0.0,0.0,0.0691399662731871,0.0505902192242833,0.0185497470489038,0.0236087689713321,0.0202360876897133,0.0033726812816188,0.0033726812816188,0.0033726812816188,0.0,0.055649241146711506,0.0286677908937605,0.026981450252951,0.013490725126475499,0.0084317032040472,0.0050590219224283,0.0,0.0,0.0,0.0050590219224282,0.0033726812816188,0.0016863406408094,0.0084317032040472,0.0084317032040472,0.0,0.0050590219224283,0.0050590219224283,0.0,0.0,0.0,0.0,0.0016863406408094,0.0016863406408094,0.0,0.010118043844856501,0.0033726812816188,0.0067453625632377,0.011804384485666,0.0084317032040472,0.0033726812816188,210
2012-10-01,2012,10,529,129,400,0,0,0,9,4,5,0,0,0,11,6,5,4,2,2,0,0,0,0,0,0,10,8,2,43,39,4,2,2,0,17,4,13,12,7,5,0,0,0,0,0,0,11,9,2,3,3,0,1,1,0,1,0,1,7,4,3,9,4,5,0.7931034482758621,0.1934032983508246,0.5997001499250375,0.0,0.0,0.0,0.0134932533733132,0.0059970014992503,0.0074962518740629,0.0,0.0,0.0,0.0164917541229384,0.0089955022488755,0.0074962518740629,0.0059970014992502,0.0029985007496251,0.0029985007496251,0.0,0.0,0.0,0.0,0.0,0.0,0.014992503748125802,0.0119940029985007,0.0029985007496251,0.0644677661169414,0.0584707646176911,0.0059970014992503,0.0029985007496251,0.0029985007496251,0.0,0.025487256371814,0.0059970014992503,0.0194902548725637,0.017991004497751,0.0104947526236881,0.0074962518740629,0.0,0.0,0.0,0.0,0.0,0.0,0.0164917541229384,0.0134932533733133,0.0029985007496251,0.0044977511244377,0.0044977511244377,0.0,0.0014992503748125,0.0014992503748125,0.0,0.0014992503748125,0.0,0.0014992503748125,0.010494752623688,0.0059970014992503,0.0044977511244377,0.0134932533733132,0.0059970014992503,0.0074962518740629,222
2012-11-01,2012,11,644,204,440,2,1,1,6,3,3,0,0,0,19,14,5,9,4,5,0,0,0,0,0,0,18,7,11,40,38,2,5,5,0,20,11,9,23,12,11,0,0,0,5,4,1,16,13,3,4,3,1,0,0,0,1,1,0,4,1,3,4,2,2,0.7882496940024479,0.2496940024479804,0.5385556915544676,0.0024479804161566,0.0012239902080783,0.0012239902080783,0.00734394124847,0.003671970624235,0.003671970624235,0.0,0.0,0.0,0.0232558139534882,0.0171358629130966,0.0061199510403916,0.011015911872704901,0.0048959608323133,0.0061199510403916,0.0,0.0,0.0,0.0,0.0,0.0,0.0220318237454099,0.0085679314565483,0.0134638922888616,0.0489596083231333,0.0465116279069767,0.0024479804161566,0.0061199510403916,0.0061199510403916,0.0,0.0244798041615666,0.0134638922888616,0.011015911872705,0.028151774785801602,0.01468788249694,0.0134638922888616,0.0,0.0,0.0,0.0061199510403916,0.0048959608323133,0.0012239902080783,0.019583843329253302,0.0159118727050183,0.003671970624235,0.0048959608323133,0.003671970624235,0.0012239902080783,0.0,0.0,0.0,0.0012239902080783,0.0012239902080783,0.0,0.0048959608323133,0.0012239902080783,0.003671970624235,0.0048959608323132,0.0024479804161566,0.0024479804161566,321
2012-12-01,2012,12,641,173,468,0,0,0,7,2,5,0,0,0,16,12,4,8,6,2,0,0,0,0,0,0,20,13,7,9,7,2,3,3,0,24,6,18,12,5,7,0,0,0,1,1,0,6,3,3,0,0,0,2,0,2,3,3,0,6,5,1,5,2,3,0.8456464379947229,0.2282321899736147,0.6174142480211082,0.0,0.0,0.0,0.0092348284960421,0.0026385224274406,0.0065963060686015,0.0,0.0,0.0,0.021108179419525003,0.0158311345646438,0.0052770448548812,0.010554089709762501,0.0079155672823219,0.0026385224274406,0.0,0.0,0.0,0.0,0.0,0.0,0.026385224274406302,0.0171503957783641,0.0092348284960422,0.011873350923482802,0.0092348284960422,0.0026385224274406,0.0039577836411609,0.0039577836411609,0.0,0.031662269129287504,0.0079155672823219,0.0237467018469656,0.0158311345646437,0.0065963060686015,0.0092348284960422,0.0,0.0,0.0,0.0013192612137203,0.0013192612137203,0.0,0.0079155672823218,0.0039577836411609,0.0039577836411609,0.0,0.0,0.0,0.0026385224274406,0.0,0.0026385224274406,0.0039577836411609,0.0039577836411609,0.0,0.0079155672823218,0.0065963060686015,0.0013192612137203,0.0065963060686015,0.0026385224274406,0.0039577836411609,237
2013-01-01,2013,1,654,164,490,0,0,0,8,3,5,1,1,0,9,5,4,7,4,3,1,1,0,0,0,0,11,2,9,15,14,1,2,2,0,27,12,15,25,8,17,0,0,0,4,2,2,22,18,4,7,4,3,1,0,1,2,2,0,8,6,2,11,5,6,0.8064118372379777,0.2022194821208384,0.6041923551171393,0.0,0.0,0.0,0.009864364981504201,0.0036991368680641,0.0061652281134401,0.001233045622688,0.001233045622688,0.0,0.0110974106041922,0.0061652281134401,0.0049321824907521,0.0086313193588162,0.0049321824907521,0.0036991368680641,0.001233045622688,0.001233045622688,0.0,0.0,0.0,0.0,0.0135635018495683,0.002466091245376,0.0110974106041923,0.0184956843403205,0.0172626387176325,0.001233045622688,0.002466091245376,0.002466091245376,0.0,0.0332922318125769,0.0147965474722564,0.0184956843403205,0.0308261405672009,0.0098643649815043,0.0209617755856966,0.0,0.0,0.0,0.004932182490752,0.002466091245376,0.002466091245376,0.027127003699136797,0.0221948212083847,0.0049321824907521,0.0086313193588162,0.0049321824907521,0.0036991368680641,0.001233045622688,0.0,0.001233045622688,0.002466091245376,0.002466091245376,0.0,0.009864364981504201,0.0073982737361282,0.002466091245376,0.0135635018495683,0.0061652281134401,0.0073982737361282,251
2013-02-01,2013,2,655,181,474,0,0,0,10,2,8,2,2,0,13,6,7,4,3,1,1,1,0,0,0,0,12,3,9,14,13,1,0,0,0,32,17,15,16,5,11,3,3,0,5,4,1,9,6,3,8,7,1,0,0,0,2,2,0,10,6,4,8,4,4,0.8187500000000001,0.22625,0.5925,0.0,0.0,0.0,0.0125,0.0025,0.01,0.0025,0.0025,0.0,0.01625,0.0075,0.00875,0.005,0.00375,0.00125,0.00125,0.00125,0.0,0.0,0.0,0.0,0.015,0.00375,0.01125,0.0175,0.01625,0.00125,0.0,0.0,0.0,0.04,0.02125,0.01875,0.02,0.00625,0.01375,0.00375,0.00375,0.0,0.00625,0.005,0.00125,0.01125,0.0075,0.00375,0.01,0.00875,0.00125,0.0,0.0,0.0,0.0025,0.0025,0.0,0.0125,0.0075,0.005,0.01,0.005,0.005,262
2013-03-01,2013,3,714,251,463,5,3,2,13,4,9,1,1,0,19,16,3,5,3,2,0,0,0,0,0,0,16,7,9,10,10,0,0,0,0,17,7,10,20,13,7,0,0,0,6,2,4,16,13,3,2,2,0,0,0,0,0,0,0,3,2,1,6,4,2,0.8390129259694477,0.2949471210340775,0.5440658049353702,0.0058754406580493,0.0035252643948296,0.0023501762632197,0.0152761457109282,0.0047003525264394,0.0105757931844888,0.0011750881316098,0.0011750881316098,0.0,0.0223266745005875,0.0188014101057579,0.0035252643948296,0.0058754406580493,0.0035252643948296,0.0023501762632197,0.0,0.0,0.0,0.0,0.0,0.0,0.0188014101057578,0.008225616921269,0.0105757931844888,0.0117508813160987,0.0117508813160987,0.0,0.0,0.0,0.0,0.0199764982373677,0.008225616921269,0.0117508813160987,0.0235017626321973,0.0152761457109283,0.008225616921269,0.0,0.0,0.0,0.007050528789659101,0.0023501762632197,0.0047003525264394,0.0188014101057579,0.0152761457109283,0.0035252643948296,0.0023501762632197,0.0023501762632197,0.0,0.0,0.0,0.0,0.0,0.0,0.0,0.0035252643948295,0.0023501762632197,0.0011750881316098,0.007050528789659101,0.0047003525264394,0.0023501762632197,337
2013-04-01,2013,4,792,209,583,4,1,3,22,8,14,3,3,0,16,10,6,10,10,0,0,0,0,0,0,0,17,5,12,19,18,1,4,4,0,41,24,17,41,22,19,0,0,0,5,5,0,23,19,4,8,7,1,0,0,0,2,2,0,8,4,4,8,5,3,0.776470588235294,0.2049019607843137,0.5715686274509804,0.0039215686274509005,0.0009803921568627,0.0029411764705882,0.0215686274509803,0.0078431372549019,0.0137254901960784,0.0029411764705882,0.0029411764705882,0.0,0.0156862745098038,0.0098039215686274,0.0058823529411764,0.0098039215686274,0.0098039215686274,0.0,0.0,0.0,0.0,0.0,0.0,0.0,0.0166666666666666,0.0049019607843137,0.0117647058823529,0.0186274509803921,0.0176470588235294,0.0009803921568627,0.0039215686274509,0.0039215686274509,0.0,0.0401960784313724,0.0235294117647058,0.0166666666666666,0.040196078431372406,0.0215686274509803,0.0186274509803921,0.0,0.0,0.0,0.0049019607843137,0.0049019607843137,0.0,0.022549019607843,0.0186274509803921,0.0039215686274509,0.0078431372549019,0.0068627450980392,0.0009803921568627,0.0,0.0,0.0,0.0019607843137254,0.0019607843137254,0.0,0.0078431372549018,0.0039215686274509,0.0039215686274509,0.0078431372549019,0.0049019607843137,0.0029411764705882,353
2013-05-01,2013,5,673,183,490,2,2,0,17,7,10,1,0,1,18,11,7,11,10,1,0,0,0,0,0,0,29,9,20,9,8,1,3,3,0,44,29,15,37,12,25,0,0,0,1,1,0,20,16,4,12,11,1,0,0,0,2,2,0,11,5,6,9,6,3,0.7536394176931691,0.2049272116461366,0.5487122060470325,0.0022396416573348,0.0022396416573348,0.0,0.019036954087345903,0.0078387458006718,0.0111982082866741,0.0011198208286674,0.0,0.0011198208286674,0.020156774916013302,0.0123180291153415,0.0078387458006718,0.012318029115341501,0.0111982082866741,0.0011198208286674,0.0,0.0,0.0,0.0,0.0,0.0,0.0324748040313549,0.0100783874580067,0.0223964165733482,0.0100783874580067,0.0089585666293393,0.0011198208286674,0.0033594624860022,0.0033594624860022,0.0,0.0492721164613661,0.0324748040313549,0.0167973124300112,0.041433370660694205,0.0134378499440089,0.0279955207166853,0.0,0.0,0.0,0.0011198208286674,0.0011198208286674,0.0,0.0223964165733482,0.0179171332586786,0.0044792833146696,0.0134378499440089,0.0123180291153415,0.0011198208286674,0.0,0.0,0.0,0.0022396416573348,0.0022396416573348,0.0,0.0123180291153414,0.005599104143337,0.0067189249720044,0.010078387458006599,0.0067189249720044,0.0033594624860022,310
2013-06-01,2013,6,686,205,481,2,1,1,8,2,6,0,0,0,21,13,8,6,6,0,0,0,0,1,1,0,30,15,15,10,9,1,1,1,0,29,16,13,28,11,17,2,1,1,0,0,0,33,24,9,9,6,3,1,0,1,3,2,1,10,3,7,9,4,5,0.7751412429378531,0.231638418079096,0.5435028248587571,0.0022598870056496,0.0011299435028248,0.0011299435028248,0.0090395480225988,0.0022598870056497,0.0067796610169491,0.0,0.0,0.0,0.0237288135593219,0.0146892655367231,0.0090395480225988,0.0067796610169491,0.0067796610169491,0.0,0.0,0.0,0.0,0.0011299435028248,0.0011299435028248,0.0,0.0338983050847456,0.0169491525423728,0.0169491525423728,0.0112994350282485,0.0101694915254237,0.0011299435028248,0.0011299435028248,0.0011299435028248,0.0,0.0327683615819208,0.0180790960451977,0.0146892655367231,0.031638418079096,0.0124293785310734,0.0192090395480226,0.0022598870056496,0.0011299435028248,0.0011299435028248,0.0,0.0,0.0,0.0372881355932203,0.0271186440677966,0.0101694915254237,0.0101694915254236,0.0067796610169491,0.0033898305084745,0.0011299435028248,0.0,0.0011299435028248,0.0033898305084745,0.0022598870056497,0.0011299435028248,0.0112994350282485,0.0033898305084745,0.007909604519774,0.0101694915254236,0.0045197740112994,0.0056497175141242,316
2013-07-01,2013,7,729,267,462,5,4,1,11,6,5,1,1,0,28,16,12,12,11,1,1,1,0,0,0,0,37,6,31,6,5,1,1,1,0,30,23,7,28,14,14,0,0,0,5,2,3,6,5,1,7,4,3,7,7,0,1,1,0,8,5,3,2,2,0,0.7958515283842795,0.2914847161572052,0.5043668122270742,0.0054585152838427,0.0043668122270742,0.0010917030567685,0.012008733624454,0.0065502183406113,0.0054585152838427,0.0010917030567685,0.0010917030567685,0.0,0.0305676855895196,0.0174672489082969,0.0131004366812227,0.0131004366812226,0.0120087336244541,0.0010917030567685,0.0010917030567685,0.0010917030567685,0.0,0.0,0.0,0.0,0.0403930131004366,0.0065502183406113,0.0338427947598253,0.0065502183406112,0.0054585152838427,0.0010917030567685,0.0010917030567685,0.0010917030567685,0.0,0.0327510917030567,0.0251091703056768,0.0076419213973799,0.0305676855895196,0.0152838427947598,0.0152838427947598,0.0,0.0,0.0,0.0054585152838427,0.0021834061135371,0.0032751091703056,0.0065502183406112,0.0054585152838427,0.0010917030567685,0.0076419213973798,0.0043668122270742,0.0032751091703056,0.0076419213973799,0.0076419213973799,0.0,0.0010917030567685,0.0010917030567685,0.0,0.0087336244541483,0.0054585152838427,0.0032751091703056,0.0021834061135371,0.0021834061135371,0.0,373
2013-08-01,2013,8,762,188,574,1,0,1,8,4,4,1,1,0,20,8,12,5,4,1,0,0,0,0,0,0,18,4,14,5,5,0,0,0,0,27,15,12,38,14,24,0,0,0,5,5,0,14,14,0,5,3,2,0,0,0,4,4,0,11,4,7,11,8,3,0.8167202572347267,0.2015005359056806,0.6152197213290461,0.0010718113612004,0.0,0.0010718113612004,0.0085744908896034,0.0042872454448017,0.0042872454448017,0.0010718113612004,0.0010718113612004,0.0,0.0214362272240085,0.0085744908896034,0.0128617363344051,0.0053590568060021,0.0042872454448017,0.0010718113612004,0.0,0.0,0.0,0.0,0.0,0.0,0.0192926045016077,0.0042872454448017,0.015005359056806,0.0053590568060021,0.0053590568060021,0.0,0.0,0.0,0.0,0.028938906752411498,0.0160771704180064,0.0128617363344051,0.0407288317256162,0.015005359056806,0.0257234726688102,0.0,0.0,0.0,0.0053590568060021,0.0053590568060021,0.0,0.015005359056806,0.015005359056806,0.0,0.0053590568060020004,0.0032154340836012,0.0021436227224008,0.0,0.0,0.0,0.0042872454448017,0.0042872454448017,0.0,0.011789924973204701,0.0042872454448017,0.007502679528403,0.0117899249732046,0.0085744908896034,0.0032154340836012,280
2013-09-01,2013,9,1347,304,1043,2,2,0,14,5,9,0,0,0,25,15,10,11,8,3,0,0,0,0,0,0,29,10,19,16,16,0,2,2,0,25,16,9,52,24,28,1,0,1,3,2,1,11,7,4,4,3,1,0,0,0,5,3,2,9,3,6,10,5,5,0.8651252408477842,0.195247270391779,0.6698779704560052,0.0012845215157353,0.0012845215157353,0.0,0.0089916506101476,0.0032113037893384,0.0057803468208092,0.0,0.0,0.0,0.0160565189466923,0.0096339113680154,0.0064226075786769,0.0070648683365445,0.0051380860629415,0.001926782273603,0.0,0.0,0.0,0.0,0.0,0.0,0.018625561978163,0.0064226075786769,0.0122029543994861,0.0102761721258831,0.0102761721258831,0.0,0.0012845215157353,0.0012845215157353,0.0,0.0160565189466923,0.0102761721258831,0.0057803468208092,0.03339755940912,0.0154142581888246,0.0179833012202954,0.0006422607578676,0.0,0.0006422607578676,0.0019267822736029,0.0012845215157353,0.0006422607578676,0.0070648683365445,0.0044958253050738,0.0025690430314707,0.0025690430314706,0.001926782273603,0.0006422607578676,0.0,0.0,0.0,0.0032113037893383,0.001926782273603,0.0012845215157353,0.0057803468208091,0.001926782273603,0.0038535645472061,0.0064226075786768,0.0032113037893384,0.0032113037893384,419
2013-10-01,2013,10,1476,276,1200,2,1,1,17,5,12,1,1,0,24,16,8,12,9,3,0,0,0,0,0,0,48,7,41,15,13,2,1,1,0,58,25,33,56,20,36,0,0,0,6,6,0,16,11,5,5,3,2,2,0,2,5,3,2,9,3,6,10,4,6,0.8415051311288484,0.1573546180159635,0.6841505131128849,0.001140250855188,0.000570125427594,0.000570125427594,0.0096921322690991,0.0028506271379703,0.0068415051311288,0.000570125427594,0.000570125427594,0.0,0.0136830102622576,0.0091220068415051,0.0045610034207525,0.0068415051311288,0.0051311288483466,0.0017103762827822,0.0,0.0,0.0,0.0,0.0,0.0,0.0273660205245152,0.0039908779931584,0.0233751425313568,0.008551881413911,0.0074116305587229,0.0011402508551881,0.000570125427594,0.000570125427594,0.0,0.033067274800456,0.0142531356898517,0.0188141391106043,0.031927023945267904,0.0114025085518814,0.0205245153933865,0.0,0.0,0.0,0.0034207525655644,0.0034207525655644,0.0,0.009122006841505,0.0062713797035347,0.0028506271379703,0.0028506271379703,0.0017103762827822,0.0011402508551881,0.0011402508551881,0.0,0.0011402508551881,0.0028506271379703,0.0017103762827822,0.0011402508551881,0.0051311288483466,0.0017103762827822,0.0034207525655644,0.0057012542759406,0.0022805017103762,0.0034207525655644,398
2013-11-01,2013,11,1547,343,1204,2,0,2,18,10,8,1,1,0,20,12,8,19,14,5,1,0,1,0,0,0,63,11,52,33,29,4,4,3,1,38,21,17,86,70,16,0,0,0,7,5,2,39,35,4,8,7,1,1,1,0,3,3,0,13,7,6,22,15,7,0.8061490359562271,0.1787389265242313,0.6274101094319958,0.0010422094841063,0.0,0.0010422094841063,0.009379885356956701,0.0052110474205315,0.0041688379364252,0.0005211047420531,0.0005211047420531,0.0,0.010422094841063,0.0062532569046378,0.0041688379364252,0.0099009900990098,0.0072954663887441,0.0026055237102657,0.0005211047420531,0.0,0.0005211047420531,0.0,0.0,0.0,0.0328295987493485,0.0057321521625846,0.0270974465867639,0.017196456487754,0.0151120375195414,0.0020844189682126,0.0020844189682125,0.0015633142261594,0.0005211047420531,0.0198019801980197,0.0109431995831162,0.0088587806149035,0.044815007816571,0.0364773319437206,0.0083376758728504,0.0,0.0,0.0,0.0036477331943720005,0.0026055237102657,0.0010422094841063,0.020323084940072903,0.0182386659718603,0.0020844189682126,0.0041688379364251,0.003647733194372,0.0005211047420531,0.0005211047420531,0.0005211047420531,0.0,0.0015633142261594,0.0015633142261594,0.0,0.0067743616466909,0.003647733194372,0.0031266284523189,0.0114643043251692,0.0078165711307972,0.003647733194372,585
2013-12-01,2013,12,1287,254,1033,1,0,1,8,3,5,0,0,0,20,12,8,13,11,2,0,0,0,0,0,0,29,5,24,10,10,0,4,4,0,39,8,31,45,24,21,0,0,0,5,2,3,12,10,2,6,5,1,2,1,1,1,1,0,19,10,9,15,8,7,0.8528827037773359,0.1683233929754804,0.6845593108018555,0.0006626905235255,0.0,0.0006626905235255,0.005301524188203999,0.0019880715705765,0.0033134526176275,0.0,0.0,0.0,0.0132538104705102,0.0079522862823061,0.0053015241882041,0.008614976805831601,0.0072895957587806,0.001325381047051,0.0,0.0,0.0,0.0,0.0,0.0,0.0192180251822398,0.0033134526176275,0.0159045725646123,0.0066269052352551,0.0066269052352551,0.0,0.002650762094102,0.002650762094102,0.0,0.025844930417495,0.0053015241882041,0.0205434062292909,0.029821073558648,0.0159045725646123,0.0139165009940357,0.0,0.0,0.0,0.0033134526176275,0.001325381047051,0.0019880715705765,0.0079522862823061,0.0066269052352551,0.001325381047051,0.0039761431411530004,0.0033134526176275,0.0006626905235255,0.001325381047051,0.0006626905235255,0.0006626905235255,0.0006626905235255,0.0006626905235255,0.0,0.0125911199469847,0.0066269052352551,0.0059642147117296,0.0099403578528826,0.0053015241882041,0.0046388336646785,363
2014-01-01,2014,1,715,158,557,0,0,0,7,4,3,0,0,0,10,5,5,2,1,1,0,0,0,0,0,0,10,3,7,7,6,1,0,0,0,13,4,9,27,21,6,0,0,0,0,0,0,11,9,2,5,3,2,2,1,1,0,0,0,4,1,3,4,2,2,0.8773006134969326,0.1938650306748466,0.6834355828220859,0.0,0.0,0.0,0.008588957055214699,0.0049079754601227,0.003680981595092,0.0,0.0,0.0,0.0122699386503066,0.0061349693251533,0.0061349693251533,0.0024539877300612,0.0012269938650306,0.0012269938650306,0.0,0.0,0.0,0.0,0.0,0.0,0.0122699386503067,0.003680981595092,0.0085889570552147,0.0085889570552146,0.007361963190184,0.0012269938650306,0.0,0.0,0.0,0.0159509202453987,0.0049079754601227,0.011042944785276,0.0331288343558281,0.0257668711656441,0.007361963190184,0.0,0.0,0.0,0.0,0.0,0.0,0.0134969325153373,0.011042944785276,0.0024539877300613,0.0061349693251533,0.003680981595092,0.0024539877300613,0.0024539877300612,0.0012269938650306,0.0012269938650306,0.0,0.0,0.0,0.0049079754601226,0.0012269938650306,0.003680981595092,0.0049079754601226,0.0024539877300613,0.0024539877300613,217
2014-02-01,2014,2,654,129,525,3,1,2,9,6,3,0,0,0,16,10,6,7,5,2,1,1,0,0,0,0,19,10,9,21,18,3,3,3,0,21,13,8,18,10,8,0,0,0,4,2,2,8,8,0,2,2,0,0,0,0,1,1,0,1,1,0,8,7,1,0.8236775818639799,0.1624685138539043,0.6612090680100756,0.0037783375314860996,0.0012594458438287,0.0025188916876574,0.0113350125944583,0.0075566750629722,0.0037783375314861,0.0,0.0,0.0,0.0201511335012593,0.0125944584382871,0.0075566750629722,0.0088161209068009,0.0062972292191435,0.0025188916876574,0.0012594458438287,0.0012594458438287,0.0,0.0,0.0,0.0,0.0239294710327455,0.0125944584382871,0.0113350125944584,0.0264483627204029,0.0226700251889168,0.0037783375314861,0.0037783375314861,0.0037783375314861,0.0,0.026448362720402997,0.0163727959697733,0.0100755667506297,0.022670025188916802,0.0125944584382871,0.0100755667506297,0.0,0.0,0.0,0.0050377833753148,0.0025188916876574,0.0025188916876574,0.0100755667506297,0.0100755667506297,0.0,0.0025188916876574,0.0025188916876574,0.0,0.0,0.0,0.0,0.0012594458438287,0.0012594458438287,0.0,0.0012594458438287,0.0012594458438287,0.0,0.0100755667506297,0.008816120906801,0.0012594458438287,226
2014-03-01,2014,3,1648,340,1308,6,5,1,27,7,20,0,0,0,35,24,11,13,7,6,0,0,0,1,0,1,44,20,24,40,37,3,10,9,1,53,20,33,34,16,18,0,0,0,12,7,5,21,20,1,5,4,1,3,1,2,3,2,1,16,8,8,11,2,9,0.835276229092752,0.1723264064875823,0.6629498226051698,0.0030410542321338,0.0025342118601115,0.0005068423720223,0.0136847440446021,0.0035478966041561,0.010136847440446,0.0,0.0,0.0,0.0177394830207805,0.0121642169285352,0.0055752660922453,0.0065889508362899,0.0035478966041561,0.0030410542321338,0.0,0.0,0.0,0.0005068423720223,0.0,0.0005068423720223,0.022301064368981202,0.010136847440446,0.0121642169285352,0.020273694880892,0.0187531677648251,0.0015205271160669,0.005068423720223,0.0045615813482007,0.0005068423720223,0.0268626457171819,0.010136847440446,0.0167257982767359,0.0172326406487582,0.0081094779523568,0.0091231626964014,0.0,0.0,0.0,0.0060821084642676,0.0035478966041561,0.0025342118601115,0.0106436898124683,0.010136847440446,0.0005068423720223,0.0025342118601115,0.0020273694880892,0.0005068423720223,0.0015205271160668998,0.0005068423720223,0.0010136847440446,0.0015205271160668998,0.0010136847440446,0.0005068423720223,0.0081094779523568,0.0040547389761784,0.0040547389761784,0.0055752660922453005,0.0010136847440446,0.0045615813482007,526
2014-04-01,2014,4,1400,262,1138,2,2,0,17,4,13,1,0,1,33,23,10,5,3,2,0,0,0,0,0,0,122,76,46,27,25,2,1,1,0,33,11,22,27,12,15,1,1,0,10,8,2,9,7,2,8,6,2,3,2,1,1,1,0,18,6,12,16,4,12,0.8078476630121177,0.1511829197922677,0.65666474321985,0.0011540680900173,0.0011540680900173,0.0,0.0098095787651471,0.0023081361800346,0.0075014425851125,0.0005770340450086,0.0,0.0005770340450086,0.0190421234852855,0.013271783035199,0.0057703404500865,0.0028851702250432,0.0017311021350259,0.0011540680900173,0.0,0.0,0.0,0.0,0.0,0.0,0.07039815349105591,0.0438545874206578,0.0265435660703981,0.015579919215233601,0.0144258511252163,0.0011540680900173,0.0005770340450086,0.0005770340450086,0.0,0.0190421234852856,0.0063473744950952,0.0126947489901904,0.0155799192152336,0.0069244085401038,0.0086555106751298,0.0005770340450086,0.0005770340450086,0.0,0.005770340450086501,0.0046162723600692,0.0011540680900173,0.0051933064050778,0.0040392383150605,0.0011540680900173,0.0046162723600692,0.0034622042700519,0.0011540680900173,0.0017311021350259002,0.0011540680900173,0.0005770340450086,0.0005770340450086,0.0005770340450086,0.0,0.0103866128101557,0.0034622042700519,0.0069244085401038,0.0092325447201384,0.0023081361800346,0.0069244085401038,453
2014-05-01,2014,5,1513,276,1237,3,2,1,14,4,10,2,1,1,33,24,9,17,10,7,1,1,0,0,0,0,47,12,35,23,21,2,3,3,0,54,23,31,31,4,27,1,1,0,3,1,2,21,15,6,8,7,1,5,3,2,3,1,2,12,4,8,14,4,10,0.8410227904391328,0.1534185658699277,0.6876042245692051,0.0016675931072816998,0.0011117287381878,0.0005558643690939,0.0077821011673151,0.0022234574763757,0.0055586436909394,0.0011117287381878,0.0005558643690939,0.0005558643690939,0.0183435241800999,0.0133407448582545,0.0050027793218454,0.009449694274596899,0.0055586436909394,0.0038910505836575,0.0005558643690939,0.0005558643690939,0.0,0.0,0.0,0.0,0.0261256253474151,0.0066703724291272,0.0194552529182879,0.0127848804891605,0.0116731517509727,0.0011117287381878,0.0016675931072818,0.0016675931072818,0.0,0.030016675931072698,0.0127848804891606,0.0172317954419121,0.0172317954419121,0.0022234574763757,0.0150083379655364,0.0005558643690939,0.0005558643690939,0.0,0.0016675931072816998,0.0005558643690939,0.0011117287381878,0.0116731517509727,0.0083379655364091,0.0033351862145636,0.0044469149527514,0.0038910505836575,0.0005558643690939,0.0027793218454696,0.0016675931072818,0.0011117287381878,0.0016675931072816998,0.0005558643690939,0.0011117287381878,0.0066703724291272,0.0022234574763757,0.0044469149527515,0.0077821011673151,0.0022234574763757,0.0055586436909394,411
2014-06-01,2014,6,1320,233,1087,4,2,2,20,3,17,0,0,0,23,15,8,14,13,1,3,2,1,0,0,0,38,12,26,20,18,2,1,1,0,42,17,25,39,16,23,0,0,0,2,1,1,25,15,10,4,4,0,2,0,2,0,0,0,12,5,7,6,3,3,0.8413001912045888,0.1485022307202039,0.6927979604843849,0.0025493945188016,0.0012746972594008,0.0012746972594008,0.012746972594008801,0.0019120458891013,0.0108349267049075,0.0,0.0,0.0,0.0146590184831101,0.0095602294455066,0.0050987890376035,0.0089228808158062,0.0082855321861058,0.0006373486297004,0.0019120458891012,0.0012746972594008,0.0006373486297004,0.0,0.0,0.0,0.024219247928616898,0.0076481835564053,0.0165710643722116,0.0127469725940088,0.011472275334608,0.0012746972594008,0.0006373486297004,0.0006373486297004,0.0,0.026768642447418597,0.0108349267049075,0.0159337157425111,0.0248565965583173,0.0101975780752071,0.0146590184831102,0.0,0.0,0.0,0.0012746972594008,0.0006373486297004,0.0006373486297004,0.015933715742510998,0.0095602294455066,0.0063734862970044,0.0025493945188017,0.0025493945188017,0.0,0.0012746972594008,0.0,0.0012746972594008,0.0,0.0,0.0,0.0076481835564053,0.0031867431485022,0.0044614404079031,0.0038240917782026,0.0019120458891013,0.0019120458891013,355
2014-07-01,2014,7,1460,294,1166,3,3,0,26,12,14,0,0,0,16,10,6,13,10,3,0,0,0,0,0,0,39,11,28,12,11,1,1,1,0,45,18,27,22,9,13,0,0,0,4,2,2,19,13,6,14,11,3,3,0,3,5,5,0,21,10,11,25,16,9,0.8478513356562136,0.1707317073170731,0.6771196283391405,0.0017421602787456,0.0017421602787456,0.0,0.0150987224157955,0.0069686411149825,0.008130081300813,0.0,0.0,0.0,0.009291521486643299,0.0058072009291521,0.0034843205574912,0.0075493612078977,0.0058072009291521,0.0017421602787456,0.0,0.0,0.0,0.0,0.0,0.0,0.0226480836236933,0.0063879210220673,0.016260162601626,0.0069686411149824995,0.0063879210220673,0.0005807200929152,0.0005807200929152,0.0005807200929152,0.0,0.0261324041811846,0.0104529616724738,0.0156794425087108,0.012775842044134601,0.0052264808362369,0.0075493612078977,0.0,0.0,0.0,0.0023228803716608,0.0011614401858304,0.0011614401858304,0.0110336817653889,0.0075493612078977,0.0034843205574912,0.0081300813008129,0.0063879210220673,0.0017421602787456,0.0017421602787456,0.0,0.0017421602787456,0.002903600464576,0.002903600464576,0.0,0.0121951219512194,0.0058072009291521,0.0063879210220673,0.014518002322880301,0.0092915214866434,0.0052264808362369,431
2014-08-01,2014,8,1475,250,1225,5,4,1,24,6,18,0,0,0,31,14,17,7,5,2,1,1,0,0,0,0,76,29,47,12,11,1,1,1,0,42,22,20,33,10,23,0,0,0,9,2,7,14,10,4,6,5,1,3,3,0,3,2,1,15,10,5,20,12,8,0.8314543404735061,0.1409244644870349,0.6905298759864712,0.0028184892897406,0.0022547914317925,0.0005636978579481,0.0135287485907553,0.0033821871476888,0.0101465614430665,0.0,0.0,0.0,0.0174746335963922,0.0078917700112739,0.0095828635851183,0.0039458850056368,0.0028184892897406,0.0011273957158962,0.0005636978579481,0.0005636978579481,0.0,0.0,0.0,0.0,0.042841037204058505,0.016347237880496,0.0264937993235625,0.0067643742953776,0.0062006764374295,0.0005636978579481,0.0005636978579481,0.0005636978579481,0.0,0.0236753100338217,0.012401352874859,0.0112739571589627,0.0186020293122885,0.0056369785794813,0.0129650507328072,0.0,0.0,0.0,0.0050732807215331,0.0011273957158962,0.0039458850056369,0.0078917700112738,0.0056369785794813,0.0022547914317925,0.0033821871476887,0.0028184892897406,0.0005636978579481,0.0016910935738444,0.0016910935738444,0.0,0.0016910935738443,0.0011273957158962,0.0005636978579481,0.0084554678692219,0.0056369785794813,0.0028184892897406,0.0112739571589627,0.0067643742953776,0.0045095828635851,395
2014-09-01,2014,9,1313,230,1083,5,1,4,22,6,16,1,1,0,22,11,11,11,10,1,0,0,0,0,0,0,46,13,33,13,11,2,2,2,0,31,11,20,33,14,19,2,2,0,9,6,3,13,6,7,4,3,1,4,1,3,0,0,0,20,12,8,17,6,11,0.8405889884763125,0.147247119078105,0.6933418693982074,0.0032010243277848,0.0006402048655569,0.0025608194622279,0.014084507042253398,0.0038412291933418,0.0102432778489116,0.0006402048655569,0.0006402048655569,0.0,0.0140845070422534,0.0070422535211267,0.0070422535211267,0.007042253521126599,0.0064020486555697,0.0006402048655569,0.0,0.0,0.0,0.0,0.0,0.0,0.0294494238156209,0.0083226632522407,0.0211267605633802,0.008322663252240601,0.0070422535211267,0.0012804097311139,0.0012804097311139,0.0012804097311139,0.0,0.0198463508322662,0.0070422535211267,0.0128040973111395,0.0211267605633801,0.0089628681177976,0.0121638924455825,0.0012804097311139,0.0012804097311139,0.0,0.0057618437900127,0.0038412291933418,0.0019206145966709,0.008322663252240601,0.0038412291933418,0.0044814340588988,0.0025608194622278,0.0019206145966709,0.0006402048655569,0.0025608194622278,0.0006402048655569,0.0019206145966709,0.0,0.0,0.0,0.0128040973111395,0.0076824583866837,0.0051216389244558,0.0108834827144685,0.0038412291933418,0.0070422535211267,341
2014-10-01,2014,10,922,187,735,1,1,0,10,3,7,0,0,0,20,17,3,6,5,1,1,0,1,0,0,0,73,47,26,10,10,0,0,0,0,28,12,16,15,6,9,0,0,0,6,2,4,18,9,9,4,3,1,3,0,3,1,0,1,6,4,2,9,5,4,0.815207780725022,0.165340406719717,0.649867374005305,0.0008841732979664,0.0008841732979664,0.0,0.008841732979664,0.0026525198938992,0.0061892130857648,0.0,0.0,0.0,0.017683465959328,0.0150309460654288,0.0026525198938992,0.0053050397877984,0.004420866489832,0.0008841732979664,0.0008841732979664,0.0,0.0008841732979664,0.0,0.0,0.0,0.0645446507515472,0.0415561450044208,0.0229885057471264,0.008841732979664,0.008841732979664,0.0,0.0,0.0,0.0,0.024756852343059202,0.0106100795755968,0.0141467727674624,0.013262599469496001,0.0053050397877984,0.0079575596816976,0.0,0.0,0.0,0.0053050397877983995,0.0017683465959328,0.0035366931918656,0.0159151193633952,0.0079575596816976,0.0079575596816976,0.0035366931918656003,0.0026525198938992,0.0008841732979664,0.0026525198938992,0.0,0.0026525198938992,0.0008841732979664,0.0,0.0008841732979664,0.0053050397877983995,0.0035366931918656,0.0017683465959328,0.0079575596816976,0.004420866489832,0.0035366931918656,310
2014-11-01,2014,11,916,196,720,0,0,0,16,4,12,2,2,0,18,12,6,9,6,3,1,1,0,0,0,0,50,14,36,9,8,1,1,1,0,27,16,11,23,7,16,0,0,0,1,0,1,11,7,4,3,3,0,0,0,0,1,1,0,11,4,7,12,5,7,0.8304623753399818,0.1776971894832275,0.6527651858567544,0.0,0.0,0.0,0.014505893019038901,0.0036264732547597,0.0108794197642792,0.0018132366273798,0.0018132366273798,0.0,0.016319129646418802,0.0108794197642792,0.0054397098821396,0.008159564823209401,0.0054397098821396,0.0027198549410698,0.0009066183136899,0.0009066183136899,0.0,0.0,0.0,0.0,0.0453309156844968,0.0126926563916591,0.0326382592928377,0.0081595648232093,0.0072529465095194,0.0009066183136899,0.0009066183136899,0.0009066183136899,0.0,0.0244786944696282,0.0145058930190389,0.0099728014505893,0.020852221214868398,0.0063463281958295,0.0145058930190389,0.0,0.0,0.0,0.0009066183136899,0.0,0.0009066183136899,0.009972801450589201,0.0063463281958295,0.0036264732547597,0.0027198549410698,0.0027198549410698,0.0,0.0,0.0,0.0,0.0009066183136899,0.0009066183136899,0.0,0.009972801450589201,0.0036264732547597,0.0063463281958295,0.0108794197642791,0.0045330915684496,0.0063463281958295,282
2014-12-01,2014,12,890,192,698,0,0,0,13,5,8,0,0,0,13,9,4,6,5,1,0,0,0,0,0,0,30,7,23,10,10,0,0,0,0,15,8,7,12,7,5,3,0,3,4,4,0,22,18,4,3,3,0,1,0,1,3,1,2,9,1,8,12,4,8,0.8516746411483254,0.1837320574162679,0.6679425837320574,0.0,0.0,0.0,0.0124401913875597,0.0047846889952153,0.0076555023923444,0.0,0.0,0.0,0.0124401913875597,0.0086124401913875,0.0038277511961722,0.0057416267942583,0.0047846889952153,0.000956937799043,0.0,0.0,0.0,0.0,0.0,0.0,0.0287081339712918,0.0066985645933014,0.0220095693779904,0.0095693779904306,0.0095693779904306,0.0,0.0,0.0,0.0,0.0143540669856458,0.0076555023923444,0.0066985645933014,0.0114832535885167,0.0066985645933014,0.0047846889952153,0.0028708133971291,0.0,0.0028708133971291,0.0038277511961722,0.0038277511961722,0.0,0.021052631578947302,0.0172248803827751,0.0038277511961722,0.0028708133971291,0.0028708133971291,0.0,0.000956937799043,0.0,0.000956937799043,0.0028708133971291,0.000956937799043,0.0019138755980861,0.0086124401913874,0.000956937799043,0.0076555023923444,0.011483253588516599,0.0038277511961722,0.0076555023923444,273
2015-01-01,2015,1,908,184,724,3,2,1,8,3,5,2,0,2,14,9,5,5,5,0,0,0,0,0,0,0,23,5,18,14,13,1,2,2,0,30,10,20,17,8,9,1,0,1,6,1,5,12,10,2,5,3,2,0,0,0,6,4,2,16,9,7,17,10,7,0.8360957642725598,0.1694290976058932,0.6666666666666666,0.0027624309392265,0.001841620626151,0.0009208103130755,0.007366482504604,0.0027624309392265,0.0046040515653775,0.001841620626151,0.0,0.001841620626151,0.012891344383057,0.0082872928176795,0.0046040515653775,0.0046040515653775,0.0046040515653775,0.0,0.0,0.0,0.0,0.0,0.0,0.0,0.0211786372007366,0.0046040515653775,0.0165745856353591,0.012891344383057,0.0119705340699815,0.0009208103130755,0.001841620626151,0.001841620626151,0.0,0.0276243093922651,0.009208103130755,0.0184162062615101,0.0156537753222835,0.007366482504604,0.0082872928176795,0.0009208103130755,0.0,0.0009208103130755,0.005524861878452999,0.0009208103130755,0.0046040515653775,0.011049723756905999,0.009208103130755,0.001841620626151,0.0046040515653775,0.0027624309392265,0.001841620626151,0.0,0.0,0.0,0.005524861878453,0.003683241252302,0.001841620626151,0.014732965009208,0.0082872928176795,0.0064456721915285,0.0156537753222835,0.009208103130755,0.0064456721915285,275
2015-02-01,2015,2,825,161,664,4,1,3,23,6,17,0,0,0,16,13,3,6,4,2,2,1,1,0,0,0,24,9,15,5,4,1,1,0,1,23,8,15,21,11,10,0,0,0,1,1,0,9,7,2,7,4,3,0,0,0,0,0,0,16,6,10,4,3,1,0.8392675483214649,0.1637843336724313,0.6754832146490336,0.0040691759918616,0.0010172939979654,0.0030518819938962,0.0233977619532044,0.0061037639877924,0.017293997965412,0.0,0.0,0.0,0.0162767039674465,0.0132248219735503,0.0030518819938962,0.0061037639877924,0.0040691759918616,0.0020345879959308,0.0020345879959308,0.0010172939979654,0.0010172939979654,0.0,0.0,0.0,0.0244150559511698,0.0091556459816887,0.0152594099694811,0.0050864699898270005,0.0040691759918616,0.0010172939979654,0.0010172939979654,0.0,0.0010172939979654,0.0233977619532043,0.0081383519837232,0.0152594099694811,0.0213631739572736,0.0111902339776195,0.0101729399796541,0.0,0.0,0.0,0.0010172939979654,0.0010172939979654,0.0,0.0091556459816886,0.0071210579857578,0.0020345879959308,0.0071210579857578,0.0040691759918616,0.0030518819938962,0.0,0.0,0.0,0.0,0.0,0.0,0.0162767039674465,0.0061037639877924,0.0101729399796541,0.0040691759918616,0.0030518819938962,0.0010172939979654,237
2015-03-01,2015,3,1060,206,854,2,2,0,14,2,12,2,2,0,30,20,10,12,8,4,0,0,0,0,0,0,45,13,32,10,9,1,0,0,0,40,16,24,19,4,15,0,0,0,7,3,4,15,12,3,7,6,1,1,0,1,2,2,0,15,2,13,15,2,13,0.8185328185328185,0.159073359073359,0.6594594594594595,0.0015444015444015,0.0015444015444015,0.0,0.0108108108108107,0.0015444015444015,0.0092664092664092,0.0015444015444015,0.0015444015444015,0.0,0.0231660231660231,0.0154440154440154,0.0077220077220077,0.0092664092664091,0.0061776061776061,0.003088803088803,0.0,0.0,0.0,0.0,0.0,0.0,0.0347490347490347,0.01003861003861,0.0247104247104247,0.0077220077220076,0.0069498069498069,0.0007722007722007,0.0,0.0,0.0,0.0308880308880308,0.0123552123552123,0.0185328185328185,0.014671814671814498,0.003088803088803,0.0115830115830115,0.0,0.0,0.0,0.0054054054054053,0.0023166023166023,0.003088803088803,0.011583011583011501,0.0092664092664092,0.0023166023166023,0.0054054054054053,0.0046332046332046,0.0007722007722007,0.0007722007722007,0.0,0.0007722007722007,0.0015444015444015,0.0015444015444015,0.0,0.011583011583011501,0.0015444015444015,0.01003861003861,0.011583011583011501,0.0015444015444015,0.01003861003861,307
2015-04-01,2015,4,948,180,768,0,0,0,24,5,19,0,0,0,14,8,6,6,5,1,0,0,0,0,0,0,62,18,44,10,9,1,0,0,0,21,10,11,11,3,8,3,1,2,3,2,1,13,8,5,4,2,2,2,1,1,0,0,0,20,2,18,13,6,7,0.8222029488291414,0.1561144839549002,0.6660884648742411,0.0,0.0,0.0,0.020815264527319903,0.0043365134431916,0.0164787510841283,0.0,0.0,0.0,0.012142237640936599,0.0069384215091066,0.00520381613183,0.005203816131829899,0.0043365134431916,0.0008673026886383,0.0,0.0,0.0,0.0,0.0,0.0,0.0537727666955767,0.01561144839549,0.0381613183000867,0.0086730268863833,0.007805724197745,0.0008673026886383,0.0,0.0,0.0,0.0182133564614049,0.0086730268863833,0.0095403295750216,0.0095403295750216,0.002601908065915,0.0069384215091066,0.0026019080659149,0.0008673026886383,0.0017346053772766,0.0026019080659149,0.0017346053772766,0.0008673026886383,0.011274934952298199,0.0069384215091066,0.0043365134431916,0.0034692107545532,0.0017346053772766,0.0017346053772766,0.0017346053772766,0.0008673026886383,0.0008673026886383,0.0,0.0,0.0,0.0173460537727666,0.0017346053772766,0.01561144839549,0.0112749349522983,0.00520381613183,0.0060711188204683,259
2015-05-01,2015,5,935,188,747,1,1,0,19,3,16,1,1,0,25,13,12,7,7,0,1,1,0,2,1,1,69,33,36,12,11,1,0,0,0,33,14,19,15,6,9,0,0,0,5,3,2,19,13,6,5,5,0,3,1,2,3,3,0,18,2,16,11,3,8,0.7937181663837012,0.1595925297113752,0.634125636672326,0.0008488964346349,0.0008488964346349,0.0,0.0161290322580644,0.0025466893039049,0.0135823429541595,0.0008488964346349,0.0008488964346349,0.0,0.0212224108658742,0.0110356536502546,0.0101867572156196,0.0059422750424448,0.0059422750424448,0.0,0.0008488964346349,0.0008488964346349,0.0,0.0016977928692698,0.0008488964346349,0.0008488964346349,0.0585738539898131,0.0280135823429541,0.030560271646859,0.0101867572156196,0.0093378607809847,0.0008488964346349,0.0,0.0,0.0,0.028013582342954098,0.0118845500848896,0.0161290322580645,0.012733446519524499,0.0050933786078098,0.0076400679117147,0.0,0.0,0.0,0.0042444821731748,0.0025466893039049,0.0016977928692699,0.016129032258064398,0.0110356536502546,0.0050933786078098,0.0042444821731748,0.0042444821731748,0.0,0.0025466893039048,0.0008488964346349,0.0016977928692699,0.0025466893039049,0.0025466893039049,0.0,0.015280135823429401,0.0016977928692699,0.0135823429541595,0.0093378607809846,0.0025466893039049,0.0067911714770797,304
2015-06-01,2015,6,870,214,656,4,3,1,29,8,21,0,0,0,20,11,9,7,7,0,1,1,0,1,1,0,75,37,38,16,16,0,1,1,0,40,16,24,11,7,4,0,0,0,3,2,1,30,18,12,3,2,1,2,2,0,2,2,0,20,5,15,9,4,5,0.7618213660245182,0.1873905429071803,0.574430823117338,0.0035026269702276,0.0026269702276707,0.0008756567425569,0.0253940455341505,0.0070052539404553,0.0183887915936952,0.0,0.0,0.0,0.0175131348511382,0.009632224168126,0.0078809106830122,0.0061295971978984,0.0061295971978984,0.0,0.0008756567425569,0.0008756567425569,0.0,0.0008756567425569,0.0008756567425569,0.0,0.06567425569176871,0.0323992994746059,0.0332749562171628,0.0140105078809106,0.0140105078809106,0.0,0.0008756567425569,0.0008756567425569,0.0,0.0350262697022766,0.0140105078809106,0.021015761821366,0.009632224168126,0.0061295971978984,0.0035026269702276,0.0,0.0,0.0,0.0026269702276707,0.0017513134851138,0.0008756567425569,0.026269702276707503,0.0157618213660245,0.010507880910683,0.0026269702276707,0.0017513134851138,0.0008756567425569,0.0017513134851138,0.0017513134851138,0.0,0.0017513134851138,0.0017513134851138,0.0,0.0175131348511382,0.0043782837127845,0.0131348511383537,0.0078809106830121,0.0035026269702276,0.0043782837127845,355
2015-07-01,2015,7,954,205,749,4,4,0,20,9,11,0,0,0,10,5,5,7,6,1,1,0,1,0,0,0,45,22,23,17,14,3,0,0,0,22,9,13,10,6,4,0,0,0,8,5,3,30,21,9,3,2,1,2,2,0,0,0,0,38,9,29,18,8,10,0.803030303030303,0.1725589225589225,0.6304713804713805,0.0033670033670033,0.0033670033670033,0.0,0.0168350168350167,0.0075757575757575,0.0092592592592592,0.0,0.0,0.0,0.0084175084175084,0.0042087542087542,0.0042087542087542,0.0058922558922557995,0.005050505050505,0.0008417508417508,0.0008417508417508,0.0,0.0008417508417508,0.0,0.0,0.0,0.037878787878787804,0.0185185185185185,0.0193602693602693,0.0143097643097642,0.0117845117845117,0.0025252525252525,0.0,0.0,0.0,0.0185185185185184,0.0075757575757575,0.0109427609427609,0.0084175084175083,0.005050505050505,0.0033670033670033,0.0,0.0,0.0,0.0067340067340067,0.0042087542087542,0.0025252525252525,0.0252525252525251,0.0176767676767676,0.0075757575757575,0.0025252525252524,0.0016835016835016,0.0008417508417508,0.0016835016835016,0.0016835016835016,0.0,0.0,0.0,0.0,0.031986531986531896,0.0075757575757575,0.0244107744107744,0.0151515151515151,0.0067340067340067,0.0084175084175084,326
2015-08-01,2015,8,898,151,747,2,1,1,12,3,9,0,0,0,13,7,6,15,10,5,2,0,2,0,0,0,57,18,39,6,6,0,1,1,0,44,15,29,9,3,6,1,1,0,4,2,2,19,16,3,9,8,1,2,0,2,4,2,2,26,12,14,15,2,13,0.7932862190812722,0.1333922261484099,0.6598939929328622,0.0017667844522968,0.0008833922261484,0.0008833922261484,0.0106007067137808,0.0026501766784452,0.0079505300353356,0.0,0.0,0.0,0.011484098939929199,0.0061837455830388,0.0053003533568904,0.0132508833922261,0.0088339222614841,0.004416961130742,0.0017667844522968,0.0,0.0017667844522968,0.0,0.0,0.0,0.050353356890459194,0.0159010600706713,0.0344522968197879,0.0053003533568904,0.0053003533568904,0.0,0.0008833922261484,0.0008833922261484,0.0,0.038869257950529895,0.0132508833922261,0.0256183745583038,0.0079505300353356,0.0026501766784452,0.0053003533568904,0.0008833922261484,0.0008833922261484,0.0,0.0035335689045936,0.0017667844522968,0.0017667844522968,0.0167844522968197,0.0141342756183745,0.0026501766784452,0.0079505300353356,0.0070671378091872,0.0008833922261484,0.0017667844522968,0.0,0.0017667844522968,0.0035335689045936,0.0017667844522968,0.0017667844522968,0.0229681978798586,0.0106007067137809,0.0123674911660777,0.013250883392226099,0.0017667844522968,0.0114840989399293,253
2015-09-01,2015,9,1169,248,921,1,1,0,24,8,16,3,3,0,20,12,8,6,2,4,0,0,0,1,0,1,62,26,36,15,13,2,0,0,0,45,19,26,23,5,18,1,0,1,4,3,1,21,13,8,2,2,0,0,0,0,1,1,0,23,6,17,18,11,7,0.8152022315202232,0.1729428172942817,0.6422594142259415,0.000697350069735,0.000697350069735,0.0,0.0167364016736401,0.00557880055788,0.0111576011157601,0.002092050209205,0.002092050209205,0.0,0.013947001394699999,0.00836820083682,0.00557880055788,0.00418410041841,0.00139470013947,0.00278940027894,0.0,0.0,0.0,0.000697350069735,0.0,0.000697350069735,0.043235704323570295,0.0181311018131101,0.0251046025104602,0.010460251046025,0.009065550906555,0.00139470013947,0.0,0.0,0.0,0.0313807531380752,0.0132496513249651,0.0181311018131101,0.016039051603905098,0.003486750348675,0.0125523012552301,0.000697350069735,0.0,0.000697350069735,0.00278940027894,0.002092050209205,0.000697350069735,0.014644351464435,0.009065550906555,0.00557880055788,0.00139470013947,0.00139470013947,0.0,0.0,0.0,0.0,0.000697350069735,0.000697350069735,0.0,0.016039051603905098,0.00418410041841,0.0118549511854951,0.012552301255229999,0.007670850767085,0.004881450488145,372
2015-10-01,2015,10,1116,235,881,2,0,2,21,4,17,2,2,0,23,16,7,4,3,1,0,0,0,0,0,0,40,8,32,16,15,1,0,0,0,35,17,18,25,12,13,1,1,0,2,1,1,36,28,8,6,2,4,1,1,0,1,1,0,24,7,17,26,14,12,0.808695652173913,0.1702898550724637,0.6384057971014493,0.0014492753623188,0.0,0.0014492753623188,0.0152173913043477,0.0028985507246376,0.0123188405797101,0.0014492753623188,0.0014492753623188,0.0,0.0166666666666666,0.0115942028985507,0.0050724637681159,0.0028985507246376,0.0021739130434782,0.0007246376811594,0.0,0.0,0.0,0.0,0.0,0.0,0.0289855072463767,0.0057971014492753,0.0231884057971014,0.0115942028985507,0.0108695652173913,0.0007246376811594,0.0,0.0,0.0,0.0253623188405796,0.0123188405797101,0.0130434782608695,0.0181159420289854,0.008695652173913,0.0094202898550724,0.0007246376811594,0.0007246376811594,0.0,0.0014492753623188,0.0007246376811594,0.0007246376811594,0.026086956521739,0.0202898550724637,0.0057971014492753,0.0043478260869564,0.0014492753623188,0.0028985507246376,0.0007246376811594,0.0007246376811594,0.0,0.0007246376811594,0.0007246376811594,0.0,0.017391304347826,0.0050724637681159,0.0123188405797101,0.0188405797101448,0.0101449275362318,0.008695652173913,366
2015-11-01,2015,11,922,193,729,3,3,0,24,8,16,1,1,0,24,16,8,6,5,1,1,0,1,0,0,0,41,10,31,9,9,0,0,0,0,26,14,12,9,5,4,0,0,0,6,4,2,17,16,1,3,3,0,0,0,0,5,5,0,25,7,18,17,10,7,0.8123348017621146,0.1700440528634361,0.6422907488986784,0.0026431718061674,0.0026431718061674,0.0,0.021145374449339102,0.0070484581497797,0.0140969162995594,0.0008810572687224,0.0008810572687224,0.0,0.021145374449339102,0.0140969162995594,0.0070484581497797,0.005286343612334699,0.0044052863436123,0.0008810572687224,0.0008810572687224,0.0,0.0008810572687224,0.0,0.0,0.0,0.036123348017621,0.0088105726872246,0.0273127753303964,0.0079295154185022,0.0079295154185022,0.0,0.0,0.0,0.0,0.0229074889867841,0.0123348017621145,0.0105726872246696,0.007929515418502099,0.0044052863436123,0.0035242290748898,0.0,0.0,0.0,0.0052863436123347,0.0035242290748898,0.0017621145374449,0.0149779735682818,0.0140969162995594,0.0008810572687224,0.0026431718061674,0.0026431718061674,0.0,0.0,0.0,0.0,0.0044052863436123,0.0044052863436123,0.0,0.0220264317180616,0.0061674008810572,0.0158590308370044,0.014977973568281799,0.0088105726872246,0.0061674008810572,305
2015-12-01,2015,12,1191,307,884,5,2,3,23,6,17,3,3,0,18,10,8,9,6,3,2,2,0,0,0,0,64,20,44,21,21,0,6,6,0,43,22,21,29,15,14,1,1,0,7,3,4,14,13,1,5,3,2,0,0,0,1,1,0,23,5,18,17,1,16,0.8063642518618821,0.2078537576167907,0.5985104942450914,0.0033852403520648,0.0013540961408259,0.0020311442112389,0.015572105619498799,0.0040622884224779,0.0115098171970209,0.0020311442112389,0.0020311442112389,0.0,0.012186865267433799,0.0067704807041299,0.0054163845633039,0.0060934326337168,0.0040622884224779,0.0020311442112389,0.0013540961408259,0.0013540961408259,0.0,0.0,0.0,0.0,0.0433310765064318,0.0135409614082599,0.0297901150981719,0.0142180094786729,0.0142180094786729,0.0,0.0040622884224779,0.0040622884224779,0.0,0.0291130670277588,0.0148950575490859,0.0142180094786729,0.0196343940419768,0.0101557210561949,0.0094786729857819,0.0006770480704129,0.0006770480704129,0.0,0.0047393364928908,0.0020311442112389,0.0027081922816519,0.0094786729857818,0.0088016249153689,0.0006770480704129,0.0033852403520648,0.0020311442112389,0.0013540961408259,0.0,0.0,0.0,0.0006770480704129,0.0006770480704129,0.0,0.015572105619498799,0.0033852403520649,0.0121868652674339,0.011509817197020801,0.0006770480704129,0.0108327691266079,443
2016-01-01,2016,1,1403,278,1125,5,3,2,28,4,24,0,0,0,19,10,9,16,15,1,1,1,0,0,0,0,53,10,43,29,26,3,4,4,0,44,16,28,17,12,5,2,1,1,7,2,5,9,8,1,12,11,1,1,0,1,2,1,1,23,7,16,16,4,12,0.8321470937129299,0.1648873072360616,0.6672597864768683,0.0029655990510082,0.0017793594306049,0.0011862396204033,0.0166073546856464,0.0023724792408066,0.0142348754448398,0.0,0.0,0.0,0.0112692763938315,0.0059311981020166,0.0053380782918149,0.0094899169632265,0.0088967971530249,0.0005931198102016,0.0005931198102016,0.0005931198102016,0.0,0.0,0.0,0.0,0.031435349940688,0.0059311981020166,0.0255041518386714,0.017200474495848,0.0154211150652431,0.0017793594306049,0.0023724792408066,0.0023724792408066,0.0,0.026097271648873,0.0094899169632265,0.0166073546856465,0.0100830367734282,0.0071174377224199,0.0029655990510083,0.0011862396204032,0.0005931198102016,0.0005931198102016,0.0041518386714116005,0.0011862396204033,0.0029655990510083,0.0053380782918148,0.0047449584816132,0.0005931198102016,0.0071174377224198,0.0065243179122182,0.0005931198102016,0.0005931198102016,0.0,0.0005931198102016,0.0011862396204032,0.0005931198102016,0.0005931198102016,0.0136417556346381,0.0041518386714116,0.0094899169632265,0.0094899169632265,0.0023724792408066,0.0071174377224199,408
2016-02-01,2016,2,1322,308,1014,6,6,0,36,10,26,2,2,0,15,9,6,13,10,3,2,0,2,0,0,0,115,42,73,38,37,1,4,4,0,58,21,37,17,11,6,1,0,1,2,2,0,12,7,5,7,6,1,1,0,1,3,1,2,18,5,13,13,7,6,0.7878426698450536,0.1835518474374255,0.6042908224076281,0.0035756853396901,0.0035756853396901,0.0,0.021454112038140502,0.0059594755661501,0.0154946364719904,0.00119189511323,0.00119189511323,0.0,0.0089392133492252,0.0053635280095351,0.0035756853396901,0.007747318235995101,0.0059594755661501,0.001787842669845,0.00119189511323,0.0,0.00119189511323,0.0,0.0,0.0,0.068533969010727,0.0250297973778307,0.0435041716328963,0.0226460071513706,0.0220500595947556,0.000595947556615,0.00238379022646,0.00238379022646,0.0,0.0345649582836709,0.0125148986889153,0.0220500595947556,0.010131108462455199,0.0065554231227651,0.0035756853396901,0.000595947556615,0.0,0.000595947556615,0.00119189511323,0.00119189511323,0.0,0.0071513706793801,0.0041716328963051,0.002979737783075,0.0041716328963051,0.0035756853396901,0.000595947556615,0.000595947556615,0.0,0.000595947556615,0.0017878426698449998,0.000595947556615,0.00119189511323,0.0107270560190702,0.002979737783075,0.0077473182359952,0.0077473182359952,0.0041716328963051,0.0035756853396901,482
2016-03-01,2016,3,1264,292,972,5,3,2,28,3,25,3,3,0,20,13,7,9,9,0,1,1,0,0,0,0,99,34,65,31,29,2,1,1,0,39,14,25,21,15,6,0,0,0,4,2,2,12,9,3,2,1,1,3,0,3,4,4,0,38,17,21,17,6,11,0.7914840325610519,0.1828428303068253,0.6086412022542267,0.0031308703819661002,0.0018785222291797,0.0012523481527864,0.0175328741390106,0.0018785222291797,0.0156543519098309,0.0018785222291797,0.0018785222291797,0.0,0.012523481527864599,0.008140262993112,0.0043832185347526,0.0056355666875391,0.0056355666875391,0.0,0.0006261740763932,0.0006261740763932,0.0,0.0,0.0,0.0,0.061991233562930396,0.02128991859737,0.0407013149655604,0.019411396368190198,0.0181590482154038,0.0012523481527864,0.0006261740763932,0.0006261740763932,0.0,0.024420788979336198,0.0087664370695053,0.0156543519098309,0.0131496556042579,0.0093926111458985,0.0037570444583594,0.0,0.0,0.0,0.0025046963055728,0.0012523481527864,0.0012523481527864,0.0075140889167188,0.0056355666875391,0.0018785222291797,0.0012523481527864,0.0006261740763932,0.0006261740763932,0.0018785222291797,0.0,0.0018785222291797,0.0025046963055729,0.0025046963055729,0.0,0.0237946149029429,0.010644959298685,0.0131496556042579,0.010644959298685,0.0037570444583594,0.0068879148403256,452
2016-04-01,2016,4,1258,288,970,5,3,2,20,2,18,0,0,0,20,16,4,9,7,2,1,1,0,0,0,0,69,24,45,41,40,1,0,0,0,46,24,22,18,11,7,1,0,1,3,3,0,14,11,3,7,5,2,1,1,0,3,2,1,27,5,22,16,6,10,0.8090032154340835,0.185209003215434,0.6237942122186495,0.0032154340836012003,0.0019292604501607,0.0012861736334405,0.0128617363344051,0.0012861736334405,0.0115755627009646,0.0,0.0,0.0,0.0128617363344051,0.0102893890675241,0.002572347266881,0.0057877813504823,0.0045016077170418,0.0012861736334405,0.0006430868167202,0.0006430868167202,0.0,0.0,0.0,0.0,0.0443729903536976,0.0154340836012861,0.0289389067524115,0.0263665594855304,0.0257234726688102,0.0006430868167202,0.0,0.0,0.0,0.0295819935691317,0.0154340836012861,0.0141479099678456,0.0115755627009646,0.0070739549839228,0.0045016077170418,0.0006430868167202,0.0,0.0006430868167202,0.0019292604501607,0.0019292604501607,0.0,0.0090032154340835,0.0070739549839228,0.0019292604501607,0.0045016077170417,0.0032154340836012,0.0012861736334405,0.0006430868167202,0.0006430868167202,0.0,0.0019292604501606999,0.0012861736334405,0.0006430868167202,0.0173633440514468,0.0032154340836012,0.0141479099678456,0.010289389067524,0.0038585209003215,0.0064308681672025,446
2016-05-01,2016,5,1263,273,990,2,0,2,30,5,25,2,2,0,21,10,11,21,12,9,3,1,2,0,0,0,66,20,46,61,58,3,4,4,0,47,28,19,13,10,3,1,1,0,4,2,2,17,12,5,6,6,0,1,0,1,0,0,0,18,9,9,12,5,7,0.7978521794061908,0.1724573594440935,0.6253948199620973,0.0012634238787113,0.0,0.0012634238787113,0.018951358180669498,0.0031585596967782,0.0157927984838913,0.0012634238787113,0.0012634238787113,0.0,0.013265950726468599,0.0063171193935565,0.0069488313329121,0.013265950726468599,0.0075805432722678,0.0056854074542008,0.0018951358180668999,0.0006317119393556,0.0012634238787113,0.0,0.0,0.0,0.041692987997473,0.012634238787113,0.02905874921036,0.0385344283006948,0.0366392924826279,0.0018951358180669,0.0025268477574226,0.0025268477574226,0.0,0.0296904611497157,0.0176879343019583,0.0120025268477574,0.008212255211623401,0.0063171193935565,0.0018951358180669,0.0006317119393556,0.0006317119393556,0.0,0.0025268477574226,0.0012634238787113,0.0012634238787113,0.010739102969046,0.0075805432722678,0.0031585596967782,0.0037902716361339,0.0037902716361339,0.0,0.0006317119393556,0.0,0.0006317119393556,0.0,0.0,0.0,0.0113708149084016,0.0056854074542008,0.0056854074542008,0.0075805432722677,0.0031585596967782,0.0044219835754895,453
2016-06-01,2016,6,1275,282,993,4,4,0,37,12,25,0,0,0,14,8,6,6,5,1,1,0,1,1,1,0,74,34,40,53,51,2,6,6,0,58,21,37,21,11,10,1,1,0,4,3,1,23,20,3,14,12,2,2,1,1,2,0,2,29,8,21,16,5,11,0.7788637751985339,0.1722663408674404,0.6065974343310935,0.0024434941967012,0.0024434941967012,0.0,0.0226023213194868,0.0073304825901038,0.015271838729383,0.0,0.0,0.0,0.008552229688454399,0.0048869883934025,0.0036652412950519,0.0036652412950519,0.0030543677458766,0.0006108735491753,0.0006108735491753,0.0,0.0006108735491753,0.0006108735491753,0.0006108735491753,0.0,0.0452046426389737,0.0207697006719609,0.0244349419670128,0.0323762981062919,0.0311545510079413,0.0012217470983506,0.0036652412950519,0.0036652412950519,0.0,0.0354306658521685,0.0128283445326817,0.0226023213194868,0.0128283445326817,0.0067196090409285,0.0061087354917532,0.0006108735491753,0.0006108735491753,0.0,0.0024434941967012,0.0018326206475259,0.0006108735491753,0.0140500916310323,0.0122174709835064,0.0018326206475259,0.0085522296884544,0.0073304825901038,0.0012217470983506,0.0012217470983506,0.0006108735491753,0.0006108735491753,0.0012217470983506,0.0,0.0012217470983506,0.0177153329260842,0.0048869883934025,0.0128283445326817,0.0097739767868051,0.0030543677458766,0.0067196090409285,482
2016-07-01,2016,7,1357,347,1010,1,1,0,38,10,28,1,0,1,11,9,2,13,10,3,3,1,2,1,1,0,66,22,44,37,36,1,2,2,0,73,24,49,15,10,5,1,1,0,3,2,1,18,14,4,10,9,1,1,0,1,4,2,2,39,18,21,22,6,16,0.7926401869158878,0.2026869158878504,0.5899532710280374,0.0005841121495327,0.0005841121495327,0.0,0.0221962616822429,0.0058411214953271,0.0163551401869158,0.0005841121495327,0.0,0.0005841121495327,0.0064252336448597,0.0052570093457943,0.0011682242990654,0.0075934579439252,0.0058411214953271,0.0017523364485981,0.0017523364485981002,0.0005841121495327,0.0011682242990654,0.0005841121495327,0.0005841121495327,0.0,0.0385514018691588,0.0128504672897196,0.0257009345794392,0.0216121495327102,0.0210280373831775,0.0005841121495327,0.0011682242990654,0.0011682242990654,0.0,0.0426401869158878,0.014018691588785,0.0286214953271028,0.0087616822429906,0.0058411214953271,0.0029205607476635,0.0005841121495327,0.0005841121495327,0.0,0.0017523364485981002,0.0011682242990654,0.0005841121495327,0.0105140186915887,0.0081775700934579,0.0023364485981308,0.005841121495327,0.0052570093457943,0.0005841121495327,0.0005841121495327,0.0,0.0005841121495327,0.0023364485981308,0.0011682242990654,0.0011682242990654,0.0227803738317756,0.0105140186915887,0.0122663551401869,0.0128504672897195,0.0035046728971962,0.0093457943925233,523
2016-08-01,2016,8,1382,348,1034,5,4,1,29,5,24,3,3,0,18,11,7,16,14,2,5,4,1,0,0,0,71,12,59,54,51,3,7,7,0,61,25,36,29,24,5,0,0,0,7,3,4,15,12,3,19,16,3,1,0,1,3,2,1,21,5,16,18,4,14,0.7856736782262649,0.1978396816372939,0.587833996588971,0.0028425241614552003,0.0022740193291642,0.000568504832291,0.016486640136441,0.0028425241614553,0.0136441159749857,0.0017055144968732,0.0017055144968732,0.0,0.0102330869812393,0.0062535531552018,0.0039795338260375,0.009096077316657101,0.007959067652075,0.0011370096645821,0.0028425241614552003,0.0022740193291642,0.000568504832291,0.0,0.0,0.0,0.0403638430926661,0.0068220579874928,0.0335417851051733,0.0306992609437179,0.0289937464468447,0.0017055144968732,0.0039795338260375,0.0039795338260375,0.0,0.0346787947697554,0.0142126208072768,0.0204661739624786,0.016486640136441,0.0136441159749857,0.0028425241614553,0.0,0.0,0.0,0.0039795338260374,0.0017055144968732,0.0022740193291642,0.008527572484366,0.0068220579874928,0.0017055144968732,0.0108015918135303,0.0090960773166571,0.0017055144968732,0.000568504832291,0.0,0.000568504832291,0.0017055144968731,0.0011370096645821,0.000568504832291,0.011938601478112399,0.0028425241614553,0.0090960773166571,0.0102330869812392,0.0022740193291642,0.007959067652075,545
2016-09-01,2016,9,1381,342,1039,4,2,2,28,7,21,1,0,1,13,8,5,15,10,5,2,1,1,0,0,0,57,27,30,44,43,1,5,5,0,55,19,36,31,18,13,0,0,0,2,0,2,11,9,2,10,10,0,0,0,0,4,4,0,14,4,10,12,4,8,0.8210463733650415,0.2033293697978596,0.617717003567182,0.0023781212841854,0.0011890606420927,0.0011890606420927,0.0166468489892984,0.0041617122473246,0.0124851367419738,0.0005945303210463,0.0,0.0005945303210463,0.0077288941736027,0.0047562425683709,0.0029726516052318,0.0089179548156955,0.0059453032104637,0.0029726516052318,0.0011890606420926,0.0005945303210463,0.0005945303210463,0.0,0.0,0.0,0.0338882282996432,0.016052318668252,0.0178359096313912,0.0261593341260403,0.025564803804994,0.0005945303210463,0.0029726516052318,0.0029726516052318,0.0,0.0326991676575504,0.011296076099881,0.0214030915576694,0.0184304399524375,0.0107015457788347,0.0077288941736028,0.0,0.0,0.0,0.0011890606420927,0.0,0.0011890606420927,0.00653983353151,0.0053507728894173,0.0011890606420927,0.0059453032104637,0.0059453032104637,0.0,0.0,0.0,0.0,0.0023781212841854,0.0023781212841854,0.0,0.0083234244946491,0.0023781212841854,0.0059453032104637,0.007134363852556299,0.0023781212841854,0.0047562425683709,509
2016-10-01,2016,10,1358,298,1060,4,1,3,23,6,17,4,2,2,42,34,8,13,13,0,2,1,1,0,0,0,63,26,37,60,59,1,24,24,0,53,26,27,33,19,14,0,0,0,6,5,1,27,24,3,4,4,0,4,1,3,3,3,0,23,7,16,24,4,20,0.7694050991501417,0.1688385269121813,0.6005665722379604,0.0022662889518413,0.0005665722379603,0.001699716713881,0.0130311614730877,0.003399433427762,0.0096317280453257,0.0022662889518412,0.0011331444759206,0.0011331444759206,0.0237960339943342,0.0192634560906515,0.0045325779036827,0.0073654390934844,0.0073654390934844,0.0,0.0011331444759206,0.0005665722379603,0.0005665722379603,0.0,0.0,0.0,0.035694050991501296,0.0147308781869688,0.0209631728045325,0.033994334277620296,0.03342776203966,0.0005665722379603,0.0135977337110481,0.0135977337110481,0.0,0.0300283286118979,0.0147308781869688,0.0152974504249291,0.018696883852691103,0.0107648725212464,0.0079320113314447,0.0,0.0,0.0,0.0033994334277619997,0.0028328611898017,0.0005665722379603,0.0152974504249291,0.0135977337110481,0.001699716713881,0.0022662889518413,0.0022662889518413,0.0,0.0022662889518413,0.0005665722379603,0.001699716713881,0.001699716713881,0.001699716713881,0.0,0.0130311614730877,0.0039660056657223,0.0090651558073654,0.0135977337110481,0.0022662889518413,0.0113314447592068,552
2016-11-01,2016,11,1309,334,975,3,2,1,22,4,18,2,1,1,24,17,7,11,9,2,3,2,1,0,0,0,149,93,56,181,172,9,16,16,0,57,22,35,22,12,10,4,3,1,11,9,2,24,21,3,9,9,0,3,2,1,5,2,3,20,7,13,35,14,21,0.6874999999999999,0.1754201680672268,0.5120798319327731,0.0015756302521008,0.0010504201680672,0.0005252100840336,0.0115546218487394,0.0021008403361344,0.009453781512605,0.0010504201680672,0.0005252100840336,0.0005252100840336,0.0126050420168066,0.0089285714285714,0.0036764705882352,0.0057773109243697,0.0047268907563025,0.0010504201680672,0.0015756302521008,0.0010504201680672,0.0005252100840336,0.0,0.0,0.0,0.0782563025210083,0.048844537815126,0.0294117647058823,0.095063025210084,0.0903361344537815,0.0047268907563025,0.0084033613445378,0.0084033613445378,0.0,0.029936974789915798,0.0115546218487394,0.0183823529411764,0.0115546218487394,0.0063025210084033,0.0052521008403361,0.0021008403361344,0.0015756302521008,0.0005252100840336,0.0057773109243697,0.0047268907563025,0.0010504201680672,0.0126050420168066,0.0110294117647058,0.0015756302521008,0.0047268907563025,0.0047268907563025,0.0,0.0015756302521008,0.0010504201680672,0.0005252100840336,0.002626050420168,0.0010504201680672,0.0015756302521008,0.0105042016806721,0.0036764705882352,0.0068277310924369,0.0183823529411763,0.0073529411764705,0.0110294117647058,746
2016-12-01,2016,12,1229,268,961,2,1,1,16,4,12,1,1,0,19,15,4,9,9,0,3,1,2,0,0,0,43,9,34,13,11,2,0,0,0,33,19,14,20,12,8,2,2,0,5,2,3,13,12,1,8,7,1,2,0,2,1,1,0,15,3,12,16,6,10,0.8505190311418684,0.1854671280276816,0.6650519031141868,0.0013840830449826,0.0006920415224913,0.0006920415224913,0.0110726643598614,0.0027681660899653,0.0083044982698961,0.0006920415224913,0.0006920415224913,0.0,0.0131487889273355,0.0103806228373702,0.0027681660899653,0.0062283737024221,0.0062283737024221,0.0,0.0020761245674739,0.0006920415224913,0.0013840830449826,0.0,0.0,0.0,0.0297577854671279,0.0062283737024221,0.0235294117647058,0.0089965397923874,0.0076124567474048,0.0013840830449826,0.0,0.0,0.0,0.0228373702422144,0.0131487889273356,0.0096885813148788,0.013840830449826801,0.0083044982698961,0.0055363321799307,0.0013840830449826,0.0013840830449826,0.0,0.0034602076124566,0.0013840830449826,0.002076124567474,0.0089965397923874,0.0083044982698961,0.0006920415224913,0.0055363321799307,0.0048442906574394,0.0006920415224913,0.0013840830449826,0.0,0.0013840830449826,0.0006920415224913,0.0006920415224913,0.0,0.010380622837370101,0.002076124567474,0.0083044982698961,0.0110726643598614,0.004152249134948,0.0069204152249134,378
2017-01-01,2017,1,1523,364,1159,0,0,0,14,2,12,2,2,0,20,15,5,6,6,0,2,2,0,0,0,0,52,11,41,18,16,2,0,0,0,34,13,21,24,12,12,1,1,0,1,0,1,9,5,4,4,3,1,0,0,0,4,4,0,38,12,26,16,3,13,0.8628895184135976,0.2062322946175637,0.656657223796034,0.0,0.0,0.0,0.0079320113314446,0.0011331444759206,0.006798866855524,0.0011331444759206,0.0011331444759206,0.0,0.0113314447592068,0.0084985835694051,0.0028328611898017,0.003399433427762,0.003399433427762,0.0,0.0011331444759206,0.0011331444759206,0.0,0.0,0.0,0.0,0.029461756373937602,0.0062322946175637,0.0232294617563739,0.010198300283286001,0.0090651558073654,0.0011331444759206,0.0,0.0,0.0,0.0192634560906515,0.0073654390934844,0.0118980169971671,0.013597733711048,0.006798866855524,0.006798866855524,0.0005665722379603,0.0005665722379603,0.0,0.0005665722379603,0.0,0.0005665722379603,0.005099150141643,0.0028328611898017,0.0022662889518413,0.0022662889518413,0.001699716713881,0.0005665722379603,0.0,0.0,0.0,0.0022662889518413,0.0022662889518413,0.0,0.0215297450424928,0.006798866855524,0.0147308781869688,0.0090651558073654,0.001699716713881,0.0073654390934844,468
2017-02-01,2017,2,1355,283,1072,3,2,1,31,5,26,3,3,0,22,12,10,12,8,4,2,0,2,0,0,0,43,9,34,11,8,3,1,1,0,42,11,31,21,14,7,0,0,0,6,4,2,11,9,2,1,1,0,1,1,0,1,1,0,41,9,32,14,3,11,0.8379715522572665,0.1750154607297464,0.6629560915275201,0.0018552875695732,0.0012368583797155,0.0006184291898577,0.0191713048855905,0.0030921459492888,0.0160791589363017,0.0018552875695732,0.0018552875695732,0.0,0.013605442176870701,0.0074211502782931,0.0061842918985776,0.007421150278292999,0.004947433518862,0.002473716759431,0.0012368583797155,0.0,0.0012368583797155,0.0,0.0,0.0,0.0265924551638836,0.0055658627087198,0.0210265924551638,0.0068027210884351996,0.004947433518862,0.0018552875695732,0.0006184291898577,0.0006184291898577,0.0,0.0259740259740259,0.0068027210884353,0.0191713048855906,0.012987012987012901,0.0086580086580086,0.0043290043290043,0.0,0.0,0.0,0.0037105751391464997,0.002473716759431,0.0012368583797155,0.0068027210884353,0.0055658627087198,0.0012368583797155,0.0006184291898577,0.0006184291898577,0.0,0.0006184291898577,0.0006184291898577,0.0,0.0006184291898577,0.0006184291898577,0.0,0.0253555967841681,0.0055658627087198,0.0197897340754483,0.0086580086580085,0.0018552875695732,0.0068027210884353,381
2017-03-01,2017,3,1522,279,1243,7,4,3,38,4,34,4,4,0,23,14,9,17,14,3,1,0,1,1,1,0,70,19,51,17,13,4,0,0,0,71,16,55,33,20,13,0,0,0,4,2,2,20,19,1,13,12,1,3,1,2,7,5,2,31,9,22,25,7,18,0.8006312467122566,0.1467648605996843,0.6538663861125723,0.003682272488164,0.0021041557075223,0.0015781167806417,0.0199894792214623,0.0021041557075223,0.01788532351394,0.0021041557075223,0.0021041557075223,0.0,0.0120988953182535,0.0073645449763282,0.0047343503419253,0.008942661756969901,0.0073645449763282,0.0015781167806417,0.0005260389268805,0.0,0.0005260389268805,0.0005260389268805,0.0005260389268805,0.0,0.0368227248816411,0.0099947396107311,0.02682798527091,0.008942661756969901,0.0068385060494476,0.0021041557075223,0.0,0.0,0.0,0.0373487638085218,0.0084166228300894,0.0289321409784324,0.0173592845870593,0.0105207785376117,0.0068385060494476,0.0,0.0,0.0,0.0021041557075222,0.0010520778537611,0.0010520778537611,0.0105207785376116,0.0099947396107311,0.0005260389268805,0.0068385060494475,0.006312467122567,0.0005260389268805,0.0015781167806416,0.0005260389268805,0.0010520778537611,0.003682272488164,0.0026301946344029,0.0010520778537611,0.0163072067332982,0.0047343503419253,0.0115728563913729,0.0131509731720147,0.0036822724881641,0.0094687006838506,439
2017-04-01,2017,4,1157,209,948,2,1,1,29,4,25,2,2,0,10,6,4,7,6,1,3,1,2,0,0,0,49,12,37,12,12,0,1,1,0,47,14,33,45,24,21,1,1,0,2,1,1,18,13,5,4,4,0,1,0,1,2,0,2,33,8,25,21,7,14,0.8006920415224913,0.144636678200692,0.6560553633217993,0.0013840830449826,0.0006920415224913,0.0006920415224913,0.020069204152249,0.0027681660899653,0.0173010380622837,0.0013840830449826,0.0013840830449826,0.0,0.0069204152249133,0.004152249134948,0.0027681660899653,0.0048442906574393,0.004152249134948,0.0006920415224913,0.0020761245674739,0.0006920415224913,0.0013840830449826,0.0,0.0,0.0,0.033910034602076,0.0083044982698961,0.0256055363321799,0.0083044982698961,0.0083044982698961,0.0,0.0006920415224913,0.0006920415224913,0.0,0.0325259515570933,0.0096885813148788,0.0228373702422145,0.0311418685121106,0.0166089965397923,0.0145328719723183,0.0006920415224913,0.0006920415224913,0.0,0.0013840830449826,0.0006920415224913,0.0006920415224913,0.0124567474048442,0.0089965397923875,0.0034602076124567,0.0027681660899653,0.0027681660899653,0.0,0.0006920415224913,0.0,0.0006920415224913,0.0013840830449826,0.0,0.0013840830449826,0.0228373702422144,0.0055363321799307,0.0173010380622837,0.014532871972318201,0.0048442906574394,0.0096885813148788,326
2017-05-01,2017,5,1414,329,1085,1,1,0,22,2,20,0,0,0,25,13,12,23,22,1,1,1,0,0,0,0,65,14,51,31,30,1,4,4,0,49,18,31,35,15,20,1,0,1,3,2,1,12,7,5,7,1,6,5,0,5,2,2,0,22,4,18,14,2,12,0.8192352259559674,0.190614136732329,0.6286210892236385,0.0005793742757821,0.0005793742757821,0.0,0.0127462340672074,0.0011587485515643,0.0115874855156431,0.0,0.0,0.0,0.0144843568945538,0.007531865585168,0.0069524913093858,0.0133256083429895,0.0127462340672074,0.0005793742757821,0.0005793742757821,0.0005793742757821,0.0,0.0,0.0,0.0,0.03765932792584,0.0081112398609501,0.0295480880648899,0.0179606025492467,0.0173812282734646,0.0005793742757821,0.0023174971031286,0.0023174971031286,0.0,0.0283893395133255,0.0104287369640787,0.0179606025492468,0.020278099652375398,0.0086906141367323,0.0115874855156431,0.0005793742757821,0.0,0.0005793742757821,0.0017381228273463999,0.0011587485515643,0.0005793742757821,0.0069524913093857,0.004055619930475,0.0028968713789107,0.004055619930475,0.0005793742757821,0.0034762456546929,0.0028968713789107,0.0,0.0028968713789107,0.0011587485515643,0.0011587485515643,0.0,0.0127462340672073,0.0023174971031286,0.0104287369640787,0.0081112398609501,0.0011587485515643,0.0069524913093858,458
2017-06-01,2017,6,1391,301,1090,9,6,3,30,3,27,3,2,1,22,12,10,10,8,2,1,0,1,2,1,1,49,15,34,22,22,0,2,2,0,60,29,31,52,32,20,0,0,0,4,2,2,25,15,10,9,8,1,1,1,0,5,5,0,18,4,14,27,7,20,0.8012672811059908,0.1733870967741935,0.6278801843317973,0.0051843317972349,0.0034562211981566,0.0017281105990783,0.0172811059907833,0.0017281105990783,0.015552995391705,0.0017281105990782,0.0011520737327188,0.0005760368663594,0.0126728110599077,0.0069124423963133,0.0057603686635944,0.005760368663594299,0.0046082949308755,0.0011520737327188,0.0005760368663594,0.0,0.0005760368663594,0.0011520737327188,0.0005760368663594,0.0005760368663594,0.028225806451612802,0.0086405529953917,0.0195852534562211,0.0126728110599078,0.0126728110599078,0.0,0.0011520737327188,0.0011520737327188,0.0,0.0345622119815667,0.0167050691244239,0.0178571428571428,0.0299539170506912,0.0184331797235023,0.0115207373271889,0.0,0.0,0.0,0.0023041474654376,0.0011520737327188,0.0011520737327188,0.0144009216589861,0.0086405529953917,0.0057603686635944,0.0051843317972349,0.0046082949308755,0.0005760368663594,0.0005760368663594,0.0005760368663594,0.0,0.0028801843317972,0.0028801843317972,0.0,0.0103686635944699,0.0023041474654377,0.0080645161290322,0.015552995391705002,0.0040322580645161,0.0115207373271889,472
2017-07-01,2017,7,1309,321,988,9,4,5,30,8,22,1,1,0,19,9,10,21,19,2,1,1,0,0,0,0,51,15,36,31,29,2,4,4,0,68,30,38,36,21,15,3,2,1,4,2,2,19,18,1,4,3,1,1,0,1,1,0,1,29,12,17,25,4,21,0.7909365558912387,0.1939577039274924,0.5969788519637462,0.0054380664652567,0.002416918429003,0.0030211480362537,0.0181268882175226,0.004833836858006,0.0132930513595166,0.0006042296072507,0.0006042296072507,0.0,0.011480362537764199,0.0054380664652567,0.0060422960725075,0.0126888217522658,0.0114803625377643,0.0012084592145015,0.0006042296072507,0.0006042296072507,0.0,0.0,0.0,0.0,0.0308157099697884,0.0090634441087613,0.0217522658610271,0.018731117824773397,0.0175226586102719,0.0012084592145015,0.002416918429003,0.002416918429003,0.0,0.0410876132930513,0.0181268882175226,0.0229607250755287,0.0217522658610271,0.0126888217522658,0.0090634441087613,0.0018126888217522,0.0012084592145015,0.0006042296072507,0.002416918429003,0.0012084592145015,0.0012084592145015,0.0114803625377642,0.0108761329305135,0.0006042296072507,0.0024169184290028997,0.0018126888217522,0.0006042296072507,0.0006042296072507,0.0,0.0006042296072507,0.0006042296072507,0.0,0.0006042296072507,0.017522658610271802,0.007250755287009,0.0102719033232628,0.0151057401812688,0.002416918429003,0.0126888217522658,492
2017-08-01,2017,8,1287,274,1013,10,9,1,18,5,13,0,0,0,21,8,13,21,18,3,1,1,0,0,0,0,86,28,58,45,42,3,4,4,0,57,26,31,22,15,7,0,0,0,2,2,0,28,19,9,7,5,2,2,1,1,8,6,2,33,10,23,18,7,11,0.7753012048192771,0.1650602409638554,0.6102409638554217,0.0060240963855421,0.0054216867469879,0.0006024096385542,0.010843373493975801,0.003012048192771,0.0078313253012048,0.0,0.0,0.0,0.0126506024096385,0.0048192771084337,0.0078313253012048,0.0126506024096385,0.0108433734939759,0.0018072289156626,0.0006024096385542,0.0006024096385542,0.0,0.0,0.0,0.0,0.0518072289156625,0.016867469879518,0.0349397590361445,0.027108433734939697,0.0253012048192771,0.0018072289156626,0.0024096385542168,0.0024096385542168,0.0,0.0343373493975903,0.0156626506024096,0.0186746987951807,0.013253012048192701,0.0090361445783132,0.0042168674698795,0.0,0.0,0.0,0.0012048192771084,0.0012048192771084,0.0,0.016867469879518,0.0114457831325301,0.0054216867469879,0.0042168674698794,0.003012048192771,0.0012048192771084,0.0012048192771084,0.0006024096385542,0.0006024096385542,0.0048192771084337,0.0036144578313253,0.0012048192771084,0.019879518072289,0.0060240963855421,0.0138554216867469,0.010843373493975801,0.0042168674698795,0.0066265060240963,472
2017-09-01,2017,9,1213,291,922,6,2,4,23,5,18,1,1,0,26,18,8,23,18,5,4,2,2,1,0,1,95,48,47,53,48,5,5,5,0,52,21,31,43,25,18,0,0,0,1,1,0,11,10,1,3,2,1,0,0,0,3,2,1,29,14,15,18,5,13,0.7576514678326045,0.1817613991255465,0.5758900687070581,0.0037476577139286997,0.0012492192379762,0.0024984384759525,0.0143660212367269,0.0031230480949406,0.0112429731417863,0.0006246096189881,0.0006246096189881,0.0,0.016239850093691298,0.0112429731417863,0.004996876951905,0.0143660212367269,0.0112429731417863,0.0031230480949406,0.0024984384759524,0.0012492192379762,0.0012492192379762,0.0006246096189881,0.0,0.0006246096189881,0.0593379138038725,0.0299812617114303,0.0293566520924422,0.0331043098063709,0.0299812617114303,0.0031230480949406,0.0031230480949406,0.0031230480949406,0.0,0.0324797001873828,0.0131168019987507,0.0193628981886321,0.0268582136164896,0.0156152404747033,0.0112429731417863,0.0,0.0,0.0,0.0006246096189881,0.0006246096189881,0.0,0.006870705808869401,0.0062460961898813,0.0006246096189881,0.0018738288569643,0.0012492192379762,0.0006246096189881,0.0,0.0,0.0,0.0018738288569643,0.0012492192379762,0.0006246096189881,0.0181136789506557,0.0087445346658338,0.0093691442848219,0.0112429731417863,0.0031230480949406,0.0081199250468457,511
2017-10-01,2017,10,1310,339,971,5,3,2,20,2,18,1,1,0,19,13,6,15,12,3,2,0,2,2,2,0,214,129,85,57,56,1,7,7,0,49,20,29,36,17,19,5,4,1,6,6,0,6,5,1,7,7,0,0,0,0,7,5,2,29,13,16,21,6,15,0.7241569928137092,0.187396351575456,0.5367606412382532,0.0027639579878385003,0.0016583747927031,0.0011055831951354,0.0110558319513543,0.0011055831951354,0.0099502487562189,0.0005527915975677,0.0005527915975677,0.0,0.0105030403537866,0.0071862907683803,0.0033167495854063,0.0082918739635157,0.0066334991708126,0.0016583747927031,0.0011055831951354,0.0,0.0011055831951354,0.0011055831951354,0.0011055831951354,0.0,0.11829740187949131,0.0713101160862354,0.0469872857932559,0.0315091210613598,0.0309563294637921,0.0005527915975677,0.003869541182974,0.003869541182974,0.0,0.027086788280817998,0.0110558319513543,0.0160309563294637,0.0199004975124377,0.0093974571586511,0.0105030403537866,0.0027639579878385003,0.0022111663902708,0.0005527915975677,0.0033167495854063,0.0033167495854063,0.0,0.0033167495854062,0.0027639579878385,0.0005527915975677,0.003869541182974,0.003869541182974,0.0,0.0,0.0,0.0,0.0038695411829738997,0.0027639579878385,0.0011055831951354,0.0160309563294637,0.0071862907683803,0.0088446655610834,0.011608623548922,0.0033167495854063,0.0082918739635157,639
2017-11-01,2017,11,1342,358,984,5,3,2,22,11,11,1,1,0,17,10,7,26,21,5,0,0,0,0,0,0,31,15,16,110,106,4,40,40,0,64,32,32,30,16,14,3,1,2,15,12,3,18,17,1,2,2,0,3,3,0,8,8,0,53,31,22,37,19,18,0.7406181015452539,0.1975717439293598,0.543046357615894,0.0027593818984545998,0.0016556291390728,0.0011037527593818,0.0121412803532008,0.0060706401766004,0.0060706401766004,0.0005518763796909,0.0005518763796909,0.0,0.009381898454746001,0.0055187637969094,0.0038631346578366,0.014348785871964599,0.0115894039735099,0.0027593818984547,0.0,0.0,0.0,0.0,0.0,0.0,0.0171081677704193,0.0082781456953642,0.0088300220750551,0.060706401766004295,0.0584988962472406,0.0022075055187637,0.0220750551876379,0.0220750551876379,0.0,0.0353200883002206,0.0176600441501103,0.0176600441501103,0.016556291390728298,0.0088300220750551,0.0077262693156732,0.0016556291390727,0.0005518763796909,0.0011037527593818,0.0082781456953641,0.0066225165562913,0.0016556291390728,0.009933774834437,0.0093818984547461,0.0005518763796909,0.0011037527593818,0.0011037527593818,0.0,0.0016556291390728,0.0016556291390728,0.0,0.0044150110375275,0.0044150110375275,0.0,0.029249448123620198,0.0171081677704194,0.0121412803532008,0.020419426048565,0.010485651214128,0.009933774834437,693
2017-12-01,2017,12,1092,257,835,4,4,0,15,3,12,1,1,0,10,6,4,19,17,2,3,1,2,0,0,0,48,10,38,21,21,0,6,6,0,63,28,35,32,18,14,0,0,0,4,2,2,10,9,1,6,5,1,1,0,1,7,6,1,29,5,24,20,4,16,0.7901591895803183,0.1859623733719247,0.6041968162083936,0.0028943560057887,0.0028943560057887,0.0,0.0108538350217076,0.0021707670043415,0.0086830680173661,0.0007235890014471,0.0007235890014471,0.0,0.0072358900144717,0.004341534008683,0.0028943560057887,0.0137481910274963,0.012301013024602,0.0014471780028943,0.0021707670043414,0.0007235890014471,0.0014471780028943,0.0,0.0,0.0,0.0347322720694644,0.0072358900144717,0.0274963820549927,0.0151953690303907,0.0151953690303907,0.0,0.004341534008683,0.004341534008683,0.0,0.0455861070911721,0.0202604920405209,0.0253256150506512,0.0231548480463096,0.0130246020260492,0.0101302460202604,0.0,0.0,0.0,0.0028943560057886,0.0014471780028943,0.0014471780028943,0.0072358900144717,0.0065123010130246,0.0007235890014471,0.0043415340086829,0.0036179450072358,0.0007235890014471,0.0007235890014471,0.0,0.0007235890014471,0.005065123010130099,0.004341534008683,0.0007235890014471,0.020984081041968,0.0036179450072358,0.0173661360347322,0.0144717800289435,0.0028943560057887,0.0115774240231548,396
2018-01-01,2018,1,1244,328,916,0,0,0,23,3,20,4,4,0,18,9,9,22,17,5,1,1,0,2,2,0,74,27,47,13,13,0,6,6,0,60,28,32,29,14,15,0,0,0,3,3,0,12,10,2,16,15,1,3,1,2,3,2,1,22,6,16,22,11,11,0.7943805874840357,0.2094508301404853,0.5849297573435505,0.0,0.0,0.0,0.0146871008939974,0.0019157088122605,0.0127713920817369,0.0025542784163473,0.0025542784163473,0.0,0.0114942528735632,0.0057471264367816,0.0057471264367816,0.014048531289910501,0.0108556832694763,0.0031928480204342,0.0006385696040868,0.0006385696040868,0.0,0.0012771392081736,0.0012771392081736,0.0,0.0472541507024265,0.0172413793103448,0.0300127713920817,0.0083014048531289,0.0083014048531289,0.0,0.003831417624521,0.003831417624521,0.0,0.0383141762452106,0.0178799489144316,0.020434227330779,0.0185185185185184,0.0089399744572158,0.0095785440613026,0.0,0.0,0.0,0.0019157088122605,0.0019157088122605,0.0,0.007662835249042,0.0063856960408684,0.0012771392081736,0.0102171136653894,0.0095785440613026,0.0006385696040868,0.0019157088122604,0.0006385696040868,0.0012771392081736,0.0019157088122604,0.0012771392081736,0.0006385696040868,0.014048531289910501,0.003831417624521,0.0102171136653895,0.0140485312899106,0.0070242656449553,0.0070242656449553,490
2018-02-01,2018,2,1134,318,816,5,3,2,16,4,12,0,0,0,27,16,11,19,16,3,1,0,1,0,0,0,49,21,28,6,6,0,4,4,0,68,32,36,39,21,18,0,0,0,8,5,3,8,5,3,11,11,0,0,0,0,1,0,1,30,10,20,25,9,16,0.7864077669902912,0.2205270457697642,0.565880721220527,0.0034674063800276002,0.0020804438280166,0.001386962552011,0.0110957004160886,0.0027739251040221,0.0083217753120665,0.0,0.0,0.0,0.0187239944521497,0.0110957004160887,0.007628294036061,0.0131761442441053,0.0110957004160887,0.0020804438280166,0.0006934812760055,0.0,0.0006934812760055,0.0,0.0,0.0,0.0339805825242718,0.0145631067961165,0.0194174757281553,0.0041608876560332,0.0041608876560332,0.0,0.0027739251040221,0.0027739251040221,0.0,0.047156726768377205,0.0221914008321775,0.0249653259361997,0.0270457697642163,0.0145631067961165,0.0124826629680998,0.0,0.0,0.0,0.0055478502080443005,0.0034674063800277,0.0020804438280166,0.0055478502080443005,0.0034674063800277,0.0020804438280166,0.007628294036061,0.007628294036061,0.0,0.0,0.0,0.0,0.0006934812760055,0.0,0.0006934812760055,0.0208044382801663,0.0069348127600554,0.0138696255201109,0.0173370319001386,0.0062413314840499,0.0110957004160887,474
2018-03-01,2018,3,1159,293,866,8,3,5,29,4,25,0,0,0,13,6,7,12,8,4,3,1,2,0,0,0,44,14,30,14,13,1,1,1,0,53,22,31,35,27,8,0,0,0,7,4,3,17,14,3,4,4,0,1,1,0,3,2,1,38,6,32,26,7,19,0.794379712131597,0.2008224811514736,0.5935572309801234,0.005483207676490701,0.002056202878684,0.0034270047978067,0.019876627827278802,0.0027416038382453,0.0171350239890335,0.0,0.0,0.0,0.0089102124742974,0.004112405757368,0.0047978067169294,0.008224811514735999,0.0054832076764907,0.0027416038382453,0.0020562028786839,0.0006854009595613,0.0013708019191226,0.0,0.0,0.0,0.030157642220699103,0.0095956134338588,0.0205620287868403,0.0095956134338587,0.0089102124742974,0.0006854009595613,0.0006854009595613,0.0006854009595613,0.0,0.0363262508567511,0.0150788211103495,0.0212474297464016,0.0239890335846469,0.0185058259081562,0.0054832076764907,0.0,0.0,0.0,0.004797806716929301,0.0027416038382453,0.002056202878684,0.011651816312542801,0.0095956134338588,0.002056202878684,0.0027416038382453,0.0027416038382453,0.0,0.0006854009595613,0.0006854009595613,0.0,0.0020562028786839,0.0013708019191226,0.0006854009595613,0.0260452364633309,0.004112405757368,0.0219328307059629,0.017820424948594902,0.0047978067169294,0.0130226182316655,424
2018-04-01,2018,4,1091,436,655,7,7,0,24,14,10,14,14,0,51,38,13,14,13,1,4,3,1,0,0,0,74,28,46,5,5,0,0,0,0,54,31,23,74,53,21,3,3,0,12,10,2,146,135,11,8,6,2,2,1,1,5,4,1,128,106,22,42,29,13,0.6227168949771689,0.2488584474885844,0.3738584474885845,0.0039954337899543,0.0039954337899543,0.0,0.0136986301369862,0.0079908675799086,0.0057077625570776,0.0079908675799086,0.0079908675799086,0.0,0.0291095890410958,0.0216894977168949,0.0074200913242009,0.007990867579908599,0.0074200913242009,0.0005707762557077,0.0022831050228309,0.0017123287671232,0.0005707762557077,0.0,0.0,0.0,0.0422374429223743,0.0159817351598173,0.026255707762557,0.0028538812785388,0.0028538812785388,0.0,0.0,0.0,0.0,0.0308219178082191,0.0176940639269406,0.0131278538812785,0.0422374429223744,0.0302511415525114,0.011986301369863,0.0017123287671232,0.0017123287671232,0.0,0.0068493150684931,0.0057077625570776,0.0011415525114155,0.0833333333333332,0.0770547945205479,0.0062785388127853,0.004566210045662,0.0034246575342465,0.0011415525114155,0.0011415525114154,0.0005707762557077,0.0005707762557077,0.0028538812785387,0.002283105022831,0.0005707762557077,0.07305936073059349,0.0605022831050228,0.0125570776255707,0.023972602739726,0.0165525114155251,0.0074200913242009,931
2018-05-01,2018,5,1247,693,554,27,23,4,15,9,6,5,5,0,130,126,4,6,6,0,7,5,2,0,0,0,28,12,16,14,14,0,5,5,0,60,40,20,14,9,5,1,1,0,12,10,2,193,181,12,9,9,0,3,3,0,18,14,4,117,98,19,137,106,31,0.6097799511002445,0.3388753056234719,0.2709046454767726,0.0132029339853299,0.0112469437652811,0.0019559902200488,0.0073349633251833,0.00440097799511,0.0029339853300733,0.0024449877750611,0.0024449877750611,0.0,0.0635696821515891,0.0616136919315403,0.0019559902200488,0.0029339853300733,0.0029339853300733,0.0,0.0034229828850855,0.0024449877750611,0.0009779951100244,0.0,0.0,0.0,0.013691931540342199,0.0058679706601467,0.0078239608801955,0.0068459657701711,0.0068459657701711,0.0,0.0024449877750611,0.0024449877750611,0.0,0.0293398533007333,0.0195599022004889,0.0097799511002444,0.0068459657701710995,0.00440097799511,0.0024449877750611,0.0004889975550122,0.0004889975550122,0.0,0.0058679706601466,0.0048899755501222,0.0009779951100244,0.0943765281173594,0.0885085574572127,0.0058679706601467,0.00440097799511,0.00440097799511,0.0,0.0014669926650366,0.0014669926650366,0.0,0.0088019559902199,0.0068459657701711,0.0019559902200488,0.057212713936430196,0.047921760391198,0.0092909535452322,0.0669926650366747,0.0518337408312958,0.0151589242053789,1366
2018-06-01,2018,6,1290,738,552,21,18,3,30,19,11,4,4,0,107,106,1,10,8,2,10,10,0,0,0,0,36,18,18,22,22,0,4,4,0,44,27,17,11,8,3,7,6,1,25,25,0,130,126,4,11,10,1,8,8,0,21,17,4,251,193,58,183,137,46,0.5818673883626522,0.3328822733423545,0.2489851150202977,0.009472259810554799,0.0081190798376184,0.0013531799729364,0.013531799729364,0.0085701398285972,0.0049616599007668,0.0018042399639152,0.0018042399639152,0.0,0.0482634190347316,0.0478123590437528,0.0004510599909788,0.004510599909788,0.0036084799278304,0.0009021199819576,0.004510599909788,0.004510599909788,0.0,0.0,0.0,0.0,0.0162381596752368,0.0081190798376184,0.0081190798376184,0.0099233198015336,0.0099233198015336,0.0,0.0018042399639152,0.0018042399639152,0.0,0.0198466396030672,0.0121786197564276,0.0076680198466396,0.0049616599007668,0.0036084799278304,0.0013531799729364,0.0031574199368516,0.0027063599458728,0.0004510599909788,0.01127649977447,0.01127649977447,0.0,0.05863779882724399,0.0568335588633288,0.0018042399639152,0.0049616599007668,0.004510599909788,0.0004510599909788,0.0036084799278304,0.0036084799278304,0.0,0.0094722598105548,0.0076680198466396,0.0018042399639152,0.1132160577356788,0.0870545782589084,0.0261614794767704,0.0825439783491204,0.0617952187640956,0.0207487595850248,1498
2018-07-01,2018,7,1353,889,464,20,19,1,52,31,21,3,3,0,35,31,4,14,12,2,22,21,1,0,0,0,40,25,15,26,26,0,27,27,0,61,47,14,24,20,4,2,2,0,16,16,0,143,141,2,27,26,1,17,16,1,20,18,2,203,166,37,168,142,26,0.5960352422907488,0.3916299559471365,0.2044052863436123,0.0088105726872246,0.0083700440528634,0.0004405286343612,0.0229074889867841,0.0136563876651982,0.0092511013215859,0.0013215859030837,0.0013215859030837,0.0,0.015418502202643099,0.0136563876651982,0.0017621145374449,0.006167400881057199,0.0052863436123348,0.0008810572687224,0.0096916299559471,0.0092511013215859,0.0004405286343612,0.0,0.0,0.0,0.0176211453744493,0.0110132158590308,0.0066079295154185,0.011453744493392,0.011453744493392,0.0,0.0118942731277533,0.0118942731277533,0.0,0.0268722466960351,0.0207048458149779,0.0061674008810572,0.010572687224669499,0.0088105726872246,0.0017621145374449,0.0008810572687224,0.0008810572687224,0.0,0.0070484581497797,0.0070484581497797,0.0,0.0629955947136563,0.0621145374449339,0.0008810572687224,0.011894273127753199,0.011453744493392,0.0004405286343612,0.0074889867841409,0.0070484581497797,0.0004405286343612,0.0088105726872246,0.0079295154185022,0.0008810572687224,0.08942731277533031,0.0731277533039647,0.0162995594713656,0.0740088105726871,0.0625550660792951,0.011453744493392,1674
2018-08-01,2018,8,1200,616,584,16,14,2,41,26,15,15,15,0,29,25,4,18,15,3,9,9,0,0,0,0,28,15,13,17,17,0,1,1,0,84,55,29,26,23,3,1,1,0,6,5,1,117,112,5,41,36,5,7,5,2,15,13,2,53,25,28,49,37,12,0.6806579693703914,0.3494044242768009,0.3312535450935904,0.0090754395916051,0.0079410096426545,0.0011344299489506,0.0232558139534882,0.0147475893363584,0.0085082246171298,0.0085082246171298,0.0085082246171298,0.0,0.016449234259784402,0.0141803743618831,0.0022688598979013,0.0102098695405557,0.0085082246171298,0.0017016449234259,0.0051049347702779,0.0051049347702779,0.0,0.0,0.0,0.0,0.015882019285309,0.0085082246171298,0.0073737946681792,0.0096426545660805,0.0096426545660805,0.0,0.0005672149744753,0.0005672149744753,0.0,0.0476460578559273,0.0311968235961429,0.0164492342597844,0.0147475893363584,0.0130459444129325,0.0017016449234259,0.0005672149744753,0.0005672149744753,0.0,0.0034032898468518997,0.0028360748723766,0.0005672149744753,0.06636415201361309,0.0635280771412365,0.0028360748723766,0.0232558139534883,0.0204197390811117,0.0028360748723766,0.0039705048213271995,0.0028360748723766,0.0011344299489506,0.0085082246171298,0.0073737946681792,0.0011344299489506,0.030062393647192202,0.0141803743618831,0.0158820192853091,0.0277935337492909,0.020986954055587,0.0068065796937039,1056
2018-09-01,2018,9,1119,561,558,17,15,2,43,30,13,5,5,0,35,30,5,10,10,0,4,3,1,0,0,0,26,13,13,4,4,0,4,4,0,95,65,30,21,20,1,3,3,0,5,5,0,102,97,5,29,22,7,16,11,5,23,21,2,45,28,17,65,44,21,0.6728803367408297,0.3373421527360192,0.3355381840048105,0.0102224894768489,0.0090198436560432,0.0012026458208057,0.025856885147324003,0.0180396873120865,0.0078171978352375,0.0030066145520144,0.0030066145520144,0.0,0.021046301864100902,0.0180396873120865,0.0030066145520144,0.0060132291040288,0.0060132291040288,0.0,0.0024052916416114,0.0018039687312086,0.0006013229104028,0.0,0.0,0.0,0.015634395670475,0.0078171978352375,0.0078171978352375,0.0024052916416115,0.0024052916416115,0.0,0.0024052916416115,0.0024052916416115,0.0,0.0571256764882741,0.0390859891761876,0.0180396873120865,0.0126277811184605,0.0120264582080577,0.0006013229104028,0.0018039687312086,0.0018039687312086,0.0,0.0030066145520144,0.0030066145520144,0.0,0.0613349368610943,0.0583283223090799,0.0030066145520144,0.0174383644016837,0.0132291040288635,0.0042092603728202,0.009621166566446099,0.0066145520144317,0.0030066145520144,0.0138304269392663,0.0126277811184606,0.0012026458208057,0.027059530968129804,0.0168370414912808,0.010222489476849,0.0390859891761876,0.026458208057727,0.0126277811184606,983
2018-10-01,2018,10,1203,570,633,8,8,0,72,46,26,5,5,0,10,4,6,9,9,0,5,5,0,0,0,0,89,56,33,13,11,2,2,2,0,91,57,34,22,17,5,7,7,0,8,6,2,48,47,1,6,5,1,13,9,4,10,9,1,25,12,13,54,40,14,0.7080635668040023,0.3354914655679811,0.3725721012360212,0.0047086521483225,0.0047086521483225,0.0,0.0423778693349028,0.0270747498528546,0.0153031194820482,0.0029429075927015,0.0029429075927015,0.0,0.0058858151854031,0.0023543260741612,0.0035314891112419,0.0052972336668628,0.0052972336668628,0.0,0.0029429075927015,0.0029429075927015,0.0,0.0,0.0,0.0,0.052383755150088196,0.0329605650382578,0.0194231901118304,0.0076515597410240005,0.0064743967039434,0.0011771630370806,0.0011771630370806,0.0011771630370806,0.0,0.053560918187168904,0.0335491465567981,0.0200117716303708,0.0129487934078869,0.0100058858151854,0.0029429075927015,0.0041200706297822,0.0041200706297822,0.0,0.0047086521483225,0.0035314891112419,0.0011771630370806,0.0282519128899352,0.0276633313713949,0.0005885815185403,0.0035314891112418,0.0029429075927015,0.0005885815185403,0.0076515597410240005,0.0052972336668628,0.0023543260741612,0.0058858151854031,0.0052972336668628,0.0005885815185403,0.0147145379635079,0.0070629782224838,0.0076515597410241,0.0317834020011771,0.0235432607416127,0.0082401412595644,924
2018-11-01,2018,11,1016,408,608,7,6,1,67,33,34,13,13,0,18,12,6,17,14,3,0,0,0,0,0,0,24,8,16,9,6,3,3,3,0,69,50,19,23,18,5,5,5,0,19,15,4,27,25,2,13,13,0,7,5,2,26,24,2,23,8,15,51,33,18,0.7124824684431977,0.2861150070126227,0.426367461430575,0.0049088359046282,0.0042075736325385,0.0007012622720897,0.0469845722300139,0.0231416549789621,0.0238429172510518,0.0091164095371669,0.0091164095371669,0.0,0.0126227208976156,0.0084151472650771,0.0042075736325385,0.011921458625525799,0.0098176718092566,0.0021037868162692,0.0,0.0,0.0,0.0,0.0,0.0,0.0168302945301541,0.005610098176718,0.0112201963534361,0.0063113604488077,0.0042075736325385,0.0021037868162692,0.0021037868162692,0.0021037868162692,0.0,0.0483870967741934,0.035063113604488,0.0133239831697054,0.0161290322580645,0.0126227208976157,0.0035063113604488,0.0035063113604488,0.0035063113604488,0.0,0.0133239831697054,0.0105189340813464,0.002805049088359,0.0189340813464235,0.017531556802244,0.0014025245441795,0.0091164095371669,0.0091164095371669,0.0,0.0049088359046283,0.0035063113604488,0.0014025245441795,0.0182328190743337,0.0168302945301542,0.0014025245441795,0.0161290322580644,0.005610098176718,0.0105189340813464,0.0357643758765778,0.0231416549789621,0.0126227208976157,689
2018-12-01,2018,12,1073,537,536,16,16,0,25,7,18,21,21,0,13,9,4,4,4,0,5,4,1,0,0,0,14,4,10,3,3,0,1,1,0,74,57,17,36,29,7,5,4,1,10,9,1,15,13,2,16,15,1,32,29,3,8,7,1,20,5,15,78,55,23,0.7324232081911262,0.3665529010238907,0.3658703071672355,0.0109215017064846,0.0109215017064846,0.0,0.0170648464163822,0.004778156996587,0.0122866894197952,0.014334470989761,0.014334470989761,0.0,0.0088737201365187,0.0061433447098976,0.0027303754266211,0.0027303754266211,0.0027303754266211,0.0,0.0034129692832763,0.0027303754266211,0.0006825938566552,0.0,0.0,0.0,0.009556313993174,0.0027303754266211,0.0068259385665529,0.0020477815699658,0.0020477815699658,0.0,0.0006825938566552,0.0006825938566552,0.0,0.050511945392491396,0.0389078498293515,0.0116040955631399,0.0245733788395904,0.0197952218430034,0.004778156996587,0.0034129692832763,0.0027303754266211,0.0006825938566552,0.0068259385665528005,0.0061433447098976,0.0006825938566552,0.0102389078498292,0.0088737201365187,0.0013651877133105,0.0109215017064845,0.0102389078498293,0.0006825938566552,0.0218430034129692,0.0197952218430034,0.0020477815699658,0.0054607508532422,0.004778156996587,0.0006825938566552,0.0136518771331057,0.0034129692832764,0.0102389078498293,0.053242320819112496,0.0375426621160409,0.0156996587030716,825
2019-01-01,2019,1,1140,545,595,5,5,0,30,16,14,18,17,1,31,26,5,9,9,0,6,6,0,0,0,0,27,7,20,15,15,0,1,1,0,48,30,18,41,28,13,1,1,0,9,9,0,17,15,2,25,24,1,27,22,5,14,14,0,32,10,22,41,22,19,0.7421875,0.3548177083333333,0.3873697916666667,0.0032552083333333,0.0032552083333333,0.0,0.0195312499999999,0.0104166666666666,0.0091145833333333,0.0117187499999999,0.0110677083333333,0.0006510416666666,0.020182291666666602,0.0169270833333333,0.0032552083333333,0.005859375,0.005859375,0.0,0.00390625,0.00390625,0.0,0.0,0.0,0.0,0.0175781249999999,0.0045572916666666,0.0130208333333333,0.009765625,0.009765625,0.0,0.0006510416666666,0.0006510416666666,0.0,0.03125,0.01953125,0.01171875,0.026692708333333197,0.0182291666666666,0.0084635416666666,0.0006510416666666,0.0006510416666666,0.0,0.005859375,0.005859375,0.0,0.011067708333333301,0.009765625,0.0013020833333333,0.0162760416666666,0.015625,0.0006510416666666,0.0175781249999999,0.0143229166666666,0.0032552083333333,0.0091145833333333,0.0091145833333333,0.0,0.0208333333333332,0.0065104166666666,0.0143229166666666,0.0266927083333332,0.0143229166666666,0.0123697916666666,821
2019-02-01,2019,2,1036,482,554,8,8,0,22,7,15,3,3,0,75,62,13,17,15,2,6,5,1,0,0,0,13,1,12,15,13,2,1,1,0,90,78,12,55,41,14,0,0,0,6,5,1,9,9,0,4,2,2,7,6,1,13,12,1,27,10,17,35,19,16,0.7224546722454671,0.3361227336122733,0.3863319386331938,0.00557880055788,0.00557880055788,0.0,0.0153417015341701,0.004881450488145,0.0104602510460251,0.002092050209205,0.002092050209205,0.0,0.052301255230125396,0.0432357043235704,0.009065550906555,0.011854951185495101,0.0104602510460251,0.00139470013947,0.00418410041841,0.003486750348675,0.000697350069735,0.0,0.0,0.0,0.009065550906555,0.000697350069735,0.00836820083682,0.010460251046025,0.009065550906555,0.00139470013947,0.000697350069735,0.000697350069735,0.0,0.0627615062761505,0.0543933054393305,0.00836820083682,0.0383542538354252,0.0285913528591352,0.00976290097629,0.0,0.0,0.0,0.00418410041841,0.003486750348675,0.000697350069735,0.006276150627615,0.006276150627615,0.0,0.00278940027894,0.00139470013947,0.00139470013947,0.004881450488145,0.00418410041841,0.000697350069735,0.009065550906555,0.00836820083682,0.000697350069735,0.0188284518828451,0.00697350069735,0.0118549511854951,0.0244072524407252,0.0132496513249651,0.0111576011157601,771
2019-03-01,2019,3,1183,579,604,9,7,2,34,19,15,3,3,0,118,106,12,14,13,1,3,3,0,0,0,0,32,6,26,19,17,2,2,2,0,65,49,16,52,30,22,0,0,0,8,8,0,65,64,1,4,3,1,9,8,1,21,19,2,18,4,14,50,36,14,0.6967020023557124,0.3409893992932862,0.3557126030624263,0.0053003533568904,0.0041224970553592,0.0011778563015312,0.0200235571260306,0.0111896348645465,0.0088339222614841,0.0017667844522968,0.0017667844522968,0.0,0.0694935217903415,0.0624263839811543,0.0070671378091872,0.0082449941107184,0.0076560659599528,0.0005889281507656,0.0017667844522968,0.0017667844522968,0.0,0.0,0.0,0.0,0.0188457008244993,0.0035335689045936,0.0153121319199057,0.0111896348645465,0.0100117785630153,0.0011778563015312,0.0011778563015312,0.0011778563015312,0.0,0.038280329799764395,0.0288574793875147,0.0094228504122497,0.030624263839811497,0.0176678445229682,0.0129564193168433,0.0,0.0,0.0,0.0047114252061248,0.0047114252061248,0.0,0.038280329799764395,0.0376914016489988,0.0005889281507656,0.0023557126030624,0.0017667844522968,0.0005889281507656,0.005300353356890401,0.0047114252061248,0.0005889281507656,0.012367491166077701,0.0111896348645465,0.0011778563015312,0.0106007067137808,0.0023557126030624,0.0082449941107184,0.0294464075382802,0.0212014134275618,0.0082449941107184,966
2019-04-01,2019,4,1117,480,637,4,4,0,27,12,15,3,3,0,41,33,8,12,11,1,8,7,1,0,0,0,26,7,19,1,1,0,4,4,0,51,39,12,30,23,7,1,1,0,7,4,3,56,52,4,6,6,0,8,8,0,14,12,2,22,10,12,42,21,21,0.7567750677506775,0.3252032520325203,0.4315718157181571,0.002710027100271,0.002710027100271,0.0,0.0182926829268292,0.008130081300813,0.0101626016260162,0.0020325203252032,0.0020325203252032,0.0,0.0277777777777777,0.0223577235772357,0.005420054200542,0.0081300813008129,0.0074525745257452,0.0006775067750677,0.0054200542005419,0.0047425474254742,0.0006775067750677,0.0,0.0,0.0,0.0176151761517614,0.0047425474254742,0.0128726287262872,0.0006775067750677,0.0006775067750677,0.0,0.002710027100271,0.002710027100271,0.0,0.0345528455284552,0.0264227642276422,0.008130081300813,0.0203252032520324,0.0155826558265582,0.0047425474254742,0.0006775067750677,0.0006775067750677,0.0,0.004742547425474201,0.002710027100271,0.0020325203252032,0.037940379403793995,0.035230352303523,0.002710027100271,0.0040650406504065,0.0040650406504065,0.0,0.005420054200542,0.005420054200542,0.0,0.0094850948509485,0.008130081300813,0.0013550135501355,0.0149051490514905,0.0067750677506775,0.008130081300813,0.0284552845528454,0.0142276422764227,0.0142276422764227,734
2019-05-01,2019,5,1083,435,648,13,8,5,19,11,8,4,4,0,32,23,9,8,6,2,10,8,2,0,0,0,25,13,12,13,13,0,3,3,0,66,47,19,28,22,6,0,0,0,5,4,1,29,28,1,5,5,0,5,3,2,15,13,2,37,20,17,30,20,10,0.7584033613445378,0.3046218487394957,0.453781512605042,0.0091036414565825,0.0056022408963585,0.003501400560224,0.0133053221288514,0.0077030812324929,0.0056022408963585,0.0028011204481792,0.0028011204481792,0.0,0.0224089635854341,0.0161064425770308,0.0063025210084033,0.005602240896358499,0.0042016806722689,0.0014005602240896,0.007002801120448101,0.0056022408963585,0.0014005602240896,0.0,0.0,0.0,0.0175070028011204,0.0091036414565826,0.0084033613445378,0.0091036414565826,0.0091036414565826,0.0,0.0021008403361344,0.0021008403361344,0.0,0.0462184873949579,0.0329131652661064,0.0133053221288515,0.019607843137254798,0.0154061624649859,0.0042016806722689,0.0,0.0,0.0,0.003501400560224,0.0028011204481792,0.0007002801120448,0.020308123249299703,0.0196078431372549,0.0007002801120448,0.003501400560224,0.003501400560224,0.0,0.003501400560224,0.0021008403361344,0.0014005602240896,0.0105042016806722,0.0091036414565826,0.0014005602240896,0.0259103641456582,0.0140056022408963,0.0119047619047619,0.0210084033613444,0.0140056022408963,0.0070028011204481,685
2019-06-01,2019,6,1048,488,560,12,11,1,25,15,10,4,4,0,21,18,3,10,10,0,4,3,1,0,0,0,39,14,25,13,13,0,0,0,0,73,57,16,54,46,8,3,3,0,4,3,1,20,17,3,5,5,0,14,12,2,15,14,1,17,4,13,50,33,17,0.7344078486334968,0.3419761737911703,0.3924316748423265,0.0084092501751926,0.0077084793272599,0.0007007708479327,0.017519271198318,0.0105115627189908,0.0070077084793272,0.0028030833917309,0.0028030833917309,0.0,0.014716187806587101,0.012613875262789,0.0021023125437981,0.0070077084793272,0.0070077084793272,0.0,0.0028030833917308,0.0021023125437981,0.0007007708479327,0.0,0.0,0.0,0.0273300630693762,0.0098107918710581,0.0175192711983181,0.0091100210231254,0.0091100210231254,0.0,0.0,0.0,0.0,0.051156271899088904,0.0399439383321653,0.0112123335669236,0.037841625788367195,0.0322354590049054,0.0056061667834618,0.0021023125437981,0.0021023125437981,0.0,0.0028030833917308,0.0021023125437981,0.0007007708479327,0.0140154169586544,0.0119131044148563,0.0021023125437981,0.0035038542396636,0.0035038542396636,0.0,0.0098107918710581,0.0084092501751927,0.0014015416958654,0.0105115627189908,0.0098107918710581,0.0007007708479327,0.0119131044148563,0.0028030833917309,0.0091100210231254,0.0350385423966362,0.0231254379817799,0.0119131044148563,766
2019-07-01,2019,7,1070,450,620,9,9,0,29,13,16,6,6,0,39,29,10,5,3,2,6,5,1,0,0,0,41,17,24,6,5,1,1,1,0,49,38,11,29,19,10,3,2,1,12,11,1,25,21,4,4,3,1,12,12,0,13,11,2,45,21,24,52,34,18,0.7364074328974535,0.3097040605643496,0.4267033723331039,0.0061940812112869,0.0061940812112869,0.0,0.019958706125257998,0.0089470061940812,0.0110116999311768,0.0041293874741913,0.0041293874741913,0.0,0.0268410185822435,0.019958706125258,0.0068823124569855,0.0034411562284927004,0.0020646937370956,0.0013764624913971,0.0041293874741912,0.0034411562284927,0.0006882312456985,0.0,0.0,0.0,0.0282174810736407,0.0116999311768754,0.0165175498967653,0.0041293874741912,0.0034411562284927,0.0006882312456985,0.0006882312456985,0.0006882312456985,0.0,0.0337233310392291,0.026152787336545,0.0075705437026841,0.019958706125257998,0.0130763936682725,0.0068823124569855,0.0020646937370956,0.0013764624913971,0.0006882312456985,0.0082587749483826,0.0075705437026841,0.0006882312456985,0.0172057811424638,0.0144528561596696,0.0027529249827942,0.0027529249827941,0.0020646937370956,0.0006882312456985,0.0082587749483826,0.0082587749483826,0.0,0.0089470061940812,0.0075705437026841,0.0013764624913971,0.0309704060564349,0.0144528561596696,0.0165175498967653,0.0357880247763247,0.0233998623537508,0.0123881624225739,709
2019-08-01,2019,8,974,378,596,13,10,3,31,15,16,8,8,0,34,30,4,13,12,1,0,0,0,0,0,0,66,22,44,9,9,0,2,2,0,48,33,15,32,26,6,2,2,0,3,3,0,11,10,1,4,3,1,10,9,1,11,9,2,19,7,12,34,19,15,0.7389984825493171,0.2867981790591806,0.4522003034901365,0.0098634294385432,0.007587253414264,0.0022761760242792,0.0235204855842184,0.011380880121396,0.0121396054628224,0.0060698027314112,0.0060698027314112,0.0,0.025796661608497702,0.0227617602427921,0.0030349013657056,0.0098634294385432,0.0091047040971168,0.0007587253414264,0.0,0.0,0.0,0.0,0.0,0.0,0.0500758725341425,0.0166919575113808,0.0333839150227617,0.0068285280728376,0.0068285280728376,0.0,0.0015174506828528,0.0015174506828528,0.0,0.0364188163884673,0.0250379362670713,0.011380880121396,0.0242792109256448,0.0197268588770864,0.0045523520485584,0.0015174506828528,0.0015174506828528,0.0,0.0022761760242792,0.0022761760242792,0.0,0.0083459787556904,0.007587253414264,0.0007587253414264,0.0030349013657056,0.0022761760242792,0.0007587253414264,0.007587253414264,0.0068285280728376,0.0007587253414264,0.0083459787556904,0.0068285280728376,0.0015174506828528,0.014415781487101601,0.0053110773899848,0.0091047040971168,0.025796661608497598,0.0144157814871016,0.011380880121396,601
2019-09-01,2019,9,1092,450,642,7,6,1,29,19,10,12,12,0,27,21,6,10,9,1,6,6,0,1,1,0,36,9,27,8,7,1,1,1,0,48,35,13,38,37,1,0,0,0,13,12,1,37,37,0,7,7,0,14,13,1,20,18,2,38,13,25,58,36,22,0.7294589178356713,0.3006012024048096,0.4288577154308617,0.0046760187040747,0.0040080160320641,0.0006680026720106,0.0193720774883098,0.012692050768203,0.0066800267201068,0.0080160320641282,0.0080160320641282,0.0,0.0180360721442885,0.0140280561122244,0.0040080160320641,0.0066800267201067,0.0060120240480961,0.0006680026720106,0.0040080160320641,0.0040080160320641,0.0,0.0006680026720106,0.0006680026720106,0.0,0.024048096192384603,0.0060120240480961,0.0180360721442885,0.0053440213760854,0.0046760187040748,0.0006680026720106,0.0006680026720106,0.0006680026720106,0.0,0.0320641282565129,0.023380093520374,0.0086840347361389,0.025384101536406002,0.0247160988643954,0.0006680026720106,0.0,0.0,0.0,0.0086840347361388,0.0080160320641282,0.0006680026720106,0.0247160988643954,0.0247160988643954,0.0,0.0046760187040748,0.0046760187040748,0.0,0.0093520374081495,0.0086840347361389,0.0006680026720106,0.0133600534402136,0.0120240480961923,0.0013360053440213,0.0253841015364061,0.0086840347361389,0.0167000668002672,0.0387441549766198,0.0240480961923847,0.0146960587842351,744
2019-10-01,2019,10,1062,354,708,16,12,4,15,3,12,13,11,2,17,11,6,5,5,0,5,4,1,2,0,2,46,16,30,11,11,0,1,1,0,55,28,27,30,25,5,2,2,0,5,4,1,26,24,2,5,5,0,20,19,1,11,10,1,36,11,25,44,30,14,0.7457865168539325,0.2485955056179775,0.497191011235955,0.0112359550561797,0.0084269662921348,0.0028089887640449,0.0105337078651685,0.0021067415730337,0.0084269662921348,0.0091292134831459,0.0077247191011235,0.0014044943820224,0.0119382022471909,0.0077247191011235,0.0042134831460674,0.0035112359550561,0.0035112359550561,0.0,0.0035112359550561,0.0028089887640449,0.0007022471910112,0.0014044943820224,0.0,0.0014044943820224,0.0323033707865167,0.0112359550561797,0.021067415730337,0.0077247191011235,0.0077247191011235,0.0,0.0007022471910112,0.0007022471910112,0.0,0.0386235955056179,0.0196629213483146,0.0189606741573033,0.021067415730337,0.0175561797752809,0.0035112359550561,0.0014044943820224,0.0014044943820224,0.0,0.0035112359550561,0.0028089887640449,0.0007022471910112,0.018258426966292,0.0168539325842696,0.0014044943820224,0.0035112359550561,0.0035112359550561,0.0,0.014044943820224599,0.0133426966292134,0.0007022471910112,0.007724719101123501,0.0070224719101123,0.0007022471910112,0.0252808988764044,0.0077247191011235,0.0175561797752809,0.030898876404494298,0.021067415730337,0.0098314606741573,585
2019-11-01,2019,11,1077,427,650,14,12,2,34,22,12,7,7,0,12,8,4,14,12,2,19,16,3,0,0,0,28,14,14,6,6,0,2,2,0,66,42,24,22,16,6,0,0,0,9,8,1,47,43,4,7,6,1,25,22,3,20,20,0,26,3,23,67,50,17,0.7218498659517426,0.2861930294906166,0.435656836461126,0.0093833780160857,0.0080428954423592,0.0013404825737265,0.022788203753351097,0.0147453083109919,0.0080428954423592,0.0046916890080428,0.0046916890080428,0.0,0.0080428954423591,0.0053619302949061,0.002680965147453,0.0093833780160857,0.0080428954423592,0.0013404825737265,0.0127345844504021,0.0107238605898123,0.0020107238605898,0.0,0.0,0.0,0.0187667560321714,0.0093833780160857,0.0093833780160857,0.0040214477211796,0.0040214477211796,0.0,0.0013404825737265,0.0013404825737265,0.0,0.044235924932975804,0.0281501340482573,0.0160857908847185,0.0147453083109919,0.0107238605898123,0.0040214477211796,0.0,0.0,0.0,0.0060321715817693005,0.0053619302949061,0.0006702412868632,0.0315013404825736,0.0288203753351206,0.002680965147453,0.0046916890080428,0.0040214477211796,0.0006702412868632,0.016756032171581697,0.0147453083109919,0.0020107238605898,0.0134048257372654,0.0134048257372654,0.0,0.017426273458445,0.0020107238605898,0.0154155495978552,0.0449061662198391,0.0335120643431635,0.0113941018766756,728
2019-12-01,2019,12,921,340,581,11,8,3,33,19,14,4,3,1,7,5,2,14,13,1,2,2,0,0,0,0,25,4,21,8,8,0,3,3,0,57,39,18,29,24,5,1,1,0,4,4,0,18,16,2,4,4,0,4,3,1,23,23,0,31,6,25,50,32,18,0.7391653290529694,0.2728731942215088,0.4662921348314606,0.008828250401284,0.0064205457463884,0.0024077046548956,0.0264847512038522,0.0152487961476725,0.0112359550561797,0.0032102728731941,0.0024077046548956,0.0008025682182985,0.0056179775280898,0.0040128410914927,0.0016051364365971,0.011235955056179699,0.0104333868378812,0.0008025682182985,0.0016051364365971,0.0016051364365971,0.0,0.0,0.0,0.0,0.0200642054574638,0.0032102728731942,0.0168539325842696,0.0064205457463884,0.0064205457463884,0.0,0.0024077046548956,0.0024077046548956,0.0,0.0457463884430175,0.0313001605136436,0.0144462279293739,0.023274478330658002,0.0192616372391653,0.0040128410914927,0.0008025682182985,0.0008025682182985,0.0,0.0032102728731942,0.0032102728731942,0.0,0.0144462279293739,0.0128410914927768,0.0016051364365971,0.0032102728731942,0.0032102728731942,0.0,0.0032102728731941,0.0024077046548956,0.0008025682182985,0.0184590690208667,0.0184590690208667,0.0,0.0248796147672551,0.0048154093097913,0.0200642054574638,0.040128410914927595,0.0256821829855537,0.0144462279293739,554
2020-01-01,2020,1,904,329,575,2,1,1,27,14,13,2,2,0,27,27,0,16,10,6,0,0,0,0,0,0,36,14,22,12,11,1,2,2,0,61,30,31,28,25,3,0,0,0,6,6,0,7,7,0,6,6,0,7,7,0,9,8,1,55,22,33,46,16,30,0.7243589743589742,0.2636217948717949,0.4607371794871794,0.001602564102564,0.000801282051282,0.000801282051282,0.0216346153846153,0.0112179487179487,0.0104166666666666,0.0016025641025641,0.0016025641025641,0.0,0.0216346153846153,0.0216346153846153,0.0,0.0128205128205128,0.0080128205128205,0.0048076923076923,0.0,0.0,0.0,0.0,0.0,0.0,0.0288461538461538,0.0112179487179487,0.0176282051282051,0.0096153846153845,0.0088141025641025,0.000801282051282,0.0016025641025641,0.0016025641025641,0.0,0.048878205128205,0.0240384615384615,0.0248397435897435,0.0224358974358973,0.0200320512820512,0.0024038461538461,0.0,0.0,0.0,0.0048076923076923,0.0048076923076923,0.0,0.0056089743589743,0.0056089743589743,0.0,0.0048076923076923,0.0048076923076923,0.0,0.0056089743589743,0.0056089743589743,0.0,0.0072115384615383995,0.0064102564102564,0.000801282051282,0.0440705128205127,0.0176282051282051,0.0264423076923076,0.0368589743589743,0.0128205128205128,0.0240384615384615,535
2020-02-01,2020,2,900,362,538,8,7,1,37,12,25,6,6,0,26,22,4,6,6,0,4,3,1,0,0,0,46,3,43,15,15,0,3,3,0,43,22,21,23,20,3,2,2,0,11,8,3,22,16,6,5,4,1,12,12,0,15,12,3,25,8,17,45,22,23,0.72,0.2896,0.4304,0.0064,0.0056,0.0008,0.0296,0.0096,0.02,0.0048,0.0048,0.0,0.020800000000000003,0.0176,0.0032,0.0048,0.0048,0.0,0.0031999999999999997,0.0024,0.0008,0.0,0.0,0.0,0.0368,0.0024,0.0344,0.012,0.012,0.0,0.0024,0.0024,0.0,0.0344,0.0176,0.0168,0.0184,0.016,0.0024,0.0016,0.0016,0.0,0.0088,0.0064,0.0024,0.0176,0.0128,0.0048,0.004,0.0032,0.0008,0.0096,0.0096,0.0,0.011999999999999999,0.0096,0.0024,0.02,0.0064,0.0136,0.036000000000000004,0.0176,0.0184,561
2020-03-01,2020,3,1049,356,693,3,1,2,21,6,15,1,1,0,21,8,13,9,9,0,1,1,0,0,0,0,207,35,172,11,11,0,3,3,0,44,23,21,23,14,9,12,5,7,2,2,0,26,21,5,8,8,0,9,9,0,13,10,3,24,10,14,37,28,9,0.6905859117840684,0.2343647136273864,0.456221198156682,0.0019749835418037,0.0006583278472679,0.0013166556945358,0.0138248847926266,0.0039499670836076,0.009874917709019,0.0006583278472679,0.0006583278472679,0.0,0.0138248847926267,0.0052666227781435,0.0085582620144832,0.0059249506254114,0.0059249506254114,0.0,0.0006583278472679,0.0006583278472679,0.0,0.0,0.0,0.0,0.1362738643844633,0.0230414746543778,0.1132323897300855,0.0072416063199473,0.0072416063199473,0.0,0.0019749835418038,0.0019749835418038,0.0,0.0289664252797893,0.0151415404871626,0.0138248847926267,0.0151415404871625,0.0092165898617511,0.0059249506254114,0.0078999341672151,0.0032916392363396,0.0046082949308755,0.0013166556945358,0.0013166556945358,0.0,0.0171165240289663,0.0138248847926267,0.0032916392363396,0.0052666227781435,0.0052666227781435,0.0,0.0059249506254114,0.0059249506254114,0.0,0.0085582620144831,0.0065832784726793,0.0019749835418038,0.0157998683344304,0.0065832784726793,0.0092165898617511,0.024358130348913702,0.0184331797235023,0.0059249506254114,556
2020-04-01,2020,4,1159,393,766,11,7,4,28,12,16,4,4,0,6,3,3,1,0,1,3,1,2,0,0,0,204,27,177,4,4,0,0,0,0,32,22,10,12,10,2,3,2,1,9,9,0,7,7,0,13,8,5,10,9,1,9,7,2,25,1,24,28,15,13,0.7396298659859604,0.2507977026164645,0.4888321633694958,0.007019783024888201,0.0044671346522016,0.0025526483726866,0.0178685386088065,0.0076579451180599,0.0102105934907466,0.0025526483726866,0.0025526483726866,0.0,0.0038289725590298,0.0019144862795149,0.0019144862795149,0.0006381620931716,0.0,0.0006381620931716,0.0019144862795149001,0.0006381620931716,0.0012763241863433,0.0,0.0,0.0,0.1301850670070197,0.0172303765156349,0.1129546904913848,0.0025526483726866,0.0025526483726866,0.0,0.0,0.0,0.0,0.0204211869814932,0.0140395660497766,0.0063816209317166,0.0076579451180599,0.0063816209317166,0.0012763241863433,0.0019144862795149001,0.0012763241863433,0.0006381620931716,0.0057434588385449,0.0057434588385449,0.0,0.0044671346522016,0.0044671346522016,0.0,0.0082961072112316,0.0051052967453733,0.0031908104658583,0.0063816209317165,0.0057434588385449,0.0006381620931716,0.0057434588385449,0.0044671346522016,0.0012763241863433,0.0159540523292915,0.0006381620931716,0.0153158902361199,0.0178685386088065,0.0095724313975749,0.0082961072112316,541
2020-05-01,2020,5,1163,407,756,8,3,5,32,12,20,2,2,0,8,3,5,9,9,0,4,2,2,1,0,1,241,35,206,3,2,1,3,3,0,47,28,19,18,11,7,8,5,3,2,2,0,5,5,0,5,5,0,3,3,0,24,20,4,25,8,17,13,4,9,0.7187886279357232,0.2515451174289246,0.4672435105067985,0.0049443757725586,0.0018541409147095,0.0030902348578491,0.0197775030902347,0.007416563658838,0.0123609394313967,0.0012360939431396,0.0012360939431396,0.0,0.0049443757725586,0.0018541409147095,0.0030902348578491,0.0055624227441285,0.0055624227441285,0.0,0.0024721878862792,0.0012360939431396,0.0012360939431396,0.0006180469715698,0.0,0.0006180469715698,0.1489493201483312,0.0216316440049443,0.1273176761433869,0.0018541409147094,0.0012360939431396,0.0006180469715698,0.0018541409147095,0.0018541409147095,0.0,0.0290482076637824,0.0173053152039555,0.0117428924598269,0.011124845488257,0.0067985166872682,0.0043263288009888,0.0049443757725586,0.0030902348578491,0.0018541409147095,0.0012360939431396,0.0012360939431396,0.0,0.0030902348578491,0.0030902348578491,0.0,0.0030902348578491,0.0030902348578491,0.0,0.0018541409147095,0.0018541409147095,0.0,0.014833127317676,0.0123609394313967,0.0024721878862793,0.0154511742892459,0.0049443757725587,0.0105067985166872,0.0080346106304078,0.0024721878862793,0.0055624227441285,564
2020-06-01,2020,6,1323,471,852,7,0,7,27,6,21,3,3,0,22,14,8,3,1,2,2,1,1,0,0,0,184,51,133,18,18,0,0,0,0,29,12,17,28,22,6,17,4,13,6,4,2,6,6,0,32,21,11,7,6,1,14,13,1,29,11,18,18,2,16,0.7457722660653889,0.2655016910935738,0.4802705749718151,0.0039458850056369,0.0,0.0039458850056369,0.015219842164599701,0.0033821871476888,0.0118376550169109,0.0016910935738444,0.0016910935738444,0.0,0.012401352874858999,0.0078917700112739,0.0045095828635851,0.0016910935738443,0.0005636978579481,0.0011273957158962,0.0011273957158962,0.0005636978579481,0.0005636978579481,0.0,0.0,0.0,0.10372040586245761,0.0287485907553551,0.0749718151071025,0.0101465614430665,0.0101465614430665,0.0,0.0,0.0,0.0,0.0163472378804959,0.0067643742953776,0.0095828635851183,0.0157835400225478,0.012401352874859,0.0033821871476888,0.0095828635851183,0.0022547914317925,0.0073280721533258,0.0033821871476887,0.0022547914317925,0.0011273957158962,0.0033821871476888,0.0033821871476888,0.0,0.0180383314543404,0.0118376550169109,0.0062006764374295,0.0039458850056369,0.0033821871476888,0.0005636978579481,0.0078917700112739,0.0073280721533258,0.0005636978579481,0.016347237880496,0.0062006764374295,0.0101465614430665,0.0101465614430664,0.0011273957158962,0.0090191657271702,666
2020-07-01,2020,7,1128,403,725,5,4,1,33,6,27,5,5,0,19,9,10,7,6,1,1,0,1,0,0,0,114,37,77,21,19,2,1,1,0,42,22,20,26,14,12,2,1,1,3,2,1,4,4,0,7,7,0,9,4,5,11,9,2,37,11,26,52,30,22,0.7391874180865006,0.264089121887287,0.4750982961992136,0.0032765399737876002,0.0026212319790301,0.0006553079947575,0.0216251638269986,0.0039318479685452,0.0176933158584534,0.0032765399737876,0.0032765399737876,0.0,0.0124508519003931,0.0058977719528178,0.0065530799475753,0.0045871559633027005,0.0039318479685452,0.0006553079947575,0.0006553079947575,0.0,0.0006553079947575,0.0,0.0,0.0,0.074705111402359,0.0242463958060288,0.0504587155963302,0.0137614678899081,0.0124508519003931,0.001310615989515,0.0006553079947575,0.0006553079947575,0.0,0.027522935779816397,0.0144167758846657,0.0131061598951507,0.0170380078636959,0.0091743119266055,0.0078636959370904,0.001310615989515,0.0006553079947575,0.0006553079947575,0.0019659239842725,0.001310615989515,0.0006553079947575,0.0026212319790301,0.0026212319790301,0.0,0.0045871559633027,0.0045871559633027,0.0,0.005897771952817699,0.0026212319790301,0.0032765399737876,0.0072083879423328005,0.0058977719528178,0.001310615989515,0.0242463958060287,0.0072083879423328,0.0170380078636959,0.0340760157273917,0.019659239842726,0.0144167758846657,593
2020-08-01,2020,8,1159,406,753,5,5,0,43,18,25,4,4,0,17,10,7,10,10,0,2,0,2,4,4,0,137,35,102,17,17,0,3,3,0,53,29,24,21,14,7,0,0,0,2,2,0,4,2,2,11,8,3,9,8,1,11,11,0,27,5,22,60,37,23,0.7289308176100628,0.2553459119496855,0.4735849056603773,0.0031446540880503,0.0031446540880503,0.0,0.0270440251572326,0.0113207547169811,0.0157232704402515,0.0025157232704402,0.0025157232704402,0.0,0.010691823899371001,0.0062893081761006,0.0044025157232704,0.0062893081761006,0.0062893081761006,0.0,0.0012578616352201,0.0,0.0012578616352201,0.0025157232704402,0.0025157232704402,0.0,0.0861635220125786,0.0220125786163522,0.0641509433962264,0.010691823899371,0.010691823899371,0.0,0.0018867924528301,0.0018867924528301,0.0,0.0333333333333333,0.0182389937106918,0.0150943396226415,0.0132075471698112,0.0088050314465408,0.0044025157232704,0.0,0.0,0.0,0.0012578616352201,0.0012578616352201,0.0,0.0025157232704402,0.0012578616352201,0.0012578616352201,0.0069182389937106,0.0050314465408805,0.0018867924528301,0.005660377358490501,0.0050314465408805,0.00062893081761,0.0069182389937106,0.0069182389937106,0.0,0.0169811320754716,0.0031446540880503,0.0138364779874213,0.0377358490566037,0.0232704402515723,0.0144654088050314,619
2020-09-01,2020,9,1277,519,758,9,8,1,48,18,30,6,5,1,15,12,3,6,5,1,8,5,3,8,8,0,99,21,78,19,18,1,3,3,0,80,52,28,81,71,10,2,1,1,10,8,2,12,12,0,6,5,1,18,15,3,22,20,2,36,4,32,41,25,16,0.7114206128133704,0.2891364902506964,0.4222841225626741,0.0050139275766016,0.0044568245125348,0.0005571030640668,0.0267409470752088,0.0100278551532033,0.0167130919220055,0.003342618384401,0.0027855153203342,0.0005571030640668,0.0083565459610027,0.0066852367688022,0.0016713091922005,0.003342618384401,0.0027855153203342,0.0005571030640668,0.0044568245125347,0.0027855153203342,0.0016713091922005,0.0044568245125348,0.0044568245125348,0.0,0.0551532033426183,0.0116991643454039,0.0434540389972144,0.0105849582172701,0.0100278551532033,0.0005571030640668,0.0016713091922005,0.0016713091922005,0.0,0.0445682451253481,0.0289693593314763,0.0155988857938718,0.045125348189415,0.0395543175487465,0.0055710306406685,0.0011142061281336,0.0005571030640668,0.0005571030640668,0.0055710306406685,0.0044568245125348,0.0011142061281337,0.0066852367688022,0.0066852367688022,0.0,0.003342618384401,0.0027855153203342,0.0005571030640668,0.010027855153203199,0.0083565459610027,0.0016713091922005,0.0122562674094707,0.011142061281337,0.0011142061281337,0.0200557103064066,0.0022284122562674,0.0178272980501392,0.022841225626740902,0.0139275766016713,0.0089136490250696,825
2020-10-01,2020,10,1323,464,859,15,14,1,42,7,35,2,2,0,27,16,11,5,3,2,5,3,2,1,1,0,85,19,66,21,20,1,4,4,0,58,34,24,122,105,17,3,3,0,6,4,2,26,25,1,4,4,0,8,6,2,18,16,2,27,4,23,30,17,13,0.723346090759978,0.2536905412793876,0.4696555494805904,0.0082012028430835,0.007654455986878,0.0005467468562055,0.022963367960634102,0.003827227993439,0.0191361399671951,0.0010934937124111,0.0010934937124111,0.0,0.014762165117550501,0.0087479496992892,0.0060142154182613,0.0027337342810278,0.0016402405686167,0.0010934937124111,0.0027337342810278,0.0016402405686167,0.0010934937124111,0.0005467468562055,0.0005467468562055,0.0,0.0464734827774739,0.0103881902679059,0.036085292509568,0.011481683980316999,0.0109349371241115,0.0005467468562055,0.0021869874248223,0.0021869874248223,0.0,0.031711317659923396,0.0185893931109896,0.0131219245489338,0.0667031164570803,0.0574084199015855,0.0092946965554948,0.0016402405686167,0.0016402405686167,0.0,0.0032804811372334,0.0021869874248223,0.0010934937124111,0.0142154182613449,0.0136686714051394,0.0005467468562055,0.0021869874248223,0.0021869874248223,0.0,0.0043739748496445,0.0032804811372334,0.0010934937124111,0.0098414434117003,0.0087479496992892,0.0010934937124111,0.0147621651175505,0.0021869874248223,0.0125751776927282,0.0164024056861672,0.0092946965554948,0.0071077091306724,768
2020-11-01,2020,11,1314,427,887,9,7,2,36,2,34,3,3,0,27,16,11,8,7,1,1,0,1,2,2,0,562,407,155,13,13,0,1,1,0,36,20,16,45,31,14,5,4,1,10,5,5,7,7,0,8,7,1,4,4,0,5,5,0,22,8,14,21,7,14,0.6148806738418343,0.1998128217126813,0.415067852129153,0.00421151146467,0.0032756200280767,0.0009358914365933,0.0168460458586803,0.0009358914365933,0.015910154422087,0.00140383715489,0.00140383715489,0.0,0.0126345343940102,0.0074871314927468,0.0051474029012634,0.0037435657463733003,0.0032756200280767,0.0004679457182966,0.0004679457182966,0.0,0.0004679457182966,0.0009358914365933,0.0009358914365933,0.0,0.2629854936827327,0.1904539073467477,0.072531586335985,0.0060832943378568,0.0060832943378568,0.0,0.0004679457182966,0.0004679457182966,0.0,0.0168460458586803,0.0093589143659335,0.0074871314927468,0.0210575573233504,0.014506317267197,0.0065512400561534,0.0023397285914833,0.0018717828731867,0.0004679457182966,0.0046794571829666,0.0023397285914833,0.0023397285914833,0.0032756200280767,0.0032756200280767,0.0,0.0037435657463733003,0.0032756200280767,0.0004679457182966,0.0018717828731867,0.0018717828731867,0.0,0.0023397285914833,0.0023397285914833,0.0,0.0102948058025268,0.0037435657463734,0.0065512400561534,0.0098268600842301,0.0032756200280767,0.0065512400561534,979
2020-12-01,2020,12,1273,398,875,9,8,1,45,6,39,7,7,0,28,10,18,12,9,3,2,2,0,1,1,0,112,28,84,17,16,1,6,6,0,40,28,12,74,64,10,3,2,1,6,3,3,6,5,1,7,7,0,17,16,1,9,9,0,26,5,21,32,19,13,0.738399071925754,0.2308584686774942,0.5075406032482599,0.0052204176334105,0.0046403712296983,0.0005800464037122,0.0261020881670532,0.0034802784222737,0.0226218097447795,0.004060324825986,0.004060324825986,0.0,0.0162412993039442,0.0058004640371229,0.0104408352668213,0.0069605568445474,0.0052204176334106,0.0017401392111368,0.0011600928074245,0.0011600928074245,0.0,0.0005800464037122,0.0005800464037122,0.0,0.0649651972157772,0.0162412993039443,0.0487238979118329,0.009860788863108899,0.0092807424593967,0.0005800464037122,0.0034802784222737,0.0034802784222737,0.0,0.023201856148491802,0.0162412993039443,0.0069605568445475,0.0429234338747099,0.037122969837587,0.0058004640371229,0.0017401392111367,0.0011600928074245,0.0005800464037122,0.0034802784222736,0.0017401392111368,0.0017401392111368,0.0034802784222735996,0.0029002320185614,0.0005800464037122,0.004060324825986,0.004060324825986,0.0,0.009860788863108899,0.0092807424593967,0.0005800464037122,0.0052204176334106,0.0052204176334106,0.0,0.0150812064965196,0.0029002320185614,0.0121809744779582,0.0185614849187934,0.0110208816705336,0.0075406032482598,642
2021-01-01,2021,1,1318,394,924,7,6,1,27,6,21,3,3,0,37,25,12,10,9,1,0,0,0,1,1,0,78,8,70,46,45,1,3,3,0,44,25,19,58,47,11,0,0,0,4,2,2,1,1,0,8,8,0,18,15,3,12,9,3,28,5,23,24,11,13,0.7645011600928074,0.228538283062645,0.5359628770301624,0.0040603248259859,0.0034802784222737,0.0005800464037122,0.0156612529002319,0.0034802784222737,0.0121809744779582,0.0017401392111368,0.0017401392111368,0.0,0.0214617169373549,0.0145011600928074,0.0069605568445475,0.0058004640371228,0.0052204176334106,0.0005800464037122,0.0,0.0,0.0,0.0005800464037122,0.0005800464037122,0.0,0.045243619489558996,0.0046403712296983,0.0406032482598607,0.0266821345707655,0.0261020881670533,0.0005800464037122,0.0017401392111368,0.0017401392111368,0.0,0.025522041763341,0.0145011600928074,0.0110208816705336,0.0336426914153131,0.0272621809744779,0.0063805104408352,0.0,0.0,0.0,0.002320185614849,0.0011600928074245,0.0011600928074245,0.0005800464037122,0.0005800464037122,0.0,0.0046403712296983,0.0046403712296983,0.0,0.010440835266821201,0.0087006960556844,0.0017401392111368,0.0069605568445474,0.0052204176334106,0.0017401392111368,0.0162412993039442,0.0029002320185614,0.0133410672853828,0.013921113689094999,0.0063805104408352,0.0075406032482598,617
2021-02-01,2021,2,1337,413,924,4,4,0,47,8,39,4,3,1,47,24,23,8,4,4,4,2,2,4,3,1,60,6,54,33,33,0,3,3,0,69,38,31,76,57,19,1,1,0,3,0,3,4,4,0,12,11,1,6,6,0,13,11,2,20,7,13,24,7,17,0.7540891144952059,0.2329385222786238,0.5211505922165821,0.0022560631697687,0.0022560631697687,0.0,0.0265087422447828,0.0045121263395375,0.0219966159052453,0.0022560631697686,0.0016920473773265,0.0005640157924421,0.0265087422447828,0.0135363790186125,0.0129723632261703,0.0045121263395374,0.0022560631697687,0.0022560631697687,0.0022560631697686,0.0011280315848843,0.0011280315848843,0.0022560631697686,0.0016920473773265,0.0005640157924421,0.0338409475465312,0.0033840947546531,0.0304568527918781,0.0186125211505922,0.0186125211505922,0.0,0.0016920473773265,0.0016920473773265,0.0,0.0389170896785109,0.0214326001128031,0.0174844895657078,0.0428652002256062,0.0321489001692047,0.0107163000564015,0.0005640157924421,0.0005640157924421,0.0,0.0016920473773265,0.0,0.0016920473773265,0.0022560631697687,0.0022560631697687,0.0,0.0067681895093061,0.006204173716864,0.0005640157924421,0.0033840947546531,0.0033840947546531,0.0,0.0073322053017483,0.006204173716864,0.0011280315848843,0.0112803158488437,0.0039481105470953,0.0073322053017484,0.013536379018612502,0.0039481105470953,0.0095882684715172,641
2021-03-01,2021,3,1481,447,1034,8,8,0,55,12,43,7,7,0,52,35,17,12,9,3,1,0,1,4,3,1,86,19,67,51,51,0,3,3,0,76,38,38,38,29,9,0,0,0,9,7,2,8,7,1,6,6,0,9,8,1,6,6,0,22,6,16,14,3,11,0.76340206185567,0.2304123711340206,0.5329896907216495,0.0041237113402061,0.0041237113402061,0.0,0.0283505154639174,0.0061855670103092,0.0221649484536082,0.0036082474226804,0.0036082474226804,0.0,0.0268041237113401,0.018041237113402,0.0087628865979381,0.0061855670103092,0.0046391752577319,0.0015463917525773,0.0005154639175257,0.0,0.0005154639175257,0.002061855670103,0.0015463917525773,0.0005154639175257,0.0443298969072164,0.0097938144329896,0.0345360824742268,0.0262886597938144,0.0262886597938144,0.0,0.0015463917525773,0.0015463917525773,0.0,0.0391752577319586,0.0195876288659793,0.0195876288659793,0.0195876288659793,0.0149484536082474,0.0046391752577319,0.0,0.0,0.0,0.0046391752577319,0.0036082474226804,0.0010309278350515,0.0041237113402061,0.0036082474226804,0.0005154639175257,0.0030927835051546,0.0030927835051546,0.0,0.0046391752577318,0.0041237113402061,0.0005154639175257,0.0030927835051546,0.0030927835051546,0.0,0.0113402061855669,0.0030927835051546,0.0082474226804123,0.0072164948453608,0.0015463917525773,0.0056701030927835,699
2021-04-01,2021,4,1299,372,927,8,5,3,54,12,42,3,3,0,30,15,15,7,7,0,2,2,0,1,1,0,75,9,66,74,73,1,16,16,0,55,29,26,54,48,6,2,1,1,11,8,3,21,21,0,3,3,0,17,15,2,6,5,1,23,4,19,32,15,17,0.7248883928571428,0.2075892857142857,0.5172991071428571,0.0044642857142855995,0.0027901785714285,0.0016741071428571,0.0301339285714285,0.0066964285714285,0.0234375,0.0016741071428571,0.0016741071428571,0.0,0.0167410714285714,0.0083705357142857,0.0083705357142857,0.00390625,0.00390625,0.0,0.0011160714285714,0.0011160714285714,0.0,0.0005580357142857,0.0005580357142857,0.0,0.041852678571428506,0.0050223214285714,0.0368303571428571,0.0412946428571428,0.0407366071428571,0.0005580357142857,0.0089285714285714,0.0089285714285714,0.0,0.030691964285714197,0.0161830357142857,0.0145089285714285,0.030133928571428402,0.0267857142857142,0.0033482142857142,0.0011160714285714,0.0005580357142857,0.0005580357142857,0.006138392857142801,0.0044642857142857,0.0016741071428571,0.01171875,0.01171875,0.0,0.0016741071428571,0.0016741071428571,0.0,0.0094866071428571,0.0083705357142857,0.0011160714285714,0.0033482142857142,0.0027901785714285,0.0005580357142857,0.012834821428571301,0.0022321428571428,0.0106026785714285,0.0178571428571428,0.0083705357142857,0.0094866071428571,663
2021-05-01,2021,5,1384,526,858,7,5,2,46,10,36,4,3,1,66,42,24,37,37,0,2,1,1,0,0,0,92,13,79,88,88,0,23,23,0,83,59,24,45,45,0,1,0,1,5,4,1,16,14,2,4,4,0,10,9,1,11,10,1,21,4,17,35,21,14,0.7086533538146441,0.2693292370711725,0.4393241167434716,0.0035842293906809,0.0025601638504864,0.0010240655401945,0.023553507424475102,0.0051203277009728,0.0184331797235023,0.002048131080389,0.0015360983102918,0.0005120327700972,0.033794162826420795,0.021505376344086,0.0122887864823348,0.0189452124935995,0.0189452124935995,0.0,0.0010240655401944,0.0005120327700972,0.0005120327700972,0.0,0.0,0.0,0.047107014848950295,0.0066564260112647,0.0404505888376856,0.0450588837685611,0.0450588837685611,0.0,0.0117767537122375,0.0117767537122375,0.0,0.0424987199180746,0.0302099334357398,0.0122887864823348,0.0230414746543778,0.0230414746543778,0.0,0.0005120327700972,0.0,0.0005120327700972,0.0025601638504862997,0.0020481310803891,0.0005120327700972,0.0081925243215565,0.007168458781362,0.0010240655401945,0.0020481310803891,0.0020481310803891,0.0,0.0051203277009727,0.0046082949308755,0.0005120327700972,0.00563236047107,0.0051203277009728,0.0005120327700972,0.0107526881720429,0.0020481310803891,0.0087045570916538,0.017921146953405,0.010752688172043,0.007168458781362,891
2021-06-01,2021,6,1465,723,742,14,14,0,248,202,46,11,11,0,29,20,9,72,71,1,8,7,1,1,1,0,63,5,58,66,63,3,16,16,0,148,126,22,27,23,4,0,0,0,4,3,1,8,8,0,9,9,0,21,17,4,30,30,0,30,11,19,33,19,14,0.6525612472160356,0.3220489977728285,0.3305122494432071,0.0062360801781737,0.0062360801781737,0.0,0.11046770601336289,0.0899777282850779,0.020489977728285,0.0048997772828507,0.0048997772828507,0.0,0.012917594654788301,0.0089086859688195,0.0040089086859688,0.032071269487750395,0.0316258351893095,0.0004454342984409,0.0035634743875276997,0.0031180400890868,0.0004454342984409,0.0004454342984409,0.0004454342984409,0.0,0.0280623608017816,0.0022271714922048,0.0258351893095768,0.0293986636971046,0.0280623608017817,0.0013363028953229,0.0071269487750556,0.0071269487750556,0.0,0.0659242761692649,0.0561247216035634,0.0097995545657015,0.0120267260579064,0.0102449888641425,0.0017817371937639,0.0,0.0,0.0,0.0017817371937638,0.0013363028953229,0.0004454342984409,0.0035634743875278,0.0035634743875278,0.0,0.0040089086859688,0.0040089086859688,0.0,0.009354120267260499,0.0075723830734966,0.0017817371937639,0.0133630289532293,0.0133630289532293,0.0,0.0133630289532293,0.0048997772828507,0.0084632516703786,0.0146993318485523,0.0084632516703786,0.0062360801781737,1321
2021-07-01,2021,7,1274,518,756,8,8,0,96,59,37,7,6,1,25,8,17,37,35,2,3,1,2,2,2,0,87,24,63,101,95,6,16,16,0,112,85,27,24,17,7,1,0,1,3,2,1,13,13,0,7,7,0,5,4,1,18,15,3,31,4,27,28,13,15,0.6834763948497854,0.2778969957081545,0.4055793991416309,0.0042918454935622,0.0042918454935622,0.0,0.0515021459227467,0.0316523605150214,0.0198497854077253,0.0037553648068668,0.0032188841201716,0.0005364806866952,0.013412017167381898,0.0042918454935622,0.0091201716738197,0.0198497854077252,0.0187768240343347,0.0010729613733905,0.0016094420600857,0.0005364806866952,0.0010729613733905,0.0010729613733905,0.0010729613733905,0.0,0.0466738197424891,0.0128755364806866,0.0337982832618025,0.0541845493562231,0.0509656652360515,0.0032188841201716,0.0085836909871244,0.0085836909871244,0.0,0.060085836909871196,0.0456008583690987,0.0144849785407725,0.0128755364806866,0.0091201716738197,0.0037553648068669,0.0005364806866952,0.0,0.0005364806866952,0.0016094420600857,0.0010729613733905,0.0005364806866952,0.0069742489270386,0.0069742489270386,0.0,0.0037553648068669,0.0037553648068669,0.0,0.0026824034334763,0.0021459227467811,0.0005364806866952,0.0096566523605149,0.0080472103004291,0.0016094420600858,0.0166309012875536,0.0021459227467811,0.0144849785407725,0.015021459227467702,0.0069742489270386,0.0080472103004291,900
2021-08-01,2021,8,1317,529,788,9,9,0,80,52,28,21,19,2,18,9,9,47,45,2,5,4,1,1,1,0,83,17,66,84,78,6,34,34,0,145,100,45,36,34,2,2,2,0,4,3,1,4,3,1,16,15,1,23,21,2,16,16,0,29,9,20,13,6,7,0.6771208226221079,0.2719794344473007,0.4051413881748072,0.0046272493573264,0.0046272493573264,0.0,0.041131105398457504,0.0267352185089974,0.0143958868894601,0.010796915167095,0.0097686375321336,0.0010282776349614,0.0092544987146528,0.0046272493573264,0.0046272493573264,0.0241645244215937,0.0231362467866323,0.0010282776349614,0.0025706940874035003,0.0020565552699228,0.0005141388174807,0.0005141388174807,0.0005141388174807,0.0,0.042673521850899704,0.0087403598971722,0.0339331619537275,0.0431876606683804,0.0401028277634961,0.0030848329048843,0.0174807197943444,0.0174807197943444,0.0,0.07455012853470419,0.0514138817480719,0.0231362467866323,0.018508997429305802,0.0174807197943444,0.0010282776349614,0.0010282776349614,0.0010282776349614,0.0,0.0020565552699228,0.0015424164524421,0.0005141388174807,0.0020565552699228,0.0015424164524421,0.0005141388174807,0.0082262210796914,0.0077120822622107,0.0005141388174807,0.011825192802056501,0.0107969151670951,0.0010282776349614,0.0082262210796915,0.0082262210796915,0.0,0.0149100257069407,0.0046272493573264,0.0102827763496143,0.0066838046272493,0.0030848329048843,0.003598971722365,965
2021-09-01,2021,9,1600,569,1031,6,5,1,85,32,53,10,9,1,25,15,10,35,32,3,8,4,4,1,1,0,114,28,86,67,66,1,10,10,0,135,104,31,16,11,5,2,0,2,3,0,3,10,7,3,7,7,0,4,1,3,6,5,1,30,12,18,21,6,15,0.7383479464697738,0.2625749884633133,0.4757729580064605,0.0027688047992615998,0.002307337332718,0.0004614674665436,0.0392247346562066,0.0147669589293954,0.0244577757268112,0.004614674665436,0.0041532071988924,0.0004614674665436,0.0115366866635901,0.0069220119981541,0.004614674665436,0.016151361329026198,0.0147669589293954,0.0013844023996308,0.0036917397323488,0.0018458698661744,0.0018458698661744,0.0004614674665436,0.0004614674665436,0.0,0.0526072911859713,0.012921089063221,0.0396862021227503,0.0309183202584217,0.0304568527918781,0.0004614674665436,0.004614674665436,0.004614674665436,0.0,0.0622981079833871,0.0479926165205353,0.0143054914628518,0.0073834794646976,0.0050761421319796,0.002307337332718,0.0009229349330872,0.0,0.0009229349330872,0.0013844023996308,0.0,0.0013844023996308,0.004614674665436001,0.0032302722658052,0.0013844023996308,0.0032302722658052,0.0032302722658052,0.0,0.0018458698661744,0.0004614674665436,0.0013844023996308,0.0027688047992615998,0.002307337332718,0.0004614674665436,0.0138440239963082,0.0055376095985233,0.0083064143977849,0.0096908167974157,0.0027688047992616,0.0069220119981541,897
2021-10-01,2021,10,1610,509,1101,6,5,1,91,33,58,9,9,0,34,21,13,25,21,4,6,3,3,0,0,0,74,10,64,89,85,4,33,33,0,64,30,34,33,23,10,3,1,2,6,5,1,8,8,0,8,8,0,9,8,1,17,16,1,29,5,24,15,7,8,0.7474466109563603,0.2363045496750232,0.5111420612813371,0.0027855153203342003,0.0023212627669452,0.000464252553389,0.0422469823584029,0.0153203342618384,0.0269266480965645,0.0041782729805013,0.0041782729805013,0.0,0.0157845868152274,0.0097493036211699,0.0060352831940575,0.011606313834726,0.0097493036211699,0.0018570102135561,0.0027855153203342,0.0013927576601671,0.0013927576601671,0.0,0.0,0.0,0.0343546889507891,0.0046425255338904,0.0297121634168987,0.041318477251624804,0.0394614670380687,0.0018570102135561,0.0153203342618384,0.0153203342618384,0.0,0.0297121634168987,0.0139275766016713,0.0157845868152274,0.0153203342618384,0.010677808727948,0.0046425255338904,0.001392757660167,0.000464252553389,0.000928505106778,0.0027855153203342003,0.0023212627669452,0.000464252553389,0.0037140204271123,0.0037140204271123,0.0,0.0037140204271123,0.0037140204271123,0.0,0.0041782729805013,0.0037140204271123,0.000464252553389,0.0078922934076136,0.0074280408542246,0.000464252553389,0.0134633240482822,0.0023212627669452,0.011142061281337,0.0069637883008356,0.0032497678737233,0.0037140204271123,828
2021-11-01,2021,11,1573,745,828,6,6,0,113,41,72,13,13,0,18,11,7,14,10,4,4,1,3,0,0,0,69,15,54,295,290,5,96,96,0,81,39,42,52,40,12,3,2,1,9,9,0,17,17,0,11,11,0,11,8,3,38,36,2,30,10,20,18,9,9,0.6386520503451075,0.3024766544863987,0.3361753958587088,0.002436053593179,0.002436053593179,0.0,0.045879009338205295,0.0166463662200568,0.0292326431181485,0.0052781161185546,0.0052781161185546,0.0,0.007308160779537,0.0044660982541615,0.0028420625253755,0.0056841250507510006,0.004060089321965,0.001624035728786,0.001624035728786,0.0004060089321965,0.0012180267965895,0.0,0.0,0.0,0.028014616321559,0.0060901339829476,0.0219244823386114,0.1197726349979699,0.1177425903369874,0.0020300446609825,0.0389768574908648,0.0389768574908648,0.0,0.0328867235079171,0.0158343483556638,0.0170523751522533,0.021112464474218398,0.0162403572878603,0.0048721071863581,0.0012180267965895002,0.000812017864393,0.0004060089321965,0.0036540803897685,0.0036540803897685,0.0,0.0069021518473406,0.0069021518473406,0.0,0.0044660982541615,0.0044660982541615,0.0,0.0044660982541615,0.003248071457572,0.0012180267965895,0.0154283394234672,0.0146163215590742,0.000812017864393,0.012180267965895102,0.004060089321965,0.0081201786439301,0.007308160779537,0.0036540803897685,0.0036540803897685,1403
2021-12-01,2021,12,1380,569,811,2,2,0,77,14,63,6,5,1,39,32,7,13,13,0,0,0,0,0,0,0,84,9,75,10,10,0,4,4,0,48,25,23,19,14,5,0,0,0,12,2,10,2,1,1,9,9,0,2,1,1,8,7,1,43,6,37,31,14,17,0.7748455923638404,0.3194834362717574,0.4553621560920831,0.0011229646266142,0.0011229646266142,0.0,0.043234138124649005,0.0078607523862998,0.0353733857383492,0.0033688938798427,0.0028074115665356,0.0005614823133071,0.021897810218978,0.0179674340258281,0.0039303761931499,0.0072992700729927,0.0072992700729927,0.0,0.0,0.0,0.0,0.0,0.0,0.0,0.0471645143177989,0.0050533408197641,0.0421111734980348,0.0056148231330713,0.0056148231330713,0.0,0.0022459292532285,0.0022459292532285,0.0,0.0269511510387422,0.0140370578326782,0.012914093206064,0.010668163952835399,0.0078607523862998,0.0028074115665356,0.0,0.0,0.0,0.0067377877596855006,0.0011229646266142,0.0056148231330713,0.0011229646266142,0.0005614823133071,0.0005614823133071,0.0050533408197641,0.0050533408197641,0.0,0.0011229646266142,0.0005614823133071,0.0005614823133071,0.004491858506457,0.0039303761931499,0.0005614823133071,0.0241437394722065,0.0033688938798427,0.0207748455923638,0.017405951712521,0.0078607523862998,0.0095451993262212,729
2022-01-01,2022,1,1410,527,883,5,5,0,71,14,57,8,8,0,47,39,8,16,16,0,2,2,0,0,0,0,103,19,84,18,18,0,5,5,0,74,47,27,14,9,5,0,0,0,2,0,2,7,7,0,11,10,1,1,1,0,7,5,2,35,7,28,26,7,19,0.7609282245008093,0.2844036697247706,0.4765245547760388,0.0026983270372369,0.0026983270372369,0.0,0.0383162439287641,0.0075553157042633,0.0307609282245008,0.004317323259579,0.004317323259579,0.0,0.0253642741500269,0.0210469508904479,0.004317323259579,0.0086346465191581,0.0086346465191581,0.0,0.0010793308148947,0.0010793308148947,0.0,0.0,0.0,0.0,0.0555855369670803,0.0102536427415002,0.0453318942255801,0.0097139773340528,0.0097139773340528,0.0,0.0026983270372369,0.0026983270372369,0.0,0.0399352401511062,0.0253642741500269,0.0145709660010793,0.0075553157042633,0.0048569886670264,0.0026983270372369,0.0,0.0,0.0,0.0010793308148947,0.0,0.0010793308148947,0.0037776578521316,0.0037776578521316,0.0,0.0059363194819211,0.0053966540744738,0.0005396654074473,0.0005396654074473,0.0005396654074473,0.0,0.0037776578521316,0.0026983270372369,0.0010793308148947,0.0188882892606583,0.0037776578521316,0.0151106314085267,0.0140313005936318,0.0037776578521316,0.0102536427415002,737
2022-02-01,2022,2,1246,524,722,4,4,0,83,24,59,7,7,0,25,21,4,24,23,1,3,1,2,0,0,0,59,8,51,12,12,0,1,1,0,248,201,47,22,14,8,0,0,0,3,2,1,5,5,0,13,13,0,5,4,1,8,8,0,35,7,28,11,3,8,0.6933778519755147,0.2915971062882582,0.4017807456872565,0.0022259321090706,0.0022259321090706,0.0,0.0461880912632164,0.013355592654424,0.0328324986087924,0.0038953811908736,0.0038953811908736,0.0,0.0139120756816916,0.011686143572621,0.0022259321090706,0.0133555926544239,0.0127991096271563,0.0005564830272676,0.0016694490818029,0.0005564830272676,0.0011129660545353,0.0,0.0,0.0,0.032832498608792296,0.0044518642181413,0.028380634390651,0.006677796327212,0.006677796327212,0.0,0.0005564830272676,0.0005564830272676,0.0,0.1380077907623817,0.1118530884808013,0.0261547022815804,0.0122426265998886,0.0077907623817473,0.0044518642181413,0.0,0.0,0.0,0.0016694490818029,0.0011129660545353,0.0005564830272676,0.0027824151363383,0.0027824151363383,0.0,0.0072342793544796,0.0072342793544796,0.0,0.0027824151363382,0.0022259321090706,0.0005564830272676,0.0044518642181413,0.0044518642181413,0.0,0.019476905954368302,0.0038953811908736,0.0155815247634947,0.0061213132999443,0.001669449081803,0.0044518642181413,866
2022-03-01,2022,3,1451,596,855,16,15,1,79,9,70,8,8,0,26,14,12,37,36,1,4,3,1,0,0,0,63,10,53,9,8,1,1,1,0,163,115,48,30,23,7,1,1,0,7,4,3,9,8,1,43,41,2,1,1,0,4,4,0,44,10,34,13,5,8,0.7328282828282828,0.301010101010101,0.4318181818181818,0.008080808080808,0.0075757575757575,0.0005050505050505,0.039898989898989795,0.0045454545454545,0.0353535353535353,0.004040404040404,0.004040404040404,0.0,0.013131313131313,0.007070707070707,0.006060606060606,0.018686868686868603,0.0181818181818181,0.0005050505050505,0.002020202020202,0.0015151515151515,0.0005050505050505,0.0,0.0,0.0,0.031818181818181704,0.005050505050505,0.0267676767676767,0.004545454545454499,0.004040404040404,0.0005050505050505,0.0005050505050505,0.0005050505050505,0.0,0.0823232323232322,0.058080808080808,0.0242424242424242,0.0151515151515151,0.0116161616161616,0.0035353535353535,0.0005050505050505,0.0005050505050505,0.0,0.0035353535353535,0.002020202020202,0.0015151515151515,0.004545454545454499,0.004040404040404,0.0005050505050505,0.0217171717171717,0.0207070707070707,0.001010101010101,0.0005050505050505,0.0005050505050505,0.0,0.002020202020202,0.002020202020202,0.0,0.022222222222222098,0.005050505050505,0.0171717171717171,0.0065656565656564995,0.0025252525252525,0.004040404040404,884
2022-04-01,2022,4,1417,621,796,8,7,1,88,24,64,12,12,0,26,12,14,12,9,3,6,3,3,1,0,1,82,22,60,16,14,2,3,3,0,75,49,26,51,34,17,3,3,0,9,8,1,14,14,0,25,24,1,17,14,3,13,9,4,41,13,28,35,19,16,0.7289094650205761,0.3194444444444444,0.4094650205761317,0.0041152263374484,0.0036008230452674,0.000514403292181,0.045267489711934,0.0123456790123456,0.0329218106995884,0.0061728395061728,0.0061728395061728,0.0,0.013374485596707699,0.0061728395061728,0.0072016460905349,0.0061728395061728,0.0046296296296296,0.0015432098765432,0.0030864197530864,0.0015432098765432,0.0015432098765432,0.000514403292181,0.0,0.000514403292181,0.0421810699588476,0.0113168724279835,0.0308641975308641,0.008230452674897,0.0072016460905349,0.0010288065843621,0.0015432098765432,0.0015432098765432,0.0,0.038580246913580196,0.0252057613168724,0.0133744855967078,0.0262345679012344,0.0174897119341563,0.0087448559670781,0.0015432098765432,0.0015432098765432,0.0,0.0046296296296295,0.0041152263374485,0.000514403292181,0.0072016460905349,0.0072016460905349,0.0,0.0128600823045266,0.0123456790123456,0.000514403292181,0.0087448559670781,0.0072016460905349,0.0015432098765432,0.0066872427983538,0.0046296296296296,0.0020576131687242,0.0210905349794238,0.0066872427983539,0.0144032921810699,0.0180041152263374,0.0097736625514403,0.0082304526748971,907
2022-05-01,2022,5,1560,703,857,12,12,0,93,22,71,13,12,1,41,22,19,7,7,0,5,2,3,0,0,0,116,37,79,9,9,0,1,1,0,91,53,38,47,40,7,4,4,0,6,5,1,14,13,1,13,12,1,13,12,1,14,13,1,43,14,29,28,13,15,0.7337723424270931,0.3306679209783631,0.40310442144873,0.0056444026340545,0.0056444026340545,0.0,0.0437441204139227,0.0103480714957666,0.0333960489181561,0.006114769520225699,0.0056444026340545,0.0004703668861712,0.0192850423330196,0.0103480714957666,0.008936970837253,0.0032925682031984,0.0032925682031984,0.0,0.002351834430856,0.0009407337723424,0.0014111006585136,0.0,0.0,0.0,0.054562558795860694,0.0174035747883349,0.0371589840075258,0.0042333019755409,0.0042333019755409,0.0,0.0004703668861712,0.0004703668861712,0.0,0.0428033866415804,0.0249294449670743,0.0178739416745061,0.022107243650046897,0.0188146754468485,0.0032925682031984,0.0018814675446848,0.0018814675446848,0.0,0.0028222013170272,0.002351834430856,0.0004703668861712,0.0065851364063969,0.0061147695202257,0.0004703668861712,0.006114769520225699,0.0056444026340545,0.0004703668861712,0.006114769520225699,0.0056444026340545,0.0004703668861712,0.0065851364063969,0.0061147695202257,0.0004703668861712,0.020225776105362,0.0065851364063969,0.0136406396989651,0.0131702728127939,0.0061147695202257,0.0070555032925682,1002
2022-06-01,2022,6,1518,695,823,9,7,2,101,19,82,17,15,2,46,28,18,20,12,8,7,4,3,1,0,1,122,51,71,15,15,0,0,0,0,98,50,48,43,34,9,1,1,0,17,15,2,9,8,1,13,12,1,7,3,4,15,11,4,34,16,18,33,12,21,0.718409843823947,0.3289162328442972,0.3894936109796498,0.0042593469001418,0.003312825366777,0.0009465215333648,0.047799337434926495,0.0089919545669663,0.0388073828679602,0.0080454330336014,0.0070989115002366,0.0009465215333648,0.0217699952673922,0.0132513014671083,0.0085186938002839,0.0094652153336488,0.0056791292001893,0.0037860861334595,0.003312825366777,0.0018930430667297,0.0014197823000473,0.0004732607666824,0.0,0.0004732607666824,0.057737813535257795,0.0241362991008045,0.0336015144344533,0.0070989115002366,0.0070989115002366,0.0,0.0,0.0,0.0,0.0463795551348793,0.0236630383341221,0.0227165168007572,0.020350212967344898,0.016090866067203,0.0042593469001419,0.0004732607666824,0.0004732607666824,0.0,0.0080454330336014,0.0070989115002366,0.0009465215333648,0.0042593469001419,0.0037860861334595,0.0004732607666824,0.0061523899668717,0.0056791292001893,0.0004732607666824,0.003312825366777,0.0014197823000473,0.0018930430667297,0.007098911500236499,0.0052058684335068,0.0018930430667297,0.016090866067202902,0.007572172266919,0.0085186938002839,0.0156176053005205,0.0056791292001893,0.0099384761003312,1002
2022-07-01,2022,7,1259,514,745,7,7,0,81,13,68,19,19,0,16,5,11,13,11,2,5,4,1,0,0,0,96,41,55,8,8,0,2,2,0,86,41,45,12,11,1,1,1,0,7,4,3,5,3,2,16,15,1,2,2,0,6,6,0,39,5,34,31,17,14,0.737551259519625,0.3011130638547158,0.4364381956649092,0.0041007615700058,0.0041007615700058,0.0,0.047451669595782,0.0076157000585823,0.0398359695371997,0.0111306385471587,0.0111306385471587,0.0,0.0093731693028704,0.002929115407147,0.0064440538957234,0.007615700058582199,0.0064440538957234,0.0011716461628588,0.0029291154071469996,0.0023432923257176,0.0005858230814294,0.0,0.0,0.0,0.0562390158172231,0.0240187463386057,0.0322202694786174,0.0046865846514352,0.0046865846514352,0.0,0.0011716461628588,0.0011716461628588,0.0,0.050380785002929,0.0240187463386057,0.0263620386643233,0.0070298769771528,0.0064440538957234,0.0005858230814294,0.0005858230814294,0.0005858230814294,0.0,0.0041007615700058,0.0023432923257176,0.0017574692442882,0.0029291154071469996,0.0017574692442882,0.0011716461628588,0.0093731693028705,0.0087873462214411,0.0005858230814294,0.0011716461628588,0.0011716461628588,0.0,0.0035149384885764,0.0035149384885764,0.0,0.0228471001757468,0.002929115407147,0.0199179847685998,0.018160515524311603,0.0099589923842999,0.0082015231400117,727
2022-08-01,2022,8,1332,642,690,5,5,0,91,35,56,49,46,3,24,11,13,16,14,2,5,5,0,1,1,0,62,13,49,36,36,0,1,1,0,97,57,40,34,27,7,1,1,0,6,5,1,7,7,0,7,7,0,19,14,5,7,6,1,25,7,18,31,21,10,0.7239130434782608,0.3489130434782608,0.375,0.0027173913043478,0.0027173913043478,0.0,0.0494565217391303,0.0190217391304347,0.0304347826086956,0.0266304347826086,0.025,0.0016304347826086,0.0130434782608695,0.0059782608695652,0.0070652173913043,0.008695652173913,0.0076086956521739,0.0010869565217391,0.0027173913043478,0.0027173913043478,0.0,0.0005434782608695,0.0005434782608695,0.0,0.033695652173912904,0.0070652173913043,0.0266304347826086,0.0195652173913043,0.0195652173913043,0.0,0.0005434782608695,0.0005434782608695,0.0,0.0527173913043478,0.0309782608695652,0.0217391304347826,0.0184782608695651,0.0146739130434782,0.0038043478260869,0.0005434782608695,0.0005434782608695,0.0,0.0032608695652173,0.0027173913043478,0.0005434782608695,0.0038043478260869,0.0038043478260869,0.0,0.0038043478260869,0.0038043478260869,0.0,0.0103260869565217,0.0076086956521739,0.0027173913043478,0.0038043478260868,0.0032608695652173,0.0005434782608695,0.013586956521739,0.0038043478260869,0.0097826086956521,0.0168478260869564,0.0114130434782608,0.0054347826086956,947
2022-09-01,2022,9,1045,520,525,9,7,2,79,25,54,29,29,0,41,28,13,9,7,2,1,0,1,0,0,0,47,15,32,45,43,2,5,5,0,67,40,27,26,18,8,1,1,0,11,8,3,16,14,2,25,24,1,9,8,1,5,5,0,24,7,17,27,15,12,0.6897689768976898,0.3432343234323432,0.3465346534653465,0.0059405940594059,0.0046204620462046,0.0013201320132013,0.0521452145214521,0.0165016501650165,0.0356435643564356,0.0191419141914191,0.0191419141914191,0.0,0.027062706270626898,0.0184818481848184,0.0085808580858085,0.0059405940594059,0.0046204620462046,0.0013201320132013,0.0006600660066006,0.0,0.0006600660066006,0.0,0.0,0.0,0.031023102310231,0.0099009900990099,0.0211221122112211,0.0297029702970296,0.0283828382838283,0.0013201320132013,0.0033003300330033,0.0033003300330033,0.0,0.0442244224422442,0.0264026402640264,0.0178217821782178,0.017161716171617,0.0118811881188118,0.0052805280528052,0.0006600660066006,0.0006600660066006,0.0,0.0072607260726070995,0.0052805280528052,0.0019801980198019,0.010561056105610499,0.0092409240924092,0.0013201320132013,0.0165016501650164,0.0158415841584158,0.0006600660066006,0.0059405940594058,0.0052805280528052,0.0006600660066006,0.0033003300330033,0.0033003300330033,0.0,0.0158415841584158,0.0046204620462046,0.0112211221122112,0.0178217821782178,0.0099009900990099,0.0079207920792079,815
2022-10-01,2022,10,1091,452,639,9,6,3,63,23,40,3,3,0,36,17,19,6,6,0,4,2,2,0,0,0,160,106,54,37,37,0,2,2,0,82,54,28,26,19,7,3,2,1,5,2,3,3,3,0,25,25,0,2,2,0,10,9,1,32,14,18,14,10,4,0.6780609073958981,0.2809198259788689,0.3971410814170292,0.0055935363579862,0.0037290242386575,0.0018645121193287,0.0391547545059042,0.0142945929148539,0.0248601615910503,0.0018645121193287,0.0018645121193287,0.0,0.0223741454319452,0.0105655686761963,0.0118085767557489,0.0037290242386575,0.0037290242386575,0.0,0.002486016159105,0.0012430080795525,0.0012430080795525,0.0,0.0,0.0,0.0994406463642013,0.0658794282162834,0.0335612181479179,0.0229956494717215,0.0229956494717215,0.0,0.0012430080795525,0.0012430080795525,0.0,0.050963331261653096,0.0335612181479179,0.0174021131137352,0.0161591050341827,0.0118085767557489,0.0043505282784338,0.0018645121193287002,0.0012430080795525,0.0006215040397762,0.0031075201988812,0.0012430080795525,0.0018645121193287,0.0018645121193287,0.0018645121193287,0.0,0.0155376009944064,0.0155376009944064,0.0,0.0012430080795525,0.0012430080795525,0.0,0.0062150403977625,0.0055935363579863,0.0006215040397762,0.0198881292728402,0.0087010565568676,0.0111870727159726,0.0087010565568675,0.0062150403977625,0.002486016159105,790
2022-11-01,2022,11,1216,523,693,6,5,1,80,43,37,4,4,0,27,14,13,5,5,0,2,0,2,0,0,0,43,9,34,89,88,1,14,13,1,69,42,27,16,13,3,2,1,1,2,2,0,5,5,0,12,11,1,4,3,1,2,2,0,33,12,21,35,28,7,0.73208910295003,0.3148705599036724,0.4172185430463576,0.003612281757977,0.0030102347983142,0.0006020469596628,0.0481637567730282,0.0258880192655027,0.0222757375075255,0.0024081878386514,0.0024081878386514,0.0,0.0162552679108969,0.0084286574352799,0.007826610475617,0.0030102347983142,0.0030102347983142,0.0,0.0012040939193257,0.0,0.0012040939193257,0.0,0.0,0.0,0.0258880192655026,0.0054184226369656,0.020469596628537,0.0535821794099939,0.0529801324503311,0.0006020469596628,0.008428657435279801,0.007826610475617,0.0006020469596628,0.0415412402167368,0.0252859723058398,0.016255267910897,0.0096327513546055,0.007826610475617,0.0018061408789885,0.0012040939193256,0.0006020469596628,0.0006020469596628,0.0012040939193257,0.0012040939193257,0.0,0.0030102347983142,0.0030102347983142,0.0,0.0072245635159541,0.0066225165562913,0.0006020469596628,0.0024081878386513,0.0018061408789885,0.0006020469596628,0.0012040939193257,0.0012040939193257,0.0,0.0198675496688741,0.0072245635159542,0.0126429861529199,0.0210716435881998,0.0168573148705599,0.0042143287176399,818
2022-12-01,2022,12,1062,480,582,11,9,2,53,24,29,4,4,0,22,17,5,15,14,1,5,3,2,0,0,0,35,11,24,7,7,0,0,0,0,78,59,19,22,15,7,2,1,1,14,6,8,3,3,0,15,15,0,6,6,0,5,5,0,25,8,17,25,17,8,0.7585714285714285,0.3428571428571428,0.4157142857142857,0.0078571428571428,0.0064285714285714,0.0014285714285714,0.0378571428571428,0.0171428571428571,0.0207142857142857,0.0028571428571428,0.0028571428571428,0.0,0.0157142857142856,0.0121428571428571,0.0035714285714285,0.0107142857142857,0.01,0.0007142857142857,0.0035714285714284998,0.0021428571428571,0.0014285714285714,0.0,0.0,0.0,0.024999999999999897,0.0078571428571428,0.0171428571428571,0.005,0.005,0.0,0.0,0.0,0.0,0.0557142857142856,0.0421428571428571,0.0135714285714285,0.0157142857142857,0.0107142857142857,0.005,0.0014285714285714,0.0007142857142857,0.0007142857142857,0.009999999999999901,0.0042857142857142,0.0057142857142857,0.0021428571428571,0.0021428571428571,0.0,0.0107142857142857,0.0107142857142857,0.0,0.0042857142857142,0.0042857142857142,0.0,0.0035714285714285,0.0035714285714285,0.0,0.0178571428571428,0.0057142857142857,0.0121428571428571,0.0178571428571428,0.0121428571428571,0.0057142857142857,696
2023-01-01,2023,1,1222,513,709,7,4,3,58,25,33,5,5,0,30,23,7,15,12,3,3,2,1,0,0,0,48,11,37,7,7,0,1,1,0,120,87,33,35,22,13,6,5,1,5,3,2,8,8,0,14,14,0,3,3,0,5,4,1,38,15,23,17,8,9,0.7446678854357098,0.3126142595978062,0.4320536258379037,0.004265691651432,0.0024375380865326,0.0018281535648994,0.0353443022547226,0.0152346130408287,0.0201096892138939,0.0030469226081657,0.0030469226081657,0.0,0.0182815356489944,0.0140158439975624,0.004265691651432,0.0091407678244972,0.0073126142595978,0.0018281535648994,0.0018281535648994002,0.0012187690432663,0.0006093845216331,0.0,0.0,0.0,0.0292504570383911,0.0067032297379646,0.0225472273004265,0.004265691651432,0.004265691651432,0.0,0.0006093845216331,0.0006093845216331,0.0,0.0731261425959779,0.053016453382084,0.0201096892138939,0.0213284582571602,0.0134064594759293,0.0079219987812309,0.0036563071297988003,0.0030469226081657,0.0006093845216331,0.0030469226081656997,0.0018281535648994,0.0012187690432663,0.0048750761730652,0.0048750761730652,0.0,0.0085313833028641,0.0085313833028641,0.0,0.0018281535648994,0.0018281535648994,0.0,0.0030469226081657,0.0024375380865326,0.0006093845216331,0.0231566118220596,0.0091407678244972,0.0140158439975624,0.010359536867763499,0.0048750761730652,0.0054844606946983,767
2023-02-01,2023,2,1204,628,576,8,8,0,39,17,22,6,6,0,36,25,11,10,10,0,3,1,2,0,0,0,64,36,28,7,7,0,1,1,0,116,85,31,32,26,6,4,4,0,11,8,3,6,5,1,14,14,0,0,0,0,6,4,2,45,18,27,11,4,7,0.7445887445887446,0.3883735312306741,0.3562152133580705,0.004947433518862,0.004947433518862,0.0,0.024118738404452597,0.0105132962275819,0.0136054421768707,0.0037105751391465,0.0037105751391465,0.0,0.0222634508348793,0.015460729746444,0.0068027210884353,0.0061842918985776,0.0061842918985776,0.0,0.0018552875695732,0.0006184291898577,0.0012368583797155,0.0,0.0,0.0,0.0395794681508967,0.0222634508348794,0.0173160173160173,0.0043290043290043,0.0043290043290043,0.0,0.0006184291898577,0.0006184291898577,0.0,0.07173778602350031,0.0525664811379097,0.0191713048855906,0.0197897340754482,0.0160791589363017,0.0037105751391465,0.002473716759431,0.002473716759431,0.0,0.0068027210884351996,0.004947433518862,0.0018552875695732,0.0037105751391465,0.0030921459492888,0.0006184291898577,0.0086580086580086,0.0086580086580086,0.0,0.0,0.0,0.0,0.0037105751391464997,0.002473716759431,0.0012368583797155,0.027829313543599198,0.0111317254174397,0.0166975881261595,0.0068027210884353,0.002473716759431,0.0043290043290043,901
2023-03-01,2023,3,1228,559,669,9,6,3,58,14,44,8,8,0,39,23,16,17,15,2,2,1,1,0,0,0,53,19,34,15,15,0,1,1,0,90,57,33,29,18,11,1,1,0,8,6,2,19,19,0,16,15,1,7,6,1,8,5,3,54,21,33,23,15,8,0.7326968973747016,0.3335322195704057,0.3991646778042959,0.005369928400954601,0.0035799522673031,0.0017899761336515,0.0346062052505965,0.0083532219570405,0.026252983293556,0.0047732696897374,0.0047732696897374,0.0,0.0232696897374701,0.0137231503579952,0.0095465393794749,0.010143198090692,0.0089498806682577,0.0011933174224343,0.0011933174224342,0.0005966587112171,0.0005966587112171,0.0,0.0,0.0,0.0316229116945106,0.0113365155131264,0.0202863961813842,0.0089498806682577,0.0089498806682577,0.0,0.0005966587112171,0.0005966587112171,0.0,0.0536992840095464,0.0340095465393794,0.019689737470167,0.0173031026252983,0.0107398568019093,0.006563245823389,0.0005966587112171,0.0005966587112171,0.0,0.0047732696897374,0.0035799522673031,0.0011933174224343,0.0113365155131264,0.0113365155131264,0.0,0.0095465393794748,0.0089498806682577,0.0005966587112171,0.0041766109785202005,0.0035799522673031,0.0005966587112171,0.0047732696897374,0.0029832935560859,0.0017899761336515,0.0322195704057278,0.0125298329355608,0.019689737470167,0.013723150357995099,0.0089498806682577,0.0047732696897374,817
2023-04-01,2023,4,925,383,542,5,3,2,42,22,20,4,4,0,31,18,13,7,7,0,6,1,5,1,1,0,33,11,22,8,8,0,1,1,0,54,35,19,24,18,6,0,0,0,3,2,1,7,6,1,19,18,1,2,0,2,7,7,0,44,20,24,23,15,8,0.7453666398066074,0.3086220789685737,0.4367445608380338,0.0040290088638195,0.0024174053182917,0.0016116035455278,0.0338436744560838,0.0177276390008058,0.016116035455278,0.0032232070910556,0.0032232070910556,0.0,0.024979854955680898,0.0145044319097502,0.0104754230459307,0.0056406124093473,0.0056406124093473,0.0,0.0048348106365834,0.0008058017727639,0.0040290088638195,0.0008058017727639,0.0008058017727639,0.0,0.026591458501208698,0.0088638195004029,0.0177276390008058,0.0064464141821112,0.0064464141821112,0.0,0.0008058017727639,0.0008058017727639,0.0,0.0435132957292506,0.0282030620467365,0.0153102336825141,0.0193392425463336,0.0145044319097502,0.0048348106365834,0.0,0.0,0.0,0.0024174053182917004,0.0016116035455278,0.0008058017727639,0.0056406124093473,0.0048348106365834,0.0008058017727639,0.0153102336825141,0.0145044319097502,0.0008058017727639,0.0016116035455278,0.0,0.0016116035455278,0.0056406124093473,0.0056406124093473,0.0,0.0354552780016116,0.016116035455278,0.0193392425463336,0.0185334407735697,0.0120870265914585,0.0064464141821112,575
2023-05-01,2023,5,913,420,493,5,3,2,51,24,27,6,5,1,21,12,9,11,11,0,4,2,2,1,0,1,51,14,37,15,15,0,0,0,0,68,32,36,13,9,4,0,0,0,7,7,0,8,7,1,16,16,0,13,12,1,10,9,1,45,17,28,24,16,8,0.7149569303054033,0.3288958496476116,0.3860610806577917,0.0039154267815191,0.0023492560689115,0.0015661707126076,0.0399373531714956,0.018794048551292,0.0211433046202036,0.0046985121378229,0.0039154267815191,0.0007830853563038,0.0164447924823805,0.009397024275646,0.0070477682067345,0.0086139389193422,0.0086139389193422,0.0,0.0031323414252152,0.0015661707126076,0.0015661707126076,0.0007830853563038,0.0,0.0007830853563038,0.039937353171495604,0.0109631949882537,0.0289741581832419,0.0117462803445575,0.0117462803445575,0.0,0.0,0.0,0.0,0.053249804228660796,0.0250587314017227,0.0281910728269381,0.0101801096319498,0.0070477682067345,0.0031323414252153,0.0,0.0,0.0,0.0054815974941268,0.0054815974941268,0.0,0.0062646828504306,0.0054815974941268,0.0007830853563038,0.0125293657008613,0.0125293657008613,0.0,0.0101801096319498,0.009397024275646,0.0007830853563038,0.007830853563038299,0.0070477682067345,0.0007830853563038,0.0352388410336726,0.0133124510571652,0.0219263899765074,0.0187940485512919,0.0125293657008613,0.0062646828504306,627
2023-06-01,2023,6,1165,492,673,6,6,0,74,7,67,2,2,0,40,20,20,18,13,5,1,1,0,0,0,0,86,35,51,18,16,2,4,4,0,81,47,34,27,23,4,2,2,0,4,1,3,8,8,0,15,14,1,4,2,2,3,2,1,39,19,20,24,12,12,0.72180916976456,0.3048327137546468,0.4169764560099132,0.0037174721189591,0.0037174721189591,0.0,0.0458488228004955,0.0043370508054522,0.0415117719950433,0.0012391573729863,0.0012391573729863,0.0,0.0247831474597272,0.0123915737298636,0.0123915737298636,0.0111524163568773,0.0080545229244114,0.0030978934324659,0.0006195786864931,0.0006195786864931,0.0,0.0,0.0,0.0,0.053283767038413796,0.0216852540272614,0.0315985130111524,0.0111524163568772,0.0099132589838909,0.0012391573729863,0.0024783147459727,0.0024783147459727,0.0,0.0501858736059478,0.0291201982651796,0.0210656753407682,0.0167286245353159,0.0142503097893432,0.0024783147459727,0.0012391573729863,0.0012391573729863,0.0,0.0024783147459726002,0.0006195786864931,0.0018587360594795,0.0049566294919454,0.0049566294919454,0.0,0.0092936802973976,0.0086741016109045,0.0006195786864931,0.0024783147459726,0.0012391573729863,0.0012391573729863,0.0018587360594793999,0.0012391573729863,0.0006195786864931,0.024163568773234098,0.0117719950433705,0.0123915737298636,0.0148698884758364,0.0074349442379182,0.0074349442379182,721
2023-07-01,2023,7,1113,496,617,10,10,0,76,12,64,9,9,0,42,22,20,15,13,2,8,6,2,0,0,0,71,30,41,16,14,2,3,3,0,72,45,27,30,24,6,0,0,0,7,6,1,18,18,0,17,17,0,9,8,1,8,8,0,38,19,19,34,17,17,0.7017654476670869,0.3127364438839848,0.3890290037831021,0.0063051702395964,0.0063051702395964,0.0,0.0479192938209331,0.0075662042875157,0.0403530895334174,0.0056746532156368,0.0056746532156368,0.0,0.026481715006305098,0.0138713745271122,0.0126103404791929,0.009457755359394599,0.0081967213114754,0.0012610340479192,0.005044136191677,0.0037831021437578,0.0012610340479192,0.0,0.0,0.0,0.0447667087011349,0.0189155107187894,0.0258511979823455,0.0100882723833542,0.008827238335435,0.0012610340479192,0.0018915510718789,0.0018915510718789,0.0,0.0453972257250945,0.0283732660781841,0.0170239596469104,0.0189155107187893,0.0151324085750315,0.0037831021437578,0.0,0.0,0.0,0.0044136191677173996,0.0037831021437578,0.0006305170239596,0.0113493064312736,0.0113493064312736,0.0,0.0107187894073139,0.0107187894073139,0.0,0.0056746532156366995,0.0050441361916771,0.0006305170239596,0.0050441361916771,0.0050441361916771,0.0,0.0239596469104664,0.0119798234552332,0.0119798234552332,0.0214375788146278,0.0107187894073139,0.0107187894073139,768
2023-08-01,2023,8,1077,361,716,5,3,2,91,21,70,3,2,1,31,12,19,16,14,2,5,1,4,0,0,0,52,9,43,14,14,0,0,0,0,48,25,23,19,14,5,3,1,2,8,6,2,3,1,2,9,9,0,8,6,2,2,2,0,40,7,33,28,9,19,0.7417355371900826,0.2486225895316804,0.4931129476584022,0.0034435261707988,0.0020661157024793,0.0013774104683195,0.0626721763085398,0.0144628099173553,0.0482093663911845,0.0020661157024792,0.0013774104683195,0.0006887052341597,0.0213498622589531,0.0082644628099173,0.0130853994490358,0.0110192837465564,0.0096418732782369,0.0013774104683195,0.0034435261707988,0.0006887052341597,0.0027548209366391,0.0,0.0,0.0,0.0358126721763085,0.006198347107438,0.0296143250688705,0.0096418732782369,0.0096418732782369,0.0,0.0,0.0,0.0,0.0330578512396693,0.0172176308539944,0.0158402203856749,0.013085399449035699,0.0096418732782369,0.0034435261707988,0.0020661157024792,0.0006887052341597,0.0013774104683195,0.0055096418732781,0.0041322314049586,0.0013774104683195,0.0020661157024792,0.0006887052341597,0.0013774104683195,0.006198347107438,0.006198347107438,0.0,0.0055096418732781,0.0041322314049586,0.0013774104683195,0.0013774104683195,0.0013774104683195,0.0,0.027548209366391102,0.0048209366391184,0.0227272727272727,0.0192837465564738,0.006198347107438,0.0130853994490358,509
2023-09-01,2023,9,969,373,596,5,4,1,56,10,46,0,0,0,26,14,12,13,11,2,5,0,5,0,0,0,33,5,28,4,4,0,0,0,0,38,16,22,7,6,1,1,1,0,3,1,2,10,8,2,5,4,1,1,1,0,9,7,2,32,8,24,17,2,15,0.7897310513447432,0.3039934800325998,0.4857375713121434,0.0040749796251017,0.0032599837000814,0.0008149959250203,0.0456397718011409,0.0081499592502037,0.0374898125509372,0.0,0.0,0.0,0.021189894050529602,0.0114099429502852,0.0097799511002444,0.0105949470252648,0.0089649551752241,0.0016299918500407,0.0040749796251018,0.0,0.0040749796251018,0.0,0.0,0.0,0.0268948655256722,0.0040749796251018,0.0228198859005704,0.0032599837000814,0.0032599837000814,0.0,0.0,0.0,0.0,0.030969845150774097,0.0130399348003259,0.0179299103504482,0.0057049714751425,0.0048899755501222,0.0008149959250203,0.0008149959250203,0.0008149959250203,0.0,0.0024449877750610002,0.0008149959250203,0.0016299918500407,0.0081499592502036,0.0065199674001629,0.0016299918500407,0.0040749796251017,0.0032599837000814,0.0008149959250203,0.0008149959250203,0.0008149959250203,0.0,0.0073349633251833,0.0057049714751426,0.0016299918500407,0.0260798696006518,0.0065199674001629,0.0195599022004889,0.0138549307253463,0.0016299918500407,0.0122249388753056,470
2023-10-01,2023,10,933,323,610,5,1,4,77,18,59,3,3,0,24,11,13,7,6,1,2,2,0,0,0,0,66,31,35,14,13,1,2,2,0,39,18,21,19,10,9,1,1,0,3,0,3,3,2,1,12,12,0,3,3,0,2,2,0,45,8,37,30,12,18,0.7260700389105057,0.2513618677042801,0.4747081712062256,0.0038910505836575,0.0007782101167315,0.003112840466926,0.0599221789883268,0.0140077821011673,0.0459143968871595,0.0023346303501945,0.0023346303501945,0.0,0.0186770428015563,0.0085603112840466,0.0101167315175097,0.0054474708171206,0.0046692607003891,0.0007782101167315,0.001556420233463,0.001556420233463,0.0,0.0,0.0,0.0,0.0513618677042801,0.024124513618677,0.0272373540856031,0.0108949416342412,0.0101167315175097,0.0007782101167315,0.001556420233463,0.001556420233463,0.0,0.0303501945525291,0.0140077821011673,0.0163424124513618,0.0147859922178987,0.0077821011673151,0.0070038910505836,0.0007782101167315,0.0007782101167315,0.0,0.0023346303501945,0.0,0.0023346303501945,0.0023346303501945,0.001556420233463,0.0007782101167315,0.0093385214007782,0.0093385214007782,0.0,0.0023346303501945,0.0023346303501945,0.0,0.001556420233463,0.001556420233463,0.0,0.0350194552529182,0.0062256809338521,0.0287937743190661,0.023346303501945498,0.0093385214007782,0.0140077821011673,474
2023-11-01,2023,11,1089,426,663,2,2,0,76,14,62,2,2,0,26,20,6,17,14,3,2,0,2,0,0,0,41,9,32,12,12,0,1,1,0,41,20,21,28,20,8,0,0,0,3,1,2,4,4,0,18,18,0,2,1,1,8,5,3,34,12,22,33,18,15,0.759944173063503,0.2972784368457781,0.462665736217725,0.0013956734124214,0.0013956734124214,0.0,0.0530355896720166,0.0097697138869504,0.0432658757850662,0.0013956734124214,0.0013956734124214,0.0,0.0181437543614793,0.0139567341242149,0.0041870202372644,0.011863224005582599,0.0097697138869504,0.0020935101186322,0.0013956734124214,0.0,0.0013956734124214,0.0,0.0,0.0,0.0286113049546405,0.0062805303558967,0.0223307745987438,0.0083740404745289,0.0083740404745289,0.0,0.0006978367062107,0.0006978367062107,0.0,0.028611304954640503,0.0139567341242149,0.0146545708304256,0.019539427773900803,0.0139567341242149,0.0055826936496859,0.0,0.0,0.0,0.0020935101186321,0.0006978367062107,0.0013956734124214,0.0027913468248429,0.0027913468248429,0.0,0.0125610607117934,0.0125610607117934,0.0,0.0013956734124214,0.0006978367062107,0.0006978367062107,0.0055826936496859,0.0034891835310537,0.0020935101186322,0.023726448011165302,0.0083740404745289,0.0153524075366364,0.0230286113049546,0.0125610607117934,0.0104675505931612,596
2023-12-01,2023,12,967,355,612,4,4,0,90,25,65,1,1,0,29,20,9,25,20,5,8,6,2,0,0,0,63,16,47,9,9,0,3,3,0,63,31,32,18,12,6,0,0,0,11,6,5,0,0,0,21,21,0,1,1,0,10,8,2,44,15,29,37,26,11,0.6966858789625361,0.2557636887608069,0.4409221902017291,0.0028818443804034,0.0028818443804034,0.0,0.0648414985590778,0.0180115273775216,0.0468299711815562,0.0007204610951008,0.0007204610951008,0.0,0.0208933717579249,0.0144092219020172,0.0064841498559077,0.0180115273775215,0.0144092219020172,0.0036023054755043,0.0057636887608068,0.0043227665706051,0.0014409221902017,0.0,0.0,0.0,0.045389048991354396,0.0115273775216138,0.0338616714697406,0.0064841498559077,0.0064841498559077,0.0,0.0021613832853025,0.0021613832853025,0.0,0.0453890489913544,0.0223342939481268,0.0230547550432276,0.0129682997118154,0.0086455331412103,0.0043227665706051,0.0,0.0,0.0,0.0079250720461094,0.0043227665706051,0.0036023054755043,0.0,0.0,0.0,0.0151296829971181,0.0151296829971181,0.0,0.0007204610951008,0.0007204610951008,0.0,0.007204610951008599,0.0057636887608069,0.0014409221902017,0.0317002881844379,0.0108069164265129,0.020893371757925,0.0266570605187319,0.0187319884726224,0.0079250720461095,567
2024-01-01,2024,1,963,342,621,3,3,0,86,14,72,4,4,0,24,14,10,15,11,4,11,9,2,2,2,0,43,6,37,16,15,1,3,3,0,42,21,21,27,22,5,1,0,1,4,2,2,1,0,1,21,20,1,1,1,0,2,2,0,33,6,27,39,13,26,0.7218890554722638,0.2563718140929535,0.4655172413793103,0.0022488755622188,0.0022488755622188,0.0,0.0644677661169414,0.0104947526236881,0.0539730134932533,0.0029985007496251,0.0029985007496251,0.0,0.017991004497751,0.0104947526236881,0.0074962518740629,0.0112443778110943,0.0082458770614692,0.0029985007496251,0.0082458770614691,0.0067466266866566,0.0014992503748125,0.0014992503748125,0.0014992503748125,0.0,0.0322338830584706,0.0044977511244377,0.0277361319340329,0.0119940029985006,0.0112443778110944,0.0007496251874062,0.0022488755622188,0.0022488755622188,0.0,0.0314842578710644,0.0157421289355322,0.0157421289355322,0.0202398800599699,0.0164917541229385,0.0037481259370314,0.0007496251874062,0.0,0.0007496251874062,0.002998500749625,0.0014992503748125,0.0014992503748125,0.0007496251874062,0.0,0.0007496251874062,0.0157421289355321,0.0149925037481259,0.0007496251874062,0.0007496251874062,0.0007496251874062,0.0,0.0014992503748125,0.0014992503748125,0.0,0.0247376311844077,0.0044977511244377,0.02023988005997,0.029235382308845502,0.0097451274362818,0.0194902548725637,504
2024-02-01,2024,2,802,311,491,5,4,1,74,16,58,11,11,0,25,15,10,24,23,1,6,4,2,0,0,0,56,8,48,16,15,1,7,7,0,58,38,20,14,11,3,0,0,0,6,4,2,4,3,1,12,12,0,2,2,0,1,1,0,53,2,51,20,4,16,0.6762225969645869,0.2622259696458685,0.4139966273187184,0.0042158516020235,0.0033726812816188,0.0008431703204047,0.0623946037099493,0.0134907251264755,0.0489038785834738,0.0092748735244519,0.0092748735244519,0.0,0.021079258010118,0.0126475548060708,0.0084317032040472,0.0202360876897133,0.0193929173693086,0.0008431703204047,0.0050590219224282,0.0033726812816188,0.0016863406408094,0.0,0.0,0.0,0.0472175379426643,0.0067453625632377,0.0404721753794266,0.0134907251264755,0.0126475548060708,0.0008431703204047,0.005902192242833,0.005902192242833,0.0,0.048903878583473795,0.0320404721753794,0.0168634064080944,0.011804384485666,0.0092748735244519,0.0025295109612141,0.0,0.0,0.0,0.0050590219224282,0.0033726812816188,0.0016863406408094,0.0033726812816188,0.0025295109612141,0.0008431703204047,0.0101180438448566,0.0101180438448566,0.0,0.0016863406408094,0.0016863406408094,0.0,0.0008431703204047,0.0008431703204047,0.0,0.0446880269814502,0.0016863406408094,0.0430016863406408,0.0168634064080943,0.0033726812816188,0.0134907251264755,480
2024-03-01,2024,3,886,340,546,5,5,0,56,11,45,12,12,0,21,15,6,9,6,3,3,2,1,0,0,0,79,10,69,35,35,0,14,14,0,48,24,24,34,29,5,3,3,0,9,6,3,10,9,1,15,15,0,4,2,2,6,5,1,65,14,51,42,12,30,0.6577579806978471,0.2524127691165553,0.4053452115812918,0.0037119524870081,0.0037119524870081,0.0,0.0415738678544914,0.0081662954714179,0.0334075723830735,0.0089086859688195,0.0089086859688195,0.0,0.0155902004454341,0.0111358574610244,0.0044543429844097,0.006681514476614499,0.0044543429844097,0.0022271714922048,0.0022271714922048004,0.0014847809948032,0.0007423904974016,0.0,0.0,0.0,0.0586488492947289,0.0074239049740163,0.0512249443207126,0.0259836674090571,0.0259836674090571,0.0,0.0103934669636228,0.0103934669636228,0.0,0.0356347438752782,0.0178173719376391,0.0178173719376391,0.0252412769116554,0.0215293244246473,0.0037119524870081,0.0022271714922048,0.0022271714922048,0.0,0.006681514476614499,0.0044543429844097,0.0022271714922048,0.0074239049740161996,0.0066815144766146,0.0007423904974016,0.0111358574610244,0.0111358574610244,0.0,0.0029695619896064,0.0014847809948032,0.0014847809948032,0.0044543429844097005,0.0037119524870081,0.0007423904974016,0.0482553823311061,0.0103934669636228,0.0378619153674833,0.0311804008908684,0.0089086859688195,0.0222717149220489,563
2024-04-01,2024,4,978,418,560,7,6,1,82,16,66,15,15,0,39,24,15,15,15,0,8,6,2,0,0,0,84,19,65,11,11,0,1,1,0,81,59,22,16,13,3,1,1,0,6,5,1,16,16,0,23,22,1,7,6,1,4,4,0,58,20,38,29,12,17,0.6635006784260515,0.2835820895522388,0.3799185888738127,0.0047489823609225,0.0040705563093622,0.0006784260515603,0.055630936227951004,0.010854816824966,0.044776119402985,0.0101763907734057,0.0101763907734057,0.0,0.0264586160108548,0.0162822252374491,0.0101763907734057,0.0101763907734057,0.0101763907734057,0.0,0.0054274084124829,0.0040705563093622,0.0013568521031207,0.0,0.0,0.0,0.0569877883310718,0.0128900949796472,0.0440976933514246,0.0074626865671641,0.0074626865671641,0.0,0.0006784260515603,0.0006784260515603,0.0,0.054952510176390704,0.0400271370420624,0.0149253731343283,0.010854816824966002,0.0088195386702849,0.0020352781546811,0.0006784260515603,0.0006784260515603,0.0,0.0040705563093621,0.0033921302578018,0.0006784260515603,0.010854816824966,0.010854816824966,0.0,0.015603799185888601,0.0149253731343283,0.0006784260515603,0.0047489823609225,0.0040705563093622,0.0006784260515603,0.0027137042062415,0.0027137042062415,0.0,0.0393487109905019,0.0135685210312075,0.0257801899592944,0.0196743554952509,0.0081411126187245,0.0115332428765264,681
2024-05-01,2024,5,859,331,528,7,5,2,72,14,58,8,7,1,23,14,9,21,20,1,10,5,5,0,0,0,67,17,50,17,16,1,1,1,0,65,26,39,26,22,4,4,3,1,12,6,6,3,3,0,10,10,0,5,4,1,21,21,0,57,13,44,25,9,16,0.657230298393267,0.2532517214996174,0.4039785768936496,0.0053557765876051005,0.0038255547054322,0.0015302218821729,0.0550879877582249,0.0107115531752104,0.0443764345830145,0.0061208875286916,0.0053557765876052,0.0007651109410864,0.0175975516449885,0.0107115531752104,0.0068859984697781,0.0160673297628155,0.0153022188217291,0.0007651109410864,0.0076511094108644,0.0038255547054322,0.0038255547054322,0.0,0.0,0.0,0.051262433052792496,0.0130068859984697,0.0382555470543228,0.013006885998469699,0.0122417750573833,0.0007651109410864,0.0007651109410864,0.0007651109410864,0.0,0.0497322111706196,0.0198928844682478,0.0298393267023718,0.0198928844682478,0.016832440703902,0.0030604437643458,0.0030604437643457,0.0022953328232593,0.0007651109410864,0.0091813312930374,0.0045906656465187,0.0045906656465187,0.0022953328232593,0.0022953328232593,0.0,0.0076511094108645,0.0076511094108645,0.0,0.0038255547054322,0.0030604437643458,0.0007651109410864,0.0160673297628156,0.0160673297628156,0.0,0.043611323641928,0.0099464422341239,0.0336648814078041,0.0191277735271614,0.0068859984697781,0.0122417750573833,540
2024-06-01,2024,6,730,310,420,3,3,0,58,15,43,4,4,0,28,14,14,9,9,0,14,10,4,0,0,0,95,33,62,10,9,1,2,2,0,26,9,17,14,8,6,0,0,0,9,4,5,3,2,1,17,15,2,2,2,0,3,2,1,37,6,31,23,2,21,0.6728110599078341,0.2857142857142857,0.3870967741935484,0.0027649769585253,0.0027649769585253,0.0,0.0534562211981566,0.0138248847926267,0.0396313364055299,0.0036866359447004,0.0036866359447004,0.0,0.0258064516129032,0.0129032258064516,0.0129032258064516,0.008294930875576,0.008294930875576,0.0,0.0129032258064515,0.0092165898617511,0.0036866359447004,0.0,0.0,0.0,0.0875576036866359,0.0304147465437788,0.0571428571428571,0.0092165898617511,0.008294930875576,0.0009216589861751,0.0018433179723502,0.0018433179723502,0.0,0.0239631336405529,0.008294930875576,0.0156682027649769,0.0129032258064515,0.0073732718894009,0.0055299539170506,0.0,0.0,0.0,0.008294930875575899,0.0036866359447004,0.0046082949308755,0.0027649769585253,0.0018433179723502,0.0009216589861751,0.0156682027649769,0.0138248847926267,0.0018433179723502,0.0018433179723502,0.0018433179723502,0.0,0.0027649769585253,0.0018433179723502,0.0009216589861751,0.034101382488479104,0.0055299539170506,0.0285714285714285,0.0211981566820276,0.0018433179723502,0.0193548387096774,457
2024-07-01,2024,7,774,306,468,3,2,1,82,15,67,21,21,0,19,11,8,6,4,2,8,5,3,0,0,0,87,12,75,30,29,1,5,5,0,41,17,24,13,12,1,0,0,0,3,1,2,4,4,0,16,16,0,3,3,0,5,4,1,47,12,35,42,10,32,0.6423236514522821,0.2539419087136929,0.3883817427385892,0.0024896265560164,0.0016597510373443,0.0008298755186721,0.0680497925311202,0.0124481327800829,0.0556016597510373,0.0174273858921161,0.0174273858921161,0.0,0.0157676348547716,0.0091286307053941,0.0066390041493775,0.004979253112033,0.0033195020746887,0.0016597510373443,0.0066390041493774,0.0041493775933609,0.0024896265560165,0.0,0.0,0.0,0.0721991701244812,0.0099585062240663,0.0622406639004149,0.0248962655601658,0.0240663900414937,0.0008298755186721,0.0041493775933609,0.0041493775933609,0.0,0.034024896265559997,0.0141078838174273,0.0199170124481327,0.0107883817427384,0.0099585062240663,0.0008298755186721,0.0,0.0,0.0,0.0024896265560164,0.0008298755186721,0.0016597510373443,0.0033195020746887,0.0033195020746887,0.0,0.0132780082987551,0.0132780082987551,0.0,0.0024896265560165,0.0024896265560165,0.0,0.0041493775933608,0.0033195020746887,0.0008298755186721,0.039004149377593195,0.0099585062240663,0.0290456431535269,0.0348547717842322,0.0082987551867219,0.0265560165975103,487
2024-08-01,2024,8,771,315,456,10,8,2,92,28,64,35,32,3,26,10,16,15,15,0,4,4,0,0,0,0,66,11,55,11,11,0,5,5,0,53,22,31,31,26,5,0,0,0,3,1,2,6,6,0,52,50,2,6,4,2,4,3,1,56,4,52,35,14,21,0.6047058823529411,0.2470588235294117,0.3576470588235294,0.0078431372549018,0.0062745098039215,0.0015686274509803,0.0721568627450979,0.0219607843137254,0.0501960784313725,0.0274509803921567,0.0250980392156862,0.0023529411764705,0.020392156862745002,0.0078431372549019,0.0125490196078431,0.0117647058823529,0.0117647058823529,0.0,0.0031372549019607,0.0031372549019607,0.0,0.0,0.0,0.0,0.051764705882352796,0.0086274509803921,0.0431372549019607,0.0086274509803921,0.0086274509803921,0.0,0.0039215686274509,0.0039215686274509,0.0,0.0415686274509803,0.0172549019607843,0.024313725490196,0.024313725490196,0.0203921568627451,0.0039215686274509,0.0,0.0,0.0,0.0023529411764704,0.0007843137254901,0.0015686274509803,0.0047058823529411,0.0047058823529411,0.0,0.0407843137254901,0.0392156862745098,0.0015686274509803,0.004705882352941,0.0031372549019607,0.0015686274509803,0.0031372549019606,0.0023529411764705,0.0007843137254901,0.0439215686274509,0.0031372549019607,0.0407843137254902,0.0274509803921568,0.0109803921568627,0.0164705882352941,563
2024-09-01,2024,9,733,345,388,2,2,0,83,18,65,15,13,2,33,15,18,12,12,0,3,3,0,0,0,0,94,27,67,3,3,0,0,0,0,70,33,37,41,37,4,1,1,0,1,0,1,6,5,1,8,8,0,3,1,2,5,5,0,35,4,31,34,9,25,0.6211864406779661,0.2923728813559322,0.3288135593220339,0.0016949152542372,0.0016949152542372,0.0,0.0703389830508473,0.0152542372881355,0.0550847457627118,0.0127118644067795,0.0110169491525423,0.0016949152542372,0.027966101694915098,0.0127118644067796,0.0152542372881355,0.0101694915254237,0.0101694915254237,0.0,0.0025423728813559,0.0025423728813559,0.0,0.0,0.0,0.0,0.0796610169491524,0.0228813559322033,0.0567796610169491,0.0025423728813559,0.0025423728813559,0.0,0.0,0.0,0.0,0.059322033898304996,0.0279661016949152,0.0313559322033898,0.0347457627118643,0.0313559322033898,0.0033898305084745,0.0008474576271186,0.0008474576271186,0.0,0.0008474576271186,0.0,0.0008474576271186,0.005084745762711801,0.0042372881355932,0.0008474576271186,0.0067796610169491,0.0067796610169491,0.0,0.0025423728813558,0.0008474576271186,0.0016949152542372,0.0042372881355932,0.0042372881355932,0.0,0.029661016949152397,0.0033898305084745,0.0262711864406779,0.0288135593220338,0.0076271186440677,0.0211864406779661,538
2024-10-01,2024,10,805,310,495,6,5,1,72,11,61,8,8,0,26,12,14,9,9,0,2,2,0,0,0,0,89,23,66,11,10,1,0,0,0,47,20,27,14,14,0,4,4,0,7,1,6,3,0,3,17,16,1,4,2,2,3,3,0,40,7,33,26,8,18,0.6776094276094276,0.2609427609427609,0.4166666666666667,0.005050505050505,0.0042087542087542,0.0008417508417508,0.0606060606060605,0.0092592592592592,0.0513468013468013,0.0067340067340067,0.0067340067340067,0.0,0.0218855218855218,0.0101010101010101,0.0117845117845117,0.0075757575757575,0.0075757575757575,0.0,0.0016835016835016,0.0016835016835016,0.0,0.0,0.0,0.0,0.0749158249158248,0.0193602693602693,0.0555555555555555,0.0092592592592592,0.0084175084175084,0.0008417508417508,0.0,0.0,0.0,0.0395622895622895,0.0168350168350168,0.0227272727272727,0.0117845117845117,0.0117845117845117,0.0,0.0033670033670033,0.0033670033670033,0.0,0.0058922558922557995,0.0008417508417508,0.005050505050505,0.0025252525252525,0.0,0.0025252525252525,0.0143097643097642,0.0134680134680134,0.0008417508417508,0.0033670033670032,0.0016835016835016,0.0016835016835016,0.0025252525252525,0.0025252525252525,0.0,0.0336700336700335,0.0058922558922558,0.0277777777777777,0.0218855218855218,0.0067340067340067,0.0151515151515151,460
2024-11-01,2024,11,727,241,486,3,3,0,81,23,58,6,6,0,49,15,34,8,4,4,4,4,0,0,0,0,101,42,59,9,7,2,0,0,0,37,15,22,119,114,5,6,4,2,12,4,8,0,0,0,13,12,1,1,1,0,2,2,0,46,5,41,25,1,24,0.5844051446945338,0.1937299035369775,0.3906752411575562,0.0024115755627009,0.0024115755627009,0.0,0.0651125401929259,0.0184887459807073,0.0466237942122186,0.0048231511254019,0.0048231511254019,0.0,0.039389067524115695,0.0120578778135048,0.0273311897106109,0.0064308681672024,0.0032154340836012,0.0032154340836012,0.0032154340836012,0.0032154340836012,0.0,0.0,0.0,0.0,0.0811897106109324,0.0337620578778135,0.0474276527331189,0.0072347266881028,0.0056270096463022,0.0016077170418006,0.0,0.0,0.0,0.0297427652733118,0.0120578778135048,0.017684887459807,0.0956591639871382,0.0916398713826366,0.0040192926045016,0.0048231511254017995,0.0032154340836012,0.0016077170418006,0.0096463022508037,0.0032154340836012,0.0064308681672025,0.0,0.0,0.0,0.0104501607717041,0.0096463022508038,0.0008038585209003,0.0008038585209003,0.0008038585209003,0.0,0.0016077170418006,0.0016077170418006,0.0,0.0369774919614147,0.0040192926045016,0.0329581993569131,0.020096463022508,0.0008038585209003,0.0192926045016077,502
2024-12-01,2024,12,795,261,534,4,4,0,77,12,65,3,3,0,21,8,13,11,8,3,2,2,0,0,0,0,84,12,72,6,6,0,0,0,0,42,22,20,43,38,5,2,2,0,9,5,4,2,1,1,9,9,0,5,4,1,4,4,0,45,11,34,29,11,18,0.6691919191919192,0.2196969696969697,0.4494949494949495,0.0033670033670033,0.0033670033670033,0.0,0.0648148148148148,0.0101010101010101,0.0547138047138047,0.0025252525252525,0.0025252525252525,0.0,0.0176767676767676,0.0067340067340067,0.0109427609427609,0.0092592592592592,0.0067340067340067,0.0025252525252525,0.0016835016835016,0.0016835016835016,0.0,0.0,0.0,0.0,0.0707070707070707,0.0101010101010101,0.0606060606060606,0.005050505050505,0.005050505050505,0.0,0.0,0.0,0.0,0.035353535353535304,0.0185185185185185,0.0168350168350168,0.0361952861952861,0.0319865319865319,0.0042087542087542,0.0016835016835016,0.0016835016835016,0.0,0.0075757575757575,0.0042087542087542,0.0033670033670033,0.0016835016835016,0.0008417508417508,0.0008417508417508,0.0075757575757575,0.0075757575757575,0.0,0.0042087542087541,0.0033670033670033,0.0008417508417508,0.0033670033670033,0.0033670033670033,0.0,0.037878787878787804,0.0092592592592592,0.0286195286195286,0.0244107744107743,0.0092592592592592,0.0151515151515151,420
2025-01-01,2025,1,1092,453,639,3,3,0,42,12,30,4,4,0,31,19,12,5,3,2,2,2,0,0,0,0,103,27,76,3,2,1,5,5,0,53,31,22,72,67,5,1,0,1,10,7,3,5,5,0,14,13,1,6,3,3,10,10,0,51,13,38,34,8,26,0.7067961165048543,0.2932038834951456,0.4135922330097087,0.0019417475728155,0.0019417475728155,0.0,0.0271844660194174,0.0077669902912621,0.0194174757281553,0.002588996763754,0.002588996763754,0.0,0.0200647249190938,0.0122977346278317,0.0077669902912621,0.0032362459546925,0.0019417475728155,0.001294498381877,0.001294498381877,0.001294498381877,0.0,0.0,0.0,0.0,0.0666666666666666,0.0174757281553398,0.0491909385113268,0.0019417475728154999,0.001294498381877,0.0006472491909385,0.0032362459546925,0.0032362459546925,0.0,0.034304207119741,0.0200647249190938,0.0142394822006472,0.0466019417475727,0.0433656957928802,0.0032362459546925,0.0006472491909385,0.0,0.0006472491909385,0.006472491909385,0.0045307443365695,0.0019417475728155,0.0032362459546925,0.0032362459546925,0.0,0.0090614886731391,0.0084142394822006,0.0006472491909385,0.003883495145631,0.0019417475728155,0.0019417475728155,0.0064724919093851,0.0064724919093851,0.0,0.033009708737864,0.0084142394822006,0.0245954692556634,0.0220064724919092,0.005177993527508,0.0168284789644012,686
2025-02-01,2025,2,1028,434,594,2,1,1,48,16,32,0,0,0,39,24,15,8,5,3,3,3,0,0,0,0,80,24,56,7,7,0,1,1,0,66,22,44,49,33,16,2,1,1,16,15,1,3,3,0,13,13,0,1,0,1,13,10,3,32,8,24,27,6,21,0.7168758716875872,0.302649930264993,0.4142259414225941,0.00139470013947,0.000697350069735,0.000697350069735,0.033472803347280304,0.0111576011157601,0.0223152022315202,0.0,0.0,0.0,0.0271966527196652,0.0167364016736401,0.0104602510460251,0.00557880055788,0.003486750348675,0.002092050209205,0.002092050209205,0.002092050209205,0.0,0.0,0.0,0.0,0.0557880055788004,0.0167364016736401,0.0390516039051603,0.004881450488145,0.004881450488145,0.0,0.000697350069735,0.000697350069735,0.0,0.0460251046025104,0.0153417015341701,0.0306834030683403,0.0341701534170153,0.0230125523012552,0.0111576011157601,0.00139470013947,0.000697350069735,0.000697350069735,0.0111576011157601,0.0104602510460251,0.000697350069735,0.002092050209205,0.002092050209205,0.0,0.009065550906555,0.009065550906555,0.0,0.000697350069735,0.0,0.000697350069735,0.009065550906555,0.00697350069735,0.002092050209205,0.0223152022315201,0.00557880055788,0.0167364016736401,0.0188284518828451,0.00418410041841,0.0146443514644351,624
2025-03-01,2025,3,1155,389,766,5,5,0,66,14,52,7,6,1,24,19,5,5,3,2,2,2,0,0,0,0,67,20,47,9,9,0,2,2,0,71,30,41,40,31,9,1,1,0,9,7,2,11,8,3,16,15,1,2,1,1,13,9,4,51,16,35,19,7,12,0.7342657342657343,0.2472981563890655,0.4869675778766688,0.0031786395422759,0.0031786395422759,0.0,0.0419580419580419,0.0089001907183725,0.0330578512396694,0.0044500953591861,0.003814367450731,0.0006357279084551,0.0152574698029243,0.0120788302606484,0.0031786395422759,0.0031786395422758002,0.0019071837253655,0.0012714558169103,0.0012714558169103,0.0012714558169103,0.0,0.0,0.0,0.0,0.0425937698664971,0.0127145581691036,0.0298792116973935,0.0057215511760966,0.0057215511760966,0.0,0.0012714558169103,0.0012714558169103,0.0,0.0451366815003178,0.0190718372536554,0.0260648442466624,0.0254291163382072,0.0197075651621106,0.0057215511760966,0.0006357279084551,0.0006357279084551,0.0,0.0057215511760965,0.0044500953591862,0.0012714558169103,0.0069930069930069,0.0050858232676414,0.0019071837253655,0.0101716465352828,0.0095359186268277,0.0006357279084551,0.0012714558169102,0.0006357279084551,0.0006357279084551,0.0082644628099173,0.0057215511760966,0.0025429116338207,0.0324221233312141,0.0101716465352828,0.0222504767959313,0.0120788302606483,0.0044500953591862,0.0076287349014621,592
2025-04-01,2025,4,1095,330,765,2,1,1,44,12,32,2,2,0,26,16,10,7,6,1,0,0,0,0,0,0,67,9,58,4,4,0,0,0,0,81,48,33,20,11,9,0,0,0,14,9,5,11,11,0,8,8,0,4,3,1,2,2,0,38,11,27,20,4,16,0.7593619972260749,0.2288488210818308,0.5305131761442441,0.001386962552011,0.0006934812760055,0.0006934812760055,0.030513176144244,0.0083217753120665,0.0221914008321775,0.001386962552011,0.001386962552011,0.0,0.0180305131761441,0.0110957004160887,0.0069348127600554,0.0048543689320387,0.0041608876560332,0.0006934812760055,0.0,0.0,0.0,0.0,0.0,0.0,0.0464632454923716,0.0062413314840499,0.0402219140083217,0.0027739251040221,0.0027739251040221,0.0,0.0,0.0,0.0,0.0561719833564492,0.0332871012482662,0.022884882108183,0.0138696255201109,0.007628294036061,0.0062413314840499,0.0,0.0,0.0,0.0097087378640776,0.0062413314840499,0.0034674063800277,0.007628294036061,0.007628294036061,0.0,0.0055478502080443,0.0055478502080443,0.0,0.0027739251040221,0.0020804438280166,0.0006934812760055,0.001386962552011,0.001386962552011,0.0,0.026352288488210703,0.007628294036061,0.0187239944521497,0.0138696255201108,0.0027739251040221,0.0110957004160887,485
2025-05-01,2025,5,1221,463,758,0,0,0,49,12,37,2,2,0,31,23,8,5,5,0,2,2,0,0,0,0,51,8,43,7,7,0,4,4,0,72,39,33,50,40,10,0,0,0,9,6,3,6,6,0,7,7,0,5,3,2,4,4,0,46,13,33,31,9,22,0.7636022514071295,0.2895559724828017,0.4740462789243277,0.0,0.0,0.0,0.0306441525953721,0.0075046904315197,0.0231394621638524,0.0012507817385866,0.0012507817385866,0.0,0.0193871169480924,0.014383989993746,0.0050031269543464,0.0031269543464665,0.0031269543464665,0.0,0.0012507817385866,0.0012507817385866,0.0,0.0,0.0,0.0,0.0318949343339586,0.0050031269543464,0.0268918073796122,0.0043777360850531,0.0043777360850531,0.0,0.0025015634771732,0.0025015634771732,0.0,0.0450281425891181,0.024390243902439,0.0206378986866791,0.0312695434646653,0.0250156347717323,0.006253908692933,0.0,0.0,0.0,0.0056285178236397,0.0037523452157598,0.0018761726078799,0.0037523452157598,0.0037523452157598,0.0,0.0043777360850531,0.0043777360850531,0.0,0.0031269543464665,0.0018761726078799,0.0012507817385866,0.0025015634771732,0.0025015634771732,0.0,0.0287679799874921,0.008130081300813,0.0206378986866791,0.0193871169480924,0.0056285178236397,0.0137585991244527,650
2025-06-01,2025,6,1088,414,674,1,1,0,58,10,48,1,1,0,20,14,6,14,13,1,1,1,0,0,0,0,72,20,52,7,6,1,0,0,0,94,45,49,35,19,16,3,3,0,14,14,0,9,8,1,7,7,0,6,3,3,6,6,0,42,21,21,39,16,23,0.7210072895957587,0.2743538767395626,0.4466534128561961,0.0006626905235255,0.0006626905235255,0.0,0.0384360503644797,0.0066269052352551,0.0318091451292246,0.0006626905235255,0.0006626905235255,0.0,0.013253810470510101,0.0092776673293571,0.003976143141153,0.009277667329357099,0.0086149768058316,0.0006626905235255,0.0006626905235255,0.0006626905235255,0.0,0.0,0.0,0.0,0.0477137176938369,0.0132538104705102,0.0344599072233267,0.0046388336646785,0.003976143141153,0.0006626905235255,0.0,0.0,0.0,0.0622929092113982,0.0298210735586481,0.0324718356527501,0.0231941683233929,0.0125911199469847,0.0106030483764082,0.0019880715705765,0.0019880715705765,0.0,0.0092776673293571,0.0092776673293571,0.0,0.0059642147117296,0.0053015241882041,0.0006626905235255,0.0046388336646785,0.0046388336646785,0.0,0.003976143141153,0.0019880715705765,0.0019880715705765,0.003976143141153,0.003976143141153,0.0,0.0278330019880714,0.0139165009940357,0.0139165009940357,0.025844930417495,0.0106030483764082,0.0152418820410868,615
2025-07-01,2025,7,1194,435,759,2,2,0,59,24,35,3,3,0,26,15,11,15,12,3,2,2,0,1,1,0,82,36,46,4,4,0,1,1,0,89,36,53,27,18,9,0,0,0,9,7,2,2,1,1,11,9,2,10,0,10,3,3,0,51,10,41,40,13,27,0.7374922791846819,0.2686843730697961,0.4688079061148857,0.0012353304508956,0.0012353304508956,0.0,0.0364422483014205,0.0148239654107473,0.0216182828906732,0.0018529956763434,0.0018529956763434,0.0,0.0160592958616429,0.0092649783817171,0.0067943174799258,0.009264978381717,0.0074119827053736,0.0018529956763434,0.0012353304508956,0.0012353304508956,0.0,0.0006176652254478,0.0006176652254478,0.0,0.050648548486720096,0.022235948116121,0.0284126003705991,0.0024706609017912,0.0024706609017912,0.0,0.0006176652254478,0.0006176652254478,0.0,0.0549722050648547,0.022235948116121,0.0327362569487337,0.0166769610870907,0.0111179740580605,0.0055589870290302,0.0,0.0,0.0,0.0055589870290302,0.0043236565781346,0.0012353304508956,0.0012353304508956,0.0006176652254478,0.0006176652254478,0.0067943174799258,0.0055589870290302,0.0012353304508956,0.006176652254478,0.0,0.006176652254478,0.0018529956763434,0.0018529956763434,0.0,0.0315009264978381,0.006176652254478,0.0253242742433601,0.0247066090179121,0.0080296479308214,0.0166769610870907,622
2025-08-01,2025,8,1149,397,752,5,4,1,74,32,42,3,2,1,22,15,7,28,26,2,2,2,0,1,0,1,78,24,54,8,7,1,0,0,0,105,50,55,50,41,9,1,0,1,18,12,6,5,3,2,5,3,2,2,1,1,3,3,0,58,19,39,43,15,28,0.698055893074119,0.241190765492102,0.456865127582017,0.0030376670716888,0.0024301336573511,0.0006075334143377,0.0449574726609963,0.0194410692588092,0.0255164034021871,0.0018226002430132,0.0012150668286755,0.0006075334143377,0.0133657351154313,0.0091130012150668,0.0042527339003645,0.017010935601458,0.0157958687727825,0.0012150668286755,0.0012150668286755,0.0012150668286755,0.0,0.0006075334143377,0.0,0.0006075334143377,0.0473876063183474,0.0145808019441069,0.0328068043742405,0.0048602673147022,0.0042527339003645,0.0006075334143377,0.0,0.0,0.0,0.0637910085054677,0.0303766707168894,0.0334143377885783,0.0303766707168893,0.0249088699878493,0.00546780072904,0.0006075334143377,0.0,0.0006075334143377,0.010935601458080101,0.0072904009720534,0.0036452004860267,0.0030376670716888,0.0018226002430133,0.0012150668286755,0.0030376670716888,0.0018226002430133,0.0012150668286755,0.0012150668286754,0.0006075334143377,0.0006075334143377,0.0018226002430133,0.0018226002430133,0.0,0.0352369380315916,0.0115431348724179,0.0236938031591737,0.0261239368165248,0.0091130012150668,0.017010935601458,643
2025-09-01,2025,9,884,321,563,2,2,0,37,8,29,2,1,1,21,12,9,5,5,0,4,4,0,0,0,0,51,15,36,0,0,0,0,0,0,26,15,11,5,5,0,3,2,1,10,7,3,2,1,1,5,5,0,4,3,1,1,1,0,40,6,34,15,5,10,0.7928251121076233,0.2878923766816143,0.5049327354260089,0.0017937219730941,0.0017937219730941,0.0,0.033183856502242,0.0071748878923766,0.0260089686098654,0.001793721973094,0.000896860986547,0.000896860986547,0.0188340807174887,0.010762331838565,0.0080717488789237,0.0044843049327354,0.0044843049327354,0.0,0.0035874439461883,0.0035874439461883,0.0,0.0,0.0,0.0,0.0457399103139012,0.0134529147982062,0.032286995515695,0.0,0.0,0.0,0.0,0.0,0.0,0.0233183856502241,0.0134529147982062,0.0098654708520179,0.0044843049327354,0.0044843049327354,0.0,0.0026905829596411,0.0017937219730941,0.000896860986547,0.0089686098654707,0.0062780269058295,0.0026905829596412,0.001793721973094,0.000896860986547,0.000896860986547,0.0044843049327354,0.0044843049327354,0.0,0.0035874439461882,0.0026905829596412,0.000896860986547,0.000896860986547,0.000896860986547,0.0,0.035874439461883297,0.0053811659192825,0.0304932735426008,0.013452914798206199,0.0044843049327354,0.0089686098654708,416
2025-10-01,2025,10,929,285,644,3,0,3,39,9,30,2,2,0,30,22,8,5,3,2,1,1,0,0,0,0,78,21,57,4,3,1,1,1,0,34,13,21,19,10,9,0,0,0,9,4,5,1,0,1,8,6,2,0,0,0,3,3,0,43,7,36,19,2,17,0.7589869281045751,0.2328431372549019,0.5261437908496732,0.0024509803921568,0.0,0.0024509803921568,0.0318627450980391,0.0073529411764705,0.0245098039215686,0.0016339869281045,0.0016339869281045,0.0,0.024509803921568603,0.0179738562091503,0.0065359477124183,0.0040849673202613,0.0024509803921568,0.0016339869281045,0.0008169934640522,0.0008169934640522,0.0,0.0,0.0,0.0,0.0637254901960783,0.017156862745098,0.0465686274509803,0.003267973856209,0.0024509803921568,0.0008169934640522,0.0008169934640522,0.0008169934640522,0.0,0.0277777777777777,0.0106209150326797,0.017156862745098,0.0155228758169933,0.0081699346405228,0.0073529411764705,0.0,0.0,0.0,0.0073529411764705,0.0032679738562091,0.0040849673202614,0.0008169934640522,0.0,0.0008169934640522,0.0065359477124182,0.0049019607843137,0.0016339869281045,0.0,0.0,0.0,0.0024509803921568,0.0024509803921568,0.0,0.0351307189542483,0.005718954248366,0.0294117647058823,0.0155228758169933,0.0016339869281045,0.0138888888888888,390
2025-11-01,2025,11,826,266,560,2,2,0,24,2,22,3,3,0,16,10,6,3,2,1,0,0,0,0,0,0,29,5,24,5,4,1,0,0,0,40,19,21,17,9,8,0,0,0,9,5,4,0,0,0,7,6,1,3,0,3,2,2,0,26,7,19,22,6,16,0.8003875968992247,0.2577519379844961,0.5426356589147286,0.001937984496124,0.001937984496124,0.0,0.0232558139534883,0.001937984496124,0.0213178294573643,0.002906976744186,0.002906976744186,0.0,0.015503875968992099,0.0096899224806201,0.005813953488372,0.002906976744186,0.001937984496124,0.000968992248062,0.0,0.0,0.0,0.0,0.0,0.0,0.0281007751937983,0.00484496124031,0.0232558139534883,0.00484496124031,0.003875968992248,0.000968992248062,0.0,0.0,0.0,0.038759689922480495,0.0184108527131782,0.0203488372093023,0.0164728682170542,0.0087209302325581,0.0077519379844961,0.0,0.0,0.0,0.008720930232558,0.00484496124031,0.003875968992248,0.0,0.0,0.0,0.006782945736434,0.005813953488372,0.000968992248062,0.002906976744186,0.0,0.002906976744186,0.001937984496124,0.001937984496124,0.0,0.0251937984496123,0.0067829457364341,0.0184108527131782,0.0213178294573642,0.005813953488372,0.0155038759689922,347
2025-12-01,2025,12,791,226,565,1,1,0,32,7,25,0,0,0,10,7,3,6,5,1,0,0,0,0,0,0,35,8,27,2,2,0,0,0,0,20,13,7,13,10,3,2,1,1,0,0,0,1,1,0,9,9,0,0,0,0,0,0,0,23,1,22,13,2,11,0.8291404612159329,0.2368972746331236,0.5922431865828093,0.0010482180293501,0.0010482180293501,0.0,0.0335429769392033,0.0073375262054507,0.0262054507337526,0.0,0.0,0.0,0.010482180293501,0.0073375262054507,0.0031446540880503,0.0062893081761006,0.0052410901467505,0.0010482180293501,0.0,0.0,0.0,0.0,0.0,0.0,0.0366876310272536,0.0083857442348008,0.0283018867924528,0.0020964360587002,0.0020964360587002,0.0,0.0,0.0,0.0,0.020964360587002,0.0136268343815513,0.0073375262054507,0.0136268343815513,0.010482180293501,0.0031446540880503,0.0020964360587002,0.0010482180293501,0.0010482180293501,0.0,0.0,0.0,0.0010482180293501,0.0010482180293501,0.0,0.0094339622641509,0.0094339622641509,0.0,0.0,0.0,0.0,0.0,0.0,0.0,0.024109014675052397,0.0010482180293501,0.0230607966457023,0.013626834381551302,0.0020964360587002,0.0115303983228511,289
2026-01-01,2026,1,832,259,573,0,0,0,45,20,25,1,1,0,6,0,6,13,13,0,4,4,0,0,0,0,39,8,31,5,4,1,0,0,0,38,26,12,23,18,5,0,0,0,7,2,5,0,0,0,23,22,1,6,2,4,2,2,0,22,2,20,12,3,9,0.7797563261480787,0.2427366447985004,0.5370196813495782,0.0,0.0,0.0,0.0421743205248359,0.0187441424554826,0.0234301780693533,0.0009372071227741,0.0009372071227741,0.0,0.0056232427366447,0.0,0.0056232427366447,0.0121836925960637,0.0121836925960637,0.0,0.0037488284910965,0.0037488284910965,0.0,0.0,0.0,0.0,0.036551077788191104,0.007497656982193,0.0290534208059981,0.0046860356138706,0.0037488284910965,0.0009372071227741,0.0,0.0,0.0,0.0356138706654169,0.0243673851921274,0.0112464854732895,0.021555763823804898,0.0168697282099343,0.0046860356138706,0.0,0.0,0.0,0.0065604498594188,0.0018744142455482,0.0046860356138706,0.0,0.0,0.0,0.021555763823805,0.0206185567010309,0.0009372071227741,0.0056232427366447,0.0018744142455482,0.0037488284910965,0.0018744142455482,0.0018744142455482,0.0,0.020618556701030803,0.0018744142455482,0.0187441424554826,0.0112464854732894,0.0028116213683223,0.0084348641049671,375
2026-02-01,2026,2,767,229,538,3,1,2,38,7,31,1,1,0,15,10,5,16,8,8,3,3,0,1,0,1,40,5,35,2,2,0,0,0,0,36,13,23,18,14,4,0,0,0,1,0,1,1,0,1,6,6,0,0,0,0,9,7,2,23,5,18,15,5,10,0.7747474747474747,0.2313131313131313,0.5434343434343434,0.0030303030303029995,0.001010101010101,0.002020202020202,0.0383838383838383,0.007070707070707,0.0313131313131313,0.001010101010101,0.001010101010101,0.0,0.0151515151515151,0.0101010101010101,0.005050505050505,0.016161616161616,0.008080808080808,0.008080808080808,0.003030303030303,0.003030303030303,0.0,0.001010101010101,0.0,0.001010101010101,0.040404040404040296,0.005050505050505,0.0353535353535353,0.002020202020202,0.002020202020202,0.0,0.0,0.0,0.0,0.0363636363636363,0.0131313131313131,0.0232323232323232,0.0181818181818181,0.0141414141414141,0.004040404040404,0.0,0.0,0.0,0.001010101010101,0.0,0.001010101010101,0.001010101010101,0.0,0.001010101010101,0.006060606060606,0.006060606060606,0.0,0.0,0.0,0.0,0.009090909090909,0.007070707070707,0.002020202020202,0.0232323232323231,0.005050505050505,0.0181818181818181,0.0151515151515151,0.005050505050505,0.0101010101010101,316
2026-03-01,2026,3,993,293,700,4,3,1,43,5,38,2,2,0,24,14,10,14,13,1,2,2,0,1,0,1,30,14,16,1,0,1,0,0,0,35,20,15,8,5,3,1,1,0,9,5,4,0,0,0,6,6,0,3,0,3,6,3,3,27,9,18,9,3,6,0.8206611570247934,0.2421487603305785,0.5785123966942148,0.0033057851239668996,0.0024793388429752,0.0008264462809917,0.0355371900826445,0.0041322314049586,0.0314049586776859,0.0016528925619834,0.0016528925619834,0.0,0.019834710743801498,0.0115702479338842,0.0082644628099173,0.0115702479338842,0.0107438016528925,0.0008264462809917,0.0016528925619834,0.0016528925619834,0.0,0.0008264462809917,0.0,0.0008264462809917,0.0247933884297519,0.0115702479338842,0.0132231404958677,0.0008264462809917,0.0,0.0008264462809917,0.0,0.0,0.0,0.028925619834710703,0.0165289256198347,0.012396694214876,0.006611570247933799,0.0041322314049586,0.0024793388429752,0.0008264462809917,0.0008264462809917,0.0,0.007438016528925499,0.0041322314049586,0.0033057851239669,0.0,0.0,0.0,0.0049586776859504,0.0049586776859504,0.0,0.0024793388429752,0.0,0.0024793388429752,0.0049586776859504,0.0024793388429752,0.0024793388429752,0.0223140495867768,0.0074380165289256,0.0148760330578512,0.0074380165289256,0.0024793388429752,0.0049586776859504,391
2026-04-01,2026,4,916,312,604,1,0,1,40,5,35,5,5,0,16,10,6,6,3,3,0,0,0,0,0,0,42,5,37,4,3,1,2,2,0,26,10,16,12,8,4,1,1,0,4,2,2,3,3,0,2,1,1,0,0,0,6,6,0,20,5,15,12,3,9,0.8230008984725966,0.2803234501347709,0.5426774483378257,0.0008984725965858,0.0,0.0008984725965858,0.035938903863432105,0.004492362982929,0.0314465408805031,0.004492362982929,0.004492362982929,0.0,0.014375561545372801,0.008984725965858,0.0053908355795148,0.0053908355795148,0.0026954177897574,0.0026954177897574,0.0,0.0,0.0,0.0,0.0,0.0,0.0377358490566037,0.004492362982929,0.0332434860736747,0.0035938903863432,0.0026954177897574,0.0008984725965858,0.0017969451931716,0.0017969451931716,0.0,0.0233602875112308,0.008984725965858,0.0143755615453728,0.0107816711590296,0.0071877807726864,0.0035938903863432,0.0008984725965858,0.0008984725965858,0.0,0.0035938903863432,0.0017969451931716,0.0017969451931716,0.0026954177897574,0.0026954177897574,0.0,0.0017969451931716,0.0008984725965858,0.0008984725965858,0.0,0.0,0.0,0.0053908355795148,0.0053908355795148,0.0,0.017969451931716,0.004492362982929,0.013477088948787,0.0107816711590296,0.0026954177897574,0.0080862533692722,382
2026-05-01,2026,5,1012,337,675,4,4,0,41,9,32,5,4,1,24,17,7,12,10,2,2,2,0,1,0,1,61,8,53,4,4,0,0,0,0,39,19,20,8,4,4,1,0,1,5,4,1,4,4,0,6,5,1,2,1,1,3,3,0,25,8,17,9,1,8,0.8044515103338632,0.2678855325914149,0.5365659777424483,0.0031796502384737,0.0031796502384737,0.0,0.032591414944356,0.0071542130365659,0.0254372019077901,0.0039745627980921,0.0031796502384737,0.0007949125596184,0.019077901430842502,0.0135135135135135,0.005564387917329,0.0095389507154212,0.0079491255961844,0.0015898251192368,0.0015898251192368,0.0015898251192368,0.0,0.0007949125596184,0.0,0.0007949125596184,0.0484896661367249,0.0063593004769475,0.0421303656597774,0.0031796502384737,0.0031796502384737,0.0,0.0,0.0,0.0,0.0310015898251191,0.0151033386327503,0.0158982511923688,0.0063593004769474,0.0031796502384737,0.0031796502384737,0.0007949125596184,0.0,0.0007949125596184,0.0039745627980921,0.0031796502384737,0.0007949125596184,0.0031796502384737,0.0031796502384737,0.0,0.0047694753577106,0.0039745627980922,0.0007949125596184,0.0015898251192368,0.0007949125596184,0.0007949125596184,0.0023847376788553,0.0023847376788553,0.0,0.019872813990461,0.0063593004769475,0.0135135135135135,0.0071542130365659,0.0007949125596184,0.0063593004769475,437
2026-06-01,2026,6,814,240,574,2,2,0,41,4,37,1,1,0,21,13,8,2,1,1,0,0,0,2,0,2,55,26,29,6,6,0,0,0,0,26,16,10,11,6,5,1,1,0,7,5,2,0,0,0,2,2,0,4,2,2,4,3,1,27,9,18,19,5,14,0.781940441882805,0.2305475504322766,0.5513928914505284,0.0019212295869356,0.0019212295869356,0.0,0.0393852065321805,0.0038424591738712,0.0355427473583093,0.0009606147934678,0.0009606147934678,0.0,0.0201729106628241,0.0124879923150816,0.0076849183477425,0.0019212295869356,0.0009606147934678,0.0009606147934678,0.0,0.0,0.0,0.0019212295869356,0.0,0.0019212295869356,0.052833813640730004,0.0249759846301633,0.0278578290105667,0.0057636887608069,0.0057636887608069,0.0,0.0,0.0,0.0,0.0249759846301632,0.0153698366954851,0.0096061479346781,0.0105667627281459,0.0057636887608069,0.004803073967339,0.0009606147934678,0.0009606147934678,0.0,0.0067243035542746,0.004803073967339,0.0019212295869356,0.0,0.0,0.0,0.0019212295869356,0.0019212295869356,0.0,0.0038424591738712,0.0019212295869356,0.0019212295869356,0.0038424591738712,0.0028818443804034,0.0009606147934678,0.025936599423631,0.0086455331412103,0.0172910662824207,0.0182516810758884,0.004803073967339,0.0134486071085494,341
2026-07-01,2026,7,53,19,34,0,0,0,3,2,1,0,0,0,1,0,1,0,0,0,0,0,0,0,0,0,1,0,1,0,0,0,0,0,0,1,0,1,1,0,1,0,0,0,0,0,0,0,0,0,0,0,0,0,0,0,0,0,0,1,0,1,2,0,2,0.8412698412698412,0.3015873015873015,0.5396825396825397,0.0,0.0,0.0,0.047619047619047505,0.0317460317460317,0.0158730158730158,0.0,0.0,0.0,0.0158730158730158,0.0,0.0158730158730158,0.0,0.0,0.0,0.0,0.0,0.0,0.0,0.0,0.0,0.0158730158730158,0.0,0.0158730158730158,0.0,0.0,0.0,0.0,0.0,0.0,0.0158730158730158,0.0,0.0158730158730158,0.0158730158730158,0.0,0.0158730158730158,0.0,0.0,0.0,0.0,0.0,0.0,0.0,0.0,0.0,0.0,0.0,0.0,0.0,0.0,0.0,0.0,0.0,0.0,0.0158730158730158,0.0,0.0158730158730158,0.0317460317460317,0.0,0.0317460317460317,21
2026-08-01,2026,8,0,0,0,0,0,0,0,0,0,0,0,0,0,0,0,0,0,0,0,0,0,0,0,0,0,0,0,0,0,0,0,0,0,0,0,0,0,0,0,0,0,0,0,0,0,0,0,0,0,0,0,0,0,0,0,0,0,0,0,0,0,0,0,,,,,,,,,,,,,,,,,,,,,,,,,,,,,,,,,,,,,,,,,,,,,,,,,,,,,,,,,,,,,,,,0
