date,year,month,-999,cr_-999,nr_-999,activism,cr_activism,nr_activism,arrest,cr_arrest,nr_arrest,censor,cr_censor,nr_censor,cooperate,cr_cooperate,nr_cooperate,corruption,cr_corruption,nr_corruption,coup,cr_coup,nr_coup,defamationcase,cr_defamationcase,nr_defamationcase,disaster,cr_disaster,nr_disaster,electionactivity,cr_electionactivity,nr_electionactivity,electionirregularities,cr_electionirregularities,nr_electionirregularities,legalaction,cr_legalaction,nr_legalaction,legalchange,cr_legalchange,nr_legalchange,martiallaw,cr_martiallaw,nr_martiallaw,mobilizesecurity,cr_mobilizesecurity,nr_mobilizesecurity,protest,cr_protest,nr_protest,purge,cr_purge,nr_purge,raid,cr_raid,nr_raid,threaten,cr_threaten,nr_threaten,violencelethal,cr_violencelethal,nr_violencelethal,violencenonlethal,cr_violencenonlethal,nr_violencenonlethal,-999Norm,cr_-999Norm,nr_-999Norm,activismNorm,cr_activismNorm,nr_activismNorm,arrestNorm,cr_arrestNorm,nr_arrestNorm,censorNorm,cr_censorNorm,nr_censorNorm,cooperateNorm,cr_cooperateNorm,nr_cooperateNorm,corruptionNorm,cr_corruptionNorm,nr_corruptionNorm,coupNorm,cr_coupNorm,nr_coupNorm,defamationcaseNorm,cr_defamationcaseNorm,nr_defamationcaseNorm,disasterNorm,cr_disasterNorm,nr_disasterNorm,electionactivityNorm,cr_electionactivityNorm,nr_electionactivityNorm,electionirregularitiesNorm,cr_electionirregularitiesNorm,nr_electionirregularitiesNorm,legalactionNorm,cr_legalactionNorm,nr_legalactionNorm,legalchangeNorm,cr_legalchangeNorm,nr_legalchangeNorm,martiallawNorm,cr_martiallawNorm,nr_martiallawNorm,mobilizesecurityNorm,cr_mobilizesecurityNorm,nr_mobilizesecurityNorm,protestNorm,cr_protestNorm,nr_protestNorm,purgeNorm,cr_purgeNorm,nr_purgeNorm,raidNorm,cr_raidNorm,nr_raidNorm,threatenNorm,cr_threatenNorm,nr_threatenNorm,violencelethalNorm,cr_violencelethalNorm,nr_violencelethalNorm,violencenonlethalNorm,cr_violencenonlethalNorm,nr_violencenonlethalNorm,total_articles
2012-01-01,2012,1,34,18,16,0,0,0,0,0,0,0,0,0,2,2,0,0,0,0,0,0,0,0,0,0,1,1,0,0,0,0,0,0,0,1,0,1,0,0,0,0,0,0,0,0,0,1,1,0,0,0,0,0,0,0,2,2,0,3,3,0,2,2,0,0.7391304347826086,0.391304347826087,0.3478260869565217,0.0,0.0,0.0,0.0,0.0,0.0,0.0,0.0,0.0,0.0434782608695652,0.0434782608695652,0.0,0.0,0.0,0.0,0.0,0.0,0.0,0.0,0.0,0.0,0.0217391304347826,0.0217391304347826,0.0,0.0,0.0,0.0,0.0,0.0,0.0,0.0217391304347826,0.0,0.0217391304347826,0.0,0.0,0.0,0.0,0.0,0.0,0.0,0.0,0.0,0.0217391304347826,0.0217391304347826,0.0,0.0,0.0,0.0,0.0,0.0,0.0,0.0434782608695652,0.0434782608695652,0.0,0.0652173913043478,0.0652173913043478,0.0,0.0434782608695652,0.0434782608695652,0.0,29
2012-02-01,2012,2,30,16,14,0,0,0,0,0,0,0,0,0,0,0,0,1,1,0,0,0,0,0,0,0,4,3,1,0,0,0,0,0,0,7,7,0,0,0,0,0,0,0,0,0,0,1,1,0,0,0,0,0,0,0,2,2,0,2,2,0,8,7,1,0.5084745762711864,0.2711864406779661,0.2372881355932203,0.0,0.0,0.0,0.0,0.0,0.0,0.0,0.0,0.0,0.0,0.0,0.0,0.0169491525423728,0.0169491525423728,0.0,0.0,0.0,0.0,0.0,0.0,0.0,0.0677966101694914,0.0508474576271186,0.0169491525423728,0.0,0.0,0.0,0.0,0.0,0.0,0.1186440677966101,0.1186440677966101,0.0,0.0,0.0,0.0,0.0,0.0,0.0,0.0,0.0,0.0,0.0169491525423728,0.0169491525423728,0.0,0.0,0.0,0.0,0.0,0.0,0.0,0.0338983050847457,0.0338983050847457,0.0,0.0338983050847457,0.0338983050847457,0.0,0.1355932203389829,0.1186440677966101,0.0169491525423728,38
2012-03-01,2012,3,30,14,16,0,0,0,3,3,0,0,0,0,0,0,0,1,0,1,2,2,0,0,0,0,2,1,1,0,0,0,0,0,0,2,0,2,0,0,0,0,0,0,0,0,0,0,0,0,1,1,0,0,0,0,0,0,0,3,3,0,5,4,1,0.6000000000000001,0.28,0.32,0.0,0.0,0.0,0.06,0.06,0.0,0.0,0.0,0.0,0.0,0.0,0.0,0.02,0.0,0.02,0.04,0.04,0.0,0.0,0.0,0.0,0.04,0.02,0.02,0.0,0.0,0.0,0.0,0.0,0.0,0.04,0.0,0.04,0.0,0.0,0.0,0.0,0.0,0.0,0.0,0.0,0.0,0.0,0.0,0.0,0.02,0.02,0.0,0.0,0.0,0.0,0.0,0.0,0.0,0.06,0.06,0.0,0.1,0.08,0.02,28
2012-04-01,2012,4,27,14,13,0,0,0,0,0,0,0,0,0,0,0,0,0,0,0,0,0,0,0,0,0,4,3,1,0,0,0,0,0,0,1,1,0,0,0,0,0,0,0,1,1,0,1,0,1,0,0,0,0,0,0,1,0,1,2,2,0,6,6,0,0.5869565217391304,0.3043478260869565,0.2826086956521739,0.0,0.0,0.0,0.0,0.0,0.0,0.0,0.0,0.0,0.0,0.0,0.0,0.0,0.0,0.0,0.0,0.0,0.0,0.0,0.0,0.0,0.0869565217391304,0.0652173913043478,0.0217391304347826,0.0,0.0,0.0,0.0,0.0,0.0,0.0217391304347826,0.0217391304347826,0.0,0.0,0.0,0.0,0.0,0.0,0.0,0.0217391304347826,0.0217391304347826,0.0,0.0217391304347826,0.0,0.0217391304347826,0.0,0.0,0.0,0.0,0.0,0.0,0.0217391304347826,0.0,0.0217391304347826,0.0434782608695652,0.0434782608695652,0.0,0.1304347826086956,0.1304347826086956,0.0,27
2012-05-01,2012,5,22,9,13,0,0,0,1,0,1,0,0,0,0,0,0,0,0,0,1,1,0,0,0,0,4,4,0,0,0,0,0,0,0,1,1,0,0,0,0,0,0,0,0,0,0,1,1,0,0,0,0,0,0,0,0,0,0,0,0,0,2,2,0,0.6285714285714286,0.2571428571428571,0.3714285714285714,0.0,0.0,0.0,0.0285714285714285,0.0,0.0285714285714285,0.0,0.0,0.0,0.0,0.0,0.0,0.0,0.0,0.0,0.0285714285714285,0.0285714285714285,0.0,0.0,0.0,0.0,0.1142857142857142,0.1142857142857142,0.0,0.0,0.0,0.0,0.0,0.0,0.0,0.0285714285714285,0.0285714285714285,0.0,0.0,0.0,0.0,0.0,0.0,0.0,0.0,0.0,0.0,0.0285714285714285,0.0285714285714285,0.0,0.0,0.0,0.0,0.0,0.0,0.0,0.0,0.0,0.0,0.0,0.0,0.0,0.0571428571428571,0.0571428571428571,0.0,18
2012-06-01,2012,6,28,18,10,0,0,0,3,3,0,0,0,0,0,0,0,2,2,0,0,0,0,0,0,0,2,2,0,0,0,0,0,0,0,0,0,0,0,0,0,0,0,0,1,1,0,1,1,0,0,0,0,0,0,0,0,0,0,5,5,0,5,5,0,0.5957446808510638,0.3829787234042553,0.2127659574468085,0.0,0.0,0.0,0.0638297872340425,0.0638297872340425,0.0,0.0,0.0,0.0,0.0,0.0,0.0,0.0425531914893617,0.0425531914893617,0.0,0.0,0.0,0.0,0.0,0.0,0.0,0.0425531914893617,0.0425531914893617,0.0,0.0,0.0,0.0,0.0,0.0,0.0,0.0,0.0,0.0,0.0,0.0,0.0,0.0,0.0,0.0,0.0212765957446808,0.0212765957446808,0.0,0.0212765957446808,0.0212765957446808,0.0,0.0,0.0,0.0,0.0,0.0,0.0,0.0,0.0,0.0,0.1063829787234042,0.1063829787234042,0.0,0.1063829787234042,0.1063829787234042,0.0,36
2012-07-01,2012,7,34,12,22,0,0,0,1,1,0,0,0,0,0,0,0,0,0,0,0,0,0,0,0,0,9,4,5,0,0,0,0,0,0,1,1,0,0,0,0,0,0,0,0,0,0,1,0,1,0,0,0,0,0,0,0,0,0,3,3,0,3,3,0,0.6296296296296295,0.2222222222222222,0.4074074074074074,0.0,0.0,0.0,0.0185185185185185,0.0185185185185185,0.0,0.0,0.0,0.0,0.0,0.0,0.0,0.0,0.0,0.0,0.0,0.0,0.0,0.0,0.0,0.0,0.16666666666666652,0.074074074074074,0.0925925925925925,0.0,0.0,0.0,0.0,0.0,0.0,0.0185185185185185,0.0185185185185185,0.0,0.0,0.0,0.0,0.0,0.0,0.0,0.0,0.0,0.0,0.0185185185185185,0.0,0.0185185185185185,0.0,0.0,0.0,0.0,0.0,0.0,0.0,0.0,0.0,0.0555555555555555,0.0555555555555555,0.0,0.0555555555555555,0.0555555555555555,0.0,24
2012-08-01,2012,8,22,8,14,0,0,0,0,0,0,0,0,0,0,0,0,0,0,0,0,0,0,0,0,0,3,3,0,0,0,0,0,0,0,0,0,0,2,2,0,0,0,0,0,0,0,1,0,1,0,0,0,0,0,0,0,0,0,2,2,0,4,3,1,0.6470588235294117,0.2352941176470588,0.4117647058823529,0.0,0.0,0.0,0.0,0.0,0.0,0.0,0.0,0.0,0.0,0.0,0.0,0.0,0.0,0.0,0.0,0.0,0.0,0.0,0.0,0.0,0.088235294117647,0.088235294117647,0.0,0.0,0.0,0.0,0.0,0.0,0.0,0.0,0.0,0.0,0.0588235294117647,0.0588235294117647,0.0,0.0,0.0,0.0,0.0,0.0,0.0,0.0294117647058823,0.0,0.0294117647058823,0.0,0.0,0.0,0.0,0.0,0.0,0.0,0.0,0.0,0.0588235294117647,0.0588235294117647,0.0,0.1176470588235293,0.088235294117647,0.0294117647058823,18
2012-09-01,2012,9,30,19,11,0,0,0,1,1,0,0,0,0,0,0,0,0,0,0,0,0,0,0,0,0,4,4,0,0,0,0,0,0,0,0,0,0,2,2,0,0,0,0,0,0,0,0,0,0,0,0,0,0,0,0,4,4,0,1,0,1,2,2,0,0.6122448979591836,0.3877551020408163,0.2244897959183673,0.0,0.0,0.0,0.0204081632653061,0.0204081632653061,0.0,0.0,0.0,0.0,0.0,0.0,0.0,0.0,0.0,0.0,0.0,0.0,0.0,0.0,0.0,0.0,0.0816326530612244,0.0816326530612244,0.0,0.0,0.0,0.0,0.0,0.0,0.0,0.0,0.0,0.0,0.0408163265306122,0.0408163265306122,0.0,0.0,0.0,0.0,0.0,0.0,0.0,0.0,0.0,0.0,0.0,0.0,0.0,0.0,0.0,0.0,0.0816326530612244,0.0816326530612244,0.0,0.0204081632653061,0.0,0.0204081632653061,0.0408163265306122,0.0408163265306122,0.0,32
2012-10-01,2012,10,26,5,21,0,0,0,0,0,0,0,0,0,0,0,0,2,2,0,0,0,0,0,0,0,3,3,0,0,0,0,0,0,0,8,7,1,0,0,0,0,0,0,1,1,0,1,1,0,0,0,0,0,0,0,1,0,1,0,0,0,7,4,3,0.5416666666666666,0.1041666666666666,0.4375,0.0,0.0,0.0,0.0,0.0,0.0,0.0,0.0,0.0,0.0,0.0,0.0,0.0416666666666666,0.0416666666666666,0.0,0.0,0.0,0.0,0.0,0.0,0.0,0.0625,0.0625,0.0,0.0,0.0,0.0,0.0,0.0,0.0,0.16666666666666657,0.1458333333333333,0.0208333333333333,0.0,0.0,0.0,0.0,0.0,0.0,0.0208333333333333,0.0208333333333333,0.0,0.0208333333333333,0.0208333333333333,0.0,0.0,0.0,0.0,0.0,0.0,0.0,0.0208333333333333,0.0,0.0208333333333333,0.0,0.0,0.0,0.14583333333333331,0.0833333333333333,0.0625,21
2012-11-01,2012,11,18,11,7,0,0,0,0,0,0,0,0,0,1,1,0,0,0,0,0,0,0,0,0,0,3,3,0,0,0,0,0,0,0,0,0,0,0,0,0,0,0,0,2,2,0,0,0,0,0,0,0,0,0,0,0,0,0,4,4,0,3,3,0,0.5806451612903225,0.3548387096774194,0.2258064516129032,0.0,0.0,0.0,0.0,0.0,0.0,0.0,0.0,0.0,0.032258064516129,0.032258064516129,0.0,0.0,0.0,0.0,0.0,0.0,0.0,0.0,0.0,0.0,0.0967741935483871,0.0967741935483871,0.0,0.0,0.0,0.0,0.0,0.0,0.0,0.0,0.0,0.0,0.0,0.0,0.0,0.0,0.0,0.0,0.064516129032258,0.064516129032258,0.0,0.0,0.0,0.0,0.0,0.0,0.0,0.0,0.0,0.0,0.0,0.0,0.0,0.1290322580645161,0.1290322580645161,0.0,0.0967741935483871,0.0967741935483871,0.0,24
2012-12-01,2012,12,18,9,9,0,0,0,3,3,0,0,0,0,0,0,0,3,3,0,1,1,0,0,0,0,0,0,0,1,1,0,0,0,0,0,0,0,0,0,0,3,3,0,1,1,0,0,0,0,0,0,0,0,0,0,0,0,0,1,1,0,13,10,3,0.409090909090909,0.2045454545454545,0.2045454545454545,0.0,0.0,0.0,0.0681818181818181,0.0681818181818181,0.0,0.0,0.0,0.0,0.0,0.0,0.0,0.0681818181818181,0.0681818181818181,0.0,0.0227272727272727,0.0227272727272727,0.0,0.0,0.0,0.0,0.0,0.0,0.0,0.0227272727272727,0.0227272727272727,0.0,0.0,0.0,0.0,0.0,0.0,0.0,0.0,0.0,0.0,0.0681818181818181,0.0681818181818181,0.0,0.0227272727272727,0.0227272727272727,0.0,0.0,0.0,0.0,0.0,0.0,0.0,0.0,0.0,0.0,0.0,0.0,0.0,0.0227272727272727,0.0227272727272727,0.0,0.2954545454545453,0.2272727272727272,0.0681818181818181,29
2013-01-01,2013,1,64,36,28,0,0,0,3,3,0,0,0,0,0,0,0,0,0,0,0,0,0,0,0,0,2,2,0,0,0,0,0,0,0,10,8,2,0,0,0,0,0,0,23,22,1,0,0,0,0,0,0,0,0,0,0,0,0,10,10,0,9,9,0,0.512,0.288,0.224,0.0,0.0,0.0,0.024,0.024,0.0,0.0,0.0,0.0,0.0,0.0,0.0,0.0,0.0,0.0,0.0,0.0,0.0,0.0,0.0,0.0,0.016,0.016,0.0,0.0,0.0,0.0,0.0,0.0,0.0,0.08,0.064,0.016,0.0,0.0,0.0,0.0,0.0,0.0,0.184,0.176,0.008,0.0,0.0,0.0,0.0,0.0,0.0,0.0,0.0,0.0,0.0,0.0,0.0,0.08,0.08,0.0,0.072,0.072,0.0,90
2013-02-01,2013,2,37,20,17,0,0,0,5,5,0,0,0,0,2,0,2,3,3,0,0,0,0,0,0,0,1,1,0,0,0,0,0,0,0,1,1,0,0,0,0,0,0,0,5,5,0,0,0,0,0,0,0,0,0,0,0,0,0,6,6,0,7,4,3,0.5692307692307692,0.3076923076923077,0.2615384615384615,0.0,0.0,0.0,0.0769230769230769,0.0769230769230769,0.0,0.0,0.0,0.0,0.0307692307692307,0.0,0.0307692307692307,0.0461538461538461,0.0461538461538461,0.0,0.0,0.0,0.0,0.0,0.0,0.0,0.0153846153846153,0.0153846153846153,0.0,0.0,0.0,0.0,0.0,0.0,0.0,0.0153846153846153,0.0153846153846153,0.0,0.0,0.0,0.0,0.0,0.0,0.0,0.0769230769230769,0.0769230769230769,0.0,0.0,0.0,0.0,0.0,0.0,0.0,0.0,0.0,0.0,0.0,0.0,0.0,0.0923076923076923,0.0923076923076923,0.0,0.1076923076923076,0.0615384615384615,0.0461538461538461,42
2013-03-01,2013,3,20,12,8,0,0,0,2,2,0,0,0,0,1,0,1,0,0,0,0,0,0,0,0,0,0,0,0,0,0,0,0,0,0,1,1,0,0,0,0,0,0,0,1,0,1,0,0,0,0,0,0,0,0,0,0,0,0,2,2,0,4,4,0,0.606060606060606,0.3636363636363636,0.2424242424242424,0.0,0.0,0.0,0.0606060606060606,0.0606060606060606,0.0,0.0,0.0,0.0,0.0303030303030303,0.0,0.0303030303030303,0.0,0.0,0.0,0.0,0.0,0.0,0.0,0.0,0.0,0.0,0.0,0.0,0.0,0.0,0.0,0.0,0.0,0.0,0.0303030303030303,0.0303030303030303,0.0,0.0,0.0,0.0,0.0,0.0,0.0,0.0303030303030303,0.0,0.0303030303030303,0.0,0.0,0.0,0.0,0.0,0.0,0.0,0.0,0.0,0.0,0.0,0.0,0.0606060606060606,0.0606060606060606,0.0,0.1212121212121212,0.1212121212121212,0.0,21
2013-04-01,2013,4,20,12,8,0,0,0,1,1,0,0,0,0,2,2,0,0,0,0,0,0,0,0,0,0,0,0,0,0,0,0,0,0,0,0,0,0,0,0,0,0,0,0,0,0,0,3,1,2,0,0,0,0,0,0,0,0,0,9,9,0,8,8,0,0.46511627906976727,0.2790697674418604,0.1860465116279069,0.0,0.0,0.0,0.0232558139534883,0.0232558139534883,0.0,0.0,0.0,0.0,0.0465116279069767,0.0465116279069767,0.0,0.0,0.0,0.0,0.0,0.0,0.0,0.0,0.0,0.0,0.0,0.0,0.0,0.0,0.0,0.0,0.0,0.0,0.0,0.0,0.0,0.0,0.0,0.0,0.0,0.0,0.0,0.0,0.0,0.0,0.0,0.069767441860465,0.0232558139534883,0.0465116279069767,0.0,0.0,0.0,0.0,0.0,0.0,0.0,0.0,0.0,0.2093023255813953,0.2093023255813953,0.0,0.1860465116279069,0.1860465116279069,0.0,33
2013-05-01,2013,5,50,31,19,0,0,0,4,3,1,0,0,0,1,1,0,2,1,1,0,0,0,0,0,0,2,2,0,1,1,0,0,0,0,1,1,0,0,0,0,0,0,0,3,3,0,0,0,0,0,0,0,0,0,0,1,1,0,25,25,0,38,32,6,0.3703703703703703,0.2296296296296296,0.1407407407407407,0.0,0.0,0.0,0.0296296296296296,0.0222222222222222,0.0074074074074074,0.0,0.0,0.0,0.0074074074074074,0.0074074074074074,0.0,0.0148148148148148,0.0074074074074074,0.0074074074074074,0.0,0.0,0.0,0.0,0.0,0.0,0.0148148148148148,0.0148148148148148,0.0,0.0074074074074074,0.0074074074074074,0.0,0.0,0.0,0.0,0.0074074074074074,0.0074074074074074,0.0,0.0,0.0,0.0,0.0,0.0,0.0,0.0222222222222222,0.0222222222222222,0.0,0.0,0.0,0.0,0.0,0.0,0.0,0.0,0.0,0.0,0.0074074074074074,0.0074074074074074,0.0,0.1851851851851851,0.1851851851851851,0.0,0.2814814814814814,0.237037037037037,0.0444444444444444,100
2013-06-01,2013,6,33,19,14,0,0,0,3,1,2,0,0,0,0,0,0,0,0,0,0,0,0,0,0,0,1,1,0,0,0,0,0,0,0,0,0,0,0,0,0,0,0,0,0,0,0,0,0,0,0,0,0,2,1,1,0,0,0,5,5,0,12,10,2,0.5499999999999999,0.3166666666666666,0.2333333333333333,0.0,0.0,0.0,0.0499999999999999,0.0166666666666666,0.0333333333333333,0.0,0.0,0.0,0.0,0.0,0.0,0.0,0.0,0.0,0.0,0.0,0.0,0.0,0.0,0.0,0.0166666666666666,0.0166666666666666,0.0,0.0,0.0,0.0,0.0,0.0,0.0,0.0,0.0,0.0,0.0,0.0,0.0,0.0,0.0,0.0,0.0,0.0,0.0,0.0,0.0,0.0,0.0,0.0,0.0,0.0333333333333332,0.0166666666666666,0.0166666666666666,0.0,0.0,0.0,0.0833333333333333,0.0833333333333333,0.0,0.1999999999999999,0.1666666666666666,0.0333333333333333,37
2013-07-01,2013,7,13,6,7,0,0,0,0,0,0,0,0,0,0,0,0,1,1,0,0,0,0,0,0,0,1,0,1,2,2,0,1,1,0,3,2,1,0,0,0,0,0,0,0,0,0,0,0,0,0,0,0,0,0,0,0,0,0,6,6,0,2,2,0,0.4193548387096774,0.1935483870967742,0.2258064516129032,0.0,0.0,0.0,0.0,0.0,0.0,0.0,0.0,0.0,0.0,0.0,0.0,0.032258064516129,0.032258064516129,0.0,0.0,0.0,0.0,0.0,0.0,0.0,0.032258064516129,0.0,0.032258064516129,0.064516129032258,0.064516129032258,0.0,0.032258064516129,0.032258064516129,0.0,0.09677419354838698,0.064516129032258,0.032258064516129,0.0,0.0,0.0,0.0,0.0,0.0,0.0,0.0,0.0,0.0,0.0,0.0,0.0,0.0,0.0,0.0,0.0,0.0,0.0,0.0,0.0,0.1935483870967742,0.1935483870967742,0.0,0.064516129032258,0.064516129032258,0.0,19
2013-08-01,2013,8,12,5,7,1,1,0,0,0,0,0,0,0,0,0,0,0,0,0,0,0,0,0,0,0,2,2,0,2,2,0,0,0,0,0,0,0,0,0,0,0,0,0,0,0,0,0,0,0,0,0,0,0,0,0,0,0,0,1,1,0,0,0,0,0.6666666666666667,0.2777777777777778,0.3888888888888889,0.0555555555555555,0.0555555555555555,0.0,0.0,0.0,0.0,0.0,0.0,0.0,0.0,0.0,0.0,0.0,0.0,0.0,0.0,0.0,0.0,0.0,0.0,0.0,0.1111111111111111,0.1111111111111111,0.0,0.1111111111111111,0.1111111111111111,0.0,0.0,0.0,0.0,0.0,0.0,0.0,0.0,0.0,0.0,0.0,0.0,0.0,0.0,0.0,0.0,0.0,0.0,0.0,0.0,0.0,0.0,0.0,0.0,0.0,0.0,0.0,0.0,0.0555555555555555,0.0555555555555555,0.0,0.0,0.0,0.0,11
2013-09-01,2013,9,26,14,12,0,0,0,0,0,0,0,0,0,1,1,0,2,0,2,0,0,0,0,0,0,0,0,0,0,0,0,0,0,0,1,0,1,0,0,0,0,0,0,0,0,0,1,1,0,0,0,0,0,0,0,0,0,0,0,0,0,6,6,0,0.6499999999999999,0.35,0.3,0.0,0.0,0.0,0.0,0.0,0.0,0.0,0.0,0.0,0.025,0.025,0.0,0.05,0.0,0.05,0.0,0.0,0.0,0.0,0.0,0.0,0.0,0.0,0.0,0.0,0.0,0.0,0.0,0.0,0.0,0.025,0.0,0.025,0.0,0.0,0.0,0.0,0.0,0.0,0.0,0.0,0.0,0.025,0.025,0.0,0.0,0.0,0.0,0.0,0.0,0.0,0.0,0.0,0.0,0.0,0.0,0.0,0.15,0.15,0.0,22
2013-10-01,2013,10,91,47,44,0,0,0,0,0,0,0,0,0,0,0,0,0,0,0,1,1,0,0,0,0,2,1,1,0,0,0,0,0,0,0,0,0,0,0,0,0,0,0,1,1,0,6,5,1,0,0,0,0,0,0,0,0,0,7,4,3,6,6,0,0.7,0.3615384615384615,0.3384615384615385,0.0,0.0,0.0,0.0,0.0,0.0,0.0,0.0,0.0,0.0,0.0,0.0,0.0,0.0,0.0,0.0076923076923076,0.0076923076923076,0.0,0.0,0.0,0.0,0.0153846153846152,0.0076923076923076,0.0076923076923076,0.0,0.0,0.0,0.0,0.0,0.0,0.0,0.0,0.0,0.0,0.0,0.0,0.0,0.0,0.0,0.0076923076923076,0.0076923076923076,0.0,0.046153846153846004,0.0384615384615384,0.0076923076923076,0.0,0.0,0.0,0.0,0.0,0.0,0.0,0.0,0.0,0.053846153846153696,0.0307692307692307,0.023076923076923,0.0461538461538461,0.0461538461538461,0.0,65
2013-11-01,2013,11,42,19,23,0,0,0,14,9,5,1,0,1,0,0,0,0,0,0,0,0,0,0,0,0,2,2,0,1,1,0,0,0,0,1,1,0,3,3,0,1,1,0,0,0,0,2,0,2,1,1,0,1,1,0,0,0,0,8,8,0,3,2,1,0.49411764705882344,0.2235294117647059,0.2705882352941176,0.0,0.0,0.0,0.1647058823529411,0.1058823529411764,0.0588235294117647,0.0117647058823529,0.0,0.0117647058823529,0.0,0.0,0.0,0.0,0.0,0.0,0.0,0.0,0.0,0.0,0.0,0.0,0.0235294117647058,0.0235294117647058,0.0,0.0117647058823529,0.0117647058823529,0.0,0.0,0.0,0.0,0.0117647058823529,0.0117647058823529,0.0,0.0352941176470588,0.0352941176470588,0.0,0.0117647058823529,0.0117647058823529,0.0,0.0,0.0,0.0,0.0235294117647058,0.0,0.0235294117647058,0.0117647058823529,0.0117647058823529,0.0,0.0117647058823529,0.0117647058823529,0.0,0.0,0.0,0.0,0.0941176470588235,0.0941176470588235,0.0,0.0352941176470587,0.0235294117647058,0.0117647058823529,48
2013-12-01,2013,12,45,21,24,0,0,0,0,0,0,0,0,0,3,1,2,0,0,0,0,0,0,0,0,0,2,1,1,3,3,0,0,0,0,0,0,0,0,0,0,0,0,0,2,2,0,8,6,2,0,0,0,0,0,0,0,0,0,4,3,1,3,2,1,0.608108108108108,0.2837837837837837,0.3243243243243243,0.0,0.0,0.0,0.0,0.0,0.0,0.0,0.0,0.0,0.0405405405405405,0.0135135135135135,0.027027027027027,0.0,0.0,0.0,0.0,0.0,0.0,0.0,0.0,0.0,0.027027027027027,0.0135135135135135,0.0135135135135135,0.0405405405405405,0.0405405405405405,0.0,0.0,0.0,0.0,0.0,0.0,0.0,0.0,0.0,0.0,0.0,0.0,0.0,0.027027027027027,0.027027027027027,0.0,0.108108108108108,0.081081081081081,0.027027027027027,0.0,0.0,0.0,0.0,0.0,0.0,0.0,0.0,0.0,0.054054054054054,0.0405405405405405,0.0135135135135135,0.0405405405405405,0.027027027027027,0.0135135135135135,39
2014-01-01,2014,1,34,18,16,0,0,0,3,3,0,0,0,0,4,1,3,0,0,0,2,2,0,0,0,0,1,0,1,1,1,0,0,0,0,1,0,1,1,0,1,0,0,0,1,1,0,2,0,2,1,1,0,0,0,0,0,0,0,1,1,0,2,1,1,0.6071428571428571,0.3214285714285714,0.2857142857142857,0.0,0.0,0.0,0.0535714285714285,0.0535714285714285,0.0,0.0,0.0,0.0,0.0714285714285713,0.0178571428571428,0.0535714285714285,0.0,0.0,0.0,0.0357142857142857,0.0357142857142857,0.0,0.0,0.0,0.0,0.0178571428571428,0.0,0.0178571428571428,0.0178571428571428,0.0178571428571428,0.0,0.0,0.0,0.0,0.0178571428571428,0.0,0.0178571428571428,0.0178571428571428,0.0,0.0178571428571428,0.0,0.0,0.0,0.0178571428571428,0.0178571428571428,0.0,0.0357142857142857,0.0,0.0357142857142857,0.0178571428571428,0.0178571428571428,0.0,0.0,0.0,0.0,0.0,0.0,0.0,0.0178571428571428,0.0178571428571428,0.0,0.0357142857142856,0.0178571428571428,0.0178571428571428,29
2014-02-01,2014,2,43,23,20,0,0,0,2,2,0,0,0,0,4,3,1,2,2,0,1,1,0,2,2,0,3,0,3,1,1,0,0,0,0,5,5,0,3,2,1,0,0,0,0,0,0,4,4,0,5,5,0,0,0,0,1,1,0,0,0,0,2,2,0,0.5733333333333333,0.3066666666666666,0.2666666666666666,0.0,0.0,0.0,0.0266666666666666,0.0266666666666666,0.0,0.0,0.0,0.0,0.0533333333333333,0.04,0.0133333333333333,0.0266666666666666,0.0266666666666666,0.0,0.0133333333333333,0.0133333333333333,0.0,0.0266666666666666,0.0266666666666666,0.0,0.04,0.0,0.04,0.0133333333333333,0.0133333333333333,0.0,0.0,0.0,0.0,0.0666666666666666,0.0666666666666666,0.0,0.0399999999999999,0.0266666666666666,0.0133333333333333,0.0,0.0,0.0,0.0,0.0,0.0,0.0533333333333333,0.0533333333333333,0.0,0.0666666666666666,0.0666666666666666,0.0,0.0,0.0,0.0,0.0133333333333333,0.0133333333333333,0.0,0.0,0.0,0.0,0.0266666666666666,0.0266666666666666,0.0,49
2014-03-01,2014,3,30,11,19,0,0,0,4,2,2,0,0,0,1,1,0,2,0,2,0,0,0,0,0,0,1,1,0,2,2,0,0,0,0,9,9,0,1,1,0,0,0,0,1,1,0,0,0,0,0,0,0,0,0,0,0,0,0,5,2,3,0,0,0,0.5084745762711864,0.1864406779661017,0.3220338983050847,0.0,0.0,0.0,0.0677966101694914,0.0338983050847457,0.0338983050847457,0.0,0.0,0.0,0.0169491525423728,0.0169491525423728,0.0,0.0338983050847457,0.0,0.0338983050847457,0.0,0.0,0.0,0.0,0.0,0.0,0.0169491525423728,0.0169491525423728,0.0,0.0338983050847457,0.0338983050847457,0.0,0.0,0.0,0.0,0.1525423728813559,0.1525423728813559,0.0,0.0169491525423728,0.0169491525423728,0.0,0.0,0.0,0.0,0.0169491525423728,0.0169491525423728,0.0,0.0,0.0,0.0,0.0,0.0,0.0,0.0,0.0,0.0,0.0,0.0,0.0,0.08474576271186429,0.0338983050847457,0.0508474576271186,0.0,0.0,0.0,30
2014-04-01,2014,4,22,13,9,0,0,0,1,0,1,0,0,0,1,1,0,1,1,0,0,0,0,0,0,0,1,0,1,0,0,0,0,0,0,1,1,0,1,1,0,0,0,0,0,0,0,0,0,0,1,1,0,0,0,0,1,1,0,2,2,0,2,2,0,0.6666666666666666,0.3939393939393939,0.2727272727272727,0.0,0.0,0.0,0.0303030303030303,0.0,0.0303030303030303,0.0,0.0,0.0,0.0303030303030303,0.0303030303030303,0.0,0.0303030303030303,0.0303030303030303,0.0,0.0,0.0,0.0,0.0,0.0,0.0,0.0303030303030303,0.0,0.0303030303030303,0.0,0.0,0.0,0.0,0.0,0.0,0.0303030303030303,0.0303030303030303,0.0,0.0303030303030303,0.0303030303030303,0.0,0.0,0.0,0.0,0.0,0.0,0.0,0.0,0.0,0.0,0.0303030303030303,0.0303030303030303,0.0,0.0,0.0,0.0,0.0303030303030303,0.0303030303030303,0.0,0.0606060606060606,0.0606060606060606,0.0,0.0606060606060606,0.0606060606060606,0.0,22
2014-05-01,2014,5,41,21,20,0,0,0,8,5,3,0,0,0,12,7,5,0,0,0,1,1,0,0,0,0,0,0,0,1,1,0,0,0,0,2,0,2,0,0,0,0,0,0,2,2,0,3,3,0,0,0,0,0,0,0,3,3,0,4,4,0,8,7,1,0.47126436781609193,0.2413793103448276,0.2298850574712643,0.0,0.0,0.0,0.09195402298850561,0.057471264367816,0.0344827586206896,0.0,0.0,0.0,0.1379310344827585,0.0804597701149425,0.057471264367816,0.0,0.0,0.0,0.0114942528735632,0.0114942528735632,0.0,0.0,0.0,0.0,0.0,0.0,0.0,0.0114942528735632,0.0114942528735632,0.0,0.0,0.0,0.0,0.0229885057471264,0.0,0.0229885057471264,0.0,0.0,0.0,0.0,0.0,0.0,0.0229885057471264,0.0229885057471264,0.0,0.0344827586206896,0.0344827586206896,0.0,0.0,0.0,0.0,0.0,0.0,0.0,0.0344827586206896,0.0344827586206896,0.0,0.0459770114942528,0.0459770114942528,0.0,0.0919540229885057,0.0804597701149425,0.0114942528735632,54
2014-06-01,2014,6,38,23,15,0,0,0,5,2,3,0,0,0,3,3,0,2,1,1,0,0,0,0,0,0,1,1,0,0,0,0,0,0,0,2,2,0,0,0,0,0,0,0,0,0,0,2,2,0,0,0,0,1,0,1,0,0,0,1,1,0,2,1,1,0.6666666666666665,0.4035087719298245,0.2631578947368421,0.0,0.0,0.0,0.087719298245614,0.0350877192982456,0.0526315789473684,0.0,0.0,0.0,0.0526315789473684,0.0526315789473684,0.0,0.0350877192982456,0.0175438596491228,0.0175438596491228,0.0,0.0,0.0,0.0,0.0,0.0,0.0175438596491228,0.0175438596491228,0.0,0.0,0.0,0.0,0.0,0.0,0.0,0.0350877192982456,0.0350877192982456,0.0,0.0,0.0,0.0,0.0,0.0,0.0,0.0,0.0,0.0,0.0350877192982456,0.0350877192982456,0.0,0.0,0.0,0.0,0.0175438596491228,0.0,0.0175438596491228,0.0,0.0,0.0,0.0175438596491228,0.0175438596491228,0.0,0.0350877192982456,0.0175438596491228,0.0175438596491228,35
2014-07-01,2014,7,37,20,17,0,0,0,1,0,1,0,0,0,2,1,1,0,0,0,0,0,0,0,0,0,5,2,3,0,0,0,0,0,0,1,0,1,1,0,1,0,0,0,1,1,0,0,0,0,0,0,0,0,0,0,0,0,0,4,4,0,3,3,0,0.6607142857142856,0.3571428571428571,0.3035714285714285,0.0,0.0,0.0,0.0178571428571428,0.0,0.0178571428571428,0.0,0.0,0.0,0.0357142857142856,0.0178571428571428,0.0178571428571428,0.0,0.0,0.0,0.0,0.0,0.0,0.0,0.0,0.0,0.08928571428571419,0.0357142857142857,0.0535714285714285,0.0,0.0,0.0,0.0,0.0,0.0,0.0178571428571428,0.0,0.0178571428571428,0.0178571428571428,0.0,0.0178571428571428,0.0,0.0,0.0,0.0178571428571428,0.0178571428571428,0.0,0.0,0.0,0.0,0.0,0.0,0.0,0.0,0.0,0.0,0.0,0.0,0.0,0.0714285714285714,0.0714285714285714,0.0,0.0535714285714285,0.0535714285714285,0.0,31
2014-08-01,2014,8,29,14,15,1,1,0,2,1,1,0,0,0,1,1,0,0,0,0,0,0,0,0,0,0,5,4,1,1,0,1,0,0,0,6,6,0,1,1,0,1,1,0,0,0,0,0,0,0,0,0,0,0,0,0,1,1,0,2,1,1,4,4,0,0.5087719298245613,0.2456140350877192,0.2631578947368421,0.0175438596491228,0.0175438596491228,0.0,0.0350877192982456,0.0175438596491228,0.0175438596491228,0.0,0.0,0.0,0.0175438596491228,0.0175438596491228,0.0,0.0,0.0,0.0,0.0,0.0,0.0,0.0,0.0,0.0,0.087719298245614,0.0701754385964912,0.0175438596491228,0.0175438596491228,0.0,0.0175438596491228,0.0,0.0,0.0,0.1052631578947368,0.1052631578947368,0.0,0.0175438596491228,0.0175438596491228,0.0,0.0175438596491228,0.0175438596491228,0.0,0.0,0.0,0.0,0.0,0.0,0.0,0.0,0.0,0.0,0.0,0.0,0.0,0.0175438596491228,0.0175438596491228,0.0,0.0350877192982456,0.0175438596491228,0.0175438596491228,0.0701754385964912,0.0701754385964912,0.0,35
2014-09-01,2014,9,37,19,18,0,0,0,0,0,0,0,0,0,1,1,0,1,0,1,0,0,0,0,0,0,1,1,0,2,2,0,0,0,0,1,0,1,0,0,0,0,0,0,1,1,0,1,1,0,0,0,0,0,0,0,0,0,0,0,0,0,1,1,0,0.7708333333333333,0.3958333333333333,0.375,0.0,0.0,0.0,0.0,0.0,0.0,0.0,0.0,0.0,0.0208333333333333,0.0208333333333333,0.0,0.0208333333333333,0.0,0.0208333333333333,0.0,0.0,0.0,0.0,0.0,0.0,0.0208333333333333,0.0208333333333333,0.0,0.0416666666666666,0.0416666666666666,0.0,0.0,0.0,0.0,0.0208333333333333,0.0,0.0208333333333333,0.0,0.0,0.0,0.0,0.0,0.0,0.0208333333333333,0.0208333333333333,0.0,0.0208333333333333,0.0208333333333333,0.0,0.0,0.0,0.0,0.0,0.0,0.0,0.0,0.0,0.0,0.0,0.0,0.0,0.0208333333333333,0.0208333333333333,0.0,26
2014-10-01,2014,10,35,25,10,0,0,0,3,3,0,0,0,0,7,2,5,0,0,0,0,0,0,0,0,0,5,1,4,0,0,0,0,0,0,2,1,1,2,2,0,0,0,0,5,5,0,0,0,0,1,1,0,2,2,0,0,0,0,14,14,0,7,7,0,0.41666666666666663,0.2976190476190476,0.119047619047619,0.0,0.0,0.0,0.0357142857142857,0.0357142857142857,0.0,0.0,0.0,0.0,0.0833333333333333,0.0238095238095238,0.0595238095238095,0.0,0.0,0.0,0.0,0.0,0.0,0.0,0.0,0.0,0.05952380952380951,0.0119047619047619,0.0476190476190476,0.0,0.0,0.0,0.0,0.0,0.0,0.0238095238095238,0.0119047619047619,0.0119047619047619,0.0238095238095238,0.0238095238095238,0.0,0.0,0.0,0.0,0.0595238095238095,0.0595238095238095,0.0,0.0,0.0,0.0,0.0119047619047619,0.0119047619047619,0.0,0.0238095238095238,0.0238095238095238,0.0,0.0,0.0,0.0,0.1666666666666666,0.1666666666666666,0.0,0.0833333333333333,0.0833333333333333,0.0,63
2014-11-01,2014,11,49,23,26,0,0,0,0,0,0,0,0,0,0,0,0,0,0,0,0,0,0,0,0,0,0,0,0,1,1,0,0,0,0,3,2,1,0,0,0,0,0,0,2,2,0,0,0,0,3,3,0,0,0,0,0,0,0,6,6,0,4,4,0,0.7101449275362318,0.3333333333333333,0.3768115942028985,0.0,0.0,0.0,0.0,0.0,0.0,0.0,0.0,0.0,0.0,0.0,0.0,0.0,0.0,0.0,0.0,0.0,0.0,0.0,0.0,0.0,0.0,0.0,0.0,0.0144927536231884,0.0144927536231884,0.0,0.0,0.0,0.0,0.0434782608695652,0.0289855072463768,0.0144927536231884,0.0,0.0,0.0,0.0,0.0,0.0,0.0289855072463768,0.0289855072463768,0.0,0.0,0.0,0.0,0.0434782608695652,0.0434782608695652,0.0,0.0,0.0,0.0,0.0,0.0,0.0,0.0869565217391304,0.0869565217391304,0.0,0.0579710144927536,0.0579710144927536,0.0,41
2014-12-01,2014,12,126,73,53,1,1,0,3,1,2,0,0,0,4,2,2,4,4,0,0,0,0,0,0,0,3,2,1,7,7,0,0,0,0,6,3,3,1,0,1,0,0,0,1,1,0,0,0,0,1,1,0,0,0,0,0,0,0,1,1,0,1,1,0,0.7974683544303798,0.4620253164556962,0.3354430379746835,0.0063291139240506,0.0063291139240506,0.0,0.0189873417721518,0.0063291139240506,0.0126582278481012,0.0,0.0,0.0,0.0253164556962024,0.0126582278481012,0.0126582278481012,0.0253164556962025,0.0253164556962025,0.0,0.0,0.0,0.0,0.0,0.0,0.0,0.0189873417721518,0.0126582278481012,0.0063291139240506,0.0443037974683544,0.0443037974683544,0.0,0.0,0.0,0.0,0.0379746835443038,0.0189873417721519,0.0189873417721519,0.0063291139240506,0.0,0.0063291139240506,0.0,0.0,0.0,0.0063291139240506,0.0063291139240506,0.0,0.0,0.0,0.0,0.0063291139240506,0.0063291139240506,0.0,0.0,0.0,0.0,0.0,0.0,0.0,0.0063291139240506,0.0063291139240506,0.0,0.0063291139240506,0.0063291139240506,0.0,96
2015-01-01,2015,1,130,89,41,1,1,0,6,4,2,1,1,0,11,9,2,1,0,1,0,0,0,0,0,0,2,2,0,5,5,0,0,0,0,3,2,1,3,1,2,0,0,0,4,4,0,27,26,1,2,2,0,0,0,0,0,0,0,33,33,0,29,29,0,0.48689138576779023,0.3333333333333333,0.1535580524344569,0.0037453183520599,0.0037453183520599,0.0,0.0224719101123595,0.0149812734082397,0.0074906367041198,0.0037453183520599,0.0037453183520599,0.0,0.041198501872659096,0.0337078651685393,0.0074906367041198,0.0037453183520599,0.0,0.0037453183520599,0.0,0.0,0.0,0.0,0.0,0.0,0.0074906367041198,0.0074906367041198,0.0,0.0187265917602996,0.0187265917602996,0.0,0.0,0.0,0.0,0.0112359550561797,0.0074906367041198,0.0037453183520599,0.0112359550561797,0.0037453183520599,0.0074906367041198,0.0,0.0,0.0,0.0149812734082397,0.0149812734082397,0.0,0.1011235955056179,0.097378277153558,0.0037453183520599,0.0074906367041198,0.0074906367041198,0.0,0.0,0.0,0.0,0.0,0.0,0.0,0.1235955056179775,0.1235955056179775,0.0,0.1086142322097378,0.1086142322097378,0.0,208
2015-02-01,2015,2,92,66,26,0,0,0,8,8,0,0,0,0,6,6,0,0,0,0,2,2,0,0,0,0,0,0,0,4,4,0,1,1,0,1,0,1,0,0,0,5,5,0,20,20,0,7,6,1,1,1,0,0,0,0,1,1,0,42,41,1,60,59,1,0.3511450381679388,0.2519083969465648,0.099236641221374,0.0,0.0,0.0,0.0305343511450381,0.0305343511450381,0.0,0.0,0.0,0.0,0.0229007633587786,0.0229007633587786,0.0,0.0,0.0,0.0,0.0076335877862595,0.0076335877862595,0.0,0.0,0.0,0.0,0.0,0.0,0.0,0.015267175572519,0.015267175572519,0.0,0.0038167938931297,0.0038167938931297,0.0,0.0038167938931297,0.0,0.0038167938931297,0.0,0.0,0.0,0.0190839694656488,0.0190839694656488,0.0,0.0763358778625954,0.0763358778625954,0.0,0.026717557251908303,0.0229007633587786,0.0038167938931297,0.0038167938931297,0.0038167938931297,0.0,0.0,0.0,0.0,0.0038167938931297,0.0038167938931297,0.0,0.1603053435114503,0.1564885496183206,0.0038167938931297,0.22900763358778609,0.2251908396946564,0.0038167938931297,220
2015-03-01,2015,3,135,62,73,0,0,0,2,1,1,0,0,0,7,6,1,2,2,0,1,1,0,0,0,0,0,0,0,14,14,0,1,1,0,2,2,0,3,1,2,1,1,0,11,11,0,2,2,0,3,3,0,1,0,1,0,0,0,23,23,0,47,47,0,0.52734375,0.2421875,0.28515625,0.0,0.0,0.0,0.0078125,0.00390625,0.00390625,0.0,0.0,0.0,0.02734375,0.0234375,0.00390625,0.0078125,0.0078125,0.0,0.00390625,0.00390625,0.0,0.0,0.0,0.0,0.0,0.0,0.0,0.0546875,0.0546875,0.0,0.00390625,0.00390625,0.0,0.0078125,0.0078125,0.0,0.01171875,0.00390625,0.0078125,0.00390625,0.00390625,0.0,0.04296875,0.04296875,0.0,0.0078125,0.0078125,0.0,0.01171875,0.01171875,0.0,0.00390625,0.0,0.00390625,0.0,0.0,0.0,0.08984375,0.08984375,0.0,0.18359375,0.18359375,0.0,176
2015-04-01,2015,4,93,54,39,0,0,0,2,1,1,0,0,0,2,2,0,0,0,0,1,1,0,0,0,0,10,2,8,5,5,0,1,1,0,3,3,0,0,0,0,2,1,1,1,1,0,1,1,0,1,1,0,1,1,0,0,0,0,17,17,0,20,19,1,0.574074074074074,0.3333333333333333,0.2407407407407407,0.0,0.0,0.0,0.0123456790123456,0.0061728395061728,0.0061728395061728,0.0,0.0,0.0,0.0123456790123456,0.0123456790123456,0.0,0.0,0.0,0.0,0.0061728395061728,0.0061728395061728,0.0,0.0,0.0,0.0,0.0617283950617283,0.0123456790123456,0.0493827160493827,0.0308641975308641,0.0308641975308641,0.0,0.0061728395061728,0.0061728395061728,0.0,0.0185185185185185,0.0185185185185185,0.0,0.0,0.0,0.0,0.0123456790123456,0.0061728395061728,0.0061728395061728,0.0061728395061728,0.0061728395061728,0.0,0.0061728395061728,0.0061728395061728,0.0,0.0061728395061728,0.0061728395061728,0.0,0.0061728395061728,0.0061728395061728,0.0,0.0,0.0,0.0,0.1049382716049382,0.1049382716049382,0.0,0.1234567901234567,0.1172839506172839,0.0061728395061728,110
2015-05-01,2015,5,126,58,68,1,1,0,4,4,0,0,0,0,3,3,0,0,0,0,0,0,0,1,1,0,10,3,7,5,4,1,0,0,0,10,7,3,3,1,2,0,0,0,2,2,0,1,1,0,0,0,0,0,0,0,0,0,0,7,7,0,10,9,1,0.681081081081081,0.3135135135135135,0.3675675675675676,0.0054054054054054,0.0054054054054054,0.0,0.0216216216216216,0.0216216216216216,0.0,0.0,0.0,0.0,0.0162162162162162,0.0162162162162162,0.0,0.0,0.0,0.0,0.0,0.0,0.0,0.0054054054054054,0.0054054054054054,0.0,0.054054054054054,0.0162162162162162,0.0378378378378378,0.027027027027026997,0.0216216216216216,0.0054054054054054,0.0,0.0,0.0,0.054054054054054,0.0378378378378378,0.0162162162162162,0.0162162162162162,0.0054054054054054,0.0108108108108108,0.0,0.0,0.0,0.0108108108108108,0.0108108108108108,0.0,0.0054054054054054,0.0054054054054054,0.0,0.0,0.0,0.0,0.0,0.0,0.0,0.0,0.0,0.0,0.0378378378378378,0.0378378378378378,0.0,0.054054054054054,0.0486486486486486,0.0054054054054054,100
2015-06-01,2015,6,138,65,73,2,2,0,3,1,2,0,0,0,7,6,1,3,1,2,0,0,0,0,0,0,5,0,5,3,3,0,0,0,0,4,3,1,2,2,0,1,1,0,5,5,0,4,4,0,2,2,0,0,0,0,0,0,0,28,27,1,6,6,0,0.6330275229357798,0.2981651376146789,0.3348623853211009,0.0091743119266055,0.0091743119266055,0.0,0.013761467889908199,0.0045871559633027,0.0091743119266055,0.0,0.0,0.0,0.0321100917431192,0.0275229357798165,0.0045871559633027,0.013761467889908199,0.0045871559633027,0.0091743119266055,0.0,0.0,0.0,0.0,0.0,0.0,0.0229357798165137,0.0,0.0229357798165137,0.0137614678899082,0.0137614678899082,0.0,0.0,0.0,0.0,0.0183486238532109,0.0137614678899082,0.0045871559633027,0.0091743119266055,0.0091743119266055,0.0,0.0045871559633027,0.0045871559633027,0.0,0.0229357798165137,0.0229357798165137,0.0,0.018348623853211,0.018348623853211,0.0,0.0091743119266055,0.0091743119266055,0.0,0.0,0.0,0.0,0.0,0.0,0.0,0.12844036697247702,0.1238532110091743,0.0045871559633027,0.0275229357798165,0.0275229357798165,0.0,128
2015-07-01,2015,7,176,72,104,0,0,0,5,3,2,0,0,0,7,7,0,1,1,0,1,1,0,0,0,0,9,3,6,9,8,1,2,2,0,6,4,2,5,4,1,0,0,0,2,2,0,0,0,0,6,6,0,0,0,0,0,0,0,24,23,1,16,16,0,0.6494464944649447,0.2656826568265683,0.3837638376383764,0.0,0.0,0.0,0.018450184501845,0.011070110701107,0.007380073800738,0.0,0.0,0.0,0.025830258302583,0.025830258302583,0.0,0.003690036900369,0.003690036900369,0.0,0.003690036900369,0.003690036900369,0.0,0.0,0.0,0.0,0.033210332103321,0.011070110701107,0.022140221402214,0.033210332103321,0.029520295202952,0.003690036900369,0.007380073800738,0.007380073800738,0.0,0.022140221402214,0.014760147601476,0.007380073800738,0.018450184501845,0.014760147601476,0.003690036900369,0.0,0.0,0.0,0.007380073800738,0.007380073800738,0.0,0.0,0.0,0.0,0.022140221402214,0.022140221402214,0.0,0.0,0.0,0.0,0.0,0.0,0.0,0.088560885608856,0.084870848708487,0.003690036900369,0.059040590405904,0.059040590405904,0.0,151
2015-08-01,2015,8,129,67,62,1,1,0,2,0,2,0,0,0,4,4,0,0,0,0,0,0,0,0,0,0,10,4,6,9,9,0,4,4,0,1,1,0,0,0,0,0,0,0,4,3,1,1,0,1,0,0,0,0,0,0,1,1,0,13,12,1,7,7,0,0.6861702127659572,0.3563829787234042,0.3297872340425531,0.0053191489361702,0.0053191489361702,0.0,0.0106382978723404,0.0,0.0106382978723404,0.0,0.0,0.0,0.0212765957446808,0.0212765957446808,0.0,0.0,0.0,0.0,0.0,0.0,0.0,0.0,0.0,0.0,0.053191489361701996,0.0212765957446808,0.0319148936170212,0.0478723404255319,0.0478723404255319,0.0,0.0212765957446808,0.0212765957446808,0.0,0.0053191489361702,0.0053191489361702,0.0,0.0,0.0,0.0,0.0,0.0,0.0,0.0212765957446808,0.0159574468085106,0.0053191489361702,0.0053191489361702,0.0,0.0053191489361702,0.0,0.0,0.0,0.0,0.0,0.0,0.0053191489361702,0.0053191489361702,0.0,0.0691489361702127,0.0638297872340425,0.0053191489361702,0.0372340425531914,0.0372340425531914,0.0,113
2015-09-01,2015,9,114,53,61,1,1,0,1,1,0,0,0,0,5,5,0,1,0,1,5,5,0,0,0,0,0,0,0,15,14,1,0,0,0,7,5,2,0,0,0,0,0,0,3,3,0,0,0,0,2,2,0,0,0,0,0,0,0,9,9,0,3,3,0,0.6867469879518072,0.3192771084337349,0.3674698795180723,0.0060240963855421,0.0060240963855421,0.0,0.0060240963855421,0.0060240963855421,0.0,0.0,0.0,0.0,0.0301204819277108,0.0301204819277108,0.0,0.0060240963855421,0.0,0.0060240963855421,0.0301204819277108,0.0301204819277108,0.0,0.0,0.0,0.0,0.0,0.0,0.0,0.0903614457831324,0.0843373493975903,0.0060240963855421,0.0,0.0,0.0,0.0421686746987951,0.0301204819277108,0.0120481927710843,0.0,0.0,0.0,0.0,0.0,0.0,0.0180722891566265,0.0180722891566265,0.0,0.0,0.0,0.0,0.0120481927710843,0.0120481927710843,0.0,0.0,0.0,0.0,0.0,0.0,0.0,0.0542168674698795,0.0542168674698795,0.0,0.0180722891566265,0.0180722891566265,0.0,101
2015-10-01,2015,10,146,71,75,0,0,0,1,0,1,0,0,0,3,2,1,1,1,0,2,2,0,0,0,0,1,1,0,14,14,0,0,0,0,5,5,0,0,0,0,5,5,0,5,5,0,5,5,0,0,0,0,1,1,0,0,0,0,26,26,0,5,4,1,0.6636363636363636,0.3227272727272727,0.3409090909090909,0.0,0.0,0.0,0.0045454545454545,0.0,0.0045454545454545,0.0,0.0,0.0,0.0136363636363635,0.009090909090909,0.0045454545454545,0.0045454545454545,0.0045454545454545,0.0,0.009090909090909,0.009090909090909,0.0,0.0,0.0,0.0,0.0045454545454545,0.0045454545454545,0.0,0.0636363636363636,0.0636363636363636,0.0,0.0,0.0,0.0,0.0227272727272727,0.0227272727272727,0.0,0.0,0.0,0.0,0.0227272727272727,0.0227272727272727,0.0,0.0227272727272727,0.0227272727272727,0.0,0.0227272727272727,0.0227272727272727,0.0,0.0,0.0,0.0,0.0045454545454545,0.0045454545454545,0.0,0.0,0.0,0.0,0.1181818181818181,0.1181818181818181,0.0,0.022727272727272603,0.0181818181818181,0.0045454545454545,142
2015-11-01,2015,11,138,66,72,0,0,0,9,7,2,0,0,0,4,3,1,3,2,1,1,1,0,0,0,0,4,3,1,31,30,1,3,3,0,13,9,4,2,0,2,4,4,0,5,5,0,3,3,0,0,0,0,1,0,1,1,1,0,20,20,0,10,10,0,0.5476190476190477,0.2619047619047619,0.2857142857142857,0.0,0.0,0.0,0.0357142857142856,0.0277777777777777,0.0079365079365079,0.0,0.0,0.0,0.015873015873015803,0.0119047619047619,0.0039682539682539,0.0119047619047618,0.0079365079365079,0.0039682539682539,0.0039682539682539,0.0039682539682539,0.0,0.0,0.0,0.0,0.015873015873015803,0.0119047619047619,0.0039682539682539,0.1230158730158729,0.119047619047619,0.0039682539682539,0.0119047619047619,0.0119047619047619,0.0,0.0515873015873015,0.0357142857142857,0.0158730158730158,0.0079365079365079,0.0,0.0079365079365079,0.0158730158730158,0.0158730158730158,0.0,0.0198412698412698,0.0198412698412698,0.0,0.0119047619047619,0.0119047619047619,0.0,0.0,0.0,0.0,0.0039682539682539,0.0,0.0039682539682539,0.0039682539682539,0.0039682539682539,0.0,0.0793650793650793,0.0793650793650793,0.0,0.0396825396825396,0.0396825396825396,0.0,166
2015-12-01,2015,12,121,56,65,0,0,0,3,3,0,1,1,0,2,2,0,0,0,0,14,14,0,0,0,0,1,0,1,22,22,0,5,5,0,7,6,1,1,0,1,0,0,0,1,1,0,2,2,0,1,0,1,0,0,0,0,0,0,20,18,2,8,8,0,0.5734597156398105,0.2654028436018957,0.3080568720379147,0.0,0.0,0.0,0.0142180094786729,0.0142180094786729,0.0,0.0047393364928909,0.0047393364928909,0.0,0.0094786729857819,0.0094786729857819,0.0,0.0,0.0,0.0,0.0663507109004739,0.0663507109004739,0.0,0.0,0.0,0.0,0.0047393364928909,0.0,0.0047393364928909,0.1042654028436018,0.1042654028436018,0.0,0.0236966824644549,0.0236966824644549,0.0,0.0331753554502368,0.0284360189573459,0.0047393364928909,0.0047393364928909,0.0,0.0047393364928909,0.0,0.0,0.0,0.0047393364928909,0.0047393364928909,0.0,0.0094786729857819,0.0094786729857819,0.0,0.0047393364928909,0.0,0.0047393364928909,0.0,0.0,0.0,0.0,0.0,0.0,0.09478672985781979,0.0853080568720379,0.0094786729857819,0.0379146919431279,0.0379146919431279,0.0,138
2016-01-01,2016,1,157,73,84,0,0,0,2,2,0,0,0,0,4,2,2,2,2,0,5,5,0,0,0,0,0,0,0,33,33,0,4,4,0,8,7,1,1,1,0,1,1,0,0,0,0,3,2,1,1,1,0,1,1,0,0,0,0,13,13,0,4,2,2,0.6569037656903766,0.3054393305439331,0.3514644351464435,0.0,0.0,0.0,0.00836820083682,0.00836820083682,0.0,0.0,0.0,0.0,0.01673640167364,0.00836820083682,0.00836820083682,0.00836820083682,0.00836820083682,0.0,0.0209205020920502,0.0209205020920502,0.0,0.0,0.0,0.0,0.0,0.0,0.0,0.1380753138075313,0.1380753138075313,0.0,0.0167364016736401,0.0167364016736401,0.0,0.0334728033472802,0.0292887029288702,0.00418410041841,0.00418410041841,0.00418410041841,0.0,0.00418410041841,0.00418410041841,0.0,0.0,0.0,0.0,0.012552301255229999,0.00836820083682,0.00418410041841,0.00418410041841,0.00418410041841,0.0,0.00418410041841,0.00418410041841,0.0,0.0,0.0,0.0,0.0543933054393305,0.0543933054393305,0.0,0.01673640167364,0.00836820083682,0.00836820083682,148
2016-02-01,2016,2,179,91,88,1,1,0,3,3,0,1,1,0,3,3,0,3,3,0,3,3,0,0,0,0,0,0,0,107,104,3,14,14,0,6,3,3,1,1,0,2,2,0,0,0,0,5,2,3,2,2,0,0,0,0,1,1,0,7,7,0,5,3,2,0.5203488372093024,0.2645348837209302,0.2558139534883721,0.002906976744186,0.002906976744186,0.0,0.0087209302325581,0.0087209302325581,0.0,0.002906976744186,0.002906976744186,0.0,0.0087209302325581,0.0087209302325581,0.0,0.0087209302325581,0.0087209302325581,0.0,0.0087209302325581,0.0087209302325581,0.0,0.0,0.0,0.0,0.0,0.0,0.0,0.3110465116279069,0.3023255813953488,0.0087209302325581,0.0406976744186046,0.0406976744186046,0.0,0.0174418604651162,0.0087209302325581,0.0087209302325581,0.002906976744186,0.002906976744186,0.0,0.005813953488372,0.005813953488372,0.0,0.0,0.0,0.0,0.014534883720930099,0.005813953488372,0.0087209302325581,0.005813953488372,0.005813953488372,0.0,0.0,0.0,0.0,0.002906976744186,0.002906976744186,0.0,0.0203488372093023,0.0203488372093023,0.0,0.014534883720930099,0.0087209302325581,0.005813953488372,243
2016-03-01,2016,3,164,99,65,1,1,0,2,1,1,1,1,0,8,6,2,2,2,0,0,0,0,0,0,0,3,2,1,59,59,0,19,19,0,20,14,6,0,0,0,0,0,0,1,1,0,4,4,0,0,0,0,0,0,0,1,1,0,10,10,0,4,4,0,0.5448504983388704,0.3289036544850498,0.2159468438538206,0.0033222591362126,0.0033222591362126,0.0,0.0066445182724252,0.0033222591362126,0.0033222591362126,0.0033222591362126,0.0033222591362126,0.0,0.0265780730897009,0.0199335548172757,0.0066445182724252,0.0066445182724252,0.0066445182724252,0.0,0.0,0.0,0.0,0.0,0.0,0.0,0.0099667774086378,0.0066445182724252,0.0033222591362126,0.1960132890365448,0.1960132890365448,0.0,0.0631229235880398,0.0631229235880398,0.0,0.0664451827242524,0.0465116279069767,0.0199335548172757,0.0,0.0,0.0,0.0,0.0,0.0,0.0033222591362126,0.0033222591362126,0.0,0.0132890365448504,0.0132890365448504,0.0,0.0,0.0,0.0,0.0,0.0,0.0,0.0033222591362126,0.0033222591362126,0.0,0.0332225913621262,0.0332225913621262,0.0,0.0132890365448504,0.0132890365448504,0.0,223
2016-04-01,2016,4,138,87,51,1,1,0,5,4,1,0,0,0,5,3,2,4,3,1,1,1,0,0,0,0,4,1,3,7,7,0,1,1,0,6,3,3,2,1,1,0,0,0,0,0,0,3,2,1,1,1,0,0,0,0,1,1,0,4,4,0,7,7,0,0.71875,0.453125,0.265625,0.0052083333333333,0.0052083333333333,0.0,0.026041666666666602,0.0208333333333333,0.0052083333333333,0.0,0.0,0.0,0.026041666666666602,0.015625,0.0104166666666666,0.0208333333333333,0.015625,0.0052083333333333,0.0052083333333333,0.0052083333333333,0.0,0.0,0.0,0.0,0.0208333333333333,0.0052083333333333,0.015625,0.0364583333333333,0.0364583333333333,0.0,0.0052083333333333,0.0052083333333333,0.0,0.03125,0.015625,0.015625,0.0104166666666666,0.0052083333333333,0.0052083333333333,0.0,0.0,0.0,0.0,0.0,0.0,0.0156249999999999,0.0104166666666666,0.0052083333333333,0.0052083333333333,0.0052083333333333,0.0,0.0,0.0,0.0,0.0052083333333333,0.0052083333333333,0.0,0.0208333333333333,0.0208333333333333,0.0,0.0364583333333333,0.0364583333333333,0.0,126
2016-05-01,2016,5,170,84,86,0,0,0,5,4,1,0,0,0,8,7,1,4,2,2,3,3,0,0,0,0,3,1,2,8,8,0,0,0,0,2,2,0,4,2,2,1,1,0,5,5,0,5,1,4,0,0,0,1,1,0,1,1,0,16,15,1,26,26,0,0.6488549618320609,0.3206106870229007,0.3282442748091603,0.0,0.0,0.0,0.0190839694656487,0.015267175572519,0.0038167938931297,0.0,0.0,0.0,0.030534351145038,0.0267175572519083,0.0038167938931297,0.015267175572519,0.0076335877862595,0.0076335877862595,0.0114503816793893,0.0114503816793893,0.0,0.0,0.0,0.0,0.0114503816793892,0.0038167938931297,0.0076335877862595,0.0305343511450381,0.0305343511450381,0.0,0.0,0.0,0.0,0.0076335877862595,0.0076335877862595,0.0,0.015267175572519,0.0076335877862595,0.0076335877862595,0.0038167938931297,0.0038167938931297,0.0,0.0190839694656488,0.0190839694656488,0.0,0.0190839694656487,0.0038167938931297,0.015267175572519,0.0,0.0,0.0,0.0038167938931297,0.0038167938931297,0.0,0.0038167938931297,0.0038167938931297,0.0,0.0610687022900762,0.0572519083969465,0.0038167938931297,0.099236641221374,0.099236641221374,0.0,163
2016-06-01,2016,6,232,134,98,2,1,1,4,4,0,1,1,0,23,18,5,2,2,0,1,1,0,0,0,0,9,5,4,2,2,0,0,0,0,7,7,0,5,1,4,0,0,0,14,14,0,6,3,3,0,0,0,1,1,0,3,3,0,33,25,8,42,42,0,0.6010362694300518,0.3471502590673575,0.2538860103626943,0.005181347150259,0.0025906735751295,0.0025906735751295,0.0103626943005181,0.0103626943005181,0.0,0.0025906735751295,0.0025906735751295,0.0,0.059585492227979195,0.0466321243523316,0.0129533678756476,0.005181347150259,0.005181347150259,0.0,0.0025906735751295,0.0025906735751295,0.0,0.0,0.0,0.0,0.0233160621761657,0.0129533678756476,0.0103626943005181,0.005181347150259,0.005181347150259,0.0,0.0,0.0,0.0,0.0181347150259067,0.0181347150259067,0.0,0.0129533678756476,0.0025906735751295,0.0103626943005181,0.0,0.0,0.0,0.0362694300518134,0.0362694300518134,0.0,0.0155440414507772,0.0077720207253886,0.0077720207253886,0.0,0.0,0.0,0.0025906735751295,0.0025906735751295,0.0,0.0077720207253886,0.0077720207253886,0.0,0.0854922279792745,0.0647668393782383,0.0207253886010362,0.1088082901554404,0.1088082901554404,0.0,262
2016-07-01,2016,7,133,64,69,0,0,0,2,2,0,3,3,0,8,6,2,1,1,0,0,0,0,0,0,0,4,2,2,1,1,0,0,0,0,3,3,0,1,0,1,3,3,0,3,3,0,5,5,0,0,0,0,0,0,0,1,1,0,1,1,0,21,21,0,0.6927083333333333,0.3333333333333333,0.359375,0.0,0.0,0.0,0.0104166666666666,0.0104166666666666,0.0,0.015625,0.015625,0.0,0.0416666666666666,0.03125,0.0104166666666666,0.0052083333333333,0.0052083333333333,0.0,0.0,0.0,0.0,0.0,0.0,0.0,0.0208333333333332,0.0104166666666666,0.0104166666666666,0.0052083333333333,0.0052083333333333,0.0,0.0,0.0,0.0,0.015625,0.015625,0.0,0.0052083333333333,0.0,0.0052083333333333,0.015625,0.015625,0.0,0.015625,0.015625,0.0,0.0260416666666666,0.0260416666666666,0.0,0.0,0.0,0.0,0.0,0.0,0.0,0.0052083333333333,0.0052083333333333,0.0,0.0052083333333333,0.0052083333333333,0.0,0.109375,0.109375,0.0,116
2016-08-01,2016,8,174,75,99,0,0,0,4,4,0,0,0,0,16,14,2,6,6,0,2,2,0,0,0,0,10,7,3,3,3,0,1,1,0,3,1,2,1,0,1,0,0,0,0,0,0,4,4,0,2,2,0,0,0,0,2,2,0,9,9,0,13,12,1,0.7016129032258064,0.3024193548387097,0.3991935483870967,0.0,0.0,0.0,0.0161290322580645,0.0161290322580645,0.0,0.0,0.0,0.0,0.064516129032258,0.0564516129032258,0.0080645161290322,0.0241935483870967,0.0241935483870967,0.0,0.0080645161290322,0.0080645161290322,0.0,0.0,0.0,0.0,0.0403225806451612,0.0282258064516129,0.0120967741935483,0.0120967741935483,0.0120967741935483,0.0,0.0040322580645161,0.0040322580645161,0.0,0.0120967741935483,0.0040322580645161,0.0080645161290322,0.0040322580645161,0.0,0.0040322580645161,0.0,0.0,0.0,0.0,0.0,0.0,0.0161290322580645,0.0161290322580645,0.0,0.0080645161290322,0.0080645161290322,0.0,0.0,0.0,0.0,0.0080645161290322,0.0080645161290322,0.0,0.0362903225806451,0.0362903225806451,0.0,0.052419354838709596,0.0483870967741935,0.0040322580645161,140
2016-09-01,2016,9,202,97,105,1,1,0,2,2,0,0,0,0,1,0,1,5,5,0,0,0,0,0,0,0,10,2,8,2,2,0,1,1,0,3,3,0,5,1,4,0,0,0,2,2,0,3,1,2,4,4,0,1,1,0,1,1,0,26,25,1,12,12,0,0.7214285714285714,0.3464285714285714,0.375,0.0035714285714285,0.0035714285714285,0.0,0.0071428571428571,0.0071428571428571,0.0,0.0,0.0,0.0,0.0035714285714285,0.0,0.0035714285714285,0.0178571428571428,0.0178571428571428,0.0,0.0,0.0,0.0,0.0,0.0,0.0,0.0357142857142856,0.0071428571428571,0.0285714285714285,0.0071428571428571,0.0071428571428571,0.0,0.0035714285714285,0.0035714285714285,0.0,0.0107142857142857,0.0107142857142857,0.0,0.0178571428571427,0.0035714285714285,0.0142857142857142,0.0,0.0,0.0,0.0071428571428571,0.0071428571428571,0.0,0.0107142857142856,0.0035714285714285,0.0071428571428571,0.0142857142857142,0.0142857142857142,0.0,0.0035714285714285,0.0035714285714285,0.0,0.0035714285714285,0.0035714285714285,0.0,0.09285714285714271,0.0892857142857142,0.0035714285714285,0.0428571428571428,0.0428571428571428,0.0,158
2016-10-01,2016,10,217,124,93,0,0,0,2,2,0,0,0,0,17,12,5,2,2,0,0,0,0,0,0,0,3,1,2,4,4,0,4,4,0,3,2,1,9,6,3,0,0,0,0,0,0,2,0,2,1,1,0,0,0,0,2,2,0,22,21,1,47,43,4,0.6497005988023952,0.3712574850299401,0.278443113772455,0.0,0.0,0.0,0.0059880239520958,0.0059880239520958,0.0,0.0,0.0,0.0,0.0508982035928143,0.0359281437125748,0.0149700598802395,0.0059880239520958,0.0059880239520958,0.0,0.0,0.0,0.0,0.0,0.0,0.0,0.0089820359281437,0.0029940119760479,0.0059880239520958,0.0119760479041916,0.0119760479041916,0.0,0.0119760479041916,0.0119760479041916,0.0,0.0089820359281437,0.0059880239520958,0.0029940119760479,0.0269461077844311,0.0179640718562874,0.0089820359281437,0.0,0.0,0.0,0.0,0.0,0.0,0.0059880239520958,0.0,0.0059880239520958,0.0029940119760479,0.0029940119760479,0.0,0.0,0.0,0.0,0.0059880239520958,0.0059880239520958,0.0,0.0658682634730538,0.0628742514970059,0.0029940119760479,0.1407185628742514,0.1287425149700598,0.0119760479041916,223
2016-11-01,2016,11,148,72,76,2,2,0,0,0,0,0,0,0,4,3,1,1,0,1,1,0,1,0,0,0,3,3,0,4,4,0,0,0,0,5,2,3,11,8,3,0,0,0,1,1,0,5,4,1,2,2,0,0,0,0,0,0,0,22,19,3,17,16,1,0.6577777777777778,0.32,0.3377777777777778,0.0088888888888888,0.0088888888888888,0.0,0.0,0.0,0.0,0.0,0.0,0.0,0.017777777777777698,0.0133333333333333,0.0044444444444444,0.0044444444444444,0.0,0.0044444444444444,0.0044444444444444,0.0,0.0044444444444444,0.0,0.0,0.0,0.0133333333333333,0.0133333333333333,0.0,0.0177777777777777,0.0177777777777777,0.0,0.0,0.0,0.0,0.0222222222222221,0.0088888888888888,0.0133333333333333,0.0488888888888888,0.0355555555555555,0.0133333333333333,0.0,0.0,0.0,0.0044444444444444,0.0044444444444444,0.0,0.0222222222222221,0.0177777777777777,0.0044444444444444,0.0088888888888888,0.0088888888888888,0.0,0.0,0.0,0.0,0.0,0.0,0.0,0.0977777777777777,0.0844444444444444,0.0133333333333333,0.0755555555555555,0.0711111111111111,0.0044444444444444,136
2016-12-01,2016,12,190,100,90,0,0,0,5,2,3,1,1,0,6,5,1,2,2,0,0,0,0,0,0,0,2,2,0,4,4,0,1,1,0,4,2,2,1,0,1,0,0,0,1,1,0,9,8,1,2,2,0,0,0,0,0,0,0,5,4,1,7,7,0,0.7949790794979078,0.4184100418410041,0.3765690376569037,0.0,0.0,0.0,0.020920502092050097,0.00836820083682,0.0125523012552301,0.00418410041841,0.00418410041841,0.0,0.025104602510460202,0.0209205020920502,0.00418410041841,0.00836820083682,0.00836820083682,0.0,0.0,0.0,0.0,0.0,0.0,0.0,0.00836820083682,0.00836820083682,0.0,0.0167364016736401,0.0167364016736401,0.0,0.00418410041841,0.00418410041841,0.0,0.01673640167364,0.00836820083682,0.00836820083682,0.00418410041841,0.0,0.00418410041841,0.0,0.0,0.0,0.00418410041841,0.00418410041841,0.0,0.037656903765690294,0.0334728033472803,0.00418410041841,0.00836820083682,0.00836820083682,0.0,0.0,0.0,0.0,0.0,0.0,0.0,0.0209205020920501,0.0167364016736401,0.00418410041841,0.0292887029288702,0.0292887029288702,0.0,139
2017-01-01,2017,1,187,90,97,1,1,0,4,1,3,0,0,0,9,7,2,7,6,1,0,0,0,0,0,0,1,0,1,4,4,0,0,0,0,8,6,2,4,3,1,0,0,0,2,2,0,12,11,1,2,2,0,0,0,0,0,0,0,11,11,0,4,3,1,0.722007722007722,0.3474903474903475,0.3745173745173745,0.0038610038610038,0.0038610038610038,0.0,0.015444015444015299,0.0038610038610038,0.0115830115830115,0.0,0.0,0.0,0.0347490347490347,0.027027027027027,0.0077220077220077,0.0270270270270269,0.0231660231660231,0.0038610038610038,0.0,0.0,0.0,0.0,0.0,0.0,0.0038610038610038,0.0,0.0038610038610038,0.0154440154440154,0.0154440154440154,0.0,0.0,0.0,0.0,0.0308880308880308,0.0231660231660231,0.0077220077220077,0.015444015444015299,0.0115830115830115,0.0038610038610038,0.0,0.0,0.0,0.0077220077220077,0.0077220077220077,0.0,0.0463320463320462,0.0424710424710424,0.0038610038610038,0.0077220077220077,0.0077220077220077,0.0,0.0,0.0,0.0,0.0,0.0,0.0,0.0424710424710424,0.0424710424710424,0.0,0.015444015444015299,0.0115830115830115,0.0038610038610038,144
2017-02-01,2017,2,179,74,105,0,0,0,1,1,0,0,0,0,10,8,2,4,4,0,0,0,0,0,0,0,4,4,0,2,2,0,0,0,0,8,4,4,1,1,0,0,0,0,3,3,0,6,6,0,0,0,0,0,0,0,0,0,0,9,9,0,2,2,0,0.7552742616033754,0.3122362869198312,0.4430379746835443,0.0,0.0,0.0,0.0042194092827004,0.0042194092827004,0.0,0.0,0.0,0.0,0.04219409282700411,0.0337552742616033,0.0084388185654008,0.0168776371308016,0.0168776371308016,0.0,0.0,0.0,0.0,0.0,0.0,0.0,0.0168776371308016,0.0168776371308016,0.0,0.0084388185654008,0.0084388185654008,0.0,0.0,0.0,0.0,0.0337552742616032,0.0168776371308016,0.0168776371308016,0.0042194092827004,0.0042194092827004,0.0,0.0,0.0,0.0,0.0126582278481012,0.0126582278481012,0.0,0.0253164556962025,0.0253164556962025,0.0,0.0,0.0,0.0,0.0,0.0,0.0,0.0,0.0,0.0,0.0379746835443038,0.0379746835443038,0.0,0.0084388185654008,0.0084388185654008,0.0,118
2017-03-01,2017,3,201,98,103,0,0,0,5,1,4,0,0,0,13,7,6,4,3,1,4,4,0,0,0,0,3,1,2,12,12,0,1,1,0,24,14,10,5,5,0,3,3,0,0,0,0,2,2,0,0,0,0,0,0,0,0,0,0,10,10,0,3,3,0,0.693103448275862,0.3379310344827586,0.3551724137931034,0.0,0.0,0.0,0.0172413793103447,0.0034482758620689,0.0137931034482758,0.0,0.0,0.0,0.0448275862068964,0.0241379310344827,0.0206896551724137,0.013793103448275699,0.0103448275862068,0.0034482758620689,0.0137931034482758,0.0137931034482758,0.0,0.0,0.0,0.0,0.0103448275862068,0.0034482758620689,0.0068965517241379,0.0413793103448275,0.0413793103448275,0.0,0.0034482758620689,0.0034482758620689,0.0,0.0827586206896551,0.0482758620689655,0.0344827586206896,0.0172413793103448,0.0172413793103448,0.0,0.0103448275862068,0.0103448275862068,0.0,0.0,0.0,0.0,0.0068965517241379,0.0068965517241379,0.0,0.0,0.0,0.0,0.0,0.0,0.0,0.0,0.0,0.0,0.0344827586206896,0.0344827586206896,0.0,0.0103448275862068,0.0103448275862068,0.0,164
2017-04-01,2017,4,207,98,109,3,2,1,8,5,3,0,0,0,5,3,2,2,2,0,1,1,0,0,0,0,9,0,9,3,3,0,0,0,0,12,9,3,5,1,4,2,2,0,2,2,0,4,3,1,2,2,0,0,0,0,0,0,0,10,9,1,10,10,0,0.7162629757785467,0.3391003460207612,0.3771626297577855,0.0103806228373701,0.0069204152249134,0.0034602076124567,0.0276816608996539,0.0173010380622837,0.0103806228373702,0.0,0.0,0.0,0.0173010380622836,0.0103806228373702,0.0069204152249134,0.0069204152249134,0.0069204152249134,0.0,0.0034602076124567,0.0034602076124567,0.0,0.0,0.0,0.0,0.0311418685121107,0.0,0.0311418685121107,0.0103806228373702,0.0103806228373702,0.0,0.0,0.0,0.0,0.0415224913494809,0.0311418685121107,0.0103806228373702,0.0173010380622836,0.0034602076124567,0.0138408304498269,0.0069204152249134,0.0069204152249134,0.0,0.0069204152249134,0.0069204152249134,0.0,0.0138408304498269,0.0103806228373702,0.0034602076124567,0.0069204152249134,0.0069204152249134,0.0,0.0,0.0,0.0,0.0,0.0,0.0,0.0346020761245674,0.0311418685121107,0.0034602076124567,0.0346020761245674,0.0346020761245674,0.0,151
2017-05-01,2017,5,178,80,98,1,1,0,7,5,2,0,0,0,10,7,3,4,4,0,0,0,0,0,0,0,3,3,0,5,5,0,0,0,0,11,5,6,14,11,3,0,0,0,0,0,0,11,11,0,0,0,0,0,0,0,0,0,0,6,6,0,2,2,0,0.7091633466135459,0.3187250996015936,0.3904382470119522,0.0039840637450199,0.0039840637450199,0.0,0.027888446215139404,0.0199203187250996,0.0079681274900398,0.0,0.0,0.0,0.0398406374501991,0.0278884462151394,0.0119521912350597,0.0159362549800796,0.0159362549800796,0.0,0.0,0.0,0.0,0.0,0.0,0.0,0.0119521912350597,0.0119521912350597,0.0,0.0199203187250996,0.0199203187250996,0.0,0.0,0.0,0.0,0.0438247011952191,0.0199203187250996,0.0239043824701195,0.0557768924302788,0.0438247011952191,0.0119521912350597,0.0,0.0,0.0,0.0,0.0,0.0,0.0438247011952191,0.0438247011952191,0.0,0.0,0.0,0.0,0.0,0.0,0.0,0.0,0.0,0.0,0.0239043824701195,0.0239043824701195,0.0,0.0079681274900398,0.0079681274900398,0.0,138
2017-06-01,2017,6,216,114,102,0,0,0,10,2,8,0,0,0,6,3,3,4,4,0,2,2,0,0,0,0,14,9,5,2,2,0,3,3,0,10,7,3,16,11,5,0,0,0,7,6,1,2,0,2,5,5,0,0,0,0,2,2,0,19,16,3,1,1,0,0.6625766871165644,0.3496932515337423,0.3128834355828221,0.0,0.0,0.0,0.0306748466257667,0.0061349693251533,0.0245398773006134,0.0,0.0,0.0,0.01840490797546,0.00920245398773,0.00920245398773,0.0122699386503067,0.0122699386503067,0.0,0.0061349693251533,0.0061349693251533,0.0,0.0,0.0,0.0,0.042944785276073504,0.0276073619631901,0.0153374233128834,0.0061349693251533,0.0061349693251533,0.0,0.00920245398773,0.00920245398773,0.0,0.030674846625766798,0.0214723926380368,0.00920245398773,0.049079754601226905,0.0337423312883435,0.0153374233128834,0.0,0.0,0.0,0.0214723926380367,0.0184049079754601,0.0030674846625766,0.0061349693251533,0.0,0.0061349693251533,0.0153374233128834,0.0153374233128834,0.0,0.0,0.0,0.0,0.0061349693251533,0.0061349693251533,0.0,0.0582822085889569,0.0490797546012269,0.00920245398773,0.0030674846625766,0.0030674846625766,0.0,187
2017-07-01,2017,7,203,99,104,1,1,0,10,7,3,1,1,0,12,8,4,1,1,0,0,0,0,0,0,0,7,4,3,7,7,0,1,1,0,14,11,3,6,6,0,0,0,0,1,1,0,1,1,0,2,2,0,0,0,0,1,1,0,21,20,1,8,8,0,0.6789297658862876,0.3311036789297659,0.3478260869565217,0.0033444816053511,0.0033444816053511,0.0,0.0334448160535116,0.0234113712374581,0.0100334448160535,0.0033444816053511,0.0033444816053511,0.0,0.0401337792642139,0.0267558528428093,0.0133779264214046,0.0033444816053511,0.0033444816053511,0.0,0.0,0.0,0.0,0.0,0.0,0.0,0.023411371237458102,0.0133779264214046,0.0100334448160535,0.0234113712374581,0.0234113712374581,0.0,0.0033444816053511,0.0033444816053511,0.0,0.0468227424749163,0.0367892976588628,0.0100334448160535,0.020066889632107,0.020066889632107,0.0,0.0,0.0,0.0,0.0033444816053511,0.0033444816053511,0.0,0.0033444816053511,0.0033444816053511,0.0,0.0066889632107023,0.0066889632107023,0.0,0.0,0.0,0.0,0.0033444816053511,0.0033444816053511,0.0,0.0702341137123745,0.0668896321070234,0.0033444816053511,0.0267558528428093,0.0267558528428093,0.0,178
2017-08-01,2017,8,210,106,104,1,0,1,9,2,7,0,0,0,20,16,4,2,2,0,0,0,0,0,0,0,13,7,6,4,4,0,1,1,0,10,10,0,4,2,2,0,0,0,0,0,0,2,2,0,1,1,0,0,0,0,3,3,0,11,10,1,6,6,0,0.7046979865771812,0.3557046979865771,0.348993288590604,0.0033557046979865,0.0,0.0033557046979865,0.0302013422818791,0.0067114093959731,0.023489932885906,0.0,0.0,0.0,0.0671140939597315,0.0536912751677852,0.0134228187919463,0.0067114093959731,0.0067114093959731,0.0,0.0,0.0,0.0,0.0,0.0,0.0,0.0436241610738254,0.023489932885906,0.0201342281879194,0.0134228187919463,0.0134228187919463,0.0,0.0033557046979865,0.0033557046979865,0.0,0.0335570469798657,0.0335570469798657,0.0,0.0134228187919462,0.0067114093959731,0.0067114093959731,0.0,0.0,0.0,0.0,0.0,0.0,0.0067114093959731,0.0067114093959731,0.0,0.0033557046979865,0.0033557046979865,0.0,0.0,0.0,0.0,0.0100671140939597,0.0100671140939597,0.0,0.036912751677852206,0.0335570469798657,0.0033557046979865,0.0201342281879194,0.0201342281879194,0.0,172
2017-09-01,2017,9,141,61,80,2,2,0,3,1,2,0,0,0,7,5,2,0,0,0,0,0,0,0,0,0,16,11,5,3,3,0,0,0,0,2,1,1,2,1,1,0,0,0,0,0,0,0,0,0,1,1,0,0,0,0,2,2,0,4,4,0,2,2,0,0.7580645161290323,0.3279569892473118,0.4301075268817204,0.010752688172043,0.010752688172043,0.0,0.0161290322580645,0.0053763440860215,0.010752688172043,0.0,0.0,0.0,0.0376344086021505,0.0268817204301075,0.010752688172043,0.0,0.0,0.0,0.0,0.0,0.0,0.0,0.0,0.0,0.086021505376344,0.0591397849462365,0.0268817204301075,0.0161290322580645,0.0161290322580645,0.0,0.0,0.0,0.0,0.010752688172043,0.0053763440860215,0.0053763440860215,0.010752688172043,0.0053763440860215,0.0053763440860215,0.0,0.0,0.0,0.0,0.0,0.0,0.0,0.0,0.0,0.0053763440860215,0.0053763440860215,0.0,0.0,0.0,0.0,0.010752688172043,0.010752688172043,0.0,0.021505376344086,0.021505376344086,0.0,0.010752688172043,0.010752688172043,0.0,94
2017-10-01,2017,10,330,182,148,0,0,0,6,5,1,0,0,0,12,9,3,2,2,0,1,0,1,0,0,0,4,3,1,4,4,0,0,0,0,14,13,1,4,1,3,1,1,0,13,13,0,3,2,1,3,0,3,1,1,0,2,2,0,73,70,3,27,25,2,0.6573705179282868,0.3625498007968127,0.2948207171314741,0.0,0.0,0.0,0.0119521912350597,0.0099601593625498,0.0019920318725099,0.0,0.0,0.0,0.0239043824701194,0.0179282868525896,0.0059760956175298,0.0039840637450199,0.0039840637450199,0.0,0.0019920318725099,0.0,0.0019920318725099,0.0,0.0,0.0,0.0079681274900397,0.0059760956175298,0.0019920318725099,0.0079681274900398,0.0079681274900398,0.0,0.0,0.0,0.0,0.0278884462151393,0.0258964143426294,0.0019920318725099,0.0079681274900397,0.0019920318725099,0.0059760956175298,0.0019920318725099,0.0019920318725099,0.0,0.0258964143426294,0.0258964143426294,0.0,0.005976095617529801,0.0039840637450199,0.0019920318725099,0.0059760956175298,0.0,0.0059760956175298,0.0019920318725099,0.0019920318725099,0.0,0.0039840637450199,0.0039840637450199,0.0,0.145418326693227,0.1394422310756972,0.0059760956175298,0.053784860557768904,0.049800796812749,0.0039840637450199,331
2017-11-01,2017,11,244,114,130,0,0,0,3,2,1,1,1,0,12,10,2,1,1,0,1,1,0,0,0,0,3,1,2,1,1,0,1,1,0,10,7,3,21,5,16,0,0,0,10,10,0,1,1,0,1,1,0,0,0,0,0,0,0,21,20,1,3,3,0,0.7283582089552239,0.3402985074626866,0.3880597014925373,0.0,0.0,0.0,0.0089552238805969,0.0059701492537313,0.0029850746268656,0.0029850746268656,0.0029850746268656,0.0,0.035820895522388,0.0298507462686567,0.0059701492537313,0.0029850746268656,0.0029850746268656,0.0,0.0029850746268656,0.0029850746268656,0.0,0.0,0.0,0.0,0.0089552238805969,0.0029850746268656,0.0059701492537313,0.0029850746268656,0.0029850746268656,0.0,0.0029850746268656,0.0029850746268656,0.0,0.0298507462686567,0.0208955223880597,0.008955223880597,0.062686567164179,0.0149253731343283,0.0477611940298507,0.0,0.0,0.0,0.0298507462686567,0.0298507462686567,0.0,0.0029850746268656,0.0029850746268656,0.0,0.0029850746268656,0.0029850746268656,0.0,0.0,0.0,0.0,0.0,0.0,0.0,0.062686567164179,0.0597014925373134,0.0029850746268656,0.008955223880597,0.008955223880597,0.0,179
2017-12-01,2017,12,194,111,83,0,0,0,0,0,0,0,0,0,3,3,0,1,0,1,1,1,0,0,0,0,3,1,2,1,1,0,0,0,0,2,0,2,3,2,1,0,0,0,13,13,0,7,6,1,2,1,1,0,0,0,0,0,0,1,1,0,7,6,1,0.776,0.444,0.332,0.0,0.0,0.0,0.0,0.0,0.0,0.0,0.0,0.0,0.012,0.012,0.0,0.004,0.0,0.004,0.004,0.004,0.0,0.0,0.0,0.0,0.012,0.004,0.008,0.004,0.004,0.0,0.0,0.0,0.0,0.008,0.0,0.008,0.012,0.008,0.004,0.0,0.0,0.0,0.052,0.052,0.0,0.028,0.024,0.004,0.008,0.004,0.004,0.0,0.0,0.0,0.0,0.0,0.0,0.004,0.004,0.0,0.028,0.024,0.004,146
2018-01-01,2018,1,185,87,98,0,0,0,4,3,1,0,0,0,8,4,4,1,0,1,7,7,0,0,0,0,1,0,1,0,0,0,0,0,0,9,7,2,2,1,1,1,1,0,5,5,0,14,12,2,1,0,1,0,0,0,4,4,0,18,18,0,13,13,0,0.667870036101083,0.3140794223826715,0.3537906137184115,0.0,0.0,0.0,0.0144404332129962,0.0108303249097472,0.003610108303249,0.0,0.0,0.0,0.0288808664259926,0.0144404332129963,0.0144404332129963,0.003610108303249,0.0,0.003610108303249,0.0252707581227436,0.0252707581227436,0.0,0.0,0.0,0.0,0.003610108303249,0.0,0.003610108303249,0.0,0.0,0.0,0.0,0.0,0.0,0.0324909747292417,0.0252707581227436,0.0072202166064981,0.007220216606498,0.003610108303249,0.003610108303249,0.003610108303249,0.003610108303249,0.0,0.0180505415162454,0.0180505415162454,0.0,0.050541516245487195,0.0433212996389891,0.0072202166064981,0.003610108303249,0.0,0.003610108303249,0.0,0.0,0.0,0.0144404332129963,0.0144404332129963,0.0,0.0649819494584837,0.0649819494584837,0.0,0.0469314079422382,0.0469314079422382,0.0,162
2018-02-01,2018,2,210,107,103,3,3,0,5,4,1,0,0,0,14,10,4,3,3,0,0,0,0,1,1,0,2,1,1,0,0,0,0,0,0,12,11,1,1,1,0,1,1,0,4,4,0,6,6,0,2,2,0,0,0,0,1,1,0,6,6,0,3,3,0,0.7664233576642336,0.3905109489051095,0.3759124087591241,0.010948905109489,0.010948905109489,0.0,0.0182481751824817,0.0145985401459854,0.0036496350364963,0.0,0.0,0.0,0.0510948905109489,0.0364963503649635,0.0145985401459854,0.010948905109489,0.010948905109489,0.0,0.0,0.0,0.0,0.0036496350364963,0.0036496350364963,0.0,0.0072992700729926,0.0036496350364963,0.0036496350364963,0.0,0.0,0.0,0.0,0.0,0.0,0.043795620437956095,0.0401459854014598,0.0036496350364963,0.0036496350364963,0.0036496350364963,0.0,0.0036496350364963,0.0036496350364963,0.0,0.0145985401459854,0.0145985401459854,0.0,0.0218978102189781,0.0218978102189781,0.0,0.0072992700729927,0.0072992700729927,0.0,0.0,0.0,0.0,0.0036496350364963,0.0036496350364963,0.0,0.0218978102189781,0.0218978102189781,0.0,0.010948905109489,0.010948905109489,0.0,162
2018-03-01,2018,3,226,103,123,5,5,0,9,6,3,2,2,0,15,7,8,3,3,0,0,0,0,0,0,0,2,0,2,6,6,0,0,0,0,7,4,3,7,4,3,2,2,0,2,2,0,22,17,5,4,4,0,0,0,0,2,2,0,11,10,1,20,19,1,0.6494252873563218,0.2959770114942529,0.3534482758620689,0.014367816091954,0.014367816091954,0.0,0.0258620689655172,0.0172413793103448,0.0086206896551724,0.0057471264367816,0.0057471264367816,0.0,0.043103448275862,0.0201149425287356,0.0229885057471264,0.0086206896551724,0.0086206896551724,0.0,0.0,0.0,0.0,0.0,0.0,0.0,0.0057471264367816,0.0,0.0057471264367816,0.0172413793103448,0.0172413793103448,0.0,0.0,0.0,0.0,0.0201149425287356,0.0114942528735632,0.0086206896551724,0.0201149425287356,0.0114942528735632,0.0086206896551724,0.0057471264367816,0.0057471264367816,0.0,0.0057471264367816,0.0057471264367816,0.0,0.0632183908045976,0.0488505747126436,0.014367816091954,0.0114942528735632,0.0114942528735632,0.0,0.0,0.0,0.0,0.0057471264367816,0.0057471264367816,0.0,0.0316091954022988,0.028735632183908,0.0028735632183908,0.057471264367816,0.0545977011494252,0.0028735632183908,195
2018-04-01,2018,4,229,118,111,0,0,0,7,5,2,1,1,0,13,10,3,3,2,1,0,0,0,0,0,0,2,1,1,3,3,0,1,1,0,13,8,5,6,3,3,2,1,1,2,1,1,9,6,3,4,4,0,1,0,1,3,1,2,22,22,0,18,15,3,0.6735294117647058,0.3470588235294117,0.3264705882352941,0.0,0.0,0.0,0.0205882352941175,0.0147058823529411,0.0058823529411764,0.0029411764705882,0.0029411764705882,0.0,0.038235294117647,0.0294117647058823,0.0088235294117647,0.0088235294117646,0.0058823529411764,0.0029411764705882,0.0,0.0,0.0,0.0,0.0,0.0,0.0058823529411764,0.0029411764705882,0.0029411764705882,0.0088235294117647,0.0088235294117647,0.0,0.0029411764705882,0.0029411764705882,0.0,0.038235294117646895,0.0235294117647058,0.0147058823529411,0.0176470588235294,0.0088235294117647,0.0088235294117647,0.0058823529411764,0.0029411764705882,0.0029411764705882,0.0058823529411764,0.0029411764705882,0.0029411764705882,0.0264705882352941,0.0176470588235294,0.0088235294117647,0.0117647058823529,0.0117647058823529,0.0,0.0029411764705882,0.0,0.0029411764705882,0.0088235294117646,0.0029411764705882,0.0058823529411764,0.0647058823529411,0.0647058823529411,0.0,0.0529411764705882,0.0441176470588235,0.0088235294117647,202
2018-05-01,2018,5,212,81,131,3,3,0,7,5,2,0,0,0,8,5,3,2,2,0,0,0,0,0,0,0,2,2,0,3,3,0,0,0,0,10,9,1,5,2,3,0,0,0,0,0,0,0,0,0,0,0,0,1,1,0,0,0,0,13,13,0,5,3,2,0.7765567765567765,0.2967032967032967,0.4798534798534798,0.0109890109890109,0.0109890109890109,0.0,0.0256410256410256,0.0183150183150183,0.0073260073260073,0.0,0.0,0.0,0.0293040293040292,0.0183150183150183,0.0109890109890109,0.0073260073260073,0.0073260073260073,0.0,0.0,0.0,0.0,0.0,0.0,0.0,0.0073260073260073,0.0073260073260073,0.0,0.0109890109890109,0.0109890109890109,0.0,0.0,0.0,0.0,0.0366300366300365,0.0329670329670329,0.0036630036630036,0.0183150183150182,0.0073260073260073,0.0109890109890109,0.0,0.0,0.0,0.0,0.0,0.0,0.0,0.0,0.0,0.0,0.0,0.0,0.0036630036630036,0.0036630036630036,0.0,0.0,0.0,0.0,0.0476190476190476,0.0476190476190476,0.0,0.0183150183150182,0.0109890109890109,0.0073260073260073,128
2018-06-01,2018,6,185,87,98,2,1,1,3,1,2,0,0,0,9,6,3,2,1,1,0,0,0,0,0,0,4,4,0,3,3,0,0,0,0,4,3,1,5,4,1,0,0,0,0,0,0,2,2,0,1,1,0,1,1,0,0,0,0,31,29,2,16,11,5,0.6801470588235293,0.3198529411764705,0.3602941176470588,0.0073529411764704,0.0036764705882352,0.0036764705882352,0.0110294117647057,0.0036764705882352,0.0073529411764705,0.0,0.0,0.0,0.0330882352941175,0.0220588235294117,0.0110294117647058,0.0073529411764704,0.0036764705882352,0.0036764705882352,0.0,0.0,0.0,0.0,0.0,0.0,0.0147058823529411,0.0147058823529411,0.0,0.0110294117647058,0.0110294117647058,0.0,0.0,0.0,0.0,0.014705882352941,0.0110294117647058,0.0036764705882352,0.0183823529411763,0.0147058823529411,0.0036764705882352,0.0,0.0,0.0,0.0,0.0,0.0,0.0073529411764705,0.0073529411764705,0.0,0.0036764705882352,0.0036764705882352,0.0,0.0036764705882352,0.0036764705882352,0.0,0.0,0.0,0.0,0.11397058823529399,0.1066176470588235,0.0073529411764705,0.0588235294117646,0.0404411764705882,0.0183823529411764,154
2018-07-01,2018,7,199,106,93,3,3,0,7,3,4,2,2,0,6,5,1,0,0,0,0,0,0,0,0,0,9,2,7,6,4,2,0,0,0,13,11,2,3,3,0,0,0,0,3,3,0,0,0,0,4,3,1,0,0,0,0,0,0,24,24,0,7,7,0,0.6862068965517241,0.3655172413793103,0.3206896551724137,0.0103448275862068,0.0103448275862068,0.0,0.0241379310344826,0.0103448275862068,0.0137931034482758,0.0068965517241379,0.0068965517241379,0.0,0.0206896551724137,0.0172413793103448,0.0034482758620689,0.0,0.0,0.0,0.0,0.0,0.0,0.0,0.0,0.0,0.0310344827586206,0.0068965517241379,0.0241379310344827,0.0206896551724137,0.0137931034482758,0.0068965517241379,0.0,0.0,0.0,0.0448275862068965,0.0379310344827586,0.0068965517241379,0.0103448275862068,0.0103448275862068,0.0,0.0,0.0,0.0,0.0103448275862068,0.0103448275862068,0.0,0.0,0.0,0.0,0.013793103448275699,0.0103448275862068,0.0034482758620689,0.0,0.0,0.0,0.0,0.0,0.0,0.0827586206896551,0.0827586206896551,0.0,0.0241379310344827,0.0241379310344827,0.0,176
2018-08-01,2018,8,260,120,140,2,2,0,1,1,0,0,0,0,20,13,7,2,2,0,0,0,0,0,0,0,24,13,11,4,4,0,1,1,0,0,0,0,5,4,1,0,0,0,2,2,0,5,4,1,2,2,0,0,0,0,0,0,0,6,5,1,1,1,0,0.7738095238095237,0.3571428571428571,0.4166666666666667,0.0059523809523809,0.0059523809523809,0.0,0.0029761904761904,0.0029761904761904,0.0,0.0,0.0,0.0,0.0595238095238094,0.0386904761904761,0.0208333333333333,0.0059523809523809,0.0059523809523809,0.0,0.0,0.0,0.0,0.0,0.0,0.0,0.0714285714285713,0.0386904761904761,0.0327380952380952,0.0119047619047619,0.0119047619047619,0.0,0.0029761904761904,0.0029761904761904,0.0,0.0,0.0,0.0,0.0148809523809523,0.0119047619047619,0.0029761904761904,0.0,0.0,0.0,0.0059523809523809,0.0059523809523809,0.0,0.0148809523809523,0.0119047619047619,0.0029761904761904,0.0059523809523809,0.0059523809523809,0.0,0.0,0.0,0.0,0.0,0.0,0.0,0.0178571428571427,0.0148809523809523,0.0029761904761904,0.0029761904761904,0.0029761904761904,0.0,173
2018-09-01,2018,9,248,118,130,0,0,0,7,0,7,1,1,0,10,7,3,3,2,1,0,0,0,0,0,0,11,9,2,5,5,0,0,0,0,1,1,0,17,6,11,1,1,0,2,2,0,3,3,0,2,2,0,1,1,0,0,0,0,15,14,1,15,8,7,0.7209302325581395,0.3430232558139535,0.377906976744186,0.0,0.0,0.0,0.0203488372093023,0.0,0.0203488372093023,0.002906976744186,0.002906976744186,0.0,0.0290697674418604,0.0203488372093023,0.0087209302325581,0.008720930232558,0.005813953488372,0.002906976744186,0.0,0.0,0.0,0.0,0.0,0.0,0.0319767441860464,0.0261627906976744,0.005813953488372,0.0145348837209302,0.0145348837209302,0.0,0.0,0.0,0.0,0.002906976744186,0.002906976744186,0.0,0.0494186046511627,0.0174418604651162,0.0319767441860465,0.002906976744186,0.002906976744186,0.0,0.005813953488372,0.005813953488372,0.0,0.0087209302325581,0.0087209302325581,0.0,0.005813953488372,0.005813953488372,0.0,0.002906976744186,0.002906976744186,0.0,0.0,0.0,0.0,0.0436046511627906,0.0406976744186046,0.002906976744186,0.043604651162790595,0.0232558139534883,0.0203488372093023,179
2018-10-01,2018,10,272,114,158,1,1,0,0,0,0,0,0,0,20,12,8,1,1,0,0,0,0,0,0,0,7,4,3,6,6,0,1,1,0,4,4,0,15,12,3,0,0,0,0,0,0,2,0,2,6,4,2,0,0,0,0,0,0,1,1,0,4,4,0,0.8,0.3352941176470588,0.4647058823529412,0.0029411764705882,0.0029411764705882,0.0,0.0,0.0,0.0,0.0,0.0,0.0,0.0588235294117646,0.0352941176470588,0.0235294117647058,0.0029411764705882,0.0029411764705882,0.0,0.0,0.0,0.0,0.0,0.0,0.0,0.0205882352941176,0.0117647058823529,0.0088235294117647,0.0176470588235294,0.0176470588235294,0.0,0.0029411764705882,0.0029411764705882,0.0,0.0117647058823529,0.0117647058823529,0.0,0.044117647058823505,0.0352941176470588,0.0088235294117647,0.0,0.0,0.0,0.0,0.0,0.0,0.0058823529411764,0.0,0.0058823529411764,0.0176470588235293,0.0117647058823529,0.0058823529411764,0.0,0.0,0.0,0.0,0.0,0.0,0.0029411764705882,0.0029411764705882,0.0,0.0117647058823529,0.0117647058823529,0.0,164
2018-11-01,2018,11,229,100,129,2,0,2,1,1,0,0,0,0,11,7,4,2,2,0,2,0,2,0,0,0,3,0,3,6,6,0,1,1,0,8,5,3,3,2,1,0,0,0,5,5,0,7,6,1,1,1,0,4,2,2,0,0,0,15,14,1,15,14,1,0.7089783281733746,0.3095975232198142,0.3993808049535604,0.0061919504643962,0.0,0.0061919504643962,0.0030959752321981,0.0030959752321981,0.0,0.0,0.0,0.0,0.0340557275541794,0.0216718266253869,0.0123839009287925,0.0061919504643962,0.0061919504643962,0.0,0.0061919504643962,0.0,0.0061919504643962,0.0,0.0,0.0,0.0092879256965944,0.0,0.0092879256965944,0.0185758513931888,0.0185758513931888,0.0,0.0030959752321981,0.0030959752321981,0.0,0.0247678018575851,0.0154798761609907,0.0092879256965944,0.0092879256965943,0.0061919504643962,0.0030959752321981,0.0,0.0,0.0,0.0154798761609907,0.0154798761609907,0.0,0.0216718266253869,0.0185758513931888,0.0030959752321981,0.0030959752321981,0.0030959752321981,0.0,0.0123839009287924,0.0061919504643962,0.0061919504643962,0.0,0.0,0.0,0.046439628482972,0.0433436532507739,0.0030959752321981,0.046439628482972,0.0433436532507739,0.0030959752321981,166
2018-12-01,2018,12,194,78,116,0,0,0,4,4,0,0,0,0,10,8,2,2,0,2,1,1,0,0,0,0,5,1,4,3,3,0,0,0,0,3,1,2,8,5,3,3,3,0,3,3,0,2,2,0,1,1,0,2,0,2,0,0,0,14,14,0,11,8,3,0.7238805970149254,0.291044776119403,0.4328358208955223,0.0,0.0,0.0,0.0149253731343283,0.0149253731343283,0.0,0.0,0.0,0.0,0.037313432835820795,0.0298507462686567,0.0074626865671641,0.0074626865671641,0.0,0.0074626865671641,0.003731343283582,0.003731343283582,0.0,0.0,0.0,0.0,0.0186567164179103,0.003731343283582,0.0149253731343283,0.0111940298507462,0.0111940298507462,0.0,0.0,0.0,0.0,0.0111940298507461,0.003731343283582,0.0074626865671641,0.0298507462686566,0.0186567164179104,0.0111940298507462,0.0111940298507462,0.0111940298507462,0.0,0.0111940298507462,0.0111940298507462,0.0,0.0074626865671641,0.0074626865671641,0.0,0.003731343283582,0.003731343283582,0.0,0.0074626865671641,0.0,0.0074626865671641,0.0,0.0,0.0,0.0522388059701492,0.0522388059701492,0.0,0.041044776119402895,0.0298507462686567,0.0111940298507462,132
2019-01-01,2019,1,192,66,126,1,1,0,2,1,1,0,0,0,13,7,6,5,5,0,0,0,0,0,0,0,2,2,0,2,2,0,0,0,0,5,3,2,1,1,0,0,0,0,1,0,1,1,1,0,8,8,0,0,0,0,1,1,0,18,14,4,14,13,1,0.7245283018867924,0.2490566037735849,0.4754716981132075,0.0037735849056603,0.0037735849056603,0.0,0.0075471698113206,0.0037735849056603,0.0037735849056603,0.0,0.0,0.0,0.0490566037735848,0.0264150943396226,0.0226415094339622,0.0188679245283018,0.0188679245283018,0.0,0.0,0.0,0.0,0.0,0.0,0.0,0.0075471698113207,0.0075471698113207,0.0,0.0075471698113207,0.0075471698113207,0.0,0.0,0.0,0.0,0.0188679245283018,0.0113207547169811,0.0075471698113207,0.0037735849056603,0.0037735849056603,0.0,0.0,0.0,0.0,0.0037735849056603,0.0,0.0037735849056603,0.0037735849056603,0.0037735849056603,0.0,0.030188679245283,0.030188679245283,0.0,0.0,0.0,0.0,0.0037735849056603,0.0037735849056603,0.0,0.0679245283018867,0.0528301886792452,0.0150943396226415,0.0528301886792452,0.0490566037735849,0.0037735849056603,124
2019-02-01,2019,2,178,83,95,2,2,0,1,1,0,0,0,0,6,4,2,0,0,0,1,1,0,0,0,0,6,1,5,13,13,0,0,0,0,6,6,0,4,0,4,2,1,1,1,1,0,1,1,0,2,2,0,1,1,0,5,5,0,14,14,0,9,9,0,0.6953125,0.32421875,0.37109375,0.0078125,0.0078125,0.0,0.00390625,0.00390625,0.0,0.0,0.0,0.0,0.0234375,0.015625,0.0078125,0.0,0.0,0.0,0.00390625,0.00390625,0.0,0.0,0.0,0.0,0.0234375,0.00390625,0.01953125,0.05078125,0.05078125,0.0,0.0,0.0,0.0,0.0234375,0.0234375,0.0,0.015625,0.0,0.015625,0.0078125,0.00390625,0.00390625,0.00390625,0.00390625,0.0,0.00390625,0.00390625,0.0,0.0078125,0.0078125,0.0,0.00390625,0.00390625,0.0,0.01953125,0.01953125,0.0,0.0546875,0.0546875,0.0,0.03515625,0.03515625,0.0,145
2019-03-01,2019,3,202,79,123,1,1,0,5,0,5,0,0,0,15,8,7,5,5,0,0,0,0,0,0,0,8,6,2,17,16,1,2,2,0,2,2,0,6,3,3,1,1,0,0,0,0,2,2,0,5,5,0,0,0,0,1,1,0,22,21,1,4,3,1,0.6801346801346801,0.265993265993266,0.4141414141414141,0.0033670033670033,0.0033670033670033,0.0,0.0168350168350168,0.0,0.0168350168350168,0.0,0.0,0.0,0.0505050505050504,0.0269360269360269,0.0235690235690235,0.0168350168350168,0.0168350168350168,0.0,0.0,0.0,0.0,0.0,0.0,0.0,0.0269360269360269,0.0202020202020202,0.0067340067340067,0.0572390572390571,0.0538720538720538,0.0033670033670033,0.0067340067340067,0.0067340067340067,0.0,0.0067340067340067,0.0067340067340067,0.0,0.0202020202020202,0.0101010101010101,0.0101010101010101,0.0033670033670033,0.0033670033670033,0.0,0.0,0.0,0.0,0.0067340067340067,0.0067340067340067,0.0,0.0168350168350168,0.0168350168350168,0.0,0.0,0.0,0.0,0.0033670033670033,0.0033670033670033,0.0,0.074074074074074,0.0707070707070707,0.0033670033670033,0.0134680134680134,0.0101010101010101,0.0033670033670033,153
2019-04-01,2019,4,188,95,93,1,1,0,3,1,2,0,0,0,9,7,2,0,0,0,0,0,0,0,0,0,5,1,4,8,7,1,0,0,0,1,1,0,7,2,5,0,0,0,0,0,0,5,3,2,2,2,0,0,0,0,0,0,0,19,19,0,17,17,0,0.7014925373134328,0.3544776119402985,0.3470149253731343,0.003731343283582,0.003731343283582,0.0,0.0111940298507461,0.003731343283582,0.0074626865671641,0.0,0.0,0.0,0.0335820895522387,0.0261194029850746,0.0074626865671641,0.0,0.0,0.0,0.0,0.0,0.0,0.0,0.0,0.0,0.0186567164179103,0.003731343283582,0.0149253731343283,0.0298507462686566,0.0261194029850746,0.003731343283582,0.0,0.0,0.0,0.003731343283582,0.003731343283582,0.0,0.0261194029850745,0.0074626865671641,0.0186567164179104,0.0,0.0,0.0,0.0,0.0,0.0,0.0186567164179103,0.0111940298507462,0.0074626865671641,0.0074626865671641,0.0074626865671641,0.0,0.0,0.0,0.0,0.0,0.0,0.0,0.0708955223880597,0.0708955223880597,0.0,0.0634328358208955,0.0634328358208955,0.0,156
2019-05-01,2019,5,269,130,139,3,3,0,2,1,1,0,0,0,17,10,7,1,1,0,1,1,0,0,0,0,26,17,9,2,2,0,1,1,0,13,11,2,7,4,3,0,0,0,0,0,0,8,7,1,1,1,0,1,0,1,1,1,0,43,42,1,22,21,1,0.6285046728971962,0.3037383177570093,0.3247663551401869,0.0070093457943925,0.0070093457943925,0.0,0.0046728971962616,0.0023364485981308,0.0023364485981308,0.0,0.0,0.0,0.0397196261682242,0.0233644859813084,0.0163551401869158,0.0023364485981308,0.0023364485981308,0.0,0.0023364485981308,0.0023364485981308,0.0,0.0,0.0,0.0,0.06074766355140179,0.0397196261682243,0.0210280373831775,0.0046728971962616,0.0046728971962616,0.0,0.0023364485981308,0.0023364485981308,0.0,0.0303738317757008,0.0257009345794392,0.0046728971962616,0.0163551401869158,0.0093457943925233,0.0070093457943925,0.0,0.0,0.0,0.0,0.0,0.0,0.0186915887850466,0.0163551401869158,0.0023364485981308,0.0023364485981308,0.0023364485981308,0.0,0.0023364485981308,0.0,0.0023364485981308,0.0023364485981308,0.0023364485981308,0.0,0.1004672897196261,0.0981308411214953,0.0023364485981308,0.0514018691588784,0.0490654205607476,0.0023364485981308,252
2019-06-01,2019,6,339,129,210,1,1,0,2,0,2,0,0,0,24,17,7,3,2,1,0,0,0,0,0,0,2,1,1,15,10,5,0,0,0,0,0,0,27,18,9,2,2,0,1,1,0,4,3,1,7,7,0,0,0,0,1,1,0,29,29,0,15,13,2,0.7182203389830508,0.2733050847457627,0.4449152542372881,0.0021186440677966,0.0021186440677966,0.0,0.0042372881355932,0.0,0.0042372881355932,0.0,0.0,0.0,0.050847457627118495,0.0360169491525423,0.0148305084745762,0.0063559322033898006,0.0042372881355932,0.0021186440677966,0.0,0.0,0.0,0.0,0.0,0.0,0.0042372881355932,0.0021186440677966,0.0021186440677966,0.0317796610169491,0.0211864406779661,0.010593220338983,0.0,0.0,0.0,0.0,0.0,0.0,0.0572033898305083,0.0381355932203389,0.0190677966101694,0.0042372881355932,0.0042372881355932,0.0,0.0021186440677966,0.0021186440677966,0.0,0.0084745762711864,0.0063559322033898,0.0021186440677966,0.0148305084745762,0.0148305084745762,0.0,0.0,0.0,0.0,0.0021186440677966,0.0021186440677966,0.0,0.0614406779661017,0.0614406779661017,0.0,0.0317796610169491,0.0275423728813559,0.0042372881355932,232
2019-07-01,2019,7,410,191,219,3,2,1,2,0,2,0,0,0,41,28,13,2,2,0,0,0,0,0,0,0,6,2,4,16,14,2,0,0,0,7,6,1,6,2,4,0,0,0,1,1,0,1,1,0,1,1,0,0,0,0,0,0,0,15,15,0,9,7,2,0.7765151515151515,0.3617424242424242,0.4147727272727273,0.005681818181818,0.0037878787878787,0.0018939393939393,0.0037878787878787,0.0,0.0037878787878787,0.0,0.0,0.0,0.0776515151515151,0.053030303030303,0.0246212121212121,0.0037878787878787,0.0037878787878787,0.0,0.0,0.0,0.0,0.0,0.0,0.0,0.0113636363636362,0.0037878787878787,0.0075757575757575,0.0303030303030302,0.0265151515151515,0.0037878787878787,0.0,0.0,0.0,0.0132575757575756,0.0113636363636363,0.0018939393939393,0.0113636363636362,0.0037878787878787,0.0075757575757575,0.0,0.0,0.0,0.0018939393939393,0.0018939393939393,0.0,0.0018939393939393,0.0018939393939393,0.0,0.0018939393939393,0.0018939393939393,0.0,0.0,0.0,0.0,0.0,0.0,0.0,0.0284090909090909,0.0284090909090909,0.0,0.017045454545454402,0.0132575757575757,0.0037878787878787,272
2019-08-01,2019,8,317,131,186,5,3,2,3,1,2,0,0,0,16,9,7,8,8,0,2,0,2,0,0,0,5,2,3,15,13,2,0,0,0,2,2,0,2,1,1,3,3,0,2,0,2,5,2,3,2,2,0,0,0,0,2,1,1,12,12,0,5,5,0,0.7846534653465347,0.3242574257425742,0.4603960396039604,0.0123762376237623,0.0074257425742574,0.0049504950495049,0.0074257425742573005,0.0024752475247524,0.0049504950495049,0.0,0.0,0.0,0.0396039603960395,0.0222772277227722,0.0173267326732673,0.0198019801980198,0.0198019801980198,0.0,0.0049504950495049,0.0,0.0049504950495049,0.0,0.0,0.0,0.0123762376237623,0.0049504950495049,0.0074257425742574,0.037128712871287,0.0321782178217821,0.0049504950495049,0.0,0.0,0.0,0.0049504950495049,0.0049504950495049,0.0,0.0049504950495048,0.0024752475247524,0.0024752475247524,0.0074257425742574,0.0074257425742574,0.0,0.0049504950495049,0.0,0.0049504950495049,0.0123762376237623,0.0049504950495049,0.0074257425742574,0.0049504950495049,0.0049504950495049,0.0,0.0,0.0,0.0,0.0049504950495048,0.0024752475247524,0.0024752475247524,0.0297029702970297,0.0297029702970297,0.0,0.0123762376237623,0.0123762376237623,0.0,193
2019-09-01,2019,9,308,145,163,2,1,1,1,0,1,0,0,0,24,14,10,1,1,0,0,0,0,0,0,0,18,10,8,8,8,0,0,0,0,1,1,0,5,1,4,2,2,0,2,2,0,3,3,0,1,1,0,0,0,0,0,0,0,4,4,0,6,6,0,0.7958656330749353,0.3746770025839793,0.421188630490956,0.0051679586563306,0.0025839793281653,0.0025839793281653,0.0025839793281653,0.0,0.0025839793281653,0.0,0.0,0.0,0.0620155038759689,0.0361757105943152,0.0258397932816537,0.0025839793281653,0.0025839793281653,0.0,0.0,0.0,0.0,0.0,0.0,0.0,0.0465116279069767,0.0258397932816537,0.020671834625323,0.020671834625323,0.020671834625323,0.0,0.0,0.0,0.0,0.0025839793281653,0.0025839793281653,0.0,0.0129198966408268,0.0025839793281653,0.0103359173126615,0.0051679586563307,0.0051679586563307,0.0,0.0051679586563307,0.0051679586563307,0.0,0.0077519379844961,0.0077519379844961,0.0,0.0025839793281653,0.0025839793281653,0.0,0.0,0.0,0.0,0.0,0.0,0.0,0.0103359173126615,0.0103359173126615,0.0,0.0155038759689922,0.0155038759689922,0.0,199
2019-10-01,2019,10,322,158,164,1,1,0,2,1,1,0,0,0,31,18,13,1,0,1,0,0,0,0,0,0,11,6,5,11,11,0,2,2,0,5,5,0,15,6,9,0,0,0,3,3,0,0,0,0,0,0,0,1,1,0,0,0,0,23,23,0,8,8,0,0.7368421052631577,0.3615560640732265,0.3752860411899313,0.0022883295194508,0.0022883295194508,0.0,0.0045766590389016,0.0022883295194508,0.0022883295194508,0.0,0.0,0.0,0.0709382151029748,0.0411899313501144,0.0297482837528604,0.0022883295194508,0.0,0.0022883295194508,0.0,0.0,0.0,0.0,0.0,0.0,0.0251716247139588,0.0137299771167048,0.011441647597254,0.0251716247139588,0.0251716247139588,0.0,0.0045766590389016,0.0045766590389016,0.0,0.011441647597254,0.011441647597254,0.0,0.034324942791762,0.0137299771167048,0.0205949656750572,0.0,0.0,0.0,0.0068649885583524,0.0068649885583524,0.0,0.0,0.0,0.0,0.0,0.0,0.0,0.0022883295194508,0.0022883295194508,0.0,0.0,0.0,0.0,0.0526315789473684,0.0526315789473684,0.0,0.0183066361556064,0.0183066361556064,0.0,243
2019-11-01,2019,11,306,141,165,0,0,0,6,4,2,1,1,0,32,20,12,0,0,0,0,0,0,0,0,0,6,5,1,3,3,0,0,0,0,4,3,1,11,6,5,0,0,0,5,4,1,1,1,0,4,4,0,0,0,0,0,0,0,37,37,0,8,8,0,0.7116279069767442,0.327906976744186,0.3837209302325581,0.0,0.0,0.0,0.0139534883720929,0.0093023255813953,0.0046511627906976,0.0023255813953488,0.0023255813953488,0.0,0.0744186046511627,0.0465116279069767,0.027906976744186,0.0,0.0,0.0,0.0,0.0,0.0,0.0,0.0,0.0,0.013953488372092898,0.0116279069767441,0.0023255813953488,0.0069767441860465,0.0069767441860465,0.0,0.0,0.0,0.0,0.0093023255813953,0.0069767441860465,0.0023255813953488,0.025581395348837098,0.013953488372093,0.0116279069767441,0.0,0.0,0.0,0.0116279069767441,0.0093023255813953,0.0023255813953488,0.0023255813953488,0.0023255813953488,0.0,0.0093023255813953,0.0093023255813953,0.0,0.0,0.0,0.0,0.0,0.0,0.0,0.0860465116279069,0.0860465116279069,0.0,0.0186046511627906,0.0186046511627906,0.0,237
2019-12-01,2019,12,373,229,144,2,1,1,3,1,2,1,1,0,22,18,4,2,2,0,0,0,0,0,0,0,5,3,2,6,6,0,1,1,0,2,1,1,13,9,4,1,1,0,6,6,0,6,5,1,1,1,0,0,0,0,1,1,0,86,86,0,21,20,1,0.6532399299474606,0.4010507880910683,0.2521891418563923,0.0035026269702276,0.0017513134851138,0.0017513134851138,0.0052539404553414,0.0017513134851138,0.0035026269702276,0.0017513134851138,0.0017513134851138,0.0,0.0385288966725043,0.031523642732049,0.0070052539404553,0.0035026269702276,0.0035026269702276,0.0,0.0,0.0,0.0,0.0,0.0,0.0,0.0087565674255691,0.0052539404553415,0.0035026269702276,0.010507880910683,0.010507880910683,0.0,0.0017513134851138,0.0017513134851138,0.0,0.0035026269702276,0.0017513134851138,0.0017513134851138,0.0227670753064798,0.0157618213660245,0.0070052539404553,0.0017513134851138,0.0017513134851138,0.0,0.010507880910683,0.010507880910683,0.0,0.010507880910682901,0.0087565674255691,0.0017513134851138,0.0017513134851138,0.0017513134851138,0.0,0.0,0.0,0.0,0.0017513134851138,0.0017513134851138,0.0,0.1506129597197898,0.1506129597197898,0.0,0.0367775831873905,0.0350262697022767,0.0017513134851138,391
2020-01-01,2020,1,356,194,162,1,1,0,5,3,2,0,0,0,28,23,5,2,2,0,0,0,0,0,0,0,2,2,0,1,1,0,1,1,0,2,2,0,2,2,0,0,0,0,12,12,0,7,3,4,4,3,1,0,0,0,0,0,0,41,40,1,14,13,1,0.7370600414078674,0.4016563146997929,0.3354037267080745,0.0020703933747412,0.0020703933747412,0.0,0.010351966873706,0.0062111801242236,0.0041407867494824,0.0,0.0,0.0,0.0579710144927536,0.0476190476190476,0.010351966873706,0.0041407867494824,0.0041407867494824,0.0,0.0,0.0,0.0,0.0,0.0,0.0,0.0041407867494824,0.0041407867494824,0.0,0.0020703933747412,0.0020703933747412,0.0,0.0020703933747412,0.0020703933747412,0.0,0.0041407867494824,0.0041407867494824,0.0,0.0041407867494824,0.0041407867494824,0.0,0.0,0.0,0.0,0.0248447204968944,0.0248447204968944,0.0,0.0144927536231884,0.0062111801242236,0.0082815734989648,0.0082815734989648,0.0062111801242236,0.0020703933747412,0.0,0.0,0.0,0.0,0.0,0.0,0.0848861283643892,0.082815734989648,0.0020703933747412,0.0289855072463768,0.0269151138716356,0.0020703933747412,301
2020-02-01,2020,2,298,142,156,0,0,0,3,2,1,0,0,0,16,15,1,5,5,0,1,1,0,0,0,0,14,7,7,10,10,0,1,1,0,6,4,2,3,0,3,1,0,1,16,16,0,2,0,2,2,2,0,2,2,0,2,2,0,27,26,1,7,6,1,0.7095238095238094,0.3380952380952381,0.3714285714285714,0.0,0.0,0.0,0.0071428571428569995,0.0047619047619047,0.0023809523809523,0.0,0.0,0.0,0.038095238095238,0.0357142857142857,0.0023809523809523,0.0119047619047619,0.0119047619047619,0.0,0.0023809523809523,0.0023809523809523,0.0,0.0,0.0,0.0,0.0333333333333332,0.0166666666666666,0.0166666666666666,0.0238095238095238,0.0238095238095238,0.0,0.0023809523809523,0.0023809523809523,0.0,0.0142857142857142,0.0095238095238095,0.0047619047619047,0.0071428571428571,0.0,0.0071428571428571,0.0023809523809523,0.0,0.0023809523809523,0.0380952380952381,0.0380952380952381,0.0,0.0047619047619047,0.0,0.0047619047619047,0.0047619047619047,0.0047619047619047,0.0,0.0047619047619047,0.0047619047619047,0.0,0.0047619047619047,0.0047619047619047,0.0,0.0642857142857142,0.0619047619047619,0.0023809523809523,0.0166666666666665,0.0142857142857142,0.0023809523809523,241
2020-03-01,2020,3,368,157,211,1,1,0,8,7,1,0,0,0,23,14,9,5,4,1,0,0,0,0,0,0,65,5,60,12,10,2,0,0,0,7,6,1,2,1,1,4,4,0,8,8,0,6,5,1,0,0,0,0,0,0,1,1,0,31,31,0,6,6,0,0.6703096539162113,0.2859744990892532,0.3843351548269581,0.0018214936247723,0.0018214936247723,0.0,0.0145719489981784,0.0127504553734061,0.0018214936247723,0.0,0.0,0.0,0.041894353369763104,0.0255009107468123,0.0163934426229508,0.0091074681238615,0.0072859744990892,0.0018214936247723,0.0,0.0,0.0,0.0,0.0,0.0,0.11839708561020029,0.0091074681238615,0.1092896174863388,0.0218579234972677,0.0182149362477231,0.0036429872495446,0.0,0.0,0.0,0.0127504553734061,0.0109289617486338,0.0018214936247723,0.0036429872495446,0.0018214936247723,0.0018214936247723,0.0072859744990892,0.0072859744990892,0.0,0.0145719489981785,0.0145719489981785,0.0,0.0109289617486338,0.0091074681238615,0.0018214936247723,0.0,0.0,0.0,0.0,0.0,0.0,0.0018214936247723,0.0018214936247723,0.0,0.0564663023679417,0.0564663023679417,0.0,0.0109289617486338,0.0109289617486338,0.0,259
2020-04-01,2020,4,315,122,193,0,0,0,7,4,3,1,1,0,11,7,4,3,3,0,0,0,0,1,1,0,76,5,71,7,7,0,1,1,0,7,6,1,9,7,2,3,0,3,2,1,1,3,3,0,0,0,0,0,0,0,1,1,0,16,16,0,7,7,0,0.673076923076923,0.2606837606837607,0.4123931623931623,0.0,0.0,0.0,0.014957264957264899,0.0085470085470085,0.0064102564102564,0.0021367521367521,0.0021367521367521,0.0,0.0235042735042734,0.0149572649572649,0.0085470085470085,0.0064102564102564,0.0064102564102564,0.0,0.0,0.0,0.0,0.0021367521367521,0.0021367521367521,0.0,0.1623931623931623,0.0106837606837606,0.1517094017094017,0.0149572649572649,0.0149572649572649,0.0,0.0021367521367521,0.0021367521367521,0.0,0.014957264957264899,0.0128205128205128,0.0021367521367521,0.0192307692307691,0.0149572649572649,0.0042735042735042,0.0064102564102564,0.0,0.0064102564102564,0.0042735042735042,0.0021367521367521,0.0021367521367521,0.0064102564102564,0.0064102564102564,0.0,0.0,0.0,0.0,0.0,0.0,0.0,0.0021367521367521,0.0021367521367521,0.0,0.0341880341880341,0.0341880341880341,0.0,0.0149572649572649,0.0149572649572649,0.0,189
2020-05-01,2020,5,411,129,282,1,0,1,8,3,5,0,0,0,15,9,6,3,3,0,2,2,0,1,1,0,63,5,58,8,7,1,1,1,0,8,6,2,32,24,8,7,6,1,3,2,1,1,0,1,2,2,0,0,0,0,1,1,0,32,31,1,16,16,0,0.6682926829268293,0.2097560975609756,0.4585365853658537,0.0016260162601626,0.0,0.0016260162601626,0.013008130081300799,0.0048780487804878,0.008130081300813,0.0,0.0,0.0,0.024390243902438997,0.0146341463414634,0.0097560975609756,0.0048780487804878,0.0048780487804878,0.0,0.0032520325203252,0.0032520325203252,0.0,0.0016260162601626,0.0016260162601626,0.0,0.1024390243902439,0.008130081300813,0.0943089430894309,0.0130081300813008,0.0113821138211382,0.0016260162601626,0.0016260162601626,0.0016260162601626,0.0,0.013008130081300799,0.0097560975609756,0.0032520325203252,0.052032520325203196,0.0390243902439024,0.0130081300813008,0.0113821138211382,0.0097560975609756,0.0016260162601626,0.0048780487804878005,0.0032520325203252,0.0016260162601626,0.0016260162601626,0.0,0.0016260162601626,0.0032520325203252,0.0032520325203252,0.0,0.0,0.0,0.0,0.0016260162601626,0.0016260162601626,0.0,0.0520325203252032,0.0504065040650406,0.0016260162601626,0.0260162601626016,0.0260162601626016,0.0,245
2020-06-01,2020,6,419,181,238,6,3,3,5,2,3,1,1,0,28,16,12,7,6,1,0,0,0,4,4,0,41,5,36,24,21,3,7,7,0,21,19,2,20,15,5,5,3,2,2,2,0,1,1,0,10,7,3,0,0,0,0,0,0,28,27,1,11,10,1,0.6608832807570978,0.2854889589905363,0.3753943217665615,0.0094637223974762,0.0047318611987381,0.0047318611987381,0.0078864353312302,0.0031545741324921,0.0047318611987381,0.001577287066246,0.001577287066246,0.0,0.044164037854889496,0.0252365930599369,0.0189274447949526,0.0110410094637223,0.0094637223974763,0.001577287066246,0.0,0.0,0.0,0.0063091482649842,0.0063091482649842,0.0,0.0646687697160882,0.0078864353312302,0.056782334384858,0.0378548895899052,0.0331230283911671,0.0047318611987381,0.0110410094637223,0.0110410094637223,0.0,0.0331230283911671,0.029968454258675,0.0031545741324921,0.031545741324920995,0.0236593059936908,0.0078864353312302,0.0078864353312302,0.0047318611987381,0.0031545741324921,0.0031545741324921,0.0031545741324921,0.0,0.001577287066246,0.001577287066246,0.0,0.0157728706624604,0.0110410094637223,0.0047318611987381,0.0,0.0,0.0,0.0,0.0,0.0,0.044164037854889496,0.0425867507886435,0.001577287066246,0.0173501577287065,0.0157728706624605,0.001577287066246,322
2020-07-01,2020,7,390,180,210,1,0,1,5,1,4,1,1,0,34,22,12,5,5,0,0,0,0,4,4,0,28,4,24,33,33,0,6,6,0,9,8,1,5,3,2,4,2,2,2,2,0,1,1,0,3,3,0,0,0,0,1,0,1,14,8,6,1,1,0,0.718232044198895,0.3314917127071823,0.3867403314917127,0.001841620626151,0.0,0.001841620626151,0.009208103130755,0.001841620626151,0.007366482504604,0.001841620626151,0.001841620626151,0.0,0.0626151012891343,0.0405156537753222,0.0220994475138121,0.009208103130755,0.009208103130755,0.0,0.0,0.0,0.0,0.007366482504604,0.007366482504604,0.0,0.0515653775322283,0.007366482504604,0.0441988950276243,0.0607734806629834,0.0607734806629834,0.0,0.011049723756906,0.011049723756906,0.0,0.0165745856353591,0.0147329650092081,0.001841620626151,0.009208103130755,0.005524861878453,0.003683241252302,0.007366482504604,0.003683241252302,0.003683241252302,0.003683241252302,0.003683241252302,0.0,0.001841620626151,0.001841620626151,0.0,0.005524861878453,0.005524861878453,0.0,0.0,0.0,0.0,0.001841620626151,0.0,0.001841620626151,0.0257826887661141,0.0147329650092081,0.011049723756906,0.001841620626151,0.001841620626151,0.0,278
2020-08-01,2020,8,370,191,179,5,4,1,6,3,3,0,0,0,17,13,4,6,6,0,9,9,0,0,0,0,45,26,19,35,32,3,5,5,0,18,16,2,5,2,3,6,6,0,4,4,0,3,3,0,0,0,0,1,1,0,2,1,1,72,70,2,25,22,3,0.5572289156626506,0.2876506024096386,0.269578313253012,0.0075301204819276,0.0060240963855421,0.0015060240963855,0.0090361445783132,0.0045180722891566,0.0045180722891566,0.0,0.0,0.0,0.025602409638554098,0.019578313253012,0.0060240963855421,0.0090361445783132,0.0090361445783132,0.0,0.0135542168674698,0.0135542168674698,0.0,0.0,0.0,0.0,0.0677710843373494,0.0391566265060241,0.0286144578313253,0.0527108433734939,0.0481927710843373,0.0045180722891566,0.0075301204819277,0.0075301204819277,0.0,0.0271084337349396,0.0240963855421686,0.003012048192771,0.0075301204819276,0.003012048192771,0.0045180722891566,0.0090361445783132,0.0090361445783132,0.0,0.0060240963855421,0.0060240963855421,0.0,0.0045180722891566,0.0045180722891566,0.0,0.0,0.0,0.0,0.0015060240963855,0.0015060240963855,0.0,0.003012048192771,0.0015060240963855,0.0015060240963855,0.1084337349397589,0.1054216867469879,0.003012048192771,0.0376506024096385,0.0331325301204819,0.0045180722891566,414
2020-09-01,2020,9,348,185,163,2,2,0,3,2,1,0,0,0,25,18,7,5,5,0,1,1,0,0,0,0,42,24,18,47,45,2,7,7,0,9,9,0,5,2,3,1,1,0,0,0,0,4,3,1,3,3,0,0,0,0,1,1,0,29,29,0,8,7,1,0.6444444444444444,0.3425925925925926,0.3018518518518518,0.0037037037037037,0.0037037037037037,0.0,0.0055555555555555,0.0037037037037037,0.0018518518518518,0.0,0.0,0.0,0.0462962962962962,0.0333333333333333,0.0129629629629629,0.0092592592592592,0.0092592592592592,0.0,0.0018518518518518,0.0018518518518518,0.0,0.0,0.0,0.0,0.0777777777777777,0.0444444444444444,0.0333333333333333,0.087037037037037,0.0833333333333333,0.0037037037037037,0.0129629629629629,0.0129629629629629,0.0,0.0166666666666666,0.0166666666666666,0.0,0.0092592592592592,0.0037037037037037,0.0055555555555555,0.0018518518518518,0.0018518518518518,0.0,0.0,0.0,0.0,0.0074074074074073,0.0055555555555555,0.0018518518518518,0.0055555555555555,0.0055555555555555,0.0,0.0,0.0,0.0,0.0018518518518518,0.0018518518518518,0.0,0.0537037037037037,0.0537037037037037,0.0,0.014814814814814701,0.0129629629629629,0.0018518518518518,341
2020-10-01,2020,10,351,179,172,3,2,1,2,2,0,0,0,0,40,27,13,0,0,0,3,3,0,0,0,0,11,4,7,32,32,0,6,6,0,1,0,1,9,4,5,4,4,0,0,0,0,6,2,4,1,1,0,2,2,0,0,0,0,4,4,0,33,27,6,0.6895874263261297,0.3516699410609037,0.3379174852652259,0.0058939096267189,0.0039292730844793,0.0019646365422396,0.0039292730844793,0.0039292730844793,0.0,0.0,0.0,0.0,0.07858546168958741,0.0530451866404715,0.0255402750491159,0.0,0.0,0.0,0.005893909626719,0.005893909626719,0.0,0.0,0.0,0.0,0.0216110019646365,0.0078585461689587,0.0137524557956778,0.0628683693516699,0.0628683693516699,0.0,0.0117878192534381,0.0117878192534381,0.0,0.0019646365422396,0.0,0.0019646365422396,0.0176817288801571,0.0078585461689587,0.0098231827111984,0.0078585461689587,0.0078585461689587,0.0,0.0,0.0,0.0,0.011787819253438001,0.0039292730844793,0.0078585461689587,0.0019646365422396,0.0019646365422396,0.0,0.0039292730844793,0.0039292730844793,0.0,0.0,0.0,0.0,0.0078585461689587,0.0078585461689587,0.0,0.0648330058939096,0.0530451866404715,0.0117878192534381,299
2020-11-01,2020,11,298,177,121,4,3,1,3,2,1,0,0,0,28,22,6,6,4,2,3,3,0,0,0,0,10,3,7,57,55,2,5,5,0,13,10,3,8,3,5,5,5,0,1,1,0,0,0,0,1,1,0,0,0,0,0,0,0,4,4,0,4,2,2,0.6651785714285714,0.3950892857142857,0.2700892857142857,0.0089285714285713,0.0066964285714285,0.0022321428571428,0.006696428571428501,0.0044642857142857,0.0022321428571428,0.0,0.0,0.0,0.0624999999999999,0.0491071428571428,0.0133928571428571,0.0133928571428571,0.0089285714285714,0.0044642857142857,0.0066964285714285,0.0066964285714285,0.0,0.0,0.0,0.0,0.0223214285714285,0.0066964285714285,0.015625,0.1272321428571428,0.1227678571428571,0.0044642857142857,0.0111607142857142,0.0111607142857142,0.0,0.029017857142856998,0.0223214285714285,0.0066964285714285,0.0178571428571427,0.0066964285714285,0.0111607142857142,0.0111607142857142,0.0111607142857142,0.0,0.0022321428571428,0.0022321428571428,0.0,0.0,0.0,0.0,0.0022321428571428,0.0022321428571428,0.0,0.0,0.0,0.0,0.0,0.0,0.0,0.0089285714285714,0.0089285714285714,0.0,0.0089285714285714,0.0044642857142857,0.0044642857142857,299
2020-12-01,2020,12,331,171,160,2,0,2,2,1,1,1,1,0,25,20,5,3,3,0,10,10,0,0,0,0,13,4,9,142,141,1,6,6,0,8,5,3,4,3,1,3,1,2,2,2,0,0,0,0,5,5,0,0,0,0,3,2,1,22,22,0,9,9,0,0.5544388609715243,0.2864321608040201,0.2680067001675041,0.0033500837520938,0.0,0.0033500837520938,0.0033500837520938,0.0016750418760469,0.0016750418760469,0.0016750418760469,0.0016750418760469,0.0,0.0418760469011725,0.033500837520938,0.0083752093802345,0.0050251256281407,0.0050251256281407,0.0,0.016750418760469,0.016750418760469,0.0,0.0,0.0,0.0,0.0217755443886097,0.0067001675041876,0.0150753768844221,0.2378559463986599,0.236180904522613,0.0016750418760469,0.0100502512562814,0.0100502512562814,0.0,0.0134003350083752,0.0083752093802345,0.0050251256281407,0.0067001675041876,0.0050251256281407,0.0016750418760469,0.005025125628140699,0.0016750418760469,0.0033500837520938,0.0033500837520938,0.0033500837520938,0.0,0.0,0.0,0.0,0.0083752093802345,0.0083752093802345,0.0,0.0,0.0,0.0,0.005025125628140699,0.0033500837520938,0.0016750418760469,0.0368509212730318,0.0368509212730318,0.0,0.0150753768844221,0.0150753768844221,0.0,406
2021-01-01,2021,1,327,149,178,0,0,0,6,1,5,1,1,0,17,10,7,3,3,0,5,5,0,0,0,0,11,2,9,57,57,0,9,9,0,17,14,3,5,2,3,6,3,3,1,1,0,2,1,1,2,2,0,0,0,0,1,1,0,64,64,0,16,15,1,0.5923913043478259,0.269927536231884,0.322463768115942,0.0,0.0,0.0,0.0108695652173912,0.0018115942028985,0.0090579710144927,0.0018115942028985,0.0018115942028985,0.0,0.0307971014492753,0.0181159420289855,0.0126811594202898,0.0054347826086956,0.0054347826086956,0.0,0.0090579710144927,0.0090579710144927,0.0,0.0,0.0,0.0,0.019927536231884,0.0036231884057971,0.0163043478260869,0.1032608695652173,0.1032608695652173,0.0,0.0163043478260869,0.0163043478260869,0.0,0.0307971014492753,0.0253623188405797,0.0054347826086956,0.0090579710144927,0.0036231884057971,0.0054347826086956,0.0108695652173912,0.0054347826086956,0.0054347826086956,0.0018115942028985,0.0018115942028985,0.0,0.003623188405797,0.0018115942028985,0.0018115942028985,0.0036231884057971,0.0036231884057971,0.0,0.0,0.0,0.0,0.0018115942028985,0.0018115942028985,0.0,0.1159420289855072,0.1159420289855072,0.0,0.0289855072463767,0.0271739130434782,0.0018115942028985,338
2021-02-01,2021,2,331,185,146,4,4,0,7,4,3,4,3,1,30,21,9,4,2,2,1,1,0,0,0,0,13,6,7,166,165,1,10,10,0,11,7,4,2,1,1,2,1,1,11,11,0,6,6,0,1,1,0,0,0,0,1,1,0,28,27,1,48,44,4,0.4825072886297376,0.2696793002915452,0.2128279883381924,0.0058309037900874,0.0058309037900874,0.0,0.010204081632652899,0.0058309037900874,0.0043731778425655,0.0058309037900872995,0.0043731778425655,0.0014577259475218,0.0437317784256558,0.0306122448979591,0.0131195335276967,0.0058309037900874,0.0029154518950437,0.0029154518950437,0.0014577259475218,0.0014577259475218,0.0,0.0,0.0,0.0,0.018950437317784098,0.0087463556851311,0.010204081632653,0.2419825072886296,0.2405247813411078,0.0014577259475218,0.0145772594752186,0.0145772594752186,0.0,0.0160349854227404,0.010204081632653,0.0058309037900874,0.0029154518950436,0.0014577259475218,0.0014577259475218,0.0029154518950436,0.0014577259475218,0.0014577259475218,0.0160349854227405,0.0160349854227405,0.0,0.0087463556851311,0.0087463556851311,0.0,0.0014577259475218,0.0014577259475218,0.0,0.0,0.0,0.0,0.0014577259475218,0.0014577259475218,0.0,0.040816326530612096,0.0393586005830903,0.0014577259475218,0.0699708454810495,0.0641399416909621,0.0058309037900874,500
2021-03-01,2021,3,355,196,159,3,2,1,7,6,1,3,3,0,22,17,5,1,1,0,18,18,0,1,1,0,3,1,2,43,43,0,10,10,0,12,12,0,10,5,5,1,1,0,2,2,0,6,6,0,0,0,0,0,0,0,2,2,0,67,65,2,20,19,1,0.6058020477815699,0.3344709897610921,0.2713310580204778,0.005119453924914599,0.0034129692832764,0.0017064846416382,0.0119453924914675,0.0102389078498293,0.0017064846416382,0.0051194539249146,0.0051194539249146,0.0,0.037542662116040904,0.0290102389078498,0.0085324232081911,0.0017064846416382,0.0017064846416382,0.0,0.030716723549488,0.030716723549488,0.0,0.0017064846416382,0.0017064846416382,0.0,0.005119453924914599,0.0017064846416382,0.0034129692832764,0.0733788395904436,0.0733788395904436,0.0,0.0170648464163822,0.0170648464163822,0.0,0.0204778156996587,0.0204778156996587,0.0,0.0170648464163822,0.0085324232081911,0.0085324232081911,0.0017064846416382,0.0017064846416382,0.0,0.0034129692832764,0.0034129692832764,0.0,0.0102389078498293,0.0102389078498293,0.0,0.0,0.0,0.0,0.0,0.0,0.0,0.0034129692832764,0.0034129692832764,0.0,0.114334470989761,0.1109215017064846,0.0034129692832764,0.0341296928327644,0.0324232081911262,0.0017064846416382,408
2021-04-01,2021,4,438,251,187,3,3,0,8,6,2,2,2,0,25,22,3,4,3,1,12,12,0,1,1,0,30,7,23,9,8,1,2,2,0,9,8,1,6,6,0,2,1,1,2,2,0,0,0,0,2,2,0,0,0,0,3,3,0,17,17,0,15,15,0,0.746166950596252,0.4275979557069846,0.3185689948892675,0.0051107325383304,0.0051107325383304,0.0,0.0136286201022145,0.0102214650766609,0.0034071550255536,0.0034071550255536,0.0034071550255536,0.0,0.0425894378194206,0.0374787052810902,0.0051107325383304,0.0068143100511072,0.0051107325383304,0.0017035775127768,0.0204429301533219,0.0204429301533219,0.0,0.0017035775127768,0.0017035775127768,0.0,0.051107325383304904,0.0119250425894378,0.0391822827938671,0.0153321976149914,0.0136286201022146,0.0017035775127768,0.0034071550255536,0.0034071550255536,0.0,0.0153321976149914,0.0136286201022146,0.0017035775127768,0.0102214650766609,0.0102214650766609,0.0,0.0034071550255536,0.0017035775127768,0.0017035775127768,0.0034071550255536,0.0034071550255536,0.0,0.0,0.0,0.0,0.0034071550255536,0.0034071550255536,0.0,0.0,0.0,0.0,0.0051107325383304,0.0051107325383304,0.0,0.0289608177172061,0.0289608177172061,0.0,0.0255536626916524,0.0255536626916524,0.0,369
2021-05-01,2021,5,318,143,175,1,1,0,2,0,2,0,0,0,26,16,10,2,2,0,6,5,1,1,1,0,15,5,10,9,7,2,1,1,0,6,4,2,8,1,7,2,1,1,1,1,0,2,2,0,4,4,0,0,0,0,0,0,0,37,37,0,33,33,0,0.6723044397463003,0.3023255813953488,0.3699788583509514,0.0021141649048625,0.0021141649048625,0.0,0.0042283298097251,0.0,0.0042283298097251,0.0,0.0,0.0,0.0549682875264269,0.0338266384778012,0.0211416490486257,0.0042283298097251,0.0042283298097251,0.0,0.0126849894291753,0.0105708245243128,0.0021141649048625,0.0021141649048625,0.0021141649048625,0.0,0.0317124735729385,0.0105708245243128,0.0211416490486257,0.0190274841437631,0.014799154334038,0.0042283298097251,0.0021141649048625,0.0021141649048625,0.0,0.0126849894291754,0.0084566596194503,0.0042283298097251,0.0169133192389005,0.0021141649048625,0.014799154334038,0.004228329809725,0.0021141649048625,0.0021141649048625,0.0021141649048625,0.0021141649048625,0.0,0.0042283298097251,0.0042283298097251,0.0,0.0084566596194503,0.0084566596194503,0.0,0.0,0.0,0.0,0.0,0.0,0.0,0.0782241014799154,0.0782241014799154,0.0,0.0697674418604651,0.0697674418604651,0.0,262
2021-06-01,2021,6,402,171,231,2,1,1,4,4,0,0,0,0,42,29,13,4,4,0,0,0,0,0,0,0,6,1,5,9,9,0,1,1,0,14,11,3,9,6,3,2,1,1,2,2,0,4,2,2,3,3,0,0,0,0,1,1,0,41,40,1,27,24,3,0.7040280210157618,0.2994746059544658,0.404553415061296,0.0035026269702276,0.0017513134851138,0.0017513134851138,0.0070052539404553,0.0070052539404553,0.0,0.0,0.0,0.0,0.073555166374781,0.0507880910683012,0.0227670753064798,0.0070052539404553,0.0070052539404553,0.0,0.0,0.0,0.0,0.0,0.0,0.0,0.010507880910682901,0.0017513134851138,0.0087565674255691,0.0157618213660245,0.0157618213660245,0.0,0.0017513134851138,0.0017513134851138,0.0,0.0245183887915936,0.0192644483362521,0.0052539404553415,0.0157618213660245,0.010507880910683,0.0052539404553415,0.0035026269702276,0.0017513134851138,0.0017513134851138,0.0035026269702276,0.0035026269702276,0.0,0.0070052539404552,0.0035026269702276,0.0035026269702276,0.0052539404553415,0.0052539404553415,0.0,0.0,0.0,0.0,0.0017513134851138,0.0017513134851138,0.0,0.0718038528896672,0.0700525394045534,0.0017513134851138,0.0472854640980735,0.042031523642732,0.0052539404553415,308
2021-07-01,2021,7,418,199,219,1,1,0,4,2,2,0,0,0,36,15,21,3,2,1,0,0,0,0,0,0,15,3,12,9,9,0,0,0,0,8,7,1,14,6,8,1,0,1,2,2,0,0,0,0,1,1,0,0,0,0,0,0,0,21,21,0,3,2,1,0.7783985102420856,0.3705772811918063,0.4078212290502793,0.0018621973929236,0.0018621973929236,0.0,0.0074487895716946,0.0037243947858473,0.0037243947858473,0.0,0.0,0.0,0.0670391061452513,0.0279329608938547,0.0391061452513966,0.0055865921787709,0.0037243947858473,0.0018621973929236,0.0,0.0,0.0,0.0,0.0,0.0,0.0279329608938547,0.0055865921787709,0.0223463687150838,0.0167597765363128,0.0167597765363128,0.0,0.0,0.0,0.0,0.014897579143389099,0.0130353817504655,0.0018621973929236,0.0260707635009311,0.0111731843575419,0.0148975791433892,0.0018621973929236,0.0,0.0018621973929236,0.0037243947858473,0.0037243947858473,0.0,0.0,0.0,0.0,0.0018621973929236,0.0018621973929236,0.0,0.0,0.0,0.0,0.0,0.0,0.0,0.0391061452513966,0.0391061452513966,0.0,0.0055865921787709,0.0037243947858473,0.0018621973929236,270
2021-08-01,2021,8,356,135,221,2,1,1,3,1,2,0,0,0,31,12,19,4,3,1,1,0,1,0,0,0,44,14,30,9,5,4,0,0,0,1,1,0,2,0,2,4,3,1,9,9,0,0,0,0,2,2,0,0,0,0,0,0,0,83,82,1,13,13,0,0.6323268206039077,0.2397868561278863,0.3925399644760213,0.0035523978685612,0.0017761989342806,0.0017761989342806,0.0053285968028418,0.0017761989342806,0.0035523978685612,0.0,0.0,0.0,0.0550621669626997,0.0213143872113676,0.0337477797513321,0.007104795737122501,0.0053285968028419,0.0017761989342806,0.0017761989342806,0.0,0.0017761989342806,0.0,0.0,0.0,0.078152753108348,0.0248667850799289,0.0532859680284191,0.0159857904085256,0.0088809946714031,0.0071047957371225,0.0,0.0,0.0,0.0017761989342806,0.0017761989342806,0.0,0.0035523978685612,0.0,0.0035523978685612,0.007104795737122501,0.0053285968028419,0.0017761989342806,0.0159857904085257,0.0159857904085257,0.0,0.0,0.0,0.0,0.0035523978685612,0.0035523978685612,0.0,0.0,0.0,0.0,0.0,0.0,0.0,0.147424511545293,0.1456483126110124,0.0017761989342806,0.0230905861456483,0.0230905861456483,0.0,280
2021-09-01,2021,9,414,185,229,1,1,0,6,5,1,0,0,0,41,21,20,7,5,2,1,1,0,0,0,0,19,6,13,8,7,1,0,0,0,9,6,3,15,8,7,1,1,0,1,1,0,1,1,0,3,2,1,1,1,0,0,0,0,32,31,1,7,6,1,0.7327433628318584,0.3274336283185841,0.4053097345132743,0.0017699115044247,0.0017699115044247,0.0,0.0106194690265485,0.0088495575221238,0.0017699115044247,0.0,0.0,0.0,0.0725663716814158,0.0371681415929203,0.0353982300884955,0.0123893805309733,0.0088495575221238,0.0035398230088495,0.0017699115044247,0.0017699115044247,0.0,0.0,0.0,0.0,0.0336283185840707,0.0106194690265486,0.0230088495575221,0.014159292035398102,0.0123893805309734,0.0017699115044247,0.0,0.0,0.0,0.015929203539822898,0.0106194690265486,0.0053097345132743,0.0265486725663716,0.0141592920353982,0.0123893805309734,0.0017699115044247,0.0017699115044247,0.0,0.0017699115044247,0.0017699115044247,0.0,0.0017699115044247,0.0017699115044247,0.0,0.0053097345132742,0.0035398230088495,0.0017699115044247,0.0017699115044247,0.0017699115044247,0.0,0.0,0.0,0.0,0.0566371681415928,0.0548672566371681,0.0017699115044247,0.0123893805309733,0.0106194690265486,0.0017699115044247,287
2021-10-01,2021,10,414,158,256,1,0,1,3,3,0,0,0,0,44,23,21,4,3,1,0,0,0,0,0,0,4,1,3,13,11,2,0,0,0,7,6,1,15,6,9,0,0,0,2,2,0,1,1,0,1,1,0,1,1,0,0,0,0,33,32,1,12,9,3,0.7459459459459459,0.2846846846846846,0.4612612612612612,0.0018018018018018,0.0,0.0018018018018018,0.0054054054054054,0.0054054054054054,0.0,0.0,0.0,0.0,0.07927927927927919,0.0414414414414414,0.0378378378378378,0.0072072072072071995,0.0054054054054054,0.0018018018018018,0.0,0.0,0.0,0.0,0.0,0.0,0.0072072072072071995,0.0018018018018018,0.0054054054054054,0.023423423423423403,0.0198198198198198,0.0036036036036036,0.0,0.0,0.0,0.0126126126126126,0.0108108108108108,0.0018018018018018,0.027027027027027,0.0108108108108108,0.0162162162162162,0.0,0.0,0.0,0.0036036036036036,0.0036036036036036,0.0,0.0018018018018018,0.0018018018018018,0.0,0.0018018018018018,0.0018018018018018,0.0,0.0018018018018018,0.0018018018018018,0.0,0.0,0.0,0.0,0.0594594594594594,0.0576576576576576,0.0018018018018018,0.0216216216216216,0.0162162162162162,0.0054054054054054,257
2021-11-01,2021,11,440,191,249,1,1,0,1,0,1,1,1,0,53,32,21,2,1,1,1,1,0,0,0,0,30,18,12,3,3,0,0,0,0,2,1,1,9,5,4,2,0,2,1,1,0,16,15,1,2,2,0,0,0,0,0,0,0,46,45,1,14,11,3,0.704,0.3056,0.3984,0.0016,0.0016,0.0,0.0016,0.0,0.0016,0.0016,0.0016,0.0,0.0848,0.0512,0.0336,0.0032,0.0016,0.0016,0.0016,0.0016,0.0,0.0,0.0,0.0,0.048,0.0288,0.0192,0.0048,0.0048,0.0,0.0,0.0,0.0,0.0032,0.0016,0.0016,0.0144,0.008,0.0064,0.0032,0.0,0.0032,0.0016,0.0016,0.0,0.0256,0.024,0.0016,0.0032,0.0032,0.0,0.0,0.0,0.0,0.0,0.0,0.0,0.0736,0.072,0.0016,0.0224,0.0176,0.0048,328
2021-12-01,2021,12,457,202,255,5,3,2,6,3,3,0,0,0,38,19,19,9,9,0,0,0,0,0,0,0,9,0,9,1,1,0,4,4,0,6,5,1,26,8,18,1,0,1,1,1,0,8,6,2,3,3,0,0,0,0,0,0,0,46,45,1,11,10,1,0.7231012658227847,0.3196202531645569,0.4034810126582278,0.0079113924050632,0.0047468354430379,0.0031645569620253,0.0094936708860758,0.0047468354430379,0.0047468354430379,0.0,0.0,0.0,0.060126582278481,0.0300632911392405,0.0300632911392405,0.0142405063291139,0.0142405063291139,0.0,0.0,0.0,0.0,0.0,0.0,0.0,0.0142405063291139,0.0,0.0142405063291139,0.0015822784810126,0.0015822784810126,0.0,0.0063291139240506,0.0063291139240506,0.0,0.0094936708860758,0.0079113924050632,0.0015822784810126,0.041139240506329,0.0126582278481012,0.0284810126582278,0.0015822784810126,0.0,0.0015822784810126,0.0015822784810126,0.0015822784810126,0.0,0.0126582278481012,0.0094936708860759,0.0031645569620253,0.0047468354430379,0.0047468354430379,0.0,0.0,0.0,0.0,0.0,0.0,0.0,0.0727848101265822,0.0712025316455696,0.0015822784810126,0.0174050632911391,0.0158227848101265,0.0015822784810126,319
2022-01-01,2022,1,466,184,282,2,1,1,9,1,8,0,0,0,39,23,16,8,3,5,2,2,0,0,0,0,12,2,10,4,4,0,0,0,0,2,2,0,23,6,17,2,1,1,3,3,0,5,2,3,0,0,0,0,0,0,1,1,0,7,6,1,3,3,0,0.792517006802721,0.3129251700680272,0.4795918367346938,0.0034013605442176,0.0017006802721088,0.0017006802721088,0.0153061224489795,0.0017006802721088,0.0136054421768707,0.0,0.0,0.0,0.0663265306122448,0.0391156462585034,0.0272108843537414,0.0136054421768707,0.0051020408163265,0.0085034013605442,0.0034013605442176,0.0034013605442176,0.0,0.0,0.0,0.0,0.020408163265306,0.0034013605442176,0.0170068027210884,0.0068027210884353,0.0068027210884353,0.0,0.0,0.0,0.0,0.0034013605442176,0.0034013605442176,0.0,0.0391156462585033,0.010204081632653,0.0289115646258503,0.0034013605442176,0.0017006802721088,0.0017006802721088,0.0051020408163265,0.0051020408163265,0.0,0.0085034013605441,0.0034013605442176,0.0051020408163265,0.0,0.0,0.0,0.0,0.0,0.0,0.0017006802721088,0.0017006802721088,0.0,0.0119047619047618,0.010204081632653,0.0017006802721088,0.0051020408163265,0.0051020408163265,0.0,244
2022-02-01,2022,2,486,224,262,1,1,0,3,1,2,0,0,0,47,30,17,2,1,1,3,3,0,0,0,0,13,2,11,2,2,0,0,0,0,6,5,1,5,4,1,0,0,0,17,17,0,3,0,3,0,0,0,1,1,0,0,0,0,35,31,4,4,3,1,0.7653543307086614,0.352755905511811,0.4125984251968504,0.0015748031496062,0.0015748031496062,0.0,0.0047244094488187,0.0015748031496062,0.0031496062992125,0.0,0.0,0.0,0.0740157480314959,0.0472440944881889,0.026771653543307,0.0031496062992124,0.0015748031496062,0.0015748031496062,0.0047244094488188,0.0047244094488188,0.0,0.0,0.0,0.0,0.020472440944881702,0.0031496062992125,0.0173228346456692,0.0031496062992125,0.0031496062992125,0.0,0.0,0.0,0.0,0.0094488188976376,0.0078740157480314,0.0015748031496062,0.0078740157480313,0.0062992125984251,0.0015748031496062,0.0,0.0,0.0,0.026771653543307,0.026771653543307,0.0,0.0047244094488188,0.0,0.0047244094488188,0.0,0.0,0.0,0.0015748031496062,0.0015748031496062,0.0,0.0,0.0,0.0,0.0551181102362203,0.0488188976377952,0.0062992125984251,0.006299212598425001,0.0047244094488188,0.0015748031496062,325
2022-03-01,2022,3,564,217,347,4,3,1,4,2,2,0,0,0,65,34,31,1,1,0,0,0,0,0,0,0,8,1,7,7,5,2,0,0,0,0,0,0,16,5,11,1,1,0,4,4,0,2,0,2,1,1,0,0,0,0,1,0,1,19,18,1,7,7,0,0.8022759601706969,0.3086770981507823,0.4935988620199146,0.0056899004267424,0.0042674253200568,0.0014224751066856,0.0056899004267424,0.0028449502133712,0.0028449502133712,0.0,0.0,0.0,0.0924608819345661,0.0483641536273115,0.0440967283072546,0.0014224751066856,0.0014224751066856,0.0,0.0,0.0,0.0,0.0,0.0,0.0,0.011379800853485,0.0014224751066856,0.0099573257467994,0.009957325746799299,0.0071123755334281,0.0028449502133712,0.0,0.0,0.0,0.0,0.0,0.0,0.02275960170697,0.0071123755334281,0.0156472261735419,0.0014224751066856,0.0014224751066856,0.0,0.0056899004267425,0.0056899004267425,0.0,0.0028449502133712,0.0,0.0028449502133712,0.0014224751066856,0.0014224751066856,0.0,0.0,0.0,0.0,0.0014224751066856,0.0,0.0014224751066856,0.0270270270270269,0.0256045519203413,0.0014224751066856,0.0099573257467994,0.0099573257467994,0.0,298
2022-04-01,2022,4,451,183,268,1,0,1,9,6,3,2,2,0,48,18,30,4,3,1,5,5,0,0,0,0,7,3,4,15,14,1,0,0,0,4,3,1,18,12,6,2,1,1,10,10,0,2,1,1,5,5,0,1,1,0,1,1,0,24,24,0,6,5,1,0.7357259380097878,0.298531810766721,0.4371941272430669,0.0016313213703099,0.0,0.0016313213703099,0.0146818923327895,0.0097879282218597,0.0048939641109298,0.0032626427406199,0.0032626427406199,0.0,0.0783034257748776,0.0293637846655791,0.0489396411092985,0.0065252854812397,0.0048939641109298,0.0016313213703099,0.0081566068515497,0.0081566068515497,0.0,0.0,0.0,0.0,0.011419249592169601,0.0048939641109298,0.0065252854812398,0.024469820554649198,0.0228384991843393,0.0016313213703099,0.0,0.0,0.0,0.0065252854812397,0.0048939641109298,0.0016313213703099,0.029363784665579103,0.0195758564437194,0.0097879282218597,0.0032626427406198,0.0016313213703099,0.0016313213703099,0.0163132137030995,0.0163132137030995,0.0,0.0032626427406198,0.0016313213703099,0.0016313213703099,0.0081566068515497,0.0081566068515497,0.0,0.0016313213703099,0.0016313213703099,0.0,0.0016313213703099,0.0016313213703099,0.0,0.0391517128874388,0.0391517128874388,0.0,0.009787928221859601,0.0081566068515497,0.0016313213703099,296
2022-05-01,2022,5,577,253,324,2,2,0,9,3,6,0,0,0,67,34,33,3,2,1,1,1,0,0,0,0,5,3,2,17,14,3,1,1,0,12,7,5,10,7,3,3,3,0,7,7,0,2,2,0,2,2,0,0,0,0,0,0,0,24,22,2,11,7,4,0.7662682602921647,0.3359893758300132,0.4302788844621514,0.0026560424966799,0.0026560424966799,0.0,0.011952191235059702,0.0039840637450199,0.0079681274900398,0.0,0.0,0.0,0.0889774236387782,0.0451527224435591,0.0438247011952191,0.0039840637450198,0.0026560424966799,0.0013280212483399,0.0013280212483399,0.0013280212483399,0.0,0.0,0.0,0.0,0.006640106241699801,0.0039840637450199,0.0026560424966799,0.0225763612217795,0.0185922974767596,0.0039840637450199,0.0013280212483399,0.0013280212483399,0.0,0.0159362549800796,0.0092961487383798,0.0066401062416998,0.013280212483399702,0.0092961487383798,0.0039840637450199,0.0039840637450199,0.0039840637450199,0.0,0.0092961487383798,0.0092961487383798,0.0,0.0026560424966799,0.0026560424966799,0.0,0.0026560424966799,0.0026560424966799,0.0,0.0,0.0,0.0,0.0,0.0,0.0,0.0318725099601593,0.0292164674634794,0.0026560424966799,0.014608233731739601,0.0092961487383798,0.0053120849933598,369
2022-06-01,2022,6,572,237,335,3,3,0,4,3,1,0,0,0,57,34,23,1,1,0,1,1,0,0,0,0,5,1,4,9,7,2,0,0,0,7,4,3,31,13,18,0,0,0,0,0,0,0,0,0,1,1,0,0,0,0,0,0,0,23,23,0,12,9,3,0.7878787878787878,0.3264462809917355,0.4614325068870523,0.0041322314049586,0.0041322314049586,0.0,0.0055096418732781,0.0041322314049586,0.0013774104683195,0.0,0.0,0.0,0.07851239669421481,0.046831955922865,0.0316804407713498,0.0013774104683195,0.0013774104683195,0.0,0.0013774104683195,0.0013774104683195,0.0,0.0,0.0,0.0,0.0068870523415977,0.0013774104683195,0.0055096418732782,0.012396694214875999,0.0096418732782369,0.0027548209366391,0.0,0.0,0.0,0.0096418732782368,0.0055096418732782,0.0041322314049586,0.0426997245179062,0.0179063360881542,0.024793388429752,0.0,0.0,0.0,0.0,0.0,0.0,0.0,0.0,0.0,0.0013774104683195,0.0013774104683195,0.0,0.0,0.0,0.0,0.0,0.0,0.0,0.0316804407713498,0.0316804407713498,0.0,0.0165289256198346,0.012396694214876,0.0041322314049586,336
2022-07-01,2022,7,501,200,301,2,2,0,6,4,2,0,0,0,56,27,29,0,0,0,0,0,0,0,0,0,22,19,3,11,8,3,0,0,0,0,0,0,15,7,8,1,1,0,3,3,0,0,0,0,0,0,0,0,0,0,0,0,0,17,15,2,10,9,1,0.7779503105590062,0.3105590062111801,0.4673913043478261,0.0031055900621118,0.0031055900621118,0.0,0.0093167701863354,0.0062111801242236,0.0031055900621118,0.0,0.0,0.0,0.0869565217391304,0.0419254658385093,0.0450310559006211,0.0,0.0,0.0,0.0,0.0,0.0,0.0,0.0,0.0,0.0341614906832298,0.0295031055900621,0.0046583850931677,0.0170807453416149,0.0124223602484472,0.0046583850931677,0.0,0.0,0.0,0.0,0.0,0.0,0.0232919254658385,0.0108695652173913,0.0124223602484472,0.0015527950310559,0.0015527950310559,0.0,0.0046583850931677,0.0046583850931677,0.0,0.0,0.0,0.0,0.0,0.0,0.0,0.0,0.0,0.0,0.0,0.0,0.0,0.0263975155279503,0.0232919254658385,0.0031055900621118,0.015527950310559,0.0139751552795031,0.0015527950310559,295
2022-08-01,2022,8,455,179,276,3,2,1,4,2,2,0,0,0,45,25,20,4,4,0,0,0,0,0,0,0,35,27,8,6,5,1,1,1,0,3,3,0,2,0,2,1,1,0,10,10,0,5,3,2,0,0,0,0,0,0,1,0,1,16,14,2,3,3,0,0.7685810810810809,0.3023648648648648,0.4662162162162162,0.0050675675675674,0.0033783783783783,0.0016891891891891,0.0067567567567566,0.0033783783783783,0.0033783783783783,0.0,0.0,0.0,0.0760135135135134,0.0422297297297297,0.0337837837837837,0.0067567567567567,0.0067567567567567,0.0,0.0,0.0,0.0,0.0,0.0,0.0,0.0591216216216216,0.0456081081081081,0.0135135135135135,0.010135135135135,0.0084459459459459,0.0016891891891891,0.0016891891891891,0.0016891891891891,0.0,0.0050675675675675,0.0050675675675675,0.0,0.0033783783783783,0.0,0.0033783783783783,0.0016891891891891,0.0016891891891891,0.0,0.0168918918918918,0.0168918918918918,0.0,0.0084459459459458,0.0050675675675675,0.0033783783783783,0.0,0.0,0.0,0.0,0.0,0.0,0.0016891891891891,0.0,0.0016891891891891,0.0270270270270269,0.0236486486486486,0.0033783783783783,0.0050675675675675,0.0050675675675675,0.0,277
2022-09-01,2022,9,553,239,314,1,0,1,8,2,6,0,0,0,55,35,20,2,0,2,0,0,0,0,0,0,32,25,7,11,11,0,0,0,0,0,0,0,12,4,8,2,1,1,1,1,0,19,15,4,3,3,0,0,0,0,1,1,0,11,10,1,5,3,2,0.7723463687150838,0.3337988826815642,0.4385474860335195,0.0013966480446927,0.0,0.0013966480446927,0.011173184357541801,0.0027932960893854,0.0083798882681564,0.0,0.0,0.0,0.07681564245810049,0.0488826815642458,0.0279329608938547,0.0027932960893854,0.0,0.0027932960893854,0.0,0.0,0.0,0.0,0.0,0.0,0.044692737430167495,0.0349162011173184,0.0097765363128491,0.0153631284916201,0.0153631284916201,0.0,0.0,0.0,0.0,0.0,0.0,0.0,0.0167597765363128,0.0055865921787709,0.0111731843575419,0.0027932960893854,0.0013966480446927,0.0013966480446927,0.0013966480446927,0.0013966480446927,0.0,0.0265363128491619,0.020949720670391,0.0055865921787709,0.0041899441340782,0.0041899441340782,0.0,0.0,0.0,0.0,0.0013966480446927,0.0013966480446927,0.0,0.01536312849162,0.0139664804469273,0.0013966480446927,0.0069832402234636,0.0041899441340782,0.0027932960893854,350
2022-10-01,2022,10,548,240,308,4,3,1,9,4,5,0,0,0,52,33,19,5,4,1,2,2,0,0,0,0,19,13,6,11,11,0,0,0,0,2,2,0,16,8,8,2,2,0,1,0,1,6,3,3,2,2,0,0,0,0,0,0,0,25,25,0,9,6,3,0.7707454289732769,0.3375527426160337,0.4331926863572433,0.0056258790436005,0.0042194092827004,0.0014064697609001,0.012658227848101201,0.0056258790436005,0.0070323488045007,0.0,0.0,0.0,0.0731364275668072,0.0464135021097046,0.0267229254571026,0.007032348804500601,0.0056258790436005,0.0014064697609001,0.0028129395218002,0.0028129395218002,0.0,0.0,0.0,0.0,0.0267229254571026,0.0182841068917018,0.0084388185654008,0.0154711673699015,0.0154711673699015,0.0,0.0,0.0,0.0,0.0028129395218002,0.0028129395218002,0.0,0.0225035161744022,0.0112517580872011,0.0112517580872011,0.0028129395218002,0.0028129395218002,0.0,0.0014064697609001,0.0,0.0014064697609001,0.0084388185654008,0.0042194092827004,0.0042194092827004,0.0028129395218002,0.0028129395218002,0.0,0.0,0.0,0.0,0.0,0.0,0.0,0.0351617440225035,0.0351617440225035,0.0,0.0126582278481012,0.0084388185654008,0.0042194092827004,357
2022-11-01,2022,11,613,251,362,5,4,1,5,1,4,0,0,0,73,40,33,2,2,0,1,1,0,0,0,0,2,2,0,9,8,1,0,0,0,2,1,1,12,5,7,0,0,0,1,1,0,4,2,2,2,2,0,1,1,0,0,0,0,16,16,0,12,10,2,0.8055190538764783,0.3298291721419185,0.4756898817345598,0.0065703022339027,0.0052562417871222,0.0013140604467805,0.0065703022339027,0.0013140604467805,0.0052562417871222,0.0,0.0,0.0,0.0959264126149802,0.052562417871222,0.0433639947437582,0.0026281208935611,0.0026281208935611,0.0,0.0013140604467805,0.0013140604467805,0.0,0.0,0.0,0.0,0.0026281208935611,0.0026281208935611,0.0,0.0118265440210249,0.0105124835742444,0.0013140604467805,0.0,0.0,0.0,0.002628120893561,0.0013140604467805,0.0013140604467805,0.0157687253613665,0.0065703022339027,0.0091984231274638,0.0,0.0,0.0,0.0013140604467805,0.0013140604467805,0.0,0.0052562417871222,0.0026281208935611,0.0026281208935611,0.0026281208935611,0.0026281208935611,0.0,0.0013140604467805,0.0013140604467805,0.0,0.0,0.0,0.0,0.0210249671484888,0.0210249671484888,0.0,0.0157687253613666,0.0131406044678055,0.0026281208935611,347
2022-12-01,2022,12,586,263,323,0,0,0,7,2,5,0,0,0,42,25,17,7,7,0,0,0,0,0,0,0,16,7,9,12,11,1,2,2,0,5,4,1,29,19,10,1,1,0,3,2,1,0,0,0,2,2,0,0,0,0,0,0,0,7,7,0,7,6,1,0.8071625344352616,0.3622589531680441,0.4449035812672176,0.0,0.0,0.0,0.0096418732782368,0.0027548209366391,0.0068870523415977,0.0,0.0,0.0,0.0578512396694214,0.0344352617079889,0.0234159779614325,0.0096418732782369,0.0096418732782369,0.0,0.0,0.0,0.0,0.0,0.0,0.0,0.0220385674931129,0.0096418732782369,0.012396694214876,0.0165289256198346,0.0151515151515151,0.0013774104683195,0.0027548209366391,0.0027548209366391,0.0,0.0068870523415977,0.0055096418732782,0.0013774104683195,0.0399449035812671,0.0261707988980716,0.0137741046831955,0.0013774104683195,0.0013774104683195,0.0,0.0041322314049586,0.0027548209366391,0.0013774104683195,0.0,0.0,0.0,0.0027548209366391,0.0027548209366391,0.0,0.0,0.0,0.0,0.0,0.0,0.0,0.0096418732782369,0.0096418732782369,0.0,0.0096418732782368,0.0082644628099173,0.0013774104683195,358
2023-01-01,2023,1,511,166,345,2,2,0,20,9,11,0,0,0,48,32,16,8,6,2,2,2,0,0,0,0,7,1,6,5,5,0,0,0,0,9,8,1,9,5,4,1,1,0,0,0,0,7,6,1,3,2,1,0,0,0,2,2,0,17,14,3,2,2,0,0.7861538461538462,0.2553846153846154,0.5307692307692308,0.003076923076923,0.003076923076923,0.0,0.030769230769230698,0.0138461538461538,0.0169230769230769,0.0,0.0,0.0,0.07384615384615381,0.0492307692307692,0.0246153846153846,0.0123076923076922,0.0092307692307692,0.003076923076923,0.003076923076923,0.003076923076923,0.0,0.0,0.0,0.0,0.010769230769230701,0.0015384615384615,0.0092307692307692,0.0076923076923076,0.0076923076923076,0.0,0.0,0.0,0.0,0.013846153846153801,0.0123076923076923,0.0015384615384615,0.013846153846153699,0.0076923076923076,0.0061538461538461,0.0015384615384615,0.0015384615384615,0.0,0.0,0.0,0.0,0.010769230769230701,0.0092307692307692,0.0015384615384615,0.0046153846153845005,0.003076923076923,0.0015384615384615,0.0,0.0,0.0,0.003076923076923,0.003076923076923,0.0,0.0261538461538461,0.0215384615384615,0.0046153846153846,0.003076923076923,0.003076923076923,0.0,262
2023-02-01,2023,2,418,139,279,1,0,1,3,1,2,0,0,0,55,27,28,8,5,3,2,2,0,0,0,0,14,4,10,3,2,1,0,0,0,10,9,1,6,3,3,1,1,0,0,0,0,5,0,5,0,0,0,0,0,0,0,0,0,18,18,0,6,6,0,0.7627737226277371,0.2536496350364963,0.5091240875912408,0.0018248175182481,0.0,0.0018248175182481,0.0054744525547444,0.0018248175182481,0.0036496350364963,0.0,0.0,0.0,0.1003649635036496,0.0492700729927007,0.0510948905109489,0.0145985401459853,0.0091240875912408,0.0054744525547445,0.0036496350364963,0.0036496350364963,0.0,0.0,0.0,0.0,0.025547445255474397,0.0072992700729927,0.0182481751824817,0.0054744525547444,0.0036496350364963,0.0018248175182481,0.0,0.0,0.0,0.0182481751824816,0.0164233576642335,0.0018248175182481,0.010948905109489,0.0054744525547445,0.0054744525547445,0.0018248175182481,0.0018248175182481,0.0,0.0,0.0,0.0,0.0091240875912408,0.0,0.0091240875912408,0.0,0.0,0.0,0.0,0.0,0.0,0.0,0.0,0.0,0.0328467153284671,0.0328467153284671,0.0,0.010948905109489,0.010948905109489,0.0,215
2023-03-01,2023,3,617,278,339,5,4,1,5,4,1,0,0,0,70,38,32,1,1,0,0,0,0,0,0,0,4,3,1,15,15,0,0,0,0,3,3,0,8,6,2,0,0,0,4,4,0,1,1,0,1,1,0,0,0,0,0,0,0,10,10,0,10,10,0,0.8150594451783355,0.3672391017173051,0.4478203434610304,0.0066050198150593,0.0052840158520475,0.0013210039630118,0.0066050198150593,0.0052840158520475,0.0013210039630118,0.0,0.0,0.0,0.09247027741083211,0.0501981505944517,0.0422721268163804,0.0013210039630118,0.0013210039630118,0.0,0.0,0.0,0.0,0.0,0.0,0.0,0.0052840158520474,0.0039630118890356,0.0013210039630118,0.0198150594451783,0.0198150594451783,0.0,0.0,0.0,0.0,0.0039630118890356,0.0039630118890356,0.0,0.010568031704095,0.0079260237780713,0.0026420079260237,0.0,0.0,0.0,0.0052840158520475,0.0052840158520475,0.0,0.0013210039630118,0.0013210039630118,0.0,0.0013210039630118,0.0013210039630118,0.0,0.0,0.0,0.0,0.0,0.0,0.0,0.0132100396301188,0.0132100396301188,0.0,0.0132100396301188,0.0132100396301188,0.0,378
2023-04-01,2023,4,393,147,246,1,0,1,5,1,4,1,1,0,26,11,15,3,3,0,0,0,0,0,0,0,7,5,2,4,4,0,0,0,0,4,4,0,8,3,5,2,2,0,1,1,0,2,1,1,3,2,1,0,0,0,0,0,0,10,10,0,9,6,3,0.8221757322175731,0.3075313807531381,0.5146443514644351,0.002092050209205,0.0,0.002092050209205,0.010460251046025,0.002092050209205,0.00836820083682,0.002092050209205,0.002092050209205,0.0,0.0543933054393305,0.0230125523012552,0.0313807531380753,0.006276150627615,0.006276150627615,0.0,0.0,0.0,0.0,0.0,0.0,0.0,0.014644351464435101,0.0104602510460251,0.00418410041841,0.00836820083682,0.00836820083682,0.0,0.0,0.0,0.0,0.00836820083682,0.00836820083682,0.0,0.0167364016736401,0.006276150627615,0.0104602510460251,0.00418410041841,0.00418410041841,0.0,0.002092050209205,0.002092050209205,0.0,0.00418410041841,0.002092050209205,0.002092050209205,0.006276150627614999,0.00418410041841,0.002092050209205,0.0,0.0,0.0,0.0,0.0,0.0,0.0209205020920502,0.0209205020920502,0.0,0.0188284518828451,0.0125523012552301,0.006276150627615,200
2023-05-01,2023,5,508,205,303,2,2,0,8,3,5,0,0,0,83,48,35,3,2,1,0,0,0,0,0,0,5,0,5,19,14,5,0,0,0,5,5,0,19,11,8,0,0,0,3,2,1,0,0,0,0,0,0,0,0,0,0,0,0,8,8,0,9,6,3,0.7570789865871832,0.3055141579731744,0.4515648286140089,0.0029806259314456,0.0029806259314456,0.0,0.0119225037257824,0.0044709388971684,0.007451564828614,0.0,0.0,0.0,0.1236959761549924,0.0715350223546944,0.052160953800298,0.0044709388971684,0.0029806259314456,0.0014903129657228,0.0,0.0,0.0,0.0,0.0,0.0,0.007451564828614,0.0,0.007451564828614,0.0283159463487332,0.0208643815201192,0.007451564828614,0.0,0.0,0.0,0.007451564828614,0.007451564828614,0.0,0.0283159463487332,0.0163934426229508,0.0119225037257824,0.0,0.0,0.0,0.0044709388971684,0.0029806259314456,0.0014903129657228,0.0,0.0,0.0,0.0,0.0,0.0,0.0,0.0,0.0,0.0,0.0,0.0,0.0119225037257824,0.0119225037257824,0.0,0.013412816691505201,0.0089418777943368,0.0044709388971684,305
2023-06-01,2023,6,511,179,332,3,2,1,4,2,2,2,2,0,56,25,31,1,1,0,0,0,0,0,0,0,18,12,6,30,21,9,0,0,0,2,2,0,22,12,10,0,0,0,0,0,0,0,0,0,3,3,0,0,0,0,0,0,0,6,5,1,5,5,0,0.7707390648567118,0.2699849170437405,0.5007541478129713,0.0045248868778278994,0.0030165912518853,0.0015082956259426,0.0060331825037706,0.0030165912518853,0.0030165912518853,0.0030165912518853,0.0030165912518853,0.0,0.0844645550527903,0.0377073906485671,0.0467571644042232,0.0015082956259426,0.0015082956259426,0.0,0.0,0.0,0.0,0.0,0.0,0.0,0.027149321266968302,0.0180995475113122,0.0090497737556561,0.0452488687782804,0.0316742081447963,0.0135746606334841,0.0,0.0,0.0,0.0030165912518853,0.0030165912518853,0.0,0.033182503770739,0.0180995475113122,0.0150829562594268,0.0,0.0,0.0,0.0,0.0,0.0,0.0,0.0,0.0,0.004524886877828,0.004524886877828,0.0,0.0,0.0,0.0,0.0,0.0,0.0,0.009049773755656,0.0075414781297134,0.0015082956259426,0.0075414781297134,0.0075414781297134,0.0,270
2023-07-01,2023,7,622,350,272,1,1,0,15,10,5,0,0,0,46,21,25,2,2,0,175,175,0,0,0,0,7,4,3,5,5,0,2,2,0,5,3,2,6,4,2,2,1,1,3,3,0,13,13,0,2,2,0,0,0,0,16,16,0,7,7,0,6,4,2,0.6513089005235602,0.3664921465968586,0.2848167539267016,0.0010471204188481,0.0010471204188481,0.0,0.015706806282722398,0.0104712041884816,0.0052356020942408,0.0,0.0,0.0,0.0481675392670156,0.0219895287958115,0.0261780104712041,0.0020942408376963,0.0020942408376963,0.0,0.1832460732984293,0.1832460732984293,0.0,0.0,0.0,0.0,0.0073298429319371,0.0041884816753926,0.0031413612565445,0.0052356020942408,0.0052356020942408,0.0,0.0020942408376963,0.0020942408376963,0.0,0.0052356020942408,0.0031413612565445,0.0020942408376963,0.0062827225130889005,0.0041884816753926,0.0020942408376963,0.0020942408376962,0.0010471204188481,0.0010471204188481,0.0031413612565445,0.0031413612565445,0.0,0.0136125654450261,0.0136125654450261,0.0,0.0020942408376963,0.0020942408376963,0.0,0.0,0.0,0.0,0.0167539267015706,0.0167539267015706,0.0,0.0073298429319371,0.0073298429319371,0.0,0.0062827225130889005,0.0041884816753926,0.0020942408376963,622
2023-08-01,2023,8,1166,922,244,4,4,0,5,4,1,11,11,0,130,111,19,2,1,1,253,253,0,0,0,0,14,12,2,7,4,3,1,1,0,21,20,1,10,9,1,3,2,1,36,36,0,29,27,2,49,47,2,1,0,1,39,39,0,26,24,2,5,5,0,0.6285714285714284,0.4970350404312668,0.1315363881401617,0.0021563342318059,0.0021563342318059,0.0,0.0026954177897573002,0.0021563342318059,0.0005390835579514,0.0059299191374663,0.0059299191374663,0.0,0.0700808625336926,0.0598382749326145,0.0102425876010781,0.0010781671159028,0.0005390835579514,0.0005390835579514,0.136388140161725,0.136388140161725,0.0,0.0,0.0,0.0,0.0075471698113205995,0.0064690026954177,0.0010781671159029,0.0037735849056603,0.0021563342318059,0.0016172506738544,0.0005390835579514,0.0005390835579514,0.0,0.011320754716981,0.0107816711590296,0.0005390835579514,0.0053908355795147,0.0048517520215633,0.0005390835579514,0.0016172506738543,0.0010781671159029,0.0005390835579514,0.0194070080862533,0.0194070080862533,0.0,0.015633423180592902,0.01455525606469,0.0010781671159029,0.0264150943396225,0.0253369272237196,0.0010781671159029,0.0005390835579514,0.0,0.0005390835579514,0.0210242587601078,0.0210242587601078,0.0,0.0140161725067384,0.0129380053908355,0.0010781671159029,0.0026954177897574,0.0026954177897574,0.0,1531
2023-09-01,2023,9,658,421,237,5,5,0,10,8,2,1,1,0,58,49,9,0,0,0,26,26,0,0,0,0,16,9,7,4,3,1,0,0,0,4,4,0,11,8,3,0,0,0,53,53,0,23,22,1,19,19,0,1,0,1,9,9,0,21,21,0,6,6,0,0.6962962962962963,0.4455026455026455,0.2507936507936508,0.0052910052910052,0.0052910052910052,0.0,0.0105820105820105,0.0084656084656084,0.0021164021164021,0.001058201058201,0.001058201058201,0.0,0.061375661375661306,0.0518518518518518,0.0095238095238095,0.0,0.0,0.0,0.0275132275132275,0.0275132275132275,0.0,0.0,0.0,0.0,0.0169312169312169,0.0095238095238095,0.0074074074074074,0.0042328042328041,0.0031746031746031,0.001058201058201,0.0,0.0,0.0,0.0042328042328042,0.0042328042328042,0.0,0.0116402116402115,0.0084656084656084,0.0031746031746031,0.0,0.0,0.0,0.056084656084656,0.056084656084656,0.0,0.0243386243386242,0.0232804232804232,0.001058201058201,0.0201058201058201,0.0201058201058201,0.0,0.001058201058201,0.0,0.001058201058201,0.0095238095238095,0.0095238095238095,0.0,0.0222222222222222,0.0222222222222222,0.0,0.0063492063492063,0.0063492063492063,0.0,664
2023-10-01,2023,10,507,272,235,2,1,1,12,7,5,1,1,0,54,32,22,3,3,0,35,35,0,0,0,0,9,5,4,3,1,2,0,0,0,6,6,0,8,5,3,0,0,0,59,59,0,3,3,0,10,10,0,0,0,0,1,1,0,20,19,1,5,5,0,0.6805369127516778,0.3651006711409396,0.3154362416107382,0.0026845637583892,0.0013422818791946,0.0013422818791946,0.0161073825503355,0.0093959731543624,0.0067114093959731,0.0013422818791946,0.0013422818791946,0.0,0.0724832214765099,0.0429530201342281,0.0295302013422818,0.0040268456375838,0.0040268456375838,0.0,0.046979865771812,0.046979865771812,0.0,0.0,0.0,0.0,0.0120805369127516,0.0067114093959731,0.0053691275167785,0.0040268456375838,0.0013422818791946,0.0026845637583892,0.0,0.0,0.0,0.0080536912751677,0.0080536912751677,0.0,0.010738255033556899,0.0067114093959731,0.0040268456375838,0.0,0.0,0.0,0.0791946308724832,0.0791946308724832,0.0,0.0040268456375838,0.0040268456375838,0.0,0.0134228187919463,0.0134228187919463,0.0,0.0,0.0,0.0,0.0013422818791946,0.0013422818791946,0.0,0.0268456375838925,0.0255033557046979,0.0013422818791946,0.0067114093959731,0.0067114093959731,0.0,465
2023-11-01,2023,11,459,215,244,1,0,1,8,3,5,1,1,0,40,30,10,4,4,0,7,7,0,0,0,0,5,1,4,2,0,2,0,0,0,13,13,0,23,14,9,1,1,0,1,1,0,7,5,2,1,1,0,0,0,0,5,5,0,7,6,1,4,3,1,0.7792869269949065,0.365025466893039,0.4142614601018676,0.0016977928692699,0.0,0.0016977928692699,0.0135823429541595,0.0050933786078098,0.0084889643463497,0.0016977928692699,0.0016977928692699,0.0,0.0679117147707978,0.0509337860780984,0.0169779286926994,0.0067911714770797,0.0067911714770797,0.0,0.0118845500848896,0.0118845500848896,0.0,0.0,0.0,0.0,0.0084889643463496,0.0016977928692699,0.0067911714770797,0.0033955857385398,0.0,0.0033955857385398,0.0,0.0,0.0,0.0220713073005093,0.0220713073005093,0.0,0.0390492359932087,0.0237691001697792,0.0152801358234295,0.0016977928692699,0.0016977928692699,0.0,0.0016977928692699,0.0016977928692699,0.0,0.0118845500848895,0.0084889643463497,0.0033955857385398,0.0016977928692699,0.0016977928692699,0.0,0.0,0.0,0.0,0.0084889643463497,0.0084889643463497,0.0,0.011884550084889499,0.0101867572156196,0.0016977928692699,0.0067911714770797,0.0050933786078098,0.0016977928692699,308
2023-12-01,2023,12,557,323,234,6,5,1,2,1,1,0,0,0,57,43,14,2,2,0,8,8,0,0,0,0,3,0,3,5,5,0,2,2,0,12,11,1,8,3,5,0,0,0,19,18,1,2,2,0,8,8,0,2,2,0,7,7,0,6,6,0,2,2,0,0.7812061711079944,0.453015427769986,0.3281907433380084,0.0084151472650771,0.0070126227208976,0.0014025245441795,0.002805049088359,0.0014025245441795,0.0014025245441795,0.0,0.0,0.0,0.0799438990182327,0.0603085553997194,0.0196353436185133,0.002805049088359,0.002805049088359,0.0,0.0112201963534361,0.0112201963534361,0.0,0.0,0.0,0.0,0.0042075736325385,0.0,0.0042075736325385,0.0070126227208976,0.0070126227208976,0.0,0.002805049088359,0.002805049088359,0.0,0.0168302945301542,0.0154277699859747,0.0014025245441795,0.0112201963534361,0.0042075736325385,0.0070126227208976,0.0,0.0,0.0,0.026647966339410897,0.0252454417952314,0.0014025245441795,0.002805049088359,0.002805049088359,0.0,0.0112201963534361,0.0112201963534361,0.0,0.002805049088359,0.002805049088359,0.0,0.0098176718092566,0.0098176718092566,0.0,0.0084151472650771,0.0084151472650771,0.0,0.002805049088359,0.002805049088359,0.0,448
2024-01-01,2024,1,483,216,267,3,2,1,11,5,6,1,1,0,58,42,16,6,4,2,9,9,0,0,0,0,12,6,6,7,3,4,0,0,0,10,7,3,10,3,7,0,0,0,0,0,0,2,1,1,3,2,1,0,0,0,3,3,0,15,15,0,9,8,1,0.7535101404056163,0.3369734789391576,0.4165366614664587,0.0046801872074883,0.0031201248049922,0.0015600624024961,0.017160686427457,0.0078003120124804,0.0093603744149766,0.0015600624024961,0.0015600624024961,0.0,0.0904836193447738,0.0655226209048362,0.0249609984399376,0.0093603744149766,0.0062402496099844,0.0031201248049922,0.0140405616224648,0.0140405616224648,0.0,0.0,0.0,0.0,0.0187207488299532,0.0093603744149766,0.0093603744149766,0.0109204368174727,0.0046801872074883,0.0062402496099844,0.0,0.0,0.0,0.015600624024960999,0.0109204368174727,0.0046801872074883,0.015600624024960999,0.0046801872074883,0.0109204368174727,0.0,0.0,0.0,0.0,0.0,0.0,0.0031201248049922,0.0015600624024961,0.0015600624024961,0.0046801872074883,0.0031201248049922,0.0015600624024961,0.0,0.0,0.0,0.0046801872074883,0.0046801872074883,0.0,0.0234009360374415,0.0234009360374415,0.0,0.014040561622464899,0.0124804992199688,0.0015600624024961,325
2024-02-01,2024,2,471,233,238,4,3,1,12,3,9,2,0,2,54,35,19,1,1,0,7,6,1,1,1,0,14,0,14,7,3,4,2,2,0,5,4,1,6,4,2,2,2,0,0,0,0,3,2,1,1,1,0,0,0,0,3,3,0,4,4,0,4,4,0,0.782392026578073,0.3870431893687707,0.3953488372093023,0.0066445182724252,0.0049833887043189,0.0016611295681063,0.019933554817275698,0.0049833887043189,0.0149501661129568,0.0033222591362126,0.0,0.0033222591362126,0.0897009966777408,0.0581395348837209,0.0315614617940199,0.0016611295681063,0.0016611295681063,0.0,0.011627906976744101,0.0099667774086378,0.0016611295681063,0.0016611295681063,0.0016611295681063,0.0,0.0232558139534883,0.0,0.0232558139534883,0.0116279069767441,0.0049833887043189,0.0066445182724252,0.0033222591362126,0.0033222591362126,0.0,0.0083056478405315,0.0066445182724252,0.0016611295681063,0.0099667774086378,0.0066445182724252,0.0033222591362126,0.0033222591362126,0.0033222591362126,0.0,0.0,0.0,0.0,0.0049833887043189,0.0033222591362126,0.0016611295681063,0.0016611295681063,0.0016611295681063,0.0,0.0,0.0,0.0,0.0049833887043189,0.0049833887043189,0.0,0.0066445182724252,0.0066445182724252,0.0,0.0066445182724252,0.0066445182724252,0.0,310
2024-03-01,2024,3,464,166,298,1,0,1,2,1,1,0,0,0,64,40,24,2,1,1,4,1,3,0,0,0,3,0,3,10,9,1,0,0,0,2,1,1,2,1,1,1,1,0,3,3,0,1,0,1,1,1,0,0,0,0,1,1,0,14,14,0,1,0,1,0.804159445407279,0.2876949740034662,0.5164644714038128,0.0017331022530329,0.0,0.0017331022530329,0.0034662045060658,0.0017331022530329,0.0017331022530329,0.0,0.0,0.0,0.1109185441941074,0.0693240901213171,0.0415944540727903,0.0034662045060658,0.0017331022530329,0.0017331022530329,0.0069324090121316,0.0017331022530329,0.0051993067590987,0.0,0.0,0.0,0.0051993067590987,0.0,0.0051993067590987,0.0173310225303292,0.0155979202772963,0.0017331022530329,0.0,0.0,0.0,0.0034662045060658,0.0017331022530329,0.0017331022530329,0.0034662045060658,0.0017331022530329,0.0017331022530329,0.0017331022530329,0.0017331022530329,0.0,0.0051993067590987,0.0051993067590987,0.0,0.0017331022530329,0.0,0.0017331022530329,0.0017331022530329,0.0017331022530329,0.0,0.0,0.0,0.0,0.0017331022530329,0.0017331022530329,0.0,0.024263431542461,0.024263431542461,0.0,0.0017331022530329,0.0,0.0017331022530329,240
2024-04-01,2024,4,374,128,246,2,1,1,12,7,5,1,1,0,52,29,23,6,3,3,7,6,1,0,0,0,2,1,1,7,1,6,0,0,0,7,7,0,3,2,1,0,0,0,18,18,0,18,18,0,3,3,0,0,0,0,0,0,0,19,19,0,11,10,1,0.6913123844731976,0.2365988909426987,0.454713493530499,0.0036968576709796,0.0018484288354898,0.0018484288354898,0.0221811460258779,0.0129390018484288,0.0092421441774491,0.0018484288354898,0.0018484288354898,0.0,0.0961182994454712,0.0536044362292051,0.0425138632162661,0.011090573012939,0.0055452865064695,0.0055452865064695,0.0129390018484288,0.011090573012939,0.0018484288354898,0.0,0.0,0.0,0.0036968576709796,0.0018484288354898,0.0018484288354898,0.0129390018484288,0.0018484288354898,0.011090573012939,0.0,0.0,0.0,0.0129390018484288,0.0129390018484288,0.0,0.0055452865064694,0.0036968576709796,0.0018484288354898,0.0,0.0,0.0,0.033271719038817,0.033271719038817,0.0,0.033271719038817,0.033271719038817,0.0,0.0055452865064695,0.0055452865064695,0.0,0.0,0.0,0.0,0.0,0.0,0.0,0.0351201478743068,0.0351201478743068,0.0,0.0203327171903881,0.0184842883548983,0.0018484288354898,252
2024-05-01,2024,5,471,201,270,9,7,2,12,7,5,2,2,0,84,49,35,1,0,1,9,9,0,0,0,0,6,1,5,7,3,4,0,0,0,8,6,2,4,2,2,1,1,0,27,27,0,6,5,1,0,0,0,0,0,0,3,3,0,11,11,0,5,5,0,0.7061469265367315,0.3013493253373313,0.4047976011994003,0.0134932533733132,0.0104947526236881,0.0029985007496251,0.017991004497751,0.0104947526236881,0.0074962518740629,0.0029985007496251,0.0029985007496251,0.0,0.1259370314842578,0.0734632683658171,0.0524737631184407,0.0014992503748125,0.0,0.0014992503748125,0.0134932533733133,0.0134932533733133,0.0,0.0,0.0,0.0,0.0089955022488754,0.0014992503748125,0.0074962518740629,0.010494752623688,0.0044977511244377,0.0059970014992503,0.0,0.0,0.0,0.011994002998500602,0.0089955022488755,0.0029985007496251,0.0059970014992502,0.0029985007496251,0.0029985007496251,0.0014992503748125,0.0014992503748125,0.0,0.04047976011994,0.04047976011994,0.0,0.0089955022488754,0.0074962518740629,0.0014992503748125,0.0,0.0,0.0,0.0,0.0,0.0,0.0044977511244377,0.0044977511244377,0.0,0.0164917541229385,0.0164917541229385,0.0,0.0074962518740629,0.0074962518740629,0.0,339
2024-06-01,2024,6,415,109,306,5,1,4,10,7,3,1,1,0,69,32,37,3,1,2,12,9,3,1,0,1,15,9,6,8,3,5,0,0,0,12,10,2,14,8,6,0,0,0,12,12,0,3,2,1,3,3,0,0,0,0,2,2,0,16,16,0,10,9,1,0.6781045751633987,0.1781045751633987,0.5,0.0081699346405228,0.0016339869281045,0.0065359477124183,0.0163398692810457,0.011437908496732,0.0049019607843137,0.0016339869281045,0.0016339869281045,0.0,0.11274509803921559,0.0522875816993464,0.0604575163398692,0.0049019607843136005,0.0016339869281045,0.0032679738562091,0.0196078431372548,0.0147058823529411,0.0049019607843137,0.0016339869281045,0.0,0.0016339869281045,0.0245098039215685,0.0147058823529411,0.0098039215686274,0.0130718954248365,0.0049019607843137,0.0081699346405228,0.0,0.0,0.0,0.0196078431372548,0.0163398692810457,0.0032679738562091,0.022875816993464,0.0130718954248366,0.0098039215686274,0.0,0.0,0.0,0.0196078431372549,0.0196078431372549,0.0,0.0049019607843136005,0.0032679738562091,0.0016339869281045,0.0049019607843137,0.0049019607843137,0.0,0.0,0.0,0.0,0.0032679738562091,0.0032679738562091,0.0,0.0261437908496732,0.0261437908496732,0.0,0.0163398692810456,0.0147058823529411,0.0016339869281045,233
2024-07-01,2024,7,604,242,362,2,2,0,5,4,1,0,0,0,65,33,32,3,2,1,7,7,0,0,0,0,3,2,1,2,2,0,0,0,0,7,5,2,2,0,2,0,0,0,10,9,1,1,0,1,4,2,2,0,0,0,0,0,0,13,13,0,10,10,0,0.8173207036535859,0.3274695534506089,0.489851150202977,0.0027063599458728,0.0027063599458728,0.0,0.006765899864682,0.0054127198917456,0.0013531799729364,0.0,0.0,0.0,0.087956698240866,0.0446549391069012,0.0433017591339648,0.0040595399188092,0.0027063599458728,0.0013531799729364,0.0094722598105548,0.0094722598105548,0.0,0.0,0.0,0.0,0.0040595399188092,0.0027063599458728,0.0013531799729364,0.0027063599458728,0.0027063599458728,0.0,0.0,0.0,0.0,0.0094722598105548,0.006765899864682,0.0027063599458728,0.0027063599458728,0.0,0.0027063599458728,0.0,0.0,0.0,0.013531799729363999,0.0121786197564276,0.0013531799729364,0.0013531799729364,0.0,0.0013531799729364,0.0054127198917456,0.0027063599458728,0.0027063599458728,0.0,0.0,0.0,0.0,0.0,0.0,0.0175913396481732,0.0175913396481732,0.0,0.013531799729364,0.013531799729364,0.0,333
2024-08-01,2024,8,394,144,250,4,4,0,5,1,4,0,0,0,66,30,36,0,0,0,0,0,0,0,0,0,57,30,27,5,3,2,0,0,0,4,4,0,6,1,5,0,0,0,8,8,0,1,1,0,7,4,3,1,1,0,2,1,1,4,3,1,7,6,1,0.68760907504363,0.2513089005235602,0.4363001745200698,0.0069808027923211,0.0069808027923211,0.0,0.008726003490401299,0.0017452006980802,0.0069808027923211,0.0,0.0,0.0,0.1151832460732983,0.0523560209424083,0.06282722513089,0.0,0.0,0.0,0.0,0.0,0.0,0.0,0.0,0.0,0.0994764397905758,0.0523560209424083,0.0471204188481675,0.008726003490401299,0.0052356020942408,0.0034904013961605,0.0,0.0,0.0,0.0069808027923211,0.0069808027923211,0.0,0.0104712041884815,0.0017452006980802,0.0087260034904013,0.0,0.0,0.0,0.0139616055846422,0.0139616055846422,0.0,0.0017452006980802,0.0017452006980802,0.0,0.0122164048865619,0.0069808027923211,0.0052356020942408,0.0017452006980802,0.0017452006980802,0.0,0.0034904013961604,0.0017452006980802,0.0017452006980802,0.006980802792321,0.0052356020942408,0.0017452006980802,0.0122164048865618,0.0104712041884816,0.0017452006980802,241
2024-09-01,2024,9,413,138,275,5,4,1,4,3,1,0,0,0,74,34,40,1,0,1,1,1,0,0,0,0,73,34,39,10,7,3,0,0,0,7,7,0,2,1,1,1,1,0,7,7,0,0,0,0,0,0,0,0,0,0,0,0,0,4,4,0,6,6,0,0.6792763157894736,0.2269736842105263,0.4523026315789473,0.0082236842105262,0.006578947368421,0.0016447368421052,0.0065789473684209,0.0049342105263157,0.0016447368421052,0.0,0.0,0.0,0.1217105263157894,0.0559210526315789,0.0657894736842105,0.0016447368421052,0.0,0.0016447368421052,0.0016447368421052,0.0016447368421052,0.0,0.0,0.0,0.0,0.1200657894736841,0.0559210526315789,0.0641447368421052,0.0164473684210525,0.0115131578947368,0.0049342105263157,0.0,0.0,0.0,0.0115131578947368,0.0115131578947368,0.0,0.0032894736842104,0.0016447368421052,0.0016447368421052,0.0016447368421052,0.0016447368421052,0.0,0.0115131578947368,0.0115131578947368,0.0,0.0,0.0,0.0,0.0,0.0,0.0,0.0,0.0,0.0,0.0,0.0,0.0,0.006578947368421,0.006578947368421,0.0,0.0098684210526315,0.0098684210526315,0.0,247
2024-10-01,2024,10,490,143,347,1,0,1,6,3,3,0,0,0,82,30,52,1,1,0,1,1,0,0,0,0,27,14,13,5,5,0,0,0,0,2,2,0,8,0,8,2,1,1,2,1,1,0,0,0,0,0,0,1,1,0,1,1,0,4,4,0,3,2,1,0.7692307692307692,0.2244897959183673,0.5447409733124019,0.0015698587127158,0.0,0.0015698587127158,0.009419152276295,0.0047095761381475,0.0047095761381475,0.0,0.0,0.0,0.1287284144427,0.0470957613814756,0.0816326530612244,0.0015698587127158,0.0015698587127158,0.0,0.0015698587127158,0.0015698587127158,0.0,0.0,0.0,0.0,0.042386185243328,0.0219780219780219,0.0204081632653061,0.0078492935635792,0.0078492935635792,0.0,0.0,0.0,0.0,0.0031397174254317,0.0031397174254317,0.0,0.0125588697017268,0.0,0.0125588697017268,0.0031397174254316,0.0015698587127158,0.0015698587127158,0.0031397174254316,0.0015698587127158,0.0015698587127158,0.0,0.0,0.0,0.0,0.0,0.0,0.0015698587127158,0.0015698587127158,0.0,0.0015698587127158,0.0015698587127158,0.0,0.0062794348508634,0.0062794348508634,0.0,0.0047095761381475,0.0031397174254317,0.0015698587127158,209
2024-11-01,2024,11,503,172,331,2,0,2,7,3,4,2,2,0,99,50,49,1,0,1,1,1,0,0,0,0,15,8,7,3,2,1,0,0,0,4,2,2,5,3,2,0,0,0,4,3,1,6,4,2,7,7,0,0,0,0,2,2,0,5,5,0,3,3,0,0.7462908011869436,0.2551928783382789,0.4910979228486647,0.0029673590504451,0.0,0.0029673590504451,0.010385756676557799,0.0044510385756676,0.0059347181008902,0.0029673590504451,0.0029673590504451,0.0,0.1468842729970325,0.0741839762611275,0.072700296735905,0.0014836795252225,0.0,0.0014836795252225,0.0014836795252225,0.0014836795252225,0.0,0.0,0.0,0.0,0.0222551928783382,0.0118694362017804,0.0103857566765578,0.0044510385756676,0.0029673590504451,0.0014836795252225,0.0,0.0,0.0,0.0059347181008902,0.0029673590504451,0.0029673590504451,0.0074183976261127,0.0044510385756676,0.0029673590504451,0.0,0.0,0.0,0.0059347181008900995,0.0044510385756676,0.0014836795252225,0.0089020771513353,0.0059347181008902,0.0029673590504451,0.0103857566765578,0.0103857566765578,0.0,0.0,0.0,0.0,0.0029673590504451,0.0029673590504451,0.0,0.0074183976261127,0.0074183976261127,0.0,0.0044510385756676,0.0044510385756676,0.0,267
2024-12-01,2024,12,471,188,283,4,2,2,12,8,4,6,6,0,97,44,53,1,1,0,4,4,0,0,0,0,5,2,3,2,0,2,0,0,0,10,10,0,3,1,2,0,0,0,1,1,0,4,2,2,1,1,0,0,0,0,3,3,0,13,13,0,3,3,0,0.7347893915756629,0.2932917316692667,0.4414976599063963,0.0062402496099844,0.0031201248049922,0.0031201248049922,0.0187207488299532,0.0124804992199688,0.0062402496099844,0.0093603744149766,0.0093603744149766,0.0,0.1513260530421216,0.0686427457098284,0.0826833073322932,0.0015600624024961,0.0015600624024961,0.0,0.0062402496099844,0.0062402496099844,0.0,0.0,0.0,0.0,0.0078003120124804995,0.0031201248049922,0.0046801872074883,0.0031201248049922,0.0,0.0031201248049922,0.0,0.0,0.0,0.0156006240249609,0.0156006240249609,0.0,0.0046801872074883,0.0015600624024961,0.0031201248049922,0.0,0.0,0.0,0.0015600624024961,0.0015600624024961,0.0,0.0062402496099844,0.0031201248049922,0.0031201248049922,0.0015600624024961,0.0015600624024961,0.0,0.0,0.0,0.0,0.0046801872074883,0.0046801872074883,0.0,0.0202808112324493,0.0202808112324493,0.0,0.0046801872074883,0.0046801872074883,0.0,289
2025-01-01,2025,1,514,198,316,7,3,4,9,3,6,4,2,2,61,22,39,1,0,1,1,1,0,0,0,0,31,14,17,4,3,1,0,0,0,3,2,1,7,2,5,0,0,0,11,10,1,6,5,1,0,0,0,0,0,0,0,0,0,9,7,2,20,15,5,0.746008708272859,0.2873730043541364,0.4586357039187227,0.0101596516690856,0.0043541364296081,0.0058055152394775,0.013062409288824298,0.0043541364296081,0.0087082728592162,0.0058055152394774,0.0029027576197387,0.0029027576197387,0.0885341074020318,0.0319303338171262,0.0566037735849056,0.0014513788098693,0.0,0.0014513788098693,0.0014513788098693,0.0014513788098693,0.0,0.0,0.0,0.0,0.0449927431059505,0.0203193033381712,0.0246734397677793,0.0058055152394773995,0.0043541364296081,0.0014513788098693,0.0,0.0,0.0,0.004354136429608,0.0029027576197387,0.0014513788098693,0.010159651669085501,0.0029027576197387,0.0072568940493468,0.0,0.0,0.0,0.015965166908563002,0.0145137880986937,0.0014513788098693,0.0087082728592161,0.0072568940493468,0.0014513788098693,0.0,0.0,0.0,0.0,0.0,0.0,0.0,0.0,0.0,0.0130624092888243,0.0101596516690856,0.0029027576197387,0.0290275761973874,0.0217706821480406,0.0072568940493468,287
2025-02-01,2025,2,568,219,349,4,2,2,3,1,2,1,1,0,38,22,16,3,3,0,1,1,0,0,0,0,2,0,2,5,5,0,0,0,0,0,0,0,11,6,5,0,0,0,1,1,0,0,0,0,1,1,0,0,0,0,0,0,0,5,5,0,2,2,0,0.8806201550387597,0.3395348837209302,0.5410852713178295,0.0062015503875968,0.0031007751937984,0.0031007751937984,0.0046511627906976,0.0015503875968992,0.0031007751937984,0.0015503875968992,0.0015503875968992,0.0,0.058914728682170396,0.0341085271317829,0.0248062015503875,0.0046511627906976,0.0046511627906976,0.0,0.0015503875968992,0.0015503875968992,0.0,0.0,0.0,0.0,0.0031007751937984,0.0,0.0031007751937984,0.0077519379844961,0.0077519379844961,0.0,0.0,0.0,0.0,0.0,0.0,0.0,0.0170542635658914,0.0093023255813953,0.0077519379844961,0.0,0.0,0.0,0.0015503875968992,0.0015503875968992,0.0,0.0,0.0,0.0,0.0015503875968992,0.0015503875968992,0.0,0.0,0.0,0.0,0.0,0.0,0.0,0.0077519379844961,0.0077519379844961,0.0,0.0031007751937984,0.0031007751937984,0.0,269
2025-03-01,2025,3,499,165,334,2,1,1,3,2,1,1,1,0,42,25,17,1,1,0,0,0,0,0,0,0,3,1,2,8,6,2,0,0,0,3,2,1,7,5,2,0,0,0,1,1,0,0,0,0,1,1,0,0,0,0,0,0,0,20,19,1,11,11,0,0.8289036544850498,0.2740863787375415,0.5548172757475083,0.0033222591362126,0.0016611295681063,0.0016611295681063,0.0049833887043189,0.0033222591362126,0.0016611295681063,0.0016611295681063,0.0016611295681063,0.0,0.0697674418604651,0.0415282392026578,0.0282392026578073,0.0016611295681063,0.0016611295681063,0.0,0.0,0.0,0.0,0.0,0.0,0.0,0.0049833887043189,0.0016611295681063,0.0033222591362126,0.0132890365448504,0.0099667774086378,0.0033222591362126,0.0,0.0,0.0,0.0049833887043189,0.0033222591362126,0.0016611295681063,0.0116279069767441,0.0083056478405315,0.0033222591362126,0.0,0.0,0.0,0.0016611295681063,0.0016611295681063,0.0,0.0,0.0,0.0,0.0016611295681063,0.0016611295681063,0.0,0.0,0.0,0.0,0.0,0.0,0.0,0.0332225913621262,0.0315614617940199,0.0016611295681063,0.0182724252491694,0.0182724252491694,0.0,240
2025-04-01,2025,4,474,185,289,4,4,0,19,9,10,0,0,0,49,33,16,3,0,3,3,3,0,0,0,0,2,1,1,6,5,1,0,0,0,6,4,2,4,3,1,0,0,0,2,2,0,2,2,0,12,10,2,0,0,0,0,0,0,9,9,0,12,8,4,0.7821782178217821,0.3052805280528052,0.4768976897689769,0.0066006600660066,0.0066006600660066,0.0,0.0313531353135313,0.0148514851485148,0.0165016501650165,0.0,0.0,0.0,0.0808580858085808,0.0544554455445544,0.0264026402640264,0.0049504950495049,0.0,0.0049504950495049,0.0049504950495049,0.0049504950495049,0.0,0.0,0.0,0.0,0.0033003300330032,0.0016501650165016,0.0016501650165016,0.0099009900990098,0.0082508250825082,0.0016501650165016,0.0,0.0,0.0,0.0099009900990099,0.0066006600660066,0.0033003300330033,0.0066006600660065,0.0049504950495049,0.0016501650165016,0.0,0.0,0.0,0.0033003300330033,0.0033003300330033,0.0,0.0033003300330033,0.0033003300330033,0.0,0.0198019801980198,0.0165016501650165,0.0033003300330033,0.0,0.0,0.0,0.0,0.0,0.0,0.0148514851485148,0.0148514851485148,0.0,0.0198019801980198,0.0132013201320132,0.0066006600660066,278
2025-05-01,2025,5,524,179,345,3,3,0,6,2,4,2,2,0,49,25,24,2,1,1,0,0,0,0,0,0,14,12,2,8,5,3,0,0,0,3,2,1,5,2,3,0,0,0,2,1,1,4,3,1,0,0,0,0,0,0,0,0,0,2,2,0,2,1,1,0.8397435897435896,0.2868589743589743,0.5528846153846154,0.0048076923076923,0.0048076923076923,0.0,0.009615384615384599,0.0032051282051282,0.0064102564102564,0.0032051282051282,0.0032051282051282,0.0,0.0785256410256409,0.0400641025641025,0.0384615384615384,0.0032051282051282,0.0016025641025641,0.0016025641025641,0.0,0.0,0.0,0.0,0.0,0.0,0.0224358974358974,0.0192307692307692,0.0032051282051282,0.0128205128205128,0.0080128205128205,0.0048076923076923,0.0,0.0,0.0,0.004807692307692299,0.0032051282051282,0.0016025641025641,0.0080128205128205,0.0032051282051282,0.0048076923076923,0.0,0.0,0.0,0.0032051282051282,0.0016025641025641,0.0016025641025641,0.0064102564102564,0.0048076923076923,0.0016025641025641,0.0,0.0,0.0,0.0,0.0,0.0,0.0,0.0,0.0,0.0032051282051282,0.0032051282051282,0.0,0.0032051282051282,0.0016025641025641,0.0016025641025641,239
2025-06-01,2025,6,497,160,337,1,1,0,4,2,2,0,0,0,54,26,28,2,2,0,1,1,0,0,0,0,8,5,3,10,5,5,0,0,0,5,4,1,11,4,7,0,0,0,1,1,0,0,0,0,4,4,0,1,1,0,0,0,0,12,11,1,9,9,0,0.8003220611916264,0.2576489533011272,0.5426731078904992,0.001610305958132,0.001610305958132,0.0,0.006441223832528,0.003220611916264,0.003220611916264,0.0,0.0,0.0,0.0869565217391303,0.0418679549114331,0.0450885668276972,0.003220611916264,0.003220611916264,0.0,0.001610305958132,0.001610305958132,0.0,0.0,0.0,0.0,0.0128824476650563,0.0080515297906602,0.0048309178743961,0.0161030595813204,0.0080515297906602,0.0080515297906602,0.0,0.0,0.0,0.0080515297906601,0.0064412238325281,0.001610305958132,0.0177133655394524,0.0064412238325281,0.0112721417069243,0.0,0.0,0.0,0.001610305958132,0.001610305958132,0.0,0.0,0.0,0.0,0.0064412238325281,0.0064412238325281,0.0,0.001610305958132,0.001610305958132,0.0,0.0,0.0,0.0,0.0193236714975844,0.0177133655394524,0.001610305958132,0.0144927536231884,0.0144927536231884,0.0,236
2025-07-01,2025,7,664,230,434,4,1,3,6,3,3,0,0,0,52,26,26,2,1,1,0,0,0,0,0,0,11,6,5,10,5,5,0,0,0,10,6,4,12,7,5,1,1,0,1,1,0,2,2,0,1,1,0,2,1,1,0,0,0,2,2,0,4,4,0,0.845859872611465,0.2929936305732484,0.5528662420382165,0.0050955414012738,0.0012738853503184,0.0038216560509554,0.0076433121019108,0.0038216560509554,0.0038216560509554,0.0,0.0,0.0,0.0662420382165604,0.0331210191082802,0.0331210191082802,0.0025477707006368,0.0012738853503184,0.0012738853503184,0.0,0.0,0.0,0.0,0.0,0.0,0.0140127388535031,0.0076433121019108,0.0063694267515923,0.0127388535031846,0.0063694267515923,0.0063694267515923,0.0,0.0,0.0,0.0127388535031846,0.0076433121019108,0.0050955414012738,0.0152866242038215,0.0089171974522292,0.0063694267515923,0.0012738853503184,0.0012738853503184,0.0,0.0012738853503184,0.0012738853503184,0.0,0.0025477707006369,0.0025477707006369,0.0,0.0012738853503184,0.0012738853503184,0.0,0.0025477707006368,0.0012738853503184,0.0012738853503184,0.0,0.0,0.0,0.0025477707006369,0.0025477707006369,0.0,0.0050955414012738,0.0050955414012738,0.0,296
2025-08-01,2025,8,615,192,423,2,1,1,3,1,2,0,0,0,39,22,17,5,4,1,0,0,0,0,0,0,20,12,8,4,3,1,1,1,0,3,3,0,7,3,4,0,0,0,0,0,0,5,1,4,5,5,0,0,0,0,0,0,0,10,10,0,1,1,0,0.8541666666666666,0.2666666666666666,0.5875,0.0027777777777776,0.0013888888888888,0.0013888888888888,0.0041666666666665,0.0013888888888888,0.0027777777777777,0.0,0.0,0.0,0.0541666666666666,0.0305555555555555,0.0236111111111111,0.0069444444444443,0.0055555555555555,0.0013888888888888,0.0,0.0,0.0,0.0,0.0,0.0,0.0277777777777777,0.0166666666666666,0.0111111111111111,0.0055555555555554,0.0041666666666666,0.0013888888888888,0.0013888888888888,0.0013888888888888,0.0,0.0041666666666666,0.0041666666666666,0.0,0.009722222222222101,0.0041666666666666,0.0055555555555555,0.0,0.0,0.0,0.0,0.0,0.0,0.0069444444444443,0.0013888888888888,0.0055555555555555,0.0069444444444444,0.0069444444444444,0.0,0.0,0.0,0.0,0.0,0.0,0.0,0.0138888888888888,0.0138888888888888,0.0,0.0013888888888888,0.0013888888888888,0.0,258
2025-09-01,2025,9,581,204,377,4,3,1,3,3,0,1,1,0,49,18,31,1,1,0,0,0,0,0,0,0,8,5,3,9,5,4,0,0,0,7,5,2,10,7,3,0,0,0,2,1,1,1,1,0,1,1,0,0,0,0,0,0,0,18,17,1,5,3,2,0.8300000000000001,0.2914285714285714,0.5385714285714286,0.0057142857142856,0.0042857142857142,0.0014285714285714,0.0042857142857142,0.0042857142857142,0.0,0.0014285714285714,0.0014285714285714,0.0,0.0699999999999999,0.0257142857142857,0.0442857142857142,0.0014285714285714,0.0014285714285714,0.0,0.0,0.0,0.0,0.0,0.0,0.0,0.0114285714285713,0.0071428571428571,0.0042857142857142,0.0128571428571428,0.0071428571428571,0.0057142857142857,0.0,0.0,0.0,0.0099999999999999,0.0071428571428571,0.0028571428571428,0.0142857142857142,0.01,0.0042857142857142,0.0,0.0,0.0,0.0028571428571428,0.0014285714285714,0.0014285714285714,0.0014285714285714,0.0014285714285714,0.0,0.0014285714285714,0.0014285714285714,0.0,0.0,0.0,0.0,0.0,0.0,0.0,0.0257142857142856,0.0242857142857142,0.0014285714285714,0.0071428571428569995,0.0042857142857142,0.0028571428571428,275
2025-10-01,2025,10,634,197,437,4,2,2,11,2,9,0,0,0,54,27,27,3,1,2,0,0,0,0,0,0,5,1,4,6,4,2,0,0,0,3,0,3,14,6,8,0,0,0,5,4,1,0,0,0,0,0,0,1,0,1,1,1,0,4,4,0,6,5,1,0.8464619492656875,0.2630173564753004,0.5834445927903872,0.0053404539385846,0.0026702269692923,0.0026702269692923,0.014686248331108001,0.0026702269692923,0.0120160213618157,0.0,0.0,0.0,0.0720961281708944,0.0360480640854472,0.0360480640854472,0.0040053404539384,0.0013351134846461,0.0026702269692923,0.0,0.0,0.0,0.0,0.0,0.0,0.0066755674232308,0.0013351134846461,0.0053404539385847,0.008010680907877,0.0053404539385847,0.0026702269692923,0.0,0.0,0.0,0.0040053404539385,0.0,0.0040053404539385,0.0186915887850466,0.0080106809078771,0.0106809078771695,0.0,0.0,0.0,0.0066755674232308,0.0053404539385847,0.0013351134846461,0.0,0.0,0.0,0.0,0.0,0.0,0.0013351134846461,0.0,0.0013351134846461,0.0013351134846461,0.0013351134846461,0.0,0.0053404539385847,0.0053404539385847,0.0,0.008010680907877,0.0066755674232309,0.0013351134846461,254
2025-11-01,2025,11,600,253,347,3,1,2,5,3,2,2,2,0,53,22,31,5,5,0,0,0,0,0,0,0,3,0,3,6,3,3,0,0,0,2,2,0,3,3,0,0,0,0,1,1,0,2,1,1,0,0,0,1,0,1,1,1,0,2,2,0,13,8,5,0.8559201141226819,0.3609129814550642,0.4950071326676177,0.0042796005706134,0.0014265335235378,0.0028530670470756,0.007132667617688999,0.0042796005706134,0.0028530670470756,0.0028530670470756,0.0028530670470756,0.0,0.0756062767475035,0.0313837375178316,0.0442225392296719,0.007132667617689,0.007132667617689,0.0,0.0,0.0,0.0,0.0,0.0,0.0,0.0042796005706134,0.0,0.0042796005706134,0.0085592011412268,0.0042796005706134,0.0042796005706134,0.0,0.0,0.0,0.0028530670470756,0.0028530670470756,0.0,0.0042796005706134,0.0042796005706134,0.0,0.0,0.0,0.0,0.0014265335235378,0.0014265335235378,0.0,0.0028530670470756,0.0014265335235378,0.0014265335235378,0.0,0.0,0.0,0.0014265335235378,0.0,0.0014265335235378,0.0014265335235378,0.0014265335235378,0.0,0.0028530670470756,0.0028530670470756,0.0,0.0185449358059914,0.0114122681883024,0.007132667617689,306
2025-12-01,2025,12,659,221,438,10,7,3,7,3,4,1,1,0,54,23,31,0,0,0,5,5,0,0,0,0,3,0,3,7,4,3,0,0,0,8,2,6,25,20,5,2,1,1,0,0,0,0,0,0,2,1,1,1,1,0,2,1,1,0,0,0,1,1,0,0.8373570520965692,0.2808132147395171,0.5565438373570522,0.0127064803049554,0.0088945362134688,0.0038119440914866,0.0088945362134688,0.0038119440914866,0.0050825921219822,0.0012706480304955,0.0012706480304955,0.0,0.0686149936467598,0.0292249047013977,0.0393900889453621,0.0,0.0,0.0,0.0063532401524777,0.0063532401524777,0.0,0.0,0.0,0.0,0.0038119440914866,0.0,0.0038119440914866,0.0088945362134688,0.0050825921219822,0.0038119440914866,0.0,0.0,0.0,0.0101651842439644,0.0025412960609911,0.0076238881829733,0.0317662007623887,0.025412960609911,0.0063532401524777,0.002541296060991,0.0012706480304955,0.0012706480304955,0.0,0.0,0.0,0.0,0.0,0.0,0.002541296060991,0.0012706480304955,0.0012706480304955,0.0012706480304955,0.0012706480304955,0.0,0.002541296060991,0.0012706480304955,0.0012706480304955,0.0,0.0,0.0,0.0012706480304955,0.0012706480304955,0.0,291
2026-01-01,2026,1,542,163,379,2,1,1,4,2,2,1,1,0,34,15,19,1,1,0,1,1,0,0,0,0,7,0,7,3,2,1,0,0,0,3,2,1,11,3,8,0,0,0,2,2,0,1,1,0,2,2,0,0,0,0,1,1,0,9,8,1,27,26,1,0.8338461538461537,0.2507692307692307,0.583076923076923,0.003076923076923,0.0015384615384615,0.0015384615384615,0.006153846153846,0.003076923076923,0.003076923076923,0.0015384615384615,0.0015384615384615,0.0,0.052307692307692194,0.023076923076923,0.0292307692307692,0.0015384615384615,0.0015384615384615,0.0,0.0015384615384615,0.0015384615384615,0.0,0.0,0.0,0.0,0.0107692307692307,0.0,0.0107692307692307,0.0046153846153845005,0.003076923076923,0.0015384615384615,0.0,0.0,0.0,0.0046153846153845005,0.003076923076923,0.0015384615384615,0.016923076923076902,0.0046153846153846,0.0123076923076923,0.0,0.0,0.0,0.003076923076923,0.003076923076923,0.0,0.0015384615384615,0.0015384615384615,0.0,0.003076923076923,0.003076923076923,0.0,0.0,0.0,0.0,0.0015384615384615,0.0015384615384615,0.0,0.013846153846153801,0.0123076923076923,0.0015384615384615,0.0415384615384615,0.04,0.0015384615384615,230
2026-02-01,2026,2,560,185,375,3,1,2,4,3,1,0,0,0,35,14,21,0,0,0,0,0,0,0,0,0,7,1,6,3,2,1,0,0,0,2,2,0,3,2,1,0,0,0,1,1,0,2,2,0,0,0,0,1,0,1,2,1,1,9,9,0,21,20,1,0.8575803981623278,0.2833078101071976,0.5742725880551302,0.004594180704441,0.001531393568147,0.003062787136294,0.006125574272588,0.004594180704441,0.001531393568147,0.0,0.0,0.0,0.0535987748851453,0.0214395099540581,0.0321592649310872,0.0,0.0,0.0,0.0,0.0,0.0,0.0,0.0,0.0,0.010719754977029,0.001531393568147,0.009188361408882,0.004594180704441,0.003062787136294,0.001531393568147,0.0,0.0,0.0,0.003062787136294,0.003062787136294,0.0,0.004594180704441,0.003062787136294,0.001531393568147,0.0,0.0,0.0,0.001531393568147,0.001531393568147,0.0,0.003062787136294,0.003062787136294,0.0,0.0,0.0,0.0,0.001531393568147,0.0,0.001531393568147,0.003062787136294,0.001531393568147,0.001531393568147,0.0137825421133231,0.0137825421133231,0.0,0.0321592649310872,0.0306278713629402,0.001531393568147,243
2026-03-01,2026,3,572,229,343,4,4,0,8,6,2,0,0,0,58,33,25,0,0,0,0,0,0,0,0,0,8,0,8,1,1,0,0,0,0,2,2,0,9,6,3,0,0,0,3,3,0,9,9,0,0,0,0,0,0,0,0,0,0,4,3,1,12,11,1,0.8289855072463768,0.3318840579710145,0.4971014492753623,0.0057971014492753,0.0057971014492753,0.0,0.0115942028985506,0.008695652173913,0.0028985507246376,0.0,0.0,0.0,0.0840579710144927,0.0478260869565217,0.036231884057971,0.0,0.0,0.0,0.0,0.0,0.0,0.0,0.0,0.0,0.0115942028985507,0.0,0.0115942028985507,0.0014492753623188,0.0014492753623188,0.0,0.0,0.0,0.0,0.0028985507246376,0.0028985507246376,0.0,0.0130434782608695,0.008695652173913,0.0043478260869565,0.0,0.0,0.0,0.0043478260869565,0.0043478260869565,0.0,0.0130434782608695,0.0130434782608695,0.0,0.0,0.0,0.0,0.0,0.0,0.0,0.0,0.0,0.0,0.0057971014492753,0.0043478260869565,0.0014492753623188,0.017391304347826,0.0159420289855072,0.0014492753623188,307
2026-04-01,2026,4,555,191,364,2,1,1,8,0,8,2,2,0,58,28,30,2,2,0,0,0,0,0,0,0,6,0,6,10,6,4,0,0,0,4,2,2,7,4,3,1,0,1,2,2,0,3,3,0,0,0,0,0,0,0,0,0,0,4,4,0,4,3,1,0.8308383233532933,0.2859281437125748,0.5449101796407185,0.0029940119760478,0.0014970059880239,0.0014970059880239,0.0119760479041916,0.0,0.0119760479041916,0.0029940119760479,0.0029940119760479,0.0,0.0868263473053891,0.0419161676646706,0.0449101796407185,0.0029940119760479,0.0029940119760479,0.0,0.0,0.0,0.0,0.0,0.0,0.0,0.0089820359281437,0.0,0.0089820359281437,0.0149700598802395,0.0089820359281437,0.0059880239520958,0.0,0.0,0.0,0.0059880239520958,0.0029940119760479,0.0029940119760479,0.0104790419161676,0.0059880239520958,0.0044910179640718,0.0014970059880239,0.0,0.0014970059880239,0.0029940119760479,0.0029940119760479,0.0,0.0044910179640718,0.0044910179640718,0.0,0.0,0.0,0.0,0.0,0.0,0.0,0.0,0.0,0.0,0.0059880239520958,0.0059880239520958,0.0,0.0059880239520956995,0.0044910179640718,0.0014970059880239,248
2026-05-01,2026,5,561,181,380,6,4,2,4,0,4,13,13,0,61,24,37,2,2,0,0,0,0,1,1,0,4,1,3,13,5,8,0,0,0,3,3,0,5,3,2,1,1,0,1,1,0,7,7,0,1,1,0,1,0,1,0,0,0,6,6,0,4,3,1,0.8095238095238095,0.2611832611832612,0.5483405483405484,0.0086580086580085,0.0057720057720057,0.0028860028860028,0.0057720057720057,0.0,0.0057720057720057,0.0187590187590187,0.0187590187590187,0.0,0.08802308802308789,0.0346320346320346,0.0533910533910533,0.0028860028860028,0.0028860028860028,0.0,0.0,0.0,0.0,0.0014430014430014,0.0014430014430014,0.0,0.005772005772005701,0.0014430014430014,0.0043290043290043,0.0187590187590187,0.0072150072150072,0.0115440115440115,0.0,0.0,0.0,0.0043290043290043,0.0043290043290043,0.0,0.0072150072150071005,0.0043290043290043,0.0028860028860028,0.0014430014430014,0.0014430014430014,0.0,0.0014430014430014,0.0014430014430014,0.0,0.0101010101010101,0.0101010101010101,0.0,0.0014430014430014,0.0014430014430014,0.0,0.0014430014430014,0.0,0.0014430014430014,0.0,0.0,0.0,0.0086580086580086,0.0086580086580086,0.0,0.005772005772005701,0.0043290043290043,0.0014430014430014,255
2026-06-01,2026,6,356,94,262,2,1,1,5,1,4,2,1,1,33,19,14,0,0,0,0,0,0,0,0,0,10,3,7,3,2,1,0,0,0,6,2,4,5,2,3,0,0,0,2,1,1,0,0,0,1,1,0,0,0,0,0,0,0,3,3,0,3,3,0,0.8259860788863108,0.2180974477958236,0.6078886310904872,0.0046403712296982,0.0023201856148491,0.0023201856148491,0.011600928074245799,0.0023201856148491,0.0092807424593967,0.0046403712296982,0.0023201856148491,0.0023201856148491,0.0765661252900231,0.0440835266821345,0.0324825986078886,0.0,0.0,0.0,0.0,0.0,0.0,0.0,0.0,0.0,0.023201856148491802,0.0069605568445475,0.0162412993039443,0.0069605568445474005,0.0046403712296983,0.0023201856148491,0.0,0.0,0.0,0.013921113689094999,0.0046403712296983,0.0092807424593967,0.0116009280742458,0.0046403712296983,0.0069605568445475,0.0,0.0,0.0,0.0046403712296982,0.0023201856148491,0.0023201856148491,0.0,0.0,0.0,0.0023201856148491,0.0023201856148491,0.0,0.0,0.0,0.0,0.0,0.0,0.0,0.0069605568445475,0.0069605568445475,0.0,0.0069605568445475,0.0069605568445475,0.0,133
