date,year,month,-999Norm,cr_-999Norm,nr_-999Norm,activismNorm,cr_activismNorm,nr_activismNorm,arrestNorm,cr_arrestNorm,nr_arrestNorm,censorNorm,cr_censorNorm,nr_censorNorm,cooperateNorm,cr_cooperateNorm,nr_cooperateNorm,corruptionNorm,cr_corruptionNorm,nr_corruptionNorm,coupNorm,cr_coupNorm,nr_coupNorm,defamationcaseNorm,cr_defamationcaseNorm,nr_defamationcaseNorm,disasterNorm,cr_disasterNorm,nr_disasterNorm,electionactivityNorm,cr_electionactivityNorm,nr_electionactivityNorm,electionirregularitiesNorm,cr_electionirregularitiesNorm,nr_electionirregularitiesNorm,legalactionNorm,cr_legalactionNorm,nr_legalactionNorm,legalchangeNorm,cr_legalchangeNorm,nr_legalchangeNorm,martiallawNorm,cr_martiallawNorm,nr_martiallawNorm,mobilizesecurityNorm,cr_mobilizesecurityNorm,nr_mobilizesecurityNorm,protestNorm,cr_protestNorm,nr_protestNorm,purgeNorm,cr_purgeNorm,nr_purgeNorm,raidNorm,cr_raidNorm,nr_raidNorm,threatenNorm,cr_threatenNorm,nr_threatenNorm,violencelethalNorm,cr_violencelethalNorm,nr_violencelethalNorm,violencenonlethalNorm,cr_violencenonlethalNorm,nr_violencenonlethalNorm,total_articles
2012-01-01,2012,1,0.6491228070175438,0.2394876079086605,0.4096351991088833,0.0050125313283207,0.0041771094402673,0.0008354218880534,0.027568922305764302,0.0097465886939571,0.0178223336118072,0.0008354218880534,0.0008354218880534,0.0,0.0328599275967696,0.022834864940128,0.0100250626566416,0.027290448343079803,0.0206070732386521,0.0066833751044277,0.0030632135895292,0.0027847396268448,0.0002784739626844,0.0005569479253688,0.0002784739626844,0.0002784739626844,0.018936229462545102,0.0036201615148983,0.0153160679476468,0.0242272347535505,0.0219994430520746,0.0022277917014759,0.0041771094402673,0.0041771094402673,0.0,0.0673906989696462,0.0439988861041492,0.023391812865497,0.0189362294625452,0.0122528543581175,0.0066833751044277,0.0005569479253688,0.0002784739626844,0.0002784739626844,0.0022277917014758,0.0019493177387914,0.0002784739626844,0.022556390977443497,0.0161514898357003,0.0064049011417432,0.0128098022834864,0.0086326928432191,0.0041771094402673,0.0027847396268447996,0.0008354218880534,0.0019493177387914,0.0083542188805346,0.0058479532163742,0.0025062656641604,0.0646059593428013,0.0434419381787802,0.0211640211640211,0.025062656641603898,0.0128098022834864,0.0122528543581175,1663
2012-02-01,2012,2,0.6381742738589211,0.204149377593361,0.4340248962655602,0.0039419087136928,0.0022821576763485,0.0016597510373443,0.0288381742738588,0.00850622406639,0.0203319502074688,0.0012448132780082,0.0010373443983402,0.000207468879668,0.0356846473029044,0.0248962655601659,0.0107883817427385,0.027593360995850497,0.0207468879668049,0.0068464730290456,0.0016597510373441999,0.0012448132780082,0.000414937759336,0.0008298755186720999,0.000207468879668,0.0006224066390041,0.026141078838174202,0.0060165975103734,0.0201244813278008,0.0234439834024895,0.0224066390041493,0.0010373443983402,0.0039419087136929,0.0039419087136929,0.0,0.0695020746887966,0.041908713692946,0.0275933609958506,0.024273858921161698,0.0147302904564315,0.0095435684647302,0.000829875518672,0.000414937759336,0.000414937759336,0.0029045643153526,0.0022821576763485,0.0006224066390041,0.0288381742738588,0.021161825726141,0.0076763485477178,0.0062240663900414005,0.0051867219917012,0.0010373443983402,0.0031120331950205997,0.0010373443983402,0.0020746887966804,0.0056016597510372,0.0035269709543568,0.0020746887966804,0.0603734439834024,0.0398340248962655,0.0205394190871369,0.0284232365145227,0.0134854771784232,0.0149377593360995,2042
2012-03-01,2012,3,0.663647342995169,0.234098228663446,0.429549114331723,0.0082528180354267,0.0042270531400966,0.0040257648953301,0.0231481481481481,0.0080515297906602,0.0150966183574879,0.0022141706924315,0.001207729468599,0.0010064412238325,0.0261674718196456,0.0173107890499194,0.0088566827697262,0.0249597423510466,0.017914653784219,0.0070450885668276,0.002012882447665,0.001207729468599,0.000805152979066,0.001207729468599,0.0006038647342995,0.0006038647342995,0.0201288244766505,0.0038244766505636,0.0163043478260869,0.0146940418679548,0.0140901771336553,0.0006038647342995,0.0056360708534621,0.0056360708534621,0.0,0.06682769726247981,0.0414653784219001,0.0253623188405797,0.0177133655394524,0.0102657004830917,0.0074476650563607,0.0006038647342995,0.000402576489533,0.0002012882447665,0.0018115942028984998,0.0010064412238325,0.000805152979066,0.0267713365539451,0.0197262479871175,0.0070450885668276,0.0086553945249596,0.0058373590982286,0.002818035426731,0.0030193236714975,0.001207729468599,0.0018115942028985,0.0102657004830917,0.0090579710144927,0.001207729468599,0.0636070853462157,0.0412640901771336,0.0223429951690821,0.0253623188405796,0.0124798711755233,0.0128824476650563,2185
2012-04-01,2012,4,0.676953125,0.2296875,0.447265625,0.006640625000000001,0.005078125,0.0015625,0.0185546875,0.0056640625,0.012890625,0.0009765625,0.0001953125,0.00078125,0.029296875,0.020703125,0.00859375,0.01953125,0.0125,0.00703125,0.0029296875,0.001953125,0.0009765625,0.001953125,0.001171875,0.00078125,0.0279296875,0.0078125,0.0201171875,0.009570312499999999,0.008984375,0.0005859375,0.0025390625,0.0025390625,0.0,0.06875,0.04140625,0.02734375,0.0146484375,0.0072265625,0.007421875,0.004296875,0.0013671875,0.0029296875,0.004296875,0.003515625,0.00078125,0.026562500000000003,0.018359375,0.008203125,0.00859375,0.0068359375,0.0017578125,0.00234375,0.001171875,0.001171875,0.007031249999999999,0.00546875,0.0015625,0.0490234375,0.030859375,0.0181640625,0.03203125,0.019140625,0.012890625,2158
2012-05-01,2012,5,0.6651416505366883,0.2294562730951962,0.4356853774414921,0.0056308287876121,0.0035192679922576,0.0021115607953545,0.0246348759458032,0.0079183529825796,0.0167165229632236,0.0024634875945802,0.0021115607953545,0.0003519267992257,0.0330811191272214,0.0230512053492873,0.0100299137779341,0.0244589125461903,0.0167165229632236,0.0077423895829667,0.0019355973957416,0.001407707196903,0.0005278901988386,0.0005278901988386,0.0,0.0005278901988386,0.0214675347527713,0.0051029385887735,0.0163645961639978,0.0070385359845151,0.0066866091852894,0.0003519267992257,0.0021115607953545,0.0021115607953545,0.0,0.06369875065986261,0.038184057715995,0.0255146929438676,0.022171388351222898,0.0135491817701918,0.0086222065810311,0.0003519267992256,0.0001759633996128,0.0001759633996128,0.0043990849903219,0.0031673411930318,0.0012317437972901,0.027626253739222104,0.0211156079535456,0.0065106457856765,0.008622206581031,0.0065106457856765,0.0021115607953545,0.0031673411930318,0.001407707196903,0.0017596339961288,0.0089741333802568,0.0066866091852894,0.0022875241949674,0.0566602146753474,0.0385359845152208,0.0181242301601266,0.030441668133028302,0.0153088157663206,0.0151328523667077,2456
2012-06-01,2012,6,0.65016146393972,0.2179763186221743,0.4321851453175457,0.0053821313240042,0.003767491926803,0.0016146393972012,0.0199138858988158,0.0066379619662719,0.0132759239325439,0.0005382131324004001,0.0003588087549336,0.0001794043774668,0.0360602798708287,0.0260136347326874,0.0100466451381413,0.030139935414424,0.0190168640114818,0.0111230714029422,0.0021528525296017,0.0017940437746681,0.0003588087549336,0.0025116612845353,0.0019734481521349,0.0005382131324004,0.0269106566200214,0.0050233225690706,0.0218873340509508,0.0127377108001434,0.0114818801578758,0.0012558306422676,0.0014352350197344,0.0014352350197344,0.0,0.0653031933979188,0.0340868317186939,0.0312163616792249,0.0208109077861499,0.0111230714029422,0.0096878363832077,0.0003588087549336,0.0,0.0003588087549336,0.0032292787944025,0.0021528525296017,0.0010764262648008,0.0310369573017581,0.0213491209185504,0.0096878363832077,0.0100466451381413,0.0080731969860064,0.0019734481521349,0.003767491926803,0.0019734481521349,0.0017940437746681,0.0062791532113383,0.0053821313240043,0.000897021887334,0.0667384284176533,0.0452099031216361,0.0215285252960172,0.0276282741298887,0.015069967707212,0.0125583064226767,2371
2012-07-01,2012,7,0.6340699815837937,0.2007366482504604,0.4333333333333333,0.0057090239410681,0.0044198895027624,0.0012891344383057,0.0220994475138121,0.0064456721915285,0.0156537753222836,0.0007366482504604,0.0005524861878453,0.0001841620626151,0.0392265193370164,0.0272559852670349,0.0119705340699815,0.0257826887661141,0.0171270718232044,0.0086556169429097,0.0016574585635359001,0.0003683241252302,0.0012891344383057,0.0009208103130755001,0.0001841620626151,0.0007366482504604,0.026519337016574503,0.0044198895027624,0.0220994475138121,0.0141804788213627,0.0134438305709023,0.0007366482504604,0.0023941068139963,0.0023941068139963,0.0,0.0650092081031307,0.0344383057090239,0.0305709023941068,0.0290976058931859,0.0180478821362799,0.011049723756906,0.0012891344383057,0.0003683241252302,0.0009208103130755,0.0040515653775322,0.0033149171270718,0.0007366482504604,0.0305709023941067,0.021915285451197,0.0086556169429097,0.011049723756906,0.0082872928176795,0.0027624309392265,0.0016574585635359,0.0005524861878453,0.0011049723756906,0.005524861878452999,0.0046040515653775,0.0009208103130755,0.063720073664825,0.043646408839779,0.020073664825046,0.0333333333333332,0.020073664825046,0.0132596685082872,2280
2012-08-01,2012,8,0.6221912905150129,0.2046132431895009,0.417578047325512,0.0061642473652812994,0.0043746271624577,0.0017896202028236,0.033406243786040804,0.0079538675681049,0.0254523762179359,0.0019884668920262,0.0009942334460131,0.0009942334460131,0.032809703718433,0.0238616027043149,0.0089481010141181,0.027043149731556797,0.0214754424338834,0.0055677072976734,0.0027838536488366,0.0011930801352157,0.0015907735136209,0.0007953867568104,0.0003976933784052,0.0003976933784052,0.0300258500695962,0.0075561741896997,0.0224696758798965,0.01212964804136,0.0117319546629548,0.0003976933784052,0.0017896202028236,0.0017896202028236,0.0,0.059455160071584696,0.0347981706104593,0.0246569894611254,0.022270829190693897,0.0101411811493338,0.0121296480413601,0.0011930801352156,0.0007953867568104,0.0003976933784052,0.0063630940544839,0.0037780870948498,0.0025850069596341,0.0204812089878702,0.0151123483793994,0.0053688606084708,0.0113342612845495,0.0089481010141181,0.0023861602704314,0.0047723205408629,0.0021873135812288,0.0025850069596341,0.008948101014118,0.0061642473652813,0.0027838536488367,0.0717836548021475,0.0509047524358719,0.0208789023662756,0.0405647245973353,0.0246569894611254,0.0159077351362099,2159
2012-09-01,2012,9,0.6064935064935064,0.1998144712430426,0.4066790352504638,0.0063079777365491006,0.0042671614100185,0.0020408163265306,0.025231910946196597,0.0081632653061224,0.0170686456400742,0.0061224489795917,0.0048237476808905,0.0012987012987012,0.040445269016697497,0.0261595547309833,0.0142857142857142,0.020779220779220703,0.0139146567717996,0.0068645640074211,0.0018552875695732,0.0011131725417439,0.0007421150278293,0.0011131725417438,0.0005565862708719,0.0005565862708719,0.0441558441558441,0.0165120593692022,0.0276437847866419,0.0142857142857142,0.0131725417439703,0.0011131725417439,0.0029684601113172,0.0029684601113172,0.0,0.0725417439703153,0.0430426716141001,0.0294990723562152,0.022077922077922002,0.0137291280148423,0.0083487940630797,0.0011131725417439,0.0007421150278293,0.0003710575139146,0.0046382189239331,0.0029684601113172,0.0016697588126159,0.0378478664192949,0.0317254174397031,0.0061224489795918,0.0081632653061224,0.0066790352504638,0.0014842300556586,0.0033395176252317997,0.0007421150278293,0.0025974025974025,0.0051948051948051,0.0024118738404452,0.0027829313543599,0.0610389610389609,0.0421150278293135,0.0189239332096474,0.0293135435992578,0.0179962894248608,0.011317254174397,2383
2012-10-01,2012,10,0.6589371980676327,0.2282125603864734,0.4307246376811594,0.0069565217391303995,0.0056038647342995,0.0013526570048309,0.0233816425120772,0.0069565217391304,0.0164251207729468,0.0044444444444443,0.0028985507246376,0.0015458937198067,0.026086956521739,0.0177777777777777,0.0083091787439613,0.0212560386473429,0.0152657004830917,0.0059903381642512,0.0011594202898549,0.0007729468599033,0.0003864734299516,0.0017391304347825,0.0015458937198067,0.0001932367149758,0.019903381642512,0.003671497584541,0.016231884057971,0.0177777777777777,0.0160386473429951,0.0017391304347826,0.0040579710144927,0.0038647342995169,0.0001932367149758,0.058357487922705197,0.0345893719806763,0.0237681159420289,0.019516908212560302,0.0115942028985507,0.0079227053140096,0.001159420289855,0.0005797101449275,0.0005797101449275,0.0044444444444444,0.0034782608695652,0.0009661835748792,0.028599033816425,0.022415458937198,0.006183574879227,0.0075362318840579,0.0052173913043478,0.0023188405797101,0.0028985507246376,0.0005797101449275,0.0023188405797101,0.008695652173913,0.0073429951690821,0.0013526570048309,0.0583574879227052,0.0401932367149758,0.0181642512077294,0.0409661835748791,0.0278260869565217,0.0131400966183574,2299
2012-11-01,2012,11,0.6377764494919306,0.2225542936840008,0.4152221558079298,0.008168957959752799,0.00557880055788,0.0025901574018728,0.0233114166168559,0.0075712293285515,0.0157401872883044,0.00278940027894,0.00139470013947,0.00139470013947,0.0376569037656903,0.0249053596333931,0.0127515441322972,0.017931858936043002,0.0121538155010958,0.0057780434349472,0.0009962143853356,0.0005977286312014,0.0003984857541342,0.0005977286312013,0.0001992428770671,0.0003984857541342,0.0205220163379158,0.00418410041841,0.0163379159195058,0.0209205020920501,0.0197250448296473,0.0011954572624028,0.0063757720661486,0.0063757720661486,0.0,0.0637577206614862,0.0394500896592946,0.0243076310021916,0.0286909742976688,0.0135485156405658,0.015142458657103,0.0017931858936042,0.0007969715082685,0.0009962143853357,0.0055788005578799,0.0039848575413428,0.0015939430165371,0.0205220163379158,0.0135485156405658,0.00697350069735,0.0089659294680214,0.0067742578202829,0.0021916716477385,0.0025901574018728,0.0011954572624028,0.00139470013947,0.00976290097629,0.00836820083682,0.00139470013947,0.060569834628411895,0.0448296473401075,0.0157401872883044,0.0344690177326159,0.0225144451085873,0.0119545726240286,2265
2012-12-01,2012,12,0.6376703378756766,0.2262460332275527,0.4114243046481239,0.0056001493373156,0.0044801194698525,0.0011200298674631,0.0177338062348328,0.0037334328915437,0.0140003733432891,0.0014933731566174,0.0009333582228859,0.0005600149337315,0.0414411050961358,0.0302408064215045,0.0112002986746313,0.0229606122829941,0.0182938211685644,0.0046667911144297,0.0016800448011946001,0.0011200298674631,0.0005600149337315,0.0009333582228857999,0.0007466865783087,0.0001866716445771,0.021467239126376603,0.0052268060481612,0.0162404330782154,0.0287474332648869,0.0268807168191151,0.0018667164457718,0.0076535374276647,0.0076535374276647,0.0,0.0569348515960425,0.0345342542467799,0.0224005973492626,0.0212805674817994,0.0117603136083628,0.0095202538734366,0.001120029867463,0.0007466865783087,0.0003733432891543,0.0031734179578121,0.0014933731566175,0.0016800448011946,0.025760686951652,0.0181071495239873,0.0076535374276647,0.0115736419637856,0.0093335822288594,0.0022400597349262,0.0022400597349262,0.0007466865783087,0.0014933731566175,0.006533507560201501,0.0054134776927384,0.0011200298674631,0.0604816128430091,0.0459212245659884,0.0145603882770207,0.037707672204592,0.022773940638417,0.014933731566175,2495
2013-01-01,2013,1,0.6006493506493507,0.2121848739495798,0.3884644766997708,0.0064935064935064,0.0040106951871657,0.0024828113063407,0.0221543162719633,0.0053475935828877,0.0168067226890756,0.0024828113063406,0.0013368983957219,0.0011459129106187,0.0360962566844919,0.0273109243697479,0.008785332314744,0.0238731856378914,0.0194805194805194,0.004392666157372,0.0011459129106187,0.0011459129106187,0.0,0.0003819709702062,0.0001909854851031,0.0001909854851031,0.0244461420932008,0.0026737967914438,0.021772345301757,0.024637127578304,0.0233002291825821,0.0013368983957219,0.007257448433919,0.007257448433919,0.0,0.058632543926661396,0.0360962566844919,0.0225362872421695,0.021008403361344498,0.0120320855614973,0.0089763177998472,0.0024828113063406,0.0019098548510313,0.0005729564553093,0.0053475935828876005,0.0036287242169595,0.0017188693659281,0.0542398777692894,0.0418258212375859,0.0124140565317035,0.0076394194041252,0.0068754774637127,0.0007639419404125,0.0042016806722688,0.001527883880825,0.0026737967914438,0.0116501145912909,0.0099312452253628,0.0017188693659281,0.0704736440030556,0.0569136745607333,0.0135599694423223,0.0311306340718105,0.0208174178762414,0.0103132161955691,2525
2013-02-01,2013,2,0.6353458616553378,0.2315073970411835,0.4038384646141543,0.0079968012794881,0.0049980007996801,0.002998800479808,0.0201919232307077,0.0079968012794882,0.0121951219512195,0.0027988804478207997,0.0011995201919232,0.0015993602558976,0.047780887644942004,0.0393842463014794,0.0083966413434626,0.0191923230707716,0.0113954418232706,0.007796881247501,0.0011995201919232,0.000999600159936,0.0001999200319872,0.0007996801279488,0.0003998400639744,0.0003998400639744,0.0245901639344262,0.0039984006397441,0.0205917632946821,0.0255897640943622,0.0237904838064774,0.0017992802878848,0.0079968012794882,0.0079968012794882,0.0,0.054178328668532505,0.0295881647341063,0.0245901639344262,0.023190723710515698,0.0113954418232706,0.0117952818872451,0.0013994402239104,0.0013994402239104,0.0,0.0051979208316672,0.0033986405437824,0.0017992802878848,0.0347860855657736,0.0279888044782087,0.0067972810875649,0.0085965613754497,0.0067972810875649,0.0017992802878848,0.001999200319872,0.0005997600959616,0.0013994402239104,0.006197520991603299,0.0049980007996801,0.0011995201919232,0.0613754498200719,0.0453818472610955,0.0159936025589764,0.023390643742502902,0.0147940823670531,0.0085965613754498,2360
2013-03-01,2013,3,0.6380952380952379,0.2433862433862433,0.3947089947089947,0.0056437389770722,0.0038800705467372,0.001763668430335,0.0211640211640211,0.0091710758377425,0.0119929453262786,0.0015873015873015,0.001058201058201,0.0005291005291005,0.0301587301587301,0.0220458553791887,0.0081128747795414,0.0202821869488536,0.0146384479717813,0.0056437389770723,0.0012345679012345,0.0008818342151675,0.000352733686067,0.000705467372134,0.000705467372134,0.0,0.0185185185185185,0.0037037037037037,0.0148148148148148,0.0663139329805995,0.064726631393298,0.0015873015873015,0.0079365079365079,0.0079365079365079,0.0,0.052204585537918805,0.0338624338624338,0.018342151675485,0.0236331569664902,0.0126984126984126,0.0109347442680776,0.0015873015873015,0.0015873015873015,0.0,0.0037037037037035998,0.0029982363315696,0.000705467372134,0.0232804232804232,0.0172839506172839,0.0059964726631393,0.011992945326278499,0.010758377425044,0.0012345679012345,0.0022927689594355,0.001058201058201,0.0012345679012345,0.0052910052910052005,0.0049382716049382,0.000352733686067,0.048324514991181504,0.0359788359788359,0.0123456790123456,0.0296296296296295,0.0188712522045855,0.010758377425044,2845
2013-04-01,2013,4,0.5833657966497858,0.2210751850409038,0.362290611608882,0.0066225165562913,0.0050642773665757,0.0015582391897156,0.024152707440592,0.0109076743280093,0.0132450331125827,0.0013634592910011,0.0011686793922867,0.0001947798987144,0.0292169848071678,0.0214257888585897,0.0077911959485781,0.0233735878457343,0.0159719516945851,0.0074016361511492,0.0005843396961433,0.0001947798987144,0.0003895597974289,0.0007791195948577,0.0005843396961433,0.0001947798987144,0.0288274250097389,0.014218932606155,0.0146084924035839,0.096416049863654,0.0936891312816517,0.0027269185820023,0.0177249707830151,0.0177249707830151,0.0,0.0689520841449162,0.0459680560966108,0.0229840280483054,0.0132450331125827,0.0074016361511492,0.0058433969614335,0.0001947798987144,0.0001947798987144,0.0,0.005064277366575699,0.0048694974678613,0.0001947798987144,0.0140241527074405,0.0095442150370081,0.0044799376704324,0.013050253213868199,0.0105181145305804,0.0025321386832878,0.00175301908843,0.0005843396961433,0.0011686793922867,0.0056486170627191,0.0052590572652902,0.0003895597974289,0.0463576158940396,0.0360342812621737,0.0103233346318659,0.0348656018698869,0.0214257888585897,0.0134398130112972,2744
2013-05-01,2013,5,0.5813204508856682,0.2250849883700125,0.3562354625156557,0.0025049203793165,0.0025049203793165,0.0,0.0171765968867417,0.0060833780640543,0.0110932188226874,0.001431383073895,0.0008946144211844,0.0005367686527106,0.0263016639828233,0.0220075147611379,0.0042941492216854,0.0169976740025048,0.0110932188226874,0.0059044551798174,0.0008946144211843,0.0007156915369475,0.0001789228842368,0.0008946144211843,0.0007156915369475,0.0001789228842368,0.0255859724458757,0.0059044551798174,0.0196815172660583,0.1125424941850062,0.1086061907317946,0.0039363034532116,0.0275541241724816,0.0275541241724816,0.0,0.0440150295222758,0.0257648953301127,0.0182501341921631,0.0153873680443728,0.0076936840221864,0.0076936840221864,0.0003578457684736,0.0001789228842368,0.0001789228842368,0.0050098407586329,0.0041152263374485,0.0008946144211844,0.0189658257291107,0.0143138307389515,0.0046519949901592,0.0130613705492932,0.0103775272857398,0.0026838432635534,0.0025049203793164002,0.0014313830738951,0.0010735373054213,0.0057255322955805,0.0044730721059223,0.0012524601896582,0.0610127035247807,0.0474145643227768,0.0135981392020039,0.033458579352299,0.0207550545714796,0.0127035247808194,3017
2013-06-01,2013,6,0.6589477960593134,0.2049563274426163,0.4539914686166971,0.0048750761730652,0.0024375380865326,0.0024375380865326,0.0170627666057281,0.0050782043469429,0.0119845622587852,0.0006093845216331,0.0004062563477554,0.0002031281738777,0.0331098923420677,0.0235628681698151,0.0095470241722526,0.0170627666057281,0.0113751777371521,0.005687588868576,0.0004062563477554,0.0002031281738777,0.0002031281738777,0.0,0.0,0.0,0.0294535852122689,0.0060938452163315,0.0233597399959374,0.0211253300832825,0.0205159455616494,0.0006093845216331,0.0012187690432663,0.0012187690432663,0.0,0.0544383505992281,0.035141174080845,0.0192971765183831,0.0369693276457444,0.0162502539102173,0.0207190737355271,0.0016250253910216,0.0008125126955108,0.0008125126955108,0.0034531789559211,0.0018281535648994,0.0016250253910217,0.0172658947796058,0.0119845622587852,0.0052813325208206,0.0109689213893967,0.0085313833028641,0.0024375380865326,0.0030469226081656,0.0008125126955108,0.0022344099126548,0.0030469226081656997,0.002843794434288,0.0002031281738777,0.0617509648588258,0.0448913264269754,0.0168596384318504,0.035141174080845,0.0217347146049157,0.0134064594759293,2036
2013-07-01,2013,7,0.6439349402312364,0.194591416813639,0.4493435234175975,0.0025475210660395,0.0021555947481873,0.0003919263178522,0.020968058005095002,0.0054869684499314,0.0154810895551636,0.0015677052714089,0.0005878894767783,0.0009798157946306,0.0397805212620027,0.0295904369978444,0.0101900842641583,0.024299431706839,0.0156770527140897,0.0086223789927493,0.0017636684303349998,0.0011757789535567,0.0005878894767783,0.0015677052714089,0.0013717421124828,0.0001959631589261,0.026455026455026398,0.0037233000195963,0.0227317264354301,0.0315500685871056,0.0313541054281795,0.0001959631589261,0.0066627474034881,0.0066627474034881,0.0,0.0582010582010581,0.0293944738389182,0.0288065843621399,0.0250832843425436,0.0125416421712718,0.0125416421712718,0.0011757789535566,0.0005878894767783,0.0005878894767783,0.0037233000195962,0.0023515579071134,0.0013717421124828,0.016068979031941898,0.0125416421712718,0.0035273368606701,0.011561826376641101,0.0096021947873799,0.0019596315892612,0.0052910052910052005,0.0025475210660395,0.0027434842249657,0.0029394473838917,0.0025475210660395,0.0003919263178522,0.0548696844993141,0.0403684107387811,0.014501273760533,0.0358612580834802,0.0203801685283166,0.0154810895551636,2123
2013-08-01,2013,8,0.620114006514658,0.2056188925081433,0.4144951140065147,0.002442996742671,0.0012214983713355,0.0012214983713355,0.022597719869706698,0.0063110749185667,0.01628664495114,0.0020358306188923998,0.0006107491856677,0.0014250814332247,0.042956026058631795,0.0323697068403908,0.010586319218241,0.0162866449511399,0.0107899022801302,0.0054967426710097,0.0014250814332247,0.0014250814332247,0.0,0.0004071661237785,0.0004071661237785,0.0,0.0570032573289901,0.0207654723127035,0.0362377850162866,0.021172638436482,0.0209690553745928,0.0002035830618892,0.0075325732899022,0.0075325732899022,0.0,0.056188925081433104,0.0352198697068403,0.0209690553745928,0.0205618892508142,0.0120114006514657,0.0085504885993485,0.0034609120521172003,0.0028501628664495,0.0006107491856677,0.0085504885993484,0.0067182410423452,0.0018322475570032,0.0158794788273615,0.0132328990228013,0.0026465798045602,0.0091612377850162,0.007328990228013,0.0018322475570032,0.0044788273615634,0.0026465798045602,0.0018322475570032,0.004885993485341899,0.0042752442996742,0.0006107491856677,0.055171009771986905,0.0421416938110749,0.013029315960912,0.0372557003257328,0.0258550488599348,0.011400651465798,2231
2013-09-01,2013,9,0.6350073544862366,0.2155915108216012,0.4194158436646354,0.0046228199201512,0.0029417944946417,0.0016810254255095,0.0287875604118511,0.0094557680184912,0.0193317923933599,0.0016810254255094,0.0010506408909434,0.000630384534566,0.0403446102122293,0.0310989703719268,0.0092456398403025,0.020802689640680702,0.0138684597604538,0.0069342298802269,0.0006303845345659,0.0002101281781886,0.0004202563563773,0.0004202563563773,0.0,0.0004202563563773,0.0453876864887581,0.0245849968480773,0.0208026896406808,0.0105064089094346,0.0098760243748686,0.000630384534566,0.0035721790292078,0.0035721790292078,0.0,0.0582055053582685,0.0336205085101912,0.0245849968480773,0.0168102542550955,0.0109266652658121,0.0058835889892834,0.000630384534566,0.000630384534566,0.0,0.005883588989283301,0.0052532044547173,0.000630384534566,0.0170203824332842,0.0121874343349443,0.0048329480983399,0.0107165370876234,0.0079848707711704,0.002731666316453,0.0037823072073964,0.0014708972473208,0.0023114099600756,0.0021012817818868,0.0018911536036982,0.0002101281781886,0.06598024795125021,0.0491699936961546,0.0168102542550956,0.039924353855852,0.024795125026266,0.015129228829586,2152
2013-10-01,2013,10,0.6451886392539211,0.2168291649003815,0.4283594743535396,0.0046629927935565,0.0036032217041119,0.0010597710894446,0.0303094531581178,0.0112335735481136,0.0190758796100042,0.0027554048325561,0.0021195421788893,0.0006358626536668,0.0487494701144552,0.036244171259008,0.0125052988554472,0.0169563374311148,0.0118694362017804,0.0050869012293344,0.0008478168715556999,0.0002119542178889,0.0006358626536668,0.0004239084357778,0.0002119542178889,0.0002119542178889,0.0309453158117846,0.0105977108944468,0.0203476049173378,0.0125052988554471,0.0120813904196693,0.0004239084357778,0.0055108096651123,0.0055108096651123,0.0,0.0512929207291224,0.0309453158117846,0.0203476049173378,0.0205595591352267,0.0116574819838914,0.0089020771513353,0.0006358626536667,0.0004239084357778,0.0002119542178889,0.0050869012293344,0.0029673590504451,0.0021195421788893,0.0169563374311148,0.0137770241627808,0.003179313268334,0.0097498940228909,0.0076303518440016,0.0021195421788893,0.002967359050445,0.0008478168715557,0.0021195421788893,0.006358626536668,0.0052988554472234,0.0010597710894446,0.057227638830012695,0.0406952098346757,0.016532428995337,0.0400593471810088,0.0233149639677829,0.0167443832132259,2079
2013-11-01,2013,11,0.652858683926645,0.2192017259978425,0.4336569579288026,0.0049622437971951,0.0032362459546925,0.0017259978425026,0.0254584681769147,0.0077669902912621,0.0176914778856526,0.003883495145631,0.0019417475728155,0.0019417475728155,0.0358144552319308,0.023732470334412,0.0120819848975188,0.019848975188781003,0.0140237324703344,0.0058252427184466,0.0006472491909384,0.0004314994606256,0.0002157497303128,0.0006472491909385,0.0006472491909385,0.0,0.0230852211434735,0.0043149946062567,0.0187702265372168,0.0129449838187701,0.0125134843581445,0.0004314994606256,0.0092772384034519,0.0092772384034519,0.0,0.0617044228694713,0.0416396979503775,0.0200647249190938,0.0187702265372167,0.0112189859762675,0.0075512405609492,0.0062567421790722,0.0032362459546925,0.0030204962243797,0.0034519956850052997,0.0030204962243797,0.0004314994606256,0.0293419633225457,0.0220064724919093,0.0073354908306364,0.0094929881337647,0.0077669902912621,0.0017259978425026,0.0030204962243796,0.0010787486515641,0.0019417475728155,0.0040992448759438,0.0030204962243797,0.0010787486515641,0.0582524271844659,0.0403451995685005,0.0179072276159654,0.0297734627831714,0.0148867313915857,0.0148867313915857,2019
2013-12-01,2013,12,0.668732782369146,0.2160238751147842,0.4527089072543618,0.0075757575757575,0.0048209366391184,0.0027548209366391,0.0215794306703396,0.0073461891643709,0.0142332415059687,0.0018365472910926001,0.0011478420569329,0.0006887052341597,0.0358126721763084,0.0245638200183654,0.011248852157943,0.0215794306703397,0.0165289256198347,0.005050505050505,0.0006887052341597,0.0006887052341597,0.0,0.0006887052341596,0.0004591368227731,0.0002295684113865,0.0190541781450871,0.0034435261707988,0.0156106519742883,0.0197428833792469,0.018595041322314,0.0011478420569329,0.0078053259871441,0.0078053259871441,0.0,0.062442607897153196,0.0378787878787878,0.0245638200183654,0.0257116620752983,0.0142332415059687,0.0114784205693296,0.0006887052341597,0.0006887052341597,0.0,0.0048209366391184,0.0032139577594123,0.0016069788797061,0.0296143250688704,0.0243342516069788,0.0052800734618916,0.0078053259871441,0.0064279155188246,0.0013774104683195,0.0029843893480255997,0.0009182736455463,0.0020661157024793,0.0073461891643709,0.0055096418732782,0.0018365472910927,0.0438475665748392,0.0303030303030303,0.0135445362718089,0.0252525252525251,0.0142332415059687,0.0110192837465564,1863
2014-01-01,2014,1,0.666364049024058,0.1956423059464366,0.4707217430776214,0.0065819337267362,0.0040853381752156,0.0024965955515206,0.0190649114843395,0.0040853381752156,0.0149795733091239,0.0015887426236949,0.0011348161597821,0.0004539264639128,0.0406264185201996,0.0290512936904221,0.0115751248297775,0.0201997276441216,0.0140717203812982,0.0061280072628234,0.001134816159782,0.0009078529278256,0.0002269632319564,0.0018157058556513,0.0011348161597821,0.0006808896958692,0.0186109850204265,0.0059010440308669,0.0127099409895596,0.0124829777576032,0.0122560145256468,0.0002269632319564,0.0068088969586926,0.0068088969586926,0.0,0.0549251021334543,0.0360871538810712,0.0188379482523831,0.0174761688606445,0.0081706763504312,0.0093054925102133,0.001134816159782,0.0006808896958692,0.0004539264639128,0.0040853381752155,0.0031774852473899,0.0009078529278256,0.0224693599636858,0.0179300953245574,0.0045392646391284,0.0090785292782569,0.0070358601906491,0.0020426690876078,0.002723558783477,0.0013617793917385,0.0013617793917385,0.0031774852473898,0.0029505220154334,0.0002269632319564,0.0689968225147525,0.051520653654108,0.0174761688606445,0.0335905583295505,0.0190649114843395,0.014525646845211,1823
2014-02-01,2014,2,0.6604923798358733,0.2079718640093786,0.4525205158264947,0.0065650644783117,0.0037514654161781,0.0028135990621336,0.028135990621336298,0.0067995310668229,0.0213364595545134,0.0009378663540445,0.0007033997655334,0.0002344665885111,0.056975381008206205,0.0412661195779601,0.0157092614302461,0.0196951934349354,0.0131301289566236,0.0065650644783118,0.0023446658851113,0.0014067995310668,0.0009378663540445,0.0009378663540445,0.0007033997655334,0.0002344665885111,0.0196951934349354,0.0039859320046893,0.0157092614302461,0.0037514654161781,0.003516998827667,0.0002344665885111,0.0028135990621336,0.0028135990621336,0.0,0.0567409144196951,0.0347010550996483,0.0220398593200468,0.02063305978898,0.0084407971864009,0.0121922626025791,0.0,0.0,0.0,0.006799531066822901,0.005158264947245,0.0016412661195779,0.0180539273153575,0.0135990621336459,0.0044548651817116,0.0065650644783118006,0.005158264947245,0.0014067995310668,0.0021101992966001,0.0004689331770222,0.0016412661195779,0.006096131301289501,0.0044548651817116,0.0016412661195779,0.061664712778429,0.0452520515826494,0.0164126611957796,0.0332942555685814,0.0203985932004689,0.0128956623681125,1766
2014-03-01,2014,3,0.6722468737394109,0.2059298104074223,0.4663170633319887,0.0042355788624444,0.0028237192416296,0.0014118596208148,0.0252117789431222,0.0070592981040742,0.018152480839048,0.0020169423154497,0.0014118596208148,0.0006050826946349,0.0502218636546994,0.036103267446551,0.0141185962081484,0.0145219846712384,0.009076240419524,0.0054457442517144,0.0004033884630899,0.0004033884630899,0.0,0.0002016942315449,0.0,0.0002016942315449,0.0278338039532069,0.0060508269463493,0.0217829770068576,0.008269463493344,0.0076643807987091,0.0006050826946349,0.0030254134731746,0.0030254134731746,0.0,0.0580879386849535,0.0395320693828156,0.0185558693021379,0.0213795885437676,0.0098830173457039,0.0114965711980637,0.0008067769261799,0.0008067769261799,0.0,0.0052440500201693,0.0038321903993545,0.0014118596208148,0.0185558693021379,0.0143202904396934,0.0042355788624445,0.008067769261799,0.0064542154094392,0.0016135538523598,0.0040338846308995,0.0008067769261799,0.0032271077047196,0.005445744251714299,0.0042355788624445,0.0012101653892698,0.0465913674868898,0.0306575231948366,0.0159338442920532,0.033481242436466205,0.0197660346914078,0.0137152077450584,2001
2014-04-01,2014,4,0.6643795334248186,0.2001568319937267,0.4642227014310919,0.00490099980396,0.002940599882376,0.001960399921584,0.0266614389335424,0.0072534797098608,0.0194079592236816,0.0033326798666928,0.0027445598902176,0.0005881199764752,0.0386198784552048,0.0282297588708096,0.0103901195843952,0.0168594393256224,0.0115663595373456,0.0052930797882768,0.0015683199372672,0.0005881199764752,0.000980199960792,0.0013722799451088,0.0011762399529504,0.0001960399921584,0.0201921191923152,0.0045089198196432,0.015683199372672,0.0123505195059792,0.0121544795138208,0.0001960399921584,0.0043128798274848,0.0043128798274848,0.0,0.0543030778278768,0.0317584787296608,0.022544599098216,0.0229366790825328,0.0135267594589296,0.0094099196236032,0.0011762399529504,0.000980199960792,0.0001960399921584,0.0031366398745344,0.0021564399137424,0.000980199960792,0.017643599294256,0.0123505195059792,0.0052930797882768,0.0111742795530288,0.0084297196628112,0.0027445598902176,0.0023524799059008,0.0007841599686336,0.0015683199372672,0.0045089198196432,0.003920799843168,0.0005881199764752,0.0562634777494608,0.0364634385414624,0.0198000392079984,0.0446971182121152,0.0237208390511664,0.0209762791609488,2048
2014-05-01,2014,5,0.6429699842022116,0.2075434439178515,0.4354265402843602,0.0061216429699841,0.00434439178515,0.0017772511848341,0.0304107424960504,0.009083728278041,0.0213270142180094,0.00434439178515,0.0041469194312796,0.0001974723538704,0.0331753554502369,0.0231042654028436,0.0100710900473933,0.0258688783570299,0.018562401263823,0.0073064770932069,0.0007898894154816999,0.0005924170616113,0.0001974723538704,0.0007898894154816999,0.0005924170616113,0.0001974723538704,0.0304107424960505,0.0059241706161137,0.0244865718799368,0.009083728278041,0.009083728278041,0.0,0.0065165876777251,0.0065165876777251,0.0,0.0610189573459715,0.0347551342812006,0.0262638230647709,0.021919431279620802,0.0092812006319115,0.0126382306477093,0.0029620853080568,0.0017772511848341,0.0011848341232227,0.0031595576619272,0.0023696682464454,0.0007898894154818,0.0250789889415481,0.021129541864139,0.0039494470774091,0.0082938388625591,0.0063191153238546,0.0019747235387045,0.0021721958925749,0.0005924170616113,0.0015797788309636,0.0051342812006318,0.00434439178515,0.0007898894154818,0.0635860979462875,0.040086887835703,0.0234992101105845,0.0343601895734596,0.0193522906793048,0.0150078988941548,2112
2014-06-01,2014,6,0.616567828020756,0.1966271312083024,0.4199406968124536,0.0035211267605632,0.0022238695329873,0.0012972572275759,0.029651593773165202,0.0100074128984432,0.019644180874722,0.0024091919940696,0.0018532246108228,0.0005559673832468,0.0303928836174944,0.0218680504077094,0.008524833209785,0.0192735359525574,0.0151964418087472,0.0040770941438102,0.0016679021497404,0.0003706449221645,0.0012972572275759,0.0011119347664936001,0.0007412898443291,0.0003706449221645,0.0285396590066715,0.004633061527057,0.0239065974796145,0.0063009636767976,0.0063009636767976,0.0,0.0027798369162342,0.0027798369162342,0.0,0.0431801334321718,0.0265011119347664,0.0166790214974054,0.0339140103780578,0.0164936990363232,0.0174203113417346,0.0016679021497404,0.0012972572275759,0.0003706449221645,0.014640474425500299,0.0116753150481838,0.0029651593773165,0.0209414381022979,0.0161230541141586,0.0048183839881393,0.0098220904373609,0.0061156412157153,0.0037064492216456,0.0046330615270569996,0.0016679021497405,0.0029651593773165,0.005374351371386099,0.0042624166048925,0.0011119347664936,0.0752409191994069,0.050407709414381,0.0248332097850259,0.06319495922905849,0.0455893254262416,0.0176056338028169,2330
2014-07-01,2014,7,0.6442805898764448,0.2080510163411718,0.436229573535273,0.0049820645675567,0.0045834994021522,0.0003985651654045,0.0372658429653247,0.0137504982064567,0.023515344758868,0.000797130330809,0.0005978477481068,0.0001992825827022,0.0288959744918293,0.021323236349143,0.0075727381426863,0.0211239537664407,0.0145476285372658,0.0065763252291749,0.0013949780789158,0.000797130330809,0.0005978477481068,0.0011956954962136,0.0011956954962136,0.0,0.028895974491829398,0.0041849342367477,0.0247110402550817,0.0055799123156636,0.0055799123156636,0.0,0.0021921084097249,0.0021921084097249,0.0,0.0520127540852928,0.0314866480669589,0.0205261060183339,0.020127540852929303,0.0113591072140294,0.0087684336388999,0.0019928258270226,0.0011956954962136,0.000797130330809,0.010362694300518,0.007373455559984,0.002989238740534,0.0245117576723793,0.0193304105221203,0.005181347150259,0.0111598246313271,0.0079713033080908,0.0031885213232363,0.0037863690713431,0.0013949780789159,0.0023913909924272,0.0047827819848544,0.0039856516540454,0.000797130330809,0.0719410123555201,0.0494220805101634,0.0225189318453567,0.0390593862096451,0.021323236349143,0.0177361498605021,2112
2014-08-01,2014,8,0.6187999256919933,0.2528329927549693,0.365966932937024,0.0052015604681404,0.0044584804012632,0.0007430800668772,0.0245216422069477,0.009288500835965,0.0152331413709827,0.0016719301504737,0.0007430800668772,0.0009288500835965,0.051829834664685,0.0438417239457551,0.0079881107189299,0.0141185212706668,0.0105888909530001,0.0035296303176667,0.0022292402006316,0.001857700167193,0.0003715400334386,0.0022292402006316,0.0020434701839123,0.0001857700167193,0.0230354820731933,0.0053873304848597,0.0176481515883336,0.0089169608025264,0.007430800668772,0.0014861601337544,0.0044584804012632,0.0044584804012632,0.0,0.0430986438788779,0.0280512725246145,0.0150473713542634,0.013375441203789598,0.0089169608025264,0.0044584804012632,0.0033438603009473995,0.0022292402006316,0.0011146201003158,0.010588890953000099,0.0087311907858071,0.001857700167193,0.06910644621958009,0.0559167750325097,0.0131896711870704,0.009288500835965,0.0087311907858071,0.0005573100501579,0.0040869403678246,0.0013003901170351,0.0027865502507895,0.0087311907858071,0.0079881107189299,0.0007430800668772,0.054987924948913094,0.0325097529258777,0.0224781720230354,0.0384543934608953,0.0235927921233512,0.0148616013375441,2757
2014-09-01,2014,9,0.5966773418734987,0.2235788630904723,0.3730984787830264,0.0036028823058445996,0.0032025620496397,0.0004003202562049,0.0302241793434746,0.0124099279423538,0.0178142514011208,0.0016012810248197,0.0014011208967173,0.0002001601281024,0.0306244995996796,0.0248198558847077,0.0058046437149719,0.0208166533226581,0.0144115292233787,0.0064051240992794,0.0010008006405124,0.0010008006405124,0.0,0.0006004803843074,0.0006004803843074,0.0,0.07846277021617279,0.0336269015212169,0.0448358686949559,0.012610088070456299,0.0116092874299439,0.0010008006405124,0.0056044835868694,0.0056044835868694,0.0,0.060248198558847,0.0410328262610088,0.0192153722978382,0.0142113690952762,0.0076060848678943,0.0066052842273819,0.0010008006405123,0.0004003202562049,0.0006004803843074,0.0040032025620495,0.0024019215372297,0.0016012810248198,0.0458366693354683,0.0388310648518815,0.0070056044835868,0.009807846277021501,0.0080064051240992,0.0018014411529223,0.004203362690152,0.0016012810248198,0.0026020816653322,0.004603682946357,0.0042033626901521,0.0004003202562049,0.0572457966373097,0.0416333066453162,0.0156124899919935,0.032826261008807,0.0198158526821457,0.0130104083266613,2434
2014-10-01,2014,10,0.6457453228726614,0.2341581170790585,0.4115872057936029,0.0046268356467511,0.004023335345001,0.0006035003017501,0.025347012673506197,0.0058338362502514,0.0195131764232548,0.0018105009052504,0.0012070006035003,0.0006035003017501,0.0382216857775094,0.028364514182257,0.0098571715952524,0.0134781734057533,0.0092536712935023,0.004224502112251,0.0014081673707503,0.0012070006035003,0.00020116676725,0.0016093341380004,0.0016093341380004,0.0,0.0321866827600079,0.008247837457252,0.0239388453027559,0.0181050090525044,0.0170991752162542,0.0010058338362502,0.0060350030175015,0.0060350030175015,0.0,0.0504928585797625,0.0350030175015087,0.0154898410782538,0.020519010259505,0.0098571715952524,0.0106618386642526,0.0018105009052504,0.0006035003017501,0.0012070006035003,0.0066385033192516004,0.0048280024140012,0.0018105009052504,0.025145845906256202,0.020116676725005,0.0050291691812512,0.0138805069402534,0.0110641721987527,0.0028163347415007,0.0022128344397505,0.0008046670690002,0.0014081673707503,0.0074431703882517995,0.0064373365520016,0.0010058338362502,0.0569301951317641,0.0422450211225105,0.0146851740092536,0.037215851941259204,0.0233353450010058,0.0138805069402534,2302
2014-11-01,2014,11,0.6468970934799685,0.2285938727415553,0.4183032207384132,0.0066771406127258005,0.00471327572663,0.0019638648860958,0.0284760408483895,0.0104084838963079,0.0180675569520816,0.0015710919088766,0.0009819324430479,0.0005891594658287,0.0353495679497249,0.0269049489395129,0.008444619010212,0.021209740769834902,0.0168892380204241,0.0043205027494108,0.0049096622152395,0.002356637863315,0.0025530243519245,0.0007855459544381999,0.0005891594658287,0.0001963864886095,0.0294579732914374,0.0062843676355066,0.0231736056559308,0.0121759622937941,0.0113904163393558,0.0007855459544383,0.0029457973291437,0.0029457973291437,0.0,0.0579340141398271,0.0375098193244304,0.0204241948153967,0.0216025137470542,0.0108012568735271,0.0108012568735271,0.0011783189316574001,0.0009819324430479,0.0001963864886095,0.0070699135899449,0.0051060487038491,0.0019638648860958,0.0196386488609582,0.0133542812254516,0.0062843676355066,0.0076590730557737,0.0066771406127258,0.0009819324430479,0.0021602513747053,0.0005891594658287,0.0015710919088766,0.0062843676355066,0.0053024351924587,0.0009819324430479,0.0699135899450117,0.0498821681068342,0.0200314218381775,0.031029065200314197,0.0214061272584446,0.0096229379418696,2302
2014-12-01,2014,12,0.631204271307099,0.2469843780897765,0.3842198932173225,0.004745896776745,0.0037571682815898,0.0009887284951552,0.0346054973304329,0.0140399446312042,0.0205655526992287,0.0011864741941862,0.0005932370970931,0.0005932370970931,0.0383626656120228,0.030452837650781,0.0079098279612418,0.013248961835079998,0.0079098279612418,0.0053391338738382,0.0013842198932172,0.0011864741941862,0.000197745699031,0.000593237097093,0.000395491398062,0.000197745699031,0.0231362467866323,0.004350405378683,0.0187858414079493,0.0065256080680244,0.0063278623689934,0.000197745699031,0.0047458967767451,0.0047458967767451,0.0,0.056159778524817,0.0383626656120229,0.0177971129127941,0.0195768242040735,0.0104805220486454,0.0090963021554281,0.0021752026893414,0.0009887284951552,0.0011864741941862,0.0071188451651175,0.004548151077714,0.0025706940874035,0.0253114494759738,0.021752026893415,0.0035594225825588,0.0027684397864345,0.0019774569903104,0.0007909827961241,0.0021752026893414,0.0007909827961241,0.0013842198932173,0.006327862368993399,0.004548151077714,0.0017797112912794,0.08008700810757359,0.0636741150879968,0.0164128930195768,0.048052204864544104,0.0348032430294641,0.01324896183508,2516
2015-01-01,2015,1,0.6412180999356636,0.2367574522839373,0.4044606476517263,0.0049324469225819,0.0036457216384301,0.0012867252841518,0.0355993995282006,0.0139395239116448,0.0216598756165558,0.0034312674244048,0.002144542140253,0.0012867252841518,0.0349560368861247,0.0242333261848595,0.0107227107012652,0.0137250696976194,0.0102938022732146,0.0034312674244048,0.0004289084280506,0.0002144542140253,0.0002144542140253,0.0017156337122024002,0.0015011794981771,0.0002144542140253,0.0244477803988848,0.0045035384945314,0.0199442419043534,0.012652798627493,0.0115805275573665,0.0010722710701265,0.0030023589963542,0.0030023589963542,0.0,0.057473729358781804,0.0336693116019729,0.0238044177568089,0.0257345056830366,0.0128672528415183,0.0128672528415183,0.0015011794981770999,0.0006433626420759,0.0008578168561012,0.004289084280506,0.0025734505683036,0.0017156337122024,0.0298091357495174,0.0257345056830366,0.0040746300664808,0.0107227107012652,0.0092215312030881,0.0015011794981771,0.0049324469225819,0.002144542140253,0.0027879047823289,0.0064336264207591,0.0055758095646579,0.0008578168561012,0.0632639931374651,0.0433197512331117,0.0199442419043534,0.0295946815354921,0.0199442419043534,0.0096504396311387,2145
2015-02-01,2015,2,0.6558852140077821,0.2200875486381323,0.4357976653696498,0.0046206225680932,0.0034046692607003,0.0012159533073929,0.035019455252918205,0.0153210116731517,0.0196984435797665,0.0017023346303499999,0.0007295719844357,0.0009727626459143,0.0408560311284046,0.0267509727626459,0.0141050583657587,0.0160505836575874,0.0111867704280155,0.0048638132295719,0.0004863813229571,0.0004863813229571,0.0,0.0012159533073928,0.0007295719844357,0.0004863813229571,0.0196984435797664,0.0038910505836575,0.0158073929961089,0.023103112840466802,0.0218871595330739,0.0012159533073929,0.0065661478599221,0.0065661478599221,0.0,0.053745136186770404,0.0313715953307393,0.0223735408560311,0.0269941634241244,0.0158073929961089,0.0111867704280155,0.0007295719844357,0.0007295719844357,0.0,0.0024319066147858,0.0012159533073929,0.0012159533073929,0.0158073929961088,0.0116731517509727,0.0041342412451361,0.0085116731517508,0.0068093385214007,0.0017023346303501,0.0031614785992216,0.0017023346303501,0.0014591439688715,0.0046206225680932,0.0034046692607003,0.0012159533073929,0.0513132295719843,0.035749027237354,0.0155642023346303,0.0359922178988326,0.0214007782101167,0.0145914396887159,1788
2015-03-01,2015,3,0.637439109255393,0.2259336580839712,0.4115054511714219,0.0064950127580606,0.0051032243099048,0.0013917884481558,0.033170958014381705,0.011134307585247,0.0220366504291347,0.0018557179308744,0.0013917884481558,0.0004639294827186,0.0366504291347714,0.0273718394803989,0.0092785896543725,0.0192530735328229,0.0132219902574808,0.0060310832753421,0.0004639294827186,0.0004639294827186,0.0,0.0013917884481558,0.0009278589654372,0.0004639294827186,0.0194850382741822,0.0051032243099048,0.0143818139642774,0.0276038042217582,0.0264439805149617,0.0011598237067965,0.0069589422407794,0.0069589422407794,0.0,0.0582231500811876,0.0315472048248666,0.026675945256321,0.0227325446532126,0.0146137787056367,0.0081187659475759,0.0011598237067965,0.0009278589654372,0.0002319647413593,0.0069589422407793,0.0062630480167014,0.0006958942240779,0.018557179308745002,0.0139178844815588,0.0046392948271862,0.0083507306889352,0.0071909069821387,0.0011598237067965,0.0076548364648573,0.0034794711203897,0.0041753653444676,0.0085826954302945,0.0062630480167014,0.0023196474135931,0.0637903038738111,0.0443052655996288,0.0194850382741823,0.0248202273254464,0.0164694966365112,0.0083507306889352,1991
2015-04-01,2015,4,0.652314534061047,0.2387305437638973,0.4135839902971497,0.0076814230846977,0.0060642813826561,0.0016171417020416,0.03456640388114,0.0141499898928643,0.0204164139882757,0.0022235698403072,0.0018192844147968,0.0004042854255104,0.0363856882959369,0.0285021224984839,0.007883565797453,0.0246614109561349,0.0183949868607236,0.0062664240954113,0.0012128562765312,0.0006064281382656,0.0006064281382656,0.0018192844147968,0.0014149989892864,0.0004042854255104,0.021831412977562102,0.008894279361229,0.0129371336163331,0.028097837072973402,0.0270871235091974,0.001010713563776,0.0072771376591873,0.0072771376591873,0.0,0.0656963816454416,0.0390135435617546,0.026682838083687,0.0179907014352132,0.0086921366484738,0.0092985647867394,0.0006064281382656,0.0002021427127552,0.0004042854255104,0.0064685668081665,0.0058621386699009,0.0006064281382656,0.0167778451586819,0.0135435617545987,0.0032342834040832,0.0080857085102081,0.0064685668081665,0.0016171417020416,0.0018192844147968,0.0004042854255104,0.0014149989892864,0.0050535678188801,0.0044471396806145,0.0006064281382656,0.053769961592884497,0.0363856882959369,0.0173842732969476,0.024661410956134902,0.0143521326056195,0.0103092783505154,2319
2015-05-01,2015,5,0.6300461940148624,0.2120907812813818,0.4179554127334806,0.0052219321148824,0.004217714400482,0.0010042177144004,0.0317332797750551,0.0142598915444868,0.0174733882305683,0.0016067483430406,0.0008033741715203,0.0008033741715203,0.0323358104036954,0.0224944768025707,0.0098413336011247,0.0287206266318537,0.0220927897168106,0.0066278369150431,0.00020084354288,0.00020084354288,0.0,0.0016067483430406,0.0012050612572805,0.0004016870857601,0.027314721831693,0.0076320546294436,0.0196826672022494,0.0283189395460935,0.0275155653745732,0.0008033741715203,0.0142598915444867,0.0140590480016067,0.00020084354288,0.060052219321148695,0.0365535248041775,0.0234986945169712,0.0245029122313717,0.0102430206868849,0.0142598915444868,0.0006025306286401,0.0004016870857601,0.00020084354288,0.0050210885720023,0.004217714400482,0.0008033741715203,0.020084354288009598,0.0158666398875276,0.004217714400482,0.0072303675436833,0.0066278369150431,0.0006025306286402,0.0056236192006426,0.0014059048001606,0.004217714400482,0.0076320546294435,0.0070295240008033,0.0006025306286402,0.0606547499497891,0.0443864229765013,0.0162683269732878,0.029524000803374098,0.0202851978308897,0.0092388029724844,2275
2015-06-01,2015,6,0.632661717921527,0.2031813361611877,0.4294803817603393,0.0080593849416754,0.0059384941675503,0.0021208907741251,0.0318133616118769,0.0156945917285259,0.016118769883351,0.00084835630965,0.000424178154825,0.000424178154825,0.0301166489925768,0.0212089077412513,0.0089077412513255,0.025874867444326502,0.0184517497348886,0.0074231177094379,0.00084835630965,0.000424178154825,0.000424178154825,0.0002120890774125,0.0002120890774125,0.0,0.0453870625662777,0.0237539766702014,0.0216330858960763,0.0190880169671261,0.0184517497348886,0.0006362672322375,0.0101802757158006,0.0097560975609756,0.000424178154825,0.0676564156945917,0.0402969247083775,0.0273594909862142,0.0294803817603392,0.0139978791092258,0.0154825026511134,0.0010604453870625,0.0006362672322375,0.000424178154825,0.0053022269353127,0.0038176033934252,0.0014846235418875,0.0207847295864262,0.0167550371155885,0.0040296924708377,0.0061505832449627006,0.0046659597030752,0.0014846235418875,0.0040296924708377,0.0023329798515376,0.0016967126193001,0.004878048780487701,0.0046659597030752,0.0002120890774125,0.0538706256627783,0.040084835630965,0.0137857900318133,0.0190880169671261,0.0108165429480381,0.008271474019088,2091
2015-07-01,2015,7,0.6243822075782537,0.207166392092257,0.4172158154859967,0.0055601317957165,0.0037067545304777,0.0018533772652388,0.035008237232289796,0.0146210873146622,0.0203871499176276,0.0014415156507412998,0.0004118616144975,0.0010296540362438,0.0494233937397034,0.0409802306425041,0.0084431630971993,0.029859967051070697,0.0216227347611202,0.0082372322899505,0.0010296540362437,0.0002059308072487,0.000823723228995,0.0014415156507412,0.0012355848434925,0.0002059308072487,0.0529242174629324,0.0189456342668863,0.0339785831960461,0.0133855024711696,0.0133855024711696,0.0,0.0086490939044481,0.0086490939044481,0.0,0.055395387149917596,0.0317133443163097,0.0236820428336079,0.021210873146622698,0.0125617792421746,0.0086490939044481,0.000823723228995,0.000823723228995,0.0,0.0049423393739702,0.004324546952224,0.0006177924217462,0.0144151565074134,0.0109143327841845,0.0035008237232289,0.008649093904448,0.0055601317957166,0.0030889621087314,0.0049423393739703,0.0022652388797364,0.0026771004942339,0.0053542009884677,0.0047364085667215,0.0006177924217462,0.0588962108731466,0.0457166392092257,0.0131795716639209,0.0249176276771004,0.0168863261943986,0.0080313014827018,2184
2015-08-01,2015,8,0.6236084113801024,0.2147022442127584,0.408906167167344,0.0040643223184307,0.001943806326206,0.0021205159922247,0.0425870295105142,0.0187312245979855,0.0238558049125287,0.0022972256582434,0.0012369676621311,0.0010602579961123,0.0473581904930199,0.0362254815338399,0.01113270895918,0.0355186428697649,0.0233256759144725,0.0121929669552924,0.0010602579961123,0.0008835483300936,0.0001767096660187,0.0008835483300936,0.0007068386640749,0.0001767096660187,0.030217352889203,0.013783353949461,0.016433998939742,0.0151970312776108,0.0151970312776108,0.0,0.0044177416504682,0.0044177416504682,0.0,0.0613182541084996,0.0360487718678211,0.0252694822406785,0.019084643930022897,0.0093656122989927,0.0097190316310302,0.0010602579961123,0.0008835483300936,0.0001767096660187,0.0053012899805619,0.0035341933203746,0.0017670966601873,0.0174942569358543,0.0127230959533486,0.0047711609825057,0.015727160275667,0.0132532249514048,0.0024739353242622,0.0040643223184307,0.0014136773281498,0.0026506449902809,0.0049478706485244,0.0042410319844495,0.0007068386640749,0.0588443187842374,0.0432938681745891,0.0155504506096483,0.029510514225128,0.0199681922601166,0.0095423219650114,2597
2015-09-01,2015,9,0.6393582887700534,0.2096256684491978,0.4297326203208556,0.0066310160427807,0.0032085561497326,0.0034224598930481,0.0380748663101603,0.0141176470588235,0.0239572192513368,0.0027807486631015,0.002139037433155,0.0006417112299465,0.043850267379679106,0.0329411764705882,0.0109090909090909,0.0303743315508021,0.0220320855614973,0.0083422459893048,0.0002139037433155,0.0002139037433155,0.0,0.001711229946524,0.001711229946524,0.0,0.030374331550802,0.0077005347593582,0.0226737967914438,0.0158288770053475,0.015614973262032,0.0002139037433155,0.0079144385026737,0.0079144385026737,0.0,0.0628877005347593,0.0346524064171123,0.028235294117647,0.0220320855614973,0.0109090909090909,0.0111229946524064,0.0019251336898394999,0.0014973262032085,0.000427807486631,0.0066310160427806,0.0047058823529411,0.0019251336898395,0.0166844919786096,0.0106951871657754,0.0059893048128342,0.0051336898395721,0.0042780748663101,0.000855614973262,0.006417112299465099,0.001283422459893,0.0051336898395721,0.0051336898395721,0.0034224598930481,0.001711229946524,0.0554010695187165,0.0402139037433155,0.015187165775401,0.0245989304812834,0.0160427807486631,0.0085561497326203,2001
2015-10-01,2015,10,0.65117235705471,0.2227478403948992,0.4284245166598108,0.006787330316742,0.0053475935828877,0.0014397367338543,0.0304401480872068,0.0133689839572192,0.0170711641299876,0.0024681201151789,0.0018510900863842,0.0006170300287947,0.0341423282599752,0.0257095845331139,0.0084327437268613,0.025092554504319103,0.0183052241875771,0.006787330316742,0.0006170300287947,0.0006170300287947,0.0,0.0006170300287947,0.0004113533525298,0.0002056766762649,0.053270259152612,0.0351707116412998,0.0180995475113122,0.0349650349650349,0.0327025915261209,0.002262443438914,0.009255450431921,0.009255450431921,0.0,0.050596462361168104,0.030028794734677,0.0205676676264911,0.0168654874537227,0.0111065405183052,0.0057589469354175,0.0004113533525298,0.0004113533525298,0.0,0.0061703002879472,0.0047305635540929,0.0014397367338543,0.013780337309749,0.0098724804607157,0.0039078568490333,0.0049362402303578,0.0037021801727684,0.0012340600575894,0.0024681201151788,0.0008227067050596,0.0016454134101192,0.0069930069930069,0.0061703002879473,0.0008227067050596,0.043809132044426,0.0335252982311805,0.0102838338132455,0.023858494446729703,0.0127519539284245,0.0111065405183052,2264
2015-11-01,2015,11,0.6590457256461232,0.2300198807157057,0.4290258449304175,0.0069582504970178,0.004572564612326,0.0023856858846918,0.0328031809145129,0.0129224652087475,0.0198807157057654,0.0023856858846917997,0.0019880715705765,0.0003976143141153,0.0353876739562623,0.0230616302186878,0.0123260437375745,0.0242544731610337,0.0174950298210735,0.0067594433399602,0.0003976143141152,0.0001988071570576,0.0001988071570576,0.0009940357852882,0.0003976143141153,0.0005964214711729,0.029224652087475,0.014314115308151,0.014910536779324,0.0369781312127236,0.036182902584493,0.0007952286282306,0.0105367793240556,0.010337972166998,0.0001988071570576,0.0566600397614313,0.0328031809145129,0.0238568588469184,0.0198807157057653,0.009145129224652,0.0107355864811133,0.0015904572564612,0.0011928429423459,0.0003976143141153,0.0049701789264413,0.0041749502982107,0.0007952286282306,0.0176938369781311,0.0133200795228628,0.0043737574552683,0.0079522862823061,0.0063618290258449,0.0015904572564612,0.0031809145129223,0.0017892644135188,0.0013916500994035,0.0031809145129224,0.0023856858846918,0.0007952286282306,0.0383697813121271,0.0282306163021868,0.0101391650099403,0.0242544731610337,0.0159045725646123,0.0083499005964214,2289
2015-12-01,2015,12,0.6659163383980491,0.2461076721065466,0.4198086662915025,0.0037516413430876,0.0018758206715438,0.0018758206715438,0.0315137872819358,0.0136934909022697,0.0178202963796661,0.0015006565372349,0.0013130744700806,0.0001875820671543,0.059463515287938404,0.0485837553929844,0.010879759894954,0.0236353404614518,0.0172575501782029,0.0063777902832489,0.0009379103357717999,0.0007503282686175,0.0001875820671543,0.0007503282686174,0.0001875820671543,0.0005627462014631,0.0180078784468204,0.0071281185518664,0.010879759894954,0.0251359969986868,0.0240105045957606,0.0011254924029262,0.0037516413430876,0.0037516413430876,0.0,0.055149127743387705,0.0290752204089289,0.0260739073344588,0.0245732507972237,0.0135059088351153,0.0110673419621084,0.0011254924029262,0.0005627462014631,0.0005627462014631,0.0067529544175576,0.0050647158131682,0.0016882386043894,0.0148189833051959,0.0106921778277996,0.0041268054773963,0.0078784468204838,0.0067529544175576,0.0011254924029262,0.0026261489401613,0.0009379103357719,0.0016882386043894,0.0050647158131681,0.0048771337460138,0.0001875820671543,0.0442693678484336,0.0347026824235603,0.0095666854248733,0.0200712811855186,0.0138810729694241,0.0061902082160945,2525
2016-01-01,2016,1,0.6289040318001134,0.2135150482680295,0.415388983532084,0.004826802952867601,0.0036910846110164,0.0011357183418512,0.0393242475865984,0.0177455990914253,0.0215786484951731,0.0031232254400908,0.0017035775127768,0.001419647927314,0.0438671209540033,0.0339295854628052,0.0099375354911981,0.0235661555934127,0.0153321976149914,0.0082339579784213,0.0011357183418511999,0.0004258943781942,0.000709823963657,0.0002839295854628,0.0001419647927314,0.0001419647927314,0.0303804656445201,0.0079500283929585,0.0224304372515616,0.012350936967632,0.0117830777967064,0.0005678591709256,0.0036910846110164,0.0036910846110164,0.0,0.0545144804088585,0.0309483248154457,0.0235661555934128,0.0220045428733673,0.0114991482112436,0.0105053946621237,0.0008517887563884001,0.0005678591709256,0.0002839295854628,0.00709823963657,0.0053946621237932,0.0017035775127768,0.0227143668370243,0.0176036342986939,0.0051107325383304,0.0078080636002270006,0.0052526973310618,0.0025553662691652,0.0076660988074955996,0.003549119818285,0.0041169789892106,0.0069562748438387004,0.0055366269165247,0.001419647927314,0.0503975014196478,0.0373367404883588,0.013060760931289,0.044860874503123094,0.0313742191936399,0.0134866553094832,3166
2016-02-01,2016,2,0.6692349179443716,0.2062562601124894,0.4629786578318822,0.005162185068187,0.0030048539949148,0.0021573310732722,0.0430695739271129,0.0147931273595808,0.0282764465675321,0.0016950458432852,0.0010016179983049,0.0006934278449803,0.0349795824023421,0.0235765467293319,0.0114030356730102,0.0239617844209877,0.0171816010478465,0.0067801833731412,0.00046228522998689996,0.0003081901533246,0.0001540950766623,0.0002311426149934503,0.0001540950766623,7.704753833115032e-05,0.02211264350104,0.0031589490715771,0.0189536944294629,0.0142537945912627,0.0134062716696201,0.0008475229216426,0.0034671392249017,0.0034671392249017,0.0,0.0558594652900839,0.0319747284074273,0.0238847368826566,0.0233454041143384,0.0115571307496725,0.0117882733646659,0.0006934278449803001,0.0001540950766623,0.000539332768318,0.0043146621465443005,0.0028507589182525,0.0014639032282918,0.0328222513290699,0.0222667385777024,0.0105555127513675,0.0079358964481084,0.0054703752215116,0.0024655212265968,0.0067801833731412,0.0016950458432853,0.0050851375298559,0.0043146621465444,0.0035441867632329,0.0007704753833115,0.036443485630634,0.021033977964404,0.01540950766623,0.0231913090376761,0.0114800832113413,0.0117112258263348,5051
2016-03-01,2016,3,0.6813953488372092,0.2316537467700258,0.4497416020671834,0.0039405684754521,0.0024547803617571,0.001485788113695,0.043281653746769996,0.0152454780361757,0.0280361757105943,0.0016149870801032001,0.0007105943152454,0.0009043927648578,0.0323643410852712,0.0226744186046511,0.0096899224806201,0.0222868217054263,0.0169250645994832,0.0053617571059431,0.0005813953488372,0.0003875968992248,0.0001937984496124,0.00038759689922473437,0.0003229974160206,6.459948320413436e-05,0.026098191214470202,0.0074289405684754,0.0186692506459948,0.0160206718346253,0.0154392764857881,0.0005813953488372,0.0028423772609818,0.0025839793281653,0.0002583979328165,0.0524547803617571,0.0312015503875969,0.0212532299741602,0.0246770025839793,0.0127906976744186,0.0118863049095607,0.0006459948320413,0.0003875968992248,0.0002583979328165,0.0069121447028423,0.0047803617571059,0.0021317829457364,0.0224160206718345,0.015891472868217,0.0065245478036175,0.0069121447028423,0.0051679586563307,0.0017441860465116,0.006330749354005001,0.0021963824289405,0.0041343669250645,0.0027131782945736,0.001937984496124,0.0007751937984496,0.0370155038759689,0.0233204134366925,0.0136950904392764,0.0229974160206717,0.0127260981912144,0.0102713178294573,6449
2016-04-01,2016,4,0.6734620078651177,0.2300772951227229,0.4433847127423947,0.0038421552230709,0.0025765040907652,0.0012656511323057,0.0433937531076254,0.0124305021922885,0.0309632509153369,0.0015820639153820999,0.0008136328707679,0.0007684310446142,0.0329973330922568,0.0199792071599692,0.0130181259322876,0.0372463047507118,0.0317768837861049,0.0054694209646069,0.0003616146092302,0.0003616146092302,0.0,0.0008588346969217532,0.0007684310446142,9.040365230755322e-05,0.0253582244722686,0.0063734574876825,0.0189847669845861,0.020928445509198403,0.0197531980292003,0.0011752474799981,0.003254531483071877,0.0032093296569181,4.520182615377661e-05,0.055462640690683795,0.0306920399584143,0.0247706007322695,0.0187135560276634,0.0091759707092166,0.0095375853184468,0.0010848438276905002,0.0006328255661528,0.0004520182615377,0.005831035573837099,0.0039325588753785,0.0018984766984586,0.026895086561497,0.0186231523753559,0.0082719341861411,0.0082267323599873,0.0059666410522985,0.0022600913076888,0.0061474483569135,0.0014916602630746,0.0046557880938389,0.0032545314830718,0.002621705916919,0.0006328255661528,0.026623875604574403,0.0138769606292094,0.012746914975365,0.0232789404691949,0.0089951634046015,0.0142837770645934,9054
2016-05-01,2016,5,0.6676448357120626,0.2266239829265039,0.4410208527855587,0.0031568182828685997,0.0017340269441109,0.0014227913387577,0.0417055711173357,0.011204481792717,0.0305010893246187,0.0013783291094214998,0.000755857898715,0.0006224712107065,0.035080698946245,0.0215197189987105,0.0135609799475345,0.0363701035969942,0.0291672224445333,0.0072028811524609,0.000533546752034,0.0003112356053532,0.0002223111466808,0.0005335467520340578,0.0004446222933617,8.892445867235783e-05,0.022186652438753198,0.0028900449068516,0.0192966075319016,0.0165844115423947,0.015161620203637,0.0014227913387577,0.0033346672002134,0.0033346672002134,0.0,0.059401538393135,0.0307678627006358,0.0286336756924992,0.021697567916055198,0.0097372282246231,0.0119603396914321,0.0011115557334044,0.0005780089813703,0.0005335467520341,0.0029345071361877,0.00151171579743,0.0014227913387577,0.0323685029567381,0.0240540660708727,0.0083144368858654,0.0078698145925036,0.0057800898137032,0.0020897247788004,0.0053354675203414,0.0013783291094215,0.0039571384109199,0.0028900449068514997,0.0017784891734471,0.0011115557334044,0.0313903339113422,0.016673336001067,0.0147169979102752,0.025476857409630398,0.0093815303899337,0.0160953270196967,9021
2016-06-01,2016,6,0.6877064547808232,0.2007410052673868,0.4869654495134363,0.0034818319792874,0.002053388090349,0.0014284438889384,0.039192929202749596,0.0094634407642174,0.0297294884385322,0.0017409159896436999,0.0007588608159985,0.0009820551736452,0.0299526827961789,0.0175430765110258,0.0124096062851531,0.0258459066154807,0.020980269618784,0.0048656369966967,0.0007588608159984,0.0003124721007052,0.0004463887152932,0.0004910275868225,0.0003571109722346,0.0001339166145879,0.0258012677439513,0.0042853316668154,0.0215159360771359,0.0145969109900901,0.0140166056602089,0.0005803053298812,0.002321221319525028,0.0022765824479957,4.463887152932774e-05,0.0547272564949557,0.026158378716186,0.0285688777787697,0.0262030175877153,0.010222301580216,0.0159807160074993,0.0010266940451744001,0.0004017498437639,0.0006249442014105,0.003838942951522,0.001919471475761,0.001919471475761,0.0286135166502989,0.0208909918757253,0.0077225247745736,0.0081689134898669,0.0060262476564592,0.0021426658334077,0.0050888313543433,0.0011606106597625,0.0039282206945808,0.0033479153646994997,0.002589054548701,0.0007588608159985,0.028479600035711,0.0135255780733863,0.0149540219623247,0.0243728238550128,0.0087938576912775,0.0155789661637353,7902
2016-07-01,2016,7,0.6793219389184645,0.2281684879051088,0.4511534510133557,0.0031287942467543997,0.0020547305501074,0.001074063696647,0.04370972261137569,0.0115812085551508,0.0321285140562249,0.0016344447557671998,0.0012608573830204,0.0003735873727468,0.0301671803493041,0.0193798449612403,0.0107873353880638,0.0219015597272811,0.0159708601849257,0.0059306995423554,0.0024750163444474996,0.0023349210796675,0.00014009526478,0.0003268889511534,0.0003268889511534,0.0,0.0300270850845241,0.0052302232184552,0.0247968618660689,0.0222284486784346,0.021341178668161,0.0008872700102736,0.0036424768842813,0.0036424768842813,0.0,0.046838516858130105,0.0223218455216213,0.0245166713365088,0.0169048286167927,0.007471747454936,0.0094330811618567,0.0011674605398337,0.0008872700102736,0.0002801905295601,0.0051368263752685,0.0034556831979079,0.0016811431773606,0.030120481927710697,0.0226954328943681,0.0074250490333426,0.0070514616605958,0.0052769216400485,0.0017745400205473,0.0045297468945549,0.0012608573830204,0.0032688895115345,0.0028486037171943,0.0021948258148874,0.0006537779023069,0.034556831979079,0.0183057812645932,0.0162510507144858,0.0247501634444755,0.0101802559073503,0.0145699075371252,8514
2016-08-01,2016,8,0.6706255928079508,0.2314322240092375,0.4391933687987133,0.0038764485133406,0.0027217617221328,0.0011546867912078,0.044826590787248904,0.0119592560517959,0.032867334735453,0.0017732690007835,0.0008660150934059,0.0009072539073776,0.0333209616891417,0.0217740937770629,0.0115468679120788,0.0229287805682708,0.0176089735659202,0.0053198070023506,0.0011959256051795,0.0006185822095756,0.0005773433956039,0.00016495525588681016,0.0001237164419151,4.123881397171017e-05,0.0282485875706214,0.0050723741185203,0.0231762134521011,0.0184749886593261,0.0171553466122314,0.0013196420470947,0.0030104334199348103,0.0029691946059631,4.123881397171017e-05,0.0490329498123633,0.0241659449874221,0.0248670048249412,0.0205369293579116,0.0097323600973236,0.010804569260588,0.0010722091632644,0.0006185822095756,0.0004536269536888,0.0056497175141242,0.0035052991875953,0.0021444183265289,0.0324549465957358,0.0251144377087714,0.0073405088869644,0.0072580312590209,0.0046599859788032,0.0025980452802177,0.0063920161656149995,0.0024743288383026,0.0039176873273124,0.0036702544434821,0.0030104334199348,0.0006598210235473,0.029155841477999,0.0178564064497505,0.0112994350282485,0.0300218565714049,0.0125365994473998,0.0174852571240051,9859
2016-09-01,2016,9,0.6819856414131872,0.2464103532968071,0.4355752881163801,0.0042981296051388,0.0030228603816361,0.0012752692235027,0.0399112034762893,0.010296618174948,0.0296145853013413,0.0025505384470054,0.0014169658038919,0.0011335726431135,0.033204232004534096,0.0211127904779897,0.0120914415265444,0.019837521254486998,0.0148309087474022,0.0050066125070848,0.0003306253542413,0.0001416965803891,0.0001889287738522,0.0004723219346305,0.0002833931607783,0.0001889287738522,0.022860381636123098,0.0031645569620253,0.0196958246740978,0.0164840355186093,0.0150198375212544,0.0014641979973549,0.0016531267712072,0.0016531267712072,0.0,0.052191573776686095,0.0266861893066314,0.0255053844700547,0.0178065369355752,0.0085962592102777,0.0092102777252975,0.0009446438692612,0.0005667863215567,0.0003778575477045,0.0070848290194596,0.0047704515397695,0.0023143774796901,0.0299924428490458,0.0221518987341772,0.0078405441148686,0.0076988475344794,0.005904024182883,0.0017948233515964,0.0054789344417154,0.0023143774796901,0.0031645569620253,0.0062818817305874,0.005195541280937,0.0010863404496504,0.030795390137917898,0.0171452862270923,0.0136501039108256,0.0297562818817305,0.0151143019081806,0.0146419799735499,8859
2016-10-01,2016,10,0.6776970675275759,0.2532508295220159,0.42444623800556,0.0054703614025647,0.0040355125100887,0.001434848892476,0.0375302663438256,0.0110752398887992,0.0264550264550264,0.0036319612590797997,0.0017487220877051,0.0018832391713747,0.0343466953636444,0.0221056407497085,0.0122410546139359,0.023540489642184498,0.0186530356021881,0.0048874540399964,0.0007622634741278,0.0004932293067886,0.0002690341673392,0.0009416195856873,0.0005829073625683,0.000358712223119,0.019684333243655202,0.0026455026455026,0.0170388305981526,0.018473679490628503,0.0169491525423728,0.0015245269482557,0.0021074343108240506,0.0020177562550443,8.96780557797507e-05,0.0516097211012464,0.0278450363196125,0.0237646847816339,0.0159626939287956,0.0069052102950408,0.0090574836337548,0.0017038830598151999,0.0010312976414671,0.0006725854183481,0.0065464980719217,0.0042597076495381,0.0022867904223836,0.0392789884315307,0.0302663438256658,0.0090126446058649,0.0083400591875167,0.0066361761277015,0.0017038830598152,0.0059187516814635,0.0017487220877051,0.0041700295937584,0.005470361402564699,0.0045735808447672,0.0008967805577975,0.0285624607658505,0.0179356111559501,0.0106268496099004,0.0256479239530086,0.0144830060084297,0.0111649179445789,9808
2016-11-01,2016,11,0.6969696969696969,0.2378357709587993,0.4591339260108976,0.0037281330656724,0.0028199980881368,0.0009081349775356,0.0379982793232004,0.010515247108307,0.0274830322148934,0.0010515247108306,0.0005257623554153,0.0005257623554153,0.0313067584360959,0.0183060892840072,0.0130006691520887,0.02260778128286,0.0172545645731765,0.0053532167096835,0.0009081349775355,0.0004779657776503,0.0004301691998852,0.0009081349775356,0.0009081349775356,0.0,0.0233247299493355,0.0032501672880221,0.0200745626613134,0.0156772775069305,0.0144823630628047,0.0011949144441258,0.0017206767995411,0.0017206767995411,0.0,0.0556352165184972,0.0303508268807953,0.0252843896377019,0.016633209062231,0.0079820284867603,0.0086511805754707,0.0013861007551858998,0.0010515247108307,0.0003345760443552,0.0043016919988527,0.0025332186215466,0.0017684733773061,0.026383710926297602,0.0184016824395373,0.0079820284867603,0.0075040627091099,0.0054488098652136,0.0020552528438963,0.0054488098652135004,0.0014338973329509,0.0040149125322626,0.004588471465443,0.0035847433323774,0.0010037281330656,0.030350826880795302,0.019405410572603,0.0109454163081923,0.0251409999044067,0.0116145683969027,0.013526431507504,8369
2016-12-01,2016,12,0.7080618496547699,0.230428863172226,0.477632986482544,0.0034522999124768,0.0021880774093163,0.0012642225031605,0.036127589224934295,0.0085091899251191,0.0276183992998152,0.0012642225031604,0.0006321112515802,0.0006321112515802,0.0323349217154526,0.0191578333171253,0.0131770883983273,0.025673441602645,0.0201303121657103,0.0055431294369347,0.00048623942429249997,0.000194495769717,0.0002917436545755,0.00048623942429249997,0.0002917436545755,0.000194495769717,0.0269376641058056,0.0033550520276183,0.0235826120781873,0.0201303121657103,0.0186715938928328,0.0014587182728775,0.0014100943304483,0.0014100943304483,0.0,0.0493533015656908,0.0259651852572206,0.0233881163084702,0.0197413206262763,0.0106972673344354,0.0090440532918409,0.0009238549061557,0.0003403675970047,0.000583487309151,0.0049110181853543,0.002139453466887,0.0027715647184673,0.0220752698628804,0.0157055334046484,0.006369736458232,0.0085578138675483,0.0058834970339395,0.0026743168336088,0.007001847709812201,0.0026256928911796,0.0043761548186326,0.0042302829913448,0.0031605562579013,0.0010697267334435,0.020908295244578302,0.0092871730039871,0.0116211222405912,0.020081688223281102,0.0075853350189633,0.0124963532043178,7782
2017-01-01,2017,1,0.7037732307114699,0.2307114698704712,0.4730617608409987,0.0039421813403416,0.0030035667354984,0.0009386146048432,0.0405950816594705,0.0096207996996433,0.0309742819598272,0.0019710906701708,0.0013609911770227,0.0006100994931481,0.0302703210061948,0.0174113009198423,0.0128590200863525,0.0269382391590012,0.0214004129904261,0.0055378261685751,0.0004223765721794,0.0002346536512108,0.0001877229209686,0.00046930730242162515,0.0003754458419373,9.386146048432514e-05,0.0237469495025341,0.004646142293974,0.0191008072085601,0.0149709029472497,0.0134221888492584,0.0015487140979913,0.0014079219072648,0.0014079219072648,0.0,0.054815092922845796,0.0293786371315937,0.0254364557912521,0.0207903134972779,0.0116857518302984,0.0091045616669795,0.0009855453350854,0.0006100994931481,0.0003754458419373,0.0036136662286464,0.0019241599399286,0.0016895062887178,0.0247794255678617,0.018209123333959,0.0065703022339027,0.0071804017270508,0.0046930730242162,0.0024873287028346,0.0059602027407545,0.001173268256054,0.0047869344847005,0.0033320818471935,0.0021118828608973,0.0012201989862962,0.0228083348976909,0.010700206495213,0.0121081284024779,0.0214942744509103,0.0085413929040735,0.0129528815468368,8141
2017-02-01,2017,2,0.6763862591290234,0.2328915336759534,0.44349472545307,0.0031917771165809,0.002326210440898,0.0008655666756829,0.0435488233703001,0.0121720313767919,0.0313767919935082,0.0027048958615093002,0.0011901541790641,0.0015147416824452,0.032242358669191104,0.0183932918582634,0.0138490668109277,0.0242358669191235,0.0175818230998106,0.0066540438193129,0.0004327833378414,0.0002704895861509,0.0001622937516905,0.0002704895861508866,0.0002163916689207,5.409791723018664e-05,0.0225588314849877,0.0049770083851771,0.0175818230998106,0.010332702190965501,0.0093589396808222,0.0009737625101433,0.0012983500135244001,0.0011901541790641,0.0001081958344603,0.0494454963483905,0.0256424127671084,0.0238030835812821,0.0212604814714633,0.0111441709494184,0.0101163105220449,0.0012983500135244,0.0009196645929131,0.0003786854206113,0.0079523938328374,0.0052474979713281,0.0027048958615093,0.0260210981877197,0.0180146064376521,0.0080064917500676,0.006004868812550601,0.0039491479578036,0.002055720854747,0.006491750067622299,0.0021639166892074,0.0043278333784149,0.0036245604544224,0.0030294833648904,0.000595077089532,0.0427914525290775,0.0307817149039761,0.0120097376251014,0.031376791993508096,0.0175277251825804,0.0138490668109277,7575
2017-03-01,2017,3,0.696401648406875,0.2350487486179515,0.4613528997889235,0.0035179415016583,0.0027138405869936,0.0008041009146647,0.046738365664890896,0.0113076691124736,0.0354306965524173,0.0036184541159915,0.0026635842798271,0.0009548698361644,0.0374409488390792,0.0222635440747813,0.0151774047642979,0.0254296914262739,0.0190471404161222,0.0063825510101517,0.0003015378429992,0.0001507689214996,0.0001507689214996,0.0009046135289978001,0.000552819378832,0.0003517941501658,0.0163332998291285,0.0022615338224947,0.0140717660066338,0.0130666398633028,0.0119107447984722,0.0011558950648306,0.0021610212081615,0.0020102522866619,0.0001507689214996,0.0542265554327067,0.0266860991054377,0.027540456327269,0.0216604683887827,0.012262538948638,0.0093979294401447,0.00045230676449879996,0.0003517941501658,0.000100512614333,0.0048246054879887,0.0032666599658257,0.001557945522163,0.0221127751532816,0.0153281736857975,0.0067846014674841,0.0075384460749823,0.005126143330988,0.0024123027439943,0.0051763996381545,0.0013066639863302,0.0038697356518243,0.0027138405869936,0.0019599959794954,0.0007538446074982,0.0264850738767714,0.0146245853854658,0.0118604884913056,0.023218413910945798,0.0114081817268067,0.0118102321841391,7817
2017-04-01,2017,4,0.685365476742389,0.2354607737083397,0.4499047030340493,0.0039664142584865,0.0025755936743419,0.0013908205841446,0.042136712512234,0.0092721372276309,0.0328645752846031,0.0020089630659865998,0.0015453562046051,0.0004636068613815,0.0317313140678925,0.0186988100757224,0.0130325039921701,0.0257044248699324,0.0201411425333539,0.0055632823365785,0.0004636068613815,0.0004636068613815,0.0,0.0004120949878946387,0.0003605831144078,5.151187348683872e-05,0.0236439499304589,0.0033482717766445,0.0202956781538144,0.014526348323288401,0.0134961108535517,0.0010302374697367,0.0024725699273682,0.0024725699273682,0.0,0.054396538402101596,0.0305465409776953,0.0238499974244063,0.0173079894915777,0.0077782928965126,0.0095296965950651,0.0008241899757894,0.0004120949878947,0.0004120949878947,0.0038118786380259995,0.0023180343069077,0.0014938443311183,0.0284345541647349,0.0209138206356565,0.0075207335290784,0.010044815329933501,0.00798434039046,0.0020604749394735,0.0049451398547364,0.0008241899757894,0.004120949878947,0.0029361767887497,0.001905939319013,0.0010302374697367,0.0336887652603925,0.0182352032143409,0.0154535620460516,0.026683150466182297,0.010508422191315,0.0161747282748673,7718
2017-05-01,2017,5,0.6749439198706244,0.2174343992905211,0.4575095205801033,0.003703896916897,0.0029213834837498,0.0007825134331472,0.0384474933486357,0.0087119828890395,0.0297355104595962,0.0030257186081693995,0.0021388700506025,0.0008868485575669,0.033230737127653995,0.0186759872711148,0.0145547498565392,0.0247274244874536,0.0182586467734362,0.0064687777140174,0.0004695080598882,0.0002086702488392,0.000260837811049,0.0004173404976785179,0.0003651729354687,5.2167562209817936e-05,0.0249882622985027,0.0029213834837498,0.0220668788147529,0.0136679012989722,0.012885387865825,0.0007825134331472,0.0019301998017632,0.0019301998017632,0.0,0.0577494913662684,0.0330220668788147,0.0247274244874537,0.0216495383170743,0.0089728207000886,0.0126767176169857,0.0009390161197766001,0.0004173404976785,0.0005216756220981,0.0029213834837496996,0.001982367363973,0.0009390161197767,0.0326568939433459,0.02290155981011,0.0097553341332359,0.007720799207053,0.0052689237831916,0.0024518754238614,0.005634096718660201,0.0015650268662945,0.0040690698523657,0.0046429130366737,0.0038082320413167,0.000834680995357,0.0315613751369397,0.0176848035891282,0.0138765715478115,0.0293181699619176,0.0149720903542177,0.0143460796076999,7416
2017-06-01,2017,6,0.6888927475834924,0.2137523875672859,0.4751403600162065,0.0040516293337962,0.0025467384383862,0.00150489089541,0.0411529779475602,0.0092029866296231,0.0319499913179371,0.0017364125716269,0.0013312496382473,0.0004051629333796,0.0265092319268391,0.0162065173351855,0.0103027145916536,0.0266828731840018,0.0192741795450599,0.0074086936389419,0.0003472825143253,0.0002315216762169,0.0001157608381084,0.0008103258667592,0.0008103258667592,0.0,0.0305608612606355,0.0078717369913758,0.0226891242692597,0.011055160039358601,0.0101290733344909,0.0009260867048677,0.0010418475429762,0.0010418475429762,0.0,0.061179602940325206,0.0354806968802454,0.0256989060600798,0.017827169068704,0.0070614111246165,0.0107657579440875,0.0008682062858135001,0.0003472825143254,0.0005209237714881,0.0065404873531283,0.0030676622098743,0.003472825143254,0.0210684725357411,0.016090756497077,0.0049777160386641,0.0083926607628638,0.0061353244197487,0.0022573363431151,0.0060774440006945,0.0010997279620304,0.0049777160386641,0.0043410314290675,0.0032991838860913,0.0010418475429762,0.0309081437749609,0.0192741795450599,0.011633964229901,0.0265671123458933,0.0140649418301788,0.0125021705157145,6514
2017-07-01,2017,7,0.6764641127256714,0.2562197269925143,0.4202443857331572,0.0034125935711139003,0.0023667987670629,0.001045794804051,0.0335755173932187,0.0077608982826948,0.0258146191105239,0.0016512549537647,0.0006054601497137,0.001045794804051,0.028236459709379,0.0161822985468956,0.0120541611624834,0.036712901805372,0.0307133421400264,0.0059995596653456,0.0042932628797885996,0.0041831792162043,0.0001100836635843,0.0014861294583883,0.0011558784676354,0.0003302509907529,0.0333553500660501,0.0062747688243064,0.0270805812417437,0.019704975781593997,0.0185490973139586,0.0011558784676354,0.0031924262439453,0.0031924262439453,0.0,0.0597203874944957,0.0361624834874504,0.0235579040070453,0.0169528841919858,0.0100176133861734,0.0069352708058124,0.0008256274768823999,0.0005504183179216,0.0002752091589608,0.0037978863936591004,0.0021466314398943,0.0016512549537648,0.0258696609423161,0.0179436371642448,0.0079260237780713,0.011723910171730401,0.0100176133861734,0.001706296785557,0.0041831792162042,0.0011008366358432,0.003082342580361,0.0037428445618670004,0.0027520915896081,0.0009907529722589,0.0313738441215322,0.0175583443416996,0.0138154997798326,0.020750770585645,0.0089167767503302,0.0118339938353148,7946
2017-08-01,2017,8,0.6987303026867702,0.2727015077655594,0.4260287949212107,0.0048180478403808,0.0037977553565355,0.0010202924838453,0.0277179458111324,0.0070853644711483,0.0206325813399841,0.0016438045573063,0.0009069266523069,0.0007368779049994,0.0342931640403581,0.0216528738238294,0.0126402902165287,0.0280580433057476,0.0228998979707516,0.005158145334996,0.0030041945357668,0.0027774628726901,0.0002267316630767,0.0007368779049992999,0.0005668291576918,0.0001700487473075,0.026074141253826,0.0048180478403809,0.0212560934134451,0.0210860446661375,0.0198957034349846,0.0011903412311529,0.0032876091146127,0.0031742432830744,0.0001133658315383,0.0607074027887993,0.0410951139326606,0.0196122888561387,0.0178551184672938,0.0106563881646071,0.0071987303026867,0.0004534633261534,0.0002267316630767,0.0002267316630767,0.0038544382723046,0.0026640970411517,0.0011903412311529,0.0271511166534405,0.0191588255299852,0.0079922911234553,0.007312096134225,0.0058383403242262,0.0014737558099988,0.003967804103843,0.0008502437365378,0.0031175603673052,0.003967804103843,0.003344292030382,0.000623512073461,0.0252238975172882,0.0129803877111438,0.0122435098061444,0.0180818501303706,0.0073120961342251,0.0107697539961455,7939
2017-09-01,2017,9,0.6857772877618522,0.2514430248394838,0.4343342629223685,0.0039561579868992,0.0027887671055191,0.0011673908813801,0.027822816006226,0.0085608664634541,0.0192619495427719,0.0016213762241389,0.0009079706855178,0.0007134055386211,0.0332057850703676,0.021013035864842,0.0121927492055256,0.0283416563979505,0.0228289772358778,0.0055126791620727,0.0016862312731045,0.0012971009793112,0.0003891302937933,0.0008431156365522,0.0006485504896556,0.0001945651468966,0.0261365847331214,0.004734418574486,0.0214021661586354,0.0271094104676048,0.0258123094882936,0.0012971009793112,0.004474998378623762,0.0044101433296582,6.485504896556197e-05,0.0680329463648744,0.0450742590310655,0.0229586873338089,0.017899993514494998,0.0088851417082819,0.0090148518062131,0.0009728257344833,0.0004539853427589,0.0005188403917244,0.0044749983786236,0.0029184772034502,0.0015565211751734,0.023866658019326702,0.0198456449834619,0.0040210130358648,0.0092742720020753,0.0070692003372462,0.0022050716648291,0.0048641286724171,0.0014916661262079,0.0033724625462092,0.0036318827420714003,0.0029833322524158,0.0006485504896556,0.0269148453207082,0.0149815163110448,0.0119333290096634,0.0190025293469096,0.0091445619041442,0.0098579674427654,6820
2017-10-01,2017,10,0.6941498868104371,0.243476706779459,0.4506731800309781,0.0042297152388895,0.0033361134278565,0.000893601811033,0.0333611342785654,0.0091147384725366,0.0242463958060288,0.0018467770761348,0.0011318956273084,0.0007148814488264,0.033778148457047505,0.0226379125461694,0.0111402359108781,0.0315143572024305,0.0240081019897533,0.0075062552126772,0.0017276301679971,0.0014297628976528,0.0002978672703443,0.0004765876325509,0.0003574407244132,0.0001191469081377,0.0175145954962468,0.0040509948766829,0.0134636006195639,0.0204336947456213,0.0190635053020374,0.0013701894435839,0.004348862147027267,0.0042892886929584,5.957345406886691e-05,0.0667818420111998,0.0399737876802097,0.0268080543309901,0.0211485761944477,0.012510425354462,0.0086381508399857,0.0012510425354461,0.0009531752651018,0.0002978672703443,0.0029786727034433,0.0019659239842726,0.0010127487191707,0.0212677231025854,0.0144763493387346,0.0067913737638508,0.0092934588347431,0.0070296675801262,0.0022637912546169,0.0036935541522697003,0.0010723221732396,0.0026212319790301,0.0036935541522697003,0.0029786727034433,0.0007148814488264,0.0270463481472655,0.0176337424043846,0.0094126057428809,0.0215060169188609,0.0109615155486715,0.0105445013701894,7160
2017-11-01,2017,11,0.6751019351498284,0.2381075658533428,0.4369943692964856,0.0031713157724418,0.0022652255517442,0.0009060902206976,0.03132483334412,0.0077664876059801,0.0235583457381399,0.0025241084719435,0.001941621901495,0.0005824865704485,0.0412271050417447,0.0267943822406316,0.0144327228011131,0.031195391884020398,0.0244644359588376,0.0067309559251828,0.001553297521196,0.000776648760598,0.000776648760598,0.0007766487605979349,0.0007119280305481,6.472073004983496e-05,0.0183159666041032,0.0040774059931396,0.0142385606109636,0.0185101287942527,0.0170862727331564,0.0014238560610963,0.004789334023687735,0.0047246132936379,6.472073004983496e-05,0.06983366772377181,0.0418095916121933,0.0280240761115785,0.0212283994563458,0.0130735874700666,0.0081548119862792,0.0012296938709468,0.0008413694906478,0.000388324380299,0.0049187754837872995,0.003106595042392,0.0018121804413953,0.0354022393372596,0.028606562682027,0.0067956766552326,0.0091256229370266,0.0073781632256811,0.0017474597113455,0.0039479645330398,0.0006472073004983,0.0033007572325415,0.0035596401527409,0.0027829913921429,0.000776648760598,0.0244644359588376,0.0146268849912627,0.0098375509675749,0.0184454080642028,0.0099669924276745,0.0084784156365283,6737
2017-12-01,2017,12,0.7178411434260115,0.2709948090734552,0.4468463343525563,0.0039820806371328,0.0028443433122377,0.0011377373248951,0.0261679584725876,0.0057597952072815,0.0204081632653061,0.0019910403185664,0.001279954490507,0.0007110858280594,0.0381142003839863,0.0248880039820806,0.0132261964019057,0.024248026736827,0.0184171229467396,0.0058309037900874,0.0006399772452534001,0.0004977600796416,0.0001422171656118,0.0004977600796415447,0.0004266514968356,7.110858280594468e-05,0.0180615800327099,0.0033421033918794,0.0147194766408305,0.021688117755813,0.0206214890137239,0.0010666287420891,0.0027732347294318,0.0027732347294318,0.0,0.0541136315153238,0.0328521652563464,0.0212614662589774,0.0129417620706819,0.0070397496977885,0.0059020123728934,0.0003555429140296447,7.110858280594468e-05,0.0002844343312237,0.0029865604778496002,0.0019199317357605,0.0010666287420891,0.0273768043802886,0.0199104031856645,0.0074664011946241,0.0093863329303846,0.0079641612742658,0.0014221716561188,0.0034843205574912,0.0008533029936713,0.0026310175638199,0.0030576690606555004,0.002488800398208,0.0005688686624475,0.0244613524852448,0.0163549740453672,0.0081063784398776,0.0216170091730071,0.011519590414563,0.0100974187584441,6205
2018-01-01,2018,1,0.6880535202293723,0.2551768079006052,0.4328767123287671,0.0054157374960178,0.0041414463204842,0.0012742911755336,0.034278432621853996,0.0072634597005415,0.0270149729213125,0.0013380057343102,0.0012105766167569,0.0001274291175533,0.0324307104173302,0.0193692258681108,0.0130614845492194,0.0226186683657215,0.0167569289582669,0.0058617394074546,0.0013380057343102,0.0012105766167569,0.0001274291175533,0.0005097164702133,0.00038228735266,0.0001274291175533,0.0154189232239565,0.0029945842625039,0.0124243389614526,0.020516087926090998,0.0190506530742274,0.0014654348518636,0.0026760114686205,0.0026760114686205,0.0,0.0688754380375915,0.0386110226186683,0.0302644154189232,0.015482637782733198,0.0078368907295316,0.0076457470532016,0.0004460019114367,0.0003185727938834,0.0001274291175533,0.0025485823510671,0.0017202930869703,0.0008282892640968,0.030264415418923198,0.0237655304237018,0.0064988849952214,0.011086333227142298,0.0086651799936285,0.0024211532335138,0.003568015291494,0.0005097164702134,0.0030582988212806,0.005160879260911,0.0043325899968142,0.0008282892640968,0.028161834979292602,0.0177126473399171,0.0104491876393755,0.0237655304237017,0.0119146224912392,0.0118509079324625,6836
2018-02-01,2018,2,0.673536477430775,0.2478189404475913,0.4257175369831837,0.0043621191048172,0.0030977367555948,0.0012643823492224,0.035402705778227204,0.0068276646858009,0.0285750410924263,0.0020230117587558,0.0009482867619168,0.001074724996839,0.0372360601845997,0.0222531293463143,0.0149829308382854,0.0288279175622707,0.0220634719939309,0.0067644455683398,0.0009482867619167001,0.0008218485269945,0.0001264382349222,0.0008218485269945202,0.0007586294095334,6.321911746112024e-05,0.0132760146668351,0.0030345176381337,0.0102414970287014,0.0325578454924768,0.0309141484384877,0.0016436970539891,0.0048046529270451,0.0048046529270451,0.0,0.0821216335819951,0.0485522822101403,0.0335693513718548,0.017574914654191302,0.0085977999747123,0.008977114679479,0.0003793147047666,0.0001896573523833,0.0001896573523833,0.0042988999873561,0.0028448602857504,0.0014540397016057,0.0233910734606144,0.0175116955367303,0.0058793779238841,0.0087874573270957,0.0068908838032621,0.0018965735238336,0.0029712985206726,0.0006954102920723,0.0022758882286003,0.003729927930206,0.0029080794032115,0.0008218485269945,0.024212921987609,0.0140978631938298,0.0101150587937792,0.0181438867113414,0.007396636742951,0.0107472499683904,6936
2018-03-01,2018,3,0.6944157468326898,0.2464248817356315,0.4479908650970583,0.0051111956935457,0.0038062095590234,0.0013049861345223,0.0324071556739709,0.0081017889184927,0.0243053667554782,0.0011418628677069,0.0008156163340764,0.0003262465336305,0.0375183513675167,0.0230003806209559,0.0145179707465608,0.0306127997390027,0.0231091294654994,0.0075036702735033,0.0005981186449893,0.0002718721113588,0.0003262465336305,0.0013049861345222,0.0011962372899787,0.0001087488445435,0.0145179707465607,0.0022293513131422,0.0122886194334185,0.0381708444347778,0.0369202327225273,0.0012506117122505,0.004948072426730463,0.0048936980044587,5.437442227176337e-05,0.0732423468000651,0.0442607797292153,0.0289815670708498,0.0153879615029089,0.0071774237398727,0.0082105377630362,0.0015224838236092002,0.0011962372899787,0.0003262465336305,0.002501223424501,0.001359360556794,0.001141862867707,0.0196835408623782,0.0129954869229514,0.0066880539394268,0.0064161818280679996,0.005274318960361,0.001141862867707,0.0035887118699362,0.0007612419118046,0.0028274699581316,0.0033712141808493,0.0026643466913164,0.0007068674895329,0.0186504268392147,0.0101136425425479,0.0085367842966668,0.0160948289924418,0.0072861725844162,0.0088086564080256,7874
2018-04-01,2018,4,0.6905759162303665,0.2472367655613729,0.4433391506689936,0.0034322280395578,0.0027341477603257,0.0006980802792321,0.0255381035485747,0.0060500290866783,0.0194880744618964,0.0024432809773122996,0.0019778941244909,0.0004653868528214,0.0371727748691098,0.025479930191972,0.0116928446771378,0.0252472367655613,0.0190808609656777,0.0061663757998836,0.0008726003490401001,0.0006399069226294,0.0002326934264107,0.0009307737056427001,0.000523560209424,0.0004072134962187,0.0161721931355438,0.0020942408376963,0.0140779522978475,0.026061663757998798,0.0246655031995346,0.0013961605584642,0.004421175101803276,0.0043630017452006,5.817335660267598e-05,0.0684118673647469,0.0394415357766143,0.0289703315881326,0.0240837696335078,0.0119837114601512,0.0121000581733566,0.0008726003490401001,0.0006980802792321,0.000174520069808,0.0023851076207096,0.0015125072716695,0.0008726003490401,0.0322280395578824,0.0243164630599185,0.0079115764979639,0.0111692844677137,0.0093077370564281,0.0018615474112856,0.0039557882489819,0.0008144269924374,0.0031413612565445,0.003199534613147,0.0024432809773123,0.0007562536358347,0.0215823152995927,0.0124490983129726,0.0091332169866201,0.017219313554391998,0.0076207097149505,0.0095986038394415,7434
2018-05-01,2018,5,0.6944304506017351,0.2389588581024349,0.4554715924993003,0.0037503498460675997,0.0024629163168205,0.0012874335292471,0.0228939266722641,0.0057654631961936,0.0171284634760705,0.0014553596417575,0.0008396305625524,0.0006157290792051,0.0352644836272039,0.0233977050097956,0.0118667786174083,0.027148054855863402,0.0200951581304226,0.0070528967254408,0.0010075566750628,0.0008396305625524,0.0001679261125104,0.0012314581584102317,0.0011754827875734,5.59753708368318e-05,0.0208788133221381,0.0050377833753148,0.0158410299468233,0.0314021830394625,0.0296669465435208,0.0017352364959417,0.005373635600335831,0.005317660229499,5.59753708368318e-05,0.0661069129582983,0.0410299468233977,0.0250769661349006,0.0237895326056534,0.0126504338091239,0.0111390987965295,0.000615729079205,0.0002798768541841,0.0003358522250209,0.0032465715085360997,0.0016792611251049,0.0015673103834312,0.0213825916596697,0.0157290792051497,0.00565351245452,0.0083963056255247,0.0067730198712566,0.0016232857542681,0.0029666946543520003,0.0010635320458998,0.0019031626084522,0.0032465715085361,0.0024069409459837,0.0008396305625524,0.0244052616848585,0.0135460397425132,0.0108592219423453,0.0217184438846906,0.0120906801007556,0.009627763783935,7608
2018-06-01,2018,6,0.6636255702055864,0.2317690433043804,0.431856526901206,0.0036243204399173997,0.0029369493220021,0.0006873711179153,0.0246203836780603,0.0054989689433231,0.0191214147347372,0.0014997188027243,0.000812347684809,0.0006873711179153,0.0299943760544897,0.0203086921202274,0.0096856839342623,0.0245578953946135,0.0186215084671624,0.0059363869274511,0.0004999062675747537,0.0004374179841279,6.248828344685372e-05,0.0014372305192775,0.0008748359682559,0.0005623945510216,0.019183903018184,0.0026869961882147,0.0164969068299693,0.0771105417734174,0.0750484284196713,0.0020621133537461,0.0160594888458414,0.0160594888458414,0.0,0.0656751859026432,0.043554333562457,0.0221208523401862,0.0118727738549021,0.0056864337936636,0.0061863400612385,0.0011247891020433,0.0007498594013622,0.0003749297006811,0.0041242267074923,0.0030619258888958,0.0010623008185965,0.0169968130975441,0.0134349809410735,0.0035618321564706,0.014122352058988801,0.0123101918390301,0.0018121602199587,0.0025620196213209,0.0004999062675748,0.0020621133537461,0.0032493907392362,0.0024370430544272,0.000812347684809,0.0205586452540147,0.0121852152721364,0.0083734299818783,0.017059301380991,0.0069361994626007,0.0101231019183903,7386
2018-07-01,2018,7,0.6090924174547867,0.2599413749239533,0.3491510425308334,0.0040926939881643,0.0033737072064598,0.0007189867817045,0.0261047508434267,0.0111166417786626,0.0149881090647641,0.0021569603451136,0.0019357336430507,0.0002212267020629,0.0303633648581383,0.0220673635307781,0.0082960013273602,0.0314141916929372,0.025219844035175,0.0061943476577622,0.0006636801061887348,0.000608373430673,5.530667551573475e-05,0.0008296001327359,0.0005530667551573,0.0002765333775786,0.0174769094629721,0.0042033073391958,0.0132736021237763,0.1226148996183839,0.117803218848515,0.0048116807698689,0.0279851778109617,0.0275427244068359,0.0004424534041258,0.0658149438637242,0.0452961672473867,0.0205187766163375,0.0105082683479895,0.0057518942536364,0.0047563740943531,0.0011061335103146,0.0008849068082517,0.0002212267020629,0.005198827498479,0.0042033073391958,0.0009955201592832,0.011061335103146799,0.0084066146783916,0.0026547204247552,0.0077429345722027,0.0063602676843094,0.0013826668878933,0.0027100271002709,0.0009402134837674,0.0017698136165035,0.0030971738288811,0.002710027100271,0.0003871467286101,0.024390243902438997,0.0178640561915823,0.0065261877108567,0.019799789834633,0.0115037885072728,0.0082960013273602,10107
2018-08-01,2018,8,0.6903533370723499,0.2647223780145821,0.4256309590577678,0.0039259674705551,0.0027481772293886,0.0011777902411665,0.0236679753224901,0.0046550757150869,0.0190128996074032,0.0013460459899045,0.0010095344924284,0.0003365114974761,0.0375210319685922,0.0274256870443073,0.0100953449242849,0.027930454290521503,0.0209758833426808,0.0069545709478407,0.0005608524957934999,0.0003925967470555,0.000168255748738,0.0007291082445316607,0.0006730229949523,5.608524957936063e-05,0.0182837913628714,0.0028603477285473,0.0154234436343241,0.053673583847448,0.0521592821088053,0.0015143017386427,0.00880538418395956,0.0087492989343802,5.608524957936063e-05,0.0605720695457094,0.0391475042063937,0.0214245653393157,0.0125630959057767,0.0066180594503645,0.0059450364554122,0.0007851934941109,0.0003365114974761,0.0004486819966348,0.0025238362310711,0.0012338754907459,0.0012899607403252,0.022097588334268,0.0173303421200224,0.0047672462142456,0.011329220415030799,0.0092540661805945,0.0020751542344363,0.0025799214806505,0.0005047672462142,0.0020751542344363,0.0024116657319124,0.0020751542344363,0.0003365114974761,0.0193494111048793,0.0093662366797532,0.0099831744251261,0.0193494111048793,0.0060572069545709,0.0132922041503084,8262
2018-09-01,2018,9,0.7117999216695574,0.2563643484585688,0.4554355732109886,0.0035248699155149,0.0025177642253678,0.0010071056901471,0.0260728473115872,0.0063783360375986,0.0196945112739886,0.001398757902982,0.0008392547417892,0.0005595031611928,0.0428019918312538,0.0280311083757623,0.0147708834554915,0.0280870586918815,0.0198623622223465,0.008224696469535,0.0005035528450735,0.0003357018967157,0.0001678509483578,0.001007105690147,0.0008392547417892,0.0001678509483578,0.016841045151905,0.0019023107480557,0.0149387344038493,0.024394337828008598,0.0227717786605494,0.0016225591674592,0.0040843730767078,0.0040843730767078,0.0,0.0635595591115089,0.0378783640127566,0.0256811950987523,0.020981368544732197,0.0095675040563979,0.0114138644883343,0.000615453477312,0.0004476025289542,0.0001678509483578,0.0046438762379007,0.0022380126447714,0.0024058635931293,0.0161136910423543,0.0104067587981872,0.0057069322441671,0.0116376657528114,0.0087841996307279,0.0028534661220835,0.004420074973423499,0.0012309069546242,0.0031891680187993,0.0042522240250655995,0.0033570189671571,0.0008952050579085,0.018407654003245,0.009791305320875,0.00861634868237,0.0166172438874279,0.0048117271862586,0.0118055167011693,7467
2018-10-01,2018,10,0.6749412544435741,0.2227510995963126,0.4521901548472615,0.0033741037536903,0.0024100741097788,0.0009640296439115,0.0368741338796167,0.0127131409290835,0.0241609929505332,0.0025908296680122,0.0019280592878231,0.0006627703801891,0.0465144303187322,0.0304874374887027,0.0160269928300295,0.0374766524070614,0.0260890522383563,0.0113876001687051,0.001144785202144872,0.0010845333494004,6.025185274447189e-05,0.0013255407603782001,0.0010845333494004,0.0002410074109778,0.016870518768452098,0.0025305778152678,0.0143399409531843,0.024823763330722302,0.0236187262758329,0.0012050370548894,0.003193348195457,0.003193348195457,0.0,0.0787491715370246,0.0476592155208772,0.0310899560161474,0.019160089172742,0.0096402964391155,0.0095197927336265,0.0006025185274446,0.0003012592637223,0.0003012592637223,0.0037958667229016,0.0022293185515454,0.0015665481713562,0.0214496595770319,0.0155449780080737,0.0059046815689582,0.0114478520214496,0.0089172742061818,0.0025305778152678,0.0039163704283906,0.001024281496656,0.0028920889317346,0.0033741037536903,0.0028920889317346,0.0004820148219557,0.0169307706211965,0.0083750075314815,0.008555763089715,0.0187383262035307,0.0081340001205037,0.010604326083027,6866
2018-11-01,2018,11,0.7088785987517615,0.2409905375478155,0.467888061203946,0.0034896986779409,0.0024159452385745,0.0010737534393664,0.0312059593315884,0.0096637809542983,0.0215421783772901,0.0018119589289309,0.0016106301590497,0.0002013287698812,0.0425474800348968,0.0275820414737265,0.0149654385611703,0.0312059593315884,0.0210724112475672,0.0101335480840212,0.0005368767196832,0.0002013287698812,0.000335547949802,0.0005368767196832,0.0005368767196832,0.0,0.014831219381249499,0.0022817260586537,0.0125494933225958,0.011274411113348001,0.0101335480840212,0.0011408630293268,0.0011408630293268053,0.0010737534393664,6.710958996040534e-05,0.0681833433997717,0.0444265485537883,0.0237567948459834,0.018388027649150998,0.0089255754647339,0.0094624521844171,0.0009395342594456001,0.000671095899604,0.0002684383598416,0.0044963425273471,0.0025501644184954,0.0019461781088517,0.0194617810885174,0.0148312193812495,0.0046305617072679,0.0077176028454465,0.005637205556674,0.0020803972887725,0.0035568082679013997,0.001006643849406,0.0025501644184954,0.0043621233474262005,0.0036239178578618,0.0007382054895644,0.0245621099255082,0.0173813837997449,0.0071807261257633,0.0229514797664585,0.0122139453727937,0.0107375343936648,6169
2018-12-01,2018,12,0.715514299365231,0.2468090915295884,0.4687052078356426,0.0040270288717493,0.0031397174254317,0.0008873114463176,0.0334448160535116,0.0110572657156508,0.0223875503378608,0.0012968398061564,0.0009555661729574,0.000341273633199,0.0445703364958022,0.0299638249948808,0.0146065115009214,0.0361750051191044,0.029144768275203,0.0070302368439014,0.001092075626237,0.0008873114463176,0.0002047641799194,0.0008190567196777,0.0006825472663981,0.0001365094532796,0.0126953791550063,0.0017063681659954,0.0109890109890109,0.0163128796669168,0.0152890587673196,0.0010238208995972,0.0014333492594362,0.0014333492594362,0.0,0.0651832639410278,0.0410893454371715,0.0240939185038563,0.0192478329124291,0.0091461333697358,0.0101016995426933,0.0008873114463175,0.0006825472663981,0.0002047641799194,0.005528632857825301,0.0027984437922326,0.0027301890655927,0.015425568220599099,0.0106477373558118,0.0047778308647873,0.010442973175892298,0.0081905671967783,0.002252405979114,0.0041635383250289,0.0008190567196778,0.0033444816053511,0.00375400996519,0.0026619343389529,0.0010920756262371,0.0199303801788273,0.0104429731758924,0.0094874070029349,0.0133779264214046,0.0053238686779059,0.0080540577434987,6057
2019-01-01,2019,1,0.7018732287274486,0.2388193820418884,0.4630538466855602,0.0040091242137277,0.0027649132508467,0.001244210962881,0.029653694615331398,0.0079491255961844,0.021704569019147,0.0017280707817791,0.0006912283127116,0.0010368424690675,0.0456210686389713,0.0311052740720259,0.0145157945669454,0.032072993709822195,0.0238473767885532,0.008225616921269,0.0015207022879657,0.0013133337941522,0.0002073684938135,0.0014515794566945,0.0013133337941522,0.0001382456625423,0.0183866731181308,0.0040091242137277,0.0143775489044031,0.0109905301721158,0.0097463192092348,0.001244210962881,0.0010368424690675,0.0010368424690675,0.0,0.0738231837976083,0.0476947535771065,0.0261284302205018,0.0276491325084674,0.0141010575793184,0.013548074929149,0.0006912283127116,0.000414736987627,0.0002764913250846,0.0026266675883043003,0.0014515794566945,0.0011750881316098,0.0153452685421994,0.0105066703532176,0.0048385981889818,0.0096771963779635,0.0071887744522015,0.002488421925762,0.0032487730697448,0.0011750881316098,0.002073684938135,0.0029722817446602,0.0019354392755927,0.0010368424690675,0.021082463537706403,0.0118200041473698,0.0092624593903366,0.019077901430842502,0.0089859680652519,0.0100919333655906,5929
2019-02-01,2019,2,0.7062584624642695,0.277568828042726,0.4286896344215435,0.0037610952309312,0.0027832104708891,0.0009778847600421,0.0330224161275763,0.0112832856927937,0.0217391304347826,0.0018053257108467998,0.0012035504738979,0.0006017752369489,0.046863246577403206,0.0330224161275763,0.0138408304498269,0.027455995185798,0.0209116894839777,0.0065443057018203,0.0008274409508048,0.0006769971415676,0.0001504438092372,0.0006017752369488,0.0003008876184744,0.0003008876184744,0.0188806980592747,0.0047389799909733,0.0141417180683014,0.0082744095080486,0.0075221904618624,0.0007522190461862,0.0006017752369489,0.0006017752369489,0.0,0.0631863998796449,0.0417481570633368,0.0214382428163081,0.015420490446818,0.0078230780803369,0.0075974123664811,0.0009778847600419999,0.0006017752369489,0.0003761095230931,0.003986760944787,0.0026327666616518,0.0013539942831352,0.0170753723484278,0.0124868361666917,0.0045885361817361,0.0081239656988114,0.0057920866556341,0.0023318790431773,0.0036858733263125,0.0011283285692793,0.0025575447570332,0.009026628554234901,0.0085752971265232,0.0004513314277117,0.023243568527155,0.0136151647359711,0.0096284037911839,0.0259515570934255,0.0147434933052504,0.0112080637881751,6045
2019-03-01,2019,3,0.7161429314315428,0.2763539112993091,0.4397890201322338,0.0037144342916573003,0.0026743926899933,0.001040041601664,0.027858257187430298,0.0073545798974816,0.0205036772899487,0.0019315058316618,0.0014114850308298,0.000520020800832,0.0402644677215659,0.0274125250724314,0.0128519426491345,0.0295668969615927,0.0219151623207785,0.0076517346408142,0.0005200208008319,0.0002971547433325,0.0002228660574994,0.0005200208008319,0.0001485773716662,0.0003714434291657,0.0148577371666295,0.0042344550924894,0.0106232820741401,0.0113661689324715,0.0105489933883069,0.0008171755441646,0.0011143302874972,0.0011143302874972,0.0,0.066488373820667,0.0413787980090632,0.0251095758116038,0.0200579451749498,0.009583240472476,0.0104747047024738,0.0012629076591634,0.001040041601664,0.0002228660574994,0.0026743926899932,0.0013371963449966,0.0013371963449966,0.0193150583166183,0.0142634276799643,0.005051630636654,0.0073545798974815006,0.0058688061808186,0.0014857737166629,0.0041601664066562,0.0017829284599955,0.0023772379466607,0.0057202288091522,0.0051259193224871,0.0005943094866651,0.0273382363865983,0.0151548919099621,0.0121833444766362,0.0209494094049476,0.0124804992199688,0.0084689101849788,5987
2019-04-01,2019,4,0.6939288619389188,0.2339717518302151,0.4599571101087037,0.0031797678030022003,0.0022923907416993,0.0008873770613029,0.028839754492346298,0.006803224136656,0.0220365303556903,0.0022184426532573,0.0014789617688382,0.0007394808844191,0.041928566146565,0.0269171041928566,0.0150114619537084,0.0360866671596538,0.0259557790431117,0.0101308881165421,0.0011092213266286,0.0009613251497448,0.0001478961768838,0.0008134289728609001,0.0004436885306514,0.0003697404422095,0.0263255194853212,0.0063595356060045,0.0199659838793167,0.011388005620054601,0.0104266804703098,0.0009613251497448,0.0014789617688382,0.0014789617688382,0.0,0.0688456703394216,0.0383790579013532,0.0304666124380684,0.0226281150632255,0.0115359017969385,0.011092213266287,0.00044368853065139996,0.0001478961768838,0.0002957923537676,0.0030318716261183,0.0014789617688382,0.0015529098572801,0.019818087702432798,0.0144938253346151,0.0053242623678177,0.014493825334614999,0.0121274865044738,0.0023663388301412,0.005102418102492,0.0018487022110478,0.0032537158914442,0.0043629372180728,0.0038453005989795,0.0005176366190933,0.0232196997707608,0.013680396361754,0.0095393034090068,0.0167862160763144,0.0075427050210752,0.0092435110552392,5476
2019-05-01,2019,5,0.6928576693447335,0.2215670376649222,0.4712906316798113,0.0058229527530035,0.0042013709736861,0.0016215817793174,0.0330213016879191,0.0089924080489422,0.0240288936389769,0.0023586644062798,0.0019164148301024,0.0004422495761774,0.0388442544409228,0.0270509324095231,0.0117933220313997,0.0303678042308542,0.0232181027493182,0.007149701481536,0.0011056239404436,0.0008844991523549,0.0002211247880887,0.0028746222451536,0.0019901230927987,0.0008844991523549,0.0224073118596594,0.0032431635586349,0.0191641483010245,0.0127515294464509,0.0120881550821847,0.0006633743642662,0.0014741652539249483,0.0014004569912287,7.370826269624825e-05,0.0703176826122207,0.0427507923638239,0.0275668902483968,0.0246922680032431,0.0114984889806147,0.0131937790226284,0.0015478735166211,0.0011056239404437,0.0004422495761774,0.0053069949141297,0.0028746222451536,0.0024323726689761,0.015478735166212,0.0111299476671334,0.0043487874990786,0.009803198938600901,0.0073708262696248,0.0024323726689761,0.0037591213975085,0.0013267487285324,0.0024323726689761,0.0032431635586348,0.0025060809316724,0.0007370826269624,0.0255030588929018,0.0166580673693521,0.0088449915235497,0.0206383135549494,0.0111299476671334,0.009508365887816,5389
2019-06-01,2019,6,0.7121360013014478,0.2351553603383764,0.4769806409630714,0.0033349601431592,0.002440214738897,0.0008947454042622,0.0344883683097445,0.0123637546770782,0.0221246136326663,0.0020335122824141,0.0014641288433382,0.0005693834390759,0.042459736456808096,0.0313160891491784,0.0111436473076297,0.033268260940296,0.0260289572149015,0.0072393037253945,0.0008134049129656674,0.0007320644216691,8.134049129656744e-05,0.000732064421669,0.0005693834390759,0.0001626809825931,0.0261916381974946,0.0034976411257523,0.0226939970717423,0.0065072393037253,0.0057751748820562,0.0007320644216691,0.0021961932650073,0.0021961932650073,0.0,0.0525459573775825,0.0311534081665853,0.0213925492109972,0.029689279323246998,0.0118757117292988,0.0178135675939482,0.0012201073694484,0.0008947454042622,0.0003253619651862,0.0034163006344557,0.0016268098259313,0.0017894908085244,0.0169188221896859,0.0138278835204164,0.0030909386692695,0.0089474540426223,0.0069139417602082,0.0020335122824141,0.003172279160566,0.0004067024564828,0.0027655767040832,0.004636408003904201,0.0040670245648283,0.0005693834390759,0.023100699528225098,0.0124450951683748,0.0106556043598503,0.0181389295591344,0.007320644216691,0.0108182853424434,4821
2019-07-01,2019,7,0.6829000617326291,0.2253240963029014,0.4575759654297276,0.0019891624939981003,0.0013718362027573,0.0006173262912408,0.0334728033472802,0.0115920159132999,0.0218807874339803,0.0019891624939981,0.0016462034433088,0.0003429590506893,0.0459565127923725,0.0295630701694217,0.0163934426229508,0.0388229645380341,0.0286027848274916,0.0102201797105425,0.0011660607723436999,0.0009602853419301,0.0002057754304136,0.0017833870635845,0.0014404280128952,0.0003429590506893,0.033678578777693896,0.0096714452294396,0.0240071335482543,0.014678647369504,0.0139241374579875,0.0007545099115165,0.0022635297345496,0.0022635297345496,0.0,0.07154125797379779,0.0431442485767199,0.0283970093970779,0.0192057068386033,0.0076822827354413,0.011523424103162,0.0011660607723436999,0.0009602853419301,0.0002057754304136,0.0037725495575826997,0.002057754304136,0.0017147952534467,0.022566705535359,0.0155017490911585,0.0070649564442005,0.0124837094450921,0.0102201797105425,0.0022635297345496,0.0037725495575826997,0.0011660607723437,0.002606488785239,0.004252692228547799,0.0034295905068934,0.0008231017216544,0.0181082378763975,0.0100829960902668,0.0080252417861307,0.0141299128884011,0.0053501611907538,0.0087797516976473,5899
2019-08-01,2019,8,0.7142656950672646,0.2747337443946188,0.4395319506726457,0.0037135650224214,0.0026625560538116,0.0010510089686098,0.0280269058295963,0.0089686098654708,0.0190582959641255,0.0023822869955156,0.0011210762331838,0.0012612107623318,0.0446328475336322,0.0290078475336322,0.015625,0.022281390134528997,0.0157651345291479,0.0065162556053811,0.0005605381165918,0.0003503363228699,0.0002102017937219,0.0011210762331837001,0.0009809417040358,0.0001401345291479,0.0320908071748878,0.007357062780269,0.0247337443946188,0.0065162556053811,0.0060257847533632,0.0004904708520179,0.0010510089686098,0.0010510089686098,0.0,0.0492572869955156,0.0281670403587443,0.0210902466367713,0.0208800448430492,0.0103699551569506,0.0105100896860986,0.0036434977578474,0.0032230941704035,0.0004204035874439,0.0056053811659191,0.0039237668161434,0.0016816143497757,0.022701793721973,0.0197589686098654,0.0029428251121076,0.0095992152466367,0.007567264573991,0.0020319506726457,0.0028026905829596,0.0006306053811659,0.0021720852017937,0.0055353139013452,0.0047645739910313,0.0007707399103139,0.023262331838565,0.0132427130044843,0.0100196188340807,0.0181474215246636,0.0091087443946188,0.0090386771300448,6226
2019-09-01,2019,9,0.7119044212333667,0.2541136070968665,0.4577908141365002,0.0037201316354270003,0.0029331807125482,0.0007869509228788,0.028401774216626,0.0076548862498211,0.0207468879668049,0.0012161968808126,0.0007869509228788,0.0004292459579338,0.046000858491915805,0.0300472170553727,0.0159536414365431,0.0256116754900557,0.0186721991701244,0.0069394763199313,0.0015023608527686,0.0007869509228788,0.0007154099298898,0.0008584919158677001,0.0005723279439118,0.0002861639719559,0.0323365288310201,0.0109457719273143,0.0213907569037058,0.0072256402918872,0.0060809844040635,0.0011446558878237,0.0010731148948346827,0.0010015739018457,7.154099298898269e-05,0.0567320074402632,0.0320503648590642,0.024681642581199,0.0206038059808269,0.0095149520675346,0.0110888539132923,0.004006295607383,0.0036485906424381,0.0003577049649449,0.005079410502217699,0.0027185577335813,0.0023608527686364,0.0207468879668049,0.0158821004435541,0.0048647875232508,0.0071540992988982,0.0049363285162398,0.0022177707826584,0.0030762626985261,0.0008584919158677,0.0022177707826584,0.0063671483760194,0.0055801974531406,0.0007869509228788,0.0203176420088709,0.0115896408642151,0.0087280011446558,0.015309772499642198,0.0077979682357991,0.0075118042638431,5795
2019-10-01,2019,10,0.6810022201078337,0.2239137329527434,0.4570884871550904,0.0045036473200126,0.0034887408816999,0.0010149064383127,0.0284808119251506,0.0069774817633999,0.0215033301617507,0.0026006977481761997,0.0019663812242308,0.0006343165239454,0.0536631779257849,0.0345702505550269,0.019092927370758,0.030256898192197797,0.0229622581668252,0.0072946400253726,0.0019663812242308003,0.001522359657469,0.0004440215667618,0.0008246114811290449,0.0007611798287345,6.343165239454488e-05,0.029115128449096,0.0082461148112908,0.0208690136378052,0.0076117982873452,0.0069140501110053,0.0006977481763399,0.0016492229622581,0.0016492229622581,0.0,0.0679352997145575,0.0423089121471614,0.0256263875673961,0.0175705677132888,0.0088169996828417,0.0087535680304471,0.0020932445290199,0.0016492229622581,0.0004440215667618,0.0045036473200125,0.0032350142721217,0.0012686330478908,0.0388836029178559,0.0299397399302251,0.0089438629876308,0.0097050428163653,0.0066603235014272,0.0030447193149381,0.0031715826197271,0.0009514747859181,0.002220107833809,0.0053282588011417,0.004313352362829,0.0010149064383127,0.0150967332699015,0.0081826831588962,0.0069140501110053,0.0161116397082143,0.0074849349825562,0.0086267047256581,6461
2019-11-01,2019,11,0.7328431372549019,0.2341367102396514,0.4987064270152505,0.0034041394335511,0.0021786492374727,0.0012254901960784,0.0238970588235293,0.0050381263616557,0.0188589324618736,0.0017020697167755001,0.0011574074074074,0.0005446623093681,0.0426198257080609,0.0242374727668845,0.0183823529411764,0.0223992374727668,0.0176334422657952,0.0047657952069716,0.0016339869281044,0.0013616557734204,0.000272331154684,0.000408496732026,0.000136165577342,0.000272331154684,0.0247821350762526,0.0039488017429193,0.0208333333333333,0.011710239651416002,0.0106209150326797,0.0010893246187363,0.0014978213507625,0.0014978213507625,0.0,0.057121459694988996,0.037037037037037,0.020084422657952,0.0155228758169933,0.0084422657952069,0.0070806100217864,0.0012935729847493001,0.0008169934640522,0.0004765795206971,0.0043572984749454,0.0016339869281045,0.0027233115468409,0.025803376906318,0.0193355119825708,0.0064678649237472,0.0104166666666665,0.008782679738562,0.0016339869281045,0.0030637254901959,0.0010893246187363,0.0019744008714596,0.0036764705882352,0.002859477124183,0.0008169934640522,0.015182461873638201,0.0076252723311546,0.0075571895424836,0.013276143790849602,0.0045615468409586,0.008714596949891,5605
2019-12-01,2019,12,0.7170989124139262,0.2381749147306776,0.4789239976832486,0.0046335027994078,0.0034751270995559,0.0011583756998519,0.0253555569856489,0.0066928373769225,0.0186627196087264,0.0021236887830619,0.0018662719608726,0.0002574168221893,0.0388055859450414,0.0219447840916403,0.0168608018534011,0.0299247055795095,0.0214299504472617,0.0084947551322478,0.0008366046721152,0.0005791878499259,0.0002574168221893,0.0010296672887572,0.0005791878499259,0.0004504794388313,0.020786408391788302,0.0039256065383872,0.0168608018534011,0.0091382971877211,0.0082373383100585,0.0009009588776626,0.0005791878499259,0.0005791878499259,0.0,0.0690520625522877,0.0452410064997747,0.023811056052513,0.029731642962867504,0.0190488448420104,0.0106827981208571,0.0010296672887572,0.0009009588776626,0.0001287084110946,0.0037325439217452,0.0023811056052513,0.0013514383164939,0.018019177553253,0.0151232383036231,0.0028959392496299,0.0064997747602805,0.0050196280326919,0.0014801467275886,0.0046978570049552,0.0021236887830619,0.0025741682218933,0.0030890018662719,0.0026385224274406,0.0004504794388313,0.018212240169895,0.0095244224210052,0.0086878177488898,0.017826114936611,0.0088165261599845,0.0090095887766265,6274
2020-01-01,2020,1,0.7161478954742035,0.2286654078089785,0.487482487665225,0.0031065359079002,0.0021928488761649,0.0009136870317353,0.0297252847657914,0.0068221965036242,0.0229030882621672,0.0013400743132118,0.0006700371566059,0.0006700371566059,0.045075226898946205,0.0266187488578912,0.018456478041055,0.0269233112018029,0.0210757141986964,0.0058475970031065,0.0006091246878235597,0.0005482122190412,6.091246878235975e-05,0.0006700371566059,0.0004263872814765,0.0002436498751294,0.0311871840165681,0.008649570567095,0.0225376134494731,0.0076749710665773,0.006944021441189,0.0007309496253883,0.0009745995005177,0.0009745995005177,0.0,0.0556739964670767,0.0336236827678625,0.0220503136992142,0.029481634890662,0.0170554912590607,0.0124261436316013,0.0015228117195589,0.000852774562953,0.0006700371566059,0.0029237985015532,0.0016446366571237,0.0012791618444295,0.0160199792897605,0.0105378570993482,0.0054821221904123,0.009867819942742198,0.0085277456295303,0.0013400743132119,0.0030456234391179,0.0005482122190412,0.0024974112200767,0.0037156605957239,0.0029847109703356,0.0007309496253883,0.0161418042273252,0.007796796004142,0.0083450082231832,0.0155326795395016,0.0065785466284948,0.0089541329110068,6255
2020-02-01,2020,2,0.7218710493046776,0.2257269279393173,0.4961441213653603,0.0033501896333754002,0.002338811630847,0.0010113780025284,0.0240202275600505,0.0053729456384323,0.0186472819216182,0.0018963337547407,0.0012642225031605,0.0006321112515802,0.0492414664981035,0.0283817951959544,0.0208596713021491,0.0245891276864727,0.0173198482932996,0.0072692793931731,0.0004424778761061,0.0004424778761061,0.0,0.0012642225031604,0.0008849557522123,0.0003792667509481,0.0350189633375473,0.0049936788874841,0.0300252844500632,0.0075221238938052,0.0067635903919089,0.0007585335018963,0.0007585335018963,0.0007585335018963,0.0,0.0588495575221238,0.0348293299620733,0.0240202275600505,0.0216182048040454,0.0126422250316055,0.0089759797724399,0.0019595448798988002,0.0010113780025284,0.0009481668773704,0.0037926675094815997,0.0019595448798988,0.0018331226295828,0.0147281921618204,0.0111883691529709,0.0035398230088495,0.0081542351453855,0.0066371681415929,0.0015170670037926,0.0037294563843235,0.0015170670037926,0.0022123893805309,0.0030973451327432,0.002465233881163,0.0006321112515802,0.0182680151706699,0.0104298356510745,0.0078381795195954,0.014412136536030202,0.004740834386852,0.0096713021491782,5839
2020-03-01,2020,3,0.7145534407027818,0.1903367496339678,0.5242166910688141,0.0037481698389457,0.0028696925329428,0.0008784773060029,0.0279941434846266,0.0089019033674963,0.0190922401171303,0.0024011713030745,0.0015812591508052,0.0008199121522693,0.0344948755490483,0.0186822840409956,0.0158125915080527,0.0157540263543191,0.0107174231332357,0.0050366032210834,0.00029282576866762855,0.0002342606149341,5.856515373352855e-05,0.0008784773060028,0.0004685212298682,0.0004099560761346,0.0658857979502195,0.010424597364568,0.0554612005856515,0.0039238653001463,0.0033967789165446,0.0005270863836017,0.0008199121522693286,0.0007613469985358,5.856515373352855e-05,0.0489604685212298,0.0261786237188872,0.0227818448023426,0.0211420204978037,0.0090775988286969,0.0120644216691068,0.0197950219619326,0.0082576866764275,0.0115373352855051,0.0044509516837481,0.0031625183016105,0.0012884333821376,0.0153440702781844,0.0115373352855051,0.0038067349926793,0.0048023426061492,0.0036896046852122,0.001112737920937,0.003221083455344,0.0007027818448023,0.0025183016105417,0.0021669106881404,0.001229868228404,0.0009370424597364,0.0108345534407027,0.0048609077598828,0.0059736456808199,0.011420204978038001,0.0033382137628111,0.0080819912152269,5323
2020-04-01,2020,4,0.7293078788632548,0.1877992662147876,0.5415086126484672,0.0037932964367887,0.0021764815620919,0.0016168148746968,0.028791741807101402,0.0081462595609725,0.0206454822461289,0.0009949629998134,0.0004974814999067,0.0004974814999067,0.0338909271811454,0.0167278154343635,0.0171631117467819,0.016603445059386802,0.0111311485604129,0.0054722964989739,0.0003109259374416,0.0001243703749766,0.000186555562465,0.0002487407499532,0.0001243703749766,0.0001243703749766,0.0601952614887133,0.0074622224986008,0.0527330389901125,0.0018033704371618001,0.0015546296872085,0.0002487407499533,0.00018655556246494027,0.0001243703749766,6.218518748834027e-05,0.0373111124930041,0.0196505192463155,0.0176605932466886,0.0218270008084073,0.0086437410608792,0.0131832597475281,0.025309371307754402,0.0090168521858093,0.0162925191219451,0.0024874074995335,0.0011815185622784,0.0013058889372551,0.0099496299981344,0.0075865928735775,0.0023630371245569,0.0079597039985074,0.006591629873764,0.0013680741247434,0.0032336297493935997,0.0003109259374417,0.0029227038119519,0.0026739630619985,0.0019899259996268,0.0006840370623717,0.0139294819973881,0.0074622224986008,0.0064672594987873,0.010198370748087701,0.0048504446240905,0.0053479261239972,4752
2020-05-01,2020,5,0.7197525829255029,0.1796492659053833,0.5401033170201196,0.0033306144643827,0.0021750951604132,0.0011555193039695,0.0261011419249591,0.0057775965198477,0.0203235454051114,0.0013594344752582,0.000747688961392,0.0006117455138662,0.027392604676454498,0.0141381185426862,0.0132544861337683,0.0185562805872756,0.0127786840674279,0.0057775965198477,0.00020391517128871462,6.797172376291462e-05,0.0001359434475258,0.0003398586188145146,0.0002718868950516,6.797172376291462e-05,0.0684475258292549,0.0082925502990755,0.0601549755301794,0.0031946710168569,0.0030587275693311,0.0001359434475258,0.0012914627514953147,0.0012234910277324,6.797172376291462e-05,0.0425502990755845,0.0237901033170201,0.0187601957585644,0.019032082653616,0.0090402392604676,0.0099918433931484,0.016653072321914,0.007137030995106,0.009516041326808,0.0031266992930939997,0.0014953779227841,0.0016313213703099,0.013866231647634501,0.0112833061446438,0.0025829255029907,0.0062533985861879995,0.0044181620445894,0.0018352365415986,0.0036704730831973,0.0006117455138662,0.0030587275693311,0.0037384448069601997,0.0025149537792278,0.0012234910277324,0.018352365415986803,0.0096519847743338,0.008700380641653,0.0145459488852636,0.0072729744426318,0.0072729744426318,4374
2020-06-01,2020,6,0.7033742136366525,0.1903793607421999,0.5129948528944526,0.0046387494439854,0.0022240579525957,0.0024146914913897,0.0249729935820041,0.0056554616508864,0.0193175319311177,0.0010167122069008,0.0006989896422443,0.0003177225646565,0.0284043972802948,0.016076761771621,0.0123276355086738,0.0199529770604307,0.0148694160259261,0.0050835610345046,0.0008896231810382,0.0004448115905191,0.0004448115905191,0.0022240579525957,0.0015250683103514,0.0006989896422443,0.061193365952849896,0.0085149647327953,0.0526784012200546,0.0048929274957107,0.0046387494439855,0.0002541780517252,0.0005083561034504084,0.0004448115905191,6.354451293130838e-05,0.0552201817373069,0.0306919997458219,0.024528181991485,0.0237656478363093,0.0099764885302154,0.0137891593060939,0.0116286458664293,0.0029230475948401,0.0087055982715892,0.0029230475948400997,0.0011438012327635,0.0017792463620766,0.0169028404397279,0.0133443477155747,0.0035584927241532,0.0066721738577873,0.0051471055474359,0.0015250683103514,0.0047022939569167,0.0011438012327635,0.0035584927241532,0.0040668488276036,0.0027959585689775,0.0012708902586261,0.019698799008705498,0.0114380123276355,0.00826078668107,0.0183008197242167,0.0101671220690093,0.0081336976552074,5064
2020-07-01,2020,7,0.7014654161781946,0.1941969519343493,0.5072684642438453,0.0045134818288393,0.0025205158264947,0.0019929660023446,0.0272567409144196,0.0055685814771395,0.0216881594372801,0.0028722157092613996,0.0014067995310668,0.0014654161781946,0.035169988276670394,0.0186987104337631,0.0164712778429073,0.0259671746776083,0.0194607268464243,0.006506447831184,0.00041031652989440004,0.0002930832356389,0.0001172332942555,0.0008792497069166,0.0004689331770222,0.0004103165298944,0.049179366940210995,0.0074443141852286,0.0417350527549824,0.0055099648300117,0.0052168815943728,0.0002930832356389,0.0011723329425556,0.0011723329425556,0.0,0.0531066822977725,0.0333528722157092,0.0197538100820633,0.027842907385697398,0.0143024618991793,0.0135404454865181,0.0065650644783117,0.0020515826494724,0.0045134818288393,0.004044548651817,0.0021101992966002,0.0019343493552168,0.0157678780773739,0.0114888628370457,0.0042790152403282,0.0106682297772567,0.0085580304806565,0.0021101992966002,0.0033411488862836,0.0008206330597889,0.0025205158264947,0.0029308323563892002,0.0022274325908558,0.0007033997655334,0.0212778429073856,0.01084407971864,0.0104337631887456,0.018171160609612998,0.0080890973036342,0.0100820633059788,5751
2020-08-01,2020,8,0.717051326214261,0.2423699621081639,0.4746813641060971,0.0037202893558387,0.0029624526352049,0.0007578367206338,0.0237685153289699,0.0061315880124009,0.017636927316569,0.0018601446779193,0.0010334137099552,0.0008267309679641,0.041405442645539,0.025559765759559,0.01584567688598,0.018877023768515203,0.0147433689286944,0.0041336548398208,0.0005511539786426,0.0002755769893213,0.0002755769893213,0.0002066827419909479,0.0001377884946606,6.889424733034792e-05,0.061591457113331,0.0157078883913193,0.0458835687220117,0.0062693765070616,0.0056493282810885,0.0006200482259731,0.0005511539786427,0.0005511539786427,0.0,0.0517395797450912,0.031484671029969,0.0202549087151222,0.020806062693764997,0.0114364450568377,0.0093696176369273,0.0024112986565619997,0.0006889424733034,0.0017223561832586,0.0050292800551153,0.0034447123665173,0.001584567688598,0.0140544264553908,0.0106097140888735,0.0034447123665173,0.0052359627971064,0.0037891836031691,0.0014467791939373,0.0017223561832586001,0.0002755769893213,0.0014467791939373,0.0029624526352049,0.0024801929038925,0.0004822597313124,0.0189459180158456,0.0079917326903203,0.0109541853255253,0.0154323114019978,0.0079917326903203,0.0074405787116775,5576
2020-09-01,2020,9,0.688616743625778,0.2231145017734056,0.4655022418523723,0.0034798902496151,0.0023422338218563,0.0011376564277588,0.0325235896406344,0.0078297530616342,0.0246938365790002,0.0030783644515826004,0.0016730241584688,0.0014053402931138,0.042093287827076095,0.0240246269156126,0.0180686609114635,0.028909857458341598,0.022284681790805,0.0066251756675366,0.00040152579803245394,0.0003346048316937,6.692096633875393e-05,0.0009368935287425,0.0006692096633875,0.000267683865355,0.0463093087064176,0.0099043030181355,0.0364050056882821,0.012045773940975599,0.0109750384795556,0.00107073546142,0.0021414709228401,0.0021414709228401,0.0,0.0647794954159137,0.0355350331258783,0.0292444622900354,0.0194070802382385,0.0096366191527805,0.009770461085458,0.0015391822257912,0.0004684467643712,0.00107073546142,0.0029445225189051,0.0014053402931138,0.0015391822257913,0.015057217426219498,0.0121126949073144,0.0029445225189051,0.0080974369269891,0.0065582547011978,0.0015391822257913,0.0045506257110352,0.0006692096633875,0.0038814160476477,0.0030114434852438,0.0022083918891788,0.000803051596065,0.0220839188917887,0.0123134578063307,0.009770461085458,0.0201432108679648,0.0068928595328916,0.0132503513350732,5623
2020-10-01,2020,10,0.6958516412509691,0.2445076247092271,0.451344016541742,0.0033600413543551,0.002326182476092,0.0010338588782631,0.0323080899457223,0.0071723959679503,0.025135693977772,0.003360041354355,0.0019384853967433,0.0014215559576117,0.0403851124321529,0.0231325924011372,0.0172525200310157,0.0276557249935383,0.0218402688033083,0.00581545619023,0.0008400103385887,0.0008400103385887,0.0,0.0016154044972860001,0.0012923235978288,0.0003230808994572,0.0341173429826828,0.004070819333161,0.0300465236495218,0.013117084517963201,0.0124709227190488,0.0006461617989144,0.002390798655983445,0.002326182476092,6.461617989144482e-05,0.06519772551046779,0.03980356681313,0.0253941586973378,0.0175756009304729,0.0076893254070819,0.009886275523391,0.0020677177565260997,0.0007107779788058,0.0013569397777203,0.0031015766347893,0.0020677177565262,0.0010338588782631,0.022615662962005602,0.0183509950891703,0.0042646678728353,0.0075600930472988995,0.0061385370896872,0.0014215559576117,0.0036185060739207997,0.0014215559576117,0.0021969501163091,0.0042000516929438,0.0031661928146807,0.0010338588782631,0.020741793745153697,0.0113724476608942,0.0093693460842595,0.0184802274489531,0.007560093047299,0.0109201344016541,6262
2020-11-01,2020,11,0.7022390037095918,0.232114467408585,0.4701245363010068,0.0028484366719660004,0.0017223105458399,0.0011261261261261,0.028948065712771504,0.0076841547429782,0.0212639109697933,0.0015898251192368001,0.0009273979862215,0.0006624271330153,0.042064122946475796,0.0251059883412824,0.0169581346051934,0.0253709591944885,0.018018018018018,0.0073529411764705,0.0005961844197137369,0.0005299417064122,6.624271330153684e-05,0.0006624271330153,0.0002649708532061,0.0003974562798092,0.040606783253842,0.004570747217806,0.036036036036036,0.0224562798092209,0.0215288818229994,0.0009273979862215,0.0047032326444091,0.0047032326444091,0.0,0.0556438791732909,0.0296767355590885,0.0259671436142024,0.0156995230524641,0.0068892421833598,0.0088102808691043,0.0052994170641229,0.0019872813990461,0.0033121356650768,0.0031796502384736003,0.0017885532591414,0.0013910969793322,0.0172231054583995,0.0133147853736089,0.0039083200847906,0.0070879703232643,0.0053656597774244,0.0017223105458399,0.0035108638049813,0.0011923688394276,0.0023184949655537,0.0033783783783782996,0.0026497085320614,0.0007286698463169,0.0200715421303655,0.0102013778484366,0.0098701642819289,0.014639639639639601,0.0079491255961844,0.0066905140434552,5831
2020-12-01,2020,12,0.7074024876222678,0.2307088515879724,0.4766936360342954,0.0029585798816566997,0.0020528921627822,0.0009056877188745,0.0249366018596787,0.007003985025963,0.0179326168337157,0.0011472044439076999,0.0007245501750996,0.0004226542688081,0.0414201183431952,0.0258422895785533,0.0155778287646419,0.024453568409612297,0.0199251298152397,0.0045284385943726,0.0014491003501992,0.0013283419876826,0.0001207583625166,0.0009660669001328,0.0006641709938413,0.0003018959062915,0.0408767057118705,0.0041057843255645,0.036770921386306,0.018596787827557,0.0178722376524574,0.0007245501750996,0.00320009660669,0.00320009660669,0.0,0.05579036348267109,0.0317594493418669,0.0240309141408042,0.0152759328583503,0.0071851225697379,0.0080908102886124,0.0035623716942397,0.0009056877188745,0.0026566839753652,0.0025359256128486,0.0011472044439077,0.0013887211689409,0.0146721410457674,0.0117739403453689,0.0028982007003985,0.0158797246709333,0.0134645574206013,0.002415167250332,0.0036831300567563,0.0009660669001328,0.0027170631566235,0.0048303345006641,0.0043473010505977,0.0004830334500664,0.0175099625649075,0.0083927061949039,0.0091172563700036,0.0164231373022581,0.0077285352010626,0.0086946021011955,6419
2021-01-01,2021,1,0.6986276078527909,0.215951750876977,0.4826758569758139,0.0037540771739798,0.0024616899501507,0.0012923872238291,0.0251707797402917,0.0060311403778694,0.0191396393624223,0.0017847252138593,0.000800049233799,0.0009846759800603,0.041110222167517904,0.023755308018955,0.0173549141485629,0.0346482860483721,0.0273247584466736,0.0073235276016985,0.0011077604775678,0.0009231337313065,0.0001846267462613,0.0011693027263215,0.0005538802387839,0.0006154224875376,0.0310788356206535,0.0030155701889347,0.0280632654317188,0.0190165548649147,0.0183395901286233,0.0006769647362914,0.0028309434426733,0.0028309434426733,0.0,0.06234229798756839,0.0355714197796787,0.0267708782078897,0.0187088436211458,0.008800541571789,0.0099083020493568,0.0012923872238291,0.0003077112437688,0.0009846759800603,0.0039387039202411,0.0020924364576281,0.001846267462613,0.021601329312572998,0.0183395901286233,0.0032617391839497,0.0089236260692965,0.0073235276016985,0.001600098467598,0.0030155701889346,0.0004923379900301,0.0025232321989045,0.0031386546864421,0.0025232321989045,0.0006154224875376,0.0221552095513569,0.0101544710443719,0.012000738506985,0.015139393193427199,0.0063388516216382,0.008800541571789,6158
2021-02-01,2021,2,0.6775257731958763,0.2131958762886598,0.4643298969072165,0.0021305841924397,0.0016494845360824,0.0004810996563573,0.0248797250859105,0.0059793814432989,0.0189003436426116,0.0009621993127145999,0.0006872852233676,0.000274914089347,0.0418556701030927,0.0239862542955326,0.0178694158075601,0.0237800687285223,0.0185567010309278,0.0052233676975945,0.0010309278350515,0.0008247422680412,0.0002061855670103,0.0018556701030927,0.0012371134020618,0.0006185567010309,0.0259793814432989,0.0030240549828178,0.0229553264604811,0.0517525773195875,0.0509965635738831,0.0007560137457044,0.01367697594501717,0.0136082474226804,6.872852233676975e-05,0.0534707903780068,0.0321649484536082,0.0213058419243986,0.021443298969072,0.010721649484536,0.010721649484536,0.0015120274914088,0.0006872852233676,0.0008247422680412,0.0043986254295530994,0.0025429553264604,0.0018556701030927,0.0160824742268041,0.0129209621993127,0.0031615120274914,0.0075601374570446,0.0060481099656357,0.0015120274914089,0.0028178694158075,0.000893470790378,0.0019243986254295,0.0032302405498281,0.0023367697594501,0.000893470790378,0.021718213058419103,0.012508591065292,0.0092096219931271,0.0164261168384879,0.0082474226804123,0.0081786941580756,6000
2021-03-01,2021,3,0.6741712462329373,0.2188146309755953,0.455356615257342,0.0030136500620456,0.0024818294628611,0.0005318205991845,0.0218637357442533,0.0044318383265378,0.0174318974177155,0.0015363706198664,0.0010045500206819,0.0005318205991845,0.047804762748921495,0.0293092241328369,0.0184955386160846,0.0264137564261655,0.0206819121905099,0.0057318442356556,0.0005909117768716,0.0004727294214973,0.0001181823553743,0.0005909117768716,0.0002954558884358,0.0002954558884358,0.0335637889263132,0.0042545647934763,0.0293092241328369,0.0439047450215681,0.0426638302901376,0.0012409147314305,0.0102818649175678,0.0102818649175678,0.0,0.0567275305796843,0.0340365183478106,0.0226910122318737,0.0199728180582638,0.0092773148968858,0.010695503161378,0.0078000354547065,0.0021272823967381,0.0056727530579684,0.0036045618389174,0.0021863735744253,0.0014181882644921,0.0157773444424747,0.0115227796489984,0.0042545647934763,0.0111682325828752,0.0091000413638243,0.0020681912190509,0.0031909235951071,0.001063641198369,0.0021272823967381,0.0020091000413637,0.0015954617975536,0.0004136382438101,0.0177273533061513,0.0077409442770194,0.0099864090291319,0.0170773503515924,0.0072091236778348,0.0098682266737576,6874
2021-04-01,2021,4,0.7060642392881933,0.2160661323909888,0.4899981068972045,0.0026503439136744,0.0017668959424496,0.0008834479712248,0.0220861992806209,0.005300687827349,0.0167855114532719,0.0035968953114153,0.0029658610462548,0.0006310342651605,0.0476430870196251,0.027449990534486,0.0201930964851391,0.024610336341263302,0.0177320628510128,0.0068782734902505,0.0006941376916765999,0.0005679308386445,0.0001262068530321,0.0009465513977408,0.0005048274121284,0.0004417239856124,0.0335710229065437,0.0031551713258029,0.0304158515807408,0.0168486148797879,0.0162806840411434,0.0005679308386445,0.0045434467091563,0.0045434467091563,0.0,0.058307566100839196,0.0355903325550577,0.0227172335457815,0.0200668896321069,0.0096548242569571,0.0104120653751498,0.0083296523001198,0.0028396541932226,0.0054899981068972,0.0041648261500599,0.0029658610462548,0.0011989651038051,0.014135167539597301,0.0106644790812141,0.0034706884583832,0.0124313750236637,0.0099703413895374,0.0024610336341263,0.0026503439136744,0.0003155171325802,0.0023348267810942,0.0017668959424496,0.0013882753833533,0.0003786205590963,0.018047579983593,0.009528617403925,0.008518962579668,0.0156496497759827,0.0080772385940556,0.0075724111819271,5916
2021-05-01,2021,5,0.7158359621451104,0.2309779179810725,0.4848580441640379,0.0030914826498422,0.0020189274447949,0.0010725552050473,0.023470031545741198,0.0063091482649842,0.017160883280757,0.0018296529968453,0.0013880126182965,0.0004416403785488,0.041451104100946295,0.0249842271293375,0.0164668769716088,0.022776025236592896,0.0165299684542586,0.0062460567823343,0.0006940063091481,0.0004416403785488,0.0002523659305993,0.0005678233438484,0.0004416403785488,0.0001261829652996,0.040063091482649804,0.0042271293375394,0.0358359621451104,0.0158990536277601,0.0150157728706624,0.0008832807570977,0.0047949526813879425,0.0047318611987381,6.309148264984228e-05,0.0432807570977917,0.0250473186119873,0.0182334384858044,0.024037854889589802,0.0126813880126182,0.0113564668769716,0.0105993690851734,0.0037854889589905,0.0068138801261829,0.0035962145110409,0.0015141955835962,0.0020820189274447,0.015962145110409998,0.013564668769716,0.002397476340694,0.0065615141955835,0.0053627760252365,0.001198738170347,0.0025867507886434002,0.000378548895899,0.0022082018927444,0.0022712933753942,0.001577287066246,0.0006940063091482,0.0170347003154573,0.008391167192429,0.0086435331230283,0.0193059936908516,0.0094006309148264,0.0099053627760252,5985
2021-06-01,2021,6,0.700853261479735,0.2155607948804311,0.4852924665993039,0.002526103065005,0.0015717974626698,0.0009543056023352,0.0255417087683843,0.006343325474346,0.0191983832940383,0.0011227124733355,0.0006174918603345,0.000505220613001,0.050858875042101695,0.0295834736723925,0.0212754013697092,0.0248680812843829,0.0174020433367014,0.0074660379476815,0.0011788480970023,0.001010441226002,0.0001684068710003,0.0005613562366677,0.0002245424946671,0.0003368137420006,0.0366004266307397,0.0063994610980127,0.030200965532727,0.0135848209273604,0.0130234646906927,0.0005613562366677,0.003536544291006979,0.0034804086673402,5.613562366677894e-05,0.0468732457617603,0.0266644212417199,0.0202088245200404,0.0391265296957448,0.0179633995733692,0.0211631301223756,0.0020770180756707,0.0008981699786684,0.0011788480970023,0.0028629168070056,0.0016279330863365,0.0012349837206691,0.015774110250364702,0.0115078028516896,0.0042663073986751,0.0070169529583473,0.0051644773773436,0.0018524755810037,0.0025822386886717,0.0006174918603345,0.0019647468283372,0.0024138318176714,0.0016840687100033,0.0007297631076681,0.0204895026383742,0.0096553272706859,0.0108341753676883,0.0175143145840349,0.0070730885820141,0.0104412260020208,6521
2021-07-01,2021,7,0.702596653202539,0.2242354298903635,0.4783612233121754,0.0020196191575302,0.001269474899019,0.0007501442585112,0.0246393537218695,0.0056549336410848,0.0189844200807847,0.0019619157530292998,0.0010386612810155,0.0009232544720138,0.0415464512406231,0.0264858626658972,0.0150605885747259,0.020311598384304498,0.0142527409117137,0.0060588574725908,0.0013848817080207,0.0005770340450086,0.0008078476630121,0.0011540680900172,0.0009232544720138,0.0002308136180034,0.040623196768609295,0.0075014425851125,0.0331217541834968,0.0266012694748989,0.0255626081938834,0.0010386612810155,0.005308713214079565,0.0052510098095787,5.770340450086555e-05,0.0459319099826889,0.0250432775533756,0.0208886324293133,0.0245816503173687,0.009867282169648,0.0147143681477207,0.0060588574725908,0.0022504327755337,0.0038084246970571,0.0054241200230813,0.0039815349105597,0.0014425851125216,0.0108482400461626,0.0079053664166185,0.0029428736295441,0.0084824004616271,0.0065781881130986,0.0019042123485285,0.0020196191575302,0.0005770340450086,0.0014425851125216,0.0031159838430467003,0.0024812463935372,0.0006347374495095,0.020311598384304498,0.0097518753606462,0.0105597230236583,0.0204270051933063,0.0107328332371609,0.0096941719561454,6613
2021-08-01,2021,8,0.7263288778364936,0.268884053465962,0.4574448243705316,0.0025489586571339,0.0018650917003419,0.000683866956792,0.0266708113148895,0.0047870686975442,0.0218837426173453,0.0017407522536523,0.001367733913584,0.0003730183400683,0.0422132421510723,0.0262977929748212,0.0159154491762511,0.0149207336027354,0.0104445135219148,0.0044762200808206,0.0009325458501708999,0.000683866956792,0.0002486788933789,0.0005595275101025312,0.0004973577867578,6.216972334473111e-05,0.031022691949020798,0.0042275411874417,0.0267951507615791,0.015728940006216798,0.0149829033260801,0.0007460366801367,0.0034193347839602,0.0034193347839602,0.0,0.0395399440472489,0.0180913894933167,0.0214485545539322,0.020578178427105902,0.0099471557351569,0.010631022691949,0.0061548026111282,0.0031706558905812,0.002984146720547,0.0047248989741995005,0.0026732981038234,0.0020516008703761,0.0103201740752253,0.0075225365247124,0.0027976375505129,0.0073360273546782,0.0055952751010258,0.0017407522536524,0.0017407522536524,0.0004351880634131,0.0013055641902393,0.0027976375505128,0.002300279763755,0.0004973577867578,0.024930059061237096,0.0159154491762511,0.009014609884986,0.025178737954615997,0.0108797015853279,0.0142990363692881,6561
2021-09-01,2021,9,0.7074900012119743,0.2477881468912859,0.4597018543206884,0.0035753242031268005,0.0024845473275966,0.0010907768755302,0.025572657859653302,0.0048478972245788,0.0207247606350745,0.0007877832989940355,0.0007271845836868,6.0598715307235486e-05,0.0495697491213186,0.0316325293903769,0.0179372197309417,0.021997333656526397,0.0161192582717246,0.0058780753848018,0.0004847897224578,0.0002423948612289,0.0002423948612289,0.0006665858683795001,0.0005453884377651,0.0001211974306144,0.0315719306750696,0.0043631075021209,0.0272088231729487,0.0227851169555204,0.0211489516422251,0.0016361653132953,0.0063628651072597,0.0063628651072597,0.0,0.0492667555447824,0.0251484668525027,0.0241182886922797,0.0266634347351835,0.0145436916737365,0.012119743061447,0.0030299357653616,0.0016967640286025,0.0013331717367591,0.0039389164949703,0.0029087383347473,0.001030178160223,0.014604290389043699,0.0111501636165313,0.0034541267725124,0.007999030420555,0.0066052599684886,0.0013937704520664,0.0026663434735182,0.0008483820143012,0.001817961459217,0.0027269421888255,0.0017573627439098,0.0009695794449157,0.018300812022785003,0.0103623803175372,0.0079384317052478,0.0150284813961943,0.0052114895164222,0.0098169918797721,6695
2021-10-01,2021,10,0.7095965770171149,0.2259168704156479,0.483679706601467,0.0032396088019559,0.0020782396088019,0.001161369193154,0.0219437652811735,0.0042787286063569,0.0176650366748166,0.0017114914425426998,0.0013447432762836,0.0003667481662591,0.0538508557457211,0.0328239608801955,0.0210268948655256,0.0196210268948654,0.015403422982885,0.0042176039119804,0.0007946210268948,0.0006723716381418,0.000122249388753,0.0008557457212712999,0.0006112469437652,0.0002444987775061,0.0377139364303178,0.0092298288508557,0.0284841075794621,0.0143031784841075,0.0136308068459657,0.0006723716381418,0.002383863080684528,0.002322738386308,6.112469437652811e-05,0.0472493887530561,0.0249388753056234,0.0223105134474327,0.022555012224938803,0.0124694376528117,0.0100855745721271,0.0018337408312958,0.0009168704156479,0.0009168704156479,0.004339853300733399,0.0029339853300733,0.0014058679706601,0.0207823960880195,0.0165647921760391,0.0042176039119804,0.0114303178484107,0.0096577017114914,0.0017726161369193,0.0027506112469436,0.0010391198044009,0.0017114914425427,0.0020782396088019,0.0013447432762836,0.0007334963325183,0.0212713936430317,0.014242053789731,0.0070293398533007,0.0128361858190708,0.0053178484107579,0.0075183374083129,6340
2021-11-01,2021,11,0.7016906017087801,0.2185057262315942,0.4831848754771859,0.0027267769496454,0.0018784463430891,0.0008483306065563,0.020784099860631303,0.0044234381627582,0.0163606616978731,0.0015148760831363,0.0007877355632309,0.0007271405199054,0.053566018299703005,0.0336908440889535,0.0198751742107495,0.0188450584742167,0.0132703144882748,0.0055747439859419,0.000787735563230856,0.0007271405199054,6.059504332545598e-05,0.0011513058231835,0.0008483306065563,0.0003029752166272,0.035629885475368,0.0044840332060837,0.0311458522692843,0.0189662485608677,0.0184208931709386,0.0005453553899291,0.007332000242380156,0.0072714051990547,6.059504332545598e-05,0.054474943949584895,0.0305399018360298,0.0239350421135551,0.0315700175725625,0.0175725625643822,0.0139974550081803,0.0012724959098345,0.0006059504332545,0.00066654547658,0.0024843967763436,0.0014542810398109,0.0010301157365327,0.0167848270011513,0.011694843361813,0.0050899836393383,0.0089680664121673,0.0070290250257528,0.0019390413864145,0.0027267769496454,0.0009695206932072,0.0017572562564382,0.0035751075562018,0.0027267769496455,0.0008483306065563,0.015572926134642,0.0085439011088892,0.0070290250257528,0.013452099618251102,0.0047264133793855,0.0087256862388656,6290
2021-12-01,2021,12,0.7047466286461118,0.2244994950395057,0.4802471336066061,0.0026139131467949,0.0015445850412879,0.001069328105507,0.024535139309689202,0.0056436761123982,0.018891463197291,0.000594071169726,0.0003564427018356,0.0002376284678904,0.0430107526881719,0.0239410681399631,0.0190696845482088,0.0181785777936196,0.0140794867225093,0.0040990910711103,0.0006534782866987133,0.0005940711697261,5.940711697261332e-05,0.0014257708073426001,0.001069328105507,0.0003564427018356,0.0306540723578684,0.0055842689954256,0.0250698033624428,0.0297629656032792,0.0287530446147448,0.0010099209885344,0.0056436761123982,0.0054654547614804,0.0001782213509178,0.0497831640230499,0.0273866809243747,0.0223964830986752,0.026257945701895,0.0135448226697558,0.0127131230321392,0.0010099209885343,0.0005940711697261,0.0004158498188082,0.0033862056674389,0.0019010277431236,0.0014851779243153,0.0183567991445374,0.014435929424345,0.0039208697201924,0.0056436761123982,0.0041584981880829,0.0014851779243153,0.0024950989128496998,0.0006534782866987,0.001841620626151,0.0033862056674389,0.0024356917958771,0.0009505138715618,0.0226935186835382,0.0127131230321392,0.009980395651399,0.0163369571674685,0.0066535971009326,0.0096833600665359,6530
2022-01-01,2022,1,0.7002263067836838,0.2138323121929679,0.4863939945907159,0.0025390517193795,0.0014351161892145,0.001103935530165,0.0277639785836506,0.0048573163327261,0.0229066622509245,0.0011591323066732,0.0007175580946072,0.000441574212066,0.0421151404757961,0.024341778440139,0.0177733620356571,0.0246729590991886,0.0202020202020202,0.0044709388971684,0.001324722636198,0.0009935419771485,0.0003311806590495,0.002428658166363,0.001766296848264,0.000662361318099,0.041176795275155796,0.0076171551581387,0.0335596401170171,0.0119777005022906,0.0115361262902246,0.000441574212066,0.0011591323066732,0.0011591323066732,0.0,0.054368824860628,0.0310205883976375,0.0233482364629905,0.0272672075950764,0.0136336037975382,0.0136336037975382,0.003753380802561,0.0010487387536567,0.0027046420489043,0.003532593696528,0.0021526742838218,0.0013799194127062,0.019429265330904603,0.0166142297289838,0.0028150356019208,0.0065132196279736,0.0052436937682839,0.0012695258596897,0.0023182646133465,0.000441574212066,0.0018766904012805,0.001766296848264,0.0014351161892145,0.0003311806590495,0.022354694485841903,0.0121984876083236,0.0101562068775183,0.0177181652591487,0.0066788099574984,0.0110393553016503,6650
2022-02-01,2022,2,0.7017147739061451,0.2312198694086776,0.4704949044974675,0.0038445108927808,0.0021358393848782,0.0017086715079026,0.0306340391773966,0.0061634222249343,0.0244706169524623,0.0008543357539512,0.0007322877891011,0.0001220479648501,0.052236528955879505,0.0327088545798498,0.0195276743760297,0.018124122780252598,0.0147067797644474,0.0034173430158052,0.0021968633673032,0.002013791420028,0.0001830719472752,0.0014035515957771,0.0007933117715262,0.0006102398242509,0.025141880759138202,0.0031122231036797,0.0220296576554585,0.0169036431317507,0.0162934033074998,0.0006102398242509,0.003295295050955,0.003295295050955,0.0,0.0538841764813571,0.0295966314761701,0.024287545005187,0.026301336425215,0.0134863001159455,0.0128150363092695,0.000732287789101,0.0002440959297003,0.0004881918594007,0.0025019832794287,0.0010374077012265,0.0014645755782022,0.0200158662354304,0.0162934033074998,0.0037224629279306,0.0062854701897845,0.0050039665588576,0.0012815036309269,0.0022578873497283002,0.0001830719472752,0.0020748154024531,0.0026850552267039998,0.0018917434551778,0.0007933117715262,0.023799353145786198,0.0133032281686702,0.010496124977116,0.0181241227802525,0.0075059498382864,0.0106181729419661,6420
2022-03-01,2022,3,0.6996689095375412,0.2628431058421446,0.4368258036953967,0.0036847164370393,0.0026700843746662,0.0010146320623731,0.0252055964968492,0.0050197586243725,0.0201858378724767,0.0013884438748264,0.0011214354373598,0.0002670084374666,0.058581651180177205,0.0377015913702873,0.0208800598098899,0.0135106269358111,0.0102531239987183,0.0032575029370928,0.0041653316244793,0.0038983231870127,0.0002670084374666,0.0013884438748263,0.0010680337498664,0.0003204101249599,0.0218946918722631,0.0027234860621595,0.0191712058101036,0.023923955997009402,0.0227491188721563,0.0011748371248531,0.0042187333119726,0.0042187333119726,0.0,0.0457652461817792,0.026647442059169,0.0191178041226102,0.0207732564349032,0.012015379685998,0.0087578767489052,0.001815657374773,0.0011214354373598,0.0006942219374132,0.0037915198120259,0.0018690590622663,0.0019224607497596,0.018957599060130198,0.0151660792481042,0.003791519812026,0.010787140873651499,0.0096123037487984,0.0011748371248531,0.0026166826871728,0.0012282388123464,0.0013884438748264,0.0067820143116522,0.0056605788742924,0.0011214354373598,0.0226423154971696,0.012015379685998,0.0106269358111716,0.0178361636227704,0.008223859873972,0.0096123037487984,8264
2022-04-01,2022,4,0.6917538904579941,0.2845987705598937,0.4071551198981004,0.0035443318380682,0.0029351498034003,0.0006091820346679,0.0262502076756935,0.0061472005316497,0.0201030071440438,0.0016060253641247,0.0012737442543058,0.0003322811098189,0.041590518912333105,0.0258625463809049,0.0157279725314282,0.0172786177105831,0.0141219471673035,0.0031566705432796,0.006977903306197001,0.0068671429362574,0.0001107603699396,0.0009414631444867999,0.0006091820346679,0.0003322811098189,0.0177216591903416,0.0023259677687323,0.0153956914216093,0.034723375976075596,0.0344464750512266,0.000276900924849,0.0074209447859555,0.0074209447859555,0.0,0.0594229384726144,0.040704435952816,0.0187185025197984,0.0144542282771223,0.0092484908899595,0.0052057373871628,0.0022705875837624,0.0015506451791548,0.0007199424046076,0.0044304147975853,0.0017721659190341,0.0026582488785512,0.0145649886470619,0.0130143434679071,0.0015506451791548,0.0223182145428365,0.0202691476989533,0.0020490668438832,0.0028797696184304,0.0012183640693359,0.0016614055490945,0.0033781912831588002,0.0026028686935814,0.0007753225895774,0.02126599102841,0.0119067397685108,0.0093592512598992,0.0175555186354322,0.008805449410201,0.0087500692252312,8797
2022-05-01,2022,5,0.6782008925983886,0.2450008694140149,0.4332000231843737,0.0024343592418709,0.0018547498985683,0.0005796093433026,0.0307192951950384,0.0081145308062365,0.0226047643888019,0.0016229061612472,0.0009273749492841,0.0006955312119631,0.0507737784733089,0.0298498811800846,0.0209238972932243,0.016402944415463902,0.0118240306033733,0.0045789138120906,0.0016808670955775614,0.0016229061612473,5.79609343302614e-05,0.0009273749492841,0.0005796093433026,0.0003477656059815,0.0366313104967251,0.0081145308062365,0.0285167796904886,0.021561467570857203,0.0206920535559033,0.0008694140149539,0.0045789138120906,0.0045789138120906,0.0,0.0563959891033442,0.0360517011534225,0.0203442879499217,0.0213296238335361,0.0104909291137773,0.0108386947197588,0.001796788964238,0.0014490233582565,0.0003477656059815,0.004231148206109,0.002898046716513,0.001333101489596,0.022372920651480797,0.0192430301976467,0.0031298904538341,0.0121138352750245,0.0103750072451167,0.0017388280299078,0.0047527966150813,0.0019706717672288,0.0027821248478525,0.0039993044687878995,0.002898046716513,0.0011012577522749,0.021097780096214998,0.0103750072451167,0.0107227728510983,0.0184895380513533,0.0075928823972642,0.0108966556540891,7389
2022-06-01,2022,6,0.6801577177316479,0.2078163052301983,0.4723414125014496,0.0032471297692218,0.0026093007074104,0.0006378290618114,0.0241795198886697,0.0051606169546561,0.0190189029340136,0.0006378290618113,0.000521860141482,0.0001159689203293,0.0563029108199002,0.0309637017279369,0.0253392090919633,0.0169314623680853,0.0136263481386988,0.0033051142293865,0.001043720282964076,0.0009857358227994,5.798446016467587e-05,0.0005798446016467,0.000347906760988,0.0002319378406587,0.0335730024353473,0.0093354980865128,0.0242375043488345,0.0271367273570682,0.0261509915342688,0.0009857358227994,0.0097413893076654,0.0096254203873361,0.0001159689203293,0.054505392554795196,0.036298272063087,0.0182071204917082,0.0346167227183114,0.0158877420851211,0.0187289806331903,0.0010437202829641,0.0004058912211527,0.0006378290618114,0.0027832540879043,0.0015075959642815,0.0012756581236228,0.0203525455178012,0.0160616954656152,0.004290850052186,0.007306041980749099,0.0056244926359735,0.0016815493447756,0.0029572074683983,0.000521860141482,0.0024353473269163,0.0035950365302098,0.0030151919285631,0.0005798446016467,0.0191348718543429,0.0098573582279948,0.0092775136263481,0.0136263481386987,0.0039429432911979,0.0096834048475008,6717
2022-07-01,2022,7,0.6592547671989757,0.2257934101475641,0.4334613570514116,0.0034364261168384,0.0026278552658176,0.0008085708510208,0.0277609325517147,0.0074118994676908,0.0203490330840239,0.0013476180850346,0.0005390472340138,0.0008085708510208,0.043460683242369,0.0250656963816454,0.0183949868607236,0.018394986860723498,0.0147564180311299,0.0036385688295936,0.0014149989892864,0.0012128562765312,0.0002021427127552,0.00040428542551029995,0.0002695236170069,0.0001347618085034,0.058958291220268105,0.0185297486692271,0.040428542551041,0.043056397816858605,0.0420456842530826,0.001010713563776,0.0126676099993261,0.0125328481908227,0.0001347618085034,0.052894009837612,0.0330840239876019,0.0198099858500101,0.0163061788289197,0.006333804999663,0.0099723738292567,0.0028973788828245,0.0018192844147968,0.0010780944680277,0.0059969004784043,0.0038407115423488,0.0021561889360555,0.0111178492015362,0.0079509467017047,0.0031669024998315,0.0103766592547671,0.0084899939357186,0.0018866653190485,0.0026952361700693,0.0005390472340138,0.0021561889360555,0.0047840442018731,0.0037059497338454,0.0010780944680277,0.0202816521797721,0.0084226130314668,0.0118590391483053,0.0146890371268781,0.0056599959571457,0.0090290411697324,6253
2022-08-01,2022,8,0.650887573964497,0.234775641025641,0.416111932938856,0.0044378698224851,0.0030202169625246,0.0014176528599605,0.0231755424063115,0.0058555226824457,0.0173200197238658,0.0027120315581854,0.0022189349112426,0.0004930966469428,0.0415433925049309,0.0240384615384615,0.0175049309664694,0.0140532544378697,0.0117726824457593,0.0022805719921104,0.0005547337278106,0.0005547337278106,0.0,0.0009245562130176999,0.000801282051282,0.0001232741617357,0.1001602564102563,0.0494945759368836,0.0506656804733727,0.018367850098619198,0.0176898422090729,0.0006780078895463,0.00795118343195265,0.0078895463510848,6.16370808678501e-05,0.0617603550295857,0.04357741617357,0.0181829388560157,0.0126972386587771,0.0055473372781065,0.0071499013806706,0.0025271203155818,0.0016025641025641,0.0009245562130177,0.0054857001972386,0.003698224852071,0.0017874753451676,0.012389053254437801,0.0089373767258382,0.0034516765285996,0.0079511834319526,0.0065335305719921,0.0014176528599605,0.0036982248520709997,0.0017258382642998,0.0019723865877712,0.0033284023668638998,0.0029585798816568,0.0003698224852071,0.0173816568047336,0.0099235700197238,0.0074580867850098,0.015101084812623199,0.0055473372781065,0.0095537475345167,7167
2022-09-01,2022,9,0.6583494519664732,0.2268214055448098,0.4315280464216634,0.0052869116698902995,0.0040618955512572,0.0012250161186331,0.024435847840103,0.0052869116698903,0.0191489361702127,0.0016763378465504998,0.0012894906511927,0.0003868471953578,0.0415215989684074,0.0232753062540296,0.0182462927143778,0.013604126370083701,0.009993552546744,0.0036105738233397,0.0005802707930367,0.0005802707930367,0.0,0.0014184397163119998,0.0010315925209542,0.0003868471953578,0.1071566731141198,0.0455834945196647,0.0615731785944551,0.0094132817537072,0.0086395873629916,0.0007736943907156,0.003739522888459,0.003739522888459,0.0,0.0571889103803997,0.0384268214055448,0.0187620889748549,0.0154094132817536,0.0057382333978078,0.0096711798839458,0.0006447453255963,0.0002578981302385,0.0003868471953578,0.0038039974210186,0.0022566086395873,0.0015473887814313,0.0150870406189554,0.0117988394584139,0.0032882011605415,0.0072211476466795006,0.0055448098001289,0.0016763378465506,0.0029013539651837,0.0005802707930367,0.002321083172147,0.0039974210186976,0.0031592520954223,0.0008381689232753,0.020438426821405398,0.0102514506769825,0.0101869761444229,0.016763378465506,0.00535138620245,0.011411992263056,6287
2022-10-01,2022,10,0.6666444340692324,0.2363102781297939,0.4303341559394384,0.0038017741612751997,0.0026012138998199,0.0012005602614553,0.0293470286133528,0.0079370372840658,0.021409991329287,0.0008670712999398999,0.0006669779230307,0.0002000933769092,0.0419529113586339,0.0228773427599546,0.0190755685986793,0.0228106449676515,0.0168745414526779,0.0059361035149736,0.0012672580537583,0.0008003735076368,0.0004668845461215,0.0015340492229705999,0.0012005602614553,0.0003334889615153,0.0404188621356633,0.011605415860735,0.0288134462749283,0.0245447875675314,0.0239445074368038,0.0006002801307276,0.0094710865070366,0.0094710865070366,0.0,0.0683652371106515,0.0453544987660908,0.0230107383445607,0.014139931968251699,0.0066697792303074,0.0074701527379443,0.00046688454612140004,0.0002667911692122,0.0002000933769092,0.004602147668912,0.0034682851997598,0.0011338624691522,0.0300807043286866,0.0254118588674714,0.0046688454612152,0.009937971053158,0.008070432868672,0.001867538184486,0.0026012138998198,0.0008003735076368,0.001800840392183,0.0053358233842459,0.0043353564996998,0.0010004668845461,0.0227439471753484,0.0124724871606749,0.0102714600146735,0.0178083105449209,0.0070699659841259,0.010738344560795,6507
2022-11-01,2022,11,0.6860281541902381,0.2406920142086567,0.4453361399815814,0.0039468490988027,0.0028943560057887,0.001052493093014,0.027364820418365902,0.0061176161031443,0.0212472043152216,0.0015129588212077,0.0009209314563873,0.0005920273648204,0.047822654913827006,0.0282199710564399,0.0196026838573871,0.0167083278515983,0.0117747664780949,0.0049335613735034,0.00203920536771468,0.0019734245494013,6.578081831337982e-05,0.0007893698197605,0.000526246546507,0.0002631232732535,0.0222339165899222,0.0049335613735034,0.0173003552164188,0.0183528483094328,0.0173003552164188,0.001052493093014,0.005328246283383679,0.0052624654650703,6.578081831337982e-05,0.063741612945665,0.0426259702670701,0.0211156426785949,0.0113800815682146,0.0049993421918168,0.0063807393763978,0.0022365478226548,0.001907643731088,0.0003289040915668,0.0051966846467569,0.0030916984607288,0.0021049861860281,0.0328246283383764,0.0264438889619786,0.0063807393763978,0.0107222733850808,0.0088804104723062,0.0018418629127746,0.003486383370609,0.0008551506380739,0.0026312327325351,0.0030916984607287,0.0026970135508485,0.0003946849098802,0.0241415603210103,0.0134850677542428,0.0106564925667675,0.0219050124983554,0.0129588212077358,0.0089461912906196,6543
2022-12-01,2022,12,0.6956668694652877,0.241262759413236,0.4544041100520516,0.0034475765564794,0.0020955857500169,0.0013519908064625,0.0277834110728046,0.007030352193605,0.0207530588791996,0.0010139931048468,0.000540796322585,0.0004731967822618,0.0497532616778205,0.0308253903873453,0.0189278712904752,0.022781045088893302,0.017778679104982,0.0050023659839113,0.001960386669370626,0.0018927871290475,6.75995403231258e-05,0.0018251875887243,0.0014871898871087,0.0003379977016156,0.0223754478469545,0.0052051646048806,0.0171702832420739,0.024200635435679,0.0235922395727709,0.0006083958629081,0.0073683498952207,0.0073683498952207,0.0,0.0601635908875819,0.0368417494761035,0.0233218414114784,0.0187926722098288,0.0099371324274994,0.0088555397823294,0.0017575880484012,0.0008787940242006,0.0008787940242006,0.0030419793145404998,0.0018251875887243,0.0012167917258162,0.012776313121070599,0.0093963361049144,0.0033799770161562,0.0135875076049482,0.0108835259920232,0.002703981612925,0.0020279862096937,0.0006083958629081,0.0014195903467856,0.0038531737984181,0.0031771783951869,0.0006759954032312,0.0244710335969715,0.0152774961130264,0.0091935374839451,0.0175758804840126,0.0100047319678226,0.00757114851619,6297
2023-01-01,2023,1,0.6664576016056196,0.2394004014049172,0.4270572002007025,0.002634219769192,0.0018188660311088,0.0008153537380832,0.0304816859006522,0.0076517812343201,0.0228299046663321,0.0011289513296536,0.0008153537380832,0.0003135975915704,0.05005017561465119,0.0339312594079277,0.0161189162067235,0.0154917210235824,0.011414952333166,0.0040767686904164,0.0015052684395382,0.001317109884596,0.0001881585549422,0.0012543903662818,0.0011289513296537,0.0001254390366281,0.0269066733567485,0.0074009031610637,0.0195057701956848,0.042398394380331,0.0412067235323632,0.0011916708479678,0.0155544405418966,0.0154917210235825,6.271951831409934e-05,0.0540642247867536,0.0349347717009533,0.0191294530858003,0.015366281986954299,0.0065228299046663,0.008843452082288,0.0006271951831407999,0.0004390366281986,0.0001881585549422,0.0039513296537881,0.0023206221776216,0.0016307074761665,0.0160561966884093,0.0134846964375313,0.002571500250878,0.0131710988459607,0.0117285499247365,0.0014425489212242,0.0016934269944805002,0.0005017561465127,0.0011916708479678,0.0048294029101855,0.0042022077270446,0.0006271951831409,0.0269693928750627,0.0180632212744606,0.0089061716006021,0.0211991971901654,0.0103487205218263,0.0108504766683391,7258
2023-02-01,2023,2,0.6582287212029244,0.2443095599393019,0.4139191612636225,0.0040005518002483,0.0024831011173955,0.0015174506828528,0.0360049662022346,0.0120706304317836,0.023934335770451,0.0011036004966201,0.0006897503103876,0.0004138501862325,0.0503517726582976,0.0305559387501724,0.0197958339081252,0.0168299075734583,0.0124844806180162,0.0043454269554421,0.0009656504345426,0.0008277003724651,0.0001379500620775,0.0022072009932403,0.0013795006207752,0.0008277003724651,0.0217961098082494,0.0074493033521865,0.0143468064560629,0.0313836391226375,0.0308318388743274,0.0005518002483101,0.0107601048420471,0.0106221547799696,0.0001379500620775,0.0730445578700509,0.0469719961373982,0.0260725617326527,0.0191750586287763,0.0095185542833494,0.0096565043454269,0.0015864257138915,0.0011036004966202,0.0004828252172713,0.0046213270795970995,0.0024141260863567,0.0022072009932404,0.0159332321699544,0.0119326803697061,0.0040005518002483,0.0091047040971167,0.0073113532901089,0.0017933508070078,0.004828252172713401,0.0024831011173955,0.0023451510553179,0.003172851427783,0.0021382259622016,0.0010346254655814,0.025037936267071202,0.0155883570147606,0.0094495792523106,0.0242792109256448,0.0112429300593185,0.0130362808663263,6580
2023-03-01,2023,3,0.6708335911875734,0.2352868370567485,0.4355467541308249,0.0044557212698804,0.0036512160405965,0.0008045052292839,0.0342842997710254,0.0128101986509066,0.0214741011201188,0.0021040905996657,0.0017327804938424,0.0003713101058233,0.046908843369020306,0.0258060523547249,0.0211027910142954,0.0209790209790209,0.0150999443034841,0.0058790766755368,0.0006188501763721999,0.0004950801410978,0.0001237700352744,0.0016708954762051,0.001361470388019,0.0003094250881861,0.0181941951853456,0.0055696515873507,0.0126245435979949,0.030880623800977603,0.0300761185716937,0.0008045052292839,0.01318150875672993,0.0131196237390927,6.188501763723002e-05,0.0779751222229098,0.0558821709264187,0.0220929512964911,0.0188130453617178,0.0116343833157992,0.0071786620459186,0.0017327804938423999,0.0014852404232935,0.0002475400705489,0.0038987561111454,0.0025372857231264,0.001361470388019,0.013057738721455499,0.0097159477690451,0.0033417909524104,0.007054892010644099,0.0055077665697134,0.0015471254409307,0.0039606411287826,0.0020422055820285,0.0019184355467541,0.0036512160405964998,0.0031561358994987,0.0004950801410978,0.0227118014728633,0.0131815087567299,0.0095302927161334,0.0206077108731975,0.0087257874868494,0.0118819233863481,7210
2023-04-01,2023,4,0.669434832756632,0.2516724336793541,0.4177623990772779,0.0027681660899653,0.0023068050749711,0.0004613610149942,0.0349865436370625,0.0108419838523644,0.0241445597846981,0.0009227220299884,0.0006151480199923,0.0003075740099961,0.0534409842368319,0.039753940792003,0.0136870434448289,0.0191464821222606,0.0149173394848135,0.0042291426374471,0.0016916570549786998,0.0015378700499807,0.000153787004998,0.0011534025374854999,0.0009227220299884,0.0002306805074971,0.0241445597846981,0.0061514801999231,0.017993079584775,0.0243752402921952,0.0239907727797001,0.0003844675124951,0.0114571318723567,0.0114571318723567,0.0,0.0668204536716646,0.047673971549404,0.0191464821222606,0.0222991157247212,0.0156862745098039,0.0066128412149173,0.0029988465974624,0.002153018069973,0.0008458285274894,0.0046136101499423005,0.0023836985774702,0.0022299115724721,0.008688965782391301,0.0073817762399077,0.0013071895424836,0.0093810073048826,0.0076124567474048,0.0017685505574778,0.0060745866974239,0.0019223375624759,0.004152249134948,0.0039215686274508,0.0027681660899653,0.0011534025374855,0.0292195309496347,0.0175317185697808,0.0116878123798539,0.0184544405997692,0.0069973087274125,0.0114571318723567,6030
2023-05-01,2023,5,0.6451156812339331,0.2590616966580977,0.3860539845758354,0.0040488431876606,0.0034704370179948,0.0005784061696658,0.0467866323907454,0.0215295629820051,0.0252570694087403,0.0027634961439588,0.0017352185089974,0.0010282776349614,0.050706940874035905,0.0329691516709511,0.0177377892030848,0.0302056555269922,0.0258997429305912,0.004305912596401,0.00083547557840609,0.000771208226221,6.426735218508997e-05,0.0012210796915166,0.0010282776349614,0.0001928020565552,0.0174164524421593,0.0037917737789203,0.013624678663239,0.017737789203084702,0.0173521850899742,0.0003856041131105,0.00501285347043699,0.0049485861182519,6.426735218508997e-05,0.0818766066838045,0.0618894601542416,0.0199871465295629,0.0169665809768637,0.0095115681233933,0.0074550128534704,0.0025064267352184,0.0019922879177377,0.0005141388174807,0.0048200514138816,0.0034704370179948,0.0013496143958868,0.0245501285347042,0.0218508997429305,0.0026992287917737,0.0115681233933161,0.0100899742930591,0.001478149100257,0.0063624678663238,0.0030205655526992,0.0033419023136246,0.0039203084832904,0.0034061696658097,0.0005141388174807,0.0255784061696657,0.0151670951156812,0.0104113110539845,0.024357326478148998,0.0140102827763496,0.0103470437017994,7703
2023-06-01,2023,6,0.6710837332569299,0.2087959315235298,0.4622878017334001,0.0020055869923357,0.0014325621373827,0.000573024854953,0.0407563928085379,0.0123200343814912,0.0284363584270467,0.0005013967480839354,0.0004297686412148,7.162810686913545e-05,0.057374113602177396,0.0343098631903158,0.0230642504118616,0.0245684406561133,0.0201991261370961,0.0043693145190172,0.0002148843206074,0.0002148843206074,0.0,0.0007162810686913001,0.0005013967480839,0.0002148843206074,0.0402549960604541,0.0107442160303703,0.0295107800300838,0.0213451758470022,0.0205572666714418,0.0007879091755604,0.0035097772365876,0.0035097772365876,0.0,0.0605257503044193,0.0409712771291454,0.0195544731752739,0.024926581190459,0.0121051500608838,0.0128214311295752,0.0019339588854666002,0.0006446529618222,0.0012893059236444,0.0032948929159802,0.0016474464579901,0.0016474464579901,0.0105293317097628,0.0068046701525678,0.003724661557195,0.0105293317097628,0.0089535133586419,0.0015758183511209,0.0035097772365875,0.0009311653892987,0.0025786118472888,0.0024353556335505,0.0019339588854666,0.0005013967480839,0.0224195974500393,0.0121051500608838,0.0103144473891555,0.018050282931022,0.0065897858319604,0.0114604970990616,5423
2023-07-01,2023,7,0.6819492300119541,0.2230504183953308,0.4588988116166233,0.0020392377469938,0.0014766894029955,0.0005625483439983,0.030096336403909598,0.0077350397299767,0.0223612966739329,0.0007735039729976,0.0005625483439983,0.0002109556289993,0.0495745728148512,0.0298150622319105,0.0197595105829407,0.0190563251529427,0.0150481682019548,0.0040081569509879,0.0010547781449967001,0.0008438225159974,0.0002109556289993,0.0011954152309963,0.0009141410589972,0.0002812741719991,0.0388861542788832,0.0125167006539624,0.0263694536249208,0.019970466211940003,0.0194079178679417,0.0005625483439983,0.0040784754939877,0.0040784754939877,0.0,0.0594191688348216,0.0387455171928837,0.0206736516419379,0.025103719850924598,0.0132902046269601,0.0118135152239645,0.0018282821179944,0.0011250966879966,0.0007031854299978,0.003656564235989,0.0018986006609943,0.0017579635749947,0.0147668940299556,0.0104774629069685,0.0042894311229871,0.0090710920469727,0.0068912172139793,0.0021798748329934,0.0029533788059911,0.0010547781449968,0.0018986006609943,0.002953378805991,0.001968919203994,0.000984459601997,0.02665072779692,0.0158216721749525,0.0108290556219675,0.019829829125940397,0.0090710920469727,0.0107587370789677,5742
2023-08-01,2023,8,0.6721117112369911,0.2290212093268344,0.4430905019101567,0.0030957713081278997,0.0026346989856408,0.0004610723224871,0.0397839546831774,0.0142932419971018,0.0254907126860756,0.0009221446449742,0.0004610723224871,0.0004610723224871,0.0434066657884336,0.0257541825846397,0.0176524832037939,0.0216045316822552,0.0162033987616914,0.0054011329205638,0.0009221446449742,0.0004610723224871,0.0004610723224871,0.0010538795942563,0.0004610723224871,0.0005928072717692,0.0273350019760241,0.0078382294822816,0.0194967724937425,0.0216045316822552,0.0212093268344091,0.0003952048478461,0.009089711500461,0.009089711500461,0.0,0.06889737847450919,0.0463707021472796,0.0225266763272296,0.0243709656171782,0.0136345672506916,0.0107363983664866,0.0009880121196152,0.0005269397971281,0.0004610723224871,0.0036885785798972002,0.0021077591885127,0.0015808193913845,0.0156105914899222,0.011987880384666,0.0036227111052562,0.0127124226057172,0.0108022658411276,0.0019101567645896,0.0031616387827689,0.0008562771703332,0.0023053616124357,0.0029640363588459,0.0018442892899486,0.0011197470688973,0.0234488209722038,0.0131734949282044,0.0102753260439994,0.0208799894612039,0.0096825187722302,0.0111974706889737,6447
2023-09-01,2023,9,0.6766252739225712,0.2117604090577063,0.4648648648648649,0.0037253469685901,0.0028487947406866,0.0008765522279035,0.0389335281227172,0.0099342585829072,0.02899926953981,0.0008035062089114999,0.0004382761139517,0.0003652300949598,0.0509861212563915,0.0272461650840029,0.0237399561723886,0.024251278305332302,0.016654492330168,0.0075967859751643,0.0005843681519356,0.0004382761139517,0.0001460920379839,0.0005843681519356,0.0004382761139517,0.0001460920379839,0.020891161431701902,0.0030679327976625,0.0178232286340394,0.0264426588750912,0.0253469685902118,0.0010956902848794,0.0057706355003652,0.0056245434623813,0.0001460920379839,0.0668371073776478,0.0425127830533235,0.0243243243243243,0.0178962746530313,0.0094229364499634,0.0084733382030679,0.0013878743608472,0.0006574141709276,0.0007304601899196,0.0061358655953248995,0.0033601168736303,0.0027757487216946,0.0139517896274652,0.0097151205259313,0.0042366691015339,0.0075967859751643,0.0048940832724616,0.0027027027027027,0.0081811541271,0.0013878743608473,0.0067932797662527,0.001826150474799,0.0013878743608473,0.0004382761139517,0.026661796932067102,0.016581446311176,0.0100803506208911,0.0174579985390795,0.0071585098612125,0.010299488677867,5319
2023-10-01,2023,10,0.7886886735311931,0.2213052695336159,0.5673834039975773,0.0031798909751665,0.0018927922471229,0.0012870987280436,0.022940642035130097,0.0048455481526347,0.0180950938824954,0.0002271350696547,0.0002271350696547,0.0,0.03694730466384,0.0197607510599636,0.0171865536038764,0.0127195639006661,0.0095396729254996,0.0031798909751665,0.0003028467595396182,0.0002271350696547,7.571168988491823e-05,0.0003028467595396,0.0003028467595396,0.0,0.0162780133252573,0.0046941247728649,0.0115838885523924,0.0151423379769836,0.0142337976983646,0.000908540278619,0.0035584494245911,0.0034070260448213,0.0001514233797698,0.0449727437916414,0.0304360993337371,0.0145366444579043,0.011508176862507501,0.0056783767413688,0.0058298001211387,0.0005299818291943,0.0003028467595396,0.0002271350696547,0.0032556026650514,0.0018927922471229,0.0013628104179285,0.008252574197456,0.006435493640218,0.001817080557238,0.0021956390066626003,0.0017413688673531,0.0004542701393095,0.0018927922471229,0.0002271350696547,0.0016656571774682,0.0016656571774681,0.0014385221078134,0.0002271350696547,0.0202150211992731,0.0128709872804361,0.007344033918837,0.0144609327680193,0.0088582677165354,0.0056026650514839,4536
2023-11-01,2023,11,0.7908459799806264,0.2194058766548272,0.5714401033257992,0.0028253148207943004,0.0017759121730707,0.0010494026477236,0.023006134969325,0.0050855666774297,0.0179205682918953,0.0005650629641587,0.0002421698417823,0.0003228931223764,0.037132709073296605,0.0213109460768485,0.0158217629964481,0.0150145301905068,0.0105747497578301,0.0044397804326767,0.000726509525347,0.0004843396835647,0.0002421698417823,0.0008879560865352,0.0006457862447529,0.0002421698417823,0.0140458508233774,0.0029060381013884,0.011139812721989,0.0221989021633838,0.0206651598320955,0.0015337423312883,0.0020988052954472,0.0020988052954472,0.0,0.0427026154342912,0.0271230222796254,0.0155795931546658,0.0101711333548594,0.0050855666774297,0.0050855666774297,0.0029867613819825004,0.0018566354536648,0.0011301259283177,0.0027445915402001,0.0019373587342589,0.0008072328059412,0.0052470132386179,0.0033903777849531,0.0018566354536648,0.0027445915402001,0.002018082014853,0.0007265095253471,0.0029060381013883,0.0016951888924765,0.0012108492089118,0.0017759121730706,0.0016144656118824,0.0001614465611882,0.019131417500807102,0.0116241524055537,0.0075072650952534,0.0126735550532773,0.0074265418146593,0.005247013238618,4216
2023-12-01,2023,12,0.7549829480863964,0.2341038272072755,0.5208791208791209,0.0028798787419476,0.0020462296324365,0.0008336491095111,0.0233421750663129,0.0081849185297461,0.0151572565365668,0.0015157256536566,0.0012125805229253,0.0003031451307313,0.0366805608184917,0.0184918529746115,0.0181887078438802,0.0157635467980294,0.0122773777946191,0.0034861690034103,0.0009852216748768,0.0007578628268283,0.0002273588480485,0.0003789314134141,0.0003789314134141,0.0,0.0156119742326638,0.0037893141341417,0.0118226600985221,0.0391815081470253,0.037059492231906,0.0021220159151193,0.0113679424024251,0.0113679424024251,0.0,0.0442591890867752,0.0288745737021599,0.0153846153846153,0.0093974990526714,0.0046987495263357,0.0046987495263357,0.0023493747631677,0.0012883668056081,0.0010610079575596,0.0038651004168244,0.0021978021978021,0.0016672982190223,0.0061386888973095,0.0048503220917014,0.0012883668056081,0.004698749526335699,0.0040166729821902,0.0006820765441455,0.0034103827207274,0.0006062902614626,0.0028040924592648,0.0024251610458505997,0.0021220159151193,0.0003031451307313,0.0184160666919286,0.0129594543387646,0.005456612353164,0.0134899583175444,0.0085638499431602,0.0049261083743842,5161
2024-01-01,2024,1,0.6444111027756938,0.2809111368751278,0.363499965900566,0.0036827388665348,0.0027279547159517,0.0009547841505831,0.0265975584805291,0.0077064720725635,0.0188910864079656,0.0038873354702311,0.0034781422628384,0.0004091932073927,0.0568778558275932,0.0314396781013435,0.0254381777262497,0.0130941826365681,0.0115938075427947,0.0015003750937734,0.0017731705653685,0.0015685739616722,0.0002045966036963,0.0007501875468867,0.0007501875468867,0.0,0.0225056264066015,0.0040919320739275,0.018413694332674,0.0656755097865375,0.0647207256359544,0.0009547841505831,0.0253699788583509,0.0253699788583509,0.0,0.0525813271499692,0.0441928663984177,0.0083884607515515,0.0087976539589442,0.0047739207529155,0.0040237332060287,0.0027279547159516004,0.001636772829571,0.0010911818863806,0.0059333015071949,0.0038191366023324,0.0021141649048625,0.0081156652799562,0.0067516879219804,0.0013639773579758,0.0053195116961057,0.0048421196208142,0.0004773920752915,0.0036827388665347004,0.001295778490077,0.0023869603764577,0.0038873354702311,0.0036827388665348,0.0002045966036963,0.030689490554456703,0.0222328309350064,0.0084566596194503,0.023665007160881102,0.0181408988610789,0.0055241082998022,7861
2024-02-01,2024,2,0.6216045038705137,0.2827586206896552,0.3388458831808585,0.0039408866995072995,0.0028852920478536,0.0010555946516537,0.023786066150598098,0.0073187895847994,0.0164672765657987,0.0046446164672765,0.004222378606615,0.0004222378606615,0.061928219563687395,0.0417311752287121,0.0201970443349753,0.0102744546094299,0.0089373680506685,0.0013370865587614,0.0023223082336382003,0.0017593244194229,0.0005629838142153,0.0006333567909922,0.0004926108374384,0.0001407459535538,0.014778325123152601,0.0048557353976073,0.0099225897255453,0.1021111893033074,0.1002111189303307,0.0019000703729767,0.033286418015482,0.0331456720619282,0.0001407459535538,0.0414496833216044,0.0338494018296973,0.0076002814919071,0.0083040112596762,0.0038705137227304,0.0044334975369458,0.0038001407459535,0.0029556650246305,0.000844475721323,0.0051372273047149,0.0030964109781843,0.0020408163265306,0.0128078817733989,0.011893033075299,0.0009148486980999,0.0045038705137226,0.004222378606615,0.0002814919071076,0.0023926812104151,0.0003518648838845,0.0020408163265306,0.0045038705137226,0.0039408866995073,0.0005629838142153,0.027234342012667,0.0173821252638986,0.0098522167487684,0.017874736101337,0.0121041520056298,0.0057705840957072,8171
2024-03-01,2024,3,0.6946076990890391,0.2843814281516309,0.4102262709374081,0.0040405524537172,0.0028651190126359,0.0011754334410813,0.0244637084925065,0.0060240963855421,0.0184396121069644,0.0023508668821627,0.0023508668821627,0.0,0.0669997061416396,0.040405524537173,0.0265941816044666,0.010652365559800099,0.0085218924478401,0.00213047311196,0.0019835439318247,0.0013223626212165,0.0006611813106082,0.00044078754040548744,0.0003673229503379,7.346459006758743e-05,0.0198354393182485,0.0079341757272994,0.0119012635909491,0.0380546576550102,0.0373200117543344,0.0007346459006758,0.0111666176902732,0.0111666176902732,0.0,0.0437114310902144,0.0358507199529826,0.0078607111372318,0.013370555392300799,0.0079341757272994,0.0054363796650014,0.0027181898325006,0.001763150161622,0.0009550396708786,0.0039670878636496,0.0022039377020276,0.001763150161622,0.011093153100205599,0.0089626799882456,0.00213047311196,0.0066852776961503,0.0058771672054069,0.0008081104907434,0.0037466940934468,0.0013223626212165,0.0024243314722303,0.0037466940934469,0.003379371143109,0.0003673229503379,0.0284307963561562,0.0184396121069644,0.0099911842491918,0.0155744930943284,0.0089626799882456,0.0066118131060828,6685
2024-04-01,2024,4,0.6974982242916896,0.2639097150974666,0.433588509194223,0.0052876647462709,0.0034724962512824,0.0018151684949885,0.0293583773972061,0.0057611869623549,0.0235971904348512,0.0033146555125877003,0.0026832925578091,0.0006313629547786,0.06771367690000779,0.04372188461842,0.0239917922815878,0.0107331702312366,0.0083655591508168,0.0023676110804198,0.0023676110804197,0.0018151684949885,0.0005524425854312,0.0007102833241258,0.0004735222160839,0.0002367611080419,0.0223344645252939,0.0103385683845,0.0119958961407939,0.018467366427274798,0.0180727645805382,0.0003946018467366,0.007339594349301528,0.0072606739799542,7.892036934732854e-05,0.0389077420882329,0.0280167311183016,0.0108910109699313,0.00915476284429,0.0047352221608397,0.0044195406834503,0.0048141425301869,0.0031568147738931,0.0016573277562938,0.006155788809091499,0.0028411332965038,0.0033146555125877,0.0089969221055954,0.0074974350879962,0.0014994870175992,0.0066293110251754005,0.0055244258543129,0.0011048851708625,0.005287664746270899,0.0009470444321679,0.004340620314103,0.0082866387814694,0.0075763554573435,0.0007102833241259,0.0343303606660878,0.020440375660958,0.0138899850051298,0.0181516849498854,0.0104964091231946,0.0076552758266908,5724
2024-05-01,2024,5,0.7065125889645673,0.2654779214815949,0.4410346674829724,0.0036733756791918,0.0025254457794444,0.0011479298997474,0.029693120073467402,0.006581464758552,0.0231116553149154,0.0035968470192086002,0.0026785030994107,0.0009183439197979,0.0699471952246116,0.0433917502104538,0.0265554450141578,0.0126272288972219,0.010331369097727,0.0022958597994949,0.0009948725797810638,0.0009183439197979,7.65286599831637e-05,0.0007652865998316,0.0007652865998316,0.0,0.0251779291344607,0.010790541057626,0.0143873880768347,0.0100252544577944,0.0091834391979796,0.0008418152598148,0.0043621336190403,0.0043621336190403,0.0,0.041708119690824205,0.0316063365730466,0.0101017831177776,0.016606719216346398,0.0091069105379964,0.00749980867835,0.0020662738195453,0.0013009872197137,0.0007652865998316,0.0035203183592254,0.0019897451595622,0.0015305731996632,0.0162240759164306,0.0140812734369021,0.0021428024795285,0.0055100635187877,0.0046682482589729,0.0008418152598148,0.0033672610392590997,0.0006122292798653,0.0027550317593938,0.0043621336190402,0.0035968470192086,0.0007652865998316,0.025637101094359703,0.0160710185964643,0.0095660824978954,0.021887196755184697,0.0131629295171041,0.0087242672380806,5830
2024-06-01,2024,6,0.6723267218034107,0.2306960404010832,0.4416306814023275,0.0046109931932956,0.0032203761984922,0.0013906169948034,0.0333748078752835,0.0079045597599355,0.025470248115348,0.0021225206762788998,0.0015369977310985,0.0005855229451804,0.077874551708995,0.0455244089877772,0.0323501427212178,0.0117104589036082,0.0095147478591817,0.0021957110444265,0.0021225206762789,0.0011710458903608,0.0009514747859181,0.0009514747859181,0.0006587133133279,0.0002927614725902,0.0322769523530703,0.0092219863865915,0.0230549659664788,0.0088560345458537,0.0087096538095586,0.0001463807362951,0.0053428968747712,0.0053428968747712,0.0,0.041938080948547,0.0303740027812339,0.0115640781673131,0.029788479836053497,0.0150772158383956,0.0147112639976579,0.0044646124570006,0.0019029495718363,0.0025616628851643,0.0072458464466074995,0.0039522798799677,0.0032935665666398,0.0132474566347068,0.010612603381395,0.0026348532533118,0.006074800556246701,0.0052697065066237,0.000805094049623,0.0048305642977383,0.000805094049623,0.0040254702481153,0.0048305642977383,0.0039522798799677,0.0008782844177706,0.031984190880480004,0.0161750713606089,0.0158091195198711,0.014198931420624901,0.0064407523969845,0.0077581790236404,5599
2024-07-01,2024,7,0.6622732426303855,0.2623299319727891,0.3999433106575963,0.0057397959183672995,0.004109977324263,0.0016298185941043,0.0315334467120181,0.0101332199546485,0.0214002267573696,0.00531462585034,0.0048185941043083,0.0004960317460317,0.06306689342403621,0.0362103174603174,0.0268565759637188,0.0127551020408162,0.0097789115646258,0.0029761904761904,0.0025510204081632,0.0017006802721088,0.0008503401360544,0.0008503401360543,0.0007086167800453,0.000141723356009,0.0318168934240362,0.0104875283446712,0.021329365079365,0.0142431972789115,0.0139597505668934,0.0002834467120181,0.0046768707482993,0.0046768707482993,0.0,0.0448554421768707,0.0361394557823129,0.0087159863945578,0.020904195011337702,0.0094246031746031,0.0114795918367346,0.0029761904761903997,0.0018424036281179,0.0011337868480725,0.0070861678004534,0.0051020408163265,0.0019841269841269,0.024092970521541898,0.0185657596371882,0.0055272108843537,0.004960317460317399,0.0035430839002267,0.0014172335600907,0.0050311791383219,0.0011337868480725,0.0038973922902494,0.0053854875283446,0.0045351473922902,0.0008503401360544,0.0356434240362811,0.0223922902494331,0.013251133786848,0.0218253968253968,0.0101332199546485,0.0116921768707483,6572
2024-08-01,2024,8,0.6807780320366132,0.2735899851931619,0.4071880468434513,0.0050477857046708,0.0035671018979674,0.0014806838067034,0.0326423475568716,0.0117108628348364,0.0209314847220352,0.0049804818952752,0.0035671018979674,0.0014133799973078,0.0641405303540179,0.0351325885045093,0.0290079418495086,0.0144703190200564,0.0122492933100013,0.0022210257100551,0.0026921523758244,0.0022883295194508,0.0004038228563736,0.0004711266657692,0.0004711266657692,0.0,0.040920716112531896,0.0172297752052766,0.0236909409072553,0.0079418495086821,0.0070668999865392,0.0008749495221429,0.0045093552295059,0.0045093552295059,0.0,0.0411899313501143,0.0286714228025306,0.0125185085475837,0.0134607618791222,0.006057342845605,0.0074034190335172,0.0037017095167586004,0.0019518104724727,0.0017498990442859,0.0041728361825279,0.0018845066630771,0.0022883295194508,0.0180374209180239,0.0149414456858258,0.0030959752321981,0.0075380266523084,0.0061246466550006,0.0014133799973078,0.0040382285637366,0.0004038228563736,0.003634405707363,0.0046439628482972005,0.0040382285637367,0.0006057342845605,0.0349306770763224,0.0228159913851123,0.0121146856912101,0.0189796742495624,0.0094225333153856,0.0095571409341768,6826
2024-09-01,2024,9,0.6695982551185533,0.2648279743896433,0.4047702807289101,0.0053472173362414,0.0037993386336452,0.0015478787025962,0.0372194469851543,0.0106944346724829,0.0265250123126714,0.0027439667909659,0.0021107436853584,0.0006332231056075,0.0659255611060296,0.0375008794765355,0.0284246816294941,0.0129458946035318,0.0092872722155772,0.0036586223879546,0.0004221487370716,0.0002814324913811,0.0001407162456905,0.0009146555969885999,0.0007739393512981,0.0001407162456905,0.0293393372264827,0.0066136635474565,0.0227256736790262,0.0106944346724828,0.0097797790754942,0.0009146555969886,0.0059100823190036,0.0057693660733131,0.0001407162456905,0.047351016674875,0.0330683177372827,0.0142826989375923,0.030676141560542998,0.0237810455217054,0.0068950960388376,0.0030957574051923,0.0016885949482867,0.0014071624569056,0.0042214873707168005,0.0021811018082037,0.0020403855625131,0.016463800745796,0.0144937733061281,0.0019700274396679,0.0087947653556602,0.0064729473017659,0.0023218180538943,0.0047139942306338,0.0009850137198339,0.0037289805107999,0.0061915148103847,0.0053472173362414,0.0008442974741433,0.0280025328924223,0.016956307605713,0.0110462252867093,0.0189966931682262,0.0108351509181735,0.0081615422500527,6539
2024-10-01,2024,10,0.6671725184520936,0.260950541491343,0.4062219769607505,0.0064151203697315005,0.0051045043802165,0.001310615989515,0.0318686624818927,0.0091053321376836,0.0227633303442091,0.0029661309236392,0.0026902117679519,0.0002759191556873,0.069324687866455,0.0413878733531075,0.0279368145133475,0.0115886045388701,0.0084155342484652,0.0031730702904049,0.000413878733531,0.000413878733531,0.0,0.0007587776781402,0.0003448989446092,0.000413878733531,0.0249706835897081,0.0055183831137476,0.0194523004759605,0.0081396150927778,0.0075187969924812,0.0006208181002966,0.003311029868248546,0.0032420500793267,6.897978892184589e-05,0.0423535903980133,0.0307649858591432,0.0115886045388701,0.0285576326136441,0.0228323101331309,0.0057253224805132,0.0061392012140442,0.004897565013451,0.0012416362005932,0.005311443746982,0.0035869490239359,0.0017244947230461,0.024142926122645902,0.021452714354694,0.0026902117679519,0.0048975650134509,0.0037249086017796,0.0011726564116713,0.0057943022694349,0.0006897978892184,0.0051045043802165,0.0067600193143408,0.0057253224805132,0.0010346968338276,0.0346968338276884,0.0220735324549906,0.0126233013726978,0.021866593088225,0.0137959577843691,0.0080706353038559,6802
2024-11-01,2024,11,0.6606814647250105,0.2454404071822423,0.4152410575427683,0.0068570620670153,0.0053725434751873,0.001484518591828,0.0315990385974832,0.008977802912484,0.0226212356849992,0.004524247136999801,0.0029690371836561,0.0015552099533437,0.0731655591686695,0.0405061501484518,0.0326594090202177,0.0110985437579527,0.0089071115509684,0.0021914322069843,0.0005655308921249,0.0005655308921249,0.0,0.0004948395306092,0.0002827654460624,0.0002120740845468,0.0297610631980771,0.0094726424430934,0.0202884207549837,0.008412272020359,0.0079881238512653,0.0004241481690937,0.0019793581224374,0.0019793581224374,0.0,0.0431924218860455,0.0332249399123427,0.0099674819737028,0.015764173617983802,0.0091191856355153,0.0066449879824685,0.0094726424430933,0.0054432348367029,0.0040294076063904,0.0062915311748904,0.0043828644139686,0.0019086667609218,0.0296196804750459,0.0274282482680616,0.0021914322069843,0.0045949384985153,0.0040294076063904,0.0005655308921249,0.0062208398133747,0.0007776049766718,0.0054432348367029,0.0062915311748904,0.0053018521136717,0.0009896790612187,0.0376078043263112,0.0275696309910928,0.0100381733352184,0.0188039021631556,0.011805457373109,0.0069984447900466,6439
2024-12-01,2024,12,0.7523695006365823,0.2965058707030697,0.4558636299335125,0.0034658367520157,0.0027585231291554,0.0007073136228603,0.024614514075541,0.0059414344320271,0.0186730796435139,0.0014853586080067,0.0012731645211486,0.0002121940868581,0.0609704342905643,0.0372046965624557,0.0237657377281086,0.0099023907200452,0.0079219125760362,0.001980478144009,0.000141462724572,0.000141462724572,0.0,0.0007780449851463376,0.0007073136228603,7.073136228603763e-05,0.01909746781723,0.0054463148960248,0.0136511529212052,0.005870703069741,0.0048804639977365,0.0009902390720045,0.0009195077097184,0.0009195077097184,0.0,0.0408827274013297,0.032041307115575,0.0088414202857547,0.0191681991795161,0.0121657943131984,0.0070024048663177,0.0021926722308671,0.0016975526948649,0.0004951195360022,0.0034658367520158,0.0023341349554392,0.0011317017965766,0.0125901824869146,0.0109633611543358,0.0016268213325788,0.0038902249257319,0.0029707172160135,0.0009195077097184,0.0026170604045833,0.0006365822605743,0.001980478144009,0.0071438675908897,0.0065780166926014,0.0005658508982883,0.0244023199886829,0.0159852878766445,0.0084170321120384,0.0111755552411939,0.0060828971565992,0.0050926580845947,6349
2025-01-01,2025,1,0.772252203019332,0.2862217364574083,0.4860304665619236,0.0019126989548465,0.0011612815082997,0.0007514174465468,0.022542523396406798,0.0056697861875811,0.0168727372088257,0.0008880388004644,0.0005464854156704,0.000341553384794,0.052872463966117805,0.0342919598333219,0.0185805041327959,0.014003688776555702,0.0114761937290798,0.0025274950474759,6.831067695880866e-05,6.831067695880866e-05,0.0,0.00027324270783520867,0.0002049320308764,6.831067695880866e-05,0.016189630439237497,0.0045085046792813,0.0116811257599562,0.006011339572375,0.005328232802787,0.000683106769588,0.0004098640617528,0.0004098640617528,0.0,0.0426941730992553,0.0314229114010519,0.0112712616982034,0.0198100963180545,0.011066329667327,0.0087437666507275,0.0009563494774231999,0.0005464854156704,0.0004098640617528,0.0026641164013933996,0.0015711455700525,0.0010929708313409,0.0089486986816038,0.0075824851424277,0.0013662135391761,0.0051233007719105,0.0038253979096932,0.0012979028622173,0.002117630985723,0.0004098640617528,0.0017077669239702,0.0032106018170639,0.0027324270783523,0.0004781747387116,0.022064348657695097,0.0129107179452148,0.0091536307124803,0.0144135528383085,0.0082655919120158,0.0061479609262927,6178
2025-02-01,2025,2,0.8005943309966473,0.2941176470588235,0.5064766839378239,0.0022096921670222,0.0015239256324291,0.0006857665345931,0.0206491923194147,0.0048765620237732,0.0157726302956415,0.0008381590978359,0.0006095702529716,0.0002285888448643,0.0455653764096311,0.028192624199939,0.0173727522096921,0.0096007314843035,0.0059433099664736,0.0036574215178299,0.0,0.0,0.0,7.619628162145687e-05,0.0,7.619628162145687e-05,0.0118104236513257,0.0030478512648582,0.0087625723864675,0.0046479731789088,0.0041907954891801,0.0004571776897287,0.0015239256324291,0.0015239256324291,0.0,0.0297165498323681,0.0199634257848217,0.0097531240475464,0.0179823224626637,0.0099055166107893,0.0080768058518744,0.0016763181956719001,0.0012953367875647,0.0003809814081072,0.0041145992075586,0.001676318195672,0.0024382810118866,0.010286498018896601,0.0089911612313319,0.0012953367875647,0.0056385248399877,0.0049527583053946,0.0006857665345931,0.0032002438281011,0.0004571776897287,0.0027430661383724,0.0027430661383723,0.0021334958854007,0.0006095702529716,0.022020725388601,0.0124961901859189,0.0095245352026821,0.0115818348064614,0.0064766839378238,0.0051051508686376,5365
2025-03-01,2025,3,0.7800153835396125,0.2642472554366827,0.5157681281029298,0.0027970072022935,0.0018879798615481,0.0009090273407454,0.026291867701559203,0.0079015453464792,0.01839032235508,0.0011887280609746,0.000839102160688,0.0003496259002866,0.0402069785329696,0.0246835885602405,0.0155233899727291,0.0137053352912383,0.0086007971470526,0.0051045381441857,0.0001398503601146,0.0001398503601146,0.0,0.0008391021606879,0.0006992518005733,0.0001398503601146,0.0147542129920984,0.0055240892245297,0.0092301237675687,0.0027270820222361,0.0021676805817774,0.0005594014404587,0.0003496259002866,0.0003496259002866,0.0,0.0387385497517655,0.0265016432417313,0.0122369065100342,0.0177609957345639,0.0079015453464792,0.0098594503880847,0.0022376057618346996,0.0011887280609747,0.00104887770086,0.0046849870638415,0.0025173064820641,0.0021676805817774,0.0075519194461924994,0.0061534158450458,0.0013985036011467,0.0043353611635549,0.0037060345430389,0.000629326620516,0.0036361093629815,0.000419551080344,0.0032165582826375,0.0025173064820641,0.0020977554017201,0.000419551080344,0.025522690720928498,0.0158030906929585,0.00971960002797,0.0204181525767428,0.013215859030837,0.0072022935459058,5579
2025-04-01,2025,4,0.7733296521258973,0.2035477636664826,0.5697818884594147,0.0016565433462174999,0.0008972943125345,0.000759249033683,0.0214660408614024,0.0060739922694643,0.0153920485919381,0.0017255659856432,0.0013804527885146,0.0003451131971286,0.0448647156267255,0.0256073992269464,0.0192573163997791,0.007178354500276001,0.0046935394809497,0.0024848150193263,6.902263942573165e-05,6.902263942573165e-05,0.0,0.0008972943125344,0.000759249033683,0.0001380452788514,0.0254003313086692,0.0085588072887907,0.0168415240198785,0.0044864715626725,0.0039342904472667,0.0005521811154058,0.0004141358365543,0.0004141358365543,0.0,0.029403644395361597,0.0176007730535615,0.0118028713418001,0.018221976808393,0.0069022639425731,0.0113197128658199,0.0009663169519601,0.0004141358365543,0.0005521811154058,0.0044864715626725,0.0026918829376035,0.001794588625069,0.014908890115958,0.0118028713418001,0.0031060187741579,0.0029679734953063,0.0023467697404748,0.0006212037548315,0.0029679734953063,0.0006212037548315,0.0023467697404748,0.0084207620099392,0.0068332413031474,0.0015875207067918,0.024641082274986098,0.0148398674765323,0.0098012147984538,0.0160132523467697,0.010284373274434,0.0057288790723357,4737
2025-05-01,2025,5,0.7678852439172013,0.2741193560101682,0.4937658879070331,0.0019973368841544,0.0013315579227696,0.0006657789613848,0.015010289311221298,0.0035104708873017,0.0114998184239196,0.0027236412056651,0.0019973368841544,0.0007263043215107,0.0522939111487713,0.0348626074325142,0.0174313037162571,0.0070209417746035,0.0049630795303232,0.0020578622442803,0.0001210507202517,0.0001210507202517,0.0,0.0006052536012588,0.0004842028810071,0.0001210507202517,0.0197312674010409,0.0079893475366178,0.0117419198644231,0.0032078440866722003,0.0027236412056651,0.0004842028810071,0.0004236775208812,0.0004236775208812,0.0,0.0240890933301052,0.0142839849897106,0.0098051083403946,0.0177944558770124,0.0072025178549812,0.0105919380220312,0.0026025904854133,0.0015736593632732,0.0010289311221401,0.0051446556107008,0.0040551991284348,0.001089456482266,0.0084735504176249,0.0069604164144776,0.0015131340031473,0.0039341484081829,0.0030867933664205,0.0008473550417624,0.0024815397651614998,0.0007868296816366,0.0016947100835249,0.0120445466650525,0.0108945648226606,0.0011499818423919,0.0284469192591695,0.0190049630795303,0.0094419561796392,0.0278416656579106,0.0205180970826776,0.007323568575233,6896
2025-06-01,2025,6,0.3674694275639583,0.1027834046064971,0.2646860229574612,0.0006001950633955,0.0003751219146222,0.0002250731487733,0.0057768774851826,0.0012754145097156,0.004501462975467,0.0005251706804711505,7.502438292445044e-05,0.0004501462975467,0.0196563883262059,0.0120789256508365,0.0075774626753694,0.003676194763298,0.0023257558706579,0.0013504388926401,0.0005251706804711,0.0005251706804711,0.0,0.00015004876584890088,7.502438292445044e-05,7.502438292445044e-05,0.0139545352239476,0.0080276089729161,0.0059269262510315,0.0018005851901868,0.001500487658489,0.0003000975316978,0.0002250731487733,0.0002250731487733,0.0,0.0084777552704628,0.0048015605071648,0.003676194763298,0.0155300472653611,0.0059269262510315,0.0096031210143296,0.0008252682121689,0.0004501462975467,0.0003751219146222,0.0015004876584889001,0.0009753169780178,0.0005251706804711,0.0022507314877335,0.0019506339560357,0.0003000975316978,0.0018005851901868,0.0013504388926401,0.0004501462975467,0.0003751219146222504,7.502438292445044e-05,0.0003000975316978,0.0024758046365068,0.0021006827218846,0.0003751219146222,0.0087028284192362,0.0046515117413159,0.0040513166779203,0.0069772676119738,0.0047265361242403,0.0022507314877335,2070
2025-07-01,2025,7,0.745294195077004,0.2088982493089377,0.5363959457680664,0.0019086481505856002,0.0008556008950901,0.0010530472554955,0.025733842306173402,0.0057259444517572,0.0200078978544162,0.0017770172436487,0.0013163090693694,0.0004607081742793,0.0504146373568513,0.03192049493221,0.0184941424246413,0.0139528761353165,0.0094774252994603,0.0044754508358562,0.0008556008950901,0.0008556008950901,0.0,0.0011846781624324,0.0009214163485586,0.0002632618138738,0.0418586284059496,0.0214558378307226,0.020402790575227,0.010793734368829699,0.0098065025668026,0.0009872318020271,0.0009872318020270744,0.0009214163485586,6.581545346847439e-05,0.035277083059102196,0.0215874687376596,0.0136896143214426,0.0188890351454521,0.0069106226141898,0.0119784125312623,0.002369356324865,0.001118862708964,0.001250493615901,0.0033565881268921,0.0010530472554955,0.0023035408713966,0.0063182835329735,0.005133605370541,0.0011846781624325,0.0043438199289192,0.0035540344872976,0.0007897854416216,0.0030933263130182,0.0005923390812162,0.002500987231802,0.0034882190338291,0.0027642490456759,0.0007239699881532,0.0274450440963537,0.0155982624720284,0.0118467816243253,0.0109253652757666,0.0059233908121626,0.005001974463604,5304
2025-08-01,2025,8,0.7362718707940781,0.2065948855989232,0.5296769851951548,0.0028263795423956,0.0016823687752355,0.0011440107671601,0.0223418573351277,0.0047106325706594,0.0176312247644683,0.0009421265141318,0.0006056527590847,0.0003364737550471,0.0479811574697173,0.0292732166890982,0.0187079407806191,0.0097577388963659,0.0063257065948855,0.0034320323014804,0.0,0.0,0.0,0.00013458950201884252,6.729475100942126e-05,6.729475100942126e-05,0.071736204576043,0.0376850605652759,0.0340511440107671,0.0065275908479138,0.0055181695827725,0.0010094212651413,0.001076716016150721,0.0010094212651413,6.729475100942126e-05,0.029004037685060498,0.0155450874831763,0.0134589502018842,0.0162853297442798,0.0080753701211305,0.0082099596231493,0.0031628532974427,0.0018842530282637,0.001278600269179,0.004172274562584,0.0024899057873485,0.0016823687752355,0.0081426648721399,0.0065275908479138,0.0016150740242261,0.0051144010767158994,0.0040376850605652,0.0010767160161507,0.0022880215343202,0.0009421265141318,0.0013458950201884,0.0030282637954238,0.0021534320323014,0.0008748317631224,0.0230820995962314,0.0135262449528936,0.0095558546433378,0.010901749663526101,0.005921938088829,0.0049798115746971,5221
2025-09-01,2025,9,0.7302090408271074,0.2015696928533695,0.5286393479737378,0.0027167760923703,0.0017357180590144,0.0009810580333559,0.018941966644026798,0.0030186401026337,0.0159233265413931,0.00090559203079,0.0007546600256584,0.0001509320051316,0.0472417176062183,0.0256584408723869,0.0215832767338314,0.0104897743566522,0.0054335521847407,0.0050562221719115,0.0,0.0,0.0,0.0015847860538826001,0.0011319900384876,0.000452796015395,0.07614519658893659,0.037733001282922,0.0384121953060146,0.004829824164213899,0.0042260961436872,0.0006037280205267,0.0008301260282242,0.0008301260282242,0.0,0.040223379367594805,0.0226398007697532,0.0175835785978416,0.0133574824541543,0.0058863482001358,0.0074711342540185,0.0021885140744093002,0.0013583880461851,0.0008301260282242,0.0032450381103312,0.0020375820692777,0.0012074560410535,0.007093804241189199,0.0059618142027016,0.0011319900384876,0.0064146102180966,0.0051316881744773,0.0012829220436193,0.0024149120821069002,0.0008301260282242,0.0015847860538827,0.0027167760923703,0.0021130480718436,0.0006037280205267,0.0227907327748848,0.0144140064900762,0.0083767262848086,0.0154705305259979,0.0095841823258621,0.0058863482001358,4600
2025-10-01,2025,10,0.7462537462537462,0.2194947909233623,0.5267589553303839,0.0023547880690737,0.001213072641644,0.0011417154274297,0.0210503781932352,0.0058512915655772,0.015199086627658,0.0015698587127157,0.0010703582132153,0.0004995004995004,0.0568003425146281,0.0374625374625374,0.0193378050520907,0.0102754388468674,0.0066362209219352,0.0036392179249322,0.0004995004995004,0.0004995004995004,0.0,0.0003567860710717,0.0003567860710717,0.0,0.024546881689738703,0.0085628657057228,0.0159840159840159,0.0103467960610816,0.0093477950620807,0.0009990009990009,0.0021407164264307,0.0021407164264307,0.0,0.0358926787498215,0.0194091622663051,0.0164835164835164,0.0176252319109461,0.0088482945625802,0.0087769373483659,0.002426145283288,0.0015698587127158,0.0008562865705722,0.0040673612102182,0.0027115741401455,0.0013557870700727,0.0087055801341515,0.0076352219209362,0.0010703582132153,0.0067075781361495,0.0056372199229342,0.0010703582132153,0.0042100756386470005,0.0019266447837876,0.0022834308548594,0.0065648637077207,0.0057085771371485,0.0008562865705722,0.0279720279720279,0.019195090623662,0.0087769373483659,0.017268445839874302,0.0120593692022263,0.005209076637648,5219
2025-11-01,2025,11,0.757557925707981,0.2116219198234645,0.5459360058845164,0.0030893710923132,0.0022066936373666,0.0008826774549466,0.0203751379183523,0.0066936373666789,0.0136815005516734,0.0009562339095255,0.00066200809121,0.0002942258183155,0.043324751746965706,0.0264803236484001,0.0168444280985656,0.013093048915042201,0.00926811327694,0.0038249356381022,0.0004413387274733,0.0004413387274733,0.0,0.0010297903641043,0.0008091210003677,0.0002206693637366,0.0220669363736667,0.0068407502758367,0.01522618609783,0.0107392423685177,0.0098565649135711,0.0008826774549466,0.0017653549098933,0.0017653549098933,0.0,0.037146009562339,0.0218462670099301,0.0152997425524089,0.0300110334681867,0.0189775652813534,0.0110334681868333,0.0029422581831555,0.0018389113644722,0.0011033468186833,0.0050018389113644,0.0031629275468922,0.0018389113644722,0.007355645457888801,0.0058109599117322,0.0015446855461566,0.005884516366311,0.0050753953659433,0.0008091210003677,0.0023538065465243,0.0008091210003677,0.0015446855461566,0.0044133872747332,0.0035307098197866,0.0008826774549466,0.02383229128356,0.0173593232806178,0.0064729680029422,0.0164766458256711,0.0108127988230967,0.0056638470025744,4881
2025-12-01,2025,12,0.7750190985485104,0.2020626432391138,0.5729564553093965,0.0038197097020626,0.0019098548510313,0.0019098548510313,0.0202444614209319,0.0022918258212375,0.0179526355996944,0.0011459129106187,0.0011459129106187,0.0,0.0271199388846447,0.0179526355996944,0.0091673032849503,0.0175706646294881,0.0126050420168067,0.0049656226126814,0.0007639419404125,0.0007639419404125,0.0,0.0022918258212375,0.001527883880825,0.0007639419404125,0.0164247517188692,0.0045836516424751,0.0118411000763941,0.0061115355233002,0.0061115355233002,0.0,0.0026737967914436996,0.0022918258212375,0.0003819709702062,0.0450725744843391,0.0229182582123758,0.0221543162719633,0.0164247517188692,0.008785332314744,0.0076394194041252,0.0015278838808249,0.0011459129106187,0.0003819709702062,0.00305576776165,0.001527883880825,0.001527883880825,0.0110771581359816,0.0068754774637127,0.0042016806722689,0.0034377387318562996,0.0026737967914438,0.0007639419404125,0.0022918258212375,0.0007639419404125,0.001527883880825,0.0076394194041252,0.007257448433919,0.0003819709702062,0.0301757066462948,0.0164247517188693,0.0137509549274255,0.0175706646294881,0.0103132161955691,0.007257448433919,850
2026-01-01,2026,1,,,,,,,,,,,,,,,,,,,,,,,,,,,,,,,,,,,,,,,,,,,,,,,,,,,,,,,,,,,,,,,,0
