date,year,month,-999Norm,cr_-999Norm,nr_-999Norm,activismNorm,cr_activismNorm,nr_activismNorm,arrestNorm,cr_arrestNorm,nr_arrestNorm,censorNorm,cr_censorNorm,nr_censorNorm,cooperateNorm,cr_cooperateNorm,nr_cooperateNorm,corruptionNorm,cr_corruptionNorm,nr_corruptionNorm,coupNorm,cr_coupNorm,nr_coupNorm,defamationcaseNorm,cr_defamationcaseNorm,nr_defamationcaseNorm,disasterNorm,cr_disasterNorm,nr_disasterNorm,electionactivityNorm,cr_electionactivityNorm,nr_electionactivityNorm,electionirregularitiesNorm,cr_electionirregularitiesNorm,nr_electionirregularitiesNorm,legalactionNorm,cr_legalactionNorm,nr_legalactionNorm,legalchangeNorm,cr_legalchangeNorm,nr_legalchangeNorm,martiallawNorm,cr_martiallawNorm,nr_martiallawNorm,mobilizesecurityNorm,cr_mobilizesecurityNorm,nr_mobilizesecurityNorm,protestNorm,cr_protestNorm,nr_protestNorm,purgeNorm,cr_purgeNorm,nr_purgeNorm,raidNorm,cr_raidNorm,nr_raidNorm,threatenNorm,cr_threatenNorm,nr_threatenNorm,violencelethalNorm,cr_violencelethalNorm,nr_violencelethalNorm,violencenonlethalNorm,cr_violencenonlethalNorm,nr_violencenonlethalNorm,total_articles
2012-01-01,2012,1,0.6969696969696969,0.1515151515151515,0.5454545454545454,0.0,0.0,0.0,0.0101010101010101,0.0,0.0101010101010101,0.0,0.0,0.0,0.0101010101010101,0.0101010101010101,0.0,0.0101010101010101,0.0101010101010101,0.0,0.0,0.0,0.0,0.0,0.0,0.0,0.1616161616161616,0.1313131313131313,0.0303030303030303,0.0101010101010101,0.0101010101010101,0.0,0.0,0.0,0.0,0.0707070707070707,0.0101010101010101,0.0606060606060606,0.0,0.0,0.0,0.0,0.0,0.0,0.0,0.0,0.0,0.0101010101010101,0.0101010101010101,0.0,0.0101010101010101,0.0101010101010101,0.0,0.0,0.0,0.0,0.0,0.0,0.0,0.0,0.0,0.0,0.0101010101010101,0.0101010101010101,0.0,34
2012-02-01,2012,2,0.707070707070707,0.2828282828282828,0.4242424242424242,0.0303030303030303,0.0202020202020202,0.0101010101010101,0.0808080808080808,0.0707070707070707,0.0101010101010101,0.0,0.0,0.0,0.0101010101010101,0.0,0.0101010101010101,0.0101010101010101,0.0101010101010101,0.0,0.0,0.0,0.0,0.0,0.0,0.0,0.0909090909090909,0.0808080808080808,0.0101010101010101,0.0,0.0,0.0,0.0,0.0,0.0,0.0202020202020202,0.0202020202020202,0.0,0.0,0.0,0.0,0.0,0.0,0.0,0.0,0.0,0.0,0.0303030303030303,0.0303030303030303,0.0,0.0101010101010101,0.0101010101010101,0.0,0.0,0.0,0.0,0.0,0.0,0.0,0.0,0.0,0.0,0.0202020202020202,0.0202020202020202,0.0,53
2012-03-01,2012,3,0.8,0.3333333333333333,0.4666666666666667,0.0,0.0,0.0,0.0333333333333333,0.0333333333333333,0.0,0.0,0.0,0.0,0.0333333333333333,0.0333333333333333,0.0,0.0083333333333333,0.0083333333333333,0.0,0.0,0.0,0.0,0.0,0.0,0.0,0.0416666666666666,0.0166666666666666,0.025,0.0,0.0,0.0,0.0,0.0,0.0,0.0166666666666666,0.0083333333333333,0.0083333333333333,0.0083333333333333,0.0083333333333333,0.0,0.0,0.0,0.0,0.0,0.0,0.0,0.0333333333333333,0.025,0.0083333333333333,0.0,0.0,0.0,0.0083333333333333,0.0083333333333333,0.0,0.0,0.0,0.0,0.025,0.025,0.0,0.0,0.0,0.0,59
2012-04-01,2012,4,0.75,0.2916666666666667,0.4583333333333333,0.0,0.0,0.0,0.0,0.0,0.0,0.0,0.0,0.0,0.0364583333333333,0.0208333333333333,0.015625,0.0052083333333333,0.0052083333333333,0.0,0.0,0.0,0.0,0.0,0.0,0.0,0.0468749999999999,0.0364583333333333,0.0104166666666666,0.0052083333333333,0.0052083333333333,0.0,0.0,0.0,0.0,0.0364583333333332,0.0260416666666666,0.0104166666666666,0.0104166666666666,0.0104166666666666,0.0,0.0,0.0,0.0,0.0208333333333333,0.0208333333333333,0.0,0.0,0.0,0.0,0.0,0.0,0.0,0.0,0.0,0.0,0.0,0.0,0.0,0.026041666666666602,0.0208333333333333,0.0052083333333333,0.0677083333333333,0.0677083333333333,0.0,96
2012-05-01,2012,5,0.7487179487179486,0.2666666666666666,0.482051282051282,0.0,0.0,0.0,0.0153846153846153,0.0153846153846153,0.0,0.0,0.0,0.0,0.0205128205128204,0.0153846153846153,0.0051282051282051,0.0051282051282051,0.0,0.0051282051282051,0.0,0.0,0.0,0.0,0.0,0.0,0.0666666666666666,0.0461538461538461,0.0205128205128205,0.0,0.0,0.0,0.0,0.0,0.0,0.0102564102564102,0.0102564102564102,0.0,0.0153846153846153,0.0153846153846153,0.0,0.0205128205128205,0.0205128205128205,0.0,0.0051282051282051,0.0051282051282051,0.0,0.0358974358974358,0.0358974358974358,0.0,0.0205128205128205,0.0205128205128205,0.0,0.0,0.0,0.0,0.0,0.0,0.0,0.015384615384615299,0.0102564102564102,0.0051282051282051,0.0153846153846153,0.0153846153846153,0.0,93
2012-06-01,2012,6,0.75,0.375,0.375,0.0,0.0,0.0,0.00625,0.00625,0.0,0.0,0.0,0.0,0.0375,0.0375,0.0,0.018750000000000003,0.0125,0.00625,0.0,0.0,0.0,0.0,0.0,0.0,0.0375,0.01875,0.01875,0.0125,0.0125,0.0,0.0,0.0,0.0,0.05625,0.025,0.03125,0.0,0.0,0.0,0.0,0.0,0.0,0.0,0.0,0.0,0.0375,0.0375,0.0,0.00625,0.0,0.00625,0.0,0.0,0.0,0.0125,0.00625,0.00625,0.0125,0.0125,0.0,0.01875,0.01875,0.0,89
2012-07-01,2012,7,0.740625,0.365625,0.375,0.003125,0.003125,0.0,0.003125,0.0,0.003125,0.0,0.0,0.0,0.01875,0.015625,0.003125,0.009375,0.009375,0.0,0.0,0.0,0.0,0.0,0.0,0.0,0.034375,0.021875,0.0125,0.00625,0.00625,0.0,0.003125,0.003125,0.0,0.028124999999999997,0.021875,0.00625,0.0125,0.009375,0.003125,0.015625,0.015625,0.0,0.0,0.0,0.0,0.05,0.05,0.0,0.021875,0.021875,0.0,0.0,0.0,0.0,0.00625,0.00625,0.0,0.040625,0.03125,0.009375,0.009375,0.009375,0.0,188
2012-08-01,2012,8,0.7669902912621358,0.3462783171521035,0.4207119741100323,0.0032362459546925,0.0032362459546925,0.0,0.0097087378640776,0.0,0.0097087378640776,0.0,0.0,0.0,0.0129449838187702,0.0129449838187702,0.0,0.0129449838187702,0.0129449838187702,0.0,0.0,0.0,0.0,0.0,0.0,0.0,0.0291262135922329,0.0194174757281553,0.0097087378640776,0.0032362459546925,0.0032362459546925,0.0,0.0,0.0,0.0,0.0226537216828478,0.0194174757281553,0.0032362459546925,0.0388349514563106,0.0194174757281553,0.0194174757281553,0.0129449838187702,0.0129449838187702,0.0,0.0,0.0,0.0,0.0291262135922329,0.0226537216828478,0.0064724919093851,0.0097087378640776,0.0097087378640776,0.0,0.0032362459546925,0.0,0.0032362459546925,0.0,0.0,0.0,0.0226537216828478,0.0194174757281553,0.0032362459546925,0.0258899676375404,0.0194174757281553,0.0064724919093851,158
2012-09-01,2012,9,0.786231884057971,0.3985507246376811,0.3876811594202898,0.0144927536231884,0.0144927536231884,0.0,0.0072463768115942,0.0036231884057971,0.0036231884057971,0.0,0.0,0.0,0.0072463768115942,0.0036231884057971,0.0036231884057971,0.0036231884057971,0.0036231884057971,0.0,0.0036231884057971,0.0036231884057971,0.0,0.0,0.0,0.0,0.036231884057971,0.0217391304347826,0.0144927536231884,0.0072463768115942,0.0036231884057971,0.0036231884057971,0.0,0.0,0.0,0.0108695652173913,0.0072463768115942,0.0036231884057971,0.0144927536231884,0.0144927536231884,0.0,0.0072463768115942,0.0072463768115942,0.0,0.0,0.0,0.0,0.0398550724637681,0.0289855072463768,0.0108695652173913,0.0144927536231884,0.0072463768115942,0.0072463768115942,0.0,0.0,0.0,0.0,0.0,0.0,0.0289855072463768,0.0217391304347826,0.0072463768115942,0.0181159420289855,0.0144927536231884,0.0036231884057971,153
2012-10-01,2012,10,0.7227138643067845,0.3687315634218289,0.3539823008849557,0.0,0.0,0.0,0.0088495575221238,0.0029498525073746,0.0058997050147492,0.0,0.0,0.0,0.0176991150442477,0.0147492625368731,0.0029498525073746,0.0176991150442477,0.0147492625368731,0.0029498525073746,0.0,0.0,0.0,0.0,0.0,0.0,0.0294985250737462,0.023598820058997,0.0058997050147492,0.0147492625368731,0.0117994100294985,0.0029498525073746,0.0,0.0,0.0,0.035398230088495505,0.0206489675516224,0.0147492625368731,0.023598820058997,0.0206489675516224,0.0029498525073746,0.0088495575221238,0.0088495575221238,0.0,0.0029498525073746,0.0,0.0029498525073746,0.047197640117994,0.0353982300884955,0.0117994100294985,0.0117994100294985,0.0117994100294985,0.0,0.0,0.0,0.0,0.0029498525073746,0.0029498525073746,0.0,0.0324483775811209,0.0294985250737463,0.0029498525073746,0.038348082595870095,0.0294985250737463,0.0088495575221238,198
2012-11-01,2012,11,0.7824074074074072,0.412037037037037,0.3703703703703703,0.0046296296296296,0.0046296296296296,0.0,0.0046296296296296,0.0046296296296296,0.0,0.0,0.0,0.0,0.037037037037037,0.0324074074074074,0.0046296296296296,0.0231481481481481,0.0185185185185185,0.0046296296296296,0.0,0.0,0.0,0.0,0.0,0.0,0.0416666666666666,0.0092592592592592,0.0324074074074074,0.037037037037037,0.037037037037037,0.0,0.0,0.0,0.0,0.037037037037036896,0.0231481481481481,0.0138888888888888,0.0092592592592592,0.0046296296296296,0.0046296296296296,0.0,0.0,0.0,0.0092592592592592,0.0046296296296296,0.0046296296296296,0.0046296296296296,0.0,0.0046296296296296,0.0092592592592592,0.0046296296296296,0.0046296296296296,0.0,0.0,0.0,0.0,0.0,0.0,0.0092592592592592,0.0092592592592592,0.0,0.0092592592592592,0.0,0.0092592592592592,119
2012-12-01,2012,12,0.8283261802575107,0.5236051502145923,0.3047210300429184,0.0085836909871244,0.0085836909871244,0.0,0.0085836909871244,0.0042918454935622,0.0042918454935622,0.0,0.0,0.0,0.0128755364806866,0.0128755364806866,0.0,0.0042918454935622,0.0042918454935622,0.0,0.0,0.0,0.0,0.0,0.0,0.0,0.0300429184549355,0.0085836909871244,0.0214592274678111,0.0,0.0,0.0,0.0,0.0,0.0,0.0343347639484978,0.0300429184549356,0.0042918454935622,0.0171673819742488,0.0128755364806866,0.0042918454935622,0.0042918454935622,0.0042918454935622,0.0,0.0,0.0,0.0,0.0171673819742488,0.0128755364806866,0.0042918454935622,0.0042918454935622,0.0,0.0042918454935622,0.0,0.0,0.0,0.0,0.0,0.0,0.021459227467811,0.0128755364806866,0.0085836909871244,0.0042918454935622,0.0,0.0042918454935622,148
2013-01-01,2013,1,0.8354773188896412,0.2498307379823967,0.5856465809072444,0.0010155721056193,0.0006770480704129,0.0003385240352064,0.007109004739336301,0.0027081922816519,0.0044008124576844,0.0,0.0,0.0,0.012186865267433799,0.0071090047393364,0.0050778605280974,0.0145565335138793,0.0104942450914014,0.0040622884224779,0.0013540961408258,0.0006770480704129,0.0006770480704129,0.0,0.0,0.0,0.0260663507109003,0.0118483412322274,0.0142180094786729,0.0152335815842923,0.0135409614082599,0.0016926201760324,0.0006770480704129,0.0006770480704129,0.0,0.0274204468517263,0.0172647257955314,0.0101557210561949,0.0176032498307378,0.0081245768449559,0.0094786729857819,0.0006770480704128,0.0003385240352064,0.0003385240352064,0.0030467163168582997,0.0016926201760324,0.0013540961408259,0.013540961408259798,0.0111712931618144,0.0023696682464454,0.0030467163168583,0.0027081922816519,0.0003385240352064,0.0006770480704129,0.0,0.0006770480704129,0.0010155721056194,0.0010155721056194,0.0,0.0088016249153688,0.0044008124576844,0.0044008124576844,0.013879485443466299,0.0064319566689234,0.0074475287745429,1020
2013-02-01,2013,2,0.8423932871214885,0.2385990514410799,0.6037942356804086,0.0003648303538854,0.0,0.0003648303538854,0.0087559284932505,0.0029186428310835,0.005837285662167,0.0003648303538854,0.0003648303538854,0.0,0.0109449106165632,0.0062021160160525,0.0047427946005107,0.0120394016782196,0.0094855892010215,0.0025538124771981,0.0003648303538854,0.0,0.0003648303538854,0.0,0.0,0.0,0.0295512586647208,0.0175118569865012,0.0120394016782196,0.0197008391098139,0.0178766873403867,0.0018241517694272,0.0010944910616563,0.0010944910616563,0.0,0.0237139730025537,0.0149580445093031,0.0087559284932506,0.014958044509303,0.0040131338927398,0.0109449106165632,0.0029186428310835,0.0029186428310835,0.0,0.0007296607077708,0.0003648303538854,0.0003648303538854,0.0072966070777088,0.0054724553082816,0.0018241517694272,0.0040131338927398,0.0036483035388544,0.0003648303538854,0.0007296607077708,0.0,0.0007296607077708,0.0010944910616562,0.0007296607077708,0.0003648303538854,0.0109449106165632,0.0054724553082816,0.0054724553082816,0.008755928493250499,0.0054724553082816,0.0032834731849689,916
2013-03-01,2013,3,0.8376760563380281,0.2961267605633803,0.5415492957746478,0.0003521126760563,0.0003521126760563,0.0,0.0091549295774647,0.0038732394366197,0.005281690140845,0.0007042253521126,0.0007042253521126,0.0,0.008450704225352,0.0045774647887323,0.0038732394366197,0.008450704225352,0.007394366197183,0.001056338028169,0.0007042253521126,0.0007042253521126,0.0,0.0003521126760563,0.0003521126760563,0.0,0.0190140845070421,0.0070422535211267,0.0119718309859154,0.0390845070422535,0.0380281690140845,0.001056338028169,0.0021126760563379,0.0017605633802816,0.0003521126760563,0.0239436619718309,0.0158450704225352,0.0080985915492957,0.0151408450704224,0.0077464788732394,0.007394366197183,0.001056338028169,0.001056338028169,0.0,0.0042253521126759,0.0024647887323943,0.0017605633802816,0.0059859154929576,0.005281690140845,0.0007042253521126,0.0035211267605632997,0.003169014084507,0.0003521126760563,0.0007042253521126,0.0003521126760563,0.0003521126760563,0.0035211267605633,0.0028169014084507,0.0007042253521126,0.0088028169014084,0.0049295774647887,0.0038732394366197,0.0088028169014083,0.0035211267605633,0.005281690140845,1148
2013-04-01,2013,4,0.8394637332416637,0.2770711584737023,0.5623925747679615,0.0013750429700928,0.0010312822275696,0.0003437607425232,0.0089377793056032,0.005156411137848,0.0037813681677552,0.0006875214850464,0.0006875214850464,0.0,0.0127191474733585,0.0089377793056033,0.0037813681677552,0.0123753867308353,0.0103128222756961,0.0020625644551392,0.0010312822275696,0.0010312822275696,0.0,0.0,0.0,0.0,0.020281883808869,0.0092815400481265,0.0110003437607425,0.0158129941560673,0.0158129941560673,0.0,0.0024063251976624,0.0024063251976624,0.0,0.027157098659333,0.022000687521485,0.005156411137848,0.0151254726710208,0.0075627363355104,0.0075627363355104,0.0006875214850464,0.0006875214850464,0.0,0.0017188037126160001,0.0013750429700928,0.0003437607425232,0.0065314541079408,0.0055001718803712,0.0010312822275696,0.0065314541079408,0.0061876933654176,0.0003437607425232,0.0010312822275696,0.0003437607425232,0.0006875214850464,0.0037813681677552,0.0030938466827088,0.0006875214850464,0.010312822275696,0.0061876933654176,0.0041251289102784,0.012031625988311999,0.0061876933654176,0.0058439326228944,1126
2013-05-01,2013,5,0.8189180434078394,0.2429543245869776,0.5759637188208617,0.0006478781988986,0.0003239390994493,0.0003239390994493,0.0068027210884353,0.0016196954972465,0.0051830255911888,0.0009718172983479,0.0009718172983479,0.0,0.0139293812763199,0.0080984774862325,0.0058309037900874,0.0239714933592484,0.0207321023647554,0.003239390994493,0.0006478781988986,0.0003239390994493,0.0003239390994493,0.0,0.0,0.0,0.0119857466796241,0.0045351473922902,0.0074505992873339,0.0084224165856818,0.0080984774862325,0.0003239390994493,0.0003239390994493,0.0003239390994493,0.0,0.0379008746355685,0.0281827016520894,0.0097181729834791,0.0343375445416261,0.0119857466796242,0.0223517978620019,0.0006478781988986,0.0003239390994493,0.0003239390994493,0.0022675736961451,0.0019436345966958,0.0003239390994493,0.0090702947845804,0.0074505992873339,0.0016196954972465,0.0119857466796242,0.0110139293812763,0.0009718172983479,0.0003239390994493,0.0003239390994493,0.0,0.0016196954972465,0.0009718172983479,0.0006478781988986,0.012957563977972,0.0058309037900874,0.0071266601878846,0.012957563977972101,0.0093942338840298,0.0035633300939423,1095
2013-06-01,2013,6,0.8296059637912673,0.2655307064252751,0.5640752573659922,0.0017749378771742001,0.0014199503017394,0.0003549875754348,0.0078097266595668,0.0021299254526091,0.0056798012069577,0.0010649627263045,0.0007099751508697,0.0003549875754348,0.015974440894568502,0.0088746893858714,0.0070997515086971,0.015264465743698899,0.0127795527156549,0.002484913028044,0.0003549875754348,0.0,0.0003549875754348,0.0,0.0,0.0,0.0212992545260915,0.0095846645367412,0.0117145899893503,0.0127795527156548,0.0117145899893503,0.0010649627263045,0.0014199503017394,0.0014199503017394,0.0,0.0323038693645722,0.020234291799787,0.0120695775647852,0.0276890308839189,0.0159744408945686,0.0117145899893503,0.0014199503017394,0.0014199503017394,0.0,0.0010649627263045,0.0003549875754348,0.0007099751508697,0.0145544905928292,0.0138445154419595,0.0007099751508697,0.0024849130280438997,0.0021299254526091,0.0003549875754348,0.0021299254526091,0.0014199503017394,0.0007099751508697,0.0021299254526091,0.0021299254526091,0.0,0.007099751508697101,0.0042598509052183,0.0028399006034788,0.0078097266595668,0.004969826056088,0.0028399006034788,1055
2013-07-01,2013,7,0.8009478672985781,0.2265402843601895,0.5744075829383887,0.0006319115323854,0.0003159557661927,0.0003159557661927,0.0072669826224328,0.0041074249605055,0.0031595576619273,0.0003159557661927,0.0003159557661927,0.0,0.0085308056872036,0.0047393364928909,0.0037914691943127,0.0097946287519746,0.0091627172195892,0.0006319115323854,0.0028436018957345,0.0028436018957345,0.0,0.0,0.0,0.0,0.030015797788309498,0.0094786729857819,0.0205371248025276,0.027804107424960398,0.027172195892575,0.0006319115323854,0.0003159557661927,0.0003159557661927,0.0,0.0268562401263822,0.0192733017377567,0.0075829383886255,0.024644549763033097,0.0148499210110584,0.0097946287519747,0.0003159557661927,0.0003159557661927,0.0,0.0012638230647708,0.0009478672985781,0.0003159557661927,0.030647709320695,0.0233807266982622,0.0072669826224328,0.007582938388625501,0.0069510268562401,0.0006319115323854,0.002211690363349,0.0012638230647709,0.0009478672985781,0.002211690363349,0.0015797788309636,0.0006319115323854,0.0044233807266981,0.0018957345971563,0.0025276461295418,0.0107424960505528,0.0044233807266982,0.0063191153238546,1128
2013-08-01,2013,8,0.8029957668511885,0.2087267990882448,0.5942689677629437,0.0,0.0,0.0,0.0140019537609898,0.0039075219798111,0.0100944317811787,0.0003256268316509,0.0003256268316509,0.0,0.0214913708889612,0.0140019537609899,0.0074894171279713,0.0136763269293389,0.0110713122761315,0.0026050146532074,0.0003256268316509,0.0003256268316509,0.0,0.0,0.0,0.0,0.0247476392054704,0.0065125366330185,0.0182351025724519,0.0058612829697166,0.0055356561380657,0.0003256268316509,0.0003256268316509,0.0003256268316509,0.0,0.0397264734614131,0.0247476392054705,0.0149788342559426,0.0159557147508954,0.0061869098013676,0.0097688049495278,0.0013025073266037,0.0013025073266037,0.0,0.0026050146532073,0.0022793878215564,0.0003256268316509,0.0315858026701399,0.0188863562357538,0.0126994464343861,0.0052100293064148,0.0048844024747639,0.0003256268316509,0.0016281341582545,0.0006512536633018,0.0009768804949527,0.0016281341582545,0.0006512536633018,0.0009768804949527,0.013025073266037,0.0078150439596222,0.0052100293064148,0.010094431781178699,0.004233148811462,0.0058612829697167,974
2013-09-01,2013,9,0.8266986959505833,0.2230610844200412,0.6036376115305422,0.0006863417982154,0.0003431708991077,0.0003431708991077,0.0072065888812628005,0.0020590253946465,0.0051475634866163,0.0006863417982154,0.0003431708991077,0.0003431708991077,0.0175017158544955,0.0113246396705559,0.0061770761839396,0.0161290322580644,0.0147563486616334,0.001372683596431,0.0003431708991077,0.0003431708991077,0.0,0.0003431708991077,0.0003431708991077,0.0,0.0315717227179135,0.0216197666437886,0.0099519560741249,0.0065202470830473,0.0061770761839396,0.0003431708991077,0.0003431708991077,0.0003431708991077,0.0,0.0315717227179134,0.0205902539464653,0.0109814687714481,0.0133836650652023,0.005490734385724,0.0078929306794783,0.0017158544955387,0.001372683596431,0.0003431708991077,0.0006863417982155,0.0006863417982155,0.0,0.0144131777625257,0.0106382978723404,0.0037748798901853,0.0051475634866163,0.0037748798901853,0.001372683596431,0.0034317089910775,0.002745367192862,0.0006863417982155,0.002745367192862,0.0020590253946465,0.0006863417982155,0.0120109814687713,0.0065202470830473,0.005490734385724,0.010638297872340299,0.004118050789293,0.0065202470830473,962
2013-10-01,2013,10,0.83130081300813,0.2079945799457994,0.6233062330623306,0.0006775067750677,0.0006775067750677,0.0,0.0077913279132791,0.002710027100271,0.0050813008130081,0.0016937669376693,0.0010162601626016,0.0006775067750677,0.0165989159891598,0.0091463414634146,0.0074525745257452,0.0155826558265581,0.0125338753387533,0.0030487804878048,0.0003387533875338,0.0,0.0003387533875338,0.0003387533875338,0.0003387533875338,0.0,0.0220189701897018,0.010840108401084,0.0111788617886178,0.007113821138211299,0.0064363143631436,0.0006775067750677,0.0006775067750677,0.0006775067750677,0.0,0.0392953929539294,0.0267615176151761,0.0125338753387533,0.021341463414634,0.0098238482384823,0.0115176151761517,0.0013550135501355,0.0013550135501355,0.0,0.0006775067750676,0.0003387533875338,0.0003387533875338,0.012195121951219402,0.0091463414634146,0.0030487804878048,0.0074525745257452,0.0067750677506775,0.0006775067750677,0.0020325203252031,0.0016937669376693,0.0003387533875338,0.002710027100271,0.002710027100271,0.0,0.0084688346883468,0.0050813008130081,0.0033875338753387,0.0071138211382113,0.0044037940379403,0.002710027100271,923
2013-11-01,2013,11,0.8208904109589041,0.2373287671232876,0.5835616438356165,0.0013698630136985,0.0010273972602739,0.0003424657534246,0.0102739726027396,0.0017123287671232,0.0085616438356164,0.0003424657534246,0.0003424657534246,0.0,0.0130136986301369,0.0068493150684931,0.0061643835616438,0.0150684931506848,0.0123287671232876,0.0027397260273972,0.0013698630136985,0.0010273972602739,0.0003424657534246,0.0,0.0,0.0,0.0181506849315067,0.0106164383561643,0.0075342465753424,0.0315068493150684,0.0301369863013698,0.0013698630136986,0.0023972602739726,0.0023972602739726,0.0,0.026369863013698598,0.0167808219178082,0.0095890410958904,0.0195205479452054,0.009931506849315,0.0095890410958904,0.0003424657534246,0.0003424657534246,0.0,0.0027397260273972,0.0020547945205479,0.0006849315068493,0.007876712328767,0.0061643835616438,0.0017123287671232,0.0085616438356163,0.0075342465753424,0.0010273972602739,0.0010273972602739,0.0003424657534246,0.0006849315068493,0.0017123287671232,0.0013698630136986,0.0003424657534246,0.0102739726027397,0.0023972602739726,0.0078767123287671,0.0126712328767122,0.0065068493150684,0.0061643835616438,1026
2013-12-01,2013,12,0.8494094488188977,0.213254593175853,0.6361548556430446,0.0003280839895013,0.0003280839895013,0.0,0.0062335958005248,0.0013123359580052,0.0049212598425196,0.0,0.0,0.0,0.008530183727034,0.0065616797900262,0.0019685039370078,0.0111548556430446,0.0108267716535433,0.0003280839895013,0.0,0.0,0.0,0.0,0.0,0.0,0.0278871391076115,0.0065616797900262,0.0213254593175853,0.0104986876640419,0.0104986876640419,0.0,0.0003280839895013,0.0003280839895013,0.0,0.024606299212598298,0.0180446194225721,0.0065616797900262,0.0259186351706036,0.0091863517060367,0.0167322834645669,0.0,0.0,0.0,0.0016404199475065,0.0016404199475065,0.0,0.006233595800524801,0.0036089238845144,0.0026246719160104,0.0062335958005249005,0.0055774278215223,0.0006561679790026,0.0,0.0,0.0,0.0009842519685039001,0.0006561679790026,0.0003280839895013,0.010498687664041901,0.0049212598425196,0.0055774278215223,0.0124671916010497,0.0049212598425196,0.0075459317585301,892
2014-01-01,2014,1,0.8576218725818933,0.2367810162496776,0.6208408563322156,0.0012896569512508,0.0010317255610007,0.0002579313902501,0.0067062161465049,0.0020634511220015,0.0046427650245034,0.0005158627805003,0.0005158627805003,0.0,0.0123807067320091,0.0079958730977559,0.0043848336342532,0.0105751870002578,0.0090275986587567,0.0015475883415011,0.0,0.0,0.0,0.0002579313902501,0.0,0.0002579313902501,0.0185710600980138,0.0061903533660046,0.0123807067320092,0.0085117358782562,0.0079958730977559,0.0005158627805003,0.0007737941707505,0.0007737941707505,0.0,0.025535207634769002,0.0172814031467629,0.0082538044880061,0.020634511220015403,0.0110910497807583,0.0095434614392571,0.0002579313902501,0.0002579313902501,0.0,0.002837245292752,0.0018055197317513,0.0010317255610007,0.0079958730977559,0.0056744905855042,0.0023213825122517,0.0025793139025018,0.0023213825122517,0.0002579313902501,0.0002579313902501,0.0002579313902501,0.0,0.0018055197317512,0.0012896569512509,0.0005158627805003,0.014960020634511101,0.0061903533660046,0.0087696672685065,0.010059324219757401,0.004126902244003,0.0059324219757544,1228
2014-02-01,2014,2,0.832387975042541,0.2076006806579693,0.6247872943845717,0.0008508224617128999,0.0002836074872376,0.0005672149744753,0.0093590470788428,0.0019852524106636,0.0073737946681792,0.0005672149744753,0.0005672149744753,0.0,0.0164492342597844,0.0082246171298922,0.0082246171298922,0.0130459444129324,0.0085082246171298,0.0045377197958026,0.0002836074872376,0.0002836074872376,0.0,0.0002836074872376,0.0002836074872376,0.0,0.0224049914917753,0.0076574021554169,0.0147475893363584,0.015031196823596,0.0141803743618831,0.0008508224617129,0.0002836074872376,0.0002836074872376,0.0,0.0252410663641519,0.0158820192853091,0.0093590470788428,0.0121951219512194,0.0042541123085649,0.0079410096426545,0.0017016449234259,0.0011344299489506,0.0005672149744753,0.0011344299489506,0.0005672149744753,0.0005672149744753,0.0153148043108337,0.0121951219512195,0.0031196823596142,0.0079410096426545,0.0068065796937039,0.0011344299489506,0.0028360748723765,0.0017016449234259,0.0011344299489506,0.0028360748723766,0.0022688598979013,0.0005672149744753,0.0133295519001701,0.0065229722064662,0.0068065796937039,0.0113442994895064,0.0051049347702779,0.0062393647192285,1061
2014-03-01,2014,3,0.8461938165757339,0.2335671603013769,0.612626656274357,0.0005196154845414,0.0005196154845414,0.0,0.0103923096908287,0.0041569238763315,0.0062353858144972,0.0007794232268121,0.0007794232268121,0.0,0.0114315406599116,0.0059755780722265,0.0054559625876851,0.010132501948558,0.0070148090413094,0.0031176929072486,0.0010392309690828,0.0005196154845414,0.0005196154845414,0.0002598077422707,0.0002598077422707,0.0,0.020524811639386797,0.0145492335671603,0.0059755780722265,0.0114315406599116,0.0111717329176409,0.0002598077422707,0.0,0.0,0.0,0.0280592361652376,0.0155884645362431,0.0124707716289945,0.013250194855806599,0.0057157703299558,0.0075344245258508,0.0005196154845414,0.0005196154845414,0.0,0.0010392309690828,0.0007794232268121,0.0002598077422707,0.0148090413094309,0.010132501948558,0.0046765393608729,0.0033775006495193,0.0033775006495193,0.0,0.0012990387113535002,0.0010392309690828,0.0002598077422707,0.0028578851649777998,0.0023382696804364,0.0005196154845414,0.009093270979475,0.0038971161340607,0.0051961548454143,0.013769810340348,0.0062353858144972,0.0075344245258508,1253
2014-04-01,2014,4,0.8389923329682365,0.2149507119386637,0.6240416210295728,0.0008214676889374,0.0002738225629791,0.0005476451259583,0.014512595837897,0.0049288061336254,0.0095837897042716,0.0,0.0,0.0,0.0093099671412924,0.0041073384446878,0.0052026286966046,0.013143483023001,0.0098576122672508,0.0032858707557502,0.0008214676889374,0.0005476451259583,0.0002738225629791,0.0,0.0,0.0,0.0347754654983569,0.0210843373493975,0.0136911281489594,0.016703176341730398,0.0161555312157721,0.0005476451259583,0.0002738225629791,0.0002738225629791,0.0,0.0221796276013142,0.0142387732749178,0.0079408543263964,0.0139649507119385,0.0054764512595837,0.0084884994523548,0.0005476451259583,0.0,0.0005476451259583,0.0019167579408542,0.0013691128148959,0.0005476451259583,0.006571741511500499,0.004381161007667,0.0021905805038335,0.0016429353778751,0.0016429353778751,0.0,0.0013691128148958002,0.0008214676889375,0.0005476451259583,0.0013691128148958002,0.0005476451259583,0.0008214676889375,0.007393209200438,0.0038335158817086,0.0035596933187294,0.015334063526834599,0.0052026286966046,0.01013143483023,1119
2014-05-01,2014,5,0.837903882704317,0.1906054846592451,0.6472983980450719,0.0005430355688296,0.0002715177844148,0.0002715177844148,0.0176486559869671,0.0073309801792017,0.0103176758077654,0.0002715177844148,0.0002715177844148,0.0,0.0138474070051588,0.0051588379038827,0.0086885691012761,0.0157480314960629,0.0122183002986695,0.0035297311973934,0.0008145533532445,0.0002715177844148,0.0005430355688297,0.0002715177844148,0.0002715177844148,0.0,0.0127613358674992,0.0046158023350529,0.0081455335324463,0.015476513711648,0.0152049959272332,0.0002715177844148,0.0008145533532446,0.0008145533532446,0.0,0.031224545207711,0.0228074938908498,0.0084170513168612,0.0165625848493075,0.0067879446103719,0.0097746402389356,0.0002715177844148,0.0002715177844148,0.0,0.0013575889220743,0.0013575889220743,0.0,0.014933478142818202,0.0078740157480314,0.0070594623947868,0.001900624490904,0.0016291067064892,0.0002715177844148,0.0005430355688296,0.0002715177844148,0.0002715177844148,0.0010860711376594,0.0008145533532446,0.0002715177844148,0.0119467825142546,0.0070594623947868,0.0048873201194678,0.0124898180830843,0.0054303556882975,0.0070594623947868,1041
2014-06-01,2014,6,0.8070076292738062,0.1977959875671093,0.6092116417066968,0.0011302627860976999,0.0008476970895733,0.0002825656965244,0.016671376094942,0.007064142413111,0.009607233681831,0.0,0.0,0.0,0.0144108505227464,0.0059338796270132,0.0084769708957332,0.0243006499011019,0.0211924272393331,0.0031082226617688,0.0014128284826221001,0.0011302627860977,0.0002825656965244,0.0002825656965244,0.0002825656965244,0.0,0.0194970330601864,0.0076292738061599,0.0118677592540265,0.0172365074879909,0.0169539417914665,0.0002825656965244,0.0005651313930488,0.0005651313930488,0.0,0.0364509748516529,0.0240180842045775,0.0124328906470754,0.0240180842045775,0.0104549307714043,0.0135631534331732,0.0002825656965244,0.0002825656965244,0.0,0.0022605255721953998,0.0016953941791466,0.0005651313930488,0.0138457191296975,0.0079118395026843,0.0059338796270132,0.0059338796270132005,0.0056513139304888,0.0002825656965244,0.0008476970895731999,0.0002825656965244,0.0005651313930488,0.0011302627860976999,0.0008476970895733,0.0002825656965244,0.009042102288782099,0.0048036168409155,0.0042384854478666,0.011585193557502,0.0050861825374399,0.0064990110200621,1096
2014-07-01,2014,7,0.8269762299613045,0.222498618021006,0.6044776119402985,0.0008291873963515,0.0008291873963515,0.0,0.0124378109452735,0.0044223327805417,0.0080154781647318,0.0002763957987838,0.0002763957987838,0.0,0.014096185737976701,0.0074626865671641,0.0066334991708126,0.013543394140409,0.0118850193477059,0.0016583747927031,0.0002763957987838,0.0,0.0002763957987838,0.0,0.0,0.0,0.0187949143173023,0.005804311774461,0.0129906025428413,0.0268103924820342,0.0251520176893311,0.0016583747927031,0.0,0.0,0.0,0.0317855168601436,0.0223880597014925,0.0093974571586511,0.021282476506357,0.005804311774461,0.015478164731896,0.0002763957987838,0.0002763957987838,0.0,0.0022111663902708,0.0016583747927031,0.0005527915975677,0.0060807075732448,0.0016583747927031,0.0044223327805417,0.0049751243781094,0.0044223327805417,0.0005527915975677,0.0011055831951353,0.0008291873963515,0.0002763957987838,0.0022111663902708,0.0016583747927031,0.0005527915975677,0.011608623548922,0.0063571033720287,0.0052515201768933,0.012437810945273499,0.007739082365948,0.0046987285793255,1169
2014-08-01,2014,8,0.8310081600421163,0.2090023690444853,0.622005790997631,0.0007896814951302,0.0,0.0007896814951302,0.0126349039220847,0.0042116346406949,0.0084232692813898,0.0002632271650434,0.0002632271650434,0.0,0.0115819952619109,0.0071071334561726,0.0044748618057383,0.0097394051066069,0.0086864964464332,0.0010529086601737,0.0002632271650434,0.0002632271650434,0.0,0.0002632271650434,0.0002632271650434,0.0,0.0215846275335614,0.0081600421163464,0.013424585417215,0.0300078968149512,0.0279020794946038,0.0021058173203474,0.0026322716504343,0.0026322716504343,0.0,0.0281653066596471,0.0168465385627796,0.0113187680968675,0.0089497236114766,0.0031587259805211,0.0057909976309555,0.0005264543300868,0.0002632271650434,0.0002632271650434,0.001316135825217,0.0007896814951302,0.0005264543300868,0.0086864964464331,0.005527770465912,0.0031587259805211,0.0057909976309555,0.0057909976309555,0.0,0.0023690444853907,0.0007896814951302,0.0015793629902605,0.001316135825217,0.0007896814951302,0.0005264543300868,0.0089497236114766,0.0044748618057383,0.0044748618057383,0.015530402737562399,0.0060542247959989,0.0094761779415635,1173
2014-09-01,2014,9,0.8305785123966942,0.1947314049586777,0.6358471074380165,0.0002582644628099,0.0002582644628099,0.0,0.0144628099173553,0.0018078512396694,0.0126549586776859,0.0002582644628099,0.0002582644628099,0.0,0.013688016528925501,0.0069731404958677,0.0067148760330578,0.0116219008264462,0.0090392561983471,0.0025826446280991,0.0005165289256198,0.0,0.0005165289256198,0.0,0.0,0.0,0.016270661157024698,0.0080061983471074,0.0082644628099173,0.0273760330578512,0.0253099173553719,0.0020661157024793,0.0012913223140495,0.0012913223140495,0.0,0.028667355371900703,0.0188533057851239,0.0098140495867768,0.0100723140495867,0.0036157024793388,0.0064566115702479,0.0005165289256198,0.0005165289256198,0.0,0.002840909090909,0.0012913223140495,0.0015495867768595,0.009297520661157,0.006198347107438,0.003099173553719,0.0059400826446280005,0.0051652892561983,0.0007747933884297,0.0012913223140495,0.0002582644628099,0.0010330578512396,0.0010330578512396,0.0010330578512396,0.0,0.0111053719008263,0.0043904958677685,0.0067148760330578,0.0157541322314049,0.0077479338842975,0.0080061983471074,1128
2014-10-01,2014,10,0.8073194377120698,0.1946194861851672,0.6126999515269026,0.0007270964614638,0.0002423654871546,0.0004847309743092,0.0140571982549684,0.0063015026660203,0.0077556955889481,0.0007270964614638,0.0007270964614638,0.0,0.0130877363063499,0.0050896752302472,0.0079980610761027,0.0162384876393601,0.0142995637421231,0.001938923897237,0.0,0.0,0.0,0.0002423654871546,0.0002423654871546,0.0,0.024963645176926702,0.0089675230247212,0.0159961221522055,0.0382937469704313,0.0358700920988851,0.0024236548715462,0.0041202132816286,0.0041202132816286,0.0,0.022782355792535,0.0164808531265147,0.0063015026660203,0.0167232186136693,0.0067862336403296,0.0099369849733397,0.001211827435773,0.0007270964614638,0.0004847309743092,0.0014541929229277,0.0012118274357731,0.0002423654871546,0.0087251575375666,0.0075133301017935,0.0012118274357731,0.0016965584100824,0.0016965584100824,0.0,0.0002423654871546,0.0,0.0002423654871546,0.0016965584100823,0.0012118274357731,0.0004847309743092,0.0145419292292777,0.008482792050412,0.0060591371788657,0.0159961221522054,0.0087251575375666,0.0072709646146388,1302
2014-11-01,2014,11,0.8402150012215979,0.2018079648179819,0.638407036403616,0.0012215978499876998,0.0009772782799902,0.0002443195699975,0.0124602980698753,0.0061079892499389,0.0063523088199364,0.000488639139995,0.0002443195699975,0.0002443195699975,0.012704617639872899,0.0061079892499389,0.006596628389934,0.0151478133398484,0.0114830197898851,0.0036647935499633,0.0002443195699975,0.0002443195699975,0.0,0.0,0.0,0.0,0.0200342047397995,0.0075739066699242,0.0124602980698753,0.0124602980698753,0.0117273393598827,0.0007329587099926,0.0004886391399951,0.0004886391399951,0.0,0.025897874419741,0.0185682873198143,0.0073295870999267,0.0222330808697776,0.0073295870999267,0.0149034937698509,0.0004886391399951,0.0004886391399951,0.0,0.0024431956999754,0.0012215978499877,0.0012215978499877,0.007085267529929,0.0053750305399462,0.0017102369899828,0.0039091131199608,0.0029318348399706,0.0009772782799902,0.0007329587099926,0.0,0.0007329587099926,0.0014659174199852,0.0012215978499877,0.0002443195699975,0.0119716589298802,0.0058636696799413,0.0061079892499389,0.014659174199853301,0.0061079892499389,0.0085511849499144,1179
2014-12-01,2014,12,0.8416435826408125,0.2070637119113573,0.6345798707294552,0.0034626038781162003,0.0030009233610341,0.0004616805170821,0.011311172668513201,0.0046168051708217,0.0066943674976915,0.0013850415512464,0.0006925207756232,0.0006925207756232,0.0184672206832871,0.0120036934441366,0.0064635272391505,0.0166204986149583,0.0133887349953831,0.0032317636195752,0.0,0.0,0.0,0.0,0.0,0.0,0.0120036934441366,0.0041551246537396,0.007848568790397,0.0110803324099722,0.0108494921514312,0.000230840258541,0.0006925207756232,0.0006925207756232,0.0,0.0212373037857801,0.0138504155124653,0.0073868882733148,0.0180055401662049,0.0060018467220683,0.0120036934441366,0.000230840258541,0.000230840258541,0.0,0.0018467220683286,0.0011542012927054,0.0006925207756232,0.0152354570637118,0.0117728531855955,0.0034626038781163,0.0055401662049859995,0.005309325946445,0.000230840258541,0.0011542012927054,0.0011542012927054,0.0,0.0018467220683286,0.0016158818097876,0.000230840258541,0.0103878116343489,0.0046168051708217,0.0057710064635272,0.0110803324099722,0.005309325946445,0.0057710064635272,1301
2015-01-01,2015,1,0.8527755430410298,0.2038079914186109,0.6489675516224189,0.0013408420488066001,0.0010726736390453,0.0002681684097613,0.0117994100294985,0.0053633681952266,0.0064360418342719,0.0010726736390453,0.0010726736390453,0.0,0.0080450522928398,0.0037543577366586,0.0042906945561812,0.0115312416197371,0.0093858943416465,0.0021453472780906,0.0002681684097613,0.0,0.0002681684097613,0.0,0.0,0.0,0.017967283454009,0.0037543577366586,0.0142129257173504,0.007776883883078499,0.0075087154733172,0.0002681684097613,0.0005363368195226,0.0005363368195226,0.0,0.021989809600429,0.0139447573075891,0.0080450522928399,0.027621346205416897,0.0126039152587825,0.0150174309466344,0.0005363368195226,0.0002681684097613,0.0002681684097613,0.0024135156878519,0.0021453472780906,0.0002681684097613,0.0080450522928398,0.0075087154733172,0.0005363368195226,0.0024135156878518998,0.0018771788683293,0.0005363368195226,0.0021453472780905,0.0016090104585679,0.0005363368195226,0.0008045052292838999,0.0005363368195226,0.0002681684097613,0.0104585679806918,0.0064360418342719,0.0040225261464199,0.0160901045856797,0.0072405470635559,0.0088495575221238,1060
2015-02-01,2015,2,0.843013698630137,0.1895890410958904,0.6534246575342466,0.001917808219178,0.0016438356164383,0.0002739726027397,0.0120547945205478,0.0038356164383561,0.0082191780821917,0.0013698630136985,0.0008219178082191,0.0005479452054794,0.016986301369863,0.0095890410958904,0.0073972602739726,0.0186301369863012,0.0145205479452054,0.0041095890410958,0.0008219178082191,0.0002739726027397,0.0005479452054794,0.0,0.0,0.0,0.0178082191780821,0.0065753424657534,0.0112328767123287,0.004931506849315,0.0046575342465753,0.0002739726027397,0.0,0.0,0.0,0.0257534246575342,0.0150684931506849,0.0106849315068493,0.012876712328767,0.0057534246575342,0.0071232876712328,0.0013698630136985998,0.0010958904109589,0.0002739726027397,0.001917808219178,0.001917808219178,0.0,0.006849315068493,0.0052054794520547,0.0016438356164383,0.0076712328767122,0.0068493150684931,0.0008219178082191,0.0008219178082191,0.0005479452054794,0.0002739726027397,0.0030136986301368997,0.001917808219178,0.0010958904109589,0.0120547945205478,0.0052054794520547,0.0068493150684931,0.0180821917808218,0.0076712328767123,0.0104109589041095,1003
2015-03-01,2015,3,0.8544802867383511,0.1849462365591397,0.6695340501792114,0.0004778972520908,0.0002389486260454,0.0002389486260454,0.010513739545997599,0.0031063321385902,0.0074074074074074,0.0045400238948626,0.0045400238948626,0.0,0.0097968936678614,0.005973715651135,0.0038231780167264,0.0138590203106332,0.0109916367980884,0.0028673835125448,0.0004778972520908,0.0004778972520908,0.0,0.0,0.0,0.0,0.022939068100358402,0.0097968936678614,0.013142174432497,0.009796893667861399,0.0093189964157706,0.0004778972520908,0.0004778972520908,0.0004778972520908,0.0,0.0217443249701314,0.0162485065710872,0.0054958183990442,0.016965352449223398,0.0086021505376344,0.008363201911589,0.0014336917562724,0.0014336917562724,0.0,0.0019115890083631999,0.0014336917562724,0.0004778972520908,0.007168458781362,0.0062126642771804,0.0009557945041816,0.0052568697729988,0.0043010752688172,0.0009557945041816,0.0002389486260454,0.0,0.0002389486260454,0.0009557945041815999,0.0002389486260454,0.0007168458781362,0.0105137395459976,0.0040621266427718,0.0064516129032258,0.012186379928315401,0.0045400238948626,0.0076463560334528,1131
2015-04-01,2015,4,0.8347457627118643,0.2012711864406779,0.6334745762711864,0.0014124293785309,0.0009416195856873,0.0004708097928436,0.0127118644067796,0.0032956685499058,0.0094161958568738,0.0011770244821092,0.0011770244821092,0.0,0.014359698681732501,0.0068267419962335,0.007532956685499,0.016713747645951,0.0129472693032015,0.0037664783427495,0.0004708097928436,0.0,0.0004708097928436,0.0,0.0,0.0,0.025659133709981102,0.0131826741996233,0.0124764595103578,0.0108286252354048,0.0096516007532956,0.0011770244821092,0.0,0.0,0.0,0.0237758945386063,0.0148305084745762,0.0089453860640301,0.0167137476459509,0.0065913370998116,0.0101224105461393,0.0016478342749528,0.001412429378531,0.0002354048964218,0.0018832391713746,0.001412429378531,0.0004708097928436,0.0124764595103578,0.0103578154425612,0.0021186440677966,0.004237288135593101,0.0040018832391713,0.0002354048964218,0.0011770244821091,0.0002354048964218,0.0009416195856873,0.0018832391713747001,0.0011770244821092,0.0007062146892655,0.0087099811676082,0.0037664783427495,0.0049435028248587,0.0141242937853106,0.0082391713747645,0.0058851224105461,1251
2015-05-01,2015,5,0.8038358824957514,0.1937363437727604,0.610099538722991,0.001213886865744,0.0009711094925952,0.0002427773731488,0.0152949745083757,0.0070405438213158,0.0082544306870599,0.0002427773731488,0.0002427773731488,0.0,0.012867200776887501,0.0070405438213158,0.0058266569555717,0.018451080359310403,0.0150521971352269,0.0033988832240835,0.001213886865744,0.0009711094925952,0.0002427773731488,0.0004855547462976,0.0004855547462976,0.0,0.0262199563000727,0.0092255401796552,0.0169944161204175,0.0075260985676134,0.006797766448167,0.0007283321194464,0.0004855547462976,0.0004855547462976,0.0,0.028890507404709796,0.0194221898519058,0.009468317552804,0.0133527555231851,0.005341102209274,0.0080116533139111,0.0038844379703811003,0.0033988832240835,0.0004855547462976,0.0048555474629763,0.0031561058509346,0.0016994416120417,0.0199077445982033,0.0150521971352269,0.0048555474629764,0.0065549890750181,0.0063122117018693,0.0002427773731488,0.0007283321194464,0.0002427773731488,0.0004855547462976,0.0021849963583393,0.0014566642388929,0.0007283321194464,0.016266084000971,0.0099538722991017,0.0063122117018693,0.0216071862102451,0.0101966496722505,0.0114105365379946,1272
2015-06-01,2015,6,0.8425648702594809,0.1953592814371257,0.6472055888223552,0.0002495009980039,0.0002495009980039,0.0,0.0157185628742514,0.0067365269461077,0.0089820359281437,0.0002495009980039,0.0002495009980039,0.0,0.0067365269461076,0.0032435129740518,0.0034930139720558,0.0179640718562873,0.0142215568862275,0.0037425149700598,0.0004990019960078,0.0002495009980039,0.0002495009980039,0.0,0.0,0.0,0.018213572854291298,0.0052395209580838,0.0129740518962075,0.0127245508982035,0.0119760479041916,0.0007485029940119,0.0007485029940119,0.0007485029940119,0.0,0.0286926147704589,0.0192115768463073,0.0094810379241516,0.0184630738522953,0.0082335329341317,0.0102295409181636,0.0012475049900199,0.0012475049900199,0.0,0.0024950099800397996,0.0014970059880239,0.0009980039920159,0.0084830339321357,0.0062375249500998,0.0022455089820359,0.0019960079840319,0.0019960079840319,0.0,0.0004990019960078,0.0002495009980039,0.0002495009980039,0.0009980039920158,0.0007485029940119,0.0002495009980039,0.0119760479041915,0.0034930139720558,0.0084830339321357,0.0142215568862274,0.0064870259481037,0.0077345309381237,1124
2015-07-01,2015,7,0.8346341463414634,0.1968292682926829,0.6378048780487805,0.0009756097560974001,0.0007317073170731,0.0002439024390243,0.013170731707317,0.0041463414634146,0.0090243902439024,0.0012195121951218,0.0007317073170731,0.0004878048780487,0.010243902439024299,0.0056097560975609,0.0046341463414634,0.018536585365853602,0.0148780487804878,0.0036585365853658,0.0009756097560974001,0.0002439024390243,0.0007317073170731,0.0,0.0,0.0,0.0229268292682926,0.0090243902439024,0.0139024390243902,0.0173170731707316,0.0170731707317073,0.0002439024390243,0.0014634146341463,0.0014634146341463,0.0,0.026585365853658498,0.0165853658536585,0.01,0.015365853658536401,0.0051219512195121,0.0102439024390243,0.0021951219512195,0.0021951219512195,0.0,0.0012195121951218,0.0004878048780487,0.0007317073170731,0.0060975609756097,0.0046341463414634,0.0014634146341463,0.0039024390243901,0.0029268292682926,0.0009756097560975,0.0012195121951218,0.0009756097560975,0.0002439024390243,0.001951219512195,0.0009756097560975,0.0009756097560975,0.0112195121951218,0.0053658536585365,0.0058536585365853,0.0156097560975609,0.0065853658536585,0.0090243902439024,1178
2015-08-01,2015,8,0.841623650868137,0.194978883153449,0.6466447677146879,0.001407789770061,0.0011731581417175,0.0002346316283435,0.016424213984045,0.0044580009385265,0.0119662130455185,0.0002346316283435,0.0002346316283435,0.0,0.007508212106992,0.0035194744251525,0.0039887376818395,0.015016424213984001,0.0119662130455185,0.0030502111684655,0.000938526513374,0.0,0.000938526513374,0.0,0.0,0.0,0.0185358986391365,0.007038948850305,0.0114969497888315,0.008212106992022501,0.0072735804786485,0.000938526513374,0.0002346316283435,0.0002346316283435,0.0,0.025340215861098,0.016893477240732,0.008446738620366,0.017128108869075502,0.006100422336931,0.0110276865321445,0.0021116846550915,0.001877053026748,0.0002346316283435,0.002346316283435,0.0021116846550915,0.0002346316283435,0.0096198967620835,0.008446738620366,0.0011731581417175,0.001877053026748,0.0016424213984045,0.0002346316283435,0.000469263256687,0.000469263256687,0.0,0.0021116846550915,0.0011731581417175,0.000938526513374,0.0096198967620835,0.005631159080244,0.0039887376818395,0.021586109807602,0.006100422336931,0.015485687470671,1176
2015-09-01,2015,9,0.858590511285122,0.1925380009212344,0.6660525103638876,0.0009212344541685,0.0009212344541685,0.0,0.0115154306771072,0.0034546292031321,0.0080608014739751,0.0006909258406263,0.0002303086135421,0.0004606172270842,0.0122063565177337,0.0080608014739751,0.0041455550437586,0.012666973744818,0.0096729617687701,0.0029940119760479,0.0002303086135421,0.0002303086135421,0.0,0.0,0.0,0.0,0.0207277752187931,0.0128972823583602,0.0078304928604329,0.008060801473975,0.0078304928604329,0.0002303086135421,0.0,0.0,0.0,0.0260248733302624,0.0181943804698295,0.0078304928604329,0.0145094426531551,0.0062183325656379,0.0082911100875172,0.0029940119760478,0.0023030861354214,0.0006909258406264,0.0011515430677106,0.0009212344541685,0.0002303086135421,0.0089820359281436,0.0078304928604329,0.0011515430677107,0.0025333947489635,0.0023030861354214,0.0002303086135421,0.0009212344541685,0.0009212344541685,0.0,0.0006909258406263,0.0004606172270842,0.0002303086135421,0.00967296176877,0.0062183325656379,0.0034546292031321,0.0119760479041915,0.0046061722708429,0.0073698756333486,1213
2015-10-01,2015,10,0.8358373840035351,0.2339814405656208,0.6018559434379143,0.0006628369421122,0.0006628369421122,0.0,0.012372956252761701,0.0041979673000441,0.0081749889527176,0.0006628369421122,0.0006628369421122,0.0,0.015024304021210699,0.0092797171895713,0.0057445868316394,0.0163499779054352,0.0128148475475033,0.0035351303579319,0.0011047282368536,0.0004418912947414,0.0006628369421122,0.0002209456473707,0.0,0.0002209456473707,0.0185594343791426,0.0088378258948298,0.0097216084843128,0.0220945647370745,0.0212107821475916,0.0008837825894829,0.0,0.0,0.0,0.0218736190897038,0.0143614670790985,0.0075121520106053,0.0141405214317277,0.0055236411842686,0.0086168802474591,0.0019885108263367,0.0019885108263367,0.0,0.0011047282368536,0.0008837825894829,0.0002209456473707,0.006849315068493,0.0050817498895271,0.0017675651789659,0.0075121520106053,0.0068493150684931,0.0006628369421122,0.0017675651789658998,0.0011047282368537,0.0006628369421122,0.0015466195315951,0.0011047282368537,0.0004418912947414,0.0088378258948297,0.0046398585947856,0.0041979673000441,0.017675651789659602,0.0079540433053468,0.0097216084843128,1514
2015-11-01,2015,11,0.8153988868274582,0.2163729128014842,0.599025974025974,0.0011595547309832,0.0006957328385899,0.0004638218923933,0.015306122448979501,0.0032467532467532,0.0120593692022263,0.0011595547309832,0.0009276437847866,0.0002319109461966,0.0104359925788496,0.0053339517625231,0.0051020408163265,0.012291280148423,0.0099721706864564,0.0023191094619666,0.0006957328385899,0.0004638218923933,0.0002319109461966,0.0,0.0,0.0,0.021799628942486,0.0085807050092764,0.0132189239332096,0.0229591836734693,0.0222634508348794,0.0006957328385899,0.0011595547309832,0.0009276437847866,0.0002319109461966,0.0208719851576993,0.0120593692022263,0.008812615955473,0.019712430426716,0.0083487940630797,0.0113636363636363,0.0011595547309833,0.0011595547309833,0.0,0.0018552875695732,0.0016233766233766,0.0002319109461966,0.012059369202226299,0.0099721706864564,0.0020871985157699,0.0053339517625231,0.0041743970315398,0.0011595547309833,0.0013914656771799,0.0009276437847866,0.0004638218923933,0.0027829313543599,0.0011595547309833,0.0016233766233766,0.0146103896103895,0.0069573283858998,0.0076530612244897,0.019016697588126,0.010204081632653,0.008812615955473,1380
2015-12-01,2015,12,0.8054366977095393,0.2275358671029448,0.5779008306065945,0.0015101938082053,0.0010067958721369,0.0005033979360684,0.0208910143468411,0.00654417316889,0.0143468411779511,0.0005033979360684,0.0002516989680342,0.0002516989680342,0.010823055625471801,0.0062924742008557,0.0045305814246161,0.013843443241882601,0.0100679587213692,0.0037754845205134,0.0005033979360684,0.0002516989680342,0.0002516989680342,0.0007550969041026,0.0007550969041026,0.0,0.0211427133148753,0.0070475711049584,0.0140951422099169,0.0309589730682103,0.0297004782280392,0.0012584948401711,0.0020135917442737,0.0015101938082053,0.0005033979360684,0.0266800906116284,0.0176189277623961,0.0090611628492323,0.0193808205386357,0.0093128618172665,0.0100679587213692,0.0042788824565818005,0.0040271834885476,0.0002516989680342,0.0017618927762395,0.0010067958721369,0.0007550969041026,0.0042788824565818005,0.0035237855524792,0.0007550969041026,0.0040271834885476,0.003272086584445,0.0007550969041026,0.0012584948401711,0.0002516989680342,0.0010067958721369,0.0015101938082053,0.0015101938082053,0.0,0.0118298514976087,0.0062924742008557,0.005537377296753,0.020135917442738398,0.0083060659451296,0.0118298514976088,1349
2016-01-01,2016,1,0.7983673469387755,0.241360544217687,0.5570068027210885,0.0016326530612243999,0.001360544217687,0.0002721088435374,0.01578231292517,0.004625850340136,0.011156462585034,0.0002721088435374,0.0,0.0002721088435374,0.008163265306122401,0.0038095238095238,0.0043537414965986,0.016326530612244802,0.0146938775510204,0.0016326530612244,0.0005442176870748,0.0,0.0005442176870748,0.0002721088435374,0.0002721088435374,0.0,0.0302040816326529,0.0103401360544217,0.0198639455782312,0.0372789115646257,0.0359183673469387,0.001360544217687,0.0019047619047619,0.0019047619047619,0.0,0.028299319727891098,0.0165986394557823,0.0117006802721088,0.0146938775510203,0.0089795918367346,0.0057142857142857,0.0027210884353741,0.0024489795918367,0.0002721088435374,0.0008163265306122,0.0002721088435374,0.0005442176870748,0.0048979591836733,0.0032653061224489,0.0016326530612244,0.0038095238095237002,0.0027210884353741,0.0010884353741496,0.0008163265306122,0.0,0.0008163265306122,0.0035374149659863,0.0029931972789115,0.0005442176870748,0.012517006802721,0.0076190476190476,0.0048979591836734,0.021224489795918303,0.0095238095238095,0.0117006802721088,1334
2016-02-01,2016,2,0.823810864058542,0.2386715451730931,0.5851393188854489,0.0,0.0,0.0,0.0132282578103011,0.0047846889952153,0.0084435688150858,0.0002814522938361,0.0002814522938361,0.0,0.0078806642274134,0.0050661412890515,0.0028145229383619,0.0140726146918096,0.0115395440472839,0.0025330706445257,0.0,0.0,0.0,0.0,0.0,0.0,0.0256121587390937,0.0095693779904306,0.0160427807486631,0.041654939487756705,0.0399662257247396,0.0016887137630171,0.0005629045876723,0.0005629045876723,0.0,0.0216718266253869,0.0109766394596115,0.0106951871657754,0.0092879256965943,0.0056290458767238,0.0036588798198705,0.0025330706445256,0.0022516183506895,0.0002814522938361,0.0022516183506893998,0.0014072614691809,0.0008443568815085,0.0090064734027581,0.0075992119335772,0.0014072614691809,0.0025330706445256,0.0019701660568533,0.0005629045876723,0.0005629045876722,0.0002814522938361,0.0002814522938361,0.0030959752321980004,0.0019701660568533,0.0011258091753447,0.0104137348719392,0.0050661412890515,0.0053475935828877,0.0168871376301716,0.0061919504643962,0.0106951871657754,1243
2016-03-01,2016,3,0.8048973143759872,0.232490784623486,0.5724065297525013,0.001053185887309,0.0007898894154818,0.0002632964718272,0.0155344918378092,0.0060558188520273,0.0094786729857819,0.0007898894154817,0.0005265929436545,0.0002632964718272,0.007372301211163701,0.0042127435492364,0.0031595576619273,0.0168509741969457,0.0139547130068457,0.0028962611901,0.0002632964718272,0.0002632964718272,0.0,0.0007898894154817,0.0005265929436545,0.0002632964718272,0.020010531858873,0.0065824117956819,0.0134281200631911,0.0439705107951553,0.0418641390205371,0.0021063717746182,0.0042127435492364,0.0042127435492364,0.0,0.026592943654555,0.0184307530279094,0.0081621906266456,0.0134281200631911,0.0068457082675092,0.0065824117956819,0.0015797788309636,0.0015797788309636,0.0,0.001053185887309,0.0007898894154818,0.0002632964718272,0.010005265929436501,0.0092153765139547,0.0007898894154818,0.0036861506055818,0.0031595576619273,0.0005265929436545,0.0007898894154817,0.0002632964718272,0.0005265929436545,0.0013164823591363,0.0007898894154818,0.0005265929436545,0.011058451816745501,0.0063191153238546,0.0047393364928909,0.0205371248025275,0.0086887835703001,0.0118483412322274,1366
2016-04-01,2016,4,0.7581587920116901,0.2398928397467121,0.5182659522649781,0.0014612761811982,0.0009741841207988,0.0004870920603994,0.0104724792985874,0.0031660983925962,0.0073063809059912,0.0004870920603994,0.0004870920603994,0.0,0.0112031173891864,0.0058451047247929,0.0053580126643935,0.0172917681441792,0.0131514856307842,0.004140282513395,0.0009741841207988,0.0004870920603994,0.0004870920603994,0.0004870920603994,0.0002435460301997,0.0002435460301997,0.027764247442766503,0.0155869459327812,0.0121773015099853,0.07720409157330721,0.0720896249391134,0.0051144666341938,0.0043838285435947,0.0043838285435947,0.0,0.0275207014125668,0.0187530443253774,0.0087676570871894,0.015099853872381799,0.0080370189965903,0.0070628348757915,0.0012177301509985,0.0009741841207988,0.0002435460301997,0.0021919142717973,0.0017048222113979,0.0004870920603994,0.012664393570384699,0.0097418412079883,0.0029225523623964,0.0041402825133950005,0.0038967364831953,0.0002435460301997,0.0004870920603994,0.0002435460301997,0.0002435460301997,0.0007306380905991,0.0004870920603994,0.0002435460301997,0.0092547491475888,0.0048709206039941,0.0043838285435947,0.0219191427179736,0.0094982951777886,0.012420847540185,1678
2016-05-01,2016,5,0.815028901734104,0.2283236994219653,0.5867052023121387,0.0007882291119285,0.0,0.0007882291119285,0.0181292695743562,0.0036784025223331,0.0144508670520231,0.001050972149238,0.0007882291119285,0.0002627430373095,0.011297950604308899,0.0057803468208092,0.0055176037834997,0.014976353126642,0.0131371518654755,0.0018392012611665,0.001050972149238,0.001050972149238,0.0,0.0002627430373095,0.0002627430373095,0.0,0.014976353126642,0.0036784025223331,0.0112979506043089,0.0304781923279032,0.0296899632159747,0.0007882291119285,0.0,0.0,0.0,0.027325275880189098,0.0178665265370467,0.0094587493431424,0.0136626379400945,0.0065685759327377,0.0070940620073568,0.0034156594850236,0.0028901734104046,0.000525486074619,0.0026274303730950003,0.0018392012611665,0.0007882291119285,0.0131371518654755,0.0102469784550709,0.0028901734104046,0.002101944298476,0.0018392012611665,0.0002627430373095,0.001576458223857,0.000525486074619,0.001050972149238,0.001050972149238,0.001050972149238,0.0,0.0110352075669993,0.0042038885969521,0.0068313189700472,0.0194429847609038,0.0052548607461902,0.0141881240147136,1267
2016-06-01,2016,6,0.7838971938106478,0.2488853920797272,0.5350118017309206,0.002098085496984,0.001573564122738,0.000524521374246,0.012588512981904,0.002884867558353,0.009703645423551,0.0015735641227379998,0.001049042748492,0.000524521374246,0.011277209546289,0.006294256490952,0.004982953055337,0.014424337791765,0.012850773669027,0.001573564122738,0.001311303435615,0.001049042748492,0.000262260687123,0.000524521374246,0.000262260687123,0.000262260687123,0.018095987411486998,0.004982953055337,0.01311303435615,0.067400996590611,0.064253868345135,0.003147128245476,0.00262260687123,0.00262260687123,0.0,0.022554419092578,0.017571466037241,0.004982953055337,0.014948859166010998,0.006556517178075,0.008392341987936,0.000786782061369,0.000786782061369,0.0,0.000262260687123,0.000262260687123,0.0,0.010752688172043,0.009703645423551,0.001049042748492,0.002884867558353,0.00262260687123,0.000262260687123,0.001311303435615,0.0,0.001311303435615,0.001835824809861,0.001311303435615,0.000524521374246,0.013899816417519001,0.006556517178075,0.007343299239444,0.019931812221348003,0.008130081300813,0.011801730920535,1497
2016-07-01,2016,7,0.8517520215633423,0.2773584905660377,0.5743935309973046,0.0002695417789757,0.0002695417789757,0.0,0.0086253369272236,0.0035040431266846,0.005121293800539,0.0002695417789757,0.0002695417789757,0.0,0.0115902964959568,0.007277628032345,0.0043126684636118,0.0099730458221023,0.0075471698113207,0.0024258760107816,0.0040431266846361,0.0040431266846361,0.0,0.0002695417789757,0.0,0.0002695417789757,0.0132075471698112,0.0056603773584905,0.0075471698113207,0.0132075471698112,0.012398921832884,0.0008086253369272,0.0,0.0,0.0,0.0215633423180592,0.0132075471698113,0.0083557951482479,0.0118598382749325,0.0070080862533692,0.0048517520215633,0.0005390835579514,0.0005390835579514,0.0,0.0021563342318059,0.0013477088948787,0.0008086253369272,0.008086253369272201,0.0059299191374663,0.0021563342318059,0.0043126684636117,0.0037735849056603,0.0005390835579514,0.0005390835579514,0.0,0.0005390835579514,0.0024258760107815002,0.0018867924528301,0.0005390835579514,0.014555256064689898,0.0088948787061994,0.0056603773584905,0.0218328840970349,0.0078167115902964,0.0140161725067385,1350
2016-08-01,2016,8,0.8314924222964295,0.2563575648600051,0.5751348574364243,0.0010274852298998,0.0010274852298998,0.0,0.012329822758797699,0.0023118417672745,0.0100179809915232,0.0005137426149498,0.0002568713074749,0.0002568713074749,0.0120729514513227,0.0074492679167736,0.0046236835345491,0.0113023375288979,0.0092473670690983,0.0020549704597996,0.0020549704597995003,0.0012843565373747,0.0007706139224248,0.0,0.0,0.0,0.031338299511944404,0.0184947341381967,0.0128435653737477,0.0125866940662727,0.0123298227587978,0.0002568713074749,0.0,0.0,0.0,0.0210634472129462,0.0146416645260724,0.0064217826868738,0.017980991523246698,0.0092473670690983,0.0087336244541484,0.0023118417672745003,0.0012843565373747,0.0010274852298998,0.0005137426149498,0.0002568713074749,0.0002568713074749,0.012843565373747699,0.011302337528898,0.0015412278448497,0.0025687130747495,0.0025687130747495,0.0,0.0002568713074749,0.0,0.0002568713074749,0.0010274852298997,0.0007706139224248,0.0002568713074749,0.011816080143847801,0.0048805548420241,0.0069355253018237,0.016439763678397,0.0069355253018237,0.0095042383765733,1387
2016-09-01,2016,9,0.8272108843537413,0.2435374149659863,0.5836734693877551,0.0010884353741496,0.0008163265306122,0.0002721088435374,0.0106122448979591,0.0043537414965986,0.0062585034013605,0.0002721088435374,0.0002721088435374,0.0,0.013605442176870701,0.0095238095238095,0.0040816326530612,0.012517006802721001,0.0095238095238095,0.0029931972789115,0.0005442176870748,0.0002721088435374,0.0002721088435374,0.0,0.0,0.0,0.0174149659863945,0.0097959183673469,0.0076190476190476,0.0155102040816326,0.0155102040816326,0.0,0.0010884353741496,0.0008163265306122,0.0002721088435374,0.028299319727891,0.0193197278911564,0.0089795918367346,0.028299319727891,0.0179591836734693,0.0103401360544217,0.0008163265306122,0.0008163265306122,0.0,0.0010884353741496,0.0002721088435374,0.0008163265306122,0.010068027210884201,0.0087074829931972,0.001360544217687,0.0073469387755101005,0.0068027210884353,0.0005442176870748,0.0002721088435374,0.0,0.0002721088435374,0.0032653061224489,0.0024489795918367,0.0008163265306122,0.0078911564625849,0.0027210884353741,0.0051700680272108,0.01578231292517,0.004625850340136,0.011156462585034,1296
2016-10-01,2016,10,0.8211678832116788,0.2583420229405631,0.5628258602711157,0.0005213764337851,0.0005213764337851,0.0,0.0130344108446298,0.0057351407716371,0.0072992700729927,0.0002606882168925,0.0002606882168925,0.0,0.013816475495307502,0.0080813347236704,0.0057351407716371,0.0224191866527632,0.0203336809176225,0.0020855057351407,0.0020855057351406,0.0013034410844629,0.0007820646506777,0.0002606882168925,0.0,0.0002606882168925,0.0224191866527632,0.0099061522419186,0.0125130344108446,0.0169447340980187,0.0169447340980187,0.0,0.0020855057351407,0.0020855057351407,0.0,0.0286757038581855,0.0190302398331595,0.009645464025026,0.023461939520333597,0.012252346193952,0.0112095933263816,0.0020855057351406,0.0015641293013555,0.0005213764337851,0.0007820646506776,0.0005213764337851,0.0002606882168925,0.0072992700729926,0.0052137643378519,0.0020855057351407,0.006256517205422201,0.0057351407716371,0.0005213764337851,0.0010427528675702,0.0002606882168925,0.0007820646506777,0.0013034410844628,0.0010427528675703,0.0002606882168925,0.0106882168925964,0.0049530761209593,0.0057351407716371,0.0119916579770593,0.0036496350364963,0.008342022940563,1407
2016-11-01,2016,11,0.7928286852589641,0.2719123505976095,0.5209163346613546,0.0012450199203186,0.0009960159362549,0.0002490039840637,0.0082171314741035,0.0042330677290836,0.0039840637450199,0.0004980079681274,0.0004980079681274,0.0,0.0281374501992031,0.0196713147410358,0.0084661354581673,0.0159362549800796,0.0146912350597609,0.0012450199203187,0.0019920318725099,0.0012450199203187,0.0007470119521912,0.0004980079681274,0.0004980079681274,0.0,0.0373505976095616,0.0181772908366533,0.0191733067729083,0.0209163346613545,0.0201693227091633,0.0007470119521912,0.0024900398406374,0.0024900398406374,0.0,0.0251494023904382,0.0184262948207171,0.0067231075697211,0.0191733067729083,0.0094621513944223,0.009711155378486,0.0022410358565737,0.0022410358565737,0.0,0.0012450199203187,0.0012450199203187,0.0,0.0126992031872509,0.010707171314741,0.0019920318725099,0.0062250996015935,0.0057270916334661,0.0004980079681274,0.0004980079681274,0.0,0.0004980079681274,0.0019920318725099,0.0019920318725099,0.0,0.0112051792828684,0.0074701195219123,0.0037350597609561,0.014442231075697101,0.0062250996015936,0.0082171314741035,1644
2016-12-01,2016,12,0.8128055878928986,0.239115250291036,0.5736903376018626,0.0023282887077996,0.0020954598370197,0.0002328288707799,0.0111757857974388,0.0039580908032596,0.0072176949941792,0.0032596041909195997,0.0027939464493597,0.0004656577415599,0.018859138533178,0.0142025611175785,0.0046565774155995,0.0258440046565773,0.0235157159487776,0.0023282887077997,0.0002328288707799,0.0002328288707799,0.0,0.0,0.0,0.0,0.028637951105936997,0.0153667054714784,0.0132712456344586,0.0086146682188591,0.0076833527357392,0.0009313154831199,0.0009313154831199,0.0009313154831199,0.0,0.0277066356228172,0.019790454016298,0.0079161816065192,0.024679860302677402,0.0114086146682188,0.0132712456344586,0.0011641443538998,0.0011641443538998,0.0,0.0016298020954597001,0.0011641443538998,0.0004656577415599,0.0114086146682187,0.0081490104772991,0.0032596041909196,0.0053550640279393,0.0051222351571594,0.0002328288707799,0.0002328288707799,0.0,0.0002328288707799,0.0023282887077996,0.0020954598370197,0.0002328288707799,0.008847497089639,0.0041909196740395,0.0046565774155995,0.0142025611175785,0.0072176949941792,0.0069848661233993,1542
2017-01-01,2017,1,0.7985891510581367,0.233763074677694,0.5648260763804427,0.0012162490878131,0.0004864996351252,0.0007297494526879,0.015811238141571298,0.0060812454390659,0.0097299927025054,0.0014594989053758,0.0007297494526879,0.0007297494526879,0.015081488688883399,0.0099732425200681,0.0051082461688153,0.037460471904645895,0.0328387253709559,0.00462174653369,0.0002432498175626,0.0,0.0002432498175626,0.0,0.0,0.0,0.0316224762831427,0.0194599854050109,0.0121624908781318,0.0063244952566284,0.0058379956215032,0.0004864996351252,0.0007297494526879,0.0007297494526879,0.0,0.0396497202627097,0.0284602286548285,0.0111894916078812,0.0204329846752614,0.0104597421551933,0.0099732425200681,0.0004864996351252,0.0002432498175626,0.0002432498175626,0.0014594989053757,0.0012162490878131,0.0002432498175626,0.012648990513257,0.0102164923376307,0.0024324981756263,0.0026757479931889,0.0021892483580637,0.0004864996351252,0.0021892483580636,0.0004864996351252,0.0017027487229384,0.0012162490878131,0.0009729992702505,0.0002432498175626,0.013378739965945,0.008027243979567,0.005351495986378,0.0133787399659449,0.00462174653369,0.0087569934322549,1476
2017-02-01,2017,2,0.7989515072083879,0.2463958060288335,0.5525557011795544,0.000262123197903,0.0,0.000262123197903,0.013106159895150599,0.0086500655307994,0.0044560943643512,0.000524246395806,0.000524246395806,0.0,0.0125819134993446,0.0070773263433813,0.0055045871559633,0.0537352555701179,0.0492791612057667,0.0044560943643512,0.001048492791612,0.0,0.001048492791612,0.000262123197903,0.000262123197903,0.0,0.0319790301441676,0.0138925294888597,0.0180865006553079,0.0099606815203145,0.0099606815203145,0.0,0.0,0.0,0.0,0.0461336828309305,0.036697247706422,0.0094364351245085,0.0159895150720838,0.0057667103538663,0.0102228047182175,0.0018348623853211,0.0018348623853211,0.0,0.000262123197903,0.000262123197903,0.0,0.0089121887287024,0.0078636959370904,0.001048492791612,0.0031454783748361,0.0028833551769331,0.000262123197903,0.001048492791612,0.000786369593709,0.000262123197903,0.0028833551769331,0.0018348623853211,0.001048492791612,0.0102228047182174,0.0052424639580602,0.0049803407601572,0.0115334207077326,0.0060288335517693,0.0055045871559633,1445
2017-03-01,2017,3,0.768278707311483,0.2507449002979601,0.5175338070135228,0.0013752005500801,0.0011460004584001,0.00022920009168,0.007563603025441099,0.0022920009168003,0.0052716021086408,0.0006876002750401,0.0006876002750401,0.0,0.0082512033004812,0.0041256016502406,0.0041256016502406,0.0265872106348842,0.0238368095347238,0.0027504011001604,0.0022920009168003,0.0020628008251203,0.00022920009168,0.0,0.0,0.0,0.0831996332798532,0.0449232179692871,0.0382764153105661,0.0075636030254412,0.0068760027504011,0.0006876002750401,0.0,0.0,0.0,0.031629612651845,0.025212010084804,0.006417602567041,0.0165024066009625,0.0105432042172816,0.0059592023836809,0.0029796011918403996,0.0025212010084804,0.00045840018336,0.0025212010084802996,0.0020628008251203,0.00045840018336,0.013522805409121999,0.0061884024753609,0.0073344029337611,0.0071052028420811,0.006417602567041,0.0006876002750401,0.00045840018336,0.00022920009168,0.00022920009168,0.0025212010084803,0.0018336007334402,0.0006876002750401,0.0121476048590419,0.0057300022920009,0.006417602567041,0.012376804950721899,0.0055008022003208,0.0068760027504011,1708
2017-04-01,2017,4,0.8196819085487077,0.2347912524850894,0.5848906560636183,0.0013916500994035,0.0007952286282306,0.0005964214711729,0.0129224652087474,0.0059642147117296,0.0069582504970178,0.0005964214711729,0.0005964214711729,0.0,0.0083499005964214,0.004572564612326,0.0037773359840954,0.0246520874751491,0.0220675944333996,0.0025844930417495,0.0009940357852882,0.0009940357852882,0.0,0.0001988071570576,0.0,0.0001988071570576,0.0296222664015903,0.0153081510934393,0.014314115308151,0.0117296222664015,0.0115308151093439,0.0001988071570576,0.0013916500994035,0.0013916500994035,0.0,0.0302186878727633,0.0242544731610337,0.0059642147117296,0.019681908548707702,0.0133200795228628,0.0063618290258449,0.0015904572564611002,0.0013916500994035,0.0001988071570576,0.0015904572564612,0.0015904572564612,0.0,0.013717693836978101,0.0107355864811133,0.0029821073558648,0.0033797216699801,0.0033797216699801,0.0,0.0015904572564612,0.0007952286282306,0.0007952286282306,0.0013916500994035,0.0009940357852882,0.0003976143141153,0.0089463220675944,0.0059642147117296,0.0029821073558648,0.013121272365805,0.0083499005964214,0.0047713717693836,1796
2017-05-01,2017,5,0.7867286973555339,0.2637120470127326,0.5230166503428012,0.0007345739471106,0.0007345739471106,0.0,0.0198334965719882,0.0078354554358472,0.011998041136141,0.0,0.0,0.0,0.011753183153770701,0.0083251714005876,0.0034280117531831,0.036483839373163504,0.0333006856023506,0.0031831537708129,0.0007345739471106001,0.0004897159647404,0.0002448579823702,0.0009794319294809,0.0009794319294809,0.0,0.0230166503428011,0.0093046033300685,0.0137120470127326,0.0083251714005876,0.0080803134182174,0.0002448579823702,0.0004897159647404,0.0004897159647404,0.0,0.053379040156709,0.0438295788442703,0.0095494613124387,0.0171400587659157,0.0093046033300685,0.0078354554358472,0.001224289911851,0.0007345739471106,0.0004897159647404,0.0019588638589617,0.0014691478942213,0.0004897159647404,0.0156709108716944,0.0117531831537708,0.0039177277179236,0.0046523016650342,0.004407443682664,0.0002448579823702,0.0014691478942212,0.0007345739471106,0.0007345739471106,0.0026934378060723997,0.002203721841332,0.0004897159647404,0.0112634671890303,0.0068560235063663,0.004407443682664,0.0156709108716943,0.0041625857002938,0.0115083251714005,1633
2017-06-01,2017,6,0.7763636363636363,0.2477922077922077,0.5285714285714286,0.0005194805194804,0.0002597402597402,0.0002597402597402,0.0145454545454544,0.0046753246753246,0.0098701298701298,0.0007792207792207,0.0007792207792207,0.0,0.0135064935064934,0.0077922077922077,0.0057142857142857,0.0296103896103895,0.0254545454545454,0.0041558441558441,0.0007792207792207,0.0005194805194805,0.0002597402597402,0.0,0.0,0.0,0.0381818181818181,0.0111688311688311,0.027012987012987,0.0119480519480519,0.0119480519480519,0.0,0.0007792207792207,0.0007792207792207,0.0,0.048571428571428404,0.0368831168831168,0.0116883116883116,0.0241558441558441,0.0093506493506493,0.0148051948051948,0.0023376623376623,0.0023376623376623,0.0,0.001038961038961,0.0005194805194805,0.0005194805194805,0.0114285714285714,0.0096103896103896,0.0018181818181818,0.0093506493506493,0.0088311688311688,0.0005194805194805,0.0018181818181816998,0.0002597402597402,0.0015584415584415,0.0018181818181818,0.0018181818181818,0.0,0.0098701298701297,0.0051948051948051,0.0046753246753246,0.015064935064935,0.007012987012987,0.008051948051948,1457
2017-07-01,2017,7,0.7683049147442327,0.2760782347041123,0.4922266800401204,0.0007522567703109,0.0007522567703109,0.0,0.0150451354062186,0.007271815446339,0.0077733199598796,0.0002507522567703,0.0,0.0002507522567703,0.0215646940822466,0.0157973921765295,0.0057673019057171,0.031594784353059,0.0293380140421263,0.0022567703109327,0.0017552657973921,0.0012537612838515,0.0005015045135406,0.0,0.0,0.0,0.0298395185556669,0.0157973921765295,0.0140421263791374,0.0165496489468405,0.0162988966900702,0.0002507522567703,0.0015045135406218,0.0015045135406218,0.0,0.0388665997993981,0.0308425275827482,0.0080240722166499,0.0132898696088264,0.0077733199598796,0.0055165496489468,0.0030090270812437,0.0025075225677031,0.0005015045135406,0.0017552657973921,0.0017552657973921,0.0,0.030842527582748098,0.0228184553660982,0.0080240722166499,0.009027081243731099,0.0087763289869608,0.0002507522567703,0.0002507522567703,0.0,0.0002507522567703,0.0052657973921764,0.0042627883650952,0.0010030090270812,0.0095285857572717,0.0042627883650952,0.0052657973921765,0.0140421263791373,0.0055165496489468,0.0085255767301905,1729
2017-08-01,2017,8,0.7593840230991338,0.2550529355149182,0.5043310875842156,0.0009624639076034,0.0004812319538017,0.0004812319538017,0.009865255052935399,0.0038498556304138,0.0060153994225216,0.0014436958614051,0.0012030798845043,0.0002406159769008,0.019489894128970002,0.0115495668912415,0.0079403272377285,0.0240615976900865,0.0221366698748796,0.0019249278152069,0.0026467757459094,0.0019249278152069,0.0007218479307025,0.0002406159769008,0.0002406159769008,0.0,0.0295957651588064,0.0187680461982675,0.0108277189605389,0.005293551491819,0.005293551491819,0.0,0.0009624639076034,0.0009624639076034,0.0,0.0406641000962463,0.0312800769971126,0.0093840230991337,0.020692974013474398,0.0084215591915303,0.0122714148219441,0.0007218479307025,0.0007218479307025,0.0,0.0007218479307025,0.0007218479307025,0.0,0.053657362848893,0.0392204042348411,0.0144369586140519,0.010827718960538801,0.0101058710298363,0.0007218479307025,0.001443695861405,0.0007218479307025,0.0007218479307025,0.0033686236766119998,0.0031280076997112,0.0002406159769008,0.0103464870067371,0.005293551491819,0.0050529355149181,0.0129932627526466,0.0064966313763233,0.0064966313763233,1721
2017-09-01,2017,9,0.7829716193656093,0.2704507512520868,0.5125208681135225,0.0025041736227045,0.001669449081803,0.0008347245409015,0.013912075681691598,0.0052865887590428,0.0086254869226488,0.0013912075681691,0.0008347245409015,0.0005564830272676,0.0141903171953255,0.008347245409015,0.0058430717863105,0.0239287701725097,0.0214245965498052,0.0025041736227045,0.0016694490818029,0.0013912075681691,0.0002782415136338,0.0,0.0,0.0,0.052587646076794496,0.0364496382860322,0.0161380077907623,0.0080690038953811,0.0069560378408458,0.0011129660545353,0.0008347245409015,0.0008347245409015,0.0,0.037284362826933704,0.0306065664997217,0.006677796327212,0.0186421814134668,0.008347245409015,0.0102949360044518,0.0013912075681691,0.0013912075681691,0.0,0.0011129660545352,0.0005564830272676,0.0005564830272676,0.0155815247634946,0.0102949360044518,0.0052865887590428,0.0058430717863104,0.0055648302726766,0.0002782415136338,0.0011129660545353,0.0002782415136338,0.0008347245409015,0.0025041736227044004,0.0019476905954368,0.0005564830272676,0.012799109627156299,0.0036171396772398,0.0091819699499165,0.0102949360044517,0.0047301057317751,0.0055648302726766,1471
2017-10-01,2017,10,0.8245103229221811,0.3041291688724192,0.5203811540497618,0.0007940709370037,0.0007940709370037,0.0,0.010852302805717199,0.0039703546850185,0.0068819481206987,0.0005293806246691,0.0005293806246691,0.0,0.0108523028057172,0.0092641609317098,0.0015881418740074,0.026204340921122202,0.023292747485442,0.0029115934356802,0.0007940709370036,0.0005293806246691,0.0002646903123345,0.0002646903123345,0.0,0.0002646903123345,0.023292747485441898,0.0129698253043938,0.0103229221810481,0.009793541556379,0.0089994706193753,0.0007940709370037,0.0013234515616728,0.0013234515616728,0.0,0.0404976177871889,0.0288512440444679,0.011646373742721,0.0222339862361037,0.0108523028057173,0.0113816834303864,0.0013234515616727,0.0010587612493382,0.0002646903123345,0.0013234515616728,0.0013234515616728,0.0,0.0082053996823716,0.0074113287453679,0.0007940709370037,0.0047644256220222,0.0047644256220222,0.0,0.0002646903123345,0.0,0.0002646903123345,0.0021175224986764,0.0018528321863419,0.0002646903123345,0.0097935415563789,0.004235044997353,0.0055584965590259,0.0095288512440444,0.0044997353096876,0.0050291159343568,1580
2017-11-01,2017,11,0.8055555555555556,0.2683333333333333,0.5372222222222223,0.0011111111111109999,0.0008333333333333,0.0002777777777777,0.0144444444444444,0.0044444444444444,0.01,0.0,0.0,0.0,0.013888888888888801,0.0086111111111111,0.0052777777777777,0.0305555555555555,0.0280555555555555,0.0025,0.0011111111111109999,0.0008333333333333,0.0002777777777777,0.0,0.0,0.0,0.0258333333333332,0.0152777777777777,0.0105555555555555,0.0116666666666666,0.0116666666666666,0.0,0.0002777777777777,0.0002777777777777,0.0,0.041111111111111,0.0327777777777777,0.0083333333333333,0.0274999999999999,0.0116666666666666,0.0158333333333333,0.0005555555555554,0.0002777777777777,0.0002777777777777,0.0011111111111111,0.0011111111111111,0.0,0.0083333333333332,0.0052777777777777,0.0030555555555555,0.005555555555555499,0.0047222222222222,0.0008333333333333,0.0002777777777777,0.0002777777777777,0.0,0.0024999999999999,0.0019444444444444,0.0005555555555555,0.008611111111111,0.0047222222222222,0.0038888888888888,0.0099999999999999,0.0036111111111111,0.0063888888888888,1401
2017-12-01,2017,12,0.7988441875972438,0.3262947321627028,0.472549455434541,0.0011113580795731,0.0006668148477439,0.0004445432318292,0.012891753723049501,0.0057790620137808,0.0071126917092687,0.0004445432318292,0.0004445432318292,0.0,0.0077795065570125995,0.0044454323182929,0.0033340742387197,0.036452545010002196,0.0322293843076239,0.0042231607023783,0.007557234941098,0.007557234941098,0.0,0.0002222716159146,0.0002222716159146,0.0,0.018893087352745,0.0093354078684152,0.0095576794843298,0.0173371860413424,0.0168926428095132,0.0004445432318292,0.0011113580795732,0.0011113580795732,0.0,0.0448988664147588,0.0355634585463436,0.0093354078684152,0.0155590131140253,0.007557234941098,0.0080017781729273,0.0008890864636584999,0.0006668148477439,0.0002222716159146,0.0011113580795732,0.0011113580795732,0.0,0.0164480995776838,0.015114469882196,0.0013336296954878,0.012224938875305501,0.0117803956434763,0.0004445432318292,0.0040008890864635,0.003111802622805,0.0008890864636585,0.0035563458546342,0.0026672593909757,0.0008890864636585,0.0082240497888419,0.0044454323182929,0.003778617470549,0.008446321404756499,0.0040008890864636,0.0044454323182929,2124
2018-01-01,2018,1,0.825,0.3277777777777778,0.4972222222222222,0.0017094017094016001,0.001068376068376,0.0006410256410256,0.0113247863247862,0.0021367521367521,0.0091880341880341,0.0002136752136752,0.0,0.0002136752136752,0.0091880341880341,0.007051282051282,0.0021367521367521,0.0158119658119657,0.0147435897435897,0.001068376068376,0.0008547008547008,0.0004273504273504,0.0004273504273504,0.0002136752136752,0.0002136752136752,0.0,0.0465811965811965,0.0299145299145299,0.0166666666666666,0.0085470085470085,0.0081196581196581,0.0004273504273504,0.001068376068376,0.001068376068376,0.0,0.0299145299145298,0.0224358974358974,0.0074786324786324,0.0126068376068375,0.0055555555555555,0.007051282051282,0.0006410256410256,0.0006410256410256,0.0,0.0017094017094016001,0.001068376068376,0.0006410256410256,0.0104700854700854,0.010042735042735,0.0004273504273504,0.0072649572649572,0.0072649572649572,0.0,0.0008547008547008,0.0004273504273504,0.0004273504273504,0.001068376068376,0.0008547008547008,0.0002136752136752,0.0079059829059828,0.0027777777777777,0.0051282051282051,0.0094017094017093,0.0057692307692307,0.0036324786324786,2067
2018-02-01,2018,2,0.8015127803860198,0.2584767866458007,0.543035993740219,0.0002608242044861,0.0002608242044861,0.0,0.0156494522691705,0.0020865936358894,0.0135628586332811,0.0007824726134585,0.0007824726134585,0.0,0.012519561815336401,0.0075639019300991,0.0049556598852373,0.0211267605633802,0.0185185185185185,0.0026082420448617,0.0020865936358894,0.0010432968179447,0.0010432968179447,0.0002608242044861,0.0002608242044861,0.0,0.0284298382889931,0.0159102764736567,0.0125195618153364,0.012258737610850199,0.0119979134063641,0.0002608242044861,0.0018257694314032,0.0018257694314032,0.0,0.041471048513302,0.0315597287428273,0.0099113197704747,0.0185185185185184,0.0088680229525299,0.0096504955659885,0.0015649452269168999,0.0013041210224308,0.0002608242044861,0.0018257694314032001,0.0010432968179447,0.0007824726134585,0.0073030777256129,0.0065206051121544,0.0007824726134585,0.0039123630672925,0.0033907146583202,0.0005216484089723,0.0005216484089722,0.0002608242044861,0.0002608242044861,0.0033907146583202,0.0026082420448617,0.0007824726134585,0.012258737610850199,0.005998956703182,0.0062597809076682,0.0166927490871152,0.0065206051121544,0.0101721439749608,1446
2018-03-01,2018,3,0.8106753812636165,0.3176470588235294,0.4930283224400871,0.0008714596949889999,0.0006535947712418,0.0002178649237472,0.0128540305010892,0.0041394335511982,0.008714596949891,0.0004357298474945,0.0004357298474945,0.0,0.0089324618736383,0.0054466230936819,0.0034858387799564,0.0346405228758169,0.0305010893246187,0.0041394335511982,0.0028322440087145003,0.0026143790849673,0.0002178649237472,0.0,0.0,0.0,0.016557734204793,0.0065359477124183,0.0100217864923747,0.0143790849673202,0.0137254901960784,0.0006535947712418,0.0015250544662308,0.0013071895424836,0.0002178649237472,0.0359477124183005,0.029193899782135,0.0067538126361655,0.0211328976034857,0.0104575163398692,0.0106753812636165,0.0008714596949891,0.0008714596949891,0.0,0.0006535947712418,0.0006535947712418,0.0,0.0061002178649237,0.0026143790849673,0.0034858387799564,0.0172113289760348,0.0163398692810457,0.0008714596949891,0.0030501089324617998,0.0021786492374727,0.0008714596949891,0.0019607843137254,0.0017429193899782,0.0002178649237472,0.0104575163398692,0.0037037037037037,0.0067538126361655,0.0122004357298474,0.0050108932461873,0.0071895424836601,2018
2018-04-01,2018,4,0.812514169122648,0.2990251643618227,0.5134890047608253,0.0004534119247336,0.0002267059623668,0.0002267059623668,0.015416005440943,0.0052142371344366,0.0102017683065064,0.0009068238494672,0.0009068238494672,0.0,0.024937655860349,0.0185898889140784,0.0063477669462706,0.0258444797098163,0.0244842439356155,0.0013602357742008,0.0004534119247336,0.0004534119247336,0.0,0.0006801178871004,0.0004534119247336,0.0002267059623668,0.0176830650646111,0.0079347086828383,0.0097483563817728,0.009748356381772799,0.0092949444570392,0.0004534119247336,0.001133529811834,0.001133529811834,0.0,0.041713897075493,0.0328723645431874,0.0088415325323056,0.0138290637043754,0.0070278848333711,0.0068011788710043,0.001133529811834,0.001133529811834,0.0,0.0009068238494672,0.0006801178871004,0.0002267059623668,0.0068011788710043,0.0045341192473362,0.0022670596236681,0.0045341192473361,0.0038540013602357,0.0006801178871004,0.0015869417365676,0.001133529811834,0.0004534119247336,0.0036272953978689,0.0034005894355021,0.0002267059623668,0.012695533892541199,0.0043074132849693,0.0083881206075719,0.0102017683065063,0.0036272953978689,0.0065744729086374,1852
2018-05-01,2018,5,0.8142857142857143,0.2782201405152225,0.5360655737704918,0.0007025761124121,0.0004683840749414,0.0002341920374707,0.0114754098360655,0.0028103044496487,0.0086651053864168,0.0011709601873536,0.0009367681498829,0.0002341920374707,0.011007025761124,0.0053864168618266,0.0056206088992974,0.017330210772833598,0.0156908665105386,0.001639344262295,0.0004683840749414,0.0002341920374707,0.0002341920374707,0.0002341920374707,0.0002341920374707,0.0,0.0210772833723653,0.0091334894613583,0.011943793911007,0.021311475409836,0.0208430913348946,0.0004683840749414,0.0023419203747072,0.0023419203747072,0.0,0.030444964871194302,0.0227166276346604,0.0077283372365339,0.029508196721311303,0.0133489461358313,0.01615925058548,0.0007025761124121,0.0007025761124121,0.0,0.0004683840749414,0.0002341920374707,0.0002341920374707,0.008196721311475301,0.0060889929742388,0.0021077283372365,0.004215456674473,0.0037470725995316,0.0004683840749414,0.0004683840749414,0.0002341920374707,0.0002341920374707,0.0037470725995315,0.0032786885245901,0.0004683840749414,0.013583138173302,0.0065573770491803,0.0070257611241217,0.0117096018735362,0.0044496487119437,0.0072599531615925,1657
2018-06-01,2018,6,0.8340359440869758,0.3095185267361881,0.5245174173507877,0.001109385400488,0.0004437541601952,0.0006656312402928,0.006878189483026299,0.0024406478810738,0.0044375416019525,0.0004437541601952,0.0004437541601952,0.0,0.0126469935655646,0.007100066563124,0.0055469270024406,0.0146438872864432,0.0130907477257599,0.0015531395606833,0.0006656312402928001,0.0002218770800976,0.0004437541601952,0.0,0.0,0.0,0.0166407810073219,0.010650099844686,0.0059906811626359,0.017084535167517102,0.0168626580874195,0.0002218770800976,0.001775016640781,0.001775016640781,0.0,0.0299534058131794,0.023075216330153,0.0068781894830264,0.0226314621699578,0.0113157310849789,0.0113157310849789,0.0004437541601952,0.0002218770800976,0.0002218770800976,0.0008875083203904,0.0004437541601952,0.0004437541601952,0.0119813623252717,0.0086532061238074,0.0033281562014643,0.0108719769247835,0.0102063456844907,0.0006656312402928,0.0002218770800976,0.0002218770800976,0.0,0.0013312624805857,0.0013312624805857,0.0,0.0093188373641002,0.005325049922343,0.0039937874417572,0.0090969602840026,0.005325049922343,0.0037719103616596,1894
2018-07-01,2018,7,0.7904614705232943,0.2539191874586001,0.5365422830646942,0.0011039964672112,0.000883197173769,0.0002207992934422,0.0200927357032456,0.0079487745639213,0.0121439611393243,0.0004415985868845,0.0004415985868845,0.0,0.0092735703245749,0.0048575844557297,0.0044159858688452,0.033119894016339003,0.0300287039081474,0.0030911901081916,0.0002207992934422,0.0,0.0002207992934422,0.0,0.0,0.0,0.0194303378229189,0.0083903731508059,0.011039964672113,0.0205343342901301,0.0198719364098034,0.0006623978803267,0.0015455950540958,0.0015455950540958,0.0,0.0362110841245307,0.0300287039081474,0.0061823802163833,0.022963126517995,0.0143519540737469,0.0086111724442481,0.0015455950540958,0.0015455950540958,0.0,0.0006623978803267,0.0004415985868845,0.0002207992934422,0.010377566791786199,0.0088319717376904,0.0015455950540958,0.0187679399425921,0.0181055420622654,0.0006623978803267,0.0004415985868845,0.0004415985868845,0.0,0.002649591521307,0.0019871936409803,0.0006623978803267,0.011039964672113,0.005078383749172,0.005961580922941,0.0112607639655552,0.0039743872819606,0.0072863766835946,1795
2018-08-01,2018,8,0.8081368469717984,0.2928802588996764,0.515256588072122,0.0002311604253351,0.0002311604253351,0.0,0.015256588072122,0.005085529357374,0.010171058714748,0.0004623208506702,0.0002311604253351,0.0002311604253351,0.015025427646786799,0.0106333795654184,0.0043920480813684,0.0224225612575126,0.0201109570041608,0.0023116042533518,0.001386962552011,0.0006934812760055,0.0006934812760055,0.0,0.0,0.0,0.029588534442903304,0.0168747110494683,0.012713823393435,0.0145631067961165,0.0145631067961165,0.0,0.0006934812760055,0.0006934812760055,0.0,0.0383726306056402,0.0300508552935737,0.0083217753120665,0.0268146093388811,0.0166435506241331,0.010171058714748,0.001386962552011,0.001386962552011,0.0,0.0027739251040221,0.0027739251040221,0.0,0.0055478502080443,0.0048543689320388,0.0006934812760055,0.0030050855293572,0.0027739251040221,0.0002311604253351,0.0016181229773462001,0.0009246417013407,0.0006934812760055,0.0032362459546925,0.0023116042533518,0.0009246417013407,0.007628294036061,0.0036985668053629,0.0039297272306981,0.0097087378640776,0.0039297272306981,0.0057790106333795,1827
2018-09-01,2018,9,0.7610302885761984,0.2585261149534939,0.5025041736227045,0.0009539709038873,0.0002384927259718,0.0007154781779155,0.0150250417362269,0.0052468399713808,0.0097782017648461,0.0002384927259718,0.0002384927259718,0.0,0.0116861435726209,0.0076317672310994,0.0040543763415215,0.0186024326258048,0.0164559980920581,0.0021464345337467,0.0011924636298592,0.0009539709038874,0.0002384927259718,0.0,0.0,0.0,0.0324350107321726,0.018363939899833,0.0140710708323396,0.0407822561411876,0.0400667779632721,0.0007154781779155,0.0019079418077748,0.0019079418077748,0.0,0.041259241593131296,0.0290961125685666,0.0121631290245647,0.037681850703553496,0.0207488671595516,0.0169329835440019,0.0016694490818028999,0.0011924636298592,0.0004769854519437,0.0009539709038874,0.0004769854519437,0.0004769854519437,0.0066777963272119,0.0054853326973527,0.0011924636298592,0.0052468399713806995,0.0040543763415215,0.0011924636298592,0.0007154781779155,0.0004769854519437,0.0002384927259718,0.0042928690674934,0.003338898163606,0.0009539709038874,0.009062723586930499,0.0047698545194371,0.0042928690674934,0.0119246362985928,0.005008347245409,0.0069162890531838,1747
2018-10-01,2018,10,0.7515816111345424,0.3013496415014762,0.4502319696330662,0.0008435259384225,0.0006326444538169,0.0002108814846056,0.0204555040067482,0.0134964150147617,0.0069590889919865,0.0002108814846056,0.0002108814846056,0.0,0.0118093631379164,0.0071699704765921,0.0046393926613243,0.037536904259805895,0.0350063264445381,0.0025305778152678,0.0,0.0,0.0,0.0002108814846056,0.0002108814846056,0.0,0.0200337410375368,0.0105440742302825,0.0094896668072543,0.063475326866301,0.0615773935048502,0.0018979333614508,0.0033741037536904,0.0033741037536904,0.0,0.0510333192745676,0.0423871784057359,0.0086461408688317,0.0248840151834668,0.0120202446225221,0.0128637705609447,0.0010544074230282,0.0008435259384226,0.0002108814846056,0.0010544074230282,0.0008435259384226,0.0002108814846056,0.0042176296921129,0.0040067482075073,0.0002108814846056,0.0082243778996204,0.0073808519611978,0.0008435259384226,0.0008435259384226,0.0,0.0008435259384226,0.002952340784479,0.0027414592998734,0.0002108814846056,0.0084352593842259,0.0044285111767186,0.0040067482075073,0.0073808519611976995,0.0033741037536904,0.0040067482075073,2312
2018-11-01,2018,11,0.7862556846892369,0.2746336533602829,0.511622031328954,0.0,0.0,0.0,0.0192016169782718,0.0083375442142496,0.0108640727640222,0.0002526528549772,0.0002526528549772,0.0,0.0164224355735219,0.0083375442142496,0.0080848913592723,0.044972208185952406,0.0409297625063163,0.0040424456796361,0.0,0.0,0.0,0.0,0.0,0.0,0.0199595755432035,0.0093481556341586,0.0106114199090449,0.011369378473976599,0.0111167256189994,0.0002526528549772,0.0005053057099545,0.0005053057099545,0.0,0.0576048509348154,0.0437089439110661,0.0138959070237493,0.0186963112683172,0.0093481556341586,0.0093481556341586,0.0015159171298635,0.0012632642748863,0.0002526528549772,0.001010611419909,0.001010611419909,0.0,0.0083375442142495,0.006821627084386,0.0015159171298635,0.0101061141990904,0.0090955027791814,0.001010611419909,0.0015159171298634,0.0007579585649317,0.0007579585649317,0.0032844871147043,0.0025265285497726,0.0007579585649317,0.007832238504295,0.0035371399696816,0.0042950985346134,0.012632642748862999,0.0055583628094997,0.0070742799393633,1636
2018-12-01,2018,12,0.7877652933832708,0.2766541822721598,0.5111111111111111,0.0017478152309612,0.0012484394506866,0.0004993757802746,0.016229712858926302,0.0099875156054931,0.0062421972534332,0.0007490636704119,0.0007490636704119,0.0,0.011485642946317001,0.0072409488139825,0.0042446941323345,0.0299625468164793,0.0272159800249687,0.0027465667915106,0.0002496878901373,0.0,0.0002496878901373,0.0002496878901373,0.0002496878901373,0.0,0.0222222222222222,0.0107365792759051,0.0114856429463171,0.019725343320848802,0.0189762796504369,0.0007490636704119,0.0019975031210986,0.0019975031210986,0.0,0.048689138576778895,0.0367041198501872,0.0119850187265917,0.0269662921348313,0.0139825218476903,0.012983770287141,0.0009987515605493,0.0009987515605493,0.0,0.0019975031210985,0.0014981273408239,0.0004993757802746,0.006741573033707799,0.0057428214731585,0.0009987515605493,0.007490636704119801,0.0062421972534332,0.0012484394506866,0.0007490636704119,0.0007490636704119,0.0,0.0027465667915105,0.0019975031210986,0.0007490636704119,0.0117353308364543,0.0042446941323345,0.0074906367041198,0.011235955056179601,0.0042446941323345,0.0069912609238451,1664
2019-01-01,2019,1,0.7819995754616854,0.3016344725111441,0.4803651029505413,0.0008490766291657,0.0006368074718743,0.0002122691572914,0.0167692634260241,0.0070048821906177,0.0097643812354064,0.0016981532583314998,0.0014858841010401,0.0002122691572914,0.0116748036510294,0.0078539588197834,0.003820844831246,0.0263213755041392,0.0239864147739333,0.0023349607302059,0.003396306516663,0.0027594990447887,0.0006368074718743,0.0002122691572914,0.0002122691572914,0.0,0.0320526427510082,0.0182551475270643,0.0137974952239439,0.0055189980895775,0.0055189980895775,0.0,0.0008490766291657,0.0006368074718743,0.0002122691572914,0.0526427510082784,0.042878369772872,0.0097643812354064,0.0184674166843557,0.0099766503926979,0.0084907662916578,0.0010613457864572,0.0010613457864572,0.0,0.0010613457864571,0.0008490766291657,0.0002122691572914,0.0099766503926978,0.0078539588197834,0.0021226915729144,0.0161324559541498,0.0150711101676926,0.0010613457864572,0.0010613457864572,0.0010613457864572,0.0,0.0036085756739544,0.0031840373593716,0.0004245383145828,0.0097643812354064,0.003820844831246,0.0059435364041604,0.014434302695818201,0.0055189980895775,0.0089153046062407,2102
2019-02-01,2019,2,0.7704964539007091,0.2697872340425531,0.500709219858156,0.002836879432624,0.0019858156028368,0.0008510638297872,0.0110638297872339,0.001418439716312,0.0096453900709219,0.0002836879432624,0.0002836879432624,0.0,0.015602836879432501,0.0090780141843971,0.0065248226950354,0.0303546099290779,0.0258156028368794,0.0045390070921985,0.0019858156028368,0.001418439716312,0.0005673758865248,0.0005673758865248,0.0005673758865248,0.0,0.0578723404255318,0.0360283687943262,0.0218439716312056,0.0059574468085105995,0.0051063829787234,0.0008510638297872,0.0,0.0,0.0,0.0405673758865247,0.0295035460992907,0.011063829787234,0.0184397163120566,0.0085106382978723,0.0099290780141843,0.0053900709219858,0.0053900709219858,0.0,0.0031205673758864,0.0017021276595744,0.001418439716312,0.007659574468085,0.0053900709219858,0.0022695035460992,0.0042553191489361,0.0039716312056737,0.0002836879432624,0.001418439716312,0.0008510638297872,0.0005673758865248,0.0022695035460992,0.0019858156028368,0.0002836879432624,0.0110638297872339,0.0042553191489361,0.0068085106382978,0.015035460992907701,0.0056737588652482,0.0093617021276595,1437
2019-03-01,2019,3,0.7786511156186613,0.2515212981744422,0.527129817444219,0.0007606490872209999,0.0005070993914807,0.0002535496957403,0.0238336713995942,0.0081135902636916,0.0157200811359026,0.0002535496957403,0.0,0.0002535496957403,0.0200304259634887,0.0141987829614604,0.0058316430020283,0.0220588235294117,0.0195233265720081,0.0025354969574036,0.0005070993914807,0.0005070993914807,0.0,0.0,0.0,0.0,0.0377789046653143,0.0230730223123732,0.0147058823529411,0.0081135902636916,0.0076064908722109,0.0005070993914807,0.0002535496957403,0.0002535496957403,0.0,0.0496957403651115,0.03473630831643,0.0149594320486815,0.020283975659229098,0.0106490872210953,0.0096348884381338,0.0022819472616632,0.0022819472616632,0.0,0.0012677484787017,0.000760649087221,0.0005070993914807,0.009127789046653,0.0073529411764705,0.0017748478701825,0.008113590263691598,0.0078600405679513,0.0002535496957403,0.0010141987829614,0.0,0.0010141987829614,0.0022819472616632,0.0017748478701825,0.0005070993914807,0.0088742393509127,0.0038032454361054,0.0050709939148073,0.0144523326572007,0.0063387423935091,0.0081135902636916,1534
2019-04-01,2019,4,0.7597190870328567,0.2816654125909205,0.4780536744419363,0.00100326059694,0.00050163029847,0.00050163029847,0.022824178580386198,0.0117883120140456,0.0110358665663406,0.00100326059694,0.000752445447705,0.000250815149235,0.0175570604464509,0.0130423877602207,0.0045146726862302,0.043641835966892396,0.0398796087283672,0.0037622272385252,0.000752445447705,0.00050163029847,0.000250815149235,0.001755706044645,0.00150489089541,0.000250815149235,0.0278404815650864,0.0137948332079257,0.0140456483571607,0.0077752696262853,0.0070228241785803,0.000752445447705,0.000250815149235,0.000250815149235,0.0,0.0549285176824679,0.0408828693253072,0.0140456483571607,0.0253323300727363,0.0127915726109857,0.0125407574617506,0.00200652119388,0.001755706044645,0.000250815149235,0.0012540757461750002,0.000752445447705,0.00050163029847,0.0090293453724604,0.0070228241785803,0.0020065211938801,0.0062703787308753,0.0057687484324053,0.00050163029847,0.000752445447705,0.0,0.000752445447705,0.0045146726862302,0.0040130423877602,0.00050163029847,0.014045648357160701,0.0072736393278154,0.0067720090293453,0.0130423877602206,0.0052671181339352,0.0077752696262854,1734
2019-05-01,2019,5,0.759939984996249,0.2438109527381845,0.5161290322580645,0.0015003750937734,0.0012503125781445,0.0002500625156289,0.0180045011252812,0.0045011252813203,0.0135033758439609,0.0005001250312578,0.0,0.0005001250312578,0.018754688672167903,0.0090022505626406,0.0097524381095273,0.0255063765941485,0.0217554388597149,0.0037509377344336,0.0015003750937734,0.0012503125781445,0.0002500625156289,0.0002500625156289,0.0002500625156289,0.0,0.049512378094523496,0.0337584396099024,0.0157539384846211,0.0085021255313828,0.008002000500125,0.0005001250312578,0.0002500625156289,0.0002500625156289,0.0,0.050262565641410295,0.0380095023755939,0.0122530632658164,0.029757439359839898,0.0140035008752188,0.0157539384846211,0.0012503125781445,0.0007501875468867,0.0005001250312578,0.0020005001250312,0.0015003750937734,0.0005001250312578,0.012253063265816301,0.0090022505626406,0.0032508127031757,0.0037509377344335,0.0032508127031757,0.0005001250312578,0.0010002500625156,0.0005001250312578,0.0005001250312578,0.0030007501875468,0.0027506876719179,0.0002500625156289,0.0082520630157539,0.0037509377344336,0.0045011252813203,0.0145036259064765,0.0045011252813203,0.0100025006251562,1562
2019-06-01,2019,6,0.7841794569067295,0.278866587957497,0.5053128689492326,0.0028335301062573,0.0023612750885478,0.0004722550177095,0.017237308146399,0.0044864226682408,0.0127508854781582,0.000944510035419,0.0007083825265643,0.0002361275088547,0.0127508854781581,0.0073199527744982,0.0054309327036599,0.0292798110979928,0.0238488783943329,0.0054309327036599,0.0014167650531286,0.0011806375442739,0.0002361275088547,0.0002361275088547,0.0002361275088547,0.0,0.0262101534828807,0.0108618654073199,0.0153482880755608,0.009681227863046002,0.0087367178276269,0.0009445100354191,0.0014167650531286,0.0014167650531286,0.0,0.0486422668240849,0.0368358913813459,0.011806375442739,0.031168831168831,0.0181818181818181,0.0129870129870129,0.0016528925619833,0.0014167650531286,0.0002361275088547,0.0023612750885477,0.0018890200708382,0.0004722550177095,0.0106257378984651,0.007556080283353,0.0030696576151121,0.0075560802833529,0.0066115702479338,0.0009445100354191,0.0002361275088547,0.0002361275088547,0.0,0.0014167650531286,0.0007083825265643,0.0007083825265643,0.0113341204250294,0.0035419126328217,0.0077922077922077,0.0101534828807555,0.0028335301062573,0.0073199527744982,1721
2019-07-01,2019,7,0.7735945485519591,0.2676320272572402,0.5059625212947189,0.0011925042589436999,0.0008517887563884,0.0003407155025553,0.0274275979557069,0.0117546848381601,0.0156729131175468,0.0005110732538329,0.0003407155025553,0.0001703577512776,0.0139693356047699,0.007495741056218,0.0064735945485519,0.0287904599659284,0.0248722316865417,0.0039182282793867,0.0003407155025553,0.0,0.0003407155025553,0.0,0.0,0.0,0.0257240204429301,0.0148211243611584,0.0109028960817717,0.0177172061328789,0.0173764906303236,0.0003407155025553,0.0030664395229982,0.0030664395229982,0.0,0.0461669505962521,0.0320272572402044,0.0141396933560477,0.0281090289608176,0.0166950596252129,0.0114139693356047,0.0013628620102214,0.0008517887563884,0.000511073253833,0.0020442930153321,0.0017035775127768,0.0003407155025553,0.0139693356047699,0.0114139693356047,0.0025553662691652,0.004258943781942,0.003747870528109,0.000511073253833,0.0017035775127767,0.001022146507666,0.0006814310051107,0.0017035775127768,0.0008517887563884,0.0008517887563884,0.0095400340715501,0.0032367972742759,0.0063032367972742,0.0097103918228278,0.0023850085178875,0.0073253833049403,2399
2019-08-01,2019,8,0.7703887510339122,0.2602150537634408,0.5101736972704715,0.0018196856906534,0.0009925558312655,0.0008271298593879,0.0175351530190239,0.0051282051282051,0.0124069478908188,0.0,0.0,0.0,0.0210090984284531,0.0153846153846153,0.0056244830438378,0.0263027295285359,0.0223325062034739,0.003970223325062,0.0008271298593878,0.0006617038875103,0.0001654259718775,0.0004962779156327,0.0004962779156327,0.0,0.0279569892473117,0.0142266335814722,0.0137303556658395,0.0148883374689825,0.0145574855252274,0.0003308519437551,0.0023159636062861,0.0023159636062861,0.0,0.0509511993382961,0.0368899917287014,0.0140612076095947,0.0177005789909015,0.0071133167907361,0.0105872622001654,0.0006617038875102,0.0004962779156327,0.0001654259718775,0.0024813895781637,0.0016542597187758,0.0008271298593879,0.0170388751033911,0.0145574855252274,0.0024813895781637,0.0044665012406947,0.0036393713813068,0.0008271298593879,0.0016542597187758,0.0008271298593879,0.0008271298593879,0.0039702233250619,0.0028122415219189,0.001157981803143,0.012903225806451599,0.0031430934656741,0.0097601323407775,0.016542597187758402,0.0046319272125723,0.0119106699751861,2420
2019-09-01,2019,9,0.7551126516464471,0.2438474870017331,0.511265164644714,0.0015597920277295,0.0010398613518197,0.0005199306759098,0.0237435008665511,0.0067590987868284,0.0169844020797227,0.0008665511265164,0.0008665511265164,0.0,0.0168110918544194,0.0097053726169844,0.007105719237435,0.0301559792027729,0.0261698440207972,0.0039861351819757,0.0017331022530328003,0.0010398613518197,0.0006932409012131,0.0003466204506065,0.0003466204506065,0.0,0.0178509532062391,0.0090121317157712,0.0088388214904679,0.0305025996533794,0.029636048526863,0.0008665511265164,0.0036395147313691,0.0036395147313691,0.0,0.054939341421143796,0.041421143847487,0.0135181975736568,0.0227036395147312,0.0074523396880415,0.0152512998266897,0.0019064124783361,0.0013864818024263,0.0005199306759098,0.0015597920277296,0.0015597920277296,0.0,0.015077989601386399,0.0119584055459272,0.0031195840554592,0.0064124783362217,0.0055459272097053,0.0008665511265164,0.000693240901213,0.0003466204506065,0.0003466204506065,0.0032928942807624,0.0025996533795493,0.0006932409012131,0.011265164644714,0.0039861351819757,0.0072790294627383,0.0145580589254765,0.0032928942807625,0.011265164644714,2288
2019-10-01,2019,10,0.7479715184633218,0.28133796986256,0.4666335486007617,0.0013247226361978999,0.0004967709885742,0.0008279516476237,0.017055803941049802,0.0059612518628912,0.0110945520781586,0.0003311806590495,0.0003311806590495,0.0,0.013247226361980401,0.0089418777943368,0.0043053485676436,0.0233482364629905,0.0202020202020202,0.0031462162609703,0.0029806259314455004,0.002649445272396,0.0003311806590495,0.0008279516476237001,0.0004967709885742,0.0003311806590495,0.016559032952475503,0.0069547938400397,0.0096042391124358,0.048021195562179105,0.0476900149031296,0.0003311806590495,0.0029806259314456,0.0029806259314456,0.0,0.0463652922669315,0.0349395595297234,0.0114257327372081,0.017055803941049698,0.008776287464812,0.0082795164762377,0.0033118065904949997,0.0031462162609703,0.0001655903295247,0.0028150356019208,0.0024838549428713,0.0003311806590495,0.024341778440139003,0.0235138267925153,0.0008279516476237,0.0124192747143566,0.0120880940553071,0.0003311806590495,0.0018214936247722,0.001324722636198,0.0004967709885742,0.001987083954297,0.0018214936247723,0.0001655903295247,0.012584865043881299,0.0064580228514654,0.0061268421924159,0.0157310813048517,0.0057956615333664,0.0099354197714853,2807
2019-11-01,2019,11,0.7438082028928076,0.2397463839904894,0.5040618189023182,0.0011888250445808,0.0005944125222904,0.0005944125222904,0.0235783633841886,0.0077273627897761,0.0158510005944125,0.0001981375074301,0.0001981375074301,0.0,0.0130770754903902,0.0079255002972062,0.005151575193184,0.0301169011293837,0.0271448385179314,0.0029720626114523,0.0019813750743015,0.0017832375668714,0.0001981375074301,0.0,0.0,0.0,0.015851000594412502,0.0067366752526253,0.0091143253417872,0.0525064394689914,0.0521101644541311,0.0003962750148603,0.0027739251040221,0.0027739251040221,0.0,0.0515157519318406,0.0400237765008916,0.011491975430949,0.0134733505052506,0.0067366752526253,0.0067366752526253,0.0009906875371507,0.0007925500297206,0.0001981375074301,0.0019813750743015003,0.0015851000594412,0.0003962750148603,0.023974638399048898,0.0217951258173172,0.0021795125817317,0.0063404002377649,0.0057459877154745,0.0005944125222904,0.0023776500891617997,0.0019813750743015,0.0003962750148603,0.001386962552011,0.0011888250445809,0.0001981375074301,0.0144640380424013,0.005151575193184,0.0093124628492173,0.0148603130572616,0.0041608876560332,0.0106994254012284,2117
2019-12-01,2019,12,0.7510322047894302,0.2250206440957886,0.5260115606936416,0.0022708505367464,0.0010322047894302,0.0012386457473162,0.0134186622625928,0.0045417010734929,0.0088769611890999,0.000619322873658,0.000412881915772,0.000206440957886,0.0090834021469859,0.0055739058629232,0.0035094962840627,0.0363336085879438,0.0319983484723369,0.0043352601156069,0.0020644095788603,0.0012386457473162,0.0008257638315441,0.000412881915772,0.000206440957886,0.000206440957886,0.0264244426094136,0.014244426094137,0.0121800165152766,0.047481420313790206,0.0468620974401321,0.0006193228736581,0.0014450867052023,0.0014450867052023,0.0,0.0611065235342691,0.0501651527663088,0.0109413707679603,0.017341040462427598,0.0057803468208092,0.0115606936416184,0.0012386457473161,0.0008257638315441,0.000412881915772,0.0012386457473161,0.0008257638315441,0.000412881915772,0.0119735755573905,0.0101156069364161,0.0018579686209744,0.0063996696944673,0.0057803468208092,0.0006193228736581,0.0010322047894301,0.0006193228736581,0.000412881915772,0.0010322047894301,0.0006193228736581,0.000412881915772,0.0150701899256812,0.0057803468208092,0.009289843104872,0.010528488852188201,0.0043352601156069,0.0061932287365813,1940
2020-01-01,2020,1,0.6546684709066306,0.2354533152909337,0.4192151556156969,0.0013531799729363,0.0005412719891745,0.0008119079837618,0.0221921515561569,0.0075778078484438,0.0146143437077131,0.0008119079837617,0.0002706359945872,0.0005412719891745,0.0075778078484438,0.0035182679296346,0.0040595399188092,0.0254397834912042,0.023274695534506,0.0021650879566982,0.0024357239512854,0.0018944519621109,0.0005412719891745,0.0,0.0,0.0,0.08335588633288221,0.0373477672530446,0.0460081190798376,0.0787550744248984,0.0784844384303112,0.0002706359945872,0.0035182679296346,0.0035182679296346,0.0,0.06062246278755069,0.0487144790257104,0.0119079837618403,0.0186738836265222,0.0083897158322056,0.0102841677943166,0.0035182679296345,0.0032476319350473,0.0002706359945872,0.0040595399188091,0.00297699594046,0.0010825439783491,0.0067658998646819,0.0059539918809201,0.0008119079837618,0.0046008119079835996,0.0043301759133964,0.0002706359945872,0.0005412719891745,0.0,0.0005412719891745,0.0027063599458727,0.0024357239512855,0.0002706359945872,0.016238159675236702,0.0083897158322056,0.0078484438430311,0.0138024357239512,0.0059539918809201,0.0078484438430311,1723
2020-02-01,2020,2,0.7125288239815525,0.2205995388162951,0.4919292851652574,0.0010248526774276,0.0010248526774276,0.0,0.0238278247501921,0.0076863950807071,0.016141429669485,0.0007686395080707001,0.0005124263387138,0.0002562131693569,0.009479887266205399,0.0061491160645657,0.0033307712016397,0.0348449910325389,0.0302331539841147,0.0046118370484242,0.0017934921854983001,0.0010248526774276,0.0007686395080707,0.0010248526774276,0.0010248526774276,0.0,0.0906994619523443,0.0217781193953369,0.0689213425570074,0.019984627209838502,0.0197284140404816,0.0002562131693569,0.0005124263387138,0.0005124263387138,0.0,0.062003586984370904,0.0471432231616705,0.0148603638227004,0.011273379451703699,0.0048680502177811,0.0064053292339226,0.0020497053548552,0.0020497053548552,0.0,0.002562131693569,0.0020497053548552,0.0005124263387138,0.0058929028952087,0.0048680502177811,0.0010248526774276,0.009479887266205399,0.0087112477581347,0.0007686395080707,0.0028183448629259,0.0012810658467845,0.0015372790161414,0.0023059185242121,0.0015372790161414,0.0007686395080707,0.011273379451703699,0.0023059185242121,0.0089674609274916,0.0163976428388418,0.0048680502177811,0.0115295926210607,1444
2020-03-01,2020,3,0.6573683244632043,0.1633327216002936,0.4940356028629106,0.0009175995595521,0.0001835199119104,0.0007340796476417,0.0163332721600292,0.0042209579739401,0.0121123141860891,0.0003670398238208,0.0001835199119104,0.0001835199119104,0.0062396770049549,0.0023857588548357,0.0038539181501192,0.012295834097999501,0.0106441548908056,0.0016516792071939,0.0005505597357312,0.0003670398238208,0.0001835199119104,0.0,0.0,0.0,0.21104789869700852,0.0207377500458799,0.1903101486511286,0.006239677004955,0.006239677004955,0.0,0.0009175995595522,0.0009175995595522,0.0,0.0212883097816112,0.015782712424298,0.0055055973573132,0.0178014314553128,0.0111947146265369,0.0066067168287759,0.032299504496237696,0.0119287942741787,0.020370710222059,0.0020187190310148,0.0014681592952835,0.0005505597357313,0.0034868783262983,0.002936318590567,0.0005505597357313,0.0033033584143878003,0.002936318590567,0.0003670398238208,0.0005505597357312,0.0001835199119104,0.0003670398238208,0.0007340796476416,0.0003670398238208,0.0003670398238208,0.0044044778858505,0.0018351991191044,0.0025692787667461,0.0027527986786565,0.001284639383373,0.0014681592952835,1382
2020-04-01,2020,4,0.658429653248306,0.1590275009964129,0.4994021522518931,0.0009964129135112,0.000797130330809,0.0001992825827022,0.010362694300518,0.0039856516540454,0.0063770426464726,0.0001992825827022,0.0001992825827022,0.0,0.0059784774810681,0.0025906735751295,0.0033878039059386,0.0093662813870067,0.0077720207253886,0.0015942606616181,0.0,0.0,0.0,0.0,0.0,0.0,0.23535273017138292,0.0271024312475089,0.208250298923874,0.0055799123156636,0.0055799123156636,0.0,0.0015942606616181,0.0015942606616181,0.0,0.0189318453567157,0.011757672379434,0.0071741729772817,0.0197289756875248,0.0127540852929453,0.0069748903945795,0.0161418891988839,0.0037863690713431,0.0123555201275408,0.0019928258270226,0.0017935432443204,0.0001992825827022,0.0027899561578317,0.0021921084097249,0.0005978477481068,0.0025906735751295,0.0019928258270227,0.0005978477481068,0.0,0.0,0.0,0.0005978477481067,0.0003985651654045,0.0001992825827022,0.0049820645675567,0.0031885213232363,0.0017935432443204,0.0047827819848544,0.0017935432443204,0.002989238740534,1223
2020-05-01,2020,5,0.6990179087232813,0.1702291546312343,0.528788754092047,0.0021182360870401,0.0011554015020219,0.0009628345850182,0.0077026766801462,0.0032736375890621,0.0044290390910841,0.0001925669170036,0.0,0.0001925669170036,0.006162141344117,0.0023108030040439,0.0038513383400731,0.0136722511072596,0.0107837473522048,0.0028885037550548,0.0007702676680145,0.0005777007510109,0.0001925669170036,0.0,0.0,0.0,0.18370883882149042,0.0200269593683805,0.1636818794531099,0.0053918736761024,0.0053918736761024,0.0,0.0001925669170036,0.0001925669170036,0.0,0.0223377623724243,0.015212786443289,0.0071249759291353,0.022337762372424297,0.0129019834392451,0.0094357789331792,0.0165607548623145,0.0057770075101097,0.0107837473522048,0.0021182360870402,0.0021182360870402,0.0,0.0048141729250914,0.0040439052570768,0.0007702676680146,0.0075101097631425,0.0065472751781243,0.0009628345850182,0.0005777007510109,0.0,0.0005777007510109,0.0003851338340073,0.0003851338340073,0.0,0.0046216060080877,0.0019256691700365,0.0026959368380512,0.0034662045060658,0.0011554015020219,0.0023108030040439,1330
2020-06-01,2020,6,0.7051209904333146,0.1684486963046332,0.5366722941286813,0.0009379103357717999,0.0007503282686175,0.0001875820671543,0.010879759894953999,0.0026261489401613,0.0082536109547927,0.0001875820671543,0.0,0.0001875820671543,0.0090039392234102,0.0035640592759332,0.005439879947477,0.015756893640967898,0.0138810729694241,0.0018758206715438,0.0001875820671543,0.0001875820671543,0.0,0.0001875820671543,0.0,0.0001875820671543,0.15287938473081972,0.0157568936409679,0.1371224910898518,0.0093791033577189,0.0091915212905646,0.0001875820671543,0.0011254924029262,0.0011254924029262,0.0,0.0298255486775464,0.0206340273869818,0.0091915212905646,0.026261489401613103,0.016319639842431,0.0099418495591821,0.012380416432189,0.0022509848058525,0.0101294316263365,0.0013130744700806,0.0007503282686175,0.0005627462014631,0.0075032826861751,0.005439879947477,0.0020634027386981,0.0050647158131681,0.0039392234102419,0.0011254924029262,0.0018758206715436998,0.0003751641343087,0.001500656537235,0.001500656537235,0.001500656537235,0.0,0.0058150440817857,0.0033764772087788,0.0024385668730069,0.0069405364847119,0.0039392234102419,0.00300131307447,1429
2020-07-01,2020,7,0.7084095063985375,0.1912248628884826,0.5171846435100549,0.0014625228519194,0.0010968921389396,0.0003656307129798,0.0073126142595977,0.0020109689213893,0.0053016453382084,0.0005484460694697,0.0001828153564899,0.0003656307129798,0.009506398537477,0.0047531992687385,0.0047531992687385,0.012431444241316099,0.0100548446069469,0.0023765996343692,0.0003656307129798,0.0001828153564899,0.0001828153564899,0.0,0.0,0.0,0.1592321755027422,0.0186471663619744,0.1405850091407678,0.015904936014625098,0.0157221206581352,0.0001828153564899,0.0020109689213893,0.0020109689213893,0.0,0.0272394881170018,0.0206581352833638,0.006581352833638,0.0268738574040218,0.0173674588665447,0.0095063985374771,0.010237659963436799,0.0027422303473491,0.0074954296160877,0.0016453382084094,0.0009140767824497,0.0007312614259597,0.0049360146252284,0.0047531992687385,0.0001828153564899,0.0038391224862886998,0.0034734917733089,0.0003656307129798,0.0009140767824496,0.0007312614259597,0.0001828153564899,0.0012797074954295,0.0007312614259597,0.0005484460694698,0.005484460694698301,0.0029250457038391,0.0025594149908592,0.0056672760511882,0.0020109689213893,0.0036563071297989,1615
2020-08-01,2020,8,0.7064748201438849,0.1995889003083247,0.5068859198355601,0.001027749229188,0.0004110996916752,0.0006166495375128,0.0110996916752312,0.0043165467625899,0.0067831449126413,0.0002055498458376,0.0002055498458376,0.0,0.0108941418293935,0.0047276464542651,0.0061664953751284,0.0152106885919835,0.0137718396711202,0.0014388489208633,0.0008221993833504001,0.0006166495375128,0.0002055498458376,0.0,0.0,0.0,0.143268242548818,0.0215827338129496,0.1216855087358684,0.0184994861253853,0.0176772867420349,0.0008221993833504,0.0016443987667009,0.0016443987667009,0.0,0.0351490236382322,0.0279547790339157,0.0071942446043165,0.0174717368961973,0.0082219938335046,0.0092497430626927,0.009866392600205401,0.0039054470709146,0.0059609455292908,0.0024665981500513,0.0016443987667009,0.0008221993833504,0.0065775950668036,0.0041109969167523,0.0024665981500513,0.0059609455292907,0.0051387461459403,0.0008221993833504,0.001027749229188,0.0004110996916752,0.0006166495375128,0.0012332990750256,0.001027749229188,0.0002055498458376,0.0110996916752312,0.0065775950668037,0.0045220966084275,0.0041109969167522995,0.0014388489208633,0.002672147995889,1540
2020-09-01,2020,9,0.714994606256742,0.2153182308522114,0.4996763754045307,0.0008629989212513,0.0006472491909385,0.0002157497303128,0.0092772384034519,0.0028047464940668,0.0064724919093851,0.001294498381877,0.001294498381877,0.0,0.008414239482200499,0.005177993527508,0.0032362459546925,0.0194174757281552,0.0168284789644012,0.002588996763754,0.0075512405609492,0.0071197411003236,0.0004314994606256,0.0,0.0,0.0,0.1020496224379719,0.0107874865156418,0.0912621359223301,0.0323624595469255,0.0323624595469255,0.0,0.0028047464940668,0.0028047464940668,0.0,0.039050701186623404,0.03042071197411,0.0086299892125134,0.0263214670981661,0.0140237324703344,0.0122977346278317,0.005177993527508,0.0010787486515641,0.0040992448759439,0.0010787486515641,0.0006472491909385,0.0004314994606256,0.0077669902912621,0.0071197411003236,0.0006472491909385,0.0114347357065803,0.0112189859762675,0.0002157497303128,0.0019417475728154,0.0015102481121898,0.0004314994606256,0.0010787486515641,0.0006472491909385,0.0004314994606256,0.006903991370010701,0.0019417475728155,0.0049622437971952,0.0047464940668823005,0.002588996763754,0.0021574973031283,1652
2020-10-01,2020,10,0.6719691491925763,0.1906483489997589,0.4813208001928175,0.0012051096649795,0.0004820438659918,0.0007230657989877,0.0149433598457458,0.0074716799228729,0.0074716799228729,0.0,0.0,0.0,0.009640877319836,0.0040973728609303,0.0055435044589057,0.0262713906965533,0.0238611713665943,0.002410219329959,0.0007230657989877,0.0,0.0007230657989877,0.0,0.0,0.0,0.1043624969872257,0.0139792721137623,0.0903832248734634,0.0723065798987707,0.0723065798987707,0.0,0.0043383947939262,0.0043383947939262,0.0,0.04386599180525409,0.0351892022174017,0.0086767895878524,0.026753434562545,0.0086767895878524,0.0180766449746926,0.0072306579898769995,0.0012051096649795,0.0060255483248975,0.0014461315979754,0.0004820438659918,0.0009640877319836,0.0079537237888647,0.0077127018558688,0.0002410219329959,0.0031332851289467,0.0026512412629549,0.0004820438659918,0.0009640877319836,0.0004820438659918,0.0004820438659918,0.0014461315979754,0.0007230657989877,0.0007230657989877,0.006989636056881099,0.0043383947939262,0.0026512412629549,0.0074716799228729,0.0043383947939262,0.0031332851289467,1526
2020-11-01,2020,11,0.673076923076923,0.2846153846153846,0.3884615384615384,0.0015837104072398,0.0015837104072398,0.0,0.006787330316742,0.0031674208144796,0.0036199095022624,0.0004524886877828,0.0004524886877828,0.0,0.0083710407239818,0.005656108597285,0.0027149321266968,0.0194570135746606,0.0183257918552036,0.001131221719457,0.0072398190045248,0.0072398190045248,0.0,0.0002262443438914,0.0002262443438914,0.0,0.0644796380090497,0.0142533936651583,0.0502262443438914,0.06742081447963799,0.066289592760181,0.001131221719457,0.003393665158371,0.003393665158371,0.0,0.0305429864253393,0.0255656108597285,0.0049773755656108,0.0199095022624433,0.0128959276018099,0.0070135746606334,0.003393665158371,0.0009049773755656,0.0024886877828054,0.0052036199095022,0.0036199095022624,0.0015837104072398,0.0477375565610859,0.0441176470588235,0.0036199095022624,0.0201357466063348,0.019683257918552,0.0004524886877828,0.0013574660633484,0.0013574660633484,0.0,0.0015837104072398,0.0015837104072398,0.0,0.0133484162895927,0.0106334841628959,0.0027149321266968,0.011312217194569998,0.0081447963800904,0.0031674208144796,2301
2020-12-01,2020,12,0.6765078026149304,0.1714466469843947,0.5050611556305357,0.0023196963306620997,0.0014761703922395,0.0008435259384226,0.0086461408688316,0.0037958667229017,0.0048502741459299,0.0004217629692113,0.0004217629692113,0.0,0.012652889076339002,0.0054829185997469,0.0071699704765921,0.0109658371994938,0.0094896668072543,0.0014761703922395,0.0002108814846056,0.0002108814846056,0.0,0.0002108814846056,0.0002108814846056,0.0,0.0896246309574018,0.0194010965837199,0.0702235343736819,0.0487136229439055,0.0482918599746942,0.0004217629692113,0.0033741037536904,0.0033741037536904,0.0,0.0257275411218894,0.0212990299451708,0.0044285111767186,0.0634753268663011,0.0246731336988612,0.0388021931674399,0.0059046815689582,0.0016870518768452,0.004217629692113,0.0025305778152676997,0.0018979333614508,0.0006326444538169,0.024462252214255503,0.0221425558835934,0.0023196963306621,0.0078026149304091,0.0078026149304091,0.0,0.0010544074230282,0.0004217629692113,0.0006326444538169,0.0023196963306620997,0.0016870518768452,0.0006326444538169,0.009067903838042901,0.0071699704765921,0.0018979333614508,0.0092787853226485,0.0048502741459299,0.0044285111767186,1658
2021-01-01,2021,1,0.7001846911553457,0.1890006156371844,0.5111840755181613,0.0008208495793145,0.0006156371844859,0.0002052123948286,0.0131335932690334,0.0043094602914016,0.0088241329776318,0.0002052123948286,0.0002052123948286,0.0,0.0125179560845474,0.0061563718448594,0.006361584239688,0.0090293453724604,0.0080032833983172,0.0010260619741432,0.0018469115534577,0.0016416991586291,0.0002052123948286,0.0004104247896572,0.0004104247896572,0.0,0.10096449825569459,0.021547301457008,0.0794171967986866,0.0588959573158217,0.0580751077365072,0.0008208495793145,0.0036938231069156,0.0036938231069156,0.0,0.0305766468294684,0.0223681510363225,0.0082084957931459,0.0197003899035501,0.0077980710034886,0.0119023189000615,0.0178534783500922,0.0041042478965729,0.0137492304535193,0.0030781859224297,0.0030781859224297,0.0,0.0073876462138312005,0.0059511594500307,0.0014364867638005,0.0047198850810588,0.0045146726862302,0.0002052123948286,0.0008208495793145,0.0002052123948286,0.0006156371844859,0.0010260619741431,0.0004104247896572,0.0006156371844859,0.006977221424174,0.0043094602914016,0.0026677611327724,0.0084137081879745,0.0043094602914016,0.0041042478965729,1680
2021-02-01,2021,2,0.7554506630703528,0.1789166104742638,0.576534052596089,0.0004495392222971,0.0004495392222971,0.0,0.0096650932793886,0.00314677455608,0.0065183187233086,0.0011238480557428,0.0011238480557428,0.0,0.006743088334457,0.0024724657226342,0.0042706226118228,0.0184311081141829,0.0137109462800629,0.00472016183412,0.0015733872780399,0.0013486176668914,0.0002247696111485,0.0,0.0,0.0,0.066756574511126,0.0134861766689143,0.0532703978422117,0.0418071476736345,0.0411328388401888,0.0006743088334457,0.0017981568891885,0.0017981568891885,0.0,0.0328163632276915,0.0240503483928972,0.0087660148347943,0.0197797257810743,0.0112384805574286,0.0085412452236457,0.015284333558102799,0.0029220049449314,0.0123623286131714,0.0029220049449312996,0.0017981568891885,0.0011238480557428,0.0033715441672285,0.00314677455608,0.0002247696111485,0.0119127893908742,0.0098898628905371,0.0020229265003371,0.0011238480557428,0.0004495392222971,0.0006743088334457,0.0006743088334457,0.0006743088334457,0.0,0.0065183187233085,0.0029220049449314,0.0035963137783771,0.0047201618341199,0.0024724657226342,0.0022476961114857,1380
2021-03-01,2021,3,0.7534683164604423,0.2159730033745781,0.5374953130858643,0.0005624296962879,0.0005624296962879,0.0,0.0071241094863141,0.0026246719160104,0.0044994375703037,0.0003749531308586,0.0003749531308586,0.0,0.009748781402324599,0.004124484439445,0.0056242969628796,0.0183727034120734,0.0172478440194975,0.0011248593925759,0.0011248593925759,0.0011248593925759,0.0,0.0001874765654293,0.0001874765654293,0.0,0.0736782902137232,0.0134983127109111,0.0601799775028121,0.052680914885639196,0.0521184851893513,0.0005624296962879,0.0020622422197225,0.0020622422197225,0.0,0.034495688038995,0.0262467191601049,0.0082489688788901,0.020059992500937297,0.0088113985751781,0.0112485939257592,0.0050618672665915,0.0024371953505811,0.0026246719160104,0.0013123359580051999,0.0011248593925759,0.0001874765654293,0.006936632920884801,0.0054368203974503,0.0014998125234345,0.0031871016122984,0.0028121484814398,0.0003749531308586,0.0005624296962879001,0.0003749531308586,0.0001874765654293,0.0014998125234345,0.0013123359580052,0.0001874765654293,0.0061867266591675,0.004124484439445,0.0020622422197225,0.008623922009748701,0.0054368203974503,0.0031871016122984,1911
2021-04-01,2021,4,0.6677618863548511,0.2120216466950135,0.4557402396598377,0.0,0.0,0.0,0.0094704290684189,0.0032856590645535,0.0061847700038654,0.0009663703131039,0.0009663703131039,0.0,0.011209895632006101,0.0069578662543486,0.0042520293776575,0.0077309625048317,0.0067645921917278,0.0009663703131039,0.0003865481252415,0.0003865481252415,0.0,0.0,0.0,0.0,0.0815616544259759,0.0177812137611132,0.0637804406648627,0.14418245071511399,0.1412833397758021,0.0028991109393119,0.0059914959412446,0.0059914959412446,0.0,0.0199072284499419,0.0139157325086973,0.0059914959412446,0.0206803247004251,0.0102435253189022,0.0104367993815229,0.006571318129107,0.0027058368766911,0.0038654812524159,0.0032856590645533998,0.0028991109393119,0.0003865481252415,0.002705836876691,0.0023192887514495,0.0003865481252415,0.0015461925009663,0.0015461925009663,0.0,0.0005798221878622,0.0001932740626207,0.0003865481252415,0.001739466563587,0.0015461925009663,0.0001932740626207,0.0067645921917278,0.0028991109393119,0.0038654812524159,0.0063780440664862,0.0042520293776575,0.0021260146888287,2247
2021-05-01,2021,5,0.7269743589743589,0.2461538461538461,0.4808205128205128,0.0008205128205128,0.0006153846153846,0.0002051282051282,0.0092307692307691,0.0016410256410256,0.0075897435897435,0.0012307692307692,0.001025641025641,0.0002051282051282,0.0104615384615383,0.0065641025641025,0.0038974358974358,0.0079999999999999,0.0069743589743589,0.001025641025641,0.0002051282051282,0.0,0.0002051282051282,0.0,0.0,0.0,0.0627692307692307,0.0147692307692307,0.048,0.0693333333333333,0.0685128205128205,0.0008205128205128,0.0022564102564102,0.0022564102564102,0.0,0.0235897435897435,0.0168205128205128,0.0067692307692307,0.0233846153846153,0.0102564102564102,0.0131282051282051,0.0045128205128204,0.0022564102564102,0.0022564102564102,0.0026666666666666002,0.0024615384615384,0.0002051282051282,0.0145641025641025,0.0145641025641025,0.0,0.0014358974358974,0.0014358974358974,0.0,0.0004102564102564,0.0002051282051282,0.0002051282051282,0.001025641025641,0.001025641025641,0.0,0.0215384615384615,0.017025641025641,0.0045128205128205,0.0159999999999999,0.0137435897435897,0.0022564102564102,2075
2021-06-01,2021,6,0.5943396226415094,0.2077396996534463,0.3865999229880631,0.0009626492106274999,0.000385059684251,0.0005775895263765,0.0090489025798998,0.0046207162110127,0.0044281863688871,0.0005775895263765,0.0005775895263765,0.0,0.0088563727377742,0.0038505968425105,0.0050057758952637,0.0150173276857912,0.0127069695802849,0.0023103581055063,0.000385059684251,0.000385059684251,0.0,0.0001925298421255,0.0001925298421255,0.0,0.07258375048132451,0.0202156334231805,0.052368117058144,0.1927223719676549,0.189834424335772,0.0028879476318829,0.024451289949942202,0.0242587601078167,0.0001925298421255,0.028879476318829297,0.0259915286869464,0.0028879476318829,0.0202156334231805,0.009819021948402,0.0103966114747785,0.0038505968425104997,0.0017327685791297,0.0021178282633808,0.0017327685791297,0.0017327685791297,0.0,0.010589141316904,0.0103966114747785,0.0001925298421255,0.0032730073161339,0.0030804774740084,0.0001925298421255,0.000770119368502,0.000385059684251,0.000385059684251,0.0023103581055062,0.0017327685791297,0.0005775895263765,0.0071236041586445,0.003658067000385,0.0034655371582595,0.0042356565267615,0.0030804774740084,0.0011551790527531,2694
2021-07-01,2021,7,0.762681484136942,0.3091951962717333,0.4534862878652088,0.0007169743681662,0.0005377307761247,0.0001792435920415,0.0103961283384118,0.0030471410647069,0.0073489872737049,0.0005377307761247,0.0005377307761247,0.0,0.0127262950349524,0.0075282308657465,0.0051980641692059,0.0146979745474098,0.0123678078508693,0.0023301666965405,0.0003584871840831,0.0003584871840831,0.0,0.0,0.0,0.0,0.058971141781681294,0.0184620899802832,0.0405090518013981,0.0317261157913604,0.0311883850152357,0.0005377307761247,0.0059150385373722,0.0059150385373722,0.0,0.0324430901595267,0.0272450259903208,0.0051980641692059,0.0256318336619465,0.0123678078508693,0.0132640258110772,0.0075282308657465,0.0030471410647069,0.0044810898010396,0.0019716795124573,0.0016131923283742,0.0003584871840831,0.0163111668757841,0.0154149489155762,0.0008962179602079,0.0041226026169564,0.0034056282487901,0.0007169743681663,0.0003584871840831,0.0,0.0003584871840831,0.0007169743681663,0.0007169743681663,0.0,0.0080659616418712,0.0053773077612475,0.0026886538806237,0.0091414231941207,0.006452769313497,0.0026886538806237,2550
2021-08-01,2021,8,0.7634789452971271,0.316607634789453,0.4468713105076741,0.0009838646202282,0.0007870916961826,0.0001967729240456,0.0096418732782368,0.003345139708776,0.0062967335694608,0.0013774104683195,0.0011806375442739,0.0001967729240456,0.0200708382526563,0.0155450609996064,0.0045257772530499,0.0200708382526563,0.0186934277843368,0.0013774104683195,0.0005903187721369,0.0003935458480913,0.0001967729240456,0.0,0.0,0.0,0.0692640692640692,0.0243998425816607,0.0448642266824085,0.0129870129870129,0.0121999212908303,0.0007870916961826,0.0013774104683195,0.0013774104683195,0.0,0.0310901219992128,0.0259740259740259,0.0051160960251869,0.0220385674931129,0.0108225108225108,0.0112160566706021,0.005116096025186799,0.0021645021645021,0.0029515938606847,0.0017709563164108,0.0013774104683195,0.0003935458480913,0.0074773711137347,0.0059031877213695,0.0015741833923652,0.0167256985438803,0.0153482880755608,0.0013774104683195,0.0015741833923652,0.0011806375442739,0.0003935458480913,0.0029515938606847003,0.0023612750885478,0.0005903187721369,0.0076741440377803005,0.0049193231011412,0.0027548209366391,0.010822510822510699,0.0070838252656434,0.0037386855568673,2345
2021-09-01,2021,9,0.7909266409266409,0.292084942084942,0.4988416988416988,0.0007722007722007,0.0007722007722007,0.0,0.0075289575289574,0.0019305019305019,0.0055984555984555,0.0015444015444014,0.0011583011583011,0.0003861003861003,0.0150579150579149,0.0084942084942084,0.0065637065637065,0.0160231660231659,0.015057915057915,0.0009652509652509,0.0007722007722005999,0.0005791505791505,0.0001930501930501,0.0003861003861003,0.0003861003861003,0.0,0.0515444015444014,0.0123552123552123,0.0391891891891891,0.0144787644787643,0.0142857142857142,0.0001930501930501,0.0019305019305019,0.0019305019305019,0.0,0.0388030888030887,0.0324324324324324,0.0063706563706563,0.0239382239382239,0.0137065637065637,0.0102316602316602,0.0027027027027026,0.0019305019305019,0.0007722007722007,0.0017374517374517,0.0017374517374517,0.0,0.0069498069498068,0.0057915057915057,0.0011583011583011,0.006177606177606001,0.0059845559845559,0.0001930501930501,0.0009652509652508,0.0007722007722007,0.0001930501930501,0.0052123552123551,0.0042471042471042,0.0009652509652509,0.0077220077220076,0.0034749034749034,0.0042471042471042,0.0098455598455598,0.0052123552123552,0.0046332046332046,2143
2021-10-01,2021,10,0.7943233237350884,0.283628136569313,0.5106951871657754,0.0014397367338542999,0.0008227067050596,0.0006170300287947,0.0117235705470999,0.0057589469354175,0.0059646236116824,0.0008227067050596,0.0008227067050596,0.0,0.019333607568901602,0.0125462772521596,0.006787330316742,0.020567667626491,0.0191279308926367,0.0014397367338543,0.0010283833813245,0.0008227067050596,0.0002056766762649,0.0,0.0,0.0,0.043603455368161195,0.0096668037844508,0.0339366515837104,0.013986013986013901,0.0133689839572192,0.0006170300287947,0.0020567667626491,0.0020567667626491,0.0,0.028589058000822603,0.02303578774167,0.0055532702591526,0.0271493212669682,0.0139860139860139,0.0131633072809543,0.004524886877828,0.0020567667626491,0.0024681201151789,0.0018510900863841,0.0016454134101192,0.0002056766762649,0.0069930069930069,0.0047305635540929,0.002262443438914,0.011517893870835,0.011517893870835,0.0,0.0004113533525298,0.0004113533525298,0.0,0.0014397367338542999,0.0012340600575894,0.0002056766762649,0.0092554504319209,0.0043192102015631,0.0049362402303578,0.010283833813245501,0.0057589469354175,0.004524886877828,1972
2021-11-01,2021,11,0.758699808795411,0.2827915869980879,0.4759082217973231,0.0011472275334606999,0.0007648183556405,0.0003824091778202,0.006500956022944499,0.0013384321223709,0.0051625239005736,0.0009560229445506,0.0007648183556405,0.0001912045889101,0.0179732313575525,0.0105162523900573,0.0074569789674952,0.0204588910133842,0.0173996175908221,0.0030592734225621,0.0011472275334606999,0.0009560229445506,0.0001912045889101,0.0003824091778202,0.0,0.0003824091778202,0.055258126195028595,0.0206500956022944,0.0346080305927342,0.0223709369024856,0.0221797323135755,0.0001912045889101,0.002868068833652,0.002868068833652,0.0,0.0405353728489483,0.0317399617590822,0.0087954110898661,0.0298279158699808,0.0147227533460803,0.0151051625239005,0.0049713193116634,0.0021032504780114,0.002868068833652,0.0024856596558317,0.0022944550669216,0.0001912045889101,0.0108986615678775,0.0099426386233269,0.0009560229445506,0.0124282982791586,0.0116634799235181,0.0007648183556405,0.0003824091778202,0.0001912045889101,0.0001912045889101,0.0022944550669215,0.001529636711281,0.0007648183556405,0.0095602294455066,0.0042065009560229,0.0053537284894837,0.010133843212237,0.0055449330783938,0.0045889101338432,2273
2021-12-01,2021,12,0.7719434218174772,0.2354194923464445,0.5365239294710328,0.0015500871924045,0.0005812826971517,0.0009688044952528,0.0071691532648711,0.0031001743848091,0.004068978880062,0.0029064134857585,0.0025188916876574,0.0003875217981011,0.0153071110249951,0.0100755667506297,0.0052315442743654,0.0207324161984111,0.0195698508041077,0.0011625653943034,0.0015500871924045,0.0009688044952528,0.0005812826971517,0.0,0.0,0.0,0.0620034876961828,0.0110443712458825,0.0509591164503003,0.017244720015500797,0.0170509591164503,0.0001937608990505,0.0007750435962022,0.0007750435962022,0.0,0.038558418911063604,0.0310017438480914,0.0075566750629722,0.030032939352838503,0.01356326293354,0.0164696764192985,0.0073629141639216,0.0015500871924045,0.0058128269715171,0.0009688044952527,0.0007750435962022,0.0001937608990505,0.0048440224762642,0.0036814570819608,0.0011625653943034,0.0065878705677194,0.0060065878705677,0.0005812826971517,0.0019376089905056,0.0015500871924045,0.0003875217981011,0.0013563262933539,0.0007750435962022,0.0005812826971517,0.0067816314667699,0.0019376089905057,0.0048440224762642,0.0085254795582251,0.004068978880062,0.0044565006781631,1831
2022-01-01,2022,1,0.7182235834609494,0.2419601837672281,0.4762633996937213,0.0006563115292057,0.0002187705097352,0.0004375410194705,0.0045941807044408995,0.0026252461168234,0.0019689345876175,0.0006563115292058,0.0006563115292058,0.0,0.0109385254867643,0.0080945088602056,0.0028440166265587,0.0192518048567053,0.0177204112885583,0.001531393568147,0.0004375410194704,0.0002187705097352,0.0002187705097352,0.0019689345876175,0.0019689345876175,0.0,0.1122292714942025,0.0312841828921461,0.0809450886020564,0.012688689564646501,0.0124699190549113,0.0002187705097352,0.0010938525486764,0.0010938525486764,0.0,0.052504922336469,0.0455042660249398,0.0070006563115292,0.026033690658499198,0.0122511485451761,0.0137825421133231,0.007656967840735,0.0035003281557646,0.0041566396849704,0.0026252461168233,0.0024064756070881,0.0002187705097352,0.006344344782323199,0.0037190986654998,0.0026252461168234,0.0085320498796762,0.0085320498796762,0.0,0.0013126230584116002,0.0010938525486764,0.0002187705097352,0.0035003281557645,0.0028440166265587,0.0006563115292058,0.0072194268212643995,0.0037190986654998,0.0035003281557646,0.0059068037628527,0.003062787136294,0.0028440166265587,1798
2022-02-01,2022,2,0.7591300779647105,0.3543290931473122,0.4048009848173984,0.001025851456709,0.0004103405826836,0.0006155108740254,0.0065654493229379,0.0022568732047599,0.004308576118178,0.0028723840787853,0.0022568732047599,0.0006155108740254,0.0166187935986868,0.013130898645876,0.0034878949528108,0.0235945835043085,0.0217480508822322,0.0018465326220763,0.0008206811653672,0.0004103405826836,0.0004103405826836,0.0,0.0,0.0,0.045752974969224404,0.0092326631103816,0.0365203118588428,0.013130898645876,0.0127205580631924,0.0004103405826836,0.0008206811653672,0.0008206811653672,0.0,0.045547804677882504,0.0400082068116536,0.0055395978662289,0.024825605252359398,0.0108740254411161,0.0139515798112433,0.0055395978662288,0.004308576118178,0.0012310217480508,0.0059499384489125,0.0057447681575707,0.0002051702913418,0.0071809601969634,0.0061551087402544,0.001025851456709,0.021953221173573997,0.020927369716865,0.001025851456709,0.0012310217480508,0.0012310217480508,0.0,0.0057447681575707,0.0057447681575707,0.0,0.0088223225276979,0.0034878949528108,0.0053344275748871,0.010053344275748801,0.0067706196142798,0.003282724661469,2490
2022-03-01,2022,3,0.767507568113017,0.3632694248234107,0.4042381432896064,0.0006054490413723,0.0004036326942482,0.0002018163471241,0.005449041372351,0.0020181634712411,0.0034308779011099,0.0040363269424823,0.0040363269424823,0.0,0.0137235116044399,0.0108980827447023,0.0028254288597376,0.0153380423814328,0.0147325933400605,0.0006054490413723,0.0016145307769929,0.0012108980827447,0.0004036326942482,0.0,0.0,0.0,0.0417759838546921,0.0125126135216952,0.0292633703329969,0.024823410696266302,0.0244197780020181,0.0004036326942482,0.0014127144298688,0.0014127144298688,0.0,0.0403632694248233,0.0353178607467204,0.0050454086781029,0.0238143289606458,0.0119071644803229,0.0119071644803229,0.0026236125126134,0.001816347124117,0.0008072653884964,0.0046417759838546,0.0044399596367305,0.0002018163471241,0.0090817356205852,0.0074672048435923,0.0016145307769929,0.0117053481331987,0.0113017154389505,0.0004036326942482,0.0008072653884964,0.0006054490413723,0.0002018163471241,0.0068617558022199,0.0064581231079717,0.0004036326942482,0.0151362260343087,0.0115035317860746,0.0036326942482341,0.0143289606458122,0.012108980827447,0.0022199798183652,2615
2022-04-01,2022,4,0.7344314985938127,0.3131779831257533,0.4212535154680594,0.0018079550020087,0.0012053033346725,0.0006026516673362,0.0106468461229409,0.0056247488951386,0.0050220972278023,0.0006026516673362,0.0006026516673362,0.0,0.010646846122940801,0.0068300522298111,0.0038167938931297,0.010445962233828699,0.0098433105664925,0.0006026516673362,0.0008035355564482,0.0004017677782241,0.0004017677782241,0.0,0.0,0.0,0.0335476094817194,0.0092406588991562,0.0243069505825632,0.0245078344716753,0.0245078344716753,0.0,0.0012053033346725,0.0012053033346725,0.0,0.0413820811570911,0.0365608678184009,0.0048212133386902,0.035958216151064495,0.0208919244676576,0.0150662916834069,0.0126556850140618,0.0116512655685014,0.0010044194455604,0.0026114905584571,0.0020088388911209,0.0006026516673362,0.028123744475692897,0.0251104861390116,0.0030132583366813,0.0092406588991561,0.0090397750100441,0.000200883889112,0.0018079550020087,0.0016070711128967,0.000200883889112,0.006629168340699,0.0052229811169144,0.0014061872237846,0.0184813177983125,0.0140618722378465,0.004419445560466,0.0208919244676576,0.0150662916834069,0.0058256327842507,2524
2022-05-01,2022,5,0.7284493284493283,0.2935286935286935,0.4349206349206349,0.0007326007326006001,0.0004884004884004,0.0002442002442002,0.0063492063492062,0.0021978021978021,0.0041514041514041,0.0029304029304029,0.0029304029304029,0.0,0.0151404151404151,0.0105006105006105,0.0046398046398046,0.0202686202686201,0.0192918192918192,0.0009768009768009,0.0007326007326007,0.0007326007326007,0.0,0.0007326007326007,0.0007326007326007,0.0,0.0559218559218558,0.018070818070818,0.0378510378510378,0.031501831501831404,0.0312576312576312,0.0002442002442002,0.0036630036630036,0.0036630036630036,0.0,0.047130647130647005,0.0427350427350427,0.0043956043956043,0.0322344322344322,0.021001221001221,0.0112332112332112,0.0039072039072039,0.0039072039072039,0.0,0.0019536019536018,0.0014652014652014,0.0004884004884004,0.0122100122100121,0.0114774114774114,0.0007326007326007,0.0114774114774113,0.0109890109890109,0.0004884004884004,0.0012210012210011,0.0009768009768009,0.0002442002442002,0.0024420024420022998,0.0021978021978021,0.0002442002442002,0.0156288156288155,0.0114774114774114,0.0041514041514041,0.0119658119658118,0.0053724053724053,0.0065934065934065,1975
2022-06-01,2022,6,0.7417471367617336,0.2917134516056591,0.4500336851560745,0.0011228385358185,0.0004491354143274,0.0006737031214911,0.0107792499438579,0.0067370312149112,0.0040422187289467,0.0024702447788007,0.002245677071637,0.0002245677071637,0.0141477655513136,0.0083090051650572,0.0058387603862564,0.0202110936447338,0.0184145519874242,0.0017965416573096,0.0002245677071637,0.0002245677071637,0.0,0.0004491354143274,0.0004491354143274,0.0,0.0491803278688524,0.0170671457444419,0.0321131821244105,0.0323377498315741,0.0309903435885919,0.0013474062429822,0.0049404895576016,0.0049404895576016,0.0,0.0478329216258701,0.04176959353245,0.0060633280934201,0.021558499887716,0.0150460363799685,0.0065124635077475,0.0033685156074556,0.0026948124859645,0.0006737031214911,0.0020211093644733,0.0017965416573096,0.0002245677071637,0.010779249943858,0.0096564114080395,0.0011228385358185,0.009207275993712,0.0083090051650572,0.0008982708286548,0.0015719739501458998,0.0011228385358185,0.0004491354143274,0.0020211093644733,0.0015719739501459,0.0004491354143274,0.017740848865933,0.0101055468223669,0.0076353020435661,0.010330114529530601,0.0056141926790927,0.0047159218504379,2099
2022-07-01,2022,7,0.7347778981581798,0.2836403033586132,0.4511375947995666,0.0010834236186348,0.0010834236186348,0.0,0.0067172264355362,0.0043336944745395,0.0023835319609967,0.0017334777898158,0.0017334777898158,0.0,0.013651137594799499,0.0075839653304442,0.0060671722643553,0.0290357529794148,0.0270855904658721,0.0019501625135427,0.0015167930660888,0.0006500541711809,0.0008667388949079,0.0004333694474539,0.0004333694474539,0.0,0.066305525460455,0.0234019501625135,0.0429035752979415,0.0296858071505958,0.0290357529794149,0.0006500541711809,0.0013001083423618,0.0013001083423618,0.0,0.0437703141928493,0.0383531960996749,0.0054171180931744,0.0242686890574213,0.0143011917659804,0.0099674972914409,0.0021668472372696,0.0019501625135427,0.0002166847237269,0.0013001083423618,0.0013001083423618,0.0,0.0117009750812567,0.00931744312026,0.0023835319609967,0.0106175514626218,0.0101841820151679,0.0004333694474539,0.0004333694474538,0.0002166847237269,0.0002166847237269,0.0032502708559046,0.0023835319609967,0.0008667388949079,0.014301191765980398,0.0084507042253521,0.0058504875406283,0.0134344528710725,0.0069339111592632,0.0065005417118093,2120
2022-08-01,2022,8,0.7324290998766954,0.2939580764488286,0.4384710234278668,0.0004932182490752,0.0002466091245376,0.0002466091245376,0.013810110974106001,0.0093711467324291,0.0044389642416769,0.0007398273736128,0.0007398273736128,0.0,0.011097410604192198,0.008138101109741,0.0029593094944512,0.0360049321824906,0.0335388409371146,0.002466091245376,0.0007398273736128,0.0007398273736128,0.0,0.0004932182490752,0.0004932182490752,0.0,0.0451294697903821,0.0123304562268803,0.0327990135635018,0.0303329223181257,0.0290998766954377,0.001233045622688,0.0007398273736128,0.0007398273736128,0.0,0.0594327990135634,0.0535141800246609,0.0059186189889025,0.020715166461158903,0.0091245376078914,0.0115906288532675,0.0017262638717632,0.0004932182490752,0.001233045622688,0.0017262638717632,0.0017262638717632,0.0,0.007398273736128101,0.0056720098643649,0.0017262638717632,0.0162762022194821,0.0160295930949445,0.0002466091245376,0.001233045622688,0.001233045622688,0.0,0.0041923551171393,0.0041923551171393,0.0,0.0155363748458692,0.0118372379778051,0.0036991368680641,0.0155363748458692,0.0096177558569667,0.0059186189889025,1949
2022-09-01,2022,9,0.7228212039532793,0.2776280323450135,0.4451931716082659,0.0004492362982929,0.0004492362982929,0.0,0.0098831985624438,0.0040431266846361,0.0058400718778077,0.002021563342318,0.0015723270440251,0.0004492362982929,0.013701707097933401,0.0085354896675651,0.0051662174303683,0.0238095238095238,0.0220125786163522,0.0017969451931716,0.0008984725965858,0.0008984725965858,0.0,0.0006738544474393,0.0006738544474393,0.0,0.049865229110512,0.0226864330637915,0.0271787960467205,0.06603773584905649,0.0653638814016172,0.0006738544474393,0.002021563342318,0.002021563342318,0.0,0.044025157232704296,0.038858939802336,0.0051662174303683,0.0233602875112308,0.0098831985624438,0.013477088948787,0.0015723270440251,0.0015723270440251,0.0,0.0022461814914645,0.0013477088948787,0.0008984725965858,0.008086253369272099,0.0069631626235399,0.0011230907457322,0.010107816711590199,0.0098831985624438,0.0002246181491464,0.0006738544474393,0.0004492362982929,0.0002246181491464,0.0031446540880503,0.0031446540880503,0.0,0.0114555256064689,0.0067385444743935,0.0047169811320754,0.0107816711590295,0.0069631626235399,0.0038185085354896,2131
2022-10-01,2022,10,0.7221431958274063,0.2885253674727359,0.4336178283546704,0.0014224751066856001,0.001185395922238,0.0002370791844476,0.0094831673779042,0.0049786628733997,0.0045045045045045,0.0016595542911332,0.0014224751066856,0.0002370791844476,0.0092460881934565,0.0061640587956377,0.0030820293978188,0.0239449976292081,0.0222854433380749,0.0016595542911332,0.0014224751066856,0.0014224751066856,0.0,0.0002370791844476,0.0,0.0002370791844476,0.0393551446183024,0.0229966808914177,0.0163584637268847,0.0706495969653864,0.0699383594120436,0.0007112375533428,0.0040303461356092,0.003556187766714,0.0004741583688952,0.050260787102892196,0.0426742532005689,0.0075865339023233,0.0177809388335703,0.0078236130867709,0.0099573257467994,0.0037932669511616,0.0030820293978188,0.0007112375533428,0.004741583688952,0.0040303461356092,0.0007112375533428,0.0092460881934565,0.0071123755334281,0.0021337126600284,0.0066382171645329,0.0066382171645329,0.0,0.001185395922238,0.0009483167377904,0.0002370791844476,0.0052157420578473,0.0047415836889521,0.0004741583688952,0.0156472261735419,0.0092460881934566,0.0064011379800853,0.012328117591275299,0.0085348506401137,0.0037932669511616,2126
2022-11-01,2022,11,0.7654824771963513,0.3247719635141622,0.4407105136821891,0.0021603456553047,0.0014402304368698,0.0007201152184349,0.009841574651944199,0.0040806529044647,0.0057609217474795,0.0002400384061449,0.0002400384061449,0.0,0.018002880460873602,0.013682189150264,0.0043206913106096,0.0230436869899182,0.0201632261161785,0.0028804608737397,0.0014402304368698,0.0012001920307249,0.0002400384061449,0.0007201152184349,0.0007201152184349,0.0,0.042246759481516905,0.0172827652424387,0.0249639942390782,0.018242918867018603,0.0177628420547287,0.0004800768122899,0.0004800768122899,0.0004800768122899,0.0,0.0492078732597214,0.0432069131060969,0.0060009601536245,0.015122419587133801,0.0074411905904944,0.0076812289966394,0.0007201152184348,0.0004800768122899,0.0002400384061449,0.0009601536245799,0.0009601536245799,0.0,0.022563610177628302,0.0194431108977436,0.0031204992798847,0.0110417666826691,0.0108017282765242,0.0002400384061449,0.0012001920307248,0.0002400384061449,0.0009601536245799,0.0021603456553047,0.0016802688430148,0.0004800768122899,0.0100816130580892,0.0060009601536245,0.0040806529044647,0.012722035525684,0.0067210753720595,0.0060009601536245,2027
2022-12-01,2022,12,0.6794639623324881,0.3332126041289387,0.3462513582035494,0.0003621876131836,0.0003621876131836,0.0,0.0144875045273451,0.0112278160086925,0.0032596885186526,0.0010865628395508,0.0010865628395508,0.0,0.0141253169141615,0.0114089098152843,0.0027164070988772,0.0204636001448749,0.0195581311119159,0.000905469032959,0.0239043824701195,0.0239043824701195,0.0,0.0003621876131836,0.0001810938065918,0.0001810938065918,0.034226729445852797,0.010684534588917,0.0235421948569358,0.027345164795364,0.027345164795364,0.0,0.0065193770373053,0.0065193770373053,0.0,0.036399855124954604,0.0333212604128938,0.0030785947120608,0.015574067366896,0.0092357841361825,0.0063382832307135,0.0134009416877942,0.012676566461427,0.0007243752263672,0.0030785947120608,0.002897500905469,0.0001810938065918,0.0548714233973197,0.0532415791379934,0.0016298442593263,0.0159362549800796,0.0152118797537124,0.0007243752263672,0.0003621876131836,0.0003621876131836,0.0,0.002897500905469,0.0025353132922854,0.0003621876131836,0.0251720391162621,0.0219123505976095,0.0032596885186526,0.0175660992394059,0.0134009416877942,0.0041651575516117,3312
2023-01-01,2023,1,0.6658989965454842,0.2255305148873169,0.4403684816581674,0.0011515051817733,0.0011515051817733,0.0,0.013653561441026401,0.0072380325711465,0.0064155288698799,0.0008225037012666,0.0008225037012666,0.0,0.0111860503372264,0.0082250370126665,0.0029610133245599,0.0070735318308931,0.0060865273893732,0.0009870044415199,0.0029610133245598,0.0026320118440532,0.0003290014805066,0.0006580029610132,0.0004935022207599,0.0001645007402533,0.0301036354663595,0.0126665569995064,0.0174370784668531,0.0210560947524262,0.0205625925316663,0.0004935022207599,0.0059220266491199,0.0059220266491199,0.0,0.0353676591544661,0.0296101332455996,0.0057575259088665,0.0171080769863463,0.0093765421944398,0.0077315347919065,0.0065800296101331,0.0060865273893732,0.0004935022207599,0.005099522947853099,0.0046060207270932,0.0004935022207599,0.1079124856061851,0.1064319789439052,0.0014805066622799,0.0067445303503865005,0.0065800296101332,0.0001645007402533,0.0019740088830399,0.0018095081427866,0.0001645007402533,0.0026320118440532,0.0021385096232933,0.0004935022207599,0.0310906399078795,0.0254976147392663,0.0055930251686132,0.0241816088172396,0.0154630695838131,0.0087185392334265,3006
2023-02-01,2023,2,0.7400779995411791,0.2312456985547143,0.5088323009864648,0.0013764624913969999,0.0011470520761642,0.0002294104152328,0.0089470061940811,0.0032117458132599,0.0057352603808212,0.0,0.0,0.0,0.0080293645331497,0.0073411332874512,0.0006882312456985,0.0126175728378067,0.0110116999311768,0.0016058729066299,0.0018352833218627,0.0016058729066299,0.0002294104152328,0.0,0.0,0.0,0.056893782977747,0.0355586143610919,0.0213351686166551,0.0263821977517779,0.0254645560908465,0.0009176416609314,0.0089470061940812,0.0089470061940812,0.0,0.0348703831153933,0.0305115852259692,0.0043587978894241,0.0213351686166551,0.0123881624225739,0.0089470061940812,0.0045882083046569,0.0038999770589584,0.0006882312456985,0.0038999770589584,0.0036705666437256,0.0002294104152328,0.0362468456067905,0.0348703831153934,0.0013764624913971,0.007111722872218299,0.0068823124569855,0.0002294104152328,0.0006882312456985,0.0004588208304657,0.0002294104152328,0.0016058729066299,0.0013764624913971,0.0002294104152328,0.0167469603119981,0.010782289515944,0.0059646707960541,0.012158752007341001,0.0055058499655884,0.0066529020417526,1868
2023-03-01,2023,3,0.6976852934299743,0.2452653729249474,0.4524199205050269,0.0009352349777881,0.0009352349777881,0.0,0.010755202244563899,0.005611409866729,0.0051437923778349,0.0007014262333410001,0.000467617488894,0.000233808744447,0.0074818798223053005,0.0051437923778349,0.0023380874444704,0.0271218143558568,0.0247837269113864,0.0023380874444704,0.0046761748889408,0.0046761748889408,0.0,0.000233808744447,0.0,0.000233808744447,0.11363104980126251,0.0603226560673369,0.0533083937339256,0.0086509235445404,0.0077156885667523,0.0009352349777881,0.0007014262333411,0.0007014262333411,0.0,0.053776011222819706,0.0469955576338555,0.0067804535889642,0.0203413607668925,0.0126256722001402,0.0077156885667523,0.0037409399111526,0.0037409399111526,0.0,0.0032733224222585003,0.0025718961889174,0.0007014262333411,0.0187046995557633,0.0175356558335281,0.0011690437222352,0.0081833060556464,0.0081833060556464,0.0,0.0014028524666822,0.0011690437222352,0.000233808744447,0.0007014262333411,0.0007014262333411,0.0,0.0140285246668225,0.0084171148000935,0.005611409866729,0.016132803366845798,0.0091185410334346,0.0070142623334112,1933
2023-04-01,2023,4,0.7653854698955787,0.2419462341701844,0.5234392357253943,0.0015552099533436,0.0011108642523883,0.0004443457009553,0.013552543879137902,0.0073317040657631,0.0062208398133748,0.0008886914019106,0.0008886914019106,0.0,0.0093312597200621,0.0053321484114641,0.003999111308598,0.0259942235058875,0.0237724950011108,0.0022217285047767,0.0022217285047767,0.0022217285047767,0.0,0.0004443457009552,0.0002221728504776,0.0002221728504776,0.0464341257498333,0.0242168407020662,0.0222172850477671,0.0099977782714951,0.0097756054210175,0.0002221728504776,0.0011108642523883,0.0011108642523883,0.0,0.0599866696289712,0.0513219284603421,0.0086647411686291,0.024439013552543798,0.0095534325705398,0.014885580982004,0.0035547656076426,0.003332592757165,0.0002221728504776,0.0068873583648077,0.0064430126638524,0.0004443457009553,0.007109531215285399,0.0064430126638524,0.000666518551433,0.0071095312152854,0.0066651855143301,0.0004443457009553,0.0002221728504776,0.0002221728504776,0.0,0.0017773828038213,0.0017773828038213,0.0,0.0133303710286602,0.0057764941124194,0.0075538769162408,0.0131081981781825,0.0064430126638524,0.0066651855143301,1799
2023-05-01,2023,5,0.8025227460711332,0.2005789909015715,0.6019437551695617,0.0012406947890818,0.0012406947890818,0.0,0.0109594706368899,0.0031017369727047,0.0078577336641852,0.0004135649296938,0.0002067824648469,0.0002067824648469,0.0082712985938791,0.0049627791563275,0.0033085194375516,0.0140612076095946,0.0122001654259718,0.0018610421836228,0.0016542597187757999,0.0006203473945409,0.0010339123242349,0.0010339123242348001,0.0008271298593879,0.0002067824648469,0.0397022332506203,0.0179900744416873,0.021712158808933,0.0132340777502067,0.0128205128205128,0.0004135649296939,0.0008271298593879,0.0008271298593879,0.0,0.043631100082712905,0.0366004962779156,0.0070306038047973,0.0301902398676592,0.0163358147229115,0.0138544251447477,0.0008271298593878,0.0006203473945409,0.0002067824648469,0.0014474772539288,0.0008271298593879,0.0006203473945409,0.0059966914805624,0.0049627791563275,0.0010339123242349,0.0051695616211744,0.0047559966914805,0.0004135649296939,0.0010339123242348,0.0004135649296939,0.0006203473945409,0.0014474772539287,0.0012406947890818,0.0002067824648469,0.0088916459884201,0.0028949545078577,0.0059966914805624,0.0088916459884201,0.0024813895781637,0.0064102564102564,1545
2023-06-01,2023,6,0.8223062381852551,0.1831547994118882,0.6391514387733669,0.0006301197227471999,0.0004200798151648,0.0002100399075824,0.009031716026044901,0.0042007981516488,0.0048309178743961,0.0006301197227471999,0.0002100399075824,0.0004200798151648,0.008191556395715099,0.0031505986137366,0.0050409577819785,0.017853392144507402,0.0144927536231884,0.003360638521319,0.0016803192606595,0.0016803192606595,0.0,0.0008401596303297,0.0008401596303297,0.0,0.040117622348246,0.0184835118672547,0.0216341104809913,0.0092417559336273,0.0090317160260449,0.0002100399075824,0.0004200798151648,0.0004200798151648,0.0,0.0342365049359378,0.0275152278932997,0.0067212770426381,0.030035706784289,0.0155429531611006,0.0144927536231884,0.0016803192606595,0.0016803192606595,0.0,0.0016803192606593999,0.0012602394454946,0.0004200798151648,0.0027305187985717,0.0021003990758244,0.0006301197227473,0.0069313169502204,0.0065112371350556,0.0004200798151648,0.0006301197227473,0.0,0.0006301197227473,0.0018903591682418001,0.001470279353077,0.0004200798151648,0.0079815164881327,0.0027305187985717,0.005250997689561,0.0088216761184624,0.0046208779668136,0.0042007981516488,1391
2023-07-01,2023,7,0.8101545253863134,0.1629139072847682,0.6472406181015452,0.0006622516556291,0.0006622516556291,0.0,0.0081677704194259,0.0024282560706401,0.0057395143487858,0.0011037527593818,0.0004415011037527,0.0006622516556291,0.012141280353200699,0.0066225165562913,0.0055187637969094,0.018101545253863,0.0147902869757174,0.0033112582781456,0.0026490066225165,0.0026490066225165,0.0,0.0002207505518763,0.0002207505518763,0.0,0.038852097130242694,0.0211920529801324,0.0176600441501103,0.0128035320088299,0.0123620309050772,0.0004415011037527,0.0002207505518763,0.0002207505518763,0.0,0.0331125827814569,0.0269315673289183,0.0061810154525386,0.0220750551876379,0.0090507726269315,0.0130242825607064,0.0022075055187636998,0.0019867549668874,0.0002207505518763,0.0030905077262692003,0.0022075055187637,0.0008830022075055,0.0262693156732891,0.0236203090507726,0.0026490066225165,0.005077262693156601,0.0046357615894039,0.0004415011037527,0.0004415011037526,0.0002207505518763,0.0002207505518763,0.0019867549668873,0.0015452538631346,0.0004415011037527,0.0046357615894038005,0.0013245033112582,0.0033112582781456,0.007064017660044001,0.0022075055187637,0.0048565121412803,1309
2023-08-01,2023,8,0.8429058484133228,0.1804353527406242,0.6624704956726987,0.001311303435615,0.000786782061369,0.000524521374246,0.006818777865198,0.00262260687123,0.004196170993968,0.000524521374246,0.000524521374246,0.0,0.012588512981903999,0.007605559926567,0.004982953055337,0.020718594282717,0.016784683975872,0.003933910306845,0.001311303435615,0.001311303435615,0.0,0.000524521374246,0.000262260687123,0.000262260687123,0.02884867558353,0.014686598478888,0.014162077104642,0.011014948859166,0.01049042748492,0.000524521374246,0.001311303435615,0.001311303435615,0.0,0.041437188565434,0.032258064516129,0.009179124049305,0.018358248098610003,0.008916863362182,0.009441384736428,0.001049042748492,0.001049042748492,0.0,0.000524521374246,0.000524521374246,0.0,0.002098085496984,0.001049042748492,0.001049042748492,0.0057697351167060006,0.005507474429583,0.000262260687123,0.000524521374246,0.0,0.000524521374246,0.001049042748492,0.000524521374246,0.000524521374246,0.004982953055337,0.001049042748492,0.003933910306845,0.009179124049305,0.003147128245476,0.006031995803829,1068
2023-09-01,2023,9,0.8227646590607589,0.1857256566728575,0.6370390023879013,0.0007959671000265,0.0007959671000265,0.0,0.0066330591668877,0.0029185460334306,0.0037145131334571,0.000530644733351,0.000530644733351,0.0,0.010612894667020301,0.0058370920668612,0.0047758026001591,0.0177765985672591,0.0156540196338551,0.002122578933404,0.0007959671000265,0.0007959671000265,0.0,0.0,0.0,0.0,0.0262669143008755,0.0111435394003714,0.0151233749005041,0.002653223666755,0.002122578933404,0.000530644733351,0.0002653223666755,0.0002653223666755,0.0,0.0474927036349164,0.0371451313345715,0.0103475723003449,0.026797559034226502,0.012470151233749,0.0143274078004775,0.0103475723003448,0.0087556381002918,0.001591934200053,0.002653223666755,0.0018572565667285,0.0007959671000265,0.0053064473335101,0.0039798355001326,0.0013266118333775,0.0119395065003979,0.0111435394003714,0.0007959671000265,0.0007959671000265,0.0002653223666755,0.000530644733351,0.001061289466702,0.0002653223666755,0.0007959671000265,0.007694348633589801,0.0026532236667551,0.0050411249668347,0.0066330591668877,0.001591934200053,0.0050411249668347,1122
2023-10-01,2023,10,0.8228538616135515,0.1814527706000574,0.6414010910134941,0.000574217628481,0.0002871088142405,0.0002871088142405,0.0097616996841802,0.0045937410278495,0.0051679586563307,0.0011484352569623,0.0011484352569623,0.0,0.008039046798736599,0.0034453057708871,0.0045937410278495,0.0172265288544357,0.0143554407120298,0.0028710881424059,0.0008613264427216,0.0005742176284811,0.0002871088142405,0.0002871088142405,0.0002871088142405,0.0,0.0195233993683605,0.0051679586563307,0.0143554407120298,0.009474590869939601,0.0091874820556991,0.0002871088142405,0.0002871088142405,0.0002871088142405,0.0,0.0508182601205856,0.0424921045076083,0.0083261556129773,0.0287108814240596,0.0132070054550674,0.0155038759689922,0.009187482055699001,0.0086132644272179,0.0005742176284811,0.0025839793281652,0.0014355440712029,0.0011484352569623,0.0051679586563306,0.0040195233993683,0.0011484352569623,0.009187482055699001,0.0086132644272179,0.0005742176284811,0.0002871088142405,0.0002871088142405,0.0,0.0005742176284811,0.0005742176284811,0.0,0.0100488084984208,0.0060292850990525,0.0040195233993683,0.0083261556129772,0.0037324145851277,0.0045937410278495,1036
2023-11-01,2023,11,0.8256569652444192,0.2037298671941226,0.6219270980502967,0.0005651313930488,0.0002825656965244,0.0002825656965244,0.009042102288782099,0.0042384854478666,0.0048036168409155,0.0014128284826222,0.0014128284826222,0.0,0.012150324950550899,0.0050861825374399,0.007064142413111,0.025996044080248498,0.0240180842045775,0.001977959875671,0.0005651313930488,0.0005651313930488,0.0,0.0,0.0,0.0,0.0132805877366487,0.004521051144391,0.0087595365922577,0.0039559197513421,0.0036733540548177,0.0002825656965244,0.0028256569652443,0.0025430912687199,0.0002825656965244,0.0491664311952528,0.0421022887821418,0.007064142413111,0.029669398135066298,0.0158236790053687,0.0138457191296976,0.0028256569652443,0.001977959875671,0.0008476970895733,0.0011302627860977,0.0011302627860977,0.0,0.0062164453235376,0.0031082226617688,0.0031082226617688,0.0129980220401243,0.012150324950551,0.0008476970895733,0.0005651313930488,0.0,0.0005651313930488,0.0022605255721955,0.0014128284826222,0.0008476970895733,0.0070641424131109,0.0025430912687199,0.004521051144391,0.010172365074879801,0.0022605255721955,0.0079118395026843,1121
2023-12-01,2023,12,0.8279445727482679,0.1960161662817552,0.6319284064665127,0.0002886836027713,0.0002886836027713,0.0,0.006928406466512601,0.0025981524249422,0.0043302540415704,0.0002886836027713,0.0002886836027713,0.0,0.007217090069283999,0.0023094688221709,0.0049076212471131,0.017609699769052998,0.0164549653579676,0.0011547344110854,0.0020207852193995,0.0014434180138568,0.0005773672055427,0.0,0.0,0.0,0.0236720554272516,0.0095265588914549,0.0141454965357967,0.0049076212471131,0.0046189376443418,0.0002886836027713,0.0002886836027713,0.0002886836027713,0.0,0.0505196304849884,0.043013856812933,0.0075057736720554,0.0256928406466512,0.0121247113163972,0.013568129330254,0.0017321016166281,0.0011547344110854,0.0005773672055427,0.0034642032332562996,0.0023094688221709,0.0011547344110854,0.0057736720554271,0.004041570438799,0.0017321016166281,0.0109699769053117,0.0106812933025404,0.0002886836027713,0.0023094688221708,0.0011547344110854,0.0011547344110854,0.0005773672055427,0.0005773672055427,0.0,0.0095265588914549,0.0051963048498845,0.0043302540415704,0.0112586605080831,0.0043302540415704,0.0069284064665127,1057
2024-01-01,2024,1,0.7465388711395101,0.1477635782747604,0.5987752928647497,0.0013312034078806,0.0002662406815761,0.0010649627263045,0.0114483493077741,0.0061235356762513,0.0053248136315228,0.0005324813631522,0.0002662406815761,0.0002662406815761,0.0157082002129924,0.0058572949946751,0.0098509052183173,0.0234291799787006,0.0205005324813631,0.0029286474973375,0.0063897763578273994,0.005591054313099,0.0007987220447284,0.0005324813631522,0.0005324813631522,0.0,0.044462193823216,0.0106496272630457,0.0338125665601703,0.0034611288604898,0.0031948881789137,0.0002662406815761,0.0002662406815761,0.0002662406815761,0.0,0.0575079872204472,0.0473908413205537,0.0101171458998935,0.0327476038338657,0.0143769968051118,0.0183706070287539,0.0053248136315228,0.0053248136315228,0.0,0.0023961661341852,0.001863684771033,0.0005324813631522,0.013844515441959498,0.0101171458998935,0.003727369542066,0.0175718849840254,0.0165069222577209,0.0010649627263045,0.0021299254526091,0.0013312034078807,0.0007987220447284,0.0018636847710329,0.0007987220447284,0.0010649627263045,0.011182108626198,0.0021299254526091,0.0090521831735889,0.0191693290734823,0.0087859424920127,0.0103833865814696,1101
2024-02-01,2024,2,0.748040313549832,0.1522956326987682,0.5957446808510638,0.0005599104143337,0.0005599104143337,0.0,0.009518477043672901,0.0016797312430011,0.0078387458006718,0.0,0.0,0.0,0.0142777155655094,0.005599104143337,0.0086786114221724,0.0369540873460245,0.0349944008958566,0.0019596864501679,0.0033594624860022,0.0027995520716685,0.0005599104143337,0.0,0.0,0.0,0.0501119820828666,0.01511758118701,0.0349944008958566,0.0044792833146696,0.0041993281075028,0.0002799552071668,0.0008398656215005,0.0008398656215005,0.0,0.0635498320268756,0.0565509518477043,0.0069988801791713,0.033034714445688604,0.0179171332586786,0.01511758118701,0.0069988801791712,0.0061590145576707,0.0008398656215005,0.0013997760358342,0.0011198208286674,0.0002799552071668,0.0050391937290032,0.0013997760358342,0.003639417693169,0.017637178051511597,0.0156774916013437,0.0019596864501679,0.0019596864501679,0.0011198208286674,0.0008398656215005,0.0025195968645016,0.0016797312430011,0.0008398656215005,0.0078387458006718,0.0016797312430011,0.0061590145576707,0.0089585666293392,0.0016797312430011,0.0072788353863381,1096
2024-03-01,2024,3,0.7541229385307345,0.1579210394802598,0.5962018990504747,0.0004997501249375,0.0004997501249375,0.0,0.0087456271864067,0.0024987506246876,0.0062468765617191,0.0007496251874062,0.0007496251874062,0.0,0.0154922538730634,0.0062468765617191,0.0092453773113443,0.0354822588705646,0.0299850074962518,0.0054972513743128,0.0012493753123437,0.0007496251874062,0.0004997501249375,0.0002498750624687,0.0,0.0002498750624687,0.029735132433783,0.0097451274362818,0.0199900049975012,0.0077461269365317,0.0072463768115942,0.0004997501249375,0.0012493753123438,0.0012493753123438,0.0,0.0682158920539729,0.0584707646176911,0.0097451274362818,0.040229885057471104,0.0219890054972513,0.0182408795602198,0.0032483758120938,0.0029985007496251,0.0002498750624687,0.0042478760619689,0.0017491254372813,0.0024987506246876,0.0034982508745626,0.0024987506246876,0.000999500249875,0.0174912543728135,0.0157421289355322,0.0017491254372813,0.010494752623688,0.0067466266866566,0.0037481259370314,0.00199900049975,0.0012493753123438,0.0007496251874062,0.0059970014992502,0.0007496251874062,0.005247376311844,0.0117441279360319,0.0019990004997501,0.0097451274362818,1246
2024-04-01,2024,4,0.7522912423625253,0.1547861507128309,0.5975050916496945,0.0007637474541751,0.000254582484725,0.0005091649694501,0.0101832993890019,0.0033095723014256,0.0068737270875763,0.0017820773930753001,0.0012729124236252,0.0005091649694501,0.0109470468431771,0.0035641547861507,0.0073828920570264,0.048370672097759596,0.0417515274949083,0.0066191446028513,0.0020366598778004,0.0015274949083503,0.0005091649694501,0.000254582484725,0.000254582484725,0.0,0.0246945010183298,0.0109470468431771,0.0137474541751527,0.0058553971486761,0.0056008146639511,0.000254582484725,0.0017820773930753,0.0017820773930753,0.0,0.0618635437881872,0.0529531568228105,0.0089103869653767,0.0460794297352341,0.020366598778004,0.0257128309572301,0.0038187372708757,0.0033095723014256,0.0005091649694501,0.0012729124236252,0.0012729124236252,0.0,0.0043279022403258,0.0033095723014256,0.0010183299389002,0.019602851323828798,0.0188391038696537,0.0007637474541751,0.009164969450101802,0.0081466395112016,0.0010183299389002,0.0038187372708757003,0.0025458248472505,0.0012729124236252,0.0068737270875763,0.0012729124236252,0.0056008146639511,0.0106924643584521,0.0025458248472505,0.0081466395112016,1240
2024-05-01,2024,5,0.7445202143205065,0.1490501704822211,0.5954700438382854,0.0014612761811982,0.0004870920603994,0.0009741841207988,0.0153433999025815,0.0073063809059912,0.0080370189965903,0.0019483682415976,0.0014612761811982,0.0004870920603994,0.016561130053580002,0.0051144666341938,0.0114466634193862,0.034096444227958995,0.0314174378957623,0.0026790063321967,0.0043838285435947,0.0036531904529956,0.0007306380905991,0.0,0.0,0.0,0.0280077934729663,0.0080370189965903,0.019970774476376,0.0068192888455917994,0.0063321967851924,0.0004870920603994,0.0009741841207988,0.0009741841207988,0.0,0.0628348757915245,0.055772040915733,0.0070628348757915,0.055772040915733,0.0224062347783731,0.0333658061373599,0.0036531904529955002,0.0026790063321967,0.0009741841207988,0.0009741841207988,0.0002435460301997,0.0007306380905991,0.0048709206039941,0.0034096444227959,0.0014612761811982,0.0170482221139795,0.0163175840233804,0.0007306380905991,0.0009741841207988,0.0004870920603994,0.0004870920603994,0.0021919142717973,0.0017048222113979,0.0004870920603994,0.006575742815392,0.0009741841207988,0.0056015586945932,0.010716025328787,0.0019483682415976,0.0087676570871894,1233
2024-06-01,2024,6,0.7666405638214565,0.1500913599582354,0.6165492038632211,0.0005220569042024,0.0002610284521012,0.0002610284521012,0.0080918820151396,0.0033933698773166,0.004698512137823,0.0020882276168101,0.0015661707126076,0.0005220569042025,0.0211433046202035,0.0083529104672409,0.0127903941529626,0.0229705037849124,0.0200991908117984,0.002871312973114,0.0028713129731139002,0.0026102845210127,0.0002610284521012,0.0002610284521012,0.0002610284521012,0.0,0.0274079874706342,0.0151396502218741,0.0122683372487601,0.018794048551292,0.0180109631949882,0.0007830853563038,0.0018271991647089,0.0018271991647089,0.0,0.0511615766118506,0.043069694596711,0.0080918820151396,0.060558600887496594,0.031845471156356,0.0287131297311406,0.0005220569042025,0.0005220569042025,0.0,0.0015661707126075,0.0013051422605063,0.0002610284521012,0.0039154267815191,0.0020882276168102,0.0018271991647089,0.0049595405899242,0.0044374836857217,0.0005220569042025,0.0013051422605063,0.0010441138084051,0.0002610284521012,0.0023492560689114,0.0010441138084051,0.0013051422605063,0.0065257113025319,0.0015661707126076,0.0049595405899243,0.0086139389193421,0.0018271991647089,0.0067867397546332,1142
2024-07-01,2024,7,0.7612745098039215,0.1588235294117647,0.6024509803921568,0.0004901960784313,0.0,0.0004901960784313,0.0051470588235294,0.0017156862745098,0.0034313725490196,0.0012254901960783,0.0009803921568627,0.0002450980392156,0.0220588235294117,0.0063725490196078,0.0156862745098039,0.0281862745098038,0.0242647058823529,0.0039215686274509,0.005147058823529301,0.0049019607843137,0.0002450980392156,0.0002450980392156,0.0002450980392156,0.0,0.0208333333333332,0.0110294117647058,0.0098039215686274,0.0306372549019606,0.030392156862745,0.0002450980392156,0.0022058823529411,0.0022058823529411,0.0,0.0578431372549019,0.0517156862745098,0.0061274509803921,0.0365196078431372,0.0125,0.0240196078431372,0.002205882352941,0.0019607843137254,0.0002450980392156,0.0024509803921568,0.0012254901960784,0.0012254901960784,0.0105392156862744,0.005392156862745,0.0051470588235294,0.008578431372548899,0.0080882352941176,0.0004901960784313,0.0007352941176469001,0.0004901960784313,0.0002450980392156,0.0026960784313725,0.0014705882352941,0.0012254901960784,0.0056372549019607,0.0022058823529411,0.0034313725490196,0.0120098039215686,0.0051470588235294,0.0068627450980392,1286
2024-08-01,2024,8,0.7987897125567321,0.1091780131114473,0.6896116994452849,0.0007564296520423,0.0002521432173474,0.0005042864346949,0.0057992939989913,0.0012607160867372,0.0045385779122541,0.0007564296520423,0.0007564296520423,0.0,0.0181543116490165,0.007816439737771,0.0103378719112455,0.0194150277357538,0.0171457387796268,0.002269288956127,0.0,0.0,0.0,0.0002521432173474,0.0002521432173474,0.0,0.0257186081694402,0.0080685829551185,0.0176500252143217,0.007060010085728601,0.0068078668683812,0.0002521432173474,0.0032778618255168,0.0032778618255168,0.0,0.0516893595562278,0.0451336359051941,0.0065557236510337,0.0393343419062026,0.0206757438224911,0.0186585980837115,0.0025214321734745,0.0020171457387796,0.0005042864346949,0.0007564296520423,0.0007564296520423,0.0,0.0063035804336863,0.0037821482602118,0.0025214321734745,0.0063035804336863,0.0052950075642965,0.0010085728693898,0.0015128593040847002,0.0005042864346949,0.0010085728693898,0.0032778618255168,0.0015128593040847,0.0017650025214321,0.0088250126071607,0.0032778618255168,0.0055471507816439,0.009581442259203099,0.0025214321734745,0.0070600100857286,913
2024-09-01,2024,9,0.7958469435370976,0.147690153989734,0.6481567895473636,0.0006999533364440999,0.0004666355576294,0.0002333177788147,0.0062995800279980994,0.0020998600093327,0.0041997200186654,0.0004666355576294,0.0002333177788147,0.0002333177788147,0.0125991600559961,0.0039664022398506,0.0086327578161455,0.0216985534297712,0.0202986467568828,0.0013999066728884,0.0011665888940737,0.0011665888940737,0.0,0.0002333177788147,0.0,0.0002333177788147,0.032897806812879,0.0167988800746616,0.0160989267382174,0.008166122258516,0.0067662155856276,0.0013999066728884,0.0009332711152589,0.0009332711152589,0.0,0.044097060195986804,0.0354643023798413,0.0086327578161455,0.038264115725618206,0.0186654223051796,0.0195986934204386,0.0102659822678487,0.010032664489034,0.0002333177788147,0.0037330844610358,0.0027998133457769,0.0009332711152589,0.0037330844610359,0.0011665888940737,0.0025664955669622,0.0104993000466635,0.0097993467102193,0.0006999533364442,0.0025664955669621,0.0018665422305179,0.0006999533364442,0.0032664489034064,0.0016332244517032,0.0016332244517032,0.009099393373775001,0.0044330377974801,0.0046663555762949,0.0041997200186653,0.0004666355576294,0.0037330844610359,1183
2024-10-01,2024,10,0.7692485016136469,0.1267865375749193,0.6424619640387276,0.0002305209774089,0.0002305209774089,0.0,0.0094513600737666,0.0048409405255878,0.0046104195481788,0.0002305209774089,0.0002305209774089,0.0,0.0126786537574918,0.0046104195481788,0.008068234209313,0.0251267865375749,0.0235131396957123,0.0016136468418626,0.0,0.0,0.0,0.0,0.0,0.0,0.0138312586445365,0.0055325034578146,0.0082987551867219,0.008068234209313,0.0078377132319041,0.0002305209774089,0.0020746887966804,0.0020746887966804,0.0,0.0454126325495619,0.0401106500691562,0.0053019824804057,0.0518672199170124,0.0267404333794375,0.0251267865375749,0.0046104195481788,0.0034578146611341,0.0011526048870447,0.0043798985707698,0.0029967727063162,0.0013831258644536,0.0338865836791147,0.0175195942830797,0.016366989396035,0.011756569847856,0.0103734439834024,0.0013831258644536,0.0013831258644536,0.0006915629322268,0.0006915629322268,0.0020746887966804,0.0011526048870447,0.0009220839096357,0.0092208390963576,0.0025357307514983,0.0066851083448593,0.0101429230059934,0.0046104195481788,0.0055325034578146,1171
2024-11-01,2024,11,0.828440366972477,0.161697247706422,0.666743119266055,0.0011467889908256,0.0009174311926605,0.0002293577981651,0.0075688073394493995,0.003440366972477,0.0041284403669724,0.0011467889908256,0.0006880733944954,0.0004587155963302,0.0183486238532109,0.0107798165137614,0.0075688073394495,0.0222477064220183,0.0197247706422018,0.0025229357798165,0.0002293577981651,0.0002293577981651,0.0,0.0,0.0,0.0,0.023394495412844,0.0091743119266055,0.0142201834862385,0.0066513761467889,0.0061926605504587,0.0004587155963302,0.0002293577981651,0.0002293577981651,0.0,0.0369266055045871,0.0332568807339449,0.0036697247706422,0.0302752293577981,0.0130733944954128,0.0172018348623853,0.0034403669724768996,0.0029816513761467,0.0004587155963302,0.0032110091743119,0.0025229357798165,0.0006880733944954,0.0066513761467889,0.0041284403669724,0.0025229357798165,0.0066513761467889,0.0061926605504587,0.0004587155963302,0.0016055045871559,0.0006880733944954,0.0009174311926605,0.0011467889908256,0.0011467889908256,0.0,0.008256880733944899,0.0025229357798165,0.0057339449541284,0.0045871559633027005,0.0020642201834862,0.0025229357798165,1175
2024-12-01,2024,12,0.8321146534074291,0.1474115238373793,0.6847031295700498,0.0008774495466510001,0.000292483182217,0.000584966364434,0.0055571804621233,0.0023398654577361,0.0032173150043872,0.001169932728868,0.001169932728868,0.0,0.0061421468265574,0.0017548990933021,0.0043872477332553,0.0198888563907574,0.0187189236618894,0.001169932728868,0.000292483182217,0.000292483182217,0.0,0.000292483182217,0.000292483182217,0.0,0.0298332845861362,0.0078970459198596,0.0219362386662766,0.0055571804621233995,0.0052646972799064,0.000292483182217,0.000292483182217,0.000292483182217,0.0,0.0444574436969874,0.0365603977771278,0.0078970459198596,0.0444574436969873,0.0204738227551915,0.0239836209417958,0.0026323486399530997,0.0023398654577361,0.000292483182217,0.001169932728868,0.0,0.001169932728868,0.001169932728868,0.001169932728868,0.0,0.0052646972799063,0.0049722140976893,0.000292483182217,0.0029248318221701,0.0020473822755191,0.000877449546651,0.000584966364434,0.000292483182217,0.000292483182217,0.0040947645510382,0.001169932728868,0.0029248318221702,0.0043872477332552,0.000877449546651,0.0035097981866042,831
2025-01-01,2025,1,0.8515535097813579,0.158036056770234,0.6935174530111239,0.0003835826620636,0.0,0.0003835826620636,0.0015343306482546002,0.0003835826620636,0.001150747986191,0.0003835826620636,0.0003835826620636,0.0,0.0072880705792097,0.003452243958573,0.0038358266206367,0.019179133103183702,0.016494054468738,0.0026850786344457,0.0003835826620636,0.0003835826620636,0.0,0.0,0.0,0.0,0.0207134637514383,0.0061373225930187,0.0145761411584196,0.005370157268891299,0.0049865746068277,0.0003835826620636,0.0007671653241273,0.0007671653241273,0.0,0.0467970847717682,0.0375911008822401,0.0092059838895281,0.0310701956271575,0.0141925584963559,0.0168776371308016,0.0034522439585729,0.0030686612965093,0.0003835826620636,0.0007671653241272,0.0003835826620636,0.0003835826620636,0.0038358266206366,0.0019179133103183,0.0019179133103183,0.0080552359033371,0.0080552359033371,0.0,0.0003835826620636,0.0003835826620636,0.0,0.0007671653241273,0.0007671653241273,0.0,0.0053701572688914,0.0026850786344457,0.0026850786344457,0.0042194092827003,0.0030686612965093,0.001150747986191,654
2025-02-01,2025,2,0.8243243243243243,0.1465696465696465,0.6777546777546778,0.0,0.0,0.0,0.0093555093555093,0.0062370062370062,0.0031185031185031,0.0,0.0,0.0,0.001039501039501,0.001039501039501,0.0,0.019750519750519703,0.0166320166320166,0.0031185031185031,0.0,0.0,0.0,0.001039501039501,0.001039501039501,0.0,0.0332640332640331,0.0103950103950103,0.0228690228690228,0.0187110187110186,0.0176715176715176,0.001039501039501,0.0,0.0,0.0,0.044698544698544604,0.0363825363825363,0.0083160083160083,0.0176715176715176,0.0145530145530145,0.0031185031185031,0.002079002079002,0.002079002079002,0.0,0.0041580041580041,0.001039501039501,0.0031185031185031,0.004158004158004,0.002079002079002,0.002079002079002,0.0062370062370061,0.0051975051975051,0.001039501039501,0.001039501039501,0.001039501039501,0.0,0.0,0.0,0.0,0.0093555093555092,0.002079002079002,0.0072765072765072,0.014553014553014401,0.002079002079002,0.0124740124740124,245
2025-03-01,2025,3,0.797242497972425,0.1646390916463909,0.6326034063260341,0.0008110300081103,0.0008110300081103,0.0,0.0048661800486618,0.0024330900243309,0.0024330900243309,0.0032441200324412,0.0032441200324412,0.0,0.0048661800486618,0.0024330900243309,0.0024330900243309,0.0145985401459854,0.0145985401459854,0.0,0.0032441200324412,0.0032441200324412,0.0,0.0,0.0,0.0,0.0364963503649635,0.0137875101378751,0.0227088402270884,0.017842660178426603,0.0170316301703163,0.0008110300081103,0.0008110300081103,0.0008110300081103,0.0,0.0462287104622871,0.0421735604217356,0.0040551500405515,0.0275750202757502,0.0154095701540957,0.0121654501216545,0.012165450121654499,0.0105433901054339,0.0016220600162206,0.0008110300081103,0.0008110300081103,0.0,0.0048661800486618,0.0048661800486618,0.0,0.0064882400648824,0.0056772100567721,0.0008110300081103,0.0008110300081103,0.0008110300081103,0.0,0.0016220600162206,0.0,0.0016220600162206,0.015409570154095699,0.0056772100567721,0.0097323600973236,0.008110300081103,0.0032441200324412,0.0048661800486618,374
2025-04-01,2025,4,0.8778077268643305,0.1904761904761904,0.6873315363881402,0.0,0.0,0.0,0.0053908355795148,0.0017969451931716,0.0035938903863432,0.0,0.0,0.0,0.0035938903863432,0.0026954177897574,0.0008984725965858,0.0152740341419586,0.0143755615453728,0.0008984725965858,0.0,0.0,0.0,0.0,0.0,0.0,0.0161725067385444,0.0080862533692722,0.0080862533692722,0.008984725965858,0.008984725965858,0.0,0.0017969451931716,0.0017969451931716,0.0,0.035938903863432105,0.0323450134770889,0.0035938903863432,0.0215633423180592,0.0116801437556154,0.0098831985624438,0.0008984725965858,0.0008984725965858,0.0,0.0008984725965858,0.0008984725965858,0.0,0.0035938903863432,0.0008984725965858,0.0026954177897574,0.0062893081761006,0.0062893081761006,0.0,0.0008984725965858,0.0,0.0008984725965858,0.0,0.0,0.0,0.0062893081761006,0.0035938903863432,0.0026954177897574,0.004492362982929,0.0017969451931716,0.0026954177897574,306
2025-05-01,2025,5,0.7226890756302521,0.3991596638655462,0.3235294117647059,0.0,0.0,0.0,0.0294117647058823,0.0210084033613445,0.0084033613445378,0.0,0.0,0.0,0.012605042016806699,0.0084033613445378,0.0042016806722689,0.012605042016806699,0.0084033613445378,0.0042016806722689,0.0,0.0,0.0,0.0,0.0,0.0,0.012605042016806699,0.0084033613445378,0.0042016806722689,0.0252100840336134,0.0252100840336134,0.0,0.0,0.0,0.0,0.0462184873949579,0.0378151260504201,0.0084033613445378,0.0042016806722689,0.0042016806722689,0.0,0.0168067226890756,0.0168067226890756,0.0,0.0,0.0,0.0,0.012605042016806699,0.0084033613445378,0.0042016806722689,0.0378151260504201,0.0378151260504201,0.0,0.0,0.0,0.0,0.0,0.0,0.0,0.029411764705882297,0.0126050420168067,0.0168067226890756,0.0210084033613445,0.0,0.0210084033613445,140
2025-06-01,2025,6,0.6542056074766354,0.2429906542056074,0.411214953271028,0.0,0.0,0.0,0.0,0.0,0.0,0.0,0.0,0.0,0.02803738317757,0.0,0.02803738317757,0.02803738317757,0.02803738317757,0.0,0.0,0.0,0.0,0.0,0.0,0.0,0.0841121495327102,0.0654205607476635,0.0186915887850467,0.0,0.0,0.0,0.0,0.0,0.0,0.056074766355140096,0.0373831775700934,0.0186915887850467,0.037383177570093296,0.0093457943925233,0.02803738317757,0.0,0.0,0.0,0.0,0.0,0.0,0.02803738317757,0.02803738317757,0.0,0.0093457943925233,0.0093457943925233,0.0,0.0,0.0,0.0,0.0467289719626168,0.0467289719626168,0.0,0.0186915887850467,0.0186915887850467,0.0,0.0093457943925233,0.0,0.0093457943925233,50
2025-07-01,2025,7,0.6632653061224489,0.2142857142857142,0.4489795918367347,0.0204081632653061,0.0204081632653061,0.0,0.010204081632653,0.010204081632653,0.0,0.0,0.0,0.0,0.0408163265306122,0.0,0.0408163265306122,0.010204081632653,0.010204081632653,0.0,0.0,0.0,0.0,0.0,0.0,0.0,0.0714285714285714,0.0714285714285714,0.0,0.0204081632653061,0.0204081632653061,0.0,0.0,0.0,0.0,0.020408163265306,0.010204081632653,0.010204081632653,0.0612244897959183,0.0612244897959183,0.0,0.0,0.0,0.0,0.0,0.0,0.0,0.010204081632653,0.010204081632653,0.0,0.010204081632653,0.010204081632653,0.0,0.0,0.0,0.0,0.0,0.0,0.0,0.0306122448979591,0.0306122448979591,0.0,0.0,0.0,0.0,46
2025-08-01,2025,8,0.7076923076923076,0.4230769230769231,0.2846153846153846,0.0,0.0,0.0,0.0230769230769229,0.0153846153846153,0.0076923076923076,0.0,0.0,0.0,0.030769230769230597,0.023076923076923,0.0076923076923076,0.0307692307692307,0.0307692307692307,0.0,0.0,0.0,0.0,0.0,0.0,0.0,0.053846153846153696,0.0307692307692307,0.023076923076923,0.0,0.0,0.0,0.0076923076923076,0.0076923076923076,0.0,0.0538461538461537,0.0461538461538461,0.0076923076923076,0.0538461538461538,0.0538461538461538,0.0,0.0,0.0,0.0,0.0,0.0,0.0,0.0076923076923076,0.0076923076923076,0.0,0.0153846153846153,0.0153846153846153,0.0,0.0,0.0,0.0,0.0,0.0,0.0,0.0076923076923076,0.0,0.0076923076923076,0.0153846153846153,0.0153846153846153,0.0,83
2025-09-01,2025,9,0.7,0.2,0.5,0.0,0.0,0.0,0.0,0.0,0.0,0.0,0.0,0.0,0.0,0.0,0.0,0.1,0.1,0.0,0.0,0.0,0.0,0.0,0.0,0.0,0.0,0.0,0.0,0.0,0.0,0.0,0.0,0.0,0.0,0.2,0.2,0.0,0.0,0.0,0.0,0.0,0.0,0.0,0.0,0.0,0.0,0.1,0.1,0.0,0.0,0.0,0.0,0.0,0.0,0.0,0.0,0.0,0.0,0.0,0.0,0.0,0.0,0.0,0.0,5
2025-10-01,2025,10,0.6875,0.21875,0.46875,0.0,0.0,0.0,0.03125,0.03125,0.0,0.0,0.0,0.0,0.0,0.0,0.0,0.03125,0.03125,0.0,0.03125,0.03125,0.0,0.0,0.0,0.0,0.0,0.0,0.0,0.03125,0.03125,0.0,0.0,0.0,0.0,0.0,0.0,0.0,0.0,0.0,0.0,0.03125,0.03125,0.0,0.0,0.0,0.0,0.03125,0.03125,0.0,0.09375,0.09375,0.0,0.0,0.0,0.0,0.0,0.0,0.0,0.03125,0.03125,0.0,0.03125,0.03125,0.0,17
2025-11-01,2025,11,0.8,0.4,0.4,0.0,0.0,0.0,0.0,0.0,0.0,0.0,0.0,0.0,0.0,0.0,0.0,0.0,0.0,0.0,0.0,0.0,0.0,0.0,0.0,0.0,0.0,0.0,0.0,0.0,0.0,0.0,0.0,0.0,0.0,0.0,0.0,0.0,0.0,0.0,0.0,0.0,0.0,0.0,0.0,0.0,0.0,0.0,0.0,0.0,0.2,0.2,0.0,0.0,0.0,0.0,0.0,0.0,0.0,0.0,0.0,0.0,0.0,0.0,0.0,3
2025-12-01,2025,12,,,,,,,,,,,,,,,,,,,,,,,,,,,,,,,,,,,,,,,,,,,,,,,,,,,,,,,,,,,,,,,,0
