date,year,month,-999Norm,cr_-999Norm,nr_-999Norm,activismNorm,cr_activismNorm,nr_activismNorm,arrestNorm,cr_arrestNorm,nr_arrestNorm,censorNorm,cr_censorNorm,nr_censorNorm,cooperateNorm,cr_cooperateNorm,nr_cooperateNorm,corruptionNorm,cr_corruptionNorm,nr_corruptionNorm,coupNorm,cr_coupNorm,nr_coupNorm,defamationcaseNorm,cr_defamationcaseNorm,nr_defamationcaseNorm,disasterNorm,cr_disasterNorm,nr_disasterNorm,electionactivityNorm,cr_electionactivityNorm,nr_electionactivityNorm,electionirregularitiesNorm,cr_electionirregularitiesNorm,nr_electionirregularitiesNorm,legalactionNorm,cr_legalactionNorm,nr_legalactionNorm,legalchangeNorm,cr_legalchangeNorm,nr_legalchangeNorm,martiallawNorm,cr_martiallawNorm,nr_martiallawNorm,mobilizesecurityNorm,cr_mobilizesecurityNorm,nr_mobilizesecurityNorm,protestNorm,cr_protestNorm,nr_protestNorm,purgeNorm,cr_purgeNorm,nr_purgeNorm,raidNorm,cr_raidNorm,nr_raidNorm,threatenNorm,cr_threatenNorm,nr_threatenNorm,violencelethalNorm,cr_violencelethalNorm,nr_violencelethalNorm,violencenonlethalNorm,cr_violencenonlethalNorm,nr_violencenonlethalNorm,total_articles
2012-01-01,2012,1,0.7095422308188265,0.1611863313990973,0.5483558994197292,0.0048355899419728,0.0025789813023855,0.0022566086395873,0.0209542230818826,0.0029013539651837,0.0180528691166989,0.0006447453255962,0.0003223726627981,0.0003223726627981,0.016118633139909598,0.0070921985815602,0.0090264345583494,0.0396518375241778,0.0267569310122501,0.0128949065119277,0.00354609929078,0.0029013539651837,0.0006447453255963,0.0025789813023854,0.0016118633139909,0.0009671179883945,0.0451321727917472,0.0174081237911025,0.0277240490006447,0.0054803352675692,0.0045132172791747,0.0009671179883945,0.0012894906511927,0.0012894906511927,0.0,0.09252095422308171,0.0612508059316569,0.0312701482914248,0.0180528691166988,0.0077369439071566,0.0103159252095422,0.0003223726627981,0.0,0.0003223726627981,0.0032237266279818,0.0019342359767891,0.0012894906511927,0.0045132172791746,0.0025789813023855,0.0019342359767891,0.0080593165699547,0.0070921985815602,0.0009671179883945,0.0022566086395872,0.0012894906511927,0.0009671179883945,0.0016118633139908,0.0012894906511927,0.0003223726627981,0.033204384268214,0.0109606705351386,0.0222437137330754,0.0212765957446808,0.0096711798839458,0.011605415860735,957
2012-02-01,2012,2,0.6962722852512155,0.1717990275526742,0.5244732576985414,0.0042139384116693,0.0035656401944894,0.0006482982171799,0.022366288492706502,0.0029173419773095,0.019448946515397,0.0006482982171799,0.0006482982171799,0.0,0.0106969205834683,0.0048622366288492,0.0058346839546191,0.0440842787682333,0.0324149108589951,0.0116693679092382,0.0016207455429497,0.0009724473257698,0.0006482982171799,0.0029173419773095,0.0016207455429497,0.0012965964343598,0.0470016207455429,0.0252836304700162,0.0217179902755267,0.0048622366288492,0.0048622366288492,0.0,0.0009724473257698,0.0009724473257698,0.0,0.10988654781199339,0.0703403565640194,0.039546191247974,0.0204213938411669,0.006482982171799,0.0139384116693679,0.0006482982171798,0.0003241491085899,0.0003241491085899,0.0045380875202592,0.0035656401944894,0.0009724473257698,0.0042139384116693,0.0035656401944894,0.0006482982171799,0.0074554294975688,0.0071312803889789,0.0003241491085899,0.0003241491085899,0.0,0.0003241491085899,0.0022690437601296,0.0016207455429497,0.0006482982171799,0.033387358184764904,0.0158833063209076,0.0175040518638573,0.0184764991896271,0.0087520259319286,0.0097244732576985,1058
2012-03-01,2012,3,0.7327481840193704,0.1661622276029055,0.5665859564164649,0.006355932203389699,0.0039346246973365,0.0024213075060532,0.023002421307506002,0.0048426150121065,0.0181598062953995,0.0,0.0,0.0,0.0169491525423727,0.0081719128329297,0.008777239709443,0.032687651331719,0.0226997578692493,0.0099878934624697,0.0030266343825665,0.0024213075060532,0.0006053268765133,0.0018159806295398,0.0009079903147699,0.0009079903147699,0.0348062953995157,0.0084745762711864,0.0263317191283293,0.0093825665859563,0.0078692493946731,0.0015133171912832,0.0006053268765133,0.0006053268765133,0.0,0.08504842615012101,0.0502421307506053,0.0348062953995157,0.0226997578692493,0.0081719128329297,0.0145278450363196,0.0003026634382566,0.0,0.0003026634382566,0.0045399515738498,0.0033292978208232,0.0012106537530266,0.0057506053268765005,0.0036319612590799,0.0021186440677966,0.006053268765133101,0.0042372881355932,0.0018159806295399,0.0009079903147699,0.0003026634382566,0.0006053268765133,0.0045399515738498,0.0036319612590799,0.0009079903147699,0.023607748184019298,0.010593220338983,0.0130145278450363,0.0157384987893462,0.0078692493946731,0.0078692493946731,982
2012-04-01,2012,4,0.7611548556430446,0.1729002624671916,0.588254593175853,0.0039370078740156,0.0019685039370078,0.0019685039370078,0.0223097112860891,0.0068897637795275,0.0154199475065616,0.0009842519685039001,0.0006561679790026,0.0003280839895013,0.0226377952755905,0.0134514435695538,0.0091863517060367,0.0203412073490813,0.0134514435695538,0.0068897637795275,0.0013123359580052,0.0013123359580052,0.0,0.0026246719160104,0.0013123359580052,0.0013123359580052,0.027230971128608797,0.0068897637795275,0.0203412073490813,0.0114829396325459,0.0111548556430446,0.0003280839895013,0.0016404199475065,0.0016404199475065,0.0,0.0570866141732283,0.0291994750656168,0.0278871391076115,0.016076115485564202,0.0059055118110236,0.0101706036745406,0.0006561679790026,0.0,0.0006561679790026,0.0068897637795274,0.0052493438320209,0.0016404199475065,0.0075459317585300995,0.0062335958005249,0.0013123359580052,0.0036089238845143003,0.0026246719160104,0.0009842519685039,0.0022965879265091,0.0006561679790026,0.0016404199475065,0.006561679790026201,0.0059055118110236,0.0006561679790026,0.028871391076115402,0.0141076115485564,0.014763779527559,0.0157480314960629,0.0082020997375328,0.0075459317585301,904
2012-05-01,2012,5,0.7434807256235827,0.187641723356009,0.5558390022675737,0.0042517006802721,0.0014172335600907,0.0028344671201814,0.0161564625850339,0.0022675736961451,0.0138888888888888,0.0008503401360543,0.0005668934240362,0.0002834467120181,0.0158730158730158,0.0079365079365079,0.0079365079365079,0.035147392290249296,0.0277777777777777,0.0073696145124716,0.0008503401360543,0.0002834467120181,0.0005668934240362,0.0019841269841269,0.0017006802721088,0.0002834467120181,0.0342970521541949,0.0065192743764172,0.0277777777777777,0.0150226757369613,0.0138888888888888,0.0011337868480725,0.0019841269841269,0.0019841269841269,0.0,0.0821995464852607,0.0566893424036281,0.0255102040816326,0.0172902494331065,0.0079365079365079,0.0093537414965986,0.0002834467120181,0.0002834467120181,0.0,0.0036848072562357,0.0025510204081632,0.0011337868480725,0.0124716553287981,0.0110544217687074,0.0014172335600907,0.0053854875283446,0.0045351473922902,0.0008503401360544,0.0017006802721087999,0.0002834467120181,0.0014172335600907,0.0034013605442176,0.0025510204081632,0.0008503401360544,0.0252267573696144,0.0110544217687074,0.014172335600907,0.0107709750566893,0.0056689342403628,0.0051020408163265,1161
2012-06-01,2012,6,0.7447795823665893,0.1763341067285382,0.568445475638051,0.0036460059661914,0.0016572754391779,0.0019887305270135,0.0169042094796154,0.0023201856148491,0.0145840238647663,0.0009943652635066,0.0006629101756711,0.0003314550878355,0.0182300298309578,0.0106065628107391,0.0076234670202187,0.0192243950944646,0.0142525687769307,0.0049718263175339,0.0009943652635066,0.0003314550878355,0.0006629101756711,0.0019887305270134,0.0003314550878355,0.0016572754391779,0.0487238979118329,0.0149154789526019,0.033808418959231,0.011269472986410201,0.0106065628107391,0.0006629101756711,0.0013258203513422,0.0009943652635067,0.0003314550878355,0.0467351673848192,0.0225389459728206,0.0241962214119986,0.0334769638713954,0.0175671196552867,0.0159098442161087,0.0009943652635066,0.0006629101756711,0.0003314550878355,0.005634736493205001,0.0026516407026847,0.0029830957905203,0.0059661915810406,0.0043089161418627,0.0016572754391779,0.007292011932383,0.0053032814053695,0.0019887305270135,0.0029830957905202,0.0009943652635067,0.0019887305270135,0.0026516407026846,0.0019887305270135,0.0006629101756711,0.023864766324163,0.0119323831620815,0.0119323831620815,0.018230029830957797,0.0079549221080543,0.0102751077229035,900
2012-07-01,2012,7,0.7491788593610033,0.1958793669752165,0.5532994923857868,0.0035831591519855997,0.001492982979994,0.0020901761719916,0.014332636607942598,0.0020901761719916,0.012242460435951,0.0002985965959988,0.0,0.0002985965959988,0.0217975515079127,0.0140340400119438,0.0077635114959689,0.024484920871902,0.0182143923559271,0.0062705285159749,0.0005971931919976,0.0005971931919976,0.0,0.0017915795759928,0.0005971931919976,0.0011943863839952,0.0424007166318303,0.0140340400119438,0.0283666766198865,0.013735443415945,0.0125410570319498,0.0011943863839952,0.0020901761719916,0.0020901761719916,0.0,0.048969841743804005,0.0298596595998805,0.0191101821439235,0.040310540459838604,0.0197073753359211,0.0206031651239175,0.0008957897879964,0.0005971931919976,0.0002985965959988,0.0023887727679904,0.0017915795759928,0.0005971931919976,0.0068677217079725,0.0062705285159749,0.0005971931919976,0.006270528515974799,0.0041803523439832,0.0020901761719916,0.0017915795759928,0.0005971931919976,0.0011943863839952,0.0023887727679904,0.0011943863839952,0.0011943863839952,0.0214989549119139,0.0089578978799641,0.0125410570319498,0.0161242161839354,0.0080621080919677,0.0080621080919677,1099
2012-08-01,2012,8,0.7330921235736152,0.1725577511828555,0.5605343723907598,0.0055663790704146,0.0025048705816866,0.003061508488728,0.0141942666295574,0.0027831895352073,0.0114110770943501,0.0005566379070414,0.0,0.0005566379070414,0.0122460339549122,0.0069579738380183,0.0052880601168939,0.0136376287225159,0.0102978012802671,0.0033398274422488,0.0022265516281658,0.0002783189535207,0.0019482326746451,0.0022265516281658,0.0005566379070414,0.0016699137211244,0.089062065126635,0.0414695240745894,0.0475925410520456,0.007792930698580501,0.0075146117450598,0.0002783189535207,0.0008349568605622,0.0008349568605622,0.0,0.0370164208182577,0.0192040077929307,0.017812413025327,0.0297801280267185,0.0147509045365989,0.0150292234901196,0.0027831895352073,0.0019482326746451,0.0008349568605622,0.0033398274422488,0.0016699137211244,0.0016699137211244,0.0055663790704146,0.004174784302811,0.0013915947676036,0.0052880601168939,0.0027831895352073,0.0025048705816866,0.0008349568605621001,0.0002783189535207,0.0005566379070414,0.0022265516281658,0.0008349568605622,0.0013915947676036,0.0281102143055941,0.012524352908433,0.0155858613971611,0.0150292234901196,0.008349568605622,0.0066796548844976,1096
2012-09-01,2012,9,0.7183960820324456,0.1919191919191919,0.5264768901132537,0.0033670033670032996,0.0006121824303642,0.0027548209366391,0.022650749923477098,0.0033670033670033,0.0192837465564738,0.0033670033670033,0.0033670033670033,0.0,0.0195898377716558,0.0097949188858279,0.0097949188858279,0.0232629323538413,0.0183654729109274,0.0048974594429139,0.0027548209366389997,0.0015304560759106,0.0012243648607284,0.0018365472910926,0.0009182736455463,0.0009182736455463,0.0517294153657789,0.0244872972145699,0.027242118151209,0.0192837465564737,0.0180593816957453,0.0012243648607284,0.0012243648607284,0.0012243648607284,0.0,0.0514233241505968,0.0254055708601163,0.0260177532904805,0.0342822161003979,0.0140801958983777,0.0202020202020202,0.0036730945821854,0.0018365472910927,0.0018365472910927,0.0058157330884603,0.0055096418732782,0.0003060912151821,0.0024487297214569,0.0021426385062748,0.0003060912151821,0.01010101010101,0.0073461891643709,0.0027548209366391,0.0006121824303642,0.0003060912151821,0.0003060912151821,0.0048974594429139,0.0042852770125497,0.0006121824303642,0.0223446587082949,0.0097949188858279,0.012549739822467,0.0131619222528312,0.0082644628099173,0.0048974594429139,1117
2012-10-01,2012,10,0.7174460935312237,0.2016241949033884,0.5158218986278353,0.0061607392887145,0.0039204704564547,0.0022402688322598,0.021842621114533698,0.0050406048725847,0.016802016241949,0.0002800336040324,0.0,0.0002800336040324,0.033604032483898004,0.0238028563427611,0.0098011761411369,0.0210025203024361,0.0140016802016241,0.007000840100812,0.0011201344161299,0.0011201344161299,0.0,0.0011201344161299,0.0011201344161299,0.0,0.034164099691963,0.0151218146177541,0.0190422850742089,0.0285634276113133,0.0271632595911509,0.0014001680201624,0.0014001680201624,0.0014001680201624,0.0,0.0445253430411648,0.0268832259871184,0.0176421170540464,0.0453654438532623,0.0246429571548585,0.0207224866984038,0.0014001680201623,0.0002800336040324,0.0011201344161299,0.0033604032483897,0.0022402688322598,0.0011201344161299,0.0061607392887145,0.0056006720806496,0.0005600672080649,0.0075609073088769,0.0056006720806496,0.0019602352282273,0.0022402688322598003,0.0005600672080649,0.0016802016241949,0.0036404368524222,0.0022402688322598,0.0014001680201624,0.0235228227387285,0.0106412769532343,0.0128815457854942,0.014561747409689099,0.0042005040604872,0.0103612433492019,1301
2012-11-01,2012,11,0.7345104333868377,0.1791332263242375,0.5553772070626003,0.0051364365971106,0.0028892455858747,0.0022471910112359,0.0253611556982343,0.0032102728731942,0.0221508828250401,0.0003210272873194,0.0,0.0003210272873194,0.02215088282504,0.012199036918138,0.009951845906902,0.019903691813804,0.0112359550561797,0.0086677367576243,0.0012841091492776,0.0006420545746388,0.0006420545746388,0.0012841091492776,0.0,0.0012841091492776,0.0250401284109148,0.0109149277688603,0.0141252006420545,0.0125200642054574,0.0118780096308186,0.0006420545746388,0.0012841091492776,0.0012841091492776,0.0,0.0587479935794541,0.0288924558587479,0.0298555377207062,0.051043338683788,0.0231139646869983,0.0279293739967897,0.001605136436597,0.0006420545746388,0.0009630818619582,0.0035313001605135,0.0025682182985553,0.0009630818619582,0.0044943820224717995,0.0028892455858747,0.0016051364365971,0.0051364365971107,0.0032102728731942,0.0019261637239165,0.0012841091492776,0.0006420545746388,0.0006420545746388,0.0012841091492776,0.0003210272873194,0.0009630818619582,0.025682182985553602,0.0112359550561797,0.0144462279293739,0.014767255216693299,0.0080256821829855,0.0067415730337078,956
2012-12-01,2012,12,0.6923327895595432,0.1494290375203915,0.5429037520391518,0.0032626427406198,0.0026101141924959,0.0006525285481239,0.0212071778140293,0.0045676998368678,0.0166394779771615,0.0006525285481238,0.0003262642740619,0.0003262642740619,0.0153344208809135,0.0094616639477977,0.0058727569331158,0.0225122349102773,0.0159869494290375,0.0065252854812398,0.0003262642740619,0.0003262642740619,0.0,0.0026101141924958,0.0013050570962479,0.0013050570962479,0.08319738988580741,0.0508972267536704,0.032300163132137,0.0104404567699836,0.0094616639477977,0.0009787928221859,0.0013050570962479,0.0013050570962479,0.0,0.0424143556280586,0.0218597063621533,0.0205546492659053,0.0544861337683522,0.0267536704730831,0.0277324632952691,0.0029363784665577997,0.0006525285481239,0.0022838499184339,0.0061990212071778,0.0032626427406199,0.0029363784665579,0.0052202283849917,0.0042414355628058,0.0009787928221859,0.0084828711256117,0.0058727569331158,0.0026101141924959,0.0016313213703098,0.0003262642740619,0.0013050570962479,0.0055464926590537995,0.0032626427406199,0.0022838499184339,0.0234910277324632,0.0088091353996737,0.0146818923327895,0.0163132137030994,0.0052202283849918,0.0110929853181076,959
2013-01-01,2013,1,0.6992433795712484,0.1711853720050441,0.5280580075662042,0.0040983606557376,0.0028373266078184,0.0012610340479192,0.0217528373266077,0.0053593947036569,0.0163934426229508,0.0006305170239596,0.0006305170239596,0.0,0.0167087011349306,0.0097730138713745,0.0069356872635561,0.0223833543505673,0.0157629255989911,0.0066204287515762,0.0006305170239596,0.0003152585119798,0.0003152585119798,0.004728877679697201,0.0025220680958385,0.0022068095838587,0.0387767969735182,0.0138713745271122,0.024905422446406,0.0126103404791928,0.0116645649432534,0.0009457755359394,0.0012610340479192,0.0012610340479192,0.0,0.0665195460277426,0.0334174022698612,0.0331021437578814,0.0438209331651953,0.0226986128625472,0.0211223203026481,0.001576292559899,0.0003152585119798,0.0012610340479192,0.0066204287515762,0.0028373266078184,0.0037831021437578,0.0047288776796972996,0.0031525851197982,0.0015762925598991,0.0072509457755358,0.0063051702395964,0.0009457755359394,0.0028373266078183,0.0009457755359394,0.0018915510718789,0.0031525851197981,0.0022068095838587,0.0009457755359394,0.0343631778058007,0.0204918032786885,0.0138713745271122,0.0252206809583858,0.0116645649432534,0.0135561160151324,1038
2013-02-01,2013,2,0.76091888825865,0.1823596142938173,0.5785592739648326,0.0025524673851389,0.0022688598979013,0.0002836074872376,0.019568916619398698,0.0045377197958026,0.0150311968235961,0.0005672149744753,0.0005672149744753,0.0,0.0178672716959727,0.0082246171298922,0.0096426545660805,0.024106636415201298,0.0184344866704481,0.0056721497447532,0.0011344299489506,0.0005672149744753,0.0005672149744753,0.0025524673851388,0.0017016449234259,0.0008508224617129,0.0275099262620533,0.0099262620533182,0.0175836642087351,0.0215541690300623,0.0207033465683494,0.0008508224617129,0.0017016449234259,0.0011344299489506,0.0005672149744753,0.0558706749858195,0.0331820760068065,0.022688598979013,0.0269427112875779,0.0133295519001701,0.0136131593874078,0.0014180374361882,0.0011344299489506,0.0002836074872376,0.0039705048213271,0.0031196823596142,0.0008508224617129,0.0036868973340894997,0.0028360748723766,0.0008508224617129,0.0031196823596142,0.0028360748723766,0.0002836074872376,0.0022688598979012,0.0011344299489506,0.0011344299489506,0.0025524673851389,0.0022688598979013,0.0002836074872376,0.0243902439024389,0.0110606920022688,0.0133295519001701,0.015882019285309,0.0102098695405558,0.0056721497447532,1118
2013-03-01,2013,3,0.7650892604137148,0.1773873618588835,0.5877018985548313,0.0028336639274581,0.0017001983564749,0.0011334655709832,0.0215358458486823,0.0045338622839331,0.0170019835647492,0.0011334655709832,0.0011334655709832,0.0,0.0158685179937659,0.0102011901388495,0.0056673278549164,0.0181354491357324,0.0121847548880702,0.0059506942476622,0.0022669311419665,0.0017001983564749,0.0005667327854916,0.0025502975347123,0.0005667327854916,0.0019835647492207,0.020119013884953102,0.0053839614621705,0.0147350524227826,0.0141683196372909,0.0130348540663077,0.0011334655709832,0.0011334655709832,0.0011334655709832,0.0,0.0603570416548596,0.031453669594786,0.0289033720600736,0.0175687163502408,0.0090677245678662,0.0085009917823746,0.0008500991782373999,0.0005667327854916,0.0002833663927458,0.0059506942476622,0.0042504958911873,0.0017001983564749,0.0056673278549163,0.0051005950694247,0.0005667327854916,0.0039671294984414,0.0028336639274582,0.0011334655709832,0.0017001983564749,0.0002833663927458,0.0014168319637291,0.0019835647492207,0.0014168319637291,0.0005667327854916,0.030886936809294302,0.0170019835647492,0.0138849532445451,0.0232360442051572,0.014168319637291,0.0090677245678662,1075
2013-04-01,2013,4,0.7265430390257404,0.1605314143371159,0.5660116246886244,0.0041516745087184,0.0027677830058123,0.0013838915029061,0.0224190423470799,0.0044284528092997,0.0179905895377802,0.0005535566011624,0.0002767783005812,0.0002767783005812,0.019651259341267602,0.0105175754220869,0.0091336839191807,0.0188209244395238,0.0116246886244118,0.007196235815112,0.0011071132023248,0.0005535566011624,0.0005535566011624,0.0019374481040686,0.0016606698034874,0.0002767783005812,0.026293938555217198,0.0066426792139496,0.0196512593412676,0.038195405480210304,0.0337669526709106,0.0044284528092997,0.0033213396069748,0.0033213396069748,0.0,0.0572931082203154,0.0301688347633545,0.0271242734569609,0.0265707168557984,0.013008580127318,0.0135621367284804,0.0008303349017437,0.0,0.0008303349017437,0.007196235815112,0.0060891226127871,0.0011071132023249,0.0035981179075559996,0.0024910047052311,0.0011071132023249,0.0077497924162744005,0.0047052311098809,0.0030445613063935,0.0011071132023249,0.0002767783005812,0.0008303349017437,0.002491004705231,0.0013838915029061,0.0011071132023249,0.0279546083587046,0.0141156933296429,0.0138389150290617,0.0190977027401051,0.0102407971215056,0.0088569056185995,1114
2013-05-01,2013,5,0.6906494206413365,0.1961735381298841,0.4944758825114524,0.0037725680409592,0.0016168148746968,0.0021557531662624,0.0210185933710589,0.0061977903530045,0.0148208030180544,0.0005389382915656,0.0002694691457828,0.0002694691457828,0.015359741309619899,0.0067367286445701,0.0086230126650498,0.016707087038534,0.0126650498517919,0.0040420371867421,0.0008084074373484,0.0008084074373484,0.0,0.0005389382915656,0.0002694691457828,0.0002694691457828,0.0239827539746698,0.008353543519267,0.0156292104554028,0.0697925087577471,0.0614389652384801,0.008353543519267,0.013203988143357501,0.0129345189975747,0.0002694691457828,0.0471571005119912,0.0269469145782807,0.0202101859337105,0.023982753974669802,0.0075451360819186,0.0164376178927512,0.0,0.0,0.0,0.0088924818108325,0.0067367286445701,0.0021557531662624,0.007275666936135699,0.0061977903530045,0.0010778765831312,0.0064672594987873,0.0053893829156561,0.0010778765831312,0.0035030988951763996,0.0008084074373484,0.002694691457828,0.0070061977903529,0.0053893829156561,0.0016168148746968,0.024252223120452603,0.0158986796011856,0.008353543519267,0.0266774454324979,0.0180544327674481,0.0086230126650498,1451
2013-06-01,2013,6,0.7249860257126887,0.1590273896031302,0.5659586361095584,0.0058692006707657,0.0033538289547233,0.0025153717160424,0.019005030743432,0.0030743432084963,0.0159306875349357,0.0002794857462269,0.0,0.0002794857462269,0.0268306316377864,0.0148127445500279,0.0120178870877585,0.015930687534935598,0.0103409726103968,0.0055897149245388,0.0011179429849077,0.0002794857462269,0.0008384572386808,0.0016769144773615,0.0005589714924538,0.0011179429849077,0.0522638345444381,0.019005030743432,0.0332588038010061,0.0097820011179429,0.0086640581330352,0.0011179429849077,0.0013974287311347,0.0013974287311347,0.0,0.056176634991615404,0.0271101173840134,0.029066517607602,0.0307434320849636,0.0106204583566238,0.0201229737283398,0.0002794857462269,0.0002794857462269,0.0,0.0055897149245388,0.0041922861934041,0.0013974287311347,0.0036333147009501,0.0030743432084963,0.0005589714924538,0.0083845723868082,0.0061486864169927,0.0022358859698155,0.0019564002235884998,0.0011179429849077,0.0008384572386808,0.0036333147009501,0.0030743432084963,0.0005589714924538,0.029625489100055802,0.0170486305198434,0.0125768585802124,0.0142537730575739,0.0064281721632196,0.0078256008943543,1046
2013-07-01,2013,7,0.7288363343187314,0.1572158022037086,0.5716205321150228,0.0029561945713517,0.0021499596882558,0.0008062348830959,0.0188121472722385,0.0056436441816715,0.013168503090567,0.0,0.0,0.0,0.0241870464928781,0.0102123085192152,0.0139747379736629,0.026337006181134,0.0155872077398548,0.0107497984412792,0.0005374899220638,0.0002687449610319,0.0002687449610319,0.0032249395323837,0.0018812147272238,0.0013437248051599,0.029024455791453803,0.0069873689868314,0.0220370868046224,0.0096748185971512,0.0091373286750873,0.0005374899220639,0.0026874496103197,0.0024187046492878,0.0002687449610319,0.0618113410373555,0.0303681805966138,0.0314431604407417,0.0378930395055092,0.0163934426229508,0.0214995968825584,0.0010749798441278,0.0008062348830959,0.0002687449610319,0.006449879064767501,0.0040311744154797,0.0024187046492878,0.0075248589088954,0.0067186240257995,0.0008062348830959,0.0091373286750872,0.0056436441816715,0.0034936844934157,0.0005374899220638,0.0002687449610319,0.0002687449610319,0.0040311744154796,0.0037624294544477,0.0002687449610319,0.026605751142165998,0.0147809728567589,0.0118247782854071,0.0196183821553345,0.0094060736361193,0.0102123085192152,1086
2013-08-01,2013,8,0.6983385254413291,0.1544652128764278,0.5438733125649013,0.0044132917964693,0.0025960539979231,0.0018172377985462,0.018951194184839,0.0057113187954309,0.0132398753894081,0.0005192107995846,0.0005192107995846,0.0,0.018172377985462,0.0109034267912772,0.0072689511941848,0.034267912772585604,0.0254413291796469,0.0088265835929387,0.0012980269989615,0.0007788161993769,0.0005192107995846,0.0025960539979231,0.0018172377985462,0.0007788161993769,0.0919003115264796,0.0392004153686396,0.05269989615784,0.0054517133956385,0.0049325025960539,0.0005192107995846,0.0010384215991692,0.0010384215991692,0.0,0.050103842159916895,0.0285565939771547,0.0215472481827622,0.023104880581516,0.0088265835929387,0.0142782969885773,0.0023364485981307,0.0007788161993769,0.0015576323987538,0.0051921079958462,0.0038940809968847,0.0012980269989615,0.0168743509865004,0.0129802699896157,0.0038940809968847,0.0031152647975077,0.0025960539979231,0.0005192107995846,0.0010384215991692,0.0002596053997923,0.0007788161993769,0.0031152647975077,0.0020768431983385,0.0010384215991692,0.023104880581516,0.0132398753894081,0.0098650051921079,0.017393561786085,0.0114226375908618,0.0059709241952232,1215
2013-09-01,2013,9,0.715204527913558,0.1728839722150759,0.5423205556984821,0.0066889632107023,0.0041162850527399,0.0025726781579624,0.0200668896321069,0.0048880885001286,0.0151788011319783,0.0007718034473886001,0.0002572678157962,0.0005145356315924,0.0223822999742731,0.0110625160792384,0.0113197838950347,0.034988422948289105,0.0267558528428093,0.0082325701054798,0.0023154103421661,0.0018008747105737,0.0005145356315924,0.0010290712631849,0.0010290712631849,0.0,0.0378183689220477,0.0185232827373295,0.0192950861847182,0.0051453563159248004,0.0036017494211474,0.0015436068947774,0.0033444816053511,0.0033444816053511,0.0,0.0553125803961924,0.0347311551324929,0.0205814252636995,0.0257267815796242,0.0087471057370722,0.016979675842552,0.0030872137895548,0.0023154103421661,0.0007718034473887,0.006431695394906,0.0061744275791098,0.0002572678157962,0.0095189091844609,0.0079753022896835,0.0015436068947774,0.006431695394906,0.0048880885001286,0.0015436068947774,0.0012863390789811,0.0002572678157962,0.0010290712631849,0.0036017494211472998,0.0025726781579624,0.0010290712631849,0.0259840493954206,0.0164651402109596,0.009518909184461,0.0373038332904553,0.030614870079753,0.0066889632107023,1342
2013-10-01,2013,10,0.7117882117882117,0.18006993006993,0.5317182817182817,0.0052447552447551,0.0024975024975024,0.0027472527472527,0.013986013986013901,0.0032467532467532,0.0107392607392607,0.0007492507492506,0.0004995004995004,0.0002497502497502,0.0182317682317681,0.0067432567432567,0.0114885114885114,0.0327172827172826,0.0234765234765234,0.0092407592407592,0.0017482517482517,0.0017482517482517,0.0,0.0019980019980018,0.0009990009990009,0.0009990009990009,0.0739260739260738,0.0494505494505494,0.0244755244755244,0.0184815184815183,0.0159840159840159,0.0024975024975024,0.0062437562437562,0.0062437562437562,0.0,0.058191808191808095,0.0369630369630369,0.0212287712287712,0.0177322677322676,0.0089910089910089,0.0087412587412587,0.0017482517482516001,0.0014985014985014,0.0002497502497502,0.0044955044955043,0.0034965034965034,0.0009990009990009,0.0069930069930068004,0.0054945054945054,0.0014985014985014,0.0062437562437561,0.0044955044955044,0.0017482517482517,0.0019980019980018,0.0009990009990009,0.0009990009990009,0.0007492507492507,0.0007492507492507,0.0,0.0249750249750249,0.0132367632367632,0.0117382617382617,0.0154845154845154,0.0077422577422577,0.0077422577422577,1437
2013-11-01,2013,11,0.7201825759079182,0.1923000595356221,0.5278825163722961,0.0091287953959118,0.006945822583846,0.0021829728120658,0.0097241516173843,0.003572137328835,0.0061520142885493,0.0001984520738241,0.0001984520738241,0.0,0.0178606866441754,0.0097241516173844,0.008136535026791,0.0172653304227028,0.0109148640603294,0.0063504663623734,0.0007938082952966,0.0007938082952966,0.0,0.0005953562214725,0.0,0.0005953562214725,0.1309783687239531,0.0986306806906132,0.0323476880333399,0.0041674935503075,0.0039690414764834,0.0001984520738241,0.0009922603691208,0.0009922603691208,0.0,0.033935304623933196,0.0206390156777138,0.0132962889462194,0.019845207382417,0.009327247469736,0.010517959912681,0.00238142488589,0.0013891645167692,0.0009922603691208,0.0095256995435602,0.0083349871006152,0.001190712442945,0.0031752331811867,0.0025798769597142,0.0005953562214725,0.0019845207382416,0.0017860686644175,0.0001984520738241,0.0011907124429449,0.0003969041476483,0.0007938082952966,0.0021829728120658,0.0019845207382417,0.0001984520738241,0.017662234570351203,0.0089303433220877,0.0087318912482635,0.010517959912681,0.0057551101409009,0.0047628497717801,1919
2013-12-01,2013,12,0.7577125658389767,0.1550037622272385,0.6027088036117382,0.0055179332831702,0.0030097817908201,0.0025081514923501,0.015550539252570699,0.0030097817908201,0.0125407574617506,0.000752445447705,0.000752445447705,0.0,0.0235766240280912,0.0137948332079257,0.0097817908201655,0.021068472535741102,0.0117883120140456,0.0092801605216955,0.00100326059694,0.000752445447705,0.000250815149235,0.00050163029847,0.0,0.00050163029847,0.0408828693253071,0.0173062452972159,0.0235766240280912,0.0035114120892901,0.0030097817908201,0.00050163029847,0.000250815149235,0.000250815149235,0.0,0.0456483571607725,0.0238274391773263,0.0218209179834462,0.0336092299974918,0.0127915726109857,0.0208176573865061,0.001254075746175,0.000250815149235,0.00100326059694,0.0062703787308752,0.0035114120892901,0.0027589666415851,0.0037622272385251,0.0020065211938801,0.001755706044645,0.0060195635816402,0.0050163029847002,0.00100326059694,0.0027589666415850003,0.00100326059694,0.001755706044645,0.0032605969400551,0.0027589666415851,0.00050163029847,0.0208176573865061,0.0115374968648106,0.0092801605216955,0.019814396789566,0.0075244544770504,0.0122899423125156,1087
2014-01-01,2014,1,0.7452146921883083,0.1595964821520951,0.5856182100362132,0.0036213140196584,0.0018106570098292,0.0018106570098292,0.0178479048111743,0.0031039834454216,0.0147439213657527,0.0005173305742369,0.0005173305742369,0.0,0.0188825659596481,0.0106052767718572,0.0082772891877909,0.0364718054837039,0.0248318675633729,0.011639937920331,0.0012933264355923,0.0005173305742369,0.0007759958613554,0.0015519917227108,0.0007759958613554,0.0007759958613554,0.043455768235902595,0.0206932229694774,0.0227625452664252,0.0023279875840662,0.0023279875840662,0.0,0.0010346611484738,0.0010346611484738,0.0,0.0509570615623382,0.0261251939989653,0.0248318675633729,0.039058458354888595,0.0165545783755819,0.0225038799793067,0.0015519917227108,0.0007759958613554,0.0007759958613554,0.0054319710294878,0.003879979306777,0.0015519917227108,0.0043973098810138,0.0041386445938954,0.0002586652871184,0.0069839627521986,0.0046559751681324,0.0023279875840662,0.00336264873254,0.0007759958613554,0.0025866528711846,0.00336264873254,0.0031039834454216,0.0002586652871184,0.0183652353854112,0.0090532850491464,0.0093119503362648,0.0162959130884634,0.0093119503362648,0.0069839627521986,1124
2014-02-01,2014,2,0.7651559741024132,0.1733372572101236,0.5918187168922896,0.0029429075927015,0.0008828722778104,0.0020600353148911,0.016774573278399,0.005591524426133,0.011183048852266,0.0023543260741612,0.0020600353148911,0.0002942907592701,0.0170688640376691,0.0047086521483225,0.0123602118893466,0.0264861683343142,0.0179517363154796,0.0085344320188346,0.0005885815185402,0.0002942907592701,0.0002942907592701,0.0023543260741611,0.0008828722778104,0.0014714537963507,0.027957622130665,0.0117716303708063,0.0161859917598587,0.0047086521483224,0.0044143613890523,0.0002942907592701,0.0002942907592701,0.0002942907592701,0.0,0.057092407298410794,0.0356091818716892,0.0214832254267216,0.0341377280753383,0.0161859917598587,0.0179517363154796,0.0002942907592701,0.0002942907592701,0.0,0.0035314891112418,0.0023543260741612,0.0011771630370806,0.0073572689817539005,0.005591524426133,0.0017657445556209,0.0050029429075926,0.003825779870512,0.0011771630370806,0.0023543260741612,0.0011771630370806,0.0011771630370806,0.0058858151854031,0.0050029429075927,0.0008828722778104,0.020011771630370698,0.0138316656856974,0.0061801059446733,0.016774573278399,0.011183048852266,0.005591524426133,1034
2014-03-01,2014,3,0.7513914656771798,0.1926848661542539,0.558706599522926,0.0045056983832493,0.0018552875695732,0.0026504108136761,0.024118738404452597,0.0074211502782931,0.0166975881261595,0.0,0.0,0.0,0.0254439438112906,0.0145772594752186,0.010866684336072,0.02994964219454,0.019082957858468,0.010866684336072,0.0010601643254704,0.0007951232441028,0.0002650410813676,0.0015902464882055999,0.0005300821627352,0.0010601643254704,0.028889477869069598,0.0074211502782931,0.0214683275907765,0.0071561091969254,0.006095944871455,0.0010601643254704,0.0005300821627352,0.0005300821627352,0.0,0.0593692022263449,0.0331301351709514,0.0262390670553935,0.0336602173336866,0.0172276702888947,0.0164325470447919,0.0015902464882055999,0.0005300821627352,0.0010601643254704,0.0029154518950436,0.0018552875695732,0.0010601643254704,0.0034455340577789,0.0023853697323085,0.0010601643254704,0.0071561091969253995,0.0050357805459846,0.0021203286509408,0.0021203286509408,0.0002650410813676,0.0018552875695732,0.004505698383249299,0.0034455340577789,0.0010601643254704,0.0169626292075271,0.0100715610919692,0.0068910681155579,0.014577259475218601,0.0092764378478664,0.0053008216273522,1212
2014-04-01,2014,4,0.7582712369597615,0.1895678092399403,0.5687034277198212,0.0050670640834575,0.0035767511177347,0.0014903129657228,0.0238450074515647,0.0056631892697466,0.0181818181818181,0.000596125186289,0.0002980625931445,0.0002980625931445,0.027421758569299397,0.0160953800298062,0.0113263785394932,0.0327868852459015,0.0229508196721311,0.0098360655737704,0.0005961251862891,0.0005961251862891,0.0,0.0020864381520117998,0.0017883755588673,0.0002980625931445,0.0354694485842025,0.0098360655737704,0.0256333830104321,0.0065573770491803,0.0059612518628912,0.0005961251862891,0.0011922503725782,0.0011922503725782,0.0,0.0453055141579731,0.0262295081967213,0.0190760059612518,0.030402384500745,0.0146050670640834,0.0157973174366616,0.0,0.0,0.0,0.0047690014903129,0.0029806259314456,0.0017883755588673,0.0035767511177346,0.002682563338301,0.0008941877794336,0.0059612518628911,0.0032786885245901,0.002682563338301,0.0047690014903129,0.0011922503725782,0.0035767511177347,0.0023845007451564,0.0017883755588673,0.0005961251862891,0.021758569299552798,0.0110283159463487,0.0107302533532041,0.012220566318926901,0.0059612518628912,0.0062593144560357,1043
2014-05-01,2014,5,0.731193838254172,0.1833119383825417,0.5478818998716303,0.0066752246469832,0.0041078305519897,0.0025673940949935,0.0213093709884467,0.0066752246469833,0.0146341463414634,0.0,0.0,0.0,0.0202824133504492,0.0100128369704749,0.0102695763799743,0.0290115532734274,0.0195121951219512,0.0094993581514762,0.0017971758664954,0.000770218228498,0.0010269576379974,0.0053915275994864,0.0020539152759948,0.0033376123234916,0.034146341463414595,0.0120667522464698,0.0220795892169448,0.0064184852374839,0.0064184852374839,0.0,0.0015404364569961,0.0015404364569961,0.0,0.0667522464698331,0.037997432605905,0.0287548138639281,0.035686777920410695,0.0197689345314505,0.0159178433889602,0.0010269576379973,0.0002567394094993,0.000770218228498,0.0041078305519896,0.0030808729139922,0.0010269576379974,0.008215661103979399,0.0079589216944801,0.0002567394094993,0.0048780487804877,0.0033376123234916,0.0015404364569961,0.0010269576379973,0.0002567394094993,0.000770218228498,0.0061617458279845,0.0048780487804878,0.0012836970474967,0.025930680359435097,0.0164313222079589,0.0094993581514762,0.0128369704749678,0.0082156611039794,0.0046213093709884,1301
2014-06-01,2014,6,0.7248124330117899,0.1779206859592711,0.5468917470525188,0.0058949624866022,0.0034833869239013,0.0024115755627009,0.0233118971061092,0.0091103965702036,0.0142015005359056,0.0005359056806002,0.0005359056806002,0.0,0.0192926045016076,0.0091103965702036,0.010182207931404,0.0594855305466237,0.0436763129689174,0.0158092175777063,0.0016077170418006,0.0013397642015005,0.0002679528403001,0.0005359056806002,0.0,0.0005359056806002,0.025723472668810202,0.0064308681672025,0.0192926045016077,0.0072347266881028,0.0072347266881028,0.0,0.0005359056806002,0.0005359056806002,0.0,0.0860128617363343,0.0530546623794212,0.0329581993569131,0.0375133976420149,0.0160771704180064,0.0214362272240085,0.0010718113612004,0.0005359056806002,0.0005359056806002,0.0048231511254019,0.0037513397642015,0.0010718113612004,0.0109860664523043,0.007502679528403,0.0034833869239013,0.0066988210075026,0.0048231511254019,0.0018756698821007,0.0013397642015005001,0.0002679528403001,0.0010718113612004,0.0024115755627008998,0.0013397642015005,0.0010718113612004,0.0182207931404072,0.0104501607717041,0.0077706323687031,0.0112540192926044,0.0056270096463022,0.0056270096463022,1221
2014-07-01,2014,7,0.7319292771710868,0.2009880395215808,0.530941237649506,0.0059802392095683,0.0039001560062402,0.0020800832033281,0.0202808112324492,0.0046801872074883,0.0156006240249609,0.000260010400416,0.000260010400416,0.0,0.014300572022880799,0.0070202808112324,0.0072802912116484,0.0444617784711388,0.0348413936557462,0.0096203848153926,0.0041601664066562,0.0036401456058242,0.000520020800832,0.002340093603744,0.001040041601664,0.00130005200208,0.052782111284451205,0.0296411856474258,0.0231409256370254,0.005460218408736299,0.0052002080083203,0.000260010400416,0.000520020800832,0.000520020800832,0.0,0.06786271450858031,0.0413416536661466,0.0265210608424337,0.032501300052002,0.0174206968278731,0.0150806032241289,0.0023400936037441,0.0015600624024961,0.000780031201248,0.0054602184087362005,0.0028601144045761,0.0026001040041601,0.008840353614144501,0.0083203328133125,0.000520020800832,0.005980239209568299,0.0052002080083203,0.000780031201248,0.0020800832033281,0.0,0.0020800832033281,0.0018200728029120002,0.001040041601664,0.000780031201248,0.0182007280291211,0.0111804472178887,0.0070202808112324,0.0117004680187206,0.0078003120124804,0.0039001560062402,1382
2014-08-01,2014,8,0.7572115384615384,0.1960470085470085,0.5611645299145299,0.0042735042735042,0.0024038461538461,0.0018696581196581,0.0211004273504273,0.0082799145299145,0.0128205128205128,0.000267094017094,0.000267094017094,0.0,0.0141559829059828,0.0077457264957264,0.0064102564102564,0.0397970085470085,0.0288461538461538,0.0109508547008547,0.0021367521367521,0.0021367521367521,0.0,0.001869658119658,0.00133547008547,0.000534188034188,0.030982905982905797,0.0122863247863247,0.0186965811965811,0.0061431623931623,0.0050747863247863,0.001068376068376,0.000267094017094,0.000267094017094,0.0,0.064102564102564,0.0384615384615384,0.0256410256410256,0.0384615384615383,0.0200320512820512,0.0184294871794871,0.001068376068376,0.000267094017094,0.000801282051282,0.0029380341880341004,0.0024038461538461,0.000534188034188,0.0064102564102563,0.0050747863247863,0.00133547008547,0.0058760683760683005,0.0053418803418803,0.000534188034188,0.00133547008547,0.000267094017094,0.001068376068376,0.001602564102564,0.001068376068376,0.000534188034188,0.014423076923076799,0.0069444444444444,0.0074786324786324,0.0200320512820511,0.0138888888888888,0.0061431623931623,1245
2014-09-01,2014,9,0.7374053771861131,0.1944661968154528,0.5429391803706604,0.0028713129731139002,0.0015661707126076,0.0013051422605063,0.0148786217697728,0.0052205690420255,0.0096580527277473,0.0002610284521012,0.0,0.0002610284521012,0.0148786217697728,0.0060036543983294,0.0088749673714434,0.036543983294179,0.0255807883059253,0.0109631949882537,0.0026102845210127,0.0023492560689115,0.0002610284521012,0.0013051422605063,0.0002610284521012,0.0010441138084051,0.0537718611328634,0.0240146175933176,0.0297572435395458,0.0039154267815191,0.0036543983294179,0.0002610284521012,0.0013051422605063,0.0013051422605063,0.0,0.0623858000522056,0.030018271991647,0.0323675280605586,0.0495954058992429,0.0281910728269381,0.0214043330723048,0.0018271991647089,0.0010441138084051,0.0007830853563038,0.0049595405899242,0.0036543983294179,0.0013051422605063,0.004698512137823,0.0036543983294179,0.0010441138084051,0.0080918820151396,0.0073087966588358,0.0007830853563038,0.0007830853563037001,0.0002610284521012,0.0005220569042025,0.0020882276168101,0.0018271991647089,0.0002610284521012,0.0127903941529625,0.007569825110937,0.0052205690420255,0.0112242234403549,0.0062646828504306,0.0049595405899243,1288
2014-10-01,2014,10,0.7576581027667983,0.1749011857707509,0.5827569169960475,0.0034584980237153005,0.0022233201581027,0.0012351778656126,0.0170454545454545,0.004199604743083,0.0128458498023715,0.0012351778656126,0.0002470355731225,0.0009881422924901,0.018527667984189602,0.0091403162055335,0.0093873517786561,0.036314229249011704,0.0274209486166007,0.008893280632411,0.000494071146245,0.000494071146245,0.0,0.0024703557312251998,0.0014822134387351,0.0009881422924901,0.0318675889328062,0.0138339920948616,0.0180335968379446,0.0086462450592885,0.008399209486166,0.0002470355731225,0.0002470355731225,0.0002470355731225,0.0,0.0691699604743082,0.0410079051383399,0.0281620553359683,0.0323616600790513,0.013092885375494,0.0192687747035573,0.00098814229249,0.0007411067193675,0.0002470355731225,0.0059288537549407,0.004199604743083,0.0017292490118577,0.0081521739130434,0.0064229249011857,0.0017292490118577,0.0064229249011857,0.0059288537549407,0.000494071146245,0.0024703557312252,0.000494071146245,0.0019762845849802,0.004693675889327901,0.0022233201581027,0.0024703557312252,0.012598814229248901,0.0091403162055335,0.0034584980237154,0.0098814229249011,0.0056818181818181,0.004199604743083,1246
2014-11-01,2014,11,0.7650229048773914,0.1913230935057935,0.573699811371598,0.0037725680409592,0.0024252223120452,0.001347345728914,0.0156292104554027,0.0032336297493936,0.0123955807060091,0.0048504446240905,0.0045809754783077,0.0002694691457828,0.0172460253300996,0.0072756669361358,0.0099703583939638,0.0412287793047695,0.0282942603071948,0.0129345189975747,0.0010778765831312,0.0010778765831312,0.0,0.0010778765831312,0.0005389382915656,0.0005389382915656,0.019401778496362,0.0091619509566154,0.0102398275397466,0.0051199137698733,0.0045809754783077,0.0005389382915656,0.0010778765831312,0.0010778765831312,0.0,0.0708703853408784,0.0414982484505524,0.029372136890326,0.0296416060361087,0.0164376178927512,0.0132039881433575,0.0029641606036107998,0.001347345728914,0.0016168148746968,0.0048504446240904995,0.0035030988951765,0.001347345728914,0.0064672594987873,0.0051199137698733,0.001347345728914,0.0037725680409592,0.0029641606036108,0.0008084074373484,0.0016168148746968,0.0005389382915656,0.0010778765831312,0.0035030988951763996,0.0024252223120452,0.0010778765831312,0.0196712476421449,0.01535974130962,0.0043115063325249,0.0134734572891403,0.007006197790353,0.0064672594987873,1217
2014-12-01,2014,12,0.7323116219667944,0.1558109833971903,0.5765006385696041,0.0043422733077904,0.0025542784163473,0.0017879948914431,0.0120051085568325,0.0033205619412515,0.008684546615581,0.0,0.0,0.0,0.0155810983397189,0.0076628352490421,0.0079182630906768,0.0286079182630906,0.0191570881226053,0.0094508301404853,0.0010217113665389,0.0007662835249042,0.0002554278416347,0.0002554278416347,0.0,0.0002554278416347,0.07969348659003819,0.0485312899106002,0.031162196679438,0.005874840357598899,0.0053639846743295,0.0005108556832694,0.0002554278416347,0.0002554278416347,0.0,0.0513409961685823,0.0222222222222222,0.0291187739463601,0.0347381864623243,0.01455938697318,0.0201787994891443,0.0025542784163472996,0.0010217113665389,0.0015325670498084,0.0063856960408683,0.0045977011494252,0.0017879948914431,0.0012771392081736,0.0010217113665389,0.0002554278416347,0.008939974457215701,0.0063856960408684,0.0025542784163473,0.0040868454661557,0.0002554278416347,0.003831417624521,0.001787994891443,0.0012771392081736,0.0005108556832694,0.0132822477650063,0.0089399744572158,0.0043422733077905,0.0171136653895274,0.0127713920817369,0.0043422733077905,1190
2015-01-01,2015,1,0.7690811861934856,0.2552260573650948,0.5138551288283909,0.006076810889645,0.0038891589693728,0.0021876519202722,0.01968886728245,0.004861448711716,0.014827418570734,0.001215362177929,0.0009722897423432,0.0002430724355858,0.0116674769081186,0.0060768108896451,0.0055906660184735,0.0298979095770538,0.0196888672824501,0.0102090422946037,0.0014584346135148,0.0014584346135148,0.0,0.0017015070491006,0.0002430724355858,0.0014584346135148,0.033787068546426796,0.0167719980554205,0.0170150704910063,0.0070491006319883,0.0060768108896451,0.0009722897423432,0.0017015070491006,0.0014584346135148,0.0002430724355858,0.0549343704423918,0.0320855614973262,0.0228488089450656,0.026008750607681,0.0128828390860476,0.0131259115216334,0.001215362177929,0.0002430724355858,0.0009722897423432,0.003646086533787,0.0034030140982012,0.0002430724355858,0.0046183762761302,0.0031599416626154,0.0014584346135148,0.006076810889645,0.0041322314049586,0.0019445794846864,0.0026737967914438002,0.0002430724355858,0.002430724355858,0.0024307243558579997,0.0014584346135148,0.0009722897423432,0.0216334467671365,0.0165289256198347,0.0051045211473018,0.0172581429265921,0.0116674769081186,0.0055906660184735,1592
2015-02-01,2015,2,0.7443773998902907,0.2089961601755348,0.5353812397147559,0.002194185408667,0.0010970927043335,0.0010970927043335,0.0186505759736697,0.0049369171695008,0.0137136588041689,0.0002742731760833,0.0002742731760833,0.0,0.0175534832693361,0.0082281952825013,0.0093252879868348,0.0364783324190893,0.0216675809105869,0.0148107515085024,0.0068568294020844,0.0063082830499177,0.0005485463521667,0.0002742731760833,0.0,0.0002742731760833,0.023038946791003698,0.0046626439934174,0.0183763027975863,0.0041140976412506,0.0041140976412506,0.0,0.0024684585847504,0.0024684585847504,0.0,0.0748765770707624,0.0455293472298409,0.0293472298409215,0.024684585847504,0.0117937465715852,0.0128908392759188,0.0,0.0,0.0,0.0057597366977509,0.0049369171695008,0.0008228195282501,0.008776741634668,0.006582556226001,0.002194185408667,0.0068568294020844,0.0063082830499177,0.0005485463521667,0.0016456390565002,0.0,0.0016456390565002,0.0016456390565002,0.0008228195282501,0.0008228195282501,0.026330224904004298,0.0194733955019199,0.0068568294020844,0.024958859023587403,0.0197476686780032,0.0052111903455842,1311
2015-03-01,2015,3,0.770470496490772,0.2076943072524044,0.5627761892383676,0.0062386275019494,0.0031193137509747,0.0031193137509747,0.0124772550038991,0.006758513127112,0.0057187418767871,0.0007798284377436,0.0005198856251624,0.0002599428125812,0.0129971406290615,0.0059786846893683,0.0070184559396932,0.0311931375097477,0.0233948531323108,0.0077982843774369,0.0018195996880685,0.0015596568754873,0.0002599428125812,0.0005198856251624,0.0002599428125812,0.0002599428125812,0.0262542240707044,0.0083181700025994,0.017936054068105,0.0067585131271120005,0.0064985703145308,0.0002599428125812,0.003379256563556,0.003379256563556,0.0,0.0694047309591889,0.0473095918897842,0.0220951390694047,0.0280738237587729,0.0119573693787366,0.0161164543800363,0.0005198856251624,0.0005198856251624,0.0,0.0046789706264621,0.003379256563556,0.0012997140629061,0.0046789706264621,0.0036391993761372,0.0010397712503249,0.0054587990642057,0.0046789706264621,0.0007798284377436,0.001299714062906,0.0005198856251624,0.0007798284377436,0.0033792565635559,0.0018195996880686,0.0015596568754873,0.0148167403171301,0.0109175981284117,0.0038991421887184,0.0184559396932674,0.0140369118793865,0.0044190278138809,1340
2015-04-01,2015,4,0.7614138438880707,0.2005891016200294,0.5608247422680412,0.0038291605301913,0.0017673048600883,0.002061855670103,0.0144329896907216,0.003240058910162,0.0111929307805596,0.0,0.0,0.0,0.0138438880706921,0.0061855670103092,0.0076583210603829,0.0379970544918998,0.0300441826215022,0.0079528718703976,0.0008836524300441,0.0008836524300441,0.0,0.0050073637702503,0.003240058910162,0.0017673048600883,0.0338733431516936,0.0111929307805596,0.022680412371134,0.010309278350515401,0.0100147275405007,0.0002945508100147,0.0008836524300441,0.0008836524300441,0.0,0.0721649484536081,0.0468335787923416,0.0253313696612665,0.0241531664212076,0.0117820324005891,0.0123711340206185,0.0011782032400588,0.0005891016200294,0.0005891016200294,0.0038291605301913998,0.0026509572901325,0.0011782032400589,0.0035346097201766,0.0026509572901325,0.0008836524300441,0.0067746686303386,0.0058910162002945,0.0008836524300441,0.0008836524300441,0.0,0.0008836524300441,0.0058910162002945,0.0044182621502209,0.0014727540500736,0.0194403534609719,0.0126656848306332,0.0067746686303387,0.0138438880706921,0.0079528718703976,0.0058910162002945,1146
2015-05-01,2015,5,0.7509526401741969,0.1736526946107784,0.5772999455634186,0.0029940119760478,0.002449646162221,0.0005443658138268,0.0127925966249319,0.0029940119760479,0.009798584648884,0.0010887316276537,0.0010887316276537,0.0,0.0234077299945562,0.0133369624387588,0.0100707675557974,0.0353837778987479,0.0264017419706042,0.0089820359281437,0.0005443658138268,0.0005443658138268,0.0,0.0016330974414806,0.0008165487207403,0.0008165487207403,0.0549809471965159,0.0318454001088731,0.0231355470876428,0.0133369624387587,0.0111594991834512,0.0021774632553075,0.0005443658138268,0.0,0.0005443658138268,0.0514425694066412,0.0285792052259118,0.0228633641807294,0.035383777898747804,0.0106151333696243,0.0247686445291235,0.0005443658138268,0.0,0.0005443658138268,0.0016330974414806,0.0016330974414806,0.0,0.0048992923244419,0.0040827436037016,0.0008165487207403,0.0062602068590092,0.0043549265106151,0.0019052803483941,0.0010887316276536,0.0005443658138268,0.0005443658138268,0.0040827436037016,0.0027218290691344,0.0013609145345672,0.0111594991834511,0.0076211213935764,0.0035383777898747,0.012792596624931901,0.007348938486663,0.0054436581382689,1145
2015-06-01,2015,6,0.7601809954751131,0.2030542986425339,0.5571266968325792,0.0062217194570134,0.0036764705882352,0.0025452488687782,0.0186651583710406,0.0070701357466063,0.0115950226244343,0.0,0.0,0.0,0.020361990950226103,0.0098981900452488,0.0104638009049773,0.0364819004524886,0.0240384615384615,0.0124434389140271,0.0,0.0,0.0,0.0011312217194569,0.0008484162895927,0.0002828054298642,0.027997737556561,0.0110294117647058,0.0169683257918552,0.0158371040723981,0.0147058823529411,0.001131221719457,0.0016968325791855,0.0016968325791855,0.0,0.052036199095022495,0.0271493212669683,0.0248868778280542,0.0305429864253393,0.0130090497737556,0.0175339366515837,0.0008484162895927,0.0,0.0008484162895927,0.0039592760180995005,0.0028280542986425,0.001131221719457,0.0073529411764705,0.0062217194570135,0.001131221719457,0.009898190045248698,0.007918552036199,0.0019796380090497,0.0031108597285067,0.0002828054298642,0.0028280542986425,0.002262443438914,0.0016968325791855,0.0005656108597285,0.0169683257918551,0.0132918552036199,0.0036764705882352,0.0104638009049773,0.004524886877828,0.0059389140271493,1190
2015-07-01,2015,7,0.7378573088542877,0.2082268184987218,0.5296304903555659,0.00371833604462,0.0032535440390425,0.0004647920055775,0.0116198001394375,0.0032535440390425,0.008366256100395,0.0004647920055775,0.0004647920055775,0.0,0.0113874041366488,0.0051127120613525,0.0062746920752963,0.0376481524517777,0.0269579363234952,0.0106902161282825,0.0006971880083662,0.0006971880083662,0.0,0.0020915640250987,0.0011619800139437,0.000929584011155,0.06785963281431551,0.0255635603067627,0.0422960725075528,0.0153381361840576,0.0144085521729026,0.000929584011155,0.0004647920055775,0.0004647920055775,0.0,0.0655356727864279,0.0378805484545665,0.0276551243318614,0.0227748082732976,0.01115500813386,0.0116198001394376,0.0006971880083661999,0.0002323960027887,0.0004647920055775,0.0048803160585637,0.0023239600278875,0.0025563560306762,0.0067394840808738,0.0058099000697188,0.000929584011155,0.0079014640948175,0.0062746920752963,0.0016267720195212,0.0004647920055775,0.0004647920055775,0.0,0.0016267720195212,0.0004647920055775,0.0011619800139437,0.015802928189635,0.00929584011155,0.006507088078085,0.012549384150592499,0.0088310481059725,0.00371833604462,1518
2015-08-01,2015,8,0.7375618957792972,0.2008960150907804,0.5366658806885168,0.0030653147842488997,0.0014147606696533,0.0016505541145956,0.0157981608111293,0.0037726951190756,0.0120254656920537,0.0,0.0,0.0,0.0148549870313605,0.0070738033482669,0.0077811836830936,0.03277528884697,0.0233435510492808,0.0094317377976892,0.0016505541145955,0.0014147606696533,0.0002357934449422,0.0025937278943645,0.0016505541145956,0.0009431737797689,0.050931384107521696,0.0280594199481254,0.0228719641593963,0.0162697477010138,0.0155623673661872,0.0007073803348266,0.0011789672247111,0.0011789672247111,0.0,0.0565904267861352,0.0320679085121433,0.0245225182739919,0.0306531478424899,0.0124970525819382,0.0181560952605517,0.0007073803348266,0.0007073803348266,0.0,0.0025937278943644,0.00212214100448,0.0004715868898844,0.011318085357227,0.0103749115774581,0.0009431737797689,0.0087243574628624,0.0075453902381513,0.0011789672247111,0.0011789672247111,0.0,0.0011789672247111,0.0016505541145955,0.0014147606696533,0.0002357934449422,0.0264088658335297,0.0157981608111294,0.0106107050224003,0.0094317377976891,0.0068380099033246,0.0025937278943645,1510
2015-09-01,2015,9,0.7090243902439024,0.2036585365853658,0.5053658536585366,0.0036585365853658,0.0017073170731707,0.0019512195121951,0.0165853658536584,0.0039024390243902,0.0126829268292682,0.0002439024390243,0.0,0.0002439024390243,0.0182926829268292,0.0092682926829268,0.0090243902439024,0.0356097560975609,0.0256097560975609,0.01,0.0021951219512194,0.0014634146341463,0.0007317073170731,0.0046341463414633,0.0029268292682926,0.0017073170731707,0.040731707317073096,0.0175609756097561,0.023170731707317,0.0282926829268292,0.0265853658536585,0.0017073170731707,0.0019512195121951,0.0019512195121951,0.0,0.0790243902439023,0.0507317073170731,0.0282926829268292,0.0304878048780486,0.0153658536585365,0.0151219512195121,0.0026829268292682,0.0007317073170731,0.0019512195121951,0.0041463414634146,0.0024390243902439,0.0017073170731707,0.0034146341463413,0.0026829268292682,0.0007317073170731,0.0058536585365853,0.0048780487804878,0.0009756097560975,0.0012195121951219,0.0,0.0012195121951219,0.0004878048780487,0.0004878048780487,0.0,0.0258536585365853,0.0136585365853658,0.0121951219512195,0.0153658536585365,0.0095121951219512,0.0058536585365853,1531
2015-10-01,2015,10,0.691462383770076,0.2166103127641589,0.4748520710059171,0.0038038884192729003,0.0025359256128486,0.0012679628064243,0.017540152155536698,0.0052831783601014,0.0122569737954353,0.000211327134404,0.000211327134404,0.0,0.015215553677092,0.0086644125105663,0.0065511411665257,0.0308537616229923,0.0245139475908706,0.0063398140321217,0.0012679628064242998,0.0008453085376162,0.0004226542688081,0.0010566356720202001,0.0006339814032121,0.0004226542688081,0.070160608622147,0.0416314454775993,0.0285291631445477,0.059805579036348096,0.0576923076923076,0.0021132713440405,0.0033812341504649,0.0033812341504649,0.0,0.0526204564666102,0.0359256128486897,0.0166948436179205,0.0230346576500422,0.0101437024513947,0.0128909551986475,0.0016906170752324,0.0008453085376162,0.0008453085376162,0.0054945054945054,0.004015215553677,0.0014792899408284,0.0016906170752324,0.0016906170752324,0.0,0.0135249366018596,0.0118343195266272,0.0016906170752324,0.0006339814032121,0.0004226542688081,0.000211327134404,0.0025359256128485996,0.0014792899408284,0.0010566356720202,0.0200760777683853,0.0145815722738799,0.0054945054945054,0.0103550295857987,0.0054945054945054,0.0048605240912933,2020
2015-11-01,2015,11,0.7339596700274976,0.2259395050412465,0.5080201649862511,0.0052703941338221,0.0027497708524289,0.0025206232813932,0.015352887259395,0.0054995417048579,0.0098533455545371,0.0009165902841429,0.0009165902841429,0.0,0.022227314390467302,0.0139780018331805,0.0082493125572868,0.0249770852428963,0.0208524289642529,0.0041246562786434,0.0006874427131071,0.0004582951420714,0.0002291475710357,0.0018331805682858002,0.0013748854262144,0.0004582951420714,0.0293308890925755,0.011686526122823,0.0176443629697525,0.0197066911090741,0.0183318056828597,0.0013748854262144,0.0034372135655361,0.0029789184234647,0.0004582951420714,0.0598075160403299,0.0366636113657195,0.0231439046746104,0.027039413382218103,0.0132905591200733,0.0137488542621448,0.0016040329972501,0.0004582951420714,0.0011457378551787,0.005041246562786299,0.0032080659945004,0.0018331805682859,0.0121448212648945,0.0112282309807516,0.0009165902841429,0.01076993583868,0.0080201649862511,0.0027497708524289,0.0020623281393216,0.0002291475710357,0.0018331805682859,0.0032080659945003,0.0018331805682859,0.0013748854262144,0.0258936755270393,0.0160403299725022,0.0098533455545371,0.0162694775435379,0.0109990834097158,0.0052703941338221,1694
2015-12-01,2015,12,0.7086109055020972,0.1889958055761164,0.5196150999259808,0.003947693066864,0.002714038983469,0.001233654083395,0.0160375030841351,0.003207500616827,0.0128300024673081,0.000986923266716,0.000740192450037,0.000246730816679,0.0170244263508511,0.0096225018504811,0.00740192450037,0.0224525043177892,0.0165309647174932,0.005921539600296,0.000493461633358,0.000246730816679,0.000246730816679,0.001233654083395,0.000493461633358,0.000740192450037,0.06563039723661471,0.0357759684184554,0.0298544288181593,0.0249198124845793,0.0231926967678263,0.001727115716753,0.003207500616827,0.003207500616827,0.0,0.048852701702442505,0.0268936590180113,0.0219590426844312,0.0261534665679743,0.0098692326671601,0.0162842339008142,0.003454231433506,0.001973846533432,0.001480384900074,0.005921539600296,0.004194423883543,0.001727115716753,0.006415001233654,0.00493461633358,0.001480384900074,0.0086355785837651,0.0081421169504071,0.000493461633358,0.001727115716753,0.000246730816679,0.001480384900074,0.003207500616827,0.00246730816679,0.000740192450037,0.0286207747347643,0.0177646188008882,0.0108561559338761,0.0194917345176411,0.0125832716506291,0.006908462867012,1465
2016-01-01,2016,1,0.7366003062787135,0.2314591992999343,0.5051411069787792,0.0043754101947056,0.0021877050973528,0.0021877050973528,0.0220958214832639,0.0056880332531174,0.0164077882301465,0.0013126230584116002,0.0010938525486764,0.0002187705097352,0.0164077882301465,0.0065631152920586,0.0098446729380879,0.037409757164734096,0.0284401662655874,0.0089695908991467,0.0019689345876175,0.0013126230584117,0.0006563115292058,0.0054692627433821,0.0035003281557646,0.0019689345876175,0.025158608619558,0.0065631152920586,0.0185954933274994,0.0142200831327936,0.0129074600743819,0.0013126230584117,0.0026252461168234,0.0026252461168234,0.0,0.0686939400568802,0.0463793480638809,0.0223145919929993,0.0288777072850579,0.0150951651717348,0.0137825421133231,0.0019689345876175,0.0010938525486764,0.0008750820389411,0.0059068037628527,0.0048129512141763,0.0010938525486764,0.0052504922336468,0.0039378691752351,0.0013126230584117,0.0080945088602055,0.006125574272588,0.0019689345876175,0.0017501640778821998,0.0004375410194705,0.0013126230584117,0.0045941807044408995,0.0039378691752351,0.0006563115292058,0.0238459855611463,0.0137825421133231,0.0100634434478232,0.0170640997593523,0.0111572959964996,0.0059068037628527,1756
2016-02-01,2016,2,0.731733220050977,0.2302463891248937,0.5014868309260833,0.0046728971962615995,0.0031860662701784,0.0014868309260832,0.0191163976210705,0.0031860662701784,0.0159303313508921,0.0012744265080712,0.0002124044180118,0.0010620220900594,0.0167799490229395,0.0084961767204757,0.0082837723024638,0.0282497875955819,0.022090059473237,0.0061597281223449,0.001699235344095,0.0012744265080713,0.0004248088360237,0.0042480883602378,0.0012744265080713,0.0029736618521665,0.0297366185216651,0.0080713678844519,0.0216652506372132,0.0369583687340696,0.0356839422259983,0.0012744265080713,0.0076465590484282,0.0076465590484282,0.0,0.0463041631265929,0.0295242141036533,0.0167799490229396,0.026975361087510502,0.0148683092608326,0.0121070518266779,0.0021240441801188,0.0016992353440951,0.0004248088360237,0.004885301614273399,0.0040356839422259,0.0008496176720475,0.0048853016142735,0.0033984706881903,0.0014868309260832,0.00785896346644,0.0067969413763806,0.0010620220900594,0.0012744265080712,0.0004248088360237,0.0008496176720475,0.0025488530161426,0.0023364485981308,0.0002124044180118,0.026550552251486698,0.018054375531011,0.0084961767204757,0.018054375531011,0.0108326253186066,0.0072217502124044,1866
2016-03-01,2016,3,0.7226006191950465,0.2311661506707946,0.4914344685242518,0.0043343653250773,0.0028895768833849,0.0014447884416924,0.0156862745098038,0.0039215686274509,0.0117647058823529,0.0014447884416924,0.0012383900928792,0.0002063983488132,0.0171310629514963,0.008875128998968,0.0082559339525283,0.052837977296181504,0.0390092879256965,0.013828689370485,0.0008255933952528,0.0006191950464396,0.0002063983488132,0.0018575851393188,0.001031991744066,0.0008255933952528,0.028689370485036003,0.0105263157894736,0.0181630546955624,0.0342621259029927,0.031578947368421,0.0026831785345717,0.0063983488132094,0.0063983488132094,0.0,0.058617131062951404,0.0379772961816305,0.0206398348813209,0.0196078431372548,0.0097007223942208,0.009907120743034,0.0010319917440660001,0.0004127966976264,0.0006191950464396,0.0045407636738905004,0.0037151702786377,0.0008255933952528,0.0055727554179565,0.0039215686274509,0.0016511867905056,0.0055727554179565,0.0041279669762641,0.0014447884416924,0.0037151702786377,0.0012383900928792,0.0024767801857585,0.0051599587203300995,0.0039215686274509,0.0012383900928792,0.020846233230134,0.0150670794633642,0.0057791537667698,0.0229102167182662,0.0175438596491228,0.0053663570691434,1986
2016-04-01,2016,4,0.7178802897445672,0.2731605032405642,0.444719786504003,0.0019062142584826,0.0009531071292413,0.0009531071292413,0.0175371711780403,0.0049561570720548,0.0125810141059855,0.0003812428516965,0.0003812428516965,0.0,0.0188715211589781,0.0110560426991993,0.0078154784597788,0.0394586351505909,0.0312619138391155,0.0081967213114754,0.0020968356843308,0.0015249714067861,0.0005718642775447,0.0019062142584826,0.0015249714067861,0.0003812428516965,0.0285932138772397,0.0087685855890202,0.0198246282882195,0.040221120853983904,0.0365993137628669,0.003621807091117,0.0074342356080823,0.0070529927563858,0.0003812428516965,0.0560426991993899,0.038124285169653,0.0179184140297369,0.0120091498284407,0.0076248570339306,0.0043842927945101,0.0030499428135721002,0.0019062142584826,0.0011437285550895,0.0070529927563857,0.0053373999237514,0.0017155928326343,0.0078154784597788,0.0059092642012962,0.0019062142584826,0.0095310712924132,0.0087685855890202,0.000762485703393,0.0017155928326342,0.0005718642775447,0.0011437285550895,0.0036218070911169,0.0034311856652687,0.0001906214258482,0.0289744567289362,0.0243995425085779,0.0045749142203583,0.0261151353412123,0.0207777354174609,0.0053373999237514,2463
2016-05-01,2016,5,0.6828456281759242,0.2868407219204485,0.3960049062554757,0.0021026809181706003,0.0014017872787804,0.0007008936393902,0.017697564394603,0.0061328193446644,0.0115647450499386,0.0005256702295426,0.0005256702295426,0.0,0.0264587348869808,0.018924128263536,0.0075346066234448,0.0278605221657612,0.0222533730506395,0.0056071491151217,0.0026283511477133,0.0022779043280182,0.0003504468196951,0.0015770106886279,0.0010513404590853,0.0005256702295426,0.0187489048536884,0.0057823725249693,0.0129665323287191,0.09742421587524089,0.0911161731207289,0.006308042754512,0.0155948834764324,0.0152444366567373,0.0003504468196951,0.0406518310846328,0.0261082880672857,0.0145435430173471,0.0219029262309444,0.012616085509024,0.0092868407219204,0.0012265638689328,0.0008761170492377,0.0003504468196951,0.0040301384264937005,0.0022779043280182,0.0017522340984755,0.0038549150166461,0.0033292447871035,0.0005256702295426,0.0054319257052741,0.0045558086560364,0.0008761170492377,0.0022779043280181,0.0005256702295426,0.0017522340984755,0.0047310320658839,0.0042053618363413,0.0005256702295426,0.0285614158051515,0.0203259155423164,0.0082355002628351,0.0136674259681092,0.0112142982302435,0.0024531277378657,2976
2016-06-01,2016,6,0.7426944971537002,0.2812144212523719,0.4614800759013283,0.0039848197343453,0.0020872865275142,0.0018975332068311,0.022390891840607198,0.0049335863377609,0.0174573055028463,0.0011385199240986,0.0009487666034155,0.0001897533206831,0.0280834914611005,0.0199240986717267,0.0081593927893738,0.0320683111954459,0.0239089184060721,0.0081593927893738,0.0007590132827324,0.0003795066413662,0.0003795066413662,0.0013282732447817002,0.0007590132827324,0.0005692599620493,0.027703984819734198,0.0091081593927893,0.0185958254269449,0.0092979127134724,0.00853889943074,0.0007590132827324,0.0026565464895635,0.0026565464895635,0.0,0.0512333965844402,0.0318785578747628,0.0193548387096774,0.027514231499051203,0.0146110056925996,0.0129032258064516,0.0032258064516128,0.0018975332068311,0.0013282732447817,0.0060721062618593995,0.0045540796963946,0.0015180265654648,0.0056925996204933,0.0049335863377609,0.0007590132827324,0.0072106261859581,0.0060721062618595,0.0011385199240986,0.0011385199240986,0.0001897533206831,0.0009487666034155,0.005882352941176399,0.0055028462998102,0.0003795066413662,0.0313092979127133,0.0140417457305502,0.0172675521821631,0.0144212523719164,0.0098671726755218,0.0045540796963946,2259
2016-07-01,2016,7,0.6997060744611365,0.2544088830829523,0.4452971913781842,0.004245591116917,0.0032658393207054,0.0009797517962116,0.024493794905290602,0.0055519268451992,0.0189418680600914,0.001306335728282,0.0011430437622468,0.0001632919660352,0.0316786414108425,0.0262900065316786,0.0053886348791639,0.0329849771391247,0.0230241672109732,0.0099608099281515,0.0014696276943173,0.0011430437622468,0.0003265839320705,0.0013063357282821,0.0009797517962116,0.0003265839320705,0.024657086871325798,0.0081645983017635,0.0164924885695623,0.0068582625734813,0.0066949706074461,0.0001632919660352,0.0008164598301763,0.0008164598301763,0.0,0.0625408229915087,0.040986283474853,0.0215545395166557,0.0365774003919007,0.0213912475506205,0.0151861528412802,0.0019595035924230998,0.0011430437622468,0.0008164598301763,0.006041802743305,0.0050620509470934,0.0009797517962116,0.0057152188112344,0.0055519268451992,0.0001632919660352,0.0068582625734813,0.0044088830829523,0.002449379490529,0.0016329196603526001,0.0003265839320705,0.0013063357282821,0.0058785107772696,0.0047354670150228,0.0011430437622468,0.058131939908556404,0.0233507511430437,0.0347811887655127,0.0124101894186805,0.0088177661659046,0.0035924232527759,2619
2016-08-01,2016,8,0.7095766286517731,0.222933916575535,0.4866427120762381,0.0040618653335416,0.0029682862052804,0.0010935791282612,0.0210904546164661,0.006249023590064,0.0148414310264021,0.0006249023590064,0.0003124511795032,0.0003124511795032,0.0268708014372753,0.0196844243087017,0.0071863771285736,0.0296828620528041,0.0198406498984533,0.0098422121543508,0.0010935791282612,0.0003124511795032,0.000781127948758,0.0009373535385095999,0.0001562255897516,0.000781127948758,0.0315575691298234,0.0145289798468989,0.0170285892829245,0.0045305421027964,0.0043743165130448,0.0001562255897516,0.0048429932822996,0.0048429932822996,0.0,0.055460084361818304,0.0345258553351038,0.0209342290267145,0.030932666770816998,0.0131229495391345,0.0178097172316825,0.0029682862052804,0.002343383846274,0.0006249023590064,0.0042180909232932,0.0026558350257772,0.001562255897516,0.0032807373847835997,0.0026558350257772,0.0006249023590064,0.0137478518981408,0.0103108889236056,0.0034369629745352,0.0042180909232932,0.0010935791282612,0.003124511795032,0.0087486330260896,0.0071863771285736,0.001562255897516,0.0545227308233088,0.0256209967192626,0.0289017341040462,0.0099984377441024,0.0057803468208092,0.0042180909232932,2470
2016-09-01,2016,9,0.7241273729332516,0.2371402327005511,0.4869871402327005,0.0012247397428046,0.0004592774035517,0.0007654623392529,0.023882424984690603,0.0067360685854255,0.0171463563992651,0.0009185548071034,0.0004592774035517,0.0004592774035517,0.021279853031230797,0.0125535823637477,0.0087262706674831,0.0272504592774034,0.0205143906919779,0.0067360685854255,0.003980404164115,0.0036742192284139,0.0003061849357011,0.001071647274954,0.0004592774035517,0.0006123698714023,0.0393447642375994,0.0182180036742192,0.0211267605633802,0.0024494794856092,0.0022963870177587,0.0001530924678505,0.0029087568891609,0.0027556644213104,0.0001530924678505,0.0509797917942436,0.0330679730557256,0.017911818738518,0.0338334353949784,0.0153092467850581,0.0185241886099203,0.0064298836497242995,0.0053582363747703,0.001071647274954,0.0056644213104714,0.0038273116962645,0.0018371096142069,0.0030618493570115,0.002908756889161,0.0001530924678505,0.0071953459889773,0.0058175137783221,0.0013778322106552,0.0035211267605633,0.0004592774035517,0.0030618493570116,0.0048989589712185,0.0035211267605633,0.0013778322106552,0.041794243723208696,0.019748928352725,0.0220453153704837,0.0165339865278627,0.0127066748315982,0.0038273116962645,2556
2016-10-01,2016,10,0.7239797532426446,0.2148054413160392,0.5091743119266054,0.0009490667510281,0.0007908889591901,0.000158177791838,0.0275229357798164,0.0090161341347674,0.018506801645049,0.00047453337551399996,0.000316355583676,0.000158177791838,0.0226194242328377,0.0140778234735843,0.0085416007592534,0.0300537804492248,0.0218285352736475,0.0082252451755773,0.0012654223347041,0.0011072445428661,0.000158177791838,0.000474533375514,0.000474533375514,0.0,0.055204049351470996,0.0283138247390066,0.0268902246124644,0.0026890224612463,0.0023726668775703,0.000316355583676,0.0017399557102181998,0.0015817779183802,0.000158177791838,0.0507750711800063,0.0335336918696615,0.0172413793103448,0.0295792470737108,0.0129705789307181,0.0166086681429927,0.0031635558367604,0.0015817779183802,0.0015817779183802,0.0064852894653589,0.0047453337551407,0.0017399557102182,0.0041126225877885,0.0036380892122745,0.000474533375514,0.0071180006327111,0.006327111673521,0.0007908889591901,0.0031635558367604,0.0007908889591901,0.0023726668775703,0.006643467257197,0.0055362227143309,0.0011072445428661,0.0347991142043656,0.0167668459348307,0.0180322682695349,0.0115469788041758,0.0080670673837393,0.0034799114204365,2343
2016-11-01,2016,11,0.728137817883511,0.2420016406890894,0.4861361771944216,0.0042657916324855,0.0034454470877768,0.0008203445447087,0.0244462674323215,0.0039376538146021,0.0205086136177194,0.0,0.0,0.0,0.0231337161607875,0.0136177194421657,0.0095159967186218,0.0342904019688268,0.0231337161607875,0.0111566858080393,0.0021328958162428,0.0018047579983593,0.0003281378178835,0.0006562756357669,0.0004922067268252,0.0001640689089417,0.0277276456111566,0.0111566858080393,0.0165709598031173,0.0054142739950778,0.0049220672682526,0.0004922067268252,0.001312551271534,0.001312551271534,0.0,0.051517637407711106,0.0351107465135356,0.0164068908941755,0.0292042657916324,0.0108285479901558,0.0183757178014766,0.0022969647251845,0.0018047579983593,0.0004922067268252,0.0052502050861361,0.0036095159967186,0.0016406890894175,0.0137817883511074,0.0131255127153404,0.000656275635767,0.0126333059885151,0.0101722723543888,0.0024610336341263,0.0034454470877767,0.0011484823625922,0.0022969647251845,0.0049220672682526,0.0042657916324856,0.000656275635767,0.0336341263330598,0.0178835110746513,0.0157506152584085,0.0164068908941754,0.0126333059885151,0.0037735849056603,2433
2016-12-01,2016,12,0.7198296261239941,0.2052374191512856,0.5145922069727086,0.0031550717778828,0.0018930430667297,0.0012620287111531,0.020665720145133203,0.0061523899668717,0.0145133301782615,0.0009465215333648,0.0001577535888941,0.0007887679444707,0.014040069411579,0.0085186938002839,0.0055213756112951,0.0455907871904085,0.0351790503233948,0.0104117368670137,0.0047326076668243,0.0045748540779302,0.0001577535888941,0.0009465215333648,0.0004732607666824,0.0004732607666824,0.053005205868433505,0.0266603565231109,0.0263448493453226,0.0023663038334122,0.0023663038334122,0.0,0.0003155071777882,0.0001577535888941,0.0001577535888941,0.053005205868433394,0.0362833254456538,0.0167218804227796,0.0334437608455591,0.0154598517116264,0.0179839091339327,0.0047326076668243,0.0034705789556712,0.0012620287111531,0.0028395646000945003,0.0015775358889414,0.0012620287111531,0.0056791292001892,0.0052058684335068,0.0004732607666824,0.0143555765893673,0.0127780407004259,0.0015775358889414,0.0026818110112004,0.0001577535888941,0.0025240574223063,0.0037860861334594,0.0029973181889887,0.0007887679444707,0.0318662249566177,0.0154598517116264,0.0164063732449913,0.0154598517116264,0.0100962296892254,0.005363622022401,2344
2017-01-01,2017,1,0.7219180109516057,0.1817374574515317,0.540180553500074,0.0023679147550688,0.001479946721918,0.0008879680331508,0.0242711262394553,0.0069557495930146,0.0173153766464407,0.0010359627053426,0.0004439840165754,0.0005919786887672,0.0236791475506881,0.0137635045138375,0.0099156430368506,0.0402545508361698,0.0301909131271274,0.0100636377090424,0.0010359627053426,0.000739973360959,0.0002959893443836,0.0011839573775344,0.000739973360959,0.0004439840165754,0.0377386414089092,0.0177593606630161,0.0199792807458931,0.0022199200828769998,0.0020719254106852,0.0001479946721918,0.0011839573775344,0.0010359627053426,0.0001479946721918,0.0581619061713777,0.037146662720142,0.0210152434512357,0.033890779931922396,0.0161314192689063,0.0177593606630161,0.006659760248631,0.005919786887672,0.000739973360959,0.0057717922154802,0.002959893443836,0.0028118987716442,0.0056237975432884,0.0041438508213704,0.001479946721918,0.0115435844309604,0.0094716590202752,0.0020719254106852,0.0023679147550687996,0.0010359627053426,0.0013319520497262,0.0034038774604113996,0.0026639040994524,0.000739973360959,0.0335947905875388,0.0186473286961669,0.0149474618913719,0.013763504513837399,0.0087316856593162,0.0050318188545212,2298
2017-02-01,2017,2,0.7068223724646587,0.208358942839582,0.4984634296250768,0.0029194837123539,0.0021511985248924,0.0007682851874615,0.0285802089735709,0.0113706207744314,0.0172095881991395,0.0,0.0,0.0,0.0251997541487399,0.0156730178242163,0.0095267363245236,0.0447141979102642,0.0359557467732022,0.008758451137062,0.0021511985248923,0.0013829133374308,0.0007682851874615,0.0007682851874614999,0.0004609711124769,0.0003073140749846,0.0391825445605407,0.0205900430239704,0.0185925015365703,0.0035341118623232,0.0035341118623232,0.0,0.0013829133374308,0.0013829133374308,0.0,0.0585433312845727,0.0393362015980331,0.0192071296865396,0.036416717885679004,0.0185925015365703,0.0178242163491087,0.0018438844499077001,0.0010755992624462,0.0007682851874615,0.0047633681622618,0.002919483712354,0.0018438844499078,0.012753534111862301,0.0081438229870928,0.0046097111247695,0.0096803933620159,0.0081438229870928,0.0015365703749231,0.0026121696373693003,0.0006146281499692,0.0019975414874001,0.0039950829748001,0.0033804548248309,0.0006146281499692,0.029041180086047898,0.0208973570989551,0.0081438229870928,0.0162876459741855,0.0119852489244007,0.0043023970497848,2548
2017-03-01,2017,3,0.7327843248615646,0.2067300866108192,0.5260542382507454,0.0031236688910975,0.0017038193951441,0.0014198494959534,0.0276870651710918,0.005821382933409,0.0218656822376828,0.00042595484878589994,0.0001419849495953,0.0002839698991906,0.027971035070282403,0.016186284253869,0.0117847508164134,0.0411756353826494,0.0308107340621894,0.01036490132046,0.0052534431350276,0.0042595484878602,0.0009938946471674,0.0014198494959533,0.0005679397983813,0.000851909697572,0.0139145250603435,0.0052534431350276,0.0086610819253159,0.0041175635382648,0.0038335936390742,0.0002839698991906,0.0022717591935254,0.0022717591935254,0.0,0.0641771972170949,0.0398977708362913,0.0242794263808036,0.0342183728524775,0.015760329405083,0.0184580434473945,0.0022717591935254,0.0018458043447394,0.000425954848786,0.0041175635382648,0.0025557290927161,0.0015618344455487,0.0042595484878602,0.0034076387902882,0.000851909697572,0.011358795967627299,0.0092290217236972,0.0021297742439301,0.0022717591935254,0.000425954848786,0.0018458043447394,0.0031236688910975,0.0026977140423115,0.000425954848786,0.030242794263808,0.0178901036490132,0.0123526906147948,0.017180178901036403,0.0129206304131762,0.0042595484878602,2535
2017-04-01,2017,4,0.7392694832519777,0.2097290018515401,0.5295404814004376,0.0020198619760982,0.0015148964820737,0.0005049654940245,0.0191886887729338,0.0043763676148796,0.0148123211580542,0.000336643662683,0.0001683218313415,0.0001683218313415,0.0228917690624473,0.0139707120013465,0.0089210570611008,0.0382090557145261,0.0279414240026931,0.010267631711833,0.0015148964820736002,0.0010099309880491,0.0005049654940245,0.0008416091567076,0.0,0.0008416091567076,0.0397239521965998,0.0223868035684228,0.017337148628177,0.0035347584581719,0.0030297929641474,0.0005049654940245,0.0015148964820737,0.0015148964820737,0.0,0.0563878134994108,0.0358525500757448,0.020535263423666,0.0213768725803736,0.0084160915670762,0.0129607810132974,0.0016832183134151,0.0011782528193906,0.0005049654940245,0.0087527352297592,0.0069011950850025,0.0018515401447567,0.004376367614879599,0.0030297929641474,0.0013465746507322,0.0114458845312236,0.0082477697357347,0.0031981147954889,0.0018515401447567002,0.0010099309880491,0.0008416091567076,0.0037030802895135,0.0030297929641474,0.0006732873253661,0.034674297256354,0.0218818380743982,0.0127924591819558,0.020366941592324397,0.0146439993267126,0.0057229422656118,2170
2017-05-01,2017,5,0.6852001945209919,0.2253201491327605,0.4598800453882314,0.0029178148808557,0.0019452099205705,0.0009726049602852,0.0228562165667044,0.0066461338952828,0.0162100826714216,0.0001621008267142,0.0001621008267142,0.0,0.0290160479818447,0.017993191765278,0.0110228562165667,0.0348516777435564,0.0249635273139893,0.0098881504295671,0.0019452099205705,0.0016210082671421,0.0003242016534284,0.0012968066137136,0.000810504133571,0.0004863024801426,0.0184794942454206,0.0084292429891392,0.0100502512562814,0.0050251256281406,0.0047009239747122,0.0003242016534284,0.0,0.0,0.0,0.0601394067109742,0.0410115091586967,0.0191278975522775,0.0427946182525529,0.0228562165667044,0.0199384016858485,0.0226941157399901,0.0218836116064191,0.000810504133571,0.0077808396822822996,0.0063219322418544,0.0014589074404279,0.005187226454854799,0.0042146214945696,0.0009726049602852,0.0097260496028529,0.0076187388555681,0.0021073107472848,0.0021073107472847,0.0012968066137137,0.000810504133571,0.006808234721997,0.0061598314151402,0.0006484033068568,0.0397147025449828,0.0257740314475603,0.0139406710974225,0.029502350461987202,0.0256119306208461,0.0038904198411411,2683
2017-06-01,2017,6,0.6895025938358252,0.2401586817210863,0.449343912114739,0.0045773573390295004,0.0038144644491913,0.0007628928898382,0.0242599938968568,0.010985657613671,0.0132743362831858,0.0004577357339029,0.0004577357339029,0.0,0.018004272200183,0.0134269148611534,0.0045773573390296,0.027769301190112797,0.0230393652731156,0.0047299359169972,0.0009154714678059001,0.0006103143118706,0.0003051571559353,0.0007628928898382,0.0003051571559353,0.0004577357339029,0.0230393652731156,0.0100701861458651,0.0129691791272505,0.0022886786695147003,0.0019835215135794,0.0003051571559353,0.0016783643576441,0.0016783643576441,0.0,0.0608788526090936,0.0422642660970399,0.0186145865120537,0.0308208727494659,0.0140372291730241,0.0167836435764418,0.0099176075678974,0.0093072932560268,0.0006103143118706,0.0149527006408299,0.0135794934391211,0.0013732072017088,0.0039670430271589,0.0021361000915471,0.0018309429356118,0.0054928288068355,0.0048825144949649,0.0006103143118706,0.0028989929813853,0.0018309429356118,0.0010680500457735,0.0045773573390295004,0.0038144644491913,0.0007628928898382,0.047299359169972396,0.0363137015563014,0.010985657613671,0.0506560878852608,0.0440952090326518,0.006560878852609,3001
2017-07-01,2017,7,0.6785426406577462,0.2353699822666451,0.4431726583911011,0.0038690955989036,0.0032242463324197,0.0006448492664839,0.023536998226664503,0.0077381911978075,0.015798807028857,0.0003224246332419,0.0003224246332419,0.0,0.0204739642108657,0.0125745606964372,0.0078994035144285,0.034338223440270696,0.0240206351765274,0.0103175882637433,0.0006448492664837999,0.0001612123166209,0.0004836369498629,0.0011284862163468,0.0004836369498629,0.0006448492664839,0.040625503788489295,0.0241818474931484,0.0164436562953409,0.0038690955989037,0.0038690955989037,0.0,0.0006448492664839,0.0006448492664839,0.0,0.0543285507012735,0.0372400451394486,0.0170885055618249,0.0353054973399967,0.0216024504272126,0.0137030469127841,0.0370788328228276,0.0356279219732387,0.0014509108495889,0.0053200064484926,0.0043527325487667,0.0009672738997259,0.0080606158310493,0.0064484926648395,0.0016121231662098,0.006932129614702499,0.0046751571820087,0.0022569724326938,0.0017733354828308,0.0006448492664839,0.0011284862163469,0.0082218281476704,0.0072545542479445,0.0009672738997259,0.0398194422053844,0.0269224568757053,0.0128969853296791,0.022730936643559498,0.0201515395776237,0.0025793970659358,2841
2017-08-01,2017,8,0.6756386079204525,0.2026401508657637,0.4729984570546888,0.0017143836790673,0.0013715069432539,0.0003428767358134,0.0186867821018343,0.0049717126692953,0.013715069432539,0.0003428767358134,0.0003428767358134,0.0,0.0231441796674094,0.0145722612720726,0.0085719183953368,0.0490313732213269,0.0380593176752957,0.0109720555460312,0.0037716440939481,0.0034287673581347,0.0003428767358134,0.0006857534716269,0.0,0.0006857534716269,0.0480027430138864,0.0185153437339276,0.0294873992799588,0.0025715755186009,0.0022286987827875,0.0003428767358134,0.0029144522544145,0.0029144522544145,0.0,0.0738899365678038,0.0473169895422595,0.0265729470255443,0.0382307560432023,0.0159437682153265,0.0222869878278758,0.0025715755186010002,0.0013715069432539,0.0012000685753471,0.007028973084176201,0.0054860277730156,0.0015429453111606,0.0042859591976683,0.0034287673581347,0.0008571918395336,0.012515000857191701,0.0094291102348705,0.0030858906223212,0.0030858906223211998,0.0006857534716269,0.0024001371506943,0.0046288359334818,0.0037716440939482,0.0008571918395336,0.0478313046459797,0.026744385393451,0.0210869192525287,0.0159437682153265,0.0111434939139379,0.0048002743013886,2252
2017-09-01,2017,9,0.6760985352862849,0.2150466045272969,0.461051930758988,0.0046604527296936,0.0026631158455392,0.0019973368841544,0.0259653794940079,0.0074900133155792,0.0184753661784287,0.0006657789613848,0.0006657789613848,0.0,0.0203062583222369,0.0109853528628495,0.0093209054593874,0.0481025299600532,0.0366178428761651,0.0114846870838881,0.0011651131824234,0.0009986684420772,0.0001664447403462,0.0021637816245006,0.0013315579227696,0.000832223701731,0.0387816245006656,0.0158122503328894,0.0229693741677762,0.0054926764314247,0.0054926764314247,0.0,0.0041611185086551,0.0039946737683089,0.0001664447403462,0.0768974700399466,0.048768308921438,0.0281291611185086,0.036950732356857405,0.0188082556591211,0.0181424766977363,0.0064913448735019,0.0053262316910785,0.0011651131824234,0.0061584553928095,0.0043275632490013,0.0018308921438082,0.0133155792276963,0.0109853528628495,0.0023302263648468,0.0129826897470039,0.0109853528628495,0.0019973368841544,0.0019973368841544,0.0009986684420772,0.0009986684420772,0.0039946737683089,0.0033288948069241,0.0006657789613848,0.0386151797603195,0.021138482023968,0.0174766977363515,0.016311584553928,0.0114846870838881,0.0048268974700399,2439
2017-10-01,2017,10,0.7183490493121039,0.2300200958417066,0.4883289534703973,0.0030916679548616,0.0023187509661462,0.0007729169887154,0.024733343638893103,0.0069562528984387,0.0177770907404544,0.0,0.0,0.0,0.0191683413201421,0.0120575050239604,0.0071108362961817,0.0357087648786519,0.0273612614005255,0.0083475034781264,0.0024733343638892,0.0023187509661462,0.000154583397743,0.0018550007729168998,0.0006183335909723,0.0012366671819446,0.036017931674138096,0.0162312567630236,0.0197866749111145,0.0061833359097232,0.0061833359097232,0.0,0.0023187509661462,0.0023187509661462,0.0,0.0570412737671973,0.0389550162312567,0.0180862575359406,0.027052094605039302,0.0128304220126758,0.0142216725923635,0.003864584943577,0.0026279177616324,0.0012366671819446,0.0072654196939248,0.0052558355232648,0.00200958417066,0.009584170660071,0.0046375019322924,0.0049466687277786,0.0145308393878496,0.0123666718194465,0.0021641675684031,0.0017004173751737999,0.0004637501932292,0.0012366671819446,0.0064925027052094,0.0058741691142371,0.0006183335909723,0.032153346730561,0.020714175297573,0.011439171432988,0.0202504251043436,0.0140670891946204,0.0061833359097232,2596
2017-11-01,2017,11,0.731777542051826,0.2321563873314138,0.4996211547204122,0.0022730716775268,0.0016669192301863,0.0006061524473405,0.0281860888013334,0.008486134262767,0.0196999545385664,0.0007576905591755001,0.0003030762236702,0.0004546143355053,0.0313683891498711,0.0224276405515987,0.0089407485982724,0.030459160478860298,0.0237914835581148,0.0066676769207455,0.0013638430065161002,0.0007576905591756,0.0006061524473405,0.0006061524473405,0.0006061524473405,0.0,0.031216851038036002,0.0134868919533262,0.0177299590847098,0.007273829368086,0.0069707531444158,0.0003030762236702,0.0001515381118351,0.0001515381118351,0.0,0.0540991059251401,0.0368237611759357,0.0172753447492044,0.0337929989392331,0.0159115017426882,0.0178814971965449,0.0027276860130322,0.0018184573420215,0.0009092286710107,0.0037884527958781,0.0018184573420215,0.0019699954538566,0.0092438248219426,0.0078799818154265,0.0013638430065161,0.010607667828458801,0.0092438248219427,0.0013638430065161,0.0021215335656917,0.0007576905591756,0.0013638430065161,0.0054553720260645,0.004849219578724,0.0006061524473405,0.0209122594332473,0.0140930444006667,0.0068192150325806,0.0151538111835125,0.0112138202757993,0.0039399909077132,2607
2017-12-01,2017,12,0.6688126965114538,0.1705345111543644,0.4982781853570894,0.0041922443479562,0.0025452912112591,0.0016469531366971,0.0230573439137595,0.0059889204970804,0.0170684234166791,0.0,0.0,0.0,0.0206617757149272,0.0118281179817337,0.0088336577331935,0.030543494535109898,0.0220092828267704,0.0085342117083395,0.000748615062135,0.000299446024854,0.000449169037281,0.000598892049708,0.000449169037281,0.000149723012427,0.08938463841892491,0.0476119179517891,0.0417727204671358,0.0043419673603832,0.0040425213355292,0.000299446024854,0.000748615062135,0.000598892049708,0.000149723012427,0.0507561012127563,0.0291959874232669,0.0215601137894894,0.0395268752807305,0.0188650995658032,0.0206617757149273,0.0224584518640514,0.0212606677646354,0.001197784099416,0.0034436292858211,0.0026950142236861,0.000748615062135,0.0052403054349453,0.0032939062733942,0.0019463991615511,0.013475071118430802,0.0091331037580476,0.0043419673603832,0.0016469531366971,0.000149723012427,0.0014972301242701,0.0032939062733942,0.0029944602485402,0.000299446024854,0.025303189100164603,0.0172181464291061,0.0080850426710585,0.0151220242551279,0.0098817188201826,0.0052403054349453,2424
2018-01-01,2018,1,0.6995335719709296,0.2012148823082764,0.4983186896626532,0.0078099576960624,0.0054235817333767,0.0023863759626857,0.0278772101095563,0.0072675995227248,0.0206096105868315,0.0023863759626855997,0.0021694326933506,0.000216943269335,0.0178978197201431,0.0096539754854105,0.0082438442347326,0.0361210543442889,0.028419568282894,0.0077014860613949,0.0011931879813428,0.0009762447120078,0.000216943269335,0.0007593014426727,0.0006508298080052,0.0001084716346675,0.0622627182991646,0.0311313591495823,0.0311313591495823,0.0071591278880572,0.0066167697147196,0.0005423581733376,0.0027117908666883,0.0026033192320208,0.0001084716346675,0.053801930795097,0.0350363379976136,0.0187655927974834,0.042846295693676,0.022128213472177,0.020718082221499,0.0036880355786961,0.0022779043280182,0.0014101312506779,0.0043388653867013,0.0026033192320208,0.0017355461546805,0.0049896951947065,0.0044473370213689,0.0005423581733376,0.0145351990454495,0.0124742379867664,0.0020609610586831,0.0009762447120077,0.0004338865386701,0.0005423581733376,0.0043388653867013,0.0036880355786961,0.0006508298080052,0.0223451567415119,0.0129081245254365,0.0094370322160754,0.0106302201974183,0.0063998264453845,0.0042303937520338,3457
2018-02-01,2018,2,0.7176866798281267,0.219718964115666,0.4979677157124608,0.0036000464522122,0.0029032632679131,0.0006967831842991,0.0392521193821855,0.0121937057252351,0.0270584136569504,0.00267100220648,0.0025548716757635,0.0001161305307165,0.0175357101381952,0.0098710951109046,0.0076646150272906,0.0360004645221228,0.0271745441876669,0.0088259203344559,0.0012774358378817002,0.0010451747764487,0.000232261061433,0.0011613053071652,0.0001161305307165,0.0010451747764487,0.034723028684241,0.0178841017303449,0.0168389269538961,0.0082452676808733,0.0082452676808733,0.0,0.0019742190221809,0.0019742190221809,0.0,0.0612007896876087,0.041574729996516,0.0196260596910927,0.0336778539077923,0.0174195796074788,0.0162582743003135,0.0026710022064799998,0.0022064800836139,0.0004645221228661,0.007316223435141,0.004877482290094,0.002438741145047,0.008593659273022799,0.0072000929044245,0.0013935663685983,0.009638834049471499,0.0084775287423063,0.0011613053071652,0.0016258274300313,0.0004645221228661,0.0011613053071652,0.0055742654743931,0.004877482290094,0.0006967831842991,0.0209034955289745,0.0130066194402508,0.0078968760887237,0.013935663685983,0.0083613982115898,0.0055742654743932,3348
2018-03-01,2018,3,0.7134701943133165,0.2156109342408607,0.4978592600724558,0.0051597321330551,0.0043912613898342,0.0007684707432209,0.0287627621034141,0.0070260182237347,0.0217367438796794,0.0005489076737292,0.0005489076737292,0.0,0.0184432978373036,0.0104292458008562,0.0080140520364474,0.028543199033922398,0.0230541222966297,0.0054890767372927,0.0035130091118673002,0.0030738829728839,0.0004391261389834,0.0021956306949170003,0.0016467230211878,0.0005489076737292,0.0368865956746075,0.0136129103084861,0.0232736853661214,0.013064002634756799,0.0126248764957734,0.0004391261389834,0.0069162366889889,0.0069162366889889,0.0,0.0591722472280162,0.0401800417169832,0.018992205511033,0.0388626633000329,0.0230541222966297,0.0158085410034032,0.0019760676254253003,0.0016467230211878,0.0003293446042375,0.0047206059940717,0.0029641014381381,0.0017565045559336,0.0045010429245800005,0.0032934460423756,0.0012075968822044,0.012405313426281601,0.0107585904050938,0.0016467230211878,0.0021956306949170003,0.0007684707432209,0.0014271599516961,0.0037325721813590003,0.0028543199033922,0.0008782522779668,0.0241519376440881,0.0147107256559446,0.0094412119881435,0.0133933472389943,0.008343396640685,0.0050499505983093,3519
2018-04-01,2018,4,0.7249818521207093,0.2319817484185419,0.4930001037021674,0.0047702996992636006,0.0044591931971378,0.0003111065021258,0.0299699263714611,0.0085035777247744,0.0214663486466867,0.0012444260085034,0.0010370216737529,0.0002074043347505,0.023229285492066702,0.0157627294410453,0.0074665560510214,0.0262366483459504,0.0210515399771855,0.0051851083687649,0.0030073628538835,0.0022814476822565,0.000725915171627,0.0015555325106293,0.0010370216737529,0.0005185108368764,0.024888520170071503,0.008710982059525,0.0161775381105465,0.0199108161360571,0.019496007466556,0.0004148086695011,0.0031110650212588,0.0030073628538836,0.0001037021673752,0.0527844031940266,0.0347402260707248,0.0180441771233018,0.0264440526807009,0.0131701752566628,0.0132738774240381,0.0021777455148811,0.0018666390127553,0.0003111065021258,0.008296173390023701,0.006636938712019,0.0016592346780047,0.0072591517162707,0.0063258322098931,0.0009333195063776,0.0144146012651663,0.0128590687545369,0.0015555325106294,0.0031110650212588,0.0011407238411282,0.0019703411801306,0.0041480866950118,0.0037332780255107,0.0004148086695011,0.0271699678523281,0.0161775381105465,0.0109924297417816,0.0108887275744062,0.0078813647205226,0.0030073628538836,3901
2018-05-01,2018,5,0.6777664974619289,0.2336040609137055,0.4441624365482233,0.0041624365482233,0.0029441624365482,0.0012182741116751,0.0283248730964466,0.0076142131979695,0.0207106598984771,0.0011167512690354,0.0010152284263959,0.0001015228426395,0.0198984771573603,0.0117766497461928,0.0081218274111675,0.0346192893401014,0.0277157360406091,0.0069035532994923,0.0058883248730963,0.0056852791878172,0.0002030456852791,0.0010152284263958,0.0005076142131979,0.0005076142131979,0.0283248730964466,0.0134010152284263,0.0149238578680203,0.0312690355329949,0.0296446700507614,0.0016243654822335,0.007512690355329799,0.0074111675126903,0.0001015228426395,0.0462944162436548,0.0315736040609137,0.0147208121827411,0.0451776649746191,0.021725888324873,0.0234517766497461,0.0019289340101522,0.0013197969543147,0.0006091370558375,0.0061928934010151,0.0052791878172588,0.0009137055837563,0.0081218274111674,0.0074111675126903,0.0007106598984771,0.0196954314720811,0.0172588832487309,0.0024365482233502,0.0018274111675125999,0.0013197969543147,0.0005076142131979,0.0042639593908628,0.0041624365482233,0.0001015228426395,0.0372588832487308,0.0219289340101522,0.0153299492385786,0.0150253807106598,0.0108629441624365,0.0041624365482233,4358
2018-06-01,2018,6,0.6867733394727754,0.2606193162196385,0.4261540232531369,0.0056406124093472,0.0039138943248532,0.001726718084494,0.0401749740992287,0.0096696212731668,0.0305053528260619,0.0009209163117301,0.0003453436168988,0.0005755726948313,0.0287786347415677,0.0206055024749625,0.0081731322666052,0.0291239783584666,0.0207206170139288,0.0084033613445378,0.0026476343962242,0.0026476343962242,0.0,0.0018418326234602,0.0013813744675952,0.000460458155865,0.0408656613330262,0.0210659606308276,0.0197997007021986,0.0078277886497063,0.0077126741107401,0.0001151145389662,0.0008058017727639,0.0008058017727639,0.0,0.054794520547945105,0.0367215379302405,0.0180729826177046,0.039138943248532204,0.0204903879359963,0.0186485553125359,0.0028778634741567,0.0027627489351905,0.0001151145389662,0.004259237941752,0.0035685507079544,0.0006906872337976,0.0082882468055714,0.0070219868769425,0.0012662599286289,0.0112812248186945,0.0093242776562679,0.0019569471624266,0.0013813744675951001,0.0009209163117301,0.000460458155865,0.0048348106365833,0.0046045815586508,0.0002302290779325,0.037412225164038096,0.0210659606308276,0.0163462645332105,0.014619546448716401,0.009784735812133,0.0048348106365834,3880
2018-07-01,2018,7,0.6579229122055673,0.2643468950749464,0.3935760171306209,0.0035331905781584,0.0027837259100642,0.0007494646680942,0.0330835117773018,0.0078158458244111,0.0252676659528907,0.0012847965738757,0.0009635974304068,0.0003211991434689,0.0261241970021413,0.0184154175588865,0.0077087794432548,0.0260171306209849,0.0200214132762312,0.0059957173447537,0.0026766595289079,0.0026766595289079,0.0,0.0006423982869378001,0.0005353319057815,0.0001070663811563,0.0572805139186295,0.0298715203426124,0.0274089935760171,0.0131691648822269,0.012847965738758,0.0003211991434689,0.0034261241970021,0.0033190578158458,0.0001070663811563,0.0479657387580299,0.0317987152034261,0.0161670235546038,0.0526766595289078,0.0359743040685224,0.0167023554603854,0.0048179871520342005,0.0028907922912205,0.0019271948608137,0.0047109207708777995,0.003747323340471,0.0009635974304068,0.007815845824411,0.0068522483940042,0.0009635974304068,0.0088865096359742,0.0068522483940042,0.00203426124197,0.0012847965738757,0.0009635974304068,0.0003211991434689,0.0026766595289078998,0.00203426124197,0.0006423982869379,0.044646680942184006,0.0313704496788008,0.0132762312633832,0.015096359743040601,0.0110278372591006,0.00406852248394,4505
2018-08-01,2018,8,0.6824892119009764,0.2263229616170792,0.4561662502838973,0.0031796502384736003,0.0020440608675902,0.0011355893708834,0.040199863729275406,0.0057915057915057,0.0344083579377697,0.0009084714967067,0.0007949125596184,0.0001135589370883,0.021008403361344498,0.01237792414263,0.0086304792187145,0.0323642970701793,0.0245287304110833,0.007835566659096,0.0014762661821484,0.0011355893708834,0.000340676811265,0.0005677946854416,0.000340676811265,0.0002271178741766,0.0463320463320463,0.022143992732228,0.0241880535998183,0.013627072450601801,0.0135135135135135,0.0001135589370883,0.0004542357483533,0.0004542357483533,0.0,0.055076084487849106,0.0344083579377697,0.0206677265500794,0.0466727231433113,0.0249829661594367,0.0216897569838746,0.0056779468544173005,0.0047694753577106,0.0009084714967067,0.0044287985464455,0.0027254144901203,0.0017033840563252,0.0028389734272086,0.0023847376788553,0.0004542357483533,0.0137406313876901,0.0121508062684533,0.0015898251192368,0.0020440608675901,0.00068135362253,0.0013627072450601,0.0047694753577105,0.0038610038610038,0.0009084714967067,0.0339541221894162,0.0165796048148989,0.0173745173745173,0.0118101294571882,0.007835566659096,0.0039745627980922,3514
2018-09-01,2018,9,0.6509422780609221,0.2147682825648927,0.4361739954960294,0.0039113428943937,0.0028446130141045,0.0010667298802892,0.0338983050847457,0.00734858361977,0.0265497214649757,0.000355576626763,0.0,0.000355576626763,0.0195567144719686,0.0094820433803484,0.0100746710916202,0.021334597605784,0.0149342183240488,0.0064003792817352,0.0059262771127177,0.0054521749437003,0.0004741021690174,0.0034372407253762,0.0024890363873414,0.0009482043380348,0.1046580538105961,0.0712338508948678,0.0334242029157283,0.0149342183240487,0.0148156927817944,0.0001185255422543,0.0008296787957804,0.0008296787957804,0.0,0.056655209197582,0.0372170202678677,0.0194381889297143,0.033305677373473896,0.0145786416972857,0.0187270356761882,0.0045039706056654,0.0037928173521393,0.0007111532535261,0.0037928173521393,0.0021334597605784,0.0016593575915609,0.004978072774682801,0.0041483939789024,0.0008296787957804,0.0077041602465330004,0.0071115325352613,0.0005926277112717,0.0017778831338153,0.0004741021690174,0.0013037809647979,0.0035557662676306,0.002014934218324,0.0015408320493066,0.026549721464975598,0.0129192841057247,0.0136304373592509,0.0118525542254354,0.0069930069930069,0.0048595472324285,3556
2018-10-01,2018,10,0.6678129298486932,0.2127464465841357,0.4550664832645575,0.003668042182485,0.0021779000458505,0.0014901421366345,0.027854195323246102,0.0064190738193489,0.0214351215038972,0.0004585052728106,0.0002292526364053,0.0002292526364053,0.0189133425034387,0.0075653370013755,0.0113480055020632,0.0243007794589637,0.0182255845942228,0.0060751948647409,0.003324163227877,0.0032095369096744,0.0001146263182026,0.0010316368638238,0.0006877579092159,0.0003438789546079,0.041953232462173196,0.0215497478220999,0.0204034846400733,0.0527281063732232,0.051811095827602,0.0009170105456212,0.0009170105456212,0.0009170105456212,0.0,0.05043558000917,0.0303759743237047,0.0200596056854653,0.0475699220541035,0.024530032095369,0.0230398899587345,0.0050435580009169,0.004355800091701,0.0006877579092159,0.0052728106373221995,0.0034387895460797,0.0018340210912425,0.0028656579550664,0.0019486474094452,0.0009170105456212,0.011348005502063099,0.0102017423200366,0.0011462631820265,0.0010316368638238,0.0004585052728106,0.0005731315910132,0.0041265474552956,0.0026364053186611,0.0014901421366345,0.0318661164603392,0.0170793214121962,0.014786795048143,0.0106602475928472,0.0058459422283356,0.0048143053645116,3591
2018-11-01,2018,11,0.6942237781069072,0.2143530362192002,0.479870741887707,0.0040393160091557,0.0024235896054934,0.0016157264036623,0.031775952605358704,0.0061936178807055,0.0255823347246532,0.0004039316009155,0.0002692877339437,0.0001346438669718,0.0262555540595125,0.0146761814999326,0.0115793725595799,0.033795610609936605,0.0257169785916251,0.0080786320183115,0.0013464386697184,0.0006732193348592,0.0006732193348592,0.000942507068803,0.000942507068803,0.0,0.0416049548943045,0.019119429110004,0.0224855257843005,0.0123872357614109,0.0117140164265517,0.0006732193348592,0.0002692877339437,0.0002692877339437,0.0,0.056281136394237104,0.0366231318163457,0.0196580045778914,0.0486064359768411,0.0239666083209909,0.0246398276558502,0.0059243301467617,0.0057896862797899,0.0001346438669718,0.006597549481621,0.0053857546788743,0.0012117948027467,0.0036353844082401,0.0033660966742964,0.0002692877339437,0.0100982900228894,0.0084825636192271,0.0016157264036623,0.0014810825366904,0.0002692877339437,0.0012117948027467,0.004443247610071199,0.0033660966742964,0.0010771509357748,0.026524841793456197,0.0148108253669045,0.0117140164265517,0.009559714555001899,0.0053857546788743,0.0041739598761276,2838
2018-12-01,2018,12,0.728071928071928,0.2039960039960039,0.5240759240759241,0.0049950049950048,0.0035964035964035,0.0013986013986013,0.025374625374625197,0.0057942057942057,0.0195804195804195,0.001198801198801,0.0007992007992007,0.0003996003996003,0.02017982017982,0.0083916083916083,0.0117882117882117,0.025174825174825,0.0187812187812187,0.0063936063936063,0.002197802197802,0.0015984015984015,0.0005994005994005,0.0043956043956042,0.0019980019980019,0.0023976023976023,0.023176823176823,0.0105894105894105,0.0125874125874125,0.0099900099900098,0.0093906093906093,0.0005994005994005,0.0003996003996003,0.0003996003996003,0.0,0.0503496503496502,0.0299700299700299,0.0203796203796203,0.056143856143856,0.0303696303696303,0.0257742257742257,0.0107892107892106,0.0105894105894105,0.0001998001998001,0.0063936063936062,0.0043956043956043,0.0019980019980019,0.0025974025974023996,0.0021978021978021,0.0003996003996003,0.0069930069930068004,0.0059940059940059,0.0009990009990009,0.001198801198801,0.0009990009990009,0.0001998001998001,0.0037962037962036,0.0031968031968031,0.0005994005994005,0.019580419580419398,0.0129870129870129,0.0065934065934065,0.010389610389610199,0.0057942057942057,0.0045954045954045,1769
2019-01-01,2019,1,0.6722535981053014,0.1947531426489342,0.4775004554563672,0.0058298415011841,0.0041901985789761,0.001639642922208,0.0225906358170887,0.0069229367826562,0.0156676990344325,0.000546547640736,0.000546547640736,0.0,0.0222262707232646,0.0136636910184004,0.0085625797048642,0.034250318819457004,0.0251411914738568,0.0091091273456002,0.000728730187648,0.000728730187648,0.0,0.003279285844416,0.002368373109856,0.00091091273456,0.0287848424120968,0.0136636910184004,0.0151211513936964,0.0209509928948806,0.0200400801603206,0.00091091273456,0.002004008016032,0.002004008016032,0.0,0.056840954636545704,0.0355255966478411,0.0213153579887046,0.065221351794498,0.0258699216615048,0.0393514301329932,0.002914920750592,0.002550555656768,0.000364365093824,0.0063763891419201,0.0043723811258881,0.002004008016032,0.0060120240480961,0.0047367462197121,0.001275277828384,0.0065585716888321,0.0051011113135361,0.001457460375296,0.000546547640736,0.000182182546912,0.000364365093824,0.003279285844416,0.00182182546912,0.001457460375296,0.036072144288576996,0.0276917471306248,0.0083803971579522,0.0238659136454727,0.0191291674257606,0.0047367462197121,2130
2019-02-01,2019,2,0.6855169839492347,0.2073534901082493,0.4781634938409854,0.0041060097051138,0.0024262784621127,0.0016797312430011,0.0354609929078013,0.011384845091452,0.0240761478163493,0.0011198208286674,0.0009331840238895,0.0001866368047779,0.0194102276969018,0.0106382978723404,0.0087719298245614,0.0237028742067935,0.0147443075774542,0.0089585666293393,0.0014930944382232,0.0014930944382232,0.0,0.0048525569242254,0.003732736095558,0.0011198208286674,0.025009331840238798,0.007465472191116,0.0175438596491228,0.0291153415453527,0.0274356103023516,0.0016797312430011,0.0022396416573348,0.0022396416573348,0.0,0.0516983949234788,0.0274356103023516,0.0242627846211272,0.0770810003732735,0.0382605449794699,0.0388204553938036,0.0035460992907801,0.0024262784621127,0.0011198208286674,0.0048525569242254,0.0029861888764464,0.001866368047779,0.0042926465098917,0.0027995520716685,0.0014930944382232,0.0061590145576706995,0.0054124673385591,0.0007465472191116,0.0014930944382231998,0.0005599104143337,0.0009331840238895,0.0057857409481149,0.0039193729003359,0.001866368047779,0.0192235908921238,0.0123180291153415,0.0069055617767823,0.009331840238895,0.0061590145576707,0.0031728256812243,2026
2019-03-01,2019,3,0.7264340152426794,0.2298435619735258,0.4965904532691536,0.0040112314480544,0.0026073004412354,0.001403931006819,0.025270758122743597,0.0060168471720818,0.0192539109506618,0.0008022462896108,0.0006016847172081,0.0002005615724027,0.029883674288006402,0.0146409947853991,0.0152426795026073,0.0334937825912554,0.0248696349779382,0.0086241476133172,0.0008022462896108,0.0004011231448054,0.0004011231448054,0.0024067388688326,0.001403931006819,0.0010028078620136,0.0240673886883272,0.0050140393100681,0.0190533493782591,0.0226634576815081,0.0214600882470918,0.0012033694344163,0.0016044925792217,0.001403931006819,0.0002005615724027,0.0611712795828318,0.0433212996389891,0.0178499799438427,0.046730846369835405,0.0180505415162454,0.02868030485359,0.0010028078620136,0.0002005615724027,0.0008022462896109,0.0024067388688326,0.0010028078620136,0.001403931006819,0.0032089851584435,0.0028078620136381,0.0004011231448054,0.0086241476133172,0.0074207781789009,0.0012033694344163,0.0008022462896108,0.0002005615724027,0.0006016847172081,0.0066185318892899,0.0050140393100681,0.0016044925792218,0.0122342559165663,0.0082230244685118,0.0040112314480545,0.0056157240272763,0.0030084235860409,0.0026073004412354,1873
2019-04-01,2019,4,0.7147848473703566,0.2234277307833762,0.4913571165869805,0.0057006252298638,0.0036778227289444,0.0020228025009194,0.02317028319235,0.0055167340934166,0.0176535490989334,0.0011033468186833,0.0009194556822361,0.0001838911364472,0.0228025009194556,0.0102979036410445,0.0125045972784111,0.0264803236484,0.0211474806914306,0.0053328429569694,0.0022066936373666,0.001655020228025,0.0005516734093416,0.0023905847738137998,0.0012872379551305,0.0011033468186833,0.048363368885619595,0.0283192350128723,0.0200441338727473,0.0174696579624861,0.0169179845531445,0.0005516734093416,0.0034939315924972,0.0034939315924972,0.0,0.056086796616403006,0.0388010297903641,0.0172857668260389,0.0345715336520779,0.0147112909157778,0.0198602427363001,0.0016550202280248998,0.0014711290915777,0.0001838911364472,0.006803972048547199,0.0044133872747333,0.0023905847738139,0.0055167340934166,0.0045972784111805,0.0009194556822361,0.0071717543214416,0.0058845163663111,0.0012872379551305,0.0011033468186832,0.0005516734093416,0.0005516734093416,0.009194556822361099,0.0075395365943361,0.001655020228025,0.0159985288709084,0.0112173593232806,0.0047811695476278,0.0088267745494666,0.0062522986392055,0.0025744759102611,2143
2019-05-01,2019,5,0.6884159106769017,0.2170272156315422,0.4713886950453594,0.0048848569434751,0.0027913468248429,0.0020935101186322,0.0218073970690858,0.0062805303558967,0.0155268667131891,0.0006978367062105999,0.000523377529658,0.0001744591765526,0.0184926727145847,0.0083740404745289,0.0101186322400558,0.0273900907187717,0.021109560362875,0.0062805303558967,0.0024424284717374997,0.0020935101186322,0.0003489183531053,0.0027913468248428,0.0013956734124214,0.0013956734124214,0.0165736217725052,0.0062805303558967,0.0102930914166085,0.0727494766224702,0.0696092114445219,0.0031402651779483,0.016922540125610498,0.0160502442428471,0.0008722958827634,0.0464061409630145,0.0315771109560362,0.0148290300069783,0.0460572226099092,0.0221563154221912,0.023900907187718,0.0001744591765526,0.0,0.0001744591765526,0.0047103977669224004,0.003314724354501,0.0013956734124214,0.0054082344731332,0.0054082344731332,0.0,0.0080251221214235,0.0076762037683182,0.0003489183531053,0.0012212142358687,0.0008722958827634,0.0003489183531053,0.0027913468248429,0.0024424284717376,0.0003489183531053,0.0157013258897417,0.0095952547103977,0.006106071179344,0.00715282623866,0.0054082344731332,0.0017445917655268,2425
2019-06-01,2019,6,0.7428965042190459,0.219045978990873,0.5238505252281729,0.0046495608748062,0.0024108834165662,0.00223867745824,0.0258308937489236,0.0034441191665231,0.0223867745824005,0.0010332357499568,0.0005166178749784,0.0005166178749784,0.0211813328741173,0.008782503874634,0.0123988289994833,0.029963836748751402,0.0187704494575512,0.0111933872912002,0.001205441708283,0.0006888238333046,0.0005166178749784,0.0015498536249353,0.0010332357499569,0.0005166178749784,0.027725159290511402,0.0080936800413294,0.019631479249182,0.0108489753745478,0.0099879455829171,0.0008610297916307,0.0017220595832615,0.0017220595832615,0.0,0.053211641122782705,0.0309970724987084,0.0222145686240743,0.042190459789908596,0.0173928017909419,0.0247976579989667,0.0,0.0,0.0,0.0048217668331323,0.0030997072498708,0.0017220595832615,0.0048217668331323,0.0029275012915446,0.0018942655415877,0.0089547098329601,0.0072326502496986,0.0017220595832615,0.0020664714999138,0.0006888238333046,0.0013776476666092,0.00447735491648,0.0024108834165662,0.0020664714999138,0.0170483898742895,0.0079214740830032,0.0091269157912863,0.0079214740830032,0.0039607370415016,0.0039607370415016,1951
2019-07-01,2019,7,0.7078215901745313,0.239010989010989,0.4688106011635423,0.0042016806722688,0.0025856496444731,0.0016160310277957,0.0224628312863606,0.0037168713639301,0.0187459599224305,0.0006464124111182,0.0003232062055591,0.0003232062055591,0.0231092436974789,0.0109890109890109,0.012120232708468,0.0308661926308984,0.0221396250808015,0.0087265675500969,0.0040400775694893,0.0035552682611506,0.0004848093083387,0.0046864899806075,0.0043632837750484,0.0003232062055591,0.033290239172592,0.0150290885585003,0.0182611506140917,0.0082417582417581,0.007918552036199,0.0003232062055591,0.0025856496444731,0.0024240465416936,0.0001616031027795,0.0557530704589527,0.038623141564318,0.0171299288946347,0.0696509372979961,0.0345830639948287,0.0350678733031674,0.003393665158371,0.0029088558500323,0.0004848093083387,0.0037168713639301,0.0025856496444731,0.001131221719457,0.0064641241111829,0.0053329023917259,0.001131221719457,0.0090497737556561,0.0072721396250808,0.0017776341305753,0.0016160310277957,0.0004848093083387,0.001131221719457,0.0046864899806075,0.0038784744667097,0.0008080155138978,0.017776341305753,0.0126050420168067,0.0051712992889463,0.0054945054945054,0.0032320620555914,0.002262443438914,2487
2019-08-01,2019,8,0.7078007210750574,0.1966568338249754,0.511143887250082,0.0045886594559159995,0.0036053752867912,0.0009832841691248,0.0237627007538511,0.0052441822353326,0.0185185185185185,0.0004916420845624,0.0004916420845624,0.0,0.0294985250737463,0.014585381842019,0.0149131432317273,0.0390036053752867,0.0298262864634546,0.0091773189118321,0.0004916420845623,0.0001638806948541,0.0003277613897082,0.0032776138970828,0.0029498525073746,0.0003277613897082,0.045886594559160804,0.0172074729596853,0.0286791215994755,0.0072107505735824,0.0072107505735824,0.0,0.001147164863979,0.001147164863979,0.0,0.0547361520812848,0.035889872173058,0.0188462799082268,0.06260242543428371,0.0301540478531628,0.0324483775811209,0.008030154047853101,0.0065552277941658,0.0014749262536873,0.0031137332022286995,0.0021304490331039,0.0009832841691248,0.0039331366764994,0.0037692559816453,0.0001638806948541,0.0052441822353325,0.0049164208456243,0.0003277613897082,0.0011471648639789,0.0001638806948541,0.0009832841691248,0.0042608980662077,0.003441494591937,0.0008194034742707,0.0124549328089151,0.0063913470993117,0.0060635857096034,0.006391347099311599,0.0036053752867912,0.0027859718125204,2149
2019-09-01,2019,9,0.7071459258198481,0.171989116425605,0.5351568093942431,0.0038665330087354,0.0022912788199914,0.001575254188744,0.0378061005298581,0.0081626807962193,0.0296434197336388,0.0008592295574966,0.0004296147787483,0.0004296147787483,0.024917657167406397,0.0105971645424602,0.0143204926249462,0.0310754689961334,0.0221967635686667,0.0088787054274667,0.0017184591149934,0.0008592295574967,0.0008592295574967,0.0020048689674924,0.0010024344837462,0.0010024344837462,0.0446799369898324,0.0138908778461979,0.0307890591436345,0.00529858227123,0.0047257625662322,0.0005728197049978,0.0027208935987397,0.0027208935987397,0.0,0.0572819704997851,0.0356580266361162,0.0216239438636689,0.0492624946298151,0.0217671487899183,0.0274953458398968,0.0021480738937419,0.0007160246312473,0.0014320492624946,0.0048689674924817,0.0030073034512387,0.001861664041243,0.007589861091221501,0.0045825576399828,0.0030073034512387,0.0077330660174709,0.005584992123729,0.0021480738937419,0.0014320492624945,0.0001432049262494,0.0012888443362451,0.0037233280824858998,0.0024344837462408,0.0012888443362451,0.0136044679936989,0.007446656164972,0.0061578118287269,0.0115995990262064,0.0078762709437204,0.003723328082486,2150
2019-10-01,2019,10,0.7352439969016266,0.19426800929512,0.5409759876065066,0.003408210689388,0.001704105344694,0.001704105344694,0.023392718822618,0.0046475600309837,0.0187451587916343,0.0018590240123934,0.0006196746707978,0.0012393493415956,0.0238574748257164,0.0083656080557707,0.0154918667699457,0.031293570875290305,0.0227730441518202,0.0085205267234701,0.0003098373353989,0.0003098373353989,0.0,0.0018590240123934,0.0013942680092951,0.0004647560030983,0.0501936483346243,0.031138652207591,0.0190549961270333,0.007126258714174999,0.0061967467079783,0.0009295120061967,0.0021688613477923,0.0020139426800929,0.0001549186676994,0.052982184353214404,0.0331525948876839,0.0198295894655305,0.0379550735863671,0.0161115414407436,0.0218435321456235,0.0023237800154918,0.0013942680092951,0.0009295120061967,0.0069713400464755,0.0035631293570875,0.003408210689388,0.0046475600309836,0.0037180480247869,0.0009295120061967,0.0111541440743609,0.0083656080557707,0.0027885360185902,0.0029434546862895997,0.0006196746707978,0.0023237800154918,0.0030983733539891,0.0020139426800929,0.0010844306738962,0.012393493415956601,0.0080557707203718,0.0043377226955848,0.0052672347017815,0.0030983733539891,0.0021688613477924,2156
2019-11-01,2019,11,0.728010068521885,0.1861278142917074,0.5418822542301776,0.0040553768703677,0.0027968116347364,0.0012585652356313,0.0258705076213117,0.0048944203607887,0.020976087260523,0.00041952174521039996,0.0001398405817368,0.0002796811634736,0.0243322612222066,0.0097888407215774,0.0145434205006292,0.0258705076213116,0.0208362466787861,0.0050342609425255,0.000699202908684,0.0002796811634736,0.0004195217452104,0.0012585652356313,0.0009788840721577,0.0002796811634736,0.0584533631659907,0.0350999860159418,0.0233533771500489,0.0040553768703677,0.0039155362886309,0.0001398405817368,0.0019577681443154,0.0019577681443154,0.0,0.040274087540204,0.0257306670395748,0.0145434205006292,0.0485246818626765,0.0218151307509439,0.0267095511117326,0.002237449307789,0.0018179275625786,0.0004195217452104,0.004614739197315,0.0023772898895259,0.0022374493077891,0.0033561739616836,0.00307649279821,0.0002796811634736,0.010068521885050901,0.0081107537407355,0.0019577681443154,0.00307649279821,0.001538246399105,0.001538246399105,0.0032163333799467998,0.0022374493077891,0.0009788840721577,0.0173402321353656,0.0123059711928401,0.0050342609425255,0.008110753740735499,0.0051741015242623,0.0029366522164732,2392
2019-12-01,2019,12,0.7032657046761418,0.1865032006075729,0.5167625040685689,0.0024953889551914,0.0016274275794727,0.0008679613757187,0.0227839861126179,0.0033633503309102,0.0194206357817077,0.0004339806878593,0.0003254855158945,0.0001084951719648,0.023977433004231198,0.0122599544320277,0.0117174785722035,0.022241510252793598,0.0157317999349028,0.0065097103178908,0.0004339806878593,0.0003254855158945,0.0001084951719648,0.0005424758598241,0.0002169903439296,0.0003254855158945,0.0948247802972767,0.0578279266572637,0.036996853640013,0.0023868937832266,0.0018444179234024,0.0005424758598242,0.0013019420635781,0.0013019420635781,0.0,0.0410111750027122,0.0271237929912118,0.0138873820115004,0.040577194314852905,0.0201801019854616,0.0203970923293913,0.0093305847889768,0.0062927199739611,0.0030378648150157,0.0052077682543125,0.0029293696430508,0.0022783986112617,0.0026038841271562,0.0021699034392969,0.0004339806878593,0.0043398068785938,0.0037973310187696,0.0005424758598242,0.0014104372355429,0.0001084951719648,0.0013019420635781,0.0031463599869804,0.0029293696430508,0.0002169903439296,0.019095150265813002,0.0122599544320277,0.0068351958337853,0.0136703916675707,0.009222089617012,0.0044483020505587,3268
2020-01-01,2020,1,0.6836764001914791,0.2269985639061752,0.4566778362853039,0.0062230732407849,0.0048827190043082,0.0013403542364767,0.0244135950215413,0.0045955002393489,0.0198180947821924,0.0008616562948778,0.0006701771182383,0.0001914791766395,0.0194351364289132,0.0110100526567735,0.0084250837721397,0.0190521780756342,0.0153183341311632,0.003733843944471,0.0007659167065581,0.0004786979415988,0.0002872187649593,0.0009573958831976,0.0005744375299186,0.000382958353279,0.1058879846816658,0.0602202010531354,0.0456677836285304,0.0075634274772618006,0.0073719483006223,0.0001914791766395,0.0009573958831977,0.0009573958831977,0.0,0.0383915749162278,0.0252752513164193,0.0131163235998085,0.037051220679751,0.0201053135471517,0.0169459071325993,0.0059358544758257,0.0041168022977501,0.0018190521780756,0.0091910004786979,0.0073719483006223,0.0018190521780756,0.0058401148875059,0.0046912398276687,0.0011488750598372,0.0065102920057443,0.0055528961225466,0.0009573958831977,0.0035423647678314,0.001244614648157,0.0022977501196744,0.0031594064145524,0.0028721876495931,0.0002872187649593,0.022690282431785398,0.0142651986596457,0.0084250837721397,0.0100526567735757,0.0058401148875059,0.0042125418860698,4297
2020-02-01,2020,2,0.6714104688566136,0.2009942489521395,0.4704162199044741,0.0050687201481625,0.0035091139487279,0.0015596061994346,0.032946680963056696,0.0074081294473145,0.0255385515157422,0.0019495077492932,0.0011697046495759,0.0007798030997173,0.0169607174188516,0.0070182278974558,0.0099424895213958,0.023296617604054902,0.017155668193781,0.0061409494102739,0.0031192123988692004,0.0020469831367579,0.0010722292621113,0.0017545569743638999,0.0015596061994346,0.0001949507749293,0.1048835169119796,0.0264158300029242,0.0784676869090554,0.0053611463105565004,0.0043863924359099,0.0009747538746466,0.0007798030997173,0.0007798030997173,0.0,0.0479578906326152,0.0327517301881275,0.0152061604444877,0.0449361536212106,0.0242713714787016,0.020664782142509,0.010527341846183699,0.0042889170484452,0.0062384247977385,0.0028267862364752,0.0021444585242226,0.0006823277122526,0.0037040647236572,0.0030217370114046,0.0006823277122526,0.005556097085485799,0.0048737693732332,0.0006823277122526,0.0033141631737985,0.0004873769373233,0.0028267862364752,0.0023394092991519,0.0018520323618286,0.0004873769373233,0.0208597329174383,0.0125743249829418,0.0082854079344965,0.007408129447314501,0.0043863924359099,0.0030217370114046,3565
2020-03-01,2020,3,0.7018643926093135,0.1631134520525039,0.5387509405568096,0.003093386840565,0.001588495945155,0.00150489089541,0.0270044310676364,0.0039294373380152,0.0230749937296212,0.001086865646685,0.00083605049745,0.000250815149235,0.0178914806454309,0.0100326059694005,0.0078588746760304,0.0142128584566507,0.0104506312181255,0.0037622272385252,0.001588495945155,0.001254075746175,0.00033442019898,0.00100326059694,0.00083605049745,0.00016721009949,0.09104589917231,0.0238274391773263,0.0672184599949837,0.0032605969400551,0.0029261767410751,0.00033442019898,0.001254075746175,0.001254075746175,0.0,0.0275896664158514,0.0153833291530808,0.0122063372627706,0.038625532982192096,0.0202324220382911,0.018393110943901,0.0471532480561825,0.0150489089541008,0.0321043391020817,0.0061031686313853,0.0038458322882702,0.0022573363431151,0.00050163029847,0.00033442019898,0.00016721009949,0.0030097817908201,0.0025081514923501,0.00050163029847,0.00234094139286,0.000585235348215,0.001755706044645,0.00267536159184,0.001588495945155,0.001086865646685,0.0116211019145556,0.0058523534821503,0.0057687484324053,0.0076916645765403,0.0052671181339352,0.0024245464426051,3381
2020-04-01,2020,4,0.7303675356772701,0.1766722474687076,0.5536952882085625,0.0046240931196682,0.0023120465598341,0.0023120465598341,0.0202503388344096,0.0044646416327832,0.0157856972016264,0.0007175316909829,0.0004783544606553,0.0002391772303276,0.014510085306545399,0.0054213505540939,0.0090887347524515,0.0061388822450769,0.0037471099418002,0.0023917723032767,0.0003189029737702,0.0001594514868851,0.0001594514868851,0.0004783544606552576,0.0003986287172127,7.97257434425576e-05,0.0984612931515586,0.0208084190385075,0.0776528741130511,0.0010364346647531576,0.0009567089213106,7.97257434425576e-05,0.0004783544606553,0.0004783544606553,0.0,0.028302638922107902,0.0146695367934306,0.0136331021286773,0.028143187435222698,0.0120385872598261,0.0161046001753966,0.0339631667065294,0.0126763932073666,0.0212867734991628,0.0064577852188471,0.0044646416327832,0.0019931435860639,0.0021525950729488997,0.0019134178426213,0.0002391772303276,0.0044646416327832,0.0033484812245874,0.0011161604081958,0.0015945148688509998,0.0006378059475404,0.0009567089213106,0.0042254644024555,0.0036673841983576,0.0005580802040979,0.0123574902335963,0.0094076377262217,0.0029498525073746,0.0053416248106513,0.0037471099418002,0.0015945148688511,3499
2020-05-01,2020,5,0.7173326990168094,0.1941008563273073,0.5232318426895021,0.0037266095781794,0.0028544243577545,0.0008721852204249,0.0238661592134475,0.0058674278464954,0.0179987313669521,0.0034887408816999003,0.0031715826197272,0.0003171582619727,0.0122105930859498,0.0045987947986045,0.0076117982873453,0.0111005391690453,0.0088011417697431,0.0022993973993022,0.0001585791309863,0.0001585791309863,0.0,0.000555026958452181,0.000475737392959,7.92895654931811e-05,0.1041864890580398,0.0314779575007928,0.072708531557247,0.0015857913098635812,0.0015065017443704,7.92895654931811e-05,0.0002378686964794811,0.0001585791309863,7.92895654931811e-05,0.0323501427212178,0.0209324452901998,0.011417697431018,0.0443228671106881,0.020615287028227,0.0237075800824611,0.0215667618141452,0.0082461148112908,0.0133206470028544,0.0031715826197271,0.0018236600063431,0.001347922613384,0.0018236600063431,0.0015857913098636,0.0002378686964795,0.0031715826197271,0.0026958452267681,0.000475737392959,0.0021408182683158,0.000475737392959,0.0016650808753568,0.0032508721852203,0.0025372660957817,0.0007136060894386,0.0121313035204566,0.0080875356803044,0.0040437678401522,0.0063431652394544,0.0037266095781795,0.0026165556612749,3986
2020-06-01,2020,6,0.6862291683278845,0.1777370225659835,0.5084921457619009,0.0042261382664857995,0.0030300613986125,0.0011960768678733,0.0228051989474522,0.0050235228450681,0.0177816761023841,0.0015947691571644,0.0011163384100151,0.0004784307471493,0.0119607686787336,0.0050235228450681,0.0069372458336655,0.0118012917630172,0.00853201499083,0.0032692767721872,0.00023921537357462504,0.0001594769157164,7.973845785822502e-05,0.0056614305079339,0.0047045690136352,0.0009568614942987,0.09991228769635581,0.0311777370225659,0.0687345506737899,0.002870584482896,0.0027111075671796,0.0001594769157164,0.001435292241448,0.001435292241448,0.0,0.0481620285463678,0.0297424447811179,0.0184195837652499,0.0576509050314966,0.0365999521569252,0.0210509528745714,0.0176221991866677,0.0061398612550833,0.0114823379315844,0.0043856151822023,0.0031097998564707,0.0012758153257316,0.0074954150386731,0.0067777689179491,0.000717646120724,0.0033490152300453,0.0027908460250378,0.0005581692050075,0.0032692767721871,0.0005581692050075,0.0027111075671796,0.0023921537357467,0.0017542460728809,0.0006379076628658,0.014751614703771499,0.0103659995215692,0.0043856151822023,0.0063790766286579,0.0047045690136352,0.0016745076150227,4159
2020-07-01,2020,7,0.705546875,0.2053125,0.500234375,0.005625,0.00484375,0.00078125,0.021875000000000002,0.005,0.016875,0.0022656250000000003,0.00171875,0.000546875,0.014375,0.007109375,0.007265625,0.015,0.01171875,0.00328125,0.0009375000000000001,0.000390625,0.000546875,0.001640625,0.001171875,0.00046875,0.10015625,0.036640625,0.063515625,0.0035156249999999997,0.00328125,0.000234375,0.00046875,0.00046875,0.0,0.041953125,0.024453125,0.0175,0.041796875,0.0259375,0.015859375,0.0165625,0.006328125,0.010234375,0.004140625,0.00234375,0.001796875,0.004296875,0.0040625,0.000234375,0.0034374999999999996,0.002734375,0.000703125,0.003125,0.001171875,0.001953125,0.00296875,0.0025,0.00046875,0.0153125,0.011640625,0.003671875,0.00671875,0.003984375,0.002734375,4529
2020-08-01,2020,8,0.6986547085201793,0.1906726457399103,0.507982062780269,0.0045739910313899994,0.00304932735426,0.00152466367713,0.016950672645739802,0.0041255605381165,0.0128251121076233,0.0011659192825111,0.0008071748878923,0.0003587443946188,0.0156053811659192,0.0060089686098654,0.0095964125560538,0.0309417040358744,0.0231390134529148,0.0078026905829596,0.0005381165919282085,0.0004484304932735,8.968609865470852e-05,0.0008071748878923,0.0005381165919282,0.0002690582959641,0.1042152466367712,0.0447533632286995,0.0594618834080717,0.0029596412556052998,0.0027802690582959,0.0001793721973094,0.000896860986547,0.0005381165919282,0.0003587443946188,0.0391031390134528,0.0234080717488789,0.0156950672645739,0.0426905829596411,0.018744394618834,0.0239461883408071,0.0176681614349775,0.007982062780269,0.0096860986547085,0.0049327354260089,0.0034080717488789,0.00152466367713,0.0029596412556052998,0.0027802690582959,0.0001793721973094,0.006188340807174801,0.0054708520179372,0.0007174887892376,0.0012556053811659,0.0001793721973094,0.0010762331838565,0.0022421524663676,0.0016143497757847,0.0006278026905829,0.0171300448430492,0.0141704035874439,0.0029596412556053,0.0075336322869955005,0.0053811659192825,0.002152466367713,3855
2020-09-01,2020,9,0.735673034207019,0.2014215904042647,0.5342514438027544,0.004886717014659999,0.0031097290093291,0.0017769880053309,0.0162594402487782,0.0048867170146601,0.0113727232341181,0.0015104398045312,0.0012438916037316,0.0002665482007996,0.013949355841848001,0.0070191026210573,0.0069302532207907,0.0205242114615725,0.0158151932474455,0.004709018214127,0.0008884940026653,0.0007107952021323,0.000177698800533,0.0007107952021322,0.0005330964015992,0.000177698800533,0.0840515326521545,0.0318969346956908,0.0521545979564637,0.004087072412261149,0.0039982230119946,8.884940026654821e-05,0.0035539760106618,0.0033762772101288,0.000177698800533,0.0347401155042202,0.0200799644602398,0.0146601510439804,0.0464682363394046,0.0232785428698356,0.023189693469569,0.0115504220346512,0.0045313194135939,0.0070191026210573,0.002932030208796,0.0015104398045313,0.0014215904042647,0.0022212350066636,0.0016881386050644,0.0005330964015992,0.0073745002221233995,0.0066637050199911,0.0007107952021323,0.0021323856063970997,0.000977343402932,0.0011550422034651,0.0022212350066636,0.0016881386050644,0.0005330964015992,0.013416259440248698,0.0105730786317192,0.0028431808085295,0.0067525544202576,0.004709018214127,0.0020435362061306,3798
2020-10-01,2020,10,0.7183864118895966,0.1870912951167728,0.5312951167728238,0.0035668789808916,0.0030573248407643,0.0005095541401273,0.0172399150743099,0.0047558386411889,0.012484076433121,0.0006794055201698,0.0003397027600849,0.0003397027600849,0.016900212314224998,0.006624203821656,0.010276008492569,0.0260721868365179,0.0207218683651804,0.0053503184713375,0.0011889596602972315,0.001104033970276,8.492569002123143e-05,0.0010191082802546,0.000764331210191,0.0002547770700636,0.100212314225053,0.0475583864118896,0.0526539278131634,0.006454352441613531,0.0063694267515923,8.492569002123143e-05,0.0015286624203821,0.0015286624203821,0.0,0.0331210191082802,0.0222505307855626,0.0108704883227176,0.048492569002123,0.0261571125265392,0.0223354564755838,0.0089171974522292,0.0038216560509554,0.0050955414012738,0.0045859872611464,0.0028874734607218,0.0016985138004246,0.0029723991507430002,0.0024628450106157,0.0005095541401273,0.0080679405520169,0.0073036093418259,0.000764331210191,0.0016135881104033,0.0004246284501061,0.0011889596602972,0.0017834394904458,0.0009341825902335,0.0008492569002123,0.0108704883227175,0.0078131634819532,0.0030573248407643,0.0054352441613586995,0.0034819532908704,0.0019532908704883,4038
2020-11-01,2020,11,0.6929031054742143,0.1950013988622587,0.4979017066119556,0.0043831017439148,0.0029842394852186,0.0013988622586962,0.0128695327800055,0.0034505269047841,0.0094190058752214,0.0003730299356522,0.0001865149678261,0.0001865149678261,0.0183717243308774,0.0077403711647859,0.0106313531660915,0.018278466846964297,0.0146414249743541,0.0036370418726102,0.0012123472908699999,0.0006528023873915,0.0005595449034785,0.0007460598713046,0.0005595449034785,0.0001865149678261,0.1431502378065839,0.0761913643569896,0.0669588734495943,0.0064347663900027,0.0060617364543504,0.0003730299356523,0.001212347290870084,0.001119089806957,9.325748391308402e-05,0.0292828499487083,0.0199571015573999,0.0093257483913084,0.0342254965961018,0.0157605147813112,0.0184649818147906,0.0074605987130466,0.0032640119369579,0.0041965867760887,0.0056887065186981,0.003357269420871,0.0023314370978271,0.0031707544530447,0.0025179520656532,0.0006528023873915,0.004476359227827984,0.0043831017439149,9.325748391308402e-05,0.0012123472908699999,0.0004662874195654,0.0007460598713046,0.0026112095495662998,0.002238179613914,0.0003730299356523,0.0170661195560943,0.0139886225869626,0.0030774969691317,0.005595449034785,0.0027977245173925,0.0027977245173925,3958
2020-12-01,2020,12,0.7256521301238794,0.1767549602175445,0.548897169906335,0.003222882465505,0.0022157316950347,0.0010071507704703,0.0202437304864538,0.0074529157014805,0.0127908147849733,0.000100715077047,0.0,0.000100715077047,0.0181287138684661,0.0065464800080572,0.0115822338604089,0.0184308590996071,0.0141001107865847,0.0043307483130224,0.0011078658475173,0.0007050055393292,0.0004028603081881,0.0014100110786584,0.0010071507704703,0.0004028603081881,0.07614059824755759,0.0285023668043106,0.047638231443247,0.0036257427736931997,0.0033235975425521,0.0003021452311411,0.0006042904622822,0.0006042904622822,0.0,0.0375667237385436,0.0234666129519589,0.0141001107865847,0.0513646892939872,0.0246751938765233,0.0266894954174639,0.0111793735522206,0.0041293181589283,0.0070500553932923,0.0035250276966461,0.0025178769261758,0.0010071507704703,0.0016114412327524,0.0014100110786584,0.000201430154094,0.0057407593916809,0.0045321784671165,0.0012085809245644,0.0018128713868465,0.0008057206163762,0.0010071507704703,0.0021150166179876,0.0016114412327525,0.0005035753852351,0.021553026488065098,0.0148051163259139,0.0067479101621512,0.0079564910867156,0.0055393292375868,0.0024171618491288,3123
2021-01-01,2021,1,0.7286821705426355,0.1788045695634434,0.5498776009791921,0.0037739698082414003,0.0025499796001631,0.0012239902080783,0.0179518563851488,0.0035699714402284,0.0143818849449204,0.0006119951040391,0.000203998368013,0.0004079967360261,0.0188698490412076,0.0052019583843329,0.0136678906568747,0.016727866177070498,0.0123419012647898,0.0043859649122807,0.0005099959200326,0.0004079967360261,0.0001019991840065,0.0014279885760913,0.0010199918400652,0.0004079967360261,0.0701754385964911,0.0224398204814361,0.047735618115055,0.0053039575683393,0.0050999592003263,0.000203998368013,0.0007139942880456,0.0007139942880456,0.0,0.0389636882904936,0.0216238270093839,0.0173398612811097,0.056405548755609894,0.0333537331701346,0.0230518155854753,0.0103019175846592,0.0030599755201958,0.0072419420644634,0.0027539779681761,0.0014279885760913,0.0013259893920848,0.0026519787841696,0.0020399836801305,0.0006119951040391,0.007751937984496,0.0061199510403916,0.0016319869441044,0.0014279885760913,0.0006119951040391,0.0008159934720522,0.0026519787841697,0.0018359853121175,0.0008159934720522,0.0189718482252141,0.0133618931048551,0.005609955120359,0.0069359445124438,0.0050999592003263,0.0018359853121175,3050
2021-02-01,2021,2,0.7444111776447107,0.1782435129740519,0.5661676646706587,0.0030938123752493997,0.0023952095808383,0.0006986027944111,0.0164670658682634,0.0044910179640718,0.0119760479041916,0.0006986027944111,0.0006986027944111,0.0,0.02125748502994,0.0076846307385229,0.0135728542914171,0.0139720558882234,0.010379241516966,0.0035928143712574,0.0016966067864270002,0.0013972055888223,0.0002994011976047,0.0009980039920158001,0.0007984031936127,0.0001996007984031,0.0631736526946107,0.023253493013972,0.0399201596806387,0.0101796407185627,0.0099800399201596,0.0001996007984031,0.0025948103792415,0.0025948103792415,0.0,0.0367265469061875,0.0239520958083832,0.0127744510978043,0.057784431137724496,0.0246506986027944,0.0331337325349301,0.0053892215568862,0.0023952095808383,0.0029940119760479,0.0029940119760478003,0.0022954091816367,0.0006986027944111,0.0023952095808381997,0.0020958083832335,0.0002994011976047,0.002195608782435,0.0018962075848303,0.0002994011976047,0.0012974051896206,0.0004990019960079,0.0007984031936127,0.002195608782435,0.0014970059880239,0.0006986027944111,0.014770459081836301,0.0091816367265469,0.0055888223552894,0.005688622754490899,0.0032934131736526,0.0023952095808383,3060
2021-03-01,2021,3,0.7571192535717757,0.1869958207794732,0.5701234327923025,0.0028185440761978,0.0020410146758674,0.0007775294003304,0.0164253085819807,0.0035960734765283,0.0128292351054524,0.000971911750413,0.0007775294003304,0.0001943823500826,0.015259014481484999,0.004762367577024,0.010496646904461,0.0150646321314023,0.0121488968801632,0.0029157352512391,0.0007775294003304063,0.0006803382252891,9.719117504130624e-05,0.0003887647001652,0.0003887647001652,0.0,0.0576343667994945,0.019049470308096,0.0385848964913985,0.0099134998542132,0.0093303528039654,0.0005831470502478,0.0006803382252891,0.0006803382252891,0.0,0.0342112936145397,0.0236174555350374,0.0105938380795023,0.0428613081932159,0.0170084556322285,0.0258528525609874,0.0230343084847894,0.0123432792302458,0.0106910292545436,0.0043736028768587,0.0028185440761978,0.0015550588006609,0.0017494411507434,0.0014578676256195,0.0002915735251239,0.0040820293517348,0.003498882301487,0.0005831470502478,0.0020410146758673,0.0010691029254543,0.000971911750413,0.0024297793760326,0.0015550588006609,0.0008747205753717,0.012537661580328398,0.0099134998542132,0.0026241617261152,0.0068033822528913,0.0055398969773544,0.0012634852755369,3190
2021-04-01,2021,4,0.7744710302550919,0.1865730670357919,0.5878979632193,0.0045481510777140004,0.0023729483883725,0.0021752026893415,0.014435436029266299,0.002274075538857,0.0121613604904093,9.887284951552304e-05,0.0,9.887284951552304e-05,0.0243227209808186,0.0096895392525212,0.0146331817282974,0.0079098279612418,0.0056357524223848,0.002274075538857,0.0006921099466086231,0.0005932370970931,9.887284951552304e-05,0.000395491398062,0.000197745699031,0.000197745699031,0.0715839430492386,0.0263001779711291,0.0452837650781095,0.0030650583349811,0.002471821237888,0.0005932370970931,0.0008898556456396231,0.0007909827961241,9.887284951552304e-05,0.022839628238085802,0.0137433260826577,0.0090963021554281,0.03025509195175,0.0146331817282974,0.0156219102234526,0.0133478346845955,0.0052402610243227,0.0081075736602728,0.0042515325291674,0.0026695669369191,0.0015819655922483,0.0027684397864345,0.0023729483883725,0.000395491398062,0.0030650583349811,0.0023729483883725,0.0006921099466086,0.0017797112912793,0.0007909827961241,0.0009887284951552,0.0032628040340121,0.002471821237888,0.0007909827961241,0.0170061301166699,0.0103816491991299,0.00662448091754,0.0048447696262605,0.0035594225825588,0.0012853470437017,2940
2021-05-01,2021,5,0.7533208800332087,0.1878372768783727,0.565483603154836,0.0031133250311332,0.002283105022831,0.0008302200083022,0.0214819427148194,0.0045662100456621,0.0169157326691573,0.0008302200083020999,0.0005188875051888,0.0003113325031133,0.024387712743877098,0.011519302615193,0.0128684101286841,0.0080946450809464,0.0053964300539643,0.0026982150269821,0.0006226650062266,0.0004151100041511,0.0002075550020755,0.0005188875051888,0.0002075550020755,0.0003113325031133,0.0583229555832295,0.0173308426733084,0.0409921129099211,0.0111041926110419,0.0106890826068908,0.0004151100041511,0.0021793275217932,0.0019717725197177,0.0002075550020755,0.0264632627646326,0.0149439601494396,0.011519302615193,0.042652552926525394,0.0201328352013283,0.0225197177251971,0.009755085097550801,0.0052926525529265,0.0044624325446243,0.0052926525529265,0.0028019925280199,0.0024906600249066,0.0033208800332086997,0.0031133250311332,0.0002075550020755,0.0043586550435865,0.0033208800332088,0.0010377750103777,0.0016604400166044,0.0008302200083022,0.0008302200083022,0.0030095475300954,0.0021793275217932,0.0008302200083022,0.0172270651722705,0.0104815276048152,0.0067455375674553,0.0085097550850975,0.0060190950601909,0.0024906600249066,2957
2021-06-01,2021,6,0.7617781155015197,0.2026975683890577,0.559080547112462,0.002659574468085,0.0018047112462006,0.0008548632218844,0.0226063829787233,0.0037044072948328,0.0189019756838905,0.00018996960486322188,9.498480243161094e-05,9.498480243161094e-05,0.0205167173252278,0.0069338905775075,0.0135828267477203,0.0116831306990881,0.0071238601823708,0.0045592705167173,0.0006648936170212,0.0002849544072948,0.0003799392097264,0.0016147416413373,0.0009498480243161,0.0006648936170212,0.0608852583586625,0.017572188449848,0.0433130699088145,0.018996960486322097,0.0186170212765957,0.0003799392097264,0.0013297872340425,0.0013297872340425,0.0,0.0307750759878418,0.0169072948328267,0.0138677811550151,0.0354293313069908,0.0165273556231003,0.0189019756838905,0.0085486322188448,0.0034194528875379,0.0051291793313069,0.0019946808510637,0.0012348024316109,0.0007598784194528,0.0014247720364741,0.0014247720364741,0.0,0.0030395136778114,0.0025645896656534,0.000474924012158,0.0005699088145896,0.0002849544072948,0.0002849544072948,0.0035144376899695004,0.0029445288753799,0.0005699088145896,0.016147416413373798,0.0105433130699088,0.005604103343465,0.0056990881458966,0.0036094224924012,0.0020896656534954,3316
2021-07-01,2021,7,0.7589545014520813,0.2097773475314617,0.5491771539206196,0.0029041626331073,0.0017424975798644,0.0011616650532429,0.0160696999031944,0.0032913843175217,0.0127783155856727,0.0002904162633106818,0.0001936108422071,9.68054211035818e-05,0.0189738625363019,0.0081316553727008,0.0108422071636011,0.0159728944820909,0.0114230396902226,0.0045498547918683,0.0012584704743465,0.0008712487899322,0.0003872216844143,0.0006776379477249819,9.68054211035818e-05,0.0005808325266214,0.0854791868344626,0.0357212003872216,0.049757986447241,0.0181994191674733,0.0174249757986447,0.0007744433688286,0.0011616650532428818,0.0010648596321393,9.68054211035818e-05,0.0229428848015488,0.0132623426911907,0.0096805421103581,0.0265246853823813,0.0115198451113262,0.0150048402710551,0.0104549854791867,0.0043562439496611,0.0060987415295256,0.0049370764762825,0.0031945788964181,0.0017424975798644,0.0031945788964181,0.0029041626331074,0.0002904162633107,0.0044530493707646,0.0038722168441432,0.0005808325266214,0.0010648596321393,0.0003872216844143,0.000677637947725,0.0022265246853823,0.0017424975798644,0.0004840271055179,0.0099709583736688,0.0065827686350435,0.0033881897386253,0.0043562439496611,0.0028073572120038,0.0015488867376573,3450
2021-08-01,2021,8,0.7381940549635445,0.1690409422321929,0.5691531127313516,0.0014582164890632001,0.0004486819966348,0.0010095344924284,0.0210880538418395,0.0033651149747616,0.0177229388670779,0.0008973639932696,0.0004486819966348,0.0004486819966348,0.0163768928771732,0.0060572069545709,0.0103196859226023,0.0181716208637127,0.0136848008973639,0.0044868199663488,0.0010095344924284,0.0008973639932697,0.0001121704991587,0.0012338754907459,0.0012338754907459,0.0,0.07358384744812099,0.0178351093662366,0.0557487380818844,0.019966348850252297,0.0195176668536175,0.0004486819966348,0.0037016264722378,0.0037016264722378,0.0,0.0320807627593942,0.0194054963544587,0.0126752664049355,0.034548513740885994,0.0157038698822209,0.0188446438586651,0.015479528883903401,0.0034772854739203,0.0120022434099831,0.004823331463825,0.0037016264722378,0.0011217049915872,0.0025799214806505,0.0017947279865395,0.000785193494111,0.0053841839596185,0.0044868199663488,0.0008973639932697,0.001570386988222,0.0004486819966348,0.0011217049915872,0.0023555804823331,0.0017947279865395,0.0005608524957936,0.013684800897363899,0.0085249579360628,0.0051598429613011,0.005608524957936,0.0038137969713965,0.0017947279865395,2571
2021-09-01,2021,9,0.6935463891985632,0.1801065279326149,0.5134398612659482,0.0019819150253932,0.0007432181345224,0.0012386968908708,0.0256410256410256,0.003096742227177,0.0225442834138486,0.0003716090672612,0.0003716090672612,0.0,0.0147404930013625,0.0065650935216152,0.0081753994797473,0.023287501548370997,0.0168462777158429,0.0064412238325281,0.0003716090672611,0.000123869689087,0.0002477393781741,0.001610305958132,0.0009909575126966,0.0006193484454354,0.0748172922085964,0.0260126347082868,0.0488046575003096,0.0431066518023039,0.0418679549114331,0.0012386968908708,0.0074321813452248,0.0074321813452248,0.0,0.0383996036169948,0.0236591106156323,0.0147404930013625,0.0407531277096494,0.0205623683884553,0.0201907593211941,0.0127585779759692,0.0037160906726124,0.0090424873033568,0.0029728725380898,0.001610305958132,0.0013625665799578,0.0023535240926544,0.0021057847144803,0.0002477393781741,0.0034683512944381997,0.003096742227177,0.0003716090672612,0.0018580453363062,0.0006193484454354,0.0012386968908708,0.0026012634708286,0.0021057847144803,0.0004954787563483,0.0168462777158429,0.009290226681531,0.0075560510343119,0.0069367025888764,0.0048309178743961,0.0021057847144803,2776
2021-10-01,2021,10,0.7053624042427814,0.1923394225103123,0.5130229817324691,0.0028285209192692,0.0017678255745433,0.0010606953447259,0.021685327047731198,0.0045963464938126,0.0170889805539186,0.0004714201532114,0.0003535651149086,0.0001178550383028,0.017678255745433,0.0061284619917501,0.0115497937536829,0.016263995285798402,0.0116676487919858,0.0045963464938126,0.0003535651149086,0.0003535651149086,0.0,0.0008249852681201,0.0004714201532115,0.0003535651149086,0.0548025928108425,0.0161461402474955,0.038656452563347,0.0895698291101944,0.0870948733058338,0.0024749558043606,0.0043606364172067,0.004124926340601,0.0002357100766057,0.02816735415439,0.0168532704773129,0.0113140836770771,0.031349440188568,0.0130819092516205,0.0182675309369475,0.0062463170300529995,0.0016499705362404,0.0045963464938126,0.0027106658809663,0.0014142604596346,0.0012964054213317,0.0025928108426634,0.0021213906894519,0.0004714201532115,0.0069534472598702,0.0049499116087212,0.002003535651149,0.0015321154979374,0.0001178550383028,0.0014142604596346,0.0031820860341779003,0.0027106658809664,0.0004714201532115,0.010842663523865599,0.0063641720683559,0.0044784914555097,0.004007071302298,0.0028285209192692,0.0011785503830288,3127
2021-11-01,2021,11,0.7578508341511285,0.1947988223748773,0.5630520117762512,0.0072374877330715,0.0049067713444553,0.0023307163886162,0.0190137389597644,0.0036800785083415,0.0153336604514229,0.0008586849852796001,0.0004906771344455,0.0003680078508341,0.022448478900883098,0.0071148184494602,0.0153336604514229,0.0158243375858684,0.01153091265947,0.0042934249263984,0.0008586849852796,0.0008586849852796,0.0,0.0006133464180568,0.0004906771344455,0.0001226692836113,0.0412168792934248,0.0084641805691854,0.0327526987242394,0.0325073601570166,0.0318940137389597,0.0006133464180569,0.0018400392541707,0.0018400392541707,0.0,0.031403336604514095,0.0182777232580961,0.013125613346418,0.039008832188419995,0.0157016683022571,0.0233071638861629,0.0071148184494602,0.0026987242394504,0.0044160942100098,0.0036800785083414,0.0017173699705593,0.0019627085377821,0.0039254170755642,0.0031894013738959,0.0007360157016683,0.0040480863591756,0.0033120706575073,0.0007360157016683,0.0014720314033365,0.0004906771344455,0.000981354268891,0.0026987242394504,0.0014720314033366,0.0012266928361138,0.0106722276741903,0.0071148184494602,0.0035574092247301,0.005152109911678001,0.0031894013738959,0.0019627085377821,2563
2021-12-01,2021,12,0.7207288705091754,0.1749806151460325,0.545748255363143,0.0067200827087101,0.0050400620315326,0.0016800206771775,0.01744636857069,0.0028431119152235,0.0146032566554665,0.0003876970793485,0.0002584647195657,0.0001292323597828,0.0179632980098216,0.0072370121478418,0.0107262858619798,0.0102093564228482,0.0060739209097958,0.0041354355130524,0.0003876970793485,0.0002584647195657,0.0001292323597828,0.0014215559576117001,0.001163091238046,0.0002584647195657,0.10170586714913399,0.0474282760403204,0.0542775911088136,0.0180925303696045,0.0173171362109072,0.0007753941586973,0.0027138795554406,0.0024554148358749,0.0002584647195657,0.028431119152235604,0.016283277332644,0.0121478418195916,0.042000516929439,0.0200310157663478,0.0219695011630912,0.0041354355130524,0.0018092530369604,0.002326182476092,0.0051692943913155,0.003489273714138,0.0016800206771775,0.0018092530369603,0.0016800206771775,0.0001292323597828,0.001163091238046,0.001163091238046,0.0,0.0007753941586972,0.0001292323597828,0.0006461617989144,0.001033858878263,0.0007753941586973,0.0002584647195657,0.0169294391315584,0.0131817006978547,0.0037477384337037,0.0089170328250193,0.0056862238304471,0.0032308089945722,2511
2022-01-01,2022,1,0.7022740033688938,0.1727961819202695,0.5294778214486243,0.0054744525547444,0.0042111173498034,0.001263335204941,0.0291970802919707,0.0037900056148231,0.0254070746771476,0.0011229646266142,0.0004211117349803,0.0007018528916339,0.0147389107243121,0.0050533408197641,0.009685569904548,0.0223189219539583,0.0099663110612015,0.0123526108927568,0.0008422234699606,0.0005614823133071,0.0002807411566535,0.0007018528916339,0.0007018528916339,0.0,0.0814149354295339,0.0192307692307692,0.0621841661987647,0.018669286917462002,0.0181078046041549,0.0005614823133071,0.002526670409882,0.002526670409882,0.0,0.031443009545199296,0.0168444693992139,0.0145985401459854,0.0553060078607523,0.020634475014037,0.0346715328467153,0.0138966872543514,0.0039303761931499,0.0099663110612015,0.0070185289163391,0.0037900056148231,0.003228523301516,0.0015440763615945,0.0011229646266142,0.0004211117349803,0.0040707467714766,0.0037900056148231,0.0002807411566535,0.0018248175182480999,0.0011229646266142,0.0007018528916339,0.0022459292532284,0.0016844469399213,0.0005614823133071,0.0178270634475013,0.0116507580011229,0.0061763054463784,0.0056148231330712,0.0039303761931499,0.0016844469399213,2117
2022-02-01,2022,2,0.7230840116725541,0.2288434956227922,0.4942405160497619,0.0059898633082474,0.0029181385347872,0.0030717247734602,0.0373214559975425,0.0069113807402856,0.0304100752572569,0.0013822761480571,0.0012286899093841,0.000153586238673,0.0193518660727998,0.0078328981723237,0.0115189679004761,0.0270311780064505,0.0121333128551681,0.0148978651512824,0.001075103670711,0.000767931193365,0.000307172477346,0.0030717247734602,0.0018430348640761,0.0012286899093841,0.0439256642604822,0.0119797266164951,0.0319459376439871,0.049301182614037695,0.0471509752726155,0.0021502073414222,0.0033788972508063,0.0032253110121333,0.000153586238673,0.0305636614959299,0.0179695899247427,0.0125940715711872,0.0391644908616187,0.0184303486407617,0.020734142220857,0.004761173398863399,0.0024573798187682,0.0023037935800952,0.0038396559668253,0.0033788972508063,0.000460758716019,0.0035324834894792,0.0029181385347872,0.000614344954692,0.0033788972508062,0.0029181385347872,0.000460758716019,0.0007679311933649999,0.000460758716019,0.000307172477346,0.0019966211027491,0.0015358623867301,0.000460758716019,0.015512210105974401,0.0118261403778221,0.0036860697281523,0.0066042082629395,0.0047611733988634,0.0018430348640761,2479
2022-03-01,2022,3,0.7295758610873897,0.2421007685738685,0.4874750925135212,0.004696840307429499,0.0027042413891261,0.0019925989183034,0.0357244520352974,0.0059777967549103,0.0297466552803871,0.0012809564474806998,0.0009962994591517,0.000284656988329,0.0247651579846284,0.0123825789923142,0.0123825789923142,0.0257614574437802,0.0130942214631369,0.0126672359806433,0.0,0.0,0.0,0.0014232849416452,0.0008539709649871,0.0005693139766581,0.0381440364360944,0.0125249074864787,0.0256191289496157,0.050526615428408694,0.0485340165101053,0.0019925989183034,0.0042698548249359,0.0041275263307714,0.0001423284941645,0.0307429547395388,0.0193566752063763,0.0113862795331625,0.037005408482778196,0.0162254483347566,0.0207799601480216,0.0034158838599487,0.0011386279533162,0.0022772559066325,0.0034158838599486997,0.0027042413891261,0.0007116424708226,0.0046968403074294,0.0034158838599487,0.0012809564474807,0.0025619128949615,0.0019925989183034,0.0005693139766581,0.0014232849416452,0.0001423284941645,0.0012809564474807,0.0024195844007969002,0.0021349274124679,0.000284656988329,0.0102476515798461,0.0066894392257329,0.0035582123541132,0.009109023626529999,0.0058354682607458,0.0032735553657842,2766
2022-04-01,2022,4,0.6929923935911959,0.2401683120245994,0.4528240815665965,0.0058261854669039,0.0038841236446026,0.0019420618223013,0.0391649134164103,0.0069590548632464,0.0322058585531639,0.0011328693963424,0.0006473539407671,0.0004855154555753,0.0207153261045476,0.0090629551707396,0.011652370933808,0.017478556400712,0.0095484706263149,0.0079300857743971,0.0012947078815341,0.0008091924259588,0.0004855154555753,0.0019420618223012,0.0011328693963424,0.0008091924259588,0.0587473701246155,0.0223337109564654,0.0364136591681501,0.0600420780061497,0.0545395695096293,0.0055025084965204,0.0080919242595889,0.0080919242595889,0.0,0.028969088849328202,0.0166693639747531,0.0122997248745751,0.0294546043049036,0.0166693639747531,0.0127852403301505,0.0030749312186437,0.0016183848519177,0.001456546366726,0.0064735394076711,0.0045314775853698,0.0019420618223013,0.0027512542482601,0.0024275772778766,0.0003236769703835,0.0038841236446025998,0.0032367697038355,0.0006473539407671,0.0019420618223012001,0.0003236769703835,0.0016183848519177,0.0030749312186437,0.0024275772778766,0.0006473539407671,0.017640394885903802,0.0110050169930409,0.0066353778928629,0.010033986081890201,0.0077682472892053,0.0022657387926849,2570
2022-05-01,2022,5,0.6387499999999999,0.2633333333333333,0.3754166666666667,0.0038888888888888003,0.0022222222222222,0.0016666666666666,0.031249999999999903,0.0058333333333333,0.0254166666666666,0.0006944444444443001,0.0005555555555555,0.0001388888888888,0.0190277777777777,0.0120833333333333,0.0069444444444444,0.0106944444444443,0.0076388888888888,0.0030555555555555,0.0016666666666666002,0.0011111111111111,0.0005555555555555,0.0005555555555554,0.0002777777777777,0.0002777777777777,0.0452777777777777,0.01375,0.0315277777777777,0.1305555555555554,0.1240277777777777,0.0065277777777777,0.0168055555555554,0.0165277777777777,0.0002777777777777,0.0234722222222222,0.0159722222222222,0.0075,0.032499999999999904,0.0176388888888888,0.0148611111111111,0.0030555555555554998,0.0009722222222222,0.0020833333333333,0.0091666666666666,0.0083333333333333,0.0008333333333333,0.0051388888888888005,0.005,0.0001388888888888,0.0022222222222222,0.0022222222222222,0.0,0.0026388888888888,0.0011111111111111,0.0015277777777777,0.0026388888888888,0.0020833333333333,0.0005555555555555,0.0154166666666666,0.0116666666666666,0.00375,0.0122222222222222,0.0098611111111111,0.0023611111111111,3719
2022-06-01,2022,6,0.702939429928741,0.2381235154394299,0.4648159144893111,0.0032660332541567,0.0019299287410926,0.0013361045130641,0.0414192399049881,0.0069774346793349,0.0344418052256532,0.0062351543942992,0.0048990498812351,0.0013361045130641,0.0280581947743467,0.0138064133016627,0.014251781472684,0.0136579572446554,0.0096496437054631,0.0040083135391923,0.0005938242280284,0.0002969121140142,0.0002969121140142,0.0010391923990498001,0.0005938242280285,0.0004453681710213,0.07586104513064121,0.0274643705463182,0.048396674584323,0.01187648456057,0.0109857482185273,0.0008907363420427,0.001187648456057,0.001187648456057,0.0,0.0305819477434678,0.0182600950118764,0.0123218527315914,0.0310273159144892,0.0141033254156769,0.0169239904988123,0.0035629453681708997,0.0010391923990498,0.0025237529691211,0.0069774346793348,0.0054928741092636,0.0014845605700712,0.006086698337292,0.0050475059382422,0.0010391923990498,0.0062351543942992,0.0050475059382422,0.001187648456057,0.0026722090261280997,0.0004453681710213,0.0022268408551068,0.0026722090261282,0.002375296912114,0.0002969121140142,0.0246437054631828,0.0145486935866983,0.0100950118764845,0.0112826603325415,0.0077197149643705,0.003562945368171,2569
2022-07-01,2022,7,0.6564450474898235,0.2042062415196743,0.4522388059701492,0.0032564450474897996,0.0021709633649932,0.0010854816824966,0.047896879240162796,0.0084124830393487,0.0394843962008141,0.0009497964721844,0.0008141112618724,0.000135685210312,0.0294436906377204,0.0153324287652645,0.0141112618724559,0.0130257801899592,0.0100407055630936,0.0029850746268656,0.0012211668928086,0.0012211668928086,0.0,0.0021709633649932,0.0016282225237449,0.0005427408412483,0.0974219810040704,0.043012211668928,0.0544097693351424,0.0158751696065128,0.0153324287652645,0.0005427408412483,0.0020352781546811,0.0020352781546811,0.0,0.0276797829036634,0.0164179104477611,0.0112618724559023,0.0559023066485752,0.0227951153324287,0.0331071913161465,0.0037991858887380997,0.0021709633649932,0.0016282225237449,0.0077340569877882,0.0056987788331071,0.0020352781546811,0.0052917232021708,0.0046132971506105,0.0006784260515603,0.0047489823609226,0.0044776119402985,0.0002713704206241,0.0017639077340568998,0.0005427408412483,0.0012211668928086,0.0008141112618723,0.0006784260515603,0.000135685210312,0.0241519674355494,0.0166892808683853,0.0074626865671641,0.0105834464043418,0.0058344640434192,0.0047489823609226,2758
2022-08-01,2022,8,0.6980445043830074,0.1778826702629804,0.5201618341200269,0.0028320971004719003,0.0021577882670262,0.0006743088334457,0.0435603506405933,0.006608226567768,0.0369521240728253,0.0014834794335805,0.0013486176668914,0.0001348617666891,0.0287255563047875,0.010384356035064,0.0183412002697235,0.0146999325691165,0.0091706001348617,0.0055293324342548,0.0009440323668239001,0.0008091706001348,0.0001348617666891,0.0002697235333782,0.0001348617666891,0.0001348617666891,0.0840188806473364,0.0322319622387053,0.0517869184086311,0.006608226567767999,0.0062036412677006,0.0004045853000674,0.0025623735670937,0.0025623735670937,0.0,0.0370869858395144,0.0215778826702629,0.0155091031692515,0.0449089683074847,0.016992582602832,0.0279163857046527,0.0033715441672285,0.001888064733648,0.0014834794335805,0.004989885367498201,0.0039109912339851,0.0010788941335131,0.0018880647336479,0.0014834794335805,0.0004045853000674,0.0053944706675657,0.003776129467296,0.0016183412002697,0.0033715441672285,0.0004045853000674,0.0029669588671611,0.0024275118004045,0.0014834794335805,0.000944032366824,0.016183412002697198,0.0093054619015509,0.0068779501011463,0.0091706001348616,0.0055293324342548,0.0036412677006068,2280
2022-09-01,2022,9,0.6904728098821524,0.1777651568933693,0.5127076529887832,0.0039755785886695,0.0021297742439301,0.0018458043447394,0.048842822660797904,0.0063893227317904,0.0424534999290075,0.0002839698991906,0.0002839698991906,0.0,0.028822944767854602,0.014908419707511,0.0139145250603436,0.0176061337498225,0.0116427658668181,0.0059633678830044,0.0001419849495953,0.0001419849495953,0.0,0.0005679397983813,0.000425954848786,0.0001419849495953,0.0772398125798664,0.0353542524492403,0.0418855601306261,0.0102229163708646,0.0095129916228879,0.0007099247479767,0.0036916086894789,0.0036916086894789,0.0,0.0387618912395285,0.0230015618344455,0.015760329405083,0.0450092290217236,0.0163282692034644,0.0286809598182592,0.0035496237398835,0.0024137441431208,0.0011358795967627,0.0055374130342183,0.0031236688910975,0.0024137441431208,0.0022717591935254,0.0021297742439301,0.0001419849495953,0.0029816839415021,0.0022717591935254,0.0007099247479767,0.0029816839415021,0.0005679397983813,0.0024137441431208,0.0021297742439301,0.0017038193951441,0.000425954848786,0.0190259832457758,0.0097969615220786,0.0092290217236972,0.0106488712196506,0.0052534431350276,0.005395428084623,2242
2022-10-01,2022,10,0.7028964726125609,0.1812446228850014,0.5216518497275595,0.003154574132492,0.0010037281330656,0.0021508459994264,0.0400057355893317,0.0065959277315744,0.0334098078577573,0.0005735589331802,0.000143389733295,0.0004301691998852,0.0271006595927731,0.0096071121307714,0.0174935474620017,0.012331517063378102,0.0077430455979351,0.004588471465443,0.0004301691998851,0.0002867794665901,0.000143389733295,0.0022942357327214,0.0014338973329509,0.0008603383997705,0.0880412962431888,0.0438772583882993,0.0441640378548895,0.006165758531689,0.0057355893318038,0.0004301691998852,0.0032979638657872,0.0032979638657872,0.0,0.0355606538571838,0.0210782907943791,0.0144823630628047,0.0316891310582162,0.0106108402638371,0.0210782907943791,0.0070260969314597,0.0035847433323774,0.0034413535990823,0.0074562661313449,0.0043016919988528,0.0031545741324921,0.0024376254660165003,0.0022942357327215,0.000143389733295,0.0060223687983939,0.0054488098652136,0.0005735589331803,0.0015772870662459,0.0008603383997705,0.0007169486664754,0.0011471178663606,0.0004301691998852,0.0007169486664754,0.0235159162603956,0.0149125322626899,0.0086033839977057,0.0097505018640664,0.0055921995985087,0.0041583022655577,2243
2022-11-01,2022,11,0.7397485782699791,0.1837773121819814,0.5559712660879976,0.0038910505836574003,0.0031427716252618,0.0007482789583956,0.0431008680035917,0.0040407063753367,0.039060161628255,0.0,0.0,0.0,0.0302304699191858,0.0143669560011972,0.0158635139179886,0.012421430709368301,0.0077821011673151,0.0046393295420532,0.0004489673750374,0.0004489673750374,0.0,0.0010475905417538,0.0007482789583956,0.0002993115833582,0.0505836575875485,0.0176593834181382,0.0329242741694103,0.0043400179586949,0.0037413947919784,0.0005986231667165,0.0001496557916791,0.0001496557916791,0.0,0.0294821909607901,0.0155642023346303,0.0139179886261598,0.0462436396288536,0.0166117928763843,0.0296318467524693,0.0031427716252617997,0.0010475905417539,0.0020951810835079,0.0049386411254114,0.0034420832086201,0.0014965579167913,0.0013469021251122,0.0013469021251122,0.0,0.0038910505836575,0.0037413947919784,0.0001496557916791,0.0020951810835078,0.0001496557916791,0.0019455252918287,0.0013469021251122,0.0008979347500748,0.0004489673750374,0.0227476803352289,0.0140676444178389,0.00868003591739,0.0083807243340317,0.0055372642921281,0.0028434600419036,1944
2022-12-01,2022,12,0.7253430531732419,0.1646655231560892,0.5606775300171527,0.0030017152658662,0.0015008576329331,0.0015008576329331,0.0377358490566037,0.0045025728987993,0.0332332761578044,0.0008576329331045,0.0006432246998284,0.0002144082332761,0.0332332761578043,0.0117924528301886,0.0214408233276157,0.012435677530016998,0.0081475128644939,0.0042881646655231,0.0008576329331045,0.0006432246998284,0.0002144082332761,0.0012864493996568,0.0010720411663807,0.0002144082332761,0.056603773584905495,0.0265866209262435,0.030017152658662,0.0066466552315608,0.0062178387650085,0.0004288164665523,0.0008576329331046,0.0008576329331046,0.0,0.034090909090909,0.0188679245283018,0.0152229845626072,0.053173241852487105,0.0227272727272727,0.0304459691252144,0.0017152658662090998,0.0010720411663807,0.0006432246998284,0.0064322469982846,0.0042881646655231,0.0021440823327615,0.0017152658662092,0.0015008576329331,0.0002144082332761,0.0038593481989708,0.0030017152658662,0.0008576329331046,0.0021440823327615,0.0002144082332761,0.0019296740994854,0.0025728987993137997,0.0015008576329331,0.0010720411663807,0.0158662092624356,0.0105060034305317,0.0053602058319039,0.0102915951972555,0.0055746140651801,0.0047169811320754,1343
2023-01-01,2023,1,0.6974903474903476,0.1716216216216216,0.5258687258687259,0.0032818532818532,0.0027027027027027,0.0005791505791505,0.04594594594594591,0.0071428571428571,0.0388030888030888,0.0005791505791504,0.0003861003861003,0.0001930501930501,0.0349420849420849,0.0131274131274131,0.0218146718146718,0.0181467181467181,0.0127413127413127,0.0054054054054054,0.0007722007722006,0.0003861003861003,0.0003861003861003,0.0042471042471041,0.003088803088803,0.0011583011583011,0.061003861003861,0.0276061776061776,0.0333976833976834,0.0065637065637064,0.0061776061776061,0.0003861003861003,0.0013513513513511999,0.0011583011583011,0.0001930501930501,0.0494208494208494,0.0305019305019305,0.0189189189189189,0.038803088803088706,0.0173745173745173,0.0214285714285714,0.003088803088803,0.0013513513513513,0.0017374517374517,0.0057915057915057,0.0019305019305019,0.0038610038610038,0.0032818532818531003,0.0028957528957528,0.0003861003861003,0.016023166023166002,0.0135135135135135,0.0025096525096525,0.0019305019305018,0.0003861003861003,0.0015444015444015,0.002123552123552,0.0009652509652509,0.0011583011583011,0.014092664092664,0.0077220077220077,0.0063706563706563,0.0094594594594594,0.0054054054054054,0.004054054054054,1630
2023-02-01,2023,2,0.6993048659384309,0.1696127110228401,0.5296921549155909,0.0029791459781528,0.0005958291956305,0.0023833167825223,0.0385302879841112,0.0067527308838133,0.0317775571002979,0.001390268123138,0.0,0.001390268123138,0.0458788480635551,0.0182720953326713,0.0276067527308838,0.0168818272095332,0.0119165839126117,0.0049652432969215,0.0007944389275074,0.0003972194637537,0.0003972194637537,0.0017874875868917,0.0009930486593843,0.0007944389275074,0.0482621648460774,0.0206554121151936,0.0276067527308838,0.004965243296921501,0.0041708043694141,0.0007944389275074,0.0007944389275074,0.0007944389275074,0.0,0.0448857994041707,0.0276067527308838,0.0172790466732869,0.0530287984111221,0.0260178748758689,0.0270109235352532,0.001390268123138,0.0009930486593843,0.0003972194637537,0.0053624627606751,0.0037735849056603,0.0015888778550148,0.0063555114200595005,0.0039721946375372,0.0023833167825223,0.0043694141012908,0.0031777557100297,0.0011916583912611,0.0025819265143990997,0.0001986097318768,0.0023833167825223,0.0027805362462759997,0.0023833167825223,0.0003972194637537,0.0208540218470704,0.0144985104270109,0.0063555114200595,0.0113207547169811,0.0061569016881827,0.0051638530287984,1568
2023-03-01,2023,3,0.6668636430787414,0.1749150539222928,0.4919485891564485,0.0035455754173437,0.0008863938543359,0.0026591815630078,0.0518540404786525,0.0079775446890234,0.0438764957896291,0.0005909292362238,0.0002954646181119,0.0002954646181119,0.0344216280100457,0.0125572462697591,0.0218643817402866,0.0212734525040625,0.0116708524154232,0.0096026000886393,0.0010341261633917999,0.0007386615452799,0.0002954646181119,0.0010341261633918,0.0004431969271679,0.0005909292362239,0.0548086866597724,0.0178756093957748,0.0369330772639976,0.0060570246712954995,0.0057615600531836,0.0002954646181119,0.0011818584724478,0.0010341261633919,0.0001477323090559,0.0518540404786526,0.0286600679568621,0.0231939725217905,0.0571724036046683,0.0279214064115822,0.0292509971930861,0.0019205200177278001,0.0014773230905599,0.0004431969271679,0.0073866154527993996,0.0041365046535677,0.0032501107992317,0.0158073570689909,0.0075343477618555,0.0082730093071354,0.0056138277441275,0.0039887723445117,0.0016250553996158,0.0044319692716796,0.0007386615452799,0.0036933077263997,0.0022159846358396997,0.0017727877086718,0.0004431969271679,0.0208302555768946,0.0140345693603191,0.0067956862165755,0.0085684739252473,0.0053183631260156,0.0032501107992317,2156
2023-04-01,2023,4,0.7054078826764436,0.1772685609532538,0.5281393217231898,0.0021998166819429997,0.0016498625114573,0.0005499541704857,0.053345554537121795,0.0078826764436296,0.0454628780934922,0.0005499541704857,0.0,0.0005499541704857,0.036846929422548,0.0177818515123739,0.0190650779101741,0.016681943171402203,0.0080659945004582,0.008615948670944,0.0007332722273141999,0.0005499541704857,0.0001833180568285,0.0007332722273142,0.0003666361136571,0.0003666361136571,0.0626947754353802,0.0155820348304307,0.0471127406049495,0.0025664527956001998,0.0018331805682859,0.0007332722273143,0.0009165902841429,0.0009165902841429,0.0,0.0388634280476626,0.0247479376718606,0.014115490375802,0.0295142071494041,0.0111824014665444,0.0183318056828597,0.0007332722273142,0.0003666361136571,0.0003666361136571,0.0115490375802016,0.0071494042163153,0.0043996333638863,0.0042163153070576,0.0032997250229147,0.0009165902841429,0.0056828597616864,0.0040329972502291,0.0016498625114573,0.0032997250229146,0.0003666361136571,0.0029330889092575,0.0021998166819429997,0.0018331805682859,0.0003666361136571,0.0194317140238313,0.012282309807516,0.0071494042163153,0.013932172318973299,0.0098991750687442,0.0040329972502291,1637
2023-05-01,2023,5,0.6798884412767277,0.1766346451812829,0.5032537960954447,0.0034087387666562998,0.0018593120545398,0.0015494267121165,0.0491168267740935,0.0063526495196777,0.0427641772544158,0.0007747133560582,0.0003098853424233,0.0004648280136349,0.037031298419584704,0.0153393244499535,0.0216919739696312,0.0189030058878214,0.0108459869848156,0.0080570189030058,0.0013944840409048,0.0010845986984815,0.0003098853424233,0.0012395413696931,0.0007747133560582,0.0004648280136349,0.0619770684846606,0.0198326619150914,0.0421444065695692,0.0048032228075611,0.0043383947939262,0.0004648280136349,0.0007747133560582,0.0007747133560582,0.0,0.0446234893089556,0.0285094515029439,0.0161140378060117,0.0601177564301208,0.0268050821196157,0.0333126743105051,0.0018593120545398,0.0009296560272699,0.0009296560272699,0.0069724202045243,0.0048032228075612,0.0021691973969631,0.0018593120545398,0.0018593120545398,0.0,0.0068174775333125995,0.0052680508211961,0.0015494267121165,0.0012395413696932,0.0,0.0012395413696932,0.0021691973969631,0.0012395413696932,0.0009296560272699,0.022001859312054402,0.0113108149984505,0.0106910443136039,0.0089866749302757,0.0060427641772544,0.0029439107530213,2033
2023-06-01,2023,6,0.7299284578696343,0.2007154213036566,0.5292130365659777,0.0051669316375198004,0.0031796502384737,0.0019872813990461,0.0222575516693162,0.0035771065182829,0.0186804451510333,0.0003974562798092,0.0003974562798092,0.0,0.0381558028616851,0.0145071542130365,0.0236486486486486,0.0160969793322733,0.0109300476947535,0.0051669316375198,0.0015898251192368,0.000993640699523,0.0005961844197138,0.0013910969793321998,0.000993640699523,0.0003974562798092,0.0665739268680445,0.0359697933227345,0.03060413354531,0.0043720190779014,0.0039745627980922,0.0003974562798092,0.0031796502384737,0.0031796502384737,0.0,0.0425278219395865,0.0260333863275039,0.0164944356120826,0.042925278219395804,0.0182829888712241,0.0246422893481717,0.0011923688394276,0.0003974562798092,0.0007949125596184,0.0047694753577105006,0.0035771065182829,0.0011923688394276,0.0035771065182828997,0.0027821939586645,0.0007949125596184,0.0033783783783782996,0.0027821939586645,0.0005961844197138,0.0023847376788552,0.000993640699523,0.0013910969793322,0.0007949125596184,0.0003974562798092,0.0003974562798092,0.0133147853736088,0.0095389507154213,0.0037758346581875,0.0089427662957074,0.0069554848966613,0.0019872813990461,1715
2023-07-01,2023,7,0.7138964577656676,0.1851044504995458,0.5287920072661217,0.0032697547683922,0.0021798365122615,0.0010899182561307,0.0201634877384195,0.0043596730245231,0.0158038147138964,0.0010899182561307,0.0009082652134423,0.0001816530426884,0.0415985467756583,0.0156221616712079,0.0259763851044504,0.015258855585831,0.0103542234332425,0.0049046321525885,0.0003633060853768,0.0001816530426884,0.0001816530426884,0.0007266121707538,0.0003633060853769,0.0003633060853769,0.0882833787465939,0.0490463215258855,0.0392370572207084,0.0036330608537692,0.0034514078110808,0.0001816530426884,0.0014532243415077,0.0014532243415077,0.0,0.0419618528610353,0.0261580381471389,0.0158038147138964,0.0392370572207084,0.0185286103542234,0.020708446866485,0.00236148955495,0.0014532243415077,0.0009082652134423,0.0054495912806538,0.0038147138964577,0.0016348773841961,0.0070844686648501,0.0039963669391462,0.0030881017257039,0.0047229791099,0.0038147138964577,0.0009082652134423,0.0047229791099,0.0010899182561307,0.0036330608537693,0.0018165304268846,0.0009082652134423,0.0009082652134423,0.0092643051771117,0.0056312443233424,0.0036330608537693,0.005994550408719299,0.005086285195277,0.0009082652134423,1841
2023-08-01,2023,8,0.7144574175824175,0.1916208791208791,0.5228365384615384,0.0036057692307691,0.0017170329670329,0.0018887362637362,0.0176854395604394,0.0054945054945054,0.012190934065934,0.0006868131868131,0.0006868131868131,0.0,0.0386332417582417,0.0149381868131868,0.0236950549450549,0.0224931318681317,0.0161401098901098,0.0063530219780219,0.0015453296703295,0.0010302197802197,0.0005151098901098,0.0017170329670328,0.0005151098901098,0.001201923076923,0.0626717032967032,0.0317651098901098,0.0309065934065934,0.008756868131868,0.0082417582417582,0.0005151098901098,0.0006868131868130001,0.0005151098901098,0.0001717032967032,0.0525412087912087,0.029532967032967,0.0230082417582417,0.0511675824175824,0.0204326923076923,0.0307348901098901,0.002403846153846,0.0017170329670329,0.0006868131868131,0.005837912087912,0.0027472527472527,0.0030906593406593,0.0018887362637361,0.001201923076923,0.0006868131868131,0.008756868131868,0.0066964285714285,0.0020604395604395,0.0027472527472526004,0.0005151098901098,0.0022321428571428,0.0025755494505493,0.0018887362637362,0.0006868131868131,0.0089285714285713,0.0060096153846153,0.002918956043956,0.0089285714285713,0.0063530219780219,0.0025755494505494,1958
2023-09-01,2023,9,0.7579814624098866,0.1646069344318572,0.5933745279780295,0.0046343975283211995,0.0027463096464126,0.0018880878819086,0.0197391005835907,0.0042911088225197,0.015447991761071,0.0,0.0,0.0,0.0394782011671816,0.0115001716443529,0.0279780295228287,0.0176793683487812,0.0118434603501544,0.0058359079986268,0.0005149330587023,0.0005149330587023,0.0,0.0032612427051148998,0.0025746652935118,0.0006865774116031,0.0399931342258838,0.0181943014074836,0.0217988328184002,0.0044627531754204,0.0039478201167181,0.0005149330587023,0.0013731548232063,0.0013731548232063,0.0,0.041023000343288596,0.0221421215242018,0.0188808788190868,0.0514933058702368,0.0193958118777892,0.0320974939924476,0.0008582217645038,0.0005149330587023,0.0003432887058015,0.003947820116718,0.0022313765877102,0.0017164435290078,0.0020597322348094,0.0020597322348094,0.0,0.0085822176450394,0.005664263645726,0.0029179539993134,0.0017164435290078,0.0003432887058015,0.0013731548232063,0.0029179539993133,0.0017164435290078,0.0012015104703055,0.006007552351527499,0.0051493305870236,0.0008582217645039,0.0066941297631307,0.0046343975283213,0.0020597322348094,1598
2023-10-01,2023,10,0.7320509347060417,0.1612029260363045,0.5708480086697372,0.0035220807369276,0.0027092928745597,0.0008127878623679,0.0222162015713898,0.0027092928745597,0.0195069086968301,0.0,0.0,0.0,0.0371173123814684,0.010024383635871,0.0270929287455974,0.026821999458141302,0.0211324844215659,0.0056895150365754,0.0,0.0,0.0,0.0016255757247357,0.0010837171498238,0.0005418585749119,0.0346789487943646,0.0162557572473584,0.0184231915470062,0.019777837984286,0.0162557572473584,0.0035220807369276,0.0040639393118396,0.0040639393118396,0.0,0.0487672717420752,0.0295312923327011,0.0192359794093741,0.0330533730696287,0.0121918179355188,0.0208615551341099,0.0016255757247357,0.0010837171498238,0.0005418585749119,0.0127336765104306,0.0073150907613112,0.0054185857491194,0.0048767271742075,0.0018965050121918,0.0029802221620157,0.0070441614738552,0.0054185857491194,0.0016255757247358,0.0021674342996477,0.0002709292874559,0.0018965050121918,0.0035220807369275003,0.0024383635871037,0.0010837171498238,0.0102953129233269,0.0083988079111351,0.0018965050121918,0.010566242210782801,0.0083988079111351,0.0021674342996477,1096
2023-11-01,2023,11,0.7404176579434312,0.1890034364261168,0.5514142215173143,0.0047581284694685,0.0034364261168384,0.0013217023526301,0.0187681734073486,0.0039651070578905,0.0148030663494581,0.000264340470526,0.000264340470526,0.0,0.0475812846946867,0.0206185567010309,0.0269627279936558,0.0166534496431403,0.0113666402326196,0.0052868094105207,0.0029077451757864,0.0021147237642083,0.0007930214115781,0.0013217023526301002,0.0007930214115781,0.000528680941052,0.0436161776367961,0.0259053661115516,0.0177108115252445,0.0129526830557757,0.0124240021147237,0.000528680941052,0.0018503832936822,0.0018503832936822,0.0,0.0396510705789055,0.0264340470526037,0.0132170235263018,0.036478984932593,0.0161247687020882,0.0203542162305048,0.000528680941052,0.000264340470526,0.000264340470526,0.0058154903515728,0.0029077451757864,0.0029077451757864,0.0087232355273591,0.0039651070578905,0.0047581284694686,0.0060798308220988,0.0052868094105207,0.0007930214115781,0.0010573618821041,0.0,0.0010573618821041,0.0029077451757863002,0.0026434047052603,0.000264340470526,0.0124240021147237,0.0103092783505154,0.0021147237642083,0.0063441712926248,0.0034364261168384,0.0029077451757864,1259
2023-12-01,2023,12,0.7340104309634915,0.1677189129838045,0.566291517979687,0.006862475981333899,0.0030194894317869,0.003842986549547,0.0194894317869887,0.0049409827065605,0.0145484490804282,0.0010979961570132999,0.00082349711776,0.0002744990392533,0.0354103760636837,0.0120779577271479,0.0233324183365358,0.0087839692561076,0.0043919846280538,0.0043919846280538,0.0005489980785067,0.0005489980785067,0.0,0.0013724951962667,0.00082349711776,0.0005489980785067,0.0617622838320065,0.03184188855339,0.0299203952786165,0.0027449903925334997,0.0024704913532802,0.0002744990392533,0.0002744990392533,0.0002744990392533,0.0,0.0293713972001097,0.0156464452374416,0.0137249519626681,0.0430963491627778,0.0194894317869887,0.0236069173757891,0.0019214932747735,0.0013724951962668,0.0005489980785067,0.0054899807850672,0.0041174855888004,0.0013724951962668,0.0065879769420806,0.0024704913532802,0.0041174855888004,0.0079604721383474,0.0074114740598407,0.0005489980785067,0.0005489980785067,0.0005489980785067,0.0,0.0063134779028272,0.0054899807850672,0.00082349711776,0.019489431786988698,0.015920944276695,0.0035684875102937,0.0139994510019214,0.0087839692561076,0.0052154817458138,1111
2024-01-01,2024,1,0.7589444303476276,0.2002029941639178,0.5587414361837097,0.0053285968028418,0.0040598832783557,0.0012687135244861,0.014970819588936701,0.0010149708195889,0.0139558487693478,0.0010149708195889,0.0002537427048972,0.0007612281146917,0.0355239786856127,0.0162395331134229,0.0192844455721898,0.0175082466379091,0.01192590713017,0.0055823395077391,0.0010149708195889,0.0010149708195889,0.0,0.0015224562293833,0.0012687135244861,0.0002537427048972,0.042375031717838005,0.0170007612281146,0.0253742704897234,0.0096422227860948,0.0091347373763004,0.0005074854097944,0.0010149708195889,0.0010149708195889,0.0,0.0416138036031463,0.0243592996701344,0.0172545039330119,0.0428825171276325,0.0197919309819842,0.0230905861456483,0.0010149708195889,0.0007612281146917,0.0002537427048972,0.0055823395077390005,0.0035523978685612,0.0020299416391778,0.0058360822126363,0.0038061405734585,0.0020299416391778,0.0073585384420197,0.0058360822126363,0.0015224562293834,0.0002537427048972,0.0,0.0002537427048972,0.0025374270489722,0.0020299416391778,0.0005074854097944,0.012687135244861598,0.0088809946714031,0.0038061405734585,0.0048211113930473,0.0027911697538695,0.0020299416391778,1285
2024-02-01,2024,2,0.7306612203216747,0.1942813377584886,0.5363798825631861,0.0025529742149604,0.0017870819504723,0.0007658922644881,0.0199131988766912,0.0045953535869287,0.0153178452897625,0.000510594842992,0.0,0.000510594842992,0.033443962215981504,0.0091907071738575,0.024253255042124,0.0160837375542506,0.0097013020168496,0.006382435537401,0.0007658922644879999,0.000510594842992,0.000255297421496,0.0012764871074801,0.0010211896859841,0.000255297421496,0.0589737043655858,0.0316568802655093,0.0273168241000765,0.0094460045953535,0.0091907071738575,0.000255297421496,0.0007658922644881,0.0007658922644881,0.0,0.0395711003318866,0.0214449834056676,0.018126116926219,0.0579525146796016,0.0270615266785805,0.0308909880010211,0.0015317845289761,0.0010211896859841,0.000510594842992,0.0071483278018891,0.0051059484299208,0.0020423793719683,0.0022976767934643,0.0022976767934643,0.0,0.0043400561654326,0.0033188664794485,0.0010211896859841,0.0012764871074801,0.000510594842992,0.0007658922644881,0.0048506510084248,0.0035741639009446,0.0012764871074802,0.0130201684962981,0.0097013020168496,0.0033188664794485,0.0048506510084247,0.0025529742149604,0.0022976767934643,1306
2024-03-01,2024,3,0.6933158584534731,0.1845347313237221,0.508781127129751,0.0078636959370904,0.0036697247706422,0.0041939711664482,0.020969855832241098,0.0036697247706422,0.0173001310615989,0.000262123197903,0.0,0.000262123197903,0.060812581913499295,0.0225425950196592,0.0382699868938401,0.0115334207077325,0.0068152031454783,0.0047182175622542,0.001834862385321,0.001048492791612,0.000786369593709,0.001310615989515,0.000524246395806,0.000786369593709,0.0492791612057666,0.0117955439056356,0.037483617300131,0.0060288335517692995,0.0055045871559633,0.000524246395806,0.000786369593709,0.000786369593709,0.0,0.041677588466579096,0.0235910878112712,0.0180865006553079,0.0537352555701179,0.0309305373525557,0.0228047182175622,0.0041939711664482,0.000524246395806,0.0036697247706422,0.0086500655307994,0.0055045871559633,0.0031454783748361,0.0031454783748361,0.0028833551769331,0.000262123197903,0.0044560943643511,0.0034076015727391,0.001048492791612,0.0036697247706420997,0.000524246395806,0.0031454783748361,0.0091743119266054,0.0086500655307994,0.000524246395806,0.0125819134993446,0.0086500655307994,0.0039318479685452,0.0136304062909567,0.0094364351245085,0.0041939711664482,1258
2024-04-01,2024,4,0.6584264321369147,0.1930116472545757,0.4654147848823389,0.0080817684811029,0.0033277870216306,0.0047539814594723,0.0325647729973852,0.0059424768243403,0.0266222961730449,0.0014261944378416002,0.001188495364868,0.0002376990729736,0.08176848110292359,0.0335155692892797,0.0482529118136439,0.014737342524364,0.0071309721892084,0.0076063703351556,0.0026146898027096,0.0014261944378416,0.001188495364868,0.0011884953648679999,0.0007130972189208,0.0004753981459472,0.0713097218920845,0.0256714998811504,0.0456382220109341,0.0097456619919182,0.0095079629189446,0.0002376990729736,0.0026146898027097,0.0026146898027097,0.0,0.036367958164963,0.0183028286189683,0.0180651295459947,0.0347040646541477,0.0211552174946517,0.013548847159496,0.0064178749702875,0.0040408842405514,0.0023769907297361,0.010696458283812599,0.0087948657000237,0.0019015925837889,0.0068932731162347,0.0028523888756833,0.0040408842405514,0.0047539814594723,0.003090087948657,0.0016638935108153,0.0026146898027097,0.0002376990729736,0.0023769907297361,0.004991680532445799,0.0040408842405514,0.0009507962918944,0.0111718564297598,0.0068932731162348,0.004278583313525,0.0073686712621819994,0.0047539814594723,0.0026146898027097,1482
2024-05-01,2024,5,0.6288983621269912,0.2005833520305138,0.4283150100964774,0.0074040834642135,0.0029167601525689,0.0044873233116446,0.0289432353601076,0.0044873233116446,0.024455912048463,0.0013461969934933,0.0008974646623289,0.0004487323311644,0.0590083015481264,0.024455912048463,0.0345523894996634,0.0170518285842494,0.0125645052726048,0.0044873233116446,0.0083015481265424,0.0076284496297958,0.0006730984967466,0.0017949293246578,0.0008974646623289,0.0008974646623289,0.0704509759928202,0.0275970383666143,0.0428539376262059,0.0109939421135292,0.0105452097823648,0.0004487323311644,0.0060578864707202,0.0060578864707202,0.0,0.0509311195871662,0.0352254879964101,0.0157056315907561,0.0634956248597711,0.0410590083015481,0.022436616558223,0.0069553511330491,0.0038142248148979,0.0031411263181512,0.0103208436167825,0.007852815795378,0.0024680278214045,0.0047116894772267,0.0035898586493156,0.0011218308279111,0.0127888714381871,0.0112183082791115,0.0015705631590756,0.0024680278214045,0.0008974646623289,0.0015705631590756,0.007852815795378,0.0069553511330491,0.0008974646623289,0.006730984967466901,0.0044873233116446,0.0022436616558223,0.007179717298631301,0.004936055642809,0.0022436616558223,1822
2024-06-01,2024,6,0.6462568170550322,0.2203767972235994,0.4258800198314328,0.0071888943976200995,0.0032226078334159,0.0039662865642042,0.0304908279623202,0.0039662865642042,0.026524541398116,0.0012394645513137,0.0002478929102627,0.000991571641051,0.0674268715914724,0.0262766484878532,0.0411502231036192,0.021070897372335,0.0143777887952404,0.0066931085770946,0.0014873574615765,0.0004957858205255,0.000991571641051,0.0017352503718393,0.0012394645513138,0.0004957858205255,0.062221120475954295,0.0270203272186415,0.0352007932573128,0.015369360436291401,0.0146256817055032,0.0007436787307882,0.0022310361923648,0.0022310361923648,0.0,0.045860188398611695,0.0294992563212692,0.0163609320773425,0.040902330193356304,0.0215666831928606,0.0193356470004957,0.0047099652949924,0.0029747149231531,0.0017352503718393,0.0091720376797222,0.0074367873078829,0.0017352503718393,0.005205751115518,0.0047099652949925,0.0004957858205255,0.0136341100644521,0.0123946455131383,0.0012394645513138,0.0071888943976200995,0.0034705007436787,0.0037183936539414,0.0064452156668318005,0.005205751115518,0.0012394645513138,0.0086762518591967,0.0049578582052553,0.0037183936539414,0.018839861179970198,0.0153693604362915,0.0034705007436787,1658
2024-07-01,2024,7,0.6252972972972972,0.2259459459459459,0.3993513513513513,0.006702702702702601,0.0034594594594594,0.0032432432432432,0.0339459459459458,0.0049729729729729,0.0289729729729729,0.0008648648648648,0.0006486486486486,0.0002162162162162,0.06659459459459449,0.0345945945945945,0.032,0.0205405405405405,0.0151351351351351,0.0054054054054054,0.0038918918918917998,0.0008648648648648,0.003027027027027,0.0012972972972972,0.0012972972972972,0.0,0.1024864864864864,0.0512432432432432,0.0512432432432432,0.016864864864864798,0.0164324324324324,0.0004324324324324,0.0019459459459459,0.0019459459459459,0.0,0.0365405405405404,0.0246486486486486,0.0118918918918918,0.04,0.024,0.016,0.0069189189189188,0.0045405405405405,0.0023783783783783,0.012324324324324301,0.0095135135135135,0.0028108108108108,0.0056216216216215,0.0047567567567567,0.0008648648648648,0.0075675675675675,0.0075675675675675,0.0,0.0034594594594594,0.0002162162162162,0.0032432432432432,0.0049729729729728,0.0036756756756756,0.0012972972972972,0.0105945945945945,0.0069189189189189,0.0036756756756756,0.0043243243243242,0.0025945945945945,0.0017297297297297,2008
2024-08-01,2024,8,0.6237356709372892,0.2222971454259384,0.4014385255113508,0.0105641717239829,0.0065183187233086,0.0040458530006743,0.0262980445043829,0.0053944706675657,0.0209035738368172,0.0015733872780399,0.0011238480557428,0.0004495392222971,0.0723758147898403,0.0305686671162058,0.0418071476736345,0.0242751180040457,0.0206788042256686,0.0035963137783771,0.0017981568891885,0.0017981568891885,0.0,0.0008990784445942,0.0006743088334457,0.0002247696111485,0.0696785794560574,0.0251741964486401,0.0445043830074173,0.0130366374466171,0.01258709822432,0.0004495392222971,0.0026972353337828,0.0026972353337828,0.0,0.0465273095077545,0.0328163632276916,0.0137109462800629,0.043605304562823,0.0253989660597887,0.0182063385030343,0.0067430883344571,0.0026972353337828,0.0040458530006743,0.0132614070577656,0.0083164756124971,0.0049449314452685,0.0105641717239828,0.0076421667790514,0.0029220049449314,0.0085412452236457,0.0069678579456057,0.00157338727804,0.0089907844459428,0.00314677455608,0.0058440098898628,0.0065183187233085,0.00629354911216,0.0002247696111485,0.0096650932793885,0.0071926275567543,0.0024724657226342,0.013486176668914301,0.00944032366824,0.0040458530006743,1898
2024-09-01,2024,9,0.640272373540856,0.1877431906614786,0.4525291828793774,0.0064202334630348995,0.0029182879377431,0.0035019455252918,0.0367704280155641,0.0118677042801556,0.0249027237354085,0.0005836575875486,0.0005836575875486,0.0,0.0585603112840466,0.0237354085603112,0.0348249027237354,0.030933852140077697,0.0239299610894941,0.0070038910505836,0.0017509727626459,0.0017509727626459,0.0,0.0,0.0,0.0,0.0978599221789882,0.0585603112840466,0.0392996108949416,0.024124513618677002,0.0235408560311284,0.0005836575875486,0.0023346303501945,0.0023346303501945,0.0,0.047081712062256705,0.0334630350194552,0.0136186770428015,0.032295719844357904,0.0173151750972762,0.0149805447470817,0.0066147859922178,0.0035019455252918,0.003112840466926,0.0083657587548637,0.0060311284046692,0.0023346303501945,0.0033073929961087998,0.0013618677042801,0.0019455252918287,0.0077821011673151,0.0070038910505836,0.0007782101167315,0.0040856031128403995,0.0003891050583657,0.0036964980544747,0.0029182879377431,0.0027237354085603,0.0001945525291828,0.004669260700389,0.003112840466926,0.001556420233463,0.0044747081712061005,0.003112840466926,0.0013618677042801,2052
2024-10-01,2024,10,0.5562015503875968,0.1963824289405684,0.3598191214470284,0.008613264427217899,0.0049526270456503,0.0036606373815676,0.029069767441860298,0.0062446167097329,0.0228251507321274,0.0006459948320412,0.0004306632213608,0.0002153316106804,0.0661068044788974,0.0230404823428079,0.0430663221360895,0.020671834625322898,0.0155038759689922,0.0051679586563307,0.0002153316106804,0.0002153316106804,0.0,0.0004306632213608,0.0004306632213608,0.0,0.1307062876830318,0.0859173126614987,0.0447889750215331,0.055340223944875,0.0546942291128337,0.0006459948320413,0.0036606373815676,0.0036606373815676,0.0,0.0521102497846683,0.0385443583118001,0.0135658914728682,0.0279931093884582,0.0176571920757967,0.0103359173126615,0.0083979328165374,0.0055986218776916,0.0027993109388458,0.0148578811369508,0.0114125753660637,0.0034453057708871,0.0019379844961239,0.0012919896640826,0.0006459948320413,0.0086132644272178,0.008182601205857,0.0004306632213608,0.0032299741602065998,0.0004306632213608,0.0027993109388458,0.0034453057708871,0.0034453057708871,0.0,0.0109819121447028,0.0077519379844961,0.0032299741602067,0.0109819121447027,0.0079672695951765,0.0030146425495262,2243
2024-11-01,2024,11,0.5687689085408424,0.2157319059809169,0.3530370025599255,0.0072143355829648,0.0044216895508494,0.0027926460321154,0.0230393297649522,0.0039562485454968,0.0190830812194554,0.0006981615080288,0.0006981615080288,0.0,0.0637654177333022,0.0321154293693274,0.0316499883639748,0.0221084477542471,0.0190830812194554,0.0030253665347917,0.001629043518734,0.001629043518734,0.0,0.0011636025133813,0.0006981615080288,0.0004654410053525,0.1589481033279031,0.1142657668140563,0.0446823365138468,0.0144286711659296,0.0139632301605771,0.0004654410053525,0.0069816150802885,0.0069816150802885,0.0,0.048638585059343695,0.0393297649522923,0.0093088201070514,0.0404933674656736,0.0253665347917151,0.0151268326739585,0.0051198510588782,0.0034908075401442,0.001629043518734,0.0123341866418431,0.0109378636257854,0.0013963230160577,0.0034908075401442,0.0027926460321154,0.0006981615080288,0.009076099604375,0.0083779380963462,0.0006981615080288,0.0058180125669071,0.0013963230160577,0.0044216895508494,0.007447056085641,0.0072143355829648,0.0002327205026762,0.0090760996043751,0.0074470560856411,0.001629043518734,0.0032580870374679,0.0023272050267628,0.0009308820107051,2189
2024-12-01,2024,12,0.7480063795853269,0.2711323763955343,0.4768740031897927,0.0045188729399254,0.0013290802764486,0.0031897926634768,0.021265284423179,0.003987240829346,0.017278043593833,0.0,0.0,0.0,0.0313662945241891,0.0127591706539074,0.0186071238702817,0.0148856990962253,0.0127591706539074,0.0021265284423179,0.0013290802764486,0.0013290802764486,0.0,0.0007974481658692,0.0007974481658692,0.0,0.0584795321637426,0.0332270069112174,0.0252525252525252,0.0066454013822434,0.0066454013822434,0.0,0.0018607123870281,0.0018607123870281,0.0,0.0414673046251993,0.0297713981924508,0.0116959064327485,0.0372142477405634,0.0207336523125996,0.0164805954279638,0.0045188729399255004,0.0029239766081871,0.0015948963317384,0.0077086656034023,0.0058479532163742,0.0018607123870281,0.0018607123870281,0.0015948963317384,0.0002658160552897,0.0034556087187665,0.0026581605528973,0.0007974481658692,0.0010632642211589,0.0,0.0010632642211589,0.0031897926634767,0.0026581605528973,0.0005316321105794,0.0116959064327484,0.0085061137692716,0.0031897926634768,0.0090377458798511,0.006113769271664,0.0029239766081871,1564
2025-01-01,2025,1,0.683179723502304,0.2526881720430107,0.4304915514592934,0.0053763440860214,0.0046082949308755,0.0007680491551459,0.0326420890937018,0.0065284178187403,0.0261136712749615,0.0007680491551459,0.0007680491551459,0.0,0.0261136712749615,0.0126728110599078,0.0134408602150537,0.0138248847926267,0.010752688172043,0.0030721966205837,0.0003840245775729,0.0003840245775729,0.0,0.0011520737327188,0.0003840245775729,0.0007680491551459,0.06912442396313359,0.0380184331797235,0.0311059907834101,0.016513056835637398,0.0161290322580645,0.0003840245775729,0.0049923195084485,0.0049923195084485,0.0,0.0384024577572963,0.0230414746543778,0.0153609831029185,0.0568356374807987,0.0357142857142857,0.021121351766513,0.0003840245775729,0.0003840245775729,0.0,0.013824884792626599,0.0088325652841781,0.0049923195084485,0.0046082949308755,0.0038402457757296,0.0007680491551459,0.0107526881720429,0.0096006144393241,0.0011520737327188,0.0003840245775729,0.0,0.0003840245775729,0.0030721966205837,0.0030721966205837,0.0,0.0142089093701995,0.0076804915514592,0.0065284178187403,0.0072964669738862,0.0034562211981566,0.0038402457757296,1135
2025-02-01,2025,2,0.7238838318162115,0.2964889466840052,0.4273948851322063,0.0086692674469007,0.0082358040745557,0.000433463372345,0.036410923276983,0.0060684872128305,0.0303424360641525,0.000433463372345,0.000433463372345,0.0,0.0273081924577372,0.0138708279150411,0.0134373645426961,0.016471608149111302,0.0138708279150411,0.0026007802340702,0.0082358040745557,0.0082358040745557,0.0,0.00086692674469,0.000433463372345,0.000433463372345,0.0403120936280884,0.0177719982661465,0.0225400953619419,0.026007802340702102,0.0251408755960121,0.00086692674469,0.0030342436064152,0.0030342436064152,0.0,0.049848287819679205,0.0403120936280884,0.0095361941915908,0.0277416558300823,0.0143042912873862,0.0134373645426961,0.000433463372345,0.000433463372345,0.0,0.0034677069787601997,0.0026007802340702,0.00086692674469,0.0034677069787601997,0.0021673168617251,0.0013003901170351,0.013003901170350999,0.0112700476809709,0.0017338534893801,0.0021673168617251,0.000433463372345,0.0017338534893801,0.0021673168617251,0.0021673168617251,0.0,0.0086692674469007,0.0047680970957954,0.0039011703511053,0.0095361941915908,0.0047680970957954,0.0047680970957954,1076
2025-03-01,2025,3,0.7158818834796488,0.3092577813248204,0.4066241021548284,0.0051875498802873,0.0051875498802873,0.0,0.058659217877094896,0.0327214684756584,0.0259377494014365,0.0,0.0,0.0,0.0195530726256982,0.0079808459696727,0.0115722266560255,0.018754988028731,0.014365522745411,0.00438946528332,0.0003990422984836,0.0003990422984836,0.0,0.0015961691939345,0.0015961691939345,0.0,0.043096568236232896,0.0159616919393455,0.0271348762968874,0.0115722266560255,0.0115722266560255,0.0,0.0007980845969672,0.0007980845969672,0.0,0.057462090981643996,0.0426975259377494,0.0147645650438946,0.0315243415802074,0.0151636073423782,0.0163607342378292,0.0011971268954508,0.0003990422984836,0.0007980845969672,0.0051875498802871995,0.0039904229848363,0.0011971268954509,0.006384676775738099,0.0019952114924181,0.00438946528332,0.011173184357541801,0.0083798882681564,0.0027932960893854,0.0015961691939345001,0.0003990422984836,0.0011971268954509,0.0015961691939345,0.0015961691939345,0.0,0.0135674381484437,0.0063846767757382,0.0071827613727055,0.0055865921787708,0.0027932960893854,0.0027932960893854,1184
2025-04-01,2025,4,0.6871961102106969,0.2787682333873582,0.4084278768233387,0.0016207455429496,0.0008103727714748,0.0008103727714748,0.0518638573743921,0.0113452188006482,0.0405186385737439,0.0008103727714748,0.0,0.0008103727714748,0.021880064829821598,0.0121555915721231,0.0097244732576985,0.0194489465153969,0.0153970826580226,0.0040518638573743,0.0,0.0,0.0,0.0040518638573743,0.0032414910858995,0.0008103727714748,0.07455429497568869,0.0356564019448946,0.0388978930307941,0.012155591572122999,0.0113452188006482,0.0008103727714748,0.0016207455429497,0.0016207455429497,0.0,0.0534846029173419,0.0405186385737439,0.012965964343598,0.0251215559157211,0.0170178282009724,0.0081037277147487,0.0,0.0,0.0,0.0105348460291733,0.0040518638573743,0.006482982171799,0.0024311183144245,0.0008103727714748,0.0016207455429497,0.011345218800648201,0.0089141004862236,0.0024311183144246,0.0032414910858995,0.0,0.0032414910858995,0.0024311183144245,0.0016207455429497,0.0008103727714748,0.015397082658022601,0.0105348460291734,0.0048622366288492,0.0153970826580226,0.0072933549432739,0.0081037277147487,549
2025-05-01,2025,5,0.6270270270270268,0.2729729729729729,0.354054054054054,0.0045045045045045,0.0027027027027027,0.0018018018018018,0.0468468468468468,0.0099099099099099,0.0369369369369369,0.0,0.0,0.0,0.024324324324324298,0.0171171171171171,0.0072072072072072,0.0315315315315315,0.0297297297297297,0.0018018018018018,0.0027027027027027,0.0027027027027027,0.0,0.0009009009009009,0.0,0.0009009009009009,0.0783783783783783,0.0396396396396396,0.0387387387387387,0.0369369369369369,0.0369369369369369,0.0,0.0036036036036036,0.0036036036036036,0.0,0.057657657657657596,0.0414414414414414,0.0162162162162162,0.0207207207207207,0.0153153153153153,0.0054054054054054,0.0036036036036035998,0.0009009009009009,0.0027027027027027,0.009009009009009,0.0081081081081081,0.0009009009009009,0.0045045045045045,0.0045045045045045,0.0,0.038738738738738704,0.036036036036036,0.0027027027027027,0.0027027027027027003,0.0018018018018018,0.0009009009009009,0.0027027027027027,0.0027027027027027,0.0,0.0162162162162162,0.0099099099099099,0.0063063063063063,0.0081081081081081,0.0054054054054054,0.0027027027027027,576
2025-06-01,2025,6,0.6616654163540884,0.3450862715678919,0.3165791447861965,0.0030007501875468,0.0015003750937734,0.0015003750937734,0.042010502625656296,0.0097524381095273,0.032258064516129,0.0,0.0,0.0,0.0150037509377343,0.0097524381095273,0.005251312828207,0.0217554388597148,0.0202550637659414,0.0015003750937734,0.0015003750937734,0.0015003750937734,0.0,0.0015003750937734,0.0015003750937734,0.0,0.0705176294073517,0.0292573143285821,0.0412603150787696,0.0105026256564141,0.0105026256564141,0.0,0.0,0.0,0.0,0.075018754688672,0.0652663165791447,0.0097524381095273,0.0427606901725431,0.0315078769692423,0.0112528132033008,0.0015003750937734,0.0007501875468867,0.0007501875468867,0.0082520630157538,0.0060015003750937,0.0022505626406601,0.0060015003750937,0.0060015003750937,0.0,0.0180045011252812,0.0127531882970742,0.005251312828207,0.0015003750937734,0.0,0.0015003750937734,0.0052513128282070005,0.0045011252813203,0.0007501875468867,0.015753938484621102,0.0112528132033008,0.0045011252813203,0.0112528132033008,0.0075018754688672,0.0037509377344336,741
2025-07-01,2025,7,0.5899053627760251,0.2954784437434279,0.2944269190325972,0.0021030494216612997,0.001577287066246,0.0005257623554153,0.029968454258675,0.0036803364879074,0.0262881177707676,0.0005257623554153,0.0005257623554153,0.0,0.0257623554153521,0.0199789695057833,0.0057833859095688,0.030494216614090297,0.0236593059936908,0.0068349106203995,0.0005257623554153,0.0005257623554153,0.0,0.001577287066246,0.0010515247108307,0.0005257623554153,0.141955835962145,0.0778128286014721,0.0641430073606729,0.0084121976866456,0.0084121976866456,0.0,0.0010515247108307,0.0010515247108307,0.0,0.0683491062039957,0.0499474237644584,0.0184016824395373,0.06887486855941109,0.0425867507886435,0.0262881177707676,0.006309148264984099,0.0026288117770767,0.0036803364879074,0.0047318611987381,0.0036803364879074,0.0010515247108307,0.0042060988433228,0.0042060988433228,0.0,0.0099894847528916,0.0084121976866456,0.001577287066246,0.0005257623554153,0.0005257623554153,0.0,0.0052576235541534995,0.0042060988433228,0.0010515247108307,0.0126182965299683,0.0078864353312302,0.0047318611987381,0.0052576235541535,0.0031545741324921,0.0021030494216614,1031
2025-08-01,2025,8,0.6329479768786127,0.330635838150289,0.3023121387283237,0.0034682080924854,0.0011560693641618,0.0023121387283236,0.044508670520231094,0.0092485549132947,0.0352601156069364,0.0005780346820809,0.0005780346820809,0.0,0.0184971098265895,0.0127167630057803,0.0057803468208092,0.0497109826589595,0.0398843930635838,0.0098265895953757,0.0005780346820809,0.0005780346820809,0.0,0.0028901734104044997,0.0017341040462427,0.0011560693641618,0.0878612716763004,0.0369942196531791,0.0508670520231213,0.0063583815028901,0.0063583815028901,0.0,0.0011560693641618,0.0011560693641618,0.0,0.07341040462427739,0.0468208092485549,0.0265895953757225,0.0479768786127167,0.0312138728323699,0.0167630057803468,0.0023121387283236,0.0011560693641618,0.0011560693641618,0.0057803468208092006,0.0052023121387283,0.0005780346820809,0.0034682080924854997,0.0028901734104046,0.0005780346820809,0.0156069364161849,0.0121387283236994,0.0034682080924855,0.0023121387283236,0.0005780346820809,0.0017341040462427,0.0046242774566473,0.0034682080924855,0.0011560693641618,0.0156069364161849,0.0098265895953757,0.0057803468208092,0.012138728323699301,0.0046242774566473,0.007514450867052,918
2025-09-01,2025,9,0.4761904761904761,0.1428571428571428,0.3333333333333333,0.0238095238095238,0.0238095238095238,0.0,0.0,0.0,0.0,0.0,0.0,0.0,0.0,0.0,0.0,0.0,0.0,0.0,0.0,0.0,0.0,0.0,0.0,0.0,0.3571428571428571,0.3571428571428571,0.0,0.0,0.0,0.0,0.0,0.0,0.0,0.0476190476190476,0.0,0.0476190476190476,0.0,0.0,0.0,0.0,0.0,0.0,0.0,0.0,0.0,0.0238095238095238,0.0238095238095238,0.0,0.0,0.0,0.0,0.0,0.0,0.0,0.0,0.0,0.0,0.0238095238095238,0.0,0.0238095238095238,0.0238095238095238,0.0,0.0238095238095238,23
2025-10-01,2025,10,0.38888888888888884,0.0555555555555555,0.3333333333333333,0.0,0.0,0.0,0.0555555555555555,0.0555555555555555,0.0,0.0,0.0,0.0,0.0,0.0,0.0,0.0,0.0,0.0,0.0,0.0,0.0,0.0,0.0,0.0,0.3888888888888889,0.3888888888888889,0.0,0.0,0.0,0.0,0.0,0.0,0.0,0.111111111111111,0.0555555555555555,0.0555555555555555,0.0,0.0,0.0,0.0,0.0,0.0,0.0,0.0,0.0,0.0,0.0,0.0,0.0555555555555555,0.0555555555555555,0.0,0.0,0.0,0.0,0.0,0.0,0.0,0.0,0.0,0.0,0.0,0.0,0.0,11
2025-11-01,2025,11,0.0,0.0,0.0,0.0,0.0,0.0,0.0,0.0,0.0,0.0,0.0,0.0,0.0,0.0,0.0,0.0,0.0,0.0,0.0,0.0,0.0,0.0,0.0,0.0,1.0,1.0,0.0,0.0,0.0,0.0,0.0,0.0,0.0,0.0,0.0,0.0,0.0,0.0,0.0,0.0,0.0,0.0,0.0,0.0,0.0,0.0,0.0,0.0,0.0,0.0,0.0,0.0,0.0,0.0,0.0,0.0,0.0,0.0,0.0,0.0,0.0,0.0,0.0,3
2025-12-01,2025,12,,,,,,,,,,,,,,,,,,,,,,,,,,,,,,,,,,,,,,,,,,,,,,,,,,,,,,,,,,,,,,,,0
