date,year,month,-999Norm,cr_-999Norm,nr_-999Norm,activismNorm,cr_activismNorm,nr_activismNorm,arrestNorm,cr_arrestNorm,nr_arrestNorm,censorNorm,cr_censorNorm,nr_censorNorm,cooperateNorm,cr_cooperateNorm,nr_cooperateNorm,corruptionNorm,cr_corruptionNorm,nr_corruptionNorm,coupNorm,cr_coupNorm,nr_coupNorm,defamationcaseNorm,cr_defamationcaseNorm,nr_defamationcaseNorm,disasterNorm,cr_disasterNorm,nr_disasterNorm,electionactivityNorm,cr_electionactivityNorm,nr_electionactivityNorm,electionirregularitiesNorm,cr_electionirregularitiesNorm,nr_electionirregularitiesNorm,legalactionNorm,cr_legalactionNorm,nr_legalactionNorm,legalchangeNorm,cr_legalchangeNorm,nr_legalchangeNorm,martiallawNorm,cr_martiallawNorm,nr_martiallawNorm,mobilizesecurityNorm,cr_mobilizesecurityNorm,nr_mobilizesecurityNorm,protestNorm,cr_protestNorm,nr_protestNorm,purgeNorm,cr_purgeNorm,nr_purgeNorm,raidNorm,cr_raidNorm,nr_raidNorm,threatenNorm,cr_threatenNorm,nr_threatenNorm,violencelethalNorm,cr_violencelethalNorm,nr_violencelethalNorm,violencenonlethalNorm,cr_violencenonlethalNorm,nr_violencenonlethalNorm,total_articles
2012-01-01,2012,1,0.7417962003454232,0.1390328151986183,0.6027633851468048,0.003454231433506,0.0025906735751295,0.0008635578583765,0.052677029360967104,0.0077720207253886,0.0449050086355785,0.0008635578583765,0.0008635578583765,0.0,0.0224525043177892,0.0129533678756476,0.0094991364421416,0.0164075993091536,0.0120898100172711,0.0043177892918825,0.0,0.0,0.0,0.0,0.0,0.0,0.0164075993091536,0.0025906735751295,0.0138169257340241,0.005181347150259,0.005181347150259,0.0,0.0025906735751295,0.0025906735751295,0.0,0.056994818652849694,0.0233160621761658,0.0336787564766839,0.012089810017271099,0.0008635578583765,0.0112262521588946,0.0,0.0,0.0,0.003454231433506,0.0,0.003454231433506,0.028497409326424798,0.0189982728842832,0.0094991364421416,0.0129533678756476,0.0086355785837651,0.0043177892918825,0.001727115716753,0.0,0.001727115716753,0.003454231433506,0.001727115716753,0.001727115716753,0.0094991364421416,0.0,0.0094991364421416,0.0215889464594127,0.0086355785837651,0.0129533678756476,277
2012-02-01,2012,2,0.7377521613832851,0.1512968299711815,0.5864553314121037,0.0043227665706051,0.0028818443804034,0.0014409221902017,0.0295389048991354,0.0036023054755043,0.0259365994236311,0.0014409221902017,0.0014409221902017,0.0,0.015850144092218903,0.0086455331412103,0.0072046109510086,0.0136887608069163,0.0086455331412103,0.005043227665706,0.0014409221902017,0.0014409221902017,0.0,0.0,0.0,0.0,0.025936599423631,0.0007204610951008,0.0252161383285302,0.005043227665706,0.005043227665706,0.0,0.0021613832853025,0.0021613832853025,0.0,0.045389048991354305,0.0165706051873198,0.0288184438040345,0.014409221902017199,0.0028818443804034,0.0115273775216138,0.0021613832853024997,0.0007204610951008,0.0014409221902017,0.0036023054755043,0.0,0.0036023054755043,0.0576368876080691,0.0374639769452449,0.0201729106628242,0.0057636887608068,0.0043227665706051,0.0014409221902017,0.0014409221902016,0.0007204610951008,0.0007204610951008,0.005043227665706,0.0036023054755043,0.0014409221902017,0.0237752161383284,0.005043227665706,0.0187319884726224,0.0108069164265129,0.0057636887608069,0.005043227665706,358
2012-03-01,2012,3,0.7926829268292682,0.1723577235772357,0.6203252032520326,0.0024390243902439,0.0024390243902439,0.0,0.0365853658536585,0.008130081300813,0.0284552845528455,0.0008130081300813,0.0008130081300813,0.0,0.008130081300813,0.0040650406504065,0.0040650406504065,0.0048780487804878005,0.0040650406504065,0.0008130081300813,0.0,0.0,0.0,0.0,0.0,0.0,0.0203252032520325,0.0008130081300813,0.0195121951219512,0.0105691056910569,0.0097560975609756,0.0008130081300813,0.0048780487804878,0.0048780487804878,0.0,0.0333333333333333,0.008130081300813,0.0252032520325203,0.0203252032520325,0.0113821138211382,0.0089430894308943,0.0008130081300813,0.0008130081300813,0.0,0.0048780487804878005,0.0040650406504065,0.0008130081300813,0.0178861788617886,0.0097560975609756,0.008130081300813,0.0048780487804878,0.0024390243902439,0.0024390243902439,0.0,0.0,0.0,0.0073170731707317,0.0056910569105691,0.0016260162601626,0.020325203252032503,0.0032520325203252,0.0170731707317073,0.0121951219512195,0.0040650406504065,0.008130081300813,312
2012-04-01,2012,4,0.7638766519823788,0.1400881057268722,0.6237885462555066,0.0,0.0,0.0,0.0449339207048457,0.0096916299559471,0.0352422907488986,0.0,0.0,0.0,0.0229074889867841,0.013215859030837,0.0096916299559471,0.006167400881057199,0.0052863436123348,0.0008810572687224,0.0,0.0,0.0,0.0008810572687224,0.0008810572687224,0.0,0.0405286343612334,0.0096916299559471,0.0308370044052863,0.0052863436123348,0.0052863436123348,0.0,0.0,0.0,0.0,0.0352422907488986,0.0123348017621145,0.0229074889867841,0.0088105726872246,0.0052863436123348,0.0035242290748898,0.0,0.0,0.0,0.0017621145374448,0.0008810572687224,0.0008810572687224,0.0167400881057268,0.013215859030837,0.0035242290748898,0.006167400881057199,0.0052863436123348,0.0008810572687224,0.0044052863436123,0.0026431718061674,0.0017621145374449,0.0035242290748898,0.0035242290748898,0.0,0.0211453744493392,0.0,0.0211453744493392,0.024669603524229,0.0105726872246696,0.0140969162995594,263
2012-05-01,2012,5,0.7679814385150812,0.1221964423820572,0.645784996133024,0.0015467904098994,0.0015467904098994,0.0,0.045630317092033905,0.0061871616395978,0.0394431554524361,0.0,0.0,0.0,0.0092807424593967,0.0054137664346481,0.0038669760247486,0.0154679040989945,0.0061871616395978,0.0092807424593967,0.0007733952049497,0.0007733952049497,0.0,0.0,0.0,0.0,0.025522041763340997,0.0015467904098994,0.0239752513534416,0.0030935808197988,0.0023201856148491,0.0007733952049497,0.0,0.0,0.0,0.0479505027068831,0.0232018561484918,0.0247486465583913,0.011600928074245901,0.0030935808197989,0.008507347254447,0.0,0.0,0.0,0.0038669760247484995,0.0015467904098994,0.0023201856148491,0.0193348801237431,0.0123743232791956,0.0069605568445475,0.0092807424593966,0.0077339520494972,0.0015467904098994,0.0015467904098994,0.0,0.0015467904098994,0.0038669760247484995,0.0023201856148491,0.0015467904098994,0.0262954369682907,0.0030935808197989,0.0232018561484918,0.0154679040989945,0.0038669760247486,0.0116009280742459,256
2012-06-01,2012,6,0.7852664576802507,0.1410658307210031,0.6442006269592476,0.0023510971786833,0.0023510971786833,0.0,0.0564263322884011,0.0101880877742946,0.0462382445141065,0.0015673981191222,0.0007836990595611,0.0007836990595611,0.0109717868338557,0.0086206896551724,0.0023510971786833,0.0086206896551724,0.0054858934169279,0.0031347962382445,0.0031347962382445,0.0,0.0031347962382445,0.0007836990595611,0.0007836990595611,0.0,0.0384012539184952,0.0031347962382445,0.0352664576802507,0.0031347962382445,0.0031347962382445,0.0,0.0,0.0,0.0,0.0305642633228839,0.0094043887147335,0.0211598746081504,0.006269592476489,0.0031347962382445,0.0031347962382445,0.0015673981191222,0.0,0.0015673981191222,0.0031347962382444,0.0023510971786833,0.0007836990595611,0.010188087774294599,0.0070532915360501,0.0031347962382445,0.0062695924764889005,0.0047021943573667,0.0015673981191222,0.0031347962382445,0.0,0.0031347962382445,0.0031347962382444,0.0007836990595611,0.0023510971786833,0.0180250783699059,0.0031347962382445,0.0148902821316614,0.0148902821316614,0.006269592476489,0.0086206896551724,264
2012-07-01,2012,7,0.7686170212765957,0.113031914893617,0.6555851063829787,0.0033244680851063,0.0019946808510638,0.0013297872340425,0.0691489361702127,0.007313829787234,0.0618351063829787,0.0013297872340424,0.0006648936170212,0.0006648936170212,0.0086436170212765,0.0046542553191489,0.0039893617021276,0.006648936170212701,0.0046542553191489,0.0019946808510638,0.0,0.0,0.0,0.0,0.0,0.0,0.0192819148936169,0.0019946808510638,0.0172872340425531,0.0152925531914893,0.0126329787234042,0.0026595744680851,0.0019946808510638,0.0019946808510638,0.0,0.0299202127659573,0.0086436170212765,0.0212765957446808,0.0099734042553191,0.0019946808510638,0.0079787234042553,0.0006648936170212,0.0,0.0006648936170212,0.0019946808510637,0.0013297872340425,0.0006648936170212,0.0186170212765957,0.0113031914893617,0.007313829787234,0.0073138297872339005,0.0039893617021276,0.0033244680851063,0.0039893617021275005,0.0006648936170212,0.0033244680851063,0.0033244680851063,0.0019946808510638,0.0013297872340425,0.019281914893617,0.0026595744680851,0.0166223404255319,0.013297872340425402,0.0039893617021276,0.0093085106382978,275
2012-08-01,2012,8,0.7570621468926553,0.1172316384180791,0.6398305084745762,0.001412429378531,0.0,0.001412429378531,0.0677966101694915,0.0120056497175141,0.0557909604519774,0.0,0.0,0.0,0.0077683615819208,0.0042372881355932,0.0035310734463276,0.0091807909604519,0.0063559322033898,0.0028248587570621,0.0007062146892655,0.0007062146892655,0.0,0.0,0.0,0.0,0.0275423728813559,0.0021186440677966,0.0254237288135593,0.0035310734463276,0.0028248587570621,0.0007062146892655,0.0007062146892655,0.0007062146892655,0.0,0.0240112994350282,0.0098870056497175,0.0141242937853107,0.010593220338982901,0.0035310734463276,0.0070621468926553,0.001412429378531,0.0007062146892655,0.0007062146892655,0.0028248587570621,0.0028248587570621,0.0,0.0346045197740112,0.0218926553672316,0.0127118644067796,0.012711864406779601,0.0120056497175141,0.0007062146892655,0.0049435028248586,0.001412429378531,0.0035310734463276,0.0021186440677965,0.0007062146892655,0.001412429378531,0.0197740112994349,0.0049435028248587,0.0148305084745762,0.0148305084745762,0.0063559322033898,0.0084745762711864,294
2012-09-01,2012,9,0.7639455782312925,0.1108843537414966,0.6530612244897959,0.001360544217687,0.001360544217687,0.0,0.0489795918367346,0.0095238095238095,0.0394557823129251,0.001360544217687,0.001360544217687,0.0,0.010884353741496499,0.0068027210884353,0.0040816326530612,0.0088435374149659,0.0047619047619047,0.0040816326530612,0.0006802721088435,0.0,0.0006802721088435,0.0,0.0,0.0,0.0312925170068026,0.0040816326530612,0.0272108843537414,0.0197278911564625,0.0170068027210884,0.0027210884353741,0.0027210884353740996,0.0020408163265306,0.0006802721088435,0.0238095238095237,0.0115646258503401,0.0122448979591836,0.0129251700680271,0.0047619047619047,0.0081632653061224,0.0,0.0,0.0,0.002721088435374,0.001360544217687,0.001360544217687,0.021088435374149603,0.0183673469387755,0.0027210884353741,0.0122448979591836,0.0095238095238095,0.0027210884353741,0.002721088435374,0.001360544217687,0.001360544217687,0.0020408163265306,0.0020408163265306,0.0,0.0176870748299318,0.0054421768707482,0.0122448979591836,0.0210884353741495,0.0068027210884353,0.0142857142857142,317
2012-10-01,2012,10,0.7815942968243681,0.0874918988982501,0.6941023979261179,0.001296176279974,0.000648088139987,0.000648088139987,0.045366169799092596,0.001296176279974,0.0440699935191186,0.000648088139987,0.000648088139987,0.0,0.0090732339598184,0.0058327932598833,0.0032404406999351,0.0149060272197017,0.0084251458198314,0.0064808813998703,0.0038885288399222,0.0019442644199611,0.0019442644199611,0.0,0.0,0.0,0.0317563188593648,0.0051847051198963,0.0265716137394685,0.0019442644199609998,0.001296176279974,0.000648088139987,0.0,0.0,0.0,0.0317563188593648,0.0136098509397278,0.018146467919637,0.0162022034996758,0.0064808813998703,0.0097213220998055,0.000648088139987,0.0,0.000648088139987,0.001296176279974,0.000648088139987,0.000648088139987,0.025923525599481398,0.0168502916396629,0.0090732339598185,0.0045366169799092,0.0019442644199611,0.0025923525599481,0.001296176279974,0.0,0.001296176279974,0.0019442644199609998,0.000648088139987,0.001296176279974,0.01749837977965,0.0,0.01749837977965,0.0200907323395981,0.0077770576798444,0.0123136746597537,239
2012-11-01,2012,11,0.7597363690832833,0.1168364289994008,0.6428999400838825,0.0041941282204913,0.0041941282204913,0.0,0.038945476333133604,0.0047932893948472,0.0341521869382864,0.0005991611743559,0.0005991611743559,0.0,0.007789095266626699,0.0035949670461354,0.0041941282204913,0.0089874176153385,0.0065907729179149,0.0023966446974236,0.0,0.0,0.0,0.0023966446974236,0.0023966446974236,0.0,0.0365488316357099,0.005991611743559,0.0305572198921509,0.0005991611743559,0.0005991611743559,0.0,0.0,0.0,0.0,0.0431396045536248,0.0275614140203714,0.0155781905332534,0.0191731575793888,0.005991611743559,0.0131815458358298,0.0,0.0,0.0,0.0041941282204913,0.0023966446974236,0.0017974835230677,0.011983223487118,0.0041941282204913,0.0077890952666267,0.0125823846614739,0.0113840623127621,0.0011983223487118,0.0011983223487118,0.0,0.0011983223487118,0.0011983223487118,0.0005991611743559,0.0005991611743559,0.0401437986818453,0.0125823846614739,0.0275614140203714,0.0161773517076093,0.0071899340922708,0.0089874176153385,348
2012-12-01,2012,12,0.7818181818181817,0.1305194805194805,0.6512987012987013,0.0019480519480518,0.0012987012987012,0.0006493506493506,0.0402597402597401,0.0064935064935064,0.0337662337662337,0.0,0.0,0.0,0.0110389610389609,0.0071428571428571,0.0038961038961038,0.0168831168831168,0.0097402597402597,0.0071428571428571,0.0025974025974025,0.0019480519480519,0.0006493506493506,0.0,0.0,0.0,0.044155844155844,0.0077922077922077,0.0363636363636363,0.0012987012987012,0.0012987012987012,0.0,0.0,0.0,0.0,0.0298701298701298,0.0149350649350649,0.0149350649350649,0.0129870129870128,0.0012987012987012,0.0116883116883116,0.0006493506493506,0.0006493506493506,0.0,0.0019480519480519,0.0019480519480519,0.0,0.0188311688311687,0.0097402597402597,0.009090909090909,0.009090909090909,0.0058441558441558,0.0032467532467532,0.0019480519480519,0.0,0.0019480519480519,0.0,0.0,0.0,0.020129870129869998,0.0032467532467532,0.0168831168831168,0.018181818181818,0.0064935064935064,0.0116883116883116,310
2013-01-01,2013,1,0.805925030229746,0.1342200725513905,0.6717049576783555,0.0036275695284159,0.0030229746070133,0.0006045949214026,0.0344619105199515,0.0036275695284159,0.0308343409915356,0.0,0.0,0.0,0.010278113663845099,0.0054413542926239,0.0048367593712212,0.0151148730350664,0.0114873035066505,0.0036275695284159,0.0024183796856106,0.0024183796856106,0.0,0.0006045949214026,0.0,0.0006045949214026,0.017533252720677,0.0006045949214026,0.0169286577992744,0.0048367593712212,0.0042321644498186,0.0006045949214026,0.0024183796856106,0.0024183796856106,0.0,0.0272067714631196,0.0133010882708585,0.0139056831922611,0.015114873035066399,0.0042321644498186,0.0108827085852478,0.0,0.0,0.0,0.0012091898428052,0.0006045949214026,0.0006045949214026,0.0066505441354291995,0.0054413542926239,0.0012091898428053,0.0290205562273276,0.026602176541717,0.0024183796856106,0.0030229746070133,0.0,0.0030229746070133,0.0042321644498185,0.0024183796856106,0.0018137847642079,0.0163240628778717,0.0024183796856106,0.0139056831922611,0.0108827085852478,0.0048367593712212,0.0060459492140266,359
2013-02-01,2013,2,0.7842727905358385,0.1489213639526792,0.6353514265831594,0.0020876826722336997,0.0013917884481558,0.0006958942240779,0.036882393876130806,0.0034794711203897,0.0334029227557411,0.0006958942240779,0.0,0.0006958942240779,0.0139178844815587,0.0090466249130132,0.0048712595685455,0.0027835768963117,0.0027835768963117,0.0,0.0,0.0,0.0,0.0,0.0,0.0,0.0229645093945719,0.0006958942240779,0.022268615170494,0.009742519137091099,0.0090466249130132,0.0006958942240779,0.0006958942240779,0.0006958942240779,0.0,0.0389700765483645,0.0187891440501043,0.0201809324982602,0.0125260960334028,0.0048712595685455,0.0076548364648573,0.0,0.0,0.0,0.0013917884481558,0.0,0.0013917884481558,0.0111343075852469,0.0097425191370911,0.0013917884481558,0.0048712595685455,0.0034794711203897,0.0013917884481558,0.0020876826722338,0.0,0.0020876826722338,0.0041753653444676,0.0034794711203897,0.0006958942240779,0.0160055671537925,0.0041753653444676,0.0118302018093249,0.034098816979819,0.0139178844815588,0.0201809324982602,335
2013-03-01,2013,3,0.7841682127396413,0.1533704390847248,0.6307977736549165,0.0030921459492887,0.002473716759431,0.0006184291898577,0.037724180581323305,0.0055658627087198,0.0321583178726035,0.0012368583797155,0.0,0.0012368583797155,0.0185528756957327,0.0129870129870129,0.0055658627087198,0.005565862708719799,0.002473716759431,0.0030921459492888,0.0018552875695732,0.0018552875695732,0.0,0.0006184291898577,0.0,0.0006184291898577,0.0160791589363017,0.0018552875695732,0.0142238713667285,0.0074211502782931,0.0061842918985776,0.0012368583797155,0.0018552875695732,0.0018552875695732,0.0,0.0340136054421768,0.0148423005565862,0.0191713048855906,0.0123685837971552,0.0061842918985776,0.0061842918985776,0.0006184291898577,0.0,0.0006184291898577,0.0018552875695732,0.0018552875695732,0.0,0.018552875695732798,0.0173160173160173,0.0012368583797155,0.0111317254174396,0.0086580086580086,0.002473716759431,0.0018552875695732,0.0,0.0018552875695732,0.0061842918985776,0.0061842918985776,0.0,0.0129870129870129,0.0018552875695732,0.0111317254174397,0.0253555967841681,0.0092764378478664,0.0160791589363017,410
2013-04-01,2013,4,0.7778541953232462,0.1334250343878954,0.6444291609353507,0.0020632737276478,0.0020632737276478,0.0,0.0495185694635487,0.0082530949105914,0.0412654745529573,0.0,0.0,0.0,0.0130674002751031,0.0075653370013755,0.0055020632737276,0.0068775790921594,0.0034387895460797,0.0034387895460797,0.0006877579092159,0.0,0.0006877579092159,0.0,0.0,0.0,0.0254470426409903,0.0013755158184319,0.0240715268225584,0.0089408528198074,0.0075653370013755,0.0013755158184319,0.0013755158184319,0.0013755158184319,0.0,0.0220082530949105,0.0089408528198074,0.0130674002751031,0.0082530949105914,0.0013755158184319,0.0068775790921595,0.0,0.0,0.0,0.0041265474552956,0.0034387895460797,0.0006877579092159,0.0178817056396148,0.0089408528198074,0.0089408528198074,0.0055020632737275005,0.0034387895460797,0.0020632737276478,0.0027510316368638,0.0,0.0027510316368638,0.0027510316368637,0.0020632737276478,0.0006877579092159,0.0261348005502062,0.0082530949105914,0.0178817056396148,0.028198074277854097,0.014442916093535,0.0137551581843191,313
2013-05-01,2013,5,0.8078335373317013,0.1070991432068543,0.700734394124847,0.0030599755201958,0.0018359853121175,0.0012239902080783,0.03671970624235,0.0048959608323133,0.0318237454100367,0.0006119951040391,0.0006119951040391,0.0,0.0097919216646266,0.00734394124847,0.0024479804161566,0.0159118727050183,0.0085679314565483,0.00734394124847,0.0012239902080783,0.0012239902080783,0.0,0.0,0.0,0.0,0.0354957160342716,0.0042839657282741,0.0312117503059975,0.0091799265605874,0.0079559363525091,0.0012239902080783,0.0006119951040391,0.0006119951040391,0.0,0.022643818849449097,0.0134638922888616,0.0091799265605875,0.0128518971848225,0.0055079559363525,0.00734394124847,0.0,0.0,0.0,0.0030599755201957,0.0024479804161566,0.0006119951040391,0.011627906976744101,0.0079559363525091,0.003671970624235,0.0042839657282741,0.0024479804161566,0.0018359853121175,0.0012239902080783,0.0,0.0012239902080783,0.0024479804161566003,0.0018359853121175,0.0006119951040391,0.0171358629130966,0.0024479804161566,0.01468788249694,0.0159118727050182,0.0061199510403916,0.0097919216646266,294
2013-06-01,2013,6,0.8003533568904593,0.1230859835100117,0.6772673733804476,0.0005889281507656,0.0,0.0005889281507656,0.0400471142520612,0.0047114252061248,0.0353356890459364,0.0,0.0,0.0,0.0082449941107184,0.0047114252061248,0.0035335689045936,0.0100117785630152,0.0064782096584216,0.0035335689045936,0.0005889281507656,0.0,0.0005889281507656,0.0005889281507656,0.0005889281507656,0.0,0.0300353356890458,0.0047114252061248,0.025323910482921,0.0082449941107184,0.0082449941107184,0.0,0.0005889281507656,0.0005889281507656,0.0,0.028857479387514602,0.0135453474676089,0.0153121319199057,0.0212014134275617,0.0129564193168433,0.0082449941107184,0.0,0.0,0.0,0.0017667844522968002,0.0005889281507656,0.0011778563015312,0.0106007067137808,0.0070671378091872,0.0035335689045936,0.0070671378091872,0.005889281507656,0.0011778563015312,0.0011778563015312,0.0,0.0011778563015312,0.0017667844522968,0.0,0.0017667844522968,0.0123674911660777,0.002944640753828,0.0094228504122497,0.021790341578327398,0.0088339222614841,0.0129564193168433,339
2013-07-01,2013,7,0.7637006482027106,0.1084266352386564,0.6552740129640542,0.0017678255745432001,0.0011785503830288,0.0005892751915144,0.0441956393635827,0.0082498526812021,0.0359457866823806,0.0017678255745432001,0.0005892751915144,0.0011785503830288,0.0141426045963463,0.0094284030642309,0.0047142015321154,0.0111962286387742,0.0070713022981732,0.004124926340601,0.0029463759575721,0.0017678255745433,0.0011785503830288,0.0,0.0,0.0,0.024160282852091798,0.0029463759575721,0.0212139068945197,0.014142604596346399,0.0100176782557454,0.004124926340601,0.0005892751915144,0.0005892751915144,0.0,0.0453741897466116,0.0164997053624042,0.0288744843842074,0.0111962286387742,0.004124926340601,0.0070713022981732,0.0,0.0,0.0,0.0053034767236299005,0.0017678255745433,0.0035356511490866,0.021803182086034,0.0094284030642309,0.0123747790218031,0.0064820271066587005,0.0035356511490866,0.0029463759575721,0.0047142015321154,0.0,0.0047142015321154,0.0035356511490865,0.0005892751915144,0.0029463759575721,0.015321154979375199,0.0029463759575721,0.0123747790218031,0.0164997053624041,0.0058927519151443,0.0106069534472598,320
2013-08-01,2013,8,0.7666900913562895,0.1496837666900913,0.6170063246661982,0.0042164441321152,0.0021082220660576,0.0021082220660576,0.048489107519325204,0.0084328882642304,0.0400562192550948,0.0007027406886858,0.0,0.0007027406886858,0.0133520730850315,0.0098383696416022,0.0035137034434293,0.012649332396345601,0.0070274068868587,0.0056219255094869,0.0007027406886858,0.0,0.0007027406886858,0.0,0.0,0.0,0.0140548137737174,0.0,0.0140548137737174,0.0028109627547434,0.0028109627547434,0.0,0.0035137034434293,0.0035137034434293,0.0,0.0534082923401263,0.0224877020379479,0.0309205903021784,0.010541110330288001,0.0028109627547434,0.0077301475755446,0.0035137034434292,0.0007027406886858,0.0028109627547434,0.0035137034434292,0.0028109627547434,0.0007027406886858,0.010541110330288001,0.0077301475755446,0.0028109627547434,0.007730147575544501,0.0056219255094869,0.0021082220660576,0.0035137034434292998,0.0014054813773717,0.0021082220660576,0.0042164441321152,0.0021082220660576,0.0021082220660576,0.0196767392832044,0.0049191848208011,0.0147575544624033,0.0252986647926914,0.0182712579058327,0.0070274068868587,352
2013-09-01,2013,9,0.7711191335740071,0.1653429602888086,0.6057761732851985,0.0007220216606498,0.0007220216606498,0.0,0.03971119133574,0.0086642599277978,0.0310469314079422,0.0007220216606498,0.0007220216606498,0.0,0.0173285198555956,0.0115523465703971,0.0057761732851985,0.0158844765342959,0.0129963898916967,0.0028880866425992,0.0007220216606498,0.0,0.0007220216606498,0.0007220216606498,0.0007220216606498,0.0,0.019494584837545,0.0014440433212996,0.0180505415162454,0.052707581227436705,0.0490974729241877,0.003610108303249,0.007942238267148,0.007942238267148,0.0,0.035379061371841,0.0209386281588447,0.0144404332129963,0.0036101083032490005,0.0007220216606498,0.0028880866425992,0.0007220216606498,0.0,0.0007220216606498,0.0043321299638988,0.0021660649819494,0.0021660649819494,0.0050541516245486,0.0021660649819494,0.0028880866425992,0.0079422382671479,0.0043321299638989,0.003610108303249,0.0007220216606498,0.0,0.0007220216606498,0.0007220216606498,0.0007220216606498,0.0,0.0093862815884475,0.0028880866425992,0.0064981949458483,0.0173285198555955,0.0108303249097472,0.0064981949458483,406
2013-10-01,2013,10,0.7886347886347886,0.1483021483021483,0.6403326403326404,0.0027720027720026003,0.002079002079002,0.0006930006930006,0.0492030492030491,0.009009009009009,0.0401940401940401,0.0027720027720026003,0.0006930006930006,0.002079002079002,0.0159390159390158,0.0103950103950103,0.0055440055440055,0.0083160083160082,0.0027720027720027,0.0055440055440055,0.0,0.0,0.0,0.0006930006930006,0.0,0.0006930006930006,0.0242550242550241,0.0013860013860013,0.0228690228690228,0.0069300069300069,0.0069300069300069,0.0,0.002079002079002,0.002079002079002,0.0,0.0360360360360359,0.0124740124740124,0.0235620235620235,0.0090090090090089,0.0034650034650034,0.0055440055440055,0.0013860013860012,0.0006930006930006,0.0006930006930006,0.0041580041580039995,0.0006930006930006,0.0034650034650034,0.0124740124740124,0.009009009009009,0.0034650034650034,0.0124740124740124,0.0097020097020097,0.0027720027720027,0.0013860013860013,0.0,0.0013860013860013,0.0006930006930006,0.0,0.0006930006930006,0.011088011088011,0.0013860013860013,0.0097020097020097,0.0180180180180179,0.0048510048510048,0.0131670131670131,322
2013-11-01,2013,11,0.7925283522348232,0.1881254169446297,0.6044029352901935,0.000667111407605,0.0,0.000667111407605,0.0406937958639092,0.0066711140760507,0.0340226817878585,0.0033355570380252,0.0026684456304202,0.000667111407605,0.014676450967311499,0.0066711140760507,0.0080053368912608,0.0026684456304202,0.0013342228152101,0.0013342228152101,0.000667111407605,0.000667111407605,0.0,0.0,0.0,0.0,0.0206804536357571,0.0013342228152101,0.019346230820547,0.0026684456304201997,0.000667111407605,0.0020013342228152,0.0,0.0,0.0,0.0400266844563041,0.0253502334889926,0.0146764509673115,0.019346230820547,0.0060040026684456,0.0133422281521014,0.00133422281521,0.000667111407605,0.000667111407605,0.0013342228152101,0.0,0.0013342228152101,0.0160106737825216,0.0093395597064709,0.0066711140760507,0.0073382254836556,0.0046697798532354,0.0026684456304202,0.0053368912608405,0.0,0.0053368912608405,0.0033355570380253,0.0033355570380253,0.0,0.0186791194129418,0.0026684456304202,0.0160106737825216,0.0080053368912607,0.0026684456304202,0.0053368912608405,394
2013-12-01,2013,12,0.789073305670816,0.1348547717842323,0.6542185338865837,0.0,0.0,0.0,0.0670816044260027,0.0110650069156293,0.0560165975103734,0.0,0.0,0.0,0.0145228215767634,0.0089903181189488,0.0055325034578146,0.011756569847855999,0.0076071922544951,0.0041493775933609,0.0,0.0,0.0,0.0,0.0,0.0,0.0269709543568463,0.0020746887966804,0.0248962655601659,0.003457814661134,0.0013831258644536,0.0020746887966804,0.0,0.0,0.0,0.024204702627939,0.0076071922544951,0.0165975103734439,0.0117565698478561,0.0027662517289073,0.0089903181189488,0.0,0.0,0.0,0.0027662517289072,0.0013831258644536,0.0013831258644536,0.0152143845089902,0.0082987551867219,0.0069156293222683,0.0082987551867219,0.0069156293222683,0.0013831258644536,0.0020746887966804,0.0,0.0020746887966804,0.0027662517289072,0.0013831258644536,0.0013831258644536,0.0179806362378976,0.0048409405255878,0.0131396957123098,0.0110650069156292,0.0034578146611341,0.0076071922544951,286
2014-01-01,2014,1,0.7665745856353591,0.1374309392265193,0.6291436464088398,0.0,0.0,0.0,0.0628453038674032,0.0124309392265193,0.0504143646408839,0.0,0.0,0.0,0.0214088397790055,0.0165745856353591,0.0048342541436464,0.008977900552486099,0.0062154696132596,0.0027624309392265,0.0013812154696132,0.0006906077348066,0.0006906077348066,0.0013812154696132,0.0013812154696132,0.0,0.023480662983425302,0.0013812154696132,0.0220994475138121,0.0048342541436464,0.0048342541436464,0.0,0.0006906077348066,0.0006906077348066,0.0,0.0372928176795579,0.0172651933701657,0.0200276243093922,0.0048342541436463,0.0013812154696132,0.0034530386740331,0.0,0.0,0.0,0.0041436464088396,0.0020718232044198,0.0020718232044198,0.0158839779005524,0.0103591160220994,0.005524861878453,0.0082872928176794,0.0062154696132596,0.0020718232044198,0.0041436464088397,0.0006906077348066,0.0034530386740331,0.0013812154696132,0.0006906077348066,0.0006906077348066,0.024171270718232,0.0048342541436464,0.0193370165745856,0.0151933701657457,0.0089779005524861,0.0062154696132596,331
2014-02-01,2014,2,0.7472698907956319,0.1435257410296412,0.6037441497659907,0.000780031201248,0.000780031201248,0.0,0.0694227769110763,0.0132605304212168,0.0561622464898595,0.000780031201248,0.000780031201248,0.0,0.0124804992199688,0.0093603744149766,0.0031201248049922,0.016380655226209,0.0117004680187207,0.0046801872074883,0.000780031201248,0.0,0.000780031201248,0.000780031201248,0.0,0.000780031201248,0.0241809672386895,0.0031201248049922,0.0210608424336973,0.0085803432137285,0.0062402496099844,0.0023400936037441,0.0070202808112324,0.0070202808112324,0.0,0.0421216848673946,0.0273010920436817,0.0148205928237129,0.0132605304212168,0.0062402496099844,0.0070202808112324,0.0015600624024961,0.0,0.0015600624024961,0.000780031201248,0.0,0.000780031201248,0.014820592823712899,0.0085803432137285,0.0062402496099844,0.010140405616224599,0.0093603744149766,0.000780031201248,0.0031201248049922,0.0,0.0031201248049922,0.000780031201248,0.000780031201248,0.0,0.021060842433697297,0.0085803432137285,0.0124804992199688,0.0187207488299532,0.0062402496099844,0.0124804992199688,323
2014-03-01,2014,3,0.7406069364161849,0.1278901734104046,0.6127167630057804,0.0021676300578034,0.0014450867052023,0.0007225433526011,0.0664739884393063,0.0130057803468208,0.0534682080924855,0.0014450867052023,0.0014450867052023,0.0,0.0122832369942195,0.0072254335260115,0.005057803468208,0.0101156069364161,0.0028901734104046,0.0072254335260115,0.0014450867052023,0.0014450867052023,0.0,0.0014450867052022,0.0007225433526011,0.0007225433526011,0.015173410404624199,0.0014450867052023,0.0137283236994219,0.0317919075144508,0.0303468208092485,0.0014450867052023,0.0065028901734104,0.0065028901734104,0.0,0.0469653179190751,0.0310693641618497,0.0158959537572254,0.0151734104046242,0.0086705202312138,0.0065028901734104,0.0007225433526011,0.0,0.0007225433526011,0.0007225433526011,0.0007225433526011,0.0,0.017341040462427598,0.0137283236994219,0.0036127167630057,0.0021676300578034,0.0021676300578034,0.0,0.0,0.0,0.0,0.0007225433526011,0.0,0.0007225433526011,0.0151734104046242,0.0028901734104046,0.0122832369942196,0.01878612716763,0.0079479768786127,0.0108381502890173,358
2014-04-01,2014,4,0.8551859099804304,0.1174168297455968,0.7377690802348337,0.0,0.0,0.0,0.0332681017612524,0.0048923679060665,0.0283757338551859,0.0009784735812133,0.0,0.0009784735812133,0.0078277886497064,0.0048923679060665,0.0029354207436399,0.0078277886497064,0.0039138943248532,0.0039138943248532,0.0009784735812133,0.0009784735812133,0.0,0.0,0.0,0.0,0.011741682974559601,0.0019569471624266,0.009784735812133,0.005870841487279801,0.0048923679060665,0.0009784735812133,0.0,0.0,0.0,0.028375733855185797,0.0078277886497064,0.0205479452054794,0.0058708414872798,0.0029354207436399,0.0029354207436399,0.0,0.0,0.0,0.0039138943248532,0.0029354207436399,0.0009784735812133,0.0068493150684931,0.0039138943248532,0.0029354207436399,0.0058708414872798,0.0029354207436399,0.0029354207436399,0.0009784735812133,0.0,0.0009784735812133,0.0,0.0,0.0,0.0136986301369862,0.0068493150684931,0.0068493150684931,0.0146771037181995,0.0078277886497064,0.0068493150684931,175
2014-05-01,2014,5,0.840077071290944,0.1107899807321772,0.7292870905587668,0.0038535645472060997,0.0028901734104046,0.0009633911368015,0.033718689788053896,0.0077071290944123,0.0260115606936416,0.0028901734104046,0.0028901734104046,0.0,0.0086705202312137,0.0067437379576107,0.001926782273603,0.0028901734104045,0.0009633911368015,0.001926782273603,0.0,0.0,0.0,0.0,0.0,0.0,0.0183044315992292,0.0,0.0183044315992292,0.0057803468208092,0.0057803468208092,0.0,0.0,0.0,0.0,0.0183044315992292,0.0077071290944123,0.0105973025048169,0.0057803468208091,0.001926782273603,0.0038535645472061,0.001926782273603,0.001926782273603,0.0,0.001926782273603,0.0,0.001926782273603,0.0086705202312137,0.0067437379576107,0.001926782273603,0.0009633911368015,0.0009633911368015,0.0,0.001926782273603,0.0,0.001926782273603,0.0028901734104046,0.0028901734104046,0.0,0.0279383429672446,0.0028901734104046,0.02504816955684,0.0163776493256261,0.0038535645472061,0.01252408477842,172
2014-06-01,2014,6,0.8228782287822879,0.1051660516605166,0.7177121771217713,0.0018450184501844,0.0009225092250922,0.0009225092250922,0.03690036900369,0.003690036900369,0.033210332103321,0.0009225092250922,0.0,0.0009225092250922,0.0129151291512914,0.0064575645756457,0.0064575645756457,0.003690036900369,0.0,0.003690036900369,0.0,0.0,0.0,0.0,0.0,0.0,0.0212177121771217,0.007380073800738,0.0138376383763837,0.0,0.0,0.0,0.0009225092250922,0.0009225092250922,0.0,0.029520295202952,0.014760147601476,0.014760147601476,0.0055350553505534,0.0027675276752767,0.0027675276752767,0.0036900369003689,0.0009225092250922,0.0027675276752767,0.0009225092250922,0.0,0.0009225092250922,0.0129151291512914,0.0101476014760147,0.0027675276752767,0.0,0.0,0.0,0.0018450184501845,0.0,0.0018450184501845,0.0018450184501844,0.0009225092250922,0.0009225092250922,0.0230627306273062,0.011070110701107,0.0119926199261992,0.0202952029520294,0.0101476014760147,0.0101476014760147,190
2014-07-01,2014,7,0.8298642533936651,0.1031674208144796,0.7266968325791855,0.0054298642533936,0.004524886877828,0.0009049773755656,0.0352941176470587,0.0063348416289592,0.0289592760180995,0.0036199095022624,0.0027149321266968,0.0009049773755656,0.0099547511312216,0.0054298642533936,0.004524886877828,0.0081447963800904,0.0018099547511312,0.0063348416289592,0.0,0.0,0.0,0.0009049773755656,0.0009049773755656,0.0,0.020814479638009,0.0,0.020814479638009,0.0027149321266968,0.0018099547511312,0.0009049773755656,0.0009049773755656,0.0009049773755656,0.0,0.038009049773755604,0.0117647058823529,0.0262443438914027,0.0108597285067872,0.004524886877828,0.0063348416289592,0.0,0.0,0.0,0.0027149321266968,0.0009049773755656,0.0018099547511312,0.004524886877828,0.0036199095022624,0.0009049773755656,0.0018099547511312,0.0009049773755656,0.0009049773755656,0.0027149321266968,0.0,0.0027149321266968,0.0027149321266968,0.0018099547511312,0.0009049773755656,0.0162895927601809,0.0,0.0162895927601809,0.0099547511312217,0.0,0.0099547511312217,164
2014-08-01,2014,8,0.8375451263537906,0.0938628158844765,0.7436823104693141,0.0027075812274367003,0.0018050541516245,0.0009025270758122,0.0306859205776172,0.003610108303249,0.0270758122743682,0.0,0.0,0.0,0.0144404332129962,0.0072202166064981,0.0072202166064981,0.0090252707581226,0.0054151624548736,0.003610108303249,0.0,0.0,0.0,0.0,0.0,0.0,0.0216606498194944,0.003610108303249,0.0180505415162454,0.0027075812274368,0.0027075812274368,0.0,0.0,0.0,0.0,0.0379061371841155,0.0171480144404332,0.0207581227436823,0.0081227436823103,0.0045126353790613,0.003610108303249,0.0009025270758122,0.0009025270758122,0.0,0.0045126353790613,0.0027075812274368,0.0018050541516245,0.0090252707581226,0.0072202166064981,0.0018050541516245,0.0027075812274367003,0.0009025270758122,0.0018050541516245,0.003610108303249,0.0,0.003610108303249,0.0009025270758122,0.0009025270758122,0.0,0.0099277978339349,0.0018050541516245,0.0081227436823104,0.0108303249097472,0.0018050541516245,0.0090252707581227,168
2014-09-01,2014,9,0.8426862925482981,0.1002759889604415,0.7424103035878565,0.0027598896044157,0.0018399264029438,0.0009199632014719,0.0275988960441581,0.0018399264029438,0.0257589696412143,0.0009199632014719,0.0009199632014719,0.0,0.0183992640294387,0.0119595216191352,0.0064397424103035,0.0027598896044158,0.0,0.0027598896044158,0.0,0.0,0.0,0.0,0.0,0.0,0.013799448022079,0.0027598896044158,0.0110395584176632,0.0082796688132474,0.0082796688132474,0.0,0.0009199632014719,0.0009199632014719,0.0,0.0147194112235509,0.0036798528058877,0.0110395584176632,0.0036798528058877003,0.0009199632014719,0.0027598896044158,0.0009199632014719,0.0009199632014719,0.0,0.0009199632014719,0.0,0.0009199632014719,0.014719411223551,0.0091996320147194,0.0055197792088316,0.0064397424103034995,0.0036798528058877,0.0027598896044158,0.0027598896044157,0.0018399264029438,0.0009199632014719,0.0018399264029438,0.0,0.0018399264029438,0.012879484820607,0.0018399264029438,0.0110395584176632,0.022079116835326502,0.0064397424103035,0.015639374425023,171
2014-10-01,2014,10,0.8118440779610194,0.0997001499250374,0.712143928035982,0.0014992503748124,0.0007496251874062,0.0007496251874062,0.0194902548725636,0.0014992503748125,0.0179910044977511,0.0007496251874062,0.0,0.0007496251874062,0.0172413793103447,0.0074962518740629,0.0097451274362818,0.0082458770614691,0.0029985007496251,0.005247376311844,0.0,0.0,0.0,0.0007496251874062,0.0007496251874062,0.0,0.04047976011994,0.0172413793103448,0.0232383808095952,0.0127436281859069,0.0112443778110944,0.0014992503748125,0.0029985007496251,0.0029985007496251,0.0,0.026236881559220302,0.0104947526236881,0.0157421289355322,0.0164917541229384,0.0089955022488755,0.0074962518740629,0.0,0.0,0.0,0.0007496251874062,0.0007496251874062,0.0,0.0119940029985006,0.0082458770614692,0.0037481259370314,0.0022488755622187,0.0014992503748125,0.0007496251874062,0.0022488755622188,0.0,0.0022488755622188,0.0022488755622187,0.0014992503748125,0.0007496251874062,0.0157421289355321,0.0037481259370314,0.0119940029985007,0.012743628185906901,0.0029985007496251,0.0097451274362818,240
2014-11-01,2014,11,0.8344768439108062,0.1097770154373928,0.7246998284734134,0.0,0.0,0.0,0.020583190394511102,0.0034305317324185,0.0171526586620926,0.0017152658662092,0.0008576329331046,0.0008576329331046,0.013722126929674,0.0025728987993138,0.0111492281303602,0.0102915951972555,0.0060034305317324,0.0042881646655231,0.0008576329331046,0.0,0.0008576329331046,0.0008576329331046,0.0,0.0008576329331046,0.0171526586620925,0.0077186963979416,0.0094339622641509,0.0231560891938249,0.0205831903945111,0.0025728987993138,0.0017152658662092,0.0017152658662092,0.0,0.0291595197255574,0.0154373927958833,0.0137221269296741,0.0051457975986276,0.0025728987993138,0.0025728987993138,0.0,0.0,0.0,0.0017152658662092,0.0,0.0017152658662092,0.0051457975986277,0.0042881646655231,0.0008576329331046,0.012864493996569401,0.0085763293310463,0.0042881646655231,0.0034305317324184,0.0008576329331046,0.0025728987993138,0.0034305317324184,0.0017152658662092,0.0017152658662092,0.0102915951972555,0.0017152658662092,0.0085763293310463,0.0120068610634647,0.0025728987993138,0.0094339622641509,216
2014-12-01,2014,12,0.8587915818058384,0.1181262729124236,0.7406653088934148,0.0,0.0,0.0,0.0128988458927359,0.0020366598778004,0.0108621860149355,0.0,0.0,0.0,0.010183299389002,0.0020366598778004,0.0081466395112016,0.0074677528852680995,0.0054310930074677,0.0020366598778004,0.0,0.0,0.0,0.0006788866259334,0.0,0.0006788866259334,0.020366598778004,0.0054310930074677,0.0149355057705363,0.0176510522742701,0.0135777325186693,0.0040733197556008,0.0020366598778004,0.0020366598778004,0.0,0.015614392396469702,0.0040733197556008,0.0115410726408689,0.008825526137135001,0.0040733197556008,0.0047522063815342,0.0020366598778004,0.0020366598778004,0.0,0.0033944331296672002,0.0027155465037338,0.0006788866259334,0.0040733197556007,0.0033944331296673,0.0006788866259334,0.008825526137135,0.008825526137135,0.0,0.0020366598778003,0.0006788866259334,0.0013577732518669,0.0006788866259334,0.0,0.0006788866259334,0.0108621860149354,0.0020366598778004,0.008825526137135,0.0162932790224032,0.0061099796334012,0.010183299389002,266
2015-01-01,2015,1,0.8188529244747302,0.2038614423622941,0.6149914821124361,0.0,0.0,0.0,0.0141964792731402,0.002839295854628,0.0113571834185122,0.0011357183418512,0.0011357183418512,0.0,0.0153321976149914,0.0113571834185122,0.0039750141964792,0.012492901760363299,0.0107893242475865,0.0017035775127768,0.0096536059057353,0.0090857467348097,0.0005678591709256,0.0,0.0,0.0,0.0102214650766609,0.0022714366837024,0.0079500283929585,0.0437251561612719,0.0403180011357183,0.0034071550255536,0.002839295854628,0.002839295854628,0.0,0.0244179443498011,0.0153321976149914,0.0090857467348097,0.0079500283929584,0.002839295854628,0.0051107325383304,0.0011357183418512,0.0011357183418512,0.0,0.0034071550255536003,0.0022714366837024,0.0011357183418512,0.0056785917092561,0.0056785917092561,0.0,0.013060760931288998,0.0119250425894378,0.0011357183418512,0.0022714366837024,0.0,0.0022714366837024,0.0017035775127768,0.0,0.0017035775127768,0.006246450880181701,0.0005678591709256,0.0056785917092561,0.013060760931288901,0.0051107325383304,0.0079500283929585,563
2015-02-01,2015,2,0.8348002708192281,0.1469194312796208,0.6878808395396073,0.0,0.0,0.0,0.0243737305348678,0.0047393364928909,0.0196343940419769,0.0,0.0,0.0,0.0230196343940418,0.0101557210561949,0.0128639133378469,0.0209884901828028,0.0060934326337169,0.0148950575490859,0.0020311442112389,0.0,0.0020311442112389,0.0,0.0,0.0,0.011509817197020801,0.0013540961408259,0.0101557210561949,0.0094786729857818,0.0054163845633039,0.0040622884224779,0.0006770480704129,0.0006770480704129,0.0,0.0453622207176708,0.0115098171970209,0.0338524035206499,0.014895057549085801,0.0067704807041299,0.0081245768449559,0.0,0.0,0.0,0.0033852403520648,0.0020311442112389,0.0013540961408259,0.008801624915368799,0.0067704807041299,0.0020311442112389,0.0047393364928908,0.0040622884224779,0.0006770480704129,0.0013540961408259,0.0,0.0013540961408259,0.0006770480704129,0.0,0.0006770480704129,0.0047393364928908,0.0006770480704129,0.0040622884224779,0.0047393364928908,0.0013540961408259,0.0033852403520649,303
2015-03-01,2015,3,0.8291517323775388,0.1272401433691756,0.7019115890083633,0.001194743130227,0.0005973715651135,0.0005973715651135,0.018518518518518497,0.002389486260454,0.0161290322580645,0.001194743130227,0.001194743130227,0.0,0.02389486260454,0.0125448028673835,0.0113500597371565,0.020310633213859,0.010752688172043,0.009557945041816,0.001194743130227,0.0005973715651135,0.0005973715651135,0.0,0.0,0.0,0.0089605734767025,0.0,0.0089605734767025,0.0101553166069295,0.0101553166069295,0.0,0.0005973715651135,0.0005973715651135,0.0,0.041816009557945,0.014336917562724,0.027479091995221,0.0209080047789725,0.0089605734767025,0.01194743130227,0.001194743130227,0.001194743130227,0.0,0.001194743130227,0.0,0.001194743130227,0.0101553166069295,0.005973715651135,0.0041816009557945,0.005973715651135,0.003584229390681,0.002389486260454,0.0017921146953405,0.0,0.0017921146953405,0.0041816009557945,0.0017921146953405,0.002389486260454,0.004778972520908,0.0005973715651135,0.0041816009557945,0.005376344086021501,0.0029868578255675,0.002389486260454,332
2015-04-01,2015,4,0.8560561732007022,0.1211234640140433,0.7349327091866589,0.0017554125219426,0.0017554125219426,0.0,0.021064950263311802,0.0052662375658279,0.0157987126974839,0.0,0.0,0.0,0.021650087770626,0.008191925102399,0.013458162668227,0.0152135751901696,0.0099473376243417,0.0052662375658279,0.002925687536571,0.0011702750146284,0.0017554125219426,0.0005851375073142,0.0,0.0005851375073142,0.0122878876535985,0.0023405500292568,0.0099473376243417,0.008191925102399,0.0064365125804564,0.0017554125219426,0.0011702750146284,0.0011702750146284,0.0,0.0234055002925686,0.0111176126389701,0.0122878876535985,0.014043300175541201,0.0076067875950848,0.0064365125804564,0.0005851375073142,0.0,0.0005851375073142,0.002925687536571,0.0005851375073142,0.0023405500292568,0.0070216500877706,0.0064365125804564,0.0005851375073142,0.0058513750731421,0.0052662375658279,0.0005851375073142,0.0011702750146284,0.0,0.0011702750146284,0.0011702750146284,0.0005851375073142,0.0005851375073142,0.008191925102399,0.0,0.008191925102399,0.005851375073142,0.002925687536571,0.002925687536571,317
2015-05-01,2015,5,0.8345127925966249,0.1164942841589548,0.7180185084376701,0.0016330974414806,0.0016330974414806,0.0,0.0299401197604789,0.0070767555797495,0.0228633641807294,0.0005443658138268,0.0005443658138268,0.0,0.026129559063690702,0.0092542188350571,0.0168753402286336,0.020141535111594902,0.0092542188350571,0.0108873162765378,0.0005443658138268,0.0005443658138268,0.0,0.0,0.0,0.0,0.014697876973326,0.0027218290691344,0.0119760479041916,0.0059880239520956995,0.004899292324442,0.0010887316276537,0.0005443658138268,0.0005443658138268,0.0,0.0375612411540554,0.0092542188350571,0.0283070223189983,0.009798584648884,0.0059880239520958,0.0038105606967882,0.0005443658138268,0.0005443658138268,0.0,0.0010887316276537,0.0,0.0010887316276537,0.0076211213935764,0.0065323897659227,0.0010887316276537,0.0114316820903646,0.0087098530212302,0.0027218290691344,0.0005443658138268,0.0,0.0005443658138268,0.0016330974414806,0.0,0.0016330974414806,0.0054436581382688,0.0005443658138268,0.004899292324442,0.004354926510615,0.0016330974414806,0.0027218290691344,334
2015-06-01,2015,6,0.8641711229946524,0.1155080213903743,0.7486631016042781,0.0032085561497325,0.0026737967914438,0.0005347593582887,0.0149732620320854,0.002139037433155,0.0128342245989304,0.0,0.0,0.0,0.0294117647058822,0.0112299465240641,0.0181818181818181,0.0117647058823529,0.0053475935828877,0.0064171122994652,0.0005347593582887,0.0005347593582887,0.0,0.0,0.0,0.0,0.006951871657754,0.0,0.006951871657754,0.0117647058823528,0.009090909090909,0.0026737967914438,0.0010695187165775,0.0010695187165775,0.0,0.0294117647058822,0.0074866310160427,0.0219251336898395,0.0085561497326202,0.002139037433155,0.0064171122994652,0.0,0.0,0.0,0.002139037433155,0.0016042780748663,0.0005347593582887,0.0048128342245988,0.0042780748663101,0.0005347593582887,0.005882352941176399,0.0048128342245989,0.0010695187165775,0.0005347593582887,0.0,0.0005347593582887,0.0005347593582887,0.0005347593582887,0.0,0.0080213903743315,0.0016042780748663,0.0064171122994652,0.0032085561497325,0.0005347593582887,0.0026737967914438,315
2015-07-01,2015,7,0.8609302325581395,0.1167441860465116,0.7441860465116279,0.0023255813953488,0.0009302325581395,0.0013953488372093,0.016744186046511497,0.0046511627906976,0.0120930232558139,0.0004651162790697,0.0004651162790697,0.0,0.0241860465116278,0.0055813953488372,0.0186046511627906,0.006046511627906899,0.0037209302325581,0.0023255813953488,0.0004651162790697,0.0004651162790697,0.0,0.0,0.0,0.0,0.0065116279069766005,0.0004651162790697,0.0060465116279069,0.0297674418604651,0.0255813953488372,0.0041860465116279,0.0,0.0,0.0,0.0204651162790697,0.0083720930232558,0.0120930232558139,0.0051162790697673,0.001860465116279,0.0032558139534883,0.0009302325581395,0.0009302325581395,0.0,0.0009302325581395,0.0,0.0009302325581395,0.0023255813953487,0.0004651162790697,0.001860465116279,0.0083720930232557,0.0060465116279069,0.0023255813953488,0.0004651162790697,0.0,0.0004651162790697,0.001860465116279,0.0009302325581395,0.0009302325581395,0.0074418604651162006,0.0032558139534883,0.0041860465116279,0.0069767441860464,0.0037209302325581,0.0032558139534883,393
2015-08-01,2015,8,0.844106463878327,0.1383079847908745,0.7057984790874525,0.0023764258555132,0.0019011406844106,0.0004752851711026,0.016634980988593,0.0038022813688212,0.0128326996197718,0.0,0.0,0.0,0.022338403041825,0.0071292775665399,0.0152091254752851,0.0047528517110265,0.0009505703422053,0.0038022813688212,0.0,0.0,0.0,0.0,0.0,0.0,0.0080798479087452,0.0009505703422053,0.0071292775665399,0.05180608365019,0.0446768060836501,0.0071292775665399,0.0019011406844106,0.0019011406844106,0.0,0.026140684410646202,0.0099809885931558,0.0161596958174904,0.0038022813688212004,0.0014258555133079,0.0023764258555133,0.0,0.0,0.0,0.0023764258555132,0.0009505703422053,0.0014258555133079,0.0014258555133079,0.0009505703422053,0.0004752851711026,0.0071292775665399,0.0061787072243346,0.0009505703422053,0.0,0.0,0.0,0.0004752851711026,0.0,0.0004752851711026,0.0047528517110265,0.0004752851711026,0.0042775665399239,0.0038022813688212004,0.0014258555133079,0.0023764258555133,464
2015-09-01,2015,9,0.8477406679764243,0.1277013752455795,0.7200392927308448,0.0024557956777995,0.0019646365422396,0.0004911591355599,0.0166994106090373,0.0004911591355599,0.0162082514734774,0.0,0.0,0.0,0.0255402750491158,0.0083497053045186,0.0171905697445972,0.0093320235756384,0.0039292730844793,0.0054027504911591,0.0004911591355599,0.0,0.0004911591355599,0.0019646365422396,0.0014734774066797,0.0004911591355599,0.0073673870333987,0.0009823182711198,0.0063850687622789,0.0078585461689586,0.005893909626719,0.0019646365422396,0.0004911591355599,0.0004911591355599,0.0,0.039292730844793705,0.018664047151277,0.0206286836935167,0.014243614931237599,0.005893909626719,0.0083497053045186,0.0,0.0,0.0,0.0019646365422396,0.0009823182711198,0.0009823182711198,0.005893909626719,0.0054027504911591,0.0004911591355599,0.0039292730844793,0.0024557956777996,0.0014734774066797,0.0009823182711198,0.0,0.0009823182711198,0.0009823182711198,0.0004911591355599,0.0004911591355599,0.0098231827111983,0.0009823182711198,0.0088408644400785,0.0122789783889979,0.0034381139489194,0.0088408644400785,376
2015-10-01,2015,10,0.8271543086172344,0.1212424849699398,0.7059118236472945,0.0040080160320639996,0.001503006012024,0.00250501002004,0.0290581162324648,0.0050100200400801,0.0240480961923847,0.0,0.0,0.0,0.033066132264529,0.0070140280561122,0.0260521042084168,0.0115230460921843,0.0080160320641282,0.0035070140280561,0.0,0.0,0.0,0.000501002004008,0.0,0.000501002004008,0.0130260521042083,0.002004008016032,0.0110220440881763,0.0065130260521041,0.0045090180360721,0.002004008016032,0.000501002004008,0.000501002004008,0.0,0.039078156312625095,0.0120240480961923,0.0270541082164328,0.0145290581162324,0.0045090180360721,0.0100200400801603,0.0,0.0,0.0,0.001002004008016,0.000501002004008,0.000501002004008,0.005511022044088,0.00250501002004,0.003006012024048,0.005511022044088,0.00250501002004,0.003006012024048,0.000501002004008,0.0,0.000501002004008,0.0,0.0,0.0,0.0100200400801602,0.001002004008016,0.0090180360721442,0.0080160320641282,0.001503006012024,0.0065130260521042,337
2015-11-01,2015,11,0.8251099169516364,0.099658036150464,0.7254518808011724,0.0014655593551537,0.0009770395701025,0.0004885197850512,0.023448949682462,0.0029311187103077,0.0205178309721543,0.0,0.0,0.0,0.0356619443087444,0.008304836345872,0.0273571079628724,0.0112359550561797,0.0073277967757694,0.0039081582804103,0.0,0.0,0.0,0.0009770395701024,0.0004885197850512,0.0004885197850512,0.0175867122618465,0.0048851978505129,0.0127015144113336,0.0034196384953589,0.0029311187103077,0.0004885197850512,0.0004885197850512,0.0004885197850512,0.0,0.030776746458231398,0.0097703957010258,0.0210063507572056,0.0214948705422569,0.0068392769907181,0.0146555935515388,0.001954079140205,0.0014655593551538,0.0004885197850512,0.0029311187103076,0.0019540791402051,0.0009770395701025,0.0058622374206154,0.0039081582804103,0.0019540791402051,0.0058622374206153995,0.0043966780654616,0.0014655593551538,0.0014655593551537,0.0004885197850512,0.0009770395701025,0.001954079140205,0.0004885197850512,0.0014655593551538,0.0073277967757693,0.0004885197850512,0.0068392769907181,0.0097703957010258,0.003419638495359,0.0063507572056668,319
2015-12-01,2015,12,0.8447444551591127,0.0896817743490838,0.7550626808100289,0.0009643201542912,0.0009643201542912,0.0,0.0236258437801349,0.0053037608486017,0.0183220829315332,0.0004821600771456,0.0,0.0004821600771456,0.022179363548698,0.0072324011571841,0.0149469623915139,0.010607521697203401,0.0057859209257473,0.0048216007714561,0.0009643201542912,0.0004821600771456,0.0004821600771456,0.0004821600771456,0.0004821600771456,0.0,0.014464802314368301,0.0014464802314368,0.0130183220829315,0.0053037608486017004,0.0048216007714561,0.0004821600771456,0.0004821600771456,0.0004821600771456,0.0,0.0221793635486981,0.0091610414657666,0.0130183220829315,0.01976856316297,0.0057859209257473,0.0139826422372227,0.0009643201542912,0.0004821600771456,0.0004821600771456,0.0019286403085824,0.0004821600771456,0.0014464802314368,0.014464802314368301,0.0081967213114754,0.0062680810028929,0.0057859209257472,0.0033751205400192,0.002410800385728,0.0009643201542912,0.0,0.0009643201542912,0.0004821600771456,0.0004821600771456,0.0,0.007714561234329701,0.0004821600771456,0.0072324011571841,0.0096432015429122,0.0014464802314368,0.0081967213114754,295
2016-01-01,2016,1,0.8483790523690772,0.1182044887780548,0.7301745635910224,0.0029925187032418003,0.0019950124688279,0.0009975062344139,0.025436408977556002,0.0029925187032418,0.0224438902743142,0.0,0.0,0.0,0.023441396508728098,0.0064837905236907,0.0169576059850374,0.013466334164588499,0.0054862842892768,0.0079800498753117,0.0,0.0,0.0,0.0004987531172069,0.0,0.0004987531172069,0.0094763092269326,0.0,0.0094763092269326,0.0049875311720697,0.0029925187032418,0.0019950124688279,0.0,0.0,0.0,0.0384039900249376,0.0109725685785536,0.027431421446384,0.011471321695760501,0.0059850374064837,0.0054862842892768,0.0009975062344139,0.0009975062344139,0.0,0.0019950124688278,0.0009975062344139,0.0009975062344139,0.0019950124688278,0.0014962593516209,0.0004987531172069,0.004488778054862801,0.0019950124688279,0.0024937655860349,0.0014962593516208,0.0004987531172069,0.0009975062344139,0.0014962593516209,0.0,0.0014962593516209,0.010972568578553499,0.0034912718204488,0.0074812967581047,0.006483790523690599,0.0034912718204488,0.0029925187032418,329
2016-02-01,2016,2,0.8456883509833585,0.1210287443267776,0.7246596066565809,0.0040342914775592,0.0030257186081694,0.0010085728693898,0.021684316691880902,0.0030257186081694,0.0186585980837115,0.0005042864346949,0.0005042864346949,0.0,0.030257186081694303,0.0115985879979828,0.0186585980837115,0.0115985879979827,0.005042864346949,0.0065557236510337,0.0,0.0,0.0,0.0,0.0,0.0,0.014624306606152201,0.0010085728693898,0.0136157337367624,0.0035300050428643,0.0025214321734745,0.0010085728693898,0.0005042864346949,0.0,0.0005042864346949,0.038830055471507696,0.0100857286938981,0.0287443267776096,0.010085728693898,0.0035300050428643,0.0065557236510337,0.0015128593040847,0.0015128593040847,0.0,0.0005042864346949,0.0,0.0005042864346949,0.0085728693898133,0.0070600100857286,0.0015128593040847,0.005042864346949,0.0030257186081694,0.0020171457387796,0.0010085728693898,0.0,0.0010085728693898,0.0015128593040847002,0.0005042864346949,0.0010085728693898,0.0085728693898133,0.0015128593040847,0.0070600100857286,0.0025214321734745,0.0005042864346949,0.0020171457387796,338
2016-03-01,2016,3,0.8608617594254936,0.0879712746858168,0.7728904847396768,0.0022441651705564997,0.0013464991023339,0.0008976660682226,0.0219928186714542,0.0008976660682226,0.0210951526032316,0.0004488330341113,0.0,0.0004488330341113,0.023339317773787997,0.0040394973070017,0.0192998204667863,0.0089766606822261,0.0053859964093357,0.0035906642728904,0.0013464991023339,0.0,0.0013464991023339,0.0,0.0,0.0,0.010771992818671399,0.0013464991023339,0.0094254937163375,0.0017953321364452,0.0013464991023339,0.0004488330341113,0.0,0.0,0.0,0.031867145421903,0.0094254937163375,0.0224416517055655,0.0085278276481148,0.0049371633752244,0.0035906642728904,0.0004488330341113,0.0004488330341113,0.0,0.0031418312387791,0.0022441651705565,0.0008976660682226,0.005834829443447,0.0053859964093357,0.0004488330341113,0.0058348294434469004,0.0035906642728904,0.0022441651705565,0.0004488330341113,0.0,0.0004488330341113,0.0026929982046678,0.0013464991023339,0.0013464991023339,0.006732495511669601,0.0013464991023339,0.0053859964093357,0.0089766606822261,0.0017953321364452,0.0071813285457809,288
2016-04-01,2016,4,0.8830055471507816,0.1200201714573878,0.7629853756933939,0.0010085728693898,0.0010085728693898,0.0,0.0242057488653555,0.0015128593040847,0.0226928895612708,0.0,0.0,0.0,0.0257186081694401,0.0070600100857286,0.0186585980837115,0.005042864346949,0.0040342914775592,0.0010085728693898,0.0,0.0,0.0,0.0005042864346949,0.0,0.0005042864346949,0.0090771558245083,0.0005042864346949,0.0085728693898134,0.0025214321734745,0.0015128593040847,0.0010085728693898,0.0005042864346949,0.0,0.0005042864346949,0.0166414523449318,0.0060514372163388,0.010590015128593,0.010590015128592999,0.0025214321734745,0.0080685829551185,0.0015128593040847,0.0015128593040847,0.0,0.0010085728693898,0.0,0.0010085728693898,0.0030257186081694,0.0025214321734745,0.0005042864346949,0.0020171457387796,0.0010085728693898,0.0010085728693898,0.0010085728693898,0.0005042864346949,0.0005042864346949,0.0020171457387796,0.0015128593040847,0.0005042864346949,0.0085728693898133,0.0020171457387796,0.0065557236510337,0.0070600100857286,0.0015128593040847,0.0055471507816439,300
2016-05-01,2016,5,0.8410623946037099,0.1011804384485666,0.7398819561551433,0.0021079258010117,0.0016863406408094,0.0004215851602023,0.0189713322091061,0.0033726812816188,0.0155986509274873,0.0,0.0,0.0,0.024030354131534398,0.0054806070826306,0.0185497470489038,0.0075885328836424,0.0033726812816188,0.0042158516020236,0.0,0.0,0.0,0.0,0.0,0.0,0.050590219224283195,0.0231871838111298,0.0274030354131534,0.0021079258010118,0.0021079258010118,0.0,0.0,0.0,0.0,0.0219224283305227,0.0096964586846543,0.0122259696458684,0.00716694772344,0.0016863406408094,0.0054806070826306,0.001264755480607,0.0004215851602023,0.0008431703204047,0.001264755480607,0.0004215851602023,0.0008431703204047,0.0046374367622258,0.0033726812816188,0.001264755480607,0.0050590219224283,0.0029510961214165,0.0021079258010118,0.0008431703204047,0.0,0.0008431703204047,0.0016863406408092999,0.001264755480607,0.0004215851602023,0.00716694772344,0.0004215851602023,0.0067453625632377,0.005902192242832899,0.001264755480607,0.0046374367622259,377
2016-06-01,2016,6,0.8505846686877436,0.1173668254655695,0.7332178432221741,0.0034647033347768,0.0017323516673884,0.0017323516673884,0.0168904287570376,0.0034647033347769,0.0134257254222607,0.0004330879168471,0.0004330879168471,0.0,0.030749242096145497,0.0047639670853183,0.0259852750108272,0.0086617583369423,0.003897791251624,0.0047639670853183,0.0004330879168471,0.0,0.0004330879168471,0.0,0.0,0.0,0.0203551320918145,0.0051970550021654,0.0151580770896491,0.0030316154179297,0.0012992637505413,0.0017323516673884,0.0,0.0,0.0,0.0238198354265916,0.0064963187527068,0.0173235166738848,0.0168904287570376,0.0077955825032481,0.0090948462537895,0.0008661758336942,0.0004330879168471,0.0004330879168471,0.0025985275010827,0.0004330879168471,0.0021654395842356,0.0116933737548721,0.0082286704200952,0.0034647033347769,0.0025985275010826,0.0008661758336942,0.0017323516673884,0.0012992637505413,0.0,0.0012992637505413,0.0012992637505413,0.0012992637505413,0.0,0.0060632308358596005,0.0012992637505413,0.0047639670853183,0.0051970550021653,0.0017323516673884,0.0034647033347769,379
2016-07-01,2016,7,0.8461203138622494,0.1011333914559721,0.7449869224062773,0.002615518744551,0.001743679163034,0.000871839581517,0.020052310374891,0.004359197907585,0.015693112467306,0.0,0.0,0.0,0.031386224934611996,0.00871839581517,0.022667829119442,0.012205754141238,0.004359197907585,0.007846556233653,0.0004359197907585,0.0004359197907585,0.0,0.0004359197907585,0.0004359197907585,0.0,0.011333914559721001,0.0013077593722755,0.0100261551874455,0.0030514385353095,0.001743679163034,0.0013077593722755,0.000871839581517,0.000871839581517,0.0,0.033129904097646,0.010462074978204,0.022667829119442,0.013949433304272,0.0047951176983435,0.0091543156059285,0.0013077593722755,0.000871839581517,0.0004359197907585,0.0,0.0,0.0,0.0117698343504795,0.0091543156059285,0.002615518744551,0.0030514385353095,0.001743679163034,0.0013077593722755,0.000871839581517,0.0,0.000871839581517,0.0013077593722755,0.000871839581517,0.0004359197907585,0.008718395815170001,0.000871839581517,0.007846556233653,0.006974716652136,0.002615518744551,0.004359197907585,349
2016-08-01,2016,8,0.8548451950140731,0.0924809006835544,0.7623642943305187,0.0008041817450742,0.0004020908725371,0.0004020908725371,0.016887816646562002,0.0016083634901487,0.0152794531564133,0.0004020908725371,0.0004020908725371,0.0,0.025331724969843098,0.0080418174507438,0.0172899075190993,0.012062726176115701,0.0044229995979091,0.0076397265782066,0.0004020908725371,0.0004020908725371,0.0,0.0012062726176114,0.0008041817450743,0.0004020908725371,0.010454362685966901,0.0004020908725371,0.0100522718134298,0.0052271813429833995,0.0036188178528347,0.0016083634901487,0.0004020908725371,0.0004020908725371,0.0,0.0305589063128266,0.0092480900683554,0.0213108162444712,0.0184961801367108,0.006433453960595,0.0120627261761158,0.0012062726176115,0.0012062726176115,0.0,0.002412545235223,0.0012062726176115,0.0012062726176115,0.006031363088057799,0.0048250904704463,0.0012062726176115,0.0036188178528345997,0.0024125452352231,0.0012062726176115,0.0004020908725371,0.0,0.0004020908725371,0.0008041817450743,0.0008041817450743,0.0,0.0100522718134297,0.0024125452352231,0.0076397265782066,0.0096501809408925,0.0032167269802975,0.006433453960595,349
2016-09-01,2016,9,0.8465835840137517,0.0984099699183498,0.7481736140954018,0.0008594757198108,0.0004297378599054,0.0004297378599054,0.0257842715943274,0.0017189514396218,0.0240653201547056,0.0004297378599054,0.0,0.0004297378599054,0.029222174473571,0.0064460678985818,0.0227761065749892,0.0107434464976363,0.0021486892995272,0.0085947571981091,0.0004297378599054,0.0004297378599054,0.0,0.0,0.0,0.0,0.0128921357971637,0.0017189514396218,0.0111731843575419,0.0042973785990545,0.0025784271594327,0.0017189514396218,0.0,0.0,0.0,0.0309411259131928,0.0081650193382036,0.0227761065749892,0.0146110872367855,0.0038676407391491,0.0107434464976364,0.0004297378599054,0.0004297378599054,0.0,0.0017189514396217,0.0004297378599054,0.0012892135797163,0.00472711645896,0.0030081650193382,0.0017189514396218,0.0021486892995272,0.0004297378599054,0.0017189514396218,0.0004297378599054,0.0,0.0004297378599054,0.0004297378599054,0.0,0.0004297378599054,0.011602922217447301,0.0017189514396218,0.0098839707778255,0.0107434464976363,0.0034379028792436,0.0073055436183927,311
2016-10-01,2016,10,0.8627689809175803,0.0978481526593585,0.7649208282582217,0.000812017864393,0.000812017864393,0.0,0.0166463662200567,0.002436053593179,0.0142103126268777,0.0004060089321965,0.0004060089321965,0.0,0.029638652050345,0.0109622411693057,0.0186764108810393,0.00812017864393,0.004060089321965,0.004060089321965,0.0,0.0,0.0,0.0,0.0,0.0,0.0105562322371091,0.0020300446609825,0.0085261875761266,0.0028420625253755003,0.0020300446609825,0.000812017864393,0.0004060089321965,0.0004060089321965,0.0,0.025984571660576404,0.0081201786439301,0.0178643930166463,0.013804303694681101,0.0044660982541615,0.0093382054405196,0.000812017864393,0.000812017864393,0.0,0.0020300446609825,0.000812017864393,0.0012180267965895,0.0069021518473405,0.003248071457572,0.0036540803897685,0.003248071457572,0.0020300446609825,0.0012180267965895,0.0,0.0,0.0,0.0012180267965895,0.0,0.0012180267965895,0.0093382054405196,0.0020300446609825,0.0073081607795371,0.0105562322371091,0.003248071457572,0.0073081607795371,352
2016-11-01,2016,11,0.8696043165467625,0.102068345323741,0.7675359712230215,0.001798561151079,0.0013489208633093,0.0004496402877697,0.0202338129496402,0.0013489208633093,0.0188848920863309,0.0008992805755395,0.0008992805755395,0.0,0.0179856115107913,0.0053956834532374,0.0125899280575539,0.0089928057553956,0.0044964028776978,0.0044964028776978,0.0008992805755395,0.0008992805755395,0.0,0.0004496402877697,0.0004496402877697,0.0,0.0076438848920862,0.0008992805755395,0.0067446043165467,0.0044964028776977,0.0035971223021582,0.0008992805755395,0.0,0.0,0.0,0.0287769784172661,0.0116906474820143,0.0170863309352518,0.0197841726618704,0.0062949640287769,0.0134892086330935,0.0008992805755395,0.0008992805755395,0.0,0.0013489208633093,0.0,0.0013489208633093,0.0089928057553956,0.0049460431654676,0.004046762589928,0.0017985611510791,0.0017985611510791,0.0,0.0,0.0,0.0,0.0008992805755394,0.0004496402877697,0.0004496402877697,0.0062949640287769,0.0013489208633093,0.0049460431654676,0.0035971223021582,0.0017985611510791,0.0017985611510791,330
2016-12-01,2016,12,0.8709016393442622,0.1157786885245901,0.7551229508196722,0.0030737704918031997,0.002561475409836,0.0005122950819672,0.0143442622950819,0.0020491803278688,0.0122950819672131,0.0,0.0,0.0,0.022028688524590098,0.0056352459016393,0.0163934426229508,0.0066598360655737,0.002561475409836,0.0040983606557377,0.0005122950819672,0.0005122950819672,0.0,0.0005122950819672,0.0,0.0005122950819672,0.010245901639344199,0.0015368852459016,0.0087090163934426,0.0020491803278688,0.0015368852459016,0.0005122950819672,0.0010245901639344,0.0010245901639344,0.0,0.0174180327868851,0.0071721311475409,0.0102459016393442,0.017930327868852403,0.0061475409836065,0.0117827868852459,0.0,0.0,0.0,0.0010245901639344,0.0005122950819672,0.0005122950819672,0.012295081967213,0.0035860655737704,0.0087090163934426,0.0040983606557377,0.0040983606557377,0.0,0.0010245901639344,0.0,0.0010245901639344,0.0035860655737704,0.0010245901639344,0.002561475409836,0.0076844262295081,0.0015368852459016,0.0061475409836065,0.0066598360655737,0.0020491803278688,0.0046106557377049,308
2017-01-01,2017,1,0.8589269195189638,0.1174838112858464,0.7414431082331174,0.0009250693802035,0.0009250693802035,0.0,0.0217391304347825,0.0023126734505087,0.0194264569842738,0.0,0.0,0.0,0.0231267345050878,0.0064754856614246,0.0166512488436632,0.0050878815911193,0.0032377428307123,0.001850138760407,0.0009250693802035,0.0009250693802035,0.0,0.0,0.0,0.0,0.0138760407030526,0.0027752081406105,0.0111008325624421,0.0050878815911193,0.0032377428307123,0.001850138760407,0.0009250693802035,0.0009250693802035,0.0,0.018963922294172,0.0050878815911193,0.0138760407030527,0.020814061054579,0.0101757631822386,0.0106382978723404,0.0004625346901017,0.0,0.0004625346901017,0.0013876040703052,0.0009250693802035,0.0004625346901017,0.012488436632747398,0.0083256244218316,0.0041628122109158,0.0041628122109158006,0.0032377428307123,0.0009250693802035,0.0009250693802034,0.0004625346901017,0.0004625346901017,0.0013876040703052,0.0009250693802035,0.0004625346901017,0.006938020351526301,0.0004625346901017,0.0064754856614246,0.0041628122109157,0.0013876040703052,0.0027752081406105,363
2017-02-01,2017,2,0.846046511627907,0.1186046511627907,0.7274418604651163,0.0027906976744186,0.0027906976744186,0.0,0.0311627906976744,0.0069767441860465,0.0241860465116279,0.0004651162790697,0.0004651162790697,0.0,0.0283720930232557,0.007906976744186,0.0204651162790697,0.0102325581395348,0.0041860465116279,0.0060465116279069,0.0009302325581394,0.0004651162790697,0.0004651162790697,0.0004651162790697,0.0,0.0004651162790697,0.012093023255813901,0.0037209302325581,0.0083720930232558,0.0051162790697674,0.0051162790697674,0.0,0.0,0.0,0.0,0.0209302325581395,0.0083720930232558,0.0125581395348837,0.0111627906976744,0.0041860465116279,0.0069767441860465,0.0004651162790697,0.0,0.0004651162790697,0.0009302325581394,0.0004651162790697,0.0004651162790697,0.013023255813953399,0.0106976744186046,0.0023255813953488,0.0055813953488372,0.0041860465116279,0.0013953488372093,0.0009302325581395,0.0,0.0009302325581395,0.0027906976744184997,0.0004651162790697,0.0023255813953488,0.0046511627906976,0.0023255813953488,0.0023255813953488,0.009767441860465,0.0037209302325581,0.0060465116279069,389
2017-03-01,2017,3,0.817717206132879,0.1554514480408858,0.6622657580919932,0.002129471890971,0.0017035775127768,0.0004258943781942,0.0387563884156729,0.0055366269165247,0.0332197614991482,0.0,0.0,0.0,0.0340715502555365,0.0106473594548551,0.0234241908006814,0.008517887563884101,0.002129471890971,0.0063884156729131,0.0004258943781942,0.0,0.0004258943781942,0.0,0.0,0.0,0.015758091993185598,0.0025553662691652,0.0132027257240204,0.0034071550255536,0.0025553662691652,0.0008517887563884,0.0008517887563884,0.0008517887563884,0.0,0.0234241908006813,0.0093696763202725,0.0140545144804088,0.014906303236797199,0.0076660988074957,0.0072402044293015,0.0025553662691652,0.0017035775127768,0.0008517887563884,0.0034071550255536003,0.0012776831345826,0.002129471890971,0.0110732538330493,0.0085178875638841,0.0025553662691652,0.0051107325383304,0.0034071550255536,0.0017035775127768,0.0017035775127768,0.0004258943781942,0.0012776831345826,0.0017035775127768,0.0008517887563884,0.0008517887563884,0.0080919931856898,0.004258943781942,0.0038330494037478,0.0132027257240203,0.0051107325383304,0.0080919931856899,522
2017-04-01,2017,4,0.8052309404563162,0.1285475792988314,0.6766833611574847,0.0027824151363383,0.001669449081803,0.0011129660545353,0.0328324986087923,0.0022259321090706,0.0306065664997217,0.0,0.0,0.0,0.026711185308848,0.0094602114635503,0.0172509738452977,0.0061213132999442,0.0022259321090706,0.0038953811908736,0.0005564830272676,0.0005564830272676,0.0,0.0005564830272676,0.0005564830272676,0.0,0.035614913745130705,0.0155815247634947,0.020033388981636,0.0072342793544796,0.0055648302726766,0.001669449081803,0.0011129660545353,0.0011129660545353,0.0,0.0127991096271562,0.0022259321090706,0.0105731775180856,0.0150250417362269,0.0072342793544796,0.0077907623817473,0.0016694490818029,0.0005564830272676,0.0011129660545353,0.0033388981636059004,0.0022259321090706,0.0011129660545353,0.0139120756816916,0.0105731775180856,0.003338898163606,0.0061213132999443,0.005008347245409,0.0011129660545353,0.0005564830272676,0.0,0.0005564830272676,0.0027824151363383,0.0011129660545353,0.001669449081803,0.018363939899833003,0.006677796327212,0.011686143572621,0.0100166944908179,0.0044518642181413,0.0055648302726766,370
2017-05-01,2017,5,0.7909376401973979,0.1350381336922386,0.6558995065051593,0.0017945266935845,0.0013458950201884,0.0004486316733961,0.0278151637505607,0.0022431583669807,0.02557200538358,0.0,0.0,0.0,0.034993270524898895,0.0094212651413189,0.02557200538358,0.0044863167339614,0.0022431583669807,0.0022431583669807,0.0004486316733961,0.0,0.0004486316733961,0.0,0.0,0.0,0.0556303275011215,0.0314042171377299,0.0242261103633916,0.0058322117541498,0.0044863167339614,0.0013458950201884,0.0,0.0,0.0,0.016150740242261,0.0058322117541498,0.0103185284881112,0.0103185284881112,0.0035890533871691,0.0067294751009421,0.0026917900403768,0.0022431583669807,0.0004486316733961,0.0022431583669806,0.0013458950201884,0.0008972633467922,0.0103185284881112,0.0067294751009421,0.0035890533871691,0.0103185284881111,0.0085240017945266,0.0017945266935845,0.0013458950201884,0.0,0.0013458950201884,0.0013458950201884,0.0,0.0013458950201884,0.015253476895468701,0.0035890533871691,0.0116644235082996,0.0107671601615073,0.0049349484073575,0.0058322117541498,494
2017-06-01,2017,6,0.8333333333333334,0.13,0.7033333333333334,0.0023809523809523,0.0019047619047619,0.0004761904761904,0.0285714285714284,0.0042857142857142,0.0242857142857142,0.0004761904761904,0.0,0.0004761904761904,0.0247619047619047,0.0095238095238095,0.0152380952380952,0.0061904761904761005,0.0038095238095238,0.0023809523809523,0.0,0.0,0.0,0.0,0.0,0.0,0.0314285714285713,0.0071428571428571,0.0242857142857142,0.0033333333333332,0.0028571428571428,0.0004761904761904,0.0004761904761904,0.0004761904761904,0.0,0.017142857142857,0.0066666666666666,0.0104761904761904,0.0119047619047618,0.0047619047619047,0.0071428571428571,0.0,0.0,0.0,0.0014285714285714,0.0014285714285714,0.0,0.012857142857142699,0.0066666666666666,0.0061904761904761,0.0061904761904761005,0.0042857142857142,0.0019047619047619,0.0009523809523809,0.0,0.0009523809523809,0.0023809523809523,0.0009523809523809,0.0014285714285714,0.010952380952380799,0.0028571428571428,0.008095238095238,0.0090476190476189,0.0042857142857142,0.0047619047619047,396
2017-07-01,2017,7,0.8369175627240143,0.1366487455197132,0.7002688172043011,0.0013440860215053001,0.0004480286738351,0.0008960573476702,0.0259856630824372,0.0022401433691756,0.0237455197132616,0.0,0.0,0.0,0.0309139784946236,0.0080645161290322,0.0228494623655914,0.0103046594982078,0.007168458781362,0.0031362007168458,0.0004480286738351,0.0004480286738351,0.0,0.0,0.0,0.0,0.0156810035842293,0.0053763440860215,0.0103046594982078,0.0044802867383512005,0.003584229390681,0.0008960573476702,0.0013440860215053,0.0013440860215053,0.0,0.0224014336917562,0.0098566308243727,0.0125448028673835,0.0170250896057347,0.0089605734767025,0.0080645161290322,0.0013440860215053001,0.0008960573476702,0.0004480286738351,0.004032258064516099,0.0022401433691756,0.0017921146953405,0.009408602150537501,0.0062724014336917,0.0031362007168458,0.0044802867383512005,0.003584229390681,0.0008960573476702,0.0004480286738351,0.0,0.0004480286738351,0.0031362007168458,0.0013440860215053,0.0017921146953405,0.0076164874551971,0.0040322580645161,0.003584229390681,0.008064516129032199,0.0022401433691756,0.0058243727598566,450
2017-08-01,2017,8,0.8446379468377634,0.1182401466544454,0.726397800183318,0.0009165902841429,0.0,0.0009165902841429,0.0265811182401465,0.0027497708524289,0.0238313473877176,0.0,0.0,0.0,0.0224564619615031,0.0036663611365719,0.0187901008249312,0.0132905591200732,0.0100824931255728,0.0032080659945004,0.0,0.0,0.0,0.0018331805682858,0.0009165902841429,0.0009165902841429,0.0119156736938587,0.0013748854262144,0.0105407882676443,0.0073327222731438,0.0064161319890009,0.0009165902841429,0.0022914757103574,0.0022914757103574,0.0,0.0201649862511456,0.0105407882676443,0.0096241979835013,0.0183318056828596,0.0091659028414298,0.0091659028414298,0.0009165902841428,0.0004582951420714,0.0004582951420714,0.0018331805682858,0.0009165902841429,0.0009165902841429,0.0091659028414298,0.0073327222731439,0.0018331805682859,0.0151237396883592,0.0114573785517873,0.0036663611365719,0.0009165902841429,0.0,0.0009165902841429,0.0009165902841428,0.0004582951420714,0.0004582951420714,0.0041246562786433,0.0009165902841429,0.0032080659945004,0.0077910174152152996,0.0013748854262144,0.0064161319890009,395
2017-09-01,2017,9,0.835576923076923,0.1139423076923076,0.7216346153846154,0.0024038461538461,0.0019230769230769,0.0004807692307692,0.023076923076923,0.0009615384615384,0.0221153846153846,0.0004807692307692,0.0,0.0004807692307692,0.022115384615384502,0.0038461538461538,0.0182692307692307,0.0038461538461537002,0.0028846153846153,0.0009615384615384,0.0014423076923076,0.0009615384615384,0.0004807692307692,0.0004807692307692,0.0,0.0004807692307692,0.016826923076923,0.0052884615384615,0.0115384615384615,0.0048076923076922,0.004326923076923,0.0004807692307692,0.0009615384615384,0.0009615384615384,0.0,0.021153846153846,0.0076923076923076,0.0134615384615384,0.0317307692307691,0.0139423076923076,0.0177884615384615,0.0009615384615384,0.0004807692307692,0.0004807692307692,0.0028846153846152998,0.0009615384615384,0.0019230769230769,0.0105769230769229,0.0076923076923076,0.0028846153846153,0.0076923076923076,0.0057692307692307,0.0019230769230769,0.0004807692307692,0.0,0.0004807692307692,0.0014423076923076,0.0009615384615384,0.0004807692307692,0.0048076923076922,0.0019230769230769,0.0028846153846153,0.0100961538461538,0.0052884615384615,0.0048076923076923,368
2017-10-01,2017,10,0.8264612596284548,0.129134571816946,0.6973266878115089,0.002265518803806,0.0013593112822836,0.0009062075215224,0.0317172632532849,0.0104213864975079,0.021295876755777,0.0,0.0,0.0,0.0335296782963297,0.008608971454463,0.0249207068418667,0.0104213864975078,0.0049841413683733,0.0054372451291345,0.0,0.0,0.0,0.0,0.0,0.0,0.0167648391481648,0.002265518803806,0.0144993203443588,0.0031717263253283998,0.002265518803806,0.0009062075215224,0.0,0.0,0.0,0.0271862256456728,0.0104213864975079,0.0167648391481649,0.019483461712732103,0.0104213864975079,0.0090620752152242,0.0004531037607612,0.0004531037607612,0.0,0.0009062075215224,0.0004531037607612,0.0004531037607612,0.005890348889895701,0.0045310376076121,0.0013593112822836,0.0049841413683733,0.0031717263253285,0.0018124150430448,0.0,0.0,0.0,0.0018124150430447999,0.0004531037607612,0.0013593112822836,0.010874490258269101,0.0045310376076121,0.006343452650657,0.0108744902582691,0.0036248300860897,0.0072496601721794,425
2017-11-01,2017,11,0.8413762287756925,0.1242180518319928,0.7171581769436998,0.0049151027703306,0.0035746201966041,0.0013404825737265,0.0317247542448614,0.0053619302949061,0.0263628239499553,0.0004468275245755,0.0004468275245755,0.0,0.0299374441465593,0.0093833780160857,0.0205540661304736,0.0080428954423591,0.0049151027703306,0.0031277926720285,0.000893655049151,0.0,0.000893655049151,0.0004468275245755,0.0,0.0004468275245755,0.0160857908847184,0.0049151027703306,0.0111706881143878,0.0067024128686326,0.0058087578194816,0.000893655049151,0.001787310098302,0.001787310098302,0.0,0.020554066130473503,0.0116175156389633,0.0089365504915102,0.014745308310991901,0.0044682752457551,0.0102770330652368,0.001787310098302,0.000893655049151,0.000893655049151,0.001787310098302,0.0013404825737265,0.0004468275245755,0.0022341376228775,0.0004468275245755,0.001787310098302,0.0040214477211795,0.0031277926720285,0.000893655049151,0.001787310098302,0.0004468275245755,0.0013404825737265,0.001787310098302,0.0013404825737265,0.0004468275245755,0.0040214477211795,0.000893655049151,0.0031277926720285,0.0093833780160857,0.0044682752457551,0.0049151027703306,419
2017-12-01,2017,12,0.8437040666340029,0.1073003429691327,0.7364037236648702,0.0029397354238117,0.0019598236158745,0.0009799118079372,0.039196472317491404,0.0024497795198432,0.0367466927976482,0.0,0.0,0.0,0.0244977951984321,0.0093091621754042,0.0151886330230279,0.0053895149436549,0.0044096031357177,0.0009799118079372,0.0004899559039686,0.0004899559039686,0.0,0.0,0.0,0.0,0.017638412542870997,0.0068593826555609,0.0107790298873101,0.0078392944634982,0.0073493385595296,0.0004899559039686,0.0029397354238118,0.0029397354238118,0.0,0.0102890739833414,0.0063694267515923,0.0039196472317491,0.014208721215090599,0.0048995590396864,0.0093091621754042,0.0004899559039686,0.0004899559039686,0.0,0.0014698677119059,0.0014698677119059,0.0,0.0088192062714355,0.0039196472317491,0.0048995590396864,0.0029397354238117,0.0019598236158745,0.0009799118079372,0.0009799118079372,0.0,0.0009799118079372,0.0009799118079372,0.0004899559039686,0.0004899559039686,0.0097991180793727,0.0029397354238118,0.0068593826555609,0.0073493385595294995,0.0004899559039686,0.0068593826555609,335
2018-01-01,2018,1,0.8236331569664903,0.1410934744268077,0.6825396825396826,0.0035273368606701,0.0030864197530864,0.0004409171075837,0.0357142857142856,0.005731922398589,0.0299823633156966,0.0,0.0,0.0,0.0224867724867723,0.0070546737213403,0.015432098765432,0.0119047619047618,0.0066137566137566,0.0052910052910052,0.0,0.0,0.0,0.0,0.0,0.0,0.0119047619047618,0.001763668430335,0.0101410934744268,0.015432098765432,0.0132275132275132,0.0022045855379188,0.0026455026455026,0.0026455026455026,0.0,0.019400352733686,0.0074955908289241,0.0119047619047619,0.0194003527336859,0.0039682539682539,0.015432098765432,0.0,0.0,0.0,0.001763668430335,0.0008818342151675,0.0008818342151675,0.0083774250440916,0.0070546737213403,0.0013227513227513,0.0052910052910052,0.0044091710758377,0.0008818342151675,0.001763668430335,0.0004409171075837,0.0013227513227513,0.0,0.0,0.0,0.0127865961199294,0.0013227513227513,0.0114638447971781,0.009700176366842901,0.0035273368606701,0.0061728395061728,469
2018-02-01,2018,2,0.8116169544740972,0.1318681318681318,0.6797488226059655,0.0026164311878597002,0.0005232862375719,0.0020931449502878,0.0329670329670329,0.0083725798011512,0.0245944531658817,0.0,0.0,0.0,0.0287807430664573,0.0151753008895866,0.0136054421768707,0.015175300889586501,0.0109890109890109,0.0041862899005756,0.0015698587127158,0.0005232862375719,0.0010465724751439,0.0005232862375719,0.0,0.0005232862375719,0.0167451596023024,0.0020931449502878,0.0146520146520146,0.020408163265306,0.0198848770277341,0.0005232862375719,0.0015698587127158,0.0015698587127158,0.0,0.0183150183150182,0.0068027210884353,0.0115122972265829,0.0073260073260073,0.0031397174254317,0.0041862899005756,0.0020931449502878,0.0020931449502878,0.0,0.0026164311878597,0.0026164311878597,0.0,0.0031397174254316,0.0026164311878597,0.0005232862375719,0.0120355834641548,0.010465724751439,0.0015698587127158,0.0005232862375719,0.0005232862375719,0.0,0.0,0.0,0.0,0.0146520146520146,0.0020931449502878,0.0125588697017268,0.0136054421768706,0.0057561486132914,0.0078492935635792,424
2018-03-01,2018,3,0.7769816390506045,0.1576354679802955,0.619346171070309,0.0022391401701745,0.0013434841021047,0.0008956560680698,0.0407523510971785,0.005821764442454,0.0349305866547245,0.0098522167487683,0.0085087326466636,0.0013434841021047,0.018808777429467002,0.0080609046126287,0.0107478728168383,0.0062695924764889,0.0040304523063143,0.0022391401701746,0.0,0.0,0.0,0.0004478280340349,0.0004478280340349,0.0,0.0152261531571875,0.0013434841021047,0.0138826690550828,0.0103000447828034,0.0103000447828034,0.0,0.0008956560680698,0.0008956560680698,0.0,0.020600089565606702,0.0071652485445588,0.0134348410210479,0.0192566054635019,0.0094043887147335,0.0098522167487684,0.0214957456336766,0.0161218092252575,0.0053739364084191,0.0049261083743841,0.0022391401701746,0.0026869682042095,0.0098522167487683,0.0085087326466636,0.0013434841021047,0.0049261083743841,0.0035826242722794,0.0013434841021047,0.0008956560680698,0.0004478280340349,0.0004478280340349,0.0017913121361396,0.0004478280340349,0.0013434841021047,0.0125391849529779,0.0026869682042095,0.0098522167487684,0.0237348858038512,0.0165696372592924,0.0071652485445588,588
2018-04-01,2018,4,0.8046511627906976,0.1560723514211886,0.648578811369509,0.0010335917312661,0.0,0.0010335917312661,0.0506459948320412,0.0087855297157622,0.041860465116279,0.000516795865633,0.000516795865633,0.0,0.0222222222222221,0.0134366925064599,0.0087855297157622,0.0087855297157622,0.0056847545219638,0.0031007751937984,0.0041343669250645,0.0025839793281653,0.0015503875968992,0.0,0.0,0.0,0.0175710594315244,0.0010335917312661,0.0165374677002583,0.0124031007751937,0.0118863049095607,0.000516795865633,0.0020671834625322,0.0020671834625322,0.0,0.0186046511627906,0.0051679586563307,0.0134366925064599,0.014987080103359099,0.0056847545219638,0.0093023255813953,0.0015503875968990999,0.0010335917312661,0.000516795865633,0.0031007751937983004,0.000516795865633,0.0025839793281653,0.0093023255813952,0.0051679586563307,0.0041343669250645,0.0098191214470283,0.0082687338501291,0.0015503875968992,0.0,0.0,0.0,0.0025839793281652,0.0020671834625322,0.000516795865633,0.0062015503875968,0.0015503875968992,0.0046511627906976,0.011886304909560599,0.0036175710594315,0.0082687338501291,451
2018-05-01,2018,5,0.8049167327517842,0.1455194290245836,0.6593973037272006,0.000396510705789,0.000396510705789,0.0,0.0479777954004757,0.0047581284694686,0.0432196669310071,0.0,0.0,0.0,0.014670896114195,0.0083267248215701,0.0063441712926249,0.0126883425852497,0.007533703409992,0.0051546391752577,0.0011895321173671,0.0007930214115781,0.000396510705789,0.000396510705789,0.0,0.000396510705789,0.0412371134020617,0.007533703409992,0.0337034099920697,0.0059476605868357,0.0047581284694686,0.0011895321173671,0.000396510705789,0.000396510705789,0.0,0.0202220459952418,0.0079302141157811,0.0122918318794607,0.0130848532910387,0.0047581284694686,0.0083267248215701,0.0011895321173671,0.0011895321173671,0.0,0.000793021411578,0.000396510705789,0.000396510705789,0.0095162569389373,0.0035685963521015,0.0059476605868358,0.0063441712926248,0.0059476605868358,0.000396510705789,0.0011895321173671,0.0,0.0011895321173671,0.0023790642347343,0.0015860428231562,0.0007930214115781,0.0103092783505153,0.0019825535289452,0.0083267248215701,0.0111022997620935,0.0015860428231562,0.0095162569389373,518
2018-06-01,2018,6,0.7757193535672053,0.1265273945605045,0.6491919590067008,0.0015766653527788,0.0003941663381947,0.0011824990145841,0.0646432794639337,0.005518328734726,0.0591249507292077,0.0007883326763894,0.0007883326763894,0.0,0.0141899881750097,0.0063066614111154,0.0078833267638943,0.0153724871895939,0.0070949940875049,0.008277493102089,0.0003941663381947,0.0,0.0003941663381947,0.0,0.0,0.0,0.0204966495861253,0.0023649980291683,0.018131651556957,0.0090658257784785,0.0090658257784785,0.0,0.0019708316909735,0.0019708316909735,0.0,0.0457232952305872,0.0161608198659834,0.0295624753646038,0.0114308238076468,0.0047299960583366,0.0067008277493102,0.0,0.0,0.0,0.0023649980291682,0.0019708316909735,0.0003941663381947,0.011824990145841499,0.0067008277493102,0.0051241623965313,0.0015766653527788,0.0007883326763894,0.0007883326763894,0.0003941663381947,0.0,0.0003941663381947,0.0015766653527788,0.0007883326763894,0.0007883326763894,0.0169491525423728,0.0031533307055577,0.0137958218368151,0.0122191564840362,0.0031533307055577,0.0090658257784785,490
2018-07-01,2018,7,0.753146853146853,0.1423076923076923,0.6108391608391608,0.002097902097902,0.001048951048951,0.001048951048951,0.07867132867132849,0.0055944055944055,0.073076923076923,0.0006993006993006,0.0006993006993006,0.0,0.0192307692307691,0.008041958041958,0.0111888111888111,0.016083916083916,0.0101398601398601,0.0059440559440559,0.0024475524475523,0.0003496503496503,0.002097902097902,0.0003496503496503,0.0,0.0003496503496503,0.0216783216783216,0.0017482517482517,0.0199300699300699,0.0069930069930069,0.0066433566433566,0.0003496503496503,0.001048951048951,0.001048951048951,0.0,0.037412587412587295,0.0167832167832167,0.0206293706293706,0.0164335664335663,0.0073426573426573,0.009090909090909,0.0003496503496503,0.0003496503496503,0.0,0.0024475524475523,0.0006993006993006,0.0017482517482517,0.0157342657342656,0.0083916083916083,0.0073426573426573,0.0087412587412586,0.0062937062937062,0.0024475524475524,0.0017482517482517,0.0,0.0017482517482517,0.0048951048951048,0.0031468531468531,0.0017482517482517,0.012237762237762101,0.0024475524475524,0.0097902097902097,0.0080419580419579,0.0027972027972027,0.0052447552447552,625
2018-08-01,2018,8,0.7644356955380578,0.1469816272965879,0.6174540682414699,0.0013123359580051999,0.0009842519685039,0.0003280839895013,0.0666010498687663,0.004265091863517,0.0623359580052493,0.0006561679790026,0.0006561679790026,0.0,0.0193569553805773,0.0098425196850393,0.009514435695538,0.0124671916010498,0.0059055118110236,0.0065616797900262,0.0016404199475065,0.0003280839895013,0.0013123359580052,0.0003280839895013,0.0003280839895013,0.0,0.0177165354330707,0.0026246719160104,0.0150918635170603,0.0085301837270341,0.0082020997375328,0.0003280839895013,0.0032808398950131,0.0032808398950131,0.0,0.0298556430446193,0.0144356955380577,0.0154199475065616,0.016732283464566802,0.0072178477690288,0.009514435695538,0.0016404199475065,0.0013123359580052,0.0003280839895013,0.0026246719160103998,0.0009842519685039,0.0016404199475065,0.0229658792650918,0.0111548556430446,0.0118110236220472,0.0036089238845143003,0.0026246719160104,0.0009842519685039,0.0013123359580052,0.0,0.0013123359580052,0.0022965879265091,0.0,0.0022965879265091,0.0154199475065616,0.0019685039370078,0.0134514435695538,0.0170603674540681,0.0026246719160104,0.0144356955380577,673
2018-09-01,2018,9,0.759502418797512,0.1717346233586731,0.587767795438839,0.0044920525224602,0.0027643400138217,0.0017277125086385,0.058396682791983304,0.0072563925362819,0.0511402902557014,0.0,0.0,0.0,0.0114029025570145,0.0055286800276434,0.0058742225293711,0.016931582584657802,0.0072563925362819,0.0096751900483759,0.0013821700069108,0.0010366275051831,0.0003455425017277,0.0003455425017277,0.0003455425017277,0.0,0.026952315134761498,0.0038009675190048,0.0231513476157567,0.010711817553559001,0.0100207325501036,0.0006910850034554,0.0013821700069108,0.0013821700069108,0.0,0.0452660677263303,0.0196959225984796,0.0255701451278507,0.0141672425708361,0.0069108500345542,0.0072563925362819,0.0003455425017277,0.0,0.0003455425017277,0.0024187975120938997,0.0017277125086385,0.0006910850034554,0.0158949550794746,0.0134761575673807,0.0024187975120939,0.0051831375259156,0.0044920525224602,0.0006910850034554,0.0013821700069108,0.0006910850034554,0.0006910850034554,0.0024187975120938997,0.0013821700069108,0.0010366275051831,0.020041465100207198,0.0044920525224602,0.015549412577747,0.0138217000691085,0.0027643400138217,0.0110573600552868,760
2018-10-01,2018,10,0.765625,0.1890024038461538,0.5766225961538461,0.0021033653846153,0.0015024038461538,0.0006009615384615,0.0516826923076922,0.0075120192307692,0.044170673076923,0.0006009615384614,0.0003004807692307,0.0003004807692307,0.0204326923076922,0.0114182692307692,0.009014423076923,0.020733173076923,0.012920673076923,0.0078125,0.0063100961538461,0.0045072115384615,0.0018028846153846,0.0003004807692307,0.0,0.0003004807692307,0.0228365384615384,0.00390625,0.0189302884615384,0.0054086538461536994,0.005108173076923,0.0003004807692307,0.001201923076923,0.001201923076923,0.0,0.0396634615384614,0.0189302884615384,0.020733173076923,0.0138221153846153,0.0066105769230769,0.0072115384615384,0.0009014423076922,0.0006009615384615,0.0003004807692307,0.0048076923076922,0.0018028846153846,0.0030048076923076,0.0126201923076922,0.0099158653846153,0.0027043269230769,0.0105168269230768,0.0081129807692307,0.0024038461538461,0.0006009615384614,0.0003004807692307,0.0003004807692307,0.001201923076923,0.0009014423076923,0.0003004807692307,0.0189302884615384,0.0054086538461538,0.0135216346153846,0.015024038461538401,0.0036057692307692,0.0114182692307692,945
2018-11-01,2018,11,0.7450917283553267,0.2384937238493724,0.5065980045059543,0.0077244930801415,0.0064370775667846,0.0012874155133569,0.0376569037656903,0.0035403926617315,0.0341165111039588,0.0016092693916961,0.0016092693916961,0.0,0.0312198261989056,0.0260701641454779,0.0051496620534277,0.013839716768586901,0.0112648857418731,0.0025748310267138,0.0157708400386224,0.0157708400386224,0.0,0.0003218538783392,0.0003218538783392,0.0,0.0122304473768908,0.0028966849050531,0.0093337624718377,0.0273575796588348,0.0263920180238171,0.0009655616350177,0.00418410041841,0.00418410041841,0.0,0.0366913421306725,0.0225297714837463,0.0141615706469262,0.0106211779851946,0.0074026392018023,0.0032185387833923,0.0003218538783392,0.0,0.0003218538783392,0.0012874155133569,0.0009655616350177,0.0003218538783392,0.00836820083682,0.0080463469584808,0.0003218538783392,0.023495333118764,0.0225297714837463,0.0009655616350177,0.0009655616350176001,0.0006437077566784,0.0003218538783392,0.002896684905053,0.0016092693916961,0.0012874155133569,0.0144834245252655,0.0038622465400708,0.0106211779851947,0.0106211779851946,0.0032185387833923,0.0074026392018023,1241
2018-12-01,2018,12,0.7264506405425772,0.1929163526752072,0.53353428786737,0.0064054257724189,0.0048982667671439,0.001507159005275,0.0727204220045214,0.0048982667671439,0.0678221552373775,0.0003767897513187,0.0003767897513187,0.0,0.0192162773172568,0.015825169555388,0.0033911077618688,0.0154483798040692,0.0131876412961567,0.0022607385079125,0.0086661642803315,0.0082893745290128,0.0003767897513187,0.0,0.0,0.0,0.0211002260738507,0.0048982667671439,0.0162019593067068,0.017332328560663,0.0169555388093443,0.0003767897513187,0.0022607385079125,0.0022607385079125,0.0,0.0470987189148454,0.0297663903541823,0.0173323285606631,0.010926902788244,0.0056518462697814,0.0052750565184626,0.0,0.0,0.0,0.0033911077618687,0.0011303692539562,0.0022607385079125,0.0086661642803315,0.0048982667671439,0.0037678975131876,0.0169555388093443,0.0165787490580256,0.0003767897513187,0.0003767897513187,0.0,0.0003767897513187,0.0018839487565936999,0.0007535795026375,0.0011303692539562,0.0203466465712132,0.0041446872645064,0.0162019593067068,0.0101733232856065,0.0037678975131876,0.0064054257724189,851
2019-01-01,2019,1,0.7615166548547129,0.1626506024096385,0.5988660524450744,0.0049610205527994,0.0031892274982282,0.0017717930545712,0.0793763288447909,0.0063784549964564,0.0729978738483345,0.0014174344436569,0.0014174344436569,0.0,0.018781006378454902,0.0113394755492558,0.0074415308291991,0.0170092133238837,0.0113394755492558,0.0056697377746279,0.0007087172218284,0.0003543586109142,0.0003543586109142,0.0,0.0,0.0,0.0205527994330261,0.0007087172218284,0.0198440822111977,0.0131112686038269,0.0124025513819985,0.0007087172218284,0.0017717930545712,0.0017717930545712,0.0,0.0315379163713677,0.0170092133238837,0.014528703047484,0.017717930545712197,0.0095676824946846,0.0081502480510276,0.0007087172218284,0.0,0.0007087172218284,0.0010630758327426,0.0007087172218284,0.0003543586109142,0.0053153791637135,0.0038979447200566,0.0014174344436569,0.0028348688873139002,0.0024805102763997,0.0003543586109142,0.0,0.0,0.0,0.0017717930545711,0.0010630758327427,0.0007087172218284,0.0166548547129694,0.0028348688873139,0.0138199858256555,0.0152374202693124,0.0053153791637136,0.0099220411055988,698
2019-02-01,2019,2,0.7404858299595142,0.1684210526315789,0.5720647773279353,0.0036437246963562,0.0020242914979757,0.0016194331983805,0.1008097165991902,0.0105263157894736,0.0902834008097166,0.0,0.0,0.0,0.0170040485829959,0.0097165991902834,0.0072874493927125,0.017408906882591,0.0109311740890688,0.0064777327935222,0.0016194331983804,0.0008097165991902,0.0008097165991902,0.0,0.0,0.0,0.008502024291497899,0.0004048582995951,0.0080971659919028,0.009716599190283299,0.0089068825910931,0.0008097165991902,0.0024291497975708,0.0024291497975708,0.0,0.037246963562752894,0.0170040485829959,0.020242914979757,0.0141700404858298,0.0064777327935222,0.0076923076923076,0.0004048582995951,0.0004048582995951,0.0,0.0012145748987854,0.0,0.0012145748987854,0.0170040485829959,0.0129554655870445,0.0040485829959514,0.006072874493927001,0.0044534412955465,0.0016194331983805,0.0020242914979757,0.0,0.0020242914979757,0.0024291497975708,0.0020242914979757,0.0004048582995951,0.013360323886639599,0.0024291497975708,0.0109311740890688,0.015789473684210402,0.0032388663967611,0.0125506072874493,634
2019-03-01,2019,3,0.745158002038736,0.1478083588175331,0.5973496432212029,0.0044172612979950995,0.0027183146449201,0.001698946653075,0.0788311247026842,0.0071355759429153,0.0716955487597689,0.00067957866123,0.000339789330615,0.000339789330615,0.0261637784573563,0.0125722052327556,0.0135915732246007,0.0149507305470607,0.0098538905878355,0.0050968399592252,0.000339789330615,0.000339789330615,0.0,0.0,0.0,0.0,0.0166496772001359,0.0020387359836901,0.0146109412164458,0.0129119945633706,0.0115528372409106,0.00135915732246,0.000339789330615,0.000339789330615,0.0,0.039075773020727,0.0173292558613659,0.0217465171593611,0.019707781175671,0.0061162079510703,0.0135915732246007,0.00067957866123,0.0,0.00067957866123,0.0016989466530750001,0.00067957866123,0.001019367991845,0.0139313625552157,0.0081549439347604,0.0057764186204553,0.0047570506286101,0.0033978933061501,0.00135915732246,0.00203873598369,0.000339789330615,0.001698946653075,0.0023785253143051,0.0023785253143051,0.0,0.0122324159021406,0.001019367991845,0.0112130479102956,0.0115528372409105,0.0047570506286102,0.0067957866123003,686
2019-04-01,2019,4,0.5969629076425191,0.2013940751804829,0.3955688324620363,0.0009957679860592,0.0007468259895444,0.0002489419965148,0.0709484690067213,0.0164301717699775,0.0545182972367438,0.0049788399302962,0.0049788399302962,0.0,0.0121981578292257,0.0074682598954443,0.0047298979337814,0.0054767239233257,0.0037341299477221,0.0017425939756036,0.0019915359721183997,0.001244709982574,0.0007468259895444,0.0002489419965148,0.0002489419965148,0.0,0.0238984316654219,0.0069703759024147,0.0169280557630072,0.0062235499128702,0.0057256659198406,0.0004978839930296,0.001244709982574,0.001244709982574,0.0,0.027632561613144,0.014438635797859,0.013193925815285,0.016679113766492303,0.0084640278815036,0.0082150858849887,0.0124470998257405,0.0067214339058999,0.0057256659198406,0.0054767239233257,0.0037341299477221,0.0017425939756036,0.0062235499128702,0.0047298979337814,0.0014936519790888,0.008215085884988699,0.0072193178989295,0.0009957679860592,0.0054767239233257,0.0034851879512073,0.0019915359721184,0.0037341299477220997,0.0024894199651481,0.001244709982574,0.0863828727906397,0.0779188449091361,0.0084640278815036,0.084640278815036,0.0749315409509584,0.0097087378640776,1813
2019-05-01,2019,5,0.7001882226404947,0.2140360311911804,0.4861521914493143,0.0037644528098951,0.0024200053777897,0.0013444474321054,0.0976068835708523,0.0220489378865286,0.0755579456843237,0.0056466792148426,0.0051089002420005,0.0005377789728421,0.0172089271309491,0.0069911266469481,0.010217800484001,0.0137133638074751,0.006722237160527,0.0069911266469481,0.0010755579456842,0.0008066684592632,0.000268889486421,0.0,0.0,0.0,0.0086044635654745,0.0005377789728421,0.0080666845926324,0.006722237160526901,0.0061844581876848,0.0005377789728421,0.0016133369185264,0.0016133369185264,0.0,0.049475665501478805,0.0298467329927399,0.0196289325087389,0.0185533745630544,0.0099489109975799,0.0086044635654745,0.0174778166173702,0.0104866899704221,0.0069911266469481,0.0048400107555794,0.0021511158913686,0.0026888948642108,0.0029577843506318,0.0021511158913686,0.0008066684592632,0.0069911266469480995,0.0056466792148427,0.0013444474321054,0.0029577843506318,0.0008066684592632,0.0021511158913686,0.0032266738370529,0.0024200053777897,0.0008066684592632,0.014251142780317201,0.0077977951062113,0.0064533476741059,0.032266738370529596,0.023393385318634,0.0088733530518956,1323
2019-06-01,2019,6,0.73342175066313,0.1996021220159151,0.5338196286472149,0.0053050397877984,0.003315649867374,0.0019893899204244,0.049734748010609994,0.008289124668435,0.041445623342175,0.0003315649867374,0.0003315649867374,0.0,0.0228779840848806,0.0155835543766578,0.0072944297082228,0.0109416445623342,0.0069628647214854,0.0039787798408488,0.0013262599469496,0.0006631299734748,0.0006631299734748,0.0,0.0,0.0,0.01657824933687,0.003315649867374,0.013262599469496,0.0129310344827586,0.0129310344827586,0.0,0.0,0.0,0.0,0.0669761273209548,0.0417771883289124,0.0251989389920424,0.0169098143236074,0.0056366047745358,0.0112732095490716,0.0036472148541114003,0.0023209549071618,0.0013262599469496,0.0003315649867374,0.0,0.0003315649867374,0.0169098143236074,0.0106100795755968,0.0062997347480106,0.0169098143236074,0.0152519893899204,0.001657824933687,0.0033156498673740003,0.0013262599469496,0.0019893899204244,0.0026525198938992,0.0019893899204244,0.0006631299734748,0.0135941644562334,0.0036472148541114,0.009946949602122,0.0139257294429708,0.0059681697612732,0.0079575596816976,1006
2019-07-01,2019,7,0.69921875,0.1454326923076923,0.5537860576923077,0.0057091346153845,0.0027043269230769,0.0030048076923076,0.0751201923076922,0.0123197115384615,0.0628004807692307,0.0006009615384614,0.0003004807692307,0.0003004807692307,0.024639423076922996,0.0159254807692307,0.0087139423076923,0.0150240384615384,0.0066105769230769,0.0084134615384615,0.001201923076923,0.001201923076923,0.0,0.0,0.0,0.0,0.0192307692307691,0.0024038461538461,0.016826923076923,0.0126201923076923,0.01171875,0.0009014423076923,0.001201923076923,0.001201923076923,0.0,0.07632211538461531,0.0435697115384615,0.0327524038461538,0.0180288461538461,0.0078125,0.0102163461538461,0.0030048076923076,0.0021033653846153,0.0009014423076923,0.001201923076923,0.0006009615384615,0.0006009615384615,0.0114182692307691,0.0060096153846153,0.0054086538461538,0.0081129807692306,0.0060096153846153,0.0021033653846153,0.0033052884615382997,0.001201923076923,0.0021033653846153,0.0036057692307691,0.001201923076923,0.0024038461538461,0.014122596153846,0.0033052884615384,0.0108173076923076,0.0189302884615383,0.009014423076923,0.0099158653846153,916
2019-08-01,2019,8,0.7128027681660899,0.1795847750865052,0.5332179930795847,0.0034602076124566,0.0027681660899653,0.0006920415224913,0.0608996539792387,0.0076124567474048,0.0532871972318339,0.0,0.0,0.0,0.0325259515570934,0.0204152249134948,0.0121107266435986,0.0072664359861591,0.0038062283737024,0.0034602076124567,0.0006920415224913,0.0006920415224913,0.0,0.0,0.0,0.0,0.0217993079584774,0.0027681660899653,0.0190311418685121,0.0332179930795847,0.030795847750865,0.0024221453287197,0.001038062283737,0.001038062283737,0.0,0.0512110726643598,0.0266435986159169,0.0245674740484429,0.0193771626297577,0.0117647058823529,0.0076124567474048,0.0058823529411764,0.0051903114186851,0.0006920415224913,0.0027681660899653,0.0006920415224913,0.002076124567474,0.0096885813148788,0.0065743944636678,0.003114186851211,0.010034602076124399,0.0069204152249134,0.003114186851211,0.001038062283737,0.0,0.001038062283737,0.0024221453287196,0.0017301038062283,0.0006920415224913,0.0152249134948095,0.0027681660899653,0.0124567474048442,0.014532871972318201,0.0055363321799307,0.0089965397923875,907
2019-09-01,2019,9,0.7106325706594885,0.167900403768506,0.5427321668909825,0.0053835800807536,0.0040376850605652,0.0013458950201884,0.0568640646029608,0.0094212651413189,0.0474427994616419,0.0,0.0,0.0,0.0238896366083445,0.0168236877523553,0.0070659488559892,0.0218707940780618,0.0154777927321668,0.006393001345895,0.0010094212651413,0.0006729475100942,0.0003364737550471,0.0,0.0,0.0,0.0282637954239568,0.0037012113055181,0.0245625841184387,0.0467698519515477,0.0437415881561238,0.0030282637954239,0.0067294751009421,0.0067294751009421,0.0,0.047779273216689,0.0232166890982503,0.0245625841184387,0.0141318977119784,0.0084118438761776,0.0057200538358008,0.0016823687752355,0.0006729475100942,0.0010094212651413,0.0016823687752355,0.0013458950201884,0.0003364737550471,0.0171601615074024,0.0111036339165545,0.0060565275908479,0.0067294751009421006,0.0053835800807537,0.0013458950201884,0.0010094212651413,0.0003364737550471,0.0006729475100942,0.0020188425302826,0.0010094212651413,0.0010094212651413,0.0114401076716015,0.0026917900403768,0.0087483176312247,0.0104306864064602,0.0026917900403768,0.0077388963660834,934
2019-10-01,2019,10,0.737152209492635,0.1728314238952537,0.5643207855973813,0.006546644844517099,0.0052373158756137,0.0013093289689034,0.0513911620294599,0.0072013093289689,0.044189852700491,0.0003273322422258,0.0003273322422258,0.0,0.0209492635024549,0.0121112929623567,0.0088379705400982,0.0130932896890343,0.0088379705400982,0.0042553191489361,0.0016366612111292,0.0,0.0016366612111292,0.0006546644844516,0.0003273322422258,0.0003273322422258,0.0209492635024549,0.0026186579378068,0.0183306055646481,0.057283142389525296,0.0513911620294599,0.0058919803600654,0.006873977086743,0.006873977086743,0.0,0.0399345335515547,0.0206219312602291,0.0193126022913256,0.0176759410801963,0.0081833060556464,0.0094926350245499,0.0013093289689033,0.0009819967266775,0.0003273322422258,0.0029459901800326,0.0019639934533551,0.0009819967266775,0.0058919803600653,0.0026186579378068,0.0032733224222585,0.0045826513911619,0.0042553191489361,0.0003273322422258,0.0016366612111292,0.0003273322422258,0.0013093289689034,0.0016366612111292,0.0013093289689034,0.0003273322422258,0.0068739770867429,0.0019639934533551,0.0049099836333878,0.009492635024549799,0.0026186579378068,0.006873977086743,941
2019-11-01,2019,11,0.7093548387096773,0.2109677419354838,0.4983870967741935,0.0016129032258063,0.0012903225806451,0.0003225806451612,0.0483870967741934,0.006774193548387,0.0416129032258064,0.0025806451612903,0.0025806451612903,0.0,0.023548387096774,0.016774193548387,0.006774193548387,0.0077419354838709,0.0054838709677419,0.002258064516129,0.0003225806451612,0.0003225806451612,0.0,0.0,0.0,0.0,0.0187096774193547,0.0035483870967741,0.0151612903225806,0.0887096774193547,0.0741935483870967,0.014516129032258,0.0038709677419354,0.0038709677419354,0.0,0.027741935483870897,0.0158064516129032,0.0119354838709677,0.013548387096774,0.006774193548387,0.006774193548387,0.0019354838709676,0.0009677419354838,0.0009677419354838,0.0035483870967741,0.0029032258064516,0.0006451612903225,0.0038709677419354,0.0032258064516129,0.0006451612903225,0.0222580645161289,0.0206451612903225,0.0016129032258064,0.0,0.0,0.0,0.0025806451612902003,0.0006451612903225,0.0019354838709677,0.0083870967741934,0.0003225806451612,0.0080645161290322,0.015161290322580599,0.0096774193548387,0.0054838709677419,1188
2019-12-01,2019,12,0.7622756518794447,0.1774466644090755,0.5848289874703692,0.0016931933626819998,0.0013545546901456,0.0003386386725364,0.061293599729088995,0.0155773789366745,0.0457162207924145,0.001693193362682,0.001693193362682,0.0,0.0220115137148661,0.0142228242465289,0.0077886894683372,0.013884185573992399,0.0091432441584828,0.0047409414155096,0.0,0.0,0.0,0.0003386386725364,0.0,0.0003386386725364,0.0250592617676938,0.0060954961056552,0.0189637656620386,0.0121909922113105,0.0115137148662377,0.0006772773450728,0.0003386386725364,0.0003386386725364,0.0,0.0555367422959701,0.0182864883169657,0.0372502539790044,0.0179478496444293,0.0047409414155096,0.0132069082289197,0.0010159160176092,0.0003386386725364,0.0006772773450728,0.0030477480528276002,0.0006772773450728,0.0023704707077548,0.0027091093802912,0.0020318320352184,0.0006772773450728,0.0054182187605824,0.003386386725364,0.0020318320352184,0.0020318320352184,0.0,0.0020318320352184,0.0003386386725364,0.0003386386725364,0.0,0.008465966813410001,0.0010159160176092,0.0074500507958008,0.0115137148662376,0.003386386725364,0.0081273281408736,787
2020-01-01,2020,1,0.7482517482517481,0.1770502225047679,0.5712015257469802,0.0019071837253654,0.0012714558169103,0.0006357279084551,0.0600762873490145,0.005403687221869,0.0546726001271455,0.0012714558169102,0.0003178639542275,0.0009535918626827,0.021614748887476,0.0139860139860139,0.0076287349014621,0.0171646535282898,0.0114431023521932,0.0057215511760966,0.0012714558169102,0.0006357279084551,0.0006357279084551,0.0003178639542275,0.0003178639542275,0.0,0.03814367450731081,0.0019071837253655,0.0362364907819453,0.008264462809917201,0.0079465988556897,0.0003178639542275,0.0003178639542275,0.0003178639542275,0.0,0.0534011443102351,0.0228862047043865,0.0305149396058486,0.0184361093452002,0.0089001907183725,0.0095359186268277,0.0009535918626826,0.0006357279084551,0.0003178639542275,0.0015893197711378,0.0006357279084551,0.0009535918626827,0.0050858232676412995,0.0041322314049586,0.0009535918626827,0.0073108709472345,0.0057215511760966,0.0015893197711379,0.0019071837253654,0.0003178639542275,0.0015893197711379,0.0009535918626826,0.0003178639542275,0.0006357279084551,0.015257469802924301,0.0019071837253655,0.0133502860775588,0.0076287349014621,0.0025429116338207,0.0050858232676414,823
2020-02-01,2020,2,0.7303329674350532,0.1650201244054153,0.5653128430296378,0.0036589828027807003,0.0021953896816684,0.0014635931211123,0.0537870472008781,0.0054884742041712,0.0482985729967069,0.0021953896816684,0.0018294914013904,0.000365898280278,0.0256128796194657,0.0193926088547383,0.0062202707647274,0.023051591657519098,0.0131723380900109,0.0098792535675082,0.0010976948408341,0.0007317965605561,0.000365898280278,0.0,0.0,0.0,0.0563483351628246,0.0032930845225027,0.0530552506403219,0.0146359312111232,0.0139041346505671,0.0007317965605561,0.000365898280278,0.000365898280278,0.0,0.054152945481156095,0.0237833882180753,0.0303695572630808,0.012806439809732801,0.0062202707647274,0.0065861690450054,0.0025612879619465,0.0,0.0025612879619465,0.0058543724844491996,0.0007317965605561,0.0051225759238931,0.0073179656055616,0.0058543724844493,0.0014635931211123,0.0025612879619465,0.0018294914013904,0.0007317965605561,0.0025612879619465,0.0,0.0025612879619465,0.0010976948408341,0.000365898280278,0.0007317965605561,0.0109769484083424,0.0010976948408342,0.0098792535675082,0.0065861690450054,0.0014635931211123,0.0051225759238931,703
2020-03-01,2020,3,0.7573715248525694,0.106711597865768,0.6506599269868014,0.0014040999719179999,0.0005616399887672,0.0008424599831508,0.0539174389216512,0.0073013198539736,0.0466161190676776,0.0014040999719179999,0.0008424599831508,0.0005616399887672,0.0148834597023308,0.00702049985959,0.0078629598427408,0.0022465599550688,0.0011232799775344,0.0011232799775344,0.0011232799775344,0.0002808199943836,0.0008424599831508,0.0,0.0,0.0,0.0581297388374052,0.0025273799494524,0.0556023588879528,0.021903959561920802,0.0202190395956192,0.0016849199663016,0.0061780398764392,0.0061780398764392,0.0,0.0185341196293176,0.0067396798652064,0.0117944397641112,0.0146026397079472,0.0053355798932884,0.0092670598146588,0.0278011794439764,0.009828699803426,0.0179724796405504,0.001404099971918,0.0002808199943836,0.0011232799775344,0.0019657399606852,0.0005616399887672,0.001404099971918,0.0030890199382196002,0.0025273799494524,0.0005616399887672,0.0011232799775344,0.0002808199943836,0.0008424599831508,0.0,0.0,0.0,0.0078629598427408,0.0016849199663016,0.0061780398764392,0.0058972198820556,0.0008424599831508,0.0050547598989048,642
2020-04-01,2020,4,0.7298115746971736,0.1016150740242261,0.6281965006729475,0.0030282637954239,0.0013458950201884,0.0016823687752355,0.06594885598923281,0.0070659488559892,0.0588829071332436,0.0006729475100942,0.0006729475100942,0.0,0.0154777927321668,0.0080753701211305,0.0074024226110363,0.0016823687752355,0.0006729475100942,0.0010094212651413,0.0016823687752355,0.0006729475100942,0.0010094212651413,0.0,0.0,0.0,0.08815612382234181,0.0016823687752355,0.0864737550471063,0.007402422611036299,0.0067294751009421,0.0006729475100942,0.0030282637954239,0.0030282637954239,0.0,0.013122476446836999,0.0037012113055181,0.0094212651413189,0.010767160161507298,0.0020188425302826,0.0087483176312247,0.031965006729475,0.0037012113055181,0.0282637954239569,0.0063930013458949,0.0023553162853297,0.0040376850605652,0.0006729475100942,0.0006729475100942,0.0,0.0003364737550471,0.0,0.0003364737550471,0.0026917900403768,0.0,0.0026917900403768,0.0013458950201884,0.0003364737550471,0.0010094212651413,0.0077388963660834,0.0010094212651413,0.0067294751009421,0.0084118438761775,0.003364737550471,0.0050471063257065,442
2020-05-01,2020,5,0.7132522196645841,0.1229858599145018,0.5902663597500822,0.0069056231502794,0.0049325879644853,0.0019730351857941,0.0621506083525155,0.0075633015455442,0.0545873068069713,0.0006576783952646,0.0003288391976323,0.0003288391976323,0.012495889510029501,0.0065767839526471,0.0059191055573824,0.0039460703715882,0.0026307135810588,0.0013153567905294,0.000986517592897,0.0,0.000986517592897,0.0003288391976323,0.0,0.0003288391976323,0.0996382768826043,0.0065767839526471,0.0930614929299572,0.0065767839526470005,0.0062479447550147,0.0003288391976323,0.0108516935218678,0.0108516935218678,0.0,0.0253206182176914,0.010194015126603,0.0151266030910884,0.010194015126603,0.0026307135810588,0.0075633015455442,0.0187438342650443,0.0029595527786912,0.0157842814863531,0.0052614271621176,0.0016441959881617,0.0036172311739559,0.0003288391976323,0.0,0.0003288391976323,0.0023018743834263998,0.000986517592897,0.0013153567905294,0.000986517592897,0.0,0.000986517592897,0.0016441959881617,0.0006576783952647,0.000986517592897,0.010194015126603,0.0013153567905294,0.0088786583360736,0.009207497533705901,0.0029595527786912,0.0062479447550147,581
2020-06-01,2020,6,0.7066713731027179,0.1221320155312389,0.584539357571479,0.005647723261560099,0.0045887751500176,0.0010589481115425,0.0713025061771972,0.0060007059654076,0.0653018002117896,0.0003529827038475,0.0003529827038475,0.0,0.0088245675961877,0.002117896223085,0.0067066713731027,0.0134133427462053,0.0077656194846452,0.0056477232615601,0.000705965407695,0.0,0.000705965407695,0.0003529827038475,0.0,0.0003529827038475,0.0564772326156017,0.0017649135192375,0.0547123190963642,0.0292975644193433,0.0275326509001058,0.0017649135192375,0.0035298270384751,0.0035298270384751,0.0,0.0455347687963289,0.0218849276385457,0.0236498411577832,0.0109424638192728,0.0035298270384751,0.0074126367807977,0.0070596540769501,0.0017649135192375,0.0052947405577126,0.0017649135192375,0.0010589481115425,0.000705965407695,0.0052947405577126,0.0035298270384751,0.0017649135192375,0.0038828097423225997,0.0031768443346276,0.000705965407695,0.0010589481115425,0.0003529827038475,0.000705965407695,0.00141193081539,0.0003529827038475,0.0010589481115425,0.019414048711613098,0.0038828097423226,0.0155312389692905,0.014119308153900301,0.0056477232615601,0.0084715848923402,610
2020-07-01,2020,7,0.6801075268817204,0.1206690561529271,0.5594384707287933,0.0071684587813619,0.0044802867383512,0.0026881720430107,0.0818399044205495,0.0104540023894862,0.0713859020310633,0.0017921146953405,0.001194743130227,0.0005973715651135,0.0164277180406212,0.0065710872162485,0.0098566308243727,0.0146356033452807,0.0065710872162485,0.0080645161290322,0.0008960573476701999,0.0005973715651135,0.0002986857825567,0.0008960573476702,0.0008960573476702,0.0,0.0528673835125447,0.0029868578255675,0.0498805256869772,0.0259856630824372,0.0218040621266427,0.0041816009557945,0.0080645161290322,0.007168458781362,0.0008960573476702,0.0451015531660692,0.0200119474313022,0.025089605734767,0.0173237753882914,0.0086618876941457,0.0086618876941457,0.0068697729988052006,0.0008960573476702,0.005973715651135,0.003584229390681,0.001194743130227,0.002389486260454,0.0077658303464755,0.0041816009557945,0.003584229390681,0.008363201911589,0.004778972520908,0.003584229390681,0.0056750298685782005,0.0005973715651135,0.0050776583034647,0.0014934289127837,0.001194743130227,0.0002986857825567,0.0113500597371564,0.0020908004778972,0.0092592592592592,0.0122461170848267,0.0032855436081242,0.0089605734767025,755
2020-08-01,2020,8,0.6967349197565025,0.1754288876591035,0.521306032097399,0.0011068068622024,0.0005534034311012,0.0005534034311012,0.07249584947426671,0.0077476480354178,0.0647482014388489,0.0002767017155506,0.0002767017155506,0.0,0.0157719977863862,0.0049806308799114,0.0107913669064748,0.0124515771997785,0.0074709463198671,0.0049806308799114,0.0008301051466519,0.0,0.0008301051466519,0.0,0.0,0.0,0.0290536801328167,0.0044272274488101,0.0246264526840066,0.09573879358052019,0.0896513558384062,0.006087437742114,0.0005534034311012,0.0005534034311012,0.0,0.0354178195904813,0.0218594355285002,0.0135583840619811,0.0163254012174874,0.0080243497509684,0.008301051466519,0.0011068068622025,0.0002767017155506,0.0008301051466519,0.0016602102933037,0.0011068068622025,0.0005534034311012,0.0033204205866075,0.0027670171555063,0.0005534034311012,0.0060874377421139,0.0055340343110127,0.0005534034311012,0.0011068068622025,0.0002767017155506,0.0008301051466519,0.0011068068622025,0.0008301051466519,0.0002767017155506,0.009961261759822801,0.0027670171555063,0.0071942446043165,0.0085777531820696,0.0044272274488101,0.0041505257332595,1203
2020-09-01,2020,9,0.7277034559643254,0.1468784838350055,0.5808249721293199,0.006967670011148199,0.0041806020066889,0.0027870680044593,0.0791527313266442,0.0052954292084726,0.0738573021181716,0.0002787068004459,0.0,0.0002787068004459,0.0214604236343365,0.0080824972129319,0.0133779264214046,0.0114269788182831,0.0055741360089186,0.0058528428093645,0.0013935340022296,0.0002787068004459,0.0011148272017837,0.0002787068004459,0.0002787068004459,0.0,0.0579710144927535,0.0066889632107023,0.0512820512820512,0.0055741360089185,0.0047380156075808,0.0008361204013377,0.0002787068004459,0.0002787068004459,0.0,0.0323299888517279,0.0156075808249721,0.0167224080267558,0.0284280936454848,0.0105908584169453,0.0178372352285395,0.0016722408026755,0.0,0.0016722408026755,0.0022296544035674,0.0011148272017837,0.0011148272017837,0.008082497212931899,0.0050167224080267,0.0030657748049052,0.0019509476031214,0.0013935340022296,0.0005574136008918,0.0022296544035673,0.0005574136008918,0.0016722408026755,0.0030657748049052,0.0019509476031215,0.0011148272017837,0.0064102564102563,0.0016722408026755,0.0047380156075808,0.010033444816053401,0.0041806020066889,0.0058528428093645,791
2020-10-01,2020,10,0.7376265466816647,0.140044994375703,0.5975815523059618,0.004780652418447599,0.0028121484814398,0.0019685039370078,0.0357142857142856,0.0036557930258717,0.0320584926884139,0.0008436445444319,0.0008436445444319,0.0,0.0160292463442069,0.0061867266591676,0.0098425196850393,0.0070303712035994,0.0033745781777277,0.0036557930258717,0.0014060742407198,0.0008436445444319,0.0005624296962879,0.0,0.0,0.0,0.0823959505061866,0.0039370078740157,0.0784589426321709,0.0036557930258717,0.0030933633295838,0.0005624296962879,0.0011248593925758,0.0008436445444319,0.0002812148481439,0.0357142857142856,0.0129358830146231,0.0227784026996625,0.0250281214848143,0.0123734533183352,0.0126546681664791,0.0281214848143981,0.0070303712035995,0.0210911136107986,0.0042182227221596,0.0008436445444319,0.0033745781777277,0.0025309336332956997,0.0022497187851518,0.0002812148481439,0.0056242969628796,0.0030933633295838,0.0025309336332958,0.0005624296962879,0.0,0.0005624296962879,0.0025309336332956997,0.0019685039370078,0.0005624296962879,0.0061867266591675,0.0005624296962879,0.0056242969628796,0.0050618672665916,0.0025309336332958,0.0025309336332958,732
2020-11-01,2020,11,0.745611333538651,0.1219587311364336,0.6236526024022174,0.0018478595626731,0.0015398829688943,0.0003079765937788,0.0187865722205112,0.0018478595626732,0.016938712657838,0.0009239297813366,0.0009239297813366,0.0,0.0129350169387125,0.0049276255004619,0.0080073914382506,0.0067754850631351,0.0043116723129042,0.0024638127502309,0.0,0.0,0.0,0.0003079765937788,0.0003079765937788,0.0,0.1074838312288265,0.012011087157376,0.0954727440714505,0.0061595318755773,0.0058515552817985,0.0003079765937788,0.0003079765937788,0.0003079765937788,0.0,0.0304896827841084,0.016938712657838,0.0135509701262704,0.0237141977209731,0.0064675084693563,0.0172466892516168,0.0163227594702802,0.0021558361564521,0.0141669233138281,0.0030797659377886,0.0012319063751154,0.0018478595626732,0.0058515552817985,0.0052356020942408,0.0006159531875577,0.0040036957191252,0.0036957191253464,0.0003079765937788,0.0027717893440098,0.0009239297813366,0.0018478595626732,0.0015398829688943,0.0006159531875577,0.0009239297813366,0.0107791807822604,0.0058515552817985,0.0049276255004619,0.0055435786880197,0.0021558361564521,0.0033877425315676,636
2020-12-01,2020,12,0.7396033269353807,0.127959053103007,0.6116442738323736,0.0047984644913627,0.0028790786948176,0.0019193857965451,0.0265515035188739,0.0025591810620601,0.0239923224568138,0.00127959053103,0.00127959053103,0.0,0.0143953934740882,0.0060780550223928,0.0083173384516954,0.0060780550223928,0.0038387715930902,0.0022392834293026,0.0,0.0,0.0,0.000639795265515,0.0,0.000639795265515,0.10876519513755589,0.0140754958413307,0.0946896992962252,0.0063979526551502,0.0054382597568777,0.0009596928982725,0.00127959053103,0.00127959053103,0.0,0.0214331413947536,0.0134357005758157,0.0079974408189379,0.0188739603326934,0.0063979526551503,0.0124760076775431,0.0121561100447856,0.0028790786948176,0.009277031349968,0.0044785668586052,0.0019193857965451,0.0025591810620601,0.0063979526551503,0.0044785668586052,0.0019193857965451,0.0073576455534228,0.0060780550223928,0.00127959053103,0.0025591810620601,0.0,0.0025591810620601,0.0028790786948176,0.0019193857965451,0.0009596928982725,0.013435700575815598,0.0044785668586052,0.0089571337172104,0.0057581573896352,0.00127959053103,0.0044785668586052,643
2021-01-01,2021,1,0.747085201793722,0.1393124065769805,0.6077727952167414,0.0017937219730941,0.0005979073243647,0.0011958146487294,0.044843049327354195,0.0065769805680119,0.0382660687593423,0.0002989536621823,0.0,0.0002989536621823,0.0218236173393123,0.0092675635276532,0.0125560538116591,0.0194319880418534,0.0131539611360239,0.0062780269058295,0.0002989536621823,0.0002989536621823,0.0,0.0005979073243646,0.0002989536621823,0.0002989536621823,0.0884902840059789,0.0071748878923766,0.0813153961136023,0.0056801195814648,0.0050822122571001,0.0005979073243647,0.0005979073243647,0.0005979073243647,0.0,0.0346786248131539,0.0170403587443946,0.0176382660687593,0.0179372197309416,0.0065769805680119,0.0113602391629297,0.0065769805680117996,0.000896860986547,0.0056801195814648,0.0020926756352764,0.0011958146487294,0.000896860986547,0.005979073243647199,0.0038863976083707,0.0020926756352765,0.0050822122571001,0.0035874439461883,0.0014947683109118,0.000896860986547,0.0002989536621823,0.0005979073243647,0.0011958146487294,0.0011958146487294,0.0,0.005680119581464699,0.000896860986547,0.0047832585949177,0.0050822122571001,0.0020926756352765,0.0029895366218236,700
2021-02-01,2021,2,0.7764200792602378,0.1707397622192866,0.6056803170409512,0.0052840158520475,0.0033025099075297,0.0019815059445178,0.0280713342140026,0.0019815059445178,0.0260898282694848,0.0,0.0,0.0,0.0191545574636723,0.0085865257595772,0.0105680317040951,0.0085865257595772,0.0039630118890356,0.0046235138705416,0.0006605019815058,0.0003302509907529,0.0003302509907529,0.0006605019815059,0.0,0.0006605019815059,0.0693527080581241,0.0056142668428005,0.0637384412153236,0.0039630118890356,0.0029722589167767,0.0009907529722589,0.0003302509907529,0.0003302509907529,0.0,0.034676354029061995,0.0161822985468956,0.0184940554821664,0.0161822985468956,0.0069352708058124,0.0092470277410832,0.0029722589167767,0.0006605019815059,0.0023117569352708,0.0013210039630118,0.0009907529722589,0.0003302509907529,0.0135402906208718,0.0092470277410832,0.0042932628797886,0.0036327608982826,0.0013210039630118,0.0023117569352708,0.0036327608982826003,0.0003302509907529,0.0033025099075297,0.0023117569352707,0.0009907529722589,0.0013210039630118,0.0066050198150594,0.0023117569352708,0.0042932628797886,0.0095772787318361,0.0036327608982826,0.0059445178335535,719
2021-03-01,2021,3,0.7509771077610273,0.1460078168620882,0.6049692908989391,0.0041876046901171,0.0027917364600781,0.001395868230039,0.0351758793969848,0.0047459519821328,0.030429927414852,0.0008375209380234,0.0008375209380234,0.0,0.0175879396984924,0.0083752093802345,0.0092127303182579,0.0159128978224455,0.0058626465661641,0.0100502512562814,0.0008375209380234,0.0008375209380234,0.0,0.0011166945840312,0.0002791736460078,0.0008375209380234,0.0569514237855946,0.0055834729201563,0.0513679508654383,0.0055834729201563,0.0050251256281407,0.0005583472920156,0.0016750418760469,0.0016750418760469,0.0,0.0471803461753209,0.0198213288665549,0.027359017308766,0.0332216638749301,0.0150753768844221,0.018146286990508,0.004466778336125,0.0005583472920156,0.0039084310441094,0.0025125628140702998,0.0008375209380234,0.0016750418760469,0.0120044667783361,0.0103294249022892,0.0016750418760469,0.0025125628140702998,0.0016750418760469,0.0008375209380234,0.0008375209380234001,0.0002791736460078,0.0005583472920156,0.0016750418760468,0.0008375209380234,0.0008375209380234,0.007816862088218801,0.0002791736460078,0.007537688442211,0.0080960357342266,0.0036292573981016,0.004466778336125,828
2021-04-01,2021,4,0.7439785905441569,0.1171573000297353,0.6268212905144216,0.0059470710674991,0.0032708890871245,0.0026761819803746,0.047576568539993896,0.0107047279214986,0.0368718406184953,0.0017841213202496,0.0008920606601248,0.0008920606601248,0.0169491525423728,0.0092179601546238,0.007731192387749,0.0092179601546238,0.0062444246208742,0.0029735355337496,0.0005947071067498,0.0002973535533749,0.0002973535533749,0.0,0.0,0.0,0.0651204281891168,0.0053523639607493,0.0597680642283675,0.007136485280999,0.0068391317276241,0.0002973535533749,0.0020814748736247,0.0020814748736247,0.0,0.0344930121914956,0.0145703241153731,0.0199226880761225,0.0344930121914956,0.0142729705619982,0.0202200416294974,0.0044603033006244,0.0005947071067499,0.0038655961938745,0.0044603033006243,0.0017841213202497,0.0026761819803746,0.0044603033006244,0.0023788284269997,0.0020814748736247,0.0038655961938744,0.0035682426404995,0.0002973535533749,0.0023788284269996,0.0002973535533749,0.0020814748736247,0.0020814748736247,0.0020814748736247,0.0,0.0038655961938744,0.0008920606601248,0.0029735355337496,0.0092179601546237,0.0041629497472494,0.0050550104073743,687
2021-05-01,2021,5,0.7456213511259382,0.1095357242146232,0.636085626911315,0.0022240756185709,0.0008340283569641,0.0013900472616068,0.0355852098971364,0.0041701417848206,0.0314150681123158,0.0002780094523213,0.0002780094523213,0.0,0.0122324159021406,0.0038921323324993,0.0083402835696413,0.0066722268557129994,0.0019460661662496,0.0047261606894634,0.0005560189046427,0.0,0.0005560189046427,0.0,0.0,0.0,0.1006394217403391,0.012510425354462,0.0881289963858771,0.003058103975535,0.0027800945232137,0.0002780094523213,0.0008340283569641,0.0008340283569641,0.0,0.019182652210175,0.006672226855713,0.012510425354462,0.0325271059216012,0.0094523213789268,0.0230747845426744,0.020572699471781898,0.004448151237142,0.0161245482346399,0.0036141228801778,0.0008340283569641,0.0027800945232137,0.0025020850708923,0.0019460661662496,0.0005560189046427,0.0025020850708923,0.0019460661662496,0.0005560189046427,0.0016680567139281,0.0002780094523213,0.0013900472616068,0.0002780094523213,0.0,0.0002780094523213,0.008896302474284,0.0030581039755351,0.0058381984987489,0.0055601890464275,0.0019460661662496,0.0036141228801779,597
2021-06-01,2021,6,0.7581956464725937,0.1054287962234461,0.6527668502491476,0.002098085496984,0.001311303435615,0.000786782061369,0.035929714135851,0.006294256490952,0.029635457644899,0.0007867820613689999,0.000524521374246,0.000262260687123,0.011539470233412,0.003147128245476,0.008392341987936,0.004196170993968,0.002098085496984,0.002098085496984,0.0007867820613689999,0.000524521374246,0.000262260687123,0.0,0.0,0.0,0.094938368738526,0.011014948859166,0.08392341987936,0.002884867558353,0.002884867558353,0.0,0.000524521374246,0.000524521374246,0.0,0.019407290847102,0.009965906110674,0.009441384736428,0.022029897718332,0.005769735116706,0.016260162601626,0.01049042748492,0.00262260687123,0.00786782061369,0.0007867820613689999,0.000524521374246,0.000262260687123,0.009441384736427999,0.007605559926567,0.001835824809861,0.007605559926567,0.004982953055337,0.00262260687123,0.0023603461841069998,0.000262260687123,0.002098085496984,0.0007867820613689999,0.000262260687123,0.000524521374246,0.009179124049305,0.002098085496984,0.007081038552321,0.00786782061369,0.001835824809861,0.006031995803829,641
2021-07-01,2021,7,0.7714088397790055,0.0982965009208103,0.6731123388581952,0.009438305709023799,0.0064456721915285,0.0029926335174953,0.0444290976058931,0.0064456721915285,0.0379834254143646,0.0009208103130755,0.0009208103130755,0.0,0.0154235727440146,0.0062154696132596,0.009208103130755,0.0096685082872927,0.0034530386740331,0.0062154696132596,0.0004604051565377,0.0004604051565377,0.0,0.0004604051565377,0.0004604051565377,0.0,0.0490331491712707,0.0039134438305709,0.0451197053406998,0.0039134438305708005,0.0034530386740331,0.0004604051565377,0.0002302025782688,0.0002302025782688,0.0,0.029696132596685,0.0096685082872928,0.0200276243093922,0.0285451197053406,0.0124309392265193,0.0161141804788213,0.0055248618784529,0.0013812154696132,0.0041436464088397,0.0023020257826887,0.0004604051565377,0.001841620626151,0.0122007366482504,0.0096685082872928,0.0025322283609576,0.0050644567219152,0.003683241252302,0.0013812154696132,0.0009208103130755,0.0,0.0009208103130755,0.0023020257826886,0.0011510128913443,0.0011510128913443,0.0096685082872927,0.0020718232044198,0.0075966850828729,0.005755064456721901,0.001841620626151,0.0039134438305709,741
2021-08-01,2021,8,0.8086918541166193,0.1190216204411443,0.689670233675475,0.004367765887748299,0.0028390478270364,0.0015287180607119,0.0235859357938413,0.0039309892989735,0.0196549464948678,0.0004367765887748,0.0002183882943874,0.0002183882943874,0.0133216859576326,0.0065516488316226,0.00677003712601,0.002620659532649,0.0015287180607119,0.0010919414719371,0.0004367765887748,0.0002183882943874,0.0002183882943874,0.0002183882943874,0.0,0.0002183882943874,0.0569993448351168,0.0074252020091723,0.0495741428259445,0.0024022712382615,0.0017471063550993,0.0006551648831622,0.0002183882943874,0.0,0.0002183882943874,0.0198733347892552,0.0098274732474339,0.0100458615418213,0.019218169906092902,0.0039309892989735,0.0152871806071194,0.023367547499454,0.0076435903035597,0.0157239571958943,0.0015287180607118,0.0006551648831622,0.0008735531775496,0.006551648831622601,0.0054597073596855,0.0010919414719371,0.0039309892989734,0.0030574361214238,0.0008735531775496,0.001091941471937,0.0004367765887748,0.0006551648831622,0.0008735531775496,0.0004367765887748,0.0004367765887748,0.0056780956540728,0.0015287180607119,0.0041493775933609,0.0056780956540729,0.0021838829438742,0.0034942127101987,813
2021-09-01,2021,9,0.8160943753949863,0.109542869180535,0.7065515062144513,0.0016852749104696,0.0008426374552348,0.0008426374552348,0.0297029702970296,0.0033705498209395,0.0263324204760901,0.0002106593638087,0.0002106593638087,0.0,0.018327364651358702,0.0082157151885401,0.0101116494628186,0.0056878028228354,0.0033705498209395,0.0023172530018959,0.0016852749104697,0.0002106593638087,0.001474615546661,0.0002106593638087,0.0,0.0002106593638087,0.0381293448493785,0.0050558247314093,0.0330735201179692,0.0035812091847482,0.0033705498209395,0.0002106593638087,0.0006319780914261,0.0006319780914261,0.0,0.0212765957446808,0.0082157151885401,0.0130608805561407,0.0204339582894459,0.0071624183694965,0.0132715399199494,0.0092690120075836,0.0027385717295133,0.0065304402780703,0.0008426374552348,0.0004213187276174,0.0004213187276174,0.0037918685485569,0.0025279123657046,0.0012639561828523,0.0075837370971139,0.0050558247314093,0.0025279123657046,0.0014746155466609,0.0006319780914261,0.0008426374552348,0.0012639561828522,0.0004213187276174,0.0008426374552348,0.0117969243732883,0.0023172530018959,0.0094796713713924,0.0088476932799662,0.0037918685485569,0.0050558247314093,788
2021-10-01,2021,10,0.8211754897874113,0.1154647769904126,0.7057107127969987,0.0041684035014588,0.0029178824510212,0.0012505210504376,0.019591496456856997,0.0022926219258024,0.0172988745310546,0.0006252605252188,0.0,0.0006252605252188,0.019174656106711,0.007711546477699,0.011463109629012,0.0116715298040849,0.007711546477699,0.0039599833263859,0.0008336807002916,0.0004168403501458,0.0004168403501458,0.0002084201750729,0.0002084201750729,0.0,0.0345977490621091,0.0025010421008753,0.0320967069612338,0.0029178824510212,0.0029178824510212,0.0,0.0002084201750729,0.0002084201750729,0.0,0.027094622759483,0.0175072947061275,0.0095873280533555,0.0256356815339723,0.007503126302626,0.0181325552313463,0.00354314297624,0.0008336807002917,0.0027094622759483,0.0014589412255105,0.0004168403501458,0.0010421008753647,0.0085452271779908,0.0054189245518966,0.0031263026260942,0.0039599833263859,0.0031263026260942,0.0008336807002917,0.0012505210504376,0.0002084201750729,0.0010421008753647,0.0025010421008752,0.0012505210504376,0.0012505210504376,0.0110462692788661,0.0018757815756565,0.0091704877032096,0.0070862859524800995,0.0014589412255106,0.0056273447269695,849
2021-11-01,2021,11,0.7928100404169325,0.112529249095937,0.6802807913209955,0.0057434588385449,0.0040416932567538,0.0017017655817911,0.0231865560519037,0.0021272069772388,0.0210593490746649,0.0,0.0,0.0,0.0204211869814932,0.0082961072112316,0.0121250797702616,0.0070197830248882,0.0038289725590299,0.0031908104658583,0.0004254413954477,0.0,0.0004254413954477,0.0010636034886193002,0.0006381620931716,0.0004254413954477,0.058498191874069294,0.0089342693044033,0.049563922569666,0.0042544139544777,0.0025526483726866,0.0017017655817911,0.0006381620931716,0.0006381620931716,0.0,0.0233992767496276,0.0121250797702616,0.011274196979366,0.0204211869814932,0.0053180174430972,0.015103169538396,0.003616251861306,0.0006381620931716,0.0029780897681344,0.0029780897681343,0.0010636034886194,0.0019144862795149,0.0121250797702616,0.0085088279089555,0.0036162518613061,0.0046798553499255,0.0036162518613061,0.0010636034886194,0.0010636034886194,0.0,0.0010636034886194,0.0023399276749626,0.0019144862795149,0.0004254413954477,0.014252286747500401,0.0019144862795149,0.0123378004679855,0.007019783024888201,0.0027653690704105,0.0042544139544777,835
2021-12-01,2021,12,0.8224096906770495,0.1122647631408176,0.7101449275362319,0.0041098853558295,0.0023794073112697,0.0017304780445598,0.0186026389790178,0.0010815487778498,0.017521090201168,0.0,0.0,0.0,0.0216309755569975,0.0093013194895089,0.0123296560674886,0.0064892926670992,0.0032446463335496,0.0032446463335496,0.0010815487778498,0.0008652390222799,0.0002163097555699,0.0,0.0,0.0,0.0432619511139952,0.0045425048669695,0.0387194462470257,0.0038935756002594,0.0028120268224096,0.0010815487778498,0.0006489292667099,0.0006489292667099,0.0,0.023794073112697302,0.0105991780229288,0.0131948950897685,0.0147090633787583,0.0038935756002595,0.0108154877784988,0.0008652390222799,0.0,0.0008652390222799,0.0021630975556997,0.0012978585334198,0.0008652390222799,0.0116807268007786,0.0058403634003893,0.0058403634003893,0.0067056024226692,0.0049751243781094,0.0017304780445598,0.0008652390222799,0.0,0.0008652390222799,0.0019467878001297,0.0010815487778498,0.0008652390222799,0.0127622755786285,0.0038935756002595,0.008868699978369,0.0069219121782392,0.0015141682889898,0.0054077438892494,780
2022-01-01,2022,1,0.826457399103139,0.131390134529148,0.695067264573991,0.0040358744394618,0.0020179372197309,0.0020179372197309,0.017488789237668,0.0024663677130044,0.0150224215246636,0.0002242152466367,0.0002242152466367,0.0,0.0251121076233183,0.0096412556053811,0.0154708520179372,0.0042600896860985,0.0031390134529147,0.0011210762331838,0.0002242152466367,0.0,0.0002242152466367,0.0006726457399102,0.0004484304932735,0.0002242152466367,0.0401345291479819,0.0049327354260089,0.035201793721973,0.0040358744394617995,0.0026905829596412,0.0013452914798206,0.0011210762331838,0.0011210762331838,0.0,0.0233183856502241,0.0091928251121076,0.0141255605381165,0.0139013452914797,0.0047085201793721,0.0091928251121076,0.0017937219730941,0.0006726457399103,0.0011210762331838,0.0020179372197308,0.0011210762331838,0.000896860986547,0.0069506726457398,0.0038116591928251,0.0031390134529147,0.0062780269058295,0.0042600896860986,0.0020179372197309,0.0006726457399103,0.0,0.0006726457399103,0.0015695067264573002,0.0011210762331838,0.0004484304932735,0.0139013452914797,0.0013452914798206,0.0125560538116591,0.008968609865470701,0.0031390134529147,0.005829596412556,827
2022-02-01,2022,2,0.8031209362808842,0.1386215864759427,0.6644993498049415,0.0039011703511052,0.0023407022106631,0.0015604681404421,0.0231469440832248,0.0033810143042912,0.0197659297789336,0.000260078023407,0.0,0.000260078023407,0.0275682704811443,0.01222366710013,0.0153446033810143,0.0049414824447333,0.0039011703511053,0.001040312093628,0.0007802340702209999,0.000520156046814,0.000260078023407,0.0,0.0,0.0,0.0353706111833549,0.0036410923276983,0.0317295188556566,0.0023407022106631,0.0020806241872561,0.000260078023407,0.000780234070221,0.000780234070221,0.0,0.027828348504551202,0.0137841352405721,0.0140442132639791,0.0218465539661898,0.0083224967490247,0.0135240572171651,0.001300390117035,0.000260078023407,0.001040312093628,0.001040312093628,0.000780234070221,0.000260078023407,0.013524057217165101,0.0098829648894668,0.0036410923276983,0.0036410923276981996,0.0023407022106631,0.0013003901170351,0.0013003901170351,0.0,0.0013003901170351,0.0015604681404421,0.0013003901170351,0.000260078023407,0.017165149544863402,0.0028608582574772,0.0143042912873862,0.011963589076722899,0.0044213263979193,0.0075422626788036,802
2022-03-01,2022,3,0.8292626728110598,0.1407834101382488,0.688479262672811,0.0034562211981566003,0.0027649769585253,0.0006912442396313,0.018202764976958496,0.002073732718894,0.0161290322580645,0.0004608294930875,0.0004608294930875,0.0,0.0336405529953916,0.0175115207373271,0.0161290322580645,0.0052995391705068,0.0043778801843317,0.0009216589861751,0.000921658986175,0.0006912442396313,0.0002304147465437,0.0004608294930875,0.0004608294930875,0.0,0.0214285714285713,0.0043778801843317,0.0170506912442396,0.005529953917050599,0.004147465437788,0.0013824884792626,0.0006912442396313,0.0006912442396313,0.0,0.017511520737327098,0.0096774193548387,0.0078341013824884,0.022119815668202703,0.0071428571428571,0.0149769585253456,0.0020737327188939,0.0018433179723502,0.0002304147465437,0.0034562211981566,0.0025345622119815,0.0009216589861751,0.0154377880184331,0.0129032258064516,0.0025345622119815,0.0069124423963133,0.0052995391705069,0.0016129032258064,0.0009216589861751,0.0,0.0009216589861751,0.0011520737327188,0.0006912442396313,0.0004608294930875,0.0099078341013824,0.0006912442396313,0.0092165898617511,0.005069124423963,0.0013824884792626,0.0036866359447004,942
2022-04-01,2022,4,0.7718057520037718,0.2126355492692126,0.5591702027345592,0.0035360678925033997,0.0023573785950023,0.0011786892975011,0.014851485148514799,0.0047147571900047,0.0101367279585101,0.0033003300330033,0.0033003300330033,0.0,0.0313531353135313,0.0245167373880245,0.0068363979255068,0.0054219707685053,0.0049504950495049,0.0004714757190004,0.0047147571900046,0.0044790193305044,0.0002357378595002,0.0,0.0,0.0,0.0089580386610089,0.0028288543140028,0.0061291843470061,0.0051862329090051,0.0047147571900047,0.0004714757190004,0.0004714757190004,0.0004714757190004,0.0,0.0165016501650164,0.0117868929750117,0.0047147571900047,0.0169731258840168,0.0084865629420084,0.0084865629420084,0.0115511551155115,0.0087223008015087,0.0028288543140028,0.0035360678925035,0.0021216407355021,0.0014144271570014,0.0525695426685525,0.0464403583215464,0.0061291843470061,0.026638378123526502,0.024045261669024,0.0025931164545025,0.0007072135785007,0.0007072135785007,0.0,0.003064592173503,0.0023573785950023,0.0007072135785007,0.012729844413012701,0.0054219707685054,0.0073078736445073,0.0091937765205091,0.0066006600660066,0.0025931164545025,1604
2022-05-01,2022,5,0.7643097643097642,0.1952861952861952,0.569023569023569,0.0014730639730639,0.0012626262626262,0.0002104377104377,0.0277777777777777,0.0086279461279461,0.0191498316498316,0.0004208754208754,0.0004208754208754,0.0,0.0250420875420874,0.0170454545454545,0.0079966329966329,0.0075757575757575,0.0042087542087542,0.0033670033670033,0.0012626262626262,0.0008417508417508,0.0004208754208754,0.0,0.0,0.0,0.0151515151515151,0.0048400673400673,0.0103114478114478,0.0071548821548821,0.0067340067340067,0.0004208754208754,0.0,0.0,0.0,0.0265151515151515,0.0164141414141414,0.0101010101010101,0.016624579124579,0.0079966329966329,0.0086279461279461,0.014730639730639601,0.0090488215488215,0.0056818181818181,0.0098905723905723,0.006523569023569,0.0033670033670033,0.0315656565656564,0.0277777777777777,0.0037878787878787,0.015151515151515001,0.0136784511784511,0.0014730639730639,0.0008417508417508,0.0002104377104377,0.0006313131313131,0.003577441077441,0.0021043771043771,0.0014730639730639,0.0122053872053871,0.006523569023569,0.0056818181818181,0.0208333333333332,0.0113636363636363,0.0094696969696969,1613
2022-06-01,2022,6,0.8234599952796791,0.1477460467311777,0.6757139485485013,0.0030682086381873,0.002124144441822,0.0009440641963653,0.0238376209582251,0.0049563370309181,0.018881283927307,0.0,0.0,0.0,0.0257257493509558,0.0148690110927543,0.0108567382582015,0.005664385178192,0.0030682086381873,0.0025961765400047,0.0009440641963653,0.0009440641963653,0.0,0.0002360160490913,0.0002360160490913,0.0,0.0136889308472975,0.0011800802454566,0.0125088506018409,0.0059004012272834,0.0051923530800094,0.000708048147274,0.0011800802454566,0.0011800802454566,0.0,0.029265990087325798,0.0165211234363936,0.0127448666509322,0.021713476516403,0.0094406419636535,0.0122728345527495,0.0018881283927306,0.000708048147274,0.0011800802454566,0.0016521123436393,0.001416096294548,0.0002360160490913,0.0136889308472976,0.0118008024545669,0.0018881283927307,0.0044843049327353,0.0040122728345527,0.0004720320981826,0.0004720320981826,0.0002360160490913,0.0002360160490913,0.0014160962945479,0.0011800802454566,0.0002360160490913,0.017229171583667602,0.0023601604909133,0.0148690110927543,0.0082605617181967,0.002832192589096,0.0054283691291007,973
2022-07-01,2022,7,0.7405299313052012,0.2123650637880274,0.5281648675171737,0.0041216879293424005,0.0031403336604514,0.000981354268891,0.0241413150147202,0.0054955839057899,0.0186457311089303,0.0005888125613346,0.0005888125613346,0.0,0.0290480863591756,0.0190382728164867,0.0100098135426889,0.0082433758586849,0.0072620215897939,0.000981354268891,0.0072620215897939,0.0070657507360157,0.0001962708537782,0.0,0.0,0.0,0.014916584887144101,0.0039254170755642,0.0109911678115799,0.0302257114818448,0.029440628066732,0.0007850834151128,0.000981354268891,0.000981354268891,0.0,0.0200196270853777,0.0151128557409224,0.0049067713444553,0.0109911678115799,0.0066732090284592,0.0043179587831207,0.0107948969578017,0.0076545632973503,0.0031403336604514,0.0045142296368988,0.0035328753680078,0.000981354268891,0.036506378802747694,0.0343473994111874,0.0021589793915603,0.0237487733071638,0.0235525024533856,0.0001962708537782,0.0041216879293424,0.0035328753680078,0.0005888125613346,0.0027477919528949004,0.0019627085377821,0.0007850834151128,0.0096172718351323,0.0013738959764474,0.0082433758586849,0.016094210009813398,0.0096172718351324,0.006476938174681,1995
2022-08-01,2022,8,0.7957565366480926,0.1682383197599657,0.6275182168881269,0.0072867552507501,0.0057865409344192,0.0015002143163309,0.041577368195456404,0.0120017145306472,0.0295756536648092,0.0008572653236176,0.0008572653236176,0.0,0.030218602657522402,0.021217316759537,0.0090012858979854,0.009858551221603,0.0057865409344192,0.0040720102871838,0.0015002143163308,0.0012858979854264,0.0002143163309044,0.0,0.0,0.0,0.0169309901414487,0.0032147449635662,0.0137162451778825,0.0032147449635662,0.0030004286326618,0.0002143163309044,0.0,0.0,0.0,0.027432490355764998,0.0162880411487355,0.0111444492070295,0.0220745820831546,0.0083583369052721,0.0137162451778825,0.0032147449635662,0.0017145306472353,0.0015002143163309,0.0015002143163308,0.0004286326618088,0.001071581654522,0.010715816545220701,0.0090012858979854,0.0017145306472353,0.0015002143163308,0.0012858979854264,0.0002143163309044,0.0012858979854264,0.0008572653236176,0.0004286326618088,0.0019288469781397,0.0019288469781397,0.0,0.0177882554650663,0.0023574796399485,0.0154307758251178,0.010715816545220701,0.0019288469781397,0.008786969567081,1224
2022-09-01,2022,9,0.825245039445374,0.1838393497489839,0.6414056896963901,0.0057375089648576,0.0040640688501075,0.0016734401147501,0.025818790341859802,0.0033468802295003,0.0224719101123595,0.0002390628735357,0.0002390628735357,0.0,0.0353813052832894,0.0207984699976093,0.0145828352856801,0.006454697585464899,0.0050203203442505,0.0014343772412144,0.0023906287353573,0.0023906287353573,0.0,0.0,0.0,0.0,0.0191250298828591,0.0026296916088931,0.016495338273966,0.0031078173559646,0.0031078173559646,0.0,0.0009562514941429,0.0009562514941429,0.0,0.024145350227109598,0.0129093951709299,0.0112359550561797,0.019842218503466298,0.0088453263208223,0.010996892182644,0.0014343772412144,0.0007171886206072,0.0007171886206072,0.0014343772412143,0.0009562514941429,0.0004781257470714,0.0045421945971788995,0.0033468802295003,0.0011953143676786,0.0033468802295002,0.0023906287353573,0.0009562514941429,0.0,0.0,0.0,0.0019125029882858,0.0014343772412144,0.0004781257470714,0.0121922065503226,0.0009562514941429,0.0112359550561797,0.0088453263208222,0.0023906287353573,0.0064546975854649,1078
2022-10-01,2022,10,0.8199216047959418,0.1431865344708323,0.6767350703251095,0.0041503343324878,0.0032280378141572,0.0009222965183306,0.0198293751441088,0.0023057412958266,0.0175236338482822,0.0,0.0,0.0,0.02167396818077,0.010836984090385,0.010836984090385,0.0108369840903849,0.0059949273691491,0.0048420567212358,0.0011528706479133,0.0,0.0011528706479133,0.0002305741295826,0.0,0.0002305741295826,0.0205210975328567,0.0032280378141572,0.0172930597186995,0.0050726308508184,0.0043809084620705,0.0006917223887479,0.0025363154254092,0.0025363154254092,0.0,0.031819229882407096,0.0163707632003689,0.0154484666820382,0.036661286603643,0.0138344477749596,0.0228268388286834,0.0004611482591653,0.0004611482591653,0.0,0.0013834447774958999,0.0004611482591653,0.0009222965183306,0.0062255014987317005,0.0053032049804011,0.0009222965183306,0.0013834447774958999,0.0009222965183306,0.0004611482591653,0.0006917223887479,0.0,0.0006917223887479,0.0039197602029051,0.0018445930366612,0.0020751671662439,0.0117592806087156,0.0023057412958266,0.009453539312889,0.0062255014987317,0.0018445930366612,0.0043809084620705,937
2022-11-01,2022,11,0.8206267539756781,0.1447614593077642,0.6758652946679139,0.0028063610851262,0.0021047708138447,0.0007015902712815,0.0289990645463049,0.0023386342376052,0.0266604303086997,0.0014031805425630999,0.0011693171188026,0.0002338634237605,0.0229186155285312,0.0116931711880261,0.0112254443405051,0.0140318054256314,0.0051449953227315,0.0088868101028999,0.000935453695042,0.000467726847521,0.000467726847521,0.000467726847521,0.0,0.000467726847521,0.0163704396632366,0.0035079513564078,0.0128624883068288,0.005846585594013,0.0051449953227315,0.0007015902712815,0.000935453695042,0.000935453695042,0.0,0.030869971936389,0.0133302151543498,0.0175397567820392,0.024789522918615498,0.0088868101028999,0.0159027128157156,0.000467726847521,0.0002338634237605,0.0002338634237605,0.0014031805425630001,0.000467726847521,0.000935453695042,0.0088868101028998,0.0084190832553788,0.000467726847521,0.001870907390084,0.000935453695042,0.000935453695042,0.0016370439663236,0.0,0.0016370439663236,0.0035079513564077003,0.0028063610851262,0.0007015902712815,0.0102899906454629,0.0025724976613657,0.0077174929840972,0.010289990645463,0.0032740879326473,0.0070159027128157,920
2022-12-01,2022,12,0.8258739701625473,0.1182364729458917,0.7076374972166556,0.0031173458027164,0.0024493431307058,0.0006680026720106,0.0322867958138499,0.0055666889334224,0.0267201068804275,0.0004453351146737,0.0,0.0004453351146737,0.021153417947005,0.0113560454241816,0.0097973725228234,0.012692050768203,0.0075706969494544,0.0051213538187486,0.0002226675573368,0.0002226675573368,0.0,0.0,0.0,0.0,0.0244934313070585,0.004230683589401,0.0202627477176575,0.0095747049654864,0.008461367178802,0.0011133377866844,0.0024493431307058,0.0024493431307058,0.0,0.0227120908483633,0.0093520374081496,0.0133600534402137,0.022934758405700202,0.0069026942774437,0.0160320641282565,0.0,0.0,0.0,0.001781340458695,0.0011133377866844,0.0006680026720106,0.0033400133600533,0.0024493431307058,0.0008906702293475,0.0033400133600533,0.0028946782453796,0.0004453351146737,0.0013360053440212,0.0002226675573368,0.0011133377866844,0.0020040080160319,0.0011133377866844,0.0008906702293475,0.0084613671788019,0.0015586729013582,0.0069026942774437,0.0091293698508126,0.0026720106880427,0.0064573591627699,829
2023-01-01,2023,1,0.7964300040112314,0.1470116325711993,0.6494183714400321,0.0042117930204572,0.0020056157240272,0.00220617729643,0.029883674288006302,0.0042117930204572,0.0256718812675491,0.0004011231448054,0.0004011231448054,0.0,0.02647412755716,0.0148415563578018,0.0116325711993582,0.008022462896109,0.0048134777376654,0.0032089851584436,0.0004011231448054,0.0002005615724027,0.0002005615724027,0.0006016847172081,0.0004011231448054,0.0002005615724027,0.0142398716405936,0.0008022462896109,0.0134376253509827,0.0170477336542318,0.0160449257922182,0.0010028078620136,0.0074207781789008,0.0072202166064981,0.0002005615724027,0.0383072603289209,0.0186522262334536,0.0196550340954673,0.0240673886883272,0.0078219013237063,0.0162454873646209,0.0004011231448054,0.0002005615724027,0.0002005615724027,0.001403931006819,0.0006016847172081,0.0008022462896109,0.0062174087444845,0.0062174087444845,0.0,0.0064179703168872,0.0052146008824709,0.0012033694344163,0.0008022462896108,0.0004011231448054,0.0004011231448054,0.0034095467308463,0.0026073004412354,0.0008022462896109,0.0128359406337745,0.0024067388688327,0.0104292017649418,0.0072202166064981,0.0024067388688327,0.0048134777376654,1199
2023-02-01,2023,2,0.7919741697416973,0.165590405904059,0.6263837638376384,0.003920664206642,0.0018450184501845,0.0020756457564575,0.0239852398523985,0.0048431734317343,0.0191420664206642,0.000230627306273,0.000230627306273,0.0,0.0285977859778597,0.014990774907749,0.0136070110701107,0.0089944649446493,0.0046125461254612,0.0043819188191881,0.0011531365313652,0.0006918819188191,0.0004612546125461,0.0,0.0,0.0,0.0177583025830257,0.0043819188191881,0.0133763837638376,0.0138376383763837,0.0133763837638376,0.0004612546125461,0.0163745387453874,0.0163745387453874,0.0,0.0299815498154981,0.0133763837638376,0.0166051660516605,0.0191420664206641,0.007610701107011,0.0115313653136531,0.000230627306273,0.000230627306273,0.0,0.0018450184501844,0.0013837638376383,0.0004612546125461,0.013145756457564502,0.0096863468634686,0.0034594095940959,0.0066881918819187,0.0057656826568265,0.0009225092250922,0.0011531365313652,0.0006918819188191,0.0004612546125461,0.0016143911439114,0.0011531365313653,0.0004612546125461,0.0168357933579335,0.0032287822878228,0.0136070110701107,0.0083025830258302,0.0041512915129151,0.0041512915129151,1177
2023-03-01,2023,3,0.8032576082297471,0.1579511358765538,0.6453064723531933,0.0062151735962279,0.0042863266180882,0.0019288469781397,0.029147021003000297,0.0038576939562794,0.0252893270467209,0.0004286326618088,0.0002143163309044,0.0002143163309044,0.0216459494213458,0.0135019288469781,0.0081440205743677,0.0102871838834118,0.0070724389198456,0.0032147449635662,0.0004286326618088,0.0,0.0004286326618088,0.0002143163309044,0.0,0.0002143163309044,0.0141448778396913,0.0019288469781397,0.0122160308615516,0.0117873981997427,0.0111444492070295,0.0006429489927132,0.0092156022288898,0.0092156022288898,0.0,0.0319331333047577,0.0192884697813973,0.0126446635233604,0.0171453064723531,0.0090012858979854,0.0081440205743677,0.001071581654522,0.0008572653236176,0.0002143163309044,0.0025717959708529,0.0017145306472353,0.0008572653236176,0.018645520788684,0.0139305615087869,0.0047149592798971,0.004500642948992601,0.0032147449635662,0.0012858979854264,0.0012858979854264,0.0004286326618088,0.0008572653236176,0.0027861123017573,0.0017145306472353,0.001071581654522,0.0092156022288897,0.0012858979854264,0.0079297042434633,0.010715816545220701,0.0032147449635662,0.0075010715816545,1206
2023-04-01,2023,4,0.8199791883454733,0.1482830385015608,0.6716961498439126,0.0046826222684702,0.0023413111342351,0.0023413111342351,0.0254942767950051,0.0028616024973985,0.0226326742976066,0.0013007284079083,0.0010405827263267,0.0002601456815816,0.0273152965660769,0.0143080124869927,0.0130072840790842,0.0093652445369406,0.0059833506763787,0.0033818938605619,0.0005202913631633,0.0,0.0005202913631633,0.0002601456815816,0.0002601456815816,0.0,0.0187304890738813,0.0031217481789802,0.0156087408949011,0.0078043704474505,0.0072840790842872,0.0005202913631633,0.0018210197710718,0.0018210197710718,0.0,0.0208116545265348,0.0127471383975026,0.0080645161290322,0.030176899063475503,0.0195109261186264,0.0106659729448491,0.0010405827263266,0.0005202913631633,0.0005202913631633,0.0018210197710716999,0.0005202913631633,0.0013007284079084,0.0059833506763787,0.0044224765868886,0.0015608740894901,0.0018210197710716999,0.000780437044745,0.0010405827263267,0.0013007284079084,0.0,0.0013007284079084,0.0010405827263266,0.000780437044745,0.0002601456815816,0.012226847034339199,0.0015608740894901,0.0106659729448491,0.0119667013527575,0.0046826222684703,0.0072840790842872,883
2023-05-01,2023,5,0.7969520394441955,0.1308830121021963,0.6660690273419991,0.006275212909009301,0.004034065441506,0.0022411474675033,0.0311519497982966,0.0029134917077543,0.0282384580905423,0.0004482294935006,0.0004482294935006,0.0,0.0233079336620349,0.0118780815777678,0.0114298520842671,0.0062752129090093,0.0044822949350067,0.0017929179740026,0.0017929179740026001,0.0004482294935006,0.001344688480502,0.0,0.0,0.0,0.0291349170775436,0.002689376961004,0.0264455401165396,0.008068130883012,0.0071716718960107,0.0008964589870013,0.001344688480502,0.001344688480502,0.0,0.0329448677722993,0.0145674585387718,0.0183774092335275,0.023307933662034902,0.0105333930972658,0.0127745405647691,0.0002241147467503,0.0002241147467503,0.0,0.0042581801882563,0.0011205737337516,0.0031376064545047,0.0044822949350065994,0.0024652622142536,0.002017032720753,0.005378753922007901,0.0049305244285073,0.0004482294935006,0.0008964589870013,0.0,0.0008964589870013,0.0017929179740026001,0.000672344240251,0.0011205737337516,0.0125504258180187,0.0024652622142536,0.0100851636037651,0.012774540564769,0.0035858359480053,0.0091887046167637,914
2023-06-01,2023,6,0.7973253400968411,0.1466451464145723,0.6506801936822688,0.0053032049804010994,0.0034586119437399,0.0018445930366612,0.0336638229190684,0.0062255014987318,0.0274383214203366,0.0004611482591653,0.0004611482591653,0.0,0.025132580124509897,0.0106064099608023,0.0145261701637076,0.008761816924141,0.0050726308508185,0.0036891860733225,0.0004611482591652,0.0002305741295826,0.0002305741295826,0.0004611482591652,0.0002305741295826,0.0002305741295826,0.0239797094765966,0.0027668895549919,0.0212128199216047,0.0066866497578971,0.0062255014987318,0.0004611482591653,0.0009222965183306,0.0009222965183306,0.0,0.0267465990315886,0.012912151256629,0.0138344477749596,0.026746599031588603,0.0099146875720544,0.0168319114595342,0.0006917223887479,0.0006917223887479,0.0,0.0023057412958265,0.0013834447774959,0.0009222965183306,0.0032280378141571996,0.0023057412958266,0.0009222965183306,0.0046114825916531,0.0032280378141572,0.0013834447774959,0.0016140189070785,0.0002305741295826,0.0013834447774959,0.0016140189070785998,0.0004611482591653,0.0011528706479133,0.0152178925524555,0.0027668895549919,0.0124510029974636,0.0200599492736914,0.0046114825916532,0.0154484666820382,946
2023-07-01,2023,7,0.8074854325414611,0.1503809950694755,0.6571044374719857,0.0035858359480053,0.002017032720753,0.0015688032272523,0.030703720304795998,0.0031376064545047,0.0275661138502913,0.0002241147467503,0.0002241147467503,0.0,0.0248767368892872,0.0109816225907664,0.0138951142985208,0.009412819363514,0.0058269834155087,0.0035858359480053,0.0022411474675033,0.001344688480502,0.0008964589870013,0.0002241147467503,0.0002241147467503,0.0,0.0208426714477812,0.001344688480502,0.0194979829672792,0.0044822949350067,0.0044822949350067,0.0,0.0002241147467503,0.0002241147467503,0.0,0.0255490811295382,0.0121021963245181,0.0134468848050201,0.0264455401165396,0.0105333930972658,0.0159121470192738,0.0002241147467503,0.0,0.0002241147467503,0.0017929179740026001,0.000672344240251,0.0011205737337516,0.0071716718960107,0.0038099506947557,0.003361721201255,0.0051546391752576,0.002689376961004,0.0024652622142536,0.0015688032272523,0.0,0.0015688032272523,0.0011205737337516,0.000672344240251,0.0004482294935006,0.0161362617660241,0.0031376064545047,0.0129986553115194,0.014119229045271001,0.0024652622142536,0.0116539668310174,954
2023-08-01,2023,8,0.820818345323741,0.1128597122302158,0.7079586330935251,0.0042715827338128,0.0029226618705035,0.0013489208633093,0.0265287769784172,0.0015737410071942,0.024955035971223,0.0002248201438848,0.0002248201438848,0.0,0.0272032374100718,0.0119154676258992,0.0152877697841726,0.0085431654676258,0.0058453237410071,0.0026978417266187,0.0011241007194243,0.0002248201438848,0.0008992805755395,0.0008992805755393999,0.0002248201438848,0.0006744604316546,0.0294514388489208,0.0024730215827338,0.026978417266187,0.0056205035971222,0.0047212230215827,0.0008992805755395,0.0006744604316546,0.0006744604316546,0.0,0.017760791366906302,0.0062949640287769,0.0114658273381294,0.0220323741007194,0.0078687050359712,0.0141636690647482,0.0008992805755393999,0.0002248201438848,0.0006744604316546,0.0008992805755394,0.0004496402877697,0.0004496402877697,0.0056205035971221996,0.0029226618705035,0.0026978417266187,0.0040467625899279,0.0033723021582733,0.0006744604316546,0.0011241007194243,0.0002248201438848,0.0008992805755395,0.0004496402877696,0.0002248201438848,0.0002248201438848,0.016411870503597,0.0031474820143884,0.0132643884892086,0.010116906474820001,0.0013489208633093,0.0087679856115107,744
2023-09-01,2023,9,0.8032196059586736,0.1432003844305622,0.6600192215281114,0.0021624219125419,0.0007208073041806,0.0014416146083613,0.0269101393560788,0.0024026910139356,0.0245074483421432,0.0004805382027871,0.0004805382027871,0.0,0.0225852955309946,0.0100913022585295,0.0124939932724651,0.008889956751561599,0.0050456511292647,0.0038443056222969,0.0002402691013935,0.0002402691013935,0.0,0.0012013455069677,0.0004805382027871,0.0007208073041806,0.0233061028351753,0.0040845747236905,0.0192215281114848,0.0045651129264775,0.004324843825084,0.0002402691013935,0.002162421912542,0.002162421912542,0.0,0.0343584814992791,0.0172993753003363,0.0170591061989428,0.029793368572801397,0.0105718404613166,0.0192215281114848,0.0,0.0,0.0,0.0007208073041806,0.0002402691013935,0.0004805382027871,0.0074483421432003,0.0026429601153291,0.0048053820278712,0.0064872657376261,0.0052859202306583,0.0012013455069678,0.0009610764055741001,0.0002402691013935,0.0007208073041806,0.0012013455069677,0.0009610764055742,0.0002402691013935,0.015377222489187799,0.0024026910139356,0.0129745314752522,0.014896684286400601,0.0031234983181162,0.0117731859682844,885
2023-10-01,2023,10,0.7743860454441129,0.1342666972687629,0.64011934817535,0.006196924489327399,0.0032132201055772,0.0029837043837502,0.0307551067248105,0.003901767271058,0.0268533394537525,0.0004590314436538,0.0004590314436538,0.0,0.028918980950195,0.0158365848060592,0.0130823961441358,0.010328207482212401,0.0068854716548083,0.0034427358274041,0.0016066100527885,0.0011475786091347,0.0004590314436538,0.0013770943309615999,0.0002295157218269,0.0011475786091347,0.0346568739958686,0.0052788616020197,0.0293780123938489,0.0057378930456735006,0.0048198301583658,0.0009180628873077,0.0018361257746155,0.0018361257746155,0.0,0.0245581822354831,0.0128528804223089,0.0117053018131742,0.0337388111085609,0.0149185219187514,0.0188202891898095,0.0004590314436538,0.0,0.0004590314436538,0.0022951572182694,0.0011475786091347,0.0011475786091347,0.010098691760385501,0.0052788616020197,0.0048198301583658,0.007574018820289101,0.0059674087675005,0.0016066100527886,0.0002295157218269,0.0,0.0002295157218269,0.0025246729400963002,0.0018361257746155,0.0006885471654808,0.0126233647004818,0.0029837043837502,0.0096396603167316,0.0160661005278861,0.0032132201055772,0.0128528804223089,972
2023-11-01,2023,11,0.7953243181297271,0.1512720605088242,0.644052257620903,0.0036672014668804997,0.0022920009168003,0.0013752005500802,0.0281916112766444,0.006417602567041,0.0217740087096034,0.00045840018336,0.00022920009168,0.00022920009168,0.028420811368324403,0.0123768049507219,0.0160440064176025,0.019252807701123,0.0135228054091221,0.0057300022920009,0.0018336007334402,0.0009168003667201,0.0009168003667201,0.0011460004584000999,0.0006876002750401,0.00045840018336,0.0272748109099243,0.0032088012835205,0.0240660096264038,0.007563603025441099,0.0057300022920009,0.0018336007334402,0.0009168003667201,0.0009168003667201,0.0,0.0295668118267246,0.0174192069676827,0.0121476048590419,0.0265872106348841,0.0110016044006417,0.0155856062342424,0.00022920009168,0.00022920009168,0.0,0.0020628008251202,0.0009168003667201,0.0011460004584001,0.0087096034838413,0.0050424020169608,0.0036672014668805,0.0121476048590418,0.0087096034838413,0.0034380013752005,0.0006876002750401,0.0,0.0006876002750401,0.0016044006417601999,0.0013752005500802,0.00022920009168,0.0100848040339215,0.0022920009168003,0.0077928031171212,0.0093972037588814,0.0022920009168003,0.0071052028420811,1031
2023-12-01,2023,12,0.8036518852264642,0.1375385345032013,0.6661133507232629,0.0014228124258950999,0.0011856770215793,0.0002371354043158,0.0419729665639079,0.0028456248517903,0.0391273417121176,0.0,0.0,0.0,0.023002134218638802,0.0111453640028456,0.0118567702157932,0.0177851553236897,0.00687692672516,0.0109082285985297,0.0004742708086316,0.0002371354043158,0.0002371354043158,0.0007114062129475001,0.0002371354043158,0.0004742708086317,0.029641925539483,0.005216978894949,0.024424946644534,0.0066397913208441,0.0059283851078966,0.0007114062129475,0.0002371354043158,0.0002371354043158,0.0,0.0248992174531657,0.0097225515769504,0.0151766658762153,0.0230021342186388,0.0056912497035807,0.0173108845150581,0.0002371354043158,0.0,0.0002371354043158,0.0037941664690537,0.0028456248517903,0.0009485416172634,0.0049798434906330995,0.0023713540431586,0.0026084894474745,0.0054541142992648,0.0045055726820014,0.0009485416172634,0.0021342186388427,0.0,0.0021342186388427,0.0016599478302109002,0.0002371354043158,0.0014228124258951,0.0111453640028455,0.0030827602561062,0.0080626037467393,0.010196822385582099,0.0023713540431586,0.0078254683424235,841
2024-01-01,2024,1,0.7673367969279422,0.1865823356674949,0.5807544612604473,0.0033882990738649003,0.0024847526541676,0.0009035464196973,0.052405692342444,0.0045177320984865,0.0478879602439575,0.0002258866049243,0.0002258866049243,0.0,0.0230404337022813,0.0119719900609893,0.011068443641292,0.0101648972215946,0.0031624124689405,0.0070024847526541,0.0006776598147729,0.0004517732098486,0.0002258866049243,0.0,0.0,0.0,0.0223627738875084,0.0051953919132595,0.0171673819742489,0.0101648972215947,0.0099390106166704,0.0002258866049243,0.0013553196295459,0.0013553196295459,0.0,0.026202846171222,0.0092613508018974,0.0169414953693246,0.032527671109103096,0.0160379489496272,0.0164897221594759,0.0004517732098486,0.0002258866049243,0.0002258866049243,0.0027106392590919,0.0024847526541676,0.0002258866049243,0.0173932685791732,0.0121978766659137,0.0051953919132595,0.0031624124689405,0.0024847526541676,0.0006776598147729,0.0022588660492431,0.0006776598147729,0.0015812062344702,0.0029365258640160997,0.0015812062344702,0.0013553196295459,0.0153602891348543,0.0040659588886379,0.0112943302462164,0.0126496498757622,0.0022588660492432,0.010390783826519,1221
2024-02-01,2024,2,0.7916764086976853,0.2186111760579845,0.5730652326397008,0.0030395136778115,0.0028057049333645,0.000233808744447,0.0425531914893616,0.005845218611176,0.0367079728781856,0.0,0.0,0.0,0.031564180500350605,0.0175356558335281,0.0140285246668225,0.0140285246668225,0.0095861585223287,0.0044423661444938,0.000467617488894,0.0,0.000467617488894,0.0,0.0,0.0,0.0137947159223754,0.0016366612111292,0.0121580547112462,0.0079494973111993,0.0077156885667523,0.000233808744447,0.000467617488894,0.000467617488894,0.0,0.0245499181669393,0.011456628477905,0.0130932896890343,0.026420388122515702,0.0151975683890577,0.011222819733458,0.0,0.0,0.0,0.0030395136778114,0.0014028524666822,0.0016366612111292,0.0137947159223754,0.0088847322889876,0.0049099836333878,0.0100537760112227,0.0095861585223287,0.000467617488894,0.0009352349777881,0.0,0.0009352349777881,0.0021042787000233,0.0014028524666822,0.0007014262333411,0.0149637596446106,0.0025718961889174,0.0123918634556932,0.0088847322889875,0.0030395136778115,0.005845218611176,1330
2024-03-01,2024,3,0.7825005652272213,0.1878815283744065,0.5946190368528148,0.0042957268822065,0.0033913633280578,0.0009043635541487,0.0327831788378927,0.0038435451051322,0.0289396337327605,0.0,0.0,0.0,0.035496269500339,0.0198959981912728,0.0156002713090662,0.0115306353153967,0.0076870902102645,0.0038435451051322,0.0018087271082974001,0.0011304544426859,0.0006782726656115,0.0,0.0,0.0,0.022609088853719102,0.0013565453312231,0.021252543522496,0.0101740899841735,0.0097219082070992,0.0004521817770743,0.0024869997739090004,0.0022609088853719,0.0002260908885371,0.028939633732760497,0.0160524530861406,0.0128871806466199,0.0223829979651819,0.0099479990956364,0.0124349988695455,0.0006782726656115,0.0006782726656115,0.0,0.0029391815509834,0.0009043635541487,0.0020348179968347,0.0076870902102644,0.0058783631019669,0.0018087271082975,0.0076870902102644,0.0067827266561157,0.0009043635541487,0.0015826362197602,0.0004521817770743,0.0011304544426859,0.001356545331223,0.0006782726656115,0.0006782726656115,0.0162785439746777,0.003617454216595,0.0126610897580827,0.013113271535157001,0.0040696359936694,0.0090436355414876,1242
2024-04-01,2024,4,0.739324076499869,0.1928215876342677,0.5465024888656013,0.0039297877914592,0.0023578726748755,0.0015719151165837,0.0521351847000261,0.005239717055279,0.0468954676447471,0.0007859575582918,0.0007859575582918,0.0,0.0487293686140948,0.0285564579512706,0.0201729106628242,0.0144092219020172,0.0070736180246266,0.0073356038773906,0.0044537594969871,0.0015719151165837,0.0028818443804034,0.0002619858527639,0.0002619858527639,0.0,0.025412627718103202,0.0015719151165837,0.0238407126015195,0.013885250196489299,0.0128373067854335,0.0010479434110558,0.0018339009693476,0.0018339009693476,0.0,0.0303903589206182,0.0191249672517684,0.0112653916688498,0.0170290804296567,0.0060256746135708,0.0110034058160859,0.0028818443804034003,0.0007859575582918,0.0020958868221116,0.005239717055279,0.0031438302331674,0.0020958868221116,0.0065496463190987,0.0041917736442232,0.0023578726748755,0.0028818443804034003,0.0023578726748755,0.0005239717055279,0.0010479434110557,0.0007859575582918,0.0002619858527639,0.0023578726748755,0.0005239717055279,0.0018339009693476,0.0201729106628241,0.005239717055279,0.0149331936075451,0.0162431228713649,0.0026198585276395,0.0136232643437254,1127
2024-05-01,2024,5,0.7011749057858567,0.1653735313677676,0.5358013744180891,0.0059853690977609,0.0042119264021281,0.0017734426956328,0.0571935269341609,0.0113056971846597,0.0458878297495012,0.0002216803369541,0.0002216803369541,0.0,0.0425626246951894,0.0208379516736865,0.0217246730215029,0.01995123032587,0.0128574595433385,0.0070937707825315,0.0019951230325869,0.0008867213478164,0.0011084016847705,0.0002216803369541,0.0,0.0002216803369541,0.0434493460430059,0.0050986477499445,0.0383506982930614,0.0186211483041453,0.017956107293283,0.0006650410108623,0.0075371314564398,0.0073154511194857,0.0002216803369541,0.0308135668366215,0.0183994679671913,0.0124140988694302,0.0263799600975392,0.0126357792063843,0.0137441808911549,0.0017734426956328,0.0013300820217246,0.0004433606739082,0.0013300820217246,0.0011084016847705,0.0002216803369541,0.0124140988694302,0.0084238528042562,0.003990246065174,0.0048769674129904,0.0044336067390822,0.0004433606739082,0.0015517623586787,0.0002216803369541,0.0013300820217246,0.0026601640434492,0.0013300820217246,0.0013300820217246,0.0166260252715583,0.0024384837064952,0.0141875415650631,0.014187541565063098,0.0024384837064952,0.0117490578585679,1315
2024-06-01,2024,6,0.6900196656833825,0.1789577187807276,0.5110619469026548,0.0054080629301867,0.0024582104228121,0.0029498525073746,0.0481809242871189,0.0063913470993117,0.0417895771878072,0.0,0.0,0.0,0.0609636184857423,0.0349065880039331,0.0260570304818092,0.0103244837758111,0.0058997050147492,0.0044247787610619,0.0034414945919369003,0.0009832841691248,0.0024582104228121,0.0007374631268436,0.0007374631268436,0.0,0.050639134709931005,0.0088495575221238,0.0417895771878072,0.0157325467059979,0.0149950835791543,0.0007374631268436,0.0031956735496558,0.0031956735496558,0.0,0.023352999016715698,0.0125368731563421,0.0108161258603736,0.030481809242871,0.0152409046214355,0.0152409046214355,0.0014749262536871998,0.0004916420845624,0.0009832841691248,0.0017207472959683999,0.0004916420845624,0.001229105211406,0.0208947885939035,0.0071288102261553,0.0137659783677482,0.003441494591937,0.0029498525073746,0.0004916420845624,0.003441494591937,0.0007374631268436,0.0027040314650934,0.0036873156342182,0.0029498525073746,0.0007374631268436,0.014749262536873,0.0022123893805309,0.0125368731563421,0.014503441494591901,0.0027040314650934,0.0117994100294985,1226
2024-07-01,2024,7,0.7053854276663146,0.2011615628299894,0.5042238648363252,0.0110876451953536,0.0092397043294614,0.0018479408658922,0.0454065469904962,0.0060718057022175,0.0393347412882787,0.0,0.0,0.0,0.0393347412882787,0.0166314677930306,0.0227032734952481,0.013463569165786601,0.0058078141499472,0.0076557550158394,0.0002639915522703,0.0002639915522703,0.0,0.0002639915522703,0.0002639915522703,0.0,0.0282470960929249,0.0023759239704329,0.025871172122492,0.0359028511087644,0.0351108764519535,0.0007919746568109,0.0092397043294614,0.0092397043294614,0.0,0.0271911298838437,0.014519535374868,0.0126715945089757,0.0279831045406546,0.0102956705385427,0.0176874340021119,0.0021119324181626,0.0010559662090813,0.0010559662090813,0.0029039070749735003,0.0023759239704329,0.0005279831045406,0.0171594508975712,0.0073917634635691,0.0097676874340021,0.0044878563885955005,0.0039598732840549,0.0005279831045406,0.0002639915522703,0.0,0.0002639915522703,0.0050158394931361,0.0013199577613516,0.0036958817317845,0.0211193241816261,0.0042238648363252,0.0168954593453009,0.0110876451953536,0.0036958817317845,0.0073917634635691,1258
2024-08-01,2024,8,0.6930195663670015,0.2292437863564251,0.4637757800105764,0.0050237969328397,0.0031729243786356,0.0018508725542041,0.047329455314648196,0.0063458487572712,0.040983606557377,0.0,0.0,0.0,0.0462718138551031,0.0224748810153358,0.0237969328397673,0.013484928609201401,0.0100475938656795,0.0034373347435219,0.0007932310946589,0.0007932310946589,0.0,0.0005288207297726,0.0005288207297726,0.0,0.0195663670015864,0.0018508725542041,0.0177154944473823,0.0769434161819143,0.0758857747223691,0.0010576414595452,0.0177154944473823,0.0177154944473823,0.0,0.0185087255420411,0.011369645690111,0.0071390798519301,0.014278159703860201,0.0074034902168164,0.0068746694870438,0.0,0.0,0.0,0.0063458487572712,0.005288207297726,0.0010576414595452,0.0066102591221575,0.0047593865679534,0.0018508725542041,0.0063458487572712,0.0060814383923849,0.0002644103648863,0.0013220518244315002,0.0002644103648863,0.0010576414595452,0.0018508725542041,0.0015864621893178,0.0002644103648863,0.0198307773664727,0.0037017451084082,0.0161290322580645,0.0124272871496562,0.0044949762030671,0.0079323109465891,1539
2024-09-01,2024,9,0.6875642343268242,0.2471736896197328,0.4403905447070915,0.0025693730729701,0.0023124357656731,0.000256937307297,0.0421377183967111,0.0066803699897225,0.0354573484069886,0.000256937307297,0.000256937307297,0.0,0.0349434737923946,0.0172147995889003,0.0177286742034943,0.014131551901336,0.0079650565262076,0.0061664953751284,0.000770811921891,0.000770811921891,0.0,0.000513874614594,0.000513874614594,0.0,0.014388489208632999,0.0017985611510791,0.0125899280575539,0.0994347379239464,0.0981500513874614,0.001284686536485,0.013617677286742,0.013617677286742,0.0,0.0213257965056525,0.0118191161356628,0.0095066803699897,0.015416238437821101,0.0069373072970195,0.0084789311408016,0.0046248715313462,0.0035971223021582,0.001027749229188,0.0028263103802670998,0.0023124357656731,0.000513874614594,0.0048818088386433,0.0033401849948612,0.0015416238437821,0.012846865364850801,0.0115621788283658,0.001284686536485,0.000513874614594,0.0,0.000513874614594,0.0038540596094552,0.0030832476875642,0.000770811921891,0.015416238437821101,0.0043679342240493,0.0110483042137718,0.01464542651593,0.0069373072970195,0.0077081192189105,1741
2024-10-01,2024,10,0.6811513977304178,0.1918073623027954,0.4893440354276224,0.0063659009133683,0.0044284528092997,0.0019374481040686,0.055355660116246694,0.0080265707168557,0.047329089399391,0.0011071132023248,0.0005535566011624,0.0005535566011624,0.0542485469139218,0.0293384998616108,0.024910047052311,0.018544146138942598,0.0138389150290617,0.0047052311098809,0.0002767783005812,0.0002767783005812,0.0,0.0,0.0,0.0,0.0398560752836977,0.0044284528092997,0.035427622474398,0.041793523387766304,0.0398560752836977,0.0019374481040686,0.0074730141156932,0.007196235815112,0.0002767783005812,0.0279546083587046,0.0132853584278992,0.0146692499308054,0.0110711320232493,0.0052587877110434,0.0058123443122059,0.002491004705231,0.0011071132023249,0.0013838915029061,0.0063659009133683,0.003598117907556,0.0027677830058123,0.0066426792139495,0.0030445613063935,0.003598117907556,0.0077497924162744005,0.0063659009133683,0.0013838915029061,0.003598117907556,0.0,0.003598117907556,0.0035981179075559996,0.0019374481040686,0.0016606698034874,0.019651259341267498,0.0063659009133683,0.0132853584278992,0.014392471630224,0.007196235815112,0.007196235815112,1236
2024-11-01,2024,11,0.624451594033343,0.1743199766013454,0.4501316174319976,0.0055571804621233,0.0023398654577361,0.0032173150043872,0.059666569172272504,0.0078970459198596,0.0517695232524129,0.001169932728868,0.000877449546651,0.000292483182217,0.037145364141561804,0.0184264404796724,0.0187189236618894,0.0201813395729745,0.0122842936531149,0.0078970459198596,0.0,0.0,0.0,0.000292483182217,0.000292483182217,0.0,0.0590816028078385,0.0169640245685873,0.0421175782392512,0.1044164960514769,0.1032465633226089,0.001169932728868,0.0137467095642,0.013161743199766,0.000584966364434,0.0321731500438724,0.0210587891196256,0.0111143609242468,0.0070195963732085,0.0040947645510383,0.0029248318221702,0.0038022813688212004,0.0017548990933021,0.0020473822755191,0.0043872477332553,0.0040947645510383,0.000292483182217,0.004387247733255301,0.0014624159110851,0.0029248318221702,0.0070195963732084,0.0058496636443404,0.001169932728868,0.0020473822755191,0.0,0.0020473822755191,0.001462415911085,0.001169932728868,0.000292483182217,0.014039192746417,0.0017548990933021,0.0122842936531149,0.0116993272886808,0.0032173150043872,0.0084820122842936,1318
2024-12-01,2024,12,0.7318354245695943,0.1686606361248905,0.5631747884447038,0.0058360081704113,0.0032098044937262,0.0026262036766851,0.0475634665888532,0.0093376130726583,0.0382258535161949,0.0002918004085205,0.0002918004085205,0.0,0.047563466588853104,0.0151736212430697,0.0323898453457834,0.0221768310475634,0.0160490224686314,0.006127808578932,0.0002918004085205,0.0002918004085205,0.0,0.000583600817041,0.0002918004085205,0.0002918004085205,0.0323898453457833,0.0052524073533702,0.0271374379924131,0.011672016340822801,0.0096294134811788,0.002042602859644,0.0029180040852057,0.0029180040852057,0.0,0.028012839217974803,0.0131310183834257,0.0148818208345491,0.0239276334986868,0.0043770061278085,0.0195506273708783,0.0005836008170411,0.0,0.0005836008170411,0.0049606069448496996,0.002042602859644,0.0029180040852057,0.0078786110300553,0.0052524073533702,0.0026262036766851,0.006127808578931899,0.0058360081704114,0.0002918004085205,0.0035016049022468,0.0,0.0035016049022468,0.0020426028596439,0.0008754012255617,0.0011672016340822,0.0154654216515902,0.0035016049022468,0.0119638167493434,0.0157572220601108,0.0035016049022468,0.012255617157864,900
2025-01-01,2025,1,0.7608060747663551,0.1568341121495327,0.6039719626168224,0.0040887850467288996,0.0037967289719626,0.0002920560747663,0.048189252336448496,0.0119742990654205,0.036214953271028,0.0,0.0,0.0,0.0388434579439251,0.0166471962616822,0.0221962616822429,0.0221962616822429,0.0125584112149532,0.0096378504672897,0.0002920560747663,0.0002920560747663,0.0,0.0011682242990654,0.0011682242990654,0.0,0.0344626168224299,0.0058411214953271,0.0286214953271028,0.0055490654205607,0.0055490654205607,0.0,0.000876168224299,0.000876168224299,0.0,0.037091121495327,0.0233644859813084,0.0137266355140186,0.0236565420560746,0.0067172897196261,0.0169392523364485,0.0002920560747663,0.0,0.0002920560747663,0.0026285046728971,0.0005841121495327,0.0020443925233644,0.007593457943925101,0.0046728971962616,0.0029205607476635,0.0052570093457943,0.0046728971962616,0.0005841121495327,0.000876168224299,0.0,0.000876168224299,0.0005841121495326,0.0002920560747663,0.0002920560747663,0.0125584112149532,0.0032126168224299,0.0093457943925233,0.0119742990654205,0.0029205607476635,0.009053738317757,857
2025-02-01,2025,2,0.7898692810457516,0.176797385620915,0.6130718954248366,0.0016339869281045,0.0013071895424836,0.0003267973856209,0.0434640522875816,0.0078431372549019,0.0356209150326797,0.0006535947712418,0.0003267973856209,0.0003267973856209,0.0297385620915032,0.0140522875816993,0.0156862745098039,0.0143790849673202,0.011437908496732,0.0029411764705882,0.0006535947712418,0.0003267973856209,0.0003267973856209,0.0009803921568627,0.0009803921568627,0.0,0.023529411764705802,0.0029411764705882,0.0205882352941176,0.0071895424836601,0.0068627450980392,0.0003267973856209,0.0013071895424836,0.0013071895424836,0.0,0.0326797385620914,0.0163398692810457,0.0163398692810457,0.0228758169934639,0.0107843137254901,0.0120915032679738,0.0003267973856209,0.0003267973856209,0.0,0.0026143790849672,0.0019607843137254,0.0006535947712418,0.0039215686274509005,0.0032679738562091,0.0006535947712418,0.0035947712418299,0.0019607843137254,0.0016339869281045,0.0,0.0,0.0,0.0019607843137254,0.0016339869281045,0.0003267973856209,0.0160130718954247,0.0032679738562091,0.0127450980392156,0.013398692810457401,0.00359477124183,0.0098039215686274,791
2025-03-01,2025,3,0.7633520212452051,0.14458542342874,0.618766597816465,0.0044260843906757,0.002065506048982,0.0023605783416937,0.049572145175567996,0.0106226025376217,0.0389495426379463,0.0011802891708468,0.0008852168781351,0.0002950722927117,0.026556506344054202,0.0085570964886397,0.0179994098554145,0.0233107111242253,0.0138683977574505,0.0094423133667748,0.0,0.0,0.0,0.0002950722927117,0.0,0.0002950722927117,0.0174092652699911,0.0023605783416937,0.0150486869282974,0.013868397757450501,0.0135733254647388,0.0002950722927117,0.0029507229271171,0.0026556506344054,0.0002950722927117,0.0472115668338742,0.0244910002950722,0.022720566538802,0.0194747713189731,0.0067866627323694,0.0126881085866037,0.0,0.0,0.0,0.0020655060489819,0.0005901445854234,0.0014753614635585,0.0097373856594865,0.0026556506344054,0.0070817350250811,0.0064915904396576,0.0056063735615225,0.0008852168781351,0.0008852168781351,0.0002950722927117,0.0005901445854234,0.0053113012688107,0.0035408675125405,0.0017704337562702,0.0129831808793153,0.0032457952198288,0.0097373856594865,0.0123930362938919,0.0017704337562702,0.0106226025376217,799
2025-04-01,2025,4,0.7817447997516298,0.1847252406085066,0.5970195591431232,0.0037255510710958,0.0024837007140639,0.0012418503570319,0.040049674014281195,0.0080720273207078,0.0319776466935734,0.0003104625892579,0.0003104625892579,0.0,0.0363241229431853,0.0211114560695436,0.0152126668736417,0.021732381248059603,0.0164545172306737,0.0052778640173859,0.0,0.0,0.0,0.0,0.0,0.0,0.0195591431232536,0.0031046258925799,0.0164545172306737,0.014591741695125601,0.0124185035703197,0.0021732381248059,0.0071406395529337,0.0068301769636758,0.0003104625892579,0.046258925799441,0.0279416330332194,0.0183172927662216,0.0127289661595777,0.0034150884818379,0.0093138776777398,0.0009313877677738,0.0006209251785159,0.0003104625892579,0.0027941633033218,0.0015523129462899,0.0012418503570319,0.0021732381248058,0.0018627755355479,0.0003104625892579,0.0021732381248058,0.0018627755355479,0.0003104625892579,0.0012418503570319,0.0,0.0012418503570319,0.0018627755355478,0.0009313877677739,0.0009313877677739,0.0093138776777397,0.0012418503570319,0.0080720273207078,0.0111766532132877,0.0040360136603539,0.0071406395529338,922
2025-05-01,2025,5,0.7412445730824891,0.1736613603473227,0.5675832127351664,0.0034732272069464,0.0017366136034732,0.0017366136034732,0.0370477568740954,0.0075253256150506,0.0295224312590448,0.0,0.0,0.0,0.0269175108538349,0.0153400868306801,0.0115774240231548,0.0214182344428364,0.0167872648335745,0.0046309696092619,0.0,0.0,0.0,0.0,0.0,0.0,0.0309696092619391,0.0057887120115774,0.0251808972503617,0.0564399421128798,0.0555716353111432,0.0008683068017366,0.0017366136034732,0.0017366136034732,0.0,0.0460202604920405,0.0260492040520984,0.0199710564399421,0.0141823444283646,0.0054992764109985,0.0086830680173661,0.0005788712011576,0.0002894356005788,0.0002894356005788,0.0026049204052097,0.0011577424023154,0.0014471780028943,0.0060781476121562,0.0034732272069464,0.0026049204052098,0.0066570188133138995,0.0046309696092619,0.002026049204052,0.0014471780028943,0.0,0.0014471780028943,0.0023154848046308,0.0011577424023154,0.0011577424023154,0.0083936324167872,0.0014471780028943,0.0069464544138929,0.0101302460202604,0.0031837916063675,0.0069464544138929,1074
2025-06-01,2025,6,0.7929770992366412,0.1679389312977099,0.6250381679389313,0.0039694656488549005,0.0027480916030534,0.0012213740458015,0.0317557251908396,0.008854961832061,0.0229007633587786,0.0,0.0,0.0,0.0283969465648854,0.0119083969465648,0.0164885496183206,0.03206106870229,0.025648854961832,0.006412213740458,0.0,0.0,0.0,0.0006106870229007,0.0006106870229007,0.0,0.0274809160305342,0.0033587786259541,0.0241221374045801,0.0109923664122136,0.0100763358778625,0.0009160305343511,0.0021374045801526,0.0021374045801526,0.0,0.0461068702290075,0.0259541984732824,0.0201526717557251,0.0137404580152671,0.0039694656488549,0.0097709923664122,0.0,0.0,0.0,0.0033587786259541,0.0015267175572519,0.0018320610687022,0.0082442748091602,0.0021374045801526,0.0061068702290076,0.0076335877862594,0.0073282442748091,0.0003053435114503,0.0009160305343511,0.0,0.0009160305343511,0.0012213740458014,0.0009160305343511,0.0003053435114503,0.0058015267175571,0.0006106870229007,0.0051908396946564,0.0082442748091602,0.0036641221374045,0.0045801526717557,850
2025-07-01,2025,7,0.7457780458383594,0.1459589867310012,0.5998190591073582,0.0042219541616404,0.0021109770808202,0.0021109770808202,0.0575995174909529,0.0156815440289505,0.0419179734620024,0.0006031363088056,0.0003015681544028,0.0003015681544028,0.0322677925211097,0.014173703256936,0.0180940892641737,0.0395054282267792,0.028648974668275,0.0108564535585042,0.0,0.0,0.0,0.0012062726176114,0.0003015681544028,0.0009047044632086,0.0214113389626054,0.0012062726176115,0.0202050663449939,0.0045235223160432995,0.0036188178528347,0.0009047044632086,0.0009047044632086,0.0009047044632086,0.0,0.0563932448733413,0.0337756332931242,0.0226176115802171,0.0271411338962605,0.0102533172496984,0.0168878166465621,0.0012062726176114,0.0003015681544028,0.0009047044632086,0.0015078407720143,0.0009047044632086,0.0006031363088057,0.0051266586248491005,0.0024125452352231,0.002714113389626,0.0051266586248491,0.0042219541616405,0.0009047044632086,0.0012062726176115,0.0,0.0012062726176115,0.0024125452352230002,0.0015078407720144,0.0009047044632086,0.0123642943305186,0.002714113389626,0.0096501809408926,0.0117611580217128,0.002714113389626,0.0090470446320868,827
2025-08-01,2025,8,0.7461754605057759,0.1810802372775523,0.5650952232282236,0.0053075241960661,0.0037464876678114,0.0015610365282547,0.0586949734623789,0.0184202310334061,0.0402747424289728,0.0003122073056509,0.0,0.0003122073056509,0.0299719013424913,0.0137371214486418,0.0162347798938495,0.0327817670933499,0.0293474867311895,0.0034342803621604,0.0003122073056509,0.0003122073056509,0.0,0.0003122073056509,0.0,0.0003122073056509,0.0159225725881985,0.0003122073056509,0.0156103652825476,0.0053075241960661,0.0034342803621604,0.0018732438339057,0.0003122073056509,0.0003122073056509,0.0,0.053075241960661795,0.0402747424289728,0.012800499531689,0.0212300967842646,0.0087418045582266,0.012488292226038,0.0003122073056509,0.0003122073056509,0.0,0.0028098657508585003,0.0015610365282547,0.0012488292226038,0.0165469871995004,0.0084295972525757,0.0081173899469247,0.0084295972525757,0.0084295972525757,0.0,0.0015610365282547,0.0003122073056509,0.0012488292226038,0.0024976584452076,0.0006244146113019,0.0018732438339057,0.0149859506712456,0.0028098657508585,0.0121760849203871,0.0115516703090851,0.0028098657508585,0.0087418045582266,958
2025-09-01,2025,9,0.864795918367347,0.1760204081632653,0.6887755102040817,0.0051020408163265,0.0051020408163265,0.0,0.0306122448979591,0.0025510204081632,0.0280612244897959,0.0,0.0,0.0,0.020408163265306,0.0127551020408163,0.0076530612244897,0.0127551020408163,0.0127551020408163,0.0,0.0,0.0,0.0,0.0,0.0,0.0,0.0025510204081632,0.0,0.0025510204081632,0.0,0.0,0.0,0.0,0.0,0.0,0.0357142857142856,0.0255102040816326,0.010204081632653,0.0051020408163265,0.0,0.0051020408163265,0.0,0.0,0.0,0.0,0.0,0.0,0.0025510204081632,0.0,0.0025510204081632,0.0,0.0,0.0,0.0025510204081632,0.0025510204081632,0.0,0.0,0.0,0.0,0.0153061224489795,0.0,0.0153061224489795,0.0127551020408162,0.0025510204081632,0.010204081632653,90
2025-10-01,2025,10,0.25,0.0,0.25,0.0,0.0,0.0,0.0,0.0,0.0,0.0,0.0,0.0,0.25,0.0,0.25,0.0,0.0,0.0,0.0,0.0,0.0,0.0,0.0,0.0,0.25,0.25,0.0,0.0,0.0,0.0,0.0,0.0,0.0,0.25,0.25,0.0,0.0,0.0,0.0,0.0,0.0,0.0,0.0,0.0,0.0,0.0,0.0,0.0,0.0,0.0,0.0,0.0,0.0,0.0,0.0,0.0,0.0,0.0,0.0,0.0,0.0,0.0,0.0,2
2025-11-01,2025,11,,,,,,,,,,,,,,,,,,,,,,,,,,,,,,,,,,,,,,,,,,,,,,,,,,,,,,,,,,,,,,,,0
2025-12-01,2025,12,,,,,,,,,,,,,,,,,,,,,,,,,,,,,,,,,,,,,,,,,,,,,,,,,,,,,,,,,,,,,,,,0
