date,year,month,-999,cr_-999,nr_-999,activism,cr_activism,nr_activism,arrest,cr_arrest,nr_arrest,censor,cr_censor,nr_censor,cooperate,cr_cooperate,nr_cooperate,corruption,cr_corruption,nr_corruption,coup,cr_coup,nr_coup,defamationcase,cr_defamationcase,nr_defamationcase,disaster,cr_disaster,nr_disaster,electionactivity,cr_electionactivity,nr_electionactivity,electionirregularities,cr_electionirregularities,nr_electionirregularities,legalaction,cr_legalaction,nr_legalaction,legalchange,cr_legalchange,nr_legalchange,martiallaw,cr_martiallaw,nr_martiallaw,mobilizesecurity,cr_mobilizesecurity,nr_mobilizesecurity,protest,cr_protest,nr_protest,purge,cr_purge,nr_purge,raid,cr_raid,nr_raid,threaten,cr_threaten,nr_threaten,violencelethal,cr_violencelethal,nr_violencelethal,violencenonlethal,cr_violencenonlethal,nr_violencenonlethal,-999Norm,cr_-999Norm,nr_-999Norm,activismNorm,cr_activismNorm,nr_activismNorm,arrestNorm,cr_arrestNorm,nr_arrestNorm,censorNorm,cr_censorNorm,nr_censorNorm,cooperateNorm,cr_cooperateNorm,nr_cooperateNorm,corruptionNorm,cr_corruptionNorm,nr_corruptionNorm,coupNorm,cr_coupNorm,nr_coupNorm,defamationcaseNorm,cr_defamationcaseNorm,nr_defamationcaseNorm,disasterNorm,cr_disasterNorm,nr_disasterNorm,electionactivityNorm,cr_electionactivityNorm,nr_electionactivityNorm,electionirregularitiesNorm,cr_electionirregularitiesNorm,nr_electionirregularitiesNorm,legalactionNorm,cr_legalactionNorm,nr_legalactionNorm,legalchangeNorm,cr_legalchangeNorm,nr_legalchangeNorm,martiallawNorm,cr_martiallawNorm,nr_martiallawNorm,mobilizesecurityNorm,cr_mobilizesecurityNorm,nr_mobilizesecurityNorm,protestNorm,cr_protestNorm,nr_protestNorm,purgeNorm,cr_purgeNorm,nr_purgeNorm,raidNorm,cr_raidNorm,nr_raidNorm,threatenNorm,cr_threatenNorm,nr_threatenNorm,violencelethalNorm,cr_violencelethalNorm,nr_violencelethalNorm,violencenonlethalNorm,cr_violencenonlethalNorm,nr_violencenonlethalNorm,total_articles
2012-01-01,2012,1,154,29,125,0,0,0,2,1,1,0,0,0,10,6,4,1,0,1,0,0,0,0,0,0,2,0,2,4,4,0,0,0,0,1,1,0,7,1,6,0,0,0,0,0,0,1,1,0,1,0,1,0,0,0,0,0,0,0,0,0,0,0,0,0.8415300546448087,0.1584699453551912,0.6830601092896175,0.0,0.0,0.0,0.0109289617486338,0.0054644808743169,0.0054644808743169,0.0,0.0,0.0,0.0546448087431693,0.0327868852459016,0.0218579234972677,0.0054644808743169,0.0,0.0054644808743169,0.0,0.0,0.0,0.0,0.0,0.0,0.0109289617486338,0.0,0.0109289617486338,0.0218579234972677,0.0218579234972677,0.0,0.0,0.0,0.0,0.0054644808743169,0.0054644808743169,0.0,0.0382513661202185,0.0054644808743169,0.0327868852459016,0.0,0.0,0.0,0.0,0.0,0.0,0.0054644808743169,0.0054644808743169,0.0,0.0054644808743169,0.0,0.0054644808743169,0.0,0.0,0.0,0.0,0.0,0.0,0.0,0.0,0.0,0.0,0.0,0.0,43
2012-02-01,2012,2,148,27,121,0,0,0,1,1,0,0,0,0,13,8,5,0,0,0,0,0,0,0,0,0,3,2,1,1,1,0,1,0,1,0,0,0,5,1,4,0,0,0,0,0,0,0,0,0,0,0,0,0,0,0,1,1,0,0,0,0,2,1,1,0.8457142857142856,0.1542857142857142,0.6914285714285714,0.0,0.0,0.0,0.0057142857142857,0.0057142857142857,0.0,0.0,0.0,0.0,0.0742857142857142,0.0457142857142857,0.0285714285714285,0.0,0.0,0.0,0.0,0.0,0.0,0.0,0.0,0.0,0.017142857142857102,0.0114285714285714,0.0057142857142857,0.0057142857142857,0.0057142857142857,0.0,0.0057142857142857,0.0,0.0057142857142857,0.0,0.0,0.0,0.0285714285714285,0.0057142857142857,0.0228571428571428,0.0,0.0,0.0,0.0,0.0,0.0,0.0,0.0,0.0,0.0,0.0,0.0,0.0,0.0,0.0,0.0057142857142857,0.0057142857142857,0.0,0.0,0.0,0.0,0.0114285714285714,0.0057142857142857,0.0057142857142857,42
2012-03-01,2012,3,174,32,142,0,0,0,2,1,1,1,1,0,13,6,7,1,1,0,0,0,0,0,0,0,1,1,0,2,2,0,1,1,0,2,1,1,7,2,5,0,0,0,0,0,0,0,0,0,0,0,0,0,0,0,0,0,0,3,3,0,0,0,0,0.8405797101449275,0.1545893719806763,0.6859903381642513,0.0,0.0,0.0,0.0096618357487922,0.0048309178743961,0.0048309178743961,0.0048309178743961,0.0048309178743961,0.0,0.0628019323671497,0.0289855072463768,0.0338164251207729,0.0048309178743961,0.0048309178743961,0.0,0.0,0.0,0.0,0.0,0.0,0.0,0.0048309178743961,0.0048309178743961,0.0,0.0096618357487922,0.0096618357487922,0.0,0.0048309178743961,0.0048309178743961,0.0,0.0096618357487922,0.0048309178743961,0.0048309178743961,0.0338164251207728,0.0096618357487922,0.0241545893719806,0.0,0.0,0.0,0.0,0.0,0.0,0.0,0.0,0.0,0.0,0.0,0.0,0.0,0.0,0.0,0.0,0.0,0.0,0.0144927536231884,0.0144927536231884,0.0,0.0,0.0,0.0,51
2012-04-01,2012,4,193,34,159,0,0,0,2,2,0,0,0,0,12,4,8,1,1,0,0,0,0,0,0,0,4,0,4,0,0,0,1,1,0,2,2,0,5,1,4,0,0,0,0,0,0,0,0,0,0,0,0,0,0,0,0,0,0,0,0,0,0,0,0,0.8812785388127854,0.1552511415525114,0.726027397260274,0.0,0.0,0.0,0.0091324200913242,0.0091324200913242,0.0,0.0,0.0,0.0,0.0547945205479452,0.0182648401826484,0.0365296803652968,0.0045662100456621,0.0045662100456621,0.0,0.0,0.0,0.0,0.0,0.0,0.0,0.0182648401826484,0.0,0.0182648401826484,0.0,0.0,0.0,0.0045662100456621,0.0045662100456621,0.0,0.0091324200913242,0.0091324200913242,0.0,0.0228310502283105,0.0045662100456621,0.0182648401826484,0.0,0.0,0.0,0.0,0.0,0.0,0.0,0.0,0.0,0.0,0.0,0.0,0.0,0.0,0.0,0.0,0.0,0.0,0.0,0.0,0.0,0.0,0.0,0.0,44
2012-05-01,2012,5,200,37,163,0,0,0,1,0,1,0,0,0,16,8,8,0,0,0,0,0,0,0,0,0,1,1,0,1,0,1,0,0,0,1,1,0,4,1,3,0,0,0,0,0,0,0,0,0,0,0,0,0,0,0,1,1,0,0,0,0,1,0,1,0.8849557522123894,0.163716814159292,0.7212389380530974,0.0,0.0,0.0,0.0044247787610619,0.0,0.0044247787610619,0.0,0.0,0.0,0.070796460176991,0.0353982300884955,0.0353982300884955,0.0,0.0,0.0,0.0,0.0,0.0,0.0,0.0,0.0,0.0044247787610619,0.0044247787610619,0.0,0.0044247787610619,0.0,0.0044247787610619,0.0,0.0,0.0,0.0044247787610619,0.0044247787610619,0.0,0.0176991150442477,0.0044247787610619,0.0132743362831858,0.0,0.0,0.0,0.0,0.0,0.0,0.0,0.0,0.0,0.0,0.0,0.0,0.0,0.0,0.0,0.0044247787610619,0.0044247787610619,0.0,0.0,0.0,0.0,0.0044247787610619,0.0,0.0044247787610619,49
2012-06-01,2012,6,193,42,151,0,0,0,2,0,2,0,0,0,18,11,7,0,0,0,0,0,0,0,0,0,0,0,0,0,0,0,0,0,0,2,2,0,3,1,2,0,0,0,2,1,1,0,0,0,1,0,1,0,0,0,1,0,1,0,0,0,0,0,0,0.865470852017937,0.1883408071748878,0.6771300448430493,0.0,0.0,0.0,0.0089686098654708,0.0,0.0089686098654708,0.0,0.0,0.0,0.0807174887892375,0.0493273542600896,0.0313901345291479,0.0,0.0,0.0,0.0,0.0,0.0,0.0,0.0,0.0,0.0,0.0,0.0,0.0,0.0,0.0,0.0,0.0,0.0,0.0089686098654708,0.0089686098654708,0.0,0.013452914798206199,0.0044843049327354,0.0089686098654708,0.0,0.0,0.0,0.0089686098654708,0.0044843049327354,0.0044843049327354,0.0,0.0,0.0,0.0044843049327354,0.0,0.0044843049327354,0.0,0.0,0.0,0.0044843049327354,0.0,0.0044843049327354,0.0,0.0,0.0,0.0,0.0,0.0,57
2012-07-01,2012,7,393,88,305,1,1,0,7,3,4,1,1,0,24,19,5,4,2,2,0,0,0,1,1,0,10,6,4,0,0,0,0,0,0,5,3,2,14,2,12,0,0,0,0,0,0,0,0,0,4,3,1,3,2,1,0,0,0,1,1,0,4,4,0,0.8361702127659574,0.1872340425531914,0.648936170212766,0.002127659574468,0.002127659574468,0.0,0.014893617021276501,0.0063829787234042,0.0085106382978723,0.002127659574468,0.002127659574468,0.0,0.051063829787234,0.0404255319148936,0.0106382978723404,0.0085106382978722,0.0042553191489361,0.0042553191489361,0.0,0.0,0.0,0.002127659574468,0.002127659574468,0.0,0.0212765957446808,0.0127659574468085,0.0085106382978723,0.0,0.0,0.0,0.0,0.0,0.0,0.0106382978723403,0.0063829787234042,0.0042553191489361,0.0297872340425531,0.0042553191489361,0.025531914893617,0.0,0.0,0.0,0.0,0.0,0.0,0.0,0.0,0.0,0.0085106382978722,0.0063829787234042,0.002127659574468,0.0063829787234041,0.0042553191489361,0.002127659574468,0.0,0.0,0.0,0.002127659574468,0.002127659574468,0.0,0.0085106382978723,0.0085106382978723,0.0,134
2012-08-01,2012,8,382,80,302,1,0,1,1,1,0,0,0,0,17,15,2,5,1,4,0,0,0,0,0,0,0,0,0,3,3,0,0,0,0,9,4,5,16,12,4,0,0,0,3,2,1,1,1,0,1,1,0,0,0,0,1,1,0,0,0,0,0,0,0,0.8701594533029612,0.1822323462414578,0.6879271070615034,0.0022779043280182,0.0,0.0022779043280182,0.0022779043280182,0.0022779043280182,0.0,0.0,0.0,0.0,0.0387243735763097,0.0341685649202733,0.0045558086560364,0.011389521640091,0.0022779043280182,0.0091116173120728,0.0,0.0,0.0,0.0,0.0,0.0,0.0,0.0,0.0,0.0068337129840546,0.0068337129840546,0.0,0.0,0.0,0.0,0.0205011389521639,0.0091116173120728,0.0113895216400911,0.0364464692482914,0.0273348519362186,0.0091116173120728,0.0,0.0,0.0,0.0068337129840546,0.0045558086560364,0.0022779043280182,0.0022779043280182,0.0022779043280182,0.0,0.0022779043280182,0.0022779043280182,0.0,0.0,0.0,0.0,0.0022779043280182,0.0022779043280182,0.0,0.0,0.0,0.0,0.0,0.0,0.0,120
2012-09-01,2012,9,264,46,218,0,0,0,1,0,1,0,0,0,33,28,5,7,2,5,0,0,0,0,0,0,0,0,0,1,1,0,0,0,0,8,3,5,13,3,10,0,0,0,0,0,0,0,0,0,0,0,0,0,0,0,0,0,0,0,0,0,1,1,0,0.8224299065420559,0.1433021806853582,0.6791277258566978,0.0,0.0,0.0,0.0031152647975077,0.0,0.0031152647975077,0.0,0.0,0.0,0.1028037383177569,0.087227414330218,0.0155763239875389,0.021806853582554398,0.0062305295950155,0.0155763239875389,0.0,0.0,0.0,0.0,0.0,0.0,0.0,0.0,0.0,0.0031152647975077,0.0031152647975077,0.0,0.0,0.0,0.0,0.024922118380062197,0.0093457943925233,0.0155763239875389,0.0404984423676011,0.0093457943925233,0.0311526479750778,0.0,0.0,0.0,0.0,0.0,0.0,0.0,0.0,0.0,0.0,0.0,0.0,0.0,0.0,0.0,0.0,0.0,0.0,0.0,0.0,0.0,0.0031152647975077,0.0031152647975077,0.0,82
2012-10-01,2012,10,277,57,220,1,1,0,5,0,5,0,0,0,32,20,12,8,5,3,0,0,0,0,0,0,1,1,0,2,2,0,0,0,0,8,5,3,10,1,9,0,0,0,0,0,0,0,0,0,0,0,0,0,0,0,0,0,0,0,0,0,1,0,1,0.8195266272189348,0.1686390532544378,0.650887573964497,0.0029585798816568,0.0029585798816568,0.0,0.014792899408284,0.0,0.014792899408284,0.0,0.0,0.0,0.0946745562130176,0.059171597633136,0.0355029585798816,0.0236686390532544,0.014792899408284,0.0088757396449704,0.0,0.0,0.0,0.0,0.0,0.0,0.0029585798816568,0.0029585798816568,0.0,0.0059171597633136,0.0059171597633136,0.0,0.0,0.0,0.0,0.0236686390532544,0.014792899408284,0.0088757396449704,0.029585798816568,0.0029585798816568,0.0266272189349112,0.0,0.0,0.0,0.0,0.0,0.0,0.0,0.0,0.0,0.0,0.0,0.0,0.0,0.0,0.0,0.0,0.0,0.0,0.0,0.0,0.0,0.0029585798816568,0.0,0.0029585798816568,88
2012-11-01,2012,11,231,44,187,2,2,0,1,0,1,0,0,0,30,21,9,3,2,1,0,0,0,0,0,0,2,0,2,4,4,0,0,0,0,3,2,1,15,8,7,0,0,0,0,0,0,0,0,0,0,0,0,0,0,0,1,1,0,0,0,0,0,0,0,0.7938144329896907,0.1512027491408934,0.6426116838487973,0.0068728522336769,0.0068728522336769,0.0,0.0034364261168384,0.0,0.0034364261168384,0.0,0.0,0.0,0.1030927835051545,0.0721649484536082,0.0309278350515463,0.0103092783505153,0.0068728522336769,0.0034364261168384,0.0,0.0,0.0,0.0,0.0,0.0,0.0068728522336769,0.0,0.0068728522336769,0.0137457044673539,0.0137457044673539,0.0,0.0,0.0,0.0,0.0103092783505153,0.0068728522336769,0.0034364261168384,0.0515463917525773,0.0274914089347079,0.0240549828178694,0.0,0.0,0.0,0.0,0.0,0.0,0.0,0.0,0.0,0.0,0.0,0.0,0.0,0.0,0.0,0.0034364261168384,0.0034364261168384,0.0,0.0,0.0,0.0,0.0,0.0,0.0,83
2012-12-01,2012,12,198,47,151,0,0,0,2,0,2,0,0,0,17,11,6,5,4,1,0,0,0,0,0,0,3,1,2,2,2,0,0,0,0,4,2,2,15,9,6,0,0,0,1,0,1,0,0,0,1,1,0,1,1,0,0,0,0,0,0,0,0,0,0,0.8081632653061224,0.1918367346938775,0.6163265306122448,0.0,0.0,0.0,0.0081632653061224,0.0,0.0081632653061224,0.0,0.0,0.0,0.0693877551020407,0.0448979591836734,0.0244897959183673,0.0204081632653061,0.0163265306122449,0.0040816326530612,0.0,0.0,0.0,0.0,0.0,0.0,0.012244897959183598,0.0040816326530612,0.0081632653061224,0.0081632653061224,0.0081632653061224,0.0,0.0,0.0,0.0,0.0163265306122448,0.0081632653061224,0.0081632653061224,0.061224489795918303,0.036734693877551,0.0244897959183673,0.0,0.0,0.0,0.0040816326530612,0.0,0.0040816326530612,0.0,0.0,0.0,0.0040816326530612,0.0040816326530612,0.0,0.0040816326530612,0.0040816326530612,0.0,0.0,0.0,0.0,0.0,0.0,0.0,0.0,0.0,0.0,75
2013-01-01,2013,1,146,32,114,0,0,0,1,0,1,0,0,0,12,5,7,5,4,1,0,0,0,0,0,0,1,0,1,0,0,0,0,0,0,3,2,1,8,0,8,0,0,0,0,0,0,0,0,0,0,0,0,2,1,1,0,0,0,0,0,0,2,2,0,0.8202247191011236,0.1797752808988764,0.6404494382022472,0.0,0.0,0.0,0.0056179775280898,0.0,0.0056179775280898,0.0,0.0,0.0,0.0674157303370786,0.0280898876404494,0.0393258426966292,0.028089887640449302,0.0224719101123595,0.0056179775280898,0.0,0.0,0.0,0.0,0.0,0.0,0.0056179775280898,0.0,0.0056179775280898,0.0,0.0,0.0,0.0,0.0,0.0,0.0168539325842695,0.0112359550561797,0.0056179775280898,0.0449438202247191,0.0,0.0449438202247191,0.0,0.0,0.0,0.0,0.0,0.0,0.0,0.0,0.0,0.0,0.0,0.0,0.0112359550561796,0.0056179775280898,0.0056179775280898,0.0,0.0,0.0,0.0,0.0,0.0,0.0112359550561797,0.0112359550561797,0.0,44
2013-02-01,2013,2,202,40,162,1,0,1,9,3,6,0,0,0,16,11,5,4,1,3,0,0,0,0,0,0,3,3,0,1,1,0,0,0,0,2,1,1,8,0,8,0,0,0,1,0,1,0,0,0,3,1,2,0,0,0,0,0,0,0,0,0,0,0,0,0.8211382113821137,0.1626016260162601,0.6585365853658537,0.0040650406504065,0.0,0.0040650406504065,0.0365853658536585,0.0121951219512195,0.024390243902439,0.0,0.0,0.0,0.065040650406504,0.0447154471544715,0.0203252032520325,0.016260162601626,0.0040650406504065,0.0121951219512195,0.0,0.0,0.0,0.0,0.0,0.0,0.0121951219512195,0.0121951219512195,0.0,0.0040650406504065,0.0040650406504065,0.0,0.0,0.0,0.0,0.008130081300813,0.0040650406504065,0.0040650406504065,0.032520325203252,0.0,0.032520325203252,0.0,0.0,0.0,0.0040650406504065,0.0,0.0040650406504065,0.0,0.0,0.0,0.0121951219512195,0.0040650406504065,0.008130081300813,0.0,0.0,0.0,0.0,0.0,0.0,0.0,0.0,0.0,0.0,0.0,0.0,60
2013-03-01,2013,3,185,45,140,0,0,0,3,0,3,0,0,0,13,8,5,4,2,2,0,0,0,0,0,0,3,0,3,2,1,1,0,0,0,3,2,1,9,2,7,0,0,0,1,0,1,1,0,1,0,0,0,1,1,0,0,0,0,0,0,0,1,1,0,0.8333333333333333,0.2027027027027027,0.6306306306306306,0.0,0.0,0.0,0.0135135135135135,0.0,0.0135135135135135,0.0,0.0,0.0,0.0585585585585585,0.036036036036036,0.0225225225225225,0.018018018018018,0.009009009009009,0.009009009009009,0.0,0.0,0.0,0.0,0.0,0.0,0.0135135135135135,0.0,0.0135135135135135,0.009009009009009,0.0045045045045045,0.0045045045045045,0.0,0.0,0.0,0.0135135135135135,0.009009009009009,0.0045045045045045,0.0405405405405405,0.009009009009009,0.0315315315315315,0.0,0.0,0.0,0.0045045045045045,0.0,0.0045045045045045,0.0045045045045045,0.0,0.0045045045045045,0.0,0.0,0.0,0.0045045045045045,0.0045045045045045,0.0,0.0,0.0,0.0,0.0,0.0,0.0,0.0045045045045045,0.0045045045045045,0.0,60
2013-04-01,2013,4,177,43,134,0,0,0,1,0,1,0,0,0,16,9,7,0,0,0,0,0,0,1,1,0,1,1,0,0,0,0,0,0,0,1,1,0,4,1,3,0,0,0,0,0,0,0,0,0,1,1,0,0,0,0,1,1,0,0,0,0,0,0,0,0.8762376237623762,0.2128712871287128,0.6633663366336634,0.0,0.0,0.0,0.0049504950495049,0.0,0.0049504950495049,0.0,0.0,0.0,0.0792079207920791,0.0445544554455445,0.0346534653465346,0.0,0.0,0.0,0.0,0.0,0.0,0.0049504950495049,0.0049504950495049,0.0,0.0049504950495049,0.0049504950495049,0.0,0.0,0.0,0.0,0.0,0.0,0.0,0.0049504950495049,0.0049504950495049,0.0,0.0198019801980197,0.0049504950495049,0.0148514851485148,0.0,0.0,0.0,0.0,0.0,0.0,0.0,0.0,0.0,0.0049504950495049,0.0049504950495049,0.0,0.0,0.0,0.0,0.0049504950495049,0.0049504950495049,0.0,0.0,0.0,0.0,0.0,0.0,0.0,57
2013-05-01,2013,5,163,35,128,0,0,0,1,1,0,1,1,0,12,9,3,1,0,1,0,0,0,0,0,0,7,5,2,2,2,0,0,0,0,2,1,1,2,0,2,0,0,0,0,0,0,0,0,0,0,0,0,1,0,1,0,0,0,0,0,0,1,1,0,0.8402061855670102,0.1804123711340206,0.6597938144329897,0.0,0.0,0.0,0.0051546391752577,0.0051546391752577,0.0,0.0051546391752577,0.0051546391752577,0.0,0.0618556701030926,0.0463917525773195,0.0154639175257731,0.0051546391752577,0.0,0.0051546391752577,0.0,0.0,0.0,0.0,0.0,0.0,0.036082474226803996,0.0257731958762886,0.0103092783505154,0.0103092783505154,0.0103092783505154,0.0,0.0,0.0,0.0,0.0103092783505154,0.0051546391752577,0.0051546391752577,0.0103092783505154,0.0,0.0103092783505154,0.0,0.0,0.0,0.0,0.0,0.0,0.0,0.0,0.0,0.0,0.0,0.0,0.0051546391752577,0.0,0.0051546391752577,0.0,0.0,0.0,0.0,0.0,0.0,0.0051546391752577,0.0051546391752577,0.0,55
2013-06-01,2013,6,292,56,236,0,0,0,2,0,2,0,0,0,29,18,11,0,0,0,0,0,0,0,0,0,3,0,3,1,1,0,0,0,0,1,1,0,13,0,13,0,0,0,0,0,0,0,0,0,0,0,0,0,0,0,1,0,1,0,0,0,4,2,2,0.8439306358381502,0.1618497109826589,0.6820809248554913,0.0,0.0,0.0,0.0057803468208092,0.0,0.0057803468208092,0.0,0.0,0.0,0.083815028901734,0.0520231213872832,0.0317919075144508,0.0,0.0,0.0,0.0,0.0,0.0,0.0,0.0,0.0,0.0086705202312138,0.0,0.0086705202312138,0.0028901734104046,0.0028901734104046,0.0,0.0,0.0,0.0,0.0028901734104046,0.0028901734104046,0.0,0.0375722543352601,0.0,0.0375722543352601,0.0,0.0,0.0,0.0,0.0,0.0,0.0,0.0,0.0,0.0,0.0,0.0,0.0,0.0,0.0,0.0028901734104046,0.0,0.0028901734104046,0.0,0.0,0.0,0.0115606936416184,0.0057803468208092,0.0057803468208092,78
2013-07-01,2013,7,309,60,249,0,0,0,5,1,4,0,0,0,15,10,5,3,2,1,1,1,0,0,0,0,5,1,4,0,0,0,0,0,0,1,0,1,16,8,8,0,0,0,0,0,0,0,0,0,0,0,0,0,0,0,0,0,0,3,3,0,2,2,0,0.8607242339832869,0.1671309192200557,0.6935933147632312,0.0,0.0,0.0,0.0139275766016712,0.0027855153203342,0.011142061281337,0.0,0.0,0.0,0.0417827298050139,0.0278551532033426,0.0139275766016713,0.008356545961002701,0.0055710306406685,0.0027855153203342,0.0027855153203342,0.0027855153203342,0.0,0.0,0.0,0.0,0.0139275766016712,0.0027855153203342,0.011142061281337,0.0,0.0,0.0,0.0,0.0,0.0,0.0027855153203342,0.0,0.0027855153203342,0.044568245125348,0.022284122562674,0.022284122562674,0.0,0.0,0.0,0.0,0.0,0.0,0.0,0.0,0.0,0.0,0.0,0.0,0.0,0.0,0.0,0.0,0.0,0.0,0.0083565459610027,0.0083565459610027,0.0,0.0055710306406685,0.0055710306406685,0.0,88
2013-08-01,2013,8,337,73,264,0,0,0,1,0,1,1,1,0,13,8,5,2,2,0,0,0,0,0,0,0,4,0,4,1,1,0,0,0,0,2,1,1,13,3,10,0,0,0,0,0,0,0,0,0,0,0,0,0,0,0,0,0,0,0,0,0,1,0,1,0.9010695187165775,0.195187165775401,0.7058823529411765,0.0,0.0,0.0,0.0026737967914438,0.0,0.0026737967914438,0.0026737967914438,0.0026737967914438,0.0,0.03475935828877,0.0213903743315508,0.0133689839572192,0.0053475935828877,0.0053475935828877,0.0,0.0,0.0,0.0,0.0,0.0,0.0,0.0106951871657754,0.0,0.0106951871657754,0.0026737967914438,0.0026737967914438,0.0,0.0,0.0,0.0,0.0053475935828876,0.0026737967914438,0.0026737967914438,0.03475935828877,0.0080213903743315,0.0267379679144385,0.0,0.0,0.0,0.0,0.0,0.0,0.0,0.0,0.0,0.0,0.0,0.0,0.0,0.0,0.0,0.0,0.0,0.0,0.0,0.0,0.0,0.0026737967914438,0.0,0.0026737967914438,88
2013-09-01,2013,9,337,55,282,1,0,1,3,2,1,0,0,0,34,23,11,3,2,1,0,0,0,0,0,0,2,0,2,3,3,0,0,0,0,1,1,0,12,3,9,0,0,0,0,0,0,0,0,0,2,2,0,1,0,1,1,1,0,1,1,0,0,0,0,0.844611528822055,0.137844611528822,0.706766917293233,0.0025062656641604,0.0,0.0025062656641604,0.0075187969924812,0.0050125313283208,0.0025062656641604,0.0,0.0,0.0,0.0852130325814536,0.0576441102756892,0.0275689223057644,0.0075187969924812,0.0050125313283208,0.0025062656641604,0.0,0.0,0.0,0.0,0.0,0.0,0.0050125313283208,0.0,0.0050125313283208,0.0075187969924812,0.0075187969924812,0.0,0.0,0.0,0.0,0.0025062656641604,0.0025062656641604,0.0,0.0300751879699248,0.0075187969924812,0.0225563909774436,0.0,0.0,0.0,0.0,0.0,0.0,0.0,0.0,0.0,0.0050125313283208,0.0050125313283208,0.0,0.0025062656641604,0.0,0.0025062656641604,0.0025062656641604,0.0025062656641604,0.0,0.0025062656641604,0.0025062656641604,0.0,0.0,0.0,0.0,92
2013-10-01,2013,10,331,57,274,0,0,0,9,0,9,1,1,0,27,21,6,1,1,0,1,1,0,1,1,0,5,1,4,2,2,0,0,0,0,5,3,2,12,1,11,0,0,0,0,0,0,0,0,0,1,0,1,1,0,1,0,0,0,2,1,1,0,0,0,0.8337531486146095,0.1435768261964735,0.690176322418136,0.0,0.0,0.0,0.0226700251889168,0.0,0.0226700251889168,0.0025188916876574,0.0025188916876574,0.0,0.0680100755667505,0.052896725440806,0.0151133501259445,0.0025188916876574,0.0025188916876574,0.0,0.0025188916876574,0.0025188916876574,0.0,0.0025188916876574,0.0025188916876574,0.0,0.0125944584382871,0.0025188916876574,0.0100755667506297,0.0050377833753148,0.0050377833753148,0.0,0.0,0.0,0.0,0.012594458438287,0.0075566750629722,0.0050377833753148,0.0302267002518891,0.0025188916876574,0.0277078085642317,0.0,0.0,0.0,0.0,0.0,0.0,0.0,0.0,0.0,0.0025188916876574,0.0,0.0025188916876574,0.0025188916876574,0.0,0.0025188916876574,0.0,0.0,0.0,0.0050377833753148,0.0025188916876574,0.0025188916876574,0.0,0.0,0.0,88
2013-11-01,2013,11,282,64,218,1,1,0,5,0,5,1,1,0,35,22,13,3,2,1,0,0,0,0,0,0,4,4,0,2,2,0,0,0,0,4,1,3,18,4,14,0,0,0,0,0,0,0,0,0,2,0,2,0,0,0,0,0,0,1,0,1,2,1,1,0.7833333333333332,0.1777777777777777,0.6055555555555555,0.0027777777777777,0.0027777777777777,0.0,0.0138888888888888,0.0,0.0138888888888888,0.0027777777777777,0.0027777777777777,0.0,0.09722222222222221,0.0611111111111111,0.0361111111111111,0.0083333333333332,0.0055555555555555,0.0027777777777777,0.0,0.0,0.0,0.0,0.0,0.0,0.0111111111111111,0.0111111111111111,0.0,0.0055555555555555,0.0055555555555555,0.0,0.0,0.0,0.0,0.011111111111111,0.0027777777777777,0.0083333333333333,0.0499999999999999,0.0111111111111111,0.0388888888888888,0.0,0.0,0.0,0.0,0.0,0.0,0.0,0.0,0.0,0.0055555555555555,0.0,0.0055555555555555,0.0,0.0,0.0,0.0,0.0,0.0,0.0027777777777777,0.0,0.0027777777777777,0.0055555555555554,0.0027777777777777,0.0027777777777777,102
2013-12-01,2013,12,280,64,216,1,1,0,9,1,8,0,0,0,23,16,7,3,2,1,0,0,0,0,0,0,4,2,2,1,1,0,0,0,0,1,0,1,22,8,14,1,0,1,2,0,2,0,0,0,1,1,0,1,0,1,0,0,0,0,0,0,1,0,1,0.8022922636103151,0.1833810888252149,0.6189111747851003,0.0028653295128939,0.0028653295128939,0.0,0.0257879656160457,0.0028653295128939,0.0229226361031518,0.0,0.0,0.0,0.0659025787965615,0.0458452722063037,0.0200573065902578,0.0085959885386818,0.0057306590257879,0.0028653295128939,0.0,0.0,0.0,0.0,0.0,0.0,0.0114613180515758,0.0057306590257879,0.0057306590257879,0.0028653295128939,0.0028653295128939,0.0,0.0,0.0,0.0,0.0028653295128939,0.0,0.0028653295128939,0.0630372492836675,0.0229226361031518,0.0401146131805157,0.0028653295128939,0.0,0.0028653295128939,0.0057306590257879,0.0,0.0057306590257879,0.0,0.0,0.0,0.0028653295128939,0.0028653295128939,0.0,0.0028653295128939,0.0,0.0028653295128939,0.0,0.0,0.0,0.0,0.0,0.0,0.0028653295128939,0.0,0.0028653295128939,96
2014-01-01,2014,1,242,51,191,1,1,0,9,3,6,0,0,0,15,10,5,4,3,1,0,0,0,1,0,1,0,0,0,0,0,0,0,0,0,4,2,2,18,5,13,1,1,0,0,0,0,0,0,0,1,1,0,0,0,0,0,0,0,1,0,1,0,0,0,0.8231292517006803,0.173469387755102,0.6496598639455783,0.0034013605442176,0.0034013605442176,0.0,0.0306122448979591,0.010204081632653,0.0204081632653061,0.0,0.0,0.0,0.051020408163265196,0.0340136054421768,0.0170068027210884,0.0136054421768706,0.010204081632653,0.0034013605442176,0.0,0.0,0.0,0.0034013605442176,0.0,0.0034013605442176,0.0,0.0,0.0,0.0,0.0,0.0,0.0,0.0,0.0,0.0136054421768706,0.0068027210884353,0.0068027210884353,0.0612244897959183,0.0170068027210884,0.0442176870748299,0.0034013605442176,0.0034013605442176,0.0,0.0,0.0,0.0,0.0,0.0,0.0,0.0034013605442176,0.0034013605442176,0.0,0.0,0.0,0.0,0.0,0.0,0.0,0.0034013605442176,0.0,0.0034013605442176,0.0,0.0,0.0,76
2014-02-01,2014,2,234,41,193,0,0,0,2,1,1,0,0,0,10,2,8,1,1,0,0,0,0,0,0,0,2,2,0,1,1,0,0,0,0,4,2,2,14,5,9,0,0,0,1,0,1,1,1,0,0,0,0,0,0,0,0,0,0,1,1,0,0,0,0,0.8602941176470588,0.150735294117647,0.7095588235294118,0.0,0.0,0.0,0.0073529411764704,0.0036764705882352,0.0036764705882352,0.0,0.0,0.0,0.0367647058823528,0.0073529411764705,0.0294117647058823,0.0036764705882352,0.0036764705882352,0.0,0.0,0.0,0.0,0.0,0.0,0.0,0.0073529411764705,0.0073529411764705,0.0,0.0036764705882352,0.0036764705882352,0.0,0.0,0.0,0.0,0.014705882352941,0.0073529411764705,0.0073529411764705,0.051470588235294,0.0183823529411764,0.0330882352941176,0.0,0.0,0.0,0.0036764705882352,0.0,0.0036764705882352,0.0036764705882352,0.0036764705882352,0.0,0.0,0.0,0.0,0.0,0.0,0.0,0.0,0.0,0.0,0.0036764705882352,0.0036764705882352,0.0,0.0,0.0,0.0,56
2014-03-01,2014,3,400,52,348,0,0,0,4,2,2,1,0,1,32,16,16,11,6,5,0,0,0,0,0,0,4,2,2,3,3,0,1,1,0,13,5,8,17,11,6,0,0,0,2,0,2,0,0,0,0,0,0,3,3,0,0,0,0,2,1,1,0,0,0,0.8264462809917356,0.1074380165289256,0.71900826446281,0.0,0.0,0.0,0.0082644628099172,0.0041322314049586,0.0041322314049586,0.0020661157024793,0.0,0.0020661157024793,0.0661157024793388,0.0330578512396694,0.0330578512396694,0.022727272727272603,0.012396694214876,0.0103305785123966,0.0,0.0,0.0,0.0,0.0,0.0,0.0082644628099172,0.0041322314049586,0.0041322314049586,0.006198347107438,0.006198347107438,0.0,0.0020661157024793,0.0020661157024793,0.0,0.0268595041322313,0.0103305785123966,0.0165289256198347,0.0351239669421487,0.0227272727272727,0.012396694214876,0.0,0.0,0.0,0.0041322314049586,0.0,0.0041322314049586,0.0,0.0,0.0,0.0,0.0,0.0,0.006198347107438,0.006198347107438,0.0,0.0,0.0,0.0,0.0041322314049586,0.0020661157024793,0.0020661157024793,0.0,0.0,0.0,98
2014-04-01,2014,4,595,91,504,0,0,0,8,2,6,0,0,0,32,16,16,3,1,2,0,0,0,0,0,0,13,1,12,1,1,0,0,0,0,8,1,7,19,9,10,0,0,0,1,0,1,1,1,0,5,5,0,1,0,1,0,0,0,1,1,0,5,2,3,0.8598265895953757,0.1315028901734104,0.7283236994219653,0.0,0.0,0.0,0.011560693641618401,0.0028901734104046,0.0086705202312138,0.0,0.0,0.0,0.0462427745664738,0.0231213872832369,0.0231213872832369,0.0043352601156068996,0.0014450867052023,0.0028901734104046,0.0,0.0,0.0,0.0,0.0,0.0,0.01878612716763,0.0014450867052023,0.0173410404624277,0.0014450867052023,0.0014450867052023,0.0,0.0,0.0,0.0,0.0115606936416184,0.0014450867052023,0.0101156069364161,0.0274566473988439,0.0130057803468208,0.0144508670520231,0.0,0.0,0.0,0.0014450867052023,0.0,0.0014450867052023,0.0014450867052023,0.0014450867052023,0.0,0.0072254335260115,0.0072254335260115,0.0,0.0014450867052023,0.0,0.0014450867052023,0.0,0.0,0.0,0.0014450867052023,0.0014450867052023,0.0,0.0072254335260115,0.0028901734104046,0.0043352601156069,131
2014-05-01,2014,5,593,92,501,1,1,0,30,13,17,0,0,0,45,27,18,7,6,1,0,0,0,0,0,0,17,2,15,6,6,0,1,1,0,11,6,5,20,8,12,0,0,0,0,0,0,1,1,0,3,3,0,2,0,2,1,1,0,5,3,2,5,2,3,0.7981157469717362,0.1238223418573351,0.6742934051144011,0.0013458950201884,0.0013458950201884,0.0,0.0403768506056527,0.0174966352624495,0.0228802153432032,0.0,0.0,0.0,0.060565275908479,0.0363391655450874,0.0242261103633916,0.0094212651413189,0.0080753701211305,0.0013458950201884,0.0,0.0,0.0,0.0,0.0,0.0,0.0228802153432031,0.0026917900403768,0.0201884253028263,0.0080753701211305,0.0080753701211305,0.0,0.0013458950201884,0.0013458950201884,0.0,0.0148048452220726,0.0080753701211305,0.0067294751009421,0.0269179004037685,0.0107671601615074,0.0161507402422611,0.0,0.0,0.0,0.0,0.0,0.0,0.0013458950201884,0.0013458950201884,0.0,0.0040376850605652,0.0040376850605652,0.0,0.0026917900403768,0.0,0.0026917900403768,0.0013458950201884,0.0013458950201884,0.0,0.006729475100942,0.0040376850605652,0.0026917900403768,0.006729475100942,0.0026917900403768,0.0040376850605652,167
2014-06-01,2014,6,588,99,489,0,0,0,15,4,11,1,1,0,27,15,12,3,2,1,0,0,0,0,0,0,19,4,15,1,1,0,0,0,0,11,2,9,6,1,5,0,0,0,0,0,0,0,0,0,0,0,0,0,0,0,0,0,0,2,0,2,4,3,1,0.8698224852071006,0.1464497041420118,0.7233727810650887,0.0,0.0,0.0,0.022189349112426003,0.0059171597633136,0.0162721893491124,0.0014792899408284,0.0014792899408284,0.0,0.039940828402366804,0.022189349112426,0.0177514792899408,0.0044378698224852,0.0029585798816568,0.0014792899408284,0.0,0.0,0.0,0.0,0.0,0.0,0.0281065088757396,0.0059171597633136,0.022189349112426,0.0014792899408284,0.0014792899408284,0.0,0.0,0.0,0.0,0.0162721893491124,0.0029585798816568,0.0133136094674556,0.0088757396449704,0.0014792899408284,0.007396449704142,0.0,0.0,0.0,0.0,0.0,0.0,0.0,0.0,0.0,0.0,0.0,0.0,0.0,0.0,0.0,0.0,0.0,0.0,0.0029585798816568,0.0,0.0029585798816568,0.0059171597633136,0.0044378698224852,0.0014792899408284,130
2014-07-01,2014,7,585,126,459,0,0,0,15,8,7,0,0,0,28,22,6,10,6,4,0,0,0,0,0,0,15,2,13,0,0,0,0,0,0,20,6,14,16,3,13,0,0,0,2,1,1,1,0,1,4,4,0,0,0,0,0,0,0,1,1,0,3,1,2,0.8417266187050358,0.1812949640287769,0.660431654676259,0.0,0.0,0.0,0.0215827338129495,0.0115107913669064,0.0100719424460431,0.0,0.0,0.0,0.0402877697841726,0.0316546762589928,0.0086330935251798,0.014388489208633,0.0086330935251798,0.0057553956834532,0.0,0.0,0.0,0.0,0.0,0.0,0.0215827338129496,0.0028776978417266,0.018705035971223,0.0,0.0,0.0,0.0,0.0,0.0,0.028776978417266102,0.0086330935251798,0.0201438848920863,0.023021582733812898,0.0043165467625899,0.018705035971223,0.0,0.0,0.0,0.0028776978417266,0.0014388489208633,0.0014388489208633,0.0014388489208633,0.0,0.0014388489208633,0.0057553956834532,0.0057553956834532,0.0,0.0,0.0,0.0,0.0,0.0,0.0,0.0014388489208633,0.0014388489208633,0.0,0.0043165467625899,0.0014388489208633,0.0028776978417266,176
2014-08-01,2014,8,611,92,519,0,0,0,17,4,13,1,0,1,23,6,17,5,2,3,0,0,0,0,0,0,27,7,20,1,1,0,0,0,0,9,4,5,12,6,6,1,0,1,2,1,1,0,0,0,2,1,1,1,0,1,0,0,0,8,4,4,9,3,6,0.8427586206896552,0.1268965517241379,0.7158620689655173,0.0,0.0,0.0,0.0234482758620689,0.0055172413793103,0.0179310344827586,0.0013793103448275,0.0,0.0013793103448275,0.0317241379310344,0.0082758620689655,0.0234482758620689,0.0068965517241378,0.0027586206896551,0.0041379310344827,0.0,0.0,0.0,0.0,0.0,0.0,0.0372413793103448,0.0096551724137931,0.0275862068965517,0.0013793103448275,0.0013793103448275,0.0,0.0,0.0,0.0,0.0124137931034482,0.0055172413793103,0.0068965517241379,0.016551724137931,0.0082758620689655,0.0082758620689655,0.0013793103448275,0.0,0.0013793103448275,0.002758620689655,0.0013793103448275,0.0013793103448275,0.0,0.0,0.0,0.002758620689655,0.0013793103448275,0.0013793103448275,0.0013793103448275,0.0,0.0013793103448275,0.0,0.0,0.0,0.0110344827586206,0.0055172413793103,0.0055172413793103,0.0124137931034482,0.0041379310344827,0.0082758620689655,130
2014-09-01,2014,9,619,122,497,1,1,0,16,7,9,0,0,0,25,14,11,12,9,3,0,0,0,0,0,0,12,9,3,11,11,0,1,1,0,10,5,5,25,9,16,0,0,0,1,1,0,0,0,0,4,1,3,0,0,0,3,3,0,6,1,5,5,2,3,0.835357624831309,0.1646423751686909,0.6707152496626181,0.0013495276653171,0.0013495276653171,0.0,0.0215924426450741,0.0094466936572199,0.0121457489878542,0.0,0.0,0.0,0.0337381916329284,0.0188933873144399,0.0148448043184885,0.0161943319838056,0.0121457489878542,0.0040485829959514,0.0,0.0,0.0,0.0,0.0,0.0,0.0161943319838056,0.0121457489878542,0.0040485829959514,0.0148448043184885,0.0148448043184885,0.0,0.0013495276653171,0.0013495276653171,0.0,0.0134952766531712,0.0067476383265856,0.0067476383265856,0.0337381916329284,0.0121457489878542,0.0215924426450742,0.0,0.0,0.0,0.0013495276653171,0.0013495276653171,0.0,0.0,0.0,0.0,0.005398110661268499,0.0013495276653171,0.0040485829959514,0.0,0.0,0.0,0.0040485829959514,0.0040485829959514,0.0,0.0080971659919027,0.0013495276653171,0.0067476383265856,0.006747638326585599,0.0026990553306342,0.0040485829959514,189
2014-10-01,2014,10,655,104,551,1,1,0,16,3,13,2,1,1,41,30,11,2,1,1,0,0,0,0,0,0,16,4,12,12,12,0,0,0,0,6,3,3,14,5,9,0,0,0,4,3,1,0,0,0,2,2,0,1,0,1,0,0,0,6,2,4,7,2,5,0.8343949044585987,0.132484076433121,0.7019108280254777,0.0012738853503184,0.0012738853503184,0.0,0.0203821656050955,0.0038216560509554,0.0165605095541401,0.0025477707006368,0.0012738853503184,0.0012738853503184,0.052229299363057195,0.0382165605095541,0.0140127388535031,0.0025477707006368,0.0012738853503184,0.0012738853503184,0.0,0.0,0.0,0.0,0.0,0.0,0.0203821656050954,0.0050955414012738,0.0152866242038216,0.0152866242038216,0.0152866242038216,0.0,0.0,0.0,0.0,0.0076433121019108,0.0038216560509554,0.0038216560509554,0.017834394904458498,0.0063694267515923,0.0114649681528662,0.0,0.0,0.0,0.0050955414012738,0.0038216560509554,0.0012738853503184,0.0,0.0,0.0,0.0025477707006369,0.0025477707006369,0.0,0.0012738853503184,0.0,0.0012738853503184,0.0,0.0,0.0,0.0076433121019107,0.0025477707006369,0.0050955414012738,0.0089171974522292,0.0025477707006369,0.0063694267515923,173
2014-11-01,2014,11,597,118,479,0,0,0,7,0,7,0,0,0,42,28,14,7,3,4,0,0,0,0,0,0,15,5,10,15,15,0,1,0,1,18,12,6,10,5,5,1,1,0,1,0,1,1,0,1,2,1,1,0,0,0,1,1,0,1,0,1,5,2,3,0.8314763231197771,0.1643454038997214,0.6671309192200557,0.0,0.0,0.0,0.0097493036211699,0.0,0.0097493036211699,0.0,0.0,0.0,0.05849582172701939,0.0389972144846796,0.0194986072423398,0.0097493036211698,0.0041782729805013,0.0055710306406685,0.0,0.0,0.0,0.0,0.0,0.0,0.020891364902506898,0.0069637883008356,0.0139275766016713,0.0208913649025069,0.0208913649025069,0.0,0.0013927576601671,0.0,0.0013927576601671,0.0250696378830082,0.0167130919220055,0.0083565459610027,0.0139275766016712,0.0069637883008356,0.0069637883008356,0.0013927576601671,0.0013927576601671,0.0,0.0013927576601671,0.0,0.0013927576601671,0.0013927576601671,0.0,0.0013927576601671,0.0027855153203342,0.0013927576601671,0.0013927576601671,0.0,0.0,0.0,0.0013927576601671,0.0013927576601671,0.0,0.0013927576601671,0.0,0.0013927576601671,0.0069637883008355,0.0027855153203342,0.0041782729805013,188
2014-12-01,2014,12,672,119,553,0,0,0,12,0,12,0,0,0,25,18,7,8,5,3,1,0,1,0,0,0,12,3,9,38,38,0,2,2,0,6,3,3,20,4,16,1,0,1,1,0,1,0,0,0,7,5,2,0,0,0,0,0,0,1,0,1,5,1,4,0.830655129789864,0.1470951792336217,0.6835599505562423,0.0,0.0,0.0,0.0148331273176761,0.0,0.0148331273176761,0.0,0.0,0.0,0.030902348578491896,0.0222496909765142,0.0086526576019777,0.0098887515451173,0.0061804697156983,0.003708281829419,0.0012360939431396,0.0,0.0012360939431396,0.0,0.0,0.0,0.014833127317676099,0.003708281829419,0.0111248454882571,0.0469715698393077,0.0469715698393077,0.0,0.0024721878862793,0.0024721878862793,0.0,0.007416563658838,0.003708281829419,0.003708281829419,0.0247218788627935,0.0049443757725587,0.0197775030902348,0.0012360939431396,0.0,0.0012360939431396,0.0012360939431396,0.0,0.0012360939431396,0.0,0.0,0.0,0.0086526576019776,0.0061804697156983,0.0024721878862793,0.0,0.0,0.0,0.0,0.0,0.0,0.0012360939431396,0.0,0.0012360939431396,0.0061804697156983,0.0012360939431396,0.0049443757725587,197
2015-01-01,2015,1,639,142,497,1,1,0,12,1,11,1,0,1,7,4,3,5,0,5,0,0,0,0,0,0,15,4,11,35,35,0,0,0,0,4,2,2,8,4,4,0,0,0,4,4,0,2,2,0,3,2,1,0,0,0,1,1,0,5,3,2,5,4,1,0.8611859838274931,0.1913746630727762,0.6698113207547169,0.0013477088948787,0.0013477088948787,0.0,0.0161725067385444,0.0013477088948787,0.0148247978436657,0.0013477088948787,0.0,0.0013477088948787,0.0094339622641509,0.0053908355795148,0.0040431266846361,0.0067385444743935,0.0,0.0067385444743935,0.0,0.0,0.0,0.0,0.0,0.0,0.0202156334231805,0.0053908355795148,0.0148247978436657,0.0471698113207547,0.0471698113207547,0.0,0.0,0.0,0.0,0.0053908355795148,0.0026954177897574,0.0026954177897574,0.0107816711590296,0.0053908355795148,0.0053908355795148,0.0,0.0,0.0,0.0053908355795148,0.0053908355795148,0.0,0.0026954177897574,0.0026954177897574,0.0,0.0040431266846361,0.0026954177897574,0.0013477088948787,0.0,0.0,0.0,0.0013477088948787,0.0013477088948787,0.0,0.006738544474393499,0.0040431266846361,0.0026954177897574,0.0067385444743935,0.0053908355795148,0.0013477088948787,209
2015-02-01,2015,2,673,111,562,0,0,0,31,8,23,1,1,0,29,19,10,4,3,1,0,0,0,0,0,0,13,4,9,18,18,0,0,0,0,11,7,4,12,2,10,0,0,0,0,0,0,0,0,0,2,2,0,1,1,0,0,0,0,6,4,2,7,4,3,0.8329207920792079,0.1373762376237624,0.6955445544554455,0.0,0.0,0.0,0.0383663366336633,0.0099009900990099,0.0284653465346534,0.0012376237623762,0.0012376237623762,0.0,0.0358910891089108,0.0235148514851485,0.0123762376237623,0.0049504950495049,0.0037128712871287,0.0012376237623762,0.0,0.0,0.0,0.0,0.0,0.0,0.016089108910891,0.0049504950495049,0.0111386138613861,0.0222772277227722,0.0222772277227722,0.0,0.0,0.0,0.0,0.013613861386138501,0.0086633663366336,0.0049504950495049,0.0148514851485147,0.0024752475247524,0.0123762376237623,0.0,0.0,0.0,0.0,0.0,0.0,0.0,0.0,0.0,0.0024752475247524,0.0024752475247524,0.0,0.0012376237623762,0.0012376237623762,0.0,0.0,0.0,0.0,0.0074257425742573005,0.0049504950495049,0.0024752475247524,0.0086633663366336,0.0049504950495049,0.0037128712871287,184
2015-03-01,2015,3,780,166,614,1,0,1,27,2,25,0,0,0,27,13,14,4,0,4,0,0,0,0,0,0,23,2,21,63,61,2,0,0,0,4,2,2,13,4,9,0,0,0,4,3,1,0,0,0,1,1,0,0,0,0,0,0,0,5,2,3,6,0,6,0.8167539267015707,0.1738219895287958,0.6429319371727749,0.0010471204188481,0.0,0.0010471204188481,0.028272251308900403,0.0020942408376963,0.0261780104712041,0.0,0.0,0.0,0.0282722513089004,0.0136125654450261,0.0146596858638743,0.0041884816753926,0.0,0.0041884816753926,0.0,0.0,0.0,0.0,0.0,0.0,0.0240837696335078,0.0020942408376963,0.0219895287958115,0.0659685863874345,0.0638743455497382,0.0020942408376963,0.0,0.0,0.0,0.0041884816753926,0.0020942408376963,0.0020942408376963,0.013612565445026101,0.0041884816753926,0.0094240837696335,0.0,0.0,0.0,0.0041884816753926,0.0031413612565445,0.0010471204188481,0.0,0.0,0.0,0.0010471204188481,0.0010471204188481,0.0,0.0,0.0,0.0,0.0,0.0,0.0,0.0052356020942408,0.0020942408376963,0.0031413612565445,0.006282722513089,0.0,0.006282722513089,256
2015-04-01,2015,4,829,123,706,0,0,0,29,5,24,0,0,0,52,32,20,7,5,2,0,0,0,0,0,0,27,10,17,14,14,0,0,0,0,12,8,4,9,3,6,0,0,0,2,2,0,2,0,2,4,4,0,0,0,0,1,0,1,4,1,3,9,1,8,0.8306613226452906,0.1232464929859719,0.7074148296593187,0.0,0.0,0.0,0.0290581162324648,0.0050100200400801,0.0240480961923847,0.0,0.0,0.0,0.0521042084168336,0.032064128256513,0.0200400801603206,0.0070140280561121005,0.0050100200400801,0.002004008016032,0.0,0.0,0.0,0.0,0.0,0.0,0.0270541082164328,0.0100200400801603,0.0170340681362725,0.0140280561122244,0.0140280561122244,0.0,0.0,0.0,0.0,0.0120240480961923,0.0080160320641282,0.0040080160320641,0.0090180360721441,0.003006012024048,0.0060120240480961,0.0,0.0,0.0,0.002004008016032,0.002004008016032,0.0,0.002004008016032,0.0,0.002004008016032,0.0040080160320641,0.0040080160320641,0.0,0.0,0.0,0.0,0.001002004008016,0.0,0.001002004008016,0.004008016032064,0.001002004008016,0.003006012024048,0.0090180360721442,0.001002004008016,0.0080160320641282,206
2015-05-01,2015,5,808,137,671,0,0,0,18,2,16,0,0,0,52,33,19,10,4,6,0,0,0,0,0,0,15,7,8,10,9,1,1,1,0,10,5,5,29,11,18,0,0,0,1,1,0,0,0,0,0,0,0,0,0,0,3,2,1,3,3,0,15,3,12,0.831275720164609,0.1409465020576131,0.6903292181069959,0.0,0.0,0.0,0.0185185185185184,0.0020576131687242,0.0164609053497942,0.0,0.0,0.0,0.0534979423868312,0.0339506172839506,0.0195473251028806,0.0102880658436213,0.0041152263374485,0.0061728395061728,0.0,0.0,0.0,0.0,0.0,0.0,0.015432098765431999,0.0072016460905349,0.0082304526748971,0.0102880658436213,0.0092592592592592,0.0010288065843621,0.0010288065843621,0.0010288065843621,0.0,0.0102880658436214,0.0051440329218107,0.0051440329218107,0.029835390946501998,0.0113168724279835,0.0185185185185185,0.0,0.0,0.0,0.0010288065843621,0.0010288065843621,0.0,0.0,0.0,0.0,0.0,0.0,0.0,0.0,0.0,0.0,0.0030864197530863003,0.0020576131687242,0.0010288065843621,0.0030864197530864,0.0030864197530864,0.0,0.015432098765432,0.0030864197530864,0.0123456790123456,217
2015-06-01,2015,6,2877,546,2331,0,0,0,145,47,98,4,0,4,172,114,58,62,29,33,1,1,0,0,0,0,33,5,28,8,7,1,0,0,0,66,25,41,39,14,25,2,1,1,8,6,2,0,0,0,21,16,5,2,0,2,2,2,0,8,5,3,50,21,29,0.828867761452031,0.1573033707865168,0.6715643906655142,0.0,0.0,0.0,0.0417747046960529,0.0135407663497551,0.0282339383462978,0.0011524056467876,0.0,0.0011524056467876,0.0495534428118697,0.0328435609334485,0.0167098818784212,0.017862287525208798,0.0083549409392106,0.0095073465859982,0.0002881014116969,0.0002881014116969,0.0,0.0,0.0,0.0,0.0095073465859981,0.0014405070584845,0.0080668395275136,0.0023048112935753,0.0020167098818784,0.0002881014116969,0.0,0.0,0.0,0.0190146931719965,0.0072025352924229,0.0118121578795736,0.011235955056179699,0.0040334197637568,0.0072025352924229,0.0005762028233938,0.0002881014116969,0.0002881014116969,0.0023048112935753,0.0017286084701815,0.0005762028233938,0.0,0.0,0.0,0.0060501296456351,0.0046096225871506,0.0014405070584845,0.0005762028233938,0.0,0.0005762028233938,0.0005762028233938,0.0005762028233938,0.0,0.0023048112935752,0.0014405070584845,0.0008643042350907,0.0144050705848458,0.0060501296456352,0.0083549409392106,829
2015-07-01,2015,7,3234,558,2676,4,1,3,170,32,138,5,2,3,183,110,73,61,39,22,2,2,0,1,0,1,40,18,22,15,15,0,0,0,0,51,20,31,36,13,23,0,0,0,3,2,1,4,3,1,14,11,3,1,0,1,5,2,3,16,4,12,41,9,32,0.8413111342351717,0.1451612903225806,0.696149843912591,0.0010405827263266,0.0002601456815816,0.000780437044745,0.0442247658688865,0.0083246618106139,0.0359001040582726,0.0013007284079083,0.0005202913631633,0.000780437044745,0.0476066597294484,0.0286160249739854,0.018990634755463,0.0158688865764827,0.0101456815816857,0.005723204994797,0.0005202913631633,0.0005202913631633,0.0,0.0002601456815816,0.0,0.0002601456815816,0.0104058272632673,0.0046826222684703,0.005723204994797,0.0039021852237252,0.0039021852237252,0.0,0.0,0.0,0.0,0.0132674297606659,0.0052029136316337,0.0080645161290322,0.0093652445369406,0.0033818938605619,0.0059833506763787,0.0,0.0,0.0,0.0007804370447449,0.0005202913631633,0.0002601456815816,0.0010405827263266,0.000780437044745,0.0002601456815816,0.0036420395421435,0.0028616024973985,0.000780437044745,0.0002601456815816,0.0,0.0002601456815816,0.0013007284079083,0.0005202913631633,0.000780437044745,0.0041623309053069,0.0010405827263267,0.0031217481789802,0.010665972944849,0.0023413111342351,0.0083246618106139,813
2015-08-01,2015,8,2954,465,2489,0,0,0,91,18,73,1,0,1,101,53,48,55,34,21,0,0,0,0,0,0,70,20,50,15,14,1,0,0,0,60,18,42,65,24,41,4,2,2,5,5,0,1,1,0,17,11,6,9,2,7,5,5,0,14,6,8,25,13,12,0.8520334583213152,0.1341217190654745,0.7179117392558407,0.0,0.0,0.0,0.026247476204211,0.0051918084799538,0.0210556677242572,0.0002884338044418,0.0,0.0002884338044418,0.0291318142486298,0.0152869916354196,0.0138448226132102,0.0158638592443033,0.0098067493510239,0.0060571098932794,0.0,0.0,0.0,0.0,0.0,0.0,0.0201903663109316,0.0057686760888376,0.014421690222094,0.0043265070666281,0.0040380732621863,0.0002884338044418,0.0,0.0,0.0,0.017306028266512702,0.0051918084799538,0.0121142197865589,0.0187481972887222,0.0069224113066051,0.0118257859821171,0.0011537352177674,0.0005768676088837,0.0005768676088837,0.0014421690222094,0.0014421690222094,0.0,0.0002884338044418,0.0002884338044418,0.0,0.0049033746755117995,0.0031727718488606,0.0017306028266512,0.0025959042399768,0.0005768676088837,0.0020190366310931,0.0014421690222094,0.0014421690222094,0.0,0.0040380732621861995,0.0017306028266512,0.002307470435535,0.0072108451110468996,0.0037496394577444,0.0034612056533025,678
2015-09-01,2015,9,3182,467,2715,5,4,1,77,22,55,2,2,0,177,119,58,49,38,11,0,0,0,0,0,0,50,17,33,9,9,0,0,0,0,35,21,14,31,8,23,2,2,0,2,2,0,8,2,6,18,12,6,7,3,4,4,4,0,28,14,14,43,19,24,0.8600000000000001,0.1262162162162162,0.7337837837837838,0.0013513513513512,0.001081081081081,0.0002702702702702,0.0208108108108107,0.0059459459459459,0.0148648648648648,0.0005405405405405,0.0005405405405405,0.0,0.047837837837837696,0.0321621621621621,0.0156756756756756,0.013243243243243101,0.0102702702702702,0.0029729729729729,0.0,0.0,0.0,0.0,0.0,0.0,0.0135135135135134,0.0045945945945945,0.0089189189189189,0.0024324324324324,0.0024324324324324,0.0,0.0,0.0,0.0,0.0094594594594593,0.0056756756756756,0.0037837837837837,0.0083783783783783,0.0021621621621621,0.0062162162162162,0.0005405405405405,0.0005405405405405,0.0,0.0005405405405405,0.0005405405405405,0.0,0.0021621621621621,0.0005405405405405,0.0016216216216216,0.0048648648648648,0.0032432432432432,0.0016216216216216,0.0018918918918918001,0.0008108108108108,0.001081081081081,0.001081081081081,0.001081081081081,0.0,0.0075675675675674,0.0037837837837837,0.0037837837837837,0.0116216216216215,0.0051351351351351,0.0064864864864864,745
2015-10-01,2015,10,3332,609,2723,3,3,0,133,51,82,3,0,3,207,130,77,50,38,12,1,1,0,0,0,0,69,38,31,13,13,0,3,3,0,49,26,23,25,4,21,1,0,1,7,6,1,3,1,2,12,8,4,1,0,1,0,0,0,12,10,2,19,9,10,0.851520572450805,0.1556350626118068,0.6958855098389982,0.0007666751852798,0.0007666751852798,0.0,0.033989266547406,0.0130334781497572,0.0209557883976488,0.0007666751852798,0.0,0.0007666751852798,0.0529005877843086,0.0332225913621262,0.0196779964221824,0.0127779197546638,0.0097112190135445,0.0030667007411193,0.0002555583950932,0.0002555583950932,0.0,0.0,0.0,0.0,0.0176335292614361,0.0097112190135445,0.0079223102478916,0.0033222591362126,0.0033222591362126,0.0,0.0007666751852798,0.0007666751852798,0.0,0.0125223613595706,0.0066445182724252,0.0058778430871454,0.0063889598773319,0.0010222335803731,0.0053667262969588,0.0002555583950932,0.0,0.0002555583950932,0.0017889087656528001,0.0015333503705596,0.0002555583950932,0.0007666751852797001,0.0002555583950932,0.0005111167901865,0.0030667007411193,0.0020444671607462,0.0010222335803731,0.0002555583950932,0.0,0.0002555583950932,0.0,0.0,0.0,0.0030667007411192,0.0025555839509327,0.0005111167901865,0.0048556095067722,0.0023000255558395,0.0025555839509327,925
2015-11-01,2015,11,2890,605,2285,4,3,1,130,37,93,6,4,2,142,82,60,78,45,33,0,0,0,0,0,0,106,52,54,14,12,2,0,0,0,56,29,27,31,11,20,1,1,0,4,4,0,8,4,4,22,15,7,4,0,4,1,0,1,24,20,4,39,16,23,0.8238312428734322,0.1724629418472064,0.6513683010262258,0.0011402508551881,0.0008551881413911,0.000285062713797,0.037058152793614504,0.0105473204104903,0.0265108323831242,0.0017103762827821,0.0011402508551881,0.000570125427594,0.040478905359178904,0.0233751425313568,0.0171037628278221,0.0222348916761686,0.0128278221208665,0.0094070695553021,0.0,0.0,0.0,0.0,0.0,0.0,0.0302166476624857,0.0148232611174458,0.0153933865450399,0.0039908779931584,0.0034207525655644,0.000570125427594,0.0,0.0,0.0,0.0159635119726339,0.008266818700114,0.0076966932725199,0.008836944127708,0.0031356898517673,0.0057012542759407,0.000285062713797,0.000285062713797,0.0,0.0011402508551881,0.0011402508551881,0.0,0.0022805017103762,0.0011402508551881,0.0011402508551881,0.0062713797035347,0.0042759407069555,0.0019954389965792,0.0011402508551881,0.0,0.0011402508551881,0.000285062713797,0.0,0.000285062713797,0.0068415051311288,0.0057012542759407,0.0011402508551881,0.0111174458380843,0.0045610034207525,0.0065564424173318,911
2015-12-01,2015,12,2844,602,2242,0,0,0,89,21,68,4,2,2,147,120,27,62,27,35,0,0,0,1,1,0,79,50,29,5,5,0,4,4,0,43,19,24,91,39,52,0,0,0,11,9,2,3,3,0,17,8,9,5,4,1,5,1,4,13,9,4,24,14,10,0.832796486090776,0.1762811127379209,0.656515373352855,0.0,0.0,0.0,0.026061493411420097,0.0061493411420204,0.0199121522693997,0.0011713030746704,0.0005856515373352,0.0005856515373352,0.0430453879941434,0.0351390922401171,0.0079062957540263,0.0181551976573937,0.0079062957540263,0.0102489019033674,0.0,0.0,0.0,0.0002928257686676,0.0002928257686676,0.0,0.023133235724743698,0.0146412884333821,0.0084919472913616,0.0014641288433382,0.0014641288433382,0.0,0.0011713030746705,0.0011713030746705,0.0,0.0125915080527086,0.0055636896046852,0.0070278184480234,0.026647144948755398,0.011420204978038,0.0152269399707174,0.0,0.0,0.0,0.0032210834553439,0.0026354319180087,0.0005856515373352,0.0008784773060029,0.0008784773060029,0.0,0.0049780380673498,0.0023426061493411,0.0026354319180087,0.0014641288433381002,0.0011713030746705,0.0002928257686676,0.0014641288433381002,0.0002928257686676,0.0011713030746705,0.0038067349926792,0.0026354319180087,0.0011713030746705,0.0070278184480233,0.0040995607613469,0.0029282576866764,919
2016-01-01,2016,1,2900,407,2493,4,3,1,61,9,52,4,3,1,111,78,33,44,15,29,0,0,0,0,0,0,80,56,24,11,9,2,0,0,0,44,17,27,55,14,41,0,0,0,1,1,0,8,6,2,20,16,4,2,0,2,4,4,0,18,5,13,27,13,14,0.8590047393364929,0.1205568720379147,0.7384478672985783,0.0011848341232226,0.000888625592417,0.0002962085308056,0.0180687203791468,0.0026658767772511,0.0154028436018957,0.0011848341232226,0.000888625592417,0.0002962085308056,0.0328791469194312,0.0231042654028436,0.0097748815165876,0.0130331753554502,0.0044431279620853,0.0085900473933649,0.0,0.0,0.0,0.0,0.0,0.0,0.0236966824644548,0.0165876777251184,0.0071090047393364,0.0032582938388624,0.0026658767772511,0.0005924170616113,0.0,0.0,0.0,0.013033175355450101,0.0050355450236966,0.0079976303317535,0.0162914691943127,0.0041469194312796,0.0121445497630331,0.0,0.0,0.0,0.0002962085308056,0.0002962085308056,0.0,0.0023696682464454,0.0017772511848341,0.0005924170616113,0.0059241706161136005,0.0047393364928909,0.0011848341232227,0.0005924170616113,0.0,0.0005924170616113,0.0011848341232227,0.0011848341232227,0.0,0.0053317535545023,0.0014810426540284,0.0038507109004739,0.0079976303317535,0.0038507109004739,0.0041469194312796,648
2016-02-01,2016,2,2995,380,2615,2,2,0,56,8,48,9,5,4,139,91,48,39,26,13,1,1,0,1,1,0,60,24,36,16,16,0,0,0,0,33,15,18,36,11,25,1,1,0,5,4,1,3,2,1,17,13,4,2,2,0,7,6,1,17,7,10,20,7,13,0.8688714824485059,0.110240789091964,0.7586306933565419,0.0005802146794313,0.0005802146794313,0.0,0.0162460110240788,0.0023208587177255,0.0139251523063533,0.0026109660574410998,0.0014505366985784,0.0011604293588627,0.0403249202204815,0.0263997679141282,0.0139251523063533,0.011314186248911999,0.007542790832608,0.003771395416304,0.0002901073397156,0.0002901073397156,0.0,0.0002901073397156,0.0002901073397156,0.0,0.017406440382941597,0.0069625761531766,0.010443864229765,0.0046417174354511,0.0046417174354511,0.0,0.0,0.0,0.0,0.009573542210617899,0.0043516100957354,0.0052219321148825,0.0104438642297649,0.0031911807368726,0.0072526834928923,0.0002901073397156,0.0002901073397156,0.0,0.0014505366985783,0.0011604293588627,0.0002901073397156,0.0008703220191469,0.0005802146794313,0.0002901073397156,0.0049318247751666995,0.003771395416304,0.0011604293588627,0.0005802146794313,0.0005802146794313,0.0,0.0020307513780097,0.0017406440382941,0.0002901073397156,0.0049318247751666995,0.0020307513780098,0.0029010733971569,0.0058021467943138,0.0020307513780098,0.003771395416304,617
2016-03-01,2016,3,3077,407,2670,9,3,6,43,7,36,2,1,1,146,85,61,31,17,14,1,1,0,1,0,1,47,17,30,29,26,3,1,1,0,33,14,19,37,8,29,4,1,3,11,7,4,2,2,0,10,5,5,0,0,0,2,1,1,18,10,8,23,15,8,0.8763884933067502,0.1159213899174024,0.7604671033893478,0.0025633722586156,0.0008544574195385,0.0017089148390771,0.012247223013386401,0.0019937339789233,0.0102534890344631,0.0005696382796922,0.0002848191398461,0.0002848191398461,0.041583594417544806,0.0242096268869268,0.017373967530618,0.008829393335232,0.0048419253773853,0.0039874679578467,0.0002848191398461,0.0002848191398461,0.0,0.0002848191398461,0.0,0.0002848191398461,0.013386499572771198,0.0048419253773853,0.0085445741953859,0.0082597550555396,0.0074052976360011,0.0008544574195385,0.0002848191398461,0.0002848191398461,0.0,0.0093990316149244,0.0039874679578467,0.0054115636570777,0.0105383081743092,0.0022785531187695,0.0082597550555397,0.0011392765593845999,0.0002848191398461,0.0008544574195385,0.003133010538308,0.0019937339789233,0.0011392765593847,0.0005696382796923,0.0005696382796923,0.0,0.0028481913984618,0.0014240956992309,0.0014240956992309,0.0,0.0,0.0,0.0005696382796922,0.0002848191398461,0.0002848191398461,0.0051267445172314,0.0028481913984619,0.0022785531187695,0.006550840216462401,0.0042722870976929,0.0022785531187695,622
2016-04-01,2016,4,3151,471,2680,0,0,0,46,4,42,2,1,1,213,169,44,33,19,14,0,0,0,0,0,0,53,40,13,48,48,0,3,3,0,46,14,32,44,16,28,0,0,0,0,0,0,5,3,2,17,15,2,2,2,0,0,0,0,10,3,7,14,5,9,0.8578818404573918,0.128233052001089,0.7296487884563028,0.0,0.0,0.0,0.0125238224884289,0.001089028042472,0.0114347944459569,0.000544514021236,0.000272257010618,0.000272257010618,0.0579907432616389,0.0460114347944459,0.011979308467193,0.0089844813503947,0.0051728832017424,0.0038115981486523,0.0,0.0,0.0,0.0,0.0,0.0,0.0144296215627552,0.0108902804247209,0.0035393411380343,0.0130683365096651,0.0130683365096651,0.0,0.000816771031854,0.000816771031854,0.0,0.012523822488428999,0.0038115981486523,0.0087122243397767,0.0119793084671929,0.0043561121698883,0.0076231962973046,0.0,0.0,0.0,0.0,0.0,0.0,0.0013612850530900001,0.000816771031854,0.000544514021236,0.0046283691805063,0.0040838551592703,0.000544514021236,0.000544514021236,0.000544514021236,0.0,0.0,0.0,0.0,0.0027225701061801,0.000816771031854,0.0019057990743261,0.0038115981486523,0.0013612850530901,0.0024503130955622,808
2016-05-01,2016,5,3276,427,2849,5,1,4,51,9,42,5,3,2,160,113,47,27,16,11,0,0,0,0,0,0,50,20,30,29,27,2,1,0,1,47,26,21,36,9,27,0,0,0,2,2,0,16,10,6,15,10,5,0,0,0,0,0,0,17,11,6,27,16,11,0.8735999999999999,0.1138666666666666,0.7597333333333334,0.0013333333333332,0.0002666666666666,0.0010666666666666,0.0136,0.0024,0.0112,0.0013333333333333001,0.0008,0.0005333333333333,0.0426666666666666,0.0301333333333333,0.0125333333333333,0.0071999999999999,0.0042666666666666,0.0029333333333333,0.0,0.0,0.0,0.0,0.0,0.0,0.013333333333333301,0.0053333333333333,0.008,0.0077333333333332996,0.0072,0.0005333333333333,0.0002666666666666,0.0,0.0002666666666666,0.012533333333333299,0.0069333333333333,0.0056,0.0096,0.0024,0.0072,0.0,0.0,0.0,0.0005333333333333,0.0005333333333333,0.0,0.0042666666666666,0.0026666666666666,0.0016,0.0039999999999998995,0.0026666666666666,0.0013333333333333,0.0,0.0,0.0,0.0,0.0,0.0,0.0045333333333333,0.0029333333333333,0.0016,0.0071999999999999,0.0042666666666666,0.0029333333333333,693
2016-06-01,2016,6,2972,552,2420,0,0,0,58,25,33,2,2,0,200,152,48,47,30,17,0,0,0,0,0,0,73,27,46,32,32,0,0,0,0,58,21,37,44,23,21,2,2,0,4,1,3,1,1,0,5,4,1,1,0,1,2,2,0,30,25,5,41,31,10,0.8374189912651451,0.1555367709213863,0.6818822203437588,0.0,0.0,0.0,0.016342631727247,0.0070442378134685,0.0092983939137785,0.0005635390250774,0.0005635390250774,0.0,0.0563539025077485,0.0428289659058889,0.0135249366018596,0.0132431670893209,0.0084530853761623,0.0047900817131586,0.0,0.0,0.0,0.0,0.0,0.0,0.0205691744153281,0.007607776838546,0.0129613975767821,0.0090166244012397,0.0090166244012397,0.0,0.0,0.0,0.0,0.0163426317272471,0.0059171597633136,0.0104254719639335,0.0123978585517046,0.006480698788391,0.0059171597633136,0.0005635390250774,0.0005635390250774,0.0,0.0011270780501548999,0.0002817695125387,0.0008453085376162,0.0002817695125387,0.0002817695125387,0.0,0.0014088475626936,0.0011270780501549,0.0002817695125387,0.0002817695125387,0.0,0.0002817695125387,0.0005635390250774,0.0005635390250774,0.0,0.0084530853761622,0.0070442378134685,0.0014088475626937,0.0115525500140884,0.008734854888701,0.0028176951253874,917
2016-07-01,2016,7,2356,380,1976,6,5,1,32,20,12,1,1,0,113,65,48,22,13,9,12,12,0,0,0,0,36,8,28,32,30,2,0,0,0,51,19,32,32,15,17,8,8,0,4,2,2,4,0,4,10,8,2,0,0,0,2,1,1,15,15,0,25,17,8,0.8579752367079387,0.1383831026948288,0.71959213401311,0.0021849963583393,0.0018208302986161,0.0003641660597232,0.0116533139111434,0.0072833211944646,0.0043699927166788,0.0003641660597232,0.0003641660597232,0.0,0.041150764748725296,0.0236707938820101,0.0174799708667152,0.008011653313911099,0.004734158776402,0.0032774945375091,0.0043699927166788,0.0043699927166788,0.0,0.0,0.0,0.0,0.0131099781500363,0.0029133284777858,0.0101966496722505,0.0116533139111434,0.010924981791697,0.0007283321194464,0.0,0.0,0.0,0.0185724690458848,0.0069191551347414,0.0116533139111434,0.011653313911143399,0.0054624908958485,0.0061908230152949,0.0029133284777858,0.0029133284777858,0.0,0.0014566642388928,0.0007283321194464,0.0007283321194464,0.0014566642388929,0.0,0.0014566642388929,0.0036416605972322,0.0029133284777858,0.0007283321194464,0.0,0.0,0.0,0.0007283321194464,0.0003641660597232,0.0003641660597232,0.0054624908958485,0.0054624908958485,0.0,0.009104151493080699,0.0061908230152949,0.0029133284777858,609
2016-08-01,2016,8,2649,448,2201,1,1,0,37,17,20,2,0,2,64,40,24,8,6,2,5,5,0,0,0,0,36,15,21,12,10,2,0,0,0,20,9,11,31,16,15,2,2,0,11,9,2,3,0,3,25,19,6,2,1,1,2,2,0,10,9,1,17,10,7,0.9025553662691652,0.1526405451448041,0.7499148211243611,0.0003407155025553,0.0003407155025553,0.0,0.0126064735945485,0.0057921635434412,0.0068143100511073,0.0006814310051107,0.0,0.0006814310051107,0.0218057921635433,0.0136286201022146,0.0081771720613287,0.0027257240204428,0.0020442930153321,0.0006814310051107,0.0017035775127768,0.0017035775127768,0.0,0.0,0.0,0.0,0.012265758091993,0.0051107325383304,0.0071550255536626,0.0040885860306643,0.0034071550255536,0.0006814310051107,0.0,0.0,0.0,0.006814310051107201,0.0030664395229982,0.003747870528109,0.0105621805792162,0.0054514480408858,0.0051107325383304,0.0006814310051107,0.0006814310051107,0.0,0.0037478705281089,0.0030664395229982,0.0006814310051107,0.001022146507666,0.0,0.001022146507666,0.008517887563884,0.0064735945485519,0.0020442930153321,0.0006814310051106,0.0003407155025553,0.0003407155025553,0.0006814310051107,0.0006814310051107,0.0,0.0034071550255535,0.0030664395229982,0.0003407155025553,0.0057921635434411,0.0034071550255536,0.0023850085178875,617
2016-09-01,2016,9,2393,699,1694,2,1,1,18,3,15,5,2,3,158,107,51,21,13,8,1,1,0,0,0,0,22,9,13,132,130,2,0,0,0,17,11,6,71,31,40,1,0,1,0,0,0,1,0,1,32,25,7,2,1,1,2,2,0,3,3,0,8,7,1,0.8297503467406379,0.2423717059639389,0.587378640776699,0.0006934812760054,0.0003467406380027,0.0003467406380027,0.0062413314840499,0.0010402219140083,0.0052011095700416,0.0017337031900138001,0.0006934812760055,0.0010402219140083,0.0547850208044382,0.0371012482662968,0.0176837725381414,0.0072815533980581,0.004507628294036,0.0027739251040221,0.0003467406380027,0.0003467406380027,0.0,0.0,0.0,0.0,0.0076282940360609,0.0031206657420249,0.004507628294036,0.045769764216366096,0.0450762829403606,0.0006934812760055,0.0,0.0,0.0,0.0058945908460471,0.0038141470180305,0.0020804438280166,0.0246185852981968,0.0107489597780859,0.0138696255201109,0.0003467406380027,0.0,0.0003467406380027,0.0,0.0,0.0,0.0003467406380027,0.0,0.0003467406380027,0.011095700416088698,0.0086685159500693,0.0024271844660194,0.0006934812760054,0.0003467406380027,0.0003467406380027,0.0006934812760055,0.0006934812760055,0.0,0.0010402219140083,0.0010402219140083,0.0,0.0027739251040221,0.0024271844660194,0.0003467406380027,1041
2016-10-01,2016,10,2352,566,1786,2,2,0,18,1,17,3,1,2,213,166,47,19,11,8,1,1,0,0,0,0,50,13,37,125,124,1,4,4,0,40,16,24,62,41,21,0,0,0,3,3,0,0,0,0,25,20,5,2,0,2,1,1,0,9,6,3,10,3,7,0.8041025641025641,0.1935042735042735,0.6105982905982906,0.0006837606837606,0.0006837606837606,0.0,0.0061538461538461,0.0003418803418803,0.0058119658119658,0.0010256410256408999,0.0003418803418803,0.0006837606837606,0.0728205128205127,0.0567521367521367,0.016068376068376,0.0064957264957263994,0.0037606837606837,0.0027350427350427,0.0003418803418803,0.0003418803418803,0.0,0.0,0.0,0.0,0.017094017094017,0.0044444444444444,0.0126495726495726,0.042735042735042694,0.0423931623931624,0.0003418803418803,0.0013675213675213,0.0013675213675213,0.0,0.013675213675213599,0.0054700854700854,0.0082051282051282,0.0211965811965811,0.014017094017094,0.0071794871794871,0.0,0.0,0.0,0.001025641025641,0.001025641025641,0.0,0.0,0.0,0.0,0.008547008547008501,0.0068376068376068,0.0017094017094017,0.0006837606837606,0.0,0.0006837606837606,0.0003418803418803,0.0003418803418803,0.0,0.003076923076923,0.002051282051282,0.001025641025641,0.0034188034188033,0.001025641025641,0.0023931623931623,971
2016-11-01,2016,11,2476,559,1917,7,7,0,22,7,15,2,1,1,213,157,56,22,17,5,1,1,0,1,0,1,35,12,23,303,295,8,6,6,0,36,20,16,43,22,21,0,0,0,5,5,0,10,0,10,19,16,3,0,0,0,3,2,1,10,7,3,11,7,4,0.7720611163080761,0.1743062051761771,0.5977549111318989,0.0021827252884315,0.0021827252884315,0.0,0.0068599937636419,0.0021827252884315,0.0046772684752104,0.0006236357966946,0.0003118178983473,0.0003118178983473,0.0664172123479887,0.0489554100405363,0.0174618023074524,0.006859993763642,0.0053009042719052,0.0015590894917368,0.0003118178983473,0.0003118178983473,0.0,0.0003118178983473,0.0,0.0003118178983473,0.010913626442157601,0.0037418147801683,0.0071718116619893,0.09448082319925159,0.0919862800124727,0.0024945431867789,0.0018709073900841,0.0018709073900841,0.0,0.011225444340505101,0.0062363579669473,0.0049890863735578,0.0134081696289366,0.006859993763642,0.0065481758652946,0.0,0.0,0.0,0.0015590894917368,0.0015590894917368,0.0,0.0031181789834736,0.0,0.0031181789834736,0.0059245400685998,0.0049890863735578,0.000935453695042,0.0,0.0,0.0,0.000935453695042,0.0006236357966947,0.0003118178983473,0.0031181789834734998,0.0021827252884315,0.000935453695042,0.0034299968818209,0.0021827252884315,0.0012472715933894,1128
2016-12-01,2016,12,2689,682,2007,3,1,2,33,6,27,0,0,0,137,112,25,42,27,15,1,1,0,0,0,0,32,8,24,282,276,6,10,9,1,38,15,23,59,41,18,0,0,0,4,4,0,2,0,2,32,28,4,2,0,2,4,3,1,15,12,3,14,6,8,0.7948566361217854,0.2015962163759976,0.5932604197457878,0.0008867868755541,0.0002955956251847,0.0005911912503694,0.0097546556310965,0.0017735737511084,0.0079810818799881,0.0,0.0,0.0,0.0404966006503102,0.0331067100206916,0.0073898906296186,0.012415016257759301,0.0079810818799881,0.0044339343777712,0.0002955956251847,0.0002955956251847,0.0,0.0,0.0,0.0,0.0094590600059118,0.0023647650014779,0.0070942950044339,0.0833579663020986,0.0815843925509902,0.0017735737511084,0.0029559562518474,0.0026603606266627,0.0002955956251847,0.0112326337570203,0.0044339343777712,0.0067986993792491,0.0174401418859,0.0121194206325746,0.0053207212533254,0.0,0.0,0.0,0.0011823825007389,0.0011823825007389,0.0,0.0005911912503694,0.0,0.0005911912503694,0.0094590600059118,0.0082766775051729,0.0011823825007389,0.0005911912503694,0.0,0.0005911912503694,0.0011823825007389,0.0008867868755542,0.0002955956251847,0.0044339343777711,0.0035471475022169,0.0008867868755542,0.0041383387525863,0.0017735737511084,0.0023647650014779,1221
2017-01-01,2017,1,2771,626,2145,1,0,1,58,13,45,4,4,0,121,75,46,38,19,19,3,3,0,0,0,0,30,16,14,19,18,1,0,0,0,55,36,19,78,37,41,1,1,0,1,1,0,1,0,1,19,16,3,0,0,0,0,0,0,12,8,4,38,26,12,0.8600248292985723,0.1942892613283674,0.6657355679702048,0.0003103662321539,0.0,0.0003103662321539,0.0180012414649285,0.0040347610180012,0.0139664804469273,0.0012414649286157,0.0012414649286157,0.0,0.0375543140906269,0.0232774674115456,0.0142768466790813,0.0117939168218496,0.0058969584109248,0.0058969584109248,0.0009310986964618,0.0009310986964618,0.0,0.0,0.0,0.0,0.0093109869646181,0.004965859714463,0.0043451272501551,0.005896958410924799,0.0055865921787709,0.0003103662321539,0.0,0.0,0.0,0.0170701427684667,0.0111731843575419,0.0058969584109248,0.0242085661080074,0.0114835505896958,0.0127250155183116,0.0003103662321539,0.0003103662321539,0.0,0.0003103662321539,0.0003103662321539,0.0,0.0003103662321539,0.0,0.0003103662321539,0.005896958410924799,0.004965859714463,0.0009310986964618,0.0,0.0,0.0,0.0,0.0,0.0,0.0037243947858471996,0.0024829298572315,0.0012414649286157,0.0117939168218497,0.0080695220360024,0.0037243947858473,886
2017-02-01,2017,2,3105,562,2543,2,1,1,123,45,78,3,1,2,183,98,85,56,37,19,0,0,0,0,0,0,93,22,71,27,23,4,0,0,0,47,19,28,51,23,28,1,0,1,2,2,0,4,2,2,18,15,3,4,0,4,1,0,1,25,15,10,37,11,26,0.8304359454399572,0.1503075688686814,0.6801283765712758,0.0005349023803154,0.0002674511901577,0.0002674511901577,0.032896496389408905,0.0120353035571008,0.0208611928323081,0.0008023535704731999,0.0002674511901577,0.0005349023803155,0.0489435677988766,0.026210216635464,0.0227333511634126,0.0149772666488365,0.0098956940358384,0.0050815726129981,0.0,0.0,0.0,0.0,0.0,0.0,0.024872960684675,0.0058839261834715,0.0189890345012035,0.007221182134260399,0.0061513773736293,0.0010698047606311,0.0,0.0,0.0,0.0125702059374163,0.0050815726129981,0.0074886333244182,0.0136400106980475,0.0061513773736293,0.0074886333244182,0.0002674511901577,0.0,0.0002674511901577,0.0005349023803155,0.0005349023803155,0.0,0.001069804760631,0.0005349023803155,0.0005349023803155,0.0048141214228402,0.0040117678523669,0.0008023535704733,0.0010698047606311,0.0,0.0010698047606311,0.0002674511901577,0.0,0.0002674511901577,0.0066862797539448,0.0040117678523669,0.0026745119015779,0.0098956940358384,0.0029419630917357,0.0069537309441027,846
2017-03-01,2017,3,3685,737,2948,2,2,0,125,31,94,7,0,7,279,176,103,52,24,28,0,0,0,0,0,0,53,14,39,18,17,1,0,0,0,47,15,32,87,45,42,5,0,5,8,4,4,9,7,2,35,25,10,6,3,3,1,0,1,24,12,12,45,12,33,0.8267893201705182,0.1653578640341036,0.6614314561364146,0.0004487323311644,0.0004487323311644,0.0,0.0280457706977787,0.0069553511330491,0.0210904195647296,0.0015705631590756,0.0,0.0015705631590756,0.0625981601974422,0.0394884451424725,0.0231097150549697,0.0116670406102759,0.0053847879739735,0.0062822526363024,0.0,0.0,0.0,0.0,0.0,0.0,0.0118914067758581,0.0031411263181512,0.0087502804577069,0.0040385909804801,0.0038142248148979,0.0002243661655822,0.0,0.0,0.0,0.0105452097823647,0.0033654924837334,0.0071797172986313,0.0195198564056539,0.0100964774512003,0.0094233789544536,0.0011218308279111,0.0,0.0011218308279111,0.0017949293246578,0.0008974646623289,0.0008974646623289,0.00201929549024,0.0015705631590756,0.0004487323311644,0.007852815795378,0.0056091541395557,0.0022436616558223,0.0013461969934932,0.0006730984967466,0.0006730984967466,0.0002243661655822,0.0,0.0002243661655822,0.0053847879739734,0.0026923939869867,0.0026923939869867,0.0100964774512002,0.0026923939869867,0.0074040834642135,1114
2017-04-01,2017,4,3267,677,2590,0,0,0,172,64,108,4,4,0,211,131,80,70,40,30,1,0,1,2,1,1,78,31,47,21,20,1,0,0,0,42,16,26,81,36,45,3,3,0,7,4,3,4,1,3,51,43,8,3,0,3,3,1,2,36,20,16,61,36,25,0.8023084479371316,0.1662573673870334,0.6360510805500982,0.0,0.0,0.0,0.0422396856581531,0.0157170923379174,0.0265225933202357,0.0009823182711198,0.0009823182711198,0.0,0.051817288801571604,0.0321709233791748,0.0196463654223968,0.0171905697445972,0.0098231827111984,0.0073673870333988,0.0002455795677799,0.0,0.0002455795677799,0.0004911591355598,0.0002455795677799,0.0002455795677799,0.019155206286836802,0.0076129666011787,0.0115422396856581,0.0051571709233791,0.0049115913555992,0.0002455795677799,0.0,0.0,0.0,0.0103143418467582,0.0039292730844793,0.0063850687622789,0.0198919449901767,0.0088408644400785,0.0110510805500982,0.0007367387033398,0.0007367387033398,0.0,0.0017190569744596,0.0009823182711198,0.0007367387033398,0.0009823182711197,0.0002455795677799,0.0007367387033398,0.012524557956777899,0.0105599214145383,0.0019646365422396,0.0007367387033398,0.0,0.0007367387033398,0.0007367387033398,0.0002455795677799,0.0004911591355599,0.0088408644400785,0.0049115913555992,0.0039292730844793,0.0149803536345775,0.0088408644400785,0.006139489194499,1103
2017-05-01,2017,5,3666,806,2860,0,0,0,150,34,116,4,2,2,223,149,74,55,28,27,2,0,2,0,0,0,100,43,57,31,30,1,0,0,0,52,14,38,67,29,38,1,0,1,11,11,0,3,1,2,34,23,11,3,1,2,5,3,2,24,11,13,49,13,36,0.8256756756756756,0.1815315315315315,0.6441441441441441,0.0,0.0,0.0,0.0337837837837837,0.0076576576576576,0.0261261261261261,0.0009009009009008,0.0004504504504504,0.0004504504504504,0.0502252252252251,0.0335585585585585,0.0166666666666666,0.012387387387387299,0.0063063063063063,0.006081081081081,0.0004504504504504,0.0,0.0004504504504504,0.0,0.0,0.0,0.0225225225225224,0.0096846846846846,0.0128378378378378,0.0069819819819819,0.0067567567567567,0.0002252252252252,0.0,0.0,0.0,0.0117117117117116,0.0031531531531531,0.0085585585585585,0.015090090090090002,0.0065315315315315,0.0085585585585585,0.0002252252252252,0.0,0.0002252252252252,0.0024774774774774,0.0024774774774774,0.0,0.0006756756756756,0.0002252252252252,0.0004504504504504,0.0076576576576575005,0.0051801801801801,0.0024774774774774,0.0006756756756756,0.0002252252252252,0.0004504504504504,0.0011261261261260001,0.0006756756756756,0.0004504504504504,0.0054054054054053,0.0024774774774774,0.0029279279279279,0.011036036036036,0.0029279279279279,0.0081081081081081,1179
2017-06-01,2017,6,3445,750,2695,4,4,0,178,21,157,9,5,4,176,125,51,64,27,37,1,1,0,0,0,0,64,11,53,18,14,4,0,0,0,49,23,26,65,16,49,3,3,0,5,5,0,3,1,2,45,31,14,5,1,4,4,4,0,29,17,12,47,25,22,0.8257430488974113,0.1797698945349952,0.6459731543624161,0.0009587727708533,0.0009587727708533,0.0,0.042665388302972104,0.0050335570469798,0.0376318312559923,0.0021572387344199,0.0011984659635666,0.0009587727708533,0.0421860019175454,0.0299616490891658,0.0122243528283796,0.0153403643336528,0.0064717162032598,0.008868648130393,0.0002396931927133,0.0002396931927133,0.0,0.0,0.0,0.0,0.015340364333652799,0.0026366251198465,0.0127037392138063,0.0043144774688398,0.0033557046979865,0.0009587727708533,0.0,0.0,0.0,0.011744966442953,0.0055129434324065,0.0062320230105465,0.0155800575263662,0.0038350910834132,0.011744966442953,0.0007190795781399,0.0007190795781399,0.0,0.0011984659635666,0.0011984659635666,0.0,0.0007190795781399001,0.0002396931927133,0.0004793863854266,0.0107861936720996,0.0074304889741131,0.0033557046979865,0.0011984659635666001,0.0002396931927133,0.0009587727708533,0.0009587727708533,0.0009587727708533,0.0,0.0069511025886864,0.0040747842761265,0.0028763183125599,0.0112655800575262,0.0059923298178331,0.0052732502396931,1073
2017-07-01,2017,7,3389,709,2680,0,0,0,210,27,183,3,1,2,191,122,69,75,35,40,6,4,2,1,0,1,77,12,65,29,20,9,0,0,0,57,28,29,59,25,34,0,0,0,7,4,3,0,0,0,45,37,8,1,0,1,7,6,1,38,16,22,50,9,41,0.809410078815381,0.1693336517793169,0.640076427036064,0.0,0.0,0.0,0.050155242417004905,0.0064485311679006,0.0437067112491043,0.0007165034631,0.0002388344877,0.0004776689754,0.0456173871507045,0.0291378074994029,0.0164795796513016,0.0179125865775017,0.0083592070695008,0.0095533795080009,0.0014330069262,0.0009553379508,0.0004776689754,0.0002388344877,0.0,0.0002388344877,0.0183902555529017,0.0028660138524002,0.0155242417005015,0.0069262001433006,0.0047766897540004,0.0021495103893002,0.0,0.0,0.0,0.0136135657989012,0.0066873656556006,0.0069262001433006,0.0140912347743013,0.0059708621925005,0.0081203725818008,0.0,0.0,0.0,0.0016718414139,0.0009553379508,0.0007165034631,0.0,0.0,0.0,0.010747551946500901,0.0088368760449008,0.0019106759016001,0.0002388344877,0.0,0.0002388344877,0.0016718414139001,0.0014330069262001,0.0002388344877,0.0090757105326008,0.0038213518032003,0.0052543587294005,0.0119417243850011,0.0021495103893002,0.0097922139957009,1029
2017-08-01,2017,8,3825,895,2930,2,1,1,224,31,193,7,6,1,171,118,53,71,27,44,1,1,0,1,1,0,49,8,41,18,17,1,1,1,0,52,28,24,93,32,61,0,0,0,13,11,2,5,5,0,57,45,12,2,0,2,2,2,0,28,12,16,55,26,29,0.8268482490272373,0.19347168179853,0.6333765672287073,0.0004323389537396,0.0002161694768698,0.0002161694768698,0.048421962818849903,0.0067012537829658,0.0417207090358841,0.0015131863380888999,0.0012970168612191,0.0002161694768698,0.0369649805447469,0.0255079982706441,0.0114569822741028,0.0153480328577604,0.0058365758754863,0.0095114569822741,0.0002161694768698,0.0002161694768698,0.0,0.0002161694768698,0.0002161694768698,0.0,0.010592304366623399,0.0017293558149589,0.0088629485516645,0.0038910505836575,0.0036748811067877,0.0002161694768698,0.0002161694768698,0.0002161694768698,0.0,0.0112408127972329,0.0060527453523562,0.0051880674448767,0.0201037613488975,0.0069174232598357,0.0131863380890618,0.0,0.0,0.0,0.0028102031993082,0.0023778642455685,0.0004323389537397,0.0010808473843493,0.0010808473843493,0.0,0.012321660181582199,0.0097276264591439,0.0025940337224383,0.0004323389537397,0.0,0.0004323389537397,0.0004323389537397,0.0004323389537397,0.0,0.0060527453523561,0.0025940337224383,0.0034587116299178,0.0118893212278426,0.0056204063986165,0.0062689148292261,1247
2017-09-01,2017,9,3645,771,2874,14,11,3,168,37,131,2,2,0,239,154,85,91,42,49,0,0,0,0,0,0,62,17,45,15,12,3,1,1,0,69,19,50,85,24,61,1,0,1,3,2,1,1,0,1,11,10,1,8,1,7,1,1,0,13,5,8,56,8,48,0.8226134055517942,0.1740013540961408,0.6486120514556534,0.0031595576619272,0.0024825095915143,0.0006770480704129,0.037914691943127896,0.0083502595350936,0.0295644324080343,0.0004513653802753,0.0004513653802753,0.0,0.0539381629429022,0.0347551342812006,0.0191830286617016,0.0205371248025275,0.0094786729857819,0.0110584518167456,0.0,0.0,0.0,0.0,0.0,0.0,0.0139923267885352,0.0038366057323403,0.0101557210561949,0.0033852403520648,0.0027081922816519,0.0006770480704129,0.0002256826901376,0.0002256826901376,0.0,0.0155721056194989,0.0042879711126156,0.0112841345068833,0.0191830286617015,0.0054163845633039,0.0137666440983976,0.0002256826901376,0.0,0.0002256826901376,0.0006770480704129,0.0004513653802753,0.0002256826901376,0.0002256826901376,0.0,0.0002256826901376,0.0024825095915142,0.0022568269013766,0.0002256826901376,0.0018054615211012,0.0002256826901376,0.0015797788309636,0.0002256826901376,0.0002256826901376,0.0,0.0029338749717896,0.0011284134506883,0.0018054615211013,0.0126382306477092,0.0018054615211013,0.0108327691266079,1093
2017-10-01,2017,10,3591,805,2786,0,0,0,154,25,129,2,1,1,252,158,94,55,19,36,0,0,0,1,1,0,60,18,42,32,31,1,1,1,0,86,39,47,79,33,46,1,1,0,4,2,2,5,3,2,42,29,13,8,3,5,1,0,1,32,13,19,45,16,29,0.8144704014515762,0.1825810841460648,0.6318893173055115,0.0,0.0,0.0,0.0349285552279427,0.0056702200045361,0.0292583352234066,0.0004536176003628,0.0002268088001814,0.0002268088001814,0.057155817645724596,0.0358357904286686,0.021320027217056,0.0124744840099794,0.0043093672034474,0.008165116806532,0.0,0.0,0.0,0.0002268088001814,0.0002268088001814,0.0,0.0136085280108867,0.004082558403266,0.0095259696076207,0.007257881605806199,0.0070310728056248,0.0002268088001814,0.0002268088001814,0.0002268088001814,0.0,0.0195055568156044,0.0088455432070764,0.010660013608528,0.0179178952143342,0.0074846904059877,0.0104332048083465,0.0002268088001814,0.0002268088001814,0.0,0.0009072352007256,0.0004536176003628,0.0004536176003628,0.0011340440009071,0.0006804264005443,0.0004536176003628,0.009525969607620699,0.0065774552052619,0.0029485144023588,0.0018144704014515,0.0006804264005443,0.0011340440009072,0.0002268088001814,0.0,0.0002268088001814,0.0072578816058062,0.0029485144023588,0.0043093672034474,0.010206396008165,0.0036289408029031,0.0065774552052619,1185
2017-11-01,2017,11,3402,701,2701,3,3,0,166,38,128,2,2,0,243,155,88,44,25,19,6,6,0,0,0,0,38,5,33,6,5,1,0,0,0,84,30,54,46,22,24,2,1,1,3,3,0,2,2,0,34,30,4,1,0,1,2,1,1,30,14,16,90,34,56,0.814460138855638,0.1678237969834809,0.646636341872157,0.000718218817333,0.000718218817333,0.0,0.039741441225759996,0.0090974383528848,0.0306440028728752,0.0004788125448886,0.0004788125448886,0.0,0.058175724203974,0.0371079722288723,0.0210677519751017,0.0105338759875508,0.0059851568111084,0.0045487191764424,0.001436437634666,0.001436437634666,0.0,0.0,0.0,0.0,0.0090974383528847,0.0011970313622216,0.0079004069906631,0.0014364376346659,0.0011970313622216,0.0002394062724443,0.0,0.0,0.0,0.0201101268853243,0.0071821881733301,0.0129279387119942,0.0110126885324395,0.0052669379937754,0.0057457505386641,0.0004788125448886,0.0002394062724443,0.0002394062724443,0.000718218817333,0.000718218817333,0.0,0.0004788125448886,0.0004788125448886,0.0,0.0081398132631074,0.0071821881733301,0.0009576250897773,0.0002394062724443,0.0,0.0002394062724443,0.0004788125448886,0.0002394062724443,0.0002394062724443,0.007182188173330099,0.0033516878142207,0.0038305003591094,0.021546564519990298,0.0081398132631074,0.0134067512568829,1063
2017-12-01,2017,12,3354,711,2643,2,1,1,116,20,96,6,2,4,224,152,72,75,46,29,3,1,2,1,1,0,37,5,32,40,38,2,3,3,0,71,30,41,101,31,70,1,0,1,14,5,9,4,4,0,29,24,5,6,3,3,5,5,0,22,6,16,34,16,18,0.8168533852898197,0.1731612274719922,0.6436921578178275,0.0004870920603994,0.0002435460301997,0.0002435460301997,0.028251339503166002,0.0048709206039941,0.0233804188991719,0.0014612761811982,0.0004870920603994,0.0009741841207988,0.054554310764734396,0.0370189965903555,0.0175353141743789,0.018265952264978,0.0112031173891865,0.0070628348757915,0.0007306380905991,0.0002435460301997,0.0004870920603994,0.0002435460301997,0.0002435460301997,0.0,0.0090112031173891,0.0012177301509985,0.0077934729663906,0.0097418412079882,0.0092547491475888,0.0004870920603994,0.0007306380905991,0.0007306380905991,0.0,0.017291768144179202,0.0073063809059912,0.009985387238188,0.024598149050170402,0.0075499269361909,0.0170482221139795,0.0002435460301997,0.0,0.0002435460301997,0.0034096444227958,0.0012177301509985,0.0021919142717973,0.0009741841207988,0.0009741841207988,0.0,0.0070628348757914,0.0058451047247929,0.0012177301509985,0.0014612761811982,0.0007306380905991,0.0007306380905991,0.0012177301509985,0.0012177301509985,0.0,0.0053580126643935,0.0014612761811982,0.0038967364831953,0.008280565026790001,0.0038967364831953,0.0043838285435947,1084
2018-01-01,2018,1,3889,794,3095,7,4,3,92,20,72,9,0,9,186,128,58,30,14,16,1,0,1,0,0,0,71,25,46,12,12,0,1,1,0,50,22,28,140,43,97,3,3,0,9,7,2,4,4,0,46,35,11,3,1,2,4,2,2,31,10,21,57,14,43,0.8405014047979252,0.1716014696347525,0.6688999351631727,0.0015128593040846,0.0008644910309055,0.0006483682731791,0.0198832937108276,0.0043224551545277,0.0155608385562999,0.0019451048195374,0.0,0.0019451048195374,0.0401988329371082,0.0276637129889777,0.0125351199481305,0.006483682731791601,0.0030257186081694,0.0034579641236222,0.0002161227577263,0.0,0.0002161227577263,0.0,0.0,0.0,0.0153447157985735,0.0054030689431597,0.0099416468554138,0.0025934730927166,0.0025934730927166,0.0,0.0002161227577263,0.0002161227577263,0.0,0.0108061378863193,0.0047547006699805,0.0060514372163388,0.0302571860816943,0.0092932785822347,0.0209639074994596,0.0006483682731791,0.0006483682731791,0.0,0.0019451048195374,0.0015128593040847,0.0004322455154527,0.0008644910309055,0.0008644910309055,0.0,0.0099416468554138,0.0075642965204236,0.0023773503349902,0.000648368273179,0.0002161227577263,0.0004322455154527,0.0008644910309054,0.0004322455154527,0.0004322455154527,0.0066998054895179,0.0021612275772638,0.0045385779122541,0.0123189971904041,0.0030257186081694,0.0092932785822347,1132
2018-02-01,2018,2,3395,671,2724,6,2,4,102,27,75,5,2,3,201,116,85,39,29,10,1,1,0,3,1,2,111,24,87,9,9,0,3,3,0,81,38,43,79,14,65,0,0,0,19,8,11,3,0,3,56,36,20,7,0,7,7,1,6,63,9,54,64,10,54,0.8029801324503312,0.1587038789025544,0.6442762535477767,0.0014191106906338,0.0004730368968779,0.0009460737937559,0.024124881740775702,0.0063859981078524,0.0177388836329233,0.0011825922421948,0.0004730368968779,0.0007095553453169,0.047540208136234496,0.0274361400189214,0.0201040681173131,0.00922421948912,0.0068590350047303,0.0023651844843897,0.0002365184484389,0.0002365184484389,0.0,0.0007095553453168,0.0002365184484389,0.0004730368968779,0.0262535477767265,0.0056764427625354,0.0205771050141911,0.0021286660359508,0.0021286660359508,0.0,0.0007095553453169,0.0007095553453169,0.0,0.019157994323557102,0.0089877010406811,0.010170293282876,0.0186849574266791,0.0033112582781456,0.0153736991485335,0.0,0.0,0.0,0.0044938505203405005,0.0018921475875118,0.0026017029328287,0.0007095553453169,0.0,0.0007095553453169,0.0132450331125827,0.0085146641438032,0.0047303689687795,0.0016556291390728,0.0,0.0016556291390728,0.0016556291390727,0.0002365184484389,0.0014191106906338,0.014900662251655601,0.0021286660359508,0.0127719962157048,0.0151371807000945,0.0023651844843897,0.0127719962157048,983
2018-03-01,2018,3,3987,876,3111,5,1,4,155,36,119,6,3,3,280,181,99,49,34,15,1,0,1,0,0,0,85,18,67,33,33,0,0,0,0,104,64,40,127,39,88,5,5,0,2,2,0,2,2,0,30,17,13,2,0,2,11,9,2,61,5,56,91,13,78,0.7975595119023804,0.1752350470094018,0.6223244648929785,0.001000200040008,0.0002000400080016,0.0008001600320064,0.031006201240248,0.0072014402880576,0.0238047609521904,0.0012002400480096,0.0006001200240048,0.0006001200240048,0.056011202240448005,0.0362072414482896,0.0198039607921584,0.0098019603920784,0.0068013602720544,0.003000600120024,0.0002000400080016,0.0,0.0002000400080016,0.0,0.0,0.0,0.017003400680136,0.0036007201440288,0.0134026805361072,0.0066013202640528,0.0066013202640528,0.0,0.0,0.0,0.0,0.0208041608321664,0.0128025605121024,0.008001600320064,0.025405081016203198,0.0078015603120624,0.0176035207041408,0.001000200040008,0.001000200040008,0.0,0.0004000800160032,0.0004000800160032,0.0,0.0004000800160032,0.0004000800160032,0.0,0.0060012002400480005,0.0034006801360272,0.0026005201040208,0.0004000800160032,0.0,0.0004000800160032,0.0022004400880176,0.0018003600720144,0.0004000800160032,0.0122024404880976,0.001000200040008,0.0112022404480896,0.0182036407281456,0.0026005201040208,0.0156031206241248,1315
2018-04-01,2018,4,4029,912,3117,7,5,2,218,36,182,5,5,0,295,176,119,91,50,41,1,0,1,0,0,0,44,5,39,10,8,2,0,0,0,102,55,47,130,43,87,0,0,0,8,2,6,7,5,2,61,46,15,4,2,2,14,12,2,72,16,56,69,9,60,0.78922624877571,0.1786483839373163,0.6105778648383937,0.0013712047012732,0.0009794319294809,0.0003917727717923,0.042703232125367196,0.0070519098922624,0.0356513222331048,0.0009794319294809,0.0009794319294809,0.0,0.0577864838393731,0.0344760039177277,0.0233104799216454,0.0178256611165523,0.009794319294809,0.0080313418217433,0.0001958863858961,0.0,0.0001958863858961,0.0,0.0,0.0,0.0086190009794319,0.0009794319294809,0.007639569049951,0.0019588638589617,0.0015670910871694,0.0003917727717923,0.0,0.0,0.0,0.0199804113614103,0.0107737512242899,0.0092066601371204,0.025465230166503303,0.0084231145935357,0.0170421155729676,0.0,0.0,0.0,0.0015670910871693,0.0003917727717923,0.001175318315377,0.0013712047012732,0.0009794319294809,0.0003917727717923,0.011949069539666901,0.0090107737512242,0.0029382957884427,0.0007835455435846,0.0003917727717923,0.0003917727717923,0.0027424094025464,0.0023506366307541,0.0003917727717923,0.0141038197845248,0.0031341821743388,0.010969637610186,0.0135161606268364,0.0017629774730656,0.0117531831537708,1361
2018-05-01,2018,5,4796,1133,3663,14,5,9,154,28,126,4,3,1,371,235,136,100,45,55,0,0,0,0,0,0,126,29,97,13,10,3,0,0,0,128,60,68,111,28,83,1,0,1,7,4,3,3,1,2,45,26,19,6,1,5,1,1,0,68,10,58,75,9,66,0.8059149722735675,0.1903881700554528,0.6155268022181146,0.0023525457906233,0.0008401949252226,0.0015123508654007,0.0258780036968576,0.0047050915812468,0.0211729121156108,0.000672155940178,0.0005041169551335,0.0001680389850445,0.0623424634515207,0.0394891614854646,0.0228533019660561,0.0168038985044529,0.0075617543270038,0.0092421441774491,0.0,0.0,0.0,0.0,0.0,0.0,0.021172912115610697,0.0048731305662913,0.0162997815493194,0.0021845068055788,0.0016803898504453,0.0005041169551335,0.0,0.0,0.0,0.0215089900856998,0.0100823391026718,0.011426650983028,0.0186523273399428,0.0047050915812468,0.013947235758696,0.0001680389850445,0.0,0.0001680389850445,0.0011762728953116,0.0006721559401781,0.0005041169551335,0.0005041169551335,0.0001680389850445,0.000336077970089,0.0075617543270037,0.0043690136111577,0.003192740715846,0.0010082339102671,0.0001680389850445,0.0008401949252226,0.0001680389850445,0.0001680389850445,0.0,0.011426650983028,0.0016803898504453,0.0097462611325827,0.0126029238783397,0.0015123508654007,0.011090573012939,1608
2018-06-01,2018,6,4096,848,3248,5,3,2,170,37,133,7,4,3,253,177,76,78,42,36,1,0,1,1,0,1,63,8,55,16,14,2,0,0,0,70,21,49,124,35,89,2,1,1,14,3,11,0,0,0,44,30,14,5,1,4,2,2,0,41,3,38,52,3,49,0.8206772189941896,0.1699058304948908,0.6507713884992987,0.0010018032458425,0.0006010819475055,0.000400721298337,0.0340613103586455,0.0074133440192346,0.0266479663394109,0.0014025245441795001,0.000801442596674,0.0006010819475055,0.0506912442396312,0.035463834902825,0.0152274093368062,0.0156281306351432,0.0084151472650771,0.0072129833700661,0.0002003606491685,0.0,0.0002003606491685,0.0002003606491685,0.0,0.0002003606491685,0.0126227208976156,0.001602885193348,0.0110198357042676,0.003205770386696,0.002805049088359,0.000400721298337,0.0,0.0,0.0,0.0140252454417951,0.0042075736325385,0.0098176718092566,0.024844720496894297,0.0070126227208976,0.0178320977759967,0.000400721298337,0.0002003606491685,0.0002003606491685,0.0028050490883590002,0.0006010819475055,0.0022039671408535,0.0,0.0,0.0,0.008815868563414,0.006010819475055,0.002805049088359,0.0010018032458425,0.0002003606491685,0.000801442596674,0.000400721298337,0.000400721298337,0.0,0.0082147866159086,0.0006010819475055,0.0076137046684031,0.010418753756762099,0.0006010819475055,0.0098176718092566,1211
2018-07-01,2018,7,4558,868,3690,3,1,2,161,46,115,12,5,7,252,145,107,125,89,36,4,1,3,2,0,2,71,3,68,11,7,4,3,3,0,126,55,71,147,37,110,2,1,1,9,3,6,11,9,2,72,43,29,9,2,7,7,4,3,53,3,50,66,12,54,0.8120434705148762,0.1546410119365758,0.6574024585783004,0.0005344735435594,0.0001781578478531,0.0003563156957063,0.028683413504364798,0.0081952610012471,0.0204881525031177,0.0021378941742382,0.0008907892392659,0.0012471049349723,0.0448957776590058,0.0258328879387137,0.0190628897202921,0.0222697309816497,0.0158560484589346,0.0064136825227151,0.0007126313914126,0.0001781578478531,0.0005344735435595,0.0003563156957063,0.0,0.0003563156957063,0.0126492071975769,0.0005344735435595,0.0121147336540174,0.001959736326385,0.0012471049349723,0.0007126313914127,0.0005344735435595,0.0005344735435595,0.0,0.0224478888295028,0.0097986816319258,0.012649207197577,0.02618920363442,0.0065918403705683,0.0195973632638517,0.0003563156957062,0.0001781578478531,0.0001781578478531,0.0016034206306786,0.0005344735435595,0.0010689470871191,0.001959736326385,0.0016034206306787,0.0003563156957063,0.012827365045430202,0.0076607874576875,0.0051665775877427,0.0016034206306786,0.0003563156957063,0.0012471049349723,0.0012471049349722,0.0007126313914127,0.0005344735435595,0.0094423659362193,0.0005344735435595,0.0089078923926598,0.011758417958310901,0.0021378941742383,0.0096205237840726,1279
2018-08-01,2018,8,5235,914,4321,11,6,5,210,42,168,7,5,2,274,154,120,106,52,54,5,1,4,0,0,0,87,17,70,15,13,2,0,0,0,124,40,84,156,40,116,0,0,0,3,2,1,2,1,1,48,40,8,2,0,2,6,6,0,63,10,53,86,11,75,0.822983807577425,0.1436880993554472,0.6792957082219777,0.0017292878478225,0.0009432479169941,0.0007860399308284,0.0330136770947963,0.0066027354189592,0.0264109416758371,0.0011004559031597,0.0007860399308284,0.0003144159723313,0.0430749882094009,0.0242100298695173,0.0188649583398836,0.0166640465335638,0.0081748152806162,0.0084892312529476,0.0007860399308283,0.0001572079861656,0.0006288319446627,0.0,0.0,0.0,0.013677094796415601,0.0026725357648168,0.0110045590315988,0.0023581197924852997,0.002043703820154,0.0003144159723313,0.0,0.0,0.0,0.0194937902845463,0.0062883194466278,0.0132054708379185,0.0245244458418486,0.0062883194466278,0.0182361263952208,0.0,0.0,0.0,0.0004716239584969,0.0003144159723313,0.0001572079861656,0.0003144159723312,0.0001572079861656,0.0001572079861656,0.007545983335953301,0.0062883194466278,0.0012576638893255,0.0003144159723313,0.0,0.0003144159723313,0.0009432479169941,0.0009432479169941,0.0,0.009904103128438799,0.0015720798616569,0.0083320232667819,0.0135198868102498,0.0017292878478226,0.0117905989624272,1319
2018-09-01,2018,9,5051,1106,3945,5,0,5,239,88,151,6,1,5,370,203,167,187,130,57,4,2,2,1,0,1,107,24,83,13,11,2,0,0,0,135,53,82,126,29,97,1,0,1,13,10,3,0,0,0,36,22,14,4,0,4,5,2,3,56,4,52,74,6,68,0.8014915899714377,0.1754998413202158,0.6259917486512219,0.0007933989209774,0.0,0.0007933989209774,0.0379244684227229,0.0139638210092034,0.0239606474135195,0.0009520787051728,0.0001586797841954,0.0007933989209774,0.0587115201523325,0.0322119961916851,0.0264995239606474,0.0296731196445572,0.0206283719454141,0.0090447476991431,0.0006347191367818,0.0003173595683909,0.0003173595683909,0.0001586797841954,0.0,0.0001586797841954,0.0169787369089177,0.0038083148206918,0.0131704220882259,0.0020628371945413003,0.0017454776261504,0.0003173595683909,0.0,0.0,0.0,0.0214217708663915,0.0084100285623611,0.0130117423040304,0.0199936528086321,0.0046017137416693,0.0153919390669628,0.0001586797841954,0.0,0.0001586797841954,0.0020628371945413,0.0015867978419549,0.0004760393525864,0.0,0.0,0.0,0.0057124722310377,0.0034909552523008,0.0022215169787369,0.0006347191367819,0.0,0.0006347191367819,0.0007933989209773,0.0003173595683909,0.0004760393525864,0.0088860679149475,0.0006347191367819,0.0082513487781656,0.011742304030466399,0.0009520787051729,0.0107902253252935,1602
2018-10-01,2018,10,5121,1094,4027,6,2,4,242,70,172,4,3,1,444,226,218,176,114,62,12,1,11,0,0,0,164,18,146,31,21,10,2,2,0,143,55,88,147,28,119,3,2,1,9,4,5,2,1,1,95,66,29,4,2,2,5,1,4,51,9,42,71,14,57,0.7741496598639456,0.1653817082388511,0.6087679516250945,0.000907029478458,0.000302343159486,0.000604686318972,0.0365835222978079,0.0105820105820105,0.0260015117157974,0.000604686318972,0.000453514739229,0.000151171579743,0.0671201814058956,0.0341647770219198,0.0329554043839758,0.0266061980347694,0.0172335600907029,0.0093726379440665,0.001814058956916,0.000151171579743,0.001662887377173,0.0,0.0,0.0,0.0247921390778533,0.0027210884353741,0.0220710506424792,0.0046863189720331,0.0031746031746031,0.00151171579743,0.000302343159486,0.000302343159486,0.0,0.0216175359032501,0.0083144368858654,0.0133030990173847,0.022222222222222098,0.0042328042328042,0.0179894179894179,0.000453514739229,0.000302343159486,0.000151171579743,0.001360544217687,0.000604686318972,0.000755857898715,0.000302343159486,0.000151171579743,0.000151171579743,0.0143613000755857,0.0099773242630385,0.0043839758125472,0.000604686318972,0.000302343159486,0.000302343159486,0.000755857898715,0.000151171579743,0.000604686318972,0.007709750566893299,0.001360544217687,0.0063492063492063,0.0107331821617535,0.0021164021164021,0.0086167800453514,1662
2018-11-01,2018,11,4915,1046,3869,7,5,2,162,29,133,8,5,3,298,197,101,83,53,30,1,1,0,1,1,0,111,6,105,21,19,2,1,1,0,114,47,67,183,37,146,4,2,2,12,9,3,5,4,1,55,39,16,10,1,9,11,8,3,45,15,30,101,13,88,0.804550662956294,0.1712227860533638,0.6333278769029301,0.0011458503846783,0.0008184645604845,0.0003273858241938,0.0265182517596987,0.0047470944508102,0.0217711573088885,0.0013095432967752002,0.0008184645604845,0.0004910787362907,0.048780487804877995,0.0322475036830905,0.0165329841217875,0.0135865117040431,0.008675724341136,0.0049107873629071,0.0001636929120969,0.0001636929120969,0.0,0.0001636929120969,0.0001636929120969,0.0,0.0181699132427565,0.0009821574725814,0.0171877557701751,0.003437551154035,0.0031101653298412,0.0003273858241938,0.0001636929120969,0.0001636929120969,0.0,0.0186609919790472,0.0076935668685545,0.0109674251104927,0.0299558029137338,0.0060566377475855,0.0238991651661483,0.0006547716483876,0.0003273858241938,0.0003273858241938,0.0019643149451628,0.0014732362088721,0.0004910787362907,0.0008184645604844999,0.0006547716483876,0.0001636929120969,0.0090031101653297,0.0063840235717793,0.0026190865935504,0.0016369291209689999,0.0001636929120969,0.0014732362088721,0.0018006220330658998,0.0013095432967752,0.0004910787362907,0.0073661810443606,0.0024553936814535,0.0049107873629071,0.0165329841217874,0.0021280078572597,0.0144049762645277,1516
2018-12-01,2018,12,5254,1101,4153,4,4,0,189,54,135,5,5,0,267,156,111,108,73,35,6,2,4,0,0,0,164,16,148,20,16,4,0,0,0,129,57,72,276,89,187,6,3,3,7,5,2,0,0,0,44,34,10,2,0,2,19,12,7,34,4,30,87,13,74,0.8016478486420506,0.1679890143423863,0.6336588342996643,0.0006103143118706,0.0006103143118706,0.0,0.0288373512358864,0.0082392432102532,0.0205981080256332,0.0007628928898382,0.0007628928898382,0.0,0.0407384803173634,0.0238022581629539,0.0169362221544095,0.0164784864205064,0.0111382361916386,0.0053402502288678,0.0009154714678059001,0.0003051571559353,0.0006103143118706,0.0,0.0,0.0,0.025022886786695002,0.0024412572474824,0.0225816295392126,0.003051571559353,0.0024412572474824,0.0006103143118706,0.0,0.0,0.0,0.0196826365578272,0.0086969789441562,0.010985657613671,0.042111687519072204,0.0135794934391211,0.0285321940799511,0.0009154714678058,0.0004577357339029,0.0004577357339029,0.0010680500457735,0.0007628928898382,0.0003051571559353,0.0,0.0,0.0,0.0067134574305767,0.0051876716509002,0.0015257857796765,0.0003051571559353,0.0,0.0003051571559353,0.0028989929813853,0.0018309429356118,0.0010680500457735,0.0051876716509002005,0.0006103143118706,0.0045773573390296,0.0132743362831857,0.0019835215135794,0.0112908147696063,1601
2019-01-01,2019,1,5005,1040,3965,5,2,3,159,42,117,8,4,4,298,152,146,87,63,24,3,1,2,0,0,0,95,10,85,19,18,1,1,1,0,156,87,69,208,41,167,0,0,0,15,7,8,7,5,2,56,39,17,11,0,11,9,6,3,71,10,61,73,10,63,0.8029841167976897,0.166853842451468,0.6361302743462217,0.0008021819348627,0.0003208727739451,0.0004813091609176,0.0255093855286378,0.0067383282528477,0.0187710572757901,0.0012834910957804,0.0006417455478902,0.0006417455478902,0.0478100433178244,0.0243863308198299,0.0234237124979945,0.013957965666613099,0.0101074923792716,0.0038504732873415,0.00048130916091759996,0.0001604363869725,0.0003208727739451,0.0,0.0,0.0,0.0152414567623936,0.0016043638697256,0.013637092892668,0.0030482913524786,0.0028878549655061,0.0001604363869725,0.0001604363869725,0.0001604363869725,0.0,0.0250280763677201,0.0139579656666131,0.011070110701107,0.033370768490293495,0.0065778918658751,0.0267928766244184,0.0,0.0,0.0,0.0024065458045883998,0.0011230547088079,0.0012834910957805,0.0011230547088079,0.0008021819348628,0.0003208727739451,0.0089844376704636,0.00625701909193,0.0027274185785336,0.0017648002566982,0.0,0.0017648002566982,0.0014439274827529,0.0009626183218353,0.0004813091609176,0.011390983475052,0.0016043638697256,0.0097866196053264,0.0117118562489972,0.0016043638697256,0.0101074923792716,1501
2019-02-01,2019,2,4724,942,3782,6,2,4,205,49,156,6,3,3,313,183,130,120,84,36,2,0,2,1,1,0,114,21,93,24,19,5,0,0,0,173,71,102,190,60,130,1,1,0,9,5,4,0,0,0,39,31,8,3,1,2,7,7,0,48,10,38,77,15,62,0.7890429263404042,0.1573409052948054,0.6317020210455988,0.0010021713713044,0.0003340571237681,0.0006681142475363,0.0342408551862368,0.00818439953232,0.0260564556539168,0.0010021713713044,0.0005010856856522,0.0005010856856522,0.0522799398697176,0.030566226824787,0.0217137130449306,0.020043427426089798,0.0140303991982629,0.0060130282278269,0.0003340571237681,0.0,0.0003340571237681,0.000167028561884,0.000167028561884,0.0,0.0190412560547853,0.0035075997995657,0.0155336562552196,0.0040086854852179,0.0031735426757975,0.0008351428094204,0.0,0.0,0.0,0.028895941205946102,0.0118590278937698,0.0170369133121763,0.0317354267579755,0.0100217137130449,0.0217137130449306,0.000167028561884,0.000167028561884,0.0,0.0015032570569567,0.0008351428094204,0.0006681142475363,0.0,0.0,0.0,0.0065141139134791,0.0051778854184065,0.0013362284950726,0.0005010856856521001,0.000167028561884,0.0003340571237681,0.0011691999331885,0.0011691999331885,0.0,0.0080173709704359,0.0016702856188408,0.0063470853515951,0.012861199265074199,0.0025054284282612,0.010355770836813,1455
2019-03-01,2019,3,4590,1005,3585,8,1,7,148,46,102,7,4,3,309,157,152,129,102,27,6,3,3,0,0,0,104,23,81,9,4,5,1,1,0,134,72,62,210,63,147,2,0,2,13,10,3,11,6,5,77,57,20,4,1,3,12,11,1,41,7,34,78,14,64,0.787037037037037,0.1723251028806584,0.6147119341563786,0.0013717421124827,0.0001714677640603,0.0012002743484224,0.0253772290809327,0.0078875171467764,0.0174897119341563,0.0012002743484224,0.0006858710562414,0.000514403292181,0.0529835390946501,0.0269204389574759,0.0260631001371742,0.0221193415637859,0.0174897119341563,0.0046296296296296,0.001028806584362,0.000514403292181,0.000514403292181,0.0,0.0,0.0,0.017832647462277,0.0039437585733882,0.0138888888888888,0.0015432098765431,0.0006858710562414,0.0008573388203017,0.0001714677640603,0.0001714677640603,0.0,0.0229766803840877,0.0123456790123456,0.0106310013717421,0.0360082304526748,0.0108024691358024,0.0252057613168724,0.0003429355281207,0.0,0.0003429355281207,0.0022290809327845003,0.0017146776406035,0.000514403292181,0.0018861454046638,0.0010288065843621,0.0008573388203017,0.0132030178326474,0.0097736625514403,0.0034293552812071,0.0006858710562412999,0.0001714677640603,0.000514403292181,0.0020576131687241998,0.0018861454046639,0.0001714677640603,0.0070301783264745,0.0012002743484224,0.0058299039780521,0.0133744855967077,0.0024005486968449,0.0109739368998628,1539
2019-04-01,2019,4,4859,1042,3817,9,3,6,198,35,163,19,9,10,375,227,148,142,84,58,4,0,4,1,1,0,147,20,127,19,19,0,1,1,0,177,70,107,182,63,119,2,0,2,5,5,0,9,5,4,49,30,19,5,2,3,13,7,6,60,21,39,90,12,78,0.7731105807478122,0.1657915672235481,0.6073190135242641,0.0014319809069210999,0.0004773269689737,0.0009546539379474,0.0315035799522672,0.005568814638027,0.0259347653142402,0.0030230708035003002,0.0014319809069212,0.0015910898965791,0.0596658711217183,0.0361177406523468,0.0235481304693715,0.022593476531424,0.0133651551312649,0.0092283214001591,0.0006364359586316,0.0,0.0006364359586316,0.0001591089896579,0.0001591089896579,0.0,0.0233890214797135,0.0031821797931583,0.0202068416865552,0.0030230708035003,0.0030230708035003,0.0,0.0001591089896579,0.0001591089896579,0.0,0.028162291169450904,0.011137629276054,0.0170246618933969,0.0289578361177405,0.0100238663484486,0.0189339697692919,0.0003182179793158,0.0,0.0003182179793158,0.0007955449482895,0.0007955449482895,0.0,0.0014319809069211,0.0007955449482895,0.0006364359586316,0.0077963404932376995,0.0047732696897374,0.0030230708035003,0.0007955449482894999,0.0003182179793158,0.0004773269689737,0.0020684168655528,0.0011137629276054,0.0009546539379474,0.0095465393794749,0.0033412887828162,0.0062052505966587,0.0143198090692123,0.0019093078758949,0.0124105011933174,1611
2019-05-01,2019,5,5080,1119,3961,4,2,2,199,40,159,13,9,4,305,158,147,138,82,56,3,2,1,1,1,0,132,20,112,26,23,3,1,1,0,156,51,105,213,77,136,6,3,3,13,10,3,13,8,5,55,39,16,2,2,0,19,14,5,55,8,47,80,26,54,0.7898009950248756,0.1739738805970149,0.6158271144278606,0.0006218905472636,0.0003109452736318,0.0003109452736318,0.030939054726368098,0.0062189054726368,0.0247201492537313,0.0020211442786068,0.0013992537313432,0.0006218905472636,0.0474191542288557,0.0245646766169154,0.0228544776119403,0.0214552238805969,0.0127487562189054,0.0087064676616915,0.00046641791044770004,0.0003109452736318,0.0001554726368159,0.0001554726368159,0.0001554726368159,0.0,0.0205223880597014,0.0031094527363184,0.017412935323383,0.0040422885572138,0.0035758706467661,0.0004664179104477,0.0001554726368159,0.0001554726368159,0.0,0.0242537313432835,0.0079291044776119,0.0163246268656716,0.0331156716417909,0.0119713930348258,0.0211442786069651,0.0009328358208954,0.0004664179104477,0.0004664179104477,0.0020211442786069,0.0015547263681592,0.0004664179104477,0.0020211442786069,0.0012437810945273,0.0007773631840796,0.0085509950248755,0.0060634328358208,0.0024875621890547,0.0003109452736318,0.0003109452736318,0.0,0.0029539800995024004,0.0021766169154228,0.0007773631840796,0.0085509950248755,0.0012437810945273,0.0073072139303482,0.0124378109452736,0.0040422885572139,0.0083955223880597,1653
2019-06-01,2019,6,4387,902,3485,10,7,3,125,20,105,3,3,0,180,93,87,130,96,34,2,1,1,1,1,0,192,22,170,37,33,4,5,5,0,187,107,80,217,46,171,4,0,4,6,5,1,7,7,0,51,40,11,4,0,4,20,9,11,79,15,64,77,22,55,0.7745409604519773,0.1592514124293785,0.6152895480225988,0.0017655367231637,0.0012358757062146,0.0005296610169491,0.0220692090395479,0.0035310734463276,0.0185381355932203,0.0005296610169491,0.0005296610169491,0.0,0.031779661016949096,0.0164194915254237,0.0153601694915254,0.0229519774011298,0.0169491525423728,0.006002824858757,0.0003531073446326,0.0001765536723163,0.0001765536723163,0.0001765536723163,0.0001765536723163,0.0,0.0338983050847457,0.0038841807909604,0.0300141242937853,0.0065324858757061,0.0058262711864406,0.0007062146892655,0.0008827683615819,0.0008827683615819,0.0,0.0330155367231638,0.0188912429378531,0.0141242937853107,0.0383121468926552,0.0081214689265536,0.0301906779661016,0.0007062146892655,0.0,0.0007062146892655,0.0010593220338982,0.0008827683615819,0.0001765536723163,0.0012358757062146,0.0012358757062146,0.0,0.0090042372881355,0.0070621468926553,0.0019420903954802,0.0007062146892655,0.0,0.0007062146892655,0.0035310734463276,0.0015889830508474,0.0019420903954802,0.013947740112994201,0.0026483050847457,0.0112994350282485,0.0135946327683615,0.0038841807909604,0.0097104519774011,1393
2019-07-01,2019,7,5215,998,4217,6,0,6,162,26,136,3,1,2,222,128,94,105,72,33,1,1,0,1,0,1,212,20,192,26,20,6,0,0,0,138,57,81,216,50,166,2,0,2,12,10,2,8,3,5,100,66,34,6,0,6,13,7,6,71,26,45,125,22,103,0.7906306852637961,0.151303820497271,0.6393268647665251,0.0009096422073984,0.0,0.0009096422073984,0.0245603395997574,0.0039417828987265,0.0206185567010309,0.00045482110369920005,0.0001516070345664,0.0003032140691328,0.0336567616737415,0.0194057004244996,0.0142510612492419,0.015918738629472302,0.010915706488781,0.0050030321406913,0.0001516070345664,0.0001516070345664,0.0,0.0001516070345664,0.0,0.0001516070345664,0.0321406913280775,0.003032140691328,0.0291085506367495,0.0039417828987264,0.003032140691328,0.0009096422073984,0.0,0.0,0.0,0.0209217707701637,0.008641600970285,0.0122801697998787,0.0327471194663431,0.0075803517283201,0.025166767738023,0.0003032140691328,0.0,0.0003032140691328,0.0018192844147968,0.001516070345664,0.0003032140691328,0.0012128562765312,0.0004548211036992,0.000758035172832,0.0151607034566403,0.0100060642813826,0.0051546391752577,0.0009096422073984,0.0,0.0009096422073984,0.0019708914493632,0.0010612492419648,0.0009096422073984,0.0107640994542146,0.0039417828987265,0.0068223165554881,0.0189508793208004,0.0033353547604608,0.0156155245603396,1480
2019-08-01,2019,8,4789,1041,3748,5,5,0,190,35,155,15,9,6,260,142,118,113,76,37,1,0,1,1,0,1,177,27,150,33,27,6,3,3,0,146,76,70,222,87,135,1,0,1,12,5,7,15,9,6,63,43,20,10,4,6,7,4,3,47,16,31,123,28,95,0.7754209844559585,0.1685556994818652,0.6068652849740933,0.0008095854922279,0.0008095854922279,0.0,0.0307642487046631,0.0056670984455958,0.0250971502590673,0.0024287564766838,0.0014572538860103,0.0009715025906735,0.0420984455958549,0.0229922279792746,0.0191062176165803,0.018296632124352202,0.0123056994818652,0.005990932642487,0.0001619170984455,0.0,0.0001619170984455,0.0001619170984455,0.0,0.0001619170984455,0.0286593264248703,0.004371761658031,0.0242875647668393,0.0053432642487045,0.004371761658031,0.0009715025906735,0.0004857512953367,0.0004857512953367,0.0,0.0236398963730569,0.0123056994818652,0.0113341968911917,0.0359455958549222,0.0140867875647668,0.0218588082901554,0.0001619170984455,0.0,0.0001619170984455,0.001943005181347,0.0008095854922279,0.0011334196891191,0.0024287564766838,0.0014572538860103,0.0009715025906735,0.010200777202072499,0.0069624352331606,0.0032383419689119,0.0016191709844558,0.0006476683937823,0.0009715025906735,0.001133419689119,0.0006476683937823,0.0004857512953367,0.0076101036269429,0.0025906735751295,0.0050194300518134,0.0199158031088082,0.0045336787564766,0.0153821243523316,1597
2019-09-01,2019,9,4833,1011,3822,8,6,2,151,28,123,1,1,0,194,110,84,91,44,47,4,2,2,1,1,0,159,13,146,39,36,3,4,4,0,141,62,79,268,81,187,7,0,7,6,6,0,10,6,4,40,27,13,5,3,2,7,5,2,60,14,46,109,29,80,0.7950320776443494,0.1663102483961177,0.6287218292482316,0.0013160059220265,0.0009870044415199,0.0003290014805066,0.0248396117782529,0.0046060207270932,0.0202335910511597,0.0001645007402533,0.0001645007402533,0.0,0.0319131436091462,0.0180950814278664,0.0138180621812798,0.014969567363053,0.0072380325711465,0.0077315347919065,0.0006580029610132,0.0003290014805066,0.0003290014805066,0.0001645007402533,0.0001645007402533,0.0,0.0261556177002796,0.0021385096232933,0.0240171080769863,0.0064155288698797995,0.0059220266491199,0.0004935022207599,0.0006580029610133,0.0006580029610133,0.0,0.023194604375719602,0.0101990458957065,0.0129955584800131,0.0440861983878927,0.0133245599605198,0.0307616384273729,0.0011515051817733,0.0,0.0011515051817733,0.0009870044415199,0.0009870044415199,0.0,0.0016450074025332,0.0009870044415199,0.0006580029610133,0.0065800296101332,0.0044415199868399,0.0021385096232933,0.0008225037012665,0.0004935022207599,0.0003290014805066,0.0011515051817732,0.0008225037012666,0.0003290014805066,0.0098700444151998,0.0023030103635466,0.0075670340516532,0.017930580687613,0.0047705214673466,0.0131600592202664,1460
2019-10-01,2019,10,5214,1059,4155,7,5,2,152,36,116,8,6,2,261,158,103,111,57,54,3,2,1,3,2,1,196,23,173,56,54,2,3,3,0,170,58,112,234,70,164,13,4,9,5,4,1,19,14,5,64,37,27,4,1,3,10,6,4,76,13,63,133,25,108,0.7804220925011225,0.158509205208801,0.6219128872923215,0.001047747343212,0.0007483909594372,0.0002993563837748,0.022751085166891102,0.0053884149079479,0.0173626702589432,0.0011974255350994,0.0008980691513246,0.0002993563837748,0.0390660080826223,0.0236491543182158,0.0154168537644065,0.0166142792995059,0.0085316569375841,0.0080826223619218,0.0004490345756622,0.0002993563837748,0.0001496781918874,0.0004490345756622,0.0002993563837748,0.0001496781918874,0.0293369256099385,0.0034425984134111,0.0258943271965274,0.0083819787456966,0.0080826223619218,0.0002993563837748,0.0004490345756623,0.0004490345756623,0.0,0.025445292620865097,0.0086813351294716,0.0167639574913935,0.0350246969016613,0.0104774734321209,0.0245472234695404,0.0019458164945366,0.0005987127675497,0.0013471037269869,0.0007483909594370999,0.0005987127675497,0.0001496781918874,0.0028438856458613,0.0020954946864241,0.0007483909594372,0.009579404280796198,0.0055380930998353,0.0040413111809609,0.0005987127675497,0.0001496781918874,0.0004490345756623,0.0014967819188743,0.0008980691513246,0.0005987127675497,0.0113755425834455,0.0019458164945367,0.0094297260889088,0.0199071995210297,0.003741954797186,0.0161652447238437,1609
2019-11-01,2019,11,5093,1145,3948,6,2,4,148,31,117,6,4,2,289,159,130,117,50,67,7,2,5,3,2,1,212,22,190,76,70,6,3,3,0,169,69,100,261,76,185,5,2,3,7,5,2,13,7,6,47,32,15,5,1,4,33,21,12,54,14,40,143,41,102,0.767711787760024,0.1725957190232137,0.5951160687368103,0.0009044317154052999,0.0003014772384684,0.0006029544769369,0.0223093156466685,0.0046728971962616,0.0176364184504069,0.0009044317154052999,0.0006029544769369,0.0003014772384684,0.0435634609586976,0.0239674404582454,0.0195960205004522,0.0176364184504069,0.0075369309617123,0.0100994874886946,0.0010551703346396,0.0003014772384684,0.0007536930961712,0.0004522158577026,0.0003014772384684,0.0001507386192342,0.031956587277660396,0.0033162496231534,0.028640337654507,0.011456135061802701,0.0105517033463973,0.0009044317154054,0.0004522158577027,0.0004522158577027,0.0,0.025474826650587798,0.0104009647271631,0.0150738619234247,0.0393427796201386,0.0114561350618028,0.0278866445583358,0.0007536930961711,0.0003014772384684,0.0004522158577027,0.0010551703346396,0.0007536930961712,0.0003014772384684,0.0019596020500451,0.0010551703346397,0.0009044317154054,0.0070847151040096,0.0048236358154959,0.0022610792885137,0.0007536930961711,0.0001507386192342,0.0006029544769369,0.004974374434730099,0.0031655110039192,0.0018088634308109,0.0081398854386493,0.0021103406692794,0.0060295447693699,0.0215556225504973,0.0061802833886041,0.0153753391618932,1737
2019-12-01,2019,12,5144,1115,4029,3,3,0,127,32,95,15,9,6,218,128,90,103,57,46,3,3,0,5,0,5,201,38,163,302,290,12,49,49,0,170,72,98,287,98,189,2,1,1,9,5,4,8,6,2,44,25,19,9,4,5,6,4,2,62,12,50,99,19,80,0.7544734526254033,0.1635376943385157,0.5909357582868876,0.0004400117336462,0.0004400117336462,0.0,0.0186271633910237,0.0046934584922264,0.0139337048987973,0.002200058668231,0.0013200352009386,0.0008800234672924,0.0319741859782927,0.0187738339689058,0.0132003520093869,0.0151070695218538,0.0083602229392783,0.0067468465825755,0.0004400117336462,0.0004400117336462,0.0,0.0007333528894103,0.0,0.0007333528894103,0.0294807861542974,0.0055734819595189,0.0239073041947785,0.044294514520387095,0.0425344675858022,0.0017600469345849,0.0071868583162217,0.0071868583162217,0.0,0.024933998239953,0.0105602816075095,0.0143737166324435,0.042094455852156,0.0143737166324435,0.0277207392197125,0.000293341155764,0.000146670577882,0.000146670577882,0.0013200352009386,0.0007333528894103,0.0005866823115283,0.0011733646230565001,0.0008800234672924,0.0002933411557641,0.0064535054268113,0.0036667644470519,0.0027867409797594,0.0013200352009386,0.0005866823115283,0.0007333528894103,0.0008800234672923999,0.0005866823115283,0.0002933411557641,0.0090935758286887,0.0017600469345849,0.0073335288941038,0.0145203872103255,0.0027867409797594,0.0117336462305661,1953
2020-01-01,2020,1,4743,1063,3680,3,0,3,138,43,95,7,6,1,174,88,86,105,74,31,3,1,2,10,8,2,255,38,217,94,89,5,4,4,0,187,77,110,171,59,112,7,3,4,8,7,1,14,9,5,55,40,15,2,2,0,5,3,2,60,13,47,89,20,69,0.781255147422171,0.1750947125679459,0.606160434854225,0.0004941525284137,0.0,0.0004941525284137,0.0227310163070333,0.007082852907264,0.0156481633997693,0.0011530225662987,0.0009883050568275,0.0001647175094712,0.0286608466479985,0.0144951408334705,0.014165705814528,0.0172953384944819,0.012189095700873,0.0051062427936089,0.0004941525284137,0.0001647175094712,0.0003294350189425,0.0016471750947125,0.00131774007577,0.0003294350189425,0.0420029649151704,0.0062592653599077,0.0357436995552627,0.015483445890298,0.0146598583429418,0.0008235875473562,0.000658870037885,0.000658870037885,0.0,0.030802174271124902,0.0126832482292867,0.0181189260418382,0.0281666941195848,0.0097183330588041,0.0184483610607807,0.0011530225662987,0.0004941525284137,0.000658870037885,0.0013177400757699,0.0011530225662987,0.0001647175094712,0.0023060451325975003,0.0014824575852413,0.0008235875473562,0.009059463020919,0.0065887003788502,0.0024707626420688,0.0003294350189425,0.0003294350189425,0.0,0.0008235875473562,0.0004941525284137,0.0003294350189425,0.0098830505682753,0.0021413276231263,0.007741722945149,0.0146598583429418,0.0032943501894251,0.0113655081535167,1607
2020-02-01,2020,2,4548,997,3551,6,3,3,178,43,135,12,7,5,203,107,96,85,49,36,4,3,1,2,1,1,262,22,240,17,13,4,1,1,0,163,72,91,231,77,154,10,2,8,4,0,4,9,7,2,64,43,21,4,1,3,7,4,3,44,8,36,89,21,68,0.7725496857482588,0.1693562085952097,0.603193477153049,0.0010191948360794,0.0005095974180397,0.0005095974180397,0.0302361134703583,0.0073042296585697,0.0229318838117886,0.0020383896721589,0.0011890606420927,0.0008493290300662,0.0344827586206896,0.0181756412434177,0.0163071173772719,0.0144385935111261,0.0083234244946492,0.0061151690164769,0.0006794632240529,0.0005095974180397,0.0001698658060132,0.0003397316120264,0.0001698658060132,0.0001698658060132,0.0445048411754712,0.0037370477322914,0.0407677934431798,0.0028877187022250997,0.0022082554781722,0.0006794632240529,0.0001698658060132,0.0001698658060132,0.0,0.0276881263801596,0.0122303380329539,0.0154577883472057,0.039239001189060596,0.0130796670630202,0.0261593341260404,0.0016986580601323,0.0003397316120264,0.0013589264481059,0.0006794632240529,0.0,0.0006794632240529,0.0015287922541191,0.0011890606420927,0.0003397316120264,0.0108714115848479,0.0073042296585697,0.0035671819262782,0.0006794632240529,0.0001698658060132,0.0005095974180397,0.0011890606420926,0.0006794632240529,0.0005095974180397,0.007474095464582799,0.0013589264481059,0.0061151690164769,0.0151180567351791,0.0035671819262782,0.0115508748089009,1451
2020-03-01,2020,3,5702,1015,4687,10,7,3,135,23,112,19,7,12,141,61,80,61,40,21,0,0,0,1,0,1,842,34,808,9,7,2,8,7,1,142,45,97,238,67,171,163,31,132,15,12,3,8,4,4,44,25,19,14,3,11,9,1,8,17,4,13,46,10,36,0.7522427440633246,0.1339050131926121,0.6183377308707124,0.0013192612137202,0.0009234828496042,0.000395778364116,0.0178100263852242,0.0030343007915567,0.0147757255936675,0.0025065963060685002,0.0009234828496042,0.0015831134564643,0.018601583113456402,0.0080474934036939,0.0105540897097625,0.0080474934036938,0.0052770448548812,0.0027704485488126,0.0,0.0,0.0,0.000131926121372,0.0,0.000131926121372,0.1110817941952505,0.004485488126649,0.1065963060686015,0.0011873350923482001,0.0009234828496042,0.000263852242744,0.0010554089709762,0.0009234828496042,0.000131926121372,0.0187335092348284,0.0059366754617414,0.012796833773087,0.031398416886543504,0.0088390501319261,0.0225593667546174,0.021503957783641003,0.0040897097625329,0.0174142480211081,0.0019788918205803,0.0015831134564643,0.000395778364116,0.0010554089709762,0.0005277044854881,0.0005277044854881,0.0058047493403693,0.0032981530343007,0.0025065963060686,0.0018469656992083,0.000395778364116,0.0014511873350923,0.0011873350923482,0.000131926121372,0.0010554089709762,0.0022427440633245,0.0005277044854881,0.0017150395778364,0.0060686015831133994,0.0013192612137203,0.0047493403693931,1376
2020-04-01,2020,4,5484,874,4610,17,9,8,135,26,109,10,5,5,102,40,62,38,24,14,0,0,0,0,0,0,1370,49,1321,5,5,0,0,0,0,101,26,75,200,40,160,179,18,161,9,8,1,4,1,3,25,17,8,6,0,6,3,2,1,19,7,12,31,4,27,0.710638849293767,0.1132564468057535,0.5973824024880134,0.0022029285991965,0.0011662563172217,0.0010366722819748,0.017493844758325598,0.0033691849164182,0.0141246598419074,0.0012958403524684,0.0006479201762342,0.0006479201762342,0.0132175715951794,0.0051833614098743,0.0080342101853051,0.0049241933393805,0.0031100168459245,0.001814176493456,0.0,0.0,0.0,0.0,0.0,0.0,0.17753012828819478,0.006349617727096,0.1711805105610988,0.0006479201762342,0.0006479201762342,0.0,0.0,0.0,0.0,0.013087987559932499,0.0033691849164182,0.0097188026435143,0.0259168070493715,0.0051833614098743,0.0207334456394972,0.023195542309187397,0.0023325126344434,0.020863029674744,0.0011662563172216,0.0010366722819748,0.0001295840352468,0.0005183361409873,0.0001295840352468,0.0003887521057405,0.0032396008811713,0.0022029285991965,0.0010366722819748,0.0007775042114811,0.0,0.0007775042114811,0.00038875210574050004,0.0002591680704937,0.0001295840352468,0.0024620966696902,0.000907088246728,0.0015550084229622,0.0040171050926525,0.0005183361409874,0.0034987689516651,1142
2020-05-01,2020,5,5242,966,4276,17,13,4,143,18,125,8,7,1,140,66,74,84,44,40,1,1,0,4,3,1,1441,113,1328,13,12,1,5,5,0,137,48,89,246,63,183,144,12,132,10,6,4,3,2,1,33,25,8,12,3,9,11,5,6,29,11,18,66,17,49,0.6762125902992776,0.1246130030959752,0.5515995872033024,0.0021929824561403,0.0016769865841073,0.000515995872033,0.018446852425180498,0.0023219814241486,0.0161248710010319,0.0010319917440659,0.0009029927760577,0.0001289989680082,0.0180598555211557,0.0085139318885448,0.0095459236326109,0.0108359133126934,0.0056759545923632,0.0051599587203302,0.0001289989680082,0.0001289989680082,0.0,0.0005159958720329,0.0003869969040247,0.0001289989680082,0.18588751289989672,0.0145768833849329,0.1713106295149638,0.0016769865841072,0.001547987616099,0.0001289989680082,0.0006449948400412,0.0006449948400412,0.0,0.0176728586171309,0.0061919504643962,0.0114809081527347,0.031733746130030896,0.0081269349845201,0.0236068111455108,0.018575851393188698,0.001547987616099,0.0170278637770897,0.0012899896800825,0.0007739938080495,0.000515995872033,0.00038699690402469995,0.0002579979360165,0.0001289989680082,0.0042569659442723,0.0032249742002063,0.001031991744066,0.001547987616099,0.0003869969040247,0.0011609907120743,0.0014189886480907,0.0006449948400412,0.0007739938080495,0.0037409700722394,0.0014189886480908,0.0023219814241486,0.0085139318885448,0.0021929824561403,0.0063209494324045,1425
2020-06-01,2020,6,5384,886,4498,14,10,4,180,54,126,9,5,4,98,52,46,118,72,46,1,0,1,0,0,0,1393,54,1339,13,11,2,2,2,0,151,51,100,190,67,123,109,8,101,7,6,1,10,7,3,36,19,17,5,1,4,6,0,6,69,13,56,85,23,62,0.6900794668033838,0.113560625480646,0.5765188413227378,0.0017944116893103,0.0012817226352217,0.0005126890540886,0.023071007433991198,0.0069213022301973,0.0161497052037939,0.0011535503716994001,0.0006408613176108,0.0005126890540886,0.0125608818251729,0.006664957703153,0.0058959241220199,0.0151243270956164,0.0092284029735965,0.0058959241220199,0.0001281722635221,0.0,0.0001281722635221,0.0,0.0,0.0,0.178543963086388,0.0069213022301973,0.1716226608561907,0.0016662394257882,0.0014098948987439,0.0002563445270443,0.0002563445270443,0.0002563445270443,0.0,0.0193540117918481,0.0065367854396308,0.0128172263522173,0.0243527300692129,0.0085875416559856,0.0157651884132273,0.013970776723916799,0.0010253781081773,0.0129453986157395,0.0008972058446551001,0.000769033581133,0.0001281722635221,0.0012817226352217,0.0008972058446552,0.0003845167905665,0.0046142014867982,0.0024352730069213,0.0021789284798769,0.0006408613176107001,0.0001281722635221,0.0005126890540886,0.000769033581133,0.0,0.000769033581133,0.0088438861830299,0.0016662394257882,0.0071776467572417,0.0108946423993846,0.0029479620610099,0.0079466803383747,1303
2020-07-01,2020,7,5545,905,4640,9,6,3,180,53,127,11,7,4,149,76,73,149,103,46,4,0,4,2,2,0,1459,50,1409,28,25,3,0,0,0,158,73,85,165,62,103,161,20,141,4,2,2,27,15,12,39,23,16,10,0,10,5,1,4,61,15,46,76,15,61,0.678370442867629,0.1107169072669439,0.5676535356006851,0.0011010521164668,0.0007340347443112,0.0003670173721556,0.022021042329336903,0.0064839735747492,0.0155370687545877,0.0013457303645705,0.0008563738683631,0.0004893564962074,0.0182285294837288,0.0092977734279422,0.0089307560557866,0.0182285294837288,0.0126009297773427,0.0056275997063861,0.0004893564962074,0.0,0.0004893564962074,0.0002446782481037,0.0002446782481037,0.0,0.1784927819916808,0.0061169562025935,0.1723758257890873,0.0034254954734523,0.0030584781012967,0.0003670173721556,0.0,0.0,0.0,0.0193295816001957,0.0089307560557866,0.0103988255444091,0.020185955468558697,0.007585025691216,0.0126009297773427,0.0196965989723513,0.0024467824810374,0.0172498164913139,0.0004893564962074,0.0002446782481037,0.0002446782481037,0.0033031563494004,0.001835086860778,0.0014680694886224,0.0047712258380229,0.002813799853193,0.0019574259848299,0.0012233912405187,0.0,0.0012233912405187,0.0006116956202592,0.0001223391240518,0.0004893564962074,0.0074626865671641,0.001835086860778,0.0056275997063861,0.0092977734279421,0.001835086860778,0.0074626865671641,1419
2020-08-01,2020,8,5388,790,4598,5,1,4,216,58,158,10,7,3,117,51,66,155,77,78,1,0,1,1,0,1,614,36,578,23,21,2,1,1,0,171,54,117,186,74,112,78,6,72,8,5,3,9,8,1,37,27,10,2,1,1,14,10,4,36,7,29,77,18,59,0.7620933521923621,0.1117397454031117,0.6503536067892504,0.0007072135785006,0.0001414427157001,0.0005657708628005,0.0305516265912305,0.0082036775106082,0.0223479490806223,0.0014144271570013,0.0009900990099009,0.0004243281471004,0.016548797736916497,0.0072135785007072,0.0093352192362093,0.0219236209335218,0.0108910891089108,0.011032531824611,0.0001414427157001,0.0,0.0001414427157001,0.0001414427157001,0.0,0.0001414427157001,0.0868458274398867,0.005091937765205,0.0817538896746817,0.0032531824611031,0.0029702970297029,0.0002828854314002,0.0001414427157001,0.0001414427157001,0.0,0.0241867043847241,0.0076379066478076,0.0165487977369165,0.0263083451202262,0.0104667609618104,0.0158415841584158,0.0110325318246109,0.0008486562942008,0.0101838755304101,0.0011315417256011,0.0007072135785007,0.0004243281471004,0.0012729844413012,0.0011315417256011,0.0001414427157001,0.0052333804809052,0.0038189533239038,0.0014144271570014,0.0002828854314002,0.0001414427157001,0.0001414427157001,0.0019801980198019,0.0014144271570014,0.0005657708628005,0.0050919377652049996,0.0009900990099009,0.0041018387553041,0.0108910891089108,0.0025459688826025,0.0083451202263083,1220
2020-09-01,2020,9,5416,872,4544,1,1,0,196,24,172,3,1,2,157,84,73,110,54,56,3,0,3,4,2,2,593,33,560,17,16,1,0,0,0,156,38,118,198,64,134,27,1,26,1,0,1,6,4,2,28,23,5,4,1,3,4,1,3,26,5,21,77,5,72,0.7783845932739292,0.1253233687841333,0.6530612244897959,0.0001437194596148,0.0001437194596148,0.0,0.0281690140845069,0.0034492670307559,0.024719747053751,0.0004311583788444,0.0001437194596148,0.0002874389192296,0.022563955159528498,0.0120724346076458,0.0104915205518827,0.0158091405576314,0.0077608508192009,0.0080482897384305,0.0004311583788444,0.0,0.0004311583788444,0.0005748778384592,0.0002874389192296,0.0002874389192296,0.08522563955159519,0.0047427421672894,0.0804828973843058,0.0024432308134520997,0.0022995113538373,0.0001437194596148,0.0,0.0,0.0,0.0224202356999137,0.0054613394653636,0.0169588962345501,0.0284564530037366,0.0091980454153492,0.0192584075883874,0.0038804254096004,0.0001437194596148,0.0037367059499856,0.0001437194596148,0.0,0.0001437194596148,0.0008623167576889,0.0005748778384593,0.0002874389192296,0.0040241448692152,0.0033055475711411,0.0007185972980741,0.0005748778384592,0.0001437194596148,0.0004311583788444,0.0005748778384592,0.0001437194596148,0.0004311583788444,0.0037367059499855,0.0007185972980741,0.0030181086519114,0.0110663983903419,0.0007185972980741,0.0103478010922678,1202
2020-10-01,2020,10,4881,802,4079,4,3,1,105,14,91,7,3,4,124,76,48,74,38,36,3,1,2,3,0,3,382,41,341,55,54,1,6,6,0,158,48,110,167,59,108,20,4,16,4,3,1,19,13,6,29,21,8,2,0,2,9,8,1,26,7,19,70,11,59,0.7999016715830874,0.1314323172730252,0.6684693543100623,0.0006555227794164999,0.0004916420845624,0.0001638806948541,0.0172074729596853,0.002294329727958,0.0149131432317273,0.0011471648639789001,0.0004916420845624,0.0006555227794165,0.0203212061619141,0.0124549328089151,0.007866273352999,0.0121271714192067,0.0062274664044575,0.0058997050147492,0.0004916420845623,0.0001638806948541,0.0003277613897082,0.0004916420845624,0.0,0.0004916420845624,0.0626024254342837,0.0067191084890199,0.0558833169452638,0.0090134382169779,0.0088495575221238,0.0001638806948541,0.0009832841691248,0.0009832841691248,0.0,0.025893149786955,0.007866273352999,0.018026876433956,0.0273680760406423,0.0096689609963946,0.0176991150442477,0.0032776138970828,0.0006555227794165,0.0026220911176663,0.0006555227794164999,0.0004916420845624,0.0001638806948541,0.0031137332022286995,0.0021304490331039,0.0009832841691248,0.0047525401507701,0.003441494591937,0.0013110455588331,0.0003277613897082,0.0,0.0003277613897082,0.0014749262536872,0.0013110455588331,0.0001638806948541,0.0042608980662077,0.001147164863979,0.0031137332022287,0.0114716486397902,0.0018026876433956,0.0096689609963946,1192
2020-11-01,2020,11,5078,787,4291,4,3,1,140,31,109,8,6,2,152,82,70,145,105,40,1,0,1,1,1,0,262,22,240,26,23,3,7,6,1,172,55,117,191,44,147,16,1,15,2,2,0,7,5,2,41,25,16,4,0,4,18,9,9,32,4,28,51,6,45,0.8083412925819802,0.1252785737026424,0.6830627188793378,0.0006367398917540999,0.0004775549188156,0.0001591849729385,0.0222858962113975,0.0049347341610951,0.0173511620503024,0.0012734797835084,0.0009551098376313,0.0003183699458771,0.0241961158866602,0.0130531677809614,0.0111429481056988,0.0230818210760903,0.0167144221585482,0.0063673989175421,0.0001591849729385,0.0,0.0001591849729385,0.0001591849729385,0.0001591849729385,0.0,0.0417064629099013,0.0035020694046482,0.0382043935052531,0.0041388092964023,0.0036612543775867,0.0004775549188156,0.0011142948105698001,0.0009551098376313,0.0001591849729385,0.027379815345431296,0.0087551735116205,0.0186246418338108,0.030404329831263902,0.0070041388092964,0.0234001910219675,0.0025469595670168,0.0001591849729385,0.0023877745940783,0.0003183699458771,0.0003183699458771,0.0,0.0011142948105698,0.0007959248646927,0.0003183699458771,0.0065265838904806,0.0039796243234638,0.0025469595670168,0.0006367398917542,0.0,0.0006367398917542,0.0028653295128938,0.0014326647564469,0.0014326647564469,0.0050939191340337,0.0006367398917542,0.0044571792422795,0.0081184336198662,0.0009551098376313,0.0071633237822349,1173
2020-12-01,2020,12,5525,924,4601,10,2,8,110,28,82,11,7,4,146,68,78,129,91,38,3,0,3,1,1,0,232,21,211,17,16,1,2,2,0,164,69,95,262,89,173,12,3,9,4,2,2,31,6,25,47,28,19,3,0,3,9,5,4,23,2,21,79,6,73,0.8158594211458949,0.1364441819255759,0.679415239220319,0.0014766686355580998,0.0002953337271116,0.0011813349084465,0.0162433549911399,0.0041346721795629,0.012108682811577,0.0016243354991139001,0.0010336680448907,0.0005906674542232,0.0215593620791494,0.0100413467217956,0.0115180153573538,0.0190490253987004,0.0134376845835794,0.005611340815121,0.0004430005906674,0.0,0.0004430005906674,0.0001476668635558,0.0001476668635558,0.0,0.0342587123449497,0.0031010041346721,0.0311577082102776,0.0025103366804488,0.002362669816893,0.0001476668635558,0.0002953337271116,0.0002953337271116,0.0,0.0242173656231541,0.0101890135853514,0.0140283520378027,0.0386887182516243,0.0131423508564678,0.0255463673951565,0.0017720023626697,0.0004430005906674,0.0013290017720023,0.0005906674542232,0.0002953337271116,0.0002953337271116,0.0045776727702303,0.0008860011813349,0.0036916715888954,0.0069403425871234,0.0041346721795629,0.0028056704075605,0.0004430005906674,0.0,0.0004430005906674,0.0013290017720022,0.000738334317779,0.0005906674542232,0.0033963378617837,0.0002953337271116,0.0031010041346721,0.0116656822209096,0.0008860011813349,0.0107796810395747,1334
2021-01-01,2021,1,4682,784,3898,7,5,2,156,43,113,6,3,3,82,44,38,147,95,52,11,5,6,1,0,1,264,37,227,35,33,2,16,16,0,140,61,79,184,71,113,18,2,16,8,6,2,15,10,5,94,72,22,3,1,2,10,4,6,30,3,27,82,12,70,0.7915469146238376,0.1325443786982248,0.6590025359256129,0.0011834319526625998,0.0008453085376162,0.0003381234150464,0.0263736263736262,0.0072696534234995,0.0191039729501267,0.0010143702451394,0.0005071851225697,0.0005071851225697,0.0138630600169061,0.0074387151310228,0.0064243448858833,0.024852071005917,0.0160608622147083,0.0087912087912087,0.0018596787827556,0.0008453085376162,0.0010143702451394,0.0001690617075232,0.0,0.0001690617075232,0.0446322907861369,0.0062552831783601,0.0383770076077768,0.0059171597633135,0.0055790363482671,0.0003381234150464,0.0027049873203719,0.0027049873203719,0.0,0.0236686390532544,0.010312764158918,0.0133558748943364,0.031107354184277097,0.0120033812341504,0.0191039729501267,0.0030431107354183,0.0003381234150464,0.0027049873203719,0.0013524936601857999,0.0010143702451394,0.0003381234150464,0.0025359256128485996,0.0016906170752324,0.0008453085376162,0.0158918005071851,0.0121724429416737,0.0037193575655114,0.0005071851225695999,0.0001690617075232,0.0003381234150464,0.0016906170752323002,0.0006762468300929,0.0010143702451394,0.005071851225697301,0.0005071851225697,0.0045646661031276,0.0138630600169061,0.0020287404902789,0.0118343195266272,1263
2021-02-01,2021,2,4545,799,3746,16,7,9,182,39,143,6,3,3,134,71,63,150,89,61,6,4,2,2,1,1,180,20,160,55,55,0,9,9,0,136,51,85,159,66,93,8,1,7,4,3,1,12,9,3,55,48,7,1,0,1,11,6,5,39,10,29,67,9,58,0.7966695880806309,0.1400525854513584,0.6566170026292726,0.0028045574057843,0.0012269938650306,0.0015775635407537,0.031901840490797403,0.0068361086765994,0.025065731814198,0.001051709027169,0.0005258545135845,0.0005258545135845,0.0234881682734442,0.0124452234881682,0.011042944785276,0.0262927256792287,0.0156003505696757,0.010692375109553,0.0010517090271690002,0.000701139351446,0.000350569675723,0.000350569675723,0.0001752848378615,0.0001752848378615,0.0315512708150743,0.0035056967572304,0.0280455740578439,0.0096406660823838,0.0096406660823838,0.0,0.0015775635407537,0.0015775635407537,0.0,0.0238387379491673,0.0089395267309377,0.0148992112182296,0.0278702892199824,0.0115687992988606,0.0163014899211218,0.0014022787028920999,0.0001752848378615,0.0012269938650306,0.000701139351446,0.0005258545135845,0.0001752848378615,0.0021034180543382,0.0015775635407537,0.0005258545135845,0.0096406660823837,0.0084136722173531,0.0012269938650306,0.0001752848378615,0.0,0.0001752848378615,0.0019281332164767,0.0010517090271691,0.0008764241893076,0.0068361086765994,0.0017528483786152,0.0050832602979842,0.011744084136722099,0.0015775635407537,0.0101665205959684,1264
2021-03-01,2021,3,5251,787,4464,6,4,2,257,44,213,10,7,3,193,110,83,204,118,86,4,0,4,3,3,0,331,14,317,23,23,0,0,0,0,171,67,104,213,83,130,46,5,41,7,5,2,25,19,6,31,21,10,2,0,2,8,5,3,61,4,57,124,11,113,0.7651172956433047,0.1146728835786099,0.6504444120646947,0.0008742532420224,0.0005828354946816,0.0002914177473408,0.0374471805332943,0.0064111904414978,0.0310359900917965,0.0014570887367040002,0.0010199621156928,0.0004371266210112,0.0281218126183884,0.0160279761037447,0.0120938365146437,0.0297246102287628,0.0171936470931079,0.0125309631356549,0.0005828354946816,0.0,0.0005828354946816,0.0004371266210112,0.0004371266210112,0.0,0.0482296371849044,0.0020399242313856,0.0461897129535188,0.0033513040944193,0.0033513040944193,0.0,0.0,0.0,0.0,0.024916217397639398,0.0097624945359172,0.0151537228617222,0.0310359900917965,0.0120938365146437,0.0189421535771528,0.0067026081888386,0.000728544368352,0.0059740638204866,0.0010199621156928,0.000728544368352,0.0002914177473408,0.0036427218417601002,0.0027684685997377,0.0008742532420224,0.0045169750837824995,0.0030598863470785,0.001457088736704,0.0002914177473408,0.0,0.0002914177473408,0.0011656709893632,0.000728544368352,0.0004371266210112,0.0088882412938947,0.0005828354946816,0.0083054057992131,0.0180679003351303,0.0016027976103744,0.0164651027247559,1274
2021-04-01,2021,4,5304,848,4456,5,3,2,242,37,205,10,7,3,165,94,71,190,111,79,1,0,1,9,5,4,358,15,343,28,22,6,0,0,0,214,93,121,121,35,86,39,5,34,2,2,0,30,12,18,80,49,31,3,0,3,17,11,6,69,4,65,120,16,104,0.7696996081845886,0.123059062545349,0.6466405456392396,0.0007255840951965,0.0004353504571179,0.0002902336380786,0.0351182702075169,0.005369322304455,0.0297489479030619,0.0014511681903930998,0.0010158177332752,0.0004353504571179,0.0239442751414888,0.0136409809896967,0.0103032941517921,0.027572195617472,0.0161079669133652,0.0114642287041068,0.0001451168190393,0.0,0.0001451168190393,0.0013060513713539,0.0007255840951966,0.0005804672761573,0.0519518212160789,0.0021767522855899,0.049775068930489,0.004063270933101,0.0031925700188651,0.0008707009142359,0.0,0.0,0.0,0.0310549992744158,0.0134958641706573,0.0175591351037585,0.0175591351037584,0.0050790886663764,0.012480046437382,0.0056595559425337005,0.0007255840951966,0.0049339718473371,0.0002902336380786,0.0002902336380786,0.0,0.0043535045711797,0.0017414018284719,0.0026121027427078,0.0116093455231461,0.007110724132927,0.0044986213902191,0.0004353504571179,0.0,0.0004353504571179,0.0024669859236684,0.0015962850094325,0.0008707009142359,0.0100130605137135,0.0005804672761573,0.0094325932375562,0.0174140182847191,0.0023218691046292,0.0150921491800899,1312
2021-05-01,2021,5,5029,825,4204,9,5,4,199,33,166,10,4,6,138,68,70,150,92,58,2,0,2,10,8,2,291,15,276,28,26,2,10,10,0,230,73,157,159,73,86,12,0,12,9,9,0,15,6,9,44,25,19,3,3,0,9,4,5,58,8,50,121,19,102,0.7802948021722265,0.1280062063615205,0.652288595810706,0.0013964313421256,0.0007757951900698,0.0006206361520558,0.0308766485647788,0.0051202482544608,0.025756400310318,0.0015515903801395,0.0006206361520558,0.0009309542280837,0.021411947245927,0.0105508145849495,0.0108611326609775,0.0232738557020946,0.0142746314972847,0.0089992242048099,0.0003103180760279,0.0,0.0003103180760279,0.0015515903801396002,0.0012412723041117,0.0003103180760279,0.0451512800620635,0.0023273855702094,0.0428238944918541,0.0043444530643909,0.004034134988363,0.0003103180760279,0.0015515903801396,0.0015515903801396,0.0,0.0356865787432116,0.0113266097750193,0.0243599689681923,0.0246702870442202,0.0113266097750193,0.0133436772692009,0.0018619084561675,0.0,0.0018619084561675,0.0013964313421256,0.0013964313421256,0.0,0.0023273855702093003,0.0009309542280837,0.0013964313421256,0.0068269976726143995,0.0038789759503491,0.0029480217222653,0.0004654771140418,0.0004654771140418,0.0,0.0013964313421256,0.0006206361520558,0.0007757951900698,0.0089992242048099,0.0012412723041117,0.0077579519006982,0.0187742435996896,0.0029480217222653,0.0158262218774243,1253
2021-06-01,2021,6,4504,735,3769,2,2,0,240,55,185,11,4,7,161,67,94,140,61,79,2,0,2,7,3,4,389,17,372,36,34,2,3,3,0,172,49,123,169,72,97,23,7,16,13,13,0,24,9,15,29,20,9,9,1,8,5,2,3,43,4,39,90,23,67,0.7526737967914439,0.1228275401069518,0.629846256684492,0.0003342245989304,0.0003342245989304,0.0,0.0401069518716577,0.0091911764705882,0.0309157754010695,0.0018382352941175,0.0006684491978609,0.0011697860962566,0.026905080213903698,0.0111965240641711,0.0157085561497326,0.0233957219251336,0.0101938502673796,0.013201871657754,0.0003342245989304,0.0,0.0003342245989304,0.0011697860962565998,0.0005013368983957,0.0006684491978609,0.0650066844919785,0.002840909090909,0.0621657754010695,0.0060160427807485,0.0056818181818181,0.0003342245989304,0.0005013368983957,0.0005013368983957,0.0,0.0287433155080212,0.0081885026737967,0.0205548128342245,0.0282419786096256,0.0120320855614973,0.0162098930481283,0.0038435828877004,0.0011697860962566,0.0026737967914438,0.0021724598930481,0.0021724598930481,0.0,0.0040106951871657,0.0015040106951871,0.0025066844919786,0.0048462566844919,0.0033422459893048,0.0015040106951871,0.0015040106951870998,0.0001671122994652,0.0013368983957219,0.0008355614973261,0.0003342245989304,0.0005013368983957,0.0071858288770052,0.0006684491978609,0.0065173796791443,0.0150401069518716,0.0038435828877005,0.0111965240641711,1151
2021-07-01,2021,7,4298,724,3574,6,1,5,199,30,169,21,14,7,184,130,54,143,64,79,0,0,0,0,0,0,424,32,392,41,41,0,0,0,0,153,42,111,184,66,118,32,4,28,40,39,1,17,12,5,24,18,6,4,1,3,8,2,6,71,20,51,95,20,75,0.7336975076818026,0.1235916695117787,0.610105838170024,0.0010242403550698,0.0001707067258449,0.0008535336292249,0.0339706384431546,0.0051212017753499,0.0288494366678047,0.0035848412427448,0.0023898941618299,0.0011949470809149,0.031410037555479595,0.0221918743598497,0.0092181631956299,0.0244110617958346,0.0109252304540798,0.0134858313417548,0.0,0.0,0.0,0.0,0.0,0.0,0.0723796517582792,0.0054626152270399,0.0669170365312393,0.0069989757596449,0.0069989757596449,0.0,0.0,0.0,0.0,0.0261181290542847,0.0071696824854899,0.0189484465687948,0.031410037555479595,0.0112666439057698,0.0201433936497098,0.0054626152270398,0.0006828269033799,0.0047797883236599,0.0068282690337998,0.0066575623079549,0.0001707067258449,0.0029020143393648002,0.0020484807101399,0.0008535336292249,0.0040969614202798,0.0030727210652099,0.0010242403550699,0.0006828269033798,0.0001707067258449,0.0005121201775349,0.0013656538067598,0.0003414134516899,0.0010242403550699,0.012120177534994801,0.0034141345168999,0.0087060430180949,0.0162171389552747,0.0034141345168999,0.0128030044383748,1232
2021-08-01,2021,8,4471,995,3476,7,5,2,208,19,189,5,2,3,147,96,51,113,54,59,2,2,0,0,0,0,354,33,321,112,106,6,1,1,0,166,59,107,144,47,97,5,1,4,30,26,4,8,6,2,34,22,12,5,3,2,16,10,6,56,18,38,123,53,70,0.7520605550883095,0.1673675357443229,0.5846930193439865,0.0011774600504625,0.0008410428931875,0.000336417157275,0.0349873843566021,0.0031959629941127,0.0317914213624894,0.0008410428931874999,0.000336417157275,0.0005046257359125,0.024726661059714,0.016148023549201,0.008578637510513,0.0190075693860386,0.0090832632464255,0.0099243061396131,0.000336417157275,0.000336417157275,0.0,0.0,0.0,0.0,0.0595458368376786,0.0055508830950378,0.0539949537426408,0.018839360807401097,0.0178301093355761,0.001009251471825,0.0001682085786375,0.0001682085786375,0.0,0.0279226240538267,0.0099243061396131,0.0179983179142136,0.0242220353238014,0.0079058031959629,0.0163162321278385,0.0008410428931874999,0.0001682085786375,0.00067283431455,0.0050462573591252,0.0043734230445752,0.00067283431455,0.0013456686291,0.001009251471825,0.000336417157275,0.0057190916736753,0.0037005887300252,0.0020185029436501,0.0008410428931874999,0.0005046257359125,0.000336417157275,0.0026913372582001,0.0016820857863751,0.001009251471825,0.0094196804037005,0.0030277544154751,0.0063919259882254,0.020689655172413703,0.008915054667788,0.0117746005046257,1535
2021-09-01,2021,9,4323,844,3479,3,3,0,188,64,124,9,1,8,175,104,71,95,61,34,2,0,2,2,1,1,230,30,200,111,105,6,1,1,0,137,35,102,162,48,114,4,1,3,13,7,6,7,4,3,12,9,3,10,3,7,6,6,0,71,26,45,117,20,97,0.7688066868219812,0.1500978125555753,0.6187088742664059,0.0005335230304108,0.0005335230304108,0.0,0.0334341099057442,0.011381824648764,0.0220522852569802,0.0016005690912324,0.0001778410101369,0.0014227280810955,0.031122176773964,0.0184954650542415,0.0126267117197225,0.016894895963008902,0.0108483016183531,0.0060465943446558,0.0003556820202738,0.0,0.0003556820202738,0.0003556820202738,0.0001778410101369,0.0001778410101369,0.0409034323314956,0.0053352303041081,0.0355682020273875,0.0197403521252,0.0186733060643784,0.0010670460608216,0.0001778410101369,0.0001778410101369,0.0,0.0243642183887604,0.0062244353547928,0.0181397830339676,0.0288102436421838,0.008536368486573,0.0202738751556108,0.0007113640405477,0.0001778410101369,0.0005335230304108,0.0023119331317801002,0.0012448870709585,0.0010670460608216,0.0012448870709585,0.0007113640405477,0.0005335230304108,0.0021340921216432,0.0016005690912324,0.0005335230304108,0.0017784101013693,0.0005335230304108,0.0012448870709585,0.0010670460608216,0.0010670460608216,0.0,0.012626711719722399,0.0046238662635603,0.0080028454561621,0.0208073981860216,0.0035568202027387,0.0172505779832829,1345
2021-10-01,2021,10,4778,858,3920,3,2,1,164,34,130,5,3,2,200,138,62,110,70,40,4,2,2,0,0,0,236,15,221,308,301,7,9,9,0,153,39,114,155,51,104,2,1,1,13,10,3,5,1,4,28,17,11,3,0,3,5,4,1,32,14,18,74,11,63,0.7671804752729607,0.1377649325626204,0.6294155427103404,0.0004816955684007,0.0003211303789338,0.0001605651894669,0.0263326910725754,0.0054592164418754,0.0208734746307,0.0008028259473345,0.0004816955684007,0.0003211303789338,0.0321130378933846,0.0221579961464354,0.0099550417469492,0.0176621708413615,0.0112395632626846,0.0064226075786769,0.0006422607578676,0.0003211303789338,0.0003211303789338,0.0,0.0,0.0,0.0378933847141939,0.0024084778420038,0.0354849068721901,0.049454078355812295,0.0483301220295439,0.0011239563262684,0.0014450867052023,0.0014450867052023,0.0,0.0245664739884392,0.00626204238921,0.0183044315992292,0.0248876043673731,0.0081888246628131,0.01669877970456,0.0003211303789338,0.0001605651894669,0.0001605651894669,0.0020873474630699,0.0016056518946692,0.0004816955684007,0.0008028259473345,0.0001605651894669,0.0006422607578676,0.0044958253050738,0.0027296082209377,0.0017662170841361,0.0004816955684007,0.0,0.0004816955684007,0.0008028259473345,0.0006422607578676,0.0001605651894669,0.005138086062941499,0.0022479126525369,0.0028901734104046,0.0118818240205522,0.0017662170841361,0.0101156069364161,1551
2021-11-01,2021,11,5066,957,4109,12,11,1,218,67,151,34,29,5,220,143,77,153,97,56,4,1,3,8,2,6,273,34,239,27,22,5,0,0,0,210,78,132,145,52,93,12,5,7,3,3,0,8,3,5,90,64,26,7,1,6,6,2,4,51,4,47,59,13,46,0.7801047120418848,0.1473668001231906,0.6327379119186942,0.0018478595626732,0.0016938712657838,0.0001539882968894,0.033569448721897,0.0103172158915922,0.0232522328303048,0.0052356020942407,0.0044656606097936,0.0007699414844471,0.033877425315676,0.0220203264551894,0.0118570988604866,0.023560209424083697,0.0149368647982753,0.0086233446258084,0.0006159531875577,0.0001539882968894,0.0004619648906683,0.0012319063751154,0.0003079765937788,0.0009239297813366,0.0420388050508161,0.0052356020942408,0.0368032029565753,0.0041576840160147,0.0033877425315676,0.0007699414844471,0.0,0.0,0.0,0.0323375423467816,0.012011087157376,0.0203264551894056,0.0223283030489681,0.0080073914382506,0.0143209116107175,0.0018478595626731,0.0007699414844471,0.001077918078226,0.0004619648906683,0.0004619648906683,0.0,0.0012319063751154,0.0004619648906683,0.0007699414844471,0.013858946720049201,0.0098552510009239,0.0040036957191253,0.001077918078226,0.0001539882968894,0.0009239297813366,0.0009239297813365,0.0003079765937788,0.0006159531875577,0.007853403141361199,0.0006159531875577,0.0072374499538035,0.0090853095164766,0.0020018478595626,0.007083461656914,1516
2021-12-01,2021,12,4734,801,3933,5,5,0,235,71,164,6,3,3,163,103,60,154,110,44,3,0,3,1,0,1,297,40,257,12,11,1,2,2,0,155,48,107,203,77,126,14,7,7,5,5,0,16,6,10,55,47,8,8,1,7,4,1,3,46,7,39,61,6,55,0.7767022149302706,0.1314191960623461,0.6452830188679245,0.0008203445447087,0.0008203445447087,0.0,0.0385561936013125,0.0116488925348646,0.0269073010664479,0.0009844134536504,0.0004922067268252,0.0004922067268252,0.0267432321575061,0.0168990976210008,0.0098441345365053,0.025266611977030298,0.0180475799835931,0.0072190319934372,0.0004922067268252,0.0,0.0004922067268252,0.0001640689089417,0.0,0.0001640689089417,0.0487284659557013,0.0065627563576702,0.0421657095980311,0.001968826907301,0.0018047579983593,0.0001640689089417,0.0003281378178835,0.0003281378178835,0.0,0.025430680885972,0.0078753076292042,0.0175553732567678,0.0333059885151763,0.0126333059885151,0.0206726825266612,0.0022969647251844,0.0011484823625922,0.0011484823625922,0.0008203445447087,0.0008203445447087,0.0,0.002625102543068,0.0009844134536505,0.0016406890894175,0.0090237899917965,0.0077112387202625,0.001312551271534,0.0013125512715338999,0.0001640689089417,0.0011484823625922,0.0006562756357669,0.0001640689089417,0.0004922067268252,0.0075471698113206,0.0011484823625922,0.0063986874487284,0.010008203445446999,0.0009844134536505,0.0090237899917965,1291
2022-01-01,2022,1,4381,757,3624,4,3,1,211,66,145,7,5,2,94,52,42,117,70,47,4,2,2,5,5,0,303,26,277,4,4,0,0,0,0,154,72,82,172,30,142,29,8,21,7,6,1,12,12,0,30,18,12,6,1,5,10,6,4,57,1,56,91,13,78,0.7803705023156394,0.1348414677591735,0.6455290345564659,0.0007125044531528,0.0005343783398646,0.0001781261132882,0.0375846099038118,0.0117563234770217,0.0258282864267901,0.0012468827930174,0.000890630566441,0.0003562522265764,0.0167438546490915,0.0092625578909868,0.0074812967581047,0.0208407552547202,0.0124688279301745,0.0083719273245457,0.0007125044531528,0.0003562522265764,0.0003562522265764,0.000890630566441,0.000890630566441,0.0,0.053972212326327,0.0046312789454934,0.0493409333808336,0.0007125044531528,0.0007125044531528,0.0,0.0,0.0,0.0,0.0274314214463839,0.0128250801567509,0.014606341289633,0.0306376914855717,0.0053437833986462,0.0252939080869255,0.0051656572853579,0.0014250089063056,0.0037406483790523,0.0012468827930174,0.0010687566797292,0.0001781261132882,0.0021375133594584,0.0021375133594584,0.0,0.0053437833986461,0.0032062700391877,0.0021375133594584,0.0010687566797292,0.0001781261132882,0.000890630566441,0.0017812611328819998,0.0010687566797292,0.0007125044531528,0.010153188457427801,0.0001781261132882,0.0099750623441396,0.0162094763092269,0.0023156394727467,0.0138938368364802,1109
2022-02-01,2022,2,4353,771,3582,4,1,3,322,100,222,4,2,2,154,87,67,240,137,103,0,0,0,1,0,1,191,21,170,7,5,2,0,0,0,117,52,65,140,32,108,8,0,8,22,20,2,5,2,3,66,49,17,2,0,2,14,9,5,28,9,19,84,14,70,0.7762125534950071,0.1374821683309557,0.6387303851640513,0.0007132667617688,0.0001783166904422,0.0005349500713266,0.057417974322396495,0.0178316690442225,0.039586305278174,0.0007132667617688,0.0003566333808844,0.0003566333808844,0.0274607703281027,0.0155135520684736,0.0119472182596291,0.042796005706134,0.0244293865905848,0.0183666191155492,0.0,0.0,0.0,0.0001783166904422,0.0,0.0001783166904422,0.034058487874465,0.0037446504992867,0.0303138373751783,0.0012482168330955,0.0008915834522111,0.0003566333808844,0.0,0.0,0.0,0.0208630527817403,0.0092724679029957,0.0115905848787446,0.024964336661911498,0.0057061340941512,0.0192582025677603,0.0014265335235378,0.0,0.0014265335235378,0.0039229671897289,0.0035663338088445,0.0003566333808844,0.000891583452211,0.0003566333808844,0.0005349500713266,0.0117689015691868,0.008737517831669,0.0030313837375178,0.0003566333808844,0.0,0.0003566333808844,0.0024964336661911,0.00160485021398,0.0008915834522111,0.0049928673323822,0.00160485021398,0.0033880171184022,0.0149786019971468,0.0024964336661911,0.0124821683309557,1231
2022-03-01,2022,3,4499,1008,3491,2,1,1,310,78,232,13,9,4,223,141,82,183,110,73,0,0,0,0,0,0,201,30,171,20,15,5,1,1,0,106,28,78,148,53,95,16,6,10,8,5,3,7,5,2,34,33,1,5,0,5,19,11,8,34,7,27,69,9,60,0.778777912411286,0.1744850268305348,0.6042928855807512,0.0003462004500604,0.0001731002250302,0.0001731002250302,0.0536610697593906,0.0135018175523628,0.0401592522070278,0.0022503029253937,0.0015579020252726,0.0006924009001211,0.038601350181755104,0.0244071317292712,0.0141942184524839,0.0316773411805434,0.0190410247533321,0.0126363164272113,0.0,0.0,0.0,0.0,0.0,0.0,0.0347931452310887,0.0051930067509087,0.02960013848018,0.0034620045006057,0.0025965033754543,0.0008655011251514,0.0001731002250302,0.0001731002250302,0.0,0.0183486238532109,0.0048468063008481,0.0135018175523628,0.025618833304483203,0.0091743119266055,0.0164445213778777,0.0027696036004846002,0.0010386013501817,0.0017310022503029,0.0013848018002422,0.0008655011251514,0.0005193006750908,0.0012117015752119,0.0008655011251514,0.0003462004500605,0.0058854076510298,0.0057123074259996,0.0001731002250302,0.0008655011251514,0.0,0.0008655011251514,0.0032889042755755,0.0019041024753332,0.0013848018002423,0.0058854076510298,0.001211701575212,0.0046737060758178,0.0119439155270901,0.0015579020252726,0.0103860135018175,1488
2022-04-01,2022,4,4463,790,3673,3,3,0,292,67,225,6,2,4,154,70,84,174,101,73,1,0,1,1,1,0,161,43,118,24,19,5,0,0,0,125,46,79,146,38,108,8,2,6,6,6,0,12,5,7,53,39,14,3,1,2,9,7,2,45,15,30,115,31,84,0.7833947691767595,0.1386694751623661,0.6447252940143935,0.0005265929436545,0.0005265929436545,0.0,0.051255046515709904,0.0117605757416183,0.0394944707740916,0.001053185887309,0.0003510619624363,0.0007021239248727,0.0270317711076004,0.0122871686852729,0.0147446024223275,0.0305423907319641,0.0177286291030366,0.0128137616289275,0.0001755309812181,0.0,0.0001755309812181,0.0001755309812181,0.0001755309812181,0.0,0.0282604879761277,0.0075478321923819,0.0207126557837458,0.0042127435492364,0.0033350886431455,0.0008776549060909,0.0,0.0,0.0,0.021941372652273097,0.0080744251360365,0.0138669475162366,0.0256275232578549,0.006670177286291,0.0189573459715639,0.0014042478497453999,0.0003510619624363,0.0010531858873091,0.0010531858873091,0.0010531858873091,0.0,0.0021063717746181,0.0008776549060909,0.0012287168685272,0.0093031420045637,0.0068457082675092,0.0024574337370545,0.0005265929436544,0.0001755309812181,0.0003510619624363,0.0015797788309634998,0.0012287168685272,0.0003510619624363,0.0078988941548182,0.0026329647182727,0.0052659294365455,0.0201860628400912,0.0054414604177637,0.0147446024223275,1237
2022-05-01,2022,5,4113,702,3411,2,2,0,177,36,141,11,9,2,220,128,92,111,67,44,2,1,1,1,0,1,217,48,169,22,18,4,1,1,0,78,14,64,176,82,94,3,0,3,3,1,2,10,6,4,30,12,18,4,1,3,7,4,3,46,15,31,75,12,63,0.7837271341463414,0.133765243902439,0.6499618902439024,0.0003810975609756,0.0003810975609756,0.0,0.0337271341463413,0.0068597560975609,0.0268673780487804,0.0020960365853658,0.0017149390243902,0.0003810975609756,0.041920731707317,0.024390243902439,0.017530487804878,0.021150914634146298,0.0127667682926829,0.0083841463414634,0.0003810975609756,0.0001905487804878,0.0001905487804878,0.0001905487804878,0.0,0.0001905487804878,0.0413490853658536,0.0091463414634146,0.032202743902439,0.0041920731707316,0.0034298780487804,0.0007621951219512,0.0001905487804878,0.0001905487804878,0.0,0.0148628048780487,0.0026676829268292,0.0121951219512195,0.033536585365853605,0.015625,0.0179115853658536,0.0005716463414634,0.0,0.0005716463414634,0.0005716463414634,0.0001905487804878,0.0003810975609756,0.001905487804878,0.0011432926829268,0.0007621951219512,0.0057164634146340005,0.0022865853658536,0.0034298780487804,0.0007621951219512,0.0001905487804878,0.0005716463414634,0.0013338414634146,0.0007621951219512,0.0005716463414634,0.0087652439024389,0.002858231707317,0.0059070121951219,0.0142911585365853,0.0022865853658536,0.0120045731707317,1131
2022-06-01,2022,6,4465,782,3683,4,3,1,255,51,204,8,5,3,214,125,89,137,76,61,7,1,6,2,0,2,241,39,202,22,22,0,0,0,0,91,23,68,283,172,111,6,2,4,4,3,1,4,0,4,22,15,7,6,5,1,15,13,2,46,10,36,109,28,81,0.7623356667235786,0.1335154515963804,0.6288202151271982,0.0006829434864264,0.0005122076148198,0.0001707358716066,0.0435376472596892,0.0087075294519378,0.0348301178077514,0.0013658869728529,0.0008536793580331,0.0005122076148198,0.0365374765238175,0.021341983950828,0.0151954925729895,0.023390814410107402,0.0129759262421034,0.010414888168004,0.0011951511012463,0.0001707358716066,0.0010244152296397,0.0003414717432132,0.0,0.0003414717432132,0.0411473450571964,0.0066586989926583,0.0344886460645381,0.0037561891753457,0.0037561891753457,0.0,0.0,0.0,0.0,0.0155369643162027,0.0039269250469523,0.0116100392692504,0.0483182516646747,0.0293665699163394,0.0189516817483353,0.0010244152296396,0.0003414717432132,0.0006829434864264,0.0006829434864264,0.0005122076148198,0.0001707358716066,0.0006829434864264,0.0,0.0006829434864264,0.0037561891753456,0.0025610380740993,0.0011951511012463,0.0010244152296397,0.0008536793580331,0.0001707358716066,0.0025610380740993,0.0022195663308861,0.0003414717432132,0.0078538500939046,0.0017073587160662,0.0061464913778384,0.018610210005121898,0.0047806044049854,0.0138296056001365,1343
2022-07-01,2022,7,4688,993,3695,5,5,0,252,64,188,7,7,0,211,143,68,164,82,82,3,2,1,1,1,0,165,18,147,21,18,3,0,0,0,140,74,66,163,76,87,46,41,5,11,9,2,51,47,4,53,44,9,2,0,2,8,6,2,82,39,43,113,40,73,0.7694075168225832,0.1629739044805514,0.6064336123420319,0.0008206138191367,0.0008206138191367,0.0,0.0413589364844903,0.0105038568849499,0.0308550795995404,0.0011488593467914,0.0011488593467914,0.0,0.0346299031675693,0.02346955522731,0.0111603479402593,0.0269161332676842,0.0134580666338421,0.0134580666338421,0.0004923682914819,0.0003282455276546,0.0001641227638273,0.0001641227638273,0.0001641227638273,0.0,0.0270802560315115,0.0029542097488921,0.0241260462826194,0.0034465780403741,0.0029542097488921,0.000492368291482,0.0,0.0,0.0,0.022977186935827898,0.0121450845232233,0.0108321024126046,0.0267520105038568,0.012473330050878,0.0142786804529788,0.0075496471360576994,0.006729033316921,0.0008206138191367,0.0018053504021005998,0.001477104874446,0.0003282455276546,0.0083702609551944,0.0077137698998851,0.0006564910553093,0.008698506482849,0.007221401608403,0.001477104874446,0.0003282455276546,0.0,0.0003282455276546,0.0013129821106185999,0.000984736582964,0.0003282455276546,0.013458066633842001,0.0064007877892663,0.0070572788445757,0.0185458723124897,0.0065649105530937,0.011980961759396,1670
2022-08-01,2022,8,5515,878,4637,7,7,0,356,70,286,14,10,4,264,150,114,200,107,93,11,1,10,1,0,1,167,16,151,11,8,3,0,0,0,135,47,88,185,72,113,4,1,3,8,5,3,11,7,4,38,26,12,3,0,3,14,10,4,80,14,66,147,29,118,0.7821585590696355,0.1245213444901432,0.6576372145794923,0.0009927669834066,0.0009927669834066,0.0,0.050489292298964594,0.009927669834066,0.0405616224648986,0.0019855339668131,0.0014182385477237,0.0005672954190894,0.0374414976599063,0.0212735782158559,0.0161679194440504,0.0283647709544744,0.0151751524606438,0.0131896184938306,0.001560062402496,0.0001418238547723,0.0014182385477237,0.0001418238547723,0.0,0.0001418238547723,0.0236845837469861,0.0022691816763579,0.0214154020706282,0.001560062402496,0.0011345908381789,0.0004254715643171,0.0,0.0,0.0,0.0191462203942703,0.0066657211743015,0.0124804992199688,0.0262374131328889,0.0102113175436108,0.0160260955892781,0.0005672954190894,0.0001418238547723,0.0004254715643171,0.0011345908381789,0.0007091192738618,0.0004254715643171,0.0015600624024960002,0.0009927669834066,0.0005672954190894,0.00538930648135,0.0036874202240816,0.0017018862572684,0.0004254715643171,0.0,0.0004254715643171,0.0019855339668131,0.0014182385477237,0.0005672954190894,0.0113459083817898,0.0019855339668132,0.0093603744149766,0.020848106651538703,0.0041128917883988,0.0167352148631399,1404
2022-09-01,2022,9,5187,1187,4000,10,8,2,168,34,134,7,4,3,360,211,149,113,53,60,1,1,0,1,0,1,141,27,114,18,13,5,0,0,0,100,33,67,156,47,109,2,1,1,8,7,1,6,3,3,44,24,20,4,0,4,23,15,8,33,14,19,87,16,71,0.8093306288032454,0.185208300826962,0.6241223279762833,0.0015603058199406,0.0012482446559525,0.0003120611639881,0.0262131377750038,0.0053050397877984,0.0209080979872054,0.0010922140739584,0.0006241223279762,0.0004680917459822,0.056171009517865404,0.0329224528007489,0.0232485567171165,0.0176314557653299,0.0082696208456857,0.0093618349196442,0.000156030581994,0.000156030581994,0.0,0.000156030581994,0.0,0.000156030581994,0.0220003120611639,0.0042128257138399,0.017787486347324,0.0028085504758931998,0.0020283975659229,0.0007801529099703,0.0,0.0,0.0,0.015603058199407,0.0051490092058043,0.0104540489936027,0.024340770791075002,0.0073334373537213,0.0170073334373537,0.000312061163988,0.000156030581994,0.000156030581994,0.0012482446559524,0.0010922140739584,0.000156030581994,0.0009361834919644,0.0004680917459822,0.0004680917459822,0.0068653456077391005,0.0037447339678577,0.0031206116398814,0.0006241223279762,0.0,0.0006241223279762,0.0035887033858634995,0.002340458729911,0.0012482446559525,0.0051490092058042,0.0021844281479169,0.0029645810578873,0.0135746606334841,0.0024964893119051,0.011078171321579,1678
2022-10-01,2022,10,4950,840,4110,10,9,1,223,51,172,6,3,3,269,129,140,121,52,69,2,1,1,1,0,1,180,40,140,12,11,1,3,3,0,96,29,67,146,51,95,2,1,1,7,7,0,7,4,3,38,21,17,0,0,0,12,5,7,47,9,38,93,11,82,0.8048780487804879,0.1365853658536585,0.6682926829268293,0.0016260162601625001,0.0014634146341463,0.0001626016260162,0.0362601626016259,0.0082926829268292,0.0279674796747967,0.0009756097560974,0.0004878048780487,0.0004878048780487,0.0437398373983739,0.0209756097560975,0.0227642276422764,0.0196747967479674,0.0084552845528455,0.0112195121951219,0.0003252032520324,0.0001626016260162,0.0001626016260162,0.0001626016260162,0.0,0.0001626016260162,0.0292682926829268,0.0065040650406504,0.0227642276422764,0.001951219512195,0.0017886178861788,0.0001626016260162,0.0004878048780487,0.0004878048780487,0.0,0.0156097560975609,0.0047154471544715,0.0108943089430894,0.0237398373983739,0.0082926829268292,0.0154471544715447,0.0003252032520324,0.0001626016260162,0.0001626016260162,0.0011382113821138,0.0011382113821138,0.0,0.0011382113821137,0.000650406504065,0.0004878048780487,0.0061788617886178,0.0034146341463414,0.0027642276422764,0.0,0.0,0.0,0.0019512195121951003,0.0008130081300813,0.0011382113821138,0.007642276422764101,0.0014634146341463,0.0061788617886178,0.0151219512195121,0.0017886178861788,0.0133333333333333,1252
2022-11-01,2022,11,4811,980,3831,11,7,4,216,55,161,3,2,1,303,142,161,130,83,47,1,1,0,0,0,0,199,62,137,27,26,1,0,0,0,149,72,77,175,78,97,4,1,3,10,9,1,13,9,4,47,26,21,5,1,4,9,5,4,61,15,46,125,19,106,0.7729755784061696,0.1574550128534704,0.6155205655526992,0.0017673521850898,0.001124678663239,0.0006426735218508,0.0347043701799485,0.0088367609254498,0.0258676092544987,0.0004820051413881,0.0003213367609254,0.0001606683804627,0.0486825192802056,0.0228149100257069,0.0258676092544987,0.0208868894601541,0.0133354755784061,0.007551413881748,0.0001606683804627,0.0001606683804627,0.0,0.0,0.0,0.0,0.0319730077120822,0.0099614395886889,0.0220115681233933,0.0043380462724935,0.0041773778920308,0.0001606683804627,0.0,0.0,0.0,0.023939588688945898,0.0115681233933161,0.0123714652956298,0.0281169665809768,0.0125321336760925,0.0155848329048843,0.0006426735218508,0.0001606683804627,0.0004820051413881,0.0016066838046272,0.0014460154241645,0.0001606683804627,0.0020886889460153,0.0014460154241645,0.0006426735218508,0.007551413881748001,0.0041773778920308,0.0033740359897172,0.0008033419023134999,0.0001606683804627,0.0006426735218508,0.0014460154241644,0.0008033419023136,0.0006426735218508,0.0098007712082261,0.0024100257069408,0.0073907455012853,0.0200835475578405,0.0030526992287917,0.0170308483290488,1547
2022-12-01,2022,12,4983,941,4042,8,3,5,134,35,99,18,14,4,249,120,129,106,62,44,5,1,4,1,0,1,226,22,204,13,11,2,0,0,0,161,87,74,170,61,109,8,2,6,0,0,0,4,3,1,95,73,22,3,0,3,8,2,6,46,13,33,74,15,59,0.7974075852136342,0.1505840934549528,0.6468234917586814,0.0012802048327731001,0.0004800768122899,0.0008001280204832,0.0214434309489517,0.0056008961433829,0.0158425348055688,0.0028804608737397,0.0022403584573531,0.0006401024163866,0.039846375420067096,0.0192030724915986,0.0206433029284685,0.0169627140342454,0.0099215874539926,0.0070411265802528,0.0008001280204832,0.0001600256040966,0.0006401024163866,0.0001600256040966,0.0,0.0001600256040966,0.0361657865258441,0.0035205632901264,0.0326452232357177,0.0020803328532565,0.0017602816450632,0.0003200512081933,0.0,0.0,0.0,0.025764122259561498,0.013922227556409,0.0118418947031525,0.027204352696431303,0.0097615618498959,0.0174427908465354,0.0012802048327732,0.0003200512081933,0.0009601536245799,0.0,0.0,0.0,0.0006401024163865,0.0004800768122899,0.0001600256040966,0.015202432389182199,0.0116818690990558,0.0035205632901264,0.0004800768122899,0.0,0.0004800768122899,0.0012802048327732,0.0003200512081933,0.0009601536245799,0.0073611777884461,0.0020803328532565,0.0052808449351896,0.0118418947031524,0.0024003840614498,0.0094415106417026,1429
2023-01-01,2023,1,4458,740,3718,5,3,2,131,43,88,10,7,3,250,120,130,82,47,35,8,0,8,1,1,0,245,41,204,9,8,1,0,0,0,126,61,65,100,27,73,11,4,7,6,3,3,11,8,3,70,52,18,1,0,1,10,6,4,60,11,49,75,13,62,0.7925333333333333,0.1315555555555555,0.6609777777777778,0.0008888888888888,0.0005333333333333,0.0003555555555555,0.023288888888888797,0.0076444444444444,0.0156444444444444,0.0017777777777777,0.0012444444444444,0.0005333333333333,0.0444444444444444,0.0213333333333333,0.0231111111111111,0.0145777777777777,0.0083555555555555,0.0062222222222222,0.0014222222222222,0.0,0.0014222222222222,0.0001777777777777,0.0001777777777777,0.0,0.0435555555555554,0.0072888888888888,0.0362666666666666,0.0015999999999999,0.0014222222222222,0.0001777777777777,0.0,0.0,0.0,0.0223999999999999,0.0108444444444444,0.0115555555555555,0.017777777777777698,0.0048,0.0129777777777777,0.0019555555555555,0.0007111111111111,0.0012444444444444,0.0010666666666666,0.0005333333333333,0.0005333333333333,0.0019555555555555,0.0014222222222222,0.0005333333333333,0.0124444444444444,0.0092444444444444,0.0032,0.0001777777777777,0.0,0.0001777777777777,0.0017777777777776998,0.0010666666666666,0.0007111111111111,0.0106666666666666,0.0019555555555555,0.0087111111111111,0.013333333333333301,0.0023111111111111,0.0110222222222222,1175
2023-02-01,2023,2,3889,751,3138,12,4,8,226,52,174,10,2,8,235,126,109,117,71,46,2,0,2,2,2,0,248,134,114,12,10,2,1,1,0,109,49,60,105,42,63,6,2,4,11,8,3,6,5,1,31,26,5,3,1,2,5,4,1,33,14,19,94,11,83,0.7640471512770137,0.1475442043222004,0.6165029469548133,0.0023575638506875,0.0007858546168958,0.0015717092337917,0.0444007858546168,0.0102161100196463,0.0341846758349705,0.0019646365422396,0.0003929273084479,0.0015717092337917,0.0461689587426325,0.02475442043222,0.0214145383104125,0.0229862475442042,0.0139489194499017,0.0090373280943025,0.0003929273084479,0.0,0.0003929273084479,0.0003929273084479,0.0003929273084479,0.0,0.0487229862475441,0.0263261296660117,0.0223968565815324,0.0023575638506875,0.0019646365422396,0.0003929273084479,0.0001964636542239,0.0001964636542239,0.0,0.021414538310412498,0.0096267190569744,0.0117878192534381,0.0206286836935166,0.0082514734774066,0.01237721021611,0.0011787819253437,0.0003929273084479,0.0007858546168958,0.0021611001964636,0.0015717092337917,0.0005893909626719,0.0011787819253437,0.0009823182711198,0.0001964636542239,0.0060903732809429005,0.0051080550098231,0.0009823182711198,0.0005893909626718,0.0001964636542239,0.0003929273084479,0.0009823182711196999,0.0007858546168958,0.0001964636542239,0.0064833005893909,0.0027504911591355,0.0037328094302554,0.0184675834970529,0.0021611001964636,0.0163064833005893,1279
2023-03-01,2023,3,3989,820,3169,17,6,11,190,36,154,9,4,5,283,154,129,81,44,37,3,0,3,2,0,2,199,83,116,38,31,7,1,1,0,137,52,85,188,127,61,4,4,0,7,6,1,4,2,2,36,27,9,2,1,1,5,3,2,45,11,34,92,19,73,0.7564953536886023,0.1555091978001138,0.6009861558884885,0.0032239711739047005,0.0011378721790252,0.0020860989948795,0.0360326190024653,0.0068272330741513,0.029205385928314,0.0017068082685377,0.0007585814526834,0.0009482268158543,0.0536696377773562,0.029205385928314,0.0244642518490422,0.0153612744168405,0.0083443959795183,0.0070168784373222,0.0005689360895126,0.0,0.0005689360895126,0.0003792907263417,0.0,0.0003792907263417,0.0377394272710031,0.0157405651431822,0.0219988621278209,0.0072065238004929005,0.0058790062582969,0.001327517542196,0.0001896453631708,0.0001896453631708,0.0,0.0259814147544091,0.0098615588848852,0.0161198558695239,0.0356533282761235,0.0240849611227005,0.011568367153423,0.0007585814526834,0.0007585814526834,0.0,0.0013275175421960002,0.0011378721790252,0.0001896453631708,0.0007585814526834,0.0003792907263417,0.0003792907263417,0.0068272330741513,0.0051204248056135,0.0017068082685378,0.0003792907263416,0.0001896453631708,0.0001896453631708,0.0009482268158543001,0.0005689360895126,0.0003792907263417,0.008534041342689,0.0020860989948795,0.0064479423478095,0.01744737341172,0.0036032619002465,0.0138441115114735,1402
2023-04-01,2023,4,3458,649,2809,7,6,1,196,41,155,3,3,0,227,136,91,93,52,41,0,0,0,5,2,3,110,15,95,91,70,21,3,3,0,133,64,69,133,68,65,1,1,0,3,3,0,2,2,0,41,27,14,10,0,10,23,10,13,30,6,24,107,8,99,0.7496206373292867,0.1406893561673531,0.6089312811619336,0.0015174506828527,0.0013006720138738,0.0002167786689789,0.0424886191198785,0.0088879254281378,0.0336006936917407,0.0006503360069369,0.0006503360069369,0.0,0.0492087578582266,0.0294818989811402,0.0197268588770864,0.0201604162150443,0.0112724907869065,0.0088879254281378,0.0,0.0,0.0,0.0010838933448948,0.0004335573379579,0.0006503360069369,0.023845653587686803,0.0032516800346845,0.0205939735530023,0.0197268588770864,0.015174506828528,0.0045523520485584,0.0006503360069369,0.0006503360069369,0.0,0.0288315629742033,0.0138738348146542,0.0149577281595491,0.0288315629742033,0.0147409494905701,0.0140906134836332,0.0002167786689789,0.0002167786689789,0.0,0.0006503360069369,0.0006503360069369,0.0,0.0004335573379579,0.0004335573379579,0.0,0.008887925428137801,0.0058530240624322,0.0030349013657056,0.0021677866897897,0.0,0.0021677866897897,0.0049859093865163,0.0021677866897897,0.0028181226967266,0.0065033600693691,0.0013006720138738,0.0052026880554953,0.0231953175807499,0.0017342293518317,0.0214610882289182,1134
2023-05-01,2023,5,3378,693,2685,2,2,0,225,66,159,6,3,3,222,108,114,91,50,41,0,0,0,4,1,3,107,9,98,163,157,6,12,12,0,119,23,96,146,77,69,3,0,3,5,4,1,8,7,1,24,12,12,1,1,0,17,8,9,57,8,49,118,22,96,0.7273901808785529,0.1492248062015503,0.5781653746770026,0.0004306632213608,0.0004306632213608,0.0,0.0484496124031007,0.0142118863049095,0.0342377260981912,0.0012919896640826,0.0006459948320413,0.0006459948320413,0.047803617571059304,0.0232558139534883,0.024547803617571,0.0195951765719206,0.0107665805340223,0.0088285960378983,0.0,0.0,0.0,0.0008613264427216999,0.0002153316106804,0.0006459948320413,0.0230404823428078,0.001937984496124,0.0211024978466838,0.0350990525409129,0.0338070628768303,0.0012919896640826,0.0025839793281653,0.0025839793281653,0.0,0.0256244616709733,0.0049526270456503,0.020671834625323,0.0314384151593453,0.0165805340223944,0.0148578811369509,0.0006459948320413,0.0,0.0006459948320413,0.0010766580534021,0.0008613264427217,0.0002153316106804,0.0017226528854434999,0.0015073212747631,0.0002153316106804,0.0051679586563306,0.0025839793281653,0.0025839793281653,0.0002153316106804,0.0002153316106804,0.0,0.0036606373815675003,0.0017226528854435,0.001937984496124,0.0122739018087854,0.0017226528854435,0.0105512489233419,0.025409130060292797,0.0047372954349698,0.020671834625323,1232
2023-06-01,2023,6,3366,562,2804,6,3,3,139,35,104,5,2,3,173,114,59,65,36,29,0,0,0,0,0,0,211,35,176,74,69,5,0,0,0,148,45,103,91,44,47,3,0,3,4,4,0,1,1,0,9,3,6,6,2,4,6,4,2,35,11,24,95,5,90,0.7643051771117165,0.1276112624886466,0.6366939146230699,0.0013623978201634,0.0006811989100817,0.0006811989100817,0.031562216167120696,0.0079473206176203,0.0236148955495004,0.0011353315168028,0.0004541326067211,0.0006811989100817,0.0392824704813804,0.0258855585831062,0.0133969118982742,0.0147593097184377,0.0081743869209809,0.0065849227974568,0.0,0.0,0.0,0.0,0.0,0.0,0.047910990009082596,0.0079473206176203,0.0399636693914623,0.016802906448683,0.0156675749318801,0.0011353315168029,0.0,0.0,0.0,0.0336058128973659,0.0102179836512261,0.0233878292461398,0.0206630336058128,0.0099909173478655,0.0106721162579473,0.0006811989100817,0.0,0.0006811989100817,0.0009082652134423,0.0009082652134423,0.0,0.0002270663033605,0.0002270663033605,0.0,0.0020435967302451,0.0006811989100817,0.0013623978201634,0.0013623978201633999,0.0004541326067211,0.0009082652134423,0.0013623978201633999,0.0009082652134423,0.0004541326067211,0.007947320617620199,0.0024977293369663,0.0054495912806539,0.021571298819255198,0.0011353315168029,0.0204359673024523,960
2023-07-01,2023,7,3416,646,2770,7,7,0,148,40,108,4,4,0,146,95,51,94,61,33,2,2,0,3,2,1,148,26,122,112,109,3,10,10,0,137,63,74,96,38,58,3,0,3,7,4,3,1,1,0,73,59,14,4,1,3,3,1,2,39,2,37,85,8,77,0.7604630454140693,0.1438112199465716,0.6166518254674977,0.0015583259127337,0.0015583259127337,0.0,0.0329474621549421,0.0089047195013357,0.0240427426536064,0.0008904719501335,0.0008904719501335,0.0,0.0325022261798753,0.0211487088156723,0.011353517364203,0.020926090828138802,0.0135796972395369,0.0073463935886019,0.0004452359750667,0.0004452359750667,0.0,0.0006678539626,0.0004452359750667,0.0002226179875333,0.0329474621549421,0.0057880676758682,0.0271593944790739,0.0249332146037399,0.0242653606411398,0.0006678539626001,0.0022261798753339,0.0022261798753339,0.0,0.0304986642920747,0.0140249332146037,0.016473731077471,0.021371326803205602,0.0084594835262689,0.0129118432769367,0.0006678539626001,0.0,0.0006678539626001,0.0015583259127336,0.0008904719501335,0.0006678539626001,0.0002226179875333,0.0002226179875333,0.0,0.0162511130899375,0.0131344612644701,0.0031166518254674,0.0008904719501334,0.0002226179875333,0.0006678539626001,0.0006678539626,0.0002226179875333,0.0004452359750667,0.0086821015138022,0.0004452359750667,0.0082368655387355,0.0189225289403383,0.0017809439002671,0.0171415850400712,1154
2023-08-01,2023,8,3495,615,2880,4,4,0,96,24,72,2,1,1,161,98,63,90,45,45,0,0,0,2,1,1,134,33,101,5,4,1,5,5,0,106,54,52,88,30,58,2,0,2,2,2,0,7,1,6,78,57,21,4,0,4,4,4,0,15,1,14,40,11,29,0.8163980378416258,0.1436580238262088,0.6727400140154169,0.0009343611305769,0.0009343611305769,0.0,0.0224246671338472,0.0056061667834618,0.0168185003503854,0.0004671805652884,0.0002335902826442,0.0002335902826442,0.0376080355057229,0.0228918476991357,0.0147161878065872,0.0210231254379816,0.0105115627189908,0.0105115627189908,0.0,0.0,0.0,0.0004671805652884,0.0002335902826442,0.0002335902826442,0.0313010978743283,0.0077084793272599,0.0235926185470684,0.0011679514132210999,0.0009343611305769,0.0002335902826442,0.0011679514132212,0.0011679514132212,0.0,0.0247605699602895,0.012613875262789,0.0121466946975005,0.0205559448726932,0.0070077084793272,0.013548236393366,0.0004671805652884,0.0,0.0004671805652884,0.0004671805652884,0.0004671805652884,0.0,0.0016351319785096001,0.0002335902826442,0.0014015416958654,0.0182200420462507,0.0133146461107217,0.004905395935529,0.0009343611305769,0.0,0.0009343611305769,0.0009343611305769,0.0009343611305769,0.0,0.0035038542396635,0.0002335902826442,0.0032702639570193,0.009343611305769599,0.0025694931090866,0.006774118196683,962
2023-09-01,2023,9,3240,515,2725,2,2,0,95,18,77,6,4,2,228,113,115,59,32,27,0,0,0,1,1,0,155,37,118,15,11,4,8,8,0,105,44,61,108,35,73,7,1,6,1,1,0,5,3,2,36,25,11,1,0,1,3,3,0,20,7,13,72,12,60,0.7833655705996132,0.1245164410058027,0.6588491295938105,0.0004835589941972,0.0004835589941972,0.0,0.0229690522243713,0.0043520309477756,0.0186170212765957,0.0014506769825917,0.0009671179883945,0.0004835589941972,0.0551257253384912,0.027321083172147,0.0278046421663442,0.01426499032882,0.0077369439071566,0.0065280464216634,0.0,0.0,0.0,0.0002417794970986,0.0002417794970986,0.0,0.0374758220502901,0.0089458413926499,0.0285299806576402,0.0036266924564795997,0.0026595744680851,0.0009671179883945,0.0019342359767891,0.0019342359767891,0.0,0.0253868471953578,0.0106382978723404,0.0147485493230174,0.026112185686653702,0.0084622823984526,0.0176499032882011,0.0016924564796904,0.0002417794970986,0.0014506769825918,0.0002417794970986,0.0002417794970986,0.0,0.0012088974854931,0.0007253384912959,0.0004835589941972,0.0087040618955512,0.0060444874274661,0.0026595744680851,0.0002417794970986,0.0,0.0002417794970986,0.0007253384912959,0.0007253384912959,0.0,0.0048355899419728,0.0016924564796905,0.0031431334622823,0.0174081237911024,0.0029013539651837,0.0145067698259187,856
2023-10-01,2023,10,3241,642,2599,1,0,1,94,25,69,3,2,1,195,107,88,48,32,16,1,1,0,3,3,0,82,20,62,21,19,2,0,0,0,73,19,54,88,27,61,3,0,3,0,0,0,3,2,1,34,21,13,2,2,0,11,8,3,37,21,16,56,11,45,0.815961732124874,0.161631419939577,0.654330312185297,0.0002517623363544,0.0,0.0002517623363544,0.0236656596173212,0.006294058408862,0.0173716012084592,0.0007552870090632999,0.0005035246727089,0.0002517623363544,0.0490936555891238,0.0269385699899295,0.0221550855991943,0.0120845921450151,0.0080563947633434,0.0040281973816717,0.0002517623363544,0.0002517623363544,0.0,0.0007552870090634,0.0007552870090634,0.0,0.0206445115810674,0.0050352467270896,0.0156092648539778,0.005287009063444,0.0047834843907351,0.0005035246727089,0.0,0.0,0.0,0.018378650553877,0.0047834843907351,0.0135951661631419,0.0221550855991942,0.0067975830815709,0.0153575025176233,0.0007552870090634,0.0,0.0007552870090634,0.0,0.0,0.0,0.0007552870090632999,0.0005035246727089,0.0002517623363544,0.008559919436052301,0.0052870090634441,0.0032729103726082,0.0005035246727089,0.0005035246727089,0.0,0.0027693856998992003,0.0020140986908358,0.0007552870090634,0.009315206445115801,0.0052870090634441,0.0040281973816717,0.0140986908358508,0.0027693856998992,0.0113293051359516,946
2023-11-01,2023,11,3077,581,2496,7,4,3,112,38,74,2,1,1,229,149,80,64,41,23,3,0,3,0,0,0,119,33,86,12,11,1,1,1,0,57,22,35,130,41,89,1,0,1,3,3,0,2,2,0,22,15,7,5,0,5,15,13,2,13,4,9,74,11,63,0.786152273888605,0.1484414920797138,0.6377107818088912,0.0017884517118037001,0.001021972406745,0.0007664793050587,0.0286152273888604,0.0097087378640776,0.0189064895247828,0.0005109862033724,0.0002554931016862,0.0002554931016862,0.058507920286152204,0.0380684721512519,0.0204394481349003,0.0163515585079202,0.0104752171691364,0.0058763413387838,0.0007664793050587,0.0,0.0007664793050587,0.0,0.0,0.0,0.0304036791006641,0.0084312723556463,0.0219724067450178,0.0030659172202349002,0.0028104241185487,0.0002554931016862,0.0002554931016862,0.0002554931016862,0.0,0.014563106796116401,0.0056208482370975,0.0089422585590189,0.033214103219213,0.0104752171691364,0.0227388860500766,0.0002554931016862,0.0,0.0002554931016862,0.0007664793050587,0.0007664793050587,0.0,0.0005109862033725,0.0005109862033725,0.0,0.0056208482370975,0.0038323965252938,0.0017884517118037,0.0012774655084312,0.0,0.0012774655084312,0.0038323965252938,0.0033214103219213,0.0005109862033725,0.0033214103219212,0.001021972406745,0.0022994379151762,0.018906489524782702,0.0028104241185487,0.016096065406234,949
2023-12-01,2023,12,2881,406,2475,1,0,1,276,59,217,6,2,4,149,76,73,123,75,48,2,0,2,10,10,0,106,12,94,11,11,0,1,1,0,124,66,58,111,24,87,6,3,3,2,2,0,4,1,3,16,7,9,16,3,13,13,11,2,15,1,14,69,5,64,0.7442521312322397,0.104882459312839,0.6393696719194006,0.0002583311805734,0.0,0.0002583311805734,0.0712994058382846,0.0152415396538362,0.0560578661844484,0.0015499870834408,0.0005166623611469,0.0010333247222939,0.0384913459054507,0.0196331697235856,0.0188581761818651,0.0317747352105398,0.0193748385430121,0.0123998966675277,0.0005166623611469,0.0,0.0005166623611469,0.0025833118057349,0.0025833118057349,0.0,0.027383105140790398,0.0030999741668819,0.0242831309739085,0.0028416429863084,0.0028416429863084,0.0,0.0002583311805734,0.0002583311805734,0.0,0.0320330663911133,0.0170498579178506,0.0149832084732627,0.0286747610436578,0.0061999483337638,0.022474812709894,0.0015499870834408,0.0007749935417204,0.0007749935417204,0.0005166623611469,0.0005166623611469,0.0,0.0010333247222937998,0.0002583311805734,0.0007749935417204,0.0041332988891757995,0.0018083182640144,0.0023249806251614,0.0041332988891758,0.0007749935417204,0.0033583053474554,0.0033583053474553,0.0028416429863084,0.0005166623611469,0.0038749677086023,0.0002583311805734,0.0036166365280289,0.017824851459571002,0.0012916559028674,0.0165331955567036,727
2024-01-01,2024,1,3062,461,2601,10,6,4,218,42,176,7,3,4,145,73,72,111,59,52,1,1,0,2,2,0,166,30,136,14,10,4,1,1,0,148,47,101,130,28,102,4,0,4,3,1,2,5,0,5,43,27,16,3,1,2,6,2,4,14,1,13,57,4,53,0.7508582638548308,0.1130456105934281,0.6378126532614027,0.0024521824423736002,0.0014713094654242,0.0009808729769494,0.0534575772437468,0.0102991662579695,0.0431584109857773,0.0017165277096615,0.0007356547327121,0.0009808729769494,0.0355566454144188,0.0179009318293281,0.0176557135850907,0.027219225110348202,0.0144678764100049,0.0127513487003433,0.0002452182442373,0.0002452182442373,0.0,0.0004904364884747,0.0004904364884747,0.0,0.0407062285434035,0.0073565473271211,0.0333496812162824,0.0034330554193231,0.0024521824423737,0.0009808729769494,0.0002452182442373,0.0002452182442373,0.0,0.0362923001471308,0.0115252574791564,0.0247670426679744,0.0318783717508581,0.0068661108386463,0.0250122609122118,0.0009808729769494,0.0,0.0009808729769494,0.0007356547327120001,0.0002452182442373,0.0004904364884747,0.0012260912211868,0.0,0.0012260912211868,0.0105443845022069,0.006620892594409,0.0039234919077979,0.0007356547327120001,0.0002452182442373,0.0004904364884747,0.0014713094654241002,0.0004904364884747,0.0009808729769494,0.0034330554193230996,0.0002452182442373,0.0031878371750858,0.013977439921530001,0.0009808729769494,0.0129965669445806,765
2024-02-01,2024,2,3238,459,2779,4,2,2,214,63,151,5,1,4,93,46,47,151,78,73,1,0,1,0,0,0,104,10,94,12,12,0,1,1,0,121,20,101,117,22,95,7,0,7,3,1,2,5,4,1,42,25,17,5,0,5,10,4,6,21,3,18,77,5,72,0.7823145687364097,0.1108963517757912,0.6714182169606185,0.0009664170089392,0.0004832085044696,0.0004832085044696,0.05170330997825551,0.0152210678907948,0.0364822420874607,0.0012080212611741,0.0002416042522348,0.0009664170089393,0.02246919545784,0.0111137956028026,0.0113553998550374,0.036482242087460606,0.0188451316743174,0.0176371104131432,0.0002416042522348,0.0,0.0002416042522348,0.0,0.0,0.0,0.0251268422324232,0.0024160425223483,0.0227107997100749,0.002899251026818,0.002899251026818,0.0,0.0002416042522348,0.0002416042522348,0.0,0.0292341145204154,0.0048320850446967,0.0244020294757187,0.0282676975114761,0.0053152935491664,0.0229524039623097,0.0016912297656438,0.0,0.0016912297656438,0.0007248127567044,0.0002416042522348,0.0004832085044696,0.0012080212611741,0.0009664170089393,0.0002416042522348,0.0101473785938631,0.0060401063058709,0.0041072722879922,0.0012080212611741,0.0,0.0012080212611741,0.0024160425223483002,0.0009664170089393,0.001449625513409,0.0050736892969316,0.0007248127567045,0.0043488765402271,0.0186035274220825,0.0012080212611741,0.0173955061609084,712
2024-03-01,2024,3,3315,506,2809,2,1,1,148,44,104,9,6,3,141,80,61,70,47,23,3,0,3,0,0,0,136,41,95,26,19,7,5,3,2,77,18,59,69,16,53,8,2,6,9,7,2,5,2,3,13,5,8,5,0,5,5,1,4,38,9,29,76,39,37,0.8048069919883466,0.1228453508133042,0.6819616411750424,0.0004855547462976,0.0002427773731488,0.0002427773731488,0.0359310512260256,0.0106822044185481,0.0252488468074775,0.0021849963583393,0.0014566642388929,0.0007283321194464,0.0342316096139839,0.0194221898519058,0.0148094197620781,0.0169944161204175,0.0114105365379946,0.0055838795824229,0.0007283321194464,0.0,0.0007283321194464,0.0,0.0,0.0,0.0330177227482398,0.0099538722991017,0.0230638504491381,0.0063122117018692995,0.0046127700898276,0.0016994416120417,0.0012138868657439999,0.0007283321194464,0.0004855547462976,0.0186938577324593,0.0043699927166788,0.0143238650157805,0.0167516387472686,0.0038844379703811,0.0128672007768875,0.0019422189851904998,0.0004855547462976,0.0014566642388929,0.0021849963583393,0.0016994416120417,0.0004855547462976,0.0012138868657439999,0.0004855547462976,0.0007283321194464,0.0031561058509346,0.0012138868657441,0.0019422189851905,0.0012138868657441,0.0,0.0012138868657441,0.001213886865744,0.0002427773731488,0.0009711094925952,0.0092255401796552,0.0021849963583394,0.0070405438213158,0.0184510803593104,0.009468317552804,0.0089827628065064,822
2024-04-01,2024,4,3331,479,2852,6,4,2,103,32,71,6,4,2,133,75,58,54,38,16,3,2,1,2,1,1,98,29,69,12,7,5,2,2,0,65,19,46,69,10,59,6,0,6,8,5,3,14,9,5,7,4,3,5,2,3,4,4,0,48,18,30,56,18,38,0.8319180819180818,0.1196303696303696,0.7122877122877123,0.0014985014985012999,0.0009990009990009,0.0004995004995004,0.025724275724275603,0.0079920079920079,0.0177322677322677,0.0014985014985012999,0.0009990009990009,0.0004995004995004,0.0332167832167831,0.0187312687312687,0.0144855144855144,0.0134865134865133,0.0094905094905094,0.0039960039960039,0.0007492507492506,0.0004995004995004,0.0002497502497502,0.0004995004995004,0.0002497502497502,0.0002497502497502,0.0244755244755244,0.0072427572427572,0.0172327672327672,0.0029970029970029,0.0017482517482517,0.0012487512487512,0.0004995004995004,0.0004995004995004,0.0,0.0162337662337661,0.0047452547452547,0.0114885114885114,0.0172327672327671,0.0024975024975024,0.0147352647352647,0.0014985014985014,0.0,0.0014985014985014,0.0019980019980019,0.0012487512487512,0.0007492507492507,0.0034965034965034,0.0022477522477522,0.0012487512487512,0.0017482517482516,0.0009990009990009,0.0007492507492507,0.0012487512487511,0.0004995004995004,0.0007492507492507,0.0009990009990009,0.0009990009990009,0.0,0.0119880119880118,0.0044955044955044,0.0074925074925074,0.0139860139860138,0.0044955044955044,0.0094905094905094,742
2024-05-01,2024,5,3743,595,3148,10,5,5,132,36,96,5,3,2,235,128,107,70,47,23,1,0,1,0,0,0,112,22,90,14,10,4,0,0,0,60,18,42,93,28,65,4,1,3,1,1,0,6,4,2,11,5,6,11,1,10,4,2,2,40,11,29,80,12,68,0.8145810663764962,0.1294885745375408,0.6850924918389554,0.002176278563656,0.001088139281828,0.001088139281828,0.028726877040261098,0.0078346028291621,0.020892274211099,0.001088139281828,0.0006528835690968,0.0004352557127312,0.051142546245919296,0.0278563656147986,0.0232861806311207,0.015233949945592901,0.0102285092491838,0.0050054406964091,0.0002176278563656,0.0,0.0002176278563656,0.0,0.0,0.0,0.0243743199129488,0.0047878128400435,0.0195865070729053,0.0030467899891185,0.0021762785636561,0.0008705114254624,0.0,0.0,0.0,0.013057671381936801,0.003917301414581,0.0091403699673558,0.0202393906420021,0.0060935799782372,0.0141458106637649,0.0008705114254624,0.0002176278563656,0.0006528835690968,0.0002176278563656,0.0002176278563656,0.0,0.0013057671381936,0.0008705114254624,0.0004352557127312,0.0023939064200216003,0.001088139281828,0.0013057671381936,0.0023939064200217,0.0002176278563656,0.0021762785636561,0.0008705114254624,0.0004352557127312,0.0004352557127312,0.0087051142546245,0.0023939064200217,0.0063112078346028,0.0174102285092491,0.0026115342763873,0.0147986942328618,906
2024-06-01,2024,6,2731,453,2278,3,1,2,61,13,48,5,4,1,73,39,34,34,25,9,1,0,1,2,2,0,81,20,61,16,15,1,0,0,0,47,27,20,44,24,20,4,0,4,1,1,0,6,5,1,8,6,2,1,0,1,4,3,1,26,9,17,50,11,39,0.8582652419861723,0.1423632935260842,0.715901948460088,0.0009428032683846,0.0003142677561282,0.0006285355122564,0.0191703331238214,0.0040854808296668,0.0150848522941546,0.001571338780641,0.0012570710245128,0.0003142677561282,0.0229415461973601,0.0122564424890006,0.0106851037083595,0.0106851037083594,0.0078566939032055,0.0028284098051539,0.0003142677561282,0.0,0.0003142677561282,0.0006285355122564,0.0006285355122564,0.0,0.025455688246385798,0.0062853551225644,0.0191703331238214,0.0050282840980515,0.0047140163419233,0.0003142677561282,0.0,0.0,0.0,0.0147705845380263,0.0084852294154619,0.0062853551225644,0.013827781269641699,0.0075424261470773,0.0062853551225644,0.0012570710245128,0.0,0.0012570710245128,0.0003142677561282,0.0003142677561282,0.0,0.0018856065367693,0.0015713387806411,0.0003142677561282,0.0025141420490256998,0.0018856065367693,0.0006285355122564,0.0003142677561282,0.0,0.0003142677561282,0.0012570710245128,0.0009428032683846,0.0003142677561282,0.0081709616593336,0.0028284098051539,0.0053425518541797,0.015713387806411,0.0034569453174104,0.0122564424890006,648
2024-07-01,2024,7,3220,445,2775,0,0,0,61,18,43,2,0,2,73,48,25,38,26,12,2,1,1,0,0,0,77,15,62,49,43,6,1,1,0,78,19,59,63,18,45,5,0,5,5,5,0,0,0,0,19,11,8,7,0,7,3,1,2,41,12,29,42,11,31,0.8538849111641473,0.1180058339962874,0.7358790771678599,0.0,0.0,0.0,0.0161760806152213,0.0047732696897374,0.0114028109254839,0.0005303632988597,0.0,0.0005303632988597,0.0193582604083796,0.0127287191726332,0.0066295412357464,0.0100769026783346,0.0068947228851763,0.0031821797931583,0.0005303632988596,0.0002651816494298,0.0002651816494298,0.0,0.0,0.0,0.020418987006099,0.0039777247414478,0.0164412622646512,0.012993900822063,0.0114028109254839,0.0015910898965791,0.0002651816494298,0.0002651816494298,0.0,0.020684168655529002,0.0050384513391673,0.0156457173163617,0.016706443914081,0.0047732696897374,0.0119331742243436,0.0013259082471492,0.0,0.0013259082471492,0.0013259082471492,0.0013259082471492,0.0,0.0,0.0,0.0,0.0050384513391672,0.0029169981437284,0.0021214531954388,0.001856271546009,0.0,0.001856271546009,0.0007955449482894999,0.0002651816494298,0.0005303632988597,0.0108724476266242,0.0031821797931583,0.0076902678334659,0.011137629276053999,0.0029169981437284,0.0082206311323256,665
2024-08-01,2024,8,3257,503,2754,6,4,2,64,19,45,6,3,3,89,58,31,36,17,19,1,0,1,0,0,0,62,19,43,37,25,12,3,1,2,70,21,49,72,29,43,2,2,0,6,6,0,3,3,0,10,8,2,5,0,5,0,0,0,30,8,22,47,15,32,0.8611845584346907,0.1329984135378107,0.7281861448968799,0.0015864621893178,0.0010576414595452,0.0005288207297726,0.016922263352723302,0.0050237969328397,0.0118984664198836,0.0015864621893178,0.0007932310946589,0.0007932310946589,0.023532522474881,0.0153358011634056,0.0081967213114754,0.009518773135906801,0.0044949762030671,0.0050237969328397,0.0002644103648863,0.0,0.0002644103648863,0.0,0.0,0.0,0.0163934426229507,0.0050237969328397,0.011369645690111,0.009783183500793099,0.0066102591221575,0.0031729243786356,0.0007932310946589,0.0002644103648863,0.0005288207297726,0.0185087255420411,0.0055526176626123,0.0129561078794288,0.0190375462718138,0.0076679005817028,0.011369645690111,0.0005288207297726,0.0005288207297726,0.0,0.0015864621893178,0.0015864621893178,0.0,0.0007932310946589,0.0007932310946589,0.0,0.0026441036488630003,0.0021152829190904,0.0005288207297726,0.0013220518244315,0.0,0.0013220518244315,0.0,0.0,0.0,0.007932310946589,0.0021152829190904,0.0058170280274986,0.0124272871496562,0.0039661554732945,0.0084611316763617,727
2024-09-01,2024,9,2801,498,2303,1,1,0,147,28,119,9,5,4,228,131,97,120,75,45,1,1,0,0,0,0,138,12,126,45,43,2,3,1,2,111,31,80,134,46,88,8,1,7,2,2,0,3,1,2,28,16,12,14,3,11,5,3,2,23,7,16,71,17,54,0.7303780964797915,0.1298565840938722,0.6005215123859192,0.0002607561929595,0.0002607561929595,0.0,0.0383311603650586,0.0073011734028683,0.0310299869621903,0.0023468057366362,0.0013037809647979,0.0010430247718383,0.0594524119947848,0.0341590612777053,0.0252933507170795,0.0312907431551499,0.0195567144719687,0.0117340286831812,0.0002607561929595,0.0002607561929595,0.0,0.0,0.0,0.0,0.0359843546284223,0.0031290743155149,0.0328552803129074,0.0117340286831811,0.011212516297262,0.0005215123859191,0.0007822685788786,0.0002607561929595,0.0005215123859191,0.028943937418513598,0.008083441981747,0.0208604954367666,0.034941329856584005,0.0119947848761408,0.0229465449804432,0.0020860495436765,0.0002607561929595,0.001825293350717,0.0005215123859191,0.0005215123859191,0.0,0.0007822685788786,0.0002607561929595,0.0005215123859191,0.0073011734028682,0.0041720990873533,0.0031290743155149,0.0036505867014341,0.0007822685788787,0.0028683181225554,0.0013037809647977999,0.0007822685788787,0.0005215123859191,0.0059973924380703,0.001825293350717,0.0041720990873533,0.0185136897001303,0.0044328552803129,0.0140808344198174,894
2024-10-01,2024,10,3740,689,3051,7,2,5,196,25,171,20,11,9,152,82,70,121,55,66,3,3,0,1,0,1,154,21,133,133,125,8,12,12,0,111,44,67,158,53,105,6,1,5,5,2,3,3,1,2,39,20,19,12,0,12,10,3,7,28,11,17,51,13,38,0.7617107942973523,0.140325865580448,0.6213849287169043,0.0014256619144602002,0.00040733197556,0.0010183299389002,0.0399185336048879,0.005091649694501,0.0348268839103869,0.0040733197556007,0.0022403258655804,0.0018329938900203,0.0309572301425661,0.0167006109979633,0.0142566191446028,0.0246435845213848,0.0112016293279022,0.0134419551934826,0.0006109979633401,0.0006109979633401,0.0,0.00020366598778,0.0,0.00020366598778,0.0313645621181262,0.0042769857433808,0.0270875763747454,0.0270875763747453,0.025458248472505,0.0016293279022403,0.0024439918533604,0.0024439918533604,0.0,0.0226069246435844,0.0089613034623217,0.0136456211812627,0.0321792260692463,0.0107942973523421,0.0213849287169042,0.0012219959266802,0.00020366598778,0.0010183299389002,0.0010183299389001001,0.00040733197556,0.0006109979633401,0.0006109979633400001,0.00020366598778,0.00040733197556,0.0079429735234215,0.0040733197556008,0.0038696537678207,0.0024439918533604,0.0,0.0024439918533604,0.0020366598778003,0.0006109979633401,0.0014256619144602,0.005702647657841,0.0022403258655804,0.0034623217922606,0.010386965376782,0.0026476578411405,0.0077393075356415,1151
2024-11-01,2024,11,3165,619,2546,6,3,3,230,66,164,14,4,10,146,74,72,169,95,74,1,1,0,2,2,0,143,20,123,75,71,4,1,1,0,142,52,90,174,55,119,4,2,2,2,2,0,7,5,2,54,46,8,23,0,23,7,4,3,41,4,37,87,5,82,0.7194817003864513,0.1407137985905887,0.5787679017958627,0.0013639463514434,0.0006819731757217,0.0006819731757217,0.0522846101386678,0.0150034098658786,0.0372812002727892,0.0031825414867015,0.000909297567629,0.0022732439190725,0.033189361218458696,0.0168220050011366,0.0163673562173221,0.038417822232325496,0.0215958172311889,0.0168220050011366,0.0002273243919072,0.0002273243919072,0.0,0.0004546487838145,0.0004546487838145,0.0,0.032507388042736896,0.004546487838145,0.0279609002045919,0.0170493293930438,0.0161400318254148,0.000909297567629,0.0002273243919072,0.0002273243919072,0.0,0.032280063650829596,0.011820868379177,0.0204591952716526,0.0395544441918617,0.0125028415548988,0.0270516026369629,0.000909297567629,0.0004546487838145,0.0004546487838145,0.0004546487838145,0.0004546487838145,0.0,0.0015912707433507,0.0011366219595362,0.0004546487838145,0.0122755171629915,0.0104569220277335,0.001818595135258,0.0052284610138667,0.0,0.0052284610138667,0.0015912707433507,0.000909297567629,0.0006819731757217,0.009320300068197299,0.000909297567629,0.0084110025005683,0.019777222095930802,0.0011366219595362,0.0186406001363946,1071
2024-12-01,2024,12,3063,485,2578,1,0,1,122,35,87,5,3,2,78,45,33,64,34,30,4,4,0,0,0,0,125,15,110,21,13,8,7,4,3,93,40,53,89,37,52,5,2,3,2,2,0,9,6,3,27,26,1,2,0,2,5,3,2,19,2,17,40,10,30,0.8187650360866079,0.1296444800855386,0.6891205560010693,0.0002673082063619,0.0,0.0002673082063619,0.032611601176155997,0.0093557872226677,0.0232558139534883,0.0013365410318096,0.0008019246190858,0.0005346164127238,0.0208500400962308,0.012028869286287,0.0088211708099438,0.0171077252071638,0.0090884790163058,0.008019246190858,0.0010692328254477,0.0010692328254477,0.0,0.0,0.0,0.0,0.0334135257952418,0.004009623095429,0.0294039026998128,0.0056134723336005,0.0034750066827051,0.0021384656508954,0.0018711574445334999,0.0010692328254477,0.0008019246190858,0.0248596631916599,0.0106923282544774,0.0141673349371825,0.0237904303662122,0.0098904036353916,0.0139000267308206,0.0013365410318096,0.0005346164127238,0.0008019246190858,0.0005346164127238,0.0005346164127238,0.0,0.0024057738572574,0.0016038492381716,0.0008019246190858,0.0072173215717721995,0.0069500133654103,0.0002673082063619,0.0005346164127238,0.0,0.0005346164127238,0.0013365410318096,0.0008019246190858,0.0005346164127238,0.005078855920876701,0.0005346164127238,0.0045442395081529,0.010692328254477301,0.0026730820636193,0.008019246190858,744
2025-01-01,2025,1,3177,475,2702,2,2,0,132,31,101,4,2,2,106,58,48,78,37,41,2,2,0,2,0,2,92,16,76,14,12,2,0,0,0,109,41,68,87,20,67,5,1,4,4,4,0,2,1,1,23,16,7,0,0,0,6,5,1,36,5,31,74,14,60,0.8123242137560726,0.1214523139861927,0.6908718997698798,0.0005113781641523,0.0005113781641523,0.0,0.033750958834057695,0.007926361544362,0.0258245972896957,0.0010227563283046,0.0005113781641523,0.0005113781641523,0.0271030427000766,0.0148299667604193,0.0122730759396573,0.019943748401943198,0.0094604960368192,0.010483252365124,0.0005113781641523,0.0005113781641523,0.0,0.0005113781641523,0.0,0.0005113781641523,0.0235233955510099,0.0040910253132191,0.0194323702377908,0.0035796471490666002,0.0030682689849143,0.0005113781641523,0.0,0.0,0.0,0.027870109946305198,0.010483252365124,0.0173868575811812,0.0222449501406289,0.0051137816415239,0.017131168499105,0.0012784454103807999,0.0002556890820761,0.0010227563283047,0.0010227563283047,0.0010227563283047,0.0,0.0005113781641522,0.0002556890820761,0.0002556890820761,0.0058808488877523995,0.0040910253132191,0.0017898235745333,0.0,0.0,0.0,0.001534134492457,0.0012784454103809,0.0002556890820761,0.0092048069547429,0.0012784454103809,0.007926361544362,0.0189209920736384,0.0035796471490667,0.0153413449245717,726
2025-02-01,2025,2,3450,543,2907,2,1,1,121,16,105,2,1,1,111,72,39,61,21,40,3,2,1,6,3,3,69,1,68,18,13,5,1,1,0,106,49,57,78,25,53,1,0,1,5,4,1,2,0,2,16,9,7,8,3,5,10,5,5,46,10,36,96,13,83,0.8245697896749522,0.1297801147227533,0.6947896749521989,0.0004780114722752,0.0002390057361376,0.0002390057361376,0.0289196940726576,0.0038240917782026,0.025095602294455,0.0004780114722752,0.0002390057361376,0.0002390057361376,0.026529636711281,0.017208413001912,0.009321223709369,0.0145793499043976,0.005019120458891,0.0095602294455066,0.0007170172084129,0.0004780114722753,0.0002390057361376,0.001434034416826,0.000717017208413,0.000717017208413,0.0164913957934989,0.0002390057361376,0.0162523900573613,0.0043021032504779,0.0031070745697896,0.0011950286806883,0.0002390057361376,0.0002390057361376,0.0,0.0253346080305926,0.0117112810707456,0.013623326959847,0.018642447418737898,0.0059751434034416,0.0126673040152963,0.0002390057361376,0.0,0.0002390057361376,0.0011950286806882,0.0009560229445506,0.0002390057361376,0.0004780114722753,0.0,0.0004780114722753,0.0038240917782026004,0.002151051625239,0.0016730401529636,0.0019120458891013002,0.000717017208413,0.0011950286806883,0.0023900573613766,0.0011950286806883,0.0011950286806883,0.0109942638623326,0.0023900573613766,0.008604206500956,0.0229445506692159,0.0031070745697896,0.0198374760994263,782
2025-03-01,2025,3,3736,613,3123,2,1,1,121,16,105,2,1,1,146,86,60,88,53,35,1,1,0,1,0,1,128,28,100,9,2,7,1,1,0,97,40,57,63,15,48,2,0,2,0,0,0,4,0,4,33,24,9,8,1,7,12,9,3,24,10,14,59,5,54,0.8302222222222222,0.1362222222222222,0.694,0.0004444444444444,0.0002222222222222,0.0002222222222222,0.0268888888888888,0.0035555555555555,0.0233333333333333,0.0004444444444444,0.0002222222222222,0.0002222222222222,0.0324444444444444,0.0191111111111111,0.0133333333333333,0.0195555555555554,0.0117777777777777,0.0077777777777777,0.0002222222222222,0.0002222222222222,0.0,0.0002222222222222,0.0,0.0002222222222222,0.028444444444444397,0.0062222222222222,0.0222222222222222,0.0019999999999999,0.0004444444444444,0.0015555555555555,0.0002222222222222,0.0002222222222222,0.0,0.0215555555555554,0.0088888888888888,0.0126666666666666,0.013999999999999901,0.0033333333333333,0.0106666666666666,0.0004444444444444,0.0,0.0004444444444444,0.0,0.0,0.0,0.0008888888888888,0.0,0.0008888888888888,0.0073333333333333,0.0053333333333333,0.002,0.0017777777777777,0.0002222222222222,0.0015555555555555,0.0026666666666666002,0.002,0.0006666666666666,0.0053333333333333,0.0022222222222222,0.0031111111111111,0.013111111111111101,0.0011111111111111,0.012,882
2025-04-01,2025,4,3210,545,2665,2,0,2,90,16,74,1,0,1,140,99,41,47,26,21,0,0,0,0,0,0,111,45,66,14,7,7,0,0,0,86,34,52,79,20,59,2,0,2,4,3,1,1,1,0,21,10,11,5,0,5,5,1,4,21,6,15,65,6,59,0.8180428134556574,0.1388888888888889,0.6791539245667686,0.0005096839959225,0.0,0.0005096839959225,0.0229357798165137,0.0040774719673802,0.0188583078491335,0.0002548419979612,0.0,0.0002548419979612,0.0356778797145769,0.0252293577981651,0.0104485219164118,0.0119775739041793,0.0066258919469928,0.0053516819571865,0.0,0.0,0.0,0.0,0.0,0.0,0.0282874617737002,0.0114678899082568,0.0168195718654434,0.0035677879714576,0.0017838939857288,0.0017838939857288,0.0,0.0,0.0,0.0219164118246686,0.0086646279306829,0.0132517838939857,0.020132517838939698,0.0050968399592252,0.0150356778797145,0.0005096839959225,0.0,0.0005096839959225,0.0010193679918449,0.0007645259938837,0.0002548419979612,0.0002548419979612,0.0002548419979612,0.0,0.0053516819571865,0.0025484199796126,0.0028032619775739,0.0012742099898063,0.0,0.0012742099898063,0.0012742099898062,0.0002548419979612,0.001019367991845,0.0053516819571864,0.0015290519877675,0.0038226299694189,0.016564729867482,0.0015290519877675,0.0150356778797145,809
2025-05-01,2025,5,1982,324,1658,0,0,0,84,21,63,1,0,1,84,50,34,48,23,25,0,0,0,3,3,0,117,14,103,6,5,1,0,0,0,57,31,26,33,15,18,4,1,3,1,1,0,1,0,1,13,8,5,0,0,0,7,6,1,9,4,5,38,8,30,0.592172094412907,0.096803107260233,0.495368987152674,0.0,0.0,0.0,0.0250971018822825,0.0062742754705706,0.0188228264117119,0.0002987750224081,0.0,0.0002987750224081,0.025097101882282598,0.0149387511204063,0.0101583507618763,0.014341201075590001,0.0068718255153869,0.0074693755602031,0.0,0.0,0.0,0.0008963250672243,0.0008963250672243,0.0,0.0349566776217507,0.0041828503137137,0.030773827308037,0.0017926501344487,0.0014938751120406,0.0002987750224081,0.0,0.0,0.0,0.017030176277263102,0.0092620256946519,0.0077681505826112,0.0098595757394681,0.0044816253361219,0.0053779504033462,0.0011951000896324,0.0002987750224081,0.0008963250672243,0.0002987750224081,0.0002987750224081,0.0,0.0002987750224081,0.0,0.0002987750224081,0.0038840752913056,0.002390200179265,0.0014938751120406,0.0,0.0,0.0,0.0020914251568568,0.0017926501344487,0.0002987750224081,0.0026889752016731,0.0011951000896325,0.0014938751120406,0.011353450851508799,0.002390200179265,0.0089632506722438,498
2025-06-01,2025,6,1623,347,1276,4,3,1,98,18,80,1,1,0,61,36,25,47,22,25,0,0,0,1,0,1,67,7,60,1,1,0,0,0,0,56,17,39,29,12,17,1,1,0,1,0,1,3,3,0,12,9,3,1,1,0,4,3,1,7,1,6,18,4,14,0.5657023353084697,0.1209480655280585,0.4447542697804112,0.0013942140118508,0.0010456605088881,0.0003485535029627,0.0341582432903449,0.0062739630533286,0.0278842802370163,0.0003485535029627,0.0003485535029627,0.0,0.0212617636807249,0.0125479261066573,0.0087138375740676,0.0163820146392471,0.0076681770651795,0.0087138375740676,0.0,0.0,0.0,0.0003485535029627,0.0,0.0003485535029627,0.0233530846985011,0.0024398745207389,0.0209132101777622,0.0003485535029627,0.0003485535029627,0.0,0.0,0.0,0.0,0.019518996165911302,0.0059254095503659,0.0135935866155454,0.0101080515859183,0.0041826420355524,0.0059254095503659,0.0003485535029627,0.0003485535029627,0.0,0.0003485535029627,0.0,0.0003485535029627,0.0010456605088881,0.0010456605088881,0.0,0.0041826420355524,0.0031369815266643,0.0010456605088881,0.0003485535029627,0.0003485535029627,0.0,0.0013942140118508,0.0010456605088881,0.0003485535029627,0.0024398745207388998,0.0003485535029627,0.0020913210177762,0.006273963053328601,0.0013942140118508,0.0048797490414778,469
2025-07-01,2025,7,1853,304,1549,3,2,1,97,21,76,3,1,2,50,29,21,61,34,27,0,0,0,0,0,0,117,12,105,2,2,0,1,1,0,54,11,43,42,9,33,1,1,0,2,1,1,0,0,0,15,13,2,2,0,2,0,0,0,31,5,26,41,7,34,0.5735066542865985,0.0940885174868461,0.4794181367997524,0.000928505106778,0.0006190034045187,0.0003095017022593,0.030021665119158103,0.0064995357474466,0.0235221293717115,0.000928505106778,0.0003095017022593,0.0006190034045187,0.0154750851129681,0.0089755493655215,0.0064995357474466,0.018879603837821002,0.0105230578768183,0.0083565459610027,0.0,0.0,0.0,0.0,0.0,0.0,0.0362116991643453,0.0037140204271123,0.032497678737233,0.0006190034045187,0.0006190034045187,0.0,0.0003095017022593,0.0003095017022593,0.0,0.0167130919220054,0.0034045187248529,0.0133085731971525,0.0129990714948931,0.0027855153203342,0.0102135561745589,0.0003095017022593,0.0003095017022593,0.0,0.0006190034045186,0.0003095017022593,0.0003095017022593,0.0,0.0,0.0,0.0046425255338903995,0.0040235221293717,0.0006190034045187,0.0006190034045187,0.0,0.0006190034045187,0.0,0.0,0.0,0.0095945527700402,0.0015475085112968,0.0080470442587434,0.0126895697926338,0.0021665119158155,0.0105230578768183,437
2025-08-01,2025,8,1712,283,1429,0,0,0,85,22,63,6,2,4,56,26,30,60,32,28,0,0,0,0,0,0,63,11,52,9,6,3,1,1,0,63,30,33,49,13,36,3,0,3,4,3,1,1,0,1,11,6,5,3,2,1,2,0,2,10,3,7,39,4,35,0.5725752508361204,0.0946488294314381,0.4779264214046823,0.0,0.0,0.0,0.0284280936454848,0.0073578595317725,0.0210702341137123,0.0020066889632106002,0.0006688963210702,0.0013377926421404,0.0187290969899665,0.008695652173913,0.0100334448160535,0.0200668896321069,0.0107023411371237,0.0093645484949832,0.0,0.0,0.0,0.0,0.0,0.0,0.0210702341137122,0.0036789297658862,0.017391304347826,0.0030100334448159996,0.0020066889632107,0.0010033444816053,0.0003344481605351,0.0003344481605351,0.0,0.0210702341137123,0.0100334448160535,0.0110367892976588,0.0163879598662207,0.0043478260869565,0.0120401337792642,0.0010033444816053,0.0,0.0010033444816053,0.0013377926421403999,0.0010033444816053,0.0003344481605351,0.0003344481605351,0.0,0.0003344481605351,0.0036789297658862,0.0020066889632107,0.0016722408026755,0.0010033444816053001,0.0006688963210702,0.0003344481605351,0.0006688963210702,0.0,0.0006688963210702,0.0033444816053511,0.0010033444816053,0.0023411371237458,0.013043478260869401,0.0013377926421404,0.011705685618729,424
2025-09-01,2025,9,1880,277,1603,5,5,0,106,26,80,3,0,3,102,63,39,75,36,39,0,0,0,0,0,0,68,10,58,8,5,3,0,0,0,72,22,50,49,12,37,2,0,2,2,2,0,2,2,0,5,2,3,3,2,1,6,5,1,13,4,9,33,8,25,0.5678042887345212,0.0836605255209906,0.4841437632135306,0.0015101177891875,0.0015101177891875,0.0,0.0320144971307761,0.0078526125037752,0.0241618846270009,0.0009060706735125,0.0,0.0009060706735125,0.0308064028994261,0.0190274841437632,0.0117789187556629,0.0226517668378133,0.0108728480821504,0.0117789187556629,0.0,0.0,0.0,0.0,0.0,0.0,0.020537601932950702,0.0030202355783751,0.0175173663545756,0.0024161884627,0.0015101177891875,0.0009060706735125,0.0,0.0,0.0,0.0217456961643007,0.0066445182724252,0.0151011778918755,0.014799154334038,0.0036242826940501,0.0111748716399879,0.000604047115675,0.0,0.000604047115675,0.000604047115675,0.000604047115675,0.0,0.000604047115675,0.000604047115675,0.0,0.0015101177891875001,0.000604047115675,0.0009060706735125,0.0009060706735125,0.000604047115675,0.0003020235578375,0.0018121413470249999,0.0015101177891875,0.0003020235578375,0.0039263062518876,0.00120809423135,0.0027182120205376,0.0099667774086377,0.0024161884627,0.0075505889459377,463
2025-10-01,2025,10,1616,264,1352,2,2,0,85,29,56,6,0,6,40,23,17,56,34,22,0,0,0,3,1,2,46,11,35,4,4,0,0,0,0,59,21,38,35,16,19,0,0,0,1,0,1,3,2,1,5,3,2,2,0,2,2,2,0,11,4,7,29,5,24,0.4473975636766334,0.0730897009966777,0.3743078626799557,0.0005537098560354,0.0005537098560354,0.0,0.023532668881506,0.0080287929125138,0.0155038759689922,0.0016611295681063,0.0,0.0016611295681063,0.011074197120708701,0.0063676633444075,0.0047065337763012,0.0155038759689922,0.0094130675526024,0.0060908084163898,0.0,0.0,0.0,0.0008305647840531,0.0002768549280177,0.0005537098560354,0.012735326688815,0.0030454042081949,0.0096899224806201,0.0011074197120708,0.0011074197120708,0.0,0.0,0.0,0.0,0.0163344407530453,0.005813953488372,0.0105204872646733,0.00968992248062,0.0044296788482834,0.0052602436323366,0.0,0.0,0.0,0.0002768549280177,0.0,0.0002768549280177,0.0008305647840531,0.0005537098560354,0.0002768549280177,0.0013842746400885,0.0008305647840531,0.0005537098560354,0.0005537098560354,0.0,0.0005537098560354,0.0005537098560354,0.0005537098560354,0.0,0.0030454042081947998,0.0011074197120708,0.001937984496124,0.0080287929125137,0.0013842746400885,0.0066445182724252,401
2025-11-01,2025,11,1009,158,851,0,0,0,35,12,23,2,1,1,50,30,20,30,14,16,0,0,0,1,0,1,20,13,7,2,1,1,0,0,0,27,10,17,30,7,23,2,1,1,1,0,1,2,1,1,6,4,2,2,0,2,1,1,0,7,1,6,11,1,10,0.349740034662045,0.0547660311958405,0.2949740034662045,0.0,0.0,0.0,0.0121317157712304,0.004159445407279,0.0079722703639514,0.000693240901213,0.0003466204506065,0.0003466204506065,0.0173310225303292,0.0103986135181975,0.0069324090121317,0.0103986135181975,0.0048526863084922,0.0055459272097053,0.0,0.0,0.0,0.0003466204506065,0.0,0.0003466204506065,0.006932409012131701,0.0045060658578856,0.0024263431542461,0.000693240901213,0.0003466204506065,0.0003466204506065,0.0,0.0,0.0,0.009358752166377701,0.0034662045060658,0.0058925476603119,0.0103986135181975,0.0024263431542461,0.0079722703639514,0.000693240901213,0.0003466204506065,0.0003466204506065,0.0003466204506065,0.0,0.0003466204506065,0.000693240901213,0.0003466204506065,0.0003466204506065,0.0020797227036394,0.0013864818024263,0.0006932409012131,0.0006932409012131,0.0,0.0006932409012131,0.0003466204506065,0.0003466204506065,0.0,0.0024263431542459997,0.0003466204506065,0.0020797227036395,0.0038128249566723,0.0003466204506065,0.0034662045060658,247
2025-12-01,2025,12,1127,171,956,4,3,1,44,12,32,1,0,1,31,16,15,19,13,6,0,0,0,0,0,0,28,6,22,6,6,0,0,0,0,25,11,14,20,4,16,1,0,1,1,0,1,3,1,2,7,5,2,3,0,3,5,5,0,5,2,3,11,5,6,0.31908267270668167,0.04841449603624,0.2706681766704417,0.001132502831257,0.0008493771234428,0.0002831257078142,0.0124575311438278,0.0033975084937712,0.0090600226500566,0.0002831257078142,0.0,0.0002831257078142,0.0087768969422423,0.0045300113250283,0.004246885617214,0.0053793884484711,0.0036806342015855,0.0016987542468856,0.0,0.0,0.0,0.0,0.0,0.0,0.0079275198187995,0.0016987542468856,0.0062287655719139,0.0016987542468856,0.0016987542468856,0.0,0.0,0.0,0.0,0.0070781426953566,0.0031143827859569,0.0039637599093997,0.005662514156285299,0.001132502831257,0.0045300113250283,0.0002831257078142,0.0,0.0002831257078142,0.0002831257078142,0.0,0.0002831257078142,0.0008493771234427,0.0002831257078142,0.0005662514156285,0.0019818799546998,0.0014156285390713,0.0005662514156285,0.0008493771234428,0.0,0.0008493771234428,0.0014156285390713,0.0014156285390713,0.0,0.0014156285390713001,0.0005662514156285,0.0008493771234428,0.0031143827859569,0.0014156285390713,0.0016987542468856,255
2026-01-01,2026,1,1021,192,829,1,1,0,38,9,29,3,3,0,14,6,8,24,16,8,0,0,0,1,0,1,22,4,18,8,6,2,0,0,0,28,11,17,16,6,10,1,1,0,2,1,1,3,1,2,10,4,6,2,1,1,2,1,1,16,9,7,12,3,9,0.2873627920067548,0.0540388404165494,0.2333239515902054,0.0002814522938361,0.0002814522938361,0.0,0.0106951871657753,0.0025330706445257,0.0081621165212496,0.0008443568815085,0.0008443568815085,0.0,0.0039403321137066,0.0016887137630171,0.0022516183506895,0.0067548550520686,0.0045032367013791,0.0022516183506895,0.0,0.0,0.0,0.0002814522938361,0.0,0.0002814522938361,0.0061919504643962,0.0011258091753447,0.0050661412890515,0.0022516183506893998,0.0016887137630171,0.0005629045876723,0.0,0.0,0.0,0.0078806642274134,0.0030959752321981,0.0047846889952153,0.004503236701379,0.0016887137630171,0.0028145229383619,0.0002814522938361,0.0002814522938361,0.0,0.0005629045876722,0.0002814522938361,0.0002814522938361,0.0008443568815084,0.0002814522938361,0.0005629045876723,0.0028145229383618,0.0011258091753447,0.0016887137630171,0.0005629045876722,0.0002814522938361,0.0002814522938361,0.0005629045876722,0.0002814522938361,0.0002814522938361,0.004503236701379,0.0025330706445257,0.0019701660568533,0.0033774275260342,0.0008443568815085,0.0025330706445257,268
2026-02-01,2026,2,1178,198,980,0,0,0,32,10,22,1,1,0,26,9,17,20,11,9,0,0,0,0,0,0,32,7,25,7,7,0,0,0,0,33,8,25,28,13,15,1,1,0,3,3,0,0,0,0,6,4,2,1,0,1,3,3,0,15,5,10,16,3,13,0.3367638650657518,0.0566037735849056,0.2801600914808462,0.0,0.0,0.0,0.0091480846197827,0.0028587764436821,0.0062893081761006,0.0002858776443682,0.0002858776443682,0.0,0.0074328187535733,0.0025728987993138,0.0048599199542595,0.0057175528873641,0.0031446540880503,0.0025728987993138,0.0,0.0,0.0,0.0,0.0,0.0,0.009148084619782601,0.0020011435105774,0.0071469411092052,0.0020011435105774,0.0020011435105774,0.0,0.0,0.0,0.0,0.009433962264150799,0.0022870211549456,0.0071469411092052,0.0080045740423098,0.0037164093767867,0.0042881646655231,0.0002858776443682,0.0002858776443682,0.0,0.0008576329331046,0.0008576329331046,0.0,0.0,0.0,0.0,0.0017152658662092,0.0011435105774728,0.0005717552887364,0.0002858776443682,0.0,0.0002858776443682,0.0008576329331046,0.0008576329331046,0.0,0.0042881646655231,0.001429388221841,0.0028587764436821,0.0045740423098913,0.0008576329331046,0.0037164093767867,277
2026-03-01,2026,3,1344,245,1099,0,0,0,66,17,49,3,3,0,20,9,11,30,18,12,0,0,0,1,1,0,19,5,14,5,4,1,2,2,0,35,13,22,34,13,21,1,0,1,4,3,1,1,1,0,2,0,2,4,1,3,4,2,2,13,7,6,19,5,14,0.34665978849626,0.0631931906112974,0.2834665978849626,0.0,0.0,0.0,0.0170234717565126,0.0043848336342532,0.0126386381222594,0.0007737941707505,0.0007737941707505,0.0,0.0051586278050038,0.0023213825122517,0.0028372452927521,0.0077379417075057,0.0046427650245034,0.0030951766830023,0.0,0.0,0.0,0.0002579313902501,0.0002579313902501,0.0,0.0049006964147536,0.0012896569512509,0.0036110394635027,0.0012896569512508,0.0010317255610007,0.0002579313902501,0.0005158627805003,0.0005158627805003,0.0,0.0090275986587567,0.0033531080732525,0.0056744905855042,0.0087696672685065,0.0033531080732525,0.005416559195254,0.0002579313902501,0.0,0.0002579313902501,0.0010317255610006,0.0007737941707505,0.0002579313902501,0.0002579313902501,0.0002579313902501,0.0,0.0005158627805003,0.0,0.0005158627805003,0.0010317255610006,0.0002579313902501,0.0007737941707505,0.0010317255610006,0.0005158627805003,0.0005158627805003,0.0033531080732524003,0.0018055197317513,0.0015475883415011,0.0049006964147536,0.0012896569512509,0.0036110394635027,339
2026-04-01,2026,4,1332,209,1123,0,0,0,30,8,22,1,0,1,27,16,11,23,14,9,1,1,0,0,0,0,25,11,14,9,8,1,0,0,0,28,10,18,30,7,23,0,0,0,1,0,1,1,1,0,4,1,3,2,0,2,6,6,0,20,6,14,20,7,13,0.414307931570762,0.0650077760497667,0.3493001555209953,0.0,0.0,0.0,0.0093312597200621,0.0024883359253499,0.0068429237947122,0.0003110419906687,0.0,0.0003110419906687,0.0083981337480559,0.0049766718506998,0.0034214618973561,0.0071539657853809,0.0043545878693623,0.0027993779160186,0.0003110419906687,0.0003110419906687,0.0,0.0,0.0,0.0,0.0077760497667184,0.0034214618973561,0.0043545878693623,0.0027993779160186,0.0024883359253499,0.0003110419906687,0.0,0.0,0.0,0.008709175738724699,0.0031104199066874,0.0055987558320373,0.0093312597200621,0.0021772939346811,0.007153965785381,0.0,0.0,0.0,0.0003110419906687,0.0,0.0003110419906687,0.0003110419906687,0.0003110419906687,0.0,0.0012441679626748999,0.0003110419906687,0.0009331259720062,0.0006220839813374,0.0,0.0006220839813374,0.0018662519440124,0.0018662519440124,0.0,0.0062208398133747,0.0018662519440124,0.0043545878693623,0.0062208398133747,0.0021772939346811,0.0040435458786936,298
2026-05-01,2026,5,470,81,389,0,0,0,11,1,10,0,0,0,9,7,2,2,1,1,1,1,0,0,0,0,8,2,6,2,2,0,0,0,0,8,1,7,3,2,1,1,1,0,4,4,0,0,0,0,0,0,0,1,0,1,0,0,0,6,3,3,10,3,7,0.5032119914346895,0.0867237687366167,0.4164882226980728,0.0,0.0,0.0,0.0117773019271947,0.0010706638115631,0.0107066381156316,0.0,0.0,0.0,0.009635974304068401,0.0074946466809421,0.0021413276231263,0.0021413276231262,0.0010706638115631,0.0010706638115631,0.0010706638115631,0.0010706638115631,0.0,0.0,0.0,0.0,0.0085653104925053,0.0021413276231263,0.006423982869379,0.0021413276231263,0.0021413276231263,0.0,0.0,0.0,0.0,0.0085653104925052,0.0010706638115631,0.0074946466809421,0.0032119914346894,0.0021413276231263,0.0010706638115631,0.0010706638115631,0.0010706638115631,0.0,0.0042826552462526,0.0042826552462526,0.0,0.0,0.0,0.0,0.0,0.0,0.0,0.0010706638115631,0.0,0.0010706638115631,0.0,0.0,0.0,0.006423982869379,0.0032119914346895,0.0032119914346895,0.0107066381156316,0.0032119914346895,0.0074946466809421,109
2026-06-01,2026,6,0,0,0,0,0,0,0,0,0,0,0,0,0,0,0,0,0,0,0,0,0,0,0,0,0,0,0,0,0,0,0,0,0,0,0,0,0,0,0,0,0,0,0,0,0,0,0,0,0,0,0,0,0,0,0,0,0,0,0,0,0,0,0,,,,,,,,,,,,,,,,,,,,,,,,,,,,,,,,,,,,,,,,,,,,,,,,,,,,,,,,,,,,,,,,0
